episode,value,alpha,p,objective,profit,penalty,terminal_inventory,mean_q2,mean_abs_inventory,buy_rate,sell_rate,abstain_rate,mean_spread,mean_center,inferred_value,inferred_alpha,correct_value,correct_alpha,informed_profit,uninformed_profit,informed_exec,uninformed_exec,action_0,action_1,action_2,action_3,action_4,action_5,action_6,action_7,action_8,action_9
2000000,0.0,0.05,0.9,6.695874999999998,6.699999999999998,0.004125000000000003,-4,4.125,1.84375,0.171875,0.109375,0.0,0.5875000000000007,0.47187500000000004,0.3507514513419774,0.0505014515913426,0.0005663990326896816,0.05,-1.0,7.699999999999998,5.0,13.0,0,0,17,1,1,40,0,1,4,0
2000001,1.0,0.05,0.9,-5.324515624999995,-5.149999999999995,0.17451562500000006,-21,174.515625,11.671875,0.328125,0.0,0.0,0.5906250000000007,0.48593749999999997,0.9994973388387987,0.24673076887318474,0.9943617672445841,0.05,-1.2,-3.95,6.0,15.0,0,1,10,1,0,47,0,0,5,0
2000002,0.0,0.05,0.9,8.07603125,8.1,0.023968750000000014,-10,23.96875,4.34375,0.1875,0.03125,0.0,0.5875000000000007,0.46953125000000007,0.7820713234041404,0.050083230604827514,0.38604508956095657,0.05,-0.35,8.45,2.0,12.0,0,2,16,0,1,40,0,1,4,0
2000003,0.0,0.05,0.9,6.930921874999999,6.949999999999999,0.019078125000000005,-7,19.078125,3.921875,0.171875,0.0625,0.0,0.5781250000000006,0.48593750000000013,0.32965188970457265,0.05002590455602466,0.02116106842232707,0.05,-0.6000000000000001,7.549999999999999,3.0,12.0,0,0,14,2,1,39,0,2,6,0
2000004,1.0,0.05,0.9,-4.123249999999996,-3.9999999999999964,0.12324999999999996,-17,123.25,10.34375,0.28125,0.015625,0.0,0.5781250000000006,0.48593750000000013,0.9805000683519838,0.07036093386204967,0.9292581174147486,0.049999999999999996,-0.95,-3.0500000000000003,4.0,15.0,0,1,7,2,1,51,0,1,1,0
2000005,1.0,0.05,0.9,-1.9481562500000005,-1.9000000000000004,0.04815625000000002,-11,48.15625,6.0625,0.203125,0.03125,0.0,0.5968750000000006,0.4671875000000001,0.8706107191225988,0.05051525917354087,0.5357416559452965,0.05,-0.55,-1.3499999999999999,2.0,13.0,0,0,18,0,1,41,0,0,4,0
2000006,0.0,0.05,0.9,10.33140625,10.350000000000001,0.018593750000000003,-10,18.59375,3.34375,0.21875,0.0625,0.0,0.5843750000000005,0.4554687500000002,0.7159361771035536,0.09084378649573845,0.02595307253864432,0.05000000000000001,-0.5,10.850000000000001,4.0,14.0,0,2,21,1,0,36,0,1,3,0
2000007,1.0,0.05,0.9,-2.3218437500000007,-2.3000000000000007,0.021843750000000006,-10,21.84375,3.65625,0.171875,0.015625,0.0,0.5937500000000007,0.4835937500000001,0.8742885188975235,0.050026198654036826,0.7150176790696455,0.05,0.0,-2.3000000000000003,0.0,12.0,0,0,16,0,0,39,0,2,7,0
2000008,0.0,0.05,0.9,7.463140624999999,7.499999999999999,0.03685937500000001,-7,36.859375,5.390625,0.171875,0.0625,0.0,0.5718750000000006,0.4695312500000002,0.5501688300823072,0.05040513705715972,0.029330888089644024,0.05,-0.85,8.35,4.0,11.0,0,2,14,2,0,43,1,1,1,0
2000009,1.0,0.05,0.9,-3.0418906249999975,-2.9499999999999975,0.091890625,-16,91.890625,8.296875,0.28125,0.03125,0.0,0.5906250000000007,0.4648437500000001,0.9735929883385764,0.1138823006110267,0.8048607343859041,0.05,-1.5499999999999998,-1.4,6.0,14.0,0,2,13,0,1,48,0,0,0,0
2000010,0.0,0.05,0.9,8.441281249999998,8.449999999999998,0.008718750000000006,-7,8.71875,2.40625,0.203125,0.09375,0.015625,0.5904761904761912,0.45952380952380967,0.5071335398389674,0.05693183185899296,0.0031588746281801376,0.049999999999999996,-0.8500000000000001,9.299999999999999,5.0,14.0,1,1,18,0,0,40,0,0,3,1
2000011,0.0,0.05,0.9,4.69878125,4.699999999999999,0.0012187500000000006,-1,1.21875,0.84375,0.125,0.109375,0.0,0.5843750000000005,0.44843750000000016,0.33720585892023414,0.05004001273956565,8.626314308251586e-05,0.05,-0.8499999999999999,5.549999999999999,5.0,10.0,0,1,24,1,1,34,0,1,2,0
2000012,0.0,0.05,0.9,10.53625,10.600000000000001,0.06375000000000001,-12,63.75,7.28125,0.234375,0.046875,0.015625,0.5873015873015879,0.4642857142857144,0.7054509102485707,0.05704941569924146,0.136666997464204,0.05,-0.45,11.05,3.0,15.0,0,0,17,1,2,41,0,0,2,1
2000013,1.0,0.05,0.9,-4.320218749999999,-4.249999999999998,0.07021875000000002,-16,70.21875,7.34375,0.25,0.0,0.0,0.5875000000000007,0.4601562500000001,0.9823591910300811,0.053878932529812185,0.9673922128411002,0.04999999999999999,-0.55,-3.7000000000000006,2.0,14.0,0,2,16,1,0,44,0,0,1,0
2000014,0.0,0.05,0.9,8.388734375,8.450000000000001,0.061265625000000004,-9,61.265625,7.265625,0.203125,0.0625,0.0,0.5750000000000005,0.47890625000000003,0.7385735320197807,0.05121693603529365,0.1148701096096838,0.05,-0.6000000000000001,9.049999999999999,3.0,14.0,1,2,12,1,0,42,0,2,4,0
2000015,0.0,0.05,0.9,8.173109375,8.2,0.02689062500000001,-7,26.890625,4.890625,0.203125,0.09375,0.0,0.5812500000000005,0.46015625000000004,0.29387226210351014,0.05127360732202763,0.0018242758833962945,0.05,-0.6500000000000001,8.85,4.0,15.0,0,1,18,1,2,40,0,1,1,0
2000016,1.0,0.05,0.9,-3.312937499999996,-3.1999999999999957,0.11293750000000004,-16,112.9375,9.75,0.28125,0.03125,0.0,0.5906250000000006,0.47187500000000004,0.9610050915395931,0.08098729884489617,0.7733366372465353,0.049999999999999996,-1.2500000000000002,-1.9499999999999997,4.0,16.0,0,0,14,1,1,46,0,0,2,0
2000017,1.0,0.05,0.9,-4.169093749999996,-4.049999999999995,0.11909374999999998,-19,119.09375,9.59375,0.3125,0.015625,0.0,0.5843750000000006,0.4765625000000001,0.9962975707140763,0.19969507671294726,0.9643612228166735,0.05,-0.5999999999999999,-3.45,3.0,18.0,0,1,11,1,0,49,1,0,1,0
2000018,0.0,0.05,0.9,14.460968750000006,14.550000000000006,0.08903124999999999,-15,89.03125,8.625,0.3125,0.078125,0.015625,0.5746031746031752,0.5071428571428571,0.9872965863422296,0.2824425771903341,0.08684597801478092,0.05,-0.45,15.000000000000005,3.0,22.0,0,0,4,3,1,48,0,1,6,1
2000019,0.0,0.05,0.9,9.1371875,9.15,0.012812500000000008,-7,12.8125,2.9375,0.21875,0.109375,0.0,0.5843750000000005,0.4671875000000001,0.4700374323992051,0.07116507227795055,0.0011666833772028126,0.05000000000000001,-1.1500000000000001,10.300000000000002,6.0,15.0,0,0,17,0,4,40,0,1,2,0
2000020,1.0,0.05,0.9,-1.8769062500000022,-1.8500000000000023,0.026906250000000003,-9,26.90625,4.0,0.15625,0.015625,0.03125,0.5741935483870974,0.456451612903226,0.8886435708920447,0.05009448551213259,0.7004212059251322,0.05,-1.35,-0.5,5.0,6.0,0,1,21,3,0,33,0,1,3,2
2000021,1.0,0.05,0.9,-2.9917031250000004,-2.95,0.04170312500000003,-10,41.703125,5.734375,0.171875,0.015625,0.0,0.5875000000000006,0.4601562500000001,0.8667183949088788,0.050018275345028555,0.7265188985896449,0.05,0.0,-2.95,0.0,12.0,0,2,20,0,1,36,0,1,4,0
2000022,1.0,0.05,0.9,-0.7026874999999986,-0.6499999999999986,0.05268750000000002,-10,52.6875,6.21875,0.203125,0.046875,0.015625,0.6000000000000006,0.47857142857142865,0.6402881758867757,0.05120198886003657,0.10934580289232383,0.05000000000000001,-0.5999999999999999,-0.050000000000000044,3.0,13.0,0,0,16,0,0,40,0,0,7,1
2000023,0.0,0.05,0.9,10.498515625000003,10.550000000000002,0.05148437500000002,-13,51.484375,6.515625,0.21875,0.015625,0.0,0.5781250000000004,0.49296875000000007,0.9743252341877008,0.05192344582439202,0.9176923313318905,0.05000000000000001,0.0,10.550000000000002,0.0,15.0,0,2,9,1,0,44,0,3,5,0
2000024,0.0,0.05,0.9,12.492781250000002,12.550000000000002,0.05721875000000003,-14,57.21875,6.71875,0.265625,0.046875,0.0,0.5875000000000007,0.4789062500000002,0.9279861007500599,0.12734076493869767,0.3971318562034801,0.05,-0.4,12.950000000000003,2.0,18.0,1,0,14,0,1,42,0,1,5,0
2000025,0.0,0.05,0.9,9.081937500000002,9.100000000000001,0.018062500000000013,-8,18.0625,3.59375,0.21875,0.09375,0.0,0.5875000000000006,0.4625,0.046548132294760694,0.05029688808562181,0.0001985433890909025,0.05000000000000001,-0.65,9.75,4.0,16.0,0,0,19,1,1,40,0,1,2,0
2000026,0.0,0.05,0.9,7.085062499999999,7.1,0.014937500000000008,-7,14.9375,2.875,0.171875,0.0625,0.0,0.5906250000000006,0.4437500000000002,0.46450913460160287,0.05018660106015674,0.014685819730972337,0.049999999999999996,-0.6500000000000001,7.749999999999999,4.0,11.0,0,1,26,0,1,33,0,1,2,0
2000027,0.0,0.05,0.9,14.015218750000004,14.150000000000004,0.13478124999999996,-18,134.78125,10.4375,0.3125,0.03125,0.0,0.5875000000000006,0.48359375000000004,0.9889033671926268,0.15629504007356082,0.8980634309176552,0.05,-0.2,14.350000000000003,1.0,21.0,0,1,9,1,1,49,0,0,3,0
2000028,0.0,0.05,0.9,13.297640625000005,13.400000000000006,0.10235937499999999,-16,102.359375,8.859375,0.28125,0.03125,0.0,0.5875000000000006,0.48828125,0.9787197350440623,0.11396197189057132,0.8361268378121156,0.05,-0.2,13.600000000000005,1.0,19.0,0,2,8,0,1,48,0,1,4,0
2000029,0.0,0.05,0.9,9.013515625,9.05,0.03648437500000001,-11,36.484375,5.421875,0.203125,0.03125,0.0,0.5843750000000006,0.4718750000000001,0.689402586203303,0.050210127905638564,0.24382863126169824,0.05,-0.25,9.3,2.0,13.0,0,0,16,1,2,41,0,1,3,0
2000030,1.0,0.05,0.9,-4.127781250000001,-4.050000000000001,0.07778125,-15,77.78125,7.40625,0.234375,0.0,0.0,0.5843750000000005,0.46484375000000006,0.9848103908038867,0.05182147724305983,0.9720666377593146,0.05,-0.6499999999999999,-3.400000000000001,4.0,11.0,0,1,17,1,2,40,0,0,3,0
2000031,0.0,0.05,0.9,9.108671874999999,9.149999999999999,0.041328125000000014,-8,41.328125,5.921875,0.21875,0.09375,0.015625,0.590476190476191,0.47857142857142865,0.5378993802162387,0.059629852464327004,0.00870271323199469,0.05000000000000001,-1.0,10.15,5.0,15.0,0,0,12,0,3,45,0,0,3,1
2000032,1.0,0.05,0.9,-3.10103125,-3.0,0.10103124999999999,-16,101.03125,9.1875,0.265625,0.015625,0.0,0.5937500000000007,0.5140624999999999,0.9947537099352409,0.09529537315320133,0.9750740362967905,0.05,-0.050000000000000044,-2.9499999999999997,1.0,17.0,0,1,3,0,0,50,0,1,9,0
2000033,0.0,0.05,0.9,7.945312499999999,7.949999999999999,0.004687500000000003,-3,4.6875,1.9375,0.203125,0.15625,0.0,0.5812500000000006,0.4531250000000002,0.058139438049940366,0.06052708153078723,9.096437376999249e-07,0.049999999999999996,-1.5,9.450000000000001,10.0,13.0,0,1,20,1,3,38,0,0,1,0
2000034,1.0,0.05,0.9,-4.284249999999997,-4.149999999999997,0.13424999999999998,-18,134.25,10.59375,0.28125,0.0,0.0,0.5968750000000007,0.49765624999999997,0.9947382065850339,0.09781753990731387,0.9863696071969961,0.049999999999999996,-0.7999999999999998,-3.3500000000000005,4.0,14.0,0,0,6,0,0,53,0,1,4,0
2000035,1.0,0.05,0.9,-1.7952031249999982,-1.7499999999999982,0.045203125,-11,45.203125,6.265625,0.21875,0.046875,0.0,0.5968750000000007,0.4812500000000001,0.8122644866944325,0.05064806495595014,0.32693856922528397,0.05,-0.19999999999999996,-1.5500000000000005,1.0,16.0,0,0,14,0,1,43,0,0,6,0
2000036,1.0,0.05,0.9,-2.8164374999999993,-2.6999999999999993,0.11643749999999996,-15,116.4375,10.125,0.25,0.015625,0.0,0.5968750000000007,0.49999999999999994,0.9918596887455238,0.07382837236416617,0.9706949196986624,0.05,-1.0499999999999998,-1.65,6.0,11.0,0,0,5,0,1,53,0,0,5,0
2000037,0.0,0.05,0.9,13.270843750000001,13.350000000000001,0.07915624999999998,-15,79.15625,8.1875,0.296875,0.0625,0.0,0.5812500000000006,0.47421875000000013,0.9817251484626499,0.23167231158387486,0.37017427433766564,0.05,-0.8,14.150000000000002,4.0,19.0,1,2,10,1,0,48,0,0,2,0
2000038,1.0,0.05,0.9,-2.584624999999998,-2.4999999999999982,0.08462499999999999,-13,84.625,8.34375,0.234375,0.03125,0.0,0.5875000000000007,0.48359375,0.9389777205391143,0.0527653476637634,0.7458519545523867,0.05,-0.5999999999999999,-1.9,3.0,14.0,1,1,9,0,0,49,0,1,3,0
2000039,1.0,0.05,0.9,-4.8920156249999955,-4.699999999999996,0.19201562500000002,-22,192.015625,12.140625,0.34375,0.0,0.0,0.5906250000000006,0.49765624999999997,0.999926462270164,0.2893873652482904,0.9955759950529807,0.05,-0.95,-3.750000000000001,4.0,18.0,0,0,6,0,1,52,1,0,4,0
2000040,1.0,0.05,0.9,-4.003015625,-3.9499999999999993,0.053015625000000025,-14,53.015625,6.234375,0.21875,0.0,0.0,0.5718750000000006,0.46015625000000016,0.979003875545315,0.050666428068006544,0.963058272674347,0.049999999999999996,-0.3500000000000001,-3.6000000000000005,1.0,13.0,2,2,17,1,1,37,0,0,4,0
2000041,0.0,0.05,0.9,9.265515625,9.3,0.03448437500000001,-9,34.484375,5.265625,0.21875,0.078125,0.015625,0.5777777777777783,0.4666666666666667,0.3706818137953284,0.053078567174897284,0.00878184380492121,0.05,-0.65,9.950000000000003,4.0,15.0,0,1,16,2,0,41,0,2,1,1
2000042,1.0,0.05,0.9,-1.8046406249999982,-1.7499999999999982,0.05464062500000002,-14,54.640625,5.390625,0.265625,0.046875,0.03125,0.5774193548387102,0.4685483870967744,0.8539516300873561,0.11189069119626285,0.21927396038891786,0.05,-0.3999999999999999,-1.3499999999999999,2.0,18.0,0,0,15,2,3,40,0,0,2,2
2000043,0.0,0.05,0.9,8.8929375,8.9,0.007062500000000001,-7,7.0625,1.8125,0.21875,0.109375,0.0,0.5843750000000006,0.45078125000000013,0.0905879117429628,0.05208089168568767,9.668003588508473e-05,0.05,-0.55,9.45,5.0,16.0,0,2,21,1,1,37,0,0,2,0
2000044,1.0,0.05,0.9,-2.1260781250000007,-2.1000000000000005,0.02607812500000001,-10,26.078125,4.140625,0.171875,0.015625,0.0,0.5906250000000006,0.47187500000000016,0.9002888420655811,0.05006855548046115,0.7486696893347592,0.05,-0.75,-1.3499999999999999,3.0,9.0,0,2,14,0,0,44,0,1,3,0
2000045,0.0,0.05,0.9,10.35909375,10.4,0.04090625000000001,-10,40.90625,5.875,0.25,0.09375,0.0,0.5843750000000005,0.4765625000000001,0.4107602585350467,0.0691627220973293,0.005433739379715018,0.05,-0.25,10.65,2.0,20.0,0,1,11,0,2,48,1,0,1,0
2000046,1.0,0.05,0.9,-2.6970624999999986,-2.6499999999999986,0.04706250000000003,-13,47.0625,5.40625,0.21875,0.015625,0.0,0.5875000000000005,0.47187500000000004,0.9584376161104213,0.05180062786898859,0.873662107996801,0.05,-1.5,-1.1499999999999997,6.0,9.0,0,2,13,0,1,45,0,1,2,0
2000047,0.0,0.05,0.9,7.580984375,7.6,0.019015625000000008,-7,19.015625,3.578125,0.171875,0.0625,0.0,0.5812500000000006,0.4648437500000002,0.3622876826686613,0.05027491059760677,0.0098489629542133,0.049999999999999996,-0.45,8.049999999999999,3.0,12.0,0,0,19,1,2,38,0,2,2,0
2000048,1.0,0.05,0.9,-3.2054375000000004,-3.1500000000000004,0.055437500000000015,-12,55.4375,6.59375,0.1875,0.0,0.0,0.5843750000000006,0.4765625,0.9548241081209669,0.05009296088520973,0.9287759691481211,0.05,-1.1,-2.05,4.0,8.0,0,0,15,1,1,42,1,0,4,0
2000049,1.0,0.05,0.9,-4.073468749999998,-3.9999999999999982,0.07346875000000001,-15,73.46875,7.0,0.234375,0.0,0.0,0.5875000000000007,0.48359374999999993,0.9776957894850229,0.051233422402901914,0.9609550074894488,0.05,-0.5999999999999999,-3.4000000000000004,3.0,12.0,0,1,13,1,0,42,0,1,6,0
2000050,0.0,0.05,0.9,6.984703124999999,6.999999999999999,0.015296875000000008,-9,15.296875,3.171875,0.171875,0.03125,0.0,0.5812500000000005,0.4648437500000001,0.8084559753922302,0.05004062130869793,0.458951029699771,0.05,-0.55,7.55,2.0,11.0,0,3,18,1,1,35,0,0,6,0
2000051,0.0,0.05,0.9,6.9416875000000005,6.95,0.0083125,-7,8.3125,1.9375,0.171875,0.0625,0.0,0.5875000000000006,0.4578125000000001,0.3301224672625252,0.050049148281775244,0.013280766648935132,0.05,-0.65,7.6000000000000005,4.0,11.0,0,1,20,0,0,40,0,3,0,0
2000052,0.0,0.05,0.9,14.150718750000003,14.250000000000004,0.09928125000000002,-16,99.28125,9.0625,0.296875,0.046875,0.0,0.5906250000000006,0.4742187500000001,0.9792045262806096,0.24205779012132553,0.38354861795707057,0.05,-0.25,14.500000000000005,2.0,20.0,0,1,10,1,0,52,0,0,0,0
2000053,0.0,0.05,0.9,6.796265624999999,6.799999999999999,0.0037343750000000016,-4,3.734375,1.484375,0.171875,0.109375,0.015625,0.5873015873015879,0.44285714285714306,0.07972574973427578,0.05022638789275382,3.089111087767835e-05,0.05,-0.75,7.549999999999999,6.0,12.0,0,0,28,1,2,28,0,0,4,1
2000054,1.0,0.05,0.9,-3.3629062499999964,-3.2499999999999964,0.11290624999999994,-15,112.90625,9.34375,0.25,0.015625,0.0,0.5656250000000005,0.4789062500000001,0.9818168802206374,0.059463768503780136,0.9360938481096224,0.05000000000000001,-0.7999999999999999,-2.450000000000001,3.0,14.0,1,1,9,3,1,47,0,1,1,0
2000055,0.0,0.05,0.9,6.0892968750000005,6.1000000000000005,0.010703125000000008,-5,10.703125,2.984375,0.140625,0.0625,0.0,0.6000000000000006,0.4695312500000002,0.5880977999023713,0.05006060581689454,0.019936490561769382,0.05000000000000001,-0.45,6.550000000000001,3.0,10.0,0,0,19,0,0,39,0,0,6,0
2000056,1.0,0.05,0.9,-0.36789062499999964,-0.34999999999999964,0.017890625000000007,-10,17.890625,2.921875,0.234375,0.078125,0.0,0.5906250000000006,0.4531250000000002,0.8352038841766471,0.07814345981143576,0.06730452089189279,0.05,-0.44999999999999996,0.0999999999999992,3.0,17.0,0,1,23,0,2,34,0,0,4,0
2000057,1.0,0.05,0.9,-2.998625000000001,-2.950000000000001,0.048625000000000015,-13,48.625,5.78125,0.21875,0.015625,0.0,0.5906250000000006,0.4531250000000002,0.9462316149796709,0.051462292111884696,0.8417517328674692,0.05,-0.95,-2.0,4.0,11.0,0,0,21,1,0,41,0,1,0,0
2000058,0.0,0.05,0.9,6.790124999999999,6.799999999999999,0.009875000000000005,-3,9.875,2.78125,0.1875,0.140625,0.0,0.5750000000000005,0.46484375000000006,0.4395417399850159,0.0527338361492257,0.00010376353197412796,0.049999999999999996,-1.2,7.999999999999999,6.0,15.0,0,3,14,2,1,42,0,0,2,0
2000059,1.0,0.05,0.9,-3.7458124999999987,-3.6499999999999986,0.09581249999999998,-16,95.8125,8.875,0.25,0.0,0.015625,0.5904761904761912,0.4833333333333334,0.993320719469872,0.0673105785568784,0.9854292855735356,0.05,-0.95,-2.7,4.0,12.0,0,1,10,1,0,47,0,0,4,1
2000060,0.0,0.05,0.9,5.8365624999999985,5.849999999999999,0.01343750000000001,-6,13.4375,2.96875,0.140625,0.046875,0.0,0.5875000000000007,0.4460937500000002,0.756001826942286,0.050043128400658,0.11200100888164934,0.049999999999999996,-0.4,6.249999999999999,2.0,10.0,0,0,26,1,1,33,0,1,2,0
2000061,1.0,0.05,0.9,-1.5847968750000008,-1.5500000000000007,0.03479687500000001,-11,34.796875,5.015625,0.203125,0.03125,0.03125,0.5806451612903232,0.4685483870967742,0.7670166492191319,0.05132687992098777,0.3015127483082874,0.05,-0.7999999999999998,-0.75,4.0,11.0,0,1,17,1,1,37,0,2,3,2
2000062,1.0,0.05,0.9,-0.6828749999999961,-0.5999999999999961,0.08287499999999999,-15,82.875,8.28125,0.3125,0.078125,0.0,0.5906250000000007,0.490625,0.9954247210449498,0.28490850208644264,0.21244203120431027,0.049999999999999996,-0.40000000000000013,-0.1999999999999995,2.0,23.0,0,0,6,1,0,55,0,1,1,0
2000063,1.0,0.05,0.9,-3.0795624999999966,-2.9999999999999964,0.0795625,-15,79.5625,7.84375,0.25,0.015625,0.0,0.5843750000000006,0.47890625000000003,0.9372643828880681,0.057683389699230314,0.7708923407463738,0.05,-0.5999999999999999,-2.4,3.0,14.0,0,1,13,1,1,43,0,1,4,0
2000064,0.0,0.05,0.9,10.763874999999999,10.799999999999999,0.03612500000000002,-10,36.125,5.25,0.25,0.09375,0.0,0.5812500000000006,0.4648437500000001,0.07425767835025521,0.05329866885161668,0.0003456742191204285,0.05,-0.7,11.5,5.0,17.0,0,1,16,0,5,40,0,0,2,0
2000065,1.0,0.05,0.9,-0.9676093749999986,-0.8999999999999986,0.067609375,-13,67.609375,6.984375,0.28125,0.078125,0.0,0.5968750000000007,0.4695312500000002,0.9655715135339242,0.2278845480791423,0.17417925246543184,0.05,-1.15,0.25,5.0,18.0,0,0,17,0,0,43,0,1,3,0
2000066,1.0,0.05,0.9,-3.4277499999999996,-3.3499999999999996,0.07775,-13,77.75,8.125,0.203125,0.0,0.0,0.5875000000000007,0.49531250000000004,0.965526735630645,0.05021133636409094,0.9439874145641168,0.05000000000000001,0.0,-3.35,0.0,13.0,0,0,8,2,0,48,0,0,6,0
2000067,0.0,0.05,0.9,9.77809375,9.8,0.021906250000000013,-8,21.90625,4.03125,0.25,0.125,0.0,0.5843750000000006,0.4601562500000001,0.3054578204710216,0.0867006914294489,0.0001887886301489106,0.05,-0.8499999999999999,10.65,6.0,18.0,1,1,19,0,0,39,1,0,3,0
2000068,0.0,0.05,0.9,8.633218750000001,8.65,0.01678125000000001,-8,16.78125,3.3125,0.203125,0.078125,0.0,0.5781250000000006,0.4695312500000001,0.1762894279144519,0.05046323509571191,0.0023159761390204436,0.05,-0.45,9.1,3.0,15.0,1,0,15,2,1,42,0,0,3,0
2000069,1.0,0.05,0.9,-4.333156249999997,-4.1999999999999975,0.13315624999999998,-18,133.15625,10.53125,0.28125,0.0,0.0,0.5750000000000006,0.5046875,0.9967670628488294,0.10944382191501528,0.9907412958942817,0.05,-1.0499999999999998,-3.1500000000000004,6.0,12.0,0,0,3,3,0,53,0,2,3,0
2000070,0.0,0.05,0.9,7.744906249999998,7.749999999999998,0.005093750000000004,-5,5.09375,1.875,0.21875,0.140625,0.0,0.5843750000000006,0.46015625000000004,0.25080201679463837,0.05536863447347702,8.734841055278821e-05,0.049999999999999996,-1.8,9.55,8.0,15.0,0,0,23,1,3,31,0,0,6,0
2000071,1.0,0.05,0.9,-2.4537187499999984,-2.3999999999999986,0.053718750000000016,-14,53.71875,5.96875,0.25,0.03125,0.0,0.5750000000000006,0.47890625,0.8642542986401045,0.05665428246748844,0.4489463057646579,0.05,-0.19999999999999996,-2.2,1.0,17.0,0,4,8,2,0,47,0,0,3,0
2000072,0.0,0.05,0.9,10.771359375,10.799999999999999,0.028640625000000006,-11,28.640625,4.203125,0.25,0.078125,0.0,0.5812500000000006,0.4484375,0.0673323894745478,0.05206875622267249,0.0005027691026069836,0.05,-0.35,11.15,4.0,17.0,0,1,24,2,1,33,0,0,3,0
2000073,0.0,0.05,0.9,6.838265625,6.85,0.011734375000000009,-6,11.734375,3.015625,0.171875,0.078125,0.0,0.5812500000000006,0.4625,0.31262286948557927,0.050107359158710896,0.0042422181693886115,0.049999999999999996,-0.6500000000000001,7.5,4.0,12.0,0,2,19,1,0,37,1,0,4,0
2000074,1.0,0.05,0.9,-2.941187499999998,-2.849999999999998,0.09118749999999999,-14,91.1875,8.53125,0.234375,0.015625,0.0,0.5937500000000007,0.490625,0.9887463666430558,0.058027028457044924,0.9673328973677664,0.049999999999999996,-0.7999999999999998,-2.05,4.0,12.0,0,0,8,0,0,52,1,0,3,0
2000075,0.0,0.05,0.9,9.029765625,9.049999999999999,0.020234375000000013,-8,20.234375,3.609375,0.203125,0.078125,0.0,0.5843750000000006,0.4671875000000002,0.2595957839486082,0.051857797031092626,0.002872205587642262,0.049999999999999996,-0.7,9.750000000000002,5.0,13.0,0,0,18,2,0,40,0,1,3,0
2000076,1.0,0.05,0.9,-3.2686874999999977,-3.1999999999999975,0.06868750000000003,-14,68.6875,7.625,0.234375,0.015625,0.0,0.5937500000000007,0.4648437500000001,0.9653399339291812,0.05256353496827372,0.9022386438866724,0.05,-0.75,-2.45,3.0,13.0,0,0,17,0,2,43,0,0,2,0
2000077,0.0,0.05,0.9,6.424296874999999,6.449999999999998,0.025703124999999997,-7,25.703125,4.671875,0.15625,0.046875,0.0,0.5937500000000007,0.46484375,0.7993133456444093,0.05010080863937901,0.22632579218737797,0.05,-0.4,6.849999999999999,2.0,11.0,0,1,17,0,0,43,0,1,2,0
2000078,1.0,0.05,0.9,-1.3361718750000007,-1.3000000000000007,0.036171875000000006,-11,36.171875,5.421875,0.21875,0.046875,0.0,0.5812500000000007,0.4765625000000001,0.8266452116111941,0.052048804441357496,0.295961670857612,0.05,-0.55,-0.7499999999999998,2.0,15.0,0,1,14,1,0,43,1,1,3,0
2000079,1.0,0.05,0.9,-3.4127812499999997,-3.3499999999999996,0.06278125000000002,-13,62.78125,7.0,0.203125,0.0,0.0,0.5937500000000007,0.47890625,0.9782265870489453,0.05035683804710983,0.9623333310656171,0.05000000000000001,-0.8499999999999999,-2.5000000000000004,5.0,8.0,0,1,11,0,0,49,0,1,2,0
2000080,1.0,0.05,0.9,-3.5531093749999982,-3.4999999999999982,0.05310937500000003,-15,53.109375,6.328125,0.25,0.015625,0.0,0.5875000000000006,0.47421875000000013,0.9770577612392657,0.055377229975398984,0.9240279404376956,0.05,-0.75,-2.750000000000001,3.0,14.0,0,1,15,1,0,42,0,1,4,0
2000081,0.0,0.05,0.9,8.571296875,8.6,0.028703125000000006,-9,28.703125,4.796875,0.203125,0.0625,0.0,0.5875000000000007,0.46718750000000014,0.7754419644084333,0.052422441083655465,0.11977202600998346,0.05,-0.2,8.8,1.0,16.0,0,1,15,1,1,44,0,0,2,0
2000082,0.0,0.05,0.9,13.667718750000002,13.750000000000002,0.08228125000000001,-17,82.28125,7.4375,0.296875,0.03125,0.0,0.5843750000000006,0.47187500000000004,0.9831605024316528,0.1479156074905903,0.8392047009192347,0.05,-0.2,13.950000000000003,1.0,20.0,1,0,13,1,1,46,0,0,2,0
2000083,0.0,0.05,0.9,11.302609375,11.35,0.047390625000000006,-12,47.390625,6.484375,0.265625,0.078125,0.015625,0.590476190476191,0.4785714285714286,0.7501381828599665,0.09611550143784028,0.05383729279779655,0.05,-1.0,12.350000000000001,5.0,17.0,0,2,11,0,0,46,0,1,3,1
2000084,1.0,0.05,0.9,-0.6339531249999997,-0.5999999999999996,0.033953125,-9,33.953125,4.859375,0.203125,0.0625,0.0,0.5843750000000006,0.47187500000000004,0.7043749806902028,0.05086651814237851,0.10282333316616912,0.05000000000000001,-0.55,-0.050000000000000266,2.0,15.0,0,1,17,1,1,38,0,1,5,0
2000085,1.0,0.05,0.9,-3.404968749999997,-3.299999999999997,0.10496875000000004,-19,104.96875,9.0625,0.328125,0.03125,0.0,0.5843750000000006,0.49062500000000003,0.9979549654380134,0.2609256723468825,0.9105830604087692,0.05,-0.5999999999999999,-2.7,3.0,20.0,0,0,6,2,1,53,0,0,2,0
2000086,1.0,0.05,0.9,-1.443281249999996,-1.349999999999996,0.09328124999999998,-15,93.28125,7.96875,0.296875,0.0625,0.0,0.5843750000000006,0.48359375000000004,0.9774657780275384,0.23272602947642568,0.32223115428073024,0.05,-0.3999999999999999,-0.9499999999999993,2.0,21.0,0,2,7,1,1,51,0,0,2,0
2000087,1.0,0.05,0.9,-3.5463125,-3.5,0.04631250000000002,-14,46.3125,5.53125,0.234375,0.015625,0.0,0.5781250000000006,0.4695312500000002,0.945071343776697,0.05109409994454687,0.8462882096683687,0.05000000000000001,-0.95,-2.5500000000000007,4.0,12.0,0,2,15,2,1,40,0,0,4,0
2000088,0.0,0.05,0.9,4.496312500000002,4.500000000000002,0.0036875000000000024,-1,3.6875,1.59375,0.125,0.109375,0.015625,0.5841269841269846,0.4642857142857143,0.04385625477922667,0.0500929757254145,1.1530591606792689e-05,0.05,-0.5,5.000000000000001,4.0,11.0,0,1,20,0,2,34,0,2,4,1
2000089,0.0,0.05,0.9,5.545546875,5.550000000000001,0.004453125000000003,-4,4.453125,1.671875,0.140625,0.078125,0.0,0.5812500000000006,0.45078125000000036,0.07204977133799914,0.05000709479523504,0.00024173534702296134,0.05,-0.55,6.1000000000000005,5.0,9.0,1,1,25,0,2,29,0,1,5,0
2000090,1.0,0.05,0.9,-2.842874999999999,-2.799999999999999,0.042875000000000024,-14,42.875,5.46875,0.234375,0.015625,0.0,0.5875000000000006,0.48124999999999996,0.9854903334338451,0.05726487724617712,0.9543388604222538,0.05,-0.19999999999999996,-2.6000000000000005,1.0,15.0,0,1,12,0,3,43,0,0,5,0
2000091,0.0,0.05,0.9,7.24553125,7.25,0.004468750000000003,-5,4.46875,1.71875,0.1875,0.109375,0.0,0.5812500000000006,0.4695312500000003,0.33742386382476425,0.050905326953728666,0.0006396139821917596,0.05000000000000001,-1.05,8.299999999999999,6.0,13.0,1,1,17,0,1,38,0,2,4,0
2000092,0.0,0.05,0.9,8.04659375,8.049999999999999,0.003406250000000002,-3,3.40625,1.59375,0.203125,0.15625,0.0,0.5812500000000006,0.4601562500000001,0.10117004860600765,0.06049179781079234,1.7834107779508088e-06,0.05,-1.15,9.2,8.0,15.0,0,0,19,1,3,39,0,1,1,0
2000093,0.0,0.05,0.9,4.637031249999999,4.649999999999999,0.01296875000000001,-3,12.96875,3.3125,0.109375,0.0625,0.0,0.5875000000000006,0.4789062500000001,0.7840055431213115,0.05001166696347633,0.0452555798274328,0.049999999999999996,-0.4,5.049999999999999,2.0,9.0,0,0,15,0,1,42,0,3,3,0
2000094,0.0,0.05,0.9,10.61934375,10.65,0.03065625000000001,-12,30.65625,4.375,0.234375,0.046875,0.015625,0.5968253968253975,0.4714285714285715,0.8785164066055287,0.06127858922819484,0.370174598658592,0.05,-0.6000000000000001,11.250000000000002,3.0,15.0,0,1,14,0,0,45,0,0,3,1
2000095,0.0,0.05,0.9,8.377359375000001,8.4,0.022640625000000004,-9,22.640625,3.859375,0.203125,0.0625,0.015625,0.571428571428572,0.46190476190476204,0.40184057639530246,0.050524151545797716,0.02135352595697698,0.049999999999999996,-0.65,9.05,4.0,13.0,1,2,17,2,1,36,0,0,4,1
2000096,0.0,0.05,0.9,7.2866406249999995,7.3,0.01335937500000001,-6,13.359375,3.296875,0.171875,0.078125,0.0,0.5750000000000005,0.45781250000000023,0.2787506940756277,0.0502580662244805,0.0021360118494588793,0.05,-0.6,7.9,4.0,12.0,0,2,20,2,2,34,0,0,4,0
2000097,0.0,0.05,0.9,9.136671875000001,9.15,0.013328125000000008,-6,13.328125,3.171875,0.234375,0.140625,0.0,0.5718750000000006,0.4671875000000001,0.40325394884523524,0.08991898958609697,0.00011715532173496457,0.05,-1.4500000000000002,10.600000000000001,7.0,17.0,0,0,17,0,7,37,0,2,1,0
2000098,0.0,0.05,0.9,5.8875,5.9,0.01250000000000001,-6,12.5,2.9375,0.140625,0.046875,0.0,0.5843750000000006,0.4671875000000001,0.6922306116869381,0.0500236963400956,0.1194386977380208,0.05,-0.6000000000000001,6.500000000000001,3.0,9.0,0,2,18,0,0,38,0,3,3,0
2000099,0.0,0.05,0.9,9.059531249999997,9.099999999999998,0.04046875000000002,-9,40.46875,5.59375,0.203125,0.0625,0.015625,0.5873015873015879,0.4857142857142857,0.7437229070999547,0.052820541302005454,0.11204335796555866,0.04999999999999999,-0.8500000000000001,9.950000000000001,4.0,13.0,0,1,10,0,1,46,0,2,3,1
2000100,1.0,0.05,0.9,-3.478812499999998,-3.349999999999998,0.12881249999999997,-17,128.8125,10.21875,0.296875,0.03125,0.0,0.5937500000000007,0.48124999999999996,0.9853546956436834,0.12717549641578935,0.8718989446567202,0.05,-0.55,-2.8000000000000016,3.0,18.0,0,1,11,0,1,47,0,0,4,0
2000101,1.0,0.05,0.9,-2.9611874999999985,-2.8999999999999986,0.06118750000000002,-12,61.1875,6.9375,0.203125,0.015625,0.0,0.5843750000000006,0.46250000000000013,0.9152794576775568,0.050239488263020764,0.7817780654841539,0.049999999999999996,-0.6500000000000001,-2.25,2.0,12.0,0,1,18,1,2,39,0,0,3,0
2000102,1.0,0.05,0.9,-4.958624999999998,-4.849999999999998,0.10862499999999997,-18,108.625,9.34375,0.28125,0.0,0.0,0.5843750000000005,0.4671875,0.989493158965178,0.06801934052756645,0.9780191376355714,0.049999999999999996,-0.55,-4.300000000000001,2.0,16.0,0,2,15,0,2,42,0,1,2,0
2000103,1.0,0.05,0.9,-4.283609375000001,-4.200000000000001,0.08360937499999999,-14,83.609375,7.390625,0.21875,0.0,0.0,0.5843750000000006,0.4625,0.9588897122631258,0.05024548188374609,0.9343194802618255,0.049999999999999996,-0.3500000000000001,-3.8500000000000005,1.0,13.0,0,1,17,2,0,42,0,0,2,0
2000104,1.0,0.05,0.9,-3.313875,-3.25,0.06387500000000004,-14,63.875,6.84375,0.234375,0.015625,0.0,0.5906250000000006,0.47656250000000017,0.9523859671597737,0.05134088295288365,0.8634076747452437,0.05000000000000001,-0.7000000000000002,-2.5500000000000003,2.0,14.0,0,0,12,1,1,48,0,0,2,0
2000105,1.0,0.05,0.9,-5.409593749999993,-5.249999999999993,0.15959375,-24,159.59375,11.3125,0.375,0.0,0.0,0.5937500000000007,0.48359375000000004,0.9999968337548173,0.2987992443302376,0.9981038974302351,0.05,-0.8499999999999999,-4.400000000000001,5.0,19.0,0,2,8,0,0,51,0,0,3,0
2000106,1.0,0.05,0.9,-2.8175312499999983,-2.7499999999999982,0.06753125000000001,-14,67.53125,7.1875,0.234375,0.015625,0.0,0.5906250000000006,0.48125,0.9805665035100877,0.05588210915416902,0.9331157519052807,0.05,-0.3999999999999999,-2.3499999999999996,2.0,14.0,0,1,10,0,1,49,0,1,2,0
2000107,0.0,0.05,0.9,7.989624999999998,7.999999999999998,0.010375000000000002,-8,10.375,2.28125,0.1875,0.0625,0.0,0.5656250000000005,0.45781250000000007,0.4798341555446028,0.05051090255289807,0.020519511856218007,0.05000000000000001,-0.45,8.45,3.0,13.0,1,3,20,1,1,32,1,1,4,0
2000108,1.0,0.05,0.9,-2.7742187499999957,-2.6999999999999957,0.07421875000000003,-17,74.21875,7.5,0.296875,0.03125,0.0,0.5906250000000006,0.490625,0.9955772672657934,0.2096958246531492,0.9164816183929371,0.05,-0.44999999999999996,-2.25,3.0,18.0,0,1,8,0,1,49,0,1,4,0
2000109,1.0,0.05,0.9,-2.7219531249999984,-2.6499999999999986,0.07195312500000002,-13,71.953125,7.796875,0.21875,0.015625,0.0,0.5937500000000007,0.48359375000000004,0.9708772075106576,0.051631340123228855,0.908158099703238,0.05000000000000001,-0.5999999999999999,-2.0500000000000003,3.0,12.0,0,0,9,1,0,52,0,0,2,0
2000110,1.0,0.05,0.9,-3.300125,-3.25,0.05012500000000001,-13,50.125,5.71875,0.203125,0.0,0.0,0.5875000000000007,0.4695312500000002,0.9695770043739089,0.050421990814973554,0.9482635235628919,0.05000000000000001,-0.55,-2.7,2.0,11.0,0,1,16,1,0,42,0,1,3,0
2000111,0.0,0.05,0.9,7.519046874999999,7.549999999999999,0.030953125000000012,-8,30.953125,5.171875,0.1875,0.0625,0.0,0.5718750000000006,0.46250000000000013,0.3719800741731889,0.05013863034151158,0.01706637390719321,0.049999999999999996,-0.65,8.200000000000001,4.0,12.0,1,1,19,3,0,35,0,0,5,0
2000112,1.0,0.05,0.9,-3.416625,-3.3499999999999996,0.066625,-13,66.625,7.25,0.203125,0.0,0.015625,0.5968253968253975,0.480952380952381,0.9658444365531955,0.0503320059925147,0.9439874145641166,0.05000000000000001,-0.3999999999999999,-2.95,2.0,11.0,0,0,12,0,1,46,0,0,4,1
2000113,0.0,0.05,0.9,7.029609374999998,7.049999999999998,0.020390625000000006,-6,20.390625,3.640625,0.171875,0.078125,0.0,0.5937500000000007,0.47187500000000016,0.5567386156916955,0.05029338782468249,0.015722741006221206,0.049999999999999996,-0.8,7.85,4.0,12.0,0,0,14,0,0,48,1,0,1,0
2000114,0.0,0.05,0.9,12.864890625000001,12.950000000000001,0.08510937499999999,-15,85.109375,7.984375,0.28125,0.046875,0.0,0.5875000000000007,0.47187500000000004,0.8516982158191843,0.10339410400910318,0.21710371452940422,0.05000000000000001,-0.39999999999999997,13.350000000000003,3.0,18.0,0,1,13,1,0,47,0,1,1,0
2000115,0.0,0.05,0.9,8.335234374999997,8.349999999999998,0.014765625000000011,-7,14.765625,3.578125,0.203125,0.09375,0.0,0.5906250000000006,0.47890625000000014,0.8599187460696733,0.06743026331326434,0.03209493782785138,0.049999999999999996,-0.6000000000000001,8.950000000000001,3.0,16.0,0,0,15,0,2,41,0,1,5,0
2000116,0.0,0.05,0.9,8.65634375,8.7,0.043656250000000014,-11,43.65625,5.9375,0.203125,0.03125,0.015625,0.5746031746031753,0.47380952380952385,0.6258238423663898,0.05011366293088511,0.20524313863115412,0.05000000000000001,-0.25,8.95,2.0,13.0,0,0,16,3,1,38,0,1,4,1
2000117,1.0,0.05,0.9,-2.52353125,-2.5,0.023531250000000007,-10,23.53125,3.65625,0.1875,0.03125,0.03125,0.5774193548387102,0.4637096774193549,0.7983607179148451,0.0500928451892868,0.4596105146869292,0.05,-0.3500000000000001,-2.150000000000001,1.0,13.0,0,0,20,2,1,34,1,0,4,2
2000118,1.0,0.05,0.9,-3.424031249999995,-3.2999999999999954,0.12403124999999994,-16,124.03125,10.3125,0.28125,0.03125,0.0,0.5875000000000007,0.47890625000000003,0.9570044382513713,0.07098631346857295,0.7666327277282857,0.05000000000000001,-1.3,-2.0000000000000004,5.0,15.0,0,2,11,0,0,47,1,0,3,0
2000119,0.0,0.05,0.9,4.693203124999999,4.699999999999999,0.006796875000000005,-4,6.796875,2.171875,0.109375,0.046875,0.03125,0.5935483870967748,0.45887096774193564,0.85690248286002,0.050020200145398375,0.1345352180209447,0.05,-0.2,4.8999999999999995,1.0,9.0,0,0,19,0,2,39,0,0,2,2
2000120,1.0,0.05,0.9,-4.076687499999996,-3.9499999999999957,0.12668749999999998,-18,126.6875,9.6875,0.296875,0.015625,0.0,0.5875000000000007,0.47421875,0.9906334063951772,0.12881138862888497,0.9504435210079902,0.05000000000000002,-0.3999999999999999,-3.5500000000000007,2.0,18.0,1,0,12,1,0,48,0,0,2,0
2000121,0.0,0.05,0.9,10.801062500000004,10.900000000000004,0.09893749999999998,-14,98.9375,8.96875,0.234375,0.015625,0.015625,0.5904761904761912,0.47857142857142854,0.9706220991554539,0.053651859871741175,0.9183203463119866,0.04999999999999999,0.0,10.900000000000004,0.0,16.0,0,1,11,1,0,47,0,0,3,1
2000122,1.0,0.05,0.9,-2.68103125,-2.6500000000000004,0.031031250000000014,-10,31.03125,4.90625,0.171875,0.015625,0.0,0.5843750000000006,0.4601562500000002,0.9113374126852889,0.050054373230740246,0.8026084819263424,0.049999999999999996,-0.19999999999999996,-2.45,1.0,11.0,0,3,18,0,1,38,0,1,3,0
2000123,0.0,0.05,0.9,5.940468749999998,5.949999999999998,0.009531250000000003,-5,9.53125,2.09375,0.15625,0.078125,0.015625,0.5777777777777784,0.45714285714285724,0.44876912789894685,0.05010616658448484,0.007218492353032996,0.05,-0.9500000000000001,6.899999999999999,4.0,11.0,0,1,20,1,2,36,0,2,1,1
2000124,0.0,0.05,0.9,6.642421874999999,6.6499999999999995,0.007578125000000004,-4,7.578125,2.140625,0.15625,0.09375,0.0,0.6000000000000006,0.47187500000000004,0.42691982461538425,0.050396287484424665,0.0010077749630811922,0.05,-0.7,7.349999999999999,5.0,11.0,0,0,17,0,0,42,0,0,5,0
2000125,1.0,0.05,0.9,-1.861078124999999,-1.799999999999999,0.061078125000000025,-12,61.078125,6.765625,0.21875,0.03125,0.0,0.6000000000000008,0.4695312500000002,0.9199915813955818,0.05296348574421412,0.6465002973755398,0.05,-0.3500000000000001,-1.4499999999999997,1.0,15.0,0,0,14,0,0,49,0,0,1,0
2000126,1.0,0.05,0.9,-2.3981718749999996,-2.3499999999999996,0.04817187500000001,-11,48.171875,6.046875,0.1875,0.015625,0.0,0.5937500000000007,0.4765625,0.9145656888390353,0.050127785518601684,0.7821721454195826,0.05,-0.5999999999999999,-1.7500000000000002,3.0,10.0,0,1,14,0,0,44,0,1,4,0
2000127,0.0,0.05,0.9,8.181734375,8.2,0.018265625,-9,18.265625,2.953125,0.203125,0.0625,0.0,0.5843750000000006,0.47656250000000006,0.6548513381345713,0.05044521998312414,0.08775861855121006,0.05,-0.7,8.899999999999999,3.0,14.0,0,1,16,1,1,38,0,1,6,0
2000128,1.0,0.05,0.9,-4.349843749999996,-4.199999999999996,0.14984375000000005,-21,149.84375,10.15625,0.328125,0.0,0.015625,0.5904761904761912,0.49047619047619045,0.9999618661056506,0.291616550235859,0.996989190400025,0.049999999999999996,-0.6499999999999999,-3.55,4.0,17.0,0,0,9,1,1,47,0,0,5,1
2000129,0.0,0.05,0.9,8.313015624999998,8.349999999999998,0.036984375,-8,36.984375,4.890625,0.203125,0.078125,0.015625,0.587301587301588,0.4642857142857143,0.7333550090919041,0.05592643347471459,0.03549182708510744,0.05,0.0,8.349999999999998,0.0,18.0,0,1,20,1,0,35,0,1,5,1
2000130,0.0,0.05,0.9,8.132890624999998,8.149999999999999,0.017109375000000007,-9,17.109375,3.328125,0.1875,0.046875,0.015625,0.5650793650793655,0.473809523809524,0.8379829899057336,0.05084575792977852,0.31978466827056107,0.05,-0.4,8.549999999999999,2.0,13.0,0,3,12,2,2,40,0,2,2,1
2000131,1.0,0.05,0.9,-1.117749999999999,-1.049999999999999,0.06775,-12,67.75,7.46875,0.234375,0.046875,0.0,0.5937500000000007,0.46718750000000014,0.525210121139486,0.054827651015849736,0.0551276565499135,0.05000000000000001,-0.5999999999999999,-0.4500000000000002,3.0,15.0,0,0,18,0,0,42,0,2,2,0
2000132,0.0,0.05,0.9,6.379703125000001,6.4,0.02029687500000001,-7,20.296875,4.265625,0.140625,0.03125,0.0,0.5843750000000006,0.46015625000000016,0.6357480024736067,0.05002410745416131,0.1466571932177361,0.05000000000000001,-0.25,6.65,2.0,9.0,0,1,19,1,1,39,0,1,2,0
2000133,0.0,0.05,0.9,14.496890625000004,14.600000000000005,0.10310937499999999,-18,103.109375,8.984375,0.3125,0.03125,0.0,0.5906250000000006,0.47187500000000004,0.9959600464906623,0.23027689105025934,0.915307907665647,0.05,0.0,14.600000000000005,0.0,22.0,0,2,13,0,0,46,0,1,2,0
2000134,0.0,0.05,0.9,5.783968749999998,5.799999999999998,0.01603125000000001,-4,16.03125,3.65625,0.15625,0.09375,0.0,0.5875000000000006,0.46953125000000023,0.5968836343330051,0.05017382541968384,0.0056646064864957725,0.05,-0.4,6.199999999999998,2.0,14.0,0,0,18,0,2,39,0,2,3,0
2000135,1.0,0.05,0.9,-2.896781249999997,-2.799999999999997,0.09678124999999997,-15,96.78125,8.8125,0.25,0.015625,0.0,0.5906250000000007,0.490625,0.9800880604847395,0.06263899788596759,0.9296322326561479,0.05,-0.7499999999999998,-2.0500000000000003,4.0,13.0,0,0,9,1,0,49,0,1,4,0
2000136,0.0,0.05,0.9,7.887343749999999,7.8999999999999995,0.012656250000000008,-7,12.65625,2.71875,0.1875,0.078125,0.0,0.5937500000000007,0.4648437500000002,0.3740696068733545,0.0505847546238961,0.005977986049508439,0.05,-0.45,8.35,3.0,14.0,0,0,18,0,2,41,0,0,3,0
2000137,0.0,0.05,0.9,5.891187499999998,5.899999999999999,0.008812500000000006,-4,8.8125,2.59375,0.15625,0.09375,0.0,0.5875000000000006,0.4625000000000002,0.34379323298809344,0.05008315020478001,0.0014025668409996595,0.05,-0.8,6.699999999999999,4.0,12.0,0,1,19,0,1,39,1,0,3,0
2000138,1.0,0.05,0.9,-2.258671874999999,-2.1999999999999993,0.058671875000000026,-14,58.671875,6.765625,0.25,0.03125,0.0,0.5937500000000007,0.4812500000000001,0.9705819186185229,0.06879435789875073,0.8224065885543128,0.05000000000000001,-0.44999999999999996,-1.75,3.0,15.0,0,1,13,0,1,43,0,0,6,0
2000139,1.0,0.05,0.9,-1.8671250000000008,-1.8000000000000007,0.06712500000000002,-11,67.125,7.5625,0.203125,0.03125,0.015625,0.590476190476191,0.4714285714285715,0.9089063798352238,0.05116841735318871,0.6436710732084695,0.05,-0.5999999999999999,-1.2,3.0,12.0,0,1,13,0,1,46,0,1,1,1
2000140,0.0,0.05,0.9,10.674546875000003,10.750000000000002,0.07545312500000001,-15,75.453125,7.359375,0.234375,0.0,0.0,0.5875000000000006,0.47890625,0.9726208134280208,0.05078409806032192,0.9535941400789377,0.049999999999999996,0.0,10.750000000000002,0.0,15.0,0,2,14,0,1,40,0,1,6,0
2000141,0.0,0.05,0.9,8.57346875,8.6,0.026531250000000006,-6,26.53125,4.3125,0.203125,0.109375,0.015625,0.590476190476191,0.4714285714285714,0.6155793643264017,0.0736925280734697,0.0015598592106853238,0.05000000000000001,-1.1500000000000001,9.75,6.0,14.0,0,0,15,1,1,43,0,0,3,1
2000142,0.0,0.05,0.9,9.446390625,9.5,0.05360937500000002,-12,53.609375,6.578125,0.21875,0.03125,0.03125,0.5774193548387102,0.4709677419354841,0.8828184654386013,0.05131142541429967,0.5699344777448596,0.05,-0.2,9.7,1.0,15.0,1,4,10,0,1,43,0,0,3,2
2000143,1.0,0.05,0.9,-3.7161562499999943,-3.5999999999999943,0.11615624999999999,-19,116.15625,9.15625,0.3125,0.015625,0.0,0.5968750000000007,0.48593749999999997,0.9989104757586467,0.24781033799912774,0.9766614934645754,0.05,-1.4,-2.1999999999999997,7.0,14.0,0,1,11,0,0,46,0,0,6,0
2000144,0.0,0.05,0.9,4.397921875000001,4.4,0.0020781250000000014,-3,2.078125,1.109375,0.109375,0.0625,0.0,0.5781250000000006,0.4648437500000001,0.42389939438400376,0.050003107920987444,0.007741433507609594,0.05,-0.45,4.85,3.0,8.0,0,1,20,2,0,35,0,2,4,0
2000145,0.0,0.05,0.9,5.698390625000001,5.700000000000001,0.0016093750000000008,-4,1.609375,0.890625,0.171875,0.109375,0.0,0.5687500000000005,0.4601562500000002,0.34455108106269755,0.05017199122952795,0.0008031935734393957,0.049999999999999996,-1.0000000000000002,6.700000000000001,5.0,13.0,0,3,20,1,2,32,1,1,4,0
2000146,0.0,0.05,0.9,10.119453125000001,10.150000000000002,0.030546875000000008,-10,30.546875,4.578125,0.234375,0.078125,0.0,0.5843750000000006,0.48359375000000004,0.771903099386198,0.07232614397956984,0.06481122905710025,0.05,-0.6000000000000001,10.750000000000002,3.0,17.0,0,1,12,1,2,42,0,0,6,0
2000147,1.0,0.05,0.9,-3.9574374999999984,-3.8999999999999986,0.05743750000000002,-14,57.4375,6.375,0.21875,0.0,0.0,0.5875000000000007,0.4671874999999999,0.9673280694148805,0.0504295540592043,0.9457818922198129,0.05,-1.5499999999999998,-2.3500000000000005,6.0,8.0,0,0,17,1,0,43,1,0,2,0
2000148,1.0,0.05,0.9,-2.7284531249999966,-2.649999999999997,0.07845312499999998,-14,78.453125,7.484375,0.234375,0.015625,0.0,0.5906250000000006,0.4859375000000001,0.9702877698483231,0.05428866658687852,0.9048098357696497,0.05,-0.3999999999999999,-2.25,2.0,14.0,0,1,11,0,0,46,0,2,4,0
2000149,0.0,0.05,0.9,5.742984375,5.75,0.0070156250000000045,-4,7.015625,2.328125,0.140625,0.078125,0.0,0.5906250000000006,0.4296875000000001,0.17049906334634224,0.05001964218431507,0.00027003633920390073,0.05,-0.55,6.299999999999999,5.0,9.0,0,2,30,0,1,29,0,0,2,0
2000150,0.0,0.05,0.9,9.8508125,9.9,0.04918750000000001,-13,49.1875,5.8125,0.21875,0.015625,0.015625,0.5841269841269847,0.4714285714285715,0.9363723826152932,0.050716114674490095,0.8276880042632063,0.05,-0.2,10.1,1.0,14.0,0,0,17,2,0,39,0,1,4,1
2000151,0.0,0.05,0.9,6.892265624999998,6.899999999999998,0.007734375000000005,-4,7.734375,1.890625,0.1875,0.125,0.0,0.5687500000000004,0.47187500000000004,0.4921587271556163,0.053428166063430385,0.00050366769453622,0.05000000000000001,-1.5999999999999999,8.5,7.0,13.0,0,1,14,3,2,41,0,1,2,0
2000152,0.0,0.05,0.9,11.092203125,11.149999999999999,0.05779687500000002,-12,57.796875,7.046875,0.25,0.0625,0.015625,0.5809523809523816,0.47619047619047633,0.9371467052817982,0.1326565690751825,0.3214108201592104,0.049999999999999996,-0.2,11.349999999999998,1.0,19.0,0,0,14,1,2,42,0,2,2,1
2000153,1.0,0.05,0.9,-2.5250781249999976,-2.4499999999999975,0.075078125,-13,75.078125,7.921875,0.21875,0.015625,0.015625,0.5873015873015879,0.4904761904761904,0.959998686955703,0.05193307763229025,0.8803078905433076,0.05,-0.9999999999999998,-1.45,5.0,10.0,0,2,8,0,0,47,0,2,4,1
2000154,1.0,0.05,0.9,-0.9701874999999993,-0.9499999999999993,0.020187500000000004,-10,20.1875,3.15625,0.203125,0.046875,0.0,0.5968750000000007,0.453125,0.8411698734448121,0.052770883028900754,0.2602891674170958,0.05,-0.7999999999999998,-0.15000000000000013,4.0,12.0,0,0,23,0,0,38,0,1,2,0
2000155,1.0,0.05,0.9,-4.057796874999996,-3.9499999999999957,0.10779687499999999,-19,107.796875,9.109375,0.3125,0.015625,0.0,0.6000000000000008,0.48359374999999993,0.9964912409846359,0.20148310879096315,0.9654558753840209,0.05,-0.7999999999999998,-3.1500000000000004,4.0,17.0,0,0,10,0,0,51,0,0,3,0
2000156,0.0,0.05,0.9,7.484281249999997,7.499999999999997,0.01571875000000001,-6,15.71875,3.40625,0.1875,0.09375,0.015625,0.5809523809523816,0.46190476190476204,0.586923421225783,0.0521321220484643,0.006109337512627504,0.05,-0.6000000000000001,8.1,3.0,15.0,1,0,17,1,2,40,0,0,2,1
2000157,1.0,0.05,0.9,-4.4153906249999935,-4.299999999999994,0.11539062500000001,-19,115.390625,9.296875,0.3125,0.015625,0.0,0.5906250000000006,0.46718750000000003,0.9951455808256237,0.1855316442928063,0.959879054821738,0.05,-1.3499999999999999,-2.95,6.0,15.0,1,1,14,0,0,46,0,0,2,0
2000158,1.0,0.05,0.9,-3.985203124999996,-3.849999999999996,0.135203125,-17,135.203125,10.546875,0.265625,0.0,0.0,0.5937500000000007,0.48828125000000006,0.992347563392923,0.07332083584472132,0.9829517754039567,0.05000000000000001,-0.55,-3.3,2.0,15.0,0,0,7,0,2,53,0,0,2,0
2000159,0.0,0.05,0.9,6.3378437499999976,6.349999999999998,0.012156250000000009,-5,12.15625,3.25,0.15625,0.078125,0.0,0.5750000000000005,0.4765625000000001,0.28622638637474035,0.050040452525104126,0.00380995219060421,0.049999999999999996,-0.65,7.0,4.0,11.0,0,1,15,2,2,38,0,1,5,0
2000160,1.0,0.05,0.9,-2.9967812499999944,-2.8499999999999943,0.14678125,-18,146.78125,10.75,0.328125,0.046875,0.0,0.5750000000000005,0.48359375000000004,0.9950616764656268,0.2618153435202574,0.6988295079596534,0.05,-0.95,-1.8999999999999995,4.0,20.0,0,2,8,1,2,48,1,0,2,0
2000161,1.0,0.05,0.9,-1.575078124999999,-1.549999999999999,0.025078125000000007,-9,25.078125,4.140625,0.171875,0.03125,0.0,0.5843750000000005,0.46953125000000007,0.7887233681146185,0.050100118553232105,0.361238139487036,0.05,-0.7500000000000002,-0.8000000000000003,3.0,10.0,0,2,18,0,2,35,0,1,6,0
2000162,0.0,0.05,0.9,6.596796875000001,6.6000000000000005,0.0032031250000000002,-5,3.203125,1.140625,0.171875,0.09375,0.015625,0.5873015873015879,0.44761904761904775,0.3147111402494949,0.050268259431353955,0.0010438206015719513,0.05000000000000001,-0.8500000000000001,7.45,5.0,12.0,0,0,23,1,1,37,0,1,0,1
2000163,1.0,0.05,0.9,-2.3956249999999994,-2.3499999999999996,0.045625000000000006,-11,45.625,5.21875,0.1875,0.015625,0.0,0.5906250000000006,0.46250000000000013,0.9190328484151673,0.05021596458746719,0.7821721454195825,0.05,-0.7000000000000002,-1.6500000000000001,2.0,11.0,1,1,19,0,0,38,0,0,5,0
2000164,1.0,0.05,0.9,-3.897718749999997,-3.799999999999997,0.09771875,-16,97.71875,9.03125,0.25,0.0,0.0,0.5843750000000006,0.4765625,0.9887917105499666,0.05951126137555078,0.977426173042118,0.05,-0.7999999999999998,-3.000000000000001,4.0,12.0,1,0,14,1,1,42,0,0,5,0
2000165,1.0,0.05,0.9,-3.7303749999999987,-3.6499999999999986,0.080375,-14,80.375,8.34375,0.21875,0.0,0.015625,0.587301587301588,0.4595238095238096,0.9740585031704393,0.051234907267798585,0.9547265544953143,0.049999999999999996,-0.55,-3.1,2.0,12.0,0,2,15,1,0,45,0,0,0,1
2000166,0.0,0.05,0.9,7.576609374999999,7.6,0.023390625000000016,-8,23.390625,3.859375,0.171875,0.046875,0.0,0.5843750000000006,0.48359375000000004,0.7283994846700715,0.050121837544752634,0.18916054958421769,0.05,-0.4,8.0,2.0,12.0,0,0,12,1,2,44,0,1,4,0
2000167,0.0,0.05,0.9,8.695078124999998,8.749999999999998,0.054921875000000016,-11,54.921875,6.953125,0.203125,0.03125,0.0,0.5843750000000005,0.4765625000000001,0.8395167181543401,0.050177990026854455,0.49490144194169505,0.049999999999999996,-0.2,8.95,1.0,14.0,0,1,15,1,0,41,0,2,4,0
2000168,1.0,0.05,0.9,-4.039328124999999,-3.9499999999999993,0.089328125,-16,89.328125,8.421875,0.25,0.0,0.0,0.5843750000000008,0.49531250000000004,0.9867435727107022,0.05535526408631309,0.9745593103097168,0.05,-1.15,-2.8,4.0,12.0,0,1,8,1,0,47,0,2,5,0
2000169,1.0,0.05,0.9,-2.6952031250000004,-2.6500000000000004,0.04520312500000002,-13,45.203125,5.484375,0.21875,0.015625,0.0,0.5750000000000006,0.4906250000000001,0.9540337635987374,0.0509947935000227,0.8670704553584319,0.05,-0.75,-1.9,3.0,12.0,0,1,8,3,0,47,0,1,4,0
2000170,0.0,0.05,0.9,10.797015625,10.85,0.05298437500000002,-11,52.984375,6.515625,0.265625,0.09375,0.0,0.5718750000000007,0.4742187500000001,0.4193364852170477,0.0734345243555102,0.006493972542979135,0.05000000000000001,-1.25,12.100000000000001,6.0,17.0,1,1,13,2,1,42,0,1,3,0
2000171,1.0,0.05,0.9,-4.156796874999997,-4.049999999999997,0.10679687500000001,-17,106.796875,9.421875,0.265625,0.0,0.0,0.5937500000000007,0.47656250000000006,0.9946026174776214,0.07698457607849461,0.9873806157991788,0.049999999999999996,-1.0,-3.0500000000000007,5.0,12.0,0,1,12,0,1,47,0,0,3,0
2000172,0.0,0.05,0.9,7.034609374999999,7.049999999999999,0.01539062500000001,-6,15.390625,3.734375,0.15625,0.0625,0.0,0.5875000000000007,0.47187500000000027,0.24484390258966268,0.050050825728395774,0.00543427225237337,0.05,-0.5,7.549999999999999,4.0,10.0,0,0,15,1,1,44,0,1,2,0
2000173,1.0,0.05,0.9,-3.9752968749999966,-3.899999999999997,0.07529687500000001,-16,75.296875,7.203125,0.265625,0.015625,0.0,0.5843750000000006,0.46953125000000007,0.9695498287397237,0.05797248775834303,0.9019232336377686,0.05,-0.55,-3.3500000000000005,2.0,16.0,0,1,13,2,0,47,0,0,1,0
2000174,1.0,0.05,0.9,-3.124640624999997,-3.049999999999997,0.074640625,-15,74.640625,7.671875,0.265625,0.03125,0.015625,0.5809523809523814,0.4714285714285716,0.9618730501384213,0.07260147631370324,0.806954333337124,0.05,-0.3500000000000001,-2.7,1.0,18.0,0,2,12,1,2,44,0,0,2,1
2000175,0.0,0.05,0.9,11.208406250000003,11.250000000000004,0.04159375000000001,-11,41.59375,5.78125,0.265625,0.09375,0.0,0.5906250000000007,0.46250000000000013,0.7800936079055522,0.15360081321660043,0.01521917165718324,0.049999999999999996,-0.8,12.050000000000004,4.0,19.0,0,0,19,0,1,41,0,2,1,0
2000176,1.0,0.05,0.9,-3.2271718749999985,-3.1499999999999986,0.077171875,-15,77.171875,7.421875,0.234375,0.0,0.0,0.5937500000000007,0.46484375000000006,0.9888106169171824,0.06043523185076652,0.9769213158285729,0.05,-0.5999999999999999,-2.55,3.0,12.0,0,1,16,0,0,45,0,1,1,0
2000177,0.0,0.05,0.9,7.239625,7.25,0.010375000000000006,-7,10.375,2.4375,0.171875,0.0625,0.03125,0.5935483870967748,0.4733870967741936,0.45919593930599967,0.05025012043639989,0.02582562692815302,0.05,-0.6000000000000001,7.85,3.0,12.0,0,0,16,0,2,39,0,0,5,2
2000178,0.0,0.05,0.9,6.642874999999998,6.649999999999999,0.0071250000000000055,-5,7.125,2.3125,0.1875,0.109375,0.015625,0.5873015873015879,0.4666666666666667,0.274626666950596,0.05047263069471689,0.0008146158441988636,0.05000000000000001,-1.6500000000000001,8.3,7.0,12.0,0,0,21,0,2,33,0,2,5,1
2000179,1.0,0.05,0.9,-2.3384531249999982,-2.2499999999999982,0.08845312499999997,-13,88.453125,8.640625,0.234375,0.03125,0.015625,0.5936507936507943,0.47619047619047633,0.9262526843286751,0.05467585433770852,0.6738979662266436,0.049999999999999996,-1.6500000000000001,-0.5999999999999996,6.0,11.0,0,1,12,0,0,47,0,1,2,1
2000180,0.0,0.05,0.9,6.43053125,6.449999999999999,0.019468750000000014,-8,19.46875,3.53125,0.15625,0.03125,0.0,0.5750000000000006,0.4648437500000001,0.7252319533356436,0.05001393097552886,0.3185142094240774,0.05,-0.2,6.65,1.0,11.0,1,1,17,2,0,39,0,1,3,0
2000181,0.0,0.05,0.9,9.910546875000005,9.950000000000005,0.03945312500000001,-9,39.453125,5.359375,0.25,0.109375,0.0,0.5968750000000007,0.47656250000000006,0.38784550361182035,0.06491713324173735,0.0028039114153802,0.05000000000000001,-1.0,10.950000000000001,5.0,18.0,0,1,12,0,0,48,0,0,3,0
2000182,0.0,0.05,0.9,11.719687500000001,11.8,0.0803125,-13,80.3125,7.8125,0.25,0.046875,0.015625,0.5809523809523814,0.49523809523809514,0.9185767126609863,0.07864159343073579,0.44513623953059184,0.05,-0.55,12.35,3.0,16.0,0,1,7,0,2,47,0,3,3,1
2000183,1.0,0.05,0.9,-1.9296093749999979,-1.8499999999999979,0.079609375,-14,79.609375,7.453125,0.265625,0.046875,0.0,0.5906250000000007,0.48828124999999994,0.9236893433398984,0.075443191396527,0.48730252040825917,0.05,-0.19999999999999996,-1.6499999999999997,1.0,19.0,0,1,9,1,0,48,0,0,5,0
2000184,1.0,0.05,0.9,-1.4455624999999968,-1.3999999999999968,0.04556250000000001,-11,45.5625,6.1875,0.21875,0.046875,0.0,0.5906250000000006,0.48125000000000007,0.8710175544084208,0.05169828306481311,0.37607539416828845,0.05,-0.55,-0.8500000000000001,2.0,15.0,0,1,14,0,1,41,0,1,6,0
2000185,1.0,0.05,0.9,-1.5679843749999964,-1.4999999999999964,0.06798437500000001,-12,67.984375,6.859375,0.234375,0.046875,0.0,0.5937500000000007,0.48359375000000004,0.9019076987878775,0.05473574312151489,0.4458607120072997,0.05,-1.0500000000000003,-0.44999999999999996,3.0,15.0,0,0,10,0,0,51,1,0,2,0
2000186,0.0,0.05,0.9,7.996031250000001,8.05,0.05396875000000003,-10,53.96875,6.59375,0.1875,0.03125,0.0,0.5968750000000007,0.47421875000000013,0.7972836189099616,0.05007242405463541,0.4271010275389041,0.05000000000000001,-0.2,8.25,1.0,13.0,0,0,16,0,1,42,0,0,5,0
2000187,1.0,0.05,0.9,-4.260171874999999,-4.199999999999999,0.060171875000000034,-15,60.171875,6.390625,0.234375,0.0,0.0,0.5968750000000006,0.4648437500000001,0.973053171042989,0.0509264740283054,0.9539798517174555,0.05,-0.9000000000000001,-3.3,3.0,12.0,0,0,16,0,0,47,0,1,0,0
2000188,1.0,0.05,0.9,-2.539078125,-2.5,0.039078125000000026,-11,39.078125,5.734375,0.1875,0.015625,0.0,0.5843750000000006,0.47890625,0.9051417669627958,0.05009568851784751,0.7652896435456658,0.05,-0.7999999999999999,-1.7000000000000002,3.0,10.0,0,1,12,1,2,44,0,0,4,0
2000189,1.0,0.05,0.9,-3.347750000000001,-3.3000000000000007,0.04775000000000003,-12,47.75,5.75,0.1875,0.0,0.015625,0.5968253968253975,0.46666666666666673,0.9498434766696252,0.05010843776625286,0.9217270305872522,0.049999999999999996,-1.3,-2.0,5.0,7.0,0,0,17,0,0,43,0,1,2,1
2000190,0.0,0.05,0.9,10.156609374999999,10.2,0.04339062500000001,-12,43.390625,5.578125,0.21875,0.03125,0.0,0.5781250000000006,0.47656250000000006,0.8687517721076407,0.052396132470285704,0.45372922817288236,0.05,-0.25,10.45,2.0,14.0,0,2,13,2,0,42,0,1,4,0
2000191,1.0,0.05,0.9,-3.798437500000001,-3.700000000000001,0.09843749999999994,-13,98.4375,8.78125,0.203125,0.0,0.0,0.5906250000000006,0.47421875000000013,0.9562862491427526,0.05013815393960945,0.9310221670160066,0.05,-0.55,-3.15,2.0,11.0,0,0,15,1,0,44,0,1,3,0
2000192,0.0,0.05,0.9,10.675125,10.75,0.07487500000000001,-14,74.875,7.25,0.234375,0.015625,0.0,0.5906250000000006,0.48828125,0.9519477224653251,0.05112823863155222,0.8634076747452437,0.05,0.0,10.75,0.0,16.0,0,1,10,0,1,46,0,1,5,0
2000193,0.0,0.05,0.9,5.294609375,5.300000000000001,0.005390625000000004,-4,5.390625,2.046875,0.140625,0.078125,0.0,0.5781250000000006,0.4601562500000001,0.3856648949649724,0.050024954801449244,0.003917710101153449,0.049999999999999996,-0.45,5.75,3.0,11.0,0,2,19,1,2,36,0,1,3,0
2000194,0.0,0.05,0.9,8.269296874999998,8.299999999999999,0.030703125000000005,-8,30.703125,4.609375,0.203125,0.078125,0.0,0.5875000000000006,0.4554687500000001,0.1377613405936358,0.05019696599240697,0.001664568768278087,0.05000000000000001,-0.5,8.799999999999999,4.0,14.0,0,1,23,0,3,32,0,0,5,0
2000195,1.0,0.05,0.9,-4.110578124999999,-4.049999999999999,0.06057812500000003,-14,60.578125,6.171875,0.21875,0.0,0.015625,0.5873015873015879,0.4523809523809524,0.9638720920738992,0.050570020879532405,0.9403078358571367,0.05,-0.3500000000000001,-3.700000000000001,1.0,13.0,0,1,22,1,0,36,0,1,2,1
2000196,1.0,0.05,0.9,-2.3477812500000006,-2.3000000000000007,0.04778125000000002,-12,47.78125,6.03125,0.203125,0.015625,0.03125,0.5838709677419361,0.478225806451613,0.9664815566389445,0.05184227459540895,0.8944327194785906,0.05,-1.0,-1.3,5.0,9.0,0,1,11,2,0,45,0,0,3,2
2000197,1.0,0.05,0.9,-3.004687500000001,-2.950000000000001,0.05468750000000003,-12,54.6875,6.65625,0.203125,0.015625,0.0,0.5843750000000006,0.4718750000000001,0.9369340224360513,0.050237170912568546,0.8489439905229992,0.049999999999999996,0.0,-2.9500000000000006,0.0,14.0,0,0,17,1,1,40,1,0,4,0
2000198,1.0,0.05,0.9,-2.0248437499999956,-1.9499999999999957,0.07484375,-15,74.84375,7.0625,0.265625,0.03125,0.0,0.5968750000000007,0.4859375,0.994150926789081,0.16289964442030036,0.9249272652931482,0.05,-1.1999999999999997,-0.75,6.0,13.0,0,0,12,0,0,46,0,1,5,0
2000199,0.0,0.05,0.9,7.914140624999998,7.949999999999998,0.03585937500000003,-8,35.859375,5.484375,0.171875,0.046875,0.0,0.5937500000000007,0.46250000000000013,0.16414248329102352,0.05004374512137062,0.007014748883592131,0.04999999999999999,-0.14999999999999997,8.099999999999998,3.0,11.0,0,1,18,0,0,42,0,1,2,0
2000200,1.0,0.05,0.9,-1.7321406249999987,-1.6499999999999986,0.08214062500000001,-12,82.140625,7.890625,0.21875,0.03125,0.0,0.5906250000000007,0.48828125,0.9242436036818164,0.05220403874709907,0.669446229139324,0.05,-0.75,-0.8999999999999997,3.0,13.0,0,1,9,1,0,48,0,0,5,0
2000201,0.0,0.05,0.9,8.475906250000001,8.500000000000002,0.024093750000000004,-5,24.09375,4.25,0.203125,0.125,0.0,0.5906250000000007,0.48125000000000007,0.1853308056254026,0.054081831707414214,9.282563713217183e-05,0.05,-1.2999999999999998,9.8,8.0,13.0,0,0,12,1,1,46,0,0,4,0
2000202,1.0,0.05,0.9,-2.856828124999999,-2.799999999999999,0.05682812500000003,-14,56.828125,6.296875,0.234375,0.015625,0.0,0.5843750000000006,0.48125,0.9602802043612649,0.053140019656771224,0.871629388971344,0.05,-0.9999999999999998,-1.7999999999999998,5.0,11.0,0,1,10,2,0,48,0,0,3,0
2000203,0.0,0.05,0.9,7.341312499999999,7.349999999999999,0.008687500000000004,-5,8.6875,2.5,0.203125,0.125,0.0,0.5812500000000006,0.45546875000000014,0.29349054001336744,0.05238445449943823,0.00022921107780447548,0.05000000000000001,-1.0,8.349999999999998,5.0,16.0,0,2,19,2,0,39,0,0,2,0
2000204,0.0,0.05,0.9,11.277609375,11.350000000000001,0.07239062500000001,-12,72.390625,7.609375,0.25,0.0625,0.03125,0.5806451612903233,0.478225806451613,0.8833178440654916,0.11703406195755595,0.18532121382931635,0.05,-0.8,12.150000000000002,4.0,16.0,0,0,9,3,0,50,0,0,0,2
2000205,0.0,0.05,0.9,7.876624999999998,7.899999999999998,0.02337500000000001,-7,23.375,4.40625,0.203125,0.09375,0.015625,0.5809523809523817,0.4642857142857143,0.4687483499845559,0.05191738701849732,0.005191356859805733,0.049999999999999996,-0.6000000000000001,8.499999999999998,3.0,16.0,0,0,20,2,0,36,1,0,4,1
2000206,0.0,0.05,0.9,6.38803125,6.4,0.011968750000000009,-7,11.96875,2.71875,0.140625,0.03125,0.0,0.5906250000000007,0.45312500000000033,0.6661804971622327,0.05003361766008993,0.14627624855690488,0.05,-0.25,6.65,2.0,9.0,0,1,21,1,0,39,0,0,2,0
2000207,0.0,0.05,0.9,9.710546875,9.75,0.03945312500000002,-11,39.453125,5.234375,0.21875,0.046875,0.0,0.5968750000000007,0.48125000000000007,0.9213452268830814,0.054497960809689015,0.5173967869839762,0.05,-0.55,10.3,2.0,15.0,0,1,12,0,0,46,0,0,5,0
2000208,1.0,0.05,0.9,-3.5607031249999994,-3.4499999999999993,0.110703125,-17,110.703125,9.296875,0.28125,0.015625,0.0,0.5843750000000006,0.49296874999999996,0.9926745388360687,0.10901151724327707,0.9640529577351704,0.05,-1.1,-2.3499999999999996,4.0,15.0,0,0,8,1,1,49,1,0,4,0
2000209,1.0,0.05,0.9,-4.0578437499999955,-3.9499999999999957,0.10784375,-19,107.84375,8.6875,0.3125,0.015625,0.0,0.5718750000000006,0.4671875000000001,0.9983208994434294,0.23687608316171624,0.9756546744930015,0.05000000000000001,-1.9499999999999997,-1.9999999999999998,9.0,12.0,0,2,13,3,1,44,0,0,1,0
2000210,0.0,0.05,0.9,11.958250000000001,12.000000000000002,0.04175000000000002,-13,41.75,5.0625,0.265625,0.0625,0.015625,0.5777777777777783,0.4690476190476191,0.47900662934500693,0.07620360421576747,0.02103916209102606,0.05000000000000001,-0.5,12.500000000000004,4.0,17.0,0,2,14,1,0,43,1,1,1,1
2000211,1.0,0.05,0.9,-4.505859374999995,-4.399999999999995,0.10585937500000003,-17,105.859375,8.890625,0.28125,0.015625,0.0,0.5843750000000006,0.46953125000000007,0.9829925408423033,0.06745473880138496,0.9476804607814532,0.05,-0.19999999999999996,-4.200000000000001,1.0,18.0,0,3,12,1,0,46,0,0,2,0
2000212,0.0,0.05,0.9,10.02565625,10.05,0.02434375000000001,-9,24.34375,4.03125,0.234375,0.09375,0.0,0.5968750000000007,0.4648437500000001,0.4265665801300261,0.0696630803810293,0.00347934381708147,0.05000000000000001,-0.45,10.500000000000002,3.0,18.0,0,0,20,0,1,38,0,0,5,0
2000213,0.0,0.05,0.9,8.572609374999997,8.599999999999998,0.027390625,-8,27.390625,4.578125,0.203125,0.078125,0.0,0.5906250000000007,0.47187500000000016,0.5012068630345557,0.05280027364248955,0.012637540388831085,0.05000000000000001,-1.0,9.6,5.0,13.0,1,1,14,0,0,44,0,0,4,0
2000214,0.0,0.05,0.9,10.710531250000003,10.750000000000002,0.03946875000000001,-10,39.46875,5.5625,0.25,0.09375,0.0,0.5906250000000006,0.4812500000000001,0.37865881883781666,0.06911875690322969,0.004349833977627117,0.05,-0.8500000000000001,11.600000000000001,5.0,17.0,0,1,12,0,1,45,0,1,4,0
2000215,1.0,0.05,0.9,-2.894265624999997,-2.799999999999997,0.09426562499999999,-14,94.265625,8.140625,0.234375,0.015625,0.0,0.5937500000000007,0.4671875,0.9676451092529355,0.055156574359687856,0.8956554772896553,0.05000000000000001,-0.55,-2.25,2.0,14.0,0,2,14,0,0,46,0,0,2,0
2000216,1.0,0.05,0.9,-3.9859062499999984,-3.8999999999999986,0.08590624999999999,-15,85.90625,8.25,0.25,0.015625,0.0,0.5750000000000006,0.4671875,0.9531764596962511,0.05201753656439047,0.8647507875396641,0.05000000000000001,-0.95,-2.95,3.0,14.0,0,2,15,2,2,40,0,0,3,0
2000217,0.0,0.05,0.9,11.779859375000004,11.850000000000005,0.07014062500000001,-12,70.140625,7.421875,0.265625,0.078125,0.0,0.5812500000000005,0.4742187500000001,0.8717340702583831,0.1573430044282645,0.06927984508178518,0.05,-0.8,12.650000000000002,4.0,18.0,0,1,13,0,2,45,1,1,1,0
2000218,1.0,0.05,0.9,-4.303234374999995,-4.199999999999996,0.10323437499999999,-18,103.234375,8.671875,0.28125,0.0,0.0,0.5875000000000007,0.4742187500000001,0.994374820845553,0.09996212632831925,0.9853567264102651,0.05,-1.5999999999999996,-2.6000000000000005,8.0,10.0,0,1,11,1,0,50,0,1,0,0
2000219,1.0,0.05,0.9,-3.618546874999997,-3.549999999999997,0.06854687500000001,-14,68.546875,6.828125,0.21875,0.0,0.0,0.5937500000000007,0.471875,0.9746131675607294,0.05079207837441713,0.9561036675881764,0.05,-0.95,-2.6000000000000005,4.0,10.0,0,0,15,1,0,45,0,0,3,0
2000220,1.0,0.05,0.9,-3.6023437500000006,-3.5500000000000007,0.052343750000000015,-13,52.34375,6.0,0.203125,0.0,0.0,0.5718750000000007,0.47656250000000006,0.9610089816061923,0.050182651596355425,0.9372909744132742,0.05000000000000001,-1.35,-2.2,5.0,8.0,0,0,16,3,0,39,1,1,4,0
2000221,1.0,0.05,0.9,-3.611031249999999,-3.549999999999999,0.06103125000000004,-16,61.03125,6.625,0.265625,0.015625,0.0,0.5906250000000006,0.47187500000000016,0.9858926182039908,0.07093525593813405,0.9461486910921553,0.05,-1.7500000000000002,-1.7999999999999998,6.0,12.0,0,1,15,0,2,42,0,0,4,0
2000222,0.0,0.05,0.9,8.756828124999998,8.799999999999999,0.043171875000000005,-11,43.171875,5.890625,0.203125,0.03125,0.0,0.5750000000000005,0.4765625,0.8562999532587069,0.0502945627133412,0.5157295185861593,0.05,-0.4,9.2,2.0,13.0,1,2,13,1,1,40,0,1,5,0
2000223,0.0,0.05,0.9,7.338249999999998,7.349999999999998,0.011750000000000009,-6,11.75,2.84375,0.171875,0.078125,0.015625,0.5936507936507943,0.45952380952380956,0.07247768845595773,0.050048697782347384,0.00045095783499199865,0.05,-0.5,7.849999999999998,4.0,12.0,0,0,21,0,2,36,0,0,4,1
2000224,0.0,0.05,0.9,5.643125,5.65,0.006875000000000004,-6,6.875,1.96875,0.140625,0.046875,0.046875,0.5770491803278694,0.4483606557377051,0.19356218679531262,0.05000674986461542,0.008973884914480207,0.05,-0.09999999999999998,5.75,2.0,10.0,2,0,24,1,0,29,0,1,4,3
2000225,1.0,0.05,0.9,-3.8261406249999945,-3.7499999999999947,0.07614062500000002,-17,76.140625,7.015625,0.28125,0.015625,0.0,0.5875000000000006,0.46718750000000003,0.984713913973904,0.09048108026427532,0.9368681160053286,0.05,-0.19999999999999996,-3.550000000000001,1.0,18.0,0,0,16,2,0,44,0,0,2,0
2000226,0.0,0.05,0.9,7.490999999999999,7.499999999999999,0.009000000000000005,-6,9.0,2.28125,0.1875,0.09375,0.0,0.5718750000000005,0.46250000000000013,0.06545658261540296,0.050094310589807324,0.0002017957947303233,0.05,-0.8999999999999999,8.399999999999999,6.0,12.0,0,2,20,1,2,33,1,1,4,0
2000227,0.0,0.05,0.9,14.210703125000004,14.300000000000004,0.08929687499999997,-14,89.296875,8.484375,0.328125,0.109375,0.0,0.5781250000000006,0.4882812500000001,0.9915665336125433,0.2948023370644989,0.00925675999012259,0.05,-1.5,15.800000000000004,6.0,22.0,0,3,7,0,2,47,1,0,4,0
2000228,0.0,0.05,0.9,8.321750000000002,8.350000000000001,0.028250000000000015,-9,28.25,4.6875,0.1875,0.046875,0.0,0.5843750000000006,0.46953125000000007,0.3031817465285585,0.050094792113336756,0.023409081996182596,0.05,-0.3,8.65,3.0,12.0,0,1,16,1,2,40,0,0,4,0
2000229,0.0,0.05,0.9,9.013953125,9.05,0.03604687500000001,-10,36.046875,5.078125,0.203125,0.046875,0.0,0.5906250000000006,0.47187500000000004,0.6074964128020053,0.05065549430972182,0.09562818429723412,0.049999999999999996,-0.25,9.3,2.0,14.0,0,0,15,1,0,45,0,1,2,0
2000230,1.0,0.05,0.9,-5.220421874999993,-5.049999999999994,0.17042187500000003,-21,170.421875,11.359375,0.328125,0.0,0.0,0.5937500000000007,0.48828125,0.9991979893236985,0.24031048297420352,0.992211171747201,0.049999999999999996,-0.5999999999999999,-4.450000000000001,3.0,18.0,0,0,11,0,0,47,0,2,4,0
2000231,0.0,0.05,0.9,8.823500000000001,8.850000000000001,0.026500000000000006,-9,26.5,4.78125,0.1875,0.046875,0.0,0.5843750000000005,0.4742187500000002,0.20965011854831672,0.05015919064819596,0.01044854645448087,0.049999999999999996,-0.14999999999999997,9.0,3.0,12.0,0,2,16,0,1,38,0,2,5,0
2000232,0.0,0.05,0.9,8.335781249999998,8.349999999999998,0.014218750000000011,-7,14.21875,3.28125,0.203125,0.09375,0.0,0.5843750000000006,0.47187500000000004,0.5538986346627166,0.05357017350502348,0.007084383798899677,0.05,-0.8,9.149999999999999,4.0,15.0,0,0,17,0,2,40,0,3,2,0
2000233,0.0,0.05,0.9,7.765015624999998,7.799999999999998,0.034984375,-9,34.984375,5.140625,0.1875,0.046875,0.0,0.5812500000000006,0.4625000000000001,0.7768471588849404,0.05028054669182681,0.24359459927852112,0.05,-0.55,8.35,2.0,13.0,0,0,20,2,1,37,0,1,3,0
2000234,1.0,0.05,0.9,-3.003984374999997,-2.899999999999997,0.103984375,-17,103.984375,9.140625,0.296875,0.03125,0.0,0.5937500000000007,0.490625,0.987455940626429,0.15891307790451575,0.8649355213214435,0.05,-0.1499999999999999,-2.7499999999999996,1.0,20.0,0,1,8,0,0,50,0,1,4,0
2000235,1.0,0.05,0.9,-2.297484374999998,-2.2499999999999982,0.04748437500000001,-13,47.484375,5.765625,0.234375,0.03125,0.015625,0.5936507936507943,0.4738095238095239,0.9790984095137845,0.06519051693539925,0.8792929951225364,0.05,-1.1500000000000001,-1.1000000000000003,5.0,12.0,0,0,18,0,1,37,0,1,6,1
2000236,0.0,0.05,0.9,12.183062500000005,12.250000000000005,0.06693750000000002,-12,66.9375,7.21875,0.28125,0.09375,0.015625,0.5873015873015879,0.4785714285714286,0.9099496211227105,0.23058134883495918,0.02295445929836353,0.049999999999999996,-1.0,13.250000000000002,5.0,19.0,0,0,12,1,1,46,0,1,2,1
2000237,1.0,0.05,0.9,-0.7412812499999993,-0.6999999999999993,0.04128125000000001,-10,41.28125,5.71875,0.203125,0.046875,0.0,0.5937500000000008,0.4601562500000002,0.6865203643509704,0.052351019034629076,0.10759955659695208,0.05,-0.55,-0.1499999999999998,2.0,14.0,0,0,17,1,0,46,0,0,0,0
2000238,0.0,0.05,0.9,4.797640624999999,4.799999999999999,0.0023593750000000012,3,2.359375,1.296875,0.140625,0.1875,0.03125,0.5806451612903232,0.45403225806451636,0.014959900494956341,0.1624451219666523,5.7249505021998164e-09,0.05,-1.1500000000000001,5.949999999999998,8.0,13.0,0,1,21,1,2,34,0,1,2,2
2000239,1.0,0.05,0.9,-2.4979843749999966,-2.399999999999997,0.09798437499999996,-15,97.984375,8.984375,0.265625,0.03125,0.0,0.5875000000000007,0.4882812500000001,0.9776957526618957,0.08965941758496596,0.8637807322434219,0.05000000000000001,-0.9999999999999998,-1.4,5.0,14.0,0,0,10,1,0,48,1,0,4,0
2000240,1.0,0.05,0.9,-3.5919218749999957,-3.4499999999999957,0.14192187500000003,-16,141.921875,10.921875,0.265625,0.015625,0.0,0.5812500000000006,0.4859375,0.9869085624116022,0.06990572462173882,0.9500068443379327,0.05000000000000001,-0.44999999999999996,-3.0000000000000013,3.0,15.0,0,2,10,1,1,44,0,1,5,0
2000241,1.0,0.05,0.9,-2.489062500000001,-2.450000000000001,0.0390625,-11,39.0625,5.0625,0.1875,0.015625,0.0,0.5843750000000006,0.4648437500000001,0.8034291310551971,0.05012375081464429,0.515292738738337,0.05,0.0,-2.45,0.0,13.0,1,2,13,0,1,46,0,0,1,0
2000242,0.0,0.05,0.9,6.629812499999999,6.649999999999999,0.02018750000000001,-7,20.1875,4.0625,0.15625,0.046875,0.0,0.5906250000000006,0.4671875000000001,0.700054837106956,0.05005527527703487,0.1401597728913558,0.05,-0.4,7.049999999999999,2.0,11.0,0,1,19,0,1,37,0,1,5,0
2000243,0.0,0.05,0.9,7.521671874999997,7.549999999999997,0.028328125000000006,-7,28.328125,4.671875,0.203125,0.09375,0.0,0.5687500000000006,0.4671875000000001,0.511837325534111,0.051209344655319115,0.008417629830965492,0.04999999999999999,-0.8500000000000001,8.399999999999999,3.0,16.0,1,2,15,2,1,39,0,1,3,0
2000244,0.0,0.05,0.9,7.806109374999999,7.85,0.043890624999999996,-9,43.890625,6.203125,0.171875,0.03125,0.0,0.5875000000000007,0.47421875000000013,0.7549382814920599,0.0501130171393654,0.2821125215663292,0.049999999999999996,-0.25,8.1,2.0,11.0,0,0,17,1,1,39,0,1,5,0
2000245,0.0,0.05,0.9,4.697859374999999,4.699999999999999,0.002140625000000001,-4,2.140625,1.078125,0.125,0.0625,0.015625,0.5714285714285718,0.4333333333333336,0.49723528475151096,0.050011878710717717,0.007217708053406587,0.05,-0.45,5.15,3.0,9.0,0,2,29,2,1,26,0,2,1,1
2000246,0.0,0.05,0.9,8.609921875,8.65,0.04007812500000001,-10,40.078125,5.515625,0.203125,0.046875,0.0,0.5968750000000006,0.45078125000000013,0.7877257757145707,0.05106400162638979,0.21741775121325932,0.05,-0.6000000000000001,9.25,3.0,13.0,0,1,23,0,0,37,0,0,3,0
2000247,1.0,0.05,0.9,-3.276671874999997,-3.149999999999997,0.126671875,-15,126.671875,10.203125,0.265625,0.03125,0.015625,0.5809523809523816,0.47619047619047616,0.9398480098323729,0.061285222041344095,0.7139890766337293,0.05,0.0,-3.1500000000000004,0.0,19.0,0,2,11,2,0,45,0,0,3,1
2000248,0.0,0.05,0.9,7.391312500000001,7.4,0.008687500000000004,-7,8.6875,2.59375,0.171875,0.0625,0.0,0.5906250000000007,0.43671875000000004,0.3453909005147955,0.05025233528202837,0.005173325030115218,0.049999999999999996,-0.3,7.699999999999999,3.0,12.0,1,0,29,0,1,30,0,0,3,0
2000249,1.0,0.05,0.9,-3.730390624999997,-3.649999999999997,0.08039062499999998,-14,80.390625,8.078125,0.21875,0.0,0.0,0.5875000000000006,0.4789062500000001,0.9734939981630781,0.05063193590292653,0.9547265544953145,0.05,-0.19999999999999996,-3.45,1.0,13.0,0,1,15,1,1,39,0,0,7,0
2000250,0.0,0.05,0.9,10.861531250000002,10.900000000000002,0.03846875000000001,-10,38.46875,5.71875,0.25,0.09375,0.0,0.5875000000000006,0.4554687500000002,0.2453944343151412,0.0712470950419606,0.0010330150057630905,0.05,-0.8500000000000001,11.750000000000002,6.0,16.0,0,1,19,0,3,40,0,0,1,0
2000251,1.0,0.05,0.9,-3.7070781249999984,-3.6499999999999986,0.05707812500000003,-15,57.078125,6.265625,0.25,0.015625,0.0,0.5781250000000007,0.47421875000000013,0.9592636730746025,0.052742351036678244,0.8787171153091761,0.049999999999999996,0.0,-3.6500000000000004,0.0,17.0,0,1,13,3,0,44,0,0,3,0
2000252,0.0,0.05,0.9,10.778796875000001,10.8,0.021203125000000014,-11,21.203125,4.203125,0.25,0.078125,0.0,0.5843750000000006,0.45078125000000013,0.5728803074301224,0.08708401977289977,0.013497517988563402,0.05000000000000001,-0.6500000000000001,11.450000000000003,4.0,17.0,0,1,22,1,1,37,0,1,1,0
2000253,0.0,0.05,0.9,2.435281249999999,2.4499999999999993,0.01471875000000001,4,14.71875,3.71875,0.09375,0.15625,0.03125,0.5838709677419361,0.42983870967741955,0.20070555569712628,0.05051538571620204,5.936676890069188e-07,0.05000000000000001,-1.4,3.8499999999999996,8.0,8.0,0,0,32,1,2,24,0,1,2,2
2000254,0.0,0.05,0.9,12.453156250000005,12.500000000000005,0.046843750000000024,-12,46.84375,5.8125,0.265625,0.078125,0.0,0.5875000000000007,0.4789062500000001,0.8580156912802528,0.21845810131539795,0.014636735078105433,0.05,-0.7,13.200000000000005,5.0,17.0,0,0,12,1,1,47,0,1,2,0
2000255,1.0,0.05,0.9,-2.4824999999999995,-2.4499999999999993,0.03250000000000002,-12,32.5,4.6875,0.21875,0.03125,0.015625,0.5873015873015879,0.4857142857142857,0.871736585989505,0.05053971461529913,0.558001951744742,0.05000000000000001,0.0,-2.45,0.0,16.0,0,2,11,0,0,43,0,2,5,1
2000256,1.0,0.05,0.9,-4.4140624999999964,-4.349999999999996,0.06406250000000002,-17,64.0625,6.625,0.265625,0.0,0.0,0.5812500000000007,0.48125000000000007,0.9882642601577555,0.06031240033968559,0.9765804266035926,0.05000000000000001,-0.5999999999999999,-3.75,3.0,14.0,0,0,12,2,0,46,1,0,3,0
2000257,1.0,0.05,0.9,-2.7178906250000003,-2.6500000000000004,0.06789062500000002,-12,67.890625,7.453125,0.203125,0.015625,0.0,0.5875000000000006,0.4859375,0.9352778959773804,0.050300032295391935,0.8259492646140387,0.04999999999999999,-0.5999999999999999,-2.05,3.0,11.0,0,1,9,1,0,49,0,1,3,0
2000258,1.0,0.05,0.9,-3.548562499999999,-3.4499999999999993,0.09856249999999997,-15,98.5625,8.96875,0.25,0.015625,0.0,0.5968750000000007,0.48593749999999997,0.9642035821869973,0.0532482483257296,0.8909406276863315,0.05000000000000001,-1.15,-2.3000000000000007,5.0,12.0,0,0,12,0,1,45,0,0,6,0
2000259,0.0,0.05,0.9,8.266546875,8.299999999999999,0.03345312500000001,-10,33.453125,5.046875,0.1875,0.03125,0.0,0.5875000000000007,0.46015625000000016,0.6475270099556134,0.050115052899626644,0.20258043144116625,0.05,-0.04999999999999999,8.35,1.0,13.0,0,1,20,1,0,38,0,1,3,0
2000260,0.0,0.05,0.9,6.734234374999999,6.749999999999999,0.015765625000000012,-8,15.765625,3.453125,0.15625,0.03125,0.0,0.5843750000000005,0.47890625000000003,0.7989203983999476,0.050023198384565475,0.4383593882600431,0.05,-0.2,6.95,1.0,11.0,0,2,13,1,1,41,0,0,6,0
2000261,0.0,0.05,0.9,7.589484374999999,7.599999999999999,0.010515625000000006,-7,10.515625,2.515625,0.1875,0.078125,0.0,0.5906250000000006,0.4507812500000002,0.15668154081991117,0.05012558114850096,0.001459015155824573,0.05000000000000001,-0.09999999999999998,7.699999999999998,2.0,15.0,0,2,23,0,0,35,0,1,3,0
2000262,0.0,0.05,0.9,7.230890624999997,7.249999999999997,0.01910937500000001,-7,19.109375,3.828125,0.171875,0.0625,0.0,0.5718750000000005,0.4671875000000001,0.6854591279195229,0.05032090895569763,0.06195689221458144,0.05,-0.35,7.599999999999998,2.0,13.0,0,4,13,1,1,42,1,0,2,0
2000263,0.0,0.05,0.9,9.867359375000001,9.900000000000002,0.03264062500000001,-10,32.640625,4.703125,0.21875,0.0625,0.03125,0.5870967741935489,0.4709677419354839,0.32687562780169516,0.05357765251730621,0.012172655880072271,0.05,-0.3,10.2,3.0,15.0,0,2,12,0,2,44,0,0,2,2
2000264,0.0,0.05,0.9,5.893265625,5.8999999999999995,0.006734375000000005,-5,6.734375,2.046875,0.15625,0.078125,0.0,0.5812500000000006,0.4460937500000002,0.6121396453377422,0.050114065378815055,0.00989256049658853,0.05,-0.6000000000000001,6.5,3.0,12.0,0,2,24,0,2,33,0,2,1,0
2000265,1.0,0.05,0.9,-4.408624999999995,-4.299999999999995,0.10862500000000001,-18,108.625,9.0,0.28125,0.0,0.0,0.5843750000000006,0.490625,0.9963253421657612,0.10229231546626102,0.9899764143855906,0.05000000000000001,-1.05,-3.25,4.0,14.0,0,2,8,1,0,47,0,1,5,0
2000266,0.0,0.05,0.9,9.761062500000001,9.8,0.03893749999999999,-7,38.9375,5.875,0.234375,0.125,0.0,0.5875000000000007,0.48593749999999997,0.18068457072997995,0.06377034706649234,0.00013312673014208165,0.05,-0.8999999999999999,10.700000000000001,6.0,17.0,0,1,8,1,0,51,0,1,2,0
2000267,1.0,0.05,0.9,-3.624234375000001,-3.5500000000000007,0.07423437499999999,-13,74.234375,7.328125,0.203125,0.0,0.0,0.5812500000000006,0.47187500000000004,0.9612353635583283,0.05020209405589527,0.9372909744132741,0.05000000000000001,0.0,-3.55,0.0,13.0,0,2,12,2,0,46,0,0,2,0
2000268,0.0,0.05,0.9,6.380328124999998,6.399999999999999,0.019671875000000002,-6,19.671875,4.171875,0.15625,0.0625,0.0,0.5937500000000008,0.4648437500000002,0.641672091825757,0.05009417177074074,0.04222143171027979,0.05,-0.6000000000000001,6.999999999999998,3.0,11.0,0,0,17,1,0,44,0,0,2,0
2000269,1.0,0.05,0.9,-4.116234374999999,-4.049999999999999,0.06623437500000001,-14,66.234375,6.828125,0.21875,0.0,0.0,0.5812500000000006,0.46718750000000003,0.9654666601130426,0.05034694215443472,0.94334180496489,0.05000000000000002,-1.2,-2.8499999999999996,4.0,10.0,0,2,16,1,0,41,0,2,2,0
2000270,0.0,0.05,0.9,7.3399843749999985,7.349999999999999,0.010015625000000004,-7,10.015625,2.296875,0.1875,0.078125,0.015625,0.5777777777777784,0.4619047619047621,0.07646668501909376,0.05005498859675785,0.0008383219275683723,0.05,-0.9000000000000001,8.25,5.0,12.0,0,1,21,1,1,33,1,1,4,1
2000271,0.0,0.05,0.9,8.175625,8.2,0.02437500000000001,-11,24.375,3.9375,0.171875,0.0,0.015625,0.590476190476191,0.4547619047619048,0.9501785415467455,0.05012211301780127,0.9178531287868501,0.05000000000000002,0.0,8.2,0.0,11.0,0,2,20,0,0,38,0,1,2,1
2000272,0.0,0.05,0.9,7.211703124999999,7.249999999999999,0.038296875000000015,-8,38.296875,5.609375,0.171875,0.046875,0.0,0.5812500000000006,0.48359375000000004,0.3995409943558049,0.05001886937793453,0.050475742821587864,0.05,-0.04999999999999999,7.299999999999999,1.0,13.0,0,0,15,2,2,37,0,0,8,0
2000273,1.0,0.05,0.9,-3.1137187500000008,-3.0500000000000007,0.06371875000000002,-14,63.71875,6.375,0.234375,0.015625,0.0,0.5812500000000007,0.4671875000000002,0.8984916283033363,0.052113237422702276,0.6829041246248793,0.05,-0.3500000000000001,-2.6999999999999997,1.0,15.0,0,1,17,1,2,39,0,1,3,0
2000274,1.0,0.05,0.9,-2.886796874999999,-2.799999999999999,0.086796875,-14,86.796875,8.515625,0.234375,0.015625,0.0,0.5906250000000007,0.4835937500000001,0.966470653588007,0.05318500162964292,0.8956554772896551,0.05,-0.75,-2.05,3.0,13.0,0,0,10,1,0,50,0,1,2,0
2000275,1.0,0.05,0.9,-3.9621093749999963,-3.849999999999996,0.11210937499999997,-17,112.109375,9.078125,0.265625,0.0,0.0,0.5781250000000007,0.48124999999999996,0.9924321096958713,0.07520629462720016,0.9829517754039567,0.05000000000000001,-0.9999999999999998,-2.8500000000000005,5.0,12.0,1,0,10,1,1,48,0,2,1,0
2000276,1.0,0.05,0.9,-4.657390624999997,-4.549999999999997,0.10739062500000003,-20,107.390625,8.265625,0.3125,0.0,0.0,0.5875000000000006,0.4765625000000001,0.999500772816633,0.2437424622162124,0.994651657249513,0.049999999999999996,-1.2,-3.3499999999999996,4.0,16.0,0,1,13,0,2,44,0,1,3,0
2000277,1.0,0.05,0.9,-2.586812499999999,-2.549999999999999,0.03681250000000001,-12,36.8125,4.84375,0.203125,0.015625,0.0,0.5843750000000006,0.4695312500000001,0.9354294415540017,0.05042450237154171,0.8227175763189392,0.05000000000000002,-1.15,-1.4000000000000001,5.0,9.0,0,0,19,1,0,38,1,1,4,0
2000278,1.0,0.05,0.9,-1.900843749999998,-1.8499999999999979,0.05084375000000002,-13,50.84375,6.46875,0.25,0.046875,0.0,0.5906250000000007,0.4648437500000001,0.8892727488568472,0.06644974440973593,0.38803132036673016,0.05,-0.3999999999999999,-1.45,2.0,17.0,0,1,18,0,0,41,1,0,3,0
2000279,0.0,0.05,0.9,7.77303125,7.8,0.02696875000000001,-9,26.96875,4.5,0.1875,0.046875,0.0,0.5906250000000006,0.4460937500000002,0.7834131209114997,0.050559719446341335,0.18410931248708015,0.05,-0.4,8.200000000000001,2.0,13.0,1,1,23,0,0,37,0,0,2,0
2000280,1.0,0.05,0.9,-2.8108906250000016,-2.7500000000000018,0.06089062500000003,-13,60.890625,6.953125,0.21875,0.015625,0.0,0.5906250000000006,0.48125000000000007,0.9678072333628266,0.051238851193339596,0.900913578148665,0.05,-0.75,-2.0,3.0,12.0,0,0,12,1,1,46,0,0,4,0
2000281,1.0,0.05,0.9,-4.546859374999996,-4.449999999999996,0.09685937500000001,-19,96.859375,8.359375,0.3125,0.015625,0.0,0.5875000000000006,0.48359375000000004,0.9913587089722995,0.13968592623197823,0.951179933736805,0.049999999999999996,-0.7,-3.750000000000001,3.0,18.0,0,0,15,0,2,39,1,0,7,0
2000282,1.0,0.05,0.9,-3.9067812499999963,-3.7499999999999964,0.15678124999999998,-20,156.78125,10.625,0.328125,0.015625,0.03125,0.5903225806451619,0.4830645161290323,0.9995793379330028,0.2876736629642468,0.9540809798816852,0.05,-1.3999999999999997,-2.3499999999999996,7.0,15.0,0,0,11,1,1,45,0,0,4,2
2000283,0.0,0.05,0.9,4.745671875,4.75,0.004328125000000003,-2,4.328125,1.609375,0.125,0.09375,0.015625,0.5777777777777783,0.44761904761904786,0.22204184123567727,0.050019767469879295,0.00020223156585884045,0.05000000000000001,-0.8999999999999999,5.65,6.0,8.0,0,1,24,1,1,33,1,1,1,1
2000284,1.0,0.05,0.9,-4.811156249999994,-4.649999999999993,0.16115625000000003,-20,161.15625,11.5625,0.328125,0.015625,0.0,0.5937500000000007,0.4765625,0.9965657031289177,0.21058067201029704,0.9631315217105451,0.05,-0.19999999999999996,-4.450000000000001,1.0,21.0,0,0,13,1,0,47,0,0,3,0
2000285,1.0,0.05,0.9,-3.381999999999997,-3.299999999999997,0.082,-15,82.0,7.90625,0.25,0.015625,0.0,0.5875000000000007,0.49296875000000007,0.9778683359038105,0.055662986246038215,0.9356100072576532,0.05000000000000001,-1.1,-2.2,4.0,13.0,0,0,9,1,1,47,0,1,5,0
2000286,0.0,0.05,0.9,9.2091875,9.25,0.0408125,-11,40.8125,5.3125,0.203125,0.03125,0.015625,0.5968253968253974,0.45714285714285735,0.7359908192054933,0.05080823682539879,0.2666366642184738,0.049999999999999996,-0.25,9.5,2.0,13.0,0,1,18,0,0,43,0,0,1,1
2000287,1.0,0.05,0.9,-1.9582656249999986,-1.8999999999999986,0.05826562500000003,-12,58.265625,6.546875,0.21875,0.03125,0.0,0.5781250000000006,0.47890625,0.9619025749318119,0.05415470014476735,0.8121925913396009,0.05000000000000001,-0.3999999999999999,-1.5000000000000009,2.0,14.0,0,1,13,1,2,42,0,2,3,0
2000288,1.0,0.05,0.9,-2.8424687499999965,-2.7499999999999964,0.09246874999999997,-15,92.46875,8.3125,0.265625,0.03125,0.0,0.5843750000000005,0.46953125000000007,0.92214785293339,0.07140745561793285,0.6140003681325036,0.05,-1.15,-1.6,5.0,14.0,0,2,14,1,1,43,0,0,3,0
2000289,1.0,0.05,0.9,-3.4747343749999984,-3.3999999999999986,0.074734375,-14,74.734375,7.515625,0.21875,0.0,0.0,0.5906250000000006,0.47656250000000017,0.9773675979548353,0.05100924270121481,0.9601904977044571,0.049999999999999996,-1.15,-2.25,5.0,9.0,0,0,12,1,1,48,0,0,2,0
2000290,0.0,0.05,0.9,5.798421875,5.8,0.001578125000000001,-3,1.578125,0.953125,0.15625,0.109375,0.0,0.5906250000000006,0.46015625000000016,0.5682669028531696,0.05034008438881433,0.0006431901788285179,0.05000000000000001,-0.6500000000000001,6.449999999999998,4.0,13.0,0,1,23,0,2,31,0,0,7,0
2000291,0.0,0.05,0.9,9.716921875,9.75,0.033078125000000014,-11,33.078125,4.921875,0.234375,0.0625,0.0,0.5937500000000007,0.44843750000000016,0.8121778472368787,0.06253178623078527,0.1433716480572235,0.05,-0.75,10.500000000000002,3.0,16.0,0,2,22,0,0,38,0,0,2,0
2000292,0.0,0.05,0.9,7.62403125,7.6499999999999995,0.025968750000000016,-10,25.96875,4.40625,0.171875,0.015625,0.0,0.5875000000000007,0.4507812500000002,0.743397047584424,0.050044237769127906,0.42561917346350064,0.05,-0.04999999999999999,7.7,1.0,11.0,0,2,22,0,0,37,0,2,1,0
2000293,1.0,0.05,0.9,-2.9959843749999995,-2.9499999999999993,0.04598437500000002,-14,45.984375,5.796875,0.25,0.03125,0.0,0.5906250000000006,0.46953125000000007,0.9140763145716128,0.05297866048841409,0.647196074029383,0.049999999999999996,-0.55,-2.4000000000000004,2.0,16.0,0,1,17,0,1,40,0,1,4,0
2000294,1.0,0.05,0.9,-1.2671249999999992,-1.2499999999999991,0.01712500000000001,-7,17.125,3.4375,0.125,0.015625,0.0,0.5968750000000007,0.46015625000000004,0.8508308062793907,0.050008167753592805,0.6121489261756893,0.05,-0.19999999999999996,-1.05,1.0,8.0,0,0,22,0,0,37,0,1,4,0
2000295,1.0,0.05,0.9,-3.1727656249999936,-3.0499999999999936,0.12276562499999999,-19,122.765625,9.703125,0.34375,0.046875,0.0,0.5906250000000006,0.490625,0.9989203937657294,0.28471289703595054,0.8233822436757018,0.05,-0.7,-2.3499999999999996,3.0,22.0,0,0,8,1,1,50,0,0,4,0
2000296,0.0,0.05,0.9,10.420031250000001,10.450000000000001,0.02996875000000002,-10,29.96875,4.625,0.234375,0.078125,0.0,0.5812500000000006,0.47187500000000004,0.2532867482413743,0.05550875376515698,0.004073611427362034,0.05,-0.04999999999999999,10.500000000000002,1.0,19.0,0,0,15,2,1,43,0,1,2,0
2000297,0.0,0.05,0.9,8.186375,8.2,0.013625000000000002,-9,13.625,2.59375,0.1875,0.046875,0.0,0.5812500000000006,0.4648437500000001,0.17338855169593892,0.05003613106551379,0.009249977611771215,0.049999999999999996,-0.14999999999999997,8.350000000000001,3.0,12.0,0,1,18,2,1,38,0,0,4,0
2000298,1.0,0.05,0.9,-3.5270156249999975,-3.4499999999999975,0.07701562500000002,-16,77.015625,7.765625,0.265625,0.015625,0.0,0.5781250000000006,0.48359375000000004,0.9778428602487033,0.06404391610433961,0.9229026912957049,0.05000000000000001,-0.55,-2.9000000000000004,2.0,16.0,0,4,9,0,2,43,0,1,5,0
2000299,1.0,0.05,0.9,-2.645312499999998,-2.599999999999998,0.04531250000000002,-13,45.3125,5.625,0.234375,0.03125,0.0,0.5968750000000007,0.44843750000000016,0.9401519369691947,0.055195599573283925,0.7043870643495104,0.049999999999999996,-0.9500000000000002,-1.6500000000000004,4.0,13.0,0,0,24,0,0,38,0,1,1,0
2000300,0.0,0.05,0.9,8.586203125,8.600000000000001,0.013796875000000009,-7,13.796875,3.171875,0.203125,0.09375,0.0,0.5937500000000007,0.46484375000000017,0.05087181345450864,0.050194383757279804,0.0001873498656790085,0.05,-0.7,9.299999999999999,5.0,14.0,0,0,20,0,0,39,0,2,3,0
2000301,0.0,0.05,0.9,9.168968750000001,9.200000000000001,0.031031250000000014,-10,31.03125,4.84375,0.21875,0.0625,0.0,0.5843750000000005,0.46015625000000004,0.4690544783058084,0.05105801573668586,0.031944598049711836,0.05,-0.7,9.9,4.0,14.0,1,0,20,0,1,38,0,2,2,0
2000302,0.0,0.05,0.9,5.27728125,5.3,0.022718750000000017,-6,22.71875,4.34375,0.125,0.03125,0.0,0.5750000000000006,0.4671875000000002,0.8077966793873325,0.0500093211440593,0.3790057434003513,0.05,-0.55,5.85,2.0,8.0,0,1,18,3,0,37,0,1,4,0
2000303,1.0,0.05,0.9,-3.853687499999998,-3.7499999999999982,0.10368750000000006,-16,103.6875,8.5625,0.25,0.0,0.0,0.5906250000000006,0.48359375,0.9886625496710011,0.05816270719424987,0.977439389242634,0.05,-0.3999999999999999,-3.3500000000000005,2.0,14.0,0,0,12,0,0,47,0,3,2,0
2000304,0.0,0.05,0.9,9.2138125,9.25,0.03618750000000002,-8,36.1875,5.125,0.21875,0.09375,0.0,0.5656250000000005,0.47890625000000014,0.3473889368749565,0.05486539864001437,0.003363242447206277,0.05,-0.7,9.950000000000001,4.0,16.0,1,0,12,3,1,43,0,2,2,0
2000305,0.0,0.05,0.9,5.6933437499999995,5.699999999999999,0.006656250000000004,-4,6.65625,2.28125,0.140625,0.078125,0.0,0.5781250000000006,0.4578125000000002,0.6782392365229434,0.050196993502005856,0.005445800436098811,0.05,-1.0,6.699999999999999,4.0,10.0,0,2,21,1,0,35,0,3,2,0
2000306,0.0,0.05,0.9,9.810343750000003,9.850000000000003,0.03965625000000001,-10,39.65625,5.09375,0.234375,0.078125,0.015625,0.5809523809523814,0.4714285714285715,0.8299295610793345,0.08093787999758245,0.07891349971350334,0.05,-1.15,11.000000000000004,5.0,15.0,0,1,16,1,2,38,0,1,4,1
2000307,1.0,0.05,0.9,-1.0739375000000024,-1.0500000000000025,0.023937500000000014,-9,23.9375,4.21875,0.171875,0.03125,0.0,0.5750000000000005,0.46953125000000007,0.8610029945380611,0.05022623287369039,0.48405142973166787,0.05,-0.19999999999999996,-0.8499999999999999,1.0,12.0,0,1,14,2,3,42,0,0,2,0
2000308,1.0,0.05,0.9,-5.195328124999993,-5.049999999999994,0.145328125,-21,145.328125,10.328125,0.328125,0.0,0.0,0.5968750000000007,0.4765625,0.9992515741467631,0.24439016319785759,0.9921875870414484,0.05000000000000001,-0.75,-4.300000000000002,3.0,18.0,0,1,11,0,0,50,0,0,2,0
2000309,1.0,0.05,0.9,-2.092984374999998,-1.9999999999999982,0.09298437499999994,-13,92.984375,8.578125,0.234375,0.03125,0.0,0.5937500000000007,0.48124999999999996,0.9362814085766525,0.055112814476636705,0.7027003824994421,0.05,-0.75,-1.2499999999999998,3.0,14.0,0,2,7,0,0,54,0,0,1,0
2000310,1.0,0.05,0.9,-4.080203124999996,-3.9999999999999964,0.08020312500000001,-18,80.203125,7.578125,0.28125,0.0,0.015625,0.590476190476191,0.47619047619047616,0.9962729663068922,0.13783750217601456,0.9876749463191696,0.05,-0.7999999999999998,-3.2,4.0,14.0,0,0,15,0,2,41,0,1,4,1
2000311,1.0,0.05,0.9,-1.645171874999998,-1.5999999999999979,0.04517187500000002,-12,45.171875,5.609375,0.21875,0.03125,0.0,0.5843750000000005,0.48359375000000004,0.9815766844351503,0.061080598225118826,0.8890726152243025,0.05,-0.5,-1.0999999999999999,4.0,12.0,0,2,11,0,2,43,0,1,5,0
2000312,1.0,0.05,0.9,-3.4315937499999998,-3.3499999999999996,0.08159374999999999,-14,81.59375,7.90625,0.234375,0.015625,0.0,0.5875000000000007,0.4671875000000001,0.9511717546502321,0.05145536382803032,0.8595496975216663,0.05000000000000001,-0.95,-2.4000000000000004,4.0,12.0,0,2,14,0,1,45,0,1,1,0
2000313,0.0,0.05,0.9,10.57790625,10.65,0.07209374999999998,-13,72.09375,7.90625,0.234375,0.03125,0.0,0.5937500000000007,0.4789062500000001,0.9226183116989362,0.052832268743089196,0.6667533145581138,0.05,-0.4,11.050000000000002,2.0,15.0,0,2,10,0,0,49,0,0,3,0
2000314,1.0,0.05,0.9,-4.439562499999998,-4.349999999999998,0.08956250000000006,-16,89.5625,8.1875,0.25,0.0,0.0,0.5906250000000006,0.46953125000000007,0.981511905529314,0.05294578161022051,0.9663567817638208,0.05,0.0,-4.35,0.0,16.0,0,1,18,0,0,39,0,2,4,0
2000315,1.0,0.05,0.9,-3.996656249999995,-3.899999999999995,0.09665625,-19,96.65625,8.25,0.3125,0.015625,0.0,0.5875000000000007,0.4859375,0.9970665729550672,0.210806156031406,0.9677052271122321,0.05,-0.3999999999999999,-3.5000000000000004,2.0,19.0,0,1,9,1,0,49,0,1,3,0
2000316,1.0,0.05,0.9,-3.39690625,-3.3499999999999996,0.046906250000000003,-12,46.90625,5.65625,0.1875,0.0,0.0,0.5843750000000006,0.48125000000000007,0.948621566251738,0.05006221334583812,0.921093355526017,0.049999999999999996,-0.19999999999999996,-3.1500000000000004,1.0,11.0,0,1,16,0,1,37,1,1,7,0
2000317,1.0,0.05,0.9,-2.9491250000000004,-2.9000000000000004,0.04912500000000002,-13,49.125,6.0,0.203125,0.0,0.0,0.5875000000000007,0.47421875000000013,0.9850009241057984,0.05106696196396242,0.9719838149493917,0.05,-0.6499999999999999,-2.25,4.0,9.0,0,1,15,0,0,43,1,1,3,0
2000318,1.0,0.05,0.9,-3.250937499999999,-3.1999999999999993,0.050937500000000024,-13,50.9375,6.0625,0.21875,0.015625,0.03125,0.5838709677419361,0.45887096774193564,0.9355670844009283,0.051197588203830094,0.8230279340794108,0.049999999999999996,-0.7999999999999998,-2.4,4.0,11.0,0,1,16,2,0,43,0,0,0,2
2000319,1.0,0.05,0.9,-3.8390625,-3.75,0.08906249999999999,-14,89.0625,8.1875,0.234375,0.015625,0.0,0.5843750000000005,0.4671875000000001,0.9556781746274925,0.05100928760793243,0.886984870523291,0.049999999999999996,-0.19999999999999996,-3.5500000000000007,1.0,15.0,1,2,14,0,1,43,0,0,3,0
2000320,1.0,0.05,0.9,-1.7312499999999986,-1.6499999999999986,0.08125000000000002,-13,81.25,8.25,0.234375,0.03125,0.015625,0.5873015873015879,0.49047619047619045,0.9715027707913501,0.06844284438007278,0.8253359991273406,0.05,-1.2,-0.44999999999999973,6.0,11.0,0,1,9,0,0,47,0,3,3,1
2000321,1.0,0.05,0.9,-2.0325156250000016,-2.0000000000000018,0.03251562500000002,-9,32.515625,4.953125,0.171875,0.03125,0.0,0.5718750000000005,0.4531250000000001,0.7417234949221303,0.05003215070574375,0.33318462815860206,0.05000000000000001,-0.19999999999999996,-1.8000000000000007,1.0,12.0,0,2,21,2,1,35,0,2,1,0
2000322,0.0,0.05,0.9,7.629921875,7.65,0.020078125000000013,-9,20.078125,3.703125,0.171875,0.03125,0.0,0.5968750000000007,0.46015625000000016,0.6247134420331084,0.050062866914128264,0.17876273650127575,0.049999999999999996,-0.25,7.9,2.0,11.0,0,1,18,0,0,43,0,0,2,0
2000323,1.0,0.05,0.9,-3.2144687499999987,-3.1499999999999986,0.06446875000000002,-15,64.46875,6.5625,0.25,0.015625,0.015625,0.590476190476191,0.46666666666666673,0.9732375526226078,0.0625124881218933,0.9092380122093527,0.049999999999999996,-0.5999999999999999,-2.55,3.0,14.0,1,0,15,0,1,44,0,0,2,1
2000324,1.0,0.05,0.9,-4.326218749999995,-4.199999999999996,0.12621874999999996,-19,126.21875,10.125,0.296875,0.0,0.0,0.5812500000000007,0.5117187499999999,0.9976544199143481,0.16356464216163635,0.9904367531404191,0.049999999999999996,-0.5999999999999999,-3.6000000000000005,3.0,16.0,0,0,5,2,0,47,0,2,8,0
2000325,1.0,0.05,0.9,-1.5063124999999993,-1.4499999999999993,0.05631250000000003,-11,56.3125,6.84375,0.21875,0.046875,0.015625,0.5873015873015879,0.4666666666666667,0.8131159380956005,0.052700452200857305,0.2716187654959473,0.049999999999999996,-0.3999999999999999,-1.05,2.0,15.0,0,1,14,1,1,45,0,0,1,1
2000326,1.0,0.05,0.9,-0.3868593749999997,-0.34999999999999964,0.03685937500000001,-9,36.859375,5.109375,0.203125,0.0625,0.0,0.5875000000000007,0.4648437500000001,0.7217422024519237,0.05194564273272455,0.08326453684824792,0.05,-0.6499999999999999,0.30000000000000027,2.0,15.0,0,2,15,1,0,44,0,0,2,0
2000327,0.0,0.05,0.9,9.06253125,9.1,0.037468750000000016,-10,37.46875,5.625,0.203125,0.046875,0.015625,0.5841269841269846,0.4690476190476191,0.6106926481972377,0.05093461586950591,0.09693423283510673,0.05,-0.45,9.55,3.0,13.0,0,1,14,0,1,45,1,1,0,1
2000328,0.0,0.05,0.9,7.24153125,7.25,0.008468750000000006,-6,8.46875,2.21875,0.171875,0.078125,0.0,0.5875000000000007,0.45312500000000017,0.5029782882283086,0.05059585144050653,0.005383287065150532,0.05,-0.8500000000000001,8.1,5.0,11.0,0,0,23,0,1,37,1,1,1,0
2000329,0.0,0.05,0.9,9.2520625,9.299999999999999,0.04793750000000003,-10,47.9375,6.09375,0.203125,0.046875,0.0,0.5843750000000006,0.46718750000000003,0.7801934508433788,0.052966599222988804,0.16343823864254572,0.05000000000000001,-0.25,9.549999999999999,2.0,14.0,1,0,16,1,0,43,0,1,2,0
2000330,1.0,0.05,0.9,-4.044093749999997,-3.9499999999999975,0.09409375000000002,-16,94.09375,8.53125,0.25,0.0,0.0,0.5968750000000007,0.46015625000000016,0.9863011027157387,0.05752188188783713,0.9732481085464262,0.05,-0.3999999999999999,-3.5500000000000003,2.0,14.0,0,1,17,0,0,45,0,0,1,0
2000331,0.0,0.05,0.9,5.192171875,5.199999999999999,0.007828125000000005,-4,7.828125,2.484375,0.125,0.0625,0.0,0.5968750000000007,0.4554687500000002,0.6550648478896206,0.05002945736482562,0.01593721050888647,0.05,-0.8,6.0,4.0,8.0,0,0,24,0,0,35,0,1,4,0
2000332,1.0,0.05,0.9,-1.272703125,-1.25,0.02270312500000001,-10,22.703125,4.046875,0.203125,0.046875,0.0,0.5843750000000006,0.47890625000000003,0.7476691042796201,0.050333050118861904,0.22296906375026937,0.05,-0.9000000000000001,-0.3500000000000001,3.0,13.0,0,1,15,1,1,39,0,1,6,0
2000333,0.0,0.05,0.9,9.921484375000002,9.950000000000003,0.02851562500000001,-9,28.515625,4.484375,0.21875,0.078125,0.0,0.5968750000000006,0.46484375000000006,0.12581167755518946,0.051986137406442756,0.0011030007027661624,0.05,-0.35,10.3,4.0,15.0,0,0,17,0,1,44,0,0,2,0
2000334,1.0,0.05,0.9,-3.4043124999999934,-3.2999999999999936,0.10431249999999999,-17,104.3125,9.34375,0.28125,0.015625,0.0,0.5812500000000005,0.48828125,0.9949599613419124,0.13686282327613813,0.9699599247951038,0.049999999999999996,-0.44999999999999996,-2.8499999999999996,3.0,16.0,0,2,7,1,1,49,0,1,3,0
2000335,1.0,0.05,0.9,-3.390578124999997,-3.299999999999997,0.09057812499999998,-16,90.578125,8.546875,0.265625,0.015625,0.0,0.5812500000000006,0.48125,0.9819150737927945,0.07148128692993957,0.9328004471442045,0.049999999999999996,-0.3999999999999999,-2.9000000000000004,2.0,16.0,0,4,8,1,0,47,0,0,4,0
2000336,0.0,0.05,0.9,9.51003125,9.55,0.03996875000000001,-11,39.96875,5.4375,0.234375,0.0625,0.0,0.5718750000000006,0.46250000000000024,0.723534955849921,0.05290774068010188,0.11856519968684125,0.05000000000000001,-0.6000000000000001,10.15,3.0,16.0,1,2,15,1,1,42,1,0,1,0
2000337,1.0,0.05,0.9,-1.5775625000000006,-1.5500000000000007,0.0275625,-7,27.5625,4.90625,0.125,0.015625,0.015625,0.6000000000000006,0.4500000000000001,0.819953072821685,0.05000695966017427,0.5627605344512189,0.05,-0.19999999999999996,-1.3500000000000003,1.0,8.0,0,0,23,0,0,38,0,0,2,1
2000338,0.0,0.05,0.9,12.269046875000003,12.350000000000003,0.080953125,-16,80.953125,7.953125,0.28125,0.03125,0.015625,0.5841269841269847,0.4785714285714287,0.9415304712372187,0.0639202593485627,0.7189196050388342,0.05,-0.4,12.750000000000004,2.0,18.0,0,1,10,1,0,49,1,0,1,1
2000339,0.0,0.05,0.9,5.571812500000001,5.6000000000000005,0.028187500000000008,-7,28.1875,4.71875,0.125,0.015625,0.0,0.5875000000000007,0.4765625000000001,0.8035857800044993,0.0500028371072334,0.5876753558987995,0.05000000000000001,-0.2,5.800000000000001,1.0,8.0,0,0,13,1,1,46,0,1,2,0
2000340,0.0,0.05,0.9,10.868796875000001,10.950000000000001,0.08120312499999996,-13,81.203125,7.671875,0.234375,0.03125,0.0,0.5843750000000006,0.48593749999999997,0.9318277749237612,0.054151380812872615,0.6911199837381478,0.05,-0.4,11.350000000000001,2.0,15.0,1,0,11,0,2,44,0,1,5,0
2000341,1.0,0.05,0.9,-5.341140624999997,-5.2499999999999964,0.091140625,-18,91.140625,7.984375,0.28125,0.0,0.015625,0.5873015873015879,0.4642857142857144,0.9856826751205002,0.06234477788962255,0.9719874664495456,0.05,-1.3,-3.95,5.0,13.0,0,1,18,1,0,39,0,1,3,1
2000342,0.0,0.05,0.9,14.420828125000003,14.500000000000004,0.07917187500000002,-18,79.171875,7.078125,0.3125,0.03125,0.0,0.5812500000000006,0.490625,0.990935514509545,0.1771784620957454,0.8944257915309305,0.05,-0.3,14.800000000000002,1.0,21.0,1,0,8,0,2,48,0,2,3,0
2000343,0.0,0.05,0.9,9.104875000000002,9.150000000000002,0.04512500000000001,-10,45.125,5.875,0.21875,0.0625,0.03125,0.5806451612903231,0.46612903225806457,0.42072073412873545,0.05124220108565203,0.02651340053576229,0.05,-0.25,9.400000000000002,2.0,16.0,0,3,16,0,1,37,0,2,3,2
2000344,0.0,0.05,0.9,10.602156250000002,10.650000000000002,0.047843750000000004,-10,47.84375,6.03125,0.25,0.09375,0.015625,0.5841269841269847,0.47619047619047633,0.8125490709312235,0.14427917061453566,0.024267406378088167,0.049999999999999996,-1.2,11.850000000000003,5.0,17.0,0,1,13,1,0,44,0,2,2,1
2000345,1.0,0.05,0.9,-1.1425781249999978,-1.0999999999999979,0.04257812500000002,-10,42.578125,5.984375,0.203125,0.046875,0.0,0.5843750000000006,0.4765625000000001,0.8454667224537649,0.051306860970854726,0.33915342913391167,0.049999999999999996,-1.05,-0.04999999999999982,4.0,12.0,0,1,11,1,1,48,0,1,1,0
2000346,0.0,0.05,0.9,7.638890625,7.65,0.011109375000000006,-7,11.109375,2.703125,0.203125,0.09375,0.0,0.5843750000000005,0.46953125000000007,0.7257316878391654,0.0542990053023811,0.019853443175907533,0.05,-0.9500000000000002,8.6,4.0,15.0,0,0,18,1,1,39,0,2,3,0
2000347,0.0,0.05,0.9,7.274796875000001,7.300000000000001,0.025203125000000007,-6,25.203125,4.609375,0.1875,0.09375,0.015625,0.5714285714285718,0.45714285714285735,0.7277194228424747,0.05373297637850883,0.00995149868573746,0.05,-1.4500000000000002,8.750000000000002,6.0,12.0,0,3,18,2,2,35,0,0,3,1
2000348,0.0,0.05,0.9,8.0728125,8.1,0.027187500000000003,-8,27.1875,4.375,0.1875,0.0625,0.03125,0.5870967741935489,0.47822580645161306,0.5172068658272193,0.050861026879861125,0.03543201040860044,0.049999999999999996,-0.8,8.9,4.0,12.0,0,1,12,1,1,43,0,0,4,2
2000349,0.0,0.05,0.9,10.407578125,10.450000000000001,0.04242187500000002,-13,42.421875,5.390625,0.234375,0.03125,0.0,0.5812500000000006,0.45546875000000014,0.9124667356980423,0.053667446518918416,0.6275890003384729,0.05,-0.4,10.85,2.0,15.0,0,3,19,0,3,36,0,0,3,0
2000350,0.0,0.05,0.9,6.892546874999998,6.899999999999998,0.007453125000000006,-5,7.453125,2.421875,0.171875,0.09375,0.015625,0.5936507936507942,0.4595238095238097,0.34126120433445684,0.05041846882061976,0.0012797086787593626,0.05000000000000001,-0.6500000000000001,7.549999999999998,4.0,13.0,0,0,21,0,1,37,0,1,3,1
2000351,1.0,0.05,0.9,-1.412578124999996,-1.349999999999996,0.06257812500000001,-12,62.578125,6.703125,0.234375,0.046875,0.0,0.5812500000000006,0.48828125,0.9064197569536833,0.057168225800068626,0.4856031799907254,0.05,-0.19999999999999996,-1.15,1.0,17.0,0,2,11,1,0,42,0,2,6,0
2000352,0.0,0.05,0.9,10.705703125000001,10.750000000000002,0.04429687500000001,-11,44.296875,5.984375,0.25,0.078125,0.0,0.5937500000000007,0.4625,0.84419145505076,0.10902252122448494,0.06646916262775653,0.049999999999999996,-1.0,11.750000000000002,5.0,16.0,0,1,18,0,1,41,0,0,3,0
2000353,1.0,0.05,0.9,-3.3324062499999965,-3.2499999999999964,0.08240625000000003,-17,82.40625,7.96875,0.28125,0.015625,0.015625,0.5873015873015879,0.4857142857142857,0.9914818195860704,0.13229206928881282,0.9535291876221201,0.05000000000000001,-0.75,-2.5,3.0,16.0,0,1,9,0,0,49,1,1,2,1
2000354,0.0,0.05,0.9,8.773187499999999,8.799999999999999,0.0268125,-8,26.8125,4.59375,0.21875,0.09375,0.0,0.5875000000000007,0.46953125000000007,0.08748051999059887,0.050317001944380615,0.0005956563491174079,0.049999999999999996,-0.7,9.5,5.0,15.0,0,1,16,1,0,42,0,1,3,0
2000355,1.0,0.05,0.9,-1.8524843749999989,-1.799999999999999,0.052484375000000014,-12,52.484375,6.109375,0.21875,0.03125,0.0,0.5937500000000007,0.4648437500000001,0.9507276146342493,0.05544736131756772,0.7349219288987675,0.05,-1.15,-0.6500000000000001,5.0,11.0,0,2,17,0,0,41,0,0,4,0
2000356,0.0,0.05,0.9,4.289171875,4.3,0.010828125000000008,-4,10.828125,2.984375,0.109375,0.046875,0.015625,0.5873015873015879,0.44523809523809554,0.4772053285312319,0.05000274817356543,0.0225159612568151,0.05,-0.25,4.549999999999999,2.0,8.0,0,3,24,0,0,32,0,1,3,1
2000357,0.0,0.05,0.9,9.876531250000003,9.950000000000003,0.07346875000000003,-12,73.46875,7.71875,0.21875,0.03125,0.015625,0.5873015873015879,0.4714285714285715,0.7656303969988516,0.051072924684189475,0.3126871365531878,0.05,-0.04999999999999999,10.000000000000002,1.0,15.0,0,1,17,0,1,38,1,0,5,1
2000358,1.0,0.05,0.9,-0.9307187500000004,-0.9000000000000004,0.030718749999999993,-7,30.71875,5.0625,0.125,0.015625,0.03125,0.5903225806451619,0.4685483870967744,0.8907946052390839,0.05003275661138691,0.6754723697746047,0.05,0.0,-0.8999999999999997,0.0,9.0,0,2,12,0,0,47,0,1,0,2
2000359,1.0,0.05,0.9,0.07762499999999964,0.09999999999999964,0.02237500000000001,-7,22.375,4.28125,0.171875,0.0625,0.0,0.5875000000000007,0.4835937500000001,0.5782779551090625,0.05010369979956173,0.05227625557414389,0.05000000000000001,-0.3500000000000001,0.4500000000000003,1.0,14.0,0,2,10,1,0,46,0,0,5,0
2000360,1.0,0.05,0.9,-2.901718749999998,-2.849999999999998,0.05171875000000002,-15,51.71875,5.9375,0.25,0.015625,0.015625,0.5746031746031752,0.4833333333333334,0.9791944986779375,0.0679766809277161,0.9251084707948057,0.05,-0.19999999999999996,-2.6500000000000004,1.0,16.0,0,0,8,3,2,49,0,0,1,1
2000361,1.0,0.05,0.9,-2.0643749999999965,-1.9999999999999964,0.06437500000000003,-13,64.375,6.84375,0.234375,0.03125,0.0,0.5843750000000006,0.4765625,0.9372075693734416,0.05593011348161116,0.7027003824994421,0.05,-0.95,-1.0499999999999998,4.0,13.0,0,1,11,1,1,48,0,1,1,0
2000362,1.0,0.05,0.9,-3.9054218749999956,-3.7999999999999954,0.105421875,-18,105.421875,8.859375,0.296875,0.015625,0.015625,0.5809523809523816,0.4785714285714286,0.9980757467494773,0.20180412981509466,0.9799230953390492,0.049999999999999996,-0.6000000000000001,-3.2,3.0,17.0,0,0,12,3,0,45,0,0,3,1
2000363,0.0,0.05,0.9,10.011624999999999,10.049999999999999,0.03837500000000001,-11,38.375,5.4375,0.25,0.078125,0.0,0.5875000000000007,0.4671875000000001,0.7272959898714618,0.06509725470161107,0.06511263737798334,0.05000000000000001,-1.25,11.3,5.0,16.0,0,1,17,1,1,40,0,0,4,0
2000364,0.0,0.05,0.9,7.294718749999999,7.299999999999999,0.005281250000000003,-5,5.28125,1.71875,0.203125,0.125,0.0,0.5843750000000006,0.4648437500000001,0.2807704738288879,0.05315116940114723,0.00024156991666787913,0.05,-1.4,8.7,6.0,15.0,0,0,21,0,2,35,0,3,3,0
2000365,1.0,0.05,0.9,-4.528312499999995,-4.399999999999995,0.1283125,-19,128.3125,9.6875,0.296875,0.0,0.0,0.5843750000000006,0.48828124999999994,0.9970697939196811,0.15119279739592195,0.9892300884036426,0.05,-1.3999999999999997,-3.000000000000001,7.0,12.0,0,0,7,2,0,53,0,1,1,0
2000366,1.0,0.05,0.9,-4.546718749999996,-4.449999999999996,0.09671875,-20,96.71875,8.21875,0.328125,0.015625,0.0,0.6000000000000008,0.46718750000000014,0.9989510169611535,0.2504229215931001,0.9780958156281558,0.049999999999999996,-1.6500000000000001,-2.8,6.0,16.0,0,0,16,0,0,46,0,0,2,0
2000367,0.0,0.05,0.9,9.69534375,9.75,0.05465625000000002,-11,54.65625,7.0,0.21875,0.046875,0.0,0.5781250000000006,0.4789062500000001,0.8223385527789334,0.05171089100810895,0.29600871988679633,0.05,-0.2,9.95,1.0,16.0,0,0,15,1,3,39,0,2,4,0
2000368,0.0,0.05,0.9,11.162375,11.200000000000001,0.03762500000000002,-10,37.625,5.78125,0.265625,0.109375,0.0,0.5906250000000006,0.4765625000000001,0.7376457191990532,0.16643505454874918,0.004690380219867927,0.05,-1.2,12.400000000000002,6.0,18.0,0,0,12,0,2,48,0,1,1,0
2000369,0.0,0.05,0.9,7.243421874999999,7.249999999999999,0.006578125000000002,-7,6.578125,1.921875,0.1875,0.078125,0.015625,0.590476190476191,0.46190476190476215,0.0899833176132124,0.050032283897178995,0.0011930285428497314,0.05000000000000001,-0.5,7.749999999999999,4.0,13.0,1,0,22,0,1,32,0,0,7,1
2000370,0.0,0.05,0.9,9.992562500000002,10.050000000000002,0.0574375,-11,57.4375,6.96875,0.21875,0.046875,0.015625,0.590476190476191,0.47857142857142865,0.9157610193660318,0.05915970914081126,0.4500995643268659,0.05,-0.2,10.250000000000004,1.0,16.0,0,2,14,0,0,40,0,1,6,1
2000371,1.0,0.05,0.9,-3.999968750000001,-3.950000000000001,0.04996875000000003,-13,49.96875,6.25,0.203125,0.0,0.0,0.5812500000000006,0.47421875,0.949130038526015,0.050089906235143096,0.9218805165983647,0.05000000000000001,-0.3999999999999999,-3.5500000000000003,2.0,11.0,0,2,13,2,0,43,0,0,4,0
2000372,1.0,0.05,0.9,-1.4309843749999986,-1.3999999999999986,0.030984375000000015,-12,30.984375,4.359375,0.234375,0.046875,0.0,0.5906250000000006,0.47421875,0.9239534181207766,0.06219617376995201,0.48124784181825575,0.05000000000000001,-0.3999999999999999,-1.0,3.0,15.0,0,1,14,0,1,44,0,1,3,0
2000373,0.0,0.05,0.9,9.28996875,9.35,0.06003125000000001,-10,60.03125,6.9375,0.21875,0.0625,0.0,0.5781250000000006,0.4648437500000001,0.8664358771527421,0.0612474254327405,0.20950859492479634,0.05,0.0,9.35,0.0,18.0,0,2,17,1,1,39,1,0,3,0
2000374,0.0,0.05,0.9,6.234390625,6.25,0.015609375000000009,-4,15.609375,3.328125,0.15625,0.09375,0.015625,0.5936507936507943,0.480952380952381,0.25025285737027786,0.05014481653260916,0.0010048492002599002,0.05,-0.5,6.75,4.0,12.0,0,0,13,0,0,45,0,2,3,1
2000375,0.0,0.05,0.9,8.694015624999999,8.7,0.005984375000000004,-5,5.984375,1.953125,0.203125,0.125,0.0,0.5906250000000006,0.45546875000000014,0.028111217591975313,0.0513519611824221,4.421522832951705e-06,0.05000000000000001,-0.8,9.499999999999998,7.0,14.0,0,1,20,0,2,39,0,0,2,0
2000376,1.0,0.05,0.9,-2.301062500000001,-2.250000000000001,0.051062500000000025,-10,51.0625,6.40625,0.171875,0.015625,0.015625,0.5841269841269847,0.47619047619047633,0.8858171459914054,0.05005439931025713,0.7289969237666551,0.05,-0.3500000000000001,-1.9,1.0,11.0,0,3,10,0,1,46,0,1,2,1
2000377,0.0,0.05,0.9,7.093265625,7.1,0.006734375000000004,-6,6.734375,1.984375,0.171875,0.078125,0.0,0.5843750000000006,0.46015625000000016,0.2556203121954206,0.05017454696095966,0.002348463695580971,0.05,-0.7,7.799999999999999,4.0,12.0,0,1,18,1,2,40,0,0,2,0
2000378,1.0,0.05,0.9,-3.5332499999999967,-3.399999999999997,0.13324999999999998,-17,133.25,10.5625,0.28125,0.015625,0.0,0.6000000000000006,0.48125,0.9889188408298611,0.1056316923617408,0.9487949778795878,0.05,-1.3499999999999999,-2.05,6.0,13.0,0,0,11,0,0,50,0,0,3,0
2000379,1.0,0.05,0.9,-3.8082343749999956,-3.6999999999999957,0.10823437500000001,-17,108.234375,8.984375,0.28125,0.015625,0.0,0.5906250000000007,0.48359375,0.984265911666494,0.08207533957536443,0.93792776430188,0.05,-0.3999999999999999,-3.3000000000000007,2.0,17.0,1,1,8,0,0,51,0,0,3,0
2000380,0.0,0.05,0.9,4.935796874999999,4.949999999999999,0.01420312500000001,-5,14.203125,3.484375,0.125,0.046875,0.0,0.5906250000000006,0.46015625000000004,0.6406871762316283,0.050006234429943175,0.08632993277685501,0.05000000000000001,-0.6000000000000001,5.549999999999999,3.0,8.0,0,1,20,0,1,38,0,1,3,0
2000381,1.0,0.05,0.9,-2.615921874999999,-2.549999999999999,0.06592187500000002,-13,65.921875,7.421875,0.234375,0.03125,0.0,0.5781250000000007,0.4601562500000001,0.9019948935048864,0.053119401139797906,0.587601033010057,0.05,0.0,-2.55,0.0,17.0,1,3,15,1,0,42,0,0,2,0
2000382,1.0,0.05,0.9,-3.662203124999998,-3.599999999999998,0.062203125000000026,-16,62.203125,6.640625,0.265625,0.015625,0.0,0.5937500000000007,0.4859375,0.9835489341179212,0.06494959334122122,0.9478666206010554,0.05000000000000001,-0.75,-2.8500000000000005,3.0,15.0,0,1,11,0,0,46,0,1,5,0
2000383,1.0,0.05,0.9,-3.4595468749999942,-3.3499999999999943,0.10954687499999997,-19,109.546875,9.296875,0.34375,0.046875,0.015625,0.5746031746031751,0.48809523809523814,0.9986959776766697,0.28302307494521006,0.8181196081921807,0.05000000000000001,-0.75,-2.6000000000000005,3.0,22.0,1,1,7,1,3,46,0,0,4,1
2000384,0.0,0.05,0.9,4.886453124999999,4.8999999999999995,0.013546875000000009,-4,13.546875,3.453125,0.125,0.0625,0.0,0.5812500000000006,0.4648437500000001,0.6135941341719332,0.05001112292724619,0.028004929626411667,0.049999999999999996,-0.8,5.699999999999999,4.0,8.0,0,1,17,1,3,39,0,0,3,0
2000385,0.0,0.05,0.9,8.275624999999998,8.299999999999997,0.024375000000000004,-8,24.375,4.4375,0.203125,0.078125,0.015625,0.5841269841269847,0.47380952380952396,0.2538147479610095,0.05035508728030088,0.005826081484465157,0.05,-0.8500000000000001,9.15,5.0,13.0,0,0,14,1,2,43,0,1,2,1
2000386,1.0,0.05,0.9,-4.200124999999996,-4.099999999999996,0.10012500000000002,-18,100.125,8.40625,0.28125,0.0,0.0,0.5781250000000007,0.4976562500000001,0.9971555188914866,0.12011211877951633,0.9912711900383987,0.049999999999999996,-1.0499999999999998,-3.0500000000000003,6.0,12.0,0,1,4,2,0,53,1,0,3,0
2000387,1.0,0.05,0.9,-3.4300781249999996,-3.3499999999999996,0.080078125,-14,80.078125,7.890625,0.21875,0.0,0.0,0.5906250000000006,0.4882812500000001,0.9866235596272275,0.051449936815068126,0.97512577056016,0.05000000000000001,-0.44999999999999996,-2.9,3.0,11.0,0,1,9,0,1,48,0,1,4,0
2000388,0.0,0.05,0.9,10.55828125,10.6,0.04171875000000002,-12,41.71875,5.4375,0.25,0.0625,0.0,0.5937500000000007,0.47187500000000004,0.8243006598606069,0.0639050235215067,0.18825243597396626,0.05,-0.2,10.8,1.0,19.0,0,2,14,0,0,44,0,0,4,0
2000389,1.0,0.05,0.9,-1.6674843750000012,-1.6500000000000012,0.01748437500000001,-9,17.484375,3.265625,0.171875,0.03125,0.0,0.5906250000000007,0.46953125000000007,0.8352462418253344,0.050065191081879276,0.5005216898306605,0.05,-0.55,-1.1000000000000003,2.0,11.0,0,0,19,0,0,39,1,1,4,0
2000390,1.0,0.05,0.9,-3.052140625,-3.0,0.052140625,-12,52.140625,6.234375,0.1875,0.0,0.015625,0.5873015873015879,0.46904761904761905,0.960344035895042,0.0502064008165887,0.9352347137609188,0.049999999999999996,0.0,-3.0,0.0,12.0,0,0,18,1,0,39,1,0,4,1
2000391,0.0,0.05,0.9,10.316296874999999,10.35,0.03370312500000001,-10,33.703125,4.359375,0.25,0.09375,0.015625,0.5873015873015879,0.45714285714285724,0.6254540634618634,0.11528167532817232,0.007153456840432441,0.05,-0.5,10.850000000000001,2.0,20.0,0,1,19,0,3,38,0,0,2,1
2000392,1.0,0.05,0.9,-2.690609375,-2.6500000000000004,0.04060937500000001,-12,40.609375,5.609375,0.203125,0.015625,0.0,0.5750000000000006,0.46953124999999996,0.9331157945723746,0.05035869809237208,0.8184059586965073,0.05000000000000001,-1.1,-1.55,4.0,10.0,0,0,21,1,0,34,1,4,3,0
2000393,1.0,0.05,0.9,-4.499828124999999,-4.399999999999999,0.099828125,-16,99.828125,8.828125,0.25,0.0,0.0,0.5906250000000007,0.47890625000000003,0.9810387351466539,0.0525658946174087,0.9657647366872689,0.05000000000000001,-0.5999999999999999,-3.8000000000000003,3.0,13.0,0,1,11,1,0,48,0,0,3,0
2000394,1.0,0.05,0.9,-1.7327812499999993,-1.6999999999999993,0.032781250000000005,-10,32.78125,4.3125,0.1875,0.03125,0.0,0.5875000000000006,0.46015625000000016,0.844722541956183,0.050249103938350345,0.47170818751985377,0.04999999999999999,-0.55,-1.1500000000000001,2.0,12.0,0,1,20,0,1,38,0,2,2,0
2000395,0.0,0.05,0.9,11.110437500000002,11.150000000000002,0.039562500000000014,-11,39.5625,5.5,0.25,0.078125,0.015625,0.5746031746031752,0.4642857142857144,0.5945322420401132,0.1013439933239322,0.013995703237961343,0.05,-0.6,11.750000000000002,4.0,17.0,0,1,17,1,2,39,0,3,0,1
2000396,1.0,0.05,0.9,-3.2509687499999993,-3.1999999999999993,0.05096875000000002,-14,50.96875,5.375,0.234375,0.015625,0.015625,0.5809523809523816,0.4690476190476192,0.9708610144611511,0.05343031513996427,0.9075025682943538,0.05000000000000001,-0.3500000000000001,-2.8500000000000005,1.0,15.0,0,1,17,1,1,38,1,0,4,1
2000397,1.0,0.05,0.9,-2.5733437500000007,-2.5500000000000007,0.02334375000000001,-9,23.34375,3.78125,0.140625,0.0,0.0,0.5781250000000006,0.46015624999999993,0.9031599872263152,0.050006454452748386,0.8579710988592659,0.05,-0.19999999999999996,-2.35,1.0,8.0,0,1,19,2,0,39,0,2,1,0
2000398,0.0,0.05,0.9,7.882843749999998,7.899999999999999,0.017156250000000012,-8,17.15625,3.4375,0.1875,0.0625,0.0,0.5812500000000007,0.4554687500000002,0.45378734275203325,0.05042074011248585,0.01900144160358234,0.049999999999999996,-0.45,8.35,3.0,13.0,0,0,19,2,2,41,0,0,0,0
2000399,0.0,0.05,0.9,15.207468750000006,15.300000000000006,0.09253125000000002,-17,92.53125,8.28125,0.328125,0.0625,0.0,0.5906250000000006,0.4671875,0.8851230548917379,0.2471771487542454,0.018282694311212298,0.05000000000000001,-0.3,15.600000000000007,3.0,22.0,0,1,14,0,2,46,0,0,1,0
2000400,1.0,0.05,0.9,-3.790906249999995,-3.649999999999995,0.14090625000000004,-19,140.90625,10.28125,0.3125,0.015625,0.0,0.5906250000000006,0.5070312499999999,0.9984079546819629,0.2353252818909472,0.9748046383974286,0.049999999999999996,-1.6999999999999997,-1.9499999999999995,8.0,13.0,1,0,2,0,0,55,0,1,5,0
2000401,0.0,0.05,0.9,6.038718749999999,6.049999999999999,0.011281250000000008,-5,11.28125,2.75,0.140625,0.0625,0.0,0.5812500000000005,0.46015625000000027,0.384829627540482,0.050034852270933634,0.005704539309590741,0.049999999999999996,-0.3,6.35,3.0,10.0,0,3,21,0,2,31,0,1,6,0
2000402,1.0,0.05,0.9,-3.93996875,-3.8499999999999996,0.08996874999999999,-15,89.96875,8.625,0.234375,0.0,0.0,0.5843750000000006,0.47421875000000013,0.980313094038735,0.05187318150913551,0.9646068887512701,0.049999999999999996,-0.3500000000000001,-3.5,1.0,14.0,0,2,11,1,1,47,0,0,2,0
2000403,0.0,0.05,0.9,8.4240625,8.45,0.025937500000000013,-8,25.9375,4.5,0.203125,0.078125,0.015625,0.587301587301588,0.4666666666666667,0.3361331646367907,0.051062151612267535,0.006687501646571467,0.05,-0.65,9.1,4.0,14.0,0,1,17,1,1,39,0,0,4,1
2000404,1.0,0.05,0.9,-2.5292968749999973,-2.4499999999999975,0.07929687499999998,-13,79.296875,7.828125,0.21875,0.015625,0.0,0.5843750000000008,0.47187500000000004,0.9615009544114714,0.05246157985707433,0.8803078905433074,0.05,0.0,-2.4499999999999993,0.0,15.0,1,1,11,1,0,49,0,0,1,0
2000405,0.0,0.05,0.9,10.530921874999999,10.549999999999999,0.019078125000000005,-9,19.078125,3.390625,0.25,0.109375,0.015625,0.590476190476191,0.45714285714285724,0.444394375732146,0.120523876982246,0.0005247332510894672,0.05,-1.25,11.800000000000004,7.0,16.0,0,2,17,0,1,42,0,0,1,1
2000406,1.0,0.05,0.9,-2.6830937499999985,-2.6499999999999986,0.03309375000000001,-12,33.09375,4.71875,0.203125,0.015625,0.015625,0.5809523809523814,0.45952380952380967,0.9529641186498273,0.05116082400023893,0.8732852225443519,0.049999999999999996,-0.19999999999999996,-2.45,1.0,13.0,1,0,19,1,2,37,0,0,3,1
2000407,1.0,0.05,0.9,-3.3495156249999964,-3.2499999999999964,0.09951562500000002,-16,99.515625,8.796875,0.265625,0.015625,0.0,0.5843750000000006,0.49765625,0.9878475658103958,0.07524587858138758,0.9580318406292976,0.049999999999999996,-0.3999999999999999,-2.8500000000000005,2.0,16.0,0,1,3,1,2,54,0,0,3,0
2000408,1.0,0.05,0.9,-3.04865625,-3.0,0.048656250000000026,-13,48.65625,5.9375,0.234375,0.03125,0.0,0.5750000000000005,0.46953125000000007,0.8777373534392848,0.05081960280336105,0.5664833794524645,0.05,-0.19999999999999996,-2.8000000000000003,1.0,16.0,0,3,13,2,0,43,0,1,2,0
2000409,0.0,0.05,0.9,9.363578125,9.4,0.03642187500000001,-9,36.421875,5.578125,0.21875,0.078125,0.0,0.5843750000000006,0.46953125000000007,0.6855896644672324,0.05993341755565588,0.03161090920767464,0.05,-0.8,10.200000000000003,4.0,15.0,1,0,13,0,3,46,0,0,1,0
2000410,0.0,0.05,0.9,8.135578124999999,8.149999999999999,0.014421875000000011,-7,14.421875,3.359375,0.203125,0.09375,0.0,0.5781250000000006,0.46953125000000007,0.6720568424062194,0.05606692846379477,0.011507644882906252,0.05,-0.6000000000000001,8.749999999999998,3.0,16.0,0,0,14,2,2,45,0,1,0,0
2000411,1.0,0.05,0.9,-4.0654218749999975,-3.9499999999999975,0.11542187499999995,-18,115.421875,9.828125,0.296875,0.015625,0.0,0.5750000000000005,0.48125000000000007,0.9908664253737061,0.12878363901661183,0.951532039208796,0.049999999999999996,-0.75,-3.1999999999999993,3.0,17.0,0,2,10,2,0,46,1,0,3,0
2000412,0.0,0.05,0.9,6.884890625000001,6.9,0.015109375000000012,-7,15.109375,3.328125,0.171875,0.0625,0.0,0.5875000000000006,0.47187500000000016,0.7058484512973414,0.05021136742573598,0.08617279267406051,0.05,-0.6000000000000001,7.5,3.0,12.0,0,0,19,0,1,37,0,3,4,0
2000413,1.0,0.05,0.9,-3.623953124999997,-3.549999999999997,0.07395312500000001,-15,73.953125,7.359375,0.265625,0.03125,0.0,0.5875000000000006,0.46953125000000007,0.9401796303404927,0.05529077962580258,0.7504077973095202,0.05,-0.7000000000000002,-2.850000000000001,2.0,17.0,0,1,15,1,0,44,0,1,2,0
2000414,0.0,0.05,0.9,6.886109375,6.9,0.013890625000000007,-8,13.890625,2.984375,0.171875,0.046875,0.0,0.5875000000000007,0.4625,0.7650531504713691,0.05008195161375839,0.21553643339068806,0.05,-0.14999999999999997,7.049999999999999,1.0,13.0,0,1,22,1,1,32,0,0,7,0
2000415,1.0,0.05,0.9,-3.8408124999999984,-3.7499999999999982,0.09081250000000002,-16,90.8125,8.34375,0.25,0.0,0.0,0.5968750000000006,0.4765625000000001,0.9956415063294022,0.06731604165177174,0.9900563580779992,0.049999999999999996,-0.19999999999999996,-3.5500000000000007,2.0,14.0,0,0,17,0,0,40,0,1,6,0
2000416,1.0,0.05,0.9,-4.331578124999995,-4.249999999999995,0.081578125,-17,81.578125,7.953125,0.28125,0.015625,0.0,0.5937500000000007,0.46015625000000004,0.9754597387788223,0.06687120605091543,0.9150620890590799,0.05,-0.55,-3.7,2.0,17.0,0,2,18,0,0,41,0,0,3,0
2000417,1.0,0.05,0.9,-4.639874999999996,-4.4999999999999964,0.13987500000000003,-18,139.875,10.4375,0.28125,0.0,0.0,0.5750000000000006,0.4812500000000001,0.9959941967807162,0.0971116235651968,0.9894317502072247,0.05,-0.44999999999999996,-4.050000000000001,3.0,15.0,1,1,9,2,0,48,0,1,2,0
2000418,0.0,0.05,0.9,9.761765625000002,9.800000000000002,0.03823437500000001,-7,38.234375,5.859375,0.25,0.140625,0.0,0.5875000000000006,0.4648437500000001,0.5072997084744543,0.13000893747960976,0.00011204325407253214,0.05,-1.4000000000000001,11.200000000000003,7.0,18.0,0,0,18,1,2,40,0,0,3,0
2000419,0.0,0.05,0.9,11.852374999999999,11.899999999999999,0.04762500000000002,-13,47.625,5.6875,0.25,0.046875,0.0,0.5812500000000006,0.471875,0.9146240878957863,0.1140750195437003,0.3117335405612781,0.05,-0.45,12.35,3.0,16.0,0,1,16,0,2,40,1,1,3,0
2000420,1.0,0.05,0.9,-3.2329687500000004,-3.1500000000000004,0.08296875,-15,82.96875,7.9375,0.25,0.015625,0.0,0.5875000000000007,0.490625,0.9822073483525593,0.0580336041625345,0.9382206046934723,0.05,-0.95,-2.2,4.0,13.0,0,2,11,1,0,41,0,0,9,0
2000421,0.0,0.05,0.9,5.340765624999999,5.349999999999999,0.009234375000000005,-5,9.234375,2.203125,0.125,0.046875,0.015625,0.5873015873015879,0.4523809523809525,0.5287936684990144,0.050013712228535394,0.032928413444464545,0.049999999999999996,-0.04999999999999999,5.399999999999999,1.0,10.0,0,0,22,1,1,37,0,1,1,1
2000422,0.0,0.05,0.9,7.621171874999998,7.649999999999999,0.028828125000000007,-8,28.828125,4.671875,0.171875,0.046875,0.0,0.5875000000000007,0.46718750000000014,0.27577429371036566,0.05004097556497889,0.018968870654261148,0.05,-0.3,7.949999999999999,3.0,11.0,0,1,17,1,1,40,0,0,4,0
2000423,0.0,0.05,0.9,9.178609374999999,9.2,0.021390625000000014,-10,21.390625,3.828125,0.21875,0.0625,0.0,0.5843750000000006,0.46250000000000013,0.4289759147333223,0.050948431995167534,0.025704743912241573,0.049999999999999996,-0.6500000000000001,9.850000000000001,4.0,14.0,0,0,18,2,1,41,0,0,2,0
2000424,0.0,0.05,0.9,10.539218750000002,10.600000000000001,0.060781250000000016,-12,60.78125,6.3125,0.234375,0.046875,0.015625,0.5841269841269846,0.4666666666666667,0.7118939596117912,0.05694016188511557,0.1410639516202084,0.05,-0.4,11.0,2.0,16.0,0,1,16,2,0,41,0,0,3,1
2000425,0.0,0.05,0.9,9.693640625,9.75,0.05635937500000003,-11,56.359375,6.515625,0.21875,0.046875,0.0,0.5781250000000006,0.45312500000000017,0.6717615254148652,0.05296610331110318,0.1113273492333696,0.05,-0.25,10.000000000000002,2.0,15.0,0,1,20,2,1,39,0,1,0,0
2000426,0.0,0.05,0.9,8.82053125,8.85,0.029468750000000016,-10,29.46875,4.71875,0.203125,0.046875,0.0,0.5781250000000007,0.46015625000000004,0.8166111030508205,0.05156237377636464,0.24803336260599998,0.05,-0.4,9.25,2.0,14.0,1,4,14,0,1,42,0,0,2,0
2000427,0.0,0.05,0.9,6.445343750000001,6.450000000000001,0.004656250000000003,-5,4.65625,1.8125,0.15625,0.078125,0.015625,0.590476190476191,0.4547619047619049,0.12005850238290527,0.050039450438978936,0.0005442245724047479,0.049999999999999996,-0.5,6.949999999999999,4.0,11.0,0,0,25,0,1,31,0,2,4,1
2000428,1.0,0.05,0.9,-2.9464843749999963,-2.849999999999996,0.09648437499999998,-13,96.484375,8.859375,0.234375,0.03125,0.0,0.5906250000000006,0.4601562500000001,0.8859588154803222,0.051266606057166986,0.5788139483746821,0.05,-1.6000000000000003,-1.2499999999999998,5.0,12.0,0,1,17,1,0,44,0,0,1,0
2000429,0.0,0.05,0.9,8.585890625000001,8.600000000000001,0.014109375000000007,-6,14.109375,2.765625,0.21875,0.125,0.0,0.5843750000000006,0.46484375000000017,0.2397413742235219,0.056057230555807955,0.00017906508909795398,0.05000000000000001,-0.65,9.25,4.0,18.0,0,2,18,0,2,37,0,1,4,0
2000430,1.0,0.05,0.9,-3.674531249999998,-3.599999999999998,0.07453125,-15,74.53125,7.5,0.234375,0.0,0.0,0.5875000000000007,0.48125000000000007,0.9831262452303914,0.05261606134942872,0.9689172199423499,0.05,-0.5999999999999999,-3.000000000000001,3.0,12.0,0,2,9,0,1,49,0,1,2,0
2000431,1.0,0.05,0.9,-4.3323593749999985,-4.249999999999998,0.08235937500000004,-16,82.359375,6.828125,0.25,0.0,0.0,0.5875000000000006,0.47187500000000004,0.98431959809649,0.05419551695215615,0.9706034321148413,0.05000000000000001,-0.3999999999999999,-3.8500000000000005,2.0,14.0,0,3,12,0,1,45,0,0,3,0
2000432,1.0,0.05,0.9,-1.4910468749999992,-1.4499999999999993,0.04104687500000002,-11,41.046875,5.796875,0.203125,0.03125,0.015625,0.5873015873015879,0.4642857142857145,0.9452117509423211,0.054146084386204135,0.7037524482768786,0.049999999999999996,-0.6000000000000001,-0.8499999999999999,3.0,12.0,0,1,19,1,0,37,0,1,4,1
2000433,1.0,0.05,0.9,-2.983187499999996,-2.849999999999996,0.1331875,-17,133.1875,10.25,0.296875,0.03125,0.0,0.5875000000000006,0.49531249999999993,0.9889389320548935,0.165599758286273,0.8728683852092806,0.05,-0.7499999999999998,-2.0999999999999996,4.0,17.0,0,1,7,0,1,49,0,2,4,0
2000434,1.0,0.05,0.9,-4.139249999999996,-3.9999999999999964,0.13925,-20,139.25,10.21875,0.34375,0.03125,0.0,0.6000000000000008,0.48359375000000004,0.998925481957511,0.27282674546142777,0.9382884821772836,0.05000000000000001,-0.3999999999999999,-3.6000000000000014,2.0,22.0,0,0,12,0,0,47,0,0,5,0
2000435,0.0,0.05,0.9,9.75434375,9.8,0.045656250000000016,-12,45.65625,5.3125,0.234375,0.046875,0.0,0.5718750000000006,0.4578125000000001,0.6949718648419843,0.0521128105285189,0.16387764839369523,0.05,-0.7,10.500000000000002,3.0,15.0,1,1,18,2,0,40,0,2,0,0
2000436,0.0,0.05,0.9,7.9055,7.95,0.04450000000000001,-6,44.5,5.84375,0.171875,0.078125,0.0,0.5906250000000006,0.48593750000000013,0.08354836355290786,0.05007213159703533,0.0006779738134366075,0.05000000000000001,-0.5,8.45,4.0,12.0,0,1,10,0,1,47,0,1,4,0
2000437,1.0,0.05,0.9,-3.076624999999998,-2.9999999999999982,0.07662499999999998,-13,76.625,7.90625,0.21875,0.015625,0.0,0.5843750000000005,0.48125,0.9415223474098219,0.05055500693511571,0.8398411032060401,0.05,-0.19999999999999996,-2.8000000000000007,1.0,14.0,0,3,12,0,1,41,0,1,6,0
2000438,1.0,0.05,0.9,-2.237734375000001,-2.200000000000001,0.03773437500000002,-11,37.734375,5.609375,0.203125,0.03125,0.0,0.5937500000000007,0.4578125000000002,0.8433141934576066,0.05032746476176485,0.4848121497305008,0.05,-0.7000000000000002,-1.5000000000000002,2.0,13.0,0,1,20,0,1,39,0,0,3,0
2000439,0.0,0.05,0.9,7.8773124999999995,7.8999999999999995,0.022687500000000013,-8,22.6875,4.15625,0.171875,0.046875,0.015625,0.5968253968253975,0.4833333333333334,0.5480681432632981,0.0501703925186751,0.07526801446529548,0.05000000000000001,-0.04999999999999999,7.95,1.0,13.0,0,0,10,0,0,50,0,1,2,1
2000440,1.0,0.05,0.9,-3.5369218749999978,-3.4499999999999975,0.08692187500000005,-16,86.921875,8.078125,0.265625,0.015625,0.0,0.5906250000000007,0.4859375,0.977722827770347,0.06328401176912186,0.9229026912957047,0.05000000000000001,-0.19999999999999996,-3.250000000000001,1.0,17.0,0,0,10,1,1,48,0,0,4,0
2000441,1.0,0.05,0.9,-4.210328124999994,-4.099999999999994,0.11032812500000001,-21,110.328125,8.609375,0.34375,0.015625,0.015625,0.590476190476191,0.4833333333333334,0.9998693714709361,0.2917513523907285,0.9825238004791216,0.049999999999999996,-0.9999999999999998,-3.1000000000000005,5.0,18.0,0,1,8,1,0,51,0,0,2,1
2000442,1.0,0.05,0.9,-4.122749999999999,-4.049999999999999,0.07275000000000002,-15,72.75,7.03125,0.234375,0.0,0.0,0.5968750000000007,0.46484375,0.9760945024882546,0.05129642811386313,0.9582557799416493,0.049999999999999996,-0.5999999999999999,-3.4500000000000006,3.0,12.0,0,1,17,0,0,43,0,0,3,0
2000443,1.0,0.05,0.9,-4.832812499999998,-4.649999999999999,0.18281250000000007,-21,182.8125,12.1875,0.34375,0.015625,0.0,0.5750000000000005,0.490625,0.9997558538612596,0.2794378141873249,0.9880598313785334,0.05000000000000001,-1.95,-2.7,9.0,14.0,0,1,7,2,1,49,0,2,2,0
2000444,1.0,0.05,0.9,-1.8963281249999955,-1.7999999999999954,0.09632812500000003,-13,96.328125,9.078125,0.25,0.046875,0.0,0.5906250000000007,0.47421875,0.8865434995143241,0.061116875757672516,0.399082263621644,0.049999999999999996,-0.19999999999999996,-1.6000000000000008,1.0,18.0,0,2,10,0,0,51,0,1,0,0
2000445,0.0,0.05,0.9,8.601562499999998,8.649999999999999,0.0484375,-10,48.4375,6.53125,0.1875,0.03125,0.015625,0.5841269841269847,0.4642857142857144,0.728153884702781,0.0504576310345379,0.2509491463373904,0.05,-0.2,8.850000000000001,1.0,13.0,1,2,16,0,0,40,0,1,3,1
2000446,1.0,0.05,0.9,-4.998749999999997,-4.899999999999997,0.09875000000000002,-17,98.75,8.90625,0.265625,0.0,0.0,0.5843750000000006,0.48125000000000007,0.9822312304655637,0.05393966916613547,0.9674593149842664,0.05,-1.0,-3.9,3.0,14.0,0,1,11,1,0,47,0,2,2,0
2000447,1.0,0.05,0.9,-3.8714531249999973,-3.799999999999997,0.071453125,-15,71.453125,6.734375,0.25,0.015625,0.0,0.5843750000000005,0.48125,0.9797163500483854,0.05364942480098544,0.9414514834069906,0.05000000000000001,-0.44999999999999996,-3.3500000000000014,3.0,14.0,0,1,13,1,1,42,0,1,5,0
2000448,0.0,0.05,0.9,9.665109375000002,9.700000000000001,0.03489062500000001,-12,34.890625,4.484375,0.21875,0.03125,0.0,0.5812500000000006,0.4578125000000002,0.7846798335615216,0.05094705373403591,0.3513514658814716,0.05000000000000001,-0.04999999999999999,9.750000000000002,1.0,15.0,0,1,18,2,1,41,0,0,1,0
2000449,0.0,0.05,0.9,6.485,6.5,0.01500000000000001,-7,15.0,3.09375,0.15625,0.046875,0.0,0.5781250000000006,0.44609375000000023,0.5294617991483858,0.0500534818409853,0.04261491419458914,0.05,-0.45,6.95,3.0,10.0,0,2,22,2,1,36,0,0,1,0
2000450,1.0,0.05,0.9,-2.559734375,-2.5,0.05973437500000003,-14,59.734375,6.640625,0.234375,0.015625,0.0,0.5812500000000006,0.48125,0.9837149614284807,0.0596732055595192,0.9410267456610067,0.05,-0.75,-1.7499999999999998,3.0,13.0,0,1,11,2,1,45,0,0,4,0
2000451,0.0,0.05,0.9,8.931,8.95,0.019000000000000013,-9,19.0,3.625,0.21875,0.078125,0.0,0.5843750000000006,0.4695312500000002,0.6630919619200705,0.05416137985360513,0.04223447488617996,0.05,-0.4,9.35,2.0,17.0,0,0,15,2,1,44,0,0,2,0
2000452,1.0,0.05,0.9,-3.097343749999996,-2.9499999999999957,0.14734375,-20,147.34375,10.78125,0.34375,0.03125,0.0,0.6000000000000006,0.48593749999999997,0.9995391396946703,0.2934649911707975,0.8461475766195753,0.05,-0.5999999999999999,-2.3500000000000005,3.0,21.0,0,0,9,0,0,52,0,0,3,0
2000453,0.0,0.05,0.9,5.678484375,5.7,0.021515625000000003,-6,21.515625,3.640625,0.140625,0.046875,0.015625,0.5777777777777785,0.4523809523809525,0.7778221360860281,0.05005280299055737,0.15464969664479913,0.05,-0.2,5.8999999999999995,1.0,11.0,1,0,23,2,0,33,0,1,3,1
2000454,0.0,0.05,0.9,9.068796875,9.1,0.031203125000000016,-11,31.203125,5.078125,0.203125,0.03125,0.0,0.6000000000000008,0.4718750000000001,0.6920284755585866,0.0502100419386508,0.24717339584748352,0.05000000000000001,-0.25,9.35,2.0,13.0,0,0,14,0,0,48,0,0,2,0
2000455,0.0,0.05,0.9,9.454484375,9.5,0.045515625000000004,-11,45.515625,5.640625,0.21875,0.046875,0.0,0.5812500000000006,0.46015625000000016,0.5971238360607491,0.051001645033640734,0.0946912421915642,0.05,-0.25,9.75,2.0,15.0,1,1,16,0,2,43,0,1,0,0
2000456,0.0,0.05,0.9,11.433828125000003,11.500000000000004,0.06617187500000002,-12,66.171875,7.234375,0.28125,0.09375,0.0,0.5687500000000005,0.48828125,0.8863426983210024,0.17015108272943802,0.06571301273435223,0.049999999999999996,-1.1,12.600000000000003,4.0,20.0,0,0,10,3,1,45,1,1,3,0
2000457,1.0,0.05,0.9,-1.9727968749999967,-1.8999999999999968,0.07279687499999998,-13,72.796875,7.234375,0.234375,0.03125,0.03125,0.5903225806451619,0.478225806451613,0.9687264104967288,0.07341869170183622,0.806395415121146,0.05000000000000001,-1.2,-0.6999999999999997,6.0,11.0,1,0,13,0,0,43,0,1,4,2
2000458,1.0,0.05,0.9,-5.104828124999996,-4.949999999999996,0.15482812500000007,-21,154.828125,10.828125,0.328125,0.0,0.0,0.5875000000000006,0.48593749999999997,0.9993320983628539,0.24816677076914848,0.9924756083653481,0.049999999999999996,-0.75,-4.2,3.0,18.0,0,0,7,1,2,53,0,0,1,0
2000459,1.0,0.05,0.9,-4.446296874999998,-4.349999999999998,0.09629687499999998,-15,96.296875,8.890625,0.234375,0.0,0.0,0.5812500000000006,0.47421875000000013,0.9713309540215751,0.05071161599797818,0.9517163672717863,0.05,-1.3000000000000003,-3.05,4.0,11.0,0,2,12,1,1,45,0,1,2,0
2000460,0.0,0.05,0.9,5.247187499999999,5.249999999999999,0.002812500000000002,-1,2.8125,1.46875,0.140625,0.125,0.0,0.5843750000000006,0.4273437500000002,0.025516800929260137,0.050575846137765106,4.96508362303108e-07,0.049999999999999996,-0.44999999999999996,5.699999999999998,6.0,11.0,0,0,33,1,3,25,0,0,2,0
2000461,1.0,0.05,0.9,-4.359828124999996,-4.2499999999999964,0.109828125,-17,109.828125,9.265625,0.265625,0.0,0.015625,0.590476190476191,0.4857142857142859,0.9896471245167102,0.06646802596510197,0.978504919838084,0.05,-2.0999999999999996,-2.15,9.0,8.0,0,2,9,0,0,47,0,1,4,1
2000462,0.0,0.05,0.9,8.346046874999999,8.399999999999999,0.053953125000000005,-9,53.953125,6.890625,0.1875,0.046875,0.0,0.5906250000000006,0.4742187500000001,0.7892932549516156,0.05055142334418334,0.23165764384146353,0.05,-0.4,8.799999999999999,2.0,13.0,0,0,13,0,3,46,0,0,2,0
2000463,1.0,0.05,0.9,-1.7445937499999975,-1.6999999999999975,0.044593750000000015,-13,44.59375,5.3125,0.25,0.046875,0.0,0.5937500000000007,0.46718750000000003,0.8963835614843834,0.06748536622358123,0.4068605089427489,0.05,-0.19999999999999996,-1.5,1.0,18.0,0,1,14,0,1,47,0,0,1,0
2000464,1.0,0.05,0.9,-3.847890624999998,-3.7499999999999982,0.09789062499999998,-16,97.890625,8.671875,0.265625,0.015625,0.0,0.5968750000000006,0.46953124999999996,0.9831853528968425,0.06415364764157862,0.9393803921037314,0.049999999999999996,-0.95,-2.8000000000000003,4.0,14.0,0,1,17,0,0,41,0,0,5,0
2000465,1.0,0.05,0.9,-1.7126718750000012,-1.700000000000001,0.012671874999999999,-9,12.671875,2.453125,0.171875,0.03125,0.0,0.5781250000000007,0.47656250000000017,0.5245462875880235,0.050012746546030246,0.14845238348237583,0.05000000000000001,-1.2500000000000002,-0.4500000000000003,4.0,9.0,0,0,18,2,1,35,0,2,6,0
2000466,0.0,0.05,0.9,11.374968750000003,11.450000000000003,0.07503125000000001,-14,75.03125,7.59375,0.25,0.03125,0.0,0.5843750000000006,0.47187500000000004,0.8516622375763805,0.055670230532713465,0.42660395956329944,0.05,-0.25,11.700000000000001,2.0,16.0,1,0,16,1,0,41,0,1,4,0
2000467,1.0,0.05,0.9,-2.9630781249999987,-2.8999999999999986,0.06307812500000003,-16,63.078125,6.453125,0.28125,0.03125,0.015625,0.5936507936507943,0.47619047619047633,0.9905876929601071,0.15159128145621342,0.9101624561789379,0.05,-0.44999999999999996,-2.45,3.0,17.0,0,1,13,0,1,44,0,0,4,1
2000468,1.0,0.05,0.9,-2.4700156250000003,-2.4000000000000004,0.07001562500000001,-13,70.015625,7.421875,0.21875,0.015625,0.0,0.5875000000000006,0.4789062500000001,0.9771725090190241,0.05337468026438024,0.9230199343424031,0.049999999999999996,-0.7999999999999998,-1.6,4.0,11.0,0,1,11,1,0,48,0,1,2,0
2000469,1.0,0.05,0.9,-3.590937499999999,-3.549999999999999,0.040937500000000016,-13,40.9375,5.40625,0.21875,0.015625,0.03125,0.587096774193549,0.45645161290322606,0.91211669428371,0.05047266006223163,0.779603634103183,0.05000000000000001,-0.3500000000000001,-3.2,1.0,14.0,0,1,20,1,0,37,0,1,2,2
2000470,0.0,0.05,0.9,9.48084375,9.5,0.01915625,-9,19.15625,3.4375,0.234375,0.09375,0.015625,0.5682539682539689,0.4785714285714287,0.26012361445042237,0.05733281832839449,0.0027142740921234157,0.049999999999999996,-0.95,10.450000000000001,5.0,16.0,1,0,14,2,1,39,0,3,3,1
2000471,1.0,0.05,0.9,-1.9169999999999943,-1.8499999999999943,0.06700000000000002,-15,67.0,6.40625,0.296875,0.0625,0.0,0.5906250000000006,0.47187500000000004,0.9740415934478326,0.21627332201935673,0.38688848687063265,0.05000000000000001,-0.5999999999999999,-1.25,3.0,20.0,0,1,13,0,1,47,0,1,1,0
2000472,0.0,0.05,0.9,6.528203124999998,6.549999999999998,0.021796875000000004,-5,21.796875,3.640625,0.15625,0.078125,0.015625,0.5809523809523814,0.4690476190476191,0.32815952936986603,0.05010500719772044,0.0033996132116362434,0.05,-0.39999999999999997,6.949999999999998,3.0,12.0,0,1,17,1,1,38,0,2,3,1
2000473,1.0,0.05,0.9,-3.2055312499999986,-3.1499999999999986,0.055531250000000025,-14,55.53125,6.28125,0.234375,0.015625,0.0,0.5781250000000007,0.4718750000000002,0.9572279242660864,0.0520453548383333,0.8730078363271742,0.05000000000000001,-0.7999999999999999,-2.35,3.0,13.0,0,0,17,2,0,40,0,3,2,0
2000474,1.0,0.05,0.9,-0.5176093750000018,-0.5000000000000018,0.017609375000000007,-9,17.609375,3.140625,0.203125,0.0625,0.0,0.5812500000000006,0.46484375000000006,0.7675423291465587,0.05217428503708294,0.11174882519458454,0.05,-0.7999999999999998,0.2999999999999998,4.0,13.0,0,4,15,0,1,40,0,1,3,0
2000475,1.0,0.05,0.9,-3.323203125,-3.25,0.07320312500000002,-14,73.203125,7.484375,0.21875,0.0,0.0,0.5937500000000006,0.49296874999999996,0.9918291781848013,0.052170726373842805,0.9839696980010586,0.05000000000000001,-1.3000000000000003,-1.95,5.0,9.0,0,0,12,0,1,42,0,1,8,0
2000476,1.0,0.05,0.9,-3.632437499999999,-3.549999999999999,0.08243749999999998,-14,82.4375,7.90625,0.21875,0.0,0.0,0.5906250000000006,0.46953125000000007,0.9746634202977726,0.050821581191307266,0.9561036675881764,0.05,-0.55,-3.0000000000000004,2.0,12.0,0,0,15,0,2,45,0,1,1,0
2000477,0.0,0.05,0.9,6.243421875,6.25,0.006578125000000004,-5,6.578125,2.046875,0.140625,0.0625,0.0,0.5812500000000006,0.45078125000000024,0.1470562639237778,0.0500132738289007,0.0012014362101714694,0.049999999999999996,-0.14999999999999997,6.3999999999999995,3.0,10.0,0,1,24,2,0,33,0,1,3,0
2000478,0.0,0.05,0.9,7.289406250000001,7.300000000000001,0.010593750000000008,-7,10.59375,3.0,0.171875,0.0625,0.015625,0.587301587301588,0.46666666666666673,0.4271348722596909,0.05020681129738255,0.016849200513855266,0.049999999999999996,-0.25,7.550000000000001,2.0,13.0,0,0,18,1,0,40,1,0,3,1
2000479,1.0,0.05,0.9,-2.553234375,-2.5,0.053234375,-12,53.234375,6.453125,0.203125,0.015625,0.0,0.5843750000000008,0.48593749999999997,0.9383995217873343,0.050348138920499996,0.8326503014245565,0.05,-0.7999999999999998,-1.6999999999999997,4.0,10.0,0,1,9,1,0,49,0,2,2,0
2000480,1.0,0.05,0.9,-4.571375,-4.5,0.07137500000000001,-15,71.375,6.90625,0.25,0.015625,0.0,0.5812500000000006,0.4695312500000001,0.9597349840828016,0.05106953376139987,0.9070704750316482,0.05,-0.3999999999999999,-4.1000000000000005,2.0,15.0,0,2,17,0,0,39,2,0,4,0
2000481,0.0,0.05,0.9,7.191671875,7.2,0.008328125000000004,-5,8.328125,2.046875,0.1875,0.109375,0.0,0.5906250000000006,0.44375000000000026,0.048481405172547676,0.05016755185875104,3.152102324827836e-05,0.049999999999999996,-0.75,7.949999999999999,6.0,13.0,0,2,25,0,1,33,0,0,3,0
2000482,1.0,0.05,0.9,-2.1538749999999998,-2.0999999999999996,0.053875000000000006,-12,53.875,6.625,0.21875,0.03125,0.0,0.5906250000000007,0.47421875000000013,0.895785551585044,0.0510823486136079,0.5986179900599048,0.049999999999999996,-0.3999999999999999,-1.7000000000000004,2.0,14.0,0,1,11,1,0,50,0,0,1,0
2000483,1.0,0.05,0.9,-2.2636562500000013,-2.200000000000001,0.06365625000000001,-11,63.65625,7.21875,0.1875,0.015625,0.0,0.5937500000000007,0.47421875,0.9476274860572862,0.05033645771638978,0.8646223924722611,0.05000000000000001,-0.55,-1.6499999999999997,2.0,11.0,0,2,11,0,0,49,0,0,2,0
2000484,0.0,0.05,0.9,8.124828125,8.15,0.02517187500000001,-8,25.171875,3.796875,0.1875,0.0625,0.0,0.5812500000000006,0.45312500000000017,0.10505216623922123,0.05007373659079519,0.00189193712368929,0.05,-0.35,8.5,4.0,12.0,0,1,21,1,2,37,0,1,1,0
2000485,1.0,0.05,0.9,-2.2666874999999993,-2.1999999999999993,0.06668750000000004,-11,66.6875,7.53125,0.1875,0.015625,0.0,0.5812500000000007,0.47421875,0.9244955481341864,0.050199239632357326,0.799048851663553,0.05,-0.7999999999999998,-1.4000000000000001,4.0,9.0,0,0,12,3,0,48,0,0,1,0
2000486,0.0,0.05,0.9,9.446250000000001,9.500000000000002,0.05375000000000003,-10,53.75,6.6875,0.21875,0.0625,0.0,0.5843750000000006,0.4789062500000001,0.7407525962310879,0.052730493733508924,0.11925799988336483,0.05,-0.4,9.900000000000002,2.0,16.0,1,1,13,0,2,41,0,0,6,0
2000487,1.0,0.05,0.9,-3.104843749999997,-3.049999999999997,0.05484375000000002,-13,54.84375,6.6875,0.21875,0.015625,0.0,0.6000000000000008,0.48359375000000004,0.9714394155056658,0.050892974036899824,0.9225351069248758,0.05,-0.40000000000000013,-2.6500000000000004,2.0,13.0,0,0,14,0,0,43,0,0,7,0
2000488,1.0,0.05,0.9,-3.609062499999999,-3.549999999999999,0.059062500000000025,-14,59.0625,6.15625,0.234375,0.015625,0.0,0.5906250000000006,0.4625000000000001,0.9815107571201201,0.05369709386011684,0.9501632391841064,0.049999999999999996,-0.75,-2.8,3.0,13.0,0,1,17,0,0,44,1,0,1,0
2000489,1.0,0.05,0.9,-2.681234374999998,-2.599999999999998,0.08123437499999998,-13,81.234375,8.171875,0.21875,0.015625,0.015625,0.5746031746031752,0.48809523809523814,0.9579263171592433,0.05170232547326027,0.8752292085243607,0.05000000000000001,-0.3999999999999999,-2.2,2.0,13.0,0,1,10,1,1,44,1,2,3,1
2000490,0.0,0.05,0.9,7.6964218749999995,7.749999999999999,0.05357812500000001,-9,53.578125,6.546875,0.1875,0.046875,0.015625,0.5873015873015879,0.47380952380952385,0.5241515959958848,0.05010403952872101,0.08685141046394274,0.05,-0.25,7.999999999999999,2.0,13.0,0,2,16,0,0,38,0,2,5,1
2000491,0.0,0.05,0.9,9.99828125,10.049999999999999,0.051718750000000015,-12,51.71875,6.125,0.21875,0.03125,0.0,0.5687500000000005,0.4671875000000001,0.942075451911609,0.05304770386413112,0.7145833070650582,0.049999999999999996,-0.4,10.45,2.0,14.0,0,1,16,2,3,39,1,0,2,0
2000492,1.0,0.05,0.9,-2.742203124999997,-2.649999999999997,0.09220312499999996,-14,92.203125,8.328125,0.25,0.03125,0.0,0.5843750000000006,0.46953125,0.9326234503270768,0.056340106974148055,0.6922624484612981,0.04999999999999999,-1.1,-1.55,4.0,14.0,0,1,15,2,0,43,0,0,3,0
2000493,0.0,0.05,0.9,8.621703125000002,8.650000000000002,0.028296875000000013,-8,28.296875,4.390625,0.203125,0.078125,0.0,0.5781250000000006,0.46953125000000007,0.508112699333392,0.05318655049582311,0.011679851254380322,0.049999999999999996,-0.8,9.450000000000001,4.0,14.0,0,3,14,0,4,39,0,0,4,0
2000494,1.0,0.05,0.9,-3.685703124999998,-3.599999999999998,0.08570312499999999,-15,85.703125,7.703125,0.234375,0.0,0.0,0.5875000000000007,0.47421875,0.9832244760264985,0.05290312745163102,0.9689172199423499,0.05000000000000001,-0.19999999999999996,-3.4000000000000004,1.0,14.0,0,0,14,2,0,45,0,0,3,0
2000495,1.0,0.05,0.9,-3.096046874999999,-3.049999999999999,0.046046875000000015,-13,46.046875,5.359375,0.21875,0.015625,0.0,0.5781250000000006,0.47656250000000006,0.9443422511104792,0.05066639545992652,0.844798547714715,0.05,-1.1,-1.9499999999999995,4.0,11.0,0,3,12,1,2,41,0,0,5,0
2000496,1.0,0.05,0.9,-1.9819843749999968,-1.8999999999999968,0.08198437500000001,-14,81.984375,8.234375,0.25,0.03125,0.015625,0.590476190476191,0.4833333333333334,0.9659522790973041,0.08338417296677222,0.7892932031537118,0.05,-0.95,-0.9499999999999995,4.0,14.0,0,1,7,1,0,53,0,0,1,1
2000497,1.0,0.05,0.9,-3.7893749999999975,-3.6999999999999975,0.089375,-16,89.375,8.15625,0.265625,0.015625,0.0,0.5718750000000006,0.47421875000000013,0.9735825024314015,0.06023652361439755,0.9120420269396571,0.05,-1.5,-2.2,6.0,12.0,0,0,16,4,0,39,0,1,4,0
2000498,1.0,0.05,0.9,-2.377015624999997,-2.299999999999997,0.077015625,-15,77.015625,7.609375,0.265625,0.03125,0.0,0.5875000000000007,0.4859375,0.9716031940484944,0.09078263399531458,0.8125138683004047,0.05000000000000001,-0.5999999999999999,-1.6999999999999993,3.0,16.0,0,1,7,1,1,52,0,0,2,0
2000499,0.0,0.05,0.9,8.424937499999999,8.45,0.02506250000000002,-8,25.0625,4.4375,0.1875,0.0625,0.0,0.5843750000000008,0.4437500000000002,0.43387136711670454,0.0517066033060544,0.008029028334423784,0.049999999999999996,-0.45,8.9,3.0,13.0,0,1,23,2,0,38,0,0,0,0
2000500,0.0,0.05,0.9,11.419703125000002,11.500000000000002,0.080296875,-14,80.296875,8.078125,0.25,0.03125,0.0,0.5968750000000007,0.4695312500000002,0.9407343603590854,0.059231581599449724,0.7135540492372648,0.05,-0.4,11.900000000000002,2.0,16.0,0,1,12,0,0,51,0,0,0,0
2000501,0.0,0.05,0.9,10.930031250000003,11.000000000000002,0.06996875000000001,-13,69.96875,7.34375,0.234375,0.03125,0.0,0.5843750000000006,0.4859375,0.832901959320485,0.052514299802877314,0.4020896969246011,0.05,-0.25,11.250000000000002,2.0,15.0,0,1,10,1,0,47,0,2,3,0
2000502,1.0,0.05,0.9,-4.335093749999994,-4.199999999999994,0.13509375000000004,-20,135.09375,10.125,0.3125,0.0,0.0,0.5937500000000007,0.49296875000000007,0.999697786966916,0.2585184052125232,0.9954935848583479,0.049999999999999996,-0.8499999999999999,-3.3500000000000005,5.0,15.0,0,0,7,0,0,53,1,0,3,0
2000503,0.0,0.05,0.9,5.594578124999998,5.599999999999998,0.005421875000000004,-3,5.421875,2.203125,0.15625,0.109375,0.0,0.5906250000000006,0.45781250000000007,0.48870582409727537,0.05015772007697885,0.0008187150169703059,0.049999999999999996,-1.0,6.599999999999999,5.0,12.0,0,1,21,0,0,38,0,2,2,0
2000504,0.0,0.05,0.9,8.302546874999999,8.35,0.04745312500000001,-9,47.453125,6.484375,0.1875,0.046875,0.0,0.5750000000000006,0.46718750000000014,0.6805556575591466,0.05068891232873736,0.11918996496383921,0.05,-0.04999999999999999,8.399999999999999,1.0,14.0,0,2,15,2,1,41,0,1,2,0
2000505,0.0,0.05,0.9,11.695625000000003,11.750000000000004,0.05437500000000001,-14,54.375,5.53125,0.28125,0.0625,0.0,0.5843750000000006,0.45781250000000007,0.8043659908052865,0.07664948281337512,0.150812400658041,0.05,-0.6000000000000001,12.350000000000001,3.0,19.0,0,2,20,0,2,36,0,1,3,0
2000506,0.0,0.05,0.9,10.404140625000002,10.450000000000001,0.04585937500000002,-12,45.859375,5.015625,0.234375,0.046875,0.0,0.5812500000000006,0.46484375000000006,0.41753672619920995,0.05127522214052322,0.04048768357706539,0.05,-0.3,10.75,3.0,15.0,0,0,17,2,1,42,0,1,1,0
2000507,0.0,0.05,0.9,6.245531250000001,6.250000000000001,0.004468750000000001,-4,4.46875,1.4375,0.15625,0.09375,0.015625,0.587301587301588,0.45000000000000023,0.4748858625741107,0.050331786065849204,0.0010967014890176563,0.05000000000000001,-1.05,7.300000000000001,6.0,10.0,1,1,21,0,1,37,0,0,2,1
2000508,0.0,0.05,0.9,7.465562499999998,7.499999999999998,0.03443750000000002,-8,34.4375,5.5,0.171875,0.046875,0.0,0.5812500000000006,0.47187500000000016,0.7489527462496665,0.050181958107794127,0.18425138050167988,0.05000000000000001,-0.6000000000000001,8.1,3.0,11.0,0,1,14,2,1,43,0,0,3,0
2000509,0.0,0.05,0.9,6.333890624999999,6.349999999999999,0.01610937500000001,-6,16.109375,3.515625,0.15625,0.0625,0.0,0.5843750000000006,0.45312500000000017,0.4097157994042437,0.05004915547388511,0.012213579456831249,0.05,-0.25,6.6,2.0,12.0,0,1,20,2,0,40,0,0,1,0
2000510,1.0,0.05,0.9,-4.765203124999997,-4.649999999999997,0.11520312499999999,-16,115.203125,9.296875,0.25,0.0,0.0,0.5718750000000006,0.46953125000000007,0.979218668470876,0.05218708251481492,0.9629218339694201,0.05,-0.7999999999999998,-3.8500000000000005,4.0,12.0,0,4,10,2,1,46,0,0,1,0
2000511,1.0,0.05,0.9,-6.159359374999997,-5.9999999999999964,0.15935937500000003,-22,159.359375,10.984375,0.34375,0.0,0.0,0.5875000000000007,0.48125000000000007,0.9986917734964154,0.22681390509572516,0.9900113592042372,0.05000000000000001,-1.15,-4.850000000000001,5.0,17.0,0,1,10,1,1,48,0,0,3,0
2000512,0.0,0.05,0.9,8.022953125,8.05,0.027046875000000005,-9,27.046875,4.515625,0.1875,0.046875,0.015625,0.5619047619047624,0.4500000000000001,0.302217269652399,0.05014448712720858,0.02024213241048329,0.05,-0.09999999999999998,8.149999999999999,2.0,13.0,1,2,21,4,0,32,0,0,3,1
2000513,1.0,0.05,0.9,-3.185390624999997,-3.049999999999997,0.135390625,-19,135.390625,10.296875,0.359375,0.0625,0.0,0.5750000000000005,0.47421875000000013,0.9986249625212951,0.29030257348079613,0.5267421994101785,0.05,-0.95,-2.1000000000000005,4.0,23.0,1,1,14,0,2,41,1,1,3,0
2000514,0.0,0.05,0.9,8.54684375,8.600000000000001,0.05315625000000002,-6,53.15625,6.75,0.203125,0.109375,0.015625,0.5936507936507943,0.4666666666666669,0.18577990197934816,0.05378902153638612,0.00021526886553282443,0.04999999999999999,-1.0999999999999999,9.7,7.0,13.0,0,1,16,0,0,43,0,1,2,1
2000515,1.0,0.05,0.9,-3.0880468749999963,-2.9999999999999964,0.088046875,-16,88.046875,8.234375,0.28125,0.03125,0.0,0.5906250000000006,0.47421875000000013,0.9695045042047292,0.09410756531147288,0.8011305500100989,0.05,-0.3999999999999999,-2.5999999999999996,2.0,18.0,1,1,10,0,0,51,0,0,1,0
2000516,1.0,0.05,0.9,-3.230562499999995,-3.149999999999995,0.08056250000000001,-18,80.5625,7.0625,0.3125,0.03125,0.0,0.5937500000000007,0.49296875,0.9932869730059772,0.20706134109379198,0.8850040583394782,0.05,-0.9999999999999998,-2.15,5.0,17.0,0,1,9,0,0,47,0,1,6,0
2000517,1.0,0.05,0.9,-2.481359374999993,-2.3999999999999932,0.08135937500000001,-16,81.359375,7.859375,0.28125,0.03125,0.015625,0.5936507936507943,0.4904761904761905,0.9811796374919562,0.14193148854438964,0.8198484099483853,0.05000000000000001,-0.5999999999999999,-1.7999999999999996,3.0,17.0,0,1,9,0,0,47,0,1,5,1
2000518,1.0,0.05,0.9,-1.8406093750000008,-1.8000000000000007,0.040609375,-11,40.609375,5.109375,0.203125,0.03125,0.0,0.5843750000000006,0.46718750000000003,0.8842693944706547,0.05080792613453534,0.5565430571167539,0.05,-0.55,-1.25,2.0,13.0,0,0,14,2,1,47,0,0,0,0
2000519,1.0,0.05,0.9,-4.522468749999997,-4.4499999999999975,0.07246875000000003,-17,72.46875,6.78125,0.28125,0.015625,0.0,0.5875000000000006,0.46015625000000016,0.9633347795494936,0.05927646087054482,0.8777192163579871,0.05000000000000001,-0.55,-3.9000000000000004,2.0,17.0,0,1,17,1,0,44,0,1,0,0
2000520,1.0,0.05,0.9,-4.793468749999996,-4.699999999999996,0.09346875000000002,-19,93.46875,8.1875,0.296875,0.0,0.0,0.5906250000000006,0.47890625000000003,0.9951429526037265,0.11666796144254432,0.9860955017858105,0.05,-0.7999999999999998,-3.9000000000000004,4.0,15.0,0,0,13,1,0,46,0,1,3,0
2000521,0.0,0.05,0.9,11.476109375,11.55,0.07389062499999999,-12,73.890625,8.109375,0.25,0.0625,0.015625,0.5873015873015879,0.47857142857142865,0.7265226905383084,0.08990544593634785,0.0680135724364899,0.049999999999999996,-0.45,12.000000000000004,3.0,17.0,0,2,11,0,1,45,0,1,3,1
2000522,0.0,0.05,0.9,7.634109375,7.65,0.01589062500000001,-7,15.890625,3.390625,0.171875,0.0625,0.015625,0.5809523809523816,0.4619047619047621,0.21970584770916837,0.050131080031055236,0.004726468645636036,0.05,-0.44999999999999996,8.1,4.0,11.0,0,2,19,1,2,34,0,0,5,1
2000523,0.0,0.05,0.9,8.538968749999999,8.549999999999999,0.011031250000000006,-8,11.03125,2.65625,0.203125,0.078125,0.015625,0.5904761904761912,0.45714285714285735,0.16972278364476776,0.05055929584543049,0.001992993164171185,0.049999999999999996,-0.5,9.049999999999999,4.0,14.0,0,0,21,1,1,37,0,0,3,1
2000524,1.0,0.05,0.9,-4.566656249999996,-4.449999999999996,0.11665624999999999,-19,116.65625,9.5625,0.296875,0.0,0.0,0.5718750000000006,0.4765625,0.9971440067984705,0.15744883576574462,0.9890359952871183,0.05000000000000001,-0.9999999999999999,-3.45,4.0,15.0,0,0,12,4,0,46,0,1,1,0
2000525,1.0,0.05,0.9,-3.2689999999999992,-3.1999999999999993,0.069,-14,69.0,7.34375,0.234375,0.015625,0.0,0.5812500000000005,0.49296875,0.9559986257180693,0.051357069291178004,0.8723741567382739,0.05,-0.3999999999999999,-2.8000000000000003,2.0,14.0,0,0,12,1,1,41,0,3,6,0
2000526,0.0,0.05,0.9,5.243125,5.25,0.006875000000000005,-5,6.875,2.28125,0.125,0.046875,0.0,0.5781250000000006,0.4648437500000001,0.4658994306774149,0.050006153972584115,0.03179755789921507,0.05000000000000001,-0.45,5.699999999999999,3.0,8.0,0,0,18,2,2,39,0,1,2,0
2000527,0.0,0.05,0.9,8.319343749999998,8.349999999999998,0.030656249999999993,-7,30.65625,4.90625,0.203125,0.09375,0.015625,0.5777777777777783,0.47380952380952385,0.2593315583404818,0.05131231486387799,0.0020197581261332206,0.049999999999999996,-0.8500000000000001,9.2,5.0,14.0,0,2,11,1,1,46,0,2,0,1
2000528,1.0,0.05,0.9,-2.652671875,-2.5999999999999996,0.052671875000000014,-13,52.671875,6.015625,0.21875,0.015625,0.015625,0.5809523809523814,0.4785714285714285,0.9557603546680294,0.05180066592149292,0.8691379950490646,0.05,-1.7,-0.8999999999999999,7.0,8.0,0,2,14,1,0,39,0,2,5,1
2000529,0.0,0.05,0.9,11.443781250000002,11.500000000000002,0.056218750000000026,-12,56.21875,6.6875,0.25,0.0625,0.0,0.5906250000000007,0.4742187500000002,0.9703619378124915,0.17100661069624584,0.40306773490047065,0.05,-1.0,12.500000000000004,4.0,16.0,0,0,15,1,1,43,0,0,4,0
2000530,1.0,0.05,0.9,-2.9710937499999988,-2.8999999999999986,0.07109375,-13,71.09375,7.4375,0.234375,0.03125,0.0,0.5750000000000005,0.4695312500000002,0.8817803497091051,0.050921634812971545,0.5744055734563939,0.05,-0.9000000000000001,-2.0,3.0,14.0,0,1,16,2,1,40,0,2,2,0
2000531,0.0,0.05,0.9,10.553703125000002,10.600000000000001,0.046296875,-10,46.296875,6.109375,0.234375,0.078125,0.0,0.5906250000000006,0.46484375,0.13028245907187833,0.053591125342973285,0.001287057691442517,0.05000000000000001,-0.35,10.950000000000001,4.0,16.0,0,1,16,0,2,43,0,0,2,0
2000532,0.0,0.05,0.9,8.47659375,8.5,0.02340625,-9,23.40625,3.78125,0.1875,0.046875,0.0,0.5906250000000006,0.4531250000000002,0.8327437871736214,0.05183329246204442,0.20657870421776356,0.05,-0.55,9.049999999999999,3.0,12.0,0,2,20,0,1,39,0,0,2,0
2000533,0.0,0.05,0.9,8.416890625,8.450000000000001,0.033109375,-9,33.109375,5.140625,0.1875,0.046875,0.0,0.5968750000000006,0.46015625000000016,0.7356054318059587,0.05104411772390406,0.12236499765679533,0.05000000000000001,-0.45,8.9,3.0,12.0,0,1,17,0,0,45,0,0,1,0
2000534,1.0,0.05,0.9,-2.9130468749999987,-2.799999999999999,0.11304687499999994,-15,113.046875,9.609375,0.25,0.015625,0.015625,0.5777777777777784,0.4904761904761905,0.9804136787069152,0.0666424720355403,0.9296322326561479,0.05,-0.9000000000000001,-1.8999999999999992,3.0,14.0,0,1,8,1,0,48,1,2,2,1
2000535,0.0,0.05,0.9,7.412624999999999,7.449999999999999,0.037375,-7,37.375,5.53125,0.1875,0.078125,0.0,0.5906250000000006,0.47421875,0.3424376474525955,0.05022017249454801,0.008800410639288301,0.05,-1.1,8.549999999999999,5.0,12.0,0,0,17,0,2,39,0,1,5,0
2000536,0.0,0.05,0.9,9.848734375000003,9.900000000000002,0.051265625000000016,-12,51.265625,6.140625,0.21875,0.03125,0.0,0.5937500000000007,0.47890625,0.8944034010608033,0.050917251366300244,0.5986179900599052,0.05,-0.4,10.3,2.0,14.0,0,0,12,0,2,47,0,0,3,0
2000537,0.0,0.05,0.9,6.976531249999998,6.999999999999998,0.023468750000000007,-7,23.46875,3.8125,0.171875,0.0625,0.0,0.5906250000000006,0.46015625000000016,0.47568196325129025,0.050145543274814845,0.02265310350832113,0.05,-0.45,7.4499999999999975,3.0,12.0,0,2,19,0,1,38,0,0,4,0
2000538,0.0,0.05,0.9,6.939296874999999,6.949999999999999,0.010703125000000006,-4,10.703125,2.921875,0.1875,0.125,0.0,0.5937500000000007,0.46015625000000004,0.19739582906000894,0.05064449432861105,0.00010000007478878192,0.05,-0.65,7.6,4.0,16.0,0,2,17,0,0,43,0,0,2,0
2000539,0.0,0.05,0.9,7.814624999999997,7.849999999999997,0.03537500000000002,-8,35.375,5.78125,0.1875,0.0625,0.0,0.5843750000000006,0.4601562500000001,0.6880847232776599,0.05073673058251426,0.06234603709295876,0.05,-0.6000000000000001,8.45,3.0,13.0,0,1,16,2,0,45,0,0,0,0
2000540,0.0,0.05,0.9,9.92165625,9.95,0.028343750000000008,-10,28.34375,4.25,0.21875,0.0625,0.015625,0.587301587301588,0.47380952380952385,0.5865902085122164,0.056701043224942314,0.0418621629061453,0.05,-0.45,10.4,3.0,15.0,0,0,16,1,1,40,0,1,4,1
2000541,0.0,0.05,0.9,9.995140625000001,10.05,0.054859375000000016,-11,54.859375,6.078125,0.21875,0.046875,0.0,0.5906250000000007,0.4648437500000001,0.7017292808065044,0.0538946084431932,0.12793386749924363,0.05,-0.25,10.300000000000002,2.0,15.0,0,0,18,1,1,41,0,0,3,0
2000542,0.0,0.05,0.9,10.283125,10.3,0.016875000000000005,-10,16.875,3.3125,0.25,0.09375,0.0,0.5781250000000006,0.4625000000000002,0.7780817920779424,0.11996681353288144,0.01970876516307149,0.05,-1.0,11.300000000000002,4.0,18.0,0,3,16,1,1,40,0,1,2,0
2000543,1.0,0.05,0.9,-3.700703124999996,-3.599999999999996,0.10070312499999998,-16,100.703125,8.765625,0.265625,0.015625,0.0,0.5781250000000006,0.4765625,0.9766125745216837,0.06315798132142078,0.9194660152315636,0.05,-0.7,-2.9000000000000012,3.0,15.0,0,0,14,1,2,43,0,3,1,0
2000544,0.0,0.05,0.9,7.3749375,7.3999999999999995,0.025062500000000012,-9,25.0625,3.9375,0.171875,0.03125,0.0,0.5968750000000006,0.4695312500000002,0.7899753732077339,0.05005084518343773,0.4008034116261873,0.05,-0.2,7.6000000000000005,1.0,12.0,0,1,15,0,0,45,0,0,3,0
2000545,1.0,0.05,0.9,-4.576937499999998,-4.4499999999999975,0.12693749999999998,-17,126.9375,10.125,0.265625,0.0,0.015625,0.5746031746031751,0.48095238095238096,0.9879258974713881,0.06243412950922571,0.9758294692429644,0.05,-0.3999999999999999,-4.050000000000002,2.0,15.0,0,3,5,2,1,52,0,0,0,1
2000546,0.0,0.05,0.9,6.878046874999999,6.899999999999999,0.021953125000000004,-7,21.953125,4.296875,0.1875,0.078125,0.046875,0.5803278688524595,0.4704918032786886,0.5229966212848326,0.05051187141395748,0.022890809794340848,0.05000000000000001,-1.25,8.149999999999999,5.0,12.0,0,2,15,1,1,37,0,1,4,3
2000547,1.0,0.05,0.9,-3.703453125,-3.5999999999999996,0.10345312500000003,-16,103.453125,8.703125,0.265625,0.015625,0.015625,0.5841269841269847,0.47619047619047616,0.9756414695399432,0.06643070365674403,0.915752545311534,0.05,-1.1,-2.5,4.0,14.0,0,0,11,1,2,48,0,1,0,1
2000548,0.0,0.05,0.9,9.547,9.600000000000001,0.05300000000000002,-12,53.0,6.5,0.21875,0.03125,0.0,0.5781250000000006,0.4789062500000001,0.9127646249977978,0.050913919611411146,0.6749154421888729,0.05,-0.55,10.15,2.0,14.0,0,3,10,0,3,44,0,1,3,0
2000549,1.0,0.05,0.9,-2.5788906249999966,-2.4999999999999964,0.078890625,-15,78.890625,8.015625,0.265625,0.03125,0.015625,0.5936507936507943,0.480952380952381,0.9667684786558015,0.08770488300331605,0.792630868370074,0.05,-1.1,-1.3999999999999995,4.0,15.0,0,1,9,0,0,51,0,1,1,1
2000550,0.0,0.05,0.9,8.41496875,8.45,0.03503125000000001,-8,35.03125,5.15625,0.203125,0.078125,0.0,0.5843750000000006,0.4718750000000001,0.34776368994286866,0.05088578260180028,0.0070391536544602154,0.049999999999999996,-0.8500000000000001,9.299999999999999,5.0,13.0,0,1,13,2,0,46,0,0,2,0
2000551,1.0,0.05,0.9,-4.780765624999998,-4.649999999999999,0.13076562499999997,-18,130.765625,10.453125,0.28125,0.0,0.0,0.6000000000000006,0.48124999999999996,0.9908397008740895,0.07171691934442012,0.9802189425289295,0.05,-1.1,-3.5500000000000007,4.0,14.0,0,0,13,0,0,46,0,0,5,0
2000552,0.0,0.05,0.9,7.630296874999999,7.6499999999999995,0.019703125000000005,-6,19.703125,3.671875,0.1875,0.09375,0.015625,0.5936507936507943,0.454761904761905,0.3699964622221369,0.05142767448979579,0.0016148072198507197,0.05,-0.65,8.299999999999997,4.0,14.0,0,0,22,0,1,37,0,1,2,1
2000553,0.0,0.05,0.9,10.1704375,10.200000000000001,0.029562500000000012,-11,29.5625,4.1875,0.21875,0.046875,0.0,0.5843750000000005,0.4718750000000001,0.9321027078382952,0.06392491102850945,0.4762102961269546,0.05,-0.6000000000000001,10.8,3.0,14.0,0,1,15,0,1,43,1,1,2,0
2000554,1.0,0.05,0.9,-4.511749999999998,-4.399999999999999,0.11174999999999996,-16,111.75,9.40625,0.25,0.0,0.0,0.5843750000000005,0.47421875,0.9810839562155808,0.05269564803954168,0.9657647366872688,0.05,-0.95,-3.45,4.0,12.0,0,2,12,1,0,46,0,1,2,0
2000555,1.0,0.05,0.9,-4.344875,-4.25,0.09487499999999997,-15,94.875,8.46875,0.234375,0.0,0.0,0.5781250000000006,0.47890625,0.9723203513372225,0.05076225501762331,0.9531805530587127,0.05,-0.19999999999999996,-4.050000000000001,1.0,14.0,0,0,15,2,1,40,0,2,4,0
2000556,1.0,0.05,0.9,-1.7025000000000021,-1.6500000000000021,0.05250000000000001,-10,52.5,6.71875,0.1875,0.03125,0.0,0.5750000000000005,0.4859375000000001,0.8301684422321843,0.05010979641692382,0.4775880725930091,0.05,-0.75,-0.9000000000000001,3.0,11.0,0,2,9,1,2,45,1,0,4,0
2000557,1.0,0.05,0.9,-3.2242031249999963,-3.099999999999996,0.12420312500000001,-17,124.203125,9.859375,0.28125,0.015625,0.0,0.5937500000000007,0.490625,0.9922875781000018,0.1294542263333005,0.9578451386621168,0.05,-0.7999999999999998,-2.3,4.0,15.0,0,0,7,1,0,53,0,0,3,0
2000558,0.0,0.05,0.9,5.944093749999999,5.949999999999998,0.0059062500000000035,-3,5.90625,2.09375,0.15625,0.109375,0.0,0.5812500000000006,0.4625000000000001,0.3516702766066182,0.050180930800137344,0.00030734761716569005,0.05000000000000001,-1.05,6.999999999999998,6.0,11.0,0,2,18,1,1,38,0,1,3,0
2000559,1.0,0.05,0.9,-3.4097968749999996,-3.3499999999999996,0.05979687500000001,-13,59.796875,6.921875,0.203125,0.0,0.0,0.5906250000000006,0.46953125000000007,0.9662926254416566,0.050304434808605025,0.9439874145641166,0.05,-0.3999999999999999,-2.95,2.0,11.0,0,2,14,0,1,44,0,0,3,0
2000560,0.0,0.05,0.9,6.342937500000001,6.3500000000000005,0.007062500000000003,-6,7.0625,2.03125,0.15625,0.0625,0.015625,0.587301587301588,0.43333333333333346,0.5312520076752214,0.050149710322856075,0.011669980679041524,0.05000000000000001,-0.65,7.000000000000001,4.0,10.0,0,2,27,0,1,32,0,1,0,1
2000561,1.0,0.05,0.9,-3.3367968749999983,-3.2499999999999982,0.08679687499999997,-14,86.796875,8.421875,0.234375,0.015625,0.0,0.5843750000000006,0.48125000000000007,0.9521658514402292,0.05122681444186626,0.8634076747452435,0.05,-0.19999999999999996,-3.0500000000000007,1.0,15.0,0,0,14,1,0,43,1,1,4,0
2000562,0.0,0.05,0.9,9.67178125,9.700000000000001,0.02821875000000001,-11,28.21875,4.59375,0.234375,0.0625,0.0,0.5812500000000005,0.46953124999999996,0.4336873789117433,0.05101904470570363,0.030182152253124102,0.049999999999999996,-0.65,10.350000000000001,4.0,15.0,1,3,14,0,0,41,0,1,4,0
2000563,0.0,0.05,0.9,9.702984375000002,9.750000000000002,0.047015625000000026,-10,47.015625,6.078125,0.21875,0.0625,0.0,0.5843750000000004,0.47421875000000013,0.26896994728887025,0.05084863130013984,0.010514965765006165,0.049999999999999996,-0.5,10.25,4.0,14.0,0,0,15,0,4,41,0,1,3,0
2000564,0.0,0.05,0.9,10.6035625,10.65,0.046437500000000013,-11,46.4375,5.75,0.25,0.078125,0.0,0.5968750000000007,0.4625,0.32868613262081814,0.06119058345121599,0.006998219701408935,0.049999999999999996,-0.95,11.600000000000001,5.0,16.0,0,0,20,0,0,40,0,1,3,0
2000565,0.0,0.05,0.9,7.971296875,8.0,0.028703125000000006,-10,28.703125,4.390625,0.203125,0.046875,0.0,0.5687500000000006,0.4578125000000002,0.5009351584975311,0.05010022005481892,0.08335798892742098,0.05,-0.65,8.649999999999999,3.0,13.0,1,0,21,4,0,34,0,0,4,0
2000566,0.0,0.05,0.9,10.218375,10.25,0.031625000000000014,-10,31.625,4.84375,0.25,0.09375,0.0,0.5781250000000006,0.47421875,0.7384169695409227,0.10146949111185569,0.022043485372707526,0.049999999999999996,-1.25,11.500000000000002,5.0,17.0,0,2,15,1,1,39,0,2,4,0
2000567,1.0,0.05,0.9,-3.452187499999996,-3.349999999999996,0.1021875,-17,102.1875,8.75,0.28125,0.015625,0.0,0.5968750000000007,0.49062499999999987,0.9966560343319006,0.14217978266902048,0.9786298687530005,0.05000000000000001,-0.44999999999999996,-2.9000000000000012,4.0,15.0,0,0,13,0,0,42,0,1,8,0
2000568,1.0,0.05,0.9,-2.7109062499999985,-2.6499999999999986,0.06090625000000002,-13,60.90625,6.875,0.21875,0.015625,0.0,0.5687500000000006,0.48125,0.9816052843077042,0.05241135816155931,0.9374618168717297,0.05,-0.25,-2.4000000000000004,2.0,13.0,0,0,13,3,2,41,1,0,4,0
2000569,1.0,0.05,0.9,-3.6745624999999973,-3.549999999999997,0.12456249999999998,-17,124.5625,9.90625,0.265625,0.0,0.0,0.5812500000000006,0.49296875,0.9969316122112366,0.10640732094257532,0.9912437498812252,0.05000000000000001,-0.3999999999999999,-3.15,2.0,15.0,0,2,7,1,1,47,0,1,5,0
2000570,1.0,0.05,0.9,-2.991906249999999,-2.9499999999999993,0.04190625000000003,-11,41.90625,5.375,0.171875,0.0,0.0,0.5968750000000007,0.4554687500000002,0.9433795193048374,0.0500598978833365,0.9098281251551509,0.05,-0.19999999999999996,-2.75,1.0,10.0,0,1,20,0,0,41,0,0,2,0
2000571,1.0,0.05,0.9,-3.003937499999995,-2.899999999999995,0.10393750000000002,-17,103.9375,8.75,0.296875,0.03125,0.015625,0.5873015873015879,0.4714285714285715,0.9875406908569293,0.18815386062071904,0.8274753161287811,0.05,-0.75,-2.1500000000000004,3.0,18.0,0,1,14,0,0,45,1,1,1,1
2000572,0.0,0.05,0.9,6.980718749999999,6.999999999999999,0.01928125000000001,-7,19.28125,3.75,0.171875,0.0625,0.0,0.5968750000000007,0.47187500000000016,0.5785138713995146,0.05010769698888152,0.048270799537450886,0.05000000000000001,-0.8,7.799999999999999,4.0,11.0,0,1,15,0,0,44,0,0,4,0
2000573,1.0,0.05,0.9,-2.730890625000001,-2.700000000000001,0.030890625000000022,-9,30.890625,4.953125,0.140625,0.0,0.0,0.5875000000000007,0.45546875000000014,0.8922997239948366,0.050004961000851854,0.8450835236020002,0.05,-0.19999999999999996,-2.5000000000000004,1.0,8.0,0,0,23,0,1,36,1,1,2,0
2000574,1.0,0.05,0.9,-2.2556093749999993,-2.1999999999999993,0.05560937500000002,-11,55.609375,6.703125,0.203125,0.03125,0.0,0.5781250000000006,0.47421875000000013,0.8806028867410652,0.05029634099987133,0.6018296633568002,0.05,-0.3500000000000001,-1.85,1.0,14.0,0,3,15,1,0,38,1,0,6,0
2000575,0.0,0.05,0.9,9.220015625,9.25,0.02998437500000001,-11,29.984375,4.828125,0.203125,0.03125,0.015625,0.5841269841269847,0.47857142857142865,0.7153475752920816,0.05035293943403291,0.26663666421847443,0.049999999999999996,-0.25,9.500000000000002,2.0,13.0,1,1,14,0,0,40,0,2,5,1
2000576,1.0,0.05,0.9,-3.8323437499999984,-3.7499999999999982,0.08234375000000003,-16,82.34375,7.875,0.265625,0.015625,0.0,0.5812500000000006,0.46015625000000016,0.9737281788271923,0.06278056258674282,0.9108902147348187,0.05,-0.8499999999999999,-2.900000000000001,3.0,15.0,1,2,18,0,0,39,1,0,3,0
2000577,1.0,0.05,0.9,-2.035843750000001,-2.000000000000001,0.035843750000000014,-10,35.84375,5.375,0.171875,0.015625,0.0,0.5781250000000006,0.47890625,0.9014930879331098,0.050062909034290067,0.7547042091260587,0.05,-0.3500000000000001,-1.65,1.0,11.0,0,2,15,1,1,37,0,2,6,0
2000578,1.0,0.05,0.9,-2.9433281250000003,-2.9000000000000004,0.04332812500000002,-11,43.328125,5.734375,0.171875,0.0,0.0,0.5968750000000007,0.47421875,0.9453141105863259,0.050043811216017885,0.9153822247950305,0.05,-0.5999999999999999,-2.3,3.0,8.0,0,1,15,0,0,43,0,0,5,0
2000579,0.0,0.05,0.9,9.283437500000002,9.3,0.016562500000000008,-9,16.5625,3.4375,0.21875,0.078125,0.0,0.6000000000000008,0.46484375000000017,0.16255428394510543,0.050668620399340426,0.002514398816584488,0.049999999999999996,-0.7,10.000000000000002,5.0,14.0,0,0,20,0,0,39,0,0,5,0
2000580,0.0,0.05,0.9,9.719859374999999,9.749999999999998,0.03014062500000001,-11,30.140625,4.109375,0.21875,0.046875,0.0,0.5906250000000006,0.4578125,0.5122150841241916,0.0514981673848359,0.05126307503645984,0.05,-0.3,10.05,3.0,14.0,0,2,19,0,1,39,0,0,3,0
2000581,1.0,0.05,0.9,-1.4999687499999994,-1.4499999999999993,0.04996875000000003,-11,49.96875,6.0625,0.203125,0.03125,0.0,0.5968750000000007,0.49062500000000003,0.9305543234085045,0.05120978331067845,0.7156625490686994,0.05000000000000001,-0.9999999999999998,-0.44999999999999996,5.0,10.0,0,0,10,0,1,47,0,0,6,0
2000582,0.0,0.05,0.9,8.680437500000002,8.700000000000001,0.01956250000000001,-7,19.5625,3.625,0.21875,0.109375,0.0,0.5843750000000005,0.4531250000000001,0.010664842044104053,0.050217413167260576,1.3721971835622693e-05,0.05,-0.6,9.3,6.0,15.0,0,0,22,1,3,36,0,0,2,0
2000583,1.0,0.05,0.9,-2.9554218750000003,-2.9000000000000004,0.05542187500000002,-13,55.421875,6.171875,0.234375,0.03125,0.0,0.5875000000000007,0.47187500000000004,0.9357864514627326,0.052128822054895184,0.7577115902980326,0.05,-0.9000000000000001,-2.0,3.0,14.0,0,2,15,0,0,42,1,0,4,0
2000584,1.0,0.05,0.9,-4.6634531249999975,-4.549999999999997,0.11345312499999999,-18,113.453125,9.328125,0.28125,0.0,0.0,0.5937500000000007,0.46718750000000003,0.9920667423559122,0.08122245333931725,0.981782446073075,0.05,-1.15,-3.400000000000001,5.0,13.0,0,0,15,1,0,47,0,0,1,0
2000585,0.0,0.05,0.9,16.278109375000007,16.400000000000006,0.12189062500000002,-20,121.890625,9.359375,0.34375,0.03125,0.015625,0.5809523809523816,0.4809523809523809,0.9995579067012408,0.2894075146814052,0.9250420565624196,0.05,-0.4,16.800000000000004,2.0,22.0,0,0,11,1,2,46,1,0,2,1
2000586,1.0,0.05,0.9,-2.902093749999998,-2.849999999999998,0.05209375000000002,-16,52.09375,6.40625,0.28125,0.03125,0.0,0.5875000000000006,0.4695312500000002,0.9861761650876081,0.13435500955869858,0.8711779985615424,0.05,-0.3999999999999999,-2.45,2.0,18.0,0,1,14,1,1,45,0,0,2,0
2000587,0.0,0.05,0.9,7.9316562500000005,7.95,0.01834375000000001,-6,18.34375,3.8125,0.1875,0.09375,0.0,0.5906250000000006,0.46015625000000004,0.06578530531313398,0.050156061382289084,0.0001605324297520422,0.05,-0.75,8.7,6.0,12.0,0,0,21,1,0,38,0,1,3,0
2000588,1.0,0.05,0.9,-0.6709687499999986,-0.6499999999999986,0.02096875000000001,-10,20.96875,4.0625,0.203125,0.046875,0.0,0.5937500000000007,0.4648437500000002,0.7697629349998721,0.0527469273957896,0.1569112315496358,0.049999999999999996,-0.3999999999999999,-0.2500000000000002,2.0,14.0,0,0,19,0,1,40,0,1,3,0
2000589,1.0,0.05,0.9,-4.104765624999998,-3.9999999999999982,0.10476562499999999,-16,104.765625,9.234375,0.25,0.0,0.0,0.5750000000000006,0.47421875000000013,0.9862683905322596,0.05628569096170265,0.9734645071353348,0.05,-0.7999999999999999,-3.1999999999999993,3.0,13.0,0,1,14,2,0,43,1,1,2,0
2000590,0.0,0.05,0.9,8.558124999999999,8.599999999999998,0.041875000000000016,-11,41.875,5.4375,0.203125,0.03125,0.0,0.5843750000000006,0.45546875000000003,0.8763370999282799,0.050447100796982905,0.5727418064822262,0.05,-0.55,9.149999999999999,2.0,13.0,1,1,21,1,0,36,0,0,4,0
2000591,1.0,0.05,0.9,-3.2820468749999976,-3.1999999999999975,0.08204687500000002,-16,82.046875,7.859375,0.265625,0.015625,0.0,0.5781250000000006,0.48828125,0.9837348507951029,0.07391328947661772,0.9380516974009457,0.05,-0.55,-2.6500000000000004,2.0,16.0,0,0,11,1,0,46,0,5,1,0
2000592,1.0,0.05,0.9,-3.8136406249999966,-3.7499999999999964,0.06364062500000003,-16,63.640625,6.953125,0.25,0.0,0.015625,0.5873015873015879,0.47380952380952385,0.9889313375070152,0.06258296290842129,0.9774393892426341,0.05000000000000001,-0.3999999999999999,-3.3500000000000005,2.0,14.0,0,0,15,1,0,43,0,2,2,1
2000593,0.0,0.05,0.9,12.965718750000004,13.050000000000004,0.08428125,-16,84.28125,8.0,0.265625,0.015625,0.0,0.5875000000000007,0.4765625000000001,0.9876597397906066,0.09753588207966042,0.9452555544348308,0.05,-0.2,13.250000000000004,1.0,17.0,0,0,13,1,1,46,0,1,2,0
2000594,0.0,0.05,0.9,3.2483749999999985,3.2499999999999987,0.001625000000000001,1,1.625,1.09375,0.09375,0.109375,0.0,0.5843750000000005,0.4578125000000003,0.47374713146378655,0.05000884129813437,0.0001437021607779279,0.05000000000000001,-0.8500000000000001,4.1,5.0,8.0,0,1,19,0,4,38,0,0,2,0
2000595,1.0,0.05,0.9,-2.43075,-2.4000000000000004,0.03075000000000001,-10,30.75,4.6875,0.15625,0.0,0.0,0.5906250000000007,0.46953124999999996,0.9447358725679275,0.050037744481767545,0.9112245490197741,0.049999999999999996,-0.3999999999999999,-1.9999999999999998,2.0,8.0,0,2,15,0,0,43,0,1,3,0
2000596,0.0,0.05,0.9,6.386874999999999,6.399999999999999,0.013125000000000008,-4,13.125,3.53125,0.171875,0.109375,0.0,0.5812500000000006,0.45781250000000023,0.7702196602748534,0.05194943710957096,0.003555194582385178,0.05000000000000001,-1.05,7.449999999999999,4.0,14.0,1,0,19,2,0,40,0,0,2,0
2000597,0.0,0.05,0.9,8.553890624999998,8.599999999999998,0.04610937500000003,-10,46.109375,6.046875,0.203125,0.046875,0.0,0.5968750000000007,0.4718750000000001,0.8008675633719974,0.050515424964596906,0.2938884474344122,0.05,-0.4,9.0,2.0,14.0,0,0,17,0,0,42,0,1,4,0
2000598,1.0,0.05,0.9,-2.3046093749999983,-2.2499999999999982,0.05460937500000002,-14,54.609375,6.546875,0.25,0.03125,0.0,0.5906250000000006,0.49531249999999993,0.9878789822957642,0.07851930421276686,0.9215088756269498,0.05,-0.9500000000000002,-1.2999999999999998,4.0,14.0,0,2,9,0,0,44,0,1,8,0
2000599,1.0,0.05,0.9,-3.973703124999997,-3.899999999999997,0.07370312500000004,-16,73.703125,7.515625,0.25,0.0,0.0,0.5968750000000007,0.46249999999999997,0.9874212644313975,0.05882051335035336,0.9750032035442979,0.05,-0.55,-3.3500000000000005,2.0,14.0,0,1,18,0,0,42,0,0,3,0
2000600,1.0,0.05,0.9,-2.6016718749999987,-2.549999999999999,0.05167187500000003,-15,51.671875,6.078125,0.265625,0.03125,0.015625,0.5936507936507943,0.4880952380952381,0.9618190994295102,0.0765391062195786,0.7809477495647719,0.05000000000000001,-0.5999999999999999,-1.95,3.0,16.0,0,1,10,0,0,46,0,1,5,1
2000601,1.0,0.05,0.9,-1.998968749999995,-1.899999999999995,0.09896874999999997,-14,98.96875,8.84375,0.25,0.03125,0.0,0.5968750000000007,0.48359375000000004,0.9870443827276048,0.09635161354732759,0.8959271553257219,0.05,-0.050000000000000044,-1.85,1.0,17.0,0,0,11,0,1,48,0,0,4,0
2000602,1.0,0.05,0.9,-1.411437499999998,-1.3499999999999979,0.06143750000000001,-13,61.4375,6.84375,0.25,0.046875,0.015625,0.5777777777777783,0.4857142857142857,0.798440435088379,0.0668780907181354,0.20419565675966914,0.05,-0.9999999999999998,-0.34999999999999987,5.0,14.0,0,2,10,1,1,43,0,2,4,1
2000603,0.0,0.05,0.9,11.600890625000002,11.650000000000002,0.04910937500000002,-11,49.109375,5.796875,0.25,0.078125,0.0,0.5937500000000007,0.48593749999999997,0.40777688020377345,0.07921209945010352,0.00696233815238686,0.05000000000000001,-0.6500000000000001,12.300000000000002,4.0,17.0,0,0,9,1,0,51,0,0,3,0
2000604,1.0,0.05,0.9,-2.7613281250000012,-2.700000000000001,0.06132812500000001,-13,61.328125,7.203125,0.21875,0.015625,0.0,0.5812500000000005,0.4765625000000001,0.9549668142095223,0.05146784971309251,0.8660585964720451,0.05,-1.05,-1.6499999999999997,4.0,11.0,0,3,11,1,1,44,0,0,4,0
2000605,1.0,0.05,0.9,-3.050265624999995,-2.899999999999995,0.15026562499999996,-17,150.265625,11.109375,0.296875,0.03125,0.015625,0.5968253968253975,0.4833333333333333,0.9900377142337302,0.18744555209488567,0.8649355213214434,0.05,-0.9000000000000001,-2.0,3.0,18.0,0,0,11,0,0,48,0,1,3,1
2000606,0.0,0.05,0.9,6.9221249999999985,6.949999999999998,0.027875000000000018,-8,27.875,4.6875,0.15625,0.03125,0.0,0.5750000000000006,0.4765625,0.8061383116069787,0.050040437561103865,0.40566139040523186,0.05,-0.4,7.35,2.0,10.0,0,1,15,2,0,40,0,3,3,0
2000607,0.0,0.05,0.9,7.561828124999999,7.599999999999999,0.03817187500000002,-10,38.171875,5.640625,0.171875,0.015625,0.015625,0.5904761904761912,0.47619047619047633,0.8718381697263604,0.05003690950747489,0.7083840820984292,0.05000000000000001,-0.2,7.8,1.0,11.0,0,1,12,1,0,46,0,0,3,1
2000608,1.0,0.05,0.9,-0.8327343750000025,-0.8000000000000025,0.03273437500000001,-9,32.734375,5.015625,0.1875,0.046875,0.0,0.5937500000000007,0.46015625000000016,0.7952528968255527,0.05071371472759097,0.21098091276745534,0.05,-0.5999999999999999,-0.20000000000000007,3.0,12.0,0,0,18,1,0,44,0,0,1,0
2000609,0.0,0.05,0.9,10.086578124999999,10.1,0.013421875000000007,-8,13.421875,2.828125,0.25,0.125,0.015625,0.5936507936507943,0.461904761904762,0.6012763338627416,0.14986138244475392,0.00042769050889923736,0.05,-1.6,11.700000000000001,8.0,16.0,0,0,19,0,0,41,1,0,2,1
2000610,1.0,0.05,0.9,-3.171156249999998,-3.099999999999998,0.07115625000000003,-14,71.15625,7.15625,0.21875,0.0,0.0,0.5875000000000007,0.47890625000000003,0.9887570615468179,0.05269233009748014,0.9781840378038404,0.05,-1.0499999999999998,-2.05,6.0,8.0,0,2,13,1,0,42,0,0,6,0
2000611,1.0,0.05,0.9,-3.0522031249999975,-2.9499999999999975,0.10220312499999994,-15,102.203125,9.046875,0.25,0.015625,0.0,0.5968750000000006,0.48359374999999993,0.9859520960521843,0.06465274615176217,0.947604282442893,0.05000000000000001,-0.7999999999999998,-2.1500000000000004,4.0,13.0,0,0,14,0,0,43,0,1,6,0
2000612,1.0,0.05,0.9,-0.8884218749999997,-0.8499999999999996,0.03842187500000001,-11,38.421875,5.234375,0.21875,0.046875,0.0,0.5843750000000006,0.46484375000000006,0.7252030944981747,0.055264007602276254,0.13693995311765594,0.05,-0.3999999999999999,-0.44999999999999996,2.0,15.0,1,0,17,1,1,41,0,0,3,0
2000613,1.0,0.05,0.9,-3.035953124999996,-2.9499999999999957,0.085953125,-17,85.953125,8.109375,0.296875,0.03125,0.03125,0.5935483870967748,0.47580645161290336,0.9909292952258951,0.20514390350577957,0.8562142445061061,0.049999999999999996,-1.3,-1.6499999999999997,5.0,16.0,0,1,12,0,1,45,0,0,3,2
2000614,0.0,0.05,0.9,10.151062500000004,10.200000000000003,0.04893750000000002,-10,48.9375,6.5625,0.25,0.09375,0.0,0.5812500000000006,0.48359374999999993,0.6649045983022669,0.08153013938419336,0.020453446672443545,0.05,-0.8,11.000000000000002,4.0,18.0,0,1,9,2,0,49,0,1,2,0
2000615,1.0,0.05,0.9,-5.0699374999999955,-4.949999999999996,0.11993749999999999,-19,119.9375,9.375,0.296875,0.0,0.0,0.5656250000000005,0.4765625000000001,0.9939197372530089,0.10197463333422004,0.9842143425391766,0.05,-1.65,-3.3000000000000007,7.0,12.0,0,4,10,2,3,41,0,0,4,0
2000616,1.0,0.05,0.9,-3.929921874999997,-3.799999999999997,0.129921875,-17,129.921875,10.296875,0.28125,0.015625,0.015625,0.5841269841269846,0.4761904761904762,0.9843333138071939,0.09043601496433809,0.9360185959159923,0.05,-1.5499999999999998,-2.25,7.0,12.0,0,1,10,1,2,48,0,0,1,1
2000617,1.0,0.05,0.9,-4.234093749999995,-4.149999999999995,0.08409375000000002,-17,84.09375,8.21875,0.265625,0.0,0.0,0.5875000000000006,0.4789062500000001,0.9937857634208798,0.07009792580889761,0.9861644516299193,0.05000000000000001,-0.19999999999999996,-3.950000000000001,1.0,16.0,0,1,11,1,1,47,0,0,3,0
2000618,0.0,0.05,0.9,11.686359375000002,11.750000000000002,0.06364062500000002,-14,63.640625,7.359375,0.265625,0.046875,0.0,0.5875000000000006,0.4789062500000001,0.8977667488312817,0.06441371114561517,0.4287107752519379,0.05,-0.6000000000000001,12.350000000000001,3.0,17.0,0,3,8,0,0,51,0,1,1,0
2000619,0.0,0.05,0.9,8.375078125,8.4,0.02492187500000001,-9,24.921875,4.046875,0.203125,0.0625,0.0,0.5937500000000007,0.45546875000000014,0.38208658620892955,0.05034134986522801,0.019897542879026446,0.049999999999999996,-0.65,9.05,4.0,13.0,0,0,19,1,0,44,0,0,0,0
2000620,1.0,0.05,0.9,-3.8507968749999963,-3.7499999999999964,0.100796875,-17,100.796875,8.734375,0.28125,0.015625,0.0,0.5875000000000007,0.47421875000000013,0.9844461772150473,0.08570290578905537,0.9374163403500845,0.05000000000000001,-1.0999999999999999,-2.6500000000000004,5.0,14.0,0,1,11,0,2,49,0,1,0,0
2000621,0.0,0.05,0.9,10.913625000000003,10.950000000000003,0.03637500000000002,-11,36.375,5.0625,0.234375,0.0625,0.0,0.5843750000000006,0.4812500000000001,0.932249454636622,0.1100444674137548,0.2637809623756903,0.05,-0.6000000000000001,11.550000000000002,3.0,16.0,0,1,12,1,1,44,0,1,4,0
2000622,0.0,0.05,0.9,10.880187500000005,10.950000000000005,0.06981250000000003,-12,69.8125,7.5625,0.25,0.0625,0.0,0.5750000000000005,0.47890625000000003,0.8052960135308033,0.06533925730566839,0.15264971178981163,0.05000000000000001,-0.8,11.750000000000002,4.0,16.0,0,0,13,2,2,43,0,2,2,0
2000623,1.0,0.05,0.9,-2.686906249999998,-2.599999999999998,0.08690624999999999,-14,86.90625,8.28125,0.25,0.03125,0.0,0.5906250000000006,0.47187500000000004,0.934544524118042,0.05694661678007875,0.6972630080247573,0.05,-0.3500000000000001,-2.25,1.0,17.0,0,2,12,0,1,47,0,0,2,0
2000624,0.0,0.05,0.9,6.0346562499999985,6.049999999999999,0.01534375000000001,-5,15.34375,3.71875,0.171875,0.09375,0.0,0.5656250000000005,0.4578125000000002,0.6774672762133673,0.050475229437995546,0.009012003850694124,0.049999999999999996,-1.0,7.049999999999998,4.0,13.0,1,2,18,3,1,36,0,0,3,0
2000625,0.0,0.05,0.9,10.790390625000002,10.850000000000003,0.05960937500000003,-13,59.609375,6.609375,0.234375,0.03125,0.0,0.6000000000000008,0.47656249999999994,0.9287187225439714,0.0540029831702703,0.6809627346251202,0.05,-0.2,11.050000000000002,1.0,16.0,0,0,13,0,0,48,0,0,3,0
2000626,1.0,0.05,0.9,-2.828296874999998,-2.7499999999999982,0.07829687500000002,-16,78.296875,7.765625,0.265625,0.015625,0.0,0.5937500000000007,0.48828125,0.9936794828646787,0.11451643057505245,0.9672285249824638,0.049999999999999996,-0.6499999999999999,-2.0999999999999996,4.0,14.0,0,0,9,0,1,50,0,1,3,0
2000627,1.0,0.05,0.9,-2.1120156250000006,-2.0500000000000007,0.06201562500000001,-11,62.015625,6.984375,0.1875,0.015625,0.0,0.6000000000000006,0.4742187500000001,0.9333551984386287,0.05029829341780233,0.8149273836831338,0.049999999999999996,-0.19999999999999996,-1.85,1.0,12.0,0,0,15,0,0,45,0,0,4,0
2000628,0.0,0.05,0.9,6.231249999999999,6.249999999999999,0.01875,-5,18.75,3.78125,0.140625,0.0625,0.0,0.5968750000000007,0.48593750000000013,0.3997583717872092,0.05002686382874842,0.014641811161835584,0.049999999999999996,-0.45,6.699999999999999,3.0,10.0,0,1,12,0,0,44,0,0,7,0
2000629,1.0,0.05,0.9,-2.42778125,-2.3499999999999996,0.07778124999999998,-14,77.78125,7.6875,0.265625,0.046875,0.0,0.6000000000000008,0.4648437500000001,0.8842561333623555,0.06431083292953532,0.394978769718535,0.05,-0.5999999999999999,-1.7500000000000004,3.0,17.0,0,0,18,0,0,43,0,0,3,0
2000630,0.0,0.05,0.9,8.458703124999998,8.499999999999998,0.04129687500000001,-8,41.296875,6.015625,0.203125,0.078125,0.0,0.5687500000000004,0.4742187500000002,0.5454416086560874,0.05151498145623496,0.019964714293893036,0.05,-0.55,9.049999999999999,3.0,15.0,1,1,13,0,3,42,1,2,1,0
2000631,0.0,0.05,0.9,7.288531250000001,7.300000000000001,0.011468750000000008,-6,11.46875,3.21875,0.171875,0.078125,0.0,0.5812500000000006,0.4671875000000002,0.26334801170142164,0.050217481212304634,0.002425788657904931,0.05000000000000001,-0.6500000000000001,7.949999999999999,4.0,12.0,0,0,21,0,2,34,1,2,4,0
2000632,1.0,0.05,0.9,-2.545453125,-2.5,0.045453125000000025,-11,45.453125,5.515625,0.171875,0.0,0.0,0.5875000000000006,0.4789062500000001,0.9582517286131459,0.05009206146261254,0.9319800023382606,0.05,0.0,-2.4999999999999996,0.0,11.0,0,2,12,1,0,44,0,0,5,0
2000633,1.0,0.05,0.9,-2.7681718749999957,-2.6999999999999957,0.06817187500000002,-15,68.171875,7.296875,0.25,0.015625,0.0,0.5843750000000006,0.4789062500000001,0.981571353441923,0.06931058490738995,0.9315239474704583,0.05000000000000001,-0.5999999999999999,-2.0999999999999996,3.0,14.0,1,0,11,1,1,47,0,0,3,0
2000634,0.0,0.05,0.9,9.912749999999999,9.95,0.03725,-9,37.25,5.40625,0.21875,0.078125,0.015625,0.5746031746031752,0.46428571428571436,0.3553176200812466,0.06288189744153284,0.004059872464535558,0.05000000000000001,-0.5,10.450000000000001,4.0,15.0,0,1,17,2,2,38,0,1,2,1
2000635,0.0,0.05,0.9,7.1343281250000015,7.150000000000001,0.01567187500000001,-6,15.671875,3.015625,0.1875,0.09375,0.0,0.5750000000000005,0.4648437500000001,0.12297056192765088,0.05010479301005792,0.0006320965296964848,0.049999999999999996,-0.8999999999999999,8.049999999999999,5.0,13.0,1,0,19,1,3,35,0,1,4,0
2000636,0.0,0.05,0.9,6.093796875,6.1,0.006203125000000002,-3,6.203125,1.765625,0.15625,0.109375,0.0,0.5875000000000006,0.4578125000000002,0.05501638385758795,0.0500974028402824,2.100553556323788e-05,0.05,-1.1,7.199999999999999,6.0,11.0,0,1,23,1,1,32,0,0,6,0
2000637,1.0,0.05,0.9,-3.7301718750000004,-3.6500000000000004,0.08017187499999999,-13,80.171875,8.203125,0.203125,0.0,0.015625,0.5904761904761912,0.46428571428571436,0.9574779243991133,0.05022571364708811,0.9321728338385681,0.05,-1.1,-2.5500000000000003,4.0,9.0,0,0,16,1,1,44,0,0,1,1
2000638,0.0,0.05,0.9,7.440812499999999,7.449999999999999,0.009187500000000005,-6,9.1875,2.40625,0.1875,0.09375,0.0,0.5812500000000006,0.45546875000000026,0.08273493221518695,0.05014294790811083,0.00023491619488736961,0.049999999999999996,-0.8,8.25,5.0,13.0,0,1,20,1,1,39,0,2,0,0
2000639,0.0,0.05,0.9,9.793859375000002,9.850000000000001,0.05614062500000002,-11,56.140625,6.921875,0.21875,0.046875,0.015625,0.5936507936507943,0.4690476190476191,0.6484801246728588,0.05212428655169872,0.11456641843759431,0.05,-0.45,10.3,3.0,14.0,0,1,15,0,1,43,0,0,3,1
2000640,1.0,0.05,0.9,-2.497124999999999,-2.4499999999999993,0.047125000000000014,-12,47.125,6.03125,0.203125,0.015625,0.0,0.5875000000000006,0.46015625,0.9443633026184897,0.0509570304552832,0.8346298230985587,0.05,-0.3999999999999999,-2.05,2.0,12.0,0,1,18,1,0,42,0,1,1,0
2000641,0.0,0.05,0.9,6.492890624999999,6.499999999999999,0.007109375000000005,-3,7.109375,2.390625,0.15625,0.109375,0.0,0.5781250000000006,0.4742187500000001,0.33582801451847405,0.050442263743539315,0.0002341128507840099,0.05,-0.7,7.199999999999999,5.0,12.0,0,0,17,1,2,38,0,3,3,0
2000642,0.0,0.05,0.9,9.430124999999999,9.45,0.01987500000000001,-9,19.875,3.875,0.21875,0.078125,0.0,0.5968750000000006,0.4671875000000001,0.5420012915234724,0.058519475460665785,0.015513751358832853,0.05,-0.65,10.100000000000001,4.0,15.0,0,0,18,0,0,42,0,1,3,0
2000643,0.0,0.05,0.9,8.779984375,8.799999999999999,0.020015625000000006,-10,20.015625,3.234375,0.203125,0.046875,0.0,0.5875000000000007,0.4789062500000001,0.7545864464660811,0.050387783877634124,0.22708113712678415,0.05,-0.4,9.199999999999998,2.0,14.0,0,0,14,0,2,43,1,0,4,0
2000644,1.0,0.05,0.9,-2.944234374999998,-2.849999999999998,0.09423437499999997,-15,94.234375,8.921875,0.25,0.015625,0.0,0.5906250000000007,0.47890625000000003,0.9786719017326384,0.06345754715256763,0.9247249303367665,0.05000000000000001,-1.5,-1.3499999999999996,6.0,11.0,0,0,13,1,1,45,0,0,4,0
2000645,0.0,0.05,0.9,4.49825,4.5,0.0017500000000000011,-3,1.75,0.9375,0.109375,0.0625,0.0,0.5906250000000006,0.4484375000000001,0.11211427540608941,0.05000141069649712,0.000649911510749447,0.049999999999999996,-0.35,4.85,4.0,7.0,0,0,26,1,0,33,0,1,3,0
2000646,1.0,0.05,0.9,-2.884171874999997,-2.799999999999997,0.08417187499999998,-15,84.171875,7.703125,0.265625,0.03125,0.0,0.5906250000000006,0.47187499999999993,0.9818888012481297,0.09092315709176264,0.8835812573614564,0.049999999999999996,-0.75,-2.05,3.0,16.0,0,2,15,0,1,41,0,0,5,0
2000647,1.0,0.05,0.9,-4.231718749999999,-4.149999999999999,0.08171874999999999,-15,81.71875,8.15625,0.25,0.015625,0.015625,0.5777777777777783,0.47380952380952396,0.9635708409515056,0.05218670684313448,0.9073465857541408,0.05,-0.6499999999999999,-3.5000000000000013,2.0,15.0,0,2,13,2,1,41,0,0,4,1
2000648,0.0,0.05,0.9,11.537546875000002,11.600000000000001,0.06245312500000003,-13,62.453125,6.984375,0.25,0.046875,0.015625,0.5968253968253975,0.4857142857142857,0.9152263017022727,0.07427938078722054,0.4568629513776957,0.05,-0.6000000000000001,12.200000000000003,3.0,16.0,0,1,11,0,0,45,0,0,6,1
2000649,1.0,0.05,0.9,-3.609046874999998,-3.4999999999999982,0.10904687499999997,-16,109.046875,9.359375,0.265625,0.015625,0.0,0.5781250000000007,0.49296874999999996,0.9783031236257009,0.06273098945840476,0.9248730168912099,0.05,-0.19999999999999996,-3.3000000000000007,1.0,17.0,0,1,8,2,0,47,0,2,4,0
2000650,0.0,0.05,0.9,9.192234375,9.2,0.007765625000000005,-6,7.765625,2.296875,0.21875,0.125,0.0,0.5812500000000006,0.4789062500000001,0.22033895766211095,0.06305130255084733,0.00011751935500948367,0.05,-1.4000000000000001,10.600000000000001,7.0,15.0,0,1,12,1,2,44,0,1,3,0
2000651,0.0,0.05,0.9,7.67759375,7.7,0.022406250000000016,-8,22.40625,3.8125,0.171875,0.046875,0.0,0.5875000000000007,0.4671875000000001,0.2966360360310463,0.05005524916284809,0.020125192272476455,0.05,-0.3,7.999999999999999,3.0,11.0,0,0,17,1,1,42,0,1,2,0
2000652,0.0,0.05,0.9,7.227124999999998,7.249999999999998,0.022875,-7,22.875,4.59375,0.1875,0.078125,0.0,0.5812500000000005,0.4835937500000001,0.5918008700980142,0.05033120946899991,0.03664662775594861,0.05,-0.9000000000000001,8.149999999999999,4.0,13.0,0,0,13,0,3,42,0,3,3,0
2000653,1.0,0.05,0.9,-2.663015624999998,-2.599999999999998,0.06301562500000003,-14,63.015625,6.828125,0.234375,0.015625,0.0,0.5843750000000006,0.47890625000000014,0.9821003291285162,0.058120529726254616,0.9365218726926272,0.049999999999999996,0.0,-2.6000000000000005,0.0,16.0,0,0,13,1,1,45,1,0,3,0
2000654,0.0,0.05,0.9,6.891562499999999,6.8999999999999995,0.008437500000000004,-6,8.4375,2.46875,0.171875,0.078125,0.015625,0.5809523809523817,0.4595238095238096,0.70911168090595,0.05087554903850213,0.022644680000547267,0.05,-0.35000000000000003,7.249999999999999,1.0,15.0,0,1,19,2,1,37,0,0,3,1
2000655,0.0,0.05,0.9,8.520265624999999,8.549999999999999,0.02973437500000001,-9,29.734375,5.046875,0.1875,0.046875,0.0,0.6000000000000008,0.4859375,0.7950633669660145,0.05050485991205107,0.2503053702056818,0.05,-0.4,8.950000000000001,2.0,13.0,0,0,10,0,0,50,0,0,4,0
2000656,1.0,0.05,0.9,-2.5340781249999984,-2.4999999999999982,0.03407812500000001,-11,34.078125,4.421875,0.1875,0.015625,0.0,0.5968750000000007,0.46953125000000007,0.9575012146726982,0.05024756736765695,0.8875835912003469,0.05,-0.40000000000000013,-2.0999999999999996,2.0,11.0,0,0,17,0,0,43,0,1,3,0
2000657,1.0,0.05,0.9,-3.0947500000000026,-3.0500000000000025,0.04475000000000002,-11,44.75,5.84375,0.1875,0.015625,0.015625,0.5936507936507943,0.45238095238095255,0.8685387326777917,0.05006787111648289,0.698059954243019,0.049999999999999996,-0.19999999999999996,-2.8500000000000005,1.0,12.0,0,2,22,0,0,35,0,0,4,1
2000658,0.0,0.05,0.9,8.576453125,8.6,0.023546875000000005,-7,23.546875,4.421875,0.21875,0.109375,0.0,0.5781250000000007,0.4648437500000001,0.625324621175259,0.06722997661750806,0.003165284412418898,0.049999999999999996,-1.55,10.15,7.0,14.0,0,0,18,2,0,41,1,1,1,0
2000659,1.0,0.05,0.9,-3.208468750000001,-3.1500000000000012,0.05846875000000001,-11,58.46875,6.875,0.171875,0.0,0.0,0.5906250000000006,0.47890625000000003,0.9364513492554476,0.050025606198152044,0.9053447513043344,0.05,-0.75,-2.4000000000000004,2.0,9.0,1,0,11,0,0,49,0,1,2,0
2000660,0.0,0.05,0.9,9.576546875000002,9.600000000000001,0.023453125000000012,-8,23.453125,4.203125,0.25,0.125,0.0,0.5718750000000005,0.47187500000000016,0.0770281892176905,0.05363725419277346,9.679327021557062e-05,0.05000000000000001,-1.25,10.850000000000001,7.0,17.0,1,1,13,1,4,41,0,0,3,0
2000661,0.0,0.05,0.9,8.816562499999998,8.849999999999998,0.03343750000000001,-10,33.4375,4.625,0.203125,0.046875,0.015625,0.590476190476191,0.4523809523809525,0.7135083912554421,0.05240255660444803,0.13133884428967757,0.05,-0.04999999999999999,8.899999999999999,1.0,15.0,0,2,22,0,0,35,0,1,3,1
2000662,0.0,0.05,0.9,5.2423593749999995,5.249999999999999,0.007640625000000004,-2,7.640625,2.328125,0.15625,0.125,0.0,0.5875000000000006,0.47656250000000006,0.2739567866999417,0.05014806583230861,0.00017823066247639233,0.05000000000000001,-1.25,6.499999999999999,5.0,13.0,0,0,18,0,1,37,1,1,6,0
2000663,1.0,0.05,0.9,-2.0695781249999983,-1.9999999999999982,0.069578125,-13,69.578125,7.015625,0.234375,0.03125,0.0,0.5843750000000005,0.4859375,0.9508320174694859,0.05567638569359853,0.7392018306662346,0.05,-1.0,-0.9999999999999998,5.0,12.0,0,1,10,1,1,46,0,1,4,0
2000664,1.0,0.05,0.9,-3.6696249999999977,-3.599999999999998,0.06962499999999999,-13,69.625,7.21875,0.203125,0.0,0.0,0.5843750000000006,0.47187500000000004,0.9605016520118194,0.050183292220151006,0.936446758430884,0.05,-1.35,-2.25,4.0,9.0,0,3,12,1,0,45,0,0,3,0
2000665,1.0,0.05,0.9,-3.9646562499999987,-3.8999999999999986,0.06465625000000001,-14,64.65625,7.28125,0.21875,0.0,0.0,0.5906250000000006,0.48359375000000004,0.9689567954346742,0.05038954559617996,0.9485528546715241,0.049999999999999996,-0.3999999999999999,-3.500000000000001,2.0,12.0,0,3,7,0,0,51,0,0,3,0
2000666,0.0,0.05,0.9,9.51996875,9.55,0.030031250000000013,-10,30.03125,4.625,0.21875,0.0625,0.015625,0.587301587301588,0.4500000000000001,0.584213018013158,0.05763928294726515,0.03334539661047862,0.049999999999999996,-0.45,10.0,3.0,15.0,0,2,20,1,0,39,0,0,1,1
2000667,0.0,0.05,0.9,8.972640625,9.0,0.027359375000000012,-11,27.359375,3.921875,0.203125,0.03125,0.0,0.5781250000000007,0.48125000000000007,0.6822945977489833,0.05016187199010744,0.24221880413493652,0.05000000000000002,-0.04999999999999999,9.05,1.0,14.0,0,2,12,2,1,41,0,0,6,0
2000668,1.0,0.05,0.9,-3.1918593749999995,-3.0999999999999996,0.09185937499999998,-14,91.859375,8.734375,0.21875,0.0,0.0,0.6000000000000006,0.47421875000000013,0.982322568544229,0.05209668855151353,0.9672959965898735,0.049999999999999996,-0.7999999999999998,-2.3,4.0,10.0,0,0,15,0,0,45,0,0,4,0
2000669,1.0,0.05,0.9,-2.7226406249999986,-2.6499999999999986,0.07264062500000001,-13,72.640625,7.484375,0.21875,0.015625,0.015625,0.5841269841269847,0.4714285714285715,0.9561448729410459,0.052224579890424755,0.8681394808766018,0.05000000000000001,-0.5999999999999999,-2.05,3.0,12.0,0,1,14,1,1,43,0,1,2,1
2000670,0.0,0.05,0.9,10.861968750000003,10.900000000000002,0.038031250000000016,-10,38.03125,5.21875,0.265625,0.109375,0.015625,0.5682539682539688,0.4714285714285716,0.6223162678193597,0.1329299855378759,0.003828214553667447,0.05000000000000001,-0.6000000000000001,11.500000000000002,3.0,21.0,0,0,15,1,4,40,1,2,0,1
2000671,1.0,0.05,0.9,-2.5389687500000018,-2.5000000000000018,0.03896875000000001,-11,38.96875,5.0,0.1875,0.015625,0.0,0.6000000000000006,0.46953125000000007,0.905789364643178,0.05010803412792235,0.7642961618966763,0.05,-0.19999999999999996,-2.3000000000000007,1.0,12.0,0,0,19,0,0,39,0,0,6,0
2000672,0.0,0.05,0.9,6.393562500000001,6.4,0.006437500000000002,-5,6.4375,1.8125,0.15625,0.078125,0.03125,0.5967741935483878,0.46370967741935515,0.48114352960450707,0.050281649779529265,0.0062159633210343195,0.05,-0.45,6.85,3.0,12.0,0,0,21,0,0,35,0,1,5,2
2000673,0.0,0.05,0.9,8.533124999999998,8.549999999999999,0.01687500000000001,-6,16.875,3.5,0.203125,0.109375,0.0,0.5875000000000007,0.4742187500000001,0.0501183328253728,0.05049658053553629,6.072380513009983e-05,0.05,-0.5,9.049999999999999,4.0,16.0,0,2,11,0,2,47,0,0,2,0
2000674,0.0,0.05,0.9,8.018312499999999,8.049999999999999,0.03168750000000001,-8,31.6875,5.0,0.203125,0.078125,0.015625,0.590476190476191,0.45714285714285735,0.5150315327437701,0.05114296982369955,0.01743369218700437,0.05,-0.8,8.850000000000001,4.0,14.0,0,1,18,0,2,41,0,0,1,1
2000675,0.0,0.05,0.9,11.403500000000003,11.450000000000003,0.04650000000000003,-12,46.5,6.0625,0.25,0.0625,0.0,0.5968750000000007,0.4671875000000001,0.4620004081955816,0.06732057760453623,0.019765559781012344,0.05,-0.5,11.950000000000001,4.0,16.0,0,0,17,0,0,44,0,1,2,0
2000676,1.0,0.05,0.9,-3.041765624999997,-2.899999999999997,0.14176562499999992,-16,141.765625,11.046875,0.265625,0.015625,0.0,0.6000000000000008,0.4906250000000001,0.9870273881478822,0.0860120789480264,0.9461825092822559,0.05,-0.9999999999999998,-1.8999999999999997,5.0,13.0,0,0,6,0,0,56,0,0,2,0
2000677,1.0,0.05,0.9,-1.3230937499999982,-1.2499999999999982,0.07309375000000001,-12,73.09375,7.125,0.21875,0.03125,0.0,0.5937500000000007,0.48593749999999997,0.9799457368315758,0.06581232398180717,0.8612478607519484,0.05,-0.5999999999999999,-0.6499999999999999,3.0,13.0,0,0,9,1,0,51,0,0,3,0
2000678,1.0,0.05,0.9,-4.083093749999994,-3.949999999999994,0.13309375,-19,133.09375,9.875,0.3125,0.015625,0.0,0.5875000000000007,0.4859375,0.9964194891094116,0.19953223285899324,0.9654558753840208,0.05,-1.1999999999999997,-2.750000000000001,6.0,15.0,0,0,11,1,0,47,0,2,3,0
2000679,0.0,0.05,0.9,6.394718749999999,6.3999999999999995,0.005281250000000003,-2,5.28125,1.90625,0.171875,0.140625,0.0,0.5781250000000007,0.4460937500000002,0.007256382791379518,0.054023962380697864,1.906674575555603e-07,0.049999999999999996,-0.8500000000000001,7.249999999999998,8.0,12.0,0,0,24,2,3,34,0,0,1,0
2000680,1.0,0.05,0.9,-2.4718750000000003,-2.4000000000000004,0.07187500000000002,-14,71.875,7.25,0.234375,0.015625,0.0,0.5875000000000007,0.4859375,0.9853775138547805,0.06210384356203964,0.945515832453255,0.05,-1.2000000000000002,-1.1999999999999995,5.0,11.0,0,1,10,1,1,46,0,0,5,0
2000681,0.0,0.05,0.9,11.24534375,11.3,0.05465625000000003,-13,54.65625,6.65625,0.25,0.046875,0.0,0.5968750000000007,0.4765625000000001,0.8900312713089447,0.06169148262571694,0.4068605089427489,0.049999999999999996,-0.4,11.700000000000001,2.0,17.0,0,0,14,0,1,45,0,0,4,0
2000682,1.0,0.05,0.9,-2.818781249999998,-2.7499999999999982,0.06878125,-13,68.78125,6.875,0.203125,0.0,0.0,0.5875000000000007,0.4718750000000001,0.9792206062721499,0.05118850741201771,0.9620390993491404,0.05000000000000001,-0.5999999999999999,-2.1499999999999995,3.0,10.0,0,1,14,1,0,45,0,1,2,0
2000683,1.0,0.05,0.9,-2.170937499999996,-2.099999999999996,0.0709375,-13,70.9375,7.375,0.234375,0.03125,0.0,0.5875000000000006,0.49296874999999996,0.9524846775515272,0.0547918662001721,0.7861249092510962,0.05,-0.75,-1.3499999999999996,3.0,14.0,0,1,8,0,1,48,0,2,4,0
2000684,0.0,0.05,0.9,9.499281250000001,9.55,0.050718750000000014,-11,50.71875,6.03125,0.21875,0.046875,0.0,0.5937500000000008,0.45312500000000006,0.8859268969094932,0.05459174506489253,0.3598767520036083,0.04999999999999999,-0.4,9.950000000000001,2.0,15.0,0,0,24,1,0,35,0,0,4,0
2000685,1.0,0.05,0.9,-2.5589218749999967,-2.4999999999999964,0.05892187500000002,-17,58.921875,6.015625,0.3125,0.046875,0.0,0.5937500000000007,0.4765625000000001,0.9888310567549653,0.23004531336859962,0.6567935048057857,0.05,-1.7,-0.7999999999999998,7.0,16.0,0,0,14,0,1,45,0,1,3,0
2000686,1.0,0.05,0.9,-2.628921874999995,-2.5499999999999954,0.078921875,-15,78.921875,7.890625,0.265625,0.03125,0.015625,0.5841269841269847,0.4714285714285716,0.96498519270297,0.09048341793181941,0.7809477495647713,0.05,-1.15,-1.4,5.0,14.0,0,1,13,2,0,45,0,0,2,1
2000687,0.0,0.05,0.9,9.584500000000002,9.650000000000002,0.06550000000000002,-13,65.5,7.28125,0.21875,0.015625,0.015625,0.5746031746031751,0.4690476190476191,0.9278265180333062,0.050494791573611704,0.8108454947441256,0.05000000000000001,-0.2,9.850000000000001,1.0,14.0,1,1,15,1,2,39,0,1,3,1
2000688,0.0,0.05,0.9,6.39109375,6.3999999999999995,0.008906250000000003,-6,8.90625,2.375,0.15625,0.0625,0.015625,0.5904761904761909,0.4380952380952382,0.09883396050745852,0.05001315507656861,0.001023759771483933,0.049999999999999996,-0.35,6.749999999999999,4.0,10.0,0,1,29,0,2,27,0,0,4,1
2000689,0.0,0.05,0.9,6.548624999999999,6.549999999999999,0.0013750000000000008,-1,1.375,0.90625,0.171875,0.15625,0.0,0.5781250000000006,0.4507812500000003,0.10944618405461921,0.055371256069645436,7.80201890299389e-07,0.04999999999999999,-1.25,7.799999999999998,8.0,13.0,0,2,23,1,3,31,0,0,4,0
2000690,1.0,0.05,0.9,-2.694046875,-2.6500000000000004,0.044046875000000006,-10,44.046875,5.671875,0.15625,0.0,0.015625,0.5841269841269847,0.46666666666666673,0.9313053996544469,0.05002918587770865,0.8946337399486974,0.05000000000000001,-0.19999999999999996,-2.45,1.0,9.0,0,0,17,2,1,40,0,0,3,1
2000691,1.0,0.05,0.9,-3.7211249999999962,-3.599999999999996,0.12112499999999995,-18,121.125,10.03125,0.296875,0.015625,0.0,0.6000000000000006,0.4859375,0.9938665283191643,0.15593034074933715,0.959915451162507,0.05,-1.15,-2.45,5.0,15.0,0,0,11,0,0,48,0,0,5,0
2000692,1.0,0.05,0.9,-2.1273124999999973,-2.049999999999997,0.0773125,-13,77.3125,7.8125,0.234375,0.03125,0.0,0.5875000000000006,0.47187500000000004,0.9610215653708678,0.06068075786163829,0.7803124647357829,0.05,-0.5999999999999999,-1.4500000000000006,3.0,14.0,0,2,11,0,2,48,0,0,1,0
2000693,0.0,0.05,0.9,8.87509375,8.9,0.02490625000000001,-9,24.90625,4.25,0.21875,0.078125,0.0,0.5750000000000005,0.4554687500000002,0.3554057118916383,0.051806957654410214,0.007128276276026665,0.05,-0.8500000000000001,9.75,5.0,14.0,1,0,22,1,3,33,0,1,3,0
2000694,1.0,0.05,0.9,-2.118281249999999,-2.049999999999999,0.06828125,-13,68.28125,7.0625,0.234375,0.03125,0.0,0.5843750000000006,0.4789062500000001,0.9359641994852692,0.055617015526382915,0.6989141777307638,0.05,-0.3999999999999999,-1.65,2.0,15.0,0,1,12,1,2,44,0,0,4,0
2000695,1.0,0.05,0.9,-3.9847031249999985,-3.8999999999999986,0.08470312500000002,-16,84.703125,7.765625,0.25,0.0,0.0,0.5843750000000006,0.47656250000000006,0.9872138101107829,0.05670075517918716,0.9750773626673879,0.05,-1.4500000000000002,-2.4499999999999993,5.0,11.0,0,1,14,1,1,42,0,1,4,0
2000696,1.0,0.05,0.9,-3.8212187499999994,-3.6999999999999993,0.12121874999999999,-17,121.21875,9.75,0.265625,0.0,0.0,0.5906250000000007,0.48828125000000006,0.9978561081138364,0.11044941112181708,0.9935691944049557,0.049999999999999996,-0.5999999999999999,-3.1,3.0,14.0,0,1,7,1,0,52,0,0,3,0
2000697,1.0,0.05,0.9,-3.0582499999999984,-2.9999999999999982,0.05825000000000003,-14,58.25,6.78125,0.234375,0.015625,0.0,0.5781250000000006,0.48828125,0.9636314025960606,0.052300890699117496,0.8894558751304088,0.05,-0.9999999999999998,-1.9999999999999998,5.0,11.0,0,2,10,1,2,42,0,1,6,0
2000698,0.0,0.05,0.9,4.8959375000000005,4.9,0.004062500000000003,-1,4.0625,1.78125,0.15625,0.140625,0.0,0.5750000000000005,0.4718750000000002,0.4484436474361263,0.050359421762479935,9.593261728372778e-05,0.05,-0.9500000000000002,5.850000000000001,4.0,15.0,0,1,17,1,4,35,0,1,5,0
2000699,1.0,0.05,0.9,-3.0425937499999955,-2.9499999999999957,0.09259374999999996,-15,92.59375,8.5,0.25,0.015625,0.03125,0.5870967741935489,0.4782258064516129,0.9785579498614545,0.07050320643012745,0.9226609806990526,0.05000000000000001,-0.95,-1.9999999999999998,4.0,13.0,0,0,12,1,0,46,0,2,1,2
2000700,1.0,0.05,0.9,-3.9256406249999936,-3.7999999999999936,0.12564062499999998,-19,125.640625,9.546875,0.3125,0.015625,0.0,0.5968750000000006,0.4765625,0.9976494083525549,0.22556064712777074,0.9687005015158818,0.05,-0.7999999999999998,-3.000000000000001,4.0,17.0,0,0,11,0,1,51,0,0,1,0
2000701,0.0,0.05,0.9,8.697875000000002,8.700000000000001,0.002125000000000001,-4,2.125,1.0625,0.21875,0.15625,0.0,0.5718750000000005,0.45781250000000023,0.03721490196386752,0.06605241075859006,6.295485000068692e-07,0.05,-1.4,10.100000000000001,10.0,14.0,1,0,22,1,3,32,0,2,3,0
2000702,0.0,0.05,0.9,5.595093749999999,5.6,0.0049062500000000035,-2,4.90625,1.875,0.15625,0.125,0.0,0.5875000000000006,0.4437500000000002,0.12390486613219348,0.050237441988892184,1.1811919104450941e-05,0.05000000000000001,-1.0,6.599999999999998,6.0,12.0,0,1,27,0,1,31,0,2,2,0
2000703,0.0,0.05,0.9,7.48925,7.5,0.010750000000000006,-6,10.75,3.0,0.1875,0.09375,0.015625,0.5873015873015879,0.4619047619047621,0.13183309851224542,0.050256631530451554,0.00046368773673461993,0.049999999999999996,-0.7000000000000002,8.2,5.0,13.0,0,3,17,0,0,39,0,1,3,1
2000704,1.0,0.05,0.9,-4.626437499999996,-4.4999999999999964,0.12643749999999995,-18,126.4375,9.0625,0.28125,0.0,0.0,0.5968750000000007,0.46953125000000007,0.9922193753715299,0.08124376484366586,0.9821026233727005,0.05,-1.1999999999999997,-3.3000000000000007,6.0,12.0,0,0,15,0,1,46,0,0,2,0
2000705,1.0,0.05,0.9,-3.1917031250000005,-3.1500000000000004,0.04170312500000001,-12,41.703125,5.796875,0.1875,0.0,0.0,0.5968750000000007,0.4718750000000001,0.9551572795547797,0.05010348401775783,0.9287759691481211,0.05000000000000001,-0.5999999999999999,-2.55,3.0,9.0,0,1,14,0,0,46,0,0,3,0
2000706,0.0,0.05,0.9,5.296484374999999,5.299999999999999,0.0035156250000000027,-1,3.515625,1.609375,0.15625,0.140625,0.0,0.5812500000000006,0.4578125000000002,0.11924110273657344,0.050714750116441255,7.448691488319153e-06,0.05,-1.2000000000000002,6.499999999999998,7.0,12.0,0,0,20,2,2,38,0,0,2,0
2000707,1.0,0.05,0.9,-3.7913124999999956,-3.6999999999999957,0.09131250000000002,-19,91.3125,8.5,0.3125,0.015625,0.0,0.5750000000000005,0.48828125,0.9990235948621029,0.2475907711678808,0.9834755433023137,0.049999999999999996,-0.7999999999999998,-2.9000000000000004,4.0,17.0,1,1,5,2,1,52,0,0,2,0
2000708,0.0,0.05,0.9,5.394296874999998,5.399999999999999,0.005703125000000003,-6,5.703125,1.765625,0.140625,0.046875,0.0,0.5906250000000006,0.44375000000000014,0.7402371735945027,0.05002389730035354,0.1298179287116279,0.05000000000000001,-0.55,5.949999999999999,2.0,10.0,0,3,25,0,0,32,0,0,4,0
2000709,0.0,0.05,0.9,10.123171875000002,10.150000000000002,0.026828125000000015,-10,26.828125,3.890625,0.234375,0.078125,0.015625,0.5873015873015879,0.4547619047619048,0.8082909380566697,0.10533661384284872,0.03957368211478515,0.05000000000000001,-0.8,10.950000000000001,4.0,16.0,0,3,19,0,1,37,0,0,3,1
2000710,0.0,0.05,0.9,8.6630625,8.700000000000001,0.03693750000000001,-9,36.9375,5.0,0.203125,0.0625,0.0,0.5875000000000007,0.47421874999999997,0.5096998226409455,0.050749905419062456,0.03844898861162624,0.049999999999999996,-0.8,9.5,4.0,13.0,0,0,17,1,0,40,1,0,5,0
2000711,0.0,0.05,0.9,8.138015625,8.15,0.011984375000000007,-7,11.984375,2.734375,0.1875,0.078125,0.015625,0.5936507936507943,0.48095238095238113,0.2167981613271666,0.0504416839926262,0.0032808511805811147,0.05,-0.5,8.649999999999999,4.0,13.0,0,0,12,0,1,46,0,1,3,1
2000712,1.0,0.05,0.9,-3.2730312499999994,-3.1999999999999993,0.07303125,-14,73.03125,7.5,0.234375,0.015625,0.0,0.5843750000000006,0.4906249999999999,0.9825357140372544,0.053001591674120815,0.9516184250632166,0.05,-0.6499999999999999,-2.5500000000000007,4.0,12.0,0,0,13,1,0,41,0,3,6,0
2000713,0.0,0.05,0.9,6.645765625,6.65,0.004234375000000002,-3,4.234375,1.546875,0.171875,0.125,0.015625,0.5777777777777783,0.4357142857142859,0.6097749631811303,0.05332252105878528,0.00011265046888675396,0.05,-1.05,7.699999999999999,6.0,13.0,1,2,24,1,1,34,0,0,0,1
2000714,0.0,0.05,0.9,11.422296875000002,11.450000000000003,0.02770312500000001,-12,27.703125,4.265625,0.25,0.0625,0.0,0.5750000000000005,0.4695312500000002,0.45771333379054446,0.06832784839367835,0.018938210248202535,0.05,-0.3,11.750000000000002,3.0,17.0,0,1,13,2,3,44,0,0,1,0
2000715,1.0,0.05,0.9,-3.442500000000002,-3.400000000000002,0.04250000000000002,-13,42.5,5.3125,0.203125,0.0,0.0,0.5781250000000007,0.4648437500000001,0.9659213163206906,0.05032996637795892,0.9430249279688901,0.05,-1.1999999999999997,-2.2,6.0,7.0,0,0,19,3,0,38,0,1,3,0
2000716,1.0,0.05,0.9,-3.8487812499999983,-3.7499999999999982,0.09878124999999999,-15,98.78125,8.5625,0.234375,0.0,0.0,0.5906250000000006,0.46953125000000007,0.9880410702618712,0.053133528433589323,0.9771029421614017,0.05,-0.8,-2.95,4.0,11.0,0,0,16,0,0,45,1,1,1,0
2000717,0.0,0.05,0.9,8.75390625,8.8,0.04609375000000001,-11,46.09375,5.6875,0.203125,0.03125,0.0,0.5937500000000007,0.47187500000000004,0.8344633935561399,0.05018877627814816,0.4848121497305015,0.05,-0.4,9.2,2.0,13.0,0,1,16,0,0,42,0,1,4,0
2000718,1.0,0.05,0.9,-2.484812500000001,-2.450000000000001,0.0348125,-10,34.8125,5.0,0.15625,0.0,0.0,0.6000000000000008,0.47187500000000004,0.9391354546355258,0.050027257163958797,0.9054257449829757,0.05,-0.75,-1.7,3.0,7.0,0,0,15,0,0,46,0,0,3,0
2000719,1.0,0.05,0.9,-3.8215156249999955,-3.6999999999999957,0.121515625,-18,121.515625,9.671875,0.296875,0.015625,0.0,0.5875000000000007,0.48828125000000006,0.9931798396028646,0.14543401210583606,0.9587733653519881,0.05,-1.5,-2.1999999999999997,6.0,14.0,0,1,5,1,0,56,0,1,0,0
2000720,1.0,0.05,0.9,-4.4536093749999965,-4.349999999999996,0.10360937500000002,-18,103.609375,8.765625,0.28125,0.0,0.015625,0.5777777777777783,0.4761904761904762,0.993632924577723,0.09896193063814046,0.9838098906133568,0.05,-1.15,-3.2000000000000006,5.0,13.0,1,0,9,2,1,50,0,0,0,1
2000721,1.0,0.05,0.9,-3.452234374999996,-3.349999999999996,0.10223437499999999,-19,102.234375,8.546875,0.328125,0.03125,0.0,0.5968750000000007,0.490625,0.9994871097356082,0.2763245177926311,0.9580849813249905,0.05,-0.6499999999999999,-2.700000000000001,4.0,19.0,0,0,11,0,1,45,0,0,7,0
2000722,0.0,0.05,0.9,12.159296875,12.200000000000001,0.04070312500000002,-12,40.703125,5.359375,0.265625,0.078125,0.0,0.5906250000000006,0.47890625000000003,0.478144358715312,0.10197356327065242,0.0075087094396180136,0.049999999999999996,-0.5,12.700000000000003,4.0,18.0,0,1,10,0,1,50,0,1,1,0
2000723,1.0,0.05,0.9,-2.760468749999995,-2.649999999999995,0.11046874999999995,-14,110.46875,9.53125,0.25,0.03125,0.0,0.5937500000000007,0.4765625000000001,0.9313758577358306,0.05504425020034668,0.692262448461298,0.05000000000000001,-1.2500000000000002,-1.400000000000001,4.0,14.0,0,0,12,1,0,49,0,0,2,0
2000724,1.0,0.05,0.9,-4.023515624999999,-3.9499999999999993,0.07351562500000001,-14,73.515625,7.484375,0.21875,0.0,0.0,0.5781250000000007,0.47890625,0.9664967686096964,0.05034362359271772,0.9450452825736408,0.05,-0.19999999999999996,-3.75,1.0,13.0,1,2,13,0,2,39,0,1,6,0
2000725,0.0,0.05,0.9,7.5960937500000005,7.6000000000000005,0.003906250000000001,-5,3.90625,1.34375,0.171875,0.09375,0.015625,0.5777777777777783,0.4500000000000001,0.13634522786018322,0.050592349722881076,8.213573059560594e-05,0.05000000000000001,-0.39999999999999997,7.999999999999999,5.0,12.0,1,1,25,0,2,28,0,2,4,1
2000726,1.0,0.05,0.9,-3.937609374999998,-3.849999999999998,0.08760937500000002,-17,87.609375,7.796875,0.28125,0.015625,0.0,0.5906250000000006,0.47421875,0.9819932021614411,0.07729511999500333,0.9317179771278866,0.049999999999999996,-1.3,-2.5500000000000007,5.0,14.0,0,1,15,1,0,42,0,0,5,0
2000727,1.0,0.05,0.9,-2.9714687500000005,-2.9000000000000004,0.07146875000000001,-14,71.46875,7.5,0.234375,0.015625,0.0,0.5812500000000007,0.47890625,0.9655419628766623,0.05351770841399879,0.8922317271660672,0.05,-1.3999999999999997,-1.5,6.0,10.0,0,0,11,3,0,48,0,0,2,0
2000728,1.0,0.05,0.9,-2.1961406250000004,-2.1500000000000004,0.046140625000000005,-11,46.140625,5.828125,0.203125,0.03125,0.0,0.5718750000000006,0.4859375,0.6488045851647896,0.050093578211193326,0.22237998605328974,0.05000000000000001,-0.19999999999999996,-1.9500000000000006,1.0,14.0,0,2,13,3,0,37,0,1,8,0
2000729,1.0,0.05,0.9,-4.914828124999995,-4.799999999999995,0.114828125,-20,114.828125,9.078125,0.3125,0.0,0.0,0.5843750000000006,0.4695312500000001,0.9981931918941573,0.19852840703370586,0.9900676177973134,0.05,-0.3999999999999999,-4.4,2.0,18.0,0,1,13,2,0,47,0,0,1,0
2000730,1.0,0.05,0.9,-3.9382343749999973,-3.799999999999997,0.138234375,-18,138.234375,10.765625,0.28125,0.0,0.015625,0.5936507936507943,0.49761904761904757,0.9982884124260941,0.16659668640155595,0.9927031247138496,0.05,-0.6499999999999999,-3.1500000000000004,4.0,14.0,0,0,5,1,0,53,0,0,4,1
2000731,1.0,0.05,0.9,-3.1761874999999997,-3.0999999999999996,0.0761875,-14,76.1875,7.9375,0.234375,0.015625,0.0,0.5937500000000007,0.48125000000000007,0.957495358992573,0.0517223225939576,0.8749963416713876,0.05,-0.3999999999999999,-2.7,2.0,14.0,0,0,12,1,0,47,0,0,4,0
2000732,0.0,0.05,0.9,5.992312499999998,5.999999999999998,0.007687500000000006,-4,7.6875,2.625,0.15625,0.09375,0.0,0.5843750000000008,0.46250000000000013,0.2599744512266853,0.050088109020411734,0.0007678825604155069,0.05000000000000001,-0.65,6.649999999999999,4.0,12.0,0,1,19,2,0,38,0,0,4,0
2000733,0.0,0.05,0.9,8.414375,8.45,0.03562500000000002,-10,35.625,5.03125,0.203125,0.046875,0.0,0.5937500000000007,0.46484375000000017,0.7091759484342243,0.05024499645856067,0.1896281583277548,0.05,-0.4,8.85,2.0,14.0,0,0,18,1,0,42,0,0,3,0
2000734,0.0,0.05,0.9,5.490765624999998,5.499999999999998,0.009234375000000005,-5,9.234375,2.515625,0.15625,0.078125,0.0,0.5750000000000005,0.4578125000000001,0.3829934411350239,0.05003512368222137,0.006123727696109538,0.05000000000000001,-0.7,6.199999999999999,3.0,12.0,0,2,19,1,2,37,0,2,1,0
2000735,1.0,0.05,0.9,-2.2472187499999934,-2.1499999999999932,0.09721875,-16,97.21875,8.59375,0.296875,0.046875,0.0,0.5812500000000006,0.471875,0.9381040311070841,0.17439827898280863,0.31811957159948256,0.05,-1.7,-0.44999999999999996,7.0,15.0,1,0,12,1,1,48,0,1,0,0
2000736,1.0,0.05,0.9,-4.584624999999998,-4.499999999999998,0.084625,-17,84.625,7.78125,0.265625,0.0,0.0,0.5906250000000006,0.4718750000000001,0.9867496112125954,0.05857773104231172,0.9741308494104495,0.05,0.0,-4.500000000000001,0.0,17.0,0,1,15,1,0,43,0,0,4,0
2000737,1.0,0.05,0.9,-2.917609374999998,-2.849999999999998,0.06760937500000001,-15,67.609375,6.921875,0.25,0.015625,0.0,0.6000000000000008,0.48125000000000007,0.9397898295491067,0.058348537345533566,0.7775406615835598,0.05,-0.3999999999999999,-2.45,2.0,15.0,0,0,11,0,0,50,0,0,3,0
2000738,1.0,0.05,0.9,-5.177296874999995,-5.049999999999995,0.127296875,-20,127.296875,9.734375,0.3125,0.0,0.0,0.5937500000000007,0.4789062500000001,0.998310090525911,0.17943463021947717,0.9920932347116884,0.05,-0.19999999999999996,-4.850000000000001,1.0,19.0,0,1,12,0,0,47,0,1,3,0
2000739,1.0,0.05,0.9,-2.6295312500000017,-2.6000000000000014,0.029531250000000016,-9,29.53125,4.5625,0.140625,0.0,0.0,0.5718750000000006,0.4742187500000001,0.8973447572348762,0.05000427354464123,0.8557564096735868,0.05,-0.19999999999999996,-2.4000000000000004,1.0,8.0,0,0,17,3,1,37,0,2,4,0
2000740,1.0,0.05,0.9,-1.2207187499999967,-1.1499999999999968,0.07071875000000004,-13,70.71875,7.875,0.265625,0.0625,0.0,0.5906250000000006,0.4671875000000001,0.8932474766661023,0.12286394259558484,0.19483747209262112,0.049999999999999996,-0.75,-0.3999999999999997,3.0,18.0,0,2,13,0,1,47,0,0,1,0
2000741,1.0,0.05,0.9,-1.9621249999999986,-1.8999999999999986,0.06212500000000001,-11,62.125,6.71875,0.203125,0.03125,0.015625,0.6000000000000006,0.47857142857142854,0.9040533272704054,0.05075096081362009,0.6495531342813136,0.05,-0.75,-1.1500000000000004,3.0,12.0,0,0,14,0,0,44,0,0,5,1
2000742,1.0,0.05,0.9,-2.1961718750000006,-2.1500000000000004,0.046171875000000015,-12,46.171875,5.828125,0.21875,0.03125,0.0,0.5843750000000005,0.47890625,0.9138425119417263,0.05111942404674561,0.6681353253287684,0.05,-0.7000000000000002,-1.45,2.0,14.0,0,1,13,1,2,42,0,0,5,0
2000743,0.0,0.05,0.9,9.567265624999997,9.599999999999998,0.03273437500000001,-8,32.734375,5.296875,0.21875,0.09375,0.0,0.5718750000000006,0.47890625000000014,0.10343717790997907,0.051968674573058316,0.0005062288082972597,0.05000000000000001,-0.55,10.149999999999999,5.0,15.0,0,0,11,3,2,46,0,1,1,0
2000744,0.0,0.05,0.9,8.081249999999997,8.099999999999998,0.018750000000000013,-8,18.75,3.5,0.1875,0.0625,0.015625,0.590476190476191,0.4619047619047621,0.4794935098475155,0.05071167431734073,0.02235865650662909,0.05,-0.65,8.75,4.0,12.0,0,2,19,0,0,37,0,1,4,1
2000745,0.0,0.05,0.9,10.86584375,10.9,0.03415625000000002,-12,34.15625,4.5,0.25,0.0625,0.015625,0.590476190476191,0.46666666666666673,0.6894826514374957,0.073283593832418,0.07172696713769493,0.05,-0.25,11.150000000000002,2.0,18.0,0,1,15,0,2,43,0,0,2,1
2000746,0.0,0.05,0.9,11.772109375000003,11.850000000000003,0.077890625,-15,77.890625,7.046875,0.265625,0.03125,0.0,0.5843750000000006,0.4671875000000001,0.9360100481480624,0.05858059851161259,0.7033363022441802,0.05,-0.2,12.050000000000002,1.0,18.0,0,1,15,2,0,44,0,0,2,0
2000747,1.0,0.05,0.9,-3.2965156249999956,-3.1999999999999957,0.09651562499999997,-15,96.515625,8.734375,0.25,0.015625,0.0,0.5875000000000006,0.47890625,0.9719560843368964,0.05681052896028195,0.9085132652067169,0.049999999999999996,-1.2,-2.0000000000000004,4.0,13.0,0,1,12,0,1,46,0,2,2,0
2000748,1.0,0.05,0.9,-3.3037812499999957,-3.1999999999999957,0.10378125,-17,103.78125,8.59375,0.296875,0.03125,0.0,0.5843750000000005,0.47656250000000006,0.9817515471036014,0.13621663676152684,0.8392855350322335,0.05,-0.55,-2.65,2.0,19.0,0,0,13,1,2,45,0,1,2,0
2000749,1.0,0.05,0.9,-2.574484374999998,-2.4999999999999982,0.074484375,-15,74.484375,7.578125,0.265625,0.03125,0.0,0.5875000000000006,0.48359375000000004,0.9696017174405963,0.08077965984093234,0.8218168082735847,0.05,-0.5999999999999999,-1.9,3.0,16.0,0,1,11,0,2,45,0,1,4,0
2000750,0.0,0.05,0.9,11.268,11.3,0.03200000000000001,-12,32.0,4.53125,0.265625,0.078125,0.0,0.5812500000000006,0.47656250000000006,0.4771293057731379,0.06704937846676495,0.015824224927098555,0.05,-0.6500000000000001,11.950000000000001,4.0,18.0,1,0,14,1,1,42,0,1,4,0
2000751,0.0,0.05,0.9,9.969171875000002,10.000000000000002,0.030828125000000012,-10,30.828125,4.453125,0.234375,0.078125,0.0,0.5968750000000007,0.4765625000000001,0.6414102567901582,0.05941057852247987,0.0358741984701436,0.05,-0.8,10.800000000000002,4.0,16.0,0,0,14,0,1,45,0,0,4,0
2000752,1.0,0.05,0.9,-2.7826093750000016,-2.7500000000000018,0.03260937500000001,-13,32.609375,4.546875,0.21875,0.015625,0.015625,0.5809523809523816,0.4761904761904762,0.9509046219156182,0.051496043992306256,0.8577700489946442,0.05,-0.19999999999999996,-2.55,1.0,14.0,0,0,11,2,1,48,0,1,0,1
2000753,0.0,0.05,0.9,5.643312499999999,5.649999999999999,0.006687500000000004,-5,6.6875,2.09375,0.140625,0.0625,0.046875,0.5901639344262302,0.43852459016393447,0.4790107954226147,0.05007301008341559,0.00978485970753955,0.05,-0.65,6.299999999999999,4.0,9.0,0,0,27,1,0,31,0,1,1,3
2000754,0.0,0.05,0.9,6.3959375000000005,6.4,0.004062500000000003,-3,4.0625,1.65625,0.171875,0.125,0.0,0.5875000000000007,0.4531250000000002,0.04324169707295602,0.05043494050554301,7.544178817457831e-06,0.05,-0.95,7.3500000000000005,7.0,12.0,0,0,24,1,1,34,0,1,3,0
2000755,0.0,0.05,0.9,10.801859375000003,10.850000000000003,0.04814062500000001,-10,48.140625,6.109375,0.25,0.09375,0.015625,0.587301587301588,0.47857142857142865,0.5802537435412275,0.10450465198233172,0.006794135560560948,0.05,-0.65,11.500000000000004,4.0,18.0,0,0,15,0,2,40,0,2,4,1
2000756,1.0,0.05,0.9,-2.4418750000000005,-2.4000000000000004,0.041875000000000016,-12,41.875,5.0625,0.203125,0.015625,0.015625,0.590476190476191,0.47380952380952396,0.9421616548378491,0.05074604504512835,0.8371071415682548,0.05,-0.19999999999999996,-2.2,1.0,13.0,0,0,14,1,1,44,0,0,3,1
2000757,1.0,0.05,0.9,-2.398640624999995,-2.2999999999999954,0.098640625,-15,98.640625,8.703125,0.265625,0.03125,0.0,0.5781250000000006,0.49296875000000007,0.9687936657715868,0.08167841230838321,0.8067258693594334,0.049999999999999996,-0.75,-1.5499999999999996,3.0,16.0,0,1,6,0,1,52,2,1,1,0
2000758,0.0,0.05,0.9,4.296859374999999,4.299999999999999,0.0031406250000000024,-2,3.140625,1.578125,0.125,0.09375,0.0,0.5843750000000006,0.45078125000000024,0.502106476331586,0.05001331120315404,0.0014534368626060964,0.049999999999999996,-0.75,5.049999999999999,4.0,10.0,0,3,20,1,0,38,0,0,2,0
2000759,1.0,0.05,0.9,-3.269640624999999,-3.1999999999999993,0.06964062500000003,-14,69.640625,7.765625,0.234375,0.015625,0.0,0.5750000000000007,0.4882812500000001,0.9556067629987456,0.05145783494158252,0.8709923624814376,0.05,-1.5,-1.6999999999999997,5.0,11.0,0,1,10,3,0,44,0,1,5,0
2000760,1.0,0.05,0.9,-4.685468749999996,-4.549999999999995,0.13546875,-18,135.46875,10.1875,0.28125,0.0,0.015625,0.5936507936507943,0.4857142857142857,0.9921377617805597,0.08430482322202734,0.981782446073075,0.05,-1.3499999999999999,-3.2000000000000006,6.0,12.0,0,0,9,1,0,50,0,0,3,1
2000761,1.0,0.05,0.9,-2.565734374999996,-2.4499999999999957,0.11573437499999996,-16,115.734375,9.359375,0.28125,0.03125,0.0,0.5906250000000006,0.490625,0.9695913564497884,0.1302216136786309,0.7101873491883359,0.049999999999999996,-1.5,-0.95,6.0,14.0,0,0,8,1,1,50,0,0,4,0
2000762,1.0,0.05,0.9,-3.707812499999996,-3.599999999999996,0.10781250000000003,-18,107.8125,9.15625,0.296875,0.015625,0.0,0.5937500000000007,0.4906250000000001,0.9965493378668557,0.17247238667379286,0.9731925764176221,0.05,-0.6499999999999999,-2.95,4.0,16.0,0,0,10,0,0,48,0,2,4,0
2000763,0.0,0.05,0.9,9.787390625000002,9.850000000000001,0.06260937500000002,-11,62.609375,6.515625,0.21875,0.046875,0.0,0.5812500000000006,0.4765625,0.637375238707907,0.051135292564936194,0.11456641843759416,0.049999999999999996,-0.25,10.100000000000001,2.0,15.0,0,1,15,1,2,39,0,1,5,0
2000764,1.0,0.05,0.9,-3.1625781249999996,-3.0999999999999996,0.06257812500000003,-12,62.578125,7.171875,0.203125,0.015625,0.0,0.5968750000000007,0.48359375000000004,0.9033346149316788,0.05009573058741881,0.767913358573655,0.05000000000000001,0.0,-3.1000000000000005,0.0,14.0,0,1,10,0,0,49,0,0,4,0
2000765,0.0,0.05,0.9,5.79640625,5.800000000000001,0.0035937500000000028,-3,3.59375,1.75,0.171875,0.125,0.0,0.5875000000000007,0.4671875000000001,0.6054894870895104,0.0509166493616491,0.0008100276888709263,0.05,-1.7,7.499999999999998,6.0,13.0,0,2,16,0,0,42,1,0,3,0
2000766,1.0,0.05,0.9,-3.996156250000001,-3.950000000000001,0.04615625000000001,-13,46.15625,5.34375,0.203125,0.0,0.015625,0.5777777777777783,0.4666666666666667,0.9494502406457347,0.05013545414625124,0.9218805165983645,0.05000000000000001,-0.55,-3.4000000000000004,2.0,11.0,0,2,16,2,1,38,0,0,4,1
2000767,1.0,0.05,0.9,-1.3669999999999989,-1.299999999999999,0.06700000000000003,-11,67.0,7.34375,0.203125,0.03125,0.0,0.6000000000000008,0.4742187500000001,0.9189763051415213,0.05213013208470358,0.6344076587369202,0.05,-0.7999999999999998,-0.4999999999999998,4.0,11.0,0,0,14,0,0,47,0,0,3,0
2000768,0.0,0.05,0.9,5.434625,5.449999999999999,0.015375000000000008,-3,15.375,3.375,0.125,0.078125,0.0,0.5843750000000005,0.4554687500000002,0.44771281877814584,0.05004599083290708,0.0008823378968716417,0.05,-0.6,6.05,4.0,9.0,0,0,22,0,3,36,0,2,1,0
2000769,0.0,0.05,0.9,8.371171874999998,8.399999999999999,0.028828125000000007,-7,28.828125,4.984375,0.203125,0.09375,0.015625,0.5746031746031751,0.4642857142857145,0.3380541185033431,0.05297423043667398,0.002048734839435299,0.05000000000000001,-0.8500000000000001,9.250000000000002,5.0,14.0,0,1,14,3,1,44,0,0,0,1
2000770,1.0,0.05,0.9,-4.058765624999996,-3.9499999999999957,0.10876562500000005,-17,108.765625,8.546875,0.265625,0.0,0.015625,0.5904761904761909,0.4904761904761905,0.9952480324380231,0.08632434088027167,0.9883211893136404,0.05,-1.0499999999999998,-2.9,4.0,13.0,0,1,9,0,0,47,0,2,4,1
2000771,0.0,0.05,0.9,8.510203124999999,8.549999999999999,0.03979687500000002,-11,39.796875,5.546875,0.203125,0.03125,0.0,0.5875000000000006,0.47890625000000026,0.8594388973017315,0.050147477424729046,0.5692453324681553,0.05,0.0,8.549999999999999,0.0,15.0,0,1,17,1,0,36,0,1,8,0
2000772,0.0,0.05,0.9,5.395671875,5.3999999999999995,0.004328125000000001,-6,4.328125,1.484375,0.125,0.03125,0.015625,0.587301587301588,0.4523809523809526,0.7845702080826487,0.05001484193681731,0.2818499170814887,0.05,-0.2,5.6000000000000005,1.0,9.0,0,0,21,2,0,39,0,0,1,1
2000773,0.0,0.05,0.9,8.4895625,8.5,0.010437500000000006,-8,10.4375,2.6875,0.203125,0.078125,0.015625,0.5841269841269847,0.44523809523809543,0.29619108600460614,0.05210109459615863,0.003122983954375689,0.05000000000000001,-0.8500000000000001,9.350000000000001,5.0,13.0,0,0,26,1,1,32,1,0,2,1
2000774,0.0,0.05,0.9,9.355406249999998,9.399999999999999,0.04459375000000001,-10,44.59375,5.25,0.21875,0.0625,0.0,0.5781250000000007,0.46250000000000013,0.4688730382245212,0.05154496302489122,0.02888869384019059,0.05,-0.45,9.849999999999998,3.0,15.0,0,1,17,2,1,41,0,1,1,0
2000775,1.0,0.05,0.9,-1.4374531250000004,-1.4000000000000004,0.037453125000000025,-10,37.453125,5.390625,0.1875,0.03125,0.0,0.5968750000000007,0.47421875000000013,0.8674091693017713,0.05032554937400665,0.5226576528880597,0.05,-0.55,-0.8499999999999999,2.0,12.0,0,0,14,0,1,46,0,0,3,0
2000776,1.0,0.05,0.9,-2.6454218750000016,-2.6000000000000014,0.04542187500000002,-11,45.421875,6.109375,0.1875,0.015625,0.015625,0.5904761904761909,0.45952380952380967,0.9008807531444587,0.050164897393649543,0.7498794038540151,0.049999999999999996,-0.7,-1.9000000000000004,3.0,10.0,0,2,20,0,1,35,0,0,5,1
2000777,1.0,0.05,0.9,-3.8025468749999973,-3.6999999999999975,0.102546875,-17,102.546875,8.390625,0.265625,0.0,0.0,0.5937500000000007,0.490625,0.9933970136668611,0.07998585661103591,0.9845793121764131,0.05,-0.7999999999999998,-2.9000000000000004,4.0,13.0,0,0,9,1,0,49,0,0,5,0
2000778,0.0,0.05,0.9,7.984249999999999,7.999999999999999,0.015750000000000007,-7,15.75,3.125,0.203125,0.09375,0.0,0.6000000000000008,0.47421875000000013,0.16902059985445358,0.05022025872664953,0.0015369826856658172,0.05,-0.8500000000000001,8.849999999999998,5.0,14.0,0,0,19,0,0,37,0,0,8,0
2000779,1.0,0.05,0.9,-4.131062499999999,-4.049999999999999,0.08106250000000004,-17,81.0625,7.65625,0.265625,0.0,0.0,0.5812500000000006,0.48828125000000006,0.9909711584953469,0.06708018108576554,0.9808189664717539,0.05,-0.5999999999999999,-3.4499999999999997,3.0,14.0,0,0,9,2,1,48,0,1,3,0
2000780,0.0,0.05,0.9,12.648187500000004,12.700000000000005,0.05181250000000002,-13,51.8125,6.15625,0.28125,0.078125,0.0,0.5812500000000005,0.48125,0.8857230807605461,0.2057436693909277,0.04501339006437277,0.05,-0.6500000000000001,13.350000000000003,4.0,19.0,0,1,11,0,2,46,1,1,2,0
2000781,0.0,0.05,0.9,11.751328125,11.8,0.048671875000000024,-14,48.671875,6.109375,0.265625,0.046875,0.0,0.5875000000000007,0.47421875000000013,0.8155313376335921,0.06614897290045094,0.24936361698349496,0.05,-0.6000000000000001,12.400000000000002,3.0,17.0,0,0,15,1,1,43,0,1,3,0
2000782,1.0,0.05,0.9,-3.0365312499999977,-2.9499999999999975,0.08653124999999999,-14,86.53125,8.1875,0.234375,0.015625,0.0,0.5812500000000006,0.4671875000000001,0.9633239164299748,0.0536240365692059,0.8857319330020662,0.05,-0.75,-2.200000000000001,3.0,13.0,1,2,14,1,0,43,0,0,3,0
2000783,1.0,0.05,0.9,-1.3876093750000031,-1.3500000000000032,0.03760937500000002,-10,37.609375,5.203125,0.203125,0.046875,0.015625,0.587301587301588,0.47380952380952396,0.7455318413766279,0.05047643191548641,0.21741775121325943,0.05,-0.8,-0.55,2.0,14.0,0,2,13,1,0,43,0,0,4,1
2000784,0.0,0.05,0.9,8.754999999999999,8.799999999999999,0.045000000000000005,-11,45.0,6.0,0.1875,0.015625,0.0,0.5875000000000006,0.46953125000000007,0.926017390295097,0.05024194546904645,0.7990488516635534,0.05000000000000001,-0.2,9.0,1.0,12.0,0,3,12,0,0,47,0,1,1,0
2000785,0.0,0.05,0.9,10.0538125,10.1,0.046187500000000006,-11,46.1875,6.25,0.234375,0.0625,0.0,0.5937500000000007,0.4648437500000001,0.5109220050740113,0.053449673635262776,0.035887362475094914,0.05000000000000001,-0.25,10.35,2.0,17.0,0,1,15,0,1,46,0,0,1,0
2000786,1.0,0.05,0.9,-3.0938593750000005,-3.0500000000000007,0.04385937500000001,-13,43.859375,5.515625,0.21875,0.015625,0.0,0.5750000000000005,0.48125000000000007,0.9616747373157917,0.05076555660749442,0.8864556516042286,0.05000000000000001,-0.6000000000000001,-2.45,3.0,12.0,0,1,17,2,1,33,0,2,8,0
2000787,0.0,0.05,0.9,12.201953125000001,12.250000000000002,0.048046875000000024,-14,48.046875,5.796875,0.265625,0.046875,0.03125,0.5870967741935489,0.48064516129032264,0.9382851099616577,0.10903060427619374,0.49538273935038,0.05,-0.4,12.650000000000002,2.0,18.0,0,1,11,0,2,44,0,1,3,2
2000788,1.0,0.05,0.9,-3.080874999999996,-2.9499999999999957,0.130875,-17,130.875,10.03125,0.28125,0.015625,0.0,0.5968750000000007,0.4742187500000001,0.995024337290098,0.1744017189434484,0.9617763164830025,0.05000000000000001,-0.9999999999999998,-1.9499999999999995,5.0,14.0,0,0,12,0,1,50,0,0,1,0
2000789,1.0,0.05,0.9,-0.011171875000000008,0.0,0.011171875000000008,-8,11.171875,2.546875,0.171875,0.046875,0.0,0.5843750000000006,0.4460937500000002,0.8792511166048694,0.05183314481563422,0.19088501343128123,0.04999999999999999,-0.55,0.5500000000000005,2.0,12.0,0,1,23,1,2,36,0,0,1,0
2000790,1.0,0.05,0.9,-2.9897812499999987,-2.8999999999999986,0.08978124999999999,-13,89.78125,8.4375,0.21875,0.015625,0.015625,0.5841269841269847,0.46666666666666684,0.94482944702322,0.051172165400435884,0.8441422850116423,0.05000000000000001,-0.3999999999999999,-2.5,2.0,13.0,0,0,16,1,2,42,0,1,1,1
2000791,0.0,0.05,0.9,4.94640625,4.95,0.0035937500000000023,-3,3.59375,1.59375,0.140625,0.09375,0.0,0.5750000000000005,0.42968750000000044,0.21391218818547,0.050027706703777104,0.0001687646659434785,0.049999999999999996,-0.29999999999999993,5.25,4.0,11.0,0,3,30,1,1,26,1,0,2,0
2000792,1.0,0.05,0.9,-4.027359374999996,-3.9499999999999957,0.07735937500000001,-16,77.359375,7.640625,0.25,0.0,0.0,0.5968750000000007,0.4859375000000001,0.9859521258065223,0.055078948238855216,0.9732481085464261,0.05,-0.3999999999999999,-3.55,2.0,14.0,0,0,12,0,1,45,0,0,6,0
2000793,1.0,0.05,0.9,-2.499078124999999,-2.4499999999999993,0.04907812500000002,-13,49.078125,5.859375,0.21875,0.015625,0.0,0.5812500000000006,0.49296875000000007,0.9610676682790897,0.05155733130705566,0.8827469004226107,0.05000000000000001,-0.5999999999999999,-1.8499999999999996,3.0,12.0,0,1,10,0,1,44,1,2,5,0
2000794,0.0,0.05,0.9,7.269671875,7.3,0.030328125000000018,-8,30.328125,4.859375,0.171875,0.046875,0.0,0.5906250000000006,0.4695312500000001,0.4324413876243672,0.0500350072952335,0.05134826288554266,0.05,-0.25,7.549999999999999,2.0,12.0,0,1,16,1,0,42,0,0,4,0
2000795,1.0,0.05,0.9,-2.1440624999999995,-2.0999999999999996,0.04406250000000003,-12,44.0625,5.5,0.21875,0.03125,0.0,0.5718750000000006,0.46953125000000007,0.8805772093703028,0.05115197586256824,0.5435399195577802,0.05,-0.44999999999999996,-1.65,1.0,15.0,0,2,15,1,2,40,1,1,2,0
2000796,1.0,0.05,0.9,-2.764624999999999,-2.6999999999999993,0.064625,-12,64.625,7.28125,0.203125,0.015625,0.015625,0.5873015873015879,0.4571428571428572,0.8196990965568621,0.05032114973069308,0.5438675947161447,0.05,-0.5999999999999999,-2.1000000000000005,3.0,11.0,0,1,19,0,0,41,1,1,0,1
2000797,0.0,0.05,0.9,5.916609374999999,5.949999999999999,0.03339062500000003,-8,33.390625,5.265625,0.125,0.0,0.0,0.5875000000000006,0.48359375000000004,0.8961295419702058,0.050002861516958916,0.8521475117855002,0.05,0.0,5.949999999999999,0.0,8.0,0,0,15,1,1,39,0,1,7,0
2000798,1.0,0.05,0.9,-2.5932343750000006,-2.5500000000000007,0.04323437500000001,-12,43.234375,5.796875,0.203125,0.015625,0.0,0.5968750000000007,0.48125,0.9338114221879333,0.05031253803784329,0.8227175763189389,0.05,-0.19999999999999996,-2.35,1.0,13.0,0,0,13,0,0,46,0,1,4,0
2000799,0.0,0.05,0.9,8.139390624999999,8.149999999999999,0.010609375000000006,-5,10.609375,2.390625,0.203125,0.125,0.0,0.5750000000000005,0.45546875000000014,0.05549230568170147,0.051052702355197564,1.3450106946957326e-05,0.05,-0.95,9.1,7.0,14.0,0,3,18,0,4,37,0,1,1,0
2000800,0.0,0.05,0.9,6.838359374999999,6.849999999999999,0.011640625000000007,-6,11.640625,2.734375,0.15625,0.0625,0.0,0.5812500000000006,0.4671875000000001,0.5065477375264847,0.05014282232976772,0.01674657883973871,0.05,-0.45,7.299999999999999,3.0,11.0,0,2,13,2,0,46,0,0,1,0
2000801,1.0,0.05,0.9,-0.7229062500000011,-0.7000000000000011,0.02290625000000001,-9,22.90625,3.84375,0.171875,0.03125,0.03125,0.5935483870967748,0.47822580645161306,0.8232125415813301,0.05064134511358262,0.3479561465135799,0.05,-0.7,0.0,3.0,10.0,0,0,14,0,1,42,0,1,4,2
2000802,0.0,0.05,0.9,8.390218749999999,8.399999999999999,0.009781250000000003,-6,9.78125,2.125,0.203125,0.109375,0.0,0.5968750000000007,0.44609375000000007,0.24173849684757034,0.05401848909134827,0.00018132155985487217,0.05,-0.9000000000000001,9.299999999999999,6.0,14.0,0,1,25,0,0,35,0,0,3,0
2000803,0.0,0.05,0.9,6.781734374999999,6.799999999999999,0.018265625000000008,-4,18.265625,3.765625,0.171875,0.109375,0.0,0.5906250000000006,0.46953125000000007,0.2792417792988154,0.05036794419519654,0.00038146887122916177,0.05,-1.05,7.849999999999998,6.0,12.0,0,1,15,1,0,44,0,0,3,0
2000804,0.0,0.05,0.9,10.255546874999997,10.299999999999997,0.04445312500000001,-11,44.453125,5.890625,0.21875,0.046875,0.0,0.5843750000000006,0.49296875,0.9209707757703824,0.05643400500466775,0.48351930765732537,0.05,-0.4,10.7,2.0,15.0,0,0,11,2,0,43,0,1,7,0
2000805,1.0,0.05,0.9,-3.7233437499999966,-3.649999999999997,0.07334375000000003,-16,73.34375,6.96875,0.265625,0.015625,0.015625,0.5619047619047624,0.47619047619047633,0.991535183399764,0.08572734523781658,0.969205746787325,0.05,-0.55,-3.1000000000000005,3.0,15.0,0,3,11,3,0,42,1,1,2,1
2000806,1.0,0.05,0.9,-4.490921874999996,-4.349999999999996,0.140921875,-19,140.921875,10.515625,0.296875,0.0,0.015625,0.5841269841269847,0.4976190476190476,0.9975313197698744,0.1713012063827068,0.989478435998194,0.049999999999999996,-0.7499999999999998,-3.6000000000000005,4.0,15.0,0,0,6,1,1,50,0,2,3,1
2000807,1.0,0.05,0.9,-1.3824218750000015,-1.3500000000000014,0.03242187500000001,-11,32.421875,4.578125,0.21875,0.046875,0.0,0.5687500000000005,0.4742187500000001,0.3425629601022521,0.050275496456439195,0.031617191100095074,0.04999999999999999,-0.3500000000000001,-1.0000000000000004,1.0,16.0,0,2,15,2,1,38,0,3,3,0
2000808,0.0,0.05,0.9,5.99646875,6.0,0.003531250000000001,-5,3.53125,1.34375,0.15625,0.078125,0.0,0.5656250000000005,0.46015625000000016,0.23873772776254096,0.050035900164918205,0.002251729279242188,0.05,-0.3,6.300000000000001,3.0,12.0,0,1,21,3,0,34,1,2,2,0
2000809,0.0,0.05,0.9,9.51653125,9.55,0.03346875,-9,33.46875,4.625,0.21875,0.078125,0.0,0.5781250000000006,0.46015625000000004,0.09680391401751809,0.05077466756436084,0.0009148788988565344,0.049999999999999996,-0.55,10.100000000000001,5.0,14.0,0,2,17,1,2,40,0,1,1,0
2000810,1.0,0.05,0.9,-1.8509531249999989,-1.799999999999999,0.05095312500000002,-12,50.953125,6.484375,0.203125,0.015625,0.0,0.6000000000000008,0.47890625000000003,0.9369794806364602,0.0518987210746336,0.7692204214963683,0.05,-0.5999999999999999,-1.2,3.0,11.0,0,0,13,0,0,47,0,0,4,0
2000811,0.0,0.05,0.9,9.773546875000001,9.8,0.02645312500000001,-10,26.453125,4.015625,0.234375,0.078125,0.015625,0.5936507936507943,0.45476190476190487,0.3859083634077374,0.05638559863058786,0.009250995141894819,0.05,-0.8500000000000001,10.65,5.0,15.0,0,0,20,0,2,40,0,0,1,1
2000812,0.0,0.05,0.9,8.028578125000001,8.05,0.021421875000000014,-10,21.421875,3.984375,0.171875,0.015625,0.0,0.5843750000000006,0.4507812500000002,0.9255350454698499,0.05027407920552196,0.767913604279252,0.05,-0.2,8.25,1.0,11.0,1,2,21,0,0,37,0,1,2,0
2000813,1.0,0.05,0.9,-3.3022187499999984,-3.2499999999999982,0.05221875000000002,-15,52.21875,6.0625,0.25,0.015625,0.0,0.5781250000000007,0.4835937500000001,0.9816562368169325,0.058521437514184586,0.9360938481096222,0.05,-0.6499999999999999,-2.6,4.0,13.0,0,1,14,2,1,38,0,1,7,0
2000814,1.0,0.05,0.9,-2.5134531249999976,-2.4499999999999975,0.06345312500000003,-13,63.453125,6.921875,0.21875,0.015625,0.0,0.5812500000000005,0.4906249999999999,0.982308506253675,0.052949140185273066,0.9471130855193617,0.05,-0.25,-2.2,2.0,13.0,0,0,9,0,4,46,0,2,3,0
2000815,0.0,0.05,0.9,7.089718749999999,7.1,0.010281250000000007,-7,10.28125,2.4375,0.1875,0.078125,0.0,0.5906250000000006,0.45546875000000014,0.19558143545118425,0.05004804369808628,0.003514951120661697,0.05,-0.8500000000000001,7.950000000000001,5.0,12.0,0,0,23,0,2,35,0,1,3,0
2000816,0.0,0.05,0.9,7.171562499999999,7.199999999999999,0.028437500000000015,-9,28.4375,4.46875,0.171875,0.03125,0.0,0.5812500000000006,0.46484375000000006,0.8353016418592158,0.05007097598653595,0.4886882174851284,0.05,-0.2,7.399999999999999,1.0,12.0,0,1,19,1,0,38,1,1,3,0
2000817,1.0,0.05,0.9,-4.0351406249999995,-3.9499999999999993,0.085140625,-14,85.140625,8.078125,0.21875,0.0,0.015625,0.5904761904761912,0.469047619047619,0.9666777601816455,0.05051414649408283,0.9450452825736408,0.05,-0.9000000000000001,-3.0500000000000007,3.0,11.0,0,1,13,1,0,47,0,0,1,1
2000818,0.0,0.05,0.9,8.773281249999998,8.799999999999999,0.026718750000000003,-6,26.71875,4.28125,0.21875,0.125,0.03125,0.5903225806451617,0.4612903225806453,0.011283051997383107,0.051633578067922695,4.691135888476356e-06,0.05000000000000001,-0.8,9.6,7.0,15.0,0,0,20,0,1,37,0,2,2,2
2000819,0.0,0.05,0.9,10.643171875000002,10.700000000000003,0.056828125000000014,-13,56.828125,6.609375,0.234375,0.03125,0.0,0.5812500000000006,0.46718750000000003,0.8131486739230495,0.05270363850808902,0.36606282775810767,0.049999999999999996,-0.25,10.950000000000003,2.0,15.0,0,1,13,2,1,47,0,0,0,0
2000820,1.0,0.05,0.9,-3.514046874999995,-3.399999999999995,0.114046875,-18,114.046875,9.328125,0.3125,0.03125,0.0,0.5968750000000007,0.48828125,0.9955349622955328,0.2137981372219467,0.9279638306977691,0.049999999999999996,-0.75,-2.650000000000001,3.0,19.0,0,0,7,0,0,55,0,1,1,0
2000821,0.0,0.05,0.9,15.227531250000006,15.350000000000005,0.12246874999999996,-18,122.46875,9.84375,0.328125,0.046875,0.0,0.5781250000000006,0.49062500000000003,0.9989244932296628,0.2806256726329791,0.8249360460711183,0.05,-0.14999999999999997,15.500000000000004,1.0,23.0,0,2,8,1,1,46,1,0,5,0
2000822,0.0,0.05,0.9,11.813390625000002,11.850000000000001,0.036609375000000006,-12,36.609375,4.765625,0.265625,0.078125,0.0,0.5937500000000006,0.4601562500000001,0.7448211443495634,0.15017474029790245,0.020739444463276538,0.05,-0.65,12.500000000000002,4.0,18.0,0,0,19,0,1,42,0,1,1,0
2000823,0.0,0.05,0.9,15.360281250000005,15.500000000000005,0.13971875,-20,139.71875,9.71875,0.328125,0.015625,0.0,0.5812500000000006,0.4765625,0.9982197401431064,0.23410050581850514,0.9754678932133978,0.05,0.0,15.500000000000005,0.0,22.0,0,0,12,1,3,46,0,1,1,0
2000824,1.0,0.05,0.9,-4.052640624999996,-3.9499999999999957,0.102640625,-18,102.640625,7.671875,0.296875,0.015625,0.015625,0.5936507936507943,0.4761904761904761,0.9915489256053829,0.14411079691501255,0.9508800400777138,0.05,-0.9999999999999998,-2.95,5.0,15.0,0,1,12,0,1,46,0,0,3,1
2000825,0.0,0.05,0.9,6.9172031249999995,6.949999999999999,0.03279687499999999,-7,32.796875,5.171875,0.15625,0.046875,0.015625,0.5746031746031752,0.4690476190476191,0.5471895697112167,0.05009841326191046,0.056501016970808,0.049999999999999996,-0.45,7.3999999999999995,3.0,10.0,0,1,14,3,1,42,0,0,2,1
2000826,0.0,0.05,0.9,6.982937499999998,6.999999999999997,0.01706250000000001,-6,17.0625,3.65625,0.171875,0.078125,0.0,0.5750000000000005,0.46484375000000017,0.7624159552751274,0.051018729482450086,0.02942341458968224,0.049999999999999996,-0.4,7.399999999999998,2.0,14.0,0,1,17,1,3,39,0,2,1,0
2000827,0.0,0.05,0.9,6.442671875,6.45,0.007328125000000003,-6,7.328125,1.703125,0.15625,0.0625,0.0,0.5687500000000005,0.4601562500000001,0.20962105226978384,0.05001975902606169,0.004518267761753773,0.05,-0.55,6.999999999999999,4.0,10.0,2,0,19,2,1,36,0,1,3,0
2000828,0.0,0.05,0.9,8.383109374999998,8.399999999999999,0.01689062500000001,-8,16.890625,2.984375,0.203125,0.078125,0.0,0.5937500000000007,0.48359375000000004,0.631656173012111,0.051683950248165286,0.036115187746304046,0.05,-0.95,9.350000000000001,4.0,14.0,0,1,11,0,0,47,0,1,4,0
2000829,0.0,0.05,0.9,7.38425,7.3999999999999995,0.01575000000000001,-6,15.75,3.5,0.1875,0.09375,0.0,0.5781250000000006,0.4578125000000001,0.1793605750474885,0.050297491468010914,0.0006458247053795347,0.05,-0.8,8.200000000000001,4.0,14.0,1,2,20,1,1,34,0,0,5,0
2000830,0.0,0.05,0.9,7.175671874999997,7.1999999999999975,0.024328125000000003,-6,24.328125,4.546875,0.1875,0.09375,0.015625,0.590476190476191,0.47142857142857153,0.6330210093438582,0.051795898074543725,0.010684596864820324,0.05,-1.5,8.700000000000001,6.0,12.0,0,1,16,0,2,39,0,0,5,1
2000831,0.0,0.05,0.9,12.815906250000005,12.900000000000004,0.08409374999999998,-13,84.09375,8.25,0.28125,0.078125,0.046875,0.5770491803278694,0.4901639344262296,0.665177766170637,0.16721624347408465,0.00929174730129697,0.05,-0.7,13.600000000000003,5.0,18.0,0,0,9,2,2,43,0,1,4,3
2000832,1.0,0.05,0.9,-3.4452656249999944,-3.3499999999999943,0.09526562500000002,-20,95.265625,7.328125,0.34375,0.03125,0.0,0.5875000000000006,0.47890625000000003,0.9998793811289323,0.29417755690318337,0.9585682099779627,0.05,-1.8499999999999999,-1.4999999999999996,8.0,16.0,0,2,10,0,2,47,0,0,3,0
2000833,1.0,0.05,0.9,-3.0600937499999983,-2.9999999999999982,0.060093750000000015,-14,60.09375,6.09375,0.234375,0.015625,0.0,0.5781250000000007,0.47187500000000004,0.9753836519994433,0.05437931989467576,0.9308470690039828,0.05,-0.3999999999999999,-2.6000000000000005,2.0,14.0,0,1,14,2,1,43,0,1,2,0
2000834,0.0,0.05,0.9,11.612265625000001,11.700000000000001,0.08773437499999999,-15,87.734375,8.203125,0.25,0.015625,0.0,0.5906250000000007,0.4625,0.9693344964402334,0.05722761287229173,0.9004626599245278,0.05,-0.2,11.900000000000002,1.0,16.0,0,1,18,0,0,42,1,0,2,0
2000835,0.0,0.05,0.9,11.792062500000002,11.900000000000002,0.10793750000000003,-16,107.9375,9.34375,0.25,0.0,0.0,0.5937500000000006,0.47890625000000014,0.9841735410259731,0.05404506828892266,0.9704605292973488,0.05,0.0,11.900000000000002,0.0,16.0,0,1,13,0,0,45,0,1,4,0
2000836,0.0,0.05,0.9,7.244640624999998,7.249999999999998,0.005359375000000004,-4,5.359375,1.984375,0.1875,0.125,0.015625,0.5841269841269847,0.44285714285714306,0.2133911947110017,0.05192609582125108,3.508536195490944e-05,0.05,-0.8999999999999999,8.149999999999999,6.0,14.0,0,0,26,1,3,31,0,0,2,1
2000837,0.0,0.05,0.9,6.148499999999998,6.149999999999998,0.0015000000000000011,-2,1.5,0.90625,0.15625,0.125,0.0,0.5906250000000006,0.46484375000000033,0.0871332397493432,0.050354787295905284,1.1784267360386276e-05,0.049999999999999996,-0.8,6.95,5.0,13.0,0,0,23,0,2,31,0,1,7,0
2000838,0.0,0.05,0.9,7.680171874999998,7.699999999999998,0.019828125000000005,-6,19.828125,3.796875,0.1875,0.09375,0.0,0.5906250000000006,0.4695312500000002,0.23169775173978077,0.050378212839794115,0.001301051135593217,0.049999999999999996,-0.6500000000000001,8.35,4.0,14.0,0,1,16,0,2,41,0,0,4,0
2000839,1.0,0.05,0.9,-3.0401249999999975,-2.9499999999999975,0.09012500000000001,-17,90.125,8.03125,0.28125,0.015625,0.0,0.5937500000000007,0.4859375,0.9968455278963152,0.17563899848179243,0.9744534746886881,0.049999999999999996,-1.0,-1.9499999999999995,5.0,14.0,0,1,9,0,0,50,0,1,3,0
2000840,1.0,0.05,0.9,-3.3583593750000027,-3.3000000000000025,0.05835937500000003,-14,58.359375,6.734375,0.234375,0.015625,0.0,0.5906250000000007,0.4601562500000001,0.9699132770194431,0.052900450380545715,0.9039476009692631,0.05,-0.6000000000000001,-2.7,3.0,13.0,0,0,21,1,1,37,0,0,4,0
2000841,1.0,0.05,0.9,-2.719734374999995,-2.649999999999995,0.06973437500000002,-15,69.734375,7.296875,0.265625,0.03125,0.0,0.5843750000000006,0.4765625000000001,0.924720907326075,0.07303970701559026,0.6120115593412796,0.05,-1.3499999999999999,-1.3,6.0,13.0,0,1,15,2,0,40,0,0,6,0
2000842,1.0,0.05,0.9,-0.021718749999997553,0.05000000000000249,0.07171875000000004,-12,71.71875,7.40625,0.265625,0.078125,0.0,0.5875000000000006,0.4671875000000001,0.8032340099350979,0.17449983972680674,0.023449222571666747,0.05,-0.19999999999999996,0.2500000000000002,1.0,21.0,0,1,15,0,3,43,0,0,2,0
2000843,1.0,0.05,0.9,-2.4369843749999966,-2.399999999999997,0.036984375000000014,-13,36.984375,4.953125,0.234375,0.03125,0.015625,0.5841269841269847,0.480952380952381,0.9113650407950715,0.0524926512248014,0.6405608273120063,0.05,-0.3500000000000001,-2.05,1.0,16.0,0,0,12,0,2,45,0,3,1,1
2000844,0.0,0.05,0.9,8.313421875,8.35,0.03657812500000002,-10,36.578125,5.296875,0.203125,0.046875,0.0,0.5937500000000007,0.4554687500000001,0.7043481472039419,0.05029200778448457,0.17787108502039564,0.05,-0.2,8.55,1.0,15.0,0,0,19,0,2,43,0,0,0,0
2000845,1.0,0.05,0.9,-3.615249999999992,-3.449999999999992,0.16525,-22,165.25,10.96875,0.375,0.03125,0.0,0.5875000000000007,0.49062500000000003,0.9999890675650493,0.2992337901118479,0.969092760086841,0.05,-1.1999999999999997,-2.249999999999999,6.0,20.0,0,1,5,0,2,54,0,1,1,0
2000846,1.0,0.05,0.9,-4.813515624999999,-4.699999999999999,0.11351562499999997,-17,113.515625,9.390625,0.265625,0.0,0.015625,0.5777777777777783,0.46666666666666673,0.9858087221913197,0.05967377636447667,0.9724504234021745,0.05,-0.9999999999999999,-3.7,4.0,13.0,0,3,13,2,0,43,0,0,2,1
2000847,0.0,0.05,0.9,8.720265625,8.75,0.029734375000000007,-11,29.734375,4.484375,0.203125,0.03125,0.015625,0.5777777777777783,0.45000000000000023,0.6936256427660998,0.050469488644797764,0.2283595556058463,0.05,-0.25,9.0,2.0,13.0,1,1,21,2,0,36,0,0,2,1
2000848,1.0,0.05,0.9,-4.5694531249999955,-4.449999999999996,0.11945312499999998,-18,119.453125,9.515625,0.28125,0.0,0.0,0.5875000000000007,0.4859375,0.992810916547094,0.08263429430244079,0.9832244845590139,0.049999999999999996,-1.3499999999999999,-3.1000000000000005,5.0,13.0,0,0,8,2,0,52,0,0,2,0
2000849,0.0,0.05,0.9,7.646374999999998,7.649999999999999,0.003625000000000001,-5,3.625,1.40625,0.203125,0.125,0.0,0.5812500000000005,0.4460937500000002,0.34343857009290896,0.05448398711640313,0.00016712515468055914,0.049999999999999996,-1.25,8.899999999999999,6.0,15.0,0,1,25,1,3,31,0,0,3,0
2000850,1.0,0.05,0.9,-4.068265624999998,-3.9499999999999975,0.11826562499999997,-16,118.265625,9.734375,0.25,0.0,0.0,0.5875000000000007,0.47890625000000003,0.9868836367889072,0.056358527041642556,0.9745593103097167,0.05,-1.0499999999999998,-2.8999999999999995,4.0,12.0,0,2,8,1,0,52,0,0,1,0
2000851,0.0,0.05,0.9,10.191515625,10.25,0.05848437500000002,-10,58.484375,7.109375,0.234375,0.078125,0.0,0.5843750000000006,0.47187500000000016,0.2922084338278251,0.056113873901649985,0.005437827882887905,0.05,-0.8,11.05,5.0,15.0,0,2,11,1,1,48,0,0,1,0
2000852,0.0,0.05,0.9,8.038468749999998,8.049999999999999,0.011531250000000007,-7,11.53125,2.4375,0.203125,0.09375,0.0,0.5906250000000007,0.4671875000000001,0.47862648818021714,0.05328344765066563,0.0050494120866777115,0.05000000000000001,-1.2500000000000002,9.299999999999999,5.0,14.0,0,0,19,1,0,39,0,1,4,0
2000853,0.0,0.05,0.9,9.974718749999997,9.999999999999998,0.02528125000000002,-10,25.28125,4.34375,0.234375,0.078125,0.0,0.5750000000000006,0.4625000000000001,0.45889367555536437,0.06002663891631539,0.01092340308052555,0.05000000000000001,-0.65,10.649999999999999,4.0,16.0,0,0,19,3,2,37,0,0,3,0
2000854,1.0,0.05,0.9,-2.091281249999999,-2.049999999999999,0.04128125000000001,-11,41.28125,5.5625,0.1875,0.015625,0.0,0.5843750000000006,0.47890625000000014,0.9564843810008847,0.05036168830418432,0.8697102858971304,0.05000000000000001,-0.3999999999999999,-1.6500000000000001,2.0,11.0,0,1,14,1,0,42,0,2,4,0
2000855,1.0,0.05,0.9,-4.490687499999996,-4.399999999999997,0.09068750000000002,-17,90.6875,8.46875,0.265625,0.0,0.0,0.5937500000000007,0.4789062500000001,0.9925284791477319,0.06356344225793005,0.9842068550874054,0.05000000000000001,0.0,-4.400000000000001,0.0,17.0,0,1,11,0,1,48,0,0,3,0
2000856,0.0,0.05,0.9,8.703171875,8.75,0.04682812500000002,-11,46.828125,6.078125,0.203125,0.03125,0.0,0.5937500000000007,0.46015625000000027,0.8488356553254695,0.05033690329572202,0.49413973055454036,0.05000000000000001,-0.4,9.15,2.0,13.0,0,2,18,0,0,41,0,0,3,0
2000857,1.0,0.05,0.9,-3.1554218749999996,-3.0999999999999996,0.055421875000000016,-13,55.421875,6.578125,0.21875,0.015625,0.0,0.5843750000000006,0.47421875,0.940576716656822,0.05057371362981774,0.8369781740374891,0.05,-0.9000000000000001,-2.1999999999999997,3.0,12.0,1,0,14,1,0,44,0,1,3,0
2000858,1.0,0.05,0.9,-4.1080468749999985,-3.9999999999999982,0.10804687499999997,-16,108.046875,9.515625,0.265625,0.015625,0.0,0.5843750000000005,0.47656250000000006,0.9680378504134989,0.05585831634423556,0.8993688568129109,0.05000000000000001,-0.19999999999999996,-3.8000000000000007,1.0,17.0,0,3,13,0,0,42,0,2,4,0
2000859,0.0,0.05,0.9,9.853843750000003,9.900000000000002,0.04615625,-8,46.15625,5.71875,0.234375,0.109375,0.0,0.5843750000000006,0.46015625000000016,0.5312266756097789,0.09745238490266271,0.0011725489212237657,0.05,-1.0,10.9,6.0,16.0,0,1,18,1,1,41,0,1,1,0
2000860,0.0,0.05,0.9,11.31609375,11.4,0.08390624999999997,-13,83.90625,8.375,0.234375,0.03125,0.0,0.5718750000000006,0.48125,0.9851880222362297,0.08437778875922405,0.8847941539530367,0.05,-0.4,11.799999999999999,2.0,15.0,0,3,11,1,1,42,1,1,4,0
2000861,1.0,0.05,0.9,-3.8382656249999982,-3.7499999999999982,0.08826562500000004,-16,88.265625,7.890625,0.25,0.0,0.0,0.5906250000000007,0.4718750000000001,0.9888306309380215,0.059898000707746396,0.977439389242634,0.05,-0.55,-3.200000000000001,2.0,14.0,0,1,16,0,0,42,0,2,3,0
2000862,1.0,0.05,0.9,-2.1383124999999996,-2.0999999999999996,0.03831250000000001,-12,38.3125,5.375,0.21875,0.03125,0.0,0.5906250000000007,0.4789062500000001,0.925628114801024,0.051504178858654256,0.7054889710957003,0.05,-0.5999999999999999,-1.5000000000000002,3.0,13.0,0,0,12,1,1,47,0,0,3,0
2000863,0.0,0.05,0.9,7.078546875000002,7.100000000000001,0.021453125000000017,-8,21.453125,3.953125,0.1875,0.0625,0.0,0.5875000000000006,0.4695312500000001,0.3766672361322311,0.05004683906433237,0.030355597032400438,0.049999999999999996,-0.35,7.450000000000001,2.0,14.0,0,0,18,0,2,39,0,2,3,0
2000864,0.0,0.05,0.9,7.424859374999999,7.449999999999998,0.02514062500000001,-8,25.140625,3.984375,0.171875,0.046875,0.0,0.5937500000000007,0.46484375000000017,0.7445797954545736,0.050186610008793084,0.1740107848240376,0.05,-0.2,7.649999999999998,1.0,13.0,0,0,17,1,0,44,0,0,2,0
2000865,0.0,0.05,0.9,10.06309375,10.1,0.03690625000000001,-10,36.90625,5.375,0.234375,0.078125,0.015625,0.5936507936507943,0.46904761904761916,0.7062278370659787,0.07344024446295216,0.038687112769362056,0.05000000000000001,-0.4,10.5,2.0,18.0,0,1,15,0,1,43,0,0,3,1
2000866,1.0,0.05,0.9,-3.545656249999996,-3.4499999999999957,0.09565625000000003,-17,95.65625,8.34375,0.265625,0.0,0.0,0.5875000000000006,0.48359375000000004,0.9983714900052707,0.13605982364642422,0.994212661625853,0.05,-0.6500000000000001,-2.8,3.0,14.0,0,2,12,0,0,43,1,0,6,0
2000867,1.0,0.05,0.9,-2.2887343749999993,-2.1999999999999993,0.08873437499999999,-13,88.734375,8.015625,0.234375,0.03125,0.015625,0.5809523809523816,0.4761904761904762,0.9282484096680357,0.05550418915670507,0.677026932490881,0.05000000000000001,-0.5999999999999999,-1.6000000000000003,3.0,14.0,0,1,14,2,0,41,0,1,4,1
2000868,1.0,0.05,0.9,-1.1333906250000014,-1.1000000000000014,0.03339062500000003,-8,33.390625,5.265625,0.15625,0.03125,0.0,0.5781250000000006,0.46953125,0.860060537477066,0.050076018137347224,0.5048068058650498,0.05000000000000001,-0.19999999999999996,-0.8999999999999999,1.0,11.0,0,2,15,1,1,41,0,2,2,0
2000869,0.0,0.05,0.9,10.761750000000001,10.850000000000001,0.08824999999999998,-13,88.25,8.5,0.234375,0.03125,0.0,0.5906250000000006,0.4765625,0.9287187225439714,0.054002983170270295,0.6809627346251201,0.05,-0.4,11.250000000000002,2.0,15.0,0,0,13,1,1,46,0,0,3,0
2000870,1.0,0.05,0.9,-3.1343749999999995,-3.0999999999999996,0.03437500000000001,-13,34.375,4.90625,0.203125,0.0,0.0,0.5875000000000007,0.47187500000000004,0.9828168499865843,0.05079895928198984,0.9685228054921974,0.05,-0.050000000000000044,-3.05,1.0,12.0,0,0,15,2,0,44,0,0,3,0
2000871,1.0,0.05,0.9,-3.5988437499999963,-3.4999999999999964,0.09884375,-17,98.84375,8.0625,0.28125,0.015625,0.0,0.5937500000000007,0.47656250000000006,0.988438987969493,0.10414231981482089,0.9472012389362802,0.05,-0.7999999999999998,-2.7,4.0,15.0,0,1,12,0,0,48,0,1,2,0
2000872,1.0,0.05,0.9,-2.5969843749999963,-2.4999999999999964,0.09698437499999998,-15,96.984375,8.890625,0.265625,0.03125,0.0,0.5750000000000007,0.47656250000000006,0.9711872015162645,0.09569274833741927,0.8047124089763859,0.05,-0.7499999999999998,-1.7499999999999998,4.0,15.0,2,2,9,0,1,47,0,1,2,0
2000873,1.0,0.05,0.9,-3.440374999999996,-3.349999999999996,0.090375,-16,90.375,8.1875,0.265625,0.015625,0.0,0.5937500000000007,0.46953125000000007,0.9806144860865731,0.07201975365204638,0.9283000848258736,0.049999999999999996,-1.3499999999999999,-2.0,6.0,12.0,0,1,15,0,0,45,0,1,2,0
2000874,0.0,0.05,0.9,11.802671875000001,11.900000000000002,0.09732812499999999,-16,97.328125,8.515625,0.25,0.0,0.0,0.5968750000000007,0.48593750000000013,0.9841178921864159,0.05379079806938876,0.9704605292973488,0.05000000000000001,0.0,11.900000000000002,0.0,16.0,0,0,10,0,1,49,0,0,4,0
2000875,0.0,0.05,0.9,13.020953125000005,13.100000000000005,0.07904687499999997,-13,79.046875,7.671875,0.296875,0.09375,0.0,0.5843750000000006,0.4718750000000001,0.9887910271278888,0.285012044719668,0.047308565941891596,0.049999999999999996,-0.6000000000000001,13.700000000000005,3.0,22.0,0,0,13,2,1,47,0,0,1,0
2000876,0.0,0.05,0.9,8.7748125,8.799999999999999,0.025187500000000005,-9,25.1875,3.9375,0.203125,0.0625,0.03125,0.5677419354838716,0.4733870967741935,0.5561424844671977,0.0524150729421532,0.04167512998346736,0.049999999999999996,-0.6000000000000001,9.399999999999999,3.0,14.0,0,0,14,4,1,40,0,1,2,2
2000877,1.0,0.05,0.9,-1.6126562500000006,-1.6000000000000005,0.012656250000000008,-8,12.65625,2.9375,0.140625,0.015625,0.0,0.5906250000000006,0.44843750000000016,0.8758313563417865,0.05002678259202803,0.6481375965868738,0.05,-0.5999999999999999,-1.0000000000000002,3.0,7.0,0,2,21,0,0,40,0,1,0,0
2000878,1.0,0.05,0.9,-4.180187499999997,-4.049999999999997,0.13018749999999996,-16,130.1875,10.34375,0.25,0.0,0.015625,0.5841269841269846,0.4833333333333334,0.9854893551426007,0.05618786823185122,0.9723933197338179,0.05,-0.3999999999999999,-3.6500000000000004,2.0,14.0,0,1,10,1,0,47,0,2,2,1
2000879,0.0,0.05,0.9,9.1244375,9.15,0.025562500000000016,-9,25.5625,4.40625,0.21875,0.078125,0.0,0.6000000000000006,0.4718750000000001,0.6971069953927324,0.05664146722479741,0.043213869882243,0.05,-0.9500000000000002,10.1,4.0,15.0,0,0,17,0,0,42,0,0,5,0
2000880,1.0,0.05,0.9,-4.454875,-4.4,0.05487500000000002,-15,54.875,5.8125,0.234375,0.0,0.0,0.5906250000000006,0.48359375000000004,0.9707263964976124,0.05061200622759045,0.9510562113084353,0.05,-0.19999999999999996,-4.2,1.0,14.0,0,2,13,0,0,41,0,1,7,0
2000881,1.0,0.05,0.9,-2.648265624999997,-2.549999999999997,0.09826562500000001,-15,98.265625,7.984375,0.25,0.015625,0.0,0.5781250000000007,0.48593749999999997,0.9900022024711854,0.07994199878429983,0.9580482170263604,0.05000000000000001,-1.0,-1.5499999999999996,5.0,12.0,0,0,9,3,1,48,0,0,3,0
2000882,0.0,0.05,0.9,8.76625,8.799999999999999,0.03375000000000002,-10,33.75,5.4375,0.203125,0.046875,0.015625,0.571428571428572,0.4761904761904764,0.8334974944857121,0.051208511556641884,0.3307215836255626,0.05,-0.4,9.200000000000001,2.0,14.0,0,2,12,2,2,41,0,1,3,1
2000883,0.0,0.05,0.9,11.075421875000004,11.150000000000004,0.07457812500000005,-12,74.578125,7.859375,0.234375,0.046875,0.0,0.5968750000000007,0.4976562499999999,0.9451254030723236,0.06826180275921204,0.5646883326742049,0.05,-0.6000000000000001,11.750000000000002,3.0,15.0,0,1,6,0,0,51,0,0,6,0
2000884,1.0,0.05,0.9,-3.444859374999996,-3.349999999999996,0.094859375,-17,94.859375,8.421875,0.28125,0.015625,0.0,0.5812500000000006,0.47890625000000003,0.968567132570637,0.09654757134199224,0.8436947378229015,0.05,-0.7,-2.6500000000000004,3.0,16.0,0,1,12,1,3,43,0,0,4,0
2000885,1.0,0.05,0.9,-2.0638124999999983,-1.9999999999999982,0.06381250000000001,-13,63.8125,7.0,0.234375,0.03125,0.0,0.5906250000000006,0.47187500000000004,0.9610891365905911,0.06028494077953726,0.7818088958878479,0.05,-0.44999999999999996,-1.55,3.0,14.0,0,1,15,1,0,43,0,0,4,0
2000886,1.0,0.05,0.9,-3.482874999999997,-3.399999999999997,0.08287500000000003,-17,82.875,7.4375,0.28125,0.015625,0.015625,0.6000000000000006,0.461904761904762,0.9914058631857188,0.14681267158315314,0.9487949778795878,0.05,-0.55,-2.8500000000000005,2.0,17.0,0,0,18,0,0,43,0,0,2,1
2000887,0.0,0.05,0.9,8.480671874999999,8.499999999999998,0.019328125000000012,-9,19.328125,3.546875,0.203125,0.0625,0.0,0.5906250000000007,0.4695312500000002,0.3815264642910127,0.050288443922570855,0.02160205736088714,0.05,-0.65,9.149999999999999,4.0,13.0,0,1,18,1,0,38,0,0,6,0
2000888,1.0,0.05,0.9,-3.971281249999996,-3.849999999999996,0.12128124999999997,-17,121.28125,9.65625,0.28125,0.015625,0.0,0.5750000000000006,0.4929687499999999,0.9827604714441295,0.07469084216343913,0.9351137549814568,0.05,-1.1,-2.750000000000001,4.0,15.0,0,0,9,3,0,46,0,2,4,0
2000889,0.0,0.05,0.9,6.981312499999998,6.999999999999998,0.0186875,-5,18.6875,4.09375,0.171875,0.09375,0.0,0.5968750000000007,0.46718750000000014,0.45223843356585874,0.05053631688044661,0.002096508203526339,0.049999999999999996,-0.8500000000000001,7.85,5.0,12.0,0,1,17,0,0,42,0,0,4,0
2000890,0.0,0.05,0.9,9.586781250000001,9.600000000000001,0.013218750000000001,-9,13.21875,2.6875,0.234375,0.09375,0.0,0.5906250000000006,0.47421875000000013,0.49658569276330705,0.06399252336575574,0.006568789700260806,0.05000000000000001,-1.0,10.600000000000001,5.0,16.0,0,0,17,1,0,40,0,1,5,0
2000891,0.0,0.05,0.9,8.92975,8.950000000000001,0.020250000000000015,-9,20.25,3.75,0.234375,0.09375,0.0,0.5906250000000006,0.46015625000000016,0.49120897195289825,0.055072070267149754,0.009477706146141521,0.05,-0.95,9.9,4.0,17.0,0,2,18,0,1,40,0,0,3,0
2000892,1.0,0.05,0.9,-3.360484374999999,-3.299999999999999,0.06048437500000002,-15,60.484375,7.046875,0.25,0.015625,0.015625,0.5841269841269847,0.4690476190476191,0.9691316076895211,0.058001435545886056,0.9004626599245278,0.05,-0.55,-2.75,2.0,15.0,0,0,14,2,0,46,0,1,0,1
2000893,0.0,0.05,0.9,8.885203125,8.9,0.014796875000000004,-8,14.796875,2.796875,0.21875,0.09375,0.0,0.5843750000000006,0.4648437500000002,0.4476785524678413,0.05777350351024686,0.004359071733132511,0.05,-0.6500000000000001,9.550000000000002,4.0,16.0,0,2,17,0,2,39,0,1,3,0
2000894,0.0,0.05,0.9,6.675593749999998,6.699999999999998,0.024406250000000008,-8,24.40625,4.5625,0.15625,0.03125,0.0,0.5843750000000006,0.4671875000000001,0.7783782768041992,0.0500309703542922,0.3601565171789121,0.05,0.0,6.699999999999998,0.0,12.0,0,1,17,2,0,40,0,0,4,0
2000895,1.0,0.05,0.9,-3.8437499999999964,-3.7499999999999964,0.09375,-17,93.75,8.46875,0.28125,0.015625,0.0,0.5906250000000006,0.4859375000000001,0.9849797981962292,0.08254444093310498,0.9402372283170993,0.05,-0.5499999999999998,-3.2,3.0,16.0,0,2,9,0,0,48,0,1,4,0
2000896,0.0,0.05,0.9,7.91690625,7.95,0.033093750000000005,-9,33.09375,4.34375,0.1875,0.046875,0.0,0.5812500000000006,0.46484375000000017,0.6036720340539078,0.05025425535318964,0.09832905714313699,0.05,-0.04999999999999999,8.000000000000002,1.0,14.0,1,0,17,1,1,41,0,1,2,0
2000897,1.0,0.05,0.9,-2.9254531249999998,-2.8499999999999996,0.075453125,-13,75.453125,7.515625,0.21875,0.015625,0.0,0.5937500000000007,0.46484375,0.9495226187246097,0.05120105361093913,0.8530889820258535,0.05,-0.19999999999999996,-2.65,1.0,14.0,0,1,17,0,0,43,0,1,2,0
2000898,1.0,0.05,0.9,-2.8763124999999987,-2.799999999999999,0.07631249999999999,-15,76.3125,7.78125,0.25,0.015625,0.0,0.5937500000000007,0.48359375000000004,0.9919614980355864,0.08000268666210228,0.9698503151770019,0.049999999999999996,-1.0,-1.7999999999999998,5.0,12.0,0,1,12,0,0,45,0,1,5,0
2000899,0.0,0.05,0.9,8.73825,8.75,0.011750000000000003,-8,11.75,2.5,0.203125,0.078125,0.015625,0.590476190476191,0.4714285714285715,0.5532030071483662,0.0547260963981693,0.013055689371633209,0.05,-0.6500000000000001,9.399999999999999,4.0,14.0,0,2,16,0,0,39,0,1,5,1
2000900,1.0,0.05,0.9,-1.5423125,-1.5,0.042312500000000024,-10,42.3125,5.8125,0.203125,0.046875,0.0,0.5843750000000006,0.4906250000000001,0.8392171286780652,0.05043447895786707,0.39202136192516,0.05,-0.19999999999999996,-1.3000000000000003,1.0,15.0,0,0,8,2,1,49,0,0,4,0
2000901,0.0,0.05,0.9,6.6423749999999995,6.6499999999999995,0.007625000000000005,-6,7.625,2.28125,0.15625,0.0625,0.0,0.5875000000000006,0.46250000000000013,0.6975896687191834,0.050253959897051836,0.034055909912189146,0.05,-0.45,7.1,3.0,11.0,0,1,19,0,2,38,0,1,3,0
2000902,0.0,0.05,0.9,11.698546875000002,11.750000000000002,0.051453125000000016,-13,51.453125,5.890625,0.25,0.046875,0.015625,0.587301587301588,0.46666666666666673,0.8359954349572111,0.09097598858379696,0.2094997467418503,0.05,-0.25,12.000000000000002,2.0,17.0,0,1,17,1,0,40,0,1,3,1
2000903,0.0,0.05,0.9,8.315874999999998,8.349999999999998,0.034125000000000016,-10,34.125,5.0625,0.1875,0.03125,0.0,0.5906250000000006,0.4625000000000002,0.6673510823222634,0.05014491442928637,0.21406661976457342,0.05,-0.25,8.6,2.0,12.0,0,3,15,0,0,44,0,0,2,0
2000904,1.0,0.05,0.9,-3.7819218749999957,-3.6999999999999957,0.08192187500000005,-16,81.921875,7.484375,0.265625,0.015625,0.0,0.5750000000000006,0.48593749999999997,0.974987044838054,0.05987416284977082,0.9163284480005198,0.05,-0.34999999999999987,-3.3500000000000005,2.0,16.0,0,0,10,3,1,46,0,1,3,0
2000905,0.0,0.05,0.9,4.399046874999999,4.399999999999999,0.0009531250000000006,-1,0.953125,0.828125,0.140625,0.125,0.0,0.5718750000000005,0.4578125000000001,0.31398717515260555,0.05007420609551427,0.00010270775349499359,0.05,-0.8,5.199999999999999,4.0,13.0,0,2,20,2,1,35,0,2,2,0
2000906,0.0,0.05,0.9,9.2810625,9.3,0.01893750000000001,-9,18.9375,3.65625,0.21875,0.078125,0.0,0.5906250000000006,0.4554687500000001,0.43131527713293283,0.054555178516823954,0.008781843804921217,0.05000000000000001,-0.65,9.950000000000001,4.0,15.0,0,0,21,1,1,39,0,0,2,0
2000907,1.0,0.05,0.9,-3.3372656249999966,-3.2499999999999964,0.08726562500000001,-16,87.265625,8.140625,0.28125,0.03125,0.0,0.5875000000000007,0.48359375,0.9576680578936408,0.07122341797334242,0.7691766713463002,0.05,0.0,-3.2500000000000004,0.0,20.0,0,0,11,1,1,47,0,1,3,0
2000908,0.0,0.05,0.9,8.734109374999997,8.749999999999998,0.01589062500000001,-7,15.890625,3.296875,0.203125,0.09375,0.0,0.5968750000000006,0.4648437500000002,0.44848559499265384,0.056181659177086736,0.0025567879381134494,0.049999999999999996,-0.6500000000000001,9.4,4.0,15.0,0,1,19,0,0,39,0,0,5,0
2000909,0.0,0.05,0.9,10.646765625000002,10.700000000000003,0.05323437500000001,-11,53.234375,6.421875,0.234375,0.0625,0.0,0.5875000000000005,0.49062500000000003,0.5963965031931105,0.056234798460766025,0.05074137010086033,0.05,-0.45,11.150000000000002,3.0,16.0,0,1,13,0,2,38,0,1,9,0
2000910,1.0,0.05,0.9,-1.297328125,-1.25,0.047328125000000006,-10,47.328125,6.109375,0.1875,0.03125,0.0,0.5812500000000006,0.4789062500000001,0.576729781163196,0.05014655210810911,0.1295233966199845,0.05,-1.3,0.0499999999999996,5.0,9.0,0,2,13,2,0,41,0,0,6,0
2000911,1.0,0.05,0.9,-1.610218749999999,-1.549999999999999,0.06021875000000003,-13,60.21875,6.84375,0.25,0.046875,0.0,0.5937500000000007,0.48828125,0.9562897032061559,0.07494896707234455,0.6490679537242865,0.05,-0.8499999999999999,-0.7000000000000002,5.0,14.0,0,0,10,0,0,49,1,0,4,0
2000912,1.0,0.05,0.9,-4.522828124999995,-4.399999999999995,0.122828125,-19,122.828125,9.484375,0.296875,0.0,0.0,0.5812500000000006,0.47421875,0.9969256604907517,0.1528643809038329,0.9886320226063278,0.049999999999999996,-0.3999999999999999,-4.000000000000001,2.0,17.0,0,2,11,0,3,46,0,1,1,0
2000913,1.0,0.05,0.9,-3.7147499999999987,-3.6499999999999986,0.06475000000000002,-13,64.75,7.1875,0.203125,0.0,0.0,0.5875000000000007,0.45546875000000014,0.9580526101472793,0.05020738468328272,0.932172833838568,0.05,-0.19999999999999996,-3.45,1.0,12.0,0,0,21,2,0,39,0,0,2,0
2000914,0.0,0.05,0.9,8.577046874999999,8.6,0.02295312500000001,-7,22.953125,4.078125,0.203125,0.09375,0.0,0.5937500000000007,0.47656250000000006,0.29933184222428083,0.05172323455020613,0.0023094495575050633,0.049999999999999996,-0.65,9.249999999999998,4.0,15.0,0,0,14,0,0,46,1,0,3,0
2000915,1.0,0.05,0.9,-3.5562968749999966,-3.4999999999999964,0.05629687500000001,-16,56.296875,6.703125,0.265625,0.015625,0.0,0.5843750000000006,0.47421875000000013,0.977344536336911,0.06431546580890282,0.9212080441718106,0.05,-1.15,-2.3500000000000005,5.0,13.0,0,0,17,1,1,39,0,2,4,0
2000916,0.0,0.05,0.9,8.73375,8.75,0.016250000000000004,-9,16.25,3.125,0.203125,0.0625,0.03125,0.5774193548387102,0.45887096774193575,0.6108737436855093,0.05440831624202641,0.0411087762931614,0.05,-0.8,9.55,4.0,13.0,0,3,18,1,2,34,0,0,4,2
2000917,0.0,0.05,0.9,6.781031249999999,6.799999999999999,0.018968750000000013,-6,18.96875,3.9375,0.171875,0.078125,0.0,0.5875000000000006,0.47187500000000016,0.5031943561833135,0.050157576225213385,0.013773749060890364,0.05000000000000001,-0.4,7.200000000000001,2.0,14.0,0,3,16,0,0,38,0,1,6,0
2000918,1.0,0.05,0.9,-4.083687499999996,-3.899999999999997,0.18368749999999998,-18,183.6875,12.5625,0.28125,0.0,0.0,0.6000000000000008,0.4906250000000001,0.9976943131751892,0.13678273083260584,0.9920693065918917,0.05,-0.44999999999999996,-3.45,3.0,15.0,0,0,7,0,0,54,0,0,3,0
2000919,1.0,0.05,0.9,-3.444234374999996,-3.349999999999996,0.09423437500000002,-16,94.234375,8.859375,0.28125,0.03125,0.0,0.5750000000000005,0.4859375,0.9857307850509172,0.0982727990578251,0.9086900953403771,0.05,-0.25,-3.1000000000000005,2.0,18.0,0,3,9,1,2,43,0,1,5,0
2000920,0.0,0.05,0.9,12.722140625000002,12.8,0.07785937500000001,-16,77.859375,7.390625,0.265625,0.015625,0.0,0.5875000000000007,0.4812500000000001,0.9936325107225783,0.092896321112891,0.9705438456100549,0.049999999999999996,-0.2,13.0,1.0,17.0,0,1,11,1,1,46,0,0,4,0
2000921,1.0,0.05,0.9,-1.4861406249999976,-1.4499999999999975,0.036140625000000016,-11,36.140625,5.453125,0.21875,0.046875,0.0,0.5906250000000006,0.47187500000000027,0.9021398533528895,0.05416762090825666,0.48894713207661616,0.05,-1.2500000000000002,-0.19999999999999996,4.0,13.0,0,1,17,1,0,39,0,0,6,0
2000922,0.0,0.05,0.9,14.762250000000003,14.900000000000004,0.13775000000000004,-19,137.75,10.59375,0.3125,0.015625,0.0,0.5843750000000006,0.48359375000000004,0.9959636789470423,0.19301945882110577,0.9637353782392544,0.049999999999999996,0.0,14.900000000000004,0.0,21.0,1,1,8,1,0,50,0,0,3,0
2000923,0.0,0.05,0.9,7.759265624999998,7.799999999999998,0.040734375,-5,40.734375,6.171875,0.203125,0.125,0.0,0.5906250000000006,0.4765625,0.7040871721215856,0.06752224017399724,0.0014954820212177017,0.049999999999999996,-1.4000000000000001,9.2,5.0,16.0,0,2,14,0,0,42,0,1,5,0
2000924,1.0,0.05,0.9,-3.223390624999996,-3.099999999999996,0.12339062499999996,-17,123.390625,10.234375,0.28125,0.015625,0.0,0.5968750000000007,0.47187500000000004,0.9786393250866083,0.12961150436056876,0.8660389021172589,0.05,-0.3999999999999999,-2.7,2.0,17.0,0,1,12,0,0,50,0,0,1,0
2000925,1.0,0.05,0.9,-3.1207031249999972,-3.049999999999997,0.07070312500000002,-15,70.703125,6.609375,0.25,0.015625,0.0,0.5843750000000006,0.4789062500000001,0.9843729133843131,0.06294007162360817,0.9429103380738704,0.04999999999999999,-1.5999999999999999,-1.45,8.0,9.0,0,0,14,1,0,44,0,3,2,0
2000926,1.0,0.05,0.9,-4.027578124999999,-3.9499999999999993,0.07757812500000004,-16,77.578125,7.484375,0.265625,0.015625,0.0,0.5687500000000006,0.4625,0.9693626495530125,0.059338652172581136,0.9003142702206218,0.05,-0.19999999999999996,-3.7500000000000004,1.0,17.0,0,1,15,4,1,43,0,0,0,0
2000927,1.0,0.05,0.9,-3.4553437500000004,-3.4000000000000004,0.05534375000000001,-13,55.34375,5.96875,0.203125,0.0,0.0,0.5812500000000006,0.4789062500000001,0.9778079298693757,0.05034435146985098,0.9616732904414536,0.05,-0.9000000000000001,-2.500000000000001,3.0,10.0,0,0,11,2,1,48,0,1,1,0
2000928,1.0,0.05,0.9,-3.3894999999999973,-3.299999999999997,0.08950000000000001,-17,89.5,8.34375,0.296875,0.03125,0.0,0.5875000000000006,0.4789062500000001,0.9783314794646254,0.12273655159714326,0.8279922740114946,0.05,-1.4,-1.9,5.0,16.0,0,1,12,1,1,45,0,0,4,0
2000929,0.0,0.05,0.9,8.861062500000001,8.9,0.03893750000000001,-9,38.9375,5.65625,0.203125,0.0625,0.0,0.5906250000000006,0.4789062499999999,0.8856200711083689,0.05585598040345821,0.23165764384146367,0.049999999999999996,-0.65,9.550000000000002,2.0,15.0,0,0,15,0,1,42,0,2,4,0
2000930,0.0,0.05,0.9,10.857140625000003,10.900000000000004,0.042859375000000005,-11,42.859375,5.109375,0.25,0.078125,0.015625,0.5936507936507943,0.4690476190476192,0.5056184602008984,0.07407869770810203,0.014582403122340206,0.05,-0.8,11.700000000000003,4.0,17.0,0,1,17,0,0,40,0,1,4,1
2000931,1.0,0.05,0.9,-3.6992499999999997,-3.5999999999999996,0.09924999999999995,-15,99.25,9.03125,0.234375,0.0,0.0,0.5937500000000007,0.47890625000000003,0.9831493780087049,0.05268472732346191,0.9689172199423499,0.05,-0.95,-2.6500000000000004,4.0,11.0,0,0,11,1,0,50,0,0,2,0
2000932,1.0,0.05,0.9,-1.8469218750000007,-1.8000000000000007,0.046921875000000016,-11,46.921875,6.359375,0.203125,0.03125,0.015625,0.5809523809523816,0.46666666666666673,0.9312135919198011,0.05191995111383653,0.6703519012612352,0.05,-0.6000000000000001,-1.2,3.0,12.0,1,2,15,1,0,40,0,0,4,1
2000933,1.0,0.05,0.9,-3.8335,-3.75,0.08350000000000005,-17,83.5,7.78125,0.28125,0.015625,0.0,0.5937500000000007,0.47187500000000004,0.9906543971409463,0.0991467342148574,0.957440702699732,0.05,-0.19999999999999996,-3.55,1.0,18.0,0,0,16,1,0,43,0,0,4,0
2000934,1.0,0.05,0.9,-4.3804062499999965,-4.2499999999999964,0.13040625,-19,130.40625,9.875,0.3125,0.015625,0.015625,0.5968253968253975,0.480952380952381,0.9947787626291128,0.18408793264714593,0.9579679514444888,0.05,-1.5499999999999998,-2.7,7.0,14.0,0,0,10,0,0,51,0,1,1,1
2000935,0.0,0.05,0.9,11.648218750000002,11.700000000000001,0.05178125,-13,51.78125,6.0625,0.25,0.046875,0.0,0.5906250000000006,0.4835937500000001,0.8042588995446975,0.06622372715733293,0.20805420820499573,0.05,-0.25,11.950000000000001,2.0,17.0,0,1,8,0,1,52,0,1,1,0
2000936,0.0,0.05,0.9,10.091484374999999,10.149999999999999,0.05851562500000003,-12,58.515625,6.734375,0.234375,0.046875,0.0,0.5687500000000005,0.4695312500000001,0.93705215421374,0.06184302083663485,0.5553310359580967,0.05,-0.2,10.349999999999998,1.0,17.0,2,0,18,2,0,35,0,2,5,0
2000937,1.0,0.05,0.9,-3.3758749999999966,-3.2499999999999964,0.125875,-18,125.875,10.375,0.3125,0.03125,0.0,0.5843750000000006,0.48359375,0.992484020899237,0.20446653442545965,0.8767800657384369,0.05,-1.1999999999999997,-2.05,6.0,16.0,0,0,10,2,1,48,0,0,3,0
2000938,0.0,0.05,0.9,7.873515624999999,7.899999999999999,0.026484374999999987,-7,26.484375,4.859375,0.1875,0.078125,0.0,0.5875000000000006,0.4648437500000001,0.3708107303476508,0.050570140378750135,0.005977986049508439,0.05,-0.8500000000000001,8.75,5.0,12.0,0,1,16,0,1,44,1,0,1,0
2000939,0.0,0.05,0.9,7.1381718749999985,7.149999999999999,0.011828125000000007,-7,11.828125,2.765625,0.171875,0.0625,0.0,0.5750000000000006,0.4625000000000001,0.4169271569498661,0.05012858324486949,0.01567015993230985,0.05,-0.45,7.599999999999999,3.0,12.0,0,2,16,2,2,40,0,0,2,0
2000940,0.0,0.05,0.9,7.169437499999997,7.1999999999999975,0.030562500000000006,-5,30.5625,5.0,0.1875,0.109375,0.0,0.5812500000000006,0.4742187500000001,0.2937147977665494,0.050788247258841804,0.0007326222796419882,0.049999999999999996,-1.25,8.45,6.0,13.0,1,0,11,2,0,49,0,0,1,0
2000941,0.0,0.05,0.9,8.957671875,9.0,0.042328125000000015,-8,42.328125,6.015625,0.203125,0.078125,0.0,0.5875000000000006,0.4578125000000001,0.571091280142574,0.05797156331856856,0.00944111248600147,0.05,-0.6000000000000001,9.6,3.0,15.0,0,1,17,1,1,44,0,0,0,0
2000942,0.0,0.05,0.9,13.527140625000001,13.650000000000002,0.12285937499999999,-17,122.859375,9.765625,0.296875,0.03125,0.0,0.5843750000000006,0.4765625,0.9842678656566198,0.1337048268624197,0.8505377233210079,0.05,-0.35,14.000000000000004,2.0,19.0,0,3,9,0,1,49,0,1,1,0
2000943,1.0,0.05,0.9,-3.7663437499999968,-3.649999999999997,0.11634375000000004,-16,116.34375,9.0,0.265625,0.015625,0.0,0.5968750000000007,0.471875,0.9838507074463504,0.06526419803385346,0.9411955485534896,0.049999999999999996,-0.8,-2.8500000000000005,4.0,14.0,0,1,15,0,0,44,0,0,4,0
2000944,0.0,0.05,0.9,6.044171874999999,6.049999999999999,0.005828125000000004,-4,5.828125,2.140625,0.15625,0.09375,0.015625,0.5809523809523816,0.46666666666666684,0.1385255104198832,0.05004717772737908,0.00039490447952366894,0.05000000000000001,-0.25,6.299999999999999,2.0,14.0,0,0,18,2,2,37,0,0,4,1
2000945,1.0,0.05,0.9,-2.5019218749999967,-2.399999999999997,0.10192187499999995,-15,101.921875,8.921875,0.265625,0.03125,0.015625,0.5841269841269847,0.4999999999999999,0.9775615012639743,0.0908557129331522,0.863780732243422,0.05000000000000001,-0.7999999999999998,-1.5999999999999999,4.0,15.0,1,0,5,1,0,50,0,1,5,1
2000946,0.0,0.05,0.9,8.066640624999998,8.099999999999998,0.03335937500000002,-9,33.359375,5.140625,0.171875,0.03125,0.0,0.5906250000000006,0.4789062500000001,0.914214050674776,0.050327013782553304,0.61164292212447,0.05,-0.2,8.299999999999999,1.0,12.0,0,0,14,1,0,44,0,1,4,0
2000947,0.0,0.05,0.9,9.66315625,9.7,0.03684375,-8,36.84375,5.28125,0.21875,0.09375,0.015625,0.5841269841269847,0.4809523809523811,0.10063495838485567,0.0525409293853304,0.00047676946643505984,0.05000000000000001,-0.55,10.250000000000002,5.0,15.0,0,1,11,1,2,44,0,0,4,1
2000948,1.0,0.05,0.9,-3.6608906249999995,-3.5999999999999996,0.060890625000000025,-14,60.890625,6.609375,0.21875,0.0,0.0,0.5937500000000007,0.4578125000000001,0.9746559689950761,0.051098348118680956,0.9553395294403908,0.05000000000000001,-0.19999999999999996,-3.4000000000000004,1.0,13.0,0,0,18,1,0,45,0,0,0,0
2000949,0.0,0.05,0.9,10.986750000000002,11.050000000000002,0.06325000000000003,-12,63.25,6.84375,0.234375,0.046875,0.0,0.5875000000000007,0.4906250000000001,0.9074810540905188,0.06318085174925722,0.43941072614634563,0.05,-0.6000000000000001,11.650000000000002,3.0,15.0,0,0,10,1,1,46,0,1,5,0
2000950,0.0,0.05,0.9,7.535015624999998,7.549999999999998,0.014984375000000008,-9,14.984375,3.140625,0.1875,0.046875,0.0,0.5843750000000006,0.4671875000000002,0.832211869704805,0.05025881384152344,0.31008042377946515,0.05,-0.75,8.299999999999999,3.0,12.0,0,2,18,1,0,37,0,1,5,0
2000951,0.0,0.05,0.9,8.627125,8.65,0.02287500000000001,-9,22.875,4.1875,0.1875,0.046875,0.0,0.5781250000000007,0.4765625,0.7293800208924204,0.05084071571932459,0.13540882652968175,0.05,-0.25,8.899999999999999,2.0,13.0,0,0,16,1,1,40,1,2,3,0
2000952,0.0,0.05,0.9,7.37565625,7.3999999999999995,0.02434375000000001,-8,24.34375,4.34375,0.171875,0.046875,0.015625,0.5904761904761912,0.46904761904761916,0.49625512426709556,0.0500960062633691,0.05919530593118352,0.05,-0.45,7.849999999999998,3.0,11.0,1,0,18,0,1,37,0,0,6,1
2000953,0.0,0.05,0.9,9.036281249999998,9.049999999999999,0.01371875000000001,-7,13.71875,3.28125,0.203125,0.09375,0.0,0.5875000000000006,0.45078125000000013,0.1566130595396192,0.05307827998410435,0.00025439348549431343,0.05,-0.55,9.6,5.0,14.0,0,2,20,1,0,40,0,0,1,0
2000954,0.0,0.05,0.9,6.190484374999999,6.199999999999998,0.009515625000000005,-4,9.515625,2.265625,0.140625,0.078125,0.0,0.5937500000000007,0.4437500000000001,0.3375651237455911,0.050084088689277904,0.0005557347249024208,0.05,-0.55,6.749999999999999,5.0,9.0,0,1,25,0,1,35,0,0,2,0
2000955,0.0,0.05,0.9,7.1756874999999996,7.199999999999999,0.02431250000000001,-8,24.3125,4.0625,0.171875,0.046875,0.015625,0.5714285714285721,0.47380952380952385,0.8439499115294967,0.050323609544159854,0.34538522691740364,0.04999999999999999,-0.9500000000000002,8.15,3.0,11.0,0,1,16,2,1,37,1,1,4,1
2000956,1.0,0.05,0.9,-0.4386718749999968,-0.3999999999999968,0.038671875000000015,-12,38.671875,5.265625,0.265625,0.078125,0.0,0.5843750000000006,0.4695312500000002,0.9325050351723193,0.19200410290019584,0.1091589525788545,0.05,-0.19999999999999996,-0.19999999999999973,1.0,21.0,1,0,14,1,1,45,0,0,2,0
2000957,1.0,0.05,0.9,-1.5134999999999976,-1.4499999999999975,0.06350000000000001,-12,63.5,7.28125,0.25,0.0625,0.015625,0.5809523809523814,0.469047619047619,0.8825400617691602,0.07490634084961781,0.29550749768140516,0.05,-0.9000000000000001,-0.5499999999999997,3.0,17.0,0,0,17,2,0,40,0,2,2,1
2000958,1.0,0.05,0.9,-3.246546874999994,-3.0999999999999943,0.14654687499999997,-18,146.546875,10.703125,0.3125,0.03125,0.015625,0.5809523809523816,0.49999999999999994,0.9954215002023019,0.23170603035527945,0.8915401855748253,0.05,0.0,-3.1,0.0,22.0,0,0,5,3,0,50,0,0,5,1
2000959,0.0,0.05,0.9,10.633890625000001,10.700000000000001,0.06610937500000003,-12,66.109375,7.609375,0.234375,0.046875,0.0,0.5937500000000007,0.48125,0.7135509609669389,0.05352418119583875,0.1520303908719374,0.05,-0.45,11.150000000000002,3.0,15.0,0,1,8,0,0,54,0,1,0,0
2000960,0.0,0.05,0.9,7.870312499999999,7.899999999999999,0.029687500000000002,-7,29.6875,4.90625,0.171875,0.0625,0.0,0.5750000000000006,0.46250000000000013,0.3468790392605774,0.05038167509817714,0.007178210993745362,0.049999999999999996,-0.5,8.399999999999999,4.0,11.0,0,2,16,2,1,41,0,1,1,0
2000961,0.0,0.05,0.9,5.0377343749999985,5.049999999999999,0.01226562500000001,-6,12.265625,2.984375,0.125,0.03125,0.015625,0.590476190476191,0.4595238095238096,0.8545663049931103,0.05001230749695072,0.4335384135239559,0.05,-0.55,5.6,2.0,8.0,0,0,21,1,1,36,0,0,4,1
2000962,0.0,0.05,0.9,6.2959375,6.3,0.004062500000000003,-3,4.0625,1.84375,0.171875,0.125,0.0,0.5718750000000005,0.47421875,0.06914536775443048,0.050317236645610525,1.900558572987214e-05,0.05000000000000001,-0.7,6.999999999999999,5.0,14.0,0,0,17,2,4,35,0,1,5,0
2000963,0.0,0.05,0.9,7.275390625,7.3,0.024609375000000006,-8,24.609375,4.328125,0.171875,0.046875,0.0,0.5875000000000006,0.45781249999999996,0.7358155708201883,0.05016594662927066,0.15983517980690684,0.05000000000000001,-0.6000000000000001,7.9,3.0,11.0,0,2,21,0,1,35,0,1,4,0
2000964,1.0,0.05,0.9,-2.0884687499999965,-1.9999999999999964,0.08846875000000001,-13,88.46875,8.65625,0.234375,0.03125,0.0,0.5968750000000007,0.48828125,0.958371821991197,0.055738975390720036,0.7818088958878477,0.05,0.0,-2.000000000000001,0.0,17.0,0,0,11,0,0,47,0,1,5,0
2000965,0.0,0.05,0.9,8.982015624999999,8.999999999999998,0.017984375000000007,-9,17.984375,3.390625,0.234375,0.09375,0.0,0.5750000000000006,0.4718750000000001,0.3657129233826382,0.05207564418905671,0.006264414485573608,0.05,-1.0,10.0,5.0,16.0,0,0,16,3,2,39,0,0,4,0
2000966,1.0,0.05,0.9,-5.822281249999995,-5.649999999999995,0.17228125,-22,172.28125,11.25,0.34375,0.0,0.0,0.5687500000000005,0.46953124999999996,0.9994029601699013,0.2567960837470609,0.9919843100317942,0.05,-0.95,-4.700000000000002,4.0,18.0,0,3,14,3,1,39,0,0,4,0
2000967,0.0,0.05,0.9,8.900890624999997,8.949999999999998,0.04910937500000002,-11,49.109375,6.421875,0.203125,0.03125,0.0,0.5875000000000006,0.4625000000000001,0.86819588151193,0.05055925125866935,0.5231888684787259,0.05000000000000001,-0.4,9.35,2.0,13.0,0,1,18,1,1,40,0,0,3,0
2000968,1.0,0.05,0.9,-4.099828124999998,-3.9999999999999982,0.099828125,-17,99.828125,8.671875,0.265625,0.0,0.0,0.6000000000000008,0.48828124999999994,0.9945605977422027,0.07419767798843896,0.9874891886468347,0.05,-0.9999999999999998,-3.000000000000001,5.0,12.0,0,0,9,0,0,51,0,0,4,0
2000969,1.0,0.05,0.9,-1.6387656249999996,-1.5999999999999996,0.03876562500000001,-11,38.765625,5.046875,0.1875,0.015625,0.015625,0.6000000000000006,0.4690476190476191,0.9828492228453775,0.053409739091532064,0.932164266652638,0.05000000000000001,-0.3999999999999999,-1.2,2.0,11.0,0,0,17,0,0,42,0,0,4,1
2000970,1.0,0.05,0.9,-2.2305937499999993,-2.1999999999999993,0.030593750000000006,-11,30.59375,4.40625,0.203125,0.03125,0.015625,0.5841269841269847,0.45714285714285724,0.8479415652103787,0.05054697758929282,0.48619170949769197,0.05,0.0,-2.2,0.0,15.0,0,0,21,2,1,36,0,0,3,1
2000971,0.0,0.05,0.9,8.583781249999998,8.599999999999998,0.01621875000000001,-8,16.21875,3.3125,0.203125,0.078125,0.0,0.5687500000000006,0.4648437500000001,0.5268543443151497,0.052824925856197136,0.011175802629434847,0.05,-0.45,9.049999999999999,3.0,15.0,1,0,17,3,2,38,0,0,3,0
2000972,1.0,0.05,0.9,-3.170859374999998,-3.099999999999998,0.07085937500000002,-14,70.859375,7.265625,0.25,0.03125,0.0,0.5906250000000007,0.45781250000000007,0.9458740449407851,0.057429448915745036,0.7695547523884673,0.05,-0.95,-2.1500000000000004,4.0,14.0,0,0,22,1,0,37,0,1,3,0
2000973,1.0,0.05,0.9,-2.8960937499999977,-2.849999999999998,0.046093750000000024,-14,46.09375,5.75,0.234375,0.015625,0.0,0.5781250000000007,0.471875,0.9803111843254853,0.056764859999320794,0.9312647673423596,0.049999999999999996,-1.0999999999999999,-1.75,5.0,11.0,0,2,13,2,0,44,0,1,2,0
2000974,0.0,0.05,0.9,6.296187499999999,6.3,0.0038125000000000025,-4,3.8125,1.78125,0.15625,0.09375,0.0,0.5750000000000006,0.4648437500000001,0.45160237456925706,0.05020402481145228,0.0014018206932124332,0.05000000000000001,-1.0,7.3,6.0,10.0,0,3,18,2,1,34,0,0,6,0
2000975,1.0,0.05,0.9,-2.1372187499999953,-2.0499999999999954,0.08721874999999998,-14,87.21875,8.3125,0.25,0.03125,0.0,0.6000000000000008,0.47421875,0.9760765954232657,0.08359247621485846,0.8368163891986021,0.05,-1.4499999999999997,-0.6000000000000001,8.0,10.0,0,0,15,0,0,45,0,0,4,0
2000976,1.0,0.05,0.9,-5.052843749999997,-4.9499999999999975,0.10284375000000001,-19,102.84375,8.90625,0.296875,0.0,0.0,0.5812500000000007,0.4765625,0.9966909447124168,0.12084923890915503,0.9899975220200713,0.049999999999999996,-0.6499999999999999,-4.300000000000001,2.0,17.0,0,3,11,1,0,45,0,1,3,0
2000977,0.0,0.05,0.9,6.842671875,6.85,0.007328125000000003,-6,7.328125,2.203125,0.1875,0.09375,0.0,0.5843750000000006,0.4460937500000003,0.25014021243387713,0.05032016438701265,0.0011143744149743231,0.049999999999999996,-1.35,8.2,6.0,12.0,0,1,26,1,2,30,0,0,4,0
2000978,1.0,0.05,0.9,-2.7624999999999975,-2.6999999999999975,0.06250000000000001,-15,62.5,6.65625,0.25,0.015625,0.015625,0.5873015873015879,0.46904761904761905,0.9939964175253642,0.10904801290073185,0.9690047501449016,0.05000000000000001,-0.6499999999999999,-2.05,4.0,13.0,0,2,17,0,1,37,0,1,5,1
2000979,1.0,0.05,0.9,-5.012187499999999,-4.899999999999999,0.11218749999999997,-16,112.1875,9.46875,0.265625,0.015625,0.0,0.5718750000000005,0.46484375000000006,0.9539504611701044,0.05157214568795177,0.8801741070001813,0.05000000000000001,-1.5999999999999999,-3.3000000000000007,6.0,12.0,0,5,13,1,2,40,0,0,3,0
2000980,0.0,0.05,0.9,7.643031249999998,7.649999999999999,0.0069687500000000045,-5,6.96875,2.0625,0.1875,0.109375,0.0,0.5687500000000005,0.4531250000000002,0.05936835257692129,0.05028702515231783,3.233440277485042e-05,0.05,-0.44999999999999996,8.1,4.0,15.0,1,3,18,1,3,36,0,0,2,0
2000981,0.0,0.05,0.9,5.444984375,5.45,0.005015625000000004,-3,5.015625,2.015625,0.140625,0.09375,0.0,0.5843750000000005,0.46015625000000016,0.03247792271178769,0.0500230385248015,3.922379808130449e-05,0.05000000000000001,-0.8,6.25,5.0,10.0,0,1,21,0,2,35,0,2,3,0
2000982,0.0,0.05,0.9,12.064750000000005,12.150000000000006,0.08524999999999996,-13,85.25,8.0,0.265625,0.0625,0.015625,0.590476190476191,0.49523809523809514,0.9849020126474795,0.2072348872874964,0.5493405823582522,0.05,-0.75,12.900000000000004,3.0,18.0,0,1,8,0,1,46,0,1,6,1
2000983,1.0,0.05,0.9,-2.807578125,-2.75,0.05757812500000002,-13,57.578125,6.671875,0.21875,0.015625,0.0,0.5718750000000005,0.4742187500000001,0.9679903392371711,0.051789048099808596,0.9142647277785567,0.05,-0.7999999999999998,-1.95,4.0,11.0,0,1,12,3,2,44,0,0,2,0
2000984,0.0,0.05,0.9,7.2866406249999995,7.3,0.01335937500000001,-7,13.359375,3.046875,0.15625,0.046875,0.015625,0.587301587301588,0.4690476190476192,0.3407588026361032,0.0500746664164378,0.019911749910725442,0.05,-0.3,7.6,3.0,10.0,0,0,17,1,1,40,0,1,3,1
2000985,1.0,0.05,0.9,-4.695734374999995,-4.549999999999995,0.14573437500000003,-19,145.734375,10.484375,0.296875,0.0,0.0,0.5781250000000006,0.4906250000000001,0.9963003700539461,0.13310408988573671,0.9880874669288796,0.05000000000000001,-1.15,-3.400000000000001,5.0,14.0,0,0,8,1,2,49,0,3,1,0
2000986,1.0,0.05,0.9,-1.6268124999999996,-1.5999999999999996,0.026812500000000003,-9,26.8125,4.0625,0.171875,0.03125,0.0,0.5812500000000006,0.47187500000000004,0.7886498776804,0.05004735762396122,0.40080341162618777,0.05,-0.3999999999999999,-1.2000000000000002,2.0,11.0,0,4,15,0,0,38,0,2,5,0
2000987,1.0,0.05,0.9,-4.631093749999997,-4.549999999999997,0.08109375000000002,-17,81.09375,7.40625,0.265625,0.0,0.0,0.5875000000000006,0.4648437500000001,0.986556893007945,0.05862840404080731,0.9737687078155403,0.05,-1.2499999999999998,-3.3,5.0,12.0,0,3,15,0,0,43,0,1,2,0
2000988,1.0,0.05,0.9,-4.017874999999997,-3.9499999999999975,0.06787500000000003,-16,67.875,7.0,0.265625,0.015625,0.0,0.5875000000000005,0.46484375000000017,0.971058310876849,0.058774960914524194,0.9055002770948954,0.05000000000000001,-1.15,-2.8,5.0,13.0,0,3,14,0,1,44,0,0,2,0
2000989,1.0,0.05,0.9,-4.434468749999995,-4.299999999999995,0.13446875000000003,-20,134.46875,10.0625,0.328125,0.015625,0.0,0.5906250000000006,0.48125,0.9991500428778971,0.2549467859492925,0.9801775858826799,0.05,-0.75,-3.5500000000000003,3.0,19.0,0,0,14,1,0,43,0,1,5,0
2000990,1.0,0.05,0.9,-1.1386250000000016,-1.1000000000000014,0.03862500000000002,-10,38.625,5.28125,0.203125,0.046875,0.0,0.5875000000000007,0.48593750000000013,0.859085308123471,0.051114362115965414,0.39045401549855197,0.05,-0.3999999999999999,-0.6999999999999998,2.0,14.0,0,1,10,1,0,47,0,1,4,0
2000991,0.0,0.05,0.9,11.874984375000002,11.950000000000003,0.07501562499999999,-14,75.015625,7.921875,0.265625,0.046875,0.0,0.5781250000000007,0.4718750000000001,0.9259799105913056,0.0862101898528099,0.47395746392775084,0.049999999999999996,-0.4,12.350000000000001,2.0,18.0,1,2,10,1,1,48,0,0,1,0
2000992,1.0,0.05,0.9,-2.8144218750000016,-2.7500000000000018,0.06442187500000002,-13,64.421875,7.015625,0.234375,0.03125,0.0,0.5812500000000006,0.47421875000000013,0.9556120708642463,0.05299944750749433,0.8083140040170004,0.05000000000000001,-0.44999999999999996,-2.3000000000000007,2.0,15.0,0,0,14,1,1,45,1,1,1,0
2000993,0.0,0.05,0.9,8.063937499999998,8.099999999999998,0.036062500000000004,-8,36.0625,5.59375,0.1875,0.0625,0.015625,0.5873015873015879,0.46666666666666673,0.833626305642302,0.053426778361649566,0.13336561832533123,0.05,-1.05,9.149999999999999,4.0,12.0,0,2,15,0,1,42,0,1,2,1
2000994,1.0,0.05,0.9,-3.312671874999998,-3.2499999999999982,0.06267187500000003,-14,62.671875,6.546875,0.21875,0.0,0.0,0.5906250000000006,0.49296875,0.9796653147474076,0.05110593515979504,0.9639111982597078,0.05,-0.19999999999999996,-3.0500000000000003,1.0,13.0,0,0,10,1,0,46,0,1,6,0
2000995,0.0,0.05,0.9,7.9769999999999985,7.999999999999998,0.023000000000000003,-9,23.0,3.6875,0.1875,0.046875,0.0,0.5812500000000006,0.46015625000000016,0.5204079413217604,0.050184758421123014,0.06320822469092725,0.049999999999999996,-0.45,8.45,3.0,12.0,0,1,20,2,1,36,0,0,4,0
2000996,0.0,0.05,0.9,7.1389375,7.15,0.011062500000000006,-8,11.0625,2.46875,0.171875,0.046875,0.0,0.5843750000000005,0.4578125000000003,0.5202362740814312,0.050069339693440844,0.06606988949631841,0.05,-0.25,7.4,2.0,12.0,0,1,21,0,2,36,1,0,3,0
2000997,0.0,0.05,0.9,5.144234375,5.15,0.005765625000000004,-5,5.765625,2.109375,0.140625,0.0625,0.0,0.5906250000000006,0.44375000000000026,0.7531187310876944,0.050062899798765076,0.03875847305030268,0.05,-0.8,5.949999999999999,3.0,10.0,0,0,27,0,1,33,1,0,2,0
2000998,0.0,0.05,0.9,10.967390625000002,11.050000000000002,0.082609375,-13,82.609375,8.453125,0.25,0.046875,0.0,0.5843750000000005,0.46953125000000007,0.9062056221979103,0.06446314226200481,0.46235262767385177,0.05,-0.5,11.550000000000002,2.0,17.0,0,2,13,1,1,45,0,0,2,0
2000999,1.0,0.05,0.9,-3.760343749999999,-3.6999999999999993,0.060343750000000015,-14,60.34375,6.5,0.21875,0.0,0.03125,0.5870967741935489,0.4830645161290322,0.9712273799030543,0.05090558572524549,0.9516184250632166,0.049999999999999996,-0.95,-2.75,4.0,10.0,0,0,12,2,0,43,0,0,5,2
2001000,0.0,0.05,0.9,7.756265624999999,7.799999999999999,0.04373437500000001,-9,43.734375,5.828125,0.1875,0.046875,0.0,0.5843750000000006,0.47187500000000004,0.6966098760721576,0.05013093813217308,0.1743170492792614,0.05000000000000001,-0.6000000000000001,8.399999999999999,3.0,12.0,0,1,15,1,0,43,1,0,3,0
2001001,1.0,0.05,0.9,-3.7471562499999993,-3.6999999999999993,0.04715625000000002,-14,47.15625,4.96875,0.21875,0.0,0.0,0.5843750000000006,0.45312500000000006,0.972140751715042,0.05090188868696823,0.9516184250632166,0.05,-0.9000000000000001,-2.8,3.0,11.0,0,4,17,0,0,42,0,1,0,0
2001002,1.0,0.05,0.9,-2.6917812499999942,-2.5999999999999943,0.09178125000000001,-15,91.78125,8.0625,0.265625,0.03125,0.0,0.5843750000000006,0.49296875,0.9746858497213303,0.07436488350378762,0.8414677007478291,0.05,-0.6499999999999999,-1.9500000000000008,4.0,15.0,0,0,10,1,0,46,1,1,5,0
2001003,1.0,0.05,0.9,-4.291109374999996,-4.199999999999996,0.09110937500000002,-18,91.109375,7.984375,0.28125,0.0,0.0,0.5937500000000007,0.4882812500000001,0.9941851780818226,0.09405887197518387,0.9853567264102652,0.05000000000000001,-0.7999999999999998,-3.4000000000000004,4.0,14.0,0,0,7,0,0,55,1,0,1,0
2001004,1.0,0.05,0.9,-3.1772187499999998,-3.0999999999999996,0.07721875000000002,-14,77.21875,7.78125,0.234375,0.015625,0.0,0.5812500000000006,0.4765625,0.9730231403647358,0.05270664643089237,0.9138774792843563,0.05,-0.3999999999999999,-2.7000000000000006,2.0,14.0,0,2,11,2,0,46,0,0,3,0
2001005,1.0,0.05,0.9,-1.9531874999999985,-1.8999999999999986,0.053187500000000026,-12,53.1875,6.625,0.21875,0.03125,0.0,0.5906250000000006,0.45546875000000014,0.9466215168530111,0.05831861047861031,0.7308905631505609,0.05000000000000001,-0.8999999999999999,-1.0,4.0,12.0,0,1,19,0,2,41,0,0,1,0
2001006,0.0,0.05,0.9,7.190390624999999,7.199999999999999,0.009609375000000002,-7,9.609375,2.203125,0.171875,0.0625,0.015625,0.590476190476191,0.4595238095238096,0.27144566001054354,0.05011703956408355,0.007353222088119864,0.05000000000000001,-0.3,7.499999999999999,3.0,12.0,0,0,23,1,0,33,0,1,5,1
2001007,0.0,0.05,0.9,8.606546875000001,8.65,0.04345312500000001,-11,43.453125,5.859375,0.203125,0.03125,0.015625,0.5746031746031752,0.47380952380952385,0.8368467474026019,0.05025975700531383,0.4858762480748808,0.05,-0.2,8.850000000000001,1.0,14.0,0,1,15,2,0,40,0,3,2,1
2001008,1.0,0.05,0.9,-3.5949999999999966,-3.4999999999999964,0.095,-16,95.0,8.34375,0.265625,0.015625,0.0,0.5875000000000007,0.47187500000000004,0.9774419357217763,0.06498564923907883,0.9212080441718106,0.05,-0.7999999999999998,-2.7000000000000006,4.0,14.0,0,0,13,2,0,48,0,0,1,0
2001009,1.0,0.05,0.9,-4.198671874999998,-4.099999999999998,0.09867187499999996,-15,98.671875,9.140625,0.234375,0.0,0.0,0.5906250000000006,0.48124999999999996,0.9768606578594913,0.05112052396409708,0.9597236790130088,0.05,-0.7999999999999998,-3.3000000000000003,4.0,11.0,0,2,10,0,1,47,0,0,4,0
2001010,1.0,0.05,0.9,-2.8562187499999965,-2.7499999999999964,0.10621875000000001,-16,106.21875,9.0625,0.265625,0.015625,0.015625,0.6000000000000008,0.4952380952380953,0.9965561589983136,0.14132995921164848,0.9781385216269545,0.05,-0.6499999999999999,-2.0999999999999996,4.0,14.0,0,0,6,0,0,53,0,0,4,1
2001011,1.0,0.05,0.9,-1.0871718749999972,-1.0499999999999972,0.03717187500000001,-11,37.171875,5.015625,0.21875,0.046875,0.0,0.5906250000000006,0.47421875000000013,0.6891290431600705,0.05238712380398081,0.13074298481379512,0.05000000000000001,-0.7999999999999998,-0.25,4.0,13.0,1,0,15,0,0,43,0,1,4,0
2001012,1.0,0.05,0.9,-0.8272343750000007,-0.8000000000000007,0.027234375000000005,-8,27.234375,4.578125,0.15625,0.03125,0.015625,0.5873015873015879,0.46904761904761927,0.9202407587529781,0.05023931516918167,0.6163767125948981,0.05,-1.1,0.30000000000000004,4.0,8.0,0,0,18,1,1,38,0,1,4,1
2001013,1.0,0.05,0.9,-2.484015625000001,-2.450000000000001,0.034015625000000015,-11,34.015625,5.203125,0.1875,0.015625,0.0,0.5843750000000006,0.4742187500000002,0.9119401993160197,0.05011938923035598,0.7766133507092072,0.05,-0.95,-1.5,4.0,9.0,0,1,14,2,0,43,0,0,4,0
2001014,1.0,0.05,0.9,-2.9087499999999995,-2.8499999999999996,0.058750000000000024,-12,58.75,6.46875,0.1875,0.0,0.0,0.5843750000000006,0.4742187500000002,0.9658525480432223,0.05023598558506633,0.942425272465029,0.05,-0.6499999999999999,-2.1999999999999997,3.0,9.0,0,2,13,0,1,44,1,0,3,0
2001015,1.0,0.05,0.9,-6.0636718749999945,-5.849999999999994,0.2136718750000001,-24,213.671875,12.953125,0.375,0.0,0.0,0.5906250000000006,0.4742187499999999,0.9999875579250272,0.2968767438209786,0.9972943305589244,0.049999999999999996,-0.8,-5.050000000000002,4.0,20.0,0,1,13,1,0,46,0,0,3,0
2001016,1.0,0.05,0.9,-4.172578124999999,-4.1,0.07257812500000002,-15,72.578125,7.328125,0.234375,0.0,0.0,0.5875000000000007,0.4765625000000001,0.9754230154303031,0.05105952892796425,0.9575274410893765,0.05,-0.5999999999999999,-3.500000000000001,3.0,12.0,0,0,14,1,2,43,0,0,4,0
2001017,1.0,0.05,0.9,-3.622140624999995,-3.4999999999999947,0.12214062499999996,-17,122.140625,10.140625,0.296875,0.03125,0.0,0.5843750000000006,0.4765625,0.9850286287591247,0.13614169928590694,0.8789536581714638,0.05,-0.7999999999999999,-2.700000000000001,3.0,18.0,1,1,12,1,0,45,0,0,4,0
2001018,0.0,0.05,0.9,7.029796875,7.05,0.020203125,-6,20.203125,4.234375,0.171875,0.078125,0.0,0.6000000000000008,0.4648437500000001,0.7054042607878855,0.051044353194708014,0.01746431469371916,0.05000000000000002,-0.6000000000000001,7.6499999999999995,3.0,13.0,0,0,19,0,0,41,0,0,4,0
2001019,0.0,0.05,0.9,6.847109374999998,6.849999999999998,0.0028906250000000017,-3,2.890625,1.484375,0.1875,0.140625,0.0,0.5875000000000007,0.46015625000000027,0.08189860182067264,0.051463431622857235,8.60100237021975e-06,0.05000000000000001,-1.05,7.900000000000001,6.0,15.0,0,1,19,0,1,40,0,2,1,0
2001020,1.0,0.05,0.9,-3.077453124999998,-2.9999999999999982,0.07745312499999998,-14,77.453125,7.953125,0.234375,0.015625,0.0,0.5875000000000007,0.47656250000000006,0.9618338437103429,0.05260398073266037,0.8838915434593019,0.05000000000000002,-0.9000000000000001,-2.0999999999999996,3.0,13.0,0,0,14,1,0,45,0,2,2,0
2001021,1.0,0.05,0.9,-2.7720781249999993,-2.6999999999999993,0.07207812500000002,-14,72.078125,7.359375,0.234375,0.015625,0.0,0.5906250000000006,0.47421875,0.9705261644100036,0.05593399868571391,0.9032431472942329,0.05,-1.3499999999999999,-1.3499999999999999,6.0,10.0,0,1,12,1,0,48,0,0,2,0
2001022,0.0,0.05,0.9,9.969703124999999,9.999999999999998,0.030296875000000004,-11,30.296875,4.390625,0.21875,0.046875,0.015625,0.5904761904761912,0.45952380952380956,0.6724137787507225,0.0556211735297551,0.08566206119090135,0.05000000000000001,-0.09999999999999998,10.099999999999998,2.0,15.0,0,0,22,1,0,35,0,1,4,1
2001023,1.0,0.05,0.9,-4.387859374999997,-4.299999999999997,0.08785937500000002,-17,87.859375,8.234375,0.265625,0.0,0.0,0.6000000000000006,0.48359375,0.988508269973334,0.060596878427563894,0.9769898877056445,0.05,-0.7999999999999998,-3.5,4.0,13.0,0,0,11,0,0,49,0,0,4,0
