episode,value,alpha,p,objective,profit,penalty,terminal_inventory,mean_q2,mean_abs_inventory,buy_rate,sell_rate,abstain_rate,mean_spread,mean_center,inferred_value,inferred_alpha,correct_value,correct_alpha,informed_profit,uninformed_profit,informed_exec,uninformed_exec,action_0,action_1,action_2,action_3,action_4,action_5,action_6,action_7,action_8,action_9
2000000,0.0,0.05,0.75,4.242468749999998,4.249999999999998,0.007531250000000004,2,7.53125,2.46875,0.140625,0.171875,0.015625,0.5460317460317463,0.5357142857142856,0.6202082824149687,0.051618846299096466,0.02412050546643559,0.05000000000000001,-1.4000000000000001,5.649999999999999,5.0,15.0,0,0,3,1,1,40,0,14,4,1
2000001,1.0,0.05,0.75,-0.6698749999999997,-0.5999999999999996,0.069875,-13,69.875,7.21875,0.25,0.046875,0.0,0.5093749999999999,0.5890624999999995,0.997895396389534,0.1617445046011137,0.9961592071442293,0.049999999999999996,-0.6499999999999999,0.050000000000000155,6.0,13.0,0,0,1,2,1,21,0,24,15,0
2000002,0.0,0.05,0.75,4.199140625,4.2,0.0008593750000000003,-1,0.859375,0.671875,0.125,0.109375,0.0,0.5281250000000003,0.5351562499999999,0.30561209885639923,0.05001857789498309,0.09588181012642429,0.05,-0.35,4.55,2.0,13.0,0,2,2,3,1,37,0,14,5,0
2000003,0.0,0.05,0.75,1.59421875,1.6,0.005781250000000004,2,5.78125,2.09375,0.078125,0.109375,0.0,0.5718750000000006,0.5234375,0.33215561090974827,0.05000544988888782,0.04772748743888424,0.05,-0.75,2.35,3.0,9.0,0,1,0,2,0,50,0,4,7,0
2000004,1.0,0.05,0.75,0.10495312500000213,0.15000000000000213,0.045046875,-9,45.046875,6.296875,0.203125,0.0625,0.0,0.51875,0.5749999999999996,0.9134504806111164,0.05143971731077777,0.9105758598265725,0.049999999999999996,-0.6999999999999997,0.8500000000000003,4.0,13.0,0,0,1,0,1,29,0,25,8,0
2000005,1.0,0.05,0.75,1.291343749999999,1.299999999999999,0.008656250000000006,-5,8.65625,2.625,0.171875,0.09375,0.0,0.5375000000000003,0.5492187499999998,0.815135990026404,0.05046725414408114,0.7281299649720933,0.05000000000000001,-0.5,1.8000000000000003,2.0,15.0,0,0,2,2,1,36,0,15,8,0
2000006,0.0,0.05,0.75,4.19534375,4.2,0.004656250000000003,-1,4.65625,1.78125,0.125,0.109375,0.0,0.5468750000000003,0.5187499999999999,0.6685641327892566,0.05003836530509041,0.17913566617367496,0.05,-1.05,5.25,4.0,11.0,1,0,3,1,4,43,1,7,4,0
2000007,1.0,0.05,0.75,1.8994687499999998,1.9,0.0005312500000000004,-1,0.53125,0.53125,0.09375,0.078125,0.0,0.5531250000000003,0.5398437499999998,0.4085117088464502,0.050000758144672156,0.2524850571576066,0.05,0.0,1.9000000000000004,0.0,11.0,0,0,2,2,2,39,0,9,10,0
2000008,0.0,0.05,0.75,4.54721875,4.55,0.002781250000000002,0,2.78125,1.34375,0.140625,0.140625,0.0,0.5375000000000003,0.528125,0.6723341172394857,0.05031203098983516,0.09648953880728828,0.05000000000000001,-1.0,5.55,4.0,14.0,1,1,1,3,0,43,0,11,4,0
2000009,1.0,0.05,0.75,0.11692187500000034,0.15000000000000036,0.033078125000000014,-10,33.078125,4.484375,0.234375,0.078125,0.0,0.5093749999999999,0.5539062499999996,0.9468673900007236,0.07882401260905696,0.9332194499536522,0.049999999999999996,-1.2999999999999998,1.4500000000000008,6.0,14.0,0,1,2,2,0,33,0,24,2,0
2000010,0.0,0.05,0.75,3.247406250000001,3.250000000000001,0.0025937500000000006,2,2.59375,1.09375,0.109375,0.140625,0.046875,0.5475409836065576,0.5344262295081965,0.6822966994356962,0.05017349238107353,0.0628781647874704,0.05000000000000001,-1.5,4.749999999999998,5.0,11.0,0,0,1,2,0,43,0,12,3,3
2000011,0.0,0.05,0.75,0.8866718750000001,0.9000000000000001,0.01332812500000001,6,13.328125,3.265625,0.0625,0.15625,0.015625,0.5523809523809527,0.519047619047619,0.27050519852676924,0.05035527110831938,0.0038930443175143993,0.05,-1.05,1.9500000000000004,5.0,9.0,1,0,0,2,1,50,0,8,1,1
2000012,0.0,0.05,0.75,5.944062499999999,5.949999999999999,0.0059375000000000035,-2,5.9375,2.1875,0.15625,0.125,0.015625,0.5269841269841272,0.5428571428571428,0.8061812991978456,0.05182511925040673,0.34360163165080826,0.05,-0.75,6.699999999999999,3.0,15.0,0,0,1,5,3,35,0,10,9,1
2000013,1.0,0.05,0.75,-0.008828125000001782,-1.7763568394002505e-15,0.008828125000000006,-6,8.828125,2.390625,0.15625,0.0625,0.015625,0.5079365079365079,0.5499999999999997,0.7011181260883942,0.05002392029035531,0.674622531563098,0.05,-0.5,0.5000000000000003,2.0,12.0,0,0,2,4,3,31,0,18,5,1
2000014,0.0,0.05,0.75,5.38934375,5.4,0.010656250000000006,-3,10.65625,2.71875,0.140625,0.09375,0.0,0.5500000000000003,0.5398437499999997,0.7840486416262922,0.05014265442332554,0.5543563191717142,0.05,-1.1,6.500000000000001,3.0,12.0,1,1,2,0,0,39,0,13,8,0
2000015,0.0,0.05,0.75,2.69709375,2.7,0.0029062500000000017,2,2.90625,1.5,0.109375,0.140625,0.0,0.5531250000000004,0.5304687499999999,0.3583687319796704,0.05007874910229246,0.023115837166841093,0.049999999999999996,-0.9000000000000001,3.6000000000000005,4.0,12.0,0,0,2,0,3,44,0,12,3,0
2000016,1.0,0.05,0.75,2.019156250000001,2.0500000000000007,0.030843749999999996,-7,30.84375,5.25,0.21875,0.109375,0.0,0.5250000000000004,0.5632812499999998,0.5983591385657391,0.055470092046842945,0.5305875921634583,0.05,-0.9499999999999998,3.000000000000001,4.0,17.0,0,0,2,1,1,31,0,21,8,0
2000017,1.0,0.05,0.75,0.6747187499999975,0.6999999999999975,0.02528125000000001,-10,25.28125,3.90625,0.234375,0.078125,0.0,0.5281250000000001,0.5656249999999997,0.9487864227633691,0.08259447647527335,0.9368061727643194,0.05,-0.3999999999999999,1.1000000000000008,3.0,17.0,0,0,1,1,1,32,1,18,10,0
2000018,0.0,0.05,0.75,9.969937500000002,10.000000000000002,0.030062500000000006,-7,30.0625,5.28125,0.25,0.140625,0.0,0.5281250000000002,0.5796874999999997,0.9157648825306124,0.20161903343087206,0.6897579941145459,0.049999999999999996,-0.7,10.700000000000005,3.0,22.0,0,0,1,1,1,26,0,20,15,0
2000019,0.0,0.05,0.75,4.345734374999999,4.35,0.004265625000000002,1,4.265625,1.796875,0.140625,0.15625,0.015625,0.5714285714285718,0.5261904761904761,0.5397543165766318,0.05065086044364802,0.03588204990596539,0.049999999999999996,-1.45,5.8,6.0,13.0,0,0,0,0,1,51,0,8,3,1
2000020,1.0,0.05,0.75,0.788562499999999,0.7999999999999989,0.011437500000000007,-5,11.4375,2.59375,0.140625,0.0625,0.046875,0.5409836065573773,0.5540983606557375,0.7867828060794521,0.05007557145412772,0.7475149483256296,0.05,-0.9499999999999997,1.7500000000000004,5.0,8.0,0,0,1,1,0,36,1,14,8,3
2000021,1.0,0.05,0.75,-0.06345312499999983,-0.04999999999999982,0.01345312500000001,-6,13.453125,3.078125,0.140625,0.046875,0.0,0.5312500000000001,0.5515624999999997,0.7284858425913724,0.050006609058450786,0.7159291943106679,0.05,0.0,-0.04999999999999982,0.0,12.0,1,0,3,1,3,30,0,15,11,0
2000022,1.0,0.05,0.75,1.662328125000001,1.700000000000001,0.03767187500000001,-7,37.671875,5.515625,0.21875,0.109375,0.0,0.5343750000000004,0.5726562499999996,0.9452381249595907,0.09044133378879925,0.9039369372051445,0.05,-0.44999999999999996,2.1500000000000004,4.0,17.0,0,0,1,2,1,28,1,14,17,0
2000023,0.0,0.05,0.75,5.796531250000001,5.800000000000001,0.0034687500000000018,-2,3.46875,1.5,0.15625,0.125,0.0,0.5468750000000003,0.5398437499999998,0.6928249182007642,0.050679368062437495,0.2503181013069952,0.05,0.0,5.800000000000001,0.0,18.0,0,1,2,3,1,37,0,9,11,0
2000024,0.0,0.05,0.75,6.445640625,6.45,0.004359375000000003,-5,4.359375,1.546875,0.171875,0.09375,0.015625,0.5206349206349207,0.5499999999999997,0.7038145403717616,0.05041858161398286,0.604532881068299,0.05,-0.8,7.249999999999999,2.0,15.0,2,0,1,0,4,32,0,17,7,1
2000025,0.0,0.05,0.75,4.048703124999999,4.05,0.0012968750000000007,0,1.296875,0.859375,0.140625,0.140625,0.0,0.5500000000000005,0.5328124999999999,0.5552663197285231,0.050145669384838006,0.0844660573265093,0.05,-1.15,5.199999999999999,4.0,14.0,0,1,1,1,2,43,0,11,5,0
2000026,0.0,0.05,0.75,4.395953124999999,4.3999999999999995,0.004046875000000002,-2,4.046875,1.609375,0.125,0.09375,0.0,0.5468750000000002,0.5257812499999999,0.6260336769740162,0.050022403216545,0.30234570201787336,0.04999999999999999,-1.1500000000000001,5.549999999999999,4.0,10.0,0,1,1,1,3,45,0,11,2,0
2000027,0.0,0.05,0.75,9.706359375000002,9.750000000000002,0.04364062500000001,-11,43.640625,5.640625,0.203125,0.03125,0.0,0.521875,0.5726562499999995,0.9649782677053113,0.05108583683045796,0.9645718378929011,0.05000000000000001,-0.35000000000000003,10.100000000000001,1.0,14.0,0,1,0,0,1,30,0,23,9,0
2000028,0.0,0.05,0.75,8.97365625,9.0,0.026343750000000006,-8,26.34375,4.625,0.203125,0.078125,0.0,0.51875,0.5820312499999996,0.9478917495269884,0.0551277067601568,0.9426562570182673,0.05,-0.2,9.2,1.0,17.0,2,0,1,0,0,23,0,22,16,0
2000029,0.0,0.05,0.75,4.497203125,4.5,0.0027968750000000016,-2,2.796875,1.515625,0.125,0.09375,0.015625,0.5396825396825399,0.5523809523809521,0.5047222359643658,0.0500171064160876,0.3282737602289273,0.05,-0.75,5.249999999999999,2.0,12.0,0,0,0,1,1,39,1,14,7,1
2000030,1.0,0.05,0.75,0.34332812499999965,0.34999999999999964,0.006671875000000005,-5,6.671875,1.984375,0.140625,0.0625,0.0,0.5375000000000003,0.5374999999999998,0.8966855747562523,0.05005684680952194,0.8506595345758937,0.05000000000000001,-0.5499999999999998,0.9000000000000004,4.0,9.0,1,0,2,2,2,38,0,12,7,0
2000031,0.0,0.05,0.75,3.24846875,3.25,0.001531250000000001,1,1.53125,1.0,0.109375,0.125,0.015625,0.5587301587301592,0.5333333333333332,0.3881177179191545,0.050043373206947066,0.05628396462597907,0.05,-1.15,4.3999999999999995,5.0,10.0,0,0,0,0,4,45,1,7,6,1
2000032,1.0,0.05,0.75,-0.1392812500000014,-0.10000000000000142,0.03928125,-9,39.28125,5.75,0.1875,0.046875,0.0,0.5281250000000003,0.5984374999999995,0.9949514428622778,0.05437906534615662,0.9947454027894086,0.05,-0.050000000000000044,-0.04999999999999993,1.0,14.0,0,0,1,1,1,18,0,20,23,0
2000033,0.0,0.05,0.75,4.999140624999999,4.999999999999999,0.0008593750000000003,1,0.859375,0.578125,0.140625,0.15625,0.0,0.5468750000000002,0.5257812499999999,0.15071016300226825,0.05231678838088159,0.0063147484537057035,0.05,-2.15,7.15,10.0,9.0,0,1,2,1,3,43,0,11,3,0
2000034,1.0,0.05,0.75,0.9363124999999993,0.9499999999999993,0.01368750000000001,-6,13.6875,3.40625,0.15625,0.0625,0.0,0.5375000000000001,0.5867187499999996,0.8635650497237727,0.05009367100818496,0.8566849165762309,0.05000000000000001,-0.6499999999999999,1.6000000000000003,4.0,10.0,0,0,0,0,0,27,1,18,18,0
2000035,1.0,0.05,0.75,2.3877812499999993,2.3999999999999995,0.012218750000000007,-3,12.21875,3.1875,0.15625,0.109375,0.015625,0.5015873015873017,0.5619047619047618,0.42915411889548155,0.050076486653344764,0.26263519506888,0.05,-0.1499999999999999,2.55,1.0,16.0,0,1,0,3,4,28,1,18,8,1
2000036,1.0,0.05,0.75,0.33910937500000216,0.40000000000000213,0.060890625,-9,60.890625,7.328125,0.203125,0.0625,0.015625,0.5079365079365079,0.609523809523809,0.9890855202576256,0.06254344159659936,0.9882396958688173,0.05,-0.5499999999999998,0.9500000000000004,5.0,12.0,0,0,0,0,0,17,0,29,17,1
2000037,0.0,0.05,0.75,6.144218749999998,6.149999999999998,0.005781250000000004,-4,5.78125,2.25,0.171875,0.109375,0.0,0.5281250000000002,0.5421874999999998,0.8269352856898127,0.05120490451601238,0.6167111664228885,0.05,-1.45,7.600000000000001,4.0,14.0,1,2,3,0,1,33,0,18,6,0
2000038,1.0,0.05,0.75,2.3838281249999977,2.3999999999999977,0.01617187500000001,-5,16.171875,3.671875,0.1875,0.109375,0.0,0.5375000000000002,0.5468749999999998,0.2942608623951731,0.05021475074790248,0.21564800538466067,0.05000000000000001,-0.5499999999999998,2.9499999999999993,3.0,16.0,0,1,3,1,0,35,0,17,7,0
2000039,1.0,0.05,0.75,-0.9084218749999997,-0.8499999999999996,0.05842187500000003,-10,58.421875,7.046875,0.203125,0.046875,0.0,0.51875,0.5984374999999995,0.9581606339070214,0.05118829578374401,0.9576102562212192,0.05,-0.9499999999999998,0.10000000000000075,4.0,12.0,0,0,0,1,1,20,0,23,19,0
2000040,1.0,0.05,0.75,2.9480624999999985,2.9499999999999984,0.0019375000000000013,-2,1.9375,1.21875,0.140625,0.109375,0.0,0.5468750000000003,0.5328124999999999,0.6517648978726399,0.05010152791720202,0.2889001918023076,0.05,-0.19999999999999996,3.1499999999999995,1.0,15.0,1,1,2,2,1,39,0,9,9,0
2000041,0.0,0.05,0.75,5.497624999999999,5.499999999999999,0.002375000000000001,-1,2.375,1.0625,0.15625,0.140625,0.015625,0.5333333333333334,0.5476190476190473,0.46408045137597115,0.050673713086325844,0.09112159444399041,0.05,-1.05,6.55,4.0,15.0,0,1,1,1,2,36,0,16,6,1
2000042,1.0,0.05,0.75,0.5803125000000015,0.6000000000000014,0.019687500000000004,-8,19.6875,3.15625,0.203125,0.078125,0.03125,0.5129032258064515,0.5604838709677415,0.8940163562235971,0.05658710109507219,0.8729689805708726,0.05000000000000001,-0.2999999999999998,0.9000000000000007,2.0,16.0,0,0,1,2,3,30,0,20,6,2
2000043,0.0,0.05,0.75,4.427468749999999,4.449999999999999,0.02253125,2,22.53125,4.34375,0.140625,0.171875,0.0,0.5687500000000004,0.5140624999999999,0.27707380972939166,0.054416749750350234,0.006034205403077334,0.05,-1.0,5.449999999999999,5.0,15.0,0,1,4,0,0,48,0,9,2,0
2000044,1.0,0.05,0.75,4.195828125,4.2,0.004171875000000002,2,4.171875,1.640625,0.09375,0.125,0.0,0.5625000000000004,0.5164062500000001,0.43718994403766026,0.050016662035809324,0.038404266801898866,0.05,-0.7,4.899999999999999,3.0,11.0,0,2,3,1,0,46,1,6,5,0
2000045,0.0,0.05,0.75,6.089390625,6.1,0.010609375000000006,-3,10.609375,3.046875,0.1875,0.140625,0.0,0.5375000000000004,0.5445312499999999,0.42700282029705916,0.05092398221220625,0.15245717673419154,0.049999999999999996,-0.65,6.749999999999999,2.0,19.0,1,0,2,1,0,38,0,16,6,0
2000046,1.0,0.05,0.75,-0.11128125000000054,-0.10000000000000053,0.011281250000000008,-6,11.28125,2.65625,0.140625,0.046875,0.015625,0.5396825396825399,0.5404761904761903,0.7577191334508033,0.050012944018444506,0.7359749664793181,0.05,-1.5499999999999998,1.4500000000000002,6.0,6.0,1,2,1,1,1,36,0,12,9,1
2000047,0.0,0.05,0.75,3.799203125,3.8,0.0007968750000000005,-1,0.796875,0.734375,0.109375,0.09375,0.0,0.5593750000000004,0.52578125,0.358407414923185,0.050005610867238245,0.11560690314933787,0.049999999999999996,-0.7,4.5,3.0,10.0,0,0,4,1,2,42,0,9,6,0
2000048,1.0,0.05,0.75,0.08073437499999786,0.09999999999999787,0.01926562500000001,-7,19.265625,3.859375,0.171875,0.0625,0.03125,0.541935483870968,0.558064516129032,0.8125239078661325,0.05018620786625119,0.7992682698181026,0.05,-0.7999999999999998,0.9000000000000005,4.0,11.0,0,0,0,1,0,37,0,16,8,2
2000049,1.0,0.05,0.75,-0.4664999999999984,-0.4499999999999984,0.01650000000000001,-6,16.5,3.3125,0.125,0.03125,0.0,0.5437500000000003,0.5656249999999996,0.896601689462807,0.05000579173720138,0.8927796969700899,0.05,-0.4999999999999998,0.04999999999999982,3.0,7.0,0,0,3,2,0,28,0,14,17,0
2000050,0.0,0.05,0.75,3.3954374999999994,3.3999999999999995,0.004562500000000003,0,4.5625,1.96875,0.109375,0.109375,0.0,0.5625000000000003,0.5210937499999999,0.37689404204542964,0.05001060745429405,0.08365945121071161,0.05,-0.55,3.9499999999999993,2.0,12.0,1,0,4,0,1,44,0,9,5,0
2000051,0.0,0.05,0.75,1.9279375,1.9500000000000002,0.022062500000000002,4,22.0625,4.25,0.078125,0.140625,0.0,0.5687500000000005,0.5046875,0.27299317935037526,0.05013825784330656,0.005613744329179606,0.05,-0.8,2.75,4.0,10.0,1,0,2,1,2,53,0,4,1,0
2000052,0.0,0.05,0.75,11.602390624999998,11.649999999999999,0.047609374999999995,-11,47.609375,6.390625,0.25,0.078125,0.0,0.496875,0.5796874999999997,0.9893191948109514,0.1667609473300604,0.9788684892906954,0.05,-0.4,12.049999999999999,2.0,19.0,1,0,0,2,0,26,1,25,9,0
2000053,0.0,0.05,0.75,0.98996875,1.0,0.010031250000000007,4,10.03125,3.0,0.0625,0.125,0.015625,0.5650793650793655,0.5142857142857141,0.17582399125935108,0.05004069958234679,0.006564903615637052,0.05,-1.5499999999999998,2.55,6.0,6.0,0,0,3,3,1,47,0,4,5,1
2000054,1.0,0.05,0.75,-0.5316718750000018,-0.5000000000000018,0.031671874999999995,-7,31.671875,4.515625,0.140625,0.03125,0.0,0.5187499999999998,0.5656249999999995,0.9592275389768877,0.0500368514155545,0.957650135376078,0.05000000000000001,-0.3999999999999999,-0.09999999999999964,3.0,8.0,1,0,0,2,0,32,0,20,9,0
2000055,0.0,0.05,0.75,5.745312499999999,5.749999999999999,0.004687500000000003,-3,4.6875,1.90625,0.125,0.078125,0.015625,0.555555555555556,0.5452380952380952,0.6686655265577258,0.0500463182242785,0.5114495315915693,0.050000000000000024,-0.6000000000000001,6.35,3.0,10.0,0,1,1,0,1,39,0,12,9,1
2000056,1.0,0.05,0.75,4.8431718749999995,4.85,0.0068281250000000035,1,6.828125,2.359375,0.125,0.140625,0.03125,0.5580645161290326,0.5169354838709677,0.553197835569455,0.05021042965561925,0.03984092524027513,0.04999999999999999,-0.3999999999999999,5.249999999999998,2.0,15.0,0,0,3,2,2,45,0,7,3,2
2000057,1.0,0.05,0.75,0.5869218749999978,0.5999999999999979,0.01307812500000001,-7,13.078125,2.921875,0.171875,0.0625,0.0,0.51875,0.5374999999999999,0.7164319712171683,0.05013375376362045,0.6851136954945458,0.049999999999999996,-0.7999999999999998,1.4000000000000006,4.0,11.0,0,2,2,2,3,35,0,17,3,0
2000058,0.0,0.05,0.75,3.1984375,3.1999999999999997,0.001562500000000001,3,1.5625,0.90625,0.140625,0.1875,0.0,0.5406250000000002,0.51640625,0.3595920736711541,0.053865225907366886,0.0057756660208693215,0.05000000000000001,-1.45,4.65,6.0,15.0,2,1,2,1,2,44,0,10,2,0
2000059,1.0,0.05,0.75,1.0799531249999996,1.0999999999999996,0.020046875000000006,-8,20.046875,4.203125,0.203125,0.078125,0.015625,0.5206349206349207,0.5738095238095234,0.9308821945121809,0.05718046225010383,0.9227851754212826,0.049999999999999996,-0.7999999999999998,1.9000000000000006,4.0,14.0,0,1,0,0,3,27,1,19,12,1
2000060,0.0,0.05,0.75,2.7978437499999997,2.8,0.002156250000000001,2,2.15625,1.1875,0.09375,0.125,0.0,0.5468750000000002,0.528125,0.2580624975730017,0.05006118723055532,0.022067513174475497,0.05,-0.4,3.1999999999999993,2.0,12.0,0,0,3,1,4,41,0,11,4,0
2000061,1.0,0.05,0.75,-0.02131250000000179,-1.7763568394002505e-15,0.021312500000000012,-9,21.3125,3.9375,0.1875,0.046875,0.015625,0.523809523809524,0.5761904761904758,0.9722195769016637,0.05195456684208276,0.9712026604131855,0.05000000000000001,-0.5999999999999999,0.6000000000000003,4.0,11.0,0,1,0,1,1,27,0,20,13,1
2000062,1.0,0.05,0.75,3.49425,3.5,0.005750000000000003,-5,5.75,2.03125,0.21875,0.140625,0.0,0.5437500000000004,0.5609374999999998,0.973888508114251,0.19854460259009,0.7591074089202687,0.049999999999999996,-0.25,3.75,2.0,21.0,0,0,0,1,0,37,0,16,10,0
2000063,1.0,0.05,0.75,0.217703125,0.25,0.03229687500000002,-9,32.296875,4.703125,0.203125,0.0625,0.0,0.5312500000000001,0.5562499999999996,0.9239969049371846,0.05250711038762293,0.9181440464452335,0.05,-0.5499999999999998,0.8000000000000006,3.0,14.0,0,1,2,2,0,32,0,17,10,0
2000064,0.0,0.05,0.75,4.045203125,4.05,0.004796875000000003,1,4.796875,1.984375,0.140625,0.15625,0.015625,0.542857142857143,0.5261904761904761,0.386991333606494,0.05071421265113229,0.023132972597613505,0.05,-1.25,5.3,5.0,14.0,0,0,1,2,3,45,0,11,1,1
2000065,1.0,0.05,0.75,2.1393906249999977,2.1499999999999977,0.010609375000000006,-5,10.609375,2.765625,0.203125,0.125,0.0,0.5187499999999999,0.5539062499999997,0.7896089636818444,0.05885829642137835,0.5915506715881304,0.05000000000000002,-0.9499999999999997,3.0999999999999996,5.0,16.0,0,0,1,1,4,34,0,20,4,0
2000066,1.0,0.05,0.75,-0.2857656250000018,-0.2500000000000018,0.035765624999999995,-8,35.765625,5.671875,0.171875,0.046875,0.015625,0.5206349206349209,0.5928571428571424,0.9197747977418711,0.050198917460933794,0.9186935622096404,0.05,0.0,-0.24999999999999944,0.0,14.0,0,0,0,2,0,22,0,21,18,1
2000067,0.0,0.05,0.75,5.3993281249999985,5.399999999999999,0.0006718750000000003,0,0.671875,0.515625,0.15625,0.15625,0.015625,0.5333333333333333,0.5333333333333331,0.33899258687132083,0.05211031932812174,0.031213536333805584,0.05000000000000001,-1.5,6.8999999999999995,6.0,14.0,2,1,0,1,1,41,0,13,4,1
2000068,0.0,0.05,0.75,5.748578124999999,5.749999999999999,0.0014218750000000008,-3,1.421875,0.828125,0.140625,0.09375,0.0,0.5312500000000002,0.5374999999999999,0.5632859651782598,0.05007915374909671,0.3153272462159473,0.05,-0.8500000000000001,6.6000000000000005,3.0,12.0,1,1,0,2,2,40,0,13,5,0
2000069,1.0,0.05,0.75,-0.14225000000000054,-0.10000000000000053,0.042250000000000024,-8,42.25,6.1875,0.171875,0.046875,0.0,0.5312500000000003,0.5867187499999995,0.9527184756398867,0.050296419893491526,0.9515744476188132,0.05,-0.9499999999999997,0.8500000000000003,6.0,8.0,0,0,0,0,0,27,1,20,16,0
2000070,0.0,0.05,0.75,3.5868906249999997,3.5999999999999996,0.013109375000000008,3,13.109375,3.296875,0.140625,0.1875,0.0,0.5593750000000004,0.5328124999999999,0.37502996024933105,0.05517739993587839,0.007404924762082083,0.05000000000000001,-1.9999999999999998,5.6,8.0,13.0,0,0,0,3,1,46,0,6,8,0
2000071,1.0,0.05,0.75,0.48903125,0.5,0.010968750000000008,-7,10.96875,2.84375,0.171875,0.0625,0.0,0.5406250000000001,0.5421874999999997,0.7923167854657338,0.05016541967043301,0.7681177018228244,0.05,-0.19999999999999996,0.7000000000000008,1.0,14.0,0,3,0,1,1,38,0,13,8,0
2000072,0.0,0.05,0.75,7.044671874999999,7.049999999999999,0.005328125000000001,-3,5.328125,1.734375,0.1875,0.140625,0.0,0.5500000000000003,0.5234374999999999,0.5595967084117763,0.05403254721533871,0.1358456392977082,0.05,-1.0,8.049999999999999,4.0,17.0,0,0,2,2,4,44,0,8,4,0
2000073,0.0,0.05,0.75,2.2469218750000004,2.2500000000000004,0.003078125000000002,2,3.078125,1.484375,0.09375,0.125,0.015625,0.5523809523809529,0.5238095238095237,0.38712282308983426,0.050027956857066985,0.041592243419372545,0.05000000000000001,-1.3,3.5500000000000003,4.0,10.0,0,1,0,3,0,48,0,8,3,1
2000074,1.0,0.05,0.75,-0.3464218750000007,-0.3000000000000007,0.04642187500000002,-9,46.421875,6.015625,0.1875,0.046875,0.0,0.5093750000000002,0.5914062499999995,0.9646486627162827,0.05083085965355872,0.9640090262286317,0.05,-0.6499999999999997,0.3500000000000002,4.0,11.0,0,0,1,2,0,21,1,23,16,0
2000075,0.0,0.05,0.75,5.347515624999999,5.349999999999999,0.0024843750000000018,-2,2.484375,1.421875,0.15625,0.125,0.0,0.5468750000000003,0.5421874999999999,0.5591872243899486,0.0502916700864233,0.20488283948545266,0.05,-1.5,6.849999999999998,5.0,13.0,0,1,1,0,1,41,0,15,5,0
2000076,1.0,0.05,0.75,-0.9702812499999993,-0.9499999999999993,0.020281250000000015,-8,20.28125,4.03125,0.15625,0.03125,0.03125,0.49999999999999983,0.5653225806451609,0.8528534812962615,0.050032264029609946,0.8512084134264473,0.05,-0.75,-0.19999999999999973,3.0,9.0,0,0,2,1,3,27,1,24,4,2
2000077,0.0,0.05,0.75,2.295171875,2.3,0.004828125000000003,3,4.828125,1.828125,0.09375,0.140625,0.015625,0.5650793650793655,0.5119047619047619,0.5538746272446189,0.05005148693240172,0.024111799757734066,0.05,-0.4,2.7,2.0,13.0,0,0,2,2,2,50,0,5,2,1
2000078,1.0,0.05,0.75,3.849015624999999,3.8499999999999988,0.0009843750000000004,-2,0.984375,0.703125,0.171875,0.140625,0.015625,0.53968253968254,0.538095238095238,0.6142480524134669,0.05212188351170223,0.16508252899383524,0.05,-0.5,4.349999999999998,2.0,18.0,0,1,0,2,2,41,0,12,5,1
2000079,1.0,0.05,0.75,0.13293749999999946,0.14999999999999947,0.01706250000000001,-7,17.0625,3.71875,0.15625,0.046875,0.0,0.525,0.5703124999999997,0.929194448831438,0.05009341195796743,0.926215612126054,0.049999999999999996,-0.6499999999999999,0.8,5.0,8.0,0,0,1,1,1,30,1,19,11,0
2000080,1.0,0.05,0.75,1.7407656249999983,1.7499999999999982,0.009234375000000003,-8,9.234375,2.453125,0.21875,0.09375,0.015625,0.5301587301587303,0.5547619047619045,0.8347607796949365,0.07668250228525322,0.7718724167636534,0.05000000000000001,-0.6499999999999999,2.4000000000000004,3.0,17.0,0,1,1,0,3,33,0,18,7,1
2000081,0.0,0.05,0.75,3.3454687500000007,3.3500000000000005,0.004531250000000003,1,4.53125,1.8125,0.109375,0.125,0.0,0.5718750000000006,0.5140625,0.59203983524795,0.05002596994469101,0.06129194669859866,0.05,-0.2,3.5500000000000007,1.0,14.0,0,1,1,1,0,53,0,6,2,0
2000082,0.0,0.05,0.75,7.5939375,7.6,0.006062500000000002,-6,6.0625,1.71875,0.203125,0.109375,0.0,0.5500000000000002,0.5374999999999998,0.6776782441410839,0.053628141368242295,0.5211533473966851,0.05,-0.2,7.799999999999999,1.0,19.0,1,0,2,0,0,42,0,14,5,0
2000083,0.0,0.05,0.75,4.147546875000001,4.15,0.0024531250000000013,-1,2.453125,1.359375,0.125,0.109375,0.046875,0.5311475409836068,0.5491803278688523,0.3665435575481396,0.05003767540514658,0.15285460533980702,0.05000000000000001,-1.75,5.899999999999999,5.0,10.0,0,1,0,2,2,35,0,14,7,3
2000084,1.0,0.05,0.75,0.9960156249999995,0.9999999999999996,0.003984375000000002,-3,3.984375,1.453125,0.109375,0.0625,0.03125,0.5451612903225809,0.5338709677419353,0.5660037176001014,0.050002571578224395,0.46304411823073405,0.05,-0.5,1.5,2.0,9.0,1,0,4,1,1,36,0,12,7,2
2000085,1.0,0.05,0.75,-0.6754843750000004,-0.6500000000000004,0.025484375000000007,-11,25.484375,4.171875,0.21875,0.046875,0.0,0.5437500000000003,0.5609374999999998,0.9560206845460899,0.05419036210052135,0.9543362838175298,0.049999999999999996,-0.4999999999999998,-0.14999999999999958,3.0,14.0,0,0,1,1,1,34,0,15,12,0
2000086,1.0,0.05,0.75,1.419031250000001,1.450000000000001,0.03096875000000002,-8,30.96875,4.75,0.21875,0.09375,0.0,0.5031249999999999,0.5796874999999996,0.8163049769757145,0.055421497247021105,0.8009603706599022,0.05,-0.34999999999999987,1.8000000000000003,2.0,18.0,0,0,1,1,2,25,1,25,9,0
2000087,1.0,0.05,0.75,0.8399374999999997,0.8499999999999996,0.010062500000000005,-6,10.0625,2.625,0.15625,0.0625,0.0,0.5375000000000002,0.5515624999999998,0.6415135604965886,0.05003354656843212,0.6109567045277299,0.05,-0.8499999999999999,1.7000000000000002,4.0,10.0,1,0,2,0,3,33,0,15,10,0
2000088,0.0,0.05,0.75,1.6968125000000003,1.7000000000000002,0.003187500000000002,4,3.1875,1.53125,0.09375,0.15625,0.015625,0.5523809523809527,0.5285714285714286,0.23640865983123754,0.050555371647015006,0.007578805300433257,0.05,-0.95,2.6499999999999995,4.0,12.0,1,0,3,1,1,41,0,10,6,1
2000089,0.0,0.05,0.75,-0.10756250000000009,-0.10000000000000009,0.007562500000000005,6,7.5625,2.34375,0.046875,0.140625,0.015625,0.5523809523809527,0.5166666666666666,0.3570926136292175,0.0500195872398212,0.010958727902872284,0.05,-1.0,0.9,5.0,7.0,2,0,2,2,2,44,0,5,6,1
2000090,1.0,0.05,0.75,-0.4590468750000002,-0.4500000000000002,0.009046875000000005,-6,9.046875,2.453125,0.109375,0.015625,0.015625,0.5238095238095238,0.5619047619047615,0.9659720395729361,0.0500090594592824,0.9646608433341545,0.05000000000000001,-0.050000000000000044,-0.4,1.0,7.0,0,1,2,2,1,28,0,18,11,1
2000091,0.0,0.05,0.75,4.098937499999999,4.099999999999999,0.0010625000000000005,0,1.0625,0.8125,0.140625,0.140625,0.015625,0.5492063492063498,0.5261904761904762,0.5188572405272766,0.0502243666566724,0.0678029152884524,0.05,-1.45,5.55,6.0,12.0,1,0,3,2,1,41,0,9,6,1
2000092,0.0,0.05,0.75,2.431359375,2.45,0.018640625000000008,7,18.640625,3.765625,0.125,0.234375,0.0,0.5718750000000005,0.5187499999999999,0.42864185362827517,0.09910172189090038,0.0009111595110515454,0.049999999999999996,-1.7,4.1499999999999995,8.0,15.0,0,0,0,0,2,54,0,7,1,0
2000093,0.0,0.05,0.75,1.7992656250000005,1.8000000000000005,0.0007343750000000003,1,0.734375,0.578125,0.0625,0.078125,0.015625,0.5619047619047625,0.5309523809523808,0.4165852289991664,0.05000061491560075,0.15736547063887135,0.05,-0.4,2.1999999999999997,2.0,7.0,0,0,3,1,0,43,0,10,6,1
2000094,0.0,0.05,0.75,6.095171875,6.1000000000000005,0.004828125000000003,-5,4.828125,1.796875,0.15625,0.078125,0.015625,0.5523809523809526,0.5547619047619045,0.7267566663069464,0.05010516890054466,0.662000997543434,0.05,-1.1500000000000001,7.249999999999999,3.0,12.0,1,1,0,0,0,36,0,12,13,1
2000095,0.0,0.05,0.75,2.84740625,2.85,0.0025937500000000014,2,2.59375,1.28125,0.125,0.15625,0.015625,0.5460317460317462,0.5238095238095237,0.28033720229531006,0.05061793551439709,0.013661366622928833,0.05,-0.8,3.6499999999999995,4.0,14.0,2,1,3,1,1,39,1,7,8,1
2000096,0.0,0.05,0.75,5.547249999999999,5.549999999999999,0.0027500000000000016,-2,2.75,1.53125,0.1875,0.15625,0.0,0.5125000000000001,0.5468749999999999,0.5735236922942202,0.05244698887626044,0.13626114799105268,0.05,-0.8,6.349999999999999,4.0,18.0,1,0,3,1,4,31,1,18,5,0
2000097,0.0,0.05,0.75,4.890578124999998,4.899999999999999,0.009421875000000005,0,9.421875,2.328125,0.140625,0.140625,0.0,0.5687500000000003,0.5210937499999999,0.28302689712071655,0.05035131279866892,0.02561675972547843,0.05,-1.4,6.299999999999999,7.0,11.0,0,0,2,0,2,49,0,8,3,0
2000098,0.0,0.05,0.75,2.44871875,2.4499999999999997,0.0012812500000000007,0,1.28125,0.875,0.09375,0.09375,0.0,0.5593750000000002,0.5374999999999998,0.5642308322314792,0.05000175870124824,0.25003764174734355,0.05,-1.0,3.4499999999999993,3.0,9.0,0,1,1,0,2,42,0,10,8,0
2000099,0.0,0.05,0.75,5.042484375,5.05,0.007515625000000005,-2,7.515625,2.515625,0.125,0.09375,0.015625,0.555555555555556,0.5595238095238093,0.18218356755667645,0.05001148380393433,0.11000621624905785,0.05000000000000002,-0.8999999999999999,5.95,4.0,10.0,0,0,1,0,0,36,0,14,12,1
2000100,1.0,0.05,0.75,2.0450312499999987,2.049999999999999,0.0049687500000000035,-4,4.96875,1.875,0.171875,0.109375,0.0,0.5406250000000002,0.5492187499999998,0.5310156296292258,0.05023062402308748,0.3590660134371991,0.05,-0.5999999999999999,2.650000000000001,3.0,15.0,0,0,0,2,0,41,0,15,6,0
2000101,1.0,0.05,0.75,0.7327968749999982,0.7499999999999982,0.017203125000000007,-5,17.203125,3.734375,0.140625,0.0625,0.0,0.5187500000000002,0.5562499999999997,0.5035738910693206,0.05000442582289955,0.4786508281446194,0.05,-0.5,1.2500000000000002,2.0,11.0,0,0,4,2,3,27,1,17,10,0
2000102,1.0,0.05,0.75,-1.5851093750000007,-1.5500000000000007,0.03510937500000001,-10,35.109375,5.015625,0.1875,0.03125,0.0,0.521875,0.5632812499999995,0.9447145750403204,0.050209732958064066,0.9441107545500759,0.05000000000000001,-0.3999999999999999,-1.1499999999999995,2.0,12.0,1,1,1,0,1,30,1,19,10,0
2000103,1.0,0.05,0.75,0.2845937499999998,0.2999999999999998,0.01540625000000001,-4,15.40625,3.25,0.09375,0.03125,0.015625,0.5587301587301592,0.5333333333333332,0.5985334172544334,0.05000043676315684,0.5684966173195906,0.05,-0.19999999999999996,0.5000000000000002,1.0,7.0,0,0,1,1,1,45,0,10,5,1
2000104,1.0,0.05,0.75,0.6781249999999975,0.6999999999999975,0.021875000000000002,-7,21.875,4.3125,0.1875,0.078125,0.0,0.515625,0.5656249999999997,0.6320103353472037,0.05014690462425532,0.6159019471106951,0.05,-0.3999999999999999,1.1000000000000005,2.0,15.0,0,1,1,1,1,30,0,23,7,0
2000105,1.0,0.05,0.75,-0.0854531250000025,-0.05000000000000249,0.035453125000000016,-11,35.453125,5.390625,0.21875,0.046875,0.0,0.503125,0.5773437499999997,0.9896145732088595,0.07182022339244441,0.9883607702718833,0.049999999999999996,-0.5,0.4500000000000006,5.0,12.0,0,1,1,3,1,23,0,23,12,0
2000106,1.0,0.05,0.75,-0.025937500000000002,0.0,0.025937500000000002,-9,25.9375,4.4375,0.203125,0.0625,0.0,0.5375000000000002,0.5656249999999996,0.9288137967342436,0.051629353191419265,0.9250680087975605,0.049999999999999996,-0.3999999999999999,0.40000000000000036,2.0,15.0,0,0,1,0,2,32,1,16,12,0
2000107,0.0,0.05,0.75,3.9456406250000002,3.95,0.004359375000000003,-1,4.359375,1.890625,0.09375,0.078125,0.015625,0.5523809523809527,0.519047619047619,0.5192924500494361,0.05000404639172589,0.1762472297609839,0.05,-0.6000000000000001,4.550000000000001,3.0,8.0,2,0,2,2,0,45,0,7,5,1
2000108,1.0,0.05,0.75,-0.5283125,-0.5,0.02831250000000001,-11,28.3125,4.65625,0.234375,0.0625,0.0,0.5312500000000001,0.5632812499999997,0.9224117425390965,0.05568905750858243,0.9191846894884951,0.05000000000000001,-0.44999999999999996,-0.04999999999999938,3.0,16.0,0,1,0,1,2,32,0,17,11,0
2000109,1.0,0.05,0.75,0.6415312499999994,0.6499999999999995,0.008468750000000006,-5,8.46875,2.53125,0.140625,0.0625,0.0,0.5312500000000002,0.5539062499999998,0.9194629640962921,0.050061826055434,0.8985074530895967,0.05,-0.3999999999999999,1.0500000000000003,3.0,10.0,0,0,1,3,0,36,0,16,8,0
2000110,1.0,0.05,0.75,2.498328125,2.5,0.001671875000000001,-2,1.671875,1.046875,0.140625,0.109375,0.0,0.5437500000000003,0.5351562499999999,0.5187246046501693,0.05003965930165374,0.22874512127959573,0.05,-0.3999999999999999,2.8999999999999995,2.0,14.0,0,0,1,1,3,43,0,13,3,0
2000111,0.0,0.05,0.75,6.0332656249999985,6.049999999999999,0.01673437500000001,-5,16.734375,3.765625,0.15625,0.078125,0.0,0.5343750000000004,0.5398437499999998,0.6750793755356544,0.050068471158481,0.5900715137633507,0.05,-1.3,7.349999999999999,4.0,11.0,1,1,0,3,1,39,0,11,8,0
2000112,1.0,0.05,0.75,0.8974843750000003,0.9000000000000004,0.0025156250000000014,-4,2.515625,1.140625,0.125,0.0625,0.015625,0.5492063492063496,0.5452380952380952,0.6154901550450756,0.050005199797129606,0.5605070474478901,0.05,-0.3999999999999999,1.2999999999999998,2.0,10.0,0,0,3,2,0,36,0,12,10,1
2000113,0.0,0.05,0.75,2.4986406249999993,2.499999999999999,0.0013593750000000008,3,1.359375,0.859375,0.109375,0.15625,0.0,0.5562500000000004,0.5257812499999999,0.4998043108619753,0.050153961764456335,0.021140985378052368,0.05000000000000001,-1.3,3.8,4.0,13.0,0,1,1,0,2,47,1,9,3,0
2000114,0.0,0.05,0.75,5.297843749999999,5.299999999999999,0.002156250000000001,-2,2.15625,1.15625,0.15625,0.125,0.0,0.5437500000000003,0.5421874999999999,0.7116943591142234,0.05045705057455115,0.31164402869091995,0.05000000000000001,-0.8500000000000001,6.1499999999999995,3.0,15.0,0,0,2,1,1,40,1,13,6,0
2000115,0.0,0.05,0.75,4.595484375,4.6,0.004515625000000002,-3,4.515625,1.984375,0.125,0.078125,0.0,0.5468750000000003,0.5492187499999999,0.8473121677274991,0.05003378469157188,0.736444181190539,0.05,-1.35,5.949999999999999,3.0,10.0,0,0,1,2,0,39,1,11,10,0
2000116,0.0,0.05,0.75,5.243140625,5.25,0.006859375000000004,-4,6.859375,2.390625,0.125,0.0625,0.0,0.5593750000000003,0.5515624999999997,0.5279239477471876,0.050003902657575455,0.4729847105999324,0.05,-0.4,5.65,2.0,10.0,0,0,1,1,2,37,0,9,14,0
2000117,1.0,0.05,0.75,2.398171875,2.4,0.0018281250000000012,0,1.828125,0.984375,0.09375,0.09375,0.03125,0.541935483870968,0.5266129032258063,0.3558374559800751,0.05000336784680745,0.12051042384748958,0.05,-0.19999999999999996,2.6,1.0,11.0,0,0,4,2,3,38,0,11,4,2
2000118,1.0,0.05,0.75,0.3690781249999977,0.3999999999999977,0.030921874999999988,-7,30.921875,5.203125,0.1875,0.078125,0.0,0.5156250000000001,0.5773437499999996,0.8812494891692194,0.05041230176472894,0.8734100541408453,0.049999999999999996,-1.0,1.4000000000000001,5.0,12.0,0,0,3,0,2,23,0,25,11,0
2000119,0.0,0.05,0.75,1.8438437500000002,1.8500000000000003,0.006156250000000003,2,6.15625,2.21875,0.078125,0.109375,0.03125,0.5612903225806456,0.5145161290322581,0.5690120335689858,0.05000493882160014,0.0741866766463477,0.05,-0.2,2.0500000000000003,1.0,11.0,0,1,4,1,1,44,0,8,3,2
2000120,1.0,0.05,0.75,0.6166718750000021,0.6500000000000021,0.033328125000000014,-8,33.328125,4.765625,0.1875,0.0625,0.0,0.53125,0.5656249999999996,0.9629678245977827,0.05268708984937425,0.9583494257672764,0.05,-0.2999999999999998,0.9500000000000004,2.0,14.0,1,0,0,0,1,33,0,19,10,0
2000121,0.0,0.05,0.75,5.433234375,5.449999999999999,0.01676562500000001,-5,16.765625,3.546875,0.140625,0.0625,0.03125,0.5225806451612903,0.550806451612903,0.6946416374861986,0.05001999946818989,0.6540722245727149,0.05,0.0,5.449999999999999,0.0,13.0,0,0,1,2,2,35,0,18,4,2
2000122,1.0,0.05,0.75,2.747953124999999,2.749999999999999,0.0020468750000000014,-1,2.046875,1.265625,0.109375,0.09375,0.0,0.5468750000000003,0.5351562499999999,0.7732977028023447,0.050014964172938145,0.4316783534630424,0.05,-0.050000000000000044,2.8,1.0,12.0,1,1,2,1,2,38,0,10,9,0
2000123,0.0,0.05,0.75,0.9289687500000003,0.9500000000000004,0.021031250000000005,6,21.03125,4.375,0.078125,0.171875,0.0,0.5656250000000005,0.51640625,0.3595248475476347,0.0503862500478723,0.003587001647330079,0.049999999999999996,-1.15,2.1000000000000005,5.0,11.0,1,0,1,1,0,52,0,7,2,0
2000124,0.0,0.05,0.75,3.99840625,4.0,0.0015937500000000012,2,1.59375,1.0625,0.125,0.15625,0.015625,0.5650793650793656,0.5309523809523808,0.7711686571425328,0.05052494134328599,0.03815538834669983,0.05,-0.8500000000000001,4.85,5.0,13.0,0,0,2,0,1,45,0,10,5,1
2000125,1.0,0.05,0.75,0.4322187499999984,0.4499999999999984,0.017781250000000005,-5,17.78125,3.625,0.140625,0.0625,0.0,0.5375000000000002,0.5539062499999997,0.6964973128500855,0.050009604777080906,0.6675630819948694,0.05000000000000001,-0.19999999999999996,0.6500000000000005,1.0,12.0,0,0,1,1,2,36,0,16,8,0
2000126,1.0,0.05,0.75,1.1940156249999994,1.1999999999999993,0.005984375000000004,-4,5.984375,1.984375,0.125,0.0625,0.0,0.5531250000000003,0.5562499999999997,0.6391073847109646,0.05000618512128359,0.5905596912997227,0.05,-0.4999999999999998,1.7000000000000006,3.0,9.0,0,1,1,0,0,36,0,14,12,0
2000127,0.0,0.05,0.75,4.14346875,4.15,0.006531250000000004,-1,6.53125,2.0625,0.140625,0.125,0.03125,0.5483870967741937,0.5387096774193547,0.44035256730805344,0.050089274014870094,0.13170963305072161,0.05000000000000002,-1.0,5.1499999999999995,3.0,14.0,0,1,1,0,2,40,1,11,6,2
2000128,1.0,0.05,0.75,1.5094999999999972,1.5499999999999972,0.040500000000000015,-10,40.5,5.375,0.265625,0.109375,0.0,0.528125,0.5773437499999995,0.9757131775573253,0.2466919429673457,0.869716793660885,0.05,-0.5499999999999998,2.1000000000000005,4.0,20.0,0,0,1,0,1,28,0,22,12,0
2000129,0.0,0.05,0.75,3.0459062499999994,3.0499999999999994,0.004093750000000002,1,4.09375,1.6875,0.109375,0.125,0.015625,0.5492063492063495,0.5380952380952378,0.536688940580661,0.050028116122684096,0.09765916685687942,0.05,0.0,3.0499999999999994,0.0,15.0,0,0,1,2,3,40,0,9,8,1
2000130,0.0,0.05,0.75,4.298390625,4.3,0.001609375000000001,-2,1.609375,1.046875,0.125,0.09375,0.015625,0.526984126984127,0.538095238095238,0.5230345188036761,0.05001650601902372,0.2798497517827484,0.05,-0.65,4.949999999999998,2.0,12.0,0,3,1,2,2,35,0,14,6,1
2000131,1.0,0.05,0.75,3.6372499999999994,3.6499999999999995,0.012750000000000008,-2,12.75,3.25,0.171875,0.140625,0.0,0.5312500000000001,0.5515624999999997,0.7650904324560701,0.05262979683001395,0.31020210085387595,0.049999999999999996,-0.5499999999999998,4.2,3.0,17.0,0,1,3,1,3,30,0,16,10,0
2000132,0.0,0.05,0.75,3.7966093749999996,3.8,0.0033906250000000026,-2,3.390625,1.671875,0.09375,0.0625,0.0,0.5312500000000002,0.5445312499999998,0.3932682120459204,0.05000054342366023,0.303368051050696,0.049999999999999996,-0.4,4.199999999999999,2.0,8.0,1,0,0,2,5,36,0,11,9,0
2000133,0.0,0.05,0.75,7.8345625,7.85,0.01543750000000001,-6,15.4375,3.3125,0.1875,0.09375,0.0,0.5343750000000002,0.5539062499999997,0.7019356900637809,0.051455109180678776,0.6117659468342487,0.05,0.0,7.85,0.0,18.0,1,0,1,0,3,34,0,16,9,0
2000134,0.0,0.05,0.75,2.3985624999999993,2.3999999999999995,0.0014375000000000008,2,1.4375,0.90625,0.09375,0.125,0.015625,0.5492063492063495,0.5404761904761904,0.4142019517233671,0.05002646395594821,0.058335919829980785,0.05000000000000001,-0.9,3.299999999999999,2.0,12.0,0,0,1,1,5,38,0,9,9,1
2000135,1.0,0.05,0.75,2.186671875,2.2,0.01332812500000001,-5,13.328125,3.359375,0.171875,0.09375,0.015625,0.5365079365079366,0.5738095238095233,0.8203867259538251,0.05108345409409967,0.7746830293441992,0.05,-0.6499999999999999,2.8500000000000005,4.0,13.0,0,0,0,0,1,31,0,19,12,1
2000136,0.0,0.05,0.75,3.7494375,3.75,0.0005625000000000003,-1,0.5625,0.5,0.125,0.109375,0.0,0.5406250000000004,0.5421874999999998,0.401561239123713,0.050011465261889036,0.1651991977529644,0.049999999999999996,-0.8500000000000001,4.6,3.0,12.0,0,2,1,1,1,38,0,14,7,0
2000137,0.0,0.05,0.75,3.546906249999999,3.549999999999999,0.003093750000000002,-1,3.09375,1.34375,0.125,0.109375,0.0,0.5312500000000002,0.5421874999999998,0.37288054636810347,0.050009851858223583,0.15532545351787486,0.05,-1.45,5.0,4.0,11.0,1,0,3,2,0,36,0,16,6,0
2000138,1.0,0.05,0.75,0.37239062500000036,0.40000000000000036,0.027609375000000012,-10,27.609375,4.546875,0.21875,0.0625,0.0,0.5437500000000002,0.5562499999999998,0.9675090522728683,0.0675320214883506,0.9626149918934639,0.05,-0.25,0.6500000000000008,3.0,15.0,0,1,1,0,2,34,0,15,11,0
2000139,1.0,0.05,0.75,1.213437499999999,1.2499999999999991,0.0365625,-5,36.5625,5.59375,0.171875,0.09375,0.015625,0.526984126984127,0.5690476190476187,0.6612469481268175,0.0501601479969521,0.6124288048411242,0.049999999999999996,-0.5999999999999999,1.8500000000000003,3.0,14.0,0,0,1,0,2,30,1,19,10,1
2000140,0.0,0.05,0.75,6.883015625,6.8999999999999995,0.016984375000000006,-7,16.984375,3.234375,0.171875,0.0625,0.0,0.5312500000000003,0.5609374999999998,0.8434259086803272,0.05009200869852518,0.8338529928078344,0.05,0.0,6.8999999999999995,0.0,15.0,0,1,1,2,2,30,1,13,14,0
2000141,0.0,0.05,0.75,2.3478749999999997,2.3499999999999996,0.0021250000000000015,3,2.125,1.21875,0.09375,0.140625,0.0,0.5718750000000006,0.5281249999999998,0.4268632762517425,0.05007225055628164,0.023005833198372818,0.05,-1.7,4.05,6.0,9.0,0,0,0,1,1,50,0,6,6,0
2000142,0.0,0.05,0.75,4.3474375,4.35,0.002562500000000002,-3,2.5625,1.40625,0.140625,0.09375,0.03125,0.5387096774193549,0.5387096774193547,0.6590267840350589,0.050045698595792235,0.4644750571584187,0.05,-0.45,4.799999999999999,1.0,14.0,2,1,1,1,1,36,0,11,9,2
2000143,1.0,0.05,0.75,-0.4310937500000004,-0.40000000000000036,0.031093750000000007,-9,31.09375,4.875,0.1875,0.046875,0.0,0.5406250000000004,0.5726562499999996,0.9563625980304225,0.05067935284504601,0.954893696016881,0.05,-1.2999999999999998,0.9000000000000001,7.0,8.0,0,0,1,1,1,29,0,16,16,0
2000144,0.0,0.05,0.75,3.3487812499999996,3.3499999999999996,0.0012187500000000006,-1,1.21875,0.9375,0.09375,0.078125,0.03125,0.5580645161290324,0.5314516129032257,0.3342448530069594,0.05000210742967044,0.16870011529933945,0.05,-0.6000000000000001,3.95,3.0,8.0,0,0,2,1,2,42,0,9,6,2
2000145,0.0,0.05,0.75,2.6427500000000004,2.6500000000000004,0.007250000000000005,2,7.25,2.28125,0.109375,0.140625,0.0,0.5562500000000006,0.51640625,0.32902505318311637,0.05008026037855801,0.01677214470983649,0.05,-1.0000000000000002,3.6500000000000004,5.0,11.0,2,0,3,1,0,46,0,8,4,0
2000146,0.0,0.05,0.75,4.14634375,4.1499999999999995,0.0036562500000000015,0,3.65625,1.5,0.125,0.125,0.0,0.5656250000000004,0.5304687499999999,0.40429156200478006,0.05005159346791523,0.06876510439868219,0.049999999999999996,-0.6000000000000001,4.749999999999999,3.0,13.0,0,0,1,0,1,48,1,8,5,0
2000147,1.0,0.05,0.75,-1.325109374999999,-1.299999999999999,0.025109375000000014,-10,25.109375,4.296875,0.171875,0.015625,0.015625,0.5047619047619049,0.5690476190476186,0.9859066992108659,0.05049223448851847,0.9857325370179688,0.05000000000000001,-0.7999999999999998,-0.4999999999999998,6.0,6.0,0,0,1,2,4,26,0,22,8,1
2000148,1.0,0.05,0.75,0.5860312499999997,0.5999999999999996,0.013968750000000009,-7,13.96875,2.96875,0.1875,0.078125,0.0,0.5281250000000001,0.5656249999999997,0.8185207034196661,0.05050876162659614,0.7973938104516971,0.049999999999999996,-0.34999999999999987,0.9500000000000002,2.0,15.0,0,0,1,1,1,32,0,20,9,0
2000149,0.0,0.05,0.75,2.437265625,2.45,0.012734375000000008,3,12.734375,3.421875,0.109375,0.15625,0.0,0.5468750000000004,0.5140625,0.6438697548250043,0.050079285786610014,0.0218664647193016,0.05,-1.25,3.7,5.0,12.0,2,0,1,2,1,49,0,8,1,0
2000150,0.0,0.05,0.75,4.34753125,4.3500000000000005,0.0024687500000000013,-3,2.46875,1.28125,0.109375,0.0625,0.015625,0.5396825396825398,0.5476190476190473,0.37330560815649094,0.050000982012891354,0.32023232448463584,0.049999999999999996,-0.2,4.550000000000001,1.0,10.0,0,0,0,1,4,38,0,13,7,1
2000151,0.0,0.05,0.75,3.749625000000001,3.750000000000001,0.0003750000000000002,1,0.375,0.375,0.140625,0.15625,0.015625,0.5460317460317462,0.5285714285714284,0.45721082730681256,0.05046803593767708,0.02682033058823216,0.05,-2.0,5.749999999999999,7.0,12.0,0,1,3,1,0,42,1,12,3,1
2000152,0.0,0.05,0.75,5.894640624999998,5.899999999999999,0.005359375000000003,-2,5.359375,2.140625,0.171875,0.140625,0.015625,0.5333333333333335,0.5547619047619045,0.5494386165787507,0.051537768514234784,0.17027147909567397,0.05,-0.2,6.1,1.0,19.0,0,0,1,1,1,36,1,16,7,1
2000153,1.0,0.05,0.75,0.5376249999999998,0.5499999999999998,0.01237500000000001,-5,12.375,3.34375,0.125,0.046875,0.015625,0.5523809523809527,0.5619047619047617,0.7125447650617288,0.050005574384771476,0.6959445113381548,0.05,-0.9999999999999998,1.55,5.0,6.0,1,1,0,0,0,33,0,12,16,1
2000154,1.0,0.05,0.75,1.0960156250000006,1.1000000000000005,0.003984375000000003,-5,3.984375,1.546875,0.140625,0.0625,0.0,0.5468750000000002,0.5398437499999997,0.8134169209983538,0.050052695181356285,0.7613643336681463,0.05000000000000002,-0.7999999999999998,1.9000000000000004,4.0,9.0,0,0,0,1,3,43,0,12,5,0
2000155,1.0,0.05,0.75,0.6758437499999975,0.6999999999999975,0.024156250000000004,-9,24.15625,4.28125,0.21875,0.078125,0.015625,0.523809523809524,0.5690476190476186,0.9450007657616718,0.06602271662206727,0.9357965211433626,0.05,-0.5499999999999998,1.2500000000000004,4.0,15.0,0,0,0,2,1,31,0,19,10,1
2000156,0.0,0.05,0.75,5.547968750000001,5.550000000000001,0.002031250000000001,-1,2.03125,1.09375,0.15625,0.140625,0.03125,0.545161290322581,0.5314516129032256,0.4891958913046352,0.05100988250457576,0.07751491410447595,0.05,-0.8500000000000001,6.4,3.0,16.0,1,0,1,2,0,43,0,11,4,2
2000157,1.0,0.05,0.75,-1.4942812500000011,-1.450000000000001,0.044281250000000015,-11,44.28125,5.84375,0.21875,0.046875,0.0,0.5218750000000001,0.5703124999999996,0.9826268471967788,0.05381746660565773,0.9820446925551717,0.05,-0.7999999999999998,-0.6499999999999998,6.0,11.0,1,0,1,2,0,28,0,19,13,0
2000158,1.0,0.05,0.75,1.481703125,1.5,0.01829687500000001,-4,18.296875,3.953125,0.15625,0.09375,0.0,0.5218750000000001,0.5703124999999997,0.6513558570269892,0.050048305057907645,0.5872926988130481,0.05,-0.3999999999999999,1.9000000000000001,2.0,14.0,0,1,1,1,1,28,0,21,11,0
2000159,0.0,0.05,0.75,2.8480781250000002,2.85,0.0019218750000000008,1,1.921875,1.109375,0.09375,0.109375,0.0,0.5625000000000003,0.52578125,0.3246726926155559,0.05001076591138259,0.05490659440905008,0.05,-0.8999999999999999,3.7499999999999996,4.0,9.0,0,1,0,1,3,47,0,6,6,0
2000160,1.0,0.05,0.75,0.8622187499999986,0.8999999999999986,0.03778125,-9,37.78125,5.59375,0.234375,0.09375,0.0,0.5093750000000001,0.5656249999999997,0.8745264222021352,0.07170647570543413,0.8468487787592748,0.05,-0.7499999999999998,1.650000000000001,4.0,17.0,1,1,1,1,0,29,1,22,8,0
2000161,1.0,0.05,0.75,0.5946562499999997,0.5999999999999996,0.005343750000000002,-5,5.34375,1.71875,0.125,0.046875,0.0,0.5375000000000002,0.5421874999999998,0.8185852662401453,0.05000945848811361,0.7937430341556685,0.05000000000000001,-0.44999999999999996,1.0500000000000003,3.0,8.0,1,1,0,0,3,39,1,12,7,0
2000162,0.0,0.05,0.75,2.04546875,2.05,0.004531250000000003,3,4.53125,1.90625,0.109375,0.15625,0.015625,0.5523809523809527,0.519047619047619,0.5170159112535015,0.05014275314990712,0.02247102412835781,0.049999999999999996,-1.35,3.4,5.0,12.0,1,0,1,1,2,48,0,9,1,1
2000163,1.0,0.05,0.75,3.6486093749999995,3.6499999999999995,0.001390625000000001,-1,1.390625,0.984375,0.140625,0.125,0.0,0.5500000000000003,0.5374999999999999,0.5991187391178562,0.05014116135847384,0.16495325376035264,0.049999999999999996,-0.3999999999999999,4.05,2.0,15.0,1,1,0,0,2,42,0,11,7,0
2000164,1.0,0.05,0.75,0.5314687499999989,0.5499999999999989,0.018531250000000013,-6,18.53125,4.0,0.140625,0.046875,0.015625,0.5396825396825399,0.5619047619047616,0.8833965477729238,0.050046165447533555,0.8750693219590749,0.05,-0.6499999999999999,1.2000000000000002,4.0,8.0,0,1,0,2,4,29,0,10,17,1
2000165,1.0,0.05,0.75,-0.027921875000000894,-8.881784197001252e-16,0.027921875000000006,-8,27.921875,4.890625,0.1875,0.0625,0.015625,0.5174603174603176,0.5619047619047617,0.8040400671812256,0.050305435537131335,0.7953340426725938,0.05,-0.5499999999999999,0.5500000000000007,2.0,14.0,0,1,1,2,0,31,0,21,7,1
2000166,0.0,0.05,0.75,2.3981875,2.4000000000000004,0.0018125000000000012,1,1.8125,1.125,0.078125,0.09375,0.015625,0.5460317460317464,0.538095238095238,0.2906497107235153,0.05000373814061885,0.08774257494861003,0.05,-0.65,3.05,2.0,9.0,0,0,1,1,3,41,1,10,6,1
2000167,0.0,0.05,0.75,4.743593749999999,4.749999999999999,0.006406250000000005,-3,6.40625,2.4375,0.125,0.078125,0.015625,0.5396825396825398,0.5404761904761903,0.3567113555835528,0.05000445111272526,0.26067923831509177,0.05,-0.2,4.949999999999999,1.0,12.0,1,0,1,1,2,39,0,13,6,1
2000168,1.0,0.05,0.75,-0.43401562500000124,-0.40000000000000124,0.03401562500000001,-8,34.015625,5.359375,0.171875,0.046875,0.0,0.5250000000000002,0.5820312499999997,0.8580551855934483,0.05006993027550364,0.856511704665199,0.05,-0.7999999999999998,0.40000000000000036,4.0,10.0,0,0,1,1,0,26,0,22,14,0
2000169,1.0,0.05,0.75,0.6360625000000003,0.6500000000000004,0.013937500000000009,-8,13.9375,2.625,0.1875,0.0625,0.015625,0.5428571428571429,0.5523809523809521,0.7885467616022265,0.0506358754844084,0.7745114255590189,0.05000000000000001,-0.5999999999999999,1.2500000000000002,3.0,13.0,0,0,2,0,2,35,0,16,8,1
2000170,0.0,0.05,0.75,7.488921874999999,7.499999999999999,0.011078125000000008,-5,11.078125,2.984375,0.1875,0.109375,0.0,0.5281250000000003,0.5539062499999997,0.5235446530768457,0.051538503490779514,0.3584464406099546,0.05,-1.45,8.95,6.0,13.0,1,0,3,2,0,31,0,17,10,0
2000171,1.0,0.05,0.75,1.8921406249999995,1.8999999999999995,0.007859375000000005,-5,7.859375,2.421875,0.171875,0.09375,0.0,0.5312500000000002,0.5539062499999997,0.6406181006937426,0.05030438282405646,0.5475613778161157,0.05,-0.95,2.8500000000000005,5.0,12.0,1,0,2,1,1,33,1,15,10,0
2000172,0.0,0.05,0.75,2.2446093750000005,2.2500000000000004,0.005390625000000004,3,5.390625,2.140625,0.109375,0.15625,0.0,0.5468750000000004,0.5304687499999999,0.5194746291092606,0.05011396312371934,0.027071472057097087,0.05,-0.95,3.1999999999999997,4.0,13.0,0,0,2,4,3,40,0,6,9,0
2000173,1.0,0.05,0.75,0.3821562499999977,0.3999999999999977,0.01784375000000001,-7,17.84375,3.6875,0.171875,0.0625,0.0,0.5312500000000003,0.5539062499999997,0.7730855850958769,0.05011636933668674,0.7557335537843533,0.05,-0.3999999999999999,0.8000000000000005,2.0,13.0,0,1,1,1,1,35,1,16,8,0
2000174,1.0,0.05,0.75,-0.6770625000000003,-0.6500000000000004,0.02706250000000001,-9,27.0625,4.71875,0.1875,0.046875,0.0,0.5218750000000002,0.5703124999999998,0.8778309531292453,0.050183265026266424,0.8759766999893297,0.05000000000000001,-0.30000000000000004,-0.3499999999999994,1.0,14.0,0,1,1,1,2,27,0,20,12,0
2000175,0.0,0.05,0.75,5.695171874999998,5.699999999999998,0.004828125000000003,-3,4.828125,1.921875,0.171875,0.125,0.0,0.5250000000000002,0.5445312499999998,0.3692342653833889,0.05017547574369099,0.1611290994480069,0.05,-1.45,7.149999999999999,4.0,15.0,0,0,0,5,2,38,0,12,7,0
2000176,1.0,0.05,0.75,-1.4843906250000012,-1.450000000000001,0.034390625000000015,-10,34.390625,5.015625,0.171875,0.015625,0.015625,0.5301587301587302,0.5666666666666662,0.9374016805766976,0.05012324025235908,0.9369774082918694,0.05000000000000001,-0.5499999999999998,-0.8999999999999996,3.0,9.0,0,1,0,1,1,31,0,18,11,1
2000177,0.0,0.05,0.75,3.5947812499999996,3.5999999999999996,0.005218750000000003,1,5.21875,1.78125,0.109375,0.125,0.03125,0.5548387096774197,0.5411290322580643,0.23691471801911157,0.05013152457529705,0.036680592158033105,0.05000000000000001,-0.8500000000000001,4.45,3.0,12.0,0,0,0,1,1,43,0,11,6,2
2000178,0.0,0.05,0.75,3.8315937500000006,3.8500000000000005,0.01840625,3,18.40625,3.9375,0.125,0.171875,0.03125,0.5741935483870972,0.5217741935483872,0.37207260240919293,0.054736859670304706,0.006816834671789668,0.05,-1.2,5.05,6.0,13.0,0,0,2,0,2,47,0,6,5,2
2000179,1.0,0.05,0.75,1.4902499999999992,1.4999999999999991,0.009750000000000007,-4,9.75,2.8125,0.140625,0.078125,0.015625,0.5365079365079367,0.5476190476190473,0.7367028990032132,0.05005904072573113,0.6324156024111715,0.049999999999999996,-1.3499999999999999,2.8500000000000005,6.0,8.0,0,0,1,2,1,38,0,15,6,1
2000180,0.0,0.05,0.75,2.24434375,2.25,0.005656250000000004,1,5.65625,2.125,0.09375,0.109375,0.015625,0.5492063492063497,0.5190476190476189,0.5671475286018137,0.05000523017462601,0.11104963818254661,0.05,-0.2,2.4499999999999997,1.0,12.0,1,0,2,2,1,46,1,7,3,1
2000181,0.0,0.05,0.75,5.395718749999999,5.399999999999999,0.00428125,-1,4.28125,1.375,0.171875,0.15625,0.0,0.5281250000000003,0.5445312499999997,0.5570168122323352,0.05147052342412541,0.09114569647002653,0.05,-1.5,6.8999999999999995,5.0,16.0,0,0,0,4,1,40,0,14,5,0
2000182,0.0,0.05,0.75,4.5942656249999985,4.599999999999999,0.005734375000000003,-1,5.734375,2.171875,0.125,0.109375,0.015625,0.53968253968254,0.5666666666666663,0.5555456774077778,0.05004693256443582,0.30245978067269563,0.05,-1.05,5.65,3.0,12.0,0,0,0,1,1,33,0,16,12,1
2000183,1.0,0.05,0.75,2.798890625,2.8,0.0011093750000000008,-2,1.109375,0.796875,0.125,0.09375,0.015625,0.5682539682539687,0.5357142857142856,0.418583457370356,0.05001702579512977,0.20995613259035392,0.05,-0.19999999999999996,3.0,1.0,13.0,0,0,1,0,1,45,0,9,7,1
2000184,1.0,0.05,0.75,1.5887968749999997,1.5999999999999996,0.011203125000000008,-6,11.203125,3.109375,0.203125,0.109375,0.0,0.5250000000000001,0.5609374999999996,0.8331221286587925,0.05606168675593531,0.7515065315428769,0.05,-0.34999999999999987,1.9500000000000006,2.0,18.0,1,0,0,0,4,32,0,18,9,0
2000185,1.0,0.05,0.75,0.484703125,0.5,0.01529687500000001,-5,15.296875,3.171875,0.15625,0.078125,0.0,0.5250000000000001,0.5562499999999998,0.7376590934527836,0.05003681114004208,0.6913099540332825,0.05,-0.5999999999999999,1.1000000000000003,3.0,12.0,0,0,2,2,1,33,0,19,7,0
2000186,0.0,0.05,0.75,3.993109375,4.0,0.006890625000000005,-3,6.890625,2.328125,0.09375,0.046875,0.015625,0.5555555555555558,0.5452380952380951,0.7653179306989459,0.05000180296363874,0.7088655257131812,0.05,-0.2,4.2,1.0,8.0,0,1,4,0,2,32,0,11,13,1
2000187,1.0,0.05,0.75,1.4418281250000011,1.450000000000001,0.008171875000000004,-7,8.171875,2.203125,0.203125,0.09375,0.0,0.5312500000000002,0.5609374999999996,0.6691784357723713,0.05165596021201048,0.6179074549714703,0.05,-0.5999999999999999,2.0500000000000003,3.0,16.0,0,0,0,2,0,36,0,18,8,0
2000188,1.0,0.05,0.75,0.38226562499999855,0.3999999999999986,0.01773437500000001,-7,17.734375,3.859375,0.15625,0.046875,0.0,0.5375000000000002,0.5562499999999997,0.8708776554884168,0.05008515305316624,0.8612308030632043,0.049999999999999996,-0.3999999999999999,0.8000000000000003,3.0,10.0,0,0,1,0,4,34,1,14,10,0
2000189,1.0,0.05,0.75,2.3948906249999995,2.3999999999999995,0.005109375000000004,-3,5.109375,1.859375,0.15625,0.109375,0.0,0.5312500000000003,0.5539062499999997,0.6115933986235657,0.0501515816203228,0.4040185190958644,0.05,-0.9499999999999997,3.3499999999999996,5.0,12.0,0,0,1,2,2,35,0,16,8,0
2000190,0.0,0.05,0.75,8.328187499999999,8.349999999999998,0.02181250000000001,-8,21.8125,4.15625,0.1875,0.0625,0.0,0.51875,0.5703124999999997,0.9191607782925737,0.050685286463800376,0.9150325545027417,0.05,-0.4,8.749999999999998,2.0,14.0,0,0,3,1,1,26,1,21,11,0
2000191,1.0,0.05,0.75,-0.2863437500000009,-0.2500000000000009,0.03634375000000001,-7,36.34375,5.34375,0.171875,0.0625,0.0,0.5281250000000003,0.5609374999999998,0.7654250882017951,0.05004489565308064,0.7548408849215105,0.049999999999999996,-0.5499999999999999,0.30000000000000027,2.0,13.0,0,0,3,2,1,29,1,16,12,0
2000192,0.0,0.05,0.75,6.738437499999998,6.749999999999998,0.011562500000000009,-6,11.5625,2.875,0.171875,0.078125,0.0,0.540625,0.5539062499999997,0.6812582859239509,0.05010730347819163,0.6374978994302116,0.05,0.0,6.749999999999998,0.0,16.0,0,0,0,1,3,37,0,14,9,0
2000193,0.0,0.05,0.75,2.54221875,2.55,0.0077812500000000034,2,7.78125,2.09375,0.109375,0.140625,0.015625,0.555555555555556,0.5142857142857142,0.29487111067707045,0.05013793304608605,0.018647190247606533,0.05000000000000001,-0.6000000000000001,3.1500000000000004,3.0,13.0,0,1,4,2,1,44,0,8,3,1
2000194,0.0,0.05,0.75,4.347406249999999,4.349999999999999,0.0025937500000000014,-2,2.59375,1.25,0.125,0.09375,0.0,0.5375000000000003,0.5374999999999998,0.19852283769549237,0.050005945086016745,0.10262234245721295,0.05000000000000001,-0.8,5.1499999999999995,4.0,10.0,0,0,1,5,2,39,0,8,9,0
2000195,1.0,0.05,0.75,-2.6906562500000004,-2.6500000000000004,0.04065624999999999,-11,40.65625,5.0,0.1875,0.015625,0.0,0.5187500000000002,0.5656249999999997,0.9447312224273537,0.05008024491520588,0.9445041251573414,0.05,-0.19999999999999996,-2.4499999999999997,1.0,12.0,1,0,1,2,2,28,0,18,12,0
2000196,1.0,0.05,0.75,2.598140624999998,2.599999999999998,0.001859375000000001,-4,1.859375,1.109375,0.171875,0.109375,0.015625,0.5396825396825399,0.5452380952380951,0.7472428683933781,0.051724111285479775,0.5177507852607081,0.05,-0.8499999999999999,3.45,5.0,13.0,0,0,1,1,3,38,0,14,6,1
2000197,1.0,0.05,0.75,1.948484375,1.95,0.001515625000000001,0,1.515625,0.953125,0.09375,0.09375,0.0,0.5156250000000002,0.5492187499999999,0.47072193315625194,0.05000097828698373,0.27707824517825946,0.05,0.0,1.95,0.0,12.0,0,1,1,2,5,32,1,15,7,0
2000198,1.0,0.05,0.75,0.11332812500000033,0.15000000000000036,0.036671875000000013,-8,36.671875,5.296875,0.171875,0.046875,0.0,0.5281250000000001,0.5773437499999996,0.9837122067784032,0.05098061026514577,0.9828322543618087,0.05,-0.9499999999999997,1.1,6.0,8.0,0,0,2,1,0,26,0,21,14,0
2000199,0.0,0.05,0.75,4.598609374999999,4.599999999999999,0.0013906250000000008,-1,1.390625,0.921875,0.140625,0.125,0.0,0.5343750000000002,0.5398437499999998,0.5269512723750975,0.05008471592508588,0.171824585518169,0.05,-0.8,5.3999999999999995,3.0,14.0,0,0,2,3,3,37,0,12,7,0
2000200,1.0,0.05,0.75,0.16889062500000016,0.20000000000000018,0.031109375000000012,-7,31.109375,4.765625,0.15625,0.046875,0.0,0.53125,0.5679687499999996,0.91679338697961,0.0500992422254466,0.9126254334651545,0.05000000000000001,-0.3999999999999999,0.6000000000000005,3.0,10.0,0,0,1,1,0,32,0,20,10,0
2000201,0.0,0.05,0.75,5.684390624999997,5.6999999999999975,0.01560937500000001,-1,15.609375,3.328125,0.15625,0.140625,0.0,0.5250000000000002,0.5539062499999998,0.38393838745381736,0.05046655762742893,0.09331637578175822,0.05,-1.8499999999999999,7.55,8.0,11.0,0,0,0,3,2,36,0,16,7,0
2000202,1.0,0.05,0.75,0.08543750000000053,0.10000000000000053,0.014562500000000011,-7,14.5625,3.09375,0.15625,0.046875,0.0,0.5500000000000003,0.5468749999999998,0.9149313558657612,0.050115269310729356,0.90512919920557,0.05,-0.7999999999999998,0.9000000000000004,5.0,8.0,0,0,0,1,1,42,1,11,8,0
2000203,0.0,0.05,0.75,2.8439531250000005,2.8500000000000005,0.0060468750000000045,2,6.046875,2.265625,0.109375,0.140625,0.015625,0.5714285714285717,0.5142857142857142,0.5551528329235375,0.05007334382059163,0.03126095361758072,0.05,-1.5,4.35,5.0,11.0,0,1,2,1,0,50,0,6,3,1
2000204,0.0,0.05,0.75,5.047296875,5.05,0.002703125000000002,-3,2.703125,1.265625,0.125,0.078125,0.015625,0.5682539682539688,0.5404761904761903,0.6668477360424876,0.0500254262932726,0.5143115821484421,0.05,-1.05,6.1,4.0,9.0,0,0,0,0,0,46,0,10,7,1
2000205,0.0,0.05,0.75,4.8963906249999996,4.8999999999999995,0.0036093750000000023,-2,3.609375,1.609375,0.140625,0.109375,0.015625,0.5365079365079368,0.5476190476190473,0.25899591082171647,0.050030162274701626,0.12623895901240403,0.05,-0.6000000000000001,5.499999999999999,3.0,13.0,0,0,0,2,2,39,0,14,6,1
2000206,0.0,0.05,0.75,3.9971875,4.0,0.002812500000000002,-3,2.8125,1.4375,0.109375,0.0625,0.0,0.534375,0.5351562499999998,0.6794096559894661,0.05000284526752333,0.5702432680785955,0.05,-0.65,4.65,2.0,9.0,0,0,3,2,3,38,1,12,5,0
2000207,0.0,0.05,0.75,6.894328125,6.9,0.005671875000000004,-5,5.671875,1.859375,0.15625,0.078125,0.0,0.5531250000000003,0.5539062499999997,0.5156570135604381,0.050096200930869306,0.4430356808262987,0.05,-0.55,7.449999999999999,2.0,13.0,0,0,2,0,0,37,0,15,10,0
2000208,1.0,0.05,0.75,-0.9009375000000015,-0.8500000000000014,0.05093750000000003,-12,50.9375,6.28125,0.21875,0.03125,0.0,0.5187499999999999,0.5843749999999994,0.9904277375846623,0.06238115160959902,0.9898541741051767,0.05000000000000001,-0.5999999999999999,-0.24999999999999956,4.0,12.0,0,0,0,1,1,26,0,23,13,0
2000209,1.0,0.05,0.75,1.0212343750000008,1.0500000000000007,0.02876562500000001,-10,28.765625,4.390625,0.25,0.09375,0.0,0.5218750000000002,0.5539062499999997,0.981591865367869,0.2054160019943777,0.9390798912473844,0.05000000000000002,-1.4499999999999995,2.5000000000000004,9.0,13.0,0,1,2,1,2,32,0,20,6,0
2000210,0.0,0.05,0.75,6.347937499999999,6.349999999999999,0.0020625000000000014,-2,2.0625,1.21875,0.203125,0.171875,0.0,0.5375000000000001,0.5328124999999998,0.5711882461215617,0.0620433861886999,0.06877341706631462,0.05,-1.05,7.3999999999999995,4.0,20.0,0,1,2,3,2,39,0,11,6,0
2000211,1.0,0.05,0.75,1.3838749999999995,1.3999999999999995,0.01612500000000001,-6,16.125,3.4375,0.15625,0.0625,0.0,0.5468750000000002,0.5539062499999997,0.7148369207198005,0.0500811351080137,0.6878874994723189,0.05,-0.050000000000000044,1.4500000000000006,1.0,13.0,0,0,2,1,2,34,0,13,12,0
2000212,0.0,0.05,0.75,5.448624999999998,5.449999999999998,0.0013750000000000008,-1,1.375,0.84375,0.15625,0.140625,0.0,0.5531250000000002,0.5304687499999999,0.38737088248802504,0.05042969474403417,0.05344274258950168,0.05,-0.6000000000000001,6.049999999999999,3.0,16.0,0,1,3,0,3,40,0,11,6,0
2000213,0.0,0.05,0.75,3.4492656250000002,3.45,0.0007343750000000002,1,0.734375,0.578125,0.109375,0.125,0.0,0.5593750000000004,0.5234374999999999,0.333969374689497,0.05004566639344849,0.026278894937166307,0.05,-1.25,4.699999999999999,5.0,10.0,1,1,3,0,1,43,0,9,6,0
2000214,0.0,0.05,0.75,5.048328124999998,5.049999999999998,0.001671875000000001,-2,1.671875,1.078125,0.15625,0.125,0.0,0.5500000000000004,0.5351562499999999,0.3369258124289696,0.05009256572571385,0.11145686183167221,0.05,-1.5,6.549999999999999,5.0,13.0,1,1,2,0,0,41,1,11,7,0
2000215,1.0,0.05,0.75,-0.44473437500000124,-0.40000000000000124,0.044734375,-8,44.734375,5.515625,0.171875,0.046875,0.0,0.50625,0.5703124999999996,0.840433967809802,0.05007257564312437,0.8371807006336843,0.05000000000000001,-0.3999999999999999,4.440892098500626e-16,2.0,12.0,0,2,2,1,0,25,1,24,9,0
2000216,1.0,0.05,0.75,-0.16996875000000125,-0.15000000000000124,0.019968750000000007,-7,19.96875,3.875,0.171875,0.0625,0.015625,0.5111111111111111,0.5571428571428568,0.5548604911880151,0.050021401324425806,0.5441947403814519,0.05,-1.0499999999999998,0.9000000000000006,3.0,12.0,0,2,0,3,2,30,0,18,8,1
2000217,0.0,0.05,0.75,5.395124999999998,5.399999999999999,0.004875000000000003,-1,4.875,1.9375,0.15625,0.140625,0.0,0.5562500000000002,0.5304687499999998,0.5516245293412165,0.050532378265353325,0.09925135196954653,0.049999999999999996,-1.05,6.449999999999998,4.0,15.0,0,2,3,0,0,41,0,12,6,0
2000218,1.0,0.05,0.75,1.3367031249999997,1.3499999999999996,0.013296875000000008,-7,13.296875,3.109375,0.203125,0.09375,0.0,0.49687500000000007,0.5609374999999996,0.8478575740841724,0.05594056776839112,0.8039668449462504,0.05,-1.4499999999999995,2.8,8.0,11.0,0,0,1,4,1,31,1,22,4,0
2000219,1.0,0.05,0.75,-0.9817500000000011,-0.9500000000000011,0.03175000000000001,-9,31.75,4.5625,0.171875,0.03125,0.0,0.5312500000000001,0.5820312499999994,0.9394072529516124,0.05012372987272942,0.9387523724016568,0.05,-0.6499999999999997,-0.2999999999999997,4.0,9.0,0,0,0,1,0,28,0,20,15,0
2000220,1.0,0.05,0.75,-0.11081250000000054,-0.10000000000000053,0.010812500000000006,-6,10.8125,2.5,0.15625,0.0625,0.0,0.5437500000000003,0.5515624999999997,0.6268727476042957,0.05000911061046667,0.6052502609164161,0.05,-1.1999999999999997,1.1,5.0,9.0,0,0,1,3,0,37,0,12,11,0
2000221,1.0,0.05,0.75,-0.6230312500000015,-0.6000000000000014,0.023031250000000014,-10,23.03125,4.0,0.203125,0.046875,0.0,0.5437500000000002,0.5656249999999997,0.9501850044519754,0.051313425435601925,0.9489407323999846,0.05,-1.0499999999999998,0.4500000000000004,6.0,10.0,0,1,0,0,1,33,0,16,13,0
2000222,0.0,0.05,0.75,6.0818125,6.1,0.018187500000000006,-5,18.1875,3.90625,0.15625,0.078125,0.03125,0.5258064516129034,0.5629032258064512,0.6923717805951022,0.05011447321181167,0.6386244730637413,0.05,-0.65,6.750000000000001,2.0,13.0,2,0,1,1,0,29,0,17,12,2
2000223,0.0,0.05,0.75,1.4837187500000002,1.5000000000000002,0.01628125000000001,4,16.28125,3.875,0.078125,0.140625,0.015625,0.5587301587301592,0.5190476190476189,0.5273530216093553,0.05003759205190029,0.02253329732708757,0.05,-1.0,2.5,4.0,10.0,0,1,0,3,2,48,0,4,5,1
2000224,0.0,0.05,0.75,2.6981875,2.7,0.0018125000000000012,0,1.8125,1.15625,0.078125,0.078125,0.046875,0.554098360655738,0.5270491803278687,0.5481464981113501,0.05000211342516774,0.20713878047899198,0.05,-0.4,3.1000000000000005,2.0,8.0,2,0,3,0,0,40,0,10,6,3
2000225,1.0,0.05,0.75,-2.1347968750000015,-2.1000000000000014,0.03479687500000001,-12,34.796875,4.640625,0.203125,0.015625,0.03125,0.4903225806451611,0.5701612903225802,0.9849178901366961,0.05216131907482633,0.984709176207429,0.05,-0.1499999999999999,-1.9499999999999993,1.0,13.0,0,0,3,4,2,21,1,22,9,2
2000226,0.0,0.05,0.75,5.399203124999999,5.399999999999999,0.0007968750000000005,-2,0.796875,0.609375,0.171875,0.140625,0.0,0.5406250000000001,0.5374999999999998,0.36078270422960496,0.05036578445163475,0.0935560153701451,0.05,-1.8499999999999999,7.249999999999999,6.0,14.0,2,0,2,0,0,40,0,15,5,0
2000227,0.0,0.05,0.75,7.9864687499999985,7.999999999999998,0.01353125000000001,-5,13.53125,3.28125,0.21875,0.140625,0.0,0.5281250000000001,0.5539062499999998,0.7919554734525834,0.09140406497836176,0.47909954189309184,0.04999999999999999,-2.0,10.000000000000002,6.0,17.0,0,2,1,1,2,32,0,17,9,0
2000228,0.0,0.05,0.75,5.696406249999999,5.699999999999999,0.0035937500000000023,-4,3.59375,1.4375,0.125,0.0625,0.0,0.5656250000000004,0.5374999999999999,0.4479572616546014,0.05000797777326789,0.3577404333024784,0.05,-0.45,6.1499999999999995,3.0,9.0,0,0,2,0,2,42,0,9,9,0
2000229,0.0,0.05,0.75,5.98946875,6.0,0.010531250000000008,-4,10.53125,2.78125,0.15625,0.09375,0.0,0.5468750000000002,0.5468749999999998,0.3489049268767289,0.050025311009668866,0.257743852941449,0.049999999999999996,-0.4,6.4,2.0,14.0,0,1,1,1,0,39,0,14,8,0
2000230,1.0,0.05,0.75,-1.829421875,-1.75,0.07942187499999999,-14,79.421875,7.671875,0.265625,0.046875,0.03125,0.4774193548387095,0.5991935483870962,0.9838698434058231,0.11456566113355185,0.9781956638539023,0.05000000000000001,-0.44999999999999973,-1.2999999999999994,3.0,17.0,0,0,1,2,2,15,0,32,10,2
2000231,0.0,0.05,0.75,2.6477031249999996,2.6499999999999995,0.002296875000000001,1,2.296875,1.203125,0.09375,0.109375,0.03125,0.5354838709677421,0.5338709677419354,0.34198534166090294,0.05001567832150514,0.07705344484495213,0.05,-0.9,3.549999999999999,3.0,10.0,0,2,0,1,4,39,0,12,4,2
2000232,0.0,0.05,0.75,4.248890624999999,4.249999999999999,0.0011093750000000006,1,1.109375,0.796875,0.140625,0.15625,0.0,0.5593750000000003,0.528125,0.4235142759804283,0.05054377578020521,0.026494179086986286,0.05,-1.05,5.299999999999999,4.0,15.0,0,0,4,0,2,42,0,11,5,0
2000233,0.0,0.05,0.75,7.12959375,7.1499999999999995,0.020406250000000015,-6,20.40625,4.03125,0.1875,0.09375,0.0,0.5250000000000002,0.5585937499999997,0.8449379312017274,0.05123127237997139,0.7972096163930885,0.05,-0.8,7.949999999999998,2.0,16.0,0,0,2,3,0,32,0,18,9,0
2000234,1.0,0.05,0.75,-0.7208281249999993,-0.6999999999999993,0.020828125000000006,-9,20.828125,3.765625,0.171875,0.03125,0.015625,0.5333333333333334,0.5714285714285711,0.9192262413704816,0.05016566247378676,0.918122451063476,0.05000000000000001,-0.050000000000000044,-0.6499999999999995,1.0,12.0,0,0,0,2,0,31,0,17,13,1
2000235,1.0,0.05,0.75,3.494812499999999,3.499999999999999,0.005187500000000004,-4,5.1875,2.0625,0.203125,0.140625,0.015625,0.5301587301587304,0.5571428571428569,0.8905557318141781,0.09561153786261598,0.5688075953434405,0.05,-0.7499999999999998,4.249999999999999,5.0,17.0,0,0,1,1,3,33,0,17,8,1
2000236,0.0,0.05,0.75,6.394421874999998,6.399999999999999,0.005578125000000003,-1,5.578125,2.171875,0.171875,0.15625,0.015625,0.5428571428571431,0.5476190476190476,0.7346337895327445,0.05844796378871358,0.1395229167602139,0.05,-1.5,7.8999999999999995,5.0,16.0,0,0,0,2,3,38,0,11,9,1
2000237,1.0,0.05,0.75,2.546640624999999,2.549999999999999,0.0033593750000000026,-3,3.359375,1.546875,0.125,0.078125,0.0,0.5468750000000003,0.5234375,0.19772834070690862,0.050005574382325245,0.10705920249758842,0.05,-0.3999999999999999,2.9499999999999993,2.0,11.0,0,1,3,1,2,43,0,12,2,0
2000238,0.0,0.05,0.75,2.1332812499999996,2.1499999999999995,0.01671875000000001,7,16.71875,3.84375,0.109375,0.21875,0.015625,0.558730158730159,0.5214285714285714,0.3796600030552333,0.08271172543852154,0.0009641656995952623,0.049999999999999996,-2.2,4.349999999999999,9.0,12.0,1,0,0,1,2,49,0,7,3,1
2000239,1.0,0.05,0.75,-0.09071875000000071,-0.05000000000000071,0.04071875,-9,40.71875,5.875,0.1875,0.046875,0.015625,0.5333333333333333,0.5785714285714282,0.9842631388847084,0.05268465501533864,0.9836160935188533,0.049999999999999996,-0.55,0.5000000000000002,5.0,10.0,0,1,0,0,1,27,0,19,15,1
2000240,1.0,0.05,0.75,0.3172500000000014,0.3500000000000014,0.03274999999999999,-6,32.75,5.25,0.15625,0.0625,0.0,0.51875,0.5679687499999996,0.8885162662565056,0.05007040479838116,0.8785824106979844,0.05,-0.25,0.6000000000000001,3.0,11.0,1,1,1,1,3,25,0,18,14,0
2000241,1.0,0.05,0.75,0.1802812499999984,0.1999999999999984,0.019718750000000004,-7,19.71875,3.6875,0.1875,0.078125,0.0,0.528125,0.5585937499999997,0.7554631090641023,0.05019727528143492,0.7351134221601351,0.049999999999999996,0.0,0.2000000000000005,0.0,17.0,0,1,2,1,0,32,0,20,8,0
2000242,0.0,0.05,0.75,3.8953124999999997,3.9,0.004687500000000003,-3,4.6875,1.90625,0.109375,0.0625,0.0,0.5406250000000002,0.5492187499999998,0.6092679361996276,0.050001488874914936,0.5377415691160505,0.05,-1.0,4.8999999999999995,2.0,9.0,0,1,0,1,3,37,1,11,10,0
2000243,0.0,0.05,0.75,3.5462656249999998,3.55,0.0037343750000000016,0,3.734375,1.546875,0.140625,0.140625,0.0,0.5468750000000003,0.5328124999999998,0.6076009318879195,0.0501077321178007,0.11343541436252229,0.049999999999999996,-0.8500000000000001,4.4,3.0,15.0,1,1,3,0,1,39,0,13,6,0
2000244,0.0,0.05,0.75,3.5480468749999994,3.5499999999999994,0.001953125000000001,0,1.953125,1.203125,0.125,0.125,0.03125,0.5258064516129036,0.5459677419354838,0.8796384939945522,0.050189796947119926,0.4214533958336961,0.05,-0.8500000000000001,4.3999999999999995,2.0,14.0,0,0,0,4,2,37,0,13,6,2
2000245,0.0,0.05,0.75,0.8885000000000002,0.9000000000000001,0.011500000000000008,4,11.5,3.03125,0.0625,0.125,0.015625,0.5396825396825399,0.5119047619047619,0.3050558941312735,0.05002291972630459,0.014660369149610547,0.05,-0.6000000000000001,1.5000000000000002,3.0,9.0,2,0,1,3,3,46,0,6,2,1
2000246,0.0,0.05,0.75,2.0465,2.05,0.0035000000000000022,2,3.5,1.53125,0.078125,0.109375,0.0,0.5468750000000002,0.5210937499999999,0.2603950582097698,0.05001045448424016,0.03057041455694781,0.05000000000000001,-0.6000000000000001,2.65,3.0,9.0,1,0,2,1,3,45,2,6,4,0
2000247,1.0,0.05,0.75,1.8282187499999996,1.8499999999999996,0.02178124999999999,-4,21.78125,4.21875,0.171875,0.109375,0.03125,0.5322580645161291,0.5629032258064514,0.6501839059923754,0.05051452495042108,0.5052678308306368,0.05,0.0,1.8500000000000003,0.0,18.0,0,1,1,2,0,30,0,16,12,2
2000248,0.0,0.05,0.75,4.196421875,4.2,0.0035781250000000027,0,3.578125,1.578125,0.109375,0.109375,0.0,0.5531250000000004,0.5210937499999999,0.3732835897378994,0.05002318940612062,0.054522908272689574,0.05,-0.6000000000000001,4.8,3.0,11.0,1,0,1,1,5,45,0,6,5,0
2000249,1.0,0.05,0.75,-0.12671875000000055,-0.10000000000000053,0.02671875,-8,26.71875,4.375,0.1875,0.0625,0.03125,0.5225806451612904,0.558064516129032,0.8545878730355398,0.05055779651932436,0.8458221196222651,0.05000000000000001,-0.1499999999999999,0.0500000000000006,1.0,15.0,0,1,2,2,1,29,0,18,9,2
2000250,0.0,0.05,0.75,5.947671874999999,5.949999999999999,0.002328125000000001,-2,2.328125,1.203125,0.15625,0.125,0.0,0.5468750000000003,0.5234374999999999,0.2236653069393978,0.05021998106869683,0.03891651695925417,0.049999999999999996,-1.25,7.200000000000001,6.0,12.0,0,1,3,2,3,41,0,9,5,0
2000251,1.0,0.05,0.75,0.8420468749999996,0.8499999999999996,0.007953125000000005,-5,7.953125,2.453125,0.140625,0.0625,0.0,0.5562500000000004,0.5328124999999999,0.6378816968456686,0.05001561370778908,0.5670693552135517,0.05,0.0,0.8500000000000003,0.0,13.0,0,0,3,0,1,43,2,9,6,0
2000252,0.0,0.05,0.75,6.147703125,6.1499999999999995,0.002296875000000001,-3,2.296875,1.078125,0.1875,0.140625,0.0,0.5312500000000002,0.528125,0.7696059790506564,0.056562614370941185,0.25429079605256505,0.049999999999999996,-1.5,7.6499999999999995,4.0,17.0,0,1,2,2,4,40,0,13,2,0
2000253,0.0,0.05,0.75,0.1661718750000001,0.20000000000000012,0.03382812500000001,8,33.828125,5.484375,0.0625,0.1875,0.046875,0.573770491803279,0.5073770491803279,0.21393869132817192,0.05238740882871886,0.0006408886477521858,0.049999999999999996,-1.95,2.1500000000000004,8.0,8.0,0,0,4,0,2,48,0,6,1,3
2000254,0.0,0.05,0.75,7.24759375,7.25,0.0024062500000000017,-3,2.40625,1.25,0.203125,0.15625,0.0,0.5250000000000002,0.5421874999999998,0.6806883736696991,0.07274825462714003,0.17002019171212998,0.05,-1.4,8.649999999999999,5.0,18.0,0,1,0,3,2,39,1,13,5,0
2000255,1.0,0.05,0.75,1.4476875000000002,1.4500000000000002,0.002312500000000001,-3,2.3125,1.15625,0.125,0.078125,0.015625,0.5460317460317462,0.5452380952380951,0.5874800191502924,0.05000991727491596,0.4522454207545044,0.05,0.0,1.4500000000000004,0.0,13.0,0,0,2,1,1,38,0,14,7,1
2000256,1.0,0.05,0.75,-1.2735937500000019,-1.2500000000000018,0.023593750000000007,-9,23.59375,4.25,0.171875,0.03125,0.0,0.5281250000000002,0.5726562499999996,0.9290603528617091,0.050077543094106426,0.9282524640232703,0.05,-0.4999999999999998,-0.7499999999999997,3.0,10.0,0,0,0,1,3,29,0,18,13,0
2000257,1.0,0.05,0.75,0.8946093749999995,0.8999999999999995,0.005390625000000004,-3,5.390625,2.140625,0.09375,0.046875,0.015625,0.5523809523809525,0.5428571428571427,0.7819532569717589,0.050001890850583895,0.7265193454478638,0.05,-0.5499999999999998,1.4500000000000002,3.0,6.0,0,0,2,0,2,39,0,13,7,1
2000258,1.0,0.05,0.75,-0.10476562500000075,-0.05000000000000071,0.05476562500000003,-10,54.765625,6.859375,0.203125,0.046875,0.0,0.503125,0.6007812499999995,0.9892858881495398,0.05744420744153737,0.9888352914520758,0.05000000000000001,-0.5999999999999999,0.5500000000000005,5.0,11.0,0,0,0,1,0,20,1,27,15,0
2000259,0.0,0.05,0.75,4.047734374999999,4.049999999999999,0.002265625000000001,1,2.265625,1.265625,0.125,0.140625,0.0,0.5531250000000003,0.52578125,0.3460213353131285,0.05019877031260861,0.028608345934143773,0.05,-0.2,4.249999999999999,1.0,16.0,0,1,3,1,2,42,0,10,5,0
2000260,0.0,0.05,0.75,4.647796875,4.65,0.0022031250000000015,-3,2.203125,1.296875,0.125,0.078125,0.015625,0.5492063492063496,0.5214285714285714,0.5704087342920582,0.050014747911802694,0.33949383165597324,0.05,-0.2,4.85,1.0,12.0,1,1,2,1,3,42,0,8,5,1
2000261,0.0,0.05,0.75,2.731,2.75,0.019000000000000006,3,19.0,4.09375,0.125,0.171875,0.0,0.5468750000000003,0.5093749999999999,0.13856624469188034,0.052993131217216695,0.0021207563961080935,0.05000000000000001,-0.25,3.0,2.0,17.0,1,2,3,2,1,45,0,8,2,0
2000262,0.0,0.05,0.75,4.249374999999999,4.249999999999999,0.0006250000000000002,0,0.625,0.46875,0.125,0.125,0.0,0.5437500000000003,0.5304687499999998,0.30296205685278577,0.05006970079772037,0.04782493877685033,0.05,-0.35,4.6,2.0,14.0,1,3,3,0,0,37,0,13,7,0
2000263,0.0,0.05,0.75,3.9991562499999995,3.9999999999999996,0.0008437500000000005,1,0.84375,0.6875,0.125,0.140625,0.03125,0.5548387096774198,0.5338709677419354,0.2842655011503928,0.05043653447756817,0.026041667814405593,0.05,-0.75,4.75,3.0,14.0,0,0,2,2,1,41,0,9,7,2
2000264,0.0,0.05,0.75,0.7975937500000002,0.8000000000000003,0.0024062500000000017,3,2.40625,1.34375,0.046875,0.09375,0.0,0.5687500000000005,0.5070312499999999,0.4605529513367734,0.05000063038518833,0.05577911421198541,0.05,-1.0,1.8,3.0,6.0,0,2,2,1,2,50,0,4,3,0
2000265,1.0,0.05,0.75,-0.025796875000000018,0.0,0.025796875000000018,-8,25.796875,4.640625,0.171875,0.046875,0.015625,0.5365079365079368,0.5738095238095234,0.9794074857886379,0.05093034826750066,0.9782130609122205,0.049999999999999996,-0.75,0.7500000000000002,4.0,10.0,0,2,0,1,0,27,0,16,17,1
2000266,0.0,0.05,0.75,5.740984374999998,5.749999999999998,0.009015625000000005,0,9.015625,2.484375,0.171875,0.171875,0.0,0.5218750000000003,0.5585937499999998,0.5901977203528579,0.054766111966498984,0.07219476564267188,0.05000000000000001,-1.45,7.2,6.0,16.0,0,0,1,1,3,33,0,20,6,0
2000267,1.0,0.05,0.75,1.0391249999999999,1.0499999999999998,0.010875000000000006,-4,10.875,2.78125,0.140625,0.078125,0.0,0.5250000000000001,0.5539062499999997,0.7131266949121167,0.050021882649472243,0.6428322921844195,0.05,0.0,1.0500000000000007,0.0,14.0,1,1,0,1,2,34,0,17,8,0
2000268,0.0,0.05,0.75,1.5474531250000003,1.5500000000000003,0.002546875000000002,3,2.546875,1.265625,0.0625,0.109375,0.015625,0.5809523809523816,0.5119047619047619,0.26760807780242385,0.05001118202207651,0.015084511607389169,0.05,-0.75,2.3000000000000003,3.0,8.0,0,0,4,0,0,50,0,6,3,1
2000269,1.0,0.05,0.75,-0.9207812499999994,-0.8999999999999995,0.02078125,-7,20.78125,3.59375,0.140625,0.03125,0.0,0.5375000000000002,0.5562499999999997,0.9029074799313289,0.05001066151472132,0.9002130907796797,0.05000000000000001,-1.0499999999999998,0.15000000000000013,4.0,7.0,0,2,0,1,2,33,0,14,12,0
2000270,0.0,0.05,0.75,3.54415625,3.55,0.005843750000000004,0,5.84375,2.15625,0.125,0.125,0.046875,0.5311475409836067,0.5393442622950818,0.28303112992501855,0.0501007387057003,0.06663084038807744,0.05,-1.25,4.8,5.0,11.0,1,0,1,1,2,38,0,15,3,3
2000271,0.0,0.05,0.75,4.396531250000001,4.4,0.0034687500000000005,-4,3.46875,1.09375,0.109375,0.046875,0.015625,0.5492063492063495,0.5380952380952378,0.662520806286252,0.05000181174808055,0.6164073134196761,0.05,0.0,4.4,0.0,10.0,0,1,1,1,2,40,1,9,8,1
2000272,0.0,0.05,0.75,0.9978125000000002,1.0000000000000002,0.0021875000000000015,3,2.1875,1.25,0.0625,0.109375,0.03125,0.5612903225806456,0.536290322580645,0.3515727832028054,0.050007717836079005,0.04888922897493909,0.05,-0.2,1.2000000000000002,1.0,10.0,0,1,0,1,0,44,0,9,7,2
2000273,1.0,0.05,0.75,2.594812499999999,2.5999999999999988,0.005187500000000002,-3,5.1875,1.875,0.15625,0.109375,0.015625,0.5238095238095241,0.5499999999999997,0.588886189002948,0.05024842777765342,0.3511339386793213,0.05,-0.19999999999999996,2.8000000000000016,1.0,16.0,0,0,1,4,0,36,0,16,6,1
2000274,1.0,0.05,0.75,1.540984374999999,1.549999999999999,0.009015625000000006,-4,9.015625,2.765625,0.140625,0.078125,0.0,0.5281250000000003,0.5539062499999998,0.6711489350975532,0.050028464835123396,0.594729916513548,0.05,-0.5499999999999998,2.1000000000000005,3.0,11.0,0,0,2,1,2,34,1,17,7,0
2000275,1.0,0.05,0.75,0.4101406250000028,0.45000000000000284,0.039859375000000016,-8,39.859375,5.765625,0.1875,0.0625,0.0,0.5281250000000001,0.5749999999999995,0.9020480116494591,0.05064874059978691,0.8969019856963025,0.05,-0.7999999999999998,1.25,5.0,11.0,1,0,0,3,0,27,0,15,18,0
2000276,1.0,0.05,0.75,-0.9810624999999993,-0.9499999999999993,0.03106250000000001,-10,31.0625,4.4375,0.1875,0.03125,0.0,0.534375,0.5609374999999996,0.9711962086438372,0.05065729504505123,0.970589828953585,0.05,-0.7499999999999998,-0.19999999999999973,4.0,10.0,0,1,2,1,2,29,0,16,13,0
2000277,1.0,0.05,0.75,1.1903750000000002,1.2000000000000002,0.009625000000000003,-6,9.625,2.28125,0.171875,0.078125,0.0,0.5406250000000002,0.5562499999999997,0.918123636227178,0.05129360355218722,0.8854786566917181,0.05000000000000002,-0.8499999999999996,2.0500000000000007,5.0,11.0,0,0,0,1,0,39,0,17,7,0
2000278,1.0,0.05,0.75,0.9324999999999993,0.9499999999999993,0.017500000000000012,-7,17.5,3.8125,0.203125,0.09375,0.0,0.5125000000000001,0.5492187499999999,0.7297262219676015,0.05158060083128811,0.6733135811462874,0.05,-0.3999999999999999,1.3500000000000005,2.0,17.0,0,1,3,2,4,29,0,19,6,0
2000279,0.0,0.05,0.75,4.648796875,4.65,0.0012031250000000009,-2,1.203125,0.890625,0.140625,0.109375,0.0,0.5406250000000004,0.5210937499999999,0.23745074278736383,0.050025440426357336,0.07640744636342957,0.049999999999999996,-0.65,5.3,2.0,14.0,2,0,1,2,2,45,0,9,3,0
2000280,1.0,0.05,0.75,2.592296874999999,2.5999999999999988,0.007703125000000006,-3,7.703125,2.546875,0.15625,0.109375,0.0,0.5531250000000003,0.5468749999999998,0.6399205577414078,0.050232109587051016,0.39152110932775985,0.05,-0.5499999999999998,3.1500000000000004,3.0,14.0,0,0,0,0,1,43,0,14,6,0
2000281,1.0,0.05,0.75,0.731265625,0.75,0.018734375000000004,-9,18.734375,3.421875,0.21875,0.078125,0.015625,0.5365079365079367,0.5690476190476187,0.8412394432437363,0.05675466197857474,0.8265935346049498,0.05,-0.4999999999999998,1.2500000000000004,3.0,16.0,0,0,0,1,0,33,0,18,11,1
2000282,1.0,0.05,0.75,-0.9433593750000003,-0.9000000000000004,0.043359375,-11,43.359375,5.609375,0.203125,0.03125,0.015625,0.5015873015873014,0.5880952380952376,0.9929912799067551,0.05718059953692147,0.9927242752924766,0.049999999999999996,-1.0999999999999996,0.20000000000000007,7.0,8.0,0,0,0,1,3,22,0,26,11,1
2000283,0.0,0.05,0.75,0.9432031250000004,0.9500000000000004,0.006796875000000004,6,6.796875,2.171875,0.078125,0.171875,0.015625,0.5587301587301592,0.5190476190476191,0.5434203000647732,0.050203105706772805,0.006901750309382263,0.05000000000000001,-1.55,2.4999999999999996,6.0,10.0,0,0,2,1,4,46,0,7,3,1
2000284,1.0,0.05,0.75,0.22310937500000178,0.2500000000000018,0.02689062500000001,-8,26.890625,4.703125,0.1875,0.0625,0.03125,0.5161290322580646,0.5677419354838705,0.951710932558768,0.05240153869254315,0.9464065399585175,0.04999999999999999,-0.1499999999999999,0.40000000000000024,1.0,15.0,0,0,1,3,3,26,0,17,12,2
2000285,1.0,0.05,0.75,-0.030531250000000006,0.0,0.030531250000000006,-9,30.53125,4.90625,0.203125,0.0625,0.015625,0.5301587301587303,0.5785714285714282,0.9027911457143514,0.05162825527905205,0.8990049033915308,0.05,-0.6999999999999997,0.7000000000000004,4.0,13.0,0,0,0,0,2,28,0,20,13,1
2000286,0.0,0.05,0.75,6.991375,7.0,0.008625000000000006,-6,8.625,2.4375,0.15625,0.0625,0.015625,0.5365079365079367,0.5452380952380951,0.7510763107065799,0.050119884806092814,0.7115559255090558,0.05,-0.5,7.5,2.0,12.0,1,0,1,0,4,36,0,14,7,1
2000287,1.0,0.05,0.75,2.1975000000000002,2.2,0.002500000000000002,-2,2.5,1.21875,0.125,0.09375,0.03125,0.5516129032258068,0.5290322580645159,0.6278889067277252,0.05003510544286719,0.32806281981507857,0.05,-0.34999999999999987,2.55,2.0,12.0,0,0,4,1,1,40,1,10,5,2
2000288,1.0,0.05,0.75,0.979890625,1.0,0.020109374999999995,-6,20.109375,3.984375,0.171875,0.078125,0.0,0.5187500000000003,0.5585937499999998,0.6192336800326111,0.05008203822195202,0.5816369185020654,0.05000000000000001,-0.9999999999999998,2.0,5.0,11.0,1,0,0,3,4,30,0,14,12,0
2000289,1.0,0.05,0.75,-0.42956250000000035,-0.40000000000000036,0.029562499999999995,-8,29.5625,4.96875,0.15625,0.03125,0.0,0.5312500000000003,0.5679687499999997,0.9018087171903577,0.050052214484714086,0.9000430441190195,0.049999999999999996,-0.8999999999999997,0.5000000000000003,5.0,7.0,0,0,0,2,1,32,1,15,13,0
2000290,0.0,0.05,0.75,2.8379062500000005,2.8500000000000005,0.012093750000000007,4,12.09375,3.0625,0.140625,0.203125,0.03125,0.5677419354838714,0.5290322580645159,0.801378668032616,0.05308567526958347,0.016736648923283297,0.049999999999999996,-0.95,3.8,4.0,18.0,1,0,1,0,0,46,0,8,6,2
2000291,0.0,0.05,0.75,5.747718750000001,5.750000000000001,0.002281250000000001,-4,2.28125,1.03125,0.171875,0.109375,0.0,0.5343750000000003,0.5328124999999998,0.620090406433139,0.05032740421298027,0.36574585141480614,0.05,-1.1500000000000001,6.8999999999999995,3.0,15.0,1,0,1,3,2,41,0,11,5,0
2000292,0.0,0.05,0.75,4.74684375,4.75,0.003156250000000002,-3,3.15625,1.40625,0.140625,0.09375,0.015625,0.5460317460317462,0.5333333333333332,0.3225699277630912,0.050010608173618035,0.20254441115576668,0.049999999999999996,-0.2,4.950000000000001,1.0,14.0,1,0,2,1,3,39,0,10,7,1
2000293,1.0,0.05,0.75,0.4408906249999993,0.4499999999999993,0.009109375000000003,-8,9.109375,1.953125,0.1875,0.0625,0.0,0.5468750000000001,0.5539062499999997,0.8269546860622731,0.05049324956775891,0.8137583155064827,0.049999999999999996,-0.3999999999999999,0.8500000000000003,2.0,14.0,0,0,1,0,3,36,0,14,10,0
2000294,1.0,0.05,0.75,0.2937656249999998,0.2999999999999998,0.006234375000000004,-3,6.234375,2.109375,0.09375,0.046875,0.015625,0.5460317460317463,0.5523809523809521,0.6542001005791436,0.05000046204060426,0.6165536915177312,0.05,-0.19999999999999996,0.5000000000000001,1.0,8.0,0,0,3,1,1,33,0,14,11,1
2000295,1.0,0.05,0.75,1.083968749999998,1.0999999999999979,0.01603125000000001,-7,16.03125,3.5625,0.203125,0.09375,0.015625,0.5301587301587304,0.5523809523809521,0.7171707728840419,0.05205475020481143,0.6676273747735849,0.049999999999999996,-0.5999999999999999,1.7000000000000004,3.0,16.0,0,0,2,1,2,34,1,16,7,1
2000296,0.0,0.05,0.75,6.196374999999999,6.199999999999999,0.003625000000000003,-1,3.625,1.6875,0.171875,0.15625,0.0,0.5562500000000002,0.5257812499999999,0.5575502589416622,0.053475252029089544,0.053098341479208166,0.05,-0.2,6.399999999999999,1.0,20.0,0,0,3,1,0,46,0,12,2,0
2000297,0.0,0.05,0.75,3.194109375,3.2,0.0058906250000000035,0,5.890625,2.140625,0.09375,0.09375,0.0,0.5593750000000004,0.5304687499999999,0.666169429339528,0.05000422406584156,0.24930113855284347,0.05,-0.6000000000000001,3.8,3.0,9.0,0,1,0,2,0,47,0,8,6,0
2000298,1.0,0.05,0.75,1.9944687499999982,1.9999999999999982,0.005531250000000004,-5,5.53125,2.0,0.1875,0.109375,0.03125,0.5096774193548386,0.5435483870967739,0.596721093485174,0.051799546554641744,0.4217064590133754,0.05,-0.44999999999999996,2.450000000000001,2.0,17.0,1,1,1,3,4,31,0,15,6,2
2000299,1.0,0.05,0.75,1.1931562499999993,1.1999999999999993,0.006843750000000004,-6,6.84375,2.15625,0.1875,0.09375,0.0,0.5250000000000001,0.5445312499999998,0.694649070010903,0.05065016863763802,0.6138479002223659,0.05,-0.8499999999999999,2.0500000000000007,4.0,14.0,0,0,1,2,4,37,0,16,4,0
2000300,0.0,0.05,0.75,5.29725,5.3,0.0027500000000000016,-3,2.75,1.28125,0.15625,0.109375,0.015625,0.526984126984127,0.538095238095238,0.5168910066782814,0.0501173795662316,0.2925981916805217,0.05,-1.45,6.75,5.0,12.0,0,1,1,2,5,36,0,13,5,1
2000301,0.0,0.05,0.75,3.3993281249999994,3.3999999999999995,0.0006718750000000005,-1,0.671875,0.671875,0.109375,0.09375,0.0,0.5406250000000002,0.5304687499999998,0.3124579435203872,0.05000340668398649,0.13734566088572808,0.05,-1.0,4.3999999999999995,4.0,9.0,2,0,2,1,3,39,0,10,7,0
2000302,0.0,0.05,0.75,2.5482187499999998,2.55,0.0017812500000000011,0,1.78125,1.21875,0.09375,0.09375,0.046875,0.5508196721311478,0.5344262295081966,0.5356866622212416,0.050004816674333534,0.22392723089489014,0.05,-0.2,2.75,1.0,11.0,0,0,1,1,2,42,0,11,4,3
2000303,1.0,0.05,0.75,1.2924218750000007,1.3000000000000007,0.007578125000000003,-4,7.578125,2.109375,0.140625,0.078125,0.015625,0.5365079365079367,0.5523809523809521,0.7442945347481602,0.05005139781159733,0.6492015014152954,0.05,-0.34999999999999987,1.65,2.0,12.0,0,1,0,2,0,37,0,15,8,1
2000304,0.0,0.05,0.75,5.0486562500000005,5.050000000000001,0.0013437500000000008,0,1.34375,0.84375,0.140625,0.140625,0.0,0.5531250000000003,0.5304687499999998,0.2501085652754241,0.050418903160481615,0.019934735784607412,0.05,-0.8500000000000001,5.899999999999998,4.0,14.0,1,0,2,1,0,44,0,11,5,0
2000305,0.0,0.05,0.75,2.999546875,3.0,0.0004531250000000003,0,0.453125,0.453125,0.09375,0.09375,0.0,0.5531250000000004,0.5281249999999998,0.7301820512954198,0.050004312690962734,0.3041260213730846,0.05,-1.2,4.199999999999999,4.0,8.0,0,2,1,0,2,44,0,11,4,0
2000306,0.0,0.05,0.75,5.742734375,5.75,0.007265625000000005,-3,7.265625,2.296875,0.140625,0.09375,0.015625,0.5492063492063496,0.5404761904761903,0.4818149816352923,0.05005756981922604,0.28287792640273257,0.05000000000000001,-1.15,6.8999999999999995,5.0,10.0,0,0,0,2,5,39,0,7,10,1
2000307,1.0,0.05,0.75,1.7476875,1.75,0.0023125000000000016,-3,2.3125,1.21875,0.125,0.078125,0.0,0.5468750000000002,0.5351562499999998,0.48201616060384006,0.050006220081778255,0.3324500695504782,0.05,-0.19999999999999996,1.9499999999999997,1.0,12.0,0,1,1,2,0,43,0,12,5,0
2000308,1.0,0.05,0.75,-0.8609375000000007,-0.8000000000000007,0.06093750000000002,-12,60.9375,6.59375,0.234375,0.046875,0.015625,0.5015873015873016,0.5904761904761899,0.9681026969601544,0.06440607209403769,0.9659443087237715,0.05,-0.4999999999999998,-0.2999999999999994,3.0,15.0,0,0,1,1,1,21,0,28,11,1
2000309,1.0,0.05,0.75,4.145031250000001,4.15,0.0049687500000000035,-2,4.96875,1.96875,0.1875,0.15625,0.0,0.5406250000000002,0.5492187499999998,0.7523550043693076,0.059958456324578746,0.21226575906630807,0.05,-0.5499999999999998,4.699999999999999,3.0,19.0,0,0,1,0,2,39,0,17,5,0
2000310,1.0,0.05,0.75,-1.6574374999999997,-1.5999999999999996,0.05743750000000002,-14,57.4375,6.6875,0.234375,0.015625,0.0,0.5281250000000002,0.5867187499999995,0.9989694426751146,0.12408703723633857,0.9985289860666733,0.05000000000000001,-0.5499999999999998,-1.0499999999999994,5.0,11.0,0,0,0,0,1,26,1,20,16,0
2000311,1.0,0.05,0.75,1.6921249999999992,1.6999999999999993,0.007875000000000005,-5,7.875,2.3125,0.15625,0.078125,0.0,0.5406250000000004,0.5562499999999997,0.8506432395425808,0.05027804948625641,0.7905512500833749,0.05000000000000001,-0.44999999999999996,2.15,4.0,11.0,1,0,0,1,2,35,0,13,12,0
2000312,1.0,0.05,0.75,2.4447187499999994,2.4499999999999993,0.005281250000000004,-3,5.28125,1.96875,0.15625,0.109375,0.0,0.5468750000000002,0.5281249999999998,0.6265896115027718,0.05022111691980732,0.2852076036207987,0.05,-0.7499999999999998,3.2,4.0,13.0,0,1,4,2,1,39,0,11,6,0
2000313,0.0,0.05,0.75,5.838453125,5.85,0.011546875000000009,-6,11.546875,3.046875,0.140625,0.046875,0.015625,0.5396825396825399,0.5476190476190473,0.8144978043153728,0.05001382586229035,0.8022279174639978,0.05,-0.65,6.5,2.0,10.0,0,1,2,1,1,35,0,15,8,1
2000314,1.0,0.05,0.75,-1.6839374999999985,-1.6499999999999986,0.03393750000000002,-9,33.9375,4.9375,0.15625,0.015625,0.0,0.534375,0.5585937499999997,0.9242302690090898,0.05002199428409494,0.9234912199351666,0.049999999999999996,0.0,-1.6499999999999995,0.0,11.0,0,2,0,1,1,33,0,16,11,0
2000315,1.0,0.05,0.75,-1.7876249999999982,-1.7499999999999982,0.03762500000000002,-12,37.625,5.09375,0.203125,0.015625,0.0,0.51875,0.5749999999999995,0.9912455241443316,0.052481839707138836,0.9911124035621235,0.049999999999999996,-0.3999999999999999,-1.3499999999999996,2.0,12.0,0,1,1,1,0,27,1,21,12,0
2000316,1.0,0.05,0.75,0.13779687500000035,0.15000000000000036,0.012203125000000007,-7,12.203125,2.859375,0.171875,0.0625,0.015625,0.5269841269841271,0.5595238095238092,0.8087532672130178,0.05013759487703051,0.7951418299478561,0.05000000000000001,-0.19999999999999996,0.3500000000000003,1.0,14.0,0,0,2,1,3,30,1,16,10,1
2000317,1.0,0.05,0.75,0.14039062499999946,0.14999999999999947,0.009609375000000007,-6,9.609375,2.578125,0.125,0.03125,0.0,0.5312500000000004,0.5539062499999997,0.8308921678422293,0.0500065653885885,0.8240401488058282,0.05,-0.7999999999999998,0.9500000000000002,4.0,6.0,1,0,2,3,1,31,0,13,13,0
2000318,1.0,0.05,0.75,1.7459218749999992,1.7499999999999991,0.004078125000000003,-3,4.078125,1.859375,0.140625,0.09375,0.0,0.5375000000000003,0.5421874999999998,0.7224997141160893,0.050046050306876796,0.5328634837177796,0.05,-1.0499999999999998,2.8000000000000007,5.0,10.0,0,0,1,4,1,39,0,11,8,0
2000319,1.0,0.05,0.75,2.3468124999999995,2.3499999999999996,0.003187500000000002,-1,3.1875,1.46875,0.109375,0.09375,0.0,0.5406250000000004,0.5328124999999998,0.48742852583983465,0.05000375097720178,0.2124442133925384,0.05000000000000001,-0.19999999999999996,2.55,1.0,12.0,4,0,1,1,0,39,0,9,10,0
2000320,1.0,0.05,0.75,0.6281562500000012,0.6500000000000012,0.02184375000000001,-7,21.84375,4.21875,0.171875,0.0625,0.046875,0.534426229508197,0.5713114754098357,0.9491989528706121,0.05135069912154844,0.944468536721168,0.05,-0.8499999999999999,1.5,6.0,9.0,1,0,1,0,1,27,0,17,14,3
2000321,1.0,0.05,0.75,3.1948124999999985,3.1999999999999984,0.005187500000000004,-2,5.1875,1.90625,0.140625,0.109375,0.0,0.5500000000000005,0.5304687499999999,0.3874550941197164,0.050046462141235225,0.13208235847894265,0.05000000000000001,-0.19999999999999996,3.3999999999999995,1.0,15.0,1,0,1,3,1,43,0,7,8,0
2000322,0.0,0.05,0.75,3.7454843749999998,3.7499999999999996,0.004515625000000003,1,4.515625,1.828125,0.109375,0.125,0.0,0.5812500000000005,0.5140624999999999,0.3995272919953589,0.05005406859729997,0.031234407844260178,0.049999999999999996,-0.4,4.15,2.0,13.0,0,0,3,0,1,51,0,5,4,0
2000323,1.0,0.05,0.75,1.730890625,1.75,0.01910937500000001,-7,19.109375,3.703125,0.203125,0.09375,0.0,0.5406250000000001,0.5609374999999996,0.9308775378285478,0.06725370377655568,0.8911634065499459,0.05,-0.44999999999999996,2.2,3.0,16.0,0,1,1,0,2,32,1,14,13,0
2000324,1.0,0.05,0.75,-0.5462031250000018,-0.5000000000000018,0.04620312500000001,-12,46.203125,6.140625,0.25,0.0625,0.0,0.5093749999999999,0.5890624999999995,0.9930892791717412,0.12179552695362317,0.9901638956573211,0.05,-0.4999999999999998,2.220446049250313e-16,3.0,17.0,0,0,1,0,0,24,1,27,11,0
2000325,1.0,0.05,0.75,3.948765624999999,3.9499999999999993,0.0012343750000000009,-1,1.234375,0.828125,0.140625,0.125,0.0,0.5343750000000002,0.5398437499999998,0.7886838570530296,0.05038914907009155,0.2796690541109573,0.05,-0.19999999999999996,4.15,2.0,15.0,0,0,3,1,3,37,1,14,5,0
2000326,1.0,0.05,0.75,2.699234374999999,2.6999999999999993,0.0007656250000000005,-1,0.765625,0.640625,0.125,0.109375,0.015625,0.5492063492063496,0.5095238095238094,0.5483157598660573,0.050024779433271535,0.14527949304057888,0.05,-0.55,3.249999999999999,2.0,13.0,1,1,4,1,3,43,0,8,2,1
2000327,0.0,0.05,0.75,2.7981875000000005,2.8000000000000007,0.0018125000000000012,1,1.8125,1.125,0.09375,0.109375,0.015625,0.5523809523809527,0.5214285714285714,0.4168779726676753,0.05001234059500935,0.0617375671478402,0.05000000000000001,-0.8500000000000001,3.6500000000000004,3.0,10.0,1,0,2,2,1,45,0,8,4,1
2000328,0.0,0.05,0.75,3.494359375,3.5,0.005640625000000002,3,5.640625,1.796875,0.125,0.171875,0.015625,0.5555555555555559,0.5261904761904761,0.33772483403911696,0.053024340388270634,0.007699431519820666,0.049999999999999996,-1.15,4.6499999999999995,5.0,14.0,0,0,1,1,2,47,0,10,2,1
2000329,0.0,0.05,0.75,4.59853125,4.6,0.0014687500000000009,-1,1.46875,1.09375,0.140625,0.125,0.0,0.5468750000000003,0.5398437499999998,0.325326485190215,0.050065296217772344,0.09046110523328159,0.049999999999999996,-0.65,5.249999999999999,2.0,15.0,1,0,0,0,3,42,1,10,7,0
2000330,1.0,0.05,0.75,-0.7190937500000011,-0.7000000000000011,0.019093750000000007,-9,19.09375,3.53125,0.1875,0.046875,0.0,0.5375000000000001,0.5445312499999998,0.8409657928932847,0.05016896910913299,0.8352301193718606,0.05000000000000001,-0.34999999999999987,-0.34999999999999953,2.0,13.0,0,2,1,1,0,38,0,16,6,0
2000331,0.0,0.05,0.75,2.599015624999999,2.5999999999999988,0.0009843750000000004,1,0.984375,0.796875,0.09375,0.109375,0.015625,0.5460317460317464,0.530952380952381,0.39539379529892965,0.05000954767489955,0.07281181237026474,0.05000000000000001,-0.95,3.55,4.0,9.0,0,1,2,3,2,39,0,8,8,1
2000332,1.0,0.05,0.75,2.748984375,2.75,0.0010156250000000005,-2,1.015625,0.734375,0.125,0.09375,0.015625,0.5777777777777782,0.5309523809523808,0.4682295603212548,0.05002124031161781,0.20871075841127698,0.05,-0.6499999999999999,3.3999999999999995,3.0,11.0,0,0,2,0,1,45,0,6,9,1
2000333,0.0,0.05,0.75,6.447734374999999,6.449999999999998,0.0022656250000000016,-2,2.265625,1.265625,0.1875,0.15625,0.0,0.5468750000000002,0.5351562499999998,0.5055166722922808,0.054465631277613544,0.07765563826960466,0.049999999999999996,-1.05,7.499999999999999,4.0,18.0,0,0,1,1,2,44,0,13,3,0
2000334,1.0,0.05,0.75,-1.091578124999999,-1.049999999999999,0.04157812500000002,-12,41.578125,5.953125,0.21875,0.03125,0.0,0.5250000000000001,0.5749999999999996,0.9887806724087215,0.059227427287865064,0.9882511790297214,0.05,-0.30000000000000004,-0.7499999999999993,3.0,13.0,0,1,2,0,1,25,0,22,13,0
2000335,1.0,0.05,0.75,1.3356093750000013,1.3500000000000014,0.014390625000000011,-7,14.390625,3.453125,0.203125,0.09375,0.015625,0.5174603174603176,0.5595238095238092,0.8768093830170542,0.05802283769658219,0.838865976348498,0.05,-0.25,1.600000000000001,2.0,17.0,0,1,2,2,1,29,0,20,8,1
2000336,0.0,0.05,0.75,4.148593750000001,4.15,0.0014062500000000006,-2,1.40625,0.90625,0.109375,0.078125,0.0,0.5343750000000004,0.51640625,0.41975898975841036,0.05000277080391416,0.20635092413655498,0.05,-0.6000000000000001,4.75,3.0,9.0,3,0,3,1,3,41,0,10,3,0
2000337,1.0,0.05,0.75,2.9992343750000003,3.0000000000000004,0.0007656250000000005,0,0.765625,0.671875,0.09375,0.09375,0.015625,0.5365079365079368,0.5357142857142856,0.4196780962344078,0.05000380296649826,0.1403257715494678,0.05000000000000001,-0.1499999999999999,3.1500000000000004,1.0,11.0,0,0,2,3,3,38,0,11,6,1
2000338,0.0,0.05,0.75,9.501937499999999,9.549999999999999,0.04806250000000002,-10,48.0625,6.125,0.234375,0.078125,0.015625,0.5015873015873016,0.5714285714285711,0.8545063599313588,0.05373103520728303,0.8491515811169853,0.049999999999999996,-0.9,10.450000000000001,2.0,18.0,1,0,1,1,1,27,0,26,6,1
2000339,0.0,0.05,0.75,2.1492499999999994,2.1499999999999995,0.0007500000000000002,2,0.75,0.5,0.078125,0.109375,0.0,0.5687500000000004,0.51640625,0.40463532067192254,0.05000663554140384,0.04555231431615789,0.05000000000000001,-0.2,2.3499999999999996,1.0,11.0,0,0,3,0,2,49,0,8,2,0
2000340,0.0,0.05,0.75,7.818984374999998,7.849999999999998,0.03101562500000002,-8,31.015625,4.703125,0.171875,0.046875,0.0,0.5375000000000002,0.5679687499999996,0.8915414642403375,0.05014790891003456,0.8880225820930765,0.049999999999999996,-0.65,8.5,2.0,12.0,1,0,1,0,2,29,0,16,15,0
2000341,1.0,0.05,0.75,0.49203125,0.5,0.007968750000000005,-5,7.96875,2.4375,0.15625,0.078125,0.03125,0.5354838709677421,0.5387096774193546,0.8005281288320472,0.050164605901671405,0.7194948888425423,0.049999999999999996,-0.9999999999999998,1.5,5.0,10.0,0,0,1,3,1,40,0,13,4,2
2000342,0.0,0.05,0.75,9.126359375,9.15,0.023640625000000012,-9,23.640625,4.078125,0.203125,0.0625,0.0,0.5250000000000002,0.5679687499999996,0.9133835571475433,0.051598077339183895,0.9094644288607276,0.05000000000000001,-0.2,9.35,1.0,16.0,0,0,1,3,0,30,0,18,12,0
2000343,0.0,0.05,0.75,5.094125,5.1,0.0058750000000000035,-3,5.875,2.0625,0.15625,0.109375,0.015625,0.53968253968254,0.5357142857142854,0.1936790177884179,0.05003606738927047,0.08453154974679483,0.05,-0.55,5.6499999999999995,2.0,15.0,1,0,1,2,5,37,0,8,9,1
2000344,0.0,0.05,0.75,4.298062499999998,4.299999999999998,0.0019375000000000009,0,1.9375,1.125,0.140625,0.140625,0.015625,0.5460317460317463,0.545238095238095,0.41039779890814726,0.050215166109150625,0.07036496282848621,0.05000000000000001,-1.4,5.699999999999999,5.0,13.0,1,0,2,1,0,37,0,13,9,1
2000345,1.0,0.05,0.75,1.0383749999999998,1.0499999999999998,0.011625000000000009,-5,11.625,3.03125,0.15625,0.078125,0.0,0.5281250000000001,0.5539062499999997,0.7247304730414659,0.050065423242390036,0.6713204150851844,0.05,-0.95,2.0000000000000004,4.0,11.0,0,0,2,2,1,34,0,18,7,0
2000346,0.0,0.05,0.75,3.8488593749999986,3.8499999999999988,0.0011406250000000006,0,1.140625,0.859375,0.125,0.125,0.015625,0.5682539682539687,0.519047619047619,0.5690306837421452,0.0500615902493342,0.09129394126981638,0.05,-0.6000000000000001,4.449999999999999,3.0,13.0,0,0,5,1,0,44,0,8,5,1
2000347,0.0,0.05,0.75,2.745,2.75,0.005000000000000003,1,5.0,1.84375,0.09375,0.109375,0.015625,0.5492063492063497,0.5238095238095238,0.17201658362433672,0.05002415991997794,0.022630341038774936,0.05,-1.2000000000000002,3.95,6.0,7.0,1,0,5,1,2,38,0,10,6,1
2000348,0.0,0.05,0.75,5.447484374999999,5.449999999999999,0.002515625000000002,-3,2.515625,1.296875,0.125,0.078125,0.03125,0.5774193548387102,0.5387096774193548,0.6101746188182292,0.05004075502106791,0.42991701393562454,0.05,-0.95,6.3999999999999995,4.0,9.0,0,0,0,0,1,45,0,6,10,2
2000349,0.0,0.05,0.75,7.245281249999999,7.249999999999999,0.004718750000000003,-5,4.71875,1.65625,0.171875,0.09375,0.015625,0.5396825396825399,0.5285714285714284,0.6538009940296173,0.05122594285882207,0.4342869979415718,0.05,-0.4,7.6499999999999995,2.0,15.0,0,1,3,2,3,38,0,11,5,1
2000350,0.0,0.05,0.75,4.098234375,4.1,0.0017656250000000011,2,1.765625,1.046875,0.140625,0.171875,0.0,0.5406250000000004,0.5351562499999999,0.7588051205628512,0.050942361039810244,0.05094308202840986,0.05,-1.05,5.15,4.0,16.0,1,1,0,4,1,40,0,7,10,0
2000351,1.0,0.05,0.75,1.4371250000000002,1.4500000000000002,0.012875000000000006,-5,12.875,3.0625,0.15625,0.078125,0.015625,0.53968253968254,0.5619047619047617,0.6874956635284802,0.05010098495020069,0.6340178862661853,0.05,-0.19999999999999996,1.6500000000000001,1.0,14.0,1,0,0,1,3,31,0,12,15,1
2000352,0.0,0.05,0.75,6.887718749999998,6.899999999999998,0.01228125000000001,-5,12.28125,3.25,0.1875,0.109375,0.0,0.5218750000000001,0.5562499999999997,0.8053573990312868,0.0523791776276109,0.6823150174725148,0.05,-2.0,8.899999999999999,5.0,14.0,0,0,2,1,2,33,1,19,6,0
2000353,1.0,0.05,0.75,-0.17965624999999857,-0.14999999999999858,0.02965625000000001,-9,29.65625,4.875,0.1875,0.046875,0.015625,0.5206349206349208,0.5785714285714282,0.9552326973080593,0.051197395304939115,0.9539403933543784,0.05,-0.3999999999999999,0.25000000000000067,3.0,12.0,0,1,0,0,2,26,0,22,12,1
2000354,0.0,0.05,0.75,5.745640624999999,5.749999999999999,0.004359375000000002,-4,4.359375,1.640625,0.15625,0.09375,0.0,0.5500000000000003,0.5351562499999999,0.4789994828557576,0.05004644608452939,0.3402458463965567,0.04999999999999999,-1.4,7.1499999999999995,5.0,11.0,0,1,2,0,3,40,0,12,6,0
2000355,1.0,0.05,0.75,2.045609374999999,2.049999999999999,0.004390625000000003,-3,4.390625,1.828125,0.125,0.078125,0.03125,0.5322580645161292,0.536290322580645,0.5416601730567517,0.050021537671793875,0.37214353372810344,0.05,-0.9499999999999997,3.0,5.0,8.0,2,0,0,2,1,40,0,12,5,2
2000356,0.0,0.05,0.75,-0.6544843750000001,-0.6500000000000001,0.0044843750000000005,5,4.484375,1.296875,0.03125,0.109375,0.015625,0.5523809523809527,0.492857142857143,0.2505150105095605,0.0500014447930302,0.01855916902228769,0.05,-0.35,-0.3000000000000001,2.0,7.0,2,3,8,0,2,38,0,6,4,1
2000357,0.0,0.05,0.75,4.6451875000000005,4.65,0.0048125000000000025,-3,4.8125,1.8125,0.125,0.078125,0.015625,0.5460317460317463,0.5452380952380951,0.5316403923715948,0.0500074258236727,0.41814849961533623,0.04999999999999999,-0.3,4.950000000000001,1.0,12.0,0,1,1,1,2,37,0,12,9,1
2000358,1.0,0.05,0.75,2.0902499999999997,2.0999999999999996,0.009750000000000005,-3,9.75,2.9375,0.125,0.078125,0.015625,0.5333333333333334,0.5476190476190476,0.6670125136138657,0.05002468002816764,0.5350168811549778,0.05,-0.050000000000000044,2.1500000000000004,1.0,12.0,0,2,1,0,1,36,0,18,5,1
2000359,1.0,0.05,0.75,2.948468749999999,2.9499999999999993,0.0015312500000000011,-1,1.53125,1.03125,0.109375,0.09375,0.015625,0.5619047619047624,0.5285714285714284,0.11541117859046812,0.05001079354735024,0.04054063717626501,0.05,-0.19999999999999996,3.1500000000000004,1.0,12.0,1,0,1,0,2,45,0,8,6,1
2000360,1.0,0.05,0.75,1.1458437500000003,1.1500000000000004,0.004156250000000002,-5,4.15625,1.6875,0.140625,0.0625,0.015625,0.5619047619047624,0.538095238095238,0.7316386717442186,0.05005439542603123,0.6599149698092852,0.05,-0.1499999999999999,1.300000000000001,1.0,12.0,0,0,0,0,0,47,0,12,4,1
2000361,1.0,0.05,0.75,1.5793593749999997,1.5999999999999996,0.020640625,-7,20.640625,3.515625,0.203125,0.09375,0.0,0.51875,0.5656249999999996,0.8121448512370265,0.05509915364968665,0.7630990327568983,0.05,-0.6499999999999997,2.250000000000001,4.0,15.0,0,2,0,1,1,30,0,21,9,0
2000362,1.0,0.05,0.75,-0.7794375,-0.75,0.02943750000000002,-10,29.4375,4.46875,0.203125,0.046875,0.0,0.5093749999999999,0.5656249999999996,0.9507833333089707,0.0511441288087617,0.9495821205574985,0.05,-0.65,-0.09999999999999942,3.0,13.0,0,1,1,1,2,29,0,24,6,0
2000363,0.0,0.05,0.75,4.799296874999999,4.799999999999999,0.0007031250000000002,-1,0.703125,0.453125,0.171875,0.15625,0.0,0.5312500000000004,0.5304687499999999,0.6857505282494221,0.051685672104128264,0.11708728993462098,0.05,-1.85,6.649999999999999,5.0,16.0,0,0,6,2,0,37,2,14,3,0
2000364,0.0,0.05,0.75,4.645625000000001,4.65,0.004375000000000003,1,4.375,1.875,0.140625,0.15625,0.015625,0.5650793650793654,0.5309523809523807,0.5414292248298979,0.050875272974103145,0.03231038707985766,0.05,-1.6,6.25,6.0,13.0,0,0,1,0,0,48,0,11,3,1
2000365,1.0,0.05,0.75,1.8289218749999978,1.8499999999999979,0.021078125000000007,-7,21.078125,3.828125,0.234375,0.125,0.0,0.5468750000000001,0.5656249999999996,0.9838343046882929,0.1925627535170802,0.9301652051338649,0.049999999999999996,-1.1999999999999997,3.0500000000000003,7.0,16.0,0,0,0,0,0,36,0,17,11,0
2000366,1.0,0.05,0.75,-1.952250000000002,-1.9000000000000021,0.05225000000000002,-15,52.25,5.9375,0.296875,0.0625,0.0,0.49374999999999986,0.5749999999999995,0.9978068992752491,0.2253684266523614,0.9925882601378427,0.05000000000000001,-1.2,-0.6999999999999995,6.0,17.0,0,0,1,3,1,26,1,25,7,0
2000367,0.0,0.05,0.75,4.898281249999999,4.8999999999999995,0.0017187500000000007,-2,1.71875,0.90625,0.15625,0.125,0.0,0.5593750000000005,0.5515624999999998,0.6216386182662369,0.050222060063597564,0.29826499948346047,0.05,-0.2,5.099999999999999,1.0,17.0,0,0,3,0,0,36,0,13,12,0
2000368,0.0,0.05,0.75,6.886015624999999,6.899999999999999,0.013984375000000009,-5,13.984375,3.546875,0.203125,0.125,0.0,0.5281250000000001,0.5609374999999998,0.6970403618103241,0.053295107985891724,0.5369901569218344,0.05,-2.25,9.15,6.0,15.0,0,0,1,1,1,34,0,20,7,0
2000369,0.0,0.05,0.75,4.69834375,4.7,0.0016562500000000006,-3,1.65625,0.78125,0.140625,0.09375,0.015625,0.5142857142857142,0.5499999999999997,0.24492722088842925,0.05000728037086417,0.18060835808952871,0.05,-1.25,5.950000000000001,4.0,11.0,1,0,1,3,3,32,0,16,7,1
2000370,0.0,0.05,0.75,6.143874999999999,6.149999999999999,0.006125000000000003,-3,6.125,2.03125,0.171875,0.125,0.015625,0.5365079365079367,0.5476190476190476,0.6423917494275295,0.05131154278073066,0.3189595800372947,0.05,-0.45,6.6,1.0,18.0,1,1,1,1,2,34,0,13,10,1
2000371,1.0,0.05,0.75,1.247734375,1.25,0.002265625000000001,-3,2.265625,1.171875,0.109375,0.0625,0.0,0.5562500000000004,0.5304687499999999,0.5713150192498216,0.05000221346202939,0.43935596424312884,0.05,-0.34999999999999987,1.6000000000000003,2.0,9.0,0,2,0,2,0,45,0,8,7,0
2000372,1.0,0.05,0.75,0.5943281250000005,0.6000000000000005,0.005671875000000004,-5,5.671875,1.953125,0.140625,0.0625,0.015625,0.5492063492063496,0.5452380952380951,0.7794132629919015,0.05002727888229915,0.7361885435878551,0.05,-0.25,0.8500000000000001,2.0,11.0,0,1,0,2,0,40,0,11,9,1
2000373,0.0,0.05,0.75,7.227843749999998,7.249999999999998,0.022156250000000006,-6,22.15625,4.21875,0.1875,0.09375,0.0,0.5062500000000001,0.5539062499999997,0.5669942094654917,0.05026532803884936,0.5077684023464901,0.05,0.0,7.249999999999998,0.0,18.0,0,1,2,4,4,27,0,17,9,0
2000374,0.0,0.05,0.75,3.19621875,3.1999999999999997,0.0037812500000000025,0,3.78125,1.59375,0.109375,0.109375,0.015625,0.53968253968254,0.5571428571428569,0.4103330157812382,0.05001083411104817,0.1614549089720617,0.05000000000000001,-1.3,4.5,4.0,10.0,0,0,1,1,1,35,0,16,9,1
2000375,0.0,0.05,0.75,6.398734374999998,6.399999999999999,0.0012656250000000007,-3,1.265625,0.765625,0.171875,0.125,0.015625,0.5523809523809527,0.5285714285714284,0.28736897804924594,0.0504010355543004,0.07990374726941353,0.05,-1.65,8.049999999999999,7.0,12.0,0,0,2,3,1,43,0,8,6,1
2000376,1.0,0.05,0.75,2.6961249999999994,2.6999999999999993,0.0038750000000000026,-2,3.875,1.78125,0.140625,0.109375,0.015625,0.5333333333333337,0.5333333333333332,0.6346821613297411,0.050106095494114454,0.28612860388181566,0.05,-0.19999999999999996,2.9,1.0,15.0,1,1,2,2,2,37,0,12,6,1
2000377,0.0,0.05,0.75,2.345796875,2.35,0.004203125000000003,1,4.203125,1.765625,0.09375,0.109375,0.0,0.5531250000000003,0.51640625,0.5463213744268655,0.050004006201326875,0.09823511491297938,0.05,-1.05,3.4000000000000004,4.0,9.0,1,0,4,0,4,43,0,9,3,0
2000378,1.0,0.05,0.75,0.4712031250000018,0.5000000000000018,0.028796875000000013,-8,28.796875,4.859375,0.1875,0.0625,0.03125,0.5290322580645163,0.5725806451612899,0.941413769939212,0.051967217236819366,0.937560217950207,0.049999999999999996,-0.95,1.4500000000000002,6.0,10.0,0,0,2,0,2,26,0,20,12,2
2000379,1.0,0.05,0.75,0.034593749999998924,0.049999999999998934,0.015406250000000007,-8,15.40625,3.09375,0.1875,0.0625,0.015625,0.5460317460317463,0.5499999999999996,0.8523428730539643,0.050570633407235874,0.8383652739747887,0.05000000000000001,-0.34999999999999987,0.40000000000000036,2.0,14.0,1,1,1,0,0,36,1,12,11,1
2000380,0.0,0.05,0.75,1.4435468750000002,1.4500000000000002,0.006453125000000005,3,6.453125,2.328125,0.078125,0.125,0.015625,0.5587301587301591,0.5166666666666666,0.4065807950875303,0.05001706301272335,0.031125315701919693,0.049999999999999996,-0.8500000000000001,2.3000000000000003,3.0,10.0,0,1,3,1,2,45,0,8,3,1
2000381,1.0,0.05,0.75,2.190093749999999,2.1999999999999993,0.009906250000000007,-4,9.90625,2.96875,0.140625,0.078125,0.0,0.5468750000000003,0.5234374999999999,0.49426996170278814,0.050036550005173985,0.3323496268304791,0.05,0.0,2.2000000000000006,0.0,14.0,2,1,3,1,1,40,0,9,7,0
2000382,1.0,0.05,0.75,-0.36754687500000144,-0.3500000000000014,0.01754687500000001,-9,17.546875,3.484375,0.1875,0.046875,0.0,0.5375000000000003,0.5656249999999997,0.9653375214909005,0.05080301152478626,0.963909572487756,0.05000000000000001,-0.65,0.30000000000000004,3.0,12.0,0,0,0,1,2,33,0,16,12,0
2000383,1.0,0.05,0.75,1.036093749999999,1.049999999999999,0.013906250000000009,-6,13.90625,3.21875,0.1875,0.09375,0.015625,0.5174603174603175,0.5595238095238092,0.6565019263509833,0.050403308476581275,0.6061523148001436,0.05,-0.5,1.5500000000000005,3.0,15.0,1,1,1,3,1,28,0,16,12,1
2000384,0.0,0.05,0.75,1.0982500000000002,1.1,0.0017500000000000011,2,1.75,1.125,0.0625,0.09375,0.015625,0.5492063492063496,0.5404761904761903,0.38412675128216617,0.050001299282843574,0.1155509720146921,0.05,-1.2,2.3,4.0,6.0,0,0,2,1,3,38,0,11,8,1
2000385,0.0,0.05,0.75,4.245968749999999,4.249999999999999,0.004031250000000002,0,4.03125,1.625,0.15625,0.15625,0.03125,0.5258064516129035,0.5580645161290321,0.5355287479928431,0.05073593029802347,0.10562795631801734,0.05,-1.65,5.899999999999999,5.0,15.0,0,0,1,1,3,32,0,18,7,2
2000386,1.0,0.05,0.75,0.5281562499999989,0.5499999999999989,0.021843750000000006,-9,21.84375,3.625,0.203125,0.0625,0.0,0.525,0.5773437499999996,0.982842511065822,0.06018365299738773,0.9808460801757677,0.05,-0.6499999999999999,1.2000000000000006,6.0,11.0,0,1,0,0,0,29,0,23,11,0
2000387,1.0,0.05,0.75,1.3908593749999996,1.3999999999999995,0.009140625000000006,-5,9.140625,2.421875,0.171875,0.09375,0.0,0.5406250000000002,0.5585937499999997,0.8217003885039563,0.05039671142372217,0.7664832140197323,0.05,-0.44999999999999996,1.8500000000000003,3.0,14.0,1,0,1,0,0,35,1,15,11,0
2000388,0.0,0.05,0.75,6.295468749999999,6.299999999999999,0.004531250000000002,-5,4.53125,1.6875,0.15625,0.078125,0.015625,0.5333333333333335,0.5523809523809521,0.5229363238929345,0.05003682447218033,0.47194474936418235,0.05,-0.2,6.499999999999998,1.0,14.0,0,1,1,1,0,36,0,18,6,1
2000389,1.0,0.05,0.75,0.8950156249999994,0.8999999999999995,0.0049843750000000036,-4,4.984375,1.796875,0.109375,0.046875,0.015625,0.5650793650793654,0.5452380952380951,0.7030843879607787,0.05000303107989599,0.6641194938493006,0.05,-0.3999999999999999,1.3,2.0,8.0,0,0,1,0,1,41,0,10,10,1
2000390,1.0,0.05,0.75,-0.10551562500000143,-0.10000000000000142,0.005515625000000004,-5,5.515625,2.109375,0.125,0.046875,0.0,0.5468750000000002,0.5421874999999998,0.6660713779657786,0.05000179447641837,0.6439941034542163,0.05,0.0,-0.09999999999999987,0.0,11.0,0,0,3,2,2,36,0,11,10,0
2000391,0.0,0.05,0.75,4.447921874999999,4.449999999999998,0.002078125000000001,1,2.078125,1.109375,0.15625,0.171875,0.015625,0.5428571428571431,0.5214285714285714,0.7792629026904117,0.05270158277352476,0.05594684653643613,0.05,-0.4,4.849999999999999,2.0,19.0,1,1,3,2,1,41,0,10,4,1
2000392,1.0,0.05,0.75,1.8459062499999979,1.8499999999999979,0.004093750000000003,-5,4.09375,1.5625,0.171875,0.09375,0.0,0.5562500000000004,0.5539062499999998,0.6555613863271464,0.05032206382194037,0.5606057320066096,0.05,-0.7999999999999998,2.6500000000000004,4.0,13.0,0,0,2,1,0,36,0,12,13,0
2000393,1.0,0.05,0.75,0.3277656249999996,0.34999999999999964,0.022234375000000015,-8,22.234375,3.890625,0.1875,0.0625,0.0,0.5218750000000001,0.5679687499999996,0.9258896466816358,0.050799370534063845,0.9216167666247609,0.05000000000000001,-0.5499999999999998,0.9000000000000002,3.0,13.0,0,0,1,2,0,31,0,21,9,0
2000394,1.0,0.05,0.75,-0.15981249999999947,-0.14999999999999947,0.009812500000000002,-6,9.8125,2.03125,0.140625,0.046875,0.015625,0.5301587301587303,0.5523809523809521,0.7881010681841384,0.05001360667441395,0.7750899961035391,0.05000000000000001,-0.3999999999999999,0.2500000000000002,2.0,10.0,0,1,1,0,3,34,1,16,7,1
2000395,0.0,0.05,0.75,5.3973749999999985,5.399999999999999,0.002625000000000002,-3,2.625,1.375,0.140625,0.09375,0.0,0.5593750000000004,0.5304687499999998,0.6550673425565011,0.05009320341903594,0.3834463153506892,0.05000000000000001,-1.25,6.6499999999999995,4.0,11.0,0,0,2,2,1,44,0,8,7,0
2000396,1.0,0.05,0.75,3.3948437499999993,3.3999999999999995,0.005156250000000003,-1,5.15625,1.875,0.125,0.109375,0.015625,0.5301587301587303,0.5404761904761902,0.6907558820564844,0.050071719554233146,0.27485275767890077,0.05,-0.19999999999999996,3.5999999999999996,1.0,14.0,0,2,1,1,2,37,0,16,4,1
2000397,1.0,0.05,0.75,1.8490624999999996,1.8499999999999996,0.0009375000000000006,-1,0.9375,0.71875,0.078125,0.0625,0.0,0.5500000000000004,0.5328124999999998,0.3715075283765702,0.05000027021834191,0.24454032330597225,0.05,-0.19999999999999996,2.0500000000000007,1.0,8.0,0,0,1,2,1,45,1,9,5,0
2000398,0.0,0.05,0.75,1.4428750000000001,1.4500000000000002,0.0071250000000000055,3,7.125,2.3125,0.078125,0.125,0.0,0.5656250000000005,0.50703125,0.3501203999872434,0.05001472150155437,0.01933656697364072,0.05,-0.6000000000000001,2.05,3.0,10.0,0,1,3,2,1,50,0,5,2,0
2000399,0.0,0.05,0.75,7.295859374999999,7.299999999999999,0.004140625000000002,-2,4.140625,1.703125,0.203125,0.171875,0.0,0.5468750000000002,0.5351562499999998,0.7216989186647519,0.09708716125847204,0.08372089436886469,0.05,-0.7,7.999999999999999,3.0,21.0,0,0,2,1,1,43,0,14,3,0
2000400,1.0,0.05,0.75,-0.45089062500000215,-0.40000000000000213,0.050890625000000016,-12,50.890625,6.015625,0.25,0.0625,0.0,0.50625,0.5914062499999995,0.9954548047583613,0.1432189175312879,0.9926421925051933,0.05,-1.0499999999999998,0.6500000000000006,8.0,12.0,1,0,0,0,0,23,0,28,12,0
2000401,0.0,0.05,0.75,4.348828124999999,4.349999999999999,0.0011718750000000006,-1,1.171875,0.828125,0.125,0.109375,0.0,0.534375,0.5398437499999998,0.48513719692895135,0.05002445221970387,0.17435435754284284,0.05,-0.8500000000000001,5.199999999999998,3.0,12.0,0,2,2,1,4,34,0,13,8,0
2000402,1.0,0.05,0.75,-1.6788906250000013,-1.6500000000000012,0.028890625000000007,-9,28.890625,4.984375,0.171875,0.03125,0.015625,0.5111111111111113,0.5595238095238093,0.8784589111388882,0.05003648044952421,0.8772630150727309,0.05,-0.19999999999999996,-1.45,1.0,12.0,0,1,2,2,2,28,0,21,7,1
2000403,0.0,0.05,0.75,5.047593749999999,5.049999999999999,0.0024062500000000013,-2,2.40625,1.4375,0.140625,0.109375,0.03125,0.538709677419355,0.550806451612903,0.39433301428206863,0.05006405421218712,0.20299764652608923,0.05,-1.05,6.1,4.0,12.0,0,0,1,1,1,37,0,16,6,2
2000404,1.0,0.05,0.75,0.5756562500000005,0.6000000000000005,0.024343750000000008,-7,24.34375,4.09375,0.171875,0.0625,0.0,0.5250000000000001,0.5656249999999996,0.8882549438542765,0.05024437931799047,0.8801209898167878,0.05,0.0,0.6000000000000002,0.0,15.0,1,0,2,1,3,26,0,17,14,0
2000405,0.0,0.05,0.75,6.1981874999999995,6.199999999999999,0.0018125000000000012,-3,1.8125,1.0,0.171875,0.125,0.015625,0.5460317460317462,0.5333333333333332,0.5581995006732728,0.05112362852911806,0.20954709744021627,0.05000000000000001,-2.05,8.25,7.0,12.0,0,0,3,1,3,39,0,12,5,1
2000406,1.0,0.05,0.75,2.1991718749999993,2.1999999999999993,0.0008281250000000003,-2,0.828125,0.640625,0.125,0.09375,0.015625,0.5333333333333335,0.5285714285714284,0.46902187437550175,0.050011127462651614,0.2302605932382495,0.05,-0.19999999999999996,2.3999999999999995,1.0,13.0,1,1,0,3,3,41,0,9,5,1
2000407,1.0,0.05,0.75,-0.7498593750000011,-0.7000000000000011,0.049859375,-11,49.859375,6.078125,0.21875,0.046875,0.0,0.5125,0.5984374999999994,0.9818948665948817,0.05704904082711304,0.9812174095069748,0.049999999999999996,-0.19999999999999996,-0.49999999999999933,2.0,15.0,0,0,0,1,1,20,0,25,17,0
2000408,1.0,0.05,0.75,-0.3194375000000016,-0.3000000000000016,0.01943750000000001,-8,19.4375,3.8125,0.15625,0.03125,0.015625,0.5460317460317462,0.5499999999999997,0.854191062949433,0.050055513992937166,0.8500975888773833,0.05,-0.19999999999999996,-0.09999999999999942,1.0,11.0,0,0,2,0,1,37,0,16,7,1
2000409,0.0,0.05,0.75,4.998718749999999,4.999999999999999,0.0012812500000000007,-1,1.28125,0.90625,0.15625,0.140625,0.0,0.5343750000000002,0.5398437499999998,0.5456234960551708,0.05038414186521954,0.12465186448768227,0.04999999999999999,-1.05,6.05,4.0,15.0,1,0,2,2,1,38,0,14,6,0
2000410,0.0,0.05,0.75,4.59746875,4.6,0.0025312500000000014,-1,2.53125,1.40625,0.140625,0.125,0.0,0.5593750000000003,0.5281249999999998,0.6603126972538265,0.050160287268393874,0.16266752216076438,0.05,-0.75,5.349999999999999,3.0,14.0,0,1,3,0,1,43,0,11,5,0
2000411,1.0,0.05,0.75,0.727359375,0.75,0.022640625000000015,-8,22.640625,4.359375,0.203125,0.078125,0.015625,0.5301587301587303,0.5547619047619046,0.8954166008591852,0.055098322180280816,0.8755052867283307,0.05000000000000001,-0.6000000000000001,1.3500000000000008,3.0,15.0,0,2,3,0,0,30,0,20,8,1
2000412,0.0,0.05,0.75,3.3992968750000006,3.4000000000000004,0.0007031250000000005,-1,0.703125,0.703125,0.109375,0.09375,0.015625,0.5746031746031751,0.5261904761904762,0.6133869584080679,0.05000878257553707,0.26002530851184635,0.049999999999999996,-1.25,4.65,3.0,10.0,0,1,1,0,1,47,0,6,7,1
2000413,1.0,0.05,0.75,0.4263749999999993,0.4499999999999993,0.02362500000000001,-8,23.625,3.875,0.21875,0.09375,0.0,0.5093750000000001,0.5656249999999996,0.8128973140364802,0.052669569886092296,0.7945740205746046,0.05,-0.3999999999999999,0.8500000000000005,2.0,18.0,1,0,1,1,0,31,0,25,5,0
2000414,0.0,0.05,0.75,4.049265625,4.050000000000001,0.0007343750000000002,-1,0.734375,0.515625,0.125,0.109375,0.015625,0.5619047619047624,0.5404761904761903,0.8241693844945331,0.05009681532788596,0.430749802310937,0.05,-0.2,4.25,1.0,14.0,0,0,2,1,1,40,0,9,10,1
2000415,1.0,0.05,0.75,-1.1323593749999996,-1.0999999999999996,0.03235937500000001,-10,32.359375,4.859375,0.171875,0.015625,0.015625,0.5301587301587303,0.5690476190476186,0.9947315590094358,0.05124397185427067,0.9946307534726151,0.049999999999999996,-0.10000000000000009,-0.9999999999999998,2.0,10.0,0,0,3,1,2,25,0,18,14,1
2000416,1.0,0.05,0.75,0.5344687499999989,0.5499999999999989,0.01553125000000001,-7,15.53125,3.46875,0.171875,0.0625,0.0,0.5312500000000002,0.5492187499999998,0.7712145285488575,0.050150729550537614,0.7471188144539164,0.05,-0.5,1.0500000000000005,2.0,13.0,1,0,2,0,3,34,0,17,7,0
2000417,1.0,0.05,0.75,-0.8451718749999989,-0.7999999999999989,0.04517187500000001,-10,45.171875,5.828125,0.203125,0.046875,0.0,0.5062500000000001,0.5820312499999996,0.9760226232871545,0.051926846098865984,0.9754118845770179,0.049999999999999996,-0.34999999999999987,-0.44999999999999996,3.0,13.0,2,0,0,1,2,22,0,22,15,0
2000418,0.0,0.05,0.75,4.199124999999999,4.199999999999998,0.0008750000000000006,2,0.875,0.6875,0.125,0.15625,0.0,0.5687500000000005,0.52109375,0.1551093901801793,0.051972346102812775,0.004185320321926577,0.05,-1.5,5.699999999999999,7.0,11.0,0,0,3,0,2,47,0,8,4,0
2000419,0.0,0.05,0.75,7.293359374999999,7.299999999999999,0.006640625000000004,-5,6.640625,1.921875,0.1875,0.109375,0.015625,0.5460317460317462,0.5523809523809521,0.9184942105907555,0.06271466675305806,0.8156642272712088,0.05000000000000001,-1.1,8.399999999999999,3.0,16.0,0,0,2,0,1,36,0,16,8,1
2000420,1.0,0.05,0.75,0.5116249999999998,0.5499999999999998,0.038375,-7,38.375,5.65625,0.171875,0.0625,0.0,0.5187500000000002,0.5890624999999995,0.8888871059805753,0.05020718312801941,0.8848875608882083,0.05000000000000001,-0.7999999999999998,1.3500000000000003,4.0,11.0,0,2,0,0,0,22,1,22,17,0
2000421,0.0,0.05,0.75,3.2950625,3.3,0.004937500000000003,0,4.9375,1.53125,0.09375,0.09375,0.015625,0.574603174603175,0.5190476190476189,0.4292945203222914,0.05000500050362416,0.10134195102504413,0.05,-0.2,3.5,1.0,11.0,0,0,0,0,1,54,0,7,1,1
2000422,0.0,0.05,0.75,2.7460781250000004,2.7500000000000004,0.003921875000000003,2,3.921875,1.796875,0.109375,0.140625,0.015625,0.5714285714285718,0.519047619047619,0.7122387293106459,0.050047916840800316,0.06103421700436164,0.05,-0.6000000000000001,3.3500000000000005,3.0,13.0,0,0,2,1,1,49,0,6,4,1
2000423,0.0,0.05,0.75,4.297234375,4.300000000000001,0.0027656250000000016,1,2.765625,1.328125,0.125,0.140625,0.0,0.5750000000000005,0.5210937499999999,0.4050376118357564,0.05023732770552139,0.02453814998494438,0.049999999999999996,-1.05,5.35,4.0,13.0,0,0,3,0,1,48,0,7,5,0
2000424,0.0,0.05,0.75,4.3450156249999985,4.349999999999999,0.0049843750000000036,-2,4.984375,2.015625,0.125,0.09375,0.046875,0.5377049180327871,0.5418032786885244,0.6112169910259501,0.050046457113301454,0.3608935340579528,0.05,-0.4,4.749999999999999,2.0,12.0,1,0,1,0,0,40,0,17,2,3
2000425,0.0,0.05,0.75,5.740921875,5.75,0.009078125000000006,-4,9.078125,2.578125,0.140625,0.078125,0.0,0.5593750000000003,0.5257812499999999,0.3609139626489932,0.05001929657472735,0.2342086553819985,0.05,-0.25,5.999999999999999,2.0,12.0,0,0,3,0,2,45,0,11,3,0
2000426,0.0,0.05,0.75,4.598468749999999,4.6,0.001531250000000001,-2,1.53125,1.03125,0.140625,0.109375,0.0,0.5375000000000003,0.5304687499999999,0.5911001287478609,0.050058188441975536,0.27103210665844424,0.05000000000000001,-0.65,5.25,2.0,14.0,1,2,3,1,1,37,0,13,6,0
2000427,0.0,0.05,0.75,2.44746875,2.45,0.002531250000000002,1,2.53125,1.375,0.078125,0.09375,0.046875,0.5672131147540987,0.5344262295081966,0.2636890473982889,0.05000820372828452,0.07134622665284657,0.05,-1.05,3.5,4.0,7.0,0,0,1,0,2,43,0,8,7,3
2000428,1.0,0.05,0.75,2.820546875,2.8499999999999996,0.029453125,-4,29.453125,4.984375,0.1875,0.125,0.0,0.5343750000000004,0.5609374999999998,0.47551429373325993,0.05099968293157022,0.28139618518591875,0.05,-1.2,4.050000000000001,5.0,15.0,0,0,2,1,2,31,1,15,12,0
2000429,0.0,0.05,0.75,4.34259375,4.35,0.007406250000000005,3,7.40625,2.53125,0.171875,0.21875,0.0,0.5562500000000004,0.528125,0.48040845994999337,0.0822575169752479,0.006469721828886253,0.05,-0.8,5.15,4.0,21.0,0,0,1,2,2,46,0,8,5,0
2000430,1.0,0.05,0.75,-0.024625000000000886,-8.881784197001252e-16,0.024624999999999998,-7,24.625,4.53125,0.15625,0.046875,0.015625,0.5079365079365078,0.5690476190476186,0.7970091512790726,0.050043311709418815,0.7895902569504715,0.05,-0.44999999999999973,0.4500000000000004,3.0,10.0,0,2,0,2,1,27,0,22,9,1
2000431,1.0,0.05,0.75,-1.4335312500000004,-1.4000000000000004,0.03353125000000001,-10,33.53125,4.0625,0.1875,0.03125,0.0,0.53125,0.5585937499999996,0.9719254739529938,0.05047799747926855,0.971283639663942,0.049999999999999996,-0.34999999999999987,-1.0499999999999994,2.0,12.0,0,2,3,0,1,28,0,19,11,0
2000432,1.0,0.05,0.75,1.4483124999999988,1.4499999999999988,0.001687500000000001,-2,1.6875,1.0625,0.109375,0.078125,0.015625,0.5492063492063495,0.5357142857142856,0.8127395538705497,0.05000986037807199,0.6358366223499409,0.05,-0.6000000000000001,2.0500000000000003,3.0,9.0,0,1,4,1,2,35,0,11,9,1
2000433,1.0,0.05,0.75,0.11409374999999924,0.1999999999999993,0.08590625000000005,-12,85.90625,8.4375,0.25,0.0625,0.0,0.50625,0.6054687499999994,0.9957068853473094,0.1696632294161537,0.9916708865937416,0.05000000000000001,-0.44999999999999996,0.6500000000000008,4.0,16.0,0,0,0,0,0,19,2,26,17,0
2000434,1.0,0.05,0.75,0.12193750000000035,0.15000000000000036,0.028062500000000008,-10,28.0625,4.0,0.21875,0.0625,0.015625,0.5015873015873014,0.5809523809523804,0.9525943260559272,0.06113763418062651,0.9486899559367807,0.05000000000000002,-0.2999999999999998,0.45000000000000084,2.0,16.0,0,0,1,1,1,25,0,28,7,1
2000435,0.0,0.05,0.75,4.898999999999999,4.8999999999999995,0.0010000000000000005,-1,1.0,0.78125,0.171875,0.15625,0.0,0.5312500000000002,0.5257812499999999,0.4148321486374195,0.05098538957422801,0.03802179582978107,0.05,-0.75,5.649999999999998,3.0,18.0,2,0,7,1,2,32,0,14,6,0
2000436,0.0,0.05,0.75,4.640140624999999,4.6499999999999995,0.009859375000000005,-1,9.859375,2.546875,0.140625,0.125,0.015625,0.5396825396825399,0.5547619047619046,0.3992193552195629,0.05008246062623571,0.15659282512619588,0.05,-1.2,5.85,4.0,13.0,1,0,1,0,1,35,0,16,9,1
2000437,1.0,0.05,0.75,-0.7759218750000018,-0.7500000000000018,0.025921875000000018,-8,25.921875,4.546875,0.15625,0.03125,0.015625,0.5269841269841269,0.5690476190476186,0.9114076411267714,0.05005166027408313,0.9098131179501986,0.05,-0.1499999999999999,-0.5999999999999996,1.0,11.0,0,0,3,1,1,26,0,20,12,1
2000438,1.0,0.05,0.75,2.746875,2.75,0.003125000000000002,-2,3.125,1.53125,0.140625,0.109375,0.015625,0.5492063492063495,0.5357142857142856,0.7015899503840373,0.050166921191850136,0.3209953605393558,0.05,-0.34999999999999987,3.1,2.0,14.0,0,0,1,1,3,42,0,11,5,1
2000439,0.0,0.05,0.75,4.097874999999999,4.1,0.0021250000000000015,-2,2.125,1.28125,0.109375,0.078125,0.015625,0.5555555555555559,0.5428571428571428,0.4432553889143383,0.0500032562834013,0.3058342050558561,0.05,-0.2,4.3,1.0,11.0,0,1,0,0,0,43,0,13,6,1
2000440,1.0,0.05,0.75,0.6955312499999993,0.6999999999999993,0.0044687500000000005,-5,4.46875,1.28125,0.140625,0.0625,0.0,0.5500000000000003,0.5468749999999998,0.7547570355187144,0.05002139955025532,0.7149059357699569,0.05,-0.19999999999999996,0.9000000000000006,1.0,12.0,0,0,0,0,1,43,0,15,5,0
2000441,1.0,0.05,0.75,0.007609374999998919,0.049999999999998934,0.042390625000000015,-13,42.390625,5.109375,0.28125,0.078125,0.0,0.5249999999999999,0.5726562499999995,0.9821238690788516,0.20954570370679465,0.9493463211537472,0.05,-0.8999999999999997,0.9500000000000011,5.0,18.0,0,1,0,1,0,30,0,21,11,0
2000442,1.0,0.05,0.75,-0.8246875000000007,-0.8000000000000007,0.024687500000000005,-9,24.6875,4.09375,0.1875,0.046875,0.015625,0.5206349206349207,0.5690476190476186,0.9696017375960013,0.05079494284677105,0.9685808936139703,0.05,-0.44999999999999996,-0.34999999999999976,3.0,12.0,0,1,1,1,2,27,0,20,11,1
2000443,1.0,0.05,0.75,-1.6128906249999981,-1.4999999999999982,0.11289062499999993,-15,112.890625,9.734375,0.265625,0.03125,0.0,0.5062500000000001,0.6078124999999994,0.9994878462362894,0.22799849639645614,0.9982174836870656,0.05,-1.1999999999999995,-0.2999999999999994,9.0,10.0,0,0,1,0,0,16,0,30,17,0
2000444,1.0,0.05,0.75,0.21631250000000002,0.25,0.03368749999999999,-8,33.6875,5.21875,0.1875,0.0625,0.0,0.5187500000000002,0.5656249999999996,0.8849017797556686,0.050502240427696875,0.8789060971548842,0.05000000000000001,-0.1499999999999999,0.4000000000000006,1.0,15.0,0,1,2,0,1,29,1,22,8,0
2000445,0.0,0.05,0.75,6.281890625,6.3,0.01810937500000001,-6,18.109375,4.015625,0.15625,0.0625,0.015625,0.5301587301587305,0.5499999999999998,0.8204849063156959,0.05006658448446369,0.7959904610829508,0.05,-0.45,6.750000000000001,1.0,13.0,1,1,2,1,1,32,0,16,9,1
2000446,1.0,0.05,0.75,-1.530140625000001,-1.5000000000000009,0.030140625000000008,-9,30.140625,4.640625,0.171875,0.03125,0.0,0.5187500000000002,0.5656249999999997,0.9460071008551078,0.0500758092094101,0.9452618817118069,0.05,-0.7,-0.7999999999999996,3.0,10.0,0,1,1,2,0,30,0,21,9,0
2000447,1.0,0.05,0.75,0.22859375,0.25,0.021406249999999998,-7,21.40625,3.75,0.171875,0.0625,0.015625,0.542857142857143,0.5642857142857141,0.9255395552645076,0.050380558447230016,0.9188479378526768,0.05000000000000001,-0.25,0.5000000000000004,3.0,12.0,0,1,0,0,2,32,0,15,13,1
2000448,0.0,0.05,0.75,5.047578124999999,5.049999999999999,0.0024218750000000017,-2,2.421875,1.390625,0.140625,0.109375,0.0,0.5343750000000002,0.5281249999999998,0.5359471317166606,0.05008377522065191,0.19297049351942988,0.05000000000000001,-0.45,5.499999999999999,1.0,15.0,1,1,2,1,2,41,0,14,2,0
2000449,0.0,0.05,0.75,4.498265625,4.5,0.001734375000000001,-3,1.734375,0.984375,0.140625,0.09375,0.0,0.5437500000000004,0.528125,0.4034425711105697,0.05000914787434156,0.2436213173197621,0.05,-1.1,5.6,3.0,12.0,0,1,5,2,1,37,0,12,6,0
2000450,1.0,0.05,0.75,1.742625,1.75,0.007375000000000005,-6,7.375,2.0625,0.171875,0.078125,0.0,0.5500000000000003,0.5492187499999998,0.7217591730946308,0.05040065845633942,0.6697880009611992,0.05,-0.5499999999999998,2.3000000000000007,3.0,13.0,0,1,0,0,1,40,1,12,9,0
2000451,0.0,0.05,0.75,2.8910468749999993,2.8999999999999995,0.008953125000000006,4,8.953125,2.765625,0.140625,0.203125,0.0,0.5625000000000003,0.5210937499999999,0.7287599721074479,0.05180147589076339,0.010935111647890978,0.05000000000000001,-0.4,3.3,2.0,20.0,0,0,2,0,3,48,1,7,3,0
2000452,1.0,0.05,0.75,0.5111093750000043,0.5500000000000043,0.038890625000000005,-11,38.890625,5.515625,0.25,0.078125,0.0,0.5343750000000002,0.5796874999999996,0.979001073020596,0.1347302093530825,0.9667765736567095,0.05000000000000001,-0.34999999999999987,0.9000000000000006,3.0,18.0,0,0,0,0,0,30,0,21,13,0
2000453,0.0,0.05,0.75,3.497875,3.5,0.0021250000000000015,-1,2.125,1.15625,0.109375,0.09375,0.015625,0.5365079365079369,0.5285714285714286,0.5754910843100903,0.05000776475708198,0.24276566287273338,0.05,-0.45,3.9499999999999993,1.0,12.0,1,0,3,2,4,37,0,10,6,1
2000454,0.0,0.05,0.75,5.398171874999998,5.399999999999999,0.0018281250000000012,-2,1.828125,1.078125,0.15625,0.125,0.0,0.5406250000000004,0.5492187499999999,0.44118696242647387,0.05016499505833082,0.1621909466791769,0.05000000000000001,-0.55,5.949999999999999,2.0,16.0,0,0,0,2,1,40,0,14,7,0
2000455,0.0,0.05,0.75,5.797124999999999,5.8,0.0028750000000000017,-3,2.875,1.40625,0.171875,0.125,0.0,0.5281250000000003,0.5328124999999999,0.7544260486478622,0.05134810125923991,0.37108441345269333,0.05,-0.4,6.2,2.0,17.0,1,1,0,5,0,41,0,10,6,0
2000456,0.0,0.05,0.75,2.997609375,3.0,0.0023906250000000017,2,2.390625,1.265625,0.125,0.15625,0.015625,0.5555555555555559,0.5285714285714284,0.5684643469321282,0.050202405741935616,0.035712080587382164,0.05,-1.1,4.1,4.0,14.0,0,0,3,2,1,42,0,9,6,1
2000457,1.0,0.05,0.75,1.5377499999999988,1.549999999999999,0.012250000000000007,-6,12.25,2.78125,0.1875,0.09375,0.03125,0.5225806451612903,0.5725806451612899,0.9633369269429233,0.06267446145767935,0.943187014464224,0.05,-0.8999999999999999,2.4500000000000006,6.0,12.0,0,0,0,2,1,29,0,19,11,2
2000458,1.0,0.05,0.75,-1.8895624999999996,-1.8499999999999996,0.0395625,-12,39.5625,4.90625,0.203125,0.015625,0.0,0.540625,0.5609374999999995,0.9795582606886316,0.05124918977114012,0.9793293976353395,0.049999999999999996,-0.5499999999999998,-1.2999999999999994,3.0,11.0,0,0,0,1,1,36,0,16,10,0
2000459,1.0,0.05,0.75,0.49309375,0.5,0.006906250000000005,-4,6.90625,2.375,0.109375,0.046875,0.0,0.5375000000000004,0.5351562499999999,0.6724679967238167,0.05000152902873383,0.621623352717464,0.05,-0.7499999999999998,1.25,4.0,6.0,1,1,2,1,3,37,0,12,7,0
2000460,0.0,0.05,0.75,2.626203125,2.65,0.023796875000000006,5,23.796875,4.421875,0.109375,0.1875,0.015625,0.571428571428572,0.519047619047619,0.38044848097413925,0.05640446387804835,0.0024806335174212563,0.05,-1.2,3.85,6.0,13.0,0,0,0,1,0,54,0,7,1,1
2000461,1.0,0.05,0.75,1.2765156250000007,1.3000000000000007,0.023484375000000005,-7,23.484375,4.515625,0.203125,0.09375,0.015625,0.5015873015873017,0.5761904761904758,0.841374834762852,0.05301012133523749,0.8208772935934221,0.05000000000000001,-1.7,3.0000000000000004,9.0,10.0,1,1,0,1,2,24,0,24,10,1
2000462,0.0,0.05,0.75,4.5892656249999995,4.6,0.010734375000000004,-1,10.734375,2.921875,0.109375,0.09375,0.015625,0.5523809523809529,0.538095238095238,0.11817629462020028,0.05001454281806525,0.04487420605029018,0.049999999999999996,-0.4,5.0,2.0,11.0,0,0,1,2,0,43,0,11,6,1
2000463,1.0,0.05,0.75,1.5419687499999999,1.5499999999999998,0.008031250000000004,-6,8.03125,2.0,0.1875,0.09375,0.0,0.5406250000000002,0.5421874999999998,0.6783552402250425,0.05108279643131386,0.5708365340242997,0.049999999999999996,-0.19999999999999996,1.7500000000000004,1.0,17.0,1,0,0,0,3,41,0,14,5,0
2000464,1.0,0.05,0.75,1.3743906250000022,1.4000000000000021,0.025609375,-8,25.609375,3.953125,0.234375,0.109375,0.0,0.515625,0.5679687499999996,0.9291855282336399,0.09705919817635346,0.892374464566365,0.05,-0.7499999999999998,2.1499999999999995,4.0,18.0,0,0,1,2,3,28,0,20,10,0
2000465,1.0,0.05,0.75,2.0987499999999986,2.0999999999999988,0.0012500000000000002,-3,1.25,0.75,0.140625,0.09375,0.015625,0.5523809523809526,0.5404761904761903,0.4116878744645573,0.05002071645566351,0.2624286007300142,0.05,-0.7999999999999998,2.8999999999999995,4.0,11.0,0,0,2,2,2,38,0,9,10,1
2000466,0.0,0.05,0.75,6.29721875,6.3,0.002781250000000002,-3,2.78125,1.4375,0.15625,0.109375,0.0,0.5437500000000003,0.5328124999999998,0.2912895534256482,0.05015759291117919,0.09411716489986337,0.05,-0.4,6.7,2.0,15.0,0,1,2,3,1,40,0,10,7,0
2000467,1.0,0.05,0.75,2.6954687499999994,2.6999999999999993,0.004531250000000003,-4,4.53125,1.71875,0.1875,0.125,0.015625,0.5460317460317462,0.5380952380952378,0.6888481087177547,0.054599830065576054,0.3519459947445496,0.05,-0.5999999999999999,3.3,3.0,17.0,1,0,1,1,0,42,0,13,5,1
2000468,1.0,0.05,0.75,1.4370624999999992,1.4499999999999993,0.012937500000000008,-5,12.9375,3.15625,0.171875,0.09375,0.0,0.5156250000000002,0.5609374999999996,0.7300651386526914,0.050269175705090346,0.6504914101896148,0.05,-0.6999999999999997,2.1500000000000004,4.0,13.0,0,1,0,3,4,29,0,16,11,0
2000469,1.0,0.05,0.75,0.19548437500000018,0.20000000000000018,0.004515625000000002,-5,4.515625,1.640625,0.125,0.046875,0.03125,0.535483870967742,0.5411290322580643,0.6988804432785894,0.050005894128914846,0.6696580376689282,0.05,-0.19999999999999996,0.40000000000000013,1.0,10.0,0,1,1,1,3,37,0,14,5,2
2000470,0.0,0.05,0.75,5.6475156250000005,5.65,0.0024843750000000018,-2,2.484375,1.265625,0.15625,0.125,0.03125,0.5483870967741937,0.529032258064516,0.6866656153979148,0.05111227856971107,0.2288166932604614,0.05,-1.15,6.799999999999999,5.0,13.0,1,1,2,0,1,41,0,12,4,2
2000471,1.0,0.05,0.75,2.628093749999999,2.6499999999999986,0.021906250000000006,-8,21.90625,3.875,0.265625,0.140625,0.0,0.49999999999999994,0.5703124999999997,0.9895835970384654,0.2769875369008932,0.7984831706335657,0.05,-0.4999999999999998,3.1500000000000004,3.0,23.0,1,0,0,2,5,25,0,21,10,0
2000472,0.0,0.05,0.75,2.0982656249999994,2.099999999999999,0.001734375000000001,2,1.734375,0.953125,0.078125,0.109375,0.015625,0.5587301587301591,0.5380952380952378,0.4170251208534305,0.050008166902772835,0.06894699203198072,0.05,-0.8,2.9,3.0,9.0,0,1,1,1,0,42,0,10,8,1
2000473,1.0,0.05,0.75,0.9889062499999991,0.9999999999999991,0.011093750000000008,-5,11.09375,2.84375,0.140625,0.0625,0.0,0.5406250000000004,0.5398437499999998,0.5594184252324336,0.05000994859175419,0.5134373043107144,0.05,-0.8499999999999999,1.8500000000000005,3.0,10.0,0,1,0,3,0,42,0,12,6,0
2000474,1.0,0.05,0.75,5.533609375000001,5.550000000000001,0.016390625000000006,2,16.390625,3.796875,0.140625,0.171875,0.015625,0.5460317460317463,0.5166666666666666,0.5386183136388246,0.051079815416815055,0.016661076636589525,0.049999999999999996,-0.7499999999999998,6.299999999999998,4.0,16.0,2,1,1,1,0,47,0,10,1,1
2000475,1.0,0.05,0.75,0.47534375,0.5,0.02465625,-7,24.65625,4.375,0.171875,0.0625,0.015625,0.5301587301587303,0.571428571428571,0.9553005751980144,0.05078468128730013,0.9506315105954916,0.05,-0.95,1.4500000000000002,5.0,10.0,0,0,0,2,1,30,0,17,13,1
2000476,1.0,0.05,0.75,0.07304687499999876,0.09999999999999876,0.026953124999999998,-6,26.953125,4.703125,0.15625,0.0625,0.0,0.5218750000000003,0.5726562499999996,0.809230472300573,0.05002967200856323,0.7985422610523799,0.05,-0.55,0.6500000000000004,2.0,12.0,0,0,1,2,0,29,0,21,11,0
2000477,0.0,0.05,0.75,2.5930781250000003,2.6000000000000005,0.006921875000000004,3,6.921875,2.296875,0.109375,0.15625,0.0,0.5531250000000004,0.51640625,0.6214988830726034,0.05010696001052216,0.02691414775338316,0.049999999999999996,-0.9,3.5000000000000004,3.0,14.0,1,0,3,1,3,45,0,8,3,0
2000478,0.0,0.05,0.75,3.7982031249999992,3.7999999999999994,0.0017968750000000012,-1,1.796875,1.078125,0.109375,0.09375,0.015625,0.5365079365079368,0.5476190476190473,0.4317192095192131,0.05000625491426073,0.2219795906114287,0.05000000000000002,-0.75,4.550000000000001,2.0,11.0,0,0,1,3,1,37,0,13,8,1
2000479,1.0,0.05,0.75,0.8836406250000003,0.9000000000000004,0.016359375000000013,-7,16.359375,3.546875,0.1875,0.078125,0.0,0.5281250000000001,0.5679687499999997,0.9009074796558532,0.051284030772390465,0.8867451907369701,0.049999999999999996,-0.5999999999999999,1.5000000000000004,4.0,13.0,0,0,2,0,1,30,0,22,9,0
2000480,1.0,0.05,0.75,1.1470312499999986,1.1499999999999986,0.0029687500000000018,-4,2.96875,1.4375,0.140625,0.078125,0.0,0.5406250000000002,0.5304687499999999,0.4321606288036898,0.05000717304987763,0.3261168974208314,0.05,-0.34999999999999987,1.4999999999999991,2.0,12.0,0,2,1,2,1,42,1,10,5,0
2000481,0.0,0.05,0.75,1.9910156249999997,1.9999999999999998,0.008984375000000006,5,8.984375,2.734375,0.09375,0.171875,0.0,0.5625000000000006,0.51640625,0.42188897352883253,0.05073468363031823,0.004633362571524636,0.05,-1.3,3.3,6.0,11.0,1,0,2,1,2,48,0,6,4,0
2000482,1.0,0.05,0.75,0.03382812499999981,0.04999999999999982,0.01617187500000001,-7,16.171875,3.640625,0.171875,0.0625,0.0,0.5250000000000001,0.5609374999999998,0.9088939757151021,0.05020222582925995,0.9001199521857629,0.05,-0.34999999999999987,0.40000000000000024,2.0,13.0,0,0,2,1,1,32,0,21,7,0
2000483,1.0,0.05,0.75,0.9344687500000002,0.9500000000000002,0.015531250000000012,-3,15.53125,3.59375,0.109375,0.0625,0.0,0.5218750000000001,0.5632812499999997,0.5413018972997092,0.05000085952630287,0.5021304385976262,0.05000000000000001,-0.3999999999999999,1.35,2.0,9.0,1,0,2,2,1,28,0,18,12,0
2000484,0.0,0.05,0.75,2.04553125,2.05,0.004468750000000002,5,4.46875,1.625,0.09375,0.171875,0.0,0.5593750000000004,0.51640625,0.6424957175071738,0.050414909030648124,0.009979712939968525,0.05,-1.0,3.0499999999999994,4.0,13.0,0,0,3,2,2,47,0,7,3,0
2000485,1.0,0.05,0.75,0.030890624999999814,0.04999999999999982,0.01910937500000001,-6,19.109375,4.109375,0.140625,0.046875,0.0,0.5218750000000002,0.5609374999999998,0.7790880151928457,0.05001001268496276,0.7699406545480556,0.05000000000000001,-0.7499999999999998,0.8000000000000003,4.0,8.0,0,0,0,3,0,35,2,15,9,0
2000486,0.0,0.05,0.75,5.337812499999999,5.349999999999999,0.012187500000000009,-3,12.1875,3.21875,0.15625,0.109375,0.0,0.5156250000000001,0.5585937499999997,0.4564243103667549,0.05005804040320719,0.30036880355994067,0.05,-0.55,5.9,2.0,15.0,1,1,1,2,3,28,1,15,12,0
2000487,1.0,0.05,0.75,-0.7151406249999993,-0.6999999999999993,0.015140625000000012,-8,15.140625,3.265625,0.15625,0.03125,0.0,0.5406250000000001,0.5679687499999996,0.9460298767655394,0.05006393749384176,0.9447461114535718,0.05,-0.25,-0.4499999999999996,2.0,10.0,0,0,0,1,0,34,0,17,12,0
2000488,1.0,0.05,0.75,1.5886718749999997,1.5999999999999996,0.011328125000000007,-5,11.328125,2.921875,0.15625,0.078125,0.0,0.5531250000000003,0.5445312499999998,0.8244509530167922,0.05028300259895912,0.7451708812133312,0.049999999999999996,-0.5999999999999999,2.2,3.0,12.0,0,1,1,0,1,40,0,13,8,0
2000489,1.0,0.05,0.75,-0.33468750000000164,-0.3000000000000016,0.03468750000000002,-7,34.6875,5.53125,0.15625,0.046875,0.015625,0.5301587301587304,0.5833333333333329,0.9097164926372714,0.05006093494302812,0.9073410893481462,0.05,-0.34999999999999987,0.050000000000000155,2.0,11.0,0,1,0,1,2,23,0,17,19,1
2000490,0.0,0.05,0.75,1.34925,1.35,0.0007500000000000004,1,0.75,0.625,0.0625,0.078125,0.0,0.5593750000000005,0.5351562499999999,0.42915552852739,0.05000030631861875,0.19058066287388084,0.05000000000000001,-0.5,1.85,2.0,7.0,0,1,2,1,2,40,0,8,10,0
2000491,0.0,0.05,0.75,6.338296875000001,6.350000000000001,0.011703125000000007,-5,11.703125,2.953125,0.15625,0.078125,0.0,0.5406250000000002,0.5281249999999998,0.7813677382312652,0.05016492611801534,0.6673067480648073,0.049999999999999996,-0.55,6.900000000000001,2.0,13.0,0,3,2,1,4,37,0,10,7,0
2000492,1.0,0.05,0.75,-0.08048437499999894,-0.049999999999998934,0.03048437500000001,-8,30.484375,4.703125,0.1875,0.0625,0.0,0.5250000000000001,0.5749999999999996,0.80908007694223,0.05016869935128009,0.8037801739892065,0.05,-0.7999999999999998,0.7500000000000002,4.0,12.0,0,0,1,1,4,25,0,18,15,0
2000493,0.0,0.05,0.75,3.849109375,3.8499999999999996,0.0008906250000000006,1,0.890625,0.734375,0.125,0.140625,0.015625,0.5619047619047622,0.5261904761904761,0.5122015254358041,0.05015904136621859,0.04478466917135159,0.049999999999999996,-0.8500000000000001,4.699999999999998,3.0,14.0,0,2,2,1,1,42,0,7,8,1
2000494,1.0,0.05,0.75,0.13553124999999946,0.14999999999999947,0.01446875000000001,-6,14.46875,3.0625,0.125,0.03125,0.015625,0.5301587301587303,0.5547619047619045,0.830331110434807,0.05000876782156946,0.8240401488058282,0.05,-0.050000000000000044,0.2000000000000004,1.0,9.0,0,0,1,2,2,34,0,16,8,1
2000495,1.0,0.05,0.75,1.5925468750000014,1.6000000000000014,0.007453125000000006,-5,7.453125,2.484375,0.171875,0.09375,0.0,0.5437500000000002,0.5398437499999997,0.5646671939667658,0.05019741883700268,0.43234424789097153,0.05,-0.8499999999999999,2.45,4.0,13.0,0,2,2,1,0,38,0,14,7,0
2000496,1.0,0.05,0.75,1.1153281249999987,1.1499999999999986,0.03467187500000001,-7,34.671875,5.328125,0.1875,0.078125,0.015625,0.5333333333333334,0.5809523809523806,0.8745908738150442,0.05145170281722917,0.8635056897605251,0.05000000000000001,-0.5499999999999998,1.7000000000000006,4.0,13.0,0,1,0,0,0,27,0,20,15,1
2000497,1.0,0.05,0.75,-0.6294218749999997,-0.5999999999999996,0.029421875000000007,-10,29.421875,4.703125,0.21875,0.0625,0.0,0.5125000000000001,0.5609374999999998,0.9398071327658996,0.05335443853321257,0.936203231430983,0.05000000000000001,-1.0999999999999996,0.5000000000000003,6.0,12.0,0,0,1,4,0,32,1,18,8,0
2000498,1.0,0.05,0.75,0.010671874999998915,0.049999999999998934,0.03932812500000002,-11,39.328125,5.203125,0.234375,0.0625,0.0,0.5500000000000004,0.5726562499999995,0.9717881966907973,0.07247252753958358,0.9682851332028478,0.05,-0.30000000000000004,0.35000000000000053,3.0,16.0,0,0,1,0,0,31,0,16,16,0
2000499,0.0,0.05,0.75,2.7975625,2.8000000000000003,0.0024375000000000013,0,2.4375,1.28125,0.109375,0.109375,0.0,0.5562500000000006,0.5257812499999999,0.43787280448145,0.05000651993008458,0.11575580630422469,0.05,-1.2,4.0,3.0,11.0,1,0,2,2,1,44,0,7,7,0
2000500,0.0,0.05,0.75,5.992984375,6.0,0.007015625000000003,-3,7.015625,2.234375,0.171875,0.125,0.0,0.5218750000000002,0.5421874999999998,0.7230507659903326,0.05151040874005108,0.34721645773871235,0.05,-0.55,6.55,2.0,17.0,0,0,2,3,3,36,0,16,4,0
2000501,0.0,0.05,0.75,5.193578124999999,5.199999999999999,0.006421875000000003,-5,6.421875,1.828125,0.125,0.046875,0.0,0.5500000000000004,0.5374999999999999,0.7581593596756901,0.05000530757952437,0.7269154558958818,0.049999999999999996,-0.75,5.949999999999999,2.0,9.0,1,0,3,0,1,39,1,11,8,0
2000502,1.0,0.05,0.75,1.3116875000000032,1.3500000000000032,0.0383125,-8,38.3125,5.59375,0.21875,0.09375,0.0,0.5343750000000003,0.5773437499999996,0.9648580758403923,0.08474545413908757,0.9511922387498937,0.05,-0.7499999999999998,2.1000000000000005,5.0,15.0,0,0,0,1,0,30,0,19,14,0
2000503,0.0,0.05,0.75,2.5409531250000006,2.5500000000000007,0.009046875000000006,4,9.046875,2.453125,0.125,0.1875,0.0,0.5500000000000004,0.528125,0.5895935855173655,0.0517628830118488,0.011924639369043193,0.05000000000000001,-1.25,3.799999999999999,5.0,15.0,1,0,2,1,2,43,0,10,5,0
2000504,0.0,0.05,0.75,1.7955156249999993,1.7999999999999994,0.004484375000000003,3,4.484375,1.828125,0.09375,0.140625,0.015625,0.5619047619047622,0.5285714285714284,0.6674661916041376,0.05002123591714879,0.05691657608960457,0.049999999999999996,-0.3,2.099999999999999,1.0,14.0,0,1,1,0,2,45,0,9,5,1
2000505,0.0,0.05,0.75,5.445921874999999,5.449999999999999,0.004078125000000003,-4,4.078125,1.765625,0.171875,0.109375,0.0,0.5375000000000002,0.5257812499999999,0.342964308892755,0.05005311512334639,0.19399563429764471,0.049999999999999996,-0.6000000000000001,6.049999999999999,3.0,15.0,1,0,5,1,1,39,1,13,3,0
2000506,0.0,0.05,0.75,3.196171875,3.2,0.0038281250000000025,-2,3.828125,1.703125,0.09375,0.0625,0.0,0.5718750000000004,0.5187499999999998,0.36207347326151185,0.05000035064178647,0.2444383949713012,0.05000000000000001,-0.6000000000000001,3.8,3.0,7.0,0,1,3,0,1,47,0,7,5,0
2000507,0.0,0.05,0.75,1.7446718750000003,1.7500000000000002,0.005328125000000004,3,5.328125,2.203125,0.078125,0.125,0.015625,0.555555555555556,0.5166666666666666,0.5137169017015055,0.05001354327242868,0.03454407628480015,0.05,-1.5999999999999999,3.3499999999999996,6.0,7.0,0,1,1,3,1,48,0,6,3,1
2000508,0.0,0.05,0.75,3.694187499999999,3.6999999999999993,0.005812500000000003,-2,5.8125,2.15625,0.109375,0.078125,0.0,0.5531250000000003,0.5421874999999998,0.7499610042119677,0.050006098806715506,0.5873757039022736,0.05000000000000001,-1.1,4.8,3.0,9.0,0,0,2,1,3,38,0,10,10,0
2000509,0.0,0.05,0.75,4.048234374999999,4.049999999999999,0.0017656250000000011,-2,1.765625,0.984375,0.109375,0.078125,0.0,0.5718750000000005,0.5234374999999999,0.22927193477143074,0.05000170567721304,0.13213640380567565,0.05,-0.4,4.449999999999999,2.0,10.0,0,1,4,0,0,44,0,8,7,0
2000510,1.0,0.05,0.75,-0.6918750000000004,-0.6500000000000004,0.041874999999999996,-9,41.875,5.78125,0.203125,0.0625,0.0,0.50625,0.5703124999999997,0.8699728388829239,0.05044922157045993,0.8662187125889088,0.049999999999999996,-0.6499999999999997,4.440892098500626e-16,4.0,13.0,0,2,1,3,2,23,0,20,13,0
2000511,1.0,0.05,0.75,-0.44264062500000034,-0.40000000000000036,0.04264062500000001,-10,42.640625,5.703125,0.21875,0.0625,0.015625,0.5047619047619046,0.5833333333333329,0.9861827275946378,0.06273507683237002,0.9850487398883869,0.05,-0.7,0.3000000000000004,5.0,13.0,0,1,0,1,0,25,0,27,9,1
2000512,0.0,0.05,0.75,6.045109374999999,6.049999999999999,0.004890625000000003,-3,4.890625,1.953125,0.171875,0.125,0.0,0.5312500000000002,0.5398437499999998,0.37380573101402126,0.050259885720982014,0.16338212641503488,0.05,-0.4,6.449999999999999,2.0,17.0,2,0,1,2,1,38,0,13,7,0
2000513,1.0,0.05,0.75,0.6198124999999985,0.6499999999999986,0.030187500000000013,-10,30.1875,4.65625,0.25,0.09375,0.0,0.5343750000000004,0.5632812499999997,0.9380488473980539,0.1093905884095186,0.9104925095838704,0.05,-0.6999999999999997,1.3500000000000005,4.0,18.0,0,1,1,1,1,31,0,17,12,0
2000514,0.0,0.05,0.75,5.2919374999999995,5.3,0.008062500000000005,0,8.0625,2.59375,0.15625,0.15625,0.0,0.5468750000000003,0.5468749999999999,0.27383151000928,0.05143902494664991,0.027472407688790623,0.05000000000000002,-1.55,6.85,7.0,13.0,1,0,2,0,3,35,0,12,11,0
2000515,1.0,0.05,0.75,1.3863749999999968,1.3999999999999968,0.01362500000000001,-7,13.625,3.3125,0.1875,0.078125,0.0,0.509375,0.5585937499999998,0.687216720937671,0.05065484374504875,0.6513169708091014,0.04999999999999999,-0.2999999999999998,1.700000000000001,2.0,15.0,0,1,0,3,2,32,0,20,6,0
2000516,1.0,0.05,0.75,0.4800625000000018,0.5000000000000018,0.0199375,-9,19.9375,3.09375,0.203125,0.0625,0.015625,0.5460317460317462,0.564285714285714,0.9615301455645079,0.05814689369556234,0.9568065451597998,0.05,-0.5499999999999998,1.0500000000000005,5.0,12.0,0,0,1,1,2,31,0,13,15,1
2000517,1.0,0.05,0.75,0.12631250000000036,0.15000000000000036,0.02368750000000001,-8,23.6875,4.28125,0.171875,0.046875,0.015625,0.5365079365079367,0.5690476190476187,0.9056022656433262,0.050303147237788365,0.9021179938239843,0.05,-0.4999999999999998,0.6500000000000004,3.0,11.0,0,0,2,2,1,27,0,15,16,1
2000518,1.0,0.05,0.75,-0.41859375000000126,-0.40000000000000124,0.018593750000000006,-7,18.59375,3.59375,0.15625,0.046875,0.0,0.5375000000000003,0.5445312499999997,0.818149318193523,0.05002740519234747,0.8056922245418305,0.05,-0.44999999999999996,0.05000000000000038,2.0,11.0,0,0,2,1,1,39,1,15,5,0
2000519,1.0,0.05,0.75,0.489703125,0.5,0.010296875000000007,-6,10.296875,2.578125,0.15625,0.0625,0.0,0.5312500000000002,0.5374999999999998,0.7582801458656325,0.05005315622000442,0.7194752860352462,0.05,-0.25,0.7500000000000003,2.0,12.0,0,1,2,4,1,37,0,12,7,0
2000520,1.0,0.05,0.75,-1.6830156250000003,-1.6500000000000004,0.03301562500000002,-11,33.015625,4.953125,0.203125,0.03125,0.0,0.525,0.5656249999999996,0.9722338396608271,0.050837634773769555,0.9719225182481924,0.05,-0.6499999999999999,-0.9999999999999997,4.0,11.0,0,0,1,2,0,32,0,20,9,0
2000521,0.0,0.05,0.75,7.122265625,7.1499999999999995,0.027734374999999995,-5,27.734375,5.046875,0.1875,0.109375,0.015625,0.5206349206349209,0.5738095238095235,0.6218352581155502,0.05114591289280301,0.5231996225946786,0.05,-0.75,7.899999999999999,3.0,16.0,0,0,1,2,1,27,0,20,12,1
2000522,0.0,0.05,0.75,3.7479062499999998,3.7499999999999996,0.002093750000000001,-1,2.09375,1.03125,0.09375,0.078125,0.03125,0.5354838709677421,0.5338709677419354,0.3689791164021146,0.05000307774822545,0.18443874520526113,0.05,-0.75,4.499999999999999,4.0,7.0,0,2,0,3,1,40,0,11,5,2
2000523,0.0,0.05,0.75,5.297000000000001,5.300000000000001,0.003000000000000001,-2,3.0,1.1875,0.140625,0.109375,0.03125,0.5322580645161292,0.5387096774193547,0.3367637700514356,0.05008300600767826,0.11703030952939115,0.049999999999999996,-0.8,6.1,4.0,12.0,0,0,0,3,3,40,0,12,4,2
2000524,1.0,0.05,0.75,0.8191249999999997,0.8499999999999996,0.030875000000000014,-9,30.875,4.9375,0.21875,0.078125,0.0,0.5375000000000002,0.5632812499999996,0.8611630392088602,0.06097892087036463,0.8423334549819061,0.05,-0.6499999999999999,1.5000000000000004,4.0,15.0,0,0,2,0,1,32,0,19,10,0
2000525,1.0,0.05,0.75,-0.842609374999999,-0.7999999999999989,0.042609375000000026,-10,42.609375,5.796875,0.1875,0.03125,0.0,0.5218750000000002,0.5843749999999995,0.971383655680492,0.05066686873446472,0.9711187897173977,0.05000000000000001,-0.34999999999999987,-0.44999999999999984,2.0,12.0,0,0,0,2,0,26,0,21,15,0
2000526,0.0,0.05,0.75,3.8989687499999994,3.8999999999999995,0.0010312500000000007,-2,1.03125,0.8125,0.09375,0.0625,0.0,0.5625000000000004,0.5281249999999998,0.3531548671587383,0.0500006050990529,0.2382087240789171,0.05000000000000001,-0.6000000000000001,4.5,3.0,7.0,0,0,0,1,2,49,0,8,4,0
2000527,0.0,0.05,0.75,4.09365625,4.1000000000000005,0.006343750000000004,-1,6.34375,2.0625,0.125,0.109375,0.0,0.5343750000000002,0.5515624999999998,0.3197930785040333,0.050014187974701675,0.13762880092143326,0.05000000000000001,-1.5,5.6,5.0,10.0,0,2,0,0,1,37,1,16,7,0
2000528,1.0,0.05,0.75,-0.8267500000000008,-0.8000000000000007,0.026750000000000017,-10,26.75,4.21875,0.1875,0.03125,0.0,0.5250000000000001,0.5679687499999996,0.9658883830926558,0.050692420879155556,0.9652395022672976,0.05000000000000001,-1.2499999999999998,0.4500000000000004,7.0,7.0,0,2,2,1,2,24,0,18,15,0
2000529,0.0,0.05,0.75,7.88565625,7.9,0.014343750000000011,-4,14.34375,3.46875,0.203125,0.140625,0.015625,0.5333333333333338,0.5523809523809522,0.8975551912310971,0.1243712864714267,0.49487441586077935,0.05,-0.95,8.850000000000001,4.0,18.0,0,0,1,1,1,37,0,18,5,1
2000530,1.0,0.05,0.75,-0.17115625000000215,-0.15000000000000213,0.021156250000000015,-6,21.15625,4.25,0.15625,0.0625,0.0,0.5281250000000002,0.5515624999999996,0.7091997248062414,0.05001551763083716,0.6869771303857054,0.05,-0.7999999999999999,0.6500000000000005,3.0,11.0,0,1,2,3,0,33,1,14,10,0
2000531,0.0,0.05,0.75,6.290562499999998,6.299999999999998,0.009437500000000005,-4,9.4375,2.5,0.15625,0.09375,0.0,0.5343750000000003,0.5492187499999998,0.6174919479261839,0.05017320075668766,0.4652454905966028,0.05,-0.95,7.249999999999999,4.0,12.0,0,0,2,1,1,37,0,18,5,0
2000532,0.0,0.05,0.75,1.5392031250000002,1.5500000000000003,0.010796875000000006,5,10.796875,2.578125,0.078125,0.15625,0.015625,0.5746031746031751,0.5023809523809524,0.3478312659758834,0.050246210313016806,0.003138444580234166,0.049999999999999996,-0.45,1.9999999999999998,3.0,12.0,0,0,3,1,2,53,0,4,0,1
2000533,0.0,0.05,0.75,3.9924062499999993,3.999999999999999,0.007593750000000005,-2,7.59375,2.4375,0.09375,0.0625,0.0,0.5250000000000001,0.5445312499999998,0.6334905418476264,0.05000175406860096,0.5014033717624391,0.05,-0.8500000000000001,4.85,3.0,7.0,1,0,1,2,1,38,0,17,4,0
2000534,1.0,0.05,0.75,1.9375468749999993,1.9499999999999993,0.01245312500000001,-5,12.453125,3.046875,0.1875,0.109375,0.03125,0.5225806451612905,0.565322580645161,0.7903402782781142,0.05426033622416253,0.6789919162904414,0.05,-0.5999999999999999,2.5500000000000007,3.0,16.0,0,1,0,0,2,31,1,19,8,2
2000535,0.0,0.05,0.75,3.0490156250000005,3.0500000000000003,0.0009843750000000004,1,0.984375,0.765625,0.09375,0.109375,0.0,0.5562500000000005,0.52578125,0.24750890768850548,0.05001613214522224,0.027911138580452455,0.05,-1.25,4.300000000000001,5.0,8.0,0,0,3,3,1,43,0,7,7,0
2000536,0.0,0.05,0.75,3.4485156249999993,3.4499999999999993,0.001484375000000001,-1,1.484375,1.015625,0.109375,0.09375,0.0,0.5593750000000004,0.5445312499999998,0.5769236785610444,0.050005606029435816,0.31322422296849795,0.05000000000000001,-0.9,4.35,2.0,11.0,0,0,1,1,0,42,0,11,9,0
2000537,0.0,0.05,0.75,3.2989218749999996,3.2999999999999994,0.0010781250000000007,1,1.078125,0.828125,0.109375,0.125,0.0,0.5343750000000005,0.5234375,0.6545545690864234,0.05002536162139988,0.09574180849215255,0.05,-0.75,4.05,3.0,12.0,2,0,3,3,2,39,0,9,6,0
2000538,0.0,0.05,0.75,2.1930156249999992,2.1999999999999993,0.0069843750000000045,5,6.984375,2.015625,0.109375,0.1875,0.0,0.5656250000000005,0.5234374999999999,0.5274150731485939,0.05136638548306171,0.005580616446813368,0.05000000000000001,-1.05,3.249999999999999,4.0,15.0,1,0,0,0,0,52,0,9,2,0
2000539,0.0,0.05,0.75,2.9981406249999987,2.9999999999999987,0.001859375000000001,1,1.859375,1.109375,0.09375,0.109375,0.0,0.5500000000000004,0.5234375,0.6862600651638217,0.0500079376858473,0.12626037368849588,0.05,-1.1,4.1,3.0,10.0,1,0,3,1,1,44,0,11,3,0
2000540,0.0,0.05,0.75,5.8957187499999995,5.8999999999999995,0.004281250000000002,-4,4.28125,1.4375,0.15625,0.09375,0.015625,0.5555555555555558,0.5452380952380951,0.6796211119857712,0.050199830629142544,0.517221391298807,0.05,-1.1500000000000001,7.049999999999999,3.0,13.0,0,1,3,0,0,36,0,13,10,1
2000541,0.0,0.05,0.75,5.137749999999999,5.149999999999999,0.012250000000000007,-2,12.25,2.9375,0.15625,0.125,0.0,0.5500000000000003,0.5421874999999998,0.5719500842707443,0.05024027048066317,0.22251461341887013,0.05,-0.65,5.799999999999999,2.0,16.0,0,0,0,2,0,44,0,12,6,0
2000542,0.0,0.05,0.75,3.84428125,3.85,0.005718750000000004,2,5.71875,2.0625,0.15625,0.1875,0.0,0.5406250000000002,0.5187499999999999,0.5472760459235559,0.05255734687109554,0.01414777581295346,0.05,-1.05,4.899999999999999,4.0,18.0,3,0,3,1,0,43,0,11,3,0
2000543,1.0,0.05,0.75,-0.2677968750000009,-0.2500000000000009,0.01779687500000001,-8,17.796875,3.453125,0.15625,0.03125,0.0,0.5468750000000002,0.5562499999999997,0.904837096394886,0.05006288424119854,0.9021179938239844,0.05000000000000001,-0.44999999999999996,0.2000000000000004,3.0,9.0,0,0,1,0,3,35,0,14,11,0
2000544,0.0,0.05,0.75,3.544328125,3.55,0.005671875000000003,-3,5.671875,1.984375,0.09375,0.046875,0.0,0.5312500000000001,0.5375,0.627256134102032,0.05000045778653898,0.5650654285921655,0.05000000000000001,-0.45,4.0,1.0,8.0,0,1,5,2,1,33,0,16,6,0
2000545,1.0,0.05,0.75,1.9340156249999985,1.9499999999999984,0.015984375000000012,-5,15.984375,3.765625,0.1875,0.109375,0.015625,0.5238095238095238,0.5595238095238093,0.764156881473708,0.05316476908983625,0.6250873053670568,0.05,-0.34999999999999987,2.3000000000000016,2.0,17.0,0,2,1,0,0,32,0,22,6,1
2000546,0.0,0.05,0.75,2.999,3.0,0.0010000000000000005,-1,1.0,0.8125,0.125,0.109375,0.03125,0.538709677419355,0.5290322580645159,0.30711189855487814,0.05001468384417727,0.11000881223695444,0.049999999999999996,-1.5,4.5,5.0,10.0,2,1,0,2,1,41,0,9,6,2
2000547,1.0,0.05,0.75,-1.0702343750000018,-1.0000000000000018,0.07023437500000004,-12,70.234375,7.390625,0.203125,0.015625,0.0,0.49999999999999983,0.6007812499999994,0.9972159172791885,0.06233998211716642,0.9970632897785346,0.05,-0.6499999999999999,-0.34999999999999964,5.0,9.0,0,0,0,1,0,20,1,28,14,0
2000548,0.0,0.05,0.75,5.4954062499999985,5.499999999999998,0.004593750000000003,-4,4.59375,1.875,0.171875,0.109375,0.0,0.534375,0.5468749999999998,0.7393449825925753,0.0503732651445968,0.5638119610167588,0.05,-0.8,6.299999999999999,2.0,16.0,0,2,3,1,0,33,0,17,8,0
2000549,1.0,0.05,0.75,1.9324531249999983,1.9499999999999984,0.01754687500000001,-5,17.546875,3.859375,0.1875,0.109375,0.015625,0.5269841269841271,0.5690476190476187,0.6663124998615799,0.05108669199025276,0.5788868742717435,0.049999999999999996,-0.8999999999999999,2.8499999999999996,4.0,15.0,0,0,0,0,1,33,0,22,7,1
2000550,0.0,0.05,0.75,4.895796874999999,4.8999999999999995,0.004203125000000003,-1,4.203125,1.859375,0.15625,0.140625,0.0,0.5125000000000001,0.5539062499999998,0.7445624241978024,0.050699460262473406,0.26947261926061206,0.05,-1.5999999999999999,6.499999999999999,5.0,14.0,0,0,3,2,3,30,0,21,5,0
2000551,1.0,0.05,0.75,-0.9342343750000004,-0.9000000000000004,0.034234375000000004,-8,34.234375,5.390625,0.15625,0.03125,0.0,0.5375000000000003,0.5867187499999995,0.9223425727222091,0.05003785351929193,0.9217041850299342,0.05,-0.7999999999999998,-0.09999999999999964,4.0,8.0,0,0,0,1,0,26,1,16,20,0
2000552,0.0,0.05,0.75,3.5932968749999996,3.5999999999999996,0.0067031250000000025,3,6.703125,2.203125,0.140625,0.1875,0.015625,0.5714285714285718,0.5261904761904761,0.5236787058596348,0.05361033960724389,0.01057804272974181,0.05000000000000001,-0.8,4.3999999999999995,4.0,17.0,0,0,2,0,1,47,0,8,5,1
2000553,0.0,0.05,0.75,7.8915468749999995,7.8999999999999995,0.008453125000000004,-6,8.453125,1.984375,0.1875,0.09375,0.0,0.5406250000000001,0.5445312499999997,0.6641486550012731,0.05100627878544154,0.5795604590290939,0.05,-0.6000000000000001,8.5,3.0,15.0,0,1,0,1,4,38,0,12,8,0
2000554,1.0,0.05,0.75,-0.5871093749999989,-0.5499999999999989,0.03710937500000002,-9,37.109375,5.328125,0.1875,0.046875,0.0,0.5250000000000001,0.5656249999999996,0.959395353655657,0.05067339835382053,0.9578319235019724,0.05000000000000001,-0.5499999999999998,4.440892098500626e-16,4.0,11.0,0,1,1,1,2,29,0,19,11,0
2000555,1.0,0.05,0.75,0.44245312500000017,0.4500000000000002,0.007546875000000006,-5,7.546875,2.484375,0.125,0.046875,0.015625,0.5269841269841271,0.5547619047619045,0.8271833300038843,0.050011143763773205,0.807727529707989,0.05,-0.050000000000000044,0.5000000000000003,1.0,10.0,0,0,1,4,1,33,0,14,10,1
2000556,1.0,0.05,0.75,1.1912968749999984,1.1999999999999984,0.008703125000000006,-4,8.703125,2.671875,0.125,0.0625,0.0,0.5687500000000004,0.5351562499999999,0.6154063298248252,0.05000688871174929,0.5282338033052414,0.05,-0.5999999999999999,1.8,3.0,9.0,1,0,2,0,0,43,0,8,10,0
2000557,1.0,0.05,0.75,0.6068593750000003,0.6500000000000004,0.043140625,-9,43.140625,5.609375,0.203125,0.0625,0.0,0.5281250000000002,0.5773437499999996,0.9402472277609091,0.05404844405399688,0.9365061551011095,0.049999999999999996,-0.7499999999999998,1.4000000000000006,4.0,13.0,0,0,0,0,0,31,0,23,10,0
2000558,0.0,0.05,0.75,2.898234375,2.9,0.0017656250000000011,2,1.765625,0.953125,0.109375,0.140625,0.015625,0.5523809523809527,0.5261904761904761,0.3437598404857333,0.05025144526886831,0.0247644667511851,0.05,-1.5499999999999998,4.45,6.0,10.0,1,1,2,1,1,42,0,9,6,1
2000559,1.0,0.05,0.75,1.4462500000000003,1.4500000000000002,0.0037500000000000016,-4,3.75,1.40625,0.140625,0.078125,0.0,0.5187500000000002,0.5468749999999998,0.638594131024455,0.05002297841774843,0.5537933133073909,0.04999999999999999,-0.3999999999999999,1.8500000000000003,2.0,12.0,1,1,0,2,2,36,2,13,7,0
2000560,0.0,0.05,0.75,2.444328125,2.45,0.005671875000000004,2,5.671875,2.265625,0.109375,0.140625,0.015625,0.5460317460317462,0.5214285714285712,0.620610050893418,0.0500429398827111,0.05125370327634102,0.05000000000000001,-1.05,3.5,4.0,12.0,0,2,1,1,3,44,0,10,2,1
2000561,1.0,0.05,0.75,0.2300937499999982,0.24999999999999822,0.019906250000000007,-7,19.90625,4.09375,0.171875,0.0625,0.0,0.5250000000000004,0.5726562499999998,0.7547844745426123,0.05007145467406791,0.745233789200351,0.05,-0.19999999999999996,0.4500000000000006,1.0,14.0,0,0,0,3,1,29,1,15,15,0
2000562,0.0,0.05,0.75,6.696218749999999,6.699999999999999,0.0037812500000000016,-4,3.78125,1.53125,0.1875,0.125,0.0,0.53125,0.5398437499999998,0.3165787201071687,0.050397440608942155,0.14844766371507812,0.05,-0.8,7.5,4.0,16.0,2,2,0,0,2,37,0,14,7,0
2000563,0.0,0.05,0.75,3.548359375,3.55,0.001640625000000001,-2,1.640625,1.015625,0.09375,0.0625,0.0,0.5531250000000004,0.5351562499999999,0.4601234319014968,0.05000054305175739,0.35021827970607583,0.05,-1.1500000000000001,4.7,4.0,6.0,0,0,2,1,3,41,0,10,7,0
2000564,0.0,0.05,0.75,6.291765625,6.3,0.008234375000000004,-2,8.234375,2.265625,0.171875,0.140625,0.015625,0.5396825396825399,0.5547619047619045,0.3862593670217234,0.051162422284471036,0.10574416850753236,0.049999999999999996,-1.4000000000000001,7.699999999999998,5.0,15.0,0,0,0,2,0,38,0,15,8,1
2000565,0.0,0.05,0.75,3.949031249999999,3.9499999999999993,0.0009687500000000006,0,0.96875,0.78125,0.140625,0.140625,0.015625,0.5365079365079367,0.5285714285714284,0.41117206974941234,0.05017204825845323,0.052460693234960214,0.05000000000000001,-0.8500000000000001,4.799999999999999,3.0,15.0,1,0,3,2,4,37,1,8,7,1
2000566,0.0,0.05,0.75,4.1486874999999985,4.149999999999999,0.0013125000000000005,0,1.3125,0.78125,0.15625,0.15625,0.0,0.5343750000000003,0.5374999999999999,0.48553425076920154,0.05036866569819149,0.06052463011648844,0.05000000000000001,-1.4000000000000001,5.549999999999999,5.0,15.0,2,0,3,3,0,35,0,11,10,0
2000567,1.0,0.05,0.75,0.7203281249999982,0.7499999999999982,0.029671875000000018,-8,29.671875,4.953125,0.1875,0.0625,0.0,0.5375000000000002,0.5749999999999995,0.9592973683462742,0.05199244997795925,0.9562751770243301,0.05000000000000001,-0.30000000000000004,1.0500000000000003,4.0,12.0,0,0,1,1,1,28,0,17,16,0
2000568,1.0,0.05,0.75,2.244578124999998,2.2499999999999982,0.005421875000000004,-5,5.421875,2.015625,0.171875,0.09375,0.0,0.5500000000000004,0.5421874999999998,0.8973104459033171,0.053135962635439855,0.7888456031787316,0.049999999999999996,-0.25,2.5000000000000004,2.0,15.0,0,0,1,2,0,42,0,12,7,0
2000569,1.0,0.05,0.75,-1.3587656250000006,-1.3000000000000007,0.05876562500000004,-10,58.765625,6.859375,0.171875,0.015625,0.015625,0.5079365079365078,0.5880952380952376,0.9789330188491696,0.05036074386477839,0.978810301865658,0.049999999999999996,-0.2999999999999998,-0.9999999999999996,2.0,10.0,0,1,0,0,0,24,0,28,10,1
2000570,1.0,0.05,0.75,-1.1134374999999996,-1.0999999999999996,0.013437500000000008,-7,13.4375,2.8125,0.125,0.015625,0.015625,0.5365079365079367,0.5428571428571426,0.8229188004038235,0.05000289108243843,0.8194784615020334,0.05000000000000001,-0.19999999999999996,-0.8999999999999998,1.0,8.0,0,1,1,2,1,38,0,14,6,1
2000571,1.0,0.05,0.75,2.6305000000000005,2.6500000000000004,0.019500000000000007,-6,19.5,3.84375,0.203125,0.109375,0.015625,0.5301587301587302,0.5619047619047616,0.776036618057683,0.06811049206732013,0.6392841749846774,0.05,-0.4999999999999998,3.1500000000000004,3.0,17.0,0,1,2,1,0,30,0,19,10,1
2000572,0.0,0.05,0.75,2.896890624999999,2.899999999999999,0.003109375000000002,3,3.109375,1.484375,0.109375,0.15625,0.0,0.5656250000000005,0.51640625,0.47874986761749566,0.050262356785265604,0.014186888431798361,0.05000000000000001,-0.8,3.6999999999999997,4.0,13.0,0,0,3,1,1,49,1,6,3,0
2000573,1.0,0.05,0.75,0.34409374999999964,0.34999999999999964,0.0059062500000000035,-4,5.90625,2.0,0.109375,0.046875,0.0,0.5531250000000002,0.5351562499999999,0.7839519840577306,0.050002795168155166,0.7306352570058042,0.05000000000000001,-0.1499999999999999,0.5000000000000002,1.0,9.0,0,1,5,0,1,36,0,13,8,0
2000574,1.0,0.05,0.75,1.1877343750000011,1.200000000000001,0.01226562500000001,-5,12.265625,3.203125,0.15625,0.078125,0.0,0.5343750000000003,0.5421874999999998,0.7104659384607752,0.05008331556305856,0.6300338927101475,0.05,-0.19999999999999996,1.4000000000000001,1.0,14.0,0,2,2,2,2,34,0,13,9,0
2000575,0.0,0.05,0.75,4.4990625,4.5,0.0009375000000000005,-3,0.9375,0.6875,0.125,0.078125,0.015625,0.5365079365079366,0.5404761904761902,0.5613424147082917,0.05000925699365164,0.4105260305616267,0.05,-0.4,4.9,2.0,11.0,2,0,2,1,2,35,0,12,9,1
2000576,1.0,0.05,0.75,-0.11373437500000143,-0.10000000000000142,0.013734375000000009,-7,13.734375,3.078125,0.15625,0.046875,0.0,0.5406250000000002,0.5304687499999998,0.7004975623380227,0.05001822034065716,0.6821751334639348,0.04999999999999999,-0.8499999999999999,0.7500000000000002,3.0,10.0,1,3,2,0,1,38,0,13,6,0
2000577,1.0,0.05,0.75,-0.2132656249999993,-0.1999999999999993,0.01326562500000001,-6,13.265625,3.234375,0.140625,0.046875,0.03125,0.5225806451612904,0.5459677419354836,0.774391119829741,0.05001762241172206,0.7542676395781417,0.049999999999999996,-0.30000000000000004,0.10000000000000042,1.0,11.0,0,2,2,3,1,31,0,15,8,2
2000578,1.0,0.05,0.75,1.546624999999999,1.549999999999999,0.003375000000000002,-2,3.375,1.65625,0.09375,0.0625,0.0,0.5343750000000003,0.5421874999999998,0.37326313801573474,0.05000041336699448,0.29406024039399437,0.05,-0.5999999999999999,2.1500000000000004,3.0,7.0,0,0,1,3,2,39,0,13,6,0
2000579,0.0,0.05,0.75,6.6472968749999986,6.649999999999999,0.002703125000000002,-3,2.703125,1.453125,0.15625,0.109375,0.0,0.5468750000000002,0.5398437499999998,0.15944246220689792,0.05008481979949725,0.06744218265954405,0.049999999999999996,-0.8500000000000001,7.5,5.0,12.0,0,0,3,2,2,37,0,11,9,0
2000580,0.0,0.05,0.75,6.595,6.6,0.005000000000000002,-4,5.0,1.5625,0.171875,0.109375,0.015625,0.5269841269841271,0.545238095238095,0.5786194451617459,0.050750051940246316,0.3500696321629408,0.05,-0.8500000000000001,7.449999999999999,3.0,15.0,1,0,1,4,0,36,0,13,8,1
2000581,1.0,0.05,0.75,1.289031249999999,1.299999999999999,0.010968750000000006,-5,10.96875,2.84375,0.15625,0.078125,0.0,0.5343750000000002,0.5562499999999997,0.6069763901049993,0.050036677662169474,0.563831593211675,0.05,-0.9499999999999997,2.2499999999999996,5.0,10.0,0,0,2,2,0,34,1,15,10,0
2000582,0.0,0.05,0.75,2.746234375,2.75,0.0037656250000000007,5,3.765625,1.390625,0.109375,0.1875,0.0,0.5625000000000004,0.5210937499999999,0.2291523899983232,0.058735716686748596,0.0008621379329465171,0.05000000000000001,-1.0,3.75,6.0,13.0,0,0,2,1,1,49,1,7,3,0
2000583,1.0,0.05,0.75,0.9302187499999993,0.9499999999999993,0.019781250000000014,-6,19.78125,3.84375,0.171875,0.078125,0.015625,0.5238095238095242,0.5523809523809521,0.7889843812996655,0.050327933043166746,0.7462717724310984,0.05,-0.5999999999999999,1.5500000000000005,3.0,13.0,0,1,3,3,0,30,0,17,9,1
2000584,1.0,0.05,0.75,0.4656093749999991,0.4999999999999991,0.03439062500000001,-7,34.390625,5.328125,0.171875,0.0625,0.0,0.5375000000000002,0.5632812499999997,0.9444567632032365,0.0506759612999797,0.935675982253744,0.05000000000000001,-0.7999999999999998,1.3000000000000005,5.0,10.0,0,0,2,1,1,31,0,17,12,0
2000585,0.0,0.05,0.75,8.636765624999999,8.649999999999999,0.013234375000000008,-7,13.234375,2.828125,0.21875,0.109375,0.015625,0.5206349206349208,0.5738095238095234,0.7843888650032772,0.06354402725488578,0.7229696880298653,0.05,-0.55,9.2,2.0,19.0,0,0,0,3,0,29,0,19,12,1
2000586,1.0,0.05,0.75,0.07859374999999964,0.09999999999999964,0.02140625,-8,21.40625,4.4375,0.1875,0.0625,0.015625,0.5238095238095241,0.5666666666666663,0.9138844925790519,0.05082347655037362,0.9085465927412822,0.05000000000000001,-0.3999999999999999,0.5000000000000004,2.0,14.0,1,0,1,0,0,31,0,22,8,1
2000587,0.0,0.05,0.75,3.9496406250000002,3.95,0.0003593750000000002,0,0.359375,0.359375,0.109375,0.109375,0.0,0.5625000000000006,0.5351562499999999,0.13025274241245038,0.05003006750024462,0.027096453789109326,0.049999999999999996,-1.3,5.25,6.0,8.0,0,0,1,2,0,45,0,8,8,0
2000588,1.0,0.05,0.75,3.3493750000000015,3.3500000000000014,0.0006250000000000004,-1,0.625,0.59375,0.125,0.109375,0.0,0.5500000000000004,0.5351562499999999,0.7261421669360042,0.050056466525338364,0.295761155763734,0.05000000000000001,-0.3999999999999999,3.7499999999999996,2.0,13.0,0,0,4,1,2,38,1,10,8,0
2000589,1.0,0.05,0.75,0.8193437499999996,0.8499999999999996,0.030656250000000013,-8,30.65625,5.15625,0.203125,0.078125,0.0,0.515625,0.5609374999999996,0.8414584453769944,0.05200280012821463,0.8253481379545552,0.05,-0.5499999999999998,1.4000000000000006,3.0,15.0,0,1,2,2,2,28,0,20,9,0
2000590,0.0,0.05,0.75,6.493437500000001,6.500000000000001,0.006562500000000004,-5,6.5625,2.0625,0.15625,0.078125,0.015625,0.5396825396825399,0.5380952380952378,0.6342162270717222,0.050096511717231396,0.5396898622812121,0.05,-0.55,7.05,2.0,13.0,1,0,2,2,2,37,0,11,8,1
2000591,1.0,0.05,0.75,0.6242499999999985,0.6499999999999986,0.025750000000000006,-8,25.75,4.375,0.203125,0.078125,0.0,0.5125000000000001,0.5820312499999996,0.9431846045880105,0.0535287407426966,0.9378430395778315,0.05,-0.25,0.9000000000000006,2.0,16.0,0,0,0,4,1,24,0,19,16,0
2000592,1.0,0.05,0.75,-0.5652187500000008,-0.5500000000000007,0.01521875000000001,-9,15.21875,3.5,0.1875,0.046875,0.015625,0.5396825396825398,0.5523809523809521,0.9084077757893009,0.0504938971055218,0.9042975694209283,0.05,-0.2999999999999998,-0.24999999999999956,2.0,13.0,0,0,1,1,2,36,0,15,8,1
2000593,0.0,0.05,0.75,6.64575,6.6499999999999995,0.004250000000000003,-4,4.25,1.84375,0.171875,0.109375,0.0,0.5406250000000002,0.5421874999999999,0.9386497238113903,0.05567939204463272,0.7865627733637559,0.05,-0.35000000000000003,6.999999999999999,1.0,17.0,0,0,3,2,2,36,0,13,8,0
2000594,0.0,0.05,0.75,0.9944218750000005,1.0000000000000004,0.005578125000000003,4,5.578125,1.703125,0.0625,0.125,0.0,0.5687500000000005,0.51171875,0.3945597530190372,0.05001013594147382,0.018526411743905968,0.05000000000000001,-1.5,2.5,5.0,7.0,1,0,3,0,1,50,0,7,2,0
2000595,1.0,0.05,0.75,0.13899999999999946,0.14999999999999947,0.011000000000000008,-5,11.0,3.03125,0.125,0.046875,0.015625,0.5206349206349207,0.5547619047619045,0.8648876735037474,0.050009874487166095,0.8528075980538925,0.05,-0.25,0.40000000000000024,2.0,9.0,0,0,2,3,1,32,0,18,7,1
2000596,0.0,0.05,0.75,1.6405781250000002,1.6500000000000001,0.009421875000000005,5,9.421875,2.265625,0.09375,0.171875,0.0,0.5468750000000003,0.5140625000000001,0.5042216746178337,0.050292029632247263,0.007238010456260459,0.049999999999999996,-1.1,2.749999999999999,4.0,13.0,1,0,3,2,3,45,0,8,2,0
2000597,0.0,0.05,0.75,6.043624999999999,6.049999999999999,0.006375000000000005,-4,6.375,2.125,0.140625,0.078125,0.0,0.5500000000000004,0.5492187499999998,0.4878780801059821,0.05002355327404235,0.37998201599188963,0.05,-0.4,6.450000000000001,2.0,12.0,0,1,1,1,4,34,0,9,14,0
2000598,1.0,0.05,0.75,2.341921874999998,2.349999999999998,0.008078125000000005,-6,8.078125,2.546875,0.203125,0.109375,0.015625,0.5301587301587304,0.5642857142857141,0.9668429338651164,0.10668782600459542,0.9131351726405348,0.05,-0.75,3.100000000000001,4.0,16.0,1,1,0,1,1,30,0,16,13,1
2000599,1.0,0.05,0.75,-2.328593750000001,-2.3000000000000007,0.028593750000000015,-10,28.59375,4.59375,0.15625,0.0,0.015625,0.5238095238095241,0.5595238095238092,0.9684731242093009,0.05004166140305415,0.9683194573190053,0.05,-0.5,-1.7999999999999996,2.0,8.0,0,1,1,2,2,30,0,17,10,1
2000600,1.0,0.05,0.75,0.1869218749999993,0.1999999999999993,0.01307812500000001,-8,13.078125,3.046875,0.171875,0.046875,0.015625,0.5587301587301589,0.552380952380952,0.9087372060219937,0.05038904142745525,0.9027803948748399,0.05,-0.44999999999999996,0.6500000000000006,3.0,11.0,0,0,3,0,1,34,0,12,13,1
2000601,1.0,0.05,0.75,1.026625,1.0499999999999998,0.023375,-5,23.375,4.3125,0.140625,0.0625,0.0,0.5437500000000002,0.5609374999999996,0.8881830641766608,0.05005591591118293,0.8700605149760208,0.05,-0.050000000000000044,1.1000000000000003,1.0,12.0,0,0,1,0,1,35,1,15,11,0
2000602,1.0,0.05,0.75,2.621531250000001,2.6500000000000012,0.028468750000000004,-5,28.46875,4.875,0.203125,0.125,0.0,0.5250000000000001,0.5703124999999997,0.7699301858088229,0.059991407213810626,0.6163257664578284,0.049999999999999996,-0.7499999999999998,3.4000000000000004,5.0,16.0,1,0,1,1,0,29,0,20,12,0
2000603,0.0,0.05,0.75,6.544703124999998,6.549999999999998,0.005296875000000003,-3,5.296875,1.921875,0.171875,0.125,0.0,0.5281250000000002,0.5585937499999997,0.6736481915192462,0.05164119139908225,0.3897744991421184,0.05,-1.3,7.849999999999999,4.0,15.0,0,0,0,2,0,37,0,19,6,0
2000604,1.0,0.05,0.75,-0.27214062499999914,-0.2499999999999991,0.022140625000000014,-8,22.140625,4.296875,0.171875,0.046875,0.015625,0.5015873015873015,0.5666666666666663,0.9131866712777833,0.05022405961961997,0.9096608862038866,0.05,-0.8499999999999999,0.6000000000000004,4.0,10.0,0,2,0,3,0,28,2,19,9,1
2000605,1.0,0.05,0.75,2.9357187500000035,3.0000000000000036,0.06428125000000003,-7,64.28125,7.28125,0.25,0.140625,0.046875,0.5081967213114755,0.5836065573770487,0.9798879188400341,0.26451036413629414,0.7702306198952884,0.05000000000000002,-0.7999999999999999,3.8,3.0,22.0,0,0,1,2,1,22,0,23,12,3
2000606,0.0,0.05,0.75,3.8477499999999996,3.8499999999999996,0.0022500000000000016,-2,2.25,1.1875,0.109375,0.078125,0.0,0.5562500000000006,0.5304687499999998,0.4419175854674223,0.0500021068735256,0.27378494019057387,0.05,-0.4,4.25,2.0,10.0,0,1,1,1,2,44,0,9,6,0
2000607,0.0,0.05,0.75,5.195515625,5.199999999999999,0.004484375000000003,-4,4.484375,1.921875,0.140625,0.078125,0.046875,0.5213114754098364,0.5540983606557376,0.527063528024676,0.050023380837082465,0.4534636568810717,0.05000000000000001,-0.2,5.3999999999999995,1.0,13.0,0,1,2,1,2,30,1,17,7,3
2000608,1.0,0.05,0.75,2.748609375,2.75,0.0013906250000000006,-2,1.390625,0.921875,0.125,0.09375,0.0,0.5562500000000005,0.5328124999999999,0.3741449292481035,0.05001001052942668,0.18596178657689388,0.05000000000000001,-0.5999999999999999,3.3499999999999996,3.0,11.0,0,0,0,0,4,46,0,10,4,0
2000609,0.0,0.05,0.75,6.092609374999999,6.1,0.007390625000000004,1,7.390625,2.234375,0.1875,0.203125,0.015625,0.5523809523809525,0.5309523809523807,0.2801985923229906,0.12094797851361293,0.006123560557193197,0.05,-1.75,7.85,8.0,17.0,0,0,1,1,1,46,0,12,2,1
2000610,1.0,0.05,0.75,1.582015624999998,1.5999999999999979,0.017984375000000004,-7,17.984375,3.453125,0.203125,0.09375,0.0,0.5125000000000001,0.5679687499999997,0.9431395322065094,0.06219585805209539,0.9246939627879576,0.05000000000000001,-0.9499999999999997,2.55,6.0,13.0,0,0,2,3,2,26,0,20,11,0
2000611,1.0,0.05,0.75,0.13706250000000106,0.20000000000000107,0.06293750000000001,-9,62.9375,7.28125,0.21875,0.078125,0.015625,0.49206349206349215,0.5952380952380947,0.9309420381753252,0.0555580465228439,0.9273920045135701,0.05,-0.6499999999999997,0.8500000000000004,4.0,15.0,0,0,0,5,0,18,0,24,16,1
2000612,1.0,0.05,0.75,3.3954374999999994,3.3999999999999995,0.004562500000000003,-2,4.5625,1.875,0.15625,0.125,0.0,0.5468750000000004,0.5539062499999998,0.5366620322118,0.05023945761476383,0.23865902585368698,0.05,-0.3999999999999999,3.8000000000000007,2.0,16.0,0,0,1,1,0,38,1,13,10,0
2000613,1.0,0.05,0.75,-0.43951562500000035,-0.40000000000000036,0.03951562500000001,-12,39.515625,5.609375,0.234375,0.046875,0.015625,0.5174603174603175,0.5785714285714283,0.9961861374749694,0.1283336523117006,0.9943380761761555,0.05,-0.7499999999999998,0.35000000000000053,5.0,13.0,0,0,1,1,1,26,0,23,11,1
2000614,0.0,0.05,0.75,3.6986406250000003,3.7,0.0013593750000000008,1,1.359375,0.984375,0.125,0.140625,0.0,0.5468750000000003,0.5351562499999998,0.3984487828255856,0.050126389539815124,0.042625665541855935,0.05,-1.2000000000000002,4.8999999999999995,4.0,13.0,0,1,1,1,2,42,0,12,5,0
2000615,1.0,0.05,0.75,-0.8036562500000001,-0.75,0.05365625000000002,-11,53.65625,6.5625,0.234375,0.0625,0.0,0.5187499999999999,0.5679687499999997,0.9616369703633425,0.06096829252765665,0.9585453699912394,0.05,-1.3999999999999997,0.6500000000000006,7.0,12.0,0,2,3,1,2,22,0,20,14,0
2000616,1.0,0.05,0.75,-1.422093749999998,-1.3499999999999979,0.07209374999999998,-13,72.09375,7.5625,0.25,0.046875,0.015625,0.5015873015873016,0.5857142857142852,0.9906662442070865,0.09655534493867554,0.9884676497179584,0.05,-1.1499999999999997,-0.1999999999999995,7.0,12.0,0,0,1,1,0,24,0,29,8,1
2000617,1.0,0.05,0.75,-0.059328125000001605,-0.0500000000000016,0.009328125000000003,-8,9.328125,2.109375,0.171875,0.046875,0.0,0.5406250000000001,0.5445312499999998,0.934355030740512,0.05033998099586733,0.9284978285650572,0.05,-0.19999999999999996,0.15000000000000058,1.0,13.0,0,1,2,0,0,39,1,16,5,0
2000618,0.0,0.05,0.75,5.598984375,5.6,0.0010156250000000005,-3,1.015625,0.703125,0.140625,0.09375,0.0,0.5593750000000003,0.528125,0.4216542481407366,0.050034735231840564,0.20937565622476617,0.05,-0.6000000000000001,6.199999999999999,3.0,12.0,0,1,2,1,1,44,0,9,6,0
2000619,0.0,0.05,0.75,2.9993125,3.0,0.0006875000000000003,1,0.6875,0.5625,0.09375,0.109375,0.0,0.5593750000000003,0.5187499999999999,0.21101798785312573,0.05001790151156551,0.023938087776613548,0.049999999999999996,-0.8999999999999999,3.9000000000000004,4.0,9.0,0,1,3,1,2,45,0,8,4,0
2000620,1.0,0.05,0.75,1.481562499999999,1.4999999999999991,0.018437500000000013,-6,18.4375,3.875,0.171875,0.078125,0.0,0.5250000000000002,0.5515624999999997,0.780899021347422,0.05046350445612677,0.727576966412035,0.05,-0.7999999999999998,2.3000000000000007,5.0,11.0,0,1,2,3,0,33,0,17,8,0
2000621,0.0,0.05,0.75,6.396999999999999,6.3999999999999995,0.003000000000000002,-3,3.0,1.40625,0.171875,0.125,0.015625,0.5428571428571431,0.538095238095238,0.6977009754390296,0.052370260604880446,0.3295928580505968,0.05,-0.6000000000000001,6.999999999999999,3.0,16.0,0,0,2,1,1,41,0,15,3,1
2000622,0.0,0.05,0.75,5.239421874999999,5.249999999999999,0.010578125000000006,-3,10.578125,2.859375,0.125,0.078125,0.0,0.5343750000000003,0.5515624999999998,0.4275869346924831,0.05000659062783656,0.33443887350837675,0.05000000000000002,-1.05,6.3,4.0,9.0,0,0,2,1,1,36,1,16,7,0
2000623,1.0,0.05,0.75,2.1454062499999993,2.1499999999999995,0.004593750000000003,-3,4.59375,1.875,0.15625,0.109375,0.0,0.5125000000000001,0.5445312499999998,0.39970207659248813,0.05003772691985324,0.2498909058372672,0.05,-0.3500000000000001,2.5000000000000004,1.0,16.0,0,2,2,3,0,34,1,18,4,0
2000624,0.0,0.05,0.75,1.8921718749999998,1.9,0.007828125000000005,4,7.828125,2.359375,0.078125,0.140625,0.015625,0.5650793650793656,0.5071428571428572,0.4041218760730422,0.0500950320803209,0.008357269134070214,0.05,-0.95,2.8499999999999996,4.0,10.0,1,1,3,1,2,47,0,4,4,1
2000625,0.0,0.05,0.75,7.443140625,7.45,0.006859375000000004,-5,6.859375,2.171875,0.171875,0.09375,0.03125,0.5548387096774197,0.5532258064516127,0.7657224899421147,0.052567320618944084,0.6393496779250449,0.05,-0.2,7.650000000000001,1.0,16.0,0,0,0,0,0,40,0,14,8,2
2000626,1.0,0.05,0.75,0.13306249999999945,0.14999999999999947,0.01693750000000001,-7,16.9375,3.59375,0.15625,0.046875,0.0,0.5375000000000002,0.5656249999999996,0.9450743230605354,0.05015807214281201,0.9404964211769375,0.05000000000000002,-0.5999999999999999,0.7500000000000004,4.0,9.0,0,0,1,2,0,32,0,16,13,0
2000627,1.0,0.05,0.75,3.8948124999999987,3.8999999999999986,0.005187500000000001,-1,5.1875,1.75,0.125,0.109375,0.0,0.5531250000000003,0.5468749999999997,0.33702873394718846,0.05003057906163665,0.11472234968452864,0.05,-0.19999999999999996,4.1,1.0,14.0,0,0,0,1,0,43,0,13,7,0
2000628,0.0,0.05,0.75,4.644093750000001,4.65,0.0059062500000000035,-2,5.90625,2.0625,0.125,0.09375,0.0,0.5468750000000003,0.5539062499999997,0.5676645141869587,0.05001798353385307,0.35899589408834426,0.05,-0.75,5.400000000000001,3.0,11.0,0,0,1,1,0,38,0,15,9,0
2000629,1.0,0.05,0.75,3.191421874999999,3.1999999999999993,0.008578125000000004,-4,8.578125,2.640625,0.1875,0.125,0.0,0.5406250000000002,0.5492187499999998,0.46977729746854807,0.05162682967559732,0.2328874033751727,0.05,-0.4999999999999998,3.6999999999999993,3.0,17.0,0,0,1,0,3,38,0,16,6,0
2000630,0.0,0.05,0.75,4.683937499999998,4.699999999999998,0.01606250000000001,-2,16.0625,3.6875,0.125,0.09375,0.0,0.5375000000000003,0.5515625,0.3194543237423119,0.05000733582845058,0.19728227737722528,0.05,-0.55,5.249999999999999,3.0,11.0,1,1,3,0,1,31,0,16,11,0
2000631,0.0,0.05,0.75,4.447328124999999,4.449999999999999,0.0026718750000000015,0,2.671875,1.453125,0.125,0.125,0.03125,0.5516129032258067,0.536290322580645,0.2626911838156558,0.05016135336137163,0.03155454471834019,0.05,-0.8,5.25,4.0,12.0,0,0,3,1,2,38,0,11,7,2
2000632,1.0,0.05,0.75,0.8374062499999997,0.8499999999999996,0.012593750000000008,-5,12.59375,2.78125,0.140625,0.0625,0.015625,0.5142857142857141,0.5595238095238092,0.6812005983299896,0.050019670462645036,0.6481588865990117,0.05,0.0,0.8500000000000006,0.0,13.0,0,2,0,2,0,32,1,19,7,1
2000633,1.0,0.05,0.75,1.4450156249999992,1.4499999999999993,0.0049843750000000036,-5,4.984375,1.734375,0.140625,0.0625,0.015625,0.5523809523809526,0.5309523809523807,0.5569149893646791,0.05002917866761918,0.4783465389321463,0.05,-0.5499999999999998,2.0,3.0,10.0,1,0,0,1,1,46,0,10,4,1
2000634,0.0,0.05,0.75,5.690328124999999,5.699999999999999,0.009671875000000005,-2,9.671875,2.515625,0.171875,0.140625,0.015625,0.5238095238095241,0.5499999999999997,0.7173596064567658,0.052486366441150276,0.2567048026888179,0.05,-1.05,6.749999999999999,4.0,16.0,0,0,1,1,5,34,0,17,5,1
2000635,0.0,0.05,0.75,1.8481249999999998,1.8499999999999999,0.0018750000000000012,2,1.875,1.1875,0.078125,0.109375,0.0,0.5718750000000005,0.5187499999999999,0.1559378368520339,0.05001343185778034,0.016876209958140452,0.05,-1.0999999999999999,2.9499999999999997,5.0,7.0,0,1,2,0,1,49,0,7,4,0
2000636,0.0,0.05,0.75,4.5994375,4.6,0.0005625000000000003,0,0.5625,0.53125,0.140625,0.140625,0.03125,0.5451612903225809,0.5387096774193547,0.5173456808026746,0.05043486684854945,0.0660306940050165,0.05,-1.25,5.849999999999999,5.0,13.0,0,1,0,1,2,41,0,12,5,2
2000637,1.0,0.05,0.75,-0.07434374999999982,-0.04999999999999982,0.02434375,-6,24.34375,4.5,0.140625,0.046875,0.015625,0.5174603174603176,0.5738095238095234,0.8948644904605175,0.050026571010472816,0.8905736110200919,0.049999999999999996,-0.6499999999999999,0.6000000000000001,4.0,8.0,0,0,1,1,1,28,1,21,10,1
2000638,0.0,0.05,0.75,3.0950000000000006,3.1000000000000005,0.005000000000000003,1,5.0,2.0625,0.109375,0.125,0.0,0.5562500000000004,0.51640625,0.32271678569941,0.05004131645812349,0.0334760977140081,0.05,-1.25,4.3500000000000005,5.0,10.0,1,0,1,2,2,49,0,6,3,0
2000639,0.0,0.05,0.75,5.884703124999999,5.899999999999999,0.015296875000000012,-5,15.296875,3.453125,0.140625,0.0625,0.0,0.525,0.5539062499999997,0.6761121964750105,0.05001526066610332,0.6391988689992759,0.05,-0.8500000000000001,6.749999999999999,3.0,10.0,0,1,0,2,2,35,0,17,7,0
2000640,1.0,0.05,0.75,-0.6681562500000003,-0.6500000000000004,0.018156250000000006,-7,18.15625,3.46875,0.140625,0.03125,0.0,0.5281250000000003,0.5562499999999998,0.9213479652680603,0.05001710959390412,0.9187008168930687,0.05,-0.25,-0.3999999999999997,2.0,9.0,1,0,0,2,1,35,0,16,9,0
2000641,0.0,0.05,0.75,2.492562499999999,2.499999999999999,0.007437500000000005,5,7.4375,2.25,0.109375,0.1875,0.015625,0.5587301587301591,0.5285714285714286,0.37108606118111437,0.05560000149147451,0.0038444972188321734,0.049999999999999996,-1.0,3.499999999999999,5.0,14.0,0,1,0,1,1,47,0,9,4,1
2000642,0.0,0.05,0.75,4.698328124999998,4.699999999999998,0.001671875000000001,0,1.671875,1.015625,0.15625,0.15625,0.0,0.5343750000000003,0.5515624999999997,0.5883824045165006,0.050671344505778336,0.10768950608903842,0.05,-1.25,5.949999999999999,4.0,16.0,0,0,0,1,4,37,0,15,7,0
2000643,0.0,0.05,0.75,5.146390624999999,5.149999999999999,0.0036093750000000028,-3,3.609375,1.734375,0.140625,0.09375,0.0,0.5500000000000003,0.5351562499999998,0.37564835532614604,0.05001559070888166,0.21245577895483497,0.05,-0.4,5.549999999999999,2.0,13.0,0,0,0,2,1,46,0,11,4,0
2000644,1.0,0.05,0.75,-1.9215312499999997,-1.8499999999999996,0.07153125000000002,-13,71.53125,7.75,0.21875,0.015625,0.0,0.5093749999999999,0.5937499999999996,0.9860386622798794,0.05440471984080379,0.9857665746498235,0.05,-1.0999999999999996,-0.7499999999999996,6.0,9.0,0,0,0,1,0,23,1,25,14,0
2000645,0.0,0.05,0.75,0.9942031250000002,1.0000000000000002,0.005796875000000004,5,5.796875,2.046875,0.0625,0.140625,0.0,0.5656250000000004,0.5210937499999998,0.30170684335086556,0.05006350312902643,0.00816550947955969,0.049999999999999996,-0.8999999999999999,1.8999999999999997,4.0,9.0,0,1,3,0,2,45,1,6,6,0
2000646,1.0,0.05,0.75,0.38599999999999945,0.39999999999999947,0.014000000000000009,-7,14.0,2.90625,0.1875,0.078125,0.0,0.5375000000000002,0.5445312499999997,0.853648194359558,0.050602236566236684,0.8227627288252495,0.05,-0.44999999999999996,0.8500000000000001,3.0,14.0,1,1,0,2,2,37,1,9,11,0
2000647,1.0,0.05,0.75,-0.11890625000000321,-0.1000000000000032,0.018906250000000006,-7,18.90625,4.09375,0.171875,0.0625,0.03125,0.5129032258064516,0.5604838709677417,0.6798864093820353,0.05005890896547259,0.6679009615034303,0.05,-0.55,0.4500000000000005,2.0,13.0,0,0,3,2,2,27,1,19,8,2
2000648,0.0,0.05,0.75,6.4980312499999995,6.499999999999999,0.0019687500000000013,-3,1.96875,1.0625,0.171875,0.125,0.03125,0.538709677419355,0.5411290322580643,0.5408947299722003,0.05196678269578874,0.19531353782534996,0.05,-0.8500000000000001,7.349999999999999,3.0,16.0,0,1,1,2,0,39,0,14,5,2
2000649,1.0,0.05,0.75,0.6776562499999993,0.6999999999999993,0.022343750000000006,-7,22.34375,4.40625,0.1875,0.078125,0.0,0.51875,0.5726562499999996,0.7650946575313334,0.050332352451310534,0.7492186660397525,0.05,-0.19999999999999996,0.9000000000000006,1.0,16.0,0,0,1,2,0,29,0,22,10,0
2000650,0.0,0.05,0.75,2.987796875,3.0,0.012203125000000007,5,12.203125,2.734375,0.125,0.203125,0.03125,0.5612903225806457,0.5241935483870968,0.3504904256229368,0.07477567369789684,0.0015784199824006348,0.05,-1.3,4.3,6.0,15.0,0,1,3,0,0,44,0,11,3,2
2000651,0.0,0.05,0.75,4.79296875,4.8,0.0070312500000000045,-4,7.03125,2.125,0.109375,0.046875,0.0,0.5718750000000005,0.5398437499999997,0.5940595597493875,0.05000132804049739,0.5470023989491098,0.05,-0.75,5.550000000000001,3.0,7.0,0,0,0,0,1,46,0,8,9,0
2000652,0.0,0.05,0.75,2.597546875,2.6,0.0024531250000000017,2,2.453125,1.359375,0.109375,0.140625,0.0,0.5531250000000005,0.5421874999999999,0.40277696869022456,0.050066726043993565,0.046129616899793516,0.049999999999999996,-1.05,3.65,4.0,12.0,0,1,1,1,1,40,0,11,9,0
2000653,1.0,0.05,0.75,0.6377656250000003,0.6500000000000004,0.012234375000000007,-5,12.234375,3.078125,0.140625,0.0625,0.0,0.5406250000000002,0.5539062499999998,0.8244056036620258,0.050026891178801026,0.7951730848263124,0.05,0.0,0.6500000000000005,0.0,13.0,0,0,1,1,1,37,0,16,8,0
2000654,0.0,0.05,0.75,3.248546875,3.25,0.0014531250000000009,0,1.453125,0.984375,0.125,0.125,0.015625,0.5587301587301592,0.5404761904761903,0.7214655932741821,0.05006116009544302,0.2361467198447934,0.05,-0.35000000000000003,3.5999999999999996,1.0,15.0,0,0,0,1,2,43,0,9,8,1
2000655,0.0,0.05,0.75,3.448984375,3.45,0.0010156250000000007,-1,1.015625,0.828125,0.09375,0.078125,0.0,0.5687500000000004,0.5328124999999999,0.4731974512176843,0.05000151746154924,0.24517008190403056,0.05,-0.55,4.0,2.0,9.0,0,0,1,0,1,47,0,9,6,0
2000656,1.0,0.05,0.75,0.5432499999999998,0.5499999999999998,0.006750000000000003,-4,6.75,1.9375,0.109375,0.046875,0.0,0.5468750000000003,0.5445312499999998,0.8524952296276312,0.05000433190145793,0.821415619549391,0.05000000000000001,-0.25,0.8000000000000003,2.0,8.0,0,0,0,0,3,42,0,14,5,0
2000657,1.0,0.05,0.75,0.6477968749999995,0.6499999999999995,0.0022031250000000015,-3,2.203125,1.328125,0.125,0.078125,0.015625,0.5333333333333337,0.5309523809523808,0.5601918252015159,0.05000416492618654,0.4135888135383426,0.05,-0.19999999999999996,0.8500000000000003,1.0,12.0,1,0,3,2,3,37,0,12,5,1
2000658,0.0,0.05,0.75,3.3475468749999995,3.3499999999999996,0.0024531250000000017,1,2.453125,1.421875,0.125,0.140625,0.0,0.5343750000000005,0.5398437499999998,0.5257741992197749,0.0500757490589433,0.06740111796264558,0.05,-2.2,5.549999999999999,7.0,10.0,0,0,1,2,3,40,0,14,4,0
2000659,1.0,0.05,0.75,0.18228124999999928,0.1999999999999993,0.017718750000000005,-5,17.71875,3.875,0.140625,0.0625,0.015625,0.5301587301587304,0.5619047619047616,0.8410782905029118,0.050022428581573325,0.8205924920548885,0.049999999999999996,-0.45000000000000007,0.6500000000000004,2.0,11.0,0,0,2,1,0,32,1,18,9,1
2000660,0.0,0.05,0.75,5.297078124999999,5.299999999999999,0.0029218750000000017,1,2.921875,1.296875,0.171875,0.1875,0.0,0.5437500000000003,0.51640625,0.2779905391290797,0.06513298319316153,0.004572223409529889,0.05,-1.75,7.049999999999999,7.0,16.0,1,2,3,1,2,42,0,10,3,0
2000661,0.0,0.05,0.75,5.596671875,5.6000000000000005,0.0033281250000000012,-3,3.328125,1.140625,0.140625,0.09375,0.0,0.5375000000000002,0.528125,0.5424443662202313,0.050054834094803886,0.2857311645202504,0.05,-0.2,5.800000000000001,1.0,14.0,2,1,1,1,1,42,1,10,5,0
2000662,0.0,0.05,0.75,0.9449531250000002,0.9500000000000002,0.005046875000000003,5,5.046875,1.765625,0.09375,0.171875,0.0,0.5468750000000002,0.5398437499999998,0.39133711731903287,0.05033619741887399,0.011557429744758431,0.05,-1.55,2.499999999999999,5.0,12.0,1,0,0,1,2,42,1,9,8,0
2000663,1.0,0.05,0.75,1.2707812500000006,1.3000000000000007,0.02921875000000001,-8,29.21875,4.25,0.21875,0.09375,0.0,0.5156250000000001,0.5703124999999997,0.823699057526252,0.0608787041176898,0.7957376209418595,0.05,-0.6499999999999999,1.9500000000000004,5.0,15.0,0,0,1,0,3,29,1,22,8,0
2000664,1.0,0.05,0.75,1.741234375,1.75,0.008765625000000006,-4,8.765625,2.453125,0.15625,0.09375,0.015625,0.5174603174603176,0.5428571428571427,0.4845256872414377,0.05006188079353836,0.3542838832747594,0.05,-1.2499999999999998,3.0,4.0,12.0,0,2,1,3,1,35,0,17,4,1
2000665,1.0,0.05,0.75,1.0914531249999988,1.0999999999999988,0.008546875000000006,-5,8.546875,2.640625,0.171875,0.09375,0.0,0.5250000000000004,0.5679687499999998,0.6833299932249298,0.05011185939806071,0.6355973337542656,0.05,-0.3999999999999999,1.5000000000000002,2.0,15.0,1,0,2,1,1,27,0,19,13,0
2000666,0.0,0.05,0.75,4.847781249999999,4.849999999999999,0.0022187500000000015,-2,2.21875,1.25,0.125,0.09375,0.015625,0.558730158730159,0.5261904761904761,0.3965256245442458,0.05001822505688377,0.16681792741195783,0.049999999999999996,-0.6000000000000001,5.449999999999999,3.0,11.0,0,0,2,1,3,44,0,8,5,1
2000667,0.0,0.05,0.75,3.4993125,3.5,0.0006875000000000004,-2,0.6875,0.65625,0.09375,0.0625,0.0,0.5375000000000002,0.5398437499999998,0.39899640601087066,0.050000448840145525,0.29735231404421225,0.05,-0.2,3.7,1.0,9.0,1,2,4,0,0,33,1,14,9,0
2000668,1.0,0.05,0.75,1.0117968749999973,1.0499999999999972,0.038203125,-7,38.203125,5.578125,0.1875,0.078125,0.0,0.5249999999999999,0.5656249999999996,0.7827166554911832,0.050653710898782775,0.7590776469895343,0.05,-0.7499999999999998,1.8000000000000005,4.0,13.0,0,0,1,1,1,32,0,21,8,0
2000669,1.0,0.05,0.75,-0.2866250000000009,-0.2500000000000009,0.036625000000000005,-8,36.625,5.3125,0.15625,0.03125,0.015625,0.5015873015873015,0.5761904761904758,0.9670380353061996,0.05021882331238044,0.9662401985677135,0.05,-0.34999999999999987,0.10000000000000031,3.0,9.0,0,0,1,2,0,27,0,27,6,1
2000670,0.0,0.05,0.75,7.343718749999998,7.349999999999998,0.006281250000000004,-3,6.28125,2.28125,0.21875,0.171875,0.015625,0.5269841269841271,0.5428571428571427,0.5116444033113162,0.08117908233546477,0.07831314105855444,0.05,-0.6000000000000001,7.949999999999998,3.0,22.0,0,0,3,2,3,34,1,14,6,1
2000671,1.0,0.05,0.75,1.1960625000000003,1.2000000000000002,0.003937500000000003,-3,3.9375,1.625,0.109375,0.0625,0.0,0.5468750000000002,0.5468749999999999,0.8430765727123885,0.05000643930330033,0.7805928052716141,0.05,-0.050000000000000044,1.2500000000000002,1.0,10.0,0,1,3,1,0,35,0,14,10,0
2000672,0.0,0.05,0.75,2.84725,2.8499999999999996,0.002750000000000002,2,2.75,1.5,0.109375,0.140625,0.03125,0.541935483870968,0.5338709677419354,0.2807069859666835,0.050266121440552904,0.021597195422042963,0.05000000000000001,-0.6000000000000001,3.4499999999999993,3.0,13.0,0,0,1,4,1,41,0,9,6,2
2000673,0.0,0.05,0.75,1.58809375,1.6,0.011906250000000009,6,11.90625,3.09375,0.09375,0.1875,0.015625,0.5587301587301591,0.5119047619047619,0.33431305091403163,0.05349451567469739,0.0021041850744228817,0.05000000000000001,-0.8999999999999999,2.5,4.0,14.0,0,1,3,1,2,47,0,8,1,1
2000674,0.0,0.05,0.75,4.698390624999999,4.699999999999999,0.001609375000000001,-1,1.609375,1.046875,0.140625,0.125,0.0,0.5437500000000004,0.5257812499999999,0.5883741817748617,0.05013675390921515,0.12851557760914292,0.05,-1.3,6.0,4.0,13.0,1,0,1,2,3,44,0,9,4,0
2000675,0.0,0.05,0.75,7.737515625,7.75,0.012484375000000008,-6,12.484375,3.046875,0.1875,0.09375,0.0,0.5375000000000002,0.5562499999999998,0.6365649491358003,0.05122543479846953,0.5600009993495323,0.049999999999999996,-1.15,8.9,4.0,14.0,0,0,3,0,1,33,0,19,8,0
2000676,1.0,0.05,0.75,2.7205624999999984,2.7499999999999982,0.029437499999999985,-5,29.4375,5.125,0.203125,0.125,0.0,0.49375000000000013,0.5890624999999996,0.768778992739101,0.05990717682799665,0.6599149698092845,0.05,-0.8499999999999996,3.6000000000000005,5.0,16.0,0,0,0,1,1,24,0,31,7,0
2000677,1.0,0.05,0.75,1.475640625,1.5,0.024359375000000003,-7,24.359375,3.921875,0.1875,0.078125,0.015625,0.5333333333333333,0.564285714285714,0.8965817516546826,0.0534863441928044,0.8746077358606117,0.049999999999999996,-0.44999999999999973,1.9500000000000004,3.0,14.0,0,0,1,2,0,32,0,17,11,1
2000678,1.0,0.05,0.75,1.8307812499999996,1.8499999999999996,0.019218750000000007,-7,19.21875,3.34375,0.21875,0.109375,0.015625,0.5365079365079365,0.5642857142857138,0.9469310060949944,0.11934717437372923,0.8841346380650582,0.05,-0.9499999999999997,2.8000000000000007,6.0,15.0,0,0,1,0,1,33,0,19,9,1
2000679,0.0,0.05,0.75,3.4474062499999993,3.4499999999999993,0.0025937500000000014,3,2.59375,1.25,0.125,0.171875,0.0,0.5687500000000004,0.5210937499999999,0.33382226964790074,0.05225219010338247,0.006782228211859189,0.05,-1.8499999999999999,5.299999999999999,8.0,11.0,0,0,2,0,1,50,0,9,2,0
2000680,1.0,0.05,0.75,0.07649999999999964,0.09999999999999964,0.023500000000000004,-9,23.5,3.78125,0.1875,0.046875,0.0,0.5312500000000002,0.5679687499999996,0.9550595816506648,0.05108101165984304,0.9535759471833878,0.05,-0.7,0.8000000000000005,5.0,10.0,0,1,0,1,2,30,0,17,13,0
2000681,0.0,0.05,0.75,3.2464375,3.25,0.0035625000000000027,-2,3.5625,1.75,0.09375,0.0625,0.015625,0.5492063492063497,0.5452380952380951,0.5821830451269969,0.05000090401010259,0.48351450493346243,0.05,-0.65,3.9000000000000004,2.0,8.0,0,0,1,1,3,38,0,11,9,1
2000682,1.0,0.05,0.75,-0.11789062500000054,-0.10000000000000053,0.01789062500000001,-6,17.890625,3.640625,0.140625,0.046875,0.0,0.51875,0.5492187499999998,0.8244747999024256,0.0500128327172595,0.810944005563001,0.05,-0.5999999999999999,0.5000000000000002,3.0,9.0,0,0,3,3,3,31,1,15,8,0
2000683,1.0,0.05,0.75,1.5842812500000005,1.6000000000000005,0.015718750000000007,-4,15.71875,3.46875,0.140625,0.078125,0.0,0.5531250000000004,0.5585937499999998,0.6495758326344248,0.050022368977426075,0.5827939924832679,0.05,-0.5999999999999999,2.2,3.0,11.0,1,0,0,0,0,37,0,13,13,0
2000684,0.0,0.05,0.75,6.244812499999999,6.249999999999999,0.005187500000000004,-2,5.1875,2.03125,0.171875,0.140625,0.0,0.5312500000000003,0.5421874999999998,0.7310746508851493,0.05356521185974935,0.2213282927413683,0.05000000000000001,-0.8,7.049999999999999,2.0,18.0,0,0,1,2,3,39,0,15,4,0
2000685,1.0,0.05,0.75,2.7443906250000016,2.7500000000000018,0.005609375000000001,-7,5.609375,1.640625,0.25,0.140625,0.015625,0.5492063492063495,0.5428571428571426,0.9130996004826507,0.22564719485519702,0.46133536736788844,0.05,-1.4999999999999996,4.249999999999999,7.0,18.0,0,1,0,1,1,41,0,12,7,1
2000686,1.0,0.05,0.75,1.8453593749999997,1.8499999999999996,0.004640625000000003,-5,4.640625,1.609375,0.1875,0.109375,0.0,0.5437500000000002,0.5374999999999998,0.7655156062743512,0.05247429807529196,0.5555350564789051,0.05,-1.0499999999999998,2.9,5.0,14.0,0,1,0,2,2,42,0,11,6,0
2000687,0.0,0.05,0.75,4.6960781250000005,4.7,0.003921875000000002,-2,3.921875,1.546875,0.140625,0.109375,0.0,0.5500000000000004,0.5374999999999999,0.4768218289338584,0.05003831752668561,0.20103892926669617,0.05,-0.2,4.9,1.0,15.0,1,1,1,1,0,41,0,11,8,0
2000688,0.0,0.05,0.75,4.6474843749999994,4.6499999999999995,0.0025156250000000014,-3,2.515625,1.140625,0.125,0.078125,0.046875,0.5409836065573774,0.5270491803278688,0.4768210385349555,0.050014953282608174,0.3128696810609996,0.05,-1.05,5.699999999999999,4.0,9.0,1,0,3,3,0,39,0,10,5,3
2000689,0.0,0.05,0.75,2.4778124999999998,2.4999999999999996,0.022187500000000002,7,22.1875,4.15625,0.125,0.234375,0.0,0.5468750000000004,0.5187499999999999,0.149588509519646,0.17383260145987012,0.00044157809334171037,0.05000000000000001,-1.7999999999999998,4.3,8.0,15.0,1,1,1,3,0,47,0,8,3,0
2000690,1.0,0.05,0.75,2.0928124999999995,2.0999999999999996,0.0071875000000000055,-2,7.1875,2.4375,0.109375,0.078125,0.015625,0.5396825396825399,0.5452380952380951,0.44061612297050223,0.050003300639846565,0.2932060268743211,0.049999999999999996,-0.19999999999999996,2.3000000000000007,1.0,11.0,0,0,1,3,1,38,0,12,8,1
2000691,1.0,0.05,0.75,-0.39926562500000146,-0.3500000000000014,0.04926562500000002,-12,49.265625,6.421875,0.25,0.0625,0.0,0.5312500000000001,0.5820312499999996,0.9581770709570255,0.07976619595025736,0.9519577016046925,0.05,-0.8999999999999997,0.5500000000000007,5.0,15.0,0,0,1,0,0,27,0,22,14,0
2000692,1.0,0.05,0.75,2.8417968749999987,2.8499999999999988,0.008203125000000006,-3,8.203125,2.578125,0.15625,0.109375,0.0,0.5187500000000002,0.5445312499999997,0.6236469073679046,0.05022882298034858,0.3949653322217116,0.05,-0.5999999999999999,3.45,3.0,14.0,1,0,1,1,3,37,1,17,3,0
2000693,0.0,0.05,0.75,4.14659375,4.15,0.0034062500000000026,-2,3.40625,1.5625,0.125,0.09375,0.0,0.5218750000000001,0.5281249999999998,0.36373281953598385,0.050006451952654775,0.1537036733851601,0.05000000000000001,-1.4000000000000001,5.55,5.0,9.0,2,0,2,4,3,37,1,8,7,0
2000694,1.0,0.05,0.75,-0.13160937500000142,-0.10000000000000142,0.03160937500000001,-9,31.609375,4.734375,0.203125,0.0625,0.0,0.5343750000000002,0.5585937499999997,0.9108936549448338,0.051554504068324035,0.9049467746898139,0.05,-0.3999999999999999,0.3000000000000007,2.0,15.0,1,0,2,1,0,32,0,17,11,0
2000695,1.0,0.05,0.75,-1.6920312500000003,-1.6500000000000004,0.04203125000000002,-11,42.03125,5.5625,0.1875,0.015625,0.015625,0.5111111111111113,0.5785714285714282,0.9724497788568025,0.050569151720982905,0.9722776207627623,0.049999999999999996,-0.8999999999999997,-0.7499999999999996,5.0,8.0,0,0,1,2,2,24,0,22,12,1
2000696,1.0,0.05,0.75,-1.0955312500000007,-1.0500000000000007,0.045531250000000016,-11,45.53125,5.96875,0.203125,0.03125,0.0,0.521875,0.5773437499999996,0.9897354939863949,0.053660148245247175,0.9894777157965151,0.049999999999999996,-0.4999999999999998,-0.5499999999999996,3.0,12.0,0,0,0,2,0,29,0,21,12,0
2000697,1.0,0.05,0.75,0.034718749999998924,0.049999999999998934,0.015281250000000012,-7,15.28125,3.4375,0.15625,0.046875,0.0,0.5156250000000002,0.5609374999999998,0.814445498940619,0.05004251440914538,0.8053404446597037,0.05,-0.7999999999999996,0.8500000000000003,5.0,8.0,1,1,1,3,2,27,0,16,13,0
2000698,0.0,0.05,0.75,2.9437187499999995,2.9499999999999993,0.006281250000000004,5,6.28125,2.0625,0.125,0.203125,0.0,0.5562500000000006,0.5328124999999999,0.33158743562391985,0.06903538679470748,0.0023737677249818278,0.05000000000000001,-1.1,4.05,4.0,17.0,0,0,2,2,0,44,0,10,6,0
2000699,1.0,0.05,0.75,1.0286718750000026,1.0500000000000025,0.021328125000000007,-7,21.328125,4.078125,0.171875,0.0625,0.03125,0.541935483870968,0.5701612903225803,0.9017032142034705,0.05114826757264824,0.889898507067916,0.05,-0.4999999999999998,1.5500000000000005,4.0,11.0,0,0,0,0,1,32,1,15,13,2
2000700,1.0,0.05,0.75,2.3801406249999983,2.3999999999999986,0.019859375000000016,-8,19.859375,3.703125,0.25,0.125,0.0,0.5218750000000002,0.5632812499999997,0.929465285637293,0.19945687599438122,0.7559411996658006,0.05,-0.5999999999999999,3.0,4.0,20.0,0,0,0,3,1,33,0,18,9,0
2000701,0.0,0.05,0.75,3.989234375,4.0,0.010765625000000008,3,10.765625,3.015625,0.140625,0.1875,0.0,0.5375000000000003,0.51640625,0.46618116517794667,0.057288343314118376,0.004404697735948428,0.05,-2.3,6.3,10.0,11.0,3,0,2,0,4,43,0,10,2,0
2000702,0.0,0.05,0.75,2.795906250000001,2.800000000000001,0.004093750000000003,4,4.09375,1.65625,0.109375,0.171875,0.0,0.5593750000000005,0.52578125,0.07904272587076687,0.055865775083162386,0.0010015783744970197,0.04999999999999998,-1.3000000000000003,4.1,6.0,12.0,0,1,4,0,1,42,0,11,5,0
2000703,0.0,0.05,0.75,4.04834375,4.05,0.001656250000000001,0,1.65625,1.0,0.140625,0.140625,0.015625,0.520634920634921,0.5285714285714286,0.5619623771760829,0.050211186804022076,0.07223448734643799,0.05000000000000001,-1.5,5.549999999999999,5.0,13.0,2,1,1,3,0,40,0,14,2,1
2000704,1.0,0.05,0.75,-1.1684062499999996,-1.0999999999999996,0.06840625000000003,-12,68.40625,6.3125,0.234375,0.046875,0.0,0.5124999999999998,0.5726562499999995,0.9698002977083899,0.060355284205644996,0.968036250472801,0.05,-0.9499999999999995,-0.14999999999999925,6.0,12.0,0,0,0,2,0,31,0,24,7,0
2000705,1.0,0.05,0.75,0.2874843749999998,0.2999999999999998,0.01251562500000001,-4,12.515625,3.234375,0.09375,0.03125,0.03125,0.5354838709677423,0.5459677419354838,0.6021247822470456,0.05000056118499549,0.5820756155739517,0.05,-0.5999999999999999,0.9000000000000001,3.0,5.0,1,0,4,1,1,31,0,15,9,2
2000706,0.0,0.05,0.75,1.4924531250000002,1.5000000000000002,0.007546875000000003,5,7.546875,2.046875,0.078125,0.15625,0.015625,0.5619047619047624,0.5214285714285714,0.14006065317632357,0.05110274083685026,0.0029394691793111554,0.049999999999999996,-1.5,2.9999999999999996,7.0,8.0,0,0,2,1,3,46,0,7,4,1
2000707,1.0,0.05,0.75,-1.1398593749999997,-1.0999999999999996,0.03985937500000002,-11,39.859375,5.734375,0.203125,0.03125,0.015625,0.5015873015873014,0.5785714285714281,0.9787667060602872,0.05308101253557801,0.978257563990826,0.049999999999999996,-0.6499999999999997,-0.4499999999999993,4.0,11.0,1,0,1,0,0,26,0,29,6,1
2000708,0.0,0.05,0.75,2.3992343750000003,2.4000000000000004,0.0007656250000000002,-1,0.765625,0.609375,0.078125,0.0625,0.03125,0.5354838709677422,0.5314516129032256,0.5041982583421016,0.05000041566842831,0.34704495227439297,0.05,-0.55,2.95,2.0,7.0,0,1,0,4,2,41,0,9,5,2
2000709,0.0,0.05,0.75,3.046374999999999,3.049999999999999,0.0036250000000000024,3,3.625,1.6875,0.109375,0.15625,0.015625,0.542857142857143,0.5142857142857141,0.4962344514185969,0.05037395816661009,0.011858214378156484,0.05,-0.8,3.8499999999999996,4.0,13.0,0,1,4,1,6,40,0,9,2,1
2000710,0.0,0.05,0.75,4.74803125,4.75,0.001968750000000001,-1,1.96875,1.03125,0.140625,0.125,0.0,0.5437500000000003,0.5492187499999998,0.19957291246204845,0.05008132893002212,0.06017532320478635,0.05000000000000001,-0.95,5.699999999999999,4.0,13.0,0,0,0,2,2,39,1,10,10,0
2000711,0.0,0.05,0.75,5.24846875,5.25,0.001531250000000001,-2,1.53125,0.90625,0.140625,0.109375,0.015625,0.542857142857143,0.5428571428571427,0.6956320545380672,0.05022483278383821,0.3269402450939793,0.05,-0.8,6.049999999999999,4.0,12.0,0,0,1,1,1,41,0,15,4,1
2000712,1.0,0.05,0.75,1.0892968749999996,1.0999999999999996,0.010703125000000008,-5,10.703125,3.046875,0.140625,0.0625,0.03125,0.5548387096774197,0.5604838709677417,0.8083480161265154,0.050074356221262765,0.7748120155884635,0.05,-0.3999999999999999,1.5000000000000004,3.0,10.0,0,0,1,0,2,33,0,12,14,2
2000713,0.0,0.05,0.75,3.0467187500000006,3.0500000000000007,0.003281250000000002,2,3.28125,1.5,0.109375,0.140625,0.015625,0.555555555555556,0.5119047619047619,0.2970613860489911,0.05019500631961615,0.010609150879799302,0.05000000000000001,-1.2,4.25,6.0,10.0,1,2,2,0,1,47,0,9,1,1
2000714,0.0,0.05,0.75,4.399375,4.4,0.0006250000000000003,-1,0.625,0.53125,0.140625,0.125,0.0,0.5531250000000004,0.5304687499999998,0.6281172088820219,0.05012011965612885,0.17788713778356993,0.05,-0.8,5.1999999999999975,3.0,14.0,0,0,3,2,1,42,0,10,6,0
2000715,1.0,0.05,0.75,-0.7183124999999992,-0.6999999999999993,0.018312500000000006,-7,18.3125,3.40625,0.125,0.015625,0.0,0.5468750000000002,0.5562499999999997,0.9372926516203726,0.05000906415131576,0.9356759822537438,0.049999999999999996,-0.9499999999999997,0.25,6.0,3.0,0,0,4,1,0,31,0,15,13,0
2000716,1.0,0.05,0.75,0.4162499999999993,0.4499999999999993,0.03375,-7,33.75,4.9375,0.171875,0.0625,0.0,0.5250000000000001,0.5820312499999996,0.9625700873362019,0.0506027528723167,0.9598669638968328,0.05,-0.5499999999999998,1.0000000000000004,4.0,11.0,0,0,1,0,0,27,0,24,12,0
2000717,0.0,0.05,0.75,5.395640624999999,5.399999999999999,0.004359375000000002,-2,4.359375,1.640625,0.15625,0.125,0.0,0.5343750000000003,0.5445312499999998,0.34589723328534694,0.05011892785420358,0.1169346501544447,0.05,-0.4,5.799999999999998,2.0,16.0,0,1,2,2,1,36,0,15,7,0
2000718,1.0,0.05,0.75,0.040374999999999814,0.04999999999999982,0.009625000000000007,-5,9.625,2.8125,0.109375,0.03125,0.0,0.5500000000000003,0.5468749999999998,0.776864226035939,0.05000172809033007,0.7628624678162284,0.049999999999999996,-0.5999999999999999,0.6500000000000004,3.0,6.0,0,0,2,0,0,40,0,16,6,0
2000719,1.0,0.05,0.75,-0.7105312499999986,-0.6499999999999986,0.06053125000000002,-12,60.53125,7.125,0.25,0.0625,0.0,0.490625,0.5984374999999995,0.9818619534663838,0.09075698028509914,0.9780750153971152,0.049999999999999996,-1.1999999999999997,0.5500000000000007,6.0,14.0,1,0,0,1,0,19,0,31,12,0
2000720,1.0,0.05,0.75,1.0778281249999997,1.0999999999999996,0.02217187500000001,-8,22.171875,4.203125,0.21875,0.09375,0.0,0.51875,0.5679687499999997,0.8884679809720718,0.06152259239373942,0.8640419753235452,0.05,-0.7499999999999998,1.8500000000000003,5.0,15.0,1,0,0,2,2,29,1,16,13,0
2000721,1.0,0.05,0.75,1.0851406250000015,1.1000000000000014,0.014859375000000001,-9,14.859375,2.515625,0.234375,0.09375,0.0,0.51875,0.5656249999999996,0.9687717422498356,0.12279390019501701,0.947014121275304,0.05000000000000001,-0.6499999999999999,1.7500000000000004,4.0,17.0,0,1,1,2,0,30,0,21,9,0
2000722,0.0,0.05,0.75,8.094609375,8.1,0.005390625000000001,-5,5.390625,1.671875,0.203125,0.125,0.0,0.5500000000000003,0.5374999999999998,0.3061521281562239,0.05330735182609529,0.1413993896905447,0.05,-1.15,9.250000000000002,4.0,17.0,0,1,2,0,0,42,1,13,5,0
2000723,1.0,0.05,0.75,1.156640625000001,1.200000000000001,0.043359375,-7,43.359375,5.984375,0.203125,0.09375,0.0,0.5281250000000001,0.5726562499999996,0.8696073479045427,0.05316774832974013,0.8473716824286145,0.049999999999999996,-0.8999999999999999,2.1000000000000005,4.0,15.0,0,0,2,0,1,28,1,20,12,0
2000724,1.0,0.05,0.75,-0.5168125000000009,-0.5000000000000009,0.016812500000000008,-6,16.8125,3.5,0.125,0.03125,0.015625,0.5523809523809526,0.545238095238095,0.7682974328819744,0.050003291498378774,0.7590147682901895,0.049999999999999996,-0.19999999999999996,-0.2999999999999996,1.0,9.0,2,1,1,0,0,36,0,10,13,1
2000725,0.0,0.05,0.75,2.8474375000000007,2.8500000000000005,0.0025625000000000014,2,2.5625,1.3125,0.109375,0.140625,0.015625,0.5492063492063496,0.5238095238095238,0.31597549873303704,0.05022089996907478,0.01603108868458597,0.05,-1.2000000000000002,4.050000000000001,5.0,11.0,1,1,3,2,3,38,0,6,9,1
2000726,1.0,0.05,0.75,-2.099421875000001,-2.0500000000000007,0.049421875000000025,-11,49.421875,6.078125,0.203125,0.03125,0.0,0.49999999999999994,0.5796874999999996,0.954331171836535,0.05039917768140111,0.9539392765958301,0.05,-1.2499999999999998,-0.7999999999999996,5.0,10.0,0,0,1,4,1,23,1,21,13,0
2000727,1.0,0.05,0.75,1.0706249999999997,1.0999999999999996,0.02937499999999999,-7,29.375,5.09375,0.1875,0.078125,0.0,0.5156250000000001,0.5773437499999996,0.9373795325068845,0.05194457516556171,0.9299575505167453,0.05,-0.9499999999999997,2.0500000000000003,6.0,11.0,0,0,0,2,0,29,0,23,10,0
2000728,1.0,0.05,0.75,0.6850312500000002,0.7000000000000002,0.01496875000000001,-4,14.96875,3.46875,0.109375,0.046875,0.0,0.5468750000000003,0.5539062499999998,0.6331747947414471,0.05000126756739639,0.6033082772687056,0.05,-0.1499999999999999,0.8500000000000001,1.0,9.0,0,2,1,2,0,33,0,11,15,0
2000729,1.0,0.05,0.75,0.2731562500000007,0.3000000000000007,0.02684375000000001,-11,26.84375,4.375,0.234375,0.0625,0.0,0.5281250000000001,0.5679687499999997,0.9528935662389861,0.07264667276419638,0.9467718798063647,0.049999999999999996,-0.19999999999999996,0.5000000000000009,2.0,17.0,0,0,2,0,1,30,0,22,9,0
2000730,1.0,0.05,0.75,-0.580671874999999,-0.5499999999999989,0.030671874999999998,-9,30.671875,5.078125,0.171875,0.03125,0.03125,0.5258064516129034,0.5798387096774189,0.958711775787668,0.050442203917587476,0.9581524696369607,0.05,-0.6499999999999999,0.10000000000000031,4.0,9.0,0,0,1,0,1,26,1,20,13,2
2000731,1.0,0.05,0.75,0.3847499999999995,0.39999999999999947,0.01525000000000001,-6,15.25,3.53125,0.15625,0.0625,0.015625,0.5333333333333335,0.5547619047619046,0.7458470535941213,0.050049429635039694,0.7178098358026175,0.05,-0.2999999999999998,0.7000000000000003,2.0,12.0,0,0,2,2,1,33,0,16,9,1
2000732,0.0,0.05,0.75,0.58259375,0.6000000000000001,0.017406250000000012,4,17.40625,3.6875,0.046875,0.109375,0.03125,0.5580645161290326,0.5145161290322581,0.23881433640356428,0.05001170152356853,0.017305869732989112,0.05,-0.6000000000000001,1.2000000000000002,3.0,7.0,0,1,2,2,0,48,0,8,1,2
2000733,0.0,0.05,0.75,6.391171874999999,6.399999999999999,0.008828125000000006,-5,8.828125,2.390625,0.15625,0.078125,0.0,0.5406250000000002,0.5539062499999997,0.6577682930484651,0.05006413945115276,0.6020010044110682,0.05,-0.4,6.8,2.0,13.0,0,0,1,1,0,38,0,17,7,0
2000734,0.0,0.05,0.75,2.347296875,2.35,0.0027031250000000015,2,2.703125,1.421875,0.09375,0.125,0.0,0.5468750000000003,0.5281249999999998,0.30220586713229175,0.050032939350871664,0.033629274878221954,0.049999999999999996,-0.8500000000000001,3.2,3.0,11.0,1,0,3,1,3,40,0,10,6,0
2000735,1.0,0.05,0.75,1.5835468749999997,1.5999999999999996,0.01645312500000001,-8,16.453125,3.171875,0.234375,0.109375,0.0,0.534375,0.5539062499999996,0.7366659056437473,0.07513817177325674,0.6441126624560848,0.05,-1.3999999999999997,3.000000000000001,7.0,15.0,0,1,0,1,1,37,0,17,7,0
2000736,1.0,0.05,0.75,1.8943281250000004,1.9000000000000004,0.005671875000000003,-6,5.671875,1.796875,0.203125,0.109375,0.0,0.5406250000000001,0.5468749999999998,0.559915112125606,0.05211254660530802,0.43857859509499597,0.05,0.0,1.9000000000000006,0.0,20.0,0,1,0,1,0,41,0,16,5,0
2000737,1.0,0.05,0.75,0.5917500000000006,0.6000000000000005,0.008250000000000004,-7,8.25,2.34375,0.171875,0.0625,0.0,0.5531250000000002,0.5374999999999999,0.892806479533139,0.05058930287809686,0.8647075251593779,0.05,-0.19999999999999996,0.8000000000000007,2.0,13.0,0,1,3,0,1,39,0,13,7,0
2000738,1.0,0.05,0.75,-1.7898281250000019,-1.7500000000000018,0.039828125000000006,-11,39.828125,5.609375,0.171875,0.0,0.0,0.5281250000000001,0.5773437499999996,0.9911176526684438,0.050420206249003174,0.991073394453954,0.049999999999999996,-0.050000000000000044,-1.6999999999999995,1.0,10.0,0,0,1,0,1,28,0,22,12,0
2000739,1.0,0.05,0.75,2.499265625,2.5,0.0007343750000000002,0,0.734375,0.578125,0.078125,0.078125,0.0,0.5562500000000005,0.5328124999999999,0.38432401073833916,0.05000066638634769,0.17605470090027056,0.05,-0.1499999999999999,2.6500000000000004,1.0,9.0,0,0,3,2,0,42,0,10,7,0
2000740,1.0,0.05,0.75,3.544765624999999,3.549999999999999,0.005234375000000004,-3,5.234375,2.140625,0.1875,0.140625,0.0,0.509375,0.5515624999999998,0.6503132160335768,0.05357945448259031,0.29935721849030006,0.049999999999999996,-0.75,4.3,3.0,18.0,0,2,2,2,2,30,0,21,5,0
2000741,1.0,0.05,0.75,1.7415,1.75,0.008500000000000002,-4,8.5,2.0625,0.140625,0.078125,0.015625,0.542857142857143,0.5619047619047616,0.732914817537927,0.050073682635345174,0.647078592126774,0.04999999999999999,-0.5499999999999998,2.3000000000000003,3.0,11.0,0,0,1,1,0,34,0,16,11,1
2000742,1.0,0.05,0.75,0.4420156249999984,0.4499999999999984,0.007984375000000005,-6,7.984375,2.484375,0.15625,0.0625,0.015625,0.5365079365079367,0.5428571428571427,0.5498361862029982,0.05003817944928923,0.506819963940846,0.05,-0.6,1.0500000000000003,2.0,12.0,0,1,2,2,0,37,0,15,6,1
2000743,0.0,0.05,0.75,4.648203124999999,4.6499999999999995,0.0017968750000000012,-2,1.796875,1.203125,0.125,0.09375,0.015625,0.5555555555555559,0.5309523809523808,0.5016606588180396,0.05002097046275175,0.24135753060715048,0.05,-1.3499999999999999,6.0,5.0,9.0,0,0,2,0,3,43,0,11,4,1
2000744,0.0,0.05,0.75,6.293796874999999,6.299999999999999,0.006203125000000004,-4,6.203125,1.984375,0.171875,0.109375,0.015625,0.53968253968254,0.5357142857142855,0.637130173640841,0.05073759036806559,0.3770076829970264,0.05,-0.8,7.099999999999999,4.0,14.0,1,0,4,2,1,35,0,12,8,1
2000745,0.0,0.05,0.75,6.99315625,7.0,0.006843750000000003,-6,6.84375,1.78125,0.1875,0.09375,0.0,0.5437500000000003,0.5468749999999999,0.6552559619958386,0.050421905124013344,0.5773113158307789,0.05,-0.65,7.65,2.0,16.0,1,0,0,2,0,40,0,12,9,0
2000746,0.0,0.05,0.75,8.482249999999999,8.499999999999998,0.017750000000000005,-7,17.75,3.28125,0.1875,0.078125,0.0,0.53125,0.5492187499999996,0.5501744498843353,0.05033215633042317,0.513488638520878,0.05,-0.2,8.7,1.0,16.0,0,0,1,1,3,37,0,17,5,0
2000747,1.0,0.05,0.75,1.0694687499999997,1.0999999999999996,0.03053124999999999,-7,30.53125,5.21875,0.1875,0.078125,0.0,0.5281250000000003,0.5726562499999995,0.7202298643126929,0.050428020916102274,0.7004988539592988,0.05,-0.7499999999999998,1.85,4.0,13.0,0,0,0,3,0,30,1,15,15,0
2000748,1.0,0.05,0.75,0.18153125000000017,0.20000000000000018,0.018468750000000006,-7,18.46875,3.375,0.171875,0.0625,0.0,0.5312500000000002,0.5562499999999997,0.8876079204593743,0.050212170795869426,0.8754879032731687,0.05,-0.34999999999999987,0.5500000000000004,2.0,13.0,0,0,1,2,1,35,0,17,8,0
2000749,1.0,0.05,0.75,1.791062499999999,1.799999999999999,0.008937500000000006,-5,8.9375,2.78125,0.171875,0.09375,0.0,0.5437500000000003,0.5515624999999997,0.6094695036538293,0.05023636052473936,0.515282890522325,0.049999999999999996,-0.4999999999999998,2.3,3.0,14.0,1,0,1,0,1,37,0,15,9,0
2000750,0.0,0.05,0.75,8.690421874999998,8.7,0.009578125000000003,-8,9.578125,2.359375,0.21875,0.09375,0.0,0.5125,0.5585937499999997,0.6881508603369435,0.05197866192046744,0.6587098280744704,0.04999999999999999,-1.05,9.75,4.0,16.0,1,0,0,2,1,34,1,19,6,0
2000751,0.0,0.05,0.75,8.040453124999999,8.049999999999999,0.009546875000000007,-6,9.546875,2.484375,0.1875,0.09375,0.03125,0.5451612903225809,0.543548387096774,0.47948296427248754,0.050913956090432644,0.400031798982357,0.05,-1.05,9.1,4.0,14.0,0,0,2,0,1,39,0,16,4,2
2000752,1.0,0.05,0.75,1.6440312500000003,1.6500000000000004,0.005968750000000002,-6,5.96875,1.71875,0.1875,0.09375,0.0,0.5531250000000002,0.5398437499999997,0.6905682174914104,0.05133202695567942,0.5767073134738708,0.05,-0.1499999999999999,1.8,1.0,17.0,0,0,2,0,0,43,0,15,4,0
2000753,0.0,0.05,0.75,2.7965156249999996,2.8,0.0034843750000000014,0,3.484375,1.515625,0.078125,0.078125,0.03125,0.5677419354838713,0.5290322580645159,0.35474640254687917,0.05000168708072143,0.13573355656352537,0.05000000000000001,-1.15,3.95,5.0,5.0,0,0,0,0,3,47,0,7,5,2
2000754,0.0,0.05,0.75,2.0911249999999995,2.0999999999999996,0.008875000000000006,5,8.875,2.6875,0.09375,0.171875,0.015625,0.5682539682539688,0.5214285714285714,0.3785194813967081,0.051400120564683315,0.004341614867215273,0.05000000000000001,-1.65,3.75,7.0,10.0,0,0,2,1,1,48,0,7,4,1
2000755,0.0,0.05,0.75,5.446671874999998,5.449999999999998,0.0033281250000000012,-1,3.328125,1.421875,0.171875,0.15625,0.015625,0.5460317460317464,0.5499999999999998,0.708200291561409,0.053321097532943916,0.1604656227429366,0.05,-1.2,6.649999999999999,4.0,17.0,0,0,2,2,2,34,0,11,12,1
2000756,1.0,0.05,0.75,0.9462812499999997,0.9499999999999997,0.003718750000000003,-3,3.71875,1.59375,0.109375,0.0625,0.015625,0.5301587301587303,0.5523809523809521,0.6129805204653289,0.050002070558303795,0.543370218737703,0.05,-0.19999999999999996,1.1500000000000004,1.0,10.0,0,0,0,2,3,36,2,11,9,1
2000757,1.0,0.05,0.75,1.6022812500000039,1.650000000000004,0.047718750000000004,-9,47.71875,5.9375,0.25,0.109375,0.0,0.4906249999999999,0.5914062499999995,0.9717978256885627,0.18294922427515808,0.9316487695327902,0.05,-0.3999999999999999,2.050000000000001,3.0,20.0,0,1,0,1,1,21,1,29,10,0
2000758,0.0,0.05,0.75,0.8833125000000002,0.9000000000000001,0.016687500000000008,5,16.6875,3.90625,0.0625,0.140625,0.0,0.5781250000000007,0.5,0.4702950435983633,0.05001706682404678,0.00996737322148252,0.05,-1.05,1.9500000000000004,4.0,9.0,1,0,3,1,0,55,0,3,1,0
2000759,1.0,0.05,0.75,1.1786093749999993,1.1999999999999993,0.021390625000000003,-7,21.390625,4.296875,0.1875,0.078125,0.03125,0.5322580645161291,0.5725806451612899,0.8184941851802876,0.05151507845844502,0.7996078062161248,0.05000000000000001,-0.8999999999999999,2.1000000000000005,5.0,12.0,0,0,2,1,2,25,0,17,15,2
2000760,1.0,0.05,0.75,0.2250937499999991,0.2499999999999991,0.02490625000000001,-6,24.90625,4.65625,0.140625,0.046875,0.0,0.5312500000000002,0.5726562499999996,0.90220412508233,0.050028027895038754,0.8976557099697665,0.05,-0.9499999999999997,1.2000000000000002,6.0,6.0,0,0,2,1,1,27,0,19,14,0
2000761,1.0,0.05,0.75,0.511406249999999,0.5499999999999989,0.03859374999999999,-8,38.59375,5.71875,0.1875,0.0625,0.0,0.5218750000000001,0.5867187499999996,0.9530663659377838,0.05128209281173864,0.9511922387498937,0.05,-0.9999999999999998,1.5500000000000003,6.0,10.0,0,0,0,0,1,26,0,24,13,0
2000762,1.0,0.05,0.75,-0.2783125,-0.25,0.028312500000000018,-9,28.3125,4.9375,0.203125,0.0625,0.0,0.5437500000000003,0.5749999999999997,0.9618414221074264,0.05232935171326236,0.9599437271859329,0.05000000000000001,-0.6499999999999999,0.4000000000000006,4.0,13.0,0,0,0,0,1,31,1,15,16,0
2000763,0.0,0.05,0.75,4.295999999999999,4.299999999999999,0.004000000000000003,-1,4.0,1.53125,0.125,0.109375,0.0,0.5437500000000003,0.5468749999999998,0.24353755613406033,0.05001804740873405,0.09810984011765607,0.05000000000000001,-0.4,4.7,2.0,13.0,0,0,3,1,2,35,0,14,9,0
2000764,1.0,0.05,0.75,1.232921874999999,1.2499999999999991,0.017078125000000006,-4,17.078125,3.765625,0.15625,0.09375,0.0,0.5281250000000003,0.5539062499999998,0.5924725096483583,0.050039600141241466,0.4896057596558636,0.04999999999999999,0.0,1.2500000000000004,0.0,16.0,1,0,0,2,0,37,0,17,7,0
2000765,0.0,0.05,0.75,2.945046875,2.95,0.004953125000000002,4,4.953125,1.546875,0.125,0.1875,0.015625,0.5428571428571433,0.5238095238095238,0.6600003641336774,0.05137448427119085,0.011779774418760632,0.05,-1.85,4.8,6.0,14.0,2,0,3,1,1,41,0,11,4,1
2000766,1.0,0.05,0.75,0.045265625000000705,0.05000000000000071,0.004734375000000003,-4,4.734375,1.921875,0.125,0.0625,0.015625,0.5460317460317463,0.5333333333333331,0.631651502659407,0.05000337490749402,0.5521184094286606,0.05,-0.34999999999999987,0.4,2.0,10.0,0,1,2,2,1,40,1,9,7,1
2000767,1.0,0.05,0.75,1.5740000000000014,1.6000000000000014,0.026000000000000013,-7,26.0,4.4375,0.1875,0.078125,0.0,0.5250000000000001,0.5773437499999995,0.9294198069049782,0.05340079138995385,0.9177873252479235,0.05,-0.5499999999999998,2.1500000000000004,4.0,13.0,0,0,1,1,1,27,0,21,13,0
2000768,0.0,0.05,0.75,1.1928906249999998,1.1999999999999997,0.007109375000000003,6,7.109375,1.703125,0.078125,0.171875,0.0,0.5625000000000004,0.5234375,0.2774492193681659,0.05084443116160089,0.002236272241674216,0.05000000000000001,-0.8500000000000001,2.05,4.0,12.0,0,0,1,1,3,48,0,7,4,0
2000769,0.0,0.05,0.75,5.192703124999999,5.199999999999998,0.007296875000000004,-2,7.296875,2.546875,0.15625,0.125,0.015625,0.5206349206349208,0.5428571428571428,0.3721357082988569,0.050143221863361294,0.12731830444049275,0.05,-1.25,6.449999999999998,5.0,13.0,0,1,0,2,5,36,0,15,4,1
2000770,1.0,0.05,0.75,-0.9975312499999993,-0.9499999999999993,0.04753125000000001,-11,47.53125,5.71875,0.21875,0.046875,0.015625,0.5047619047619047,0.5904761904761899,0.9789152072421693,0.05671077458126268,0.9781193294364662,0.05,-0.9499999999999997,4.440892098500626e-16,4.0,13.0,0,1,0,1,1,21,0,26,13,1
2000771,0.0,0.05,0.75,5.0954218749999995,5.1,0.0045781250000000015,-4,4.578125,1.421875,0.125,0.0625,0.0,0.5437500000000002,0.5421874999999999,0.612145054897512,0.05000579964703223,0.5349462123381431,0.05,0.0,5.1,0.0,12.0,0,0,2,1,5,36,0,11,9,0
2000772,0.0,0.05,0.75,2.99553125,3.0,0.004468750000000003,1,4.46875,1.8125,0.109375,0.125,0.0,0.5625000000000004,0.5210937499999999,0.4025840208050004,0.050026670532590585,0.04806310845333978,0.05,-0.2,3.2,1.0,14.0,0,0,1,2,1,50,0,7,3,0
2000773,0.0,0.05,0.75,2.93853125,2.95,0.011468750000000008,2,11.46875,3.0625,0.109375,0.140625,0.015625,0.5492063492063496,0.5238095238095237,0.565275454908002,0.05007355333572546,0.03889105678977683,0.05,-1.65,4.6000000000000005,5.0,11.0,0,0,2,2,3,44,0,9,3,1
2000774,0.0,0.05,0.75,5.893624999999999,5.8999999999999995,0.006375000000000002,-3,6.375,1.875,0.15625,0.109375,0.015625,0.5555555555555558,0.5261904761904761,0.407244432315027,0.05015315149203249,0.1754168641746408,0.05000000000000001,-0.6000000000000001,6.5,3.0,14.0,0,0,2,2,0,46,0,10,3,1
2000775,1.0,0.05,0.75,1.542203125,1.5499999999999998,0.007796875000000006,-4,7.796875,2.484375,0.140625,0.078125,0.0,0.5406250000000004,0.5445312499999998,0.6046114236518283,0.05002481189620191,0.49245663474152707,0.05,-0.34999999999999987,1.9000000000000001,2.0,12.0,0,0,2,3,1,37,0,12,9,0
2000776,1.0,0.05,0.75,1.5891249999999997,1.5999999999999996,0.010875000000000008,-4,10.875,2.78125,0.140625,0.078125,0.0,0.53125,0.5468749999999998,0.5418619861916677,0.05001932336068021,0.4410560147851853,0.05000000000000002,-0.4999999999999998,2.1000000000000005,3.0,11.0,2,0,1,0,3,35,0,15,8,0
2000777,1.0,0.05,0.75,0.9154218749999993,0.9499999999999993,0.034578125,-8,34.578125,4.578125,0.1875,0.0625,0.0,0.5468750000000001,0.5749999999999995,0.9789513402328763,0.05526842958723987,0.9760595564653775,0.05000000000000001,-0.44999999999999996,1.4000000000000004,4.0,12.0,0,0,0,0,1,31,0,16,16,0
2000778,0.0,0.05,0.75,2.096875,2.0999999999999996,0.0031250000000000023,2,3.125,1.625,0.09375,0.125,0.015625,0.5714285714285717,0.5309523809523807,0.4944314712797867,0.05001573683145073,0.06311022424036399,0.05,-1.5,3.6000000000000005,5.0,9.0,0,0,0,0,2,48,0,7,6,1
2000779,1.0,0.05,0.75,-0.21645312500000108,-0.20000000000000107,0.016453125,-10,16.453125,2.703125,0.203125,0.046875,0.015625,0.5365079365079367,0.564285714285714,0.9816404316739765,0.057362428471807815,0.9803068445376875,0.05000000000000001,-0.3999999999999999,0.20000000000000062,3.0,13.0,0,0,0,0,1,35,1,17,9,1
2000780,0.0,0.05,0.75,8.038546875,8.049999999999999,0.011453125000000008,-6,11.453125,2.765625,0.1875,0.09375,0.0,0.5343750000000002,0.5539062499999997,0.661203929513042,0.05119258444155464,0.5832293919667757,0.05,-1.0,9.05,4.0,14.0,1,0,0,1,0,38,0,17,7,0
2000781,0.0,0.05,0.75,7.8389531250000015,7.850000000000001,0.011046875000000005,-7,11.046875,2.828125,0.1875,0.078125,0.0,0.5531250000000003,0.5515624999999997,0.8077825211870782,0.050783746264614765,0.7715131487904475,0.05,-0.9000000000000001,8.750000000000002,3.0,14.0,0,0,3,0,1,35,1,12,12,0
2000782,1.0,0.05,0.75,1.1376562499999994,1.1499999999999995,0.012343750000000007,-5,12.34375,3.09375,0.15625,0.078125,0.0,0.5500000000000004,0.5374999999999999,0.842453081360612,0.05021037200651774,0.7598256013929554,0.05000000000000001,-0.5999999999999999,1.7500000000000002,3.0,12.0,0,3,1,1,1,38,0,10,10,0
2000783,1.0,0.05,0.75,1.3827656249999978,1.3999999999999977,0.01723437500000001,-6,17.234375,3.609375,0.203125,0.109375,0.015625,0.5174603174603175,0.5642857142857141,0.5121264726958408,0.05088308433640275,0.4353007943413578,0.05,-0.6,2.0,2.0,18.0,0,1,0,4,0,30,0,17,11,1
2000784,0.0,0.05,0.75,5.83790625,5.85,0.012093750000000009,-4,12.09375,3.21875,0.140625,0.078125,0.0,0.5406250000000004,0.5492187499999996,0.7433928356945527,0.050060303293993406,0.6461314220279161,0.05000000000000001,-0.45,6.299999999999999,1.0,13.0,0,2,2,1,1,33,0,14,11,0
2000785,0.0,0.05,0.75,5.993843749999998,5.999999999999998,0.006156250000000004,-4,6.15625,2.21875,0.15625,0.09375,0.0,0.5375000000000001,0.5351562499999998,0.36964428127962373,0.050032206979342006,0.2562077462027372,0.05,-0.4,6.399999999999999,2.0,14.0,0,1,1,1,3,41,0,14,3,0
2000786,1.0,0.05,0.75,1.6489843750000004,1.6500000000000004,0.0010156250000000005,-3,1.015625,0.765625,0.125,0.078125,0.0,0.5562500000000004,0.5328124999999999,0.5434054757058706,0.05000671715065006,0.3885168238813369,0.05,-0.44999999999999996,2.0999999999999996,3.0,10.0,1,1,0,1,4,41,0,5,11,0
2000787,0.0,0.05,0.75,8.039906250000001,8.05,0.010093750000000007,-6,10.09375,2.53125,0.203125,0.109375,0.015625,0.5365079365079366,0.5523809523809521,0.6951508590370489,0.056354599828763015,0.5767148085361539,0.05,-0.65,8.700000000000003,2.0,18.0,0,0,1,1,2,36,0,16,7,1
2000788,1.0,0.05,0.75,1.217843749999999,1.2499999999999991,0.032156250000000004,-6,32.15625,5.09375,0.171875,0.078125,0.015625,0.507936507936508,0.5642857142857141,0.8406175569018891,0.05070707229239921,0.8062782016169053,0.05,-0.8999999999999997,2.1500000000000004,5.0,11.0,0,0,2,3,2,27,0,21,8,1
2000789,1.0,0.05,0.75,2.34790625,2.3499999999999996,0.002093750000000001,-4,2.09375,1.15625,0.140625,0.078125,0.0,0.5625000000000003,0.5281249999999998,0.21172829436724058,0.05001175573085067,0.1393877840753346,0.05000000000000002,-0.3999999999999999,2.749999999999999,2.0,12.0,0,0,3,0,1,45,0,11,4,0
2000790,1.0,0.05,0.75,3.239124999999999,3.249999999999999,0.010875000000000006,-3,10.875,3.0,0.15625,0.109375,0.015625,0.526984126984127,0.5428571428571427,0.3334837013974895,0.05013657315768043,0.16104777405820103,0.05,-0.2999999999999998,3.55,2.0,15.0,0,1,2,0,3,36,1,17,3,1
2000791,0.0,0.05,0.75,1.387265625,1.4,0.01273437500000001,4,12.734375,3.453125,0.078125,0.140625,0.0,0.5500000000000004,0.5000000000000001,0.20622704608842732,0.05010246187641542,0.0040424651060025135,0.049999999999999996,-0.7,2.0999999999999996,4.0,10.0,3,0,4,2,2,46,0,4,3,0
2000792,1.0,0.05,0.75,-2.2334218750000012,-2.200000000000001,0.033421875000000004,-11,33.421875,4.859375,0.171875,0.0,0.0,0.5343750000000002,0.5773437499999996,0.9872833299600204,0.050190477364178684,0.9872386603638725,0.05,-0.19999999999999996,-1.9999999999999998,2.0,9.0,0,0,2,2,1,24,0,16,19,0
2000793,1.0,0.05,0.75,-0.01237499999999912,8.881784197001252e-16,0.012375000000000008,-7,12.375,2.65625,0.140625,0.03125,0.015625,0.5365079365079367,0.5523809523809521,0.9238492597490263,0.05005659010880113,0.9187167656078475,0.05000000000000001,-0.3999999999999999,0.40000000000000036,3.0,8.0,1,0,3,0,1,32,0,17,9,1
2000794,0.0,0.05,0.75,4.989593749999999,4.999999999999999,0.010406250000000008,-5,10.40625,2.78125,0.140625,0.0625,0.0,0.5343750000000002,0.5468749999999999,0.6713669596288673,0.05000626500983965,0.6302585323142091,0.05,-0.65,5.6499999999999995,2.0,11.0,0,2,1,2,0,36,0,15,8,0
2000795,1.0,0.05,0.75,1.4987968750000005,1.5000000000000004,0.0012031250000000009,-2,1.203125,0.796875,0.09375,0.0625,0.0,0.5312500000000003,0.5351562499999998,0.46665272728910867,0.05000060692206376,0.34614565363544825,0.05,-0.44999999999999996,1.9500000000000002,1.0,9.0,0,3,2,1,1,37,1,14,5,0
2000796,1.0,0.05,0.75,-0.4777656250000011,-0.45000000000000107,0.02776562499999999,-7,27.765625,4.703125,0.15625,0.046875,0.015625,0.5238095238095238,0.5595238095238093,0.8010040790307285,0.050025799167074975,0.7941224037291188,0.05000000000000001,-0.4999999999999998,0.050000000000000266,3.0,10.0,0,2,0,0,3,31,0,19,8,1
2000797,0.0,0.05,0.75,3.5968281249999996,3.5999999999999996,0.003171875000000002,-3,3.171875,1.328125,0.078125,0.03125,0.015625,0.5650793650793654,0.5428571428571426,0.5456088273426587,0.05000016068343612,0.5163755003310231,0.05000000000000001,0.0,3.5999999999999996,0.0,7.0,0,1,1,0,0,41,0,10,10,1
2000798,1.0,0.05,0.75,-0.9730468750000011,-0.9500000000000011,0.023046875000000005,-8,23.046875,4.359375,0.15625,0.03125,0.0,0.5250000000000004,0.5632812499999997,0.8391817796844979,0.05001555065263024,0.837279439230182,0.049999999999999996,-0.25,-0.6999999999999997,1.0,11.0,0,0,1,3,0,32,1,16,11,0
2000799,0.0,0.05,0.75,4.5457343749999986,4.549999999999999,0.004265625000000002,1,4.265625,1.484375,0.15625,0.171875,0.0,0.5250000000000001,0.5281249999999998,0.24592596377995907,0.053639986944899826,0.01125194449492029,0.05,-1.75,6.3,7.0,14.0,1,1,3,2,1,39,0,16,1,0
2000800,0.0,0.05,0.75,3.8481406249999996,3.8499999999999996,0.0018593750000000012,0,1.859375,1.109375,0.140625,0.140625,0.0,0.5531250000000005,0.5234374999999999,0.5267466071233734,0.05012001993577862,0.07164821444310483,0.05,-1.0,4.8500000000000005,3.0,15.0,2,0,2,0,0,46,0,11,3,0
2000801,1.0,0.05,0.75,2.1436093749999996,2.1499999999999995,0.006390625000000005,-3,6.390625,2.171875,0.125,0.078125,0.046875,0.5311475409836065,0.5590163934426227,0.7519126583579743,0.05006215696304339,0.6515621992275582,0.049999999999999996,-0.30000000000000004,2.4500000000000006,3.0,10.0,0,0,0,1,3,33,0,16,8,3
2000802,0.0,0.05,0.75,4.040437499999999,4.049999999999999,0.009562500000000007,2,9.5625,2.78125,0.125,0.15625,0.0,0.5656250000000005,0.5187499999999998,0.4121094239621619,0.050664828094964434,0.014192492365820604,0.05000000000000001,-1.4,5.449999999999999,6.0,12.0,0,0,2,1,3,48,0,6,4,0
2000803,0.0,0.05,0.75,2.047249999999999,2.049999999999999,0.0027500000000000016,4,2.75,1.4375,0.09375,0.15625,0.0,0.5656250000000004,0.5234374999999999,0.5575330060590538,0.05010908163512344,0.015725198699269836,0.05,-1.35,3.4,6.0,10.0,0,0,3,1,1,46,0,8,5,0
2000804,0.0,0.05,0.75,5.949218749999999,5.949999999999999,0.0007812500000000005,-2,0.78125,0.65625,0.15625,0.125,0.015625,0.5523809523809526,0.5452380952380951,0.7720952670112942,0.051532676695878424,0.3573030662953895,0.05,-0.4,6.349999999999999,2.0,16.0,0,0,1,1,2,39,0,11,9,1
2000805,1.0,0.05,0.75,-0.7032343750000004,-0.6500000000000004,0.05323437500000001,-11,53.234375,6.359375,0.203125,0.03125,0.015625,0.49841269841269825,0.5833333333333329,0.9930977738866044,0.060181844293347234,0.9927221466435402,0.05,-0.30000000000000004,-0.3499999999999994,3.0,12.0,0,0,5,0,0,18,0,32,8,1
2000806,1.0,0.05,0.75,0.37284375000000036,0.40000000000000036,0.02715625000000001,-8,27.15625,4.53125,0.1875,0.0625,0.015625,0.5333333333333333,0.564285714285714,0.9620806472237853,0.05235570612563524,0.9579361741676077,0.05,-0.55,0.9500000000000003,4.0,12.0,0,0,1,1,0,33,1,17,10,1
2000807,1.0,0.05,0.75,0.6343750000000004,0.6500000000000004,0.01562500000000001,-7,15.625,3.125,0.171875,0.0625,0.0,0.528125,0.5585937499999998,0.5538905552879744,0.05006798045658824,0.5367096973342044,0.05,-0.30000000000000004,0.9500000000000004,1.0,14.0,0,2,2,2,2,27,0,15,14,0
2000808,0.0,0.05,0.75,2.1488593749999993,2.1499999999999995,0.0011406250000000008,2,1.140625,0.765625,0.078125,0.109375,0.0,0.5687500000000006,0.5140625000000001,0.35390682310274296,0.05000907841930267,0.0329409476035732,0.05,-0.6000000000000001,2.75,3.0,9.0,2,0,2,0,0,50,0,6,4,0
2000809,0.0,0.05,0.75,6.094390624999999,6.099999999999999,0.005609375000000004,-3,5.609375,1.859375,0.15625,0.109375,0.0,0.5562500000000004,0.5351562499999998,0.31650707644146686,0.05008188064621767,0.15204820508520123,0.05,-1.1500000000000001,7.249999999999998,5.0,12.0,0,1,2,1,0,42,0,11,7,0
2000810,1.0,0.05,0.75,3.3976093749999996,3.3999999999999995,0.0023906250000000017,-2,2.390625,1.390625,0.140625,0.109375,0.015625,0.5523809523809526,0.5499999999999997,0.6027750036128553,0.05019468471262353,0.2703102754513249,0.05000000000000001,-0.5499999999999998,3.9500000000000006,3.0,13.0,0,0,1,0,1,39,0,14,8,1
2000811,0.0,0.05,0.75,2.793421875,2.8,0.006578125000000004,3,6.578125,2.265625,0.09375,0.140625,0.0,0.5750000000000005,0.5140624999999999,0.26857009566103845,0.050240630700992245,0.008108571991868305,0.05,-1.0,3.8,5.0,10.0,0,0,0,1,1,56,0,5,1,0
2000812,0.0,0.05,0.75,4.2979062500000005,4.300000000000001,0.002093750000000001,-4,2.09375,1.03125,0.125,0.0625,0.015625,0.5396825396825399,0.519047619047619,0.6576851193223844,0.05000591104230769,0.5374384064863316,0.05,-0.45,4.75,1.0,11.0,1,3,3,1,1,39,0,11,4,1
2000813,1.0,0.05,0.75,-0.41768750000000215,-0.40000000000000213,0.017687500000000002,-9,17.6875,3.40625,0.171875,0.03125,0.015625,0.542857142857143,0.552380952380952,0.9563847531653353,0.050432667566045045,0.9547548456419539,0.049999999999999996,-0.3999999999999999,3.3306690738754696e-16,4.0,9.0,0,1,1,2,0,35,0,13,11,1
2000814,1.0,0.05,0.75,0.9325781249999993,0.9499999999999993,0.01742187500000001,-6,17.421875,3.765625,0.15625,0.0625,0.015625,0.53968253968254,0.5666666666666663,0.8724236811487506,0.05015754033678679,0.8594630294636709,0.05,-0.10000000000000009,1.0500000000000005,2.0,12.0,0,0,0,1,1,33,1,14,13,1
2000815,0.0,0.05,0.75,3.948359375,3.9499999999999997,0.001640625000000001,-1,1.640625,0.890625,0.125,0.109375,0.03125,0.5548387096774198,0.5338709677419353,0.24373718308869177,0.050029940982165046,0.0785683709705026,0.05000000000000001,-1.1500000000000001,5.1,5.0,10.0,0,0,3,1,1,40,0,11,6,2
2000816,0.0,0.05,0.75,3.749359375,3.75,0.0006406250000000002,-1,0.640625,0.515625,0.125,0.109375,0.0,0.5406250000000002,0.5351562499999999,0.3919874821784511,0.05001140034148443,0.15622824271191127,0.05,-0.2,3.95,1.0,14.0,0,1,3,1,1,39,0,15,4,0
2000817,1.0,0.05,0.75,-0.3738281249999997,-0.34999999999999964,0.023828125000000016,-8,23.828125,3.859375,0.171875,0.046875,0.03125,0.5193548387096774,0.5653225806451609,0.9430575579015819,0.05040577073010023,0.9402480714409834,0.049999999999999996,-0.3999999999999999,0.05000000000000038,3.0,11.0,0,0,2,2,0,29,0,21,8,2
2000818,0.0,0.05,0.75,6.440281249999998,6.449999999999998,0.009718750000000005,-3,9.71875,2.53125,0.171875,0.125,0.03125,0.5387096774193549,0.550806451612903,0.3549144368662408,0.05061727676335331,0.1621070143910931,0.05000000000000001,-1.75,8.2,7.0,12.0,0,0,0,1,3,37,0,14,7,2
2000819,0.0,0.05,0.75,6.5941093749999995,6.6,0.0058906250000000035,-6,5.890625,1.859375,0.15625,0.0625,0.0,0.5468750000000002,0.5398437499999998,0.7176567462678403,0.05004392928347758,0.682814769763785,0.05,-0.4,7.0,2.0,12.0,0,0,2,0,0,43,0,17,2,0
2000820,1.0,0.05,0.75,1.0380624999999999,1.0499999999999998,0.011937500000000009,-5,11.9375,3.125,0.171875,0.09375,0.0,0.5406250000000002,0.5492187499999998,0.6864518546973291,0.05016953028459671,0.5950140794375738,0.05,-0.7,1.7500000000000002,3.0,14.0,0,1,1,0,1,38,0,17,6,0
2000821,0.0,0.05,0.75,9.577421874999999,9.6,0.022578125000000008,-7,22.578125,4.296875,0.25,0.140625,0.0,0.5343750000000002,0.5656249999999997,0.9423200710109422,0.20481289469113412,0.7437123222168416,0.05,-0.45,10.050000000000002,1.0,24.0,0,0,4,1,1,26,0,18,14,0
2000822,0.0,0.05,0.75,5.996578125,6.0,0.0034218750000000017,-2,3.421875,1.578125,0.171875,0.140625,0.0,0.5281250000000002,0.5374999999999998,0.4853652870275263,0.05102576039552953,0.11645646304098191,0.05,-1.4,7.4,4.0,16.0,0,0,0,4,1,43,1,12,3,0
2000823,0.0,0.05,0.75,9.697640625000002,9.750000000000002,0.05235937500000001,-11,52.359375,5.984375,0.203125,0.03125,0.0,0.5125,0.5820312499999994,0.9789173219998276,0.05162974939627875,0.9786322926698418,0.05,0.0,9.750000000000002,0.0,15.0,0,0,1,2,1,24,0,23,13,0
2000824,1.0,0.05,0.75,-0.08617187499999894,-0.049999999999998934,0.036171875000000006,-10,36.171875,4.359375,0.234375,0.078125,0.0,0.5156249999999998,0.5703124999999996,0.9536558520719804,0.06723747027463382,0.9472061938069241,0.05,-0.7999999999999998,0.7500000000000007,5.0,15.0,0,0,2,2,0,28,0,23,9,0
2000825,0.0,0.05,0.75,4.098046874999999,4.099999999999999,0.0019531250000000013,0,1.953125,1.265625,0.109375,0.109375,0.015625,0.5555555555555559,0.5238095238095237,0.2692227054652008,0.05003348577115693,0.04909955805360792,0.05,-0.6000000000000001,4.699999999999999,3.0,11.0,0,1,2,0,3,44,0,10,3,1
2000826,0.0,0.05,0.75,2.8985781249999993,2.8999999999999995,0.0014218750000000008,1,1.421875,1.046875,0.09375,0.109375,0.0,0.5406250000000004,0.5328124999999999,0.4550220781505418,0.05000760049930549,0.08992050318924398,0.05,-0.4,3.3,2.0,11.0,0,1,1,2,2,42,0,12,4,0
2000827,0.0,0.05,0.75,2.59509375,2.6,0.0049062500000000035,0,4.90625,1.75,0.078125,0.078125,0.0,0.5687500000000005,0.5093749999999999,0.44092533637614456,0.05000073441252894,0.13301472538489167,0.05000000000000001,-0.8500000000000001,3.4499999999999997,4.0,6.0,2,0,2,1,1,50,0,3,5,0
2000828,0.0,0.05,0.75,5.49884375,5.5,0.0011562500000000004,-1,1.15625,0.78125,0.171875,0.15625,0.0,0.5437500000000004,0.5515624999999998,0.5808893024157127,0.05174855654694321,0.10856972991809766,0.05,-1.2,6.699999999999999,4.0,17.0,0,0,2,2,0,36,0,14,10,0
2000829,0.0,0.05,0.75,4.648734374999998,4.649999999999999,0.0012656250000000007,0,1.265625,0.921875,0.15625,0.15625,0.0,0.5406250000000004,0.5304687499999999,0.36763635987108056,0.05070610147456198,0.03214942470209356,0.05000000000000001,-1.2000000000000002,5.85,4.0,16.0,1,1,2,1,2,40,0,12,5,0
2000830,0.0,0.05,0.75,4.397859374999999,4.399999999999999,0.002140625000000001,0,2.140625,1.140625,0.140625,0.140625,0.03125,0.5483870967741937,0.536290322580645,0.44166276784920283,0.050333291913317306,0.06008299170199291,0.05000000000000001,-1.4,5.799999999999999,5.0,13.0,0,0,1,2,2,41,0,10,6,2
2000831,0.0,0.05,0.75,8.486953125,8.5,0.01304687500000001,-6,13.046875,2.953125,0.21875,0.125,0.046875,0.5278688524590165,0.5688524590163931,0.8501836887815893,0.11262768181256258,0.6738299114758634,0.05,-1.6500000000000004,10.149999999999999,5.0,17.0,0,0,1,2,1,28,0,17,12,3
2000832,1.0,0.05,0.75,-0.7960468750000018,-0.7500000000000018,0.046046875000000015,-15,46.046875,5.203125,0.28125,0.046875,0.0,0.5125,0.5726562499999995,0.999551414148497,0.2690146514050945,0.9963406573206223,0.05,-1.25,0.5000000000000007,8.0,13.0,0,0,1,1,2,28,0,24,8,0
2000833,1.0,0.05,0.75,1.3873437499999985,1.3999999999999986,0.01265625000000001,-6,12.65625,2.84375,0.171875,0.078125,0.0,0.534375,0.5609374999999995,0.7488143061825174,0.05032192903277071,0.7045358002850003,0.05000000000000001,-0.34999999999999987,1.7500000000000002,2.0,14.0,0,0,0,1,1,36,1,16,9,0
2000834,0.0,0.05,0.75,4.7891875,4.8,0.010812500000000008,-4,10.8125,3.09375,0.125,0.0625,0.0,0.5437500000000003,0.5398437499999997,0.6440209099222622,0.05000463618348239,0.5780739445679844,0.049999999999999996,-0.2,4.999999999999999,1.0,11.0,0,1,4,1,3,33,0,12,10,0
2000835,0.0,0.05,0.75,4.741484374999999,4.749999999999999,0.008515625000000006,-4,8.515625,2.640625,0.125,0.0625,0.015625,0.5301587301587305,0.5499999999999998,0.6571198308676213,0.050005620934490666,0.6083537132417105,0.05,0.0,4.749999999999999,0.0,12.0,0,0,4,3,0,31,0,16,9,1
2000836,0.0,0.05,0.75,4.29815625,4.3,0.001843750000000001,1,1.84375,1.15625,0.140625,0.15625,0.015625,0.5587301587301591,0.5285714285714286,0.5352521747719011,0.05062834501389956,0.03562265569673797,0.05,-1.95,6.249999999999999,6.0,13.0,0,0,2,0,4,43,0,9,5,1
2000837,0.0,0.05,0.75,2.6364843749999993,2.6499999999999995,0.013515625000000009,5,13.515625,3.359375,0.109375,0.1875,0.0,0.5656250000000005,0.528125,0.21510384880867933,0.06079681409587894,0.0018919084500595407,0.05000000000000001,-1.0,3.6499999999999995,5.0,14.0,0,1,1,1,0,47,1,6,7,0
2000838,0.0,0.05,0.75,4.598609375,4.6,0.0013906250000000008,0,1.390625,0.921875,0.15625,0.15625,0.0,0.5468750000000003,0.5445312499999998,0.5049562594300442,0.05051904415279038,0.07995579657991972,0.05,-0.95,5.55,4.0,16.0,1,0,1,0,0,41,0,15,6,0
2000839,1.0,0.05,0.75,2.3171718750000014,2.3500000000000014,0.032828125,-9,32.828125,4.796875,0.25,0.109375,0.0,0.5187499999999999,0.5679687499999996,0.991726302932209,0.262084267598035,0.9226355611078016,0.05000000000000001,-0.5999999999999999,2.9500000000000006,5.0,18.0,0,1,1,1,0,30,0,23,8,0
2000840,1.0,0.05,0.75,-0.6179687500000005,-0.6000000000000005,0.017968750000000012,-8,17.96875,3.46875,0.171875,0.046875,0.0,0.515625,0.5632812499999996,0.9607901748600546,0.050215106476323323,0.9593165977009743,0.05,-0.44999999999999996,-0.1499999999999999,3.0,11.0,0,0,1,2,1,32,1,20,7,0
2000841,1.0,0.05,0.75,1.4365312499999994,1.4499999999999993,0.013468750000000008,-7,13.46875,3.09375,0.1875,0.078125,0.0,0.5250000000000001,0.5609374999999998,0.7610913464303962,0.051136085522751826,0.7215030645566329,0.05,-1.2499999999999998,2.7,6.0,11.0,0,0,3,2,1,29,0,19,10,0
2000842,1.0,0.05,0.75,3.98846875,4.0,0.011531250000000005,-3,11.53125,2.78125,0.171875,0.125,0.015625,0.53968253968254,0.5452380952380951,0.5598574417631347,0.05216416173097921,0.22888405412179416,0.049999999999999996,-0.19999999999999996,4.2,1.0,18.0,1,0,1,0,4,36,0,13,8,1
2000843,1.0,0.05,0.75,1.3399374999999996,1.3499999999999996,0.010062500000000005,-6,10.0625,2.28125,0.1875,0.09375,0.03125,0.5483870967741937,0.550806451612903,0.6617147651114551,0.05106336034620757,0.5813398429545127,0.05,-0.1499999999999999,1.4999999999999998,1.0,17.0,0,0,2,0,2,35,0,14,9,2
2000844,0.0,0.05,0.75,4.044890624999999,4.049999999999999,0.005109375000000003,-2,5.109375,1.859375,0.109375,0.078125,0.0,0.5468750000000004,0.5398437499999998,0.4466040119044305,0.05000242057630506,0.29462760739556926,0.05,-0.2,4.249999999999999,1.0,11.0,0,0,0,1,1,45,1,12,4,0
2000845,1.0,0.05,0.75,-2.1849218750000015,-2.1000000000000014,0.08492187500000002,-16,84.921875,7.921875,0.28125,0.03125,0.0,0.4937499999999996,0.5960937499999994,0.9990433143713742,0.22310307306473004,0.996885099682818,0.05,-0.8999999999999997,-1.1999999999999993,6.0,14.0,0,1,1,0,0,19,0,33,10,0
2000846,1.0,0.05,0.75,-1.5985625000000008,-1.5500000000000007,0.048562500000000015,-11,48.5625,6.21875,0.203125,0.03125,0.0,0.49687499999999984,0.5749999999999995,0.9854152178430704,0.0516493449455793,0.9852027355241803,0.05000000000000001,-0.44999999999999996,-1.0999999999999996,4.0,11.0,1,1,2,1,2,21,0,26,10,0
2000847,0.0,0.05,0.75,2.5978125000000007,2.6000000000000005,0.0021875000000000015,-1,2.1875,1.21875,0.078125,0.0625,0.03125,0.5290322580645163,0.5169354838709677,0.371275452244164,0.05000048570776194,0.1966907944391665,0.05,-0.35,2.95,2.0,7.0,0,4,1,2,4,39,0,10,2,2
2000848,1.0,0.05,0.75,-1.7487968749999994,-1.6999999999999993,0.048796875000000024,-12,48.796875,5.453125,0.203125,0.015625,0.0,0.5281250000000002,0.5773437499999996,0.988425104640542,0.05219724904753186,0.98827608168395,0.05,-0.7999999999999998,-0.8999999999999995,5.0,9.0,0,0,1,0,1,28,0,22,12,0
2000849,0.0,0.05,0.75,5.097875,5.1000000000000005,0.002125000000000001,-1,2.125,1.0625,0.140625,0.125,0.0,0.5531250000000003,0.5210937499999999,0.43834469875357307,0.05013639040009618,0.0684814518218441,0.04999999999999999,-1.5999999999999999,6.7,6.0,11.0,0,3,1,1,2,44,0,8,5,0
2000850,1.0,0.05,0.75,0.4789218749999991,0.4999999999999991,0.02107812500000001,-7,21.078125,4.203125,0.171875,0.0625,0.0,0.5187500000000002,0.5539062499999998,0.6934192274238694,0.05007576738908551,0.6775190100420956,0.05,-0.9499999999999997,1.4500000000000004,4.0,11.0,0,1,2,1,0,34,2,19,5,0
2000851,0.0,0.05,0.75,3.1965624999999993,3.1999999999999993,0.003437500000000002,1,3.4375,1.625,0.109375,0.125,0.0,0.5562500000000004,0.5328124999999999,0.48021499730833306,0.05002531238128549,0.07249924559945571,0.05,-1.1,4.3,5.0,10.0,0,0,2,0,5,41,0,9,7,0
2000852,0.0,0.05,0.75,3.6449531249999993,3.6499999999999995,0.005046875000000004,0,5.046875,1.890625,0.109375,0.109375,0.015625,0.5619047619047622,0.5261904761904761,0.5306199200282699,0.0500185946656289,0.12053062877334335,0.05,-1.05,4.699999999999999,4.0,10.0,0,1,0,0,2,48,0,9,3,1
2000853,0.0,0.05,0.75,6.396875,6.3999999999999995,0.003125000000000002,-4,3.125,1.25,0.171875,0.109375,0.0,0.5531250000000003,0.5328124999999998,0.5381649957597031,0.050431268200940536,0.2845462315235306,0.049999999999999996,-1.3,7.7,4.0,14.0,0,2,2,0,1,41,0,12,6,0
2000854,1.0,0.05,0.75,-0.02101562500000001,0.0,0.02101562500000001,-7,21.015625,3.953125,0.15625,0.046875,0.0,0.5406250000000002,0.5585937499999997,0.9008457016591617,0.0500685903895914,0.8952072903441732,0.05,-0.34999999999999987,0.3500000000000003,2.0,11.0,0,0,2,2,0,33,0,15,12,0
2000855,1.0,0.05,0.75,0.9925781249999991,0.9999999999999991,0.007421875000000005,-6,7.421875,2.359375,0.171875,0.078125,0.0,0.5312500000000002,0.5585937499999997,0.8902289584344668,0.05044846234581597,0.8650597681860197,0.05000000000000001,0.0,0.9999999999999998,0.0,16.0,1,0,1,2,1,32,1,13,13,0
2000856,0.0,0.05,0.75,4.537812499999999,4.549999999999999,0.012187500000000009,-5,12.1875,3.1875,0.109375,0.03125,0.015625,0.5396825396825399,0.5380952380952378,0.6768544479052255,0.05000073042833436,0.6627956295354421,0.05,-0.65,5.199999999999999,2.0,7.0,0,0,4,2,2,35,0,13,7,1
2000857,1.0,0.05,0.75,-0.8775781249999997,-0.8499999999999996,0.027578125000000002,-7,27.578125,4.765625,0.140625,0.03125,0.015625,0.5079365079365078,0.5761904761904758,0.8706017931194938,0.050011512188467236,0.8686697046550986,0.049999999999999996,-0.7499999999999999,-0.09999999999999964,3.0,8.0,0,1,0,2,1,26,0,23,10,1
2000858,1.0,0.05,0.75,-0.8294218750000008,-0.8000000000000007,0.02942187500000001,-8,29.421875,4.734375,0.15625,0.03125,0.0,0.5406250000000002,0.5656249999999996,0.9591493133251388,0.050067727186920756,0.9581562162692234,0.05000000000000001,-0.19999999999999996,-0.6,1.0,11.0,0,1,1,2,1,29,0,13,17,0
2000859,0.0,0.05,0.75,7.13721875,7.1499999999999995,0.012781250000000006,-1,12.78125,2.875,0.203125,0.1875,0.0,0.5375000000000003,0.5515624999999997,0.73445888296535,0.12678230516904498,0.04587631085167098,0.05,-1.7000000000000002,8.850000000000003,6.0,19.0,0,0,3,1,3,32,0,15,10,0
2000860,0.0,0.05,0.75,8.018593749999999,8.049999999999999,0.03140625000000001,-8,31.40625,5.09375,0.171875,0.046875,0.0,0.5343750000000002,0.5632812499999996,0.9519673973168704,0.05036279556930824,0.949542414091786,0.05,-0.55,8.6,2.0,12.0,0,1,3,1,1,27,0,17,14,0
2000861,1.0,0.05,0.75,-0.4158750000000004,-0.40000000000000036,0.01587500000000001,-7,15.875,3.28125,0.140625,0.03125,0.0,0.5375000000000002,0.5539062499999998,0.9011858525120745,0.05001885425257902,0.8970623721338268,0.049999999999999996,-0.3500000000000001,-0.0499999999999996,2.0,9.0,0,0,4,0,4,29,0,16,11,0
2000862,1.0,0.05,0.75,2.9459062499999993,2.9499999999999993,0.004093750000000003,-3,4.09375,1.8125,0.171875,0.125,0.0,0.5250000000000002,0.5585937499999998,0.6999192358546521,0.05104130553383755,0.419095238041063,0.05,-0.5499999999999998,3.5,3.0,16.0,0,0,0,3,1,35,1,15,9,0
2000863,0.0,0.05,0.75,2.8964843749999996,2.8999999999999995,0.0035156250000000023,2,3.515625,1.703125,0.125,0.15625,0.0,0.5531250000000003,0.52109375,0.40588432482004233,0.05023857080199645,0.02147823254968027,0.05,-0.4,3.2999999999999994,2.0,16.0,0,1,3,1,1,45,0,11,2,0
2000864,0.0,0.05,0.75,2.5487499999999996,2.55,0.0012500000000000005,1,1.25,0.84375,0.09375,0.109375,0.015625,0.5587301587301591,0.5142857142857142,0.6032898673865338,0.05000634365059431,0.10637797092349913,0.05,-0.2,2.75,1.0,12.0,0,0,5,1,1,45,1,8,2,1
2000865,0.0,0.05,0.75,6.2959375,6.3,0.004062500000000003,-3,4.0625,1.78125,0.171875,0.125,0.03125,0.5322580645161291,0.550806451612903,0.34821900550808266,0.05051231640008181,0.1580942638015258,0.05,-0.4,6.699999999999999,2.0,17.0,0,0,0,1,1,39,0,18,3,2
2000866,1.0,0.05,0.75,1.7833437499999998,1.7999999999999998,0.016656250000000008,-6,16.65625,3.21875,0.171875,0.078125,0.0,0.5343750000000002,0.5562499999999997,0.9321679233690668,0.051804961415012916,0.9084803844890245,0.04999999999999999,-0.44999999999999996,2.25,3.0,13.0,0,1,2,2,2,30,0,14,13,0
2000867,1.0,0.05,0.75,0.5288124999999998,0.5499999999999998,0.021187500000000005,-6,21.1875,3.9375,0.15625,0.0625,0.015625,0.5365079365079369,0.5619047619047616,0.8126586625262214,0.050089884742078275,0.7913051329579778,0.05000000000000002,-0.4999999999999998,1.0500000000000005,3.0,11.0,0,1,1,0,0,33,1,17,10,1
2000868,1.0,0.05,0.75,2.7994062499999997,2.8,0.0005937500000000003,2,0.59375,0.46875,0.078125,0.109375,0.0,0.5625000000000004,0.5210937499999999,0.6941518039047826,0.05000090871487998,0.1805097336486444,0.05000000000000001,-0.19999999999999996,3.0,1.0,11.0,0,2,3,0,1,44,0,9,5,0
2000869,0.0,0.05,0.75,6.624562499999998,6.649999999999998,0.02543750000000001,-6,25.4375,4.5,0.15625,0.0625,0.015625,0.5047619047619047,0.5642857142857141,0.7316792634558061,0.05005268850627386,0.7133500204824283,0.05,-0.9,7.549999999999999,2.0,12.0,0,0,1,2,2,30,0,24,4,1
2000870,1.0,0.05,0.75,-1.1106406250000005,-1.1000000000000005,0.010640625000000004,-8,10.640625,2.234375,0.140625,0.015625,0.015625,0.5650793650793654,0.5476190476190473,0.9528337414839504,0.05003107480376545,0.9514172593513679,0.05,-0.050000000000000044,-1.0499999999999996,1.0,9.0,0,0,1,0,3,38,0,8,13,1
2000871,1.0,0.05,0.75,0.3275468749999996,0.34999999999999964,0.022453125000000015,-8,22.453125,3.703125,0.1875,0.0625,0.0,0.5125,0.5656249999999996,0.7896748595437239,0.0503230457927029,0.7803005747052395,0.05,-0.6499999999999997,1.0000000000000004,4.0,12.0,1,0,1,2,1,29,0,21,9,0
2000872,1.0,0.05,0.75,2.0825781249999986,2.0999999999999988,0.017421875000000007,-3,17.421875,4.078125,0.140625,0.09375,0.0,0.5125000000000002,0.5539062499999998,0.6424481179419985,0.05004132341187989,0.49794976354908327,0.05000000000000001,-0.5999999999999999,2.7000000000000006,4.0,11.0,1,2,2,2,1,28,0,19,9,0
2000873,1.0,0.05,0.75,-0.04751562500000002,0.0,0.04751562500000002,-11,47.515625,6.078125,0.234375,0.0625,0.0,0.515625,0.5773437499999996,0.9956782289913255,0.12242943627628804,0.9936662971191402,0.05000000000000002,-0.7,0.7000000000000005,6.0,13.0,0,0,1,3,0,26,0,21,13,0
2000874,0.0,0.05,0.75,6.484484374999999,6.499999999999999,0.01551562500000001,-6,15.515625,3.296875,0.171875,0.078125,0.0,0.5312500000000002,0.5515624999999998,0.7330137782696691,0.050104583530591024,0.6951574848300447,0.05,0.0,6.499999999999999,0.0,16.0,0,0,1,2,3,35,0,15,8,0
2000875,0.0,0.05,0.75,7.4469843749999995,7.449999999999999,0.003015625000000002,-2,3.015625,1.546875,0.203125,0.171875,0.0,0.5375000000000003,0.5445312499999998,0.9088809419308195,0.15739843166888656,0.13367088982153902,0.049999999999999996,-0.6000000000000001,8.049999999999999,3.0,21.0,0,0,2,1,1,39,0,17,4,0
2000876,0.0,0.05,0.75,2.798,2.8,0.0020000000000000013,1,2.0,1.21875,0.09375,0.109375,0.046875,0.5639344262295085,0.5245901639344261,0.5623644020268879,0.05001555428786251,0.09731220637653239,0.05,-0.75,3.55,3.0,10.0,0,0,1,2,0,47,0,7,4,3
2000877,1.0,0.05,0.75,0.247265625,0.25,0.0027343750000000016,-4,2.734375,1.328125,0.09375,0.03125,0.0,0.5593750000000004,0.5351562499999998,0.788147239941814,0.05000082692441733,0.7566789241092565,0.05,-0.44999999999999996,0.7000000000000001,3.0,5.0,0,0,4,2,0,39,0,9,10,0
2000878,1.0,0.05,0.75,0.49714062500000245,0.5500000000000025,0.05285937500000002,-8,52.859375,6.828125,0.1875,0.0625,0.015625,0.5269841269841271,0.5857142857142853,0.984363186215397,0.055181302111201265,0.9828322543618087,0.05,-0.19999999999999996,0.7500000000000004,2.0,14.0,0,0,2,1,1,21,0,20,18,1
2000879,0.0,0.05,0.75,5.84459375,5.85,0.005406250000000004,-4,5.40625,1.90625,0.15625,0.09375,0.0,0.5281250000000003,0.5468749999999997,0.6078418279447415,0.05008543683592534,0.4582680213908189,0.049999999999999996,-1.2000000000000002,7.05,4.0,12.0,0,1,0,5,0,37,1,10,10,0
2000880,1.0,0.05,0.75,-0.7123906250000002,-0.7000000000000002,0.012390625000000006,-8,12.390625,2.484375,0.15625,0.03125,0.0,0.5468750000000002,0.5421874999999998,0.8583662266351929,0.05002756477319653,0.8533846961474505,0.05,-0.1499999999999999,-0.5499999999999997,1.0,11.0,1,0,2,1,0,39,0,13,8,0
2000881,1.0,0.05,0.75,1.3250468749999997,1.3499999999999996,0.02495312500000001,-7,24.953125,4.140625,0.1875,0.078125,0.0,0.5375000000000001,0.5632812499999996,0.7993749809548775,0.05087105155803559,0.7770636242635407,0.05,-0.7999999999999998,2.1500000000000004,5.0,12.0,0,0,0,1,1,35,0,17,10,0
2000882,0.0,0.05,0.75,4.7476562499999995,4.749999999999999,0.002343750000000001,-2,2.34375,1.28125,0.140625,0.109375,0.015625,0.5428571428571431,0.5357142857142857,0.49390352634579193,0.050065299917965676,0.18559328825585705,0.05,-0.4,5.1499999999999995,2.0,14.0,1,1,1,1,1,40,0,12,6,1
2000883,0.0,0.05,0.75,7.421890625000001,7.450000000000001,0.028109375,-6,28.109375,4.796875,0.171875,0.078125,0.015625,0.5396825396825399,0.5785714285714282,0.9551077357613583,0.051942523241954724,0.9459079897099746,0.05000000000000001,-1.0,8.450000000000001,3.0,13.0,0,0,0,0,0,30,0,19,14,1
2000884,1.0,0.05,0.75,1.0840156249999997,1.0999999999999996,0.01598437500000001,-7,15.984375,3.453125,0.1875,0.078125,0.0,0.5437500000000003,0.5585937499999998,0.794236728152924,0.05084717635869398,0.7651973494727231,0.05,-0.5499999999999998,1.6500000000000006,3.0,14.0,0,1,0,1,1,35,0,14,12,0
2000885,1.0,0.05,0.75,1.4929531249999992,1.4999999999999991,0.0070468750000000045,-4,7.046875,2.296875,0.15625,0.09375,0.0,0.5250000000000001,0.5421874999999998,0.6787659738205858,0.0500864140593453,0.5316874611141196,0.05,-0.65,2.1500000000000004,3.0,13.0,1,0,1,3,1,38,0,15,5,0
2000886,1.0,0.05,0.75,0.2756093750000007,0.3000000000000007,0.02439062500000001,-9,24.390625,4.109375,0.203125,0.0625,0.0,0.5250000000000002,0.5749999999999996,0.979063522662735,0.05568717000313309,0.9776172511868962,0.05000000000000001,-0.3999999999999999,0.7000000000000003,2.0,15.0,0,0,1,2,0,28,0,20,13,0
2000887,0.0,0.05,0.75,4.24959375,4.25,0.0004062500000000002,-1,0.40625,0.375,0.125,0.109375,0.0,0.5625000000000006,0.5351562499999999,0.39976369539934836,0.05001863501053421,0.1261710968948609,0.05000000000000001,-0.8,5.05,4.0,11.0,1,0,1,1,0,44,0,8,9,0
2000888,1.0,0.05,0.75,0.7105468750000009,0.7500000000000009,0.039453125000000006,-7,39.453125,5.828125,0.1875,0.078125,0.0,0.5406250000000002,0.5820312499999996,0.8741740511169737,0.050701228871841725,0.8638846470455919,0.05,-0.7499999999999998,1.5000000000000004,4.0,13.0,0,0,0,0,0,29,0,19,16,0
2000889,0.0,0.05,0.75,2.8964687499999995,2.8999999999999995,0.0035312500000000023,3,3.53125,1.5625,0.125,0.171875,0.0,0.5406250000000005,0.5421874999999999,0.7388164202754689,0.050334264263711535,0.048840146491241285,0.05000000000000002,-1.55,4.449999999999999,5.0,14.0,1,0,0,1,2,41,1,11,7,0
2000890,0.0,0.05,0.75,5.446296874999999,5.449999999999999,0.0037031250000000024,1,3.703125,1.640625,0.15625,0.171875,0.0,0.5656250000000004,0.5304687499999999,0.8235872931233588,0.05433594961625383,0.05563971058801293,0.05000000000000001,-1.1500000000000001,6.599999999999999,5.0,16.0,0,0,1,1,1,47,0,8,6,0
2000891,0.0,0.05,0.75,3.6489062499999987,3.6499999999999986,0.0010937500000000008,2,1.09375,0.84375,0.125,0.15625,0.0,0.5625000000000004,0.5398437499999998,0.38964689779194284,0.05046109933154489,0.026671977181693365,0.05,-1.25,4.899999999999999,4.0,14.0,1,0,0,0,0,45,0,10,8,0
2000892,1.0,0.05,0.75,-0.7147968749999993,-0.6999999999999993,0.014796875000000011,-8,14.796875,3.546875,0.15625,0.03125,0.0,0.5343750000000003,0.5585937499999997,0.9530886174641325,0.050079203601459316,0.9514172593513679,0.05,-0.34999999999999987,-0.34999999999999964,2.0,10.0,0,0,0,1,3,35,0,16,9,0
2000893,0.0,0.05,0.75,5.647796875,5.65,0.0022031250000000007,-3,2.203125,1.015625,0.140625,0.09375,0.015625,0.555555555555556,0.5261904761904761,0.5089102680039502,0.05014882967212028,0.2023687393501681,0.05,-1.05,6.7,4.0,11.0,1,1,1,1,0,45,0,9,5,1
2000894,0.0,0.05,0.75,5.593031249999999,5.6,0.006968750000000005,-5,6.96875,2.21875,0.140625,0.0625,0.015625,0.5460317460317462,0.5595238095238092,0.7166856912402916,0.050018069484108016,0.6832128216879687,0.05,0.0,5.6,0.0,13.0,0,0,0,1,1,36,0,14,11,1
2000895,1.0,0.05,0.75,0.8772656250000004,0.9000000000000004,0.022734375000000008,-9,22.734375,4.015625,0.234375,0.09375,0.0,0.4968749999999999,0.5773437499999996,0.9435841279288342,0.07875315555616805,0.9294940858155059,0.05,-0.25,1.1500000000000004,3.0,18.0,0,1,0,2,3,24,1,23,10,0
2000896,0.0,0.05,0.75,4.8427968749999994,4.85,0.007203125000000005,-3,7.203125,2.015625,0.125,0.078125,0.0,0.5531250000000003,0.5374999999999998,0.471145755968262,0.05000647851026149,0.33008062749305184,0.05,-0.2,5.05,1.0,12.0,1,0,0,1,0,45,0,11,6,0
2000897,1.0,0.05,0.75,0.3852499999999995,0.39999999999999947,0.014750000000000011,-6,14.75,3.1875,0.140625,0.046875,0.015625,0.5206349206349206,0.5619047619047616,0.9208159690315477,0.05005913338055437,0.9147011917089723,0.05,-0.050000000000000044,0.4500000000000004,1.0,11.0,0,2,0,1,2,30,0,19,9,1
2000898,1.0,0.05,0.75,-0.5353437500000018,-0.5000000000000018,0.035343750000000014,-11,35.34375,5.21875,0.21875,0.046875,0.0,0.5125000000000001,0.5773437499999996,0.9803600656400696,0.05776012329175766,0.9794587478603052,0.049999999999999996,-0.7999999999999998,0.30000000000000027,5.0,12.0,1,0,0,1,1,27,0,23,11,0
2000899,0.0,0.05,0.75,3.5827968749999997,3.5999999999999996,0.017203125000000007,4,17.203125,3.671875,0.140625,0.203125,0.03125,0.5451612903225809,0.5314516129032256,0.30220061057237085,0.10270112352122421,0.0036001116359219753,0.049999999999999996,-0.8,4.3999999999999995,4.0,18.0,1,1,1,0,3,40,0,11,5,2
2000900,1.0,0.05,0.75,4.398609374999999,4.399999999999999,0.0013906250000000008,-1,1.390625,0.953125,0.140625,0.125,0.0,0.5625000000000003,0.5351562499999999,0.5631153355466757,0.050212911347765926,0.12723798270049894,0.05,-0.19999999999999996,4.6,1.0,16.0,0,0,1,1,1,45,0,9,7,0
2000901,0.0,0.05,0.75,1.298703125,1.3,0.001296875000000001,2,1.296875,0.859375,0.0625,0.09375,0.015625,0.5555555555555559,0.5238095238095237,0.4253072677616817,0.05000140971279336,0.0938999054199542,0.049999999999999996,-0.8,2.1,3.0,7.0,0,0,3,1,1,45,0,11,2,1
2000902,0.0,0.05,0.75,4.8984531250000005,4.9,0.001546875000000001,-2,1.546875,0.953125,0.140625,0.109375,0.015625,0.5142857142857142,0.5428571428571427,0.38752378614763583,0.05004135187595325,0.18457128928851188,0.05000000000000001,-0.4,5.299999999999999,2.0,14.0,0,0,3,5,2,32,0,15,6,1
2000903,0.0,0.05,0.75,4.247546875,4.25,0.0024531250000000017,-2,2.453125,1.359375,0.109375,0.078125,0.0,0.5375000000000002,0.5281249999999998,0.38436001686422033,0.05000266658699955,0.21123938223260985,0.05,-0.5,4.750000000000001,2.0,10.0,2,1,1,0,1,43,0,14,2,0
2000904,1.0,0.05,0.75,-0.4625625000000002,-0.4500000000000002,0.012562500000000004,-7,12.5625,2.28125,0.140625,0.03125,0.0,0.5500000000000002,0.5539062499999997,0.9326256327033673,0.050024617822434836,0.9297028523312371,0.05,-0.19999999999999996,-0.2499999999999999,2.0,9.0,0,0,3,1,0,34,0,14,12,0
2000905,0.0,0.05,0.75,2.4977031250000006,2.5000000000000004,0.0022968750000000016,2,2.296875,1.390625,0.09375,0.125,0.015625,0.5682539682539688,0.5214285714285715,0.26173992746286107,0.050058531658043394,0.022316094574312884,0.05,-0.75,3.25,3.0,11.0,0,2,1,1,0,47,0,6,6,1
2000906,0.0,0.05,0.75,5.298140624999999,5.3,0.0018593750000000012,-3,1.859375,1.015625,0.140625,0.09375,0.015625,0.5492063492063495,0.5357142857142855,0.4534032961032795,0.05003432681408014,0.2538301524634766,0.05,-1.1,6.3999999999999995,4.0,11.0,0,0,1,1,4,41,0,10,6,1
2000907,1.0,0.05,0.75,0.17809374999999927,0.1999999999999993,0.021906250000000013,-8,21.90625,4.03125,0.1875,0.0625,0.0,0.5437500000000002,0.5609374999999996,0.8694776314512102,0.05041753242323095,0.8620906808912556,0.05,0.0,0.2000000000000005,0.0,16.0,0,0,0,1,1,36,0,15,11,0
2000908,0.0,0.05,0.75,5.6492187499999975,5.649999999999998,0.0007812500000000003,-1,0.78125,0.5625,0.15625,0.140625,0.03125,0.5354838709677422,0.5411290322580645,0.45795336163575795,0.050990061601698985,0.08652416427947518,0.05,-1.05,6.699999999999998,4.0,15.0,0,0,1,3,1,39,0,13,5,2
2000909,0.0,0.05,0.75,6.34153125,6.35,0.008468750000000006,-4,8.46875,2.625,0.171875,0.109375,0.015625,0.5333333333333335,0.5666666666666663,0.5970197622535269,0.05045751437885125,0.4631437262131658,0.05,-1.0,7.35,3.0,15.0,0,1,1,0,1,30,0,19,11,1
2000910,1.0,0.05,0.75,2.734578124999999,2.749999999999999,0.01542187500000001,-4,15.421875,3.578125,0.1875,0.125,0.0,0.5125000000000002,0.5632812499999997,0.7143669026707397,0.052359263939034874,0.5038622929349899,0.05,-0.7999999999999998,3.5500000000000007,5.0,15.0,1,0,1,4,1,28,0,17,12,0
2000911,1.0,0.05,0.75,3.443546874999999,3.4499999999999993,0.006453125000000004,-5,6.453125,2.171875,0.203125,0.125,0.015625,0.5428571428571433,0.5428571428571427,0.712607831986611,0.07502773176292625,0.4128310768793329,0.05,-0.7999999999999998,4.25,5.0,16.0,0,0,1,2,1,40,0,13,6,1
2000912,1.0,0.05,0.75,-1.073249999999999,-1.049999999999999,0.023250000000000007,-9,23.25,4.0625,0.15625,0.015625,0.015625,0.5333333333333335,0.5571428571428568,0.9505034785791923,0.05008175053966278,0.9497937463070445,0.049999999999999996,-0.25,-0.7999999999999996,2.0,9.0,0,1,2,1,1,31,0,17,10,1
2000913,1.0,0.05,0.75,-0.8235781250000007,-0.8000000000000007,0.023578125000000005,-7,23.578125,4.328125,0.125,0.015625,0.0,0.5625000000000003,0.5445312499999997,0.846924226847809,0.050003441558841094,0.8438174369361423,0.049999999999999996,-0.19999999999999996,-0.5999999999999996,1.0,8.0,0,0,1,0,1,42,0,11,9,0
2000914,0.0,0.05,0.75,6.296078125,6.3,0.003921875000000003,-2,3.921875,1.703125,0.171875,0.140625,0.0,0.5562500000000002,0.5374999999999999,0.4311819905206864,0.051078638805730756,0.08955830245947669,0.05,-0.8,7.1,4.0,16.0,0,0,2,0,3,41,0,11,7,0
2000915,1.0,0.05,0.75,0.28714062499999893,0.29999999999999893,0.01285937500000001,-8,12.859375,3.171875,0.1875,0.0625,0.0,0.5312500000000001,0.5539062499999997,0.8589328527898066,0.05063268109313421,0.8461220724342486,0.05,-1.0499999999999998,1.3500000000000005,5.0,11.0,0,0,2,1,4,32,1,14,10,0
2000916,0.0,0.05,0.75,5.99690625,6.0,0.003093750000000002,-4,3.09375,1.28125,0.140625,0.078125,0.015625,0.5587301587301591,0.5238095238095238,0.6601434499717643,0.05008840273931777,0.4657359905582329,0.05,-0.95,6.95,4.0,10.0,1,1,3,0,1,42,0,9,6,1
2000917,0.0,0.05,0.75,1.8984531249999999,1.9,0.001546875000000001,2,1.546875,1.015625,0.125,0.15625,0.015625,0.5269841269841272,0.5357142857142857,0.441459624045247,0.050113414714380286,0.04584718117490935,0.05,-0.9,2.7999999999999994,2.0,16.0,1,3,2,0,5,31,0,13,8,1
2000918,1.0,0.05,0.75,-1.9835937499999987,-1.8999999999999986,0.08359375000000004,-12,83.59375,8.625,0.203125,0.015625,0.0,0.5187499999999999,0.5960937499999995,0.9847625807660156,0.051312258022552966,0.9846560120256416,0.049999999999999996,-0.5,-1.3999999999999995,3.0,11.0,0,0,0,0,1,22,2,21,18,0
2000919,1.0,0.05,0.75,-0.26409375,-0.25,0.014093750000000009,-8,14.09375,3.0,0.171875,0.046875,0.0,0.5406250000000002,0.5445312499999998,0.9228648997848602,0.050214152242240566,0.9169693615914973,0.05,-0.19999999999999996,-0.0499999999999996,2.0,12.0,1,1,3,1,0,34,0,14,10,0
2000920,0.0,0.05,0.75,4.895515625,4.8999999999999995,0.004484375000000003,-3,4.484375,1.765625,0.140625,0.09375,0.015625,0.5396825396825399,0.5333333333333332,0.3841572281031143,0.050015668087802556,0.2400476025994987,0.049999999999999996,-0.2,5.1,1.0,14.0,0,0,4,2,2,37,1,11,6,1
2000921,1.0,0.05,0.75,1.0932031249999996,1.0999999999999996,0.006796875000000003,-5,6.796875,2.203125,0.15625,0.078125,0.0,0.5406250000000005,0.5375,0.6697380491974932,0.05006264600999917,0.575931995263509,0.049999999999999996,-0.7999999999999998,1.8999999999999992,4.0,11.0,0,1,2,2,3,37,0,11,8,0
2000922,0.0,0.05,0.75,8.711859374999998,8.749999999999998,0.03814062500000001,-9,38.140625,5.578125,0.1875,0.046875,0.015625,0.5079365079365079,0.5809523809523806,0.9894843182279809,0.05364333325997074,0.9889587115823965,0.04999999999999999,0.0,8.749999999999998,0.0,15.0,1,0,0,1,0,26,2,21,12,1
2000923,0.0,0.05,0.75,2.943906249999998,2.949999999999998,0.006093750000000004,3,6.09375,2.21875,0.109375,0.15625,0.0,0.5437500000000004,0.53515625,0.5113945782430838,0.05034760681922035,0.0239165181308652,0.049999999999999996,-1.55,4.499999999999998,5.0,12.0,1,1,0,2,3,40,0,8,9,0
2000924,1.0,0.05,0.75,1.5705937499999996,1.5999999999999996,0.02940625000000001,-8,29.40625,5.03125,0.21875,0.09375,0.0,0.5250000000000001,0.5726562499999996,0.9905170858668587,0.12914817452482094,0.9823176754646029,0.049999999999999996,-0.10000000000000009,1.7000000000000004,2.0,18.0,0,0,0,3,2,28,0,16,15,0
2000925,1.0,0.05,0.75,1.3382031250000015,1.3500000000000014,0.011796875000000007,-7,11.796875,2.515625,0.203125,0.09375,0.0,0.5562500000000002,0.5585937499999997,0.9063988126932636,0.05881139721486441,0.868496325125154,0.05000000000000002,-1.3999999999999997,2.7500000000000004,8.0,11.0,0,0,2,0,0,35,0,14,13,0
2000926,1.0,0.05,0.75,-1.28534375,-1.25,0.03534375000000002,-11,35.34375,5.0625,0.203125,0.03125,0.0,0.5437500000000001,0.5562499999999997,0.9765556901276636,0.05156572347130115,0.9760315836115413,0.05,-0.1499999999999999,-1.0999999999999996,1.0,14.0,0,0,2,0,2,34,0,16,10,0
2000927,1.0,0.05,0.75,2.0976874999999997,2.0999999999999996,0.0023125000000000016,-3,2.3125,1.125,0.140625,0.09375,0.0,0.5437500000000003,0.5374999999999999,0.6505033358028194,0.050050288156654806,0.4364835989549807,0.05,-0.7999999999999999,2.8999999999999995,3.0,12.0,0,0,1,1,1,44,1,13,3,0
2000928,1.0,0.05,0.75,2.3336874999999977,2.349999999999998,0.016312500000000008,-5,16.3125,3.90625,0.203125,0.125,0.0,0.503125,0.5679687499999997,0.717447195896569,0.05431356154849791,0.5892192653083926,0.05,-0.95,3.3,5.0,16.0,0,1,1,1,4,26,1,22,8,0
2000929,0.0,0.05,0.75,4.146999999999999,4.1499999999999995,0.0030000000000000022,-2,3.0,1.625,0.125,0.09375,0.0,0.5468750000000003,0.5421874999999997,0.6642729505496668,0.05001642277126591,0.42359806811378653,0.05,-0.9,5.05,2.0,12.0,0,0,1,2,1,41,1,10,8,0
2000930,0.0,0.05,0.75,6.442843749999999,6.449999999999999,0.0071562500000000055,-3,7.15625,2.34375,0.171875,0.125,0.015625,0.5396825396825399,0.5404761904761903,0.76504176588765,0.05363056324471214,0.3836176243154625,0.05,-1.05,7.5,4.0,15.0,0,1,2,3,0,37,0,12,8,1
2000931,1.0,0.05,0.75,0.784499999999999,0.7999999999999989,0.01550000000000001,-7,15.5,3.53125,0.1875,0.078125,0.015625,0.5301587301587304,0.5642857142857141,0.8264189781242185,0.050846813190388966,0.8074750580906259,0.049999999999999996,-0.6999999999999997,1.5000000000000007,4.0,13.0,0,0,1,0,1,33,0,21,7,1
2000932,1.0,0.05,0.75,-0.07904687500000161,-0.0500000000000016,0.029046875000000017,-8,29.046875,5.078125,0.1875,0.0625,0.015625,0.5269841269841272,0.5595238095238092,0.9040856409900394,0.050635865196755406,0.8973478403399698,0.049999999999999996,-0.55,0.5000000000000006,3.0,13.0,0,0,3,2,1,29,0,18,10,1
2000933,1.0,0.05,0.75,1.3887187500000004,1.4000000000000004,0.011281250000000008,-6,11.28125,2.90625,0.171875,0.078125,0.015625,0.5301587301587304,0.5523809523809521,0.7958298162765283,0.05065492818816766,0.744505111727298,0.05,-0.19999999999999996,1.6000000000000008,1.0,15.0,0,0,0,3,2,36,0,14,8,1
2000934,1.0,0.05,0.75,1.6197500000000002,1.6500000000000004,0.030250000000000003,-8,30.25,5.125,0.265625,0.140625,0.0,0.5218750000000001,0.5609374999999998,0.980180995100118,0.25554664709892183,0.8040764011215261,0.05,-1.1999999999999995,2.8500000000000005,7.0,19.0,0,0,3,0,2,30,0,23,6,0
2000935,0.0,0.05,0.75,7.896515624999998,7.899999999999999,0.0034843750000000014,-4,3.484375,1.296875,0.203125,0.140625,0.0,0.5562500000000002,0.5351562499999998,0.35357495251861004,0.05892028009266061,0.08358630026217412,0.05000000000000001,-0.5,8.399999999999999,2.0,20.0,0,1,1,0,0,45,0,13,4,0
2000936,0.0,0.05,0.75,5.497390625000001,5.500000000000001,0.0026093750000000015,-3,2.609375,1.203125,0.171875,0.125,0.0,0.5312500000000001,0.5351562499999998,0.7335655032183224,0.05088865751940863,0.3449562804259305,0.05000000000000001,-0.45,5.950000000000001,1.0,18.0,1,0,3,2,4,35,0,12,7,0
2000937,1.0,0.05,0.75,-0.8851093749999979,-0.8499999999999979,0.03510937500000001,-10,35.109375,5.234375,0.203125,0.046875,0.0,0.5125000000000002,0.5632812499999997,0.9410919717005457,0.05088595777920538,0.9397319792931441,0.049999999999999996,-1.0999999999999996,0.2500000000000002,6.0,10.0,0,0,0,2,4,31,1,18,8,0
2000938,0.0,0.05,0.75,3.749062499999999,3.749999999999999,0.0009375000000000004,0,0.9375,0.65625,0.109375,0.109375,0.0,0.5687500000000005,0.528125,0.4127094073068783,0.050013201224826886,0.10004981600344458,0.05,-1.1,4.85,5.0,9.0,0,0,1,1,1,48,0,7,6,0
2000939,0.0,0.05,0.75,2.1437968750000005,2.1500000000000004,0.006203125000000005,2,6.203125,2.234375,0.078125,0.109375,0.0,0.5750000000000006,0.51171875,0.49328921162221373,0.0500045741297667,0.05222831775700195,0.05000000000000001,-0.6000000000000001,2.7500000000000004,3.0,9.0,0,1,1,2,0,53,0,3,4,0
2000940,0.0,0.05,0.75,2.748218749999998,2.7499999999999982,0.0017812500000000007,4,1.78125,1.03125,0.109375,0.171875,0.0,0.5625000000000004,0.5257812499999999,0.35188800828571515,0.05165631865429246,0.0055384802544980495,0.05,-1.45,4.199999999999999,6.0,12.0,0,0,1,1,0,50,0,10,2,0
2000941,0.0,0.05,0.75,4.444109374999998,4.449999999999998,0.005890625000000004,-1,5.890625,2.171875,0.109375,0.09375,0.0,0.5468750000000002,0.5234374999999999,0.35131182214857487,0.050008399932051834,0.10655517119255396,0.05,-0.6000000000000001,5.049999999999999,3.0,10.0,1,0,3,0,3,43,0,12,2,0
2000942,0.0,0.05,0.75,8.17309375,8.2,0.026906250000000003,-7,26.90625,4.1875,0.171875,0.0625,0.0,0.5281250000000001,0.5609374999999996,0.882015677719967,0.05059391893560452,0.8677408971201854,0.05,-0.35,8.55,2.0,13.0,0,2,1,1,2,29,0,17,12,0
2000943,1.0,0.05,0.75,-1.2923906249999981,-1.2499999999999982,0.042390625000000015,-10,42.390625,5.390625,0.1875,0.03125,0.015625,0.5142857142857143,0.5761904761904757,0.9804826461860489,0.050832056265273214,0.9802133885574958,0.05,-0.6500000000000001,-0.5999999999999994,4.0,10.0,0,1,2,1,1,23,0,23,12,1
2000944,0.0,0.05,0.75,2.5974531250000004,2.6000000000000005,0.002546875000000002,3,2.546875,1.265625,0.09375,0.140625,0.0,0.5750000000000005,0.5304687499999999,0.32114378774022934,0.05014523107735196,0.016560005140725757,0.05000000000000001,-0.65,3.249999999999999,2.0,13.0,0,0,0,0,0,51,0,8,5,0
2000945,1.0,0.05,0.75,2.4253906249999995,2.4499999999999993,0.024609375000000006,-6,24.609375,4.484375,0.21875,0.125,0.03125,0.5193548387096775,0.5822580645161287,0.881019366222259,0.1069954803069185,0.7685567519135006,0.049999999999999996,-0.5499999999999998,3.000000000000001,4.0,18.0,1,0,0,0,1,25,0,22,13,2
2000946,0.0,0.05,0.75,5.242140625000001,5.250000000000001,0.007859375000000005,-4,7.859375,2.421875,0.125,0.0625,0.0,0.5406250000000002,0.5562499999999998,0.827917816490399,0.050019406729639226,0.7813703359015521,0.05,-0.35000000000000003,5.6000000000000005,1.0,11.0,0,1,2,0,0,34,0,18,9,0
2000947,0.0,0.05,0.75,5.293437499999999,5.299999999999999,0.006562500000000002,-1,6.5625,2.25,0.15625,0.140625,0.015625,0.5301587301587303,0.5523809523809522,0.44510427590113666,0.05049252826792329,0.10605815791438142,0.05,-1.2,6.5,5.0,14.0,0,1,1,0,4,33,0,17,7,1
2000948,1.0,0.05,0.75,2.797234375,2.8,0.002765625000000002,-2,2.765625,1.296875,0.140625,0.109375,0.0,0.5531250000000003,0.5328124999999999,0.48544638646660737,0.05004798102780094,0.18729114831459134,0.05,-0.19999999999999996,3.0,1.0,15.0,0,0,1,1,1,46,0,12,3,0
2000949,0.0,0.05,0.75,6.722562499999998,6.749999999999998,0.027437500000000014,-6,27.4375,4.625,0.171875,0.078125,0.0,0.5468750000000003,0.5679687499999997,0.8351735019606328,0.050226324888772204,0.8127936201067627,0.05,-1.25,7.999999999999999,3.0,13.0,0,0,1,0,1,32,0,16,14,0
2000950,0.0,0.05,0.75,4.6475625,4.65,0.0024375000000000004,-4,2.4375,1.0,0.140625,0.078125,0.0,0.5375000000000002,0.5374999999999999,0.6081078692962749,0.05001019372173142,0.5053306871281904,0.04999999999999999,-1.0,5.65,3.0,11.0,1,1,2,1,2,37,0,13,7,0
2000951,0.0,0.05,0.75,2.4992500000000004,2.5000000000000004,0.0007500000000000003,0,0.75,0.65625,0.078125,0.078125,0.015625,0.5428571428571431,0.5333333333333332,0.41251121602269053,0.05000086312131688,0.19447729070807931,0.05,-0.4,2.9000000000000004,2.0,8.0,0,0,3,2,2,39,0,12,5,1
2000952,0.0,0.05,0.75,3.69625,3.7,0.0037500000000000025,-3,3.75,1.625,0.09375,0.046875,0.03125,0.5419354838709681,0.543548387096774,0.5445977430522639,0.05000066507531848,0.49197334862475145,0.049999999999999996,-0.8500000000000001,4.55,3.0,6.0,1,0,2,1,0,37,0,14,7,2
2000953,0.0,0.05,0.75,5.394921875,5.3999999999999995,0.005078125000000003,1,5.078125,1.859375,0.15625,0.171875,0.0,0.5437500000000003,0.509375,0.5439051573595428,0.053198835804895955,0.012278683200398328,0.05000000000000001,-1.25,6.6499999999999995,5.0,16.0,2,2,2,1,2,45,0,8,2,0
2000954,0.0,0.05,0.75,4.048593749999998,4.049999999999998,0.0014062500000000004,0,1.40625,0.8125,0.125,0.125,0.0,0.5531250000000004,0.51640625,0.41716327797936514,0.050050640704552785,0.052907278226613216,0.05,-1.0,5.049999999999999,5.0,11.0,0,2,3,1,3,43,0,8,4,0
2000955,0.0,0.05,0.75,1.5473437500000002,1.5500000000000003,0.002656250000000002,2,2.65625,1.5,0.078125,0.109375,0.046875,0.5344262295081968,0.5270491803278687,0.507547518870885,0.050006495980925415,0.09425089883724426,0.05000000000000002,-0.65,2.2,2.0,10.0,0,0,4,3,1,38,0,13,2,3
2000956,1.0,0.05,0.75,2.6441875,2.6500000000000004,0.005812500000000003,-4,5.8125,2.0625,0.1875,0.125,0.0,0.5437500000000003,0.5421874999999999,0.6038829544134198,0.052119394364299944,0.3169884804657907,0.05,-0.19999999999999996,2.85,1.0,19.0,0,1,3,0,1,37,1,14,7,0
2000957,1.0,0.05,0.75,2.314796875,2.3499999999999996,0.035203124999999995,-7,35.203125,5.453125,0.21875,0.109375,0.0,0.5312500000000001,0.5703124999999996,0.6737466884639292,0.059279175230044556,0.610757920212799,0.05,-0.7499999999999999,3.1,3.0,18.0,0,0,1,2,0,30,1,16,14,0
2000958,1.0,0.05,0.75,1.1185312500000004,1.1500000000000004,0.03146875000000001,-7,31.46875,5.15625,0.1875,0.078125,0.015625,0.5333333333333335,0.5809523809523806,0.9679308899591493,0.055195877126079824,0.9626503463634221,0.05000000000000002,-0.050000000000000044,1.2000000000000006,1.0,16.0,0,0,1,1,0,26,0,19,16,1
2000959,0.0,0.05,0.75,6.192828124999999,6.199999999999999,0.0071718750000000055,-4,7.171875,2.328125,0.140625,0.078125,0.0,0.5625000000000003,0.5398437499999998,0.6329146613729704,0.050055596360894954,0.5120527593325961,0.05,-0.8500000000000001,7.049999999999999,3.0,11.0,0,1,0,0,1,44,0,10,8,0
2000960,0.0,0.05,0.75,3.649187499999999,3.649999999999999,0.0008125000000000003,1,0.8125,0.625,0.125,0.140625,0.015625,0.5333333333333335,0.5428571428571427,0.548742056088553,0.050127565861166894,0.08239277505270215,0.05000000000000001,-1.15,4.799999999999999,4.0,13.0,0,0,2,1,2,38,0,17,3,1
2000961,0.0,0.05,0.75,1.849546875,1.8499999999999999,0.0004531250000000003,-1,0.453125,0.453125,0.046875,0.03125,0.015625,0.5650793650793654,0.5214285714285714,0.6511436214155225,0.05000004297129442,0.5424866191949694,0.05,-0.55,2.4,2.0,3.0,0,1,2,0,3,45,0,7,5,1
2000962,0.0,0.05,0.75,1.1409375000000004,1.1500000000000004,0.009062500000000005,5,9.0625,2.3125,0.0625,0.140625,0.015625,0.5523809523809527,0.5285714285714286,0.3401667503077922,0.05010416573304469,0.009218232250525673,0.05,-1.3499999999999999,2.5000000000000004,5.0,8.0,0,1,1,2,1,44,0,9,5,1
2000963,0.0,0.05,0.75,0.53715625,0.55,0.01284375000000001,3,12.84375,3.125,0.046875,0.09375,0.0,0.5500000000000004,0.5117187499999999,0.35661961762501687,0.05000085844278193,0.051174320398944755,0.05,-0.6000000000000001,1.15,3.0,6.0,0,1,4,3,1,45,0,8,2,0
2000964,1.0,0.05,0.75,3.1970312499999993,3.1999999999999993,0.0029687500000000013,-1,2.96875,1.46875,0.125,0.109375,0.046875,0.5311475409836067,0.5565573770491802,0.6802603804383327,0.050094214167071716,0.3712233355142392,0.05,0.0,3.2,0.0,15.0,0,0,0,1,2,35,0,17,6,3
2000965,0.0,0.05,0.75,4.846984375000001,4.8500000000000005,0.003015625000000002,-1,3.015625,1.484375,0.15625,0.140625,0.0,0.5468750000000003,0.5398437499999998,0.6431318574241807,0.0505506665538966,0.14326960232525807,0.05,-1.4000000000000001,6.25,5.0,14.0,0,0,2,2,0,41,1,11,7,0
2000966,1.0,0.05,0.75,-0.23796875000000106,-0.20000000000000107,0.03796875,-11,37.96875,5.25,0.234375,0.0625,0.0,0.5156250000000002,0.5609374999999996,0.9548669063689257,0.06578068595883937,0.9500297172562385,0.05,-0.5499999999999998,0.35000000000000053,4.0,15.0,1,0,1,4,2,28,0,15,13,0
2000967,0.0,0.05,0.75,5.873046874999998,5.899999999999999,0.026953125000000015,-6,26.953125,4.859375,0.140625,0.046875,0.015625,0.5174603174603175,0.5595238095238093,0.7523743818106423,0.05000931306887887,0.7421480649590335,0.05,-0.65,6.549999999999999,2.0,10.0,0,1,1,2,3,29,0,18,9,1
2000968,1.0,0.05,0.75,-0.37965624999999964,-0.34999999999999964,0.029656250000000012,-10,29.65625,4.25,0.203125,0.046875,0.0,0.5218750000000001,0.5773437499999996,0.9741451987798974,0.052833455157354464,0.9733587721379979,0.05,-0.8999999999999997,0.5500000000000002,5.0,11.0,0,0,0,1,0,30,0,23,10,0
2000969,1.0,0.05,0.75,-0.011734374999999119,8.881784197001252e-16,0.011734375000000007,-7,11.734375,2.609375,0.140625,0.03125,0.0,0.5531250000000003,0.5468749999999998,0.9201702168363152,0.05003543803895486,0.9157467968184739,0.05000000000000001,-0.34999999999999987,0.3500000000000001,2.0,9.0,0,0,1,1,1,40,0,12,9,0
2000970,1.0,0.05,0.75,0.9429062499999984,0.9499999999999984,0.0070937500000000046,-6,7.09375,2.0625,0.171875,0.078125,0.015625,0.5460317460317463,0.5428571428571428,0.5863092568583904,0.05011693701742153,0.5341850222723821,0.05,0.0,0.9500000000000002,0.0,16.0,0,1,2,2,1,36,0,11,10,1
2000971,0.0,0.05,0.75,5.598640625,5.6,0.0013593750000000008,-2,1.359375,0.796875,0.15625,0.125,0.0,0.5625000000000004,0.5374999999999999,0.4584779505839548,0.05034505628656898,0.12070660076635947,0.049999999999999996,-0.7,6.299999999999998,3.0,15.0,0,1,1,1,1,42,0,8,10,0
2000972,1.0,0.05,0.75,0.9415781249999993,0.9499999999999993,0.008421875000000006,-6,8.421875,2.390625,0.171875,0.078125,0.0,0.51875,0.5585937499999998,0.7069521611530408,0.05015133893842062,0.6649526270659369,0.05,-0.7499999999999998,1.7000000000000006,4.0,12.0,0,0,0,2,1,36,1,19,5,0
2000973,1.0,0.05,0.75,-0.3055781249999989,-0.29999999999999893,0.005578125000000003,-6,5.578125,2.015625,0.125,0.03125,0.0,0.5406250000000002,0.5281249999999997,0.911602733787714,0.05001136799264263,0.8980306388778714,0.05,-0.95,0.6500000000000001,5.0,5.0,0,0,4,3,2,39,0,11,5,0
2000974,0.0,0.05,0.75,2.3965625,2.4,0.0034375000000000026,2,3.4375,1.5625,0.078125,0.109375,0.0,0.5687500000000004,0.5257812499999999,0.5482284238908836,0.05000655895691841,0.07390430630663426,0.05000000000000001,-1.5499999999999998,3.9499999999999993,6.0,6.0,0,2,1,0,1,46,0,7,7,0
2000975,1.0,0.05,0.75,-0.03779687500000001,0.0,0.03779687500000001,-9,37.796875,5.234375,0.203125,0.0625,0.0,0.5375000000000001,0.5773437499999996,0.9781724236170155,0.05529887674994654,0.9760695658703222,0.05,-1.0499999999999996,1.0500000000000003,8.0,9.0,0,0,2,1,2,24,0,16,19,0
2000976,1.0,0.05,0.75,-0.42648437500000036,-0.40000000000000036,0.02648437500000001,-9,26.484375,4.515625,0.203125,0.0625,0.015625,0.5269841269841272,0.5642857142857141,0.9305670523596202,0.051689547996736245,0.9265366002871632,0.05,-0.5,0.10000000000000075,2.0,15.0,0,1,1,3,0,29,0,16,13,1
2000977,0.0,0.05,0.75,2.9974374999999998,2.9999999999999996,0.002562500000000002,1,2.5625,1.3125,0.09375,0.109375,0.0,0.5562500000000002,0.5187499999999999,0.32274327105492506,0.050012930098046304,0.04069751462467284,0.05,-1.3499999999999999,4.35,6.0,7.0,0,0,4,0,5,43,1,7,4,0
2000978,1.0,0.05,0.75,-0.2806875000000018,-0.2500000000000018,0.030687500000000017,-8,30.6875,4.96875,0.171875,0.046875,0.015625,0.5269841269841269,0.5785714285714281,0.9720333129055155,0.05059795363013922,0.9707533296692135,0.05,-0.44999999999999996,0.2000000000000005,4.0,10.0,0,0,1,2,1,25,0,18,16,1
2000979,1.0,0.05,0.75,-1.9117343749999995,-1.8499999999999996,0.06173437500000001,-11,61.734375,6.984375,0.203125,0.03125,0.015625,0.48888888888888904,0.5785714285714282,0.9472502456552047,0.050495975527841234,0.9469101578106509,0.049999999999999996,-1.0499999999999998,-0.8,6.0,9.0,1,0,2,4,3,17,0,22,14,1
2000980,0.0,0.05,0.75,6.495249999999999,6.499999999999998,0.004750000000000003,-4,4.75,1.78125,0.171875,0.109375,0.0,0.5218750000000004,0.5304687499999998,0.5049424157268001,0.050375424528661374,0.26505140066671556,0.049999999999999996,-1.2,7.699999999999998,4.0,14.0,2,1,2,4,0,37,0,12,6,0
2000981,0.0,0.05,0.75,4.54809375,4.55,0.0019062500000000013,-1,1.90625,1.1875,0.15625,0.140625,0.0,0.5468750000000003,0.5421874999999998,0.6419557484888352,0.050377645493477854,0.16372439552833357,0.05,-1.5,6.049999999999999,5.0,14.0,0,0,4,1,1,36,0,14,8,0
2000982,0.0,0.05,0.75,5.979390625000001,6.000000000000001,0.020609375000000013,-4,20.609375,4.015625,0.15625,0.09375,0.015625,0.5333333333333335,0.5714285714285711,0.6794433814511566,0.050140672317306324,0.6031924789775014,0.05,-0.9000000000000001,6.9,3.0,13.0,0,1,1,1,0,28,1,16,15,1
2000983,1.0,0.05,0.75,-1.7213437499999993,-1.6999999999999993,0.021343750000000012,-9,21.34375,4.09375,0.140625,0.0,0.0,0.5375000000000001,0.5539062499999998,0.9638681541540884,0.05001780692571378,0.9635765291200297,0.05000000000000001,-0.5999999999999999,-1.0999999999999999,4.0,5.0,1,0,1,0,1,36,0,17,8,0
2000984,0.0,0.05,0.75,3.5991093750000007,3.6000000000000005,0.0008906250000000006,0,0.890625,0.765625,0.109375,0.109375,0.015625,0.5492063492063495,0.5357142857142856,0.3916022693285258,0.05001570132060746,0.11200226821869003,0.05,-0.7,4.3,3.0,11.0,0,0,0,0,2,46,1,12,2,1
2000985,1.0,0.05,0.75,-0.45020312500000037,-0.40000000000000036,0.05020312500000002,-10,50.203125,6.234375,0.203125,0.046875,0.0,0.509375,0.5843749999999996,0.9776662854089895,0.05333816879818645,0.9769252022517212,0.049999999999999996,-0.7499999999999998,0.35000000000000053,5.0,11.0,0,0,0,3,0,25,0,23,13,0
2000986,1.0,0.05,0.75,2.0987187499999997,2.0999999999999996,0.0012812500000000007,-1,1.28125,0.875,0.09375,0.078125,0.03125,0.5516129032258066,0.5266129032258063,0.47474942581526286,0.050002163658289425,0.23268314082118813,0.05,-0.3999999999999999,2.5000000000000004,2.0,9.0,1,1,2,1,0,42,0,10,5,2
2000987,1.0,0.05,0.75,-1.4200781250000003,-1.4000000000000004,0.020078125000000006,-9,20.078125,3.546875,0.15625,0.015625,0.015625,0.5365079365079366,0.545238095238095,0.9485927056410467,0.050051515021799046,0.9478000791832486,0.05,-1.0999999999999999,-0.30000000000000004,5.0,6.0,1,0,4,0,2,32,0,16,8,1
2000988,1.0,0.05,0.75,-0.3708437500000014,-0.3500000000000014,0.020843750000000008,-9,20.84375,4.03125,0.21875,0.078125,0.0,0.51875,0.5492187499999998,0.913120689030303,0.05358675711225085,0.9023394219528065,0.05,-0.8999999999999999,0.5500000000000007,5.0,14.0,0,3,1,2,1,32,0,18,7,0
2000989,1.0,0.05,0.75,-0.7283906250000011,-0.7000000000000011,0.028390625000000006,-9,28.390625,4.765625,0.1875,0.046875,0.0,0.5343750000000002,0.5703124999999996,0.9721385185604512,0.05070913739422474,0.9712228810619905,0.05,-0.5499999999999998,-0.1499999999999998,3.0,12.0,0,0,4,1,2,23,0,17,17,0
2000990,1.0,0.05,0.75,1.3904062500000003,1.4000000000000004,0.009593750000000007,-4,9.59375,2.8125,0.140625,0.078125,0.0,0.5218750000000001,0.5632812499999997,0.6797050849494429,0.05002302930437456,0.618888271314204,0.05,-0.2999999999999998,1.7,2.0,12.0,1,0,1,1,1,31,0,20,9,0
2000991,0.0,0.05,0.75,4.648781249999999,4.649999999999999,0.0012187500000000006,-2,1.21875,0.84375,0.140625,0.109375,0.0,0.5531250000000003,0.5281249999999998,0.5285114500578378,0.05004789191735849,0.2057296771611763,0.05,-0.65,5.299999999999999,2.0,14.0,0,2,1,1,1,44,0,10,5,0
2000992,1.0,0.05,0.75,0.5369999999999998,0.5499999999999998,0.01300000000000001,-5,13.0,3.34375,0.125,0.046875,0.0,0.5500000000000004,0.5421874999999998,0.8968682521325727,0.05001814676531613,0.8730779340431405,0.05,-0.19999999999999996,0.7500000000000001,2.0,9.0,0,1,0,2,1,41,0,10,9,0
2000993,0.0,0.05,0.75,2.498640625,2.5,0.0013593750000000008,0,1.359375,0.953125,0.078125,0.078125,0.015625,0.5428571428571431,0.5428571428571427,0.19567558314967012,0.050001415954378,0.10901999200465445,0.05,-0.95,3.45,4.0,6.0,0,0,1,2,1,40,0,13,6,1
2000994,1.0,0.05,0.75,-0.7856718750000018,-0.7500000000000018,0.035671875000000006,-10,35.671875,4.984375,0.1875,0.03125,0.0,0.5468750000000002,0.5890624999999995,0.9657965351861584,0.050667644056628255,0.9654910788903647,0.05,-0.1499999999999999,-0.5999999999999994,1.0,13.0,0,0,0,0,0,26,0,17,21,0
2000995,0.0,0.05,0.75,5.9878906249999995,5.999999999999999,0.012109375000000007,-6,12.109375,2.578125,0.140625,0.046875,0.0,0.5312500000000002,0.5445312499999998,0.6679654415796863,0.05000552989400832,0.6519507191722449,0.05000000000000001,-0.8500000000000001,6.849999999999999,3.0,9.0,0,0,2,3,2,36,0,14,7,0
2000996,0.0,0.05,0.75,4.49853125,4.5,0.0014687500000000009,-3,1.46875,0.90625,0.109375,0.0625,0.0,0.5437500000000002,0.5351562499999999,0.49500231848210585,0.05000181113560772,0.39093048430019595,0.05,-0.65,5.15,2.0,9.0,0,2,1,0,2,41,0,14,4,0
2000997,0.0,0.05,0.75,3.293625,3.3,0.006375000000000005,2,6.375,2.1875,0.109375,0.140625,0.0,0.5750000000000005,0.5187499999999999,0.7430818870827516,0.05005982039362253,0.0535651623331007,0.05,-0.8500000000000001,4.15,3.0,13.0,0,0,2,1,1,50,0,5,5,0
2000998,0.0,0.05,0.75,5.487828124999997,5.499999999999997,0.012171875000000009,-2,12.171875,3.296875,0.15625,0.125,0.0,0.503125,0.5445312499999998,0.5912098710985126,0.05037480122145904,0.2167634624393408,0.05,-0.65,6.149999999999999,2.0,16.0,2,1,1,2,2,33,0,20,3,0
2000999,1.0,0.05,0.75,0.18274999999999927,0.1999999999999993,0.01725000000000001,-7,17.25,3.59375,0.171875,0.0625,0.03125,0.5322580645161293,0.5604838709677417,0.8270283104260789,0.050221220525893555,0.8154561225778246,0.049999999999999996,-0.6999999999999997,0.9000000000000004,4.0,11.0,0,0,2,0,1,32,0,20,7,2
2001000,0.0,0.05,0.75,4.043812499999999,4.049999999999999,0.006187500000000002,-1,6.1875,1.875,0.125,0.109375,0.0,0.5375000000000003,0.5468749999999998,0.32091971442547446,0.050013907856974606,0.13203644015140026,0.05000000000000001,-0.8500000000000001,4.9,3.0,12.0,0,0,1,3,1,38,0,13,8,0
2001001,1.0,0.05,0.75,-0.06103125000000072,-0.05000000000000071,0.011031250000000006,-8,11.03125,2.40625,0.171875,0.046875,0.0,0.5437500000000001,0.5328124999999997,0.7754651555799693,0.05010478223498318,0.756830622864429,0.05,-0.7499999999999999,0.7000000000000008,3.0,11.0,0,1,3,2,1,39,0,12,6,0
2001002,1.0,0.05,0.75,1.8886562499999995,1.8999999999999995,0.011343750000000007,-6,11.34375,2.6875,0.1875,0.09375,0.0,0.5625000000000003,0.5539062499999997,0.9183536227917727,0.05676001731685918,0.8646257518059237,0.05,-0.44999999999999996,2.3500000000000005,4.0,14.0,0,0,1,0,1,38,0,11,13,0
2001003,1.0,0.05,0.75,-0.7655,-0.75,0.01550000000000001,-8,15.5,3.28125,0.15625,0.03125,0.0,0.5343750000000002,0.5562499999999998,0.9138110022990523,0.0500392930512712,0.9116675488592318,0.05,-0.5999999999999999,-0.1499999999999998,4.0,8.0,0,0,0,1,3,36,0,16,8,0
2001004,1.0,0.05,0.75,1.546484374999999,1.549999999999999,0.0035156250000000023,-4,3.515625,1.453125,0.140625,0.078125,0.0,0.5437500000000004,0.5445312499999998,0.7620004770528787,0.050050447281861414,0.6571067880860944,0.04999999999999999,-0.34999999999999987,1.9,2.0,12.0,1,0,1,2,1,38,0,11,10,0
2001005,1.0,0.05,0.75,1.2876093749999997,1.2999999999999998,0.01239062500000001,-6,12.390625,3.203125,0.15625,0.0625,0.0,0.5250000000000001,0.5445312499999998,0.8389522221349117,0.050241188903190445,0.7981385406771684,0.05,-0.5499999999999998,1.850000000000001,4.0,10.0,0,1,1,2,4,35,0,15,6,0
2001006,0.0,0.05,0.75,3.3477812499999993,3.349999999999999,0.0022187500000000015,1,2.21875,1.3125,0.140625,0.15625,0.0,0.5593750000000003,0.5328124999999998,0.6070037904243777,0.05019361377907175,0.06865033038171194,0.05000000000000001,-1.4,4.749999999999999,4.0,15.0,0,0,1,2,1,45,0,8,7,0
2001007,0.0,0.05,0.75,3.8489374999999995,3.8499999999999996,0.0010625000000000005,-1,1.0625,0.78125,0.109375,0.09375,0.0,0.5687500000000006,0.52578125,0.6634684559798828,0.05001007786659617,0.28503861949160236,0.05000000000000001,-0.35000000000000003,4.199999999999999,1.0,12.0,0,0,3,1,1,45,0,7,7,0
2001008,1.0,0.05,0.75,0.33526562499999785,0.34999999999999787,0.014734375000000011,-7,14.734375,3.234375,0.171875,0.0625,0.0,0.5406250000000002,0.5421874999999997,0.7487037884745353,0.050098610951012604,0.7279916118873763,0.05,-0.7999999999999998,1.1500000000000004,4.0,11.0,0,0,1,1,2,41,0,15,4,0
2001009,1.0,0.05,0.75,-1.5543125,-1.5,0.054312500000000014,-11,54.3125,6.625,0.1875,0.015625,0.0,0.5218750000000002,0.5937499999999994,0.9918676803435773,0.05111007301307901,0.9918104562851051,0.049999999999999996,-0.3500000000000001,-1.15,4.0,9.0,0,0,2,0,2,18,0,23,19,0
2001010,1.0,0.05,0.75,3.592499999999999,3.5999999999999988,0.007500000000000005,-4,7.5,2.28125,0.1875,0.125,0.015625,0.542857142857143,0.5571428571428569,0.9519752034651013,0.09231803454175237,0.7853283660006249,0.05,-0.3999999999999999,4.0,4.0,16.0,0,0,0,1,0,38,0,16,8,1
2001011,1.0,0.05,0.75,1.995671875,2.0,0.004328125000000002,-4,4.328125,1.609375,0.171875,0.109375,0.0,0.5375000000000002,0.5445312499999997,0.7970138918497437,0.05094548550287191,0.6057886917679627,0.05000000000000002,-0.7499999999999998,2.75,4.0,14.0,1,0,1,0,0,41,1,16,4,0
2001012,1.0,0.05,0.75,4.5476874999999986,4.549999999999999,0.002312500000000001,1,2.3125,1.21875,0.125,0.140625,0.015625,0.5523809523809526,0.5357142857142856,0.7563590276163775,0.05013683350168184,0.13306567609481257,0.05,-0.8999999999999999,5.449999999999998,4.0,13.0,0,1,1,1,5,38,0,7,10,1
2001013,1.0,0.05,0.75,0.5871406249999988,0.5999999999999988,0.01285937500000001,-5,12.859375,3.359375,0.140625,0.0625,0.0,0.5500000000000003,0.5539062499999998,0.7971837655305111,0.05001843287476758,0.7721356741836142,0.05000000000000001,-0.5999999999999999,1.2,4.0,9.0,0,0,3,1,2,32,0,12,14,0
2001014,1.0,0.05,0.75,-0.11446875000000054,-0.10000000000000053,0.01446875000000001,-6,14.46875,3.0625,0.125,0.03125,0.0,0.5437500000000002,0.5445312499999998,0.7962395798747565,0.05000440668996067,0.7856671007224563,0.05,-0.5499999999999998,0.4500000000000002,3.0,7.0,0,2,1,1,1,37,0,13,9,0
2001015,1.0,0.05,0.75,-0.15026562500000146,-0.10000000000000142,0.05026562500000002,-12,50.265625,6.328125,0.25,0.0625,0.0,0.5281250000000001,0.5820312499999994,0.9926622791911314,0.14208314919706583,0.9881317485199027,0.049999999999999996,-0.5,0.4000000000000008,4.0,16.0,0,0,1,0,1,26,0,22,14,0
2001016,1.0,0.05,0.75,1.240187499999999,1.2499999999999991,0.009812500000000007,-5,9.8125,2.65625,0.15625,0.078125,0.0,0.5437500000000003,0.5445312499999998,0.8798874175830752,0.05032638662211867,0.8169034502429363,0.049999999999999996,-0.5499999999999998,1.8000000000000005,3.0,12.0,0,0,1,2,0,41,0,14,6,0
2001017,1.0,0.05,0.75,-1.6206093750000008,-1.5500000000000007,0.07060937500000002,-12,70.609375,7.828125,0.21875,0.03125,0.0,0.503125,0.5937499999999996,0.9941202122563825,0.058813453028130014,0.9938747156779076,0.05000000000000001,-0.30000000000000004,-1.2499999999999996,3.0,13.0,1,0,1,1,2,17,0,25,17,0
2001018,0.0,0.05,0.75,2.5936875,2.6,0.006312500000000003,2,6.3125,1.8125,0.09375,0.125,0.015625,0.558730158730159,0.538095238095238,0.5013349496276349,0.05003331504943578,0.06418182274209407,0.05,-0.4,3.0,2.0,12.0,0,0,0,1,2,44,0,9,7,1
2001019,0.0,0.05,0.75,1.789234375,1.8,0.010765625000000006,3,10.765625,3.015625,0.109375,0.15625,0.0,0.5375000000000003,0.51875,0.4490148716167828,0.050103910850749535,0.018828620763736183,0.05,-1.65,3.4499999999999997,6.0,11.0,2,0,1,2,3,45,0,9,2,0
2001020,1.0,0.05,0.75,-0.3381093750000007,-0.3000000000000007,0.03810937500000001,-9,38.109375,5.765625,0.1875,0.046875,0.0,0.5281250000000003,0.5773437499999996,0.9647149483666617,0.050901799924137014,0.9636958775402046,0.05,-0.5499999999999998,0.25000000000000044,3.0,12.0,0,0,0,0,0,31,1,21,11,0
2001021,1.0,0.05,0.75,2.1884687499999984,2.1999999999999984,0.011531250000000009,-5,11.53125,3.15625,0.203125,0.125,0.015625,0.5206349206349209,0.5523809523809521,0.811183326382034,0.06448116586811707,0.6114580990401013,0.05,-1.1999999999999997,3.4,6.0,15.0,0,0,0,3,2,36,0,17,5,1
2001022,0.0,0.05,0.75,3.79296875,3.8,0.0070312500000000045,-1,7.03125,2.3125,0.109375,0.09375,0.015625,0.558730158730159,0.5190476190476189,0.3366356460940383,0.05000626983776228,0.11175402373951945,0.05,-0.5,4.300000000000001,2.0,11.0,0,0,4,0,5,42,0,8,4,1
2001023,1.0,0.05,0.75,0.38192187499999947,0.39999999999999947,0.01807812500000001,-7,18.078125,3.703125,0.171875,0.0625,0.015625,0.5238095238095241,0.5666666666666662,0.9385222086811874,0.05058886697389393,0.9314761798482234,0.05,-0.44999999999999996,0.8500000000000003,4.0,11.0,0,0,1,2,1,30,1,17,11,1
