episode,value,alpha,p,objective,profit,penalty,terminal_inventory,mean_q2,mean_abs_inventory,buy_rate,sell_rate,abstain_rate,mean_spread,mean_center,inferred_value,inferred_alpha,correct_value,correct_alpha,informed_profit,uninformed_profit,informed_exec,uninformed_exec,action_0,action_1,action_2,action_3,action_4,action_5,action_6,action_7,action_8,action_9
2000000,0.0,0.05,0.75,4.49315625,4.5,0.006843750000000003,0,6.84375,2.0625,0.15625,0.15625,0.0,0.48437499999999933,0.5304687500000002,0.49264736666768644,0.050522119602559784,0.05350307223690482,0.05,-1.5,6.000000000000001,5.0,15.0,0,2,3,0,34,7,0,1,17,0
2000001,1.0,0.05,0.75,1.219875,1.25,0.030125000000000016,-8,30.125,4.84375,0.171875,0.046875,0.0,0.6000000000000006,0.6476562499999993,0.9995891051213736,0.0793280155651746,0.9995276045609545,0.05,-0.30000000000000027,1.5499999999999996,6.0,8.0,0,0,0,0,0,1,0,0,63,0
2000002,0.0,0.05,0.75,3.5490312499999996,3.55,0.0009687500000000006,-1,0.96875,0.75,0.109375,0.09375,0.0,0.47187499999999916,0.49296874999999996,0.48082512143365563,0.05000466413019409,0.10646955459149059,0.05,-0.5,4.05,2.0,11.0,0,0,3,0,41,20,0,0,0,0
2000003,0.0,0.05,0.75,3.2478125,3.25,0.0021875000000000015,0,2.1875,1.21875,0.109375,0.109375,0.0,0.4937499999999992,0.49765624999999997,0.45141826470237745,0.05000863118273222,0.06543762045192479,0.05000000000000001,-0.8,4.05,3.0,11.0,0,0,6,0,34,19,0,0,5,0
2000004,1.0,0.05,0.75,1.3813125000000004,1.4000000000000004,0.018687500000000003,-5,18.6875,4.125,0.125,0.046875,0.0,0.6000000000000006,0.6476562499999993,0.9935945297228067,0.05023544652891893,0.9934806029780708,0.049999999999999996,-0.20000000000000018,1.5999999999999996,4.0,7.0,0,0,0,0,0,1,0,0,63,0
2000005,1.0,0.05,0.75,1.4925625,1.5,0.007437500000000006,-4,7.4375,2.46875,0.140625,0.078125,0.0,0.540625,0.6031249999999995,0.6823055841266957,0.0500150336921872,0.6655956666694505,0.05000000000000001,-0.2999999999999998,1.8,2.0,12.0,0,0,0,0,0,20,0,19,25,0
2000006,0.0,0.05,0.75,6.047000000000001,6.050000000000001,0.003000000000000002,-4,3.0,1.28125,0.171875,0.109375,0.0,0.4906249999999993,0.50703125,0.4933755773362249,0.050244588995057314,0.18969270427361482,0.05,-1.1,7.150000000000001,4.0,14.0,0,0,0,0,35,26,0,0,3,0
2000007,1.0,0.05,0.75,0.9968437499999991,0.9999999999999991,0.003156250000000002,-4,3.15625,1.28125,0.125,0.0625,0.0,0.5343749999999998,0.5210937499999999,0.6081174159456841,0.050006784795025454,0.48299064704905537,0.05,0.0,1.0000000000000002,0.0,12.0,0,0,0,0,16,39,0,5,4,0
2000008,0.0,0.05,0.75,2.998343750000001,3.000000000000001,0.001656250000000001,2,1.65625,0.875,0.125,0.15625,0.0,0.48749999999999927,0.5375000000000001,0.5294444459121771,0.05020401169215283,0.044339714874488616,0.05,-1.1500000000000001,4.150000000000001,4.0,14.0,0,0,0,0,35,13,0,1,15,0
2000009,1.0,0.05,0.75,1.8320781250000013,1.8500000000000014,0.017921875000000007,-6,17.921875,3.453125,0.171875,0.078125,0.0,0.5968750000000007,0.6171874999999992,0.9900769116203996,0.05410697848428126,0.9889889863811919,0.05,-0.6000000000000001,2.4499999999999997,6.0,10.0,0,0,0,0,0,14,0,1,49,0
2000010,0.0,0.05,0.75,5.048750000000001,5.050000000000001,0.0012500000000000007,-2,1.25,0.90625,0.15625,0.125,0.0,0.49999999999999944,0.51875,0.5055464740796284,0.05015444145918758,0.1211196891054243,0.05,-1.55,6.600000000000001,5.0,13.0,0,0,0,0,32,24,0,0,8,0
2000011,0.0,0.05,0.75,4.398218749999998,4.399999999999998,0.0017812500000000011,0,1.78125,1.125,0.140625,0.140625,0.0,0.5249999999999997,0.3664062500000003,0.3555540562799351,0.05013912814323562,0.0007446812046464834,0.05,-0.6499999999999999,5.049999999999998,5.0,13.0,0,24,33,0,0,7,0,0,0,0
2000012,0.0,0.05,0.75,0.9831249999999991,0.9999999999999991,0.016875000000000005,5,16.875,3.3125,0.109375,0.1875,0.0,0.49062499999999915,0.6195312499999995,0.621541968802797,0.05070011010599307,0.09909879983851184,0.05,-1.1,2.0999999999999996,3.0,16.0,0,0,0,0,10,3,0,25,26,0
2000013,1.0,0.05,0.75,1.0437968749999988,1.049999999999999,0.006203125000000004,-5,6.203125,2.078125,0.140625,0.0625,0.0,0.5718750000000002,0.5374999999999999,0.6847310994241218,0.05002437112681786,0.6217175757816731,0.05,-0.3999999999999999,1.4500000000000004,2.0,11.0,0,0,0,0,0,48,0,9,7,0
2000014,0.0,0.05,0.75,1.1968593749999994,1.1999999999999993,0.003140625000000002,3,3.140625,1.484375,0.078125,0.125,0.0,0.5593750000000002,0.5984374999999993,0.6497508849931366,0.05000602392346719,0.2994409218257928,0.05,-1.25,2.4499999999999993,3.0,10.0,0,0,0,0,0,22,0,13,29,0
2000015,0.0,0.05,0.75,1.9975,2.0,0.0025000000000000014,3,2.5,1.125,0.09375,0.140625,0.0,0.5218749999999996,0.51171875,0.4664276970900564,0.05003752241659944,0.025906406044602173,0.05000000000000001,-1.1,3.1000000000000005,4.0,11.0,0,0,0,0,25,34,0,0,5,0
2000016,1.0,0.05,0.75,3.941906250000002,3.950000000000002,0.008093750000000004,-2,8.09375,2.53125,0.140625,0.109375,0.0,0.6000000000000006,0.6476562499999993,0.9873538952837082,0.05199579884918576,0.9823565575784232,0.04999999999999999,-0.20000000000000018,4.1499999999999995,4.0,12.0,0,0,0,0,0,1,0,0,63,0
2000017,1.0,0.05,0.75,2.1376562500000005,2.1500000000000004,0.01234375000000001,-5,12.34375,2.96875,0.15625,0.078125,0.0,0.6000000000000006,0.6148437499999992,0.9263115271021722,0.050382039849346166,0.92137439909758,0.049999999999999996,-0.15000000000000013,2.3,3.0,12.0,0,0,0,0,0,15,0,0,49,0
2000018,0.0,0.05,0.75,2.3453124999999995,2.3499999999999996,0.004687500000000003,4,4.6875,1.875,0.109375,0.171875,0.0,0.5843750000000004,0.6476562499999993,0.8351342259338079,0.05022402779172917,0.37351463983621763,0.05,-1.1500000000000001,3.500000000000001,3.0,15.0,0,0,0,0,0,1,0,5,58,0
2000019,0.0,0.05,0.75,4.7980625,4.800000000000001,0.0019375000000000009,-1,1.9375,1.125,0.15625,0.140625,0.0,0.5124999999999995,0.4624999999999999,0.6433569197087445,0.05038550858387983,0.03534426676375052,0.049999999999999996,-1.6,6.400000000000001,6.0,13.0,0,1,16,0,27,19,0,0,1,0
2000020,1.0,0.05,0.75,2.494125000000001,2.500000000000001,0.005875000000000003,-2,5.875,2.0,0.109375,0.078125,0.0,0.5968750000000007,0.5867187499999993,0.9332535031361822,0.05003074477047495,0.894570490896264,0.05,-0.5,2.9999999999999996,5.0,7.0,0,0,0,0,0,27,0,1,36,0
2000021,1.0,0.05,0.75,0.38912500000000033,0.40000000000000036,0.010875000000000008,-4,10.875,2.84375,0.09375,0.03125,0.0,0.5968750000000007,0.5843749999999994,0.771979833035974,0.05000066742454575,0.7668545648261997,0.05000000000000001,0.0,0.40000000000000013,0.0,8.0,0,0,0,0,0,28,0,1,35,0
2000022,1.0,0.05,0.75,2.4937968749999992,2.499999999999999,0.006203125000000005,-2,6.203125,2.203125,0.125,0.09375,0.0,0.5625000000000003,0.6124999999999996,0.6026031475401371,0.05000915937132004,0.561868476746773,0.05,-0.7999999999999998,3.3,4.0,10.0,0,0,0,0,0,16,0,12,36,0
2000023,0.0,0.05,0.75,6.897453125,6.9,0.0025468750000000014,-4,2.546875,1.265625,0.203125,0.140625,0.0,0.4812499999999991,0.53515625,0.4234528270720991,0.052018146567579866,0.14186199026304208,0.049999999999999996,0.0,6.9,0.0,22.0,0,0,0,0,37,12,0,1,14,0
2000024,0.0,0.05,0.75,7.189046874999998,7.199999999999998,0.010953125000000008,-6,10.953125,2.828125,0.171875,0.078125,0.0,0.5843750000000004,0.5726562499999998,0.8439760836748649,0.05032948811213743,0.8233075129845304,0.05000000000000001,-0.8,7.999999999999999,2.0,14.0,0,0,0,0,0,33,0,5,26,0
2000025,0.0,0.05,0.75,10.131312500000002,10.150000000000002,0.018687500000000003,-10,18.6875,3.03125,0.28125,0.125,0.0,0.55,0.38984375000000043,0.046647066475843164,0.05699085953174275,0.0020083226804408043,0.05,-0.44999999999999996,10.600000000000003,4.0,22.0,0,16,37,0,0,5,0,0,6,0
2000026,0.0,0.05,0.75,7.191046875000001,7.200000000000001,0.008953125000000003,-6,8.953125,2.203125,0.1875,0.09375,0.0,0.49374999999999947,0.490625,0.47044342942649847,0.05048092862015697,0.22507091154635778,0.05,-0.8,8.0,4.0,14.0,0,0,4,0,34,26,0,0,0,0
2000027,0.0,0.05,0.75,4.640156250000001,4.650000000000001,0.009843750000000007,-4,9.84375,2.875,0.109375,0.046875,0.0,0.5843750000000005,0.6148437499999994,0.7058562838644089,0.05000125217954998,0.7023514356197106,0.05000000000000001,-0.35000000000000003,5.000000000000001,1.0,9.0,0,0,0,0,0,15,0,5,44,0
2000028,0.0,0.05,0.75,4.6481562499999995,4.6499999999999995,0.0018437500000000012,-2,1.84375,1.15625,0.109375,0.078125,0.0,0.5968750000000006,0.6429687499999993,0.9428625390355494,0.05003083281477074,0.9378754920926521,0.05,-0.35000000000000003,4.999999999999999,1.0,11.0,0,0,0,0,0,3,0,1,60,0
2000029,0.0,0.05,0.75,5.947,5.95,0.003000000000000001,-4,3.0,1.1875,0.15625,0.09375,0.0,0.5187499999999997,0.5421875,0.4314274470094588,0.050036681920434915,0.2955505394983041,0.05,-0.4,6.3500000000000005,2.0,14.0,0,0,0,0,24,22,0,2,16,0
2000030,1.0,0.05,0.75,0.03984374999999982,0.04999999999999982,0.010156250000000007,-5,10.15625,2.59375,0.09375,0.015625,0.0,0.6000000000000008,0.5890624999999993,0.9749926906582763,0.050004834291874786,0.974376400691965,0.05000000000000001,-0.20000000000000018,0.25,4.0,3.0,0,0,0,0,0,26,0,0,38,0
2000031,0.0,0.05,0.75,2.99834375,3.0,0.0016562500000000006,0,1.65625,0.8125,0.109375,0.109375,0.0,0.5312499999999998,0.5984374999999995,0.6278513575850732,0.05000682007309406,0.47490570095973283,0.05,-2.0500000000000003,5.05,5.0,9.0,0,0,0,0,0,22,0,22,20,0
2000032,1.0,0.05,0.75,1.239828125000001,1.2500000000000009,0.010171875000000007,-5,10.171875,2.828125,0.125,0.046875,0.0,0.6000000000000008,0.6289062499999992,0.9887697754907603,0.0501329581455717,0.9884591812824207,0.049999999999999996,-0.050000000000000044,1.2999999999999996,1.0,10.0,0,0,0,0,0,9,0,0,55,0
2000033,0.0,0.05,0.75,6.448125000000002,6.450000000000002,0.0018750000000000008,-3,1.875,0.84375,0.203125,0.15625,0.0,0.4781249999999992,0.5164062500000001,0.5480461675909177,0.05575502171106812,0.0888748117742531,0.05000000000000001,-3.0499999999999994,9.5,10.0,13.0,0,0,0,0,38,19,0,1,6,0
2000034,1.0,0.05,0.75,2.0433593749999996,2.05,0.006640625000000005,-3,6.640625,2.390625,0.125,0.078125,0.0,0.5875000000000005,0.6312499999999993,0.806544548245669,0.05001505657663105,0.7973380642114821,0.05,-0.44999999999999996,2.5,4.0,9.0,0,0,0,0,0,8,0,4,52,0
2000035,1.0,0.05,0.75,3.9454843750000004,3.95,0.004515625000000003,2,4.515625,1.859375,0.09375,0.125,0.0,0.5124999999999995,0.5960937499999998,0.5601061940798348,0.050010756578448966,0.2731882893804409,0.05,-0.050000000000000044,3.999999999999999,1.0,13.0,0,0,0,0,12,11,0,16,25,0
2000036,1.0,0.05,0.75,2.0367500000000023,2.0500000000000025,0.013250000000000008,-4,13.25,3.375,0.125,0.0625,0.0,0.6000000000000006,0.6453124999999993,0.9900176162736117,0.05024514869456636,0.9895999443734097,0.05,-0.30000000000000027,2.3499999999999996,6.0,6.0,0,0,0,0,0,2,0,0,62,0
2000037,0.0,0.05,0.75,7.5433593750000005,7.550000000000001,0.006640625000000004,-5,6.640625,2.296875,0.203125,0.125,0.0,0.55,0.5773437499999997,0.6256293255130626,0.05364606365004375,0.4938372970263679,0.05,-1.2,8.75,4.0,17.0,0,0,0,0,4,27,0,12,21,0
2000038,1.0,0.05,0.75,2.3472187499999997,2.3499999999999996,0.002781250000000002,-3,2.78125,1.3125,0.140625,0.09375,0.0,0.540625,0.5328125000000001,0.49065066372568106,0.05002865748672139,0.2712654375630822,0.05,-0.6500000000000001,3.0,3.0,12.0,0,0,2,0,14,32,0,5,11,0
2000039,1.0,0.05,0.75,1.2790781250000016,1.3000000000000016,0.020921875000000003,-5,20.921875,4.046875,0.140625,0.0625,0.0,0.5968750000000006,0.6289062499999992,0.9346419493558958,0.05007191520176251,0.9330540139946093,0.049999999999999996,-0.5,1.7999999999999998,4.0,9.0,0,0,0,0,0,9,0,1,54,0
2000040,1.0,0.05,0.75,4.945765624999999,4.949999999999999,0.004234375000000003,2,4.234375,1.765625,0.125,0.15625,0.0,0.49062499999999915,0.6406249999999992,0.7085236007638167,0.05012001959538182,0.42553261770493234,0.05,-0.050000000000000044,4.999999999999999,1.0,17.0,0,0,0,0,0,4,0,35,25,0
2000041,0.0,0.05,0.75,5.446906250000001,5.450000000000001,0.003093750000000001,-3,3.09375,1.28125,0.15625,0.109375,0.0,0.5124999999999995,0.51171875,0.4199382852172788,0.050076898643718844,0.13591215601634346,0.05,-1.25,6.700000000000001,4.0,13.0,0,0,0,0,28,31,0,0,5,0
2000042,1.0,0.05,0.75,1.9415468750000011,1.950000000000001,0.008453125000000006,-3,8.453125,2.421875,0.125,0.078125,0.0,0.5656250000000003,0.5843749999999993,0.7001461576948849,0.05001139608849156,0.653064730131831,0.05,-0.25,2.2,2.0,11.0,0,0,0,0,0,28,0,11,25,0
2000043,0.0,0.05,0.75,10.285546875000003,10.300000000000002,0.014453124999999997,-9,14.453125,2.609375,0.265625,0.125,0.0,0.5750000000000003,0.35468750000000027,0.012067481934512361,0.05403313910450953,9.678091580726087e-05,0.05,-0.24999999999999994,10.550000000000002,5.0,20.0,0,8,54,0,0,2,0,0,0,0
2000044,1.0,0.05,0.75,3.948109375,3.95,0.0018906250000000008,1,1.890625,0.984375,0.109375,0.125,0.0,0.49999999999999933,0.50234375,0.5564923922925863,0.05001632943884877,0.05601735887068629,0.05,-0.8,4.75,3.0,12.0,0,0,0,0,32,31,0,0,1,0
2000045,0.0,0.05,0.75,6.544578125000001,6.550000000000001,0.005421875000000004,-3,5.421875,1.953125,0.203125,0.15625,0.0,0.5124999999999995,0.5164062500000001,0.37018557155699355,0.052629067825581785,0.06036108780978074,0.05,-0.5,7.050000000000001,2.0,21.0,0,0,4,0,28,21,0,0,11,0
2000046,1.0,0.05,0.75,0.6385625000000004,0.6500000000000004,0.011437500000000008,-5,11.4375,3.0,0.109375,0.03125,0.0,0.6000000000000008,0.6148437499999994,0.9831367351157758,0.050025118394420205,0.9827792677333473,0.05,-0.6000000000000001,1.2499999999999998,6.0,3.0,0,0,0,0,0,15,0,0,49,0
2000047,0.0,0.05,0.75,7.193218750000001,7.200000000000001,0.0067812500000000026,-6,6.78125,1.90625,0.1875,0.09375,0.0,0.4749999999999992,0.490625,0.5479592216155866,0.05069299525275912,0.2772119843669259,0.05,-0.7,7.900000000000002,3.0,15.0,0,0,7,0,40,14,0,0,3,0
2000048,1.0,0.05,0.75,1.0478593749999998,1.0499999999999998,0.0021406250000000015,-3,2.140625,1.265625,0.09375,0.046875,0.0,0.5906250000000006,0.5656249999999999,0.7000892767487181,0.050000769982709976,0.6725391206434495,0.049999999999999996,-0.7999999999999998,1.8499999999999999,4.0,5.0,0,0,0,0,0,36,0,3,25,0
2000049,1.0,0.05,0.75,-0.11373437499999876,-0.09999999999999876,0.01373437500000001,-6,13.734375,2.859375,0.109375,0.015625,0.0,0.5937500000000007,0.5960937499999993,0.9826850514073074,0.05001586185206394,0.9823995440472038,0.05000000000000001,-0.15000000000000013,0.050000000000000044,3.0,5.0,0,0,0,0,0,23,0,2,39,0
2000050,0.0,0.05,0.75,4.04871875,4.05,0.001281250000000001,-2,1.28125,0.90625,0.125,0.09375,0.0,0.5281249999999997,0.4742187500000001,0.5020108023258407,0.05001038059251478,0.09663883443891641,0.05000000000000001,-0.4,4.450000000000001,2.0,12.0,0,7,4,0,16,37,0,0,0,0
2000051,0.0,0.05,0.75,6.0939999999999985,6.099999999999999,0.006000000000000003,-5,6.0,1.875,0.203125,0.125,0.0,0.5156249999999997,0.4015625000000005,0.2973368574277784,0.05065596230909388,0.014902984970351689,0.05,-0.7,6.799999999999998,4.0,17.0,0,27,15,0,0,22,0,0,0,0
2000052,0.0,0.05,0.75,8.039796875,8.05,0.010203125000000002,-7,10.203125,2.328125,0.203125,0.09375,0.0,0.5093749999999996,0.5375000000000001,0.48880960027990344,0.050514041268975074,0.41034213971832784,0.05,-0.4,8.450000000000001,2.0,17.0,0,0,1,0,26,20,0,3,14,0
2000053,0.0,0.05,0.75,9.17115625,9.2,0.02884375,-11,28.84375,3.65625,0.28125,0.109375,0.0,0.49687499999999923,0.3781250000000004,0.0912624390623481,0.054489026708866246,0.011089630585171206,0.05000000000000001,-0.7999999999999998,10.0,6.0,19.0,0,33,19,0,0,12,0,0,0,0
2000054,1.0,0.05,0.75,2.292500000000001,2.3000000000000007,0.007500000000000004,-1,7.5,2.3125,0.09375,0.078125,0.0,0.5906250000000006,0.5960937499999993,0.7449033006768132,0.050002130060606054,0.6840289461683052,0.049999999999999996,-0.30000000000000004,2.5999999999999996,3.0,8.0,0,0,0,0,0,23,0,3,38,0
2000055,0.0,0.05,0.75,2.6982187499999997,2.6999999999999997,0.0017812500000000011,0,1.78125,1.1875,0.078125,0.078125,0.0,0.6000000000000006,0.5960937499999993,0.7864341017862089,0.05000122978249763,0.706320921241408,0.05000000000000002,-1.05,3.749999999999999,3.0,7.0,0,0,0,0,0,23,0,0,41,0
2000056,1.0,0.05,0.75,1.8417656250000005,1.8500000000000005,0.008234375000000002,-6,8.234375,2.171875,0.21875,0.125,0.0,0.49062499999999915,0.4460937499999999,0.4656962411236506,0.061723377706199685,0.04692130472961181,0.05000000000000002,-0.9000000000000001,2.750000000000001,3.0,19.0,0,5,18,0,30,11,0,0,0,0
2000057,1.0,0.05,0.75,-0.16792187499999947,-0.14999999999999947,0.01792187500000001,-8,17.921875,3.640625,0.15625,0.03125,0.0,0.5625000000000002,0.5820312499999993,0.9737639472226831,0.05018840560633915,0.9732487325684877,0.05000000000000001,-0.75,0.6000000000000001,4.0,8.0,0,0,4,0,0,21,0,12,27,0
2000058,0.0,0.05,0.75,5.547265625,5.55,0.0027343750000000016,-2,2.734375,1.296875,0.15625,0.125,0.0,0.5812500000000005,0.3921875000000004,0.06735709342182135,0.050334600841824034,0.00036143652835531,0.049999999999999996,-0.5499999999999999,6.1,6.0,12.0,0,6,45,0,0,8,0,0,5,0
2000059,1.0,0.05,0.75,3.444421875000001,3.450000000000001,0.005578125000000004,-3,5.578125,2.234375,0.15625,0.109375,0.0,0.6000000000000006,0.6312499999999992,0.9699789280132437,0.052064122207996034,0.9596118828251541,0.049999999999999996,-0.3500000000000001,3.8,4.0,13.0,0,0,0,0,0,8,0,0,56,0
2000060,0.0,0.05,0.75,9.655750000000001,9.700000000000001,0.04425000000000002,-12,44.25,5.28125,0.25,0.0625,0.0,0.5625000000000002,0.3851562500000001,0.3501026559240123,0.05668079390315193,0.15893978218893995,0.05,-0.25,9.950000000000001,2.0,18.0,0,2,47,0,10,5,0,0,0,0
2000061,1.0,0.05,0.75,0.7819218750000007,0.8000000000000007,0.018078125000000014,-8,18.078125,3.546875,0.171875,0.046875,0.0,0.5968750000000007,0.6078124999999993,0.9941888290214845,0.053241502580447915,0.9939662825760051,0.05,-0.5,1.2999999999999998,4.0,10.0,0,0,2,0,0,14,0,1,47,0
2000062,1.0,0.05,0.75,2.444875000000001,2.450000000000001,0.005125000000000001,-7,5.125,1.6875,0.265625,0.15625,0.0,0.4999999999999994,0.53984375,0.6824017705201112,0.1484317487280526,0.23833997530454185,0.049999999999999996,-0.5,2.950000000000002,2.0,25.0,0,0,0,0,28,19,0,4,13,0
2000063,1.0,0.05,0.75,0.6329062500000003,0.6500000000000004,0.01709375000000001,-6,17.09375,3.40625,0.140625,0.046875,0.0,0.5968750000000006,0.5867187499999994,0.9107140671956653,0.05004188388161848,0.907305062863363,0.05000000000000001,-0.5999999999999999,1.25,3.0,9.0,0,0,0,0,0,27,0,1,36,0
2000064,0.0,0.05,0.75,10.521375,10.55,0.028625000000000015,-10,28.625,4.65625,0.296875,0.140625,0.0,0.5249999999999997,0.35703125000000024,0.07381218481403758,0.06975290690741934,0.0004710451905284707,0.05,-0.4499999999999999,11.000000000000002,5.0,23.0,0,24,37,0,0,3,0,0,0,0
2000065,1.0,0.05,0.75,1.3819687499999986,1.3999999999999986,0.01803125000000001,-7,18.03125,3.375,0.21875,0.109375,0.0,0.49687499999999946,0.49765625,0.3589308647731825,0.05216617141729047,0.18250895022227043,0.05000000000000002,-1.3,2.700000000000001,5.0,16.0,0,0,3,0,33,26,0,0,2,0
2000066,1.0,0.05,0.75,0.7957187499999998,0.7999999999999998,0.004281250000000003,-3,4.28125,1.9375,0.09375,0.046875,0.0,0.5812500000000004,0.5492187499999999,0.5995186188328023,0.05000043812640746,0.5574131122457817,0.05,0.0,0.8000000000000003,0.0,9.0,0,0,0,0,0,43,0,6,15,0
2000067,0.0,0.05,0.75,6.099234375000003,6.100000000000002,0.0007656250000000002,-2,0.765625,0.546875,0.203125,0.171875,0.0,0.4843749999999991,0.50703125,0.5872976584033566,0.058997760462893026,0.051657604604998866,0.05,-1.8000000000000003,7.900000000000002,6.0,18.0,0,0,0,0,37,24,0,0,3,0
2000068,0.0,0.05,0.75,6.446984375000001,6.450000000000001,0.003015625000000002,-4,3.015625,1.390625,0.1875,0.125,0.0,0.4843749999999991,0.50234375,0.49038710203054237,0.050962450127570794,0.1270081514456219,0.05,-0.8500000000000001,7.300000000000001,3.0,17.0,0,0,6,0,37,14,0,0,7,0
2000069,1.0,0.05,0.75,2.0366875000000015,2.0500000000000016,0.01331250000000001,-4,13.3125,3.46875,0.125,0.0625,0.0,0.6000000000000006,0.6476562499999993,0.9899837344535634,0.05024358444939569,0.9895999443734097,0.05,-0.30000000000000027,2.3499999999999996,6.0,6.0,0,0,0,0,0,1,0,0,63,0
2000070,0.0,0.05,0.75,8.9400625,8.95,0.009937500000000007,-5,9.9375,2.59375,0.234375,0.15625,0.0,0.6000000000000008,0.3593750000000003,0.0030133391806391394,0.09145310557742564,6.772695703782561e-06,0.05,-0.7000000000000002,9.650000000000002,8.0,17.0,0,0,60,0,0,4,0,0,0,0
2000071,1.0,0.05,0.75,-0.06328124999999894,-0.049999999999998934,0.013281250000000008,-7,13.28125,2.84375,0.15625,0.046875,0.0,0.5562500000000001,0.5281249999999995,0.7631770820123294,0.05003779227230046,0.7331187908947284,0.05000000000000001,-0.1499999999999999,0.10000000000000031,1.0,12.0,0,1,7,0,5,31,0,8,12,0
2000072,0.0,0.05,0.75,10.384625000000002,10.400000000000002,0.015375000000000003,-11,15.375,2.78125,0.296875,0.125,0.0,0.5437500000000001,0.4109375000000006,0.05150875466023819,0.05555200706324561,0.009175159753136075,0.05,-0.44999999999999996,10.850000000000003,4.0,23.0,0,18,22,0,0,22,0,0,2,0
2000073,0.0,0.05,0.75,5.794421874999999,5.8,0.005578125000000004,-5,5.578125,1.859375,0.171875,0.09375,0.0,0.49062499999999926,0.4414062500000002,0.3664594776432638,0.05008290594368128,0.06683242882730926,0.05000000000000001,-0.75,6.55,4.0,13.0,0,21,10,0,14,13,0,0,6,0
2000074,1.0,0.05,0.75,0.6371093749999994,0.6499999999999995,0.01289062500000001,-5,12.890625,3.265625,0.109375,0.03125,0.0,0.6000000000000006,0.6265624999999992,0.9830095539251668,0.05002473691221223,0.9827792677333475,0.05,-0.3500000000000001,0.9999999999999998,4.0,5.0,0,0,0,0,0,10,0,0,54,0
2000075,0.0,0.05,0.75,5.995890625,6.0,0.004109375000000003,-4,4.109375,1.484375,0.171875,0.109375,0.0,0.5312499999999999,0.5304687499999999,0.5098048285701918,0.05021439021434171,0.2686298451435359,0.05,-1.4000000000000001,7.4,5.0,13.0,0,0,0,0,20,31,0,2,11,0
2000076,1.0,0.05,0.75,2.4492499999999997,2.4499999999999997,0.0007500000000000004,-1,0.75,0.65625,0.09375,0.078125,0.0,0.5687500000000002,0.6218749999999995,0.8162003785331343,0.05000315360059514,0.7938884007406136,0.05,-0.25,2.6999999999999997,3.0,8.0,0,0,0,0,0,12,0,10,42,0
2000077,0.0,0.05,0.75,4.198250000000002,4.200000000000002,0.0017500000000000011,0,1.75,0.96875,0.140625,0.140625,0.0,0.5187499999999996,0.509375,0.42643830570298286,0.05014280606687235,0.039776249568821115,0.05,-0.6,4.800000000000002,2.0,16.0,0,0,0,0,26,34,0,0,4,0
2000078,1.0,0.05,0.75,4.89896875,4.8999999999999995,0.0010312500000000007,2,1.03125,0.8125,0.109375,0.140625,0.0,0.5625000000000002,0.6406249999999992,0.683590152726924,0.050044541725919295,0.4622078078136524,0.05,-0.10000000000000009,4.999999999999999,2.0,14.0,0,0,0,0,0,4,0,12,48,0
2000079,1.0,0.05,0.75,2.74753125,2.75,0.0024687500000000018,-2,2.46875,1.4375,0.109375,0.078125,0.0,0.6000000000000006,0.6453124999999993,0.9643986232076031,0.05004914970218797,0.9611199111765637,0.05,-0.40000000000000013,3.15,5.0,7.0,0,0,0,0,0,2,0,0,62,0
2000080,1.0,0.05,0.75,1.3872812499999985,1.3999999999999986,0.012718750000000008,-7,12.71875,2.9375,0.203125,0.09375,0.0,0.5562500000000002,0.5562499999999996,0.7760101279786336,0.053661289923391725,0.7136372851906687,0.05,-0.5999999999999999,2.0,3.0,16.0,0,0,3,0,3,31,0,11,16,0
2000081,0.0,0.05,0.75,6.59621875,6.6000000000000005,0.0037812500000000003,-5,3.78125,1.34375,0.1875,0.109375,0.0,0.47187499999999916,0.5234375,0.47137867137793327,0.05033086610712337,0.2701949063017008,0.049999999999999996,-0.35000000000000003,6.950000000000001,1.0,18.0,0,0,0,0,41,13,0,0,10,0
2000082,0.0,0.05,0.75,9.682484375000001,9.700000000000001,0.017515625,-9,17.515625,2.984375,0.234375,0.09375,0.0,0.5218749999999996,0.5210937499999998,0.6477129593027149,0.058870112414298,0.5581902007842171,0.05,-0.3,10.000000000000002,1.0,20.0,0,0,8,0,18,21,0,7,10,0
2000083,0.0,0.05,0.75,5.997390625,6.0,0.0026093750000000015,-4,2.609375,1.328125,0.171875,0.109375,0.0,0.5031249999999994,0.4953125000000004,0.3555933602850736,0.05012544957836836,0.10426338146292709,0.05000000000000001,-1.2000000000000002,7.200000000000001,5.0,13.0,0,13,2,0,17,19,0,1,12,0
2000084,1.0,0.05,0.75,1.3958749999999995,1.3999999999999995,0.004125000000000003,-2,4.125,1.71875,0.078125,0.046875,0.0,0.6000000000000008,0.5726562499999994,0.8857176137301395,0.050001098868965185,0.860502299365436,0.05,-0.10000000000000009,1.4999999999999998,2.0,6.0,0,0,0,0,0,33,0,0,31,0
2000085,1.0,0.05,0.75,2.3439375000000005,2.3500000000000005,0.0060625000000000045,-4,6.0625,2.09375,0.140625,0.078125,0.0,0.6000000000000008,0.6195312499999993,0.9722548993980151,0.050357633103637195,0.9690196158311781,0.05,-0.30000000000000004,2.6499999999999995,3.0,11.0,0,0,1,0,0,11,0,0,52,0
2000086,1.0,0.05,0.75,1.534578124999999,1.549999999999999,0.01542187500000001,-6,15.421875,3.109375,0.1875,0.09375,0.0,0.528125,0.5773437499999994,0.6661644283412196,0.0504434722562079,0.6293259464635339,0.05,-0.34999999999999987,1.9000000000000004,2.0,16.0,0,0,1,0,6,23,0,17,17,0
2000087,1.0,0.05,0.75,1.738609375000001,1.7500000000000009,0.011390625000000007,-4,11.390625,2.984375,0.125,0.0625,0.0,0.6000000000000006,0.6007812499999993,0.9717202018138344,0.05009181043352266,0.9678024805034492,0.05,-0.20000000000000018,1.9499999999999997,4.0,8.0,0,0,0,0,0,21,0,0,43,0
2000088,0.0,0.05,0.75,3.949515625000001,3.950000000000001,0.00048437500000000027,0,0.484375,0.453125,0.140625,0.140625,0.0,0.4781249999999992,0.4765625,0.48007510078751126,0.05010714966409979,0.025709607699919253,0.049999999999999996,-1.1,5.050000000000001,4.0,14.0,0,1,9,0,38,16,0,0,0,0
2000089,0.0,0.05,0.75,1.0937968749999998,1.0999999999999999,0.006203125000000002,6,6.203125,1.765625,0.09375,0.1875,0.0,0.47499999999999937,0.4953125,0.567358042949709,0.05025293471036435,0.005367579140207968,0.05000000000000001,-1.3,2.4,5.0,13.0,0,0,2,0,40,22,0,0,0,0
2000090,1.0,0.05,0.75,0.14362499999999948,0.14999999999999947,0.006375000000000002,-6,6.375,1.65625,0.140625,0.046875,0.0,0.5625000000000001,0.5210937499999999,0.6730101650587217,0.05000984843887814,0.6285310812988287,0.05,-0.19999999999999996,0.3500000000000001,1.0,11.0,0,0,1,0,6,47,0,6,4,0
2000091,0.0,0.05,0.75,7.894656250000002,7.900000000000002,0.005343750000000004,-5,5.34375,1.8125,0.203125,0.125,0.0,0.6000000000000006,0.35468750000000027,0.013678265077956633,0.05147043919134929,5.025856002434519e-05,0.05,-0.44999999999999996,8.350000000000001,6.0,15.0,0,0,62,0,0,2,0,0,0,0
2000092,0.0,0.05,0.75,6.697265625000001,6.700000000000001,0.0027343750000000016,-2,2.734375,1.421875,0.1875,0.15625,0.0,0.5750000000000006,0.3710937500000004,0.012369694942838108,0.06419688034414615,1.7713950760556437e-05,0.05,-0.75,7.449999999999999,8.0,14.0,0,4,51,0,4,5,0,0,0,0
2000093,0.0,0.05,0.75,4.047015625000001,4.050000000000001,0.0029843750000000022,-2,2.984375,1.484375,0.109375,0.078125,0.0,0.5093749999999996,0.51171875,0.4659513865596513,0.050003089986595105,0.20976037706077846,0.05000000000000001,-0.65,4.7,2.0,10.0,0,0,0,0,27,32,0,2,3,0
2000094,0.0,0.05,0.75,6.145203124999999,6.1499999999999995,0.004796875000000003,-4,4.796875,1.984375,0.15625,0.09375,0.0,0.5499999999999999,0.6148437499999994,0.8691398045536293,0.050217946091725835,0.8529147585687376,0.05,-1.1500000000000001,7.3,3.0,13.0,0,0,0,0,0,15,0,16,33,0
2000095,0.0,0.05,0.75,4.999000000000001,5.000000000000002,0.0010000000000000005,-1,1.0,0.6875,0.171875,0.15625,0.0,0.4687499999999992,0.49296874999999996,0.41821127234061883,0.05073471156538714,0.028437501625097433,0.05000000000000001,-1.0,6.000000000000001,4.0,17.0,0,0,3,0,42,19,0,0,0,0
2000096,0.0,0.05,0.75,4.898578125000001,4.900000000000001,0.0014218750000000008,-1,1.421875,0.953125,0.171875,0.15625,0.0,0.49374999999999925,0.5421875,0.5357919423311699,0.05064681935907921,0.10290815249945214,0.05,-1.2000000000000002,6.100000000000001,4.0,17.0,0,0,0,0,33,13,0,1,17,0
2000097,0.0,0.05,0.75,9.380421875,9.4,0.019578125000000005,-7,19.578125,3.828125,0.25,0.140625,0.0,0.5718750000000002,0.35468750000000027,0.016001812450448093,0.058471443444526774,7.271562355245213e-05,0.05000000000000001,-0.49999999999999994,9.900000000000002,7.0,18.0,0,9,53,0,0,2,0,0,0,0
2000098,0.0,0.05,0.75,5.347078125,5.3500000000000005,0.0029218750000000017,-4,2.921875,1.234375,0.140625,0.078125,0.0,0.5218749999999996,0.50234375,0.5040424056318401,0.05002052517092069,0.2696220797775127,0.05,-0.7,6.05,3.0,11.0,0,0,0,0,25,38,0,0,1,0
2000099,0.0,0.05,0.75,2.3957499999999996,2.3999999999999995,0.004250000000000002,1,4.25,1.5,0.078125,0.09375,0.0,0.5843750000000004,0.6101562499999995,0.5233612717728527,0.050001641366518204,0.4171021385765382,0.05000000000000001,-1.25,3.65,4.0,7.0,0,0,0,0,0,17,0,5,42,0
2000100,1.0,0.05,0.75,1.9466875000000001,1.9500000000000002,0.0033125000000000008,-5,3.3125,1.3125,0.21875,0.140625,0.0,0.49999999999999933,0.5585937499999998,0.5709261170152532,0.054562496558352686,0.3408530268748004,0.05,-0.8,2.75,3.0,20.0,0,0,0,0,19,20,0,13,12,0
2000101,1.0,0.05,0.75,0.9424687500000002,0.9500000000000002,0.007531250000000006,-3,7.53125,2.53125,0.09375,0.046875,0.0,0.5843750000000004,0.5773437499999997,0.574085526835845,0.0500003742440821,0.5563968422475375,0.05,-0.3999999999999999,1.35,2.0,7.0,0,0,0,0,0,31,0,5,28,0
2000102,1.0,0.05,0.75,-0.26210937499999915,-0.2499999999999991,0.012109375000000009,-6,12.109375,2.984375,0.109375,0.015625,0.0,0.5937500000000007,0.6101562499999994,0.9693327401099163,0.050008477936793104,0.9691085679456928,0.05,-0.34999999999999987,0.09999999999999987,2.0,6.0,0,0,0,0,0,17,0,2,45,0
2000103,1.0,0.05,0.75,0.8461406249999996,0.8499999999999996,0.0038593750000000026,-1,3.859375,1.640625,0.046875,0.03125,0.0,0.6000000000000008,0.5867187499999994,0.6436256721081612,0.05000002728695275,0.6310099357796793,0.05,-0.19999999999999996,1.0499999999999998,1.0,4.0,0,0,0,0,0,27,0,0,37,0
2000104,1.0,0.05,0.75,3.497546874999999,3.499999999999999,0.0024531250000000013,0,2.453125,1.234375,0.109375,0.109375,0.0,0.5218749999999998,0.6312499999999993,0.6440356797713549,0.0500091366685045,0.5737794525986292,0.05,-0.10000000000000009,3.5999999999999996,2.0,12.0,0,0,0,0,0,8,0,25,31,0
2000105,1.0,0.05,0.75,2.094921875,2.0999999999999996,0.005078125000000003,-3,5.078125,2.046875,0.109375,0.0625,0.0,0.6000000000000006,0.6429687499999993,0.9764459016115392,0.05004662886586157,0.9753629908838525,0.049999999999999996,-0.2500000000000002,2.3499999999999996,5.0,6.0,0,0,0,0,0,3,0,0,61,0
2000106,1.0,0.05,0.75,2.746078125,2.75,0.003921875000000003,-3,3.921875,1.671875,0.15625,0.109375,0.0,0.5406250000000001,0.6124999999999993,0.7638226441460483,0.050220350740701636,0.7061170035952015,0.05,-0.3999999999999999,3.1500000000000004,2.0,15.0,0,0,0,0,0,16,0,19,29,0
2000107,0.0,0.05,0.75,5.39571875,5.4,0.004281250000000003,-4,4.28125,1.6875,0.125,0.0625,0.0,0.55,0.44843749999999966,0.7818259247566121,0.050050983183150585,0.23372258181608876,0.05,-0.45,5.85,3.0,9.0,0,3,29,0,4,18,0,9,1,0
2000108,1.0,0.05,0.75,2.24803125,2.25,0.0019687500000000013,-2,1.96875,1.15625,0.109375,0.078125,0.0,0.553125,0.6312499999999994,0.848552101035176,0.05000861084958467,0.8387936200873061,0.05000000000000001,-0.44999999999999996,2.6999999999999993,3.0,9.0,0,0,0,0,0,8,0,15,41,0
2000109,1.0,0.05,0.75,1.9479062500000002,1.9500000000000002,0.0020937500000000014,-3,2.09375,1.21875,0.109375,0.0625,0.0,0.6000000000000008,0.6335937499999993,0.9590707765964992,0.050025807982653055,0.9569909941205649,0.05,-0.15000000000000013,2.0999999999999996,3.0,8.0,0,0,0,0,0,7,0,0,57,0
2000110,1.0,0.05,0.75,1.2449531250000019,1.2500000000000018,0.005046875000000004,-5,5.046875,1.890625,0.171875,0.09375,0.0,0.49999999999999944,0.49765625,0.5373630362407965,0.05018758745658146,0.26680219078817663,0.05,-0.3999999999999999,1.649999999999999,2.0,15.0,0,0,3,0,31,28,0,1,1,0
2000111,0.0,0.05,0.75,6.686265625,6.7,0.01373437500000001,-6,13.734375,3.234375,0.171875,0.078125,0.0,0.5124999999999995,0.5,0.397150657082948,0.050043804003592714,0.2820829439284647,0.05,-0.8,7.5,4.0,12.0,0,0,7,0,28,22,0,0,7,0
2000112,1.0,0.05,0.75,1.0913906249999996,1.0999999999999996,0.008609375000000006,-5,8.609375,2.421875,0.15625,0.078125,0.0,0.5750000000000004,0.51875,0.638076557388618,0.050080030154623936,0.48612521828504485,0.05,-0.3999999999999999,1.5,2.0,13.0,0,0,2,0,6,46,0,2,8,0
2000113,0.0,0.05,0.75,4.896250000000001,4.900000000000001,0.0037500000000000025,-1,3.75,1.5,0.15625,0.140625,0.0,0.48124999999999934,0.5,0.4167176973388253,0.05025898817198785,0.03726497655482441,0.05,-1.0,5.900000000000001,4.0,15.0,0,0,0,0,38,26,0,0,0,0
2000114,0.0,0.05,0.75,4.89796875,4.9,0.0020312500000000014,-2,2.03125,1.09375,0.140625,0.109375,0.0,0.5281249999999997,0.5820312499999996,0.5118775826273417,0.050029634645043675,0.37940695528589086,0.05,-1.0,5.8999999999999995,3.0,13.0,0,0,4,0,11,10,0,12,27,0
2000115,0.0,0.05,0.75,4.298109375000001,4.300000000000001,0.0018906250000000012,-2,1.890625,1.265625,0.125,0.09375,0.0,0.49374999999999925,0.52578125,0.4875918622715821,0.05001018726948283,0.22759475667325377,0.05,-1.05,5.3500000000000005,3.0,11.0,0,0,0,0,32,21,0,2,9,0
2000116,0.0,0.05,0.75,4.59609375,4.6,0.003906250000000003,-3,3.90625,1.625,0.125,0.078125,0.0,0.5374999999999999,0.5796874999999994,0.6675693869877246,0.05000749108165673,0.6165029171512528,0.05,-0.7000000000000001,5.299999999999999,2.0,11.0,0,0,0,0,0,30,0,20,14,0
2000117,1.0,0.05,0.75,1.49521875,1.5,0.004781250000000003,-4,4.78125,1.78125,0.140625,0.078125,0.0,0.5687500000000004,0.5234375,0.5424298835127908,0.05002072171848672,0.38303581833809947,0.05,-0.30000000000000004,1.8000000000000005,1.0,13.0,0,0,0,0,5,49,0,5,5,0
2000118,1.0,0.05,0.75,1.742671875,1.75,0.007328125000000006,-5,7.328125,2.359375,0.1875,0.109375,0.0,0.55625,0.5539062499999999,0.36420517679565617,0.050130121951214836,0.28561691008557494,0.05,-1.4000000000000001,3.1500000000000004,5.0,14.0,0,0,4,0,7,26,0,7,20,0
2000119,0.0,0.05,0.75,5.591187499999998,5.599999999999999,0.008812500000000006,-5,8.8125,2.40625,0.15625,0.078125,0.0,0.5249999999999997,0.3664062500000003,0.30679036655209063,0.05005638037855324,0.007599942415955218,0.05000000000000001,-0.04999999999999999,5.649999999999999,1.0,14.0,0,24,33,0,0,7,0,0,0,0
2000120,1.0,0.05,0.75,1.0257812500000025,1.0500000000000025,0.024218750000000004,-6,24.21875,4.125,0.140625,0.046875,0.0,0.5968750000000007,0.6054687499999993,0.9918549067486397,0.050412500919326336,0.9914311102992865,0.05000000000000002,-0.10000000000000009,1.1499999999999997,2.0,10.0,0,0,0,0,0,19,0,1,44,0
2000121,0.0,0.05,0.75,2.2949375,2.3000000000000003,0.005062500000000004,-1,5.0625,2.0625,0.0625,0.046875,0.0,0.5968750000000007,0.5984374999999994,0.6065509581643658,0.050000080824768506,0.590579861386327,0.05,0.0,2.3000000000000003,0.0,7.0,0,0,0,0,0,22,0,1,41,0
2000122,1.0,0.05,0.75,2.7967968749999987,2.799999999999999,0.003203125000000002,0,3.203125,1.390625,0.109375,0.109375,0.0,0.5374999999999999,0.5773437499999995,0.6190941867133473,0.05000669655446286,0.37602651307644974,0.05,-0.19999999999999996,3.0,1.0,13.0,0,0,0,0,0,31,0,20,13,0
2000123,0.0,0.05,0.75,5.593296874999998,5.599999999999998,0.006703125000000005,-3,6.703125,2.328125,0.15625,0.109375,0.0,0.5656250000000003,0.35234375000000023,0.18347864768842212,0.050093059917212635,0.0006591138700643419,0.049999999999999996,-0.5999999999999999,6.199999999999999,5.0,12.0,0,11,52,0,0,1,0,0,0,0
2000124,0.0,0.05,0.75,3.547531250000001,3.5500000000000007,0.0024687500000000013,2,2.46875,1.28125,0.140625,0.171875,0.0,0.4843749999999993,0.48593749999999997,0.593920931178466,0.05044791584918585,0.0137256101657648,0.05000000000000001,-1.4000000000000001,4.950000000000001,5.0,15.0,0,0,6,0,37,21,0,0,0,0
2000125,1.0,0.05,0.75,1.0401875000000007,1.0500000000000007,0.009812500000000007,-3,9.8125,2.71875,0.09375,0.046875,0.0,0.5968750000000007,0.6171874999999993,0.8278662946275969,0.050001273323961586,0.8240522438334831,0.05,-0.050000000000000044,1.0999999999999999,1.0,8.0,0,0,0,0,0,14,0,1,49,0
2000126,1.0,0.05,0.75,1.49203125,1.5,0.007968750000000005,-4,7.96875,2.3125,0.140625,0.078125,0.0,0.54375,0.5703124999999994,0.6569639523610323,0.050019872881993235,0.6092760946426871,0.05,-0.5499999999999998,2.05,3.0,11.0,0,0,0,0,0,34,0,18,12,0
2000127,0.0,0.05,0.75,7.691781250000001,7.700000000000001,0.008218750000000002,-7,8.21875,2.15625,0.203125,0.09375,0.0,0.5031249999999995,0.4671875,0.4951393664125665,0.051398927630139986,0.21346652722352796,0.05000000000000001,-0.6499999999999999,8.350000000000001,3.0,16.0,0,3,11,0,28,22,0,0,0,0
2000128,1.0,0.05,0.75,3.0464062500000018,3.0500000000000016,0.0035937500000000023,-3,3.59375,1.5,0.15625,0.109375,0.0,0.5531250000000002,0.6335937499999993,0.9462100040581874,0.051069201940364864,0.9314541544673935,0.05,-0.30000000000000004,3.35,4.0,13.0,0,0,0,0,0,7,0,15,42,0
2000129,0.0,0.05,0.75,2.247875000000001,2.250000000000001,0.002125000000000001,2,2.125,1.28125,0.09375,0.125,0.0,0.5187499999999996,0.5164062499999997,0.5706531283294711,0.050009781454166645,0.06220035633581059,0.05,0.0,2.250000000000001,0.0,14.0,0,0,5,0,18,29,0,8,4,0
2000130,0.0,0.05,0.75,5.295828125,5.3,0.004171875000000003,-3,4.171875,1.765625,0.140625,0.09375,0.0,0.5375000000000001,0.52109375,0.45544589348967746,0.05003114596311512,0.2148196777947792,0.049999999999999996,-0.8,6.1,2.0,13.0,0,0,0,0,15,40,0,5,4,0
2000131,1.0,0.05,0.75,4.095328125000001,4.1000000000000005,0.004671875000000003,-1,4.671875,1.921875,0.15625,0.140625,0.0,0.55625,0.5562499999999999,0.344156382156015,0.050241770171171464,0.0977270705826848,0.05,-0.44999999999999996,4.550000000000001,3.0,16.0,0,0,5,0,13,17,0,1,28,0
2000132,0.0,0.05,0.75,4.0935468749999995,4.1,0.006453125000000005,-3,6.453125,2.265625,0.109375,0.0625,0.0,0.5625000000000001,0.5679687499999997,0.6130995017999258,0.050001283760571946,0.5765582910231002,0.05,-0.7000000000000001,4.799999999999999,2.0,9.0,0,0,0,0,0,35,0,12,17,0
2000133,0.0,0.05,0.75,6.390921875000001,6.400000000000001,0.009078125000000006,-5,9.078125,2.390625,0.15625,0.078125,0.0,0.5656250000000002,0.5703124999999996,0.6965728599790705,0.05006150980674968,0.6587819390910448,0.049999999999999996,0.0,6.400000000000001,0.0,15.0,0,0,0,0,0,34,0,11,19,0
2000134,0.0,0.05,0.75,0.6980937499999995,0.6999999999999995,0.001906250000000001,4,1.90625,0.9375,0.0625,0.125,0.0,0.48749999999999916,0.52109375,0.4527285707980775,0.05000588451502662,0.035326389378426706,0.05,-0.55,1.2500000000000002,2.0,10.0,0,0,0,0,35,20,0,1,8,0
2000135,1.0,0.05,0.75,2.3923125000000014,2.4000000000000012,0.007687500000000005,-3,7.6875,2.53125,0.125,0.078125,0.0,0.6000000000000006,0.6289062499999992,0.8987411585731624,0.050041967990877255,0.8916628948870386,0.05,-0.5,2.9,4.0,9.0,0,0,0,0,0,9,0,0,55,0
2000136,0.0,0.05,0.75,6.3921406250000015,6.400000000000001,0.007859375000000004,-5,7.859375,2.109375,0.171875,0.09375,0.0,0.47187499999999927,0.5,0.44908666124600605,0.05013535479463492,0.2211309912563472,0.05,-0.7,7.1000000000000005,3.0,14.0,0,0,0,0,41,23,0,0,0,0
2000137,0.0,0.05,0.75,4.1475,4.15,0.0025000000000000014,-1,2.5,1.15625,0.125,0.109375,0.0,0.5124999999999996,0.51875,0.4040464606952019,0.05001732112042187,0.10160699406129566,0.049999999999999996,-1.05,5.200000000000001,4.0,11.0,0,0,0,0,25,31,0,3,5,0
2000138,1.0,0.05,0.75,3.598046874999999,3.599999999999999,0.001953125000000001,0,1.953125,1.046875,0.109375,0.109375,0.0,0.5718750000000004,0.6218749999999993,0.7860207471579538,0.05001746556877866,0.6879233174951553,0.05,-0.25,3.849999999999999,3.0,11.0,0,0,0,0,0,12,0,9,43,0
2000139,1.0,0.05,0.75,2.847109374999999,2.849999999999999,0.002890625000000002,0,2.890625,1.546875,0.078125,0.078125,0.0,0.6000000000000006,0.6453124999999993,0.8250666875660747,0.050001608979021006,0.8105760585252629,0.05,-0.15000000000000013,2.9999999999999996,3.0,7.0,0,0,0,0,0,2,0,0,62,0
2000140,0.0,0.05,0.75,6.335109375,6.35,0.01489062500000001,-6,14.890625,2.859375,0.140625,0.046875,0.0,0.5562500000000004,0.5632812499999995,0.6981168382572814,0.05000855078695707,0.6862295053746713,0.05,0.0,6.35,0.0,12.0,0,0,0,0,7,30,0,7,20,0
2000141,0.0,0.05,0.75,5.796171875000001,5.800000000000001,0.0038281250000000017,-3,3.828125,1.390625,0.171875,0.125,0.0,0.5218749999999996,0.5609374999999998,0.46224118112410384,0.05021647605881159,0.2648499855509819,0.049999999999999996,-1.9500000000000002,7.75,6.0,13.0,0,0,0,0,13,25,0,12,14,0
2000142,0.0,0.05,0.75,4.946984375,4.95,0.0030156250000000022,-3,3.015625,1.546875,0.140625,0.09375,0.0,0.5187499999999996,0.50703125,0.5359763132099967,0.050031977194944725,0.2284795046787793,0.05,-0.2,5.15,1.0,14.0,0,0,2,0,25,32,0,1,4,0
2000143,1.0,0.05,0.75,1.8408906250000014,1.8500000000000014,0.009109375000000006,-5,9.109375,2.640625,0.140625,0.0625,0.0,0.6000000000000008,0.6195312499999993,0.9835852626713899,0.050417571411346826,0.9825684568986911,0.049999999999999996,-0.5000000000000002,2.3499999999999996,7.0,6.0,0,0,0,0,0,13,0,0,51,0
2000144,0.0,0.05,0.75,4.547593750000001,4.550000000000001,0.0024062500000000017,-3,2.40625,1.21875,0.125,0.078125,0.0,0.48749999999999916,0.4765625,0.5980081708943347,0.050013074448427224,0.200132402825028,0.05,-0.7,5.250000000000001,3.0,10.0,0,1,9,0,35,19,0,0,0,0
2000145,0.0,0.05,0.75,5.048562500000001,5.050000000000001,0.0014375000000000008,-3,1.4375,0.875,0.15625,0.109375,0.0,0.5156249999999997,0.46484375000000006,0.4373126982885266,0.05007233985186229,0.06420317958309602,0.05,-1.1,6.15,5.0,12.0,0,7,8,0,20,29,0,0,0,0
2000146,0.0,0.05,0.75,6.293859374999999,6.299999999999999,0.006140625000000005,-4,6.140625,2.015625,0.171875,0.109375,0.0,0.5406249999999999,0.5421874999999996,0.634253757779831,0.050418683413809506,0.4215349310711487,0.05000000000000001,-1.0,7.3,3.0,15.0,0,0,9,0,3,25,0,16,11,0
2000147,1.0,0.05,0.75,0.5907656250000005,0.6000000000000005,0.009234375000000005,-7,9.234375,2.484375,0.140625,0.03125,0.0,0.5750000000000005,0.6476562499999993,0.9972411212272824,0.05075915787380114,0.9972162398955415,0.049999999999999996,-0.30000000000000027,0.8999999999999999,6.0,5.0,0,0,0,0,0,1,0,8,55,0
2000148,1.0,0.05,0.75,2.1876406249999985,2.1999999999999984,0.012359375000000008,-4,12.359375,2.890625,0.15625,0.09375,0.0,0.5593750000000002,0.5796874999999995,0.6198986801707127,0.05009885799200461,0.5478462191457867,0.05,-0.2999999999999998,2.5000000000000004,2.0,14.0,0,0,0,0,0,30,0,13,21,0
2000149,0.0,0.05,0.75,8.67171875,8.7,0.028281250000000015,-9,28.28125,4.59375,0.234375,0.09375,0.0,0.5249999999999997,0.35234375000000023,0.11116833053990621,0.05381518812199959,0.0035164129945161804,0.05,-0.49999999999999994,9.200000000000003,5.0,16.0,0,24,39,0,0,1,0,0,0,0
2000150,0.0,0.05,0.75,6.341703125000001,6.350000000000001,0.008296875000000006,-6,8.296875,2.359375,0.171875,0.078125,0.0,0.4812499999999991,0.44843749999999993,0.4296216184854075,0.05015029734399973,0.12619724591417222,0.05,-0.3,6.650000000000001,1.0,15.0,0,5,17,0,33,9,0,0,0,0
2000151,0.0,0.05,0.75,4.596000000000003,4.600000000000002,0.004000000000000003,0,4.0,1.5625,0.15625,0.15625,0.0,0.5031249999999995,0.5,0.5000000000000002,0.05052398586329686,0.02916006495084355,0.05,-1.8000000000000003,6.400000000000001,7.0,13.0,0,0,0,0,31,33,0,0,0,0
2000152,0.0,0.05,0.75,5.448515625000001,5.450000000000001,0.0014843750000000009,-2,1.484375,0.953125,0.171875,0.140625,0.0,0.5031249999999994,0.5328124999999999,0.5696941619512411,0.05069437282246179,0.14023745141227756,0.05,-0.35000000000000003,5.800000000000001,1.0,19.0,0,0,0,0,31,19,0,0,14,0
2000153,1.0,0.05,0.75,0.33860937499999966,0.34999999999999964,0.011390625000000008,-6,11.390625,2.921875,0.140625,0.046875,0.0,0.5843750000000005,0.5843749999999996,0.9291911555752834,0.05003738861986878,0.9264546542512168,0.05000000000000001,-0.7,1.05,5.0,7.0,0,0,0,0,0,28,0,5,31,0
2000154,1.0,0.05,0.75,1.0953437500000014,1.1000000000000014,0.004656250000000003,-5,4.65625,1.65625,0.15625,0.078125,0.0,0.5124999999999996,0.5046875,0.4777979204343722,0.05003925477727353,0.3000493395146741,0.05000000000000001,-1.0,2.1000000000000014,4.0,11.0,0,1,1,0,27,31,0,0,4,0
2000155,1.0,0.05,0.75,1.2346875,1.25,0.015312500000000007,-9,15.3125,3.21875,0.234375,0.09375,0.0,0.5812500000000004,0.5468749999999999,0.7612598425188665,0.06642589495048568,0.7122087062059832,0.05,-0.7499999999999998,2.0,4.0,17.0,0,0,1,0,0,42,0,6,15,0
2000156,0.0,0.05,0.75,4.997359375000003,5.000000000000003,0.0026406250000000015,0,2.640625,1.265625,0.171875,0.171875,0.0,0.47499999999999926,0.50703125,0.3743782761443258,0.052226081615,0.016224917127498746,0.049999999999999996,-0.8999999999999999,5.900000000000002,3.0,19.0,0,0,1,0,40,19,0,0,4,0
2000157,1.0,0.05,0.75,2.494890625000002,2.5000000000000018,0.005109375000000004,-4,5.109375,2.015625,0.140625,0.078125,0.0,0.6000000000000008,0.6359374999999993,0.9888301344588576,0.050805153814832034,0.9876941791775831,0.05000000000000001,-0.30000000000000027,2.7999999999999994,6.0,8.0,0,0,0,0,0,6,0,0,58,0
2000158,1.0,0.05,0.75,2.493,2.5,0.0070000000000000045,-1,7.0,2.375,0.09375,0.078125,0.0,0.6000000000000006,0.6218749999999993,0.7889131883547198,0.05000269414641823,0.7646485249790617,0.05000000000000002,-0.10000000000000009,2.5999999999999996,2.0,9.0,0,0,0,0,0,12,0,0,52,0
2000159,0.0,0.05,0.75,3.499171875,3.5,0.0008281250000000003,0,0.828125,0.609375,0.125,0.125,0.0,0.4656249999999992,0.509375,0.4305811998424446,0.05002848102440867,0.06109601655745697,0.05,-1.1,4.6000000000000005,4.0,12.0,0,0,2,0,43,13,0,0,6,0
2000160,1.0,0.05,0.75,2.5930937499999995,2.5999999999999996,0.006906250000000004,-2,6.90625,2.46875,0.109375,0.078125,0.0,0.6000000000000006,0.6453124999999993,0.937278820359807,0.050026081352321256,0.9328578871414701,0.05000000000000001,-0.3500000000000001,2.9499999999999997,4.0,8.0,0,0,0,0,0,2,0,0,62,0
2000161,1.0,0.05,0.75,0.6871562500000001,0.7000000000000002,0.012843750000000008,-7,12.84375,2.75,0.15625,0.046875,0.0,0.5750000000000004,0.5890624999999993,0.9853755564542379,0.050601694748585786,0.9844576164181009,0.049999999999999996,-0.25,0.95,3.0,10.0,0,0,0,0,0,26,0,8,30,0
2000162,0.0,0.05,0.75,6.098546875000001,6.100000000000001,0.0014531250000000009,-3,1.453125,0.921875,0.1875,0.140625,0.0,0.47499999999999915,0.509375,0.44986899805778136,0.05102500706938684,0.08845972804832937,0.05,-1.4500000000000002,7.550000000000002,5.0,16.0,0,0,1,0,40,18,0,0,5,0
2000163,1.0,0.05,0.75,2.3423125000000007,2.3500000000000005,0.007687500000000004,-2,7.6875,2.40625,0.125,0.09375,0.0,0.55,0.5820312499999993,0.6293683085082076,0.05001134316363641,0.5326369480546485,0.049999999999999996,-0.34999999999999987,2.7,2.0,12.0,0,0,3,0,0,23,0,16,22,0
2000164,1.0,0.05,0.75,2.0936718750000005,2.1000000000000005,0.006328125000000005,-3,6.328125,2.234375,0.109375,0.0625,0.0,0.6000000000000006,0.6429687499999993,0.9764459016115392,0.05004662886586157,0.9753629908838527,0.05000000000000001,-0.20000000000000018,2.3,4.0,7.0,0,0,0,0,0,3,0,0,61,0
2000165,1.0,0.05,0.75,2.8485781249999995,2.8499999999999996,0.0014218750000000008,0,1.421875,0.859375,0.09375,0.09375,0.0,0.5625000000000002,0.6218749999999994,0.6507015777335945,0.05000211121740089,0.5959360597107144,0.05,-0.25,3.0999999999999996,2.0,10.0,0,0,0,0,0,12,0,12,40,0
2000166,0.0,0.05,0.75,3.8979687500000004,3.9000000000000004,0.0020312500000000014,-2,2.03125,1.25,0.125,0.09375,0.0,0.47499999999999915,0.50234375,0.5770354172631509,0.05001082316537769,0.20423204163418654,0.049999999999999996,-0.7000000000000001,4.6000000000000005,2.0,12.0,0,0,4,0,40,15,0,0,5,0
2000167,0.0,0.05,0.75,3.347234375,3.35,0.002765625000000002,-1,2.765625,1.578125,0.09375,0.078125,0.0,0.5687500000000003,0.52578125,0.33424153437754595,0.05000111836100368,0.16455260895660018,0.05000000000000001,-0.2,3.5500000000000003,1.0,10.0,0,0,1,0,10,41,0,0,12,0
2000168,1.0,0.05,0.75,0.9390000000000002,0.9500000000000002,0.011000000000000008,-5,11.0,2.90625,0.125,0.046875,0.0,0.5968750000000007,0.6007812499999993,0.965979234093955,0.050042643299423234,0.964356908971931,0.05,-0.20000000000000018,1.15,4.0,7.0,0,0,0,0,0,21,0,1,42,0
2000169,1.0,0.05,0.75,-0.31396875000000074,-0.3000000000000007,0.013968750000000009,-8,13.96875,2.65625,0.171875,0.046875,0.0,0.5406249999999999,0.5398437499999997,0.7655289003691556,0.050055006454363324,0.7539709541181545,0.05,-0.7,0.40000000000000013,3.0,11.0,0,0,0,0,9,38,0,10,7,0
2000170,0.0,0.05,0.75,4.948093749999998,4.949999999999998,0.0019062500000000013,-2,1.90625,1.15625,0.15625,0.125,0.0,0.5093749999999997,0.5609374999999999,0.5473875359354409,0.05011951827259269,0.2771431416234082,0.049999999999999996,-1.9,6.85,6.0,12.0,0,0,0,0,18,20,0,11,15,0
2000171,1.0,0.05,0.75,4.0487343749999996,4.05,0.0012656250000000005,0,1.265625,0.640625,0.109375,0.109375,0.0,0.6000000000000008,0.6359374999999993,0.9418228467923974,0.05007366233079752,0.905998834591797,0.049999999999999996,-0.2500000000000002,4.299999999999999,5.0,9.0,0,0,0,0,0,6,0,0,58,0
2000172,0.0,0.05,0.75,2.8913437500000003,2.9000000000000004,0.008656250000000006,3,8.65625,2.53125,0.140625,0.1875,0.0,0.46874999999999917,0.5421875,0.5527868159042406,0.05160104512861308,0.025356665497056657,0.049999999999999996,-1.1,4.0,4.0,17.0,0,0,0,0,41,5,0,1,17,0
2000173,1.0,0.05,0.75,2.3979687499999995,2.3999999999999995,0.0020312500000000014,-2,2.03125,1.0625,0.125,0.09375,0.0,0.5531250000000001,0.5749999999999997,0.6292445047495207,0.05001238231425168,0.5206577816966759,0.05,-0.25,2.6499999999999995,2.0,12.0,0,0,0,0,0,32,0,15,17,0
2000174,1.0,0.05,0.75,0.23962499999999912,0.2499999999999991,0.010375000000000007,-6,10.375,2.8125,0.140625,0.046875,0.0,0.5562500000000001,0.5984374999999995,0.8869133181095593,0.050020775100050374,0.8849661192907713,0.05000000000000001,-0.050000000000000044,0.30000000000000027,1.0,11.0,0,0,0,0,0,22,0,14,28,0
2000175,0.0,0.05,0.75,7.592250000000003,7.600000000000002,0.007750000000000005,-6,7.75,2.1875,0.203125,0.109375,0.0,0.5156249999999996,0.51875,0.3690945904365003,0.05060025515800567,0.21758450625846712,0.05,-1.1,8.700000000000001,4.0,16.0,0,0,3,0,27,23,0,0,11,0
2000176,1.0,0.05,0.75,-0.4118593749999995,-0.39999999999999947,0.011859375000000009,-6,11.859375,3.046875,0.109375,0.015625,0.0,0.5687500000000003,0.6171874999999993,0.9465318084951253,0.05000453563145388,0.9463292441432599,0.05,-0.3999999999999999,0.0,3.0,5.0,0,0,0,0,0,14,0,10,40,0
2000177,0.0,0.05,0.75,7.389546875000001,7.4,0.010453125000000004,-8,10.453125,2.390625,0.234375,0.109375,0.0,0.5093749999999996,0.4273437500000004,0.3547805060168723,0.051689801028416936,0.0904306541762239,0.049999999999999996,-0.7,8.1,3.0,19.0,0,21,11,0,8,23,0,0,1,0
2000178,0.0,0.05,0.75,7.247703125000002,7.250000000000002,0.0022968750000000003,-4,2.296875,0.953125,0.1875,0.125,0.0,0.6000000000000006,0.35703125000000024,0.016208632527149373,0.05119443446679938,4.186499744399309e-05,0.05,-0.49999999999999994,7.750000000000002,7.0,13.0,0,0,61,0,0,3,0,0,0,0
2000179,1.0,0.05,0.75,1.2948281249999998,1.2999999999999998,0.005171875000000003,-4,5.171875,1.859375,0.125,0.0625,0.0,0.5312499999999998,0.52109375,0.4302140859521888,0.05000362257620094,0.3225371996153161,0.05,-1.4,2.7,6.0,6.0,0,0,0,0,22,33,0,0,9,0
2000180,0.0,0.05,0.75,4.4449375,4.45,0.005062500000000003,-4,5.0625,1.59375,0.140625,0.078125,0.0,0.5312499999999998,0.4648437500000002,0.36542076044937755,0.050005106757690015,0.13471826727913436,0.05,-0.2,4.65,1.0,13.0,0,6,9,0,16,33,0,0,0,0
2000181,0.0,0.05,0.75,4.593765625,4.6,0.006234375000000003,-1,6.234375,1.796875,0.15625,0.140625,0.0,0.5249999999999997,0.5562499999999996,0.6119666366015625,0.05031778278723623,0.20305607409239104,0.049999999999999996,-1.6,6.2,5.0,14.0,0,0,0,0,5,35,0,19,5,0
2000182,0.0,0.05,0.75,5.1955937500000005,5.2,0.004406250000000003,-2,4.40625,1.84375,0.15625,0.125,0.0,0.5031249999999995,0.5515625,0.43852568537545955,0.05010687308379676,0.1815318596672697,0.05,-0.7,5.9,3.0,15.0,0,0,0,0,28,14,0,3,19,0
2000183,1.0,0.05,0.75,2.140531250000002,2.150000000000002,0.009468750000000007,-6,9.46875,2.59375,0.21875,0.125,0.0,0.48749999999999916,0.5046875000000001,0.3943207395685338,0.05431105577479759,0.1511483641175882,0.05,-0.19999999999999996,2.3500000000000014,1.0,21.0,0,0,3,0,35,21,0,1,4,0
2000184,1.0,0.05,0.75,4.0988125,4.1000000000000005,0.0011875000000000008,0,1.1875,0.84375,0.140625,0.140625,0.0,0.5281249999999997,0.6335937499999994,0.7058836323716918,0.050139471319148976,0.5543769269623174,0.049999999999999996,-0.3999999999999999,4.499999999999998,2.0,16.0,0,0,0,0,0,7,0,23,34,0
2000185,1.0,0.05,0.75,1.239484374999999,1.2499999999999991,0.010515625000000006,-4,10.515625,2.671875,0.125,0.0625,0.0,0.5656250000000003,0.5351562499999998,0.5200968169838404,0.05000431495675231,0.44381732905924115,0.05,-0.7,1.9500000000000004,3.0,9.0,0,0,0,0,2,47,0,9,6,0
2000186,0.0,0.05,0.75,2.846859375,2.85,0.0031406250000000024,0,3.140625,1.546875,0.078125,0.078125,0.0,0.6000000000000006,0.6476562499999993,0.8239081110355091,0.05000159574468976,0.8105760585252625,0.05,-0.35000000000000003,3.2,1.0,9.0,0,0,0,0,0,1,0,0,63,0
2000187,1.0,0.05,0.75,2.597343749999999,2.5999999999999988,0.0026562500000000015,-4,2.65625,1.25,0.171875,0.109375,0.0,0.5343749999999998,0.6124999999999994,0.8598344810266502,0.05088628723267292,0.8302582221936645,0.05,-0.44999999999999996,3.0499999999999994,3.0,15.0,0,0,0,0,0,16,0,21,27,0
2000188,1.0,0.05,0.75,2.8458124999999996,2.8499999999999996,0.004187500000000003,0,4.1875,1.90625,0.078125,0.078125,0.0,0.6000000000000006,0.6476562499999993,0.8239081110355096,0.050001595744689764,0.8105760585252626,0.05,-0.15000000000000013,2.9999999999999996,3.0,7.0,0,0,0,0,0,1,0,0,63,0
2000189,1.0,0.05,0.75,2.9406249999999994,2.9499999999999993,0.009375000000000007,-4,9.375,2.59375,0.171875,0.109375,0.0,0.546875,0.5234375,0.4220265158042363,0.05042820851064755,0.18678465999431051,0.05000000000000001,-1.0999999999999999,4.05,5.0,13.0,0,0,0,0,14,40,0,3,7,0
2000190,0.0,0.05,0.75,3.7471562499999997,3.7499999999999996,0.0028437500000000012,-2,2.84375,1.3125,0.09375,0.0625,0.0,0.5718750000000004,0.6195312499999993,0.770779940794274,0.05000146298764489,0.7606304452476244,0.05,-0.7000000000000001,4.449999999999999,2.0,8.0,0,0,0,0,0,13,0,9,42,0
2000191,1.0,0.05,0.75,2.4424843750000003,2.45,0.007515625000000003,0,7.515625,2.390625,0.078125,0.078125,0.0,0.5968750000000007,0.6171874999999993,0.6353818522542943,0.05000057647066336,0.595936059710714,0.05,-0.25,2.6999999999999993,2.0,8.0,0,0,0,0,0,14,0,1,49,0
2000192,0.0,0.05,0.75,5.490609375,5.5,0.009390625000000005,-4,9.390625,2.578125,0.140625,0.078125,0.0,0.55,0.5585937499999996,0.6523674442351579,0.05002300126421298,0.5798449514743487,0.05,0.0,5.5,0.0,14.0,0,0,1,0,0,37,0,16,10,0
2000193,0.0,0.05,0.75,4.898031250000001,4.9,0.001968750000000001,-1,1.96875,1.03125,0.15625,0.140625,0.0,0.5062499999999994,0.5046875,0.45379481314185327,0.050263713728731216,0.048628180081527556,0.05,-0.7,5.600000000000001,3.0,16.0,0,0,0,0,30,32,0,0,2,0
2000194,0.0,0.05,0.75,3.747359375,3.75,0.0026406250000000015,-1,2.640625,1.265625,0.109375,0.09375,0.0,0.5468750000000001,0.5328124999999999,0.46365782642154485,0.050004843531937064,0.19212584810649286,0.05,-1.1500000000000001,4.9,4.0,9.0,0,0,0,0,15,35,0,2,12,0
2000195,1.0,0.05,0.75,0.09196874999999964,0.09999999999999964,0.008031250000000005,-4,8.03125,2.40625,0.078125,0.015625,0.0,0.6000000000000008,0.5984374999999993,0.9414909914577959,0.050000886345597954,0.9405514010713835,0.05,-0.050000000000000044,0.1499999999999999,1.0,5.0,0,0,0,0,0,22,0,0,42,0
2000196,1.0,0.05,0.75,0.37092187499999857,0.3999999999999986,0.029078124999999986,-9,29.078125,4.796875,0.234375,0.09375,0.0,0.5343749999999999,0.4835937500000001,0.38973473600007835,0.05573693848065116,0.24466088292488772,0.05,-1.2,1.5999999999999992,5.0,16.0,0,0,14,0,21,22,0,0,7,0
2000197,1.0,0.05,0.75,0.947437500000001,0.9500000000000011,0.002562500000000001,-5,2.5625,1.25,0.15625,0.078125,0.0,0.48437499999999906,0.5257812500000001,0.4580324770347525,0.05001881142134357,0.35459922052943404,0.05000000000000001,0.0,0.9500000000000002,0.0,15.0,0,0,0,0,37,16,0,0,11,0
2000198,1.0,0.05,0.75,2.1934375000000004,2.2,0.006562500000000004,-3,6.5625,2.21875,0.125,0.078125,0.0,0.5937500000000007,0.6078124999999993,0.8928776331356006,0.05003881712856196,0.8750005320868247,0.05000000000000001,-0.7,2.9,6.0,7.0,0,0,0,0,0,18,0,2,44,0
2000199,0.0,0.05,0.75,4.499187500000001,4.500000000000001,0.0008125000000000005,-1,0.8125,0.6875,0.140625,0.125,0.0,0.4656249999999992,0.509375,0.4169195456907673,0.05006541370183575,0.06585128973301181,0.05000000000000001,-0.8999999999999999,5.400000000000001,3.0,14.0,0,0,0,0,43,17,0,0,4,0
2000200,1.0,0.05,0.75,0.9844687500000009,1.0000000000000009,0.01553125000000001,-4,15.53125,3.53125,0.109375,0.046875,0.0,0.6000000000000006,0.6265624999999992,0.9198082707320477,0.050007198474650655,0.9184129425004902,0.05,-0.15000000000000013,1.15,3.0,7.0,0,0,0,0,0,10,0,0,54,0
2000201,0.0,0.05,0.75,2.3952499999999994,2.3999999999999995,0.004750000000000003,3,4.75,1.90625,0.09375,0.140625,0.0,0.55625,0.5796874999999997,0.23941653284182293,0.050161255911051285,0.031541185421824734,0.05,-2.2499999999999996,4.65,8.0,7.0,0,6,1,0,1,15,0,7,34,0
2000202,1.0,0.05,0.75,0.2812656250000007,0.3000000000000007,0.018734375000000008,-7,18.734375,3.609375,0.15625,0.046875,0.0,0.5812500000000005,0.5539062499999995,0.8977359656206447,0.05008497852120849,0.8906803508656467,0.05,-0.6499999999999999,0.95,5.0,8.0,0,0,6,0,0,29,0,6,23,0
2000203,0.0,0.05,0.75,4.297734375000001,4.300000000000001,0.0022656250000000016,-1,2.265625,1.296875,0.140625,0.125,0.0,0.5249999999999997,0.49062499999999987,0.6391062787677116,0.05010277908415327,0.07990418153511648,0.05,-1.2000000000000002,5.500000000000001,5.0,12.0,0,1,9,0,22,26,0,1,5,0
2000204,0.0,0.05,0.75,6.097031250000001,6.1000000000000005,0.0029687500000000018,-3,2.96875,1.40625,0.15625,0.109375,0.0,0.5625000000000002,0.5796874999999995,0.6250948975895807,0.05020423016336956,0.489208421163843,0.05,-1.4500000000000002,7.55,5.0,12.0,0,0,0,0,0,30,0,12,22,0
2000205,0.0,0.05,0.75,6.094781249999999,6.099999999999999,0.005218750000000003,-4,5.21875,1.90625,0.15625,0.09375,0.0,0.5656250000000003,0.5445312499999998,0.37936874243880425,0.050035566914165115,0.26985462325959314,0.05000000000000001,-0.75,6.85,3.0,13.0,0,0,0,0,6,39,0,5,14,0
2000206,0.0,0.05,0.75,5.294421874999999,5.3,0.005578125000000004,-5,5.578125,1.828125,0.125,0.046875,0.0,0.5562500000000004,0.5,0.631299731676395,0.05000515913087823,0.5184640698958927,0.05,-0.5,5.8,2.0,9.0,0,0,0,0,14,50,0,0,0,0
2000207,0.0,0.05,0.75,4.496499999999999,4.499999999999999,0.0035000000000000022,-2,3.5,1.6875,0.109375,0.078125,0.0,0.5843750000000004,0.6429687499999993,0.900769617284828,0.05001598489718217,0.8945704908962636,0.05000000000000002,-0.7000000000000001,5.2,2.0,10.0,0,0,0,0,0,3,0,5,56,0
2000208,1.0,0.05,0.75,1.4438750000000002,1.4500000000000002,0.006125000000000005,-4,6.125,2.3125,0.109375,0.046875,0.0,0.6000000000000006,0.6476562499999993,0.9847387780895617,0.050044971519276345,0.9844726478224439,0.05000000000000001,-0.20000000000000018,1.6499999999999997,4.0,6.0,0,0,0,0,0,1,0,0,63,0
2000209,1.0,0.05,0.75,2.6314218750000005,2.6500000000000004,0.018578125000000008,-7,18.578125,3.703125,0.203125,0.09375,0.0,0.6000000000000008,0.6101562499999993,0.9989171695418995,0.17619856691207844,0.9972776417774128,0.049999999999999996,-0.6000000000000003,3.2499999999999996,9.0,10.0,0,0,2,0,0,13,0,0,49,0
2000210,0.0,0.05,0.75,11.161515625000002,11.200000000000001,0.03848437500000001,-12,38.484375,5.359375,0.28125,0.09375,0.0,0.5437499999999998,0.45078125000000024,0.38949291415184334,0.08278181847044208,0.20729499505615065,0.049999999999999996,-0.75,11.95,4.0,20.0,0,0,23,0,18,21,0,0,2,0
2000211,1.0,0.05,0.75,3.3490937499999993,3.349999999999999,0.0009062500000000004,0,0.90625,0.75,0.109375,0.109375,0.0,0.5750000000000006,0.6312499999999993,0.7406680358411791,0.05001064647567708,0.6690712118355753,0.05,-0.050000000000000044,3.4,1.0,13.0,0,0,0,0,2,6,0,6,50,0
2000212,0.0,0.05,0.75,6.396343750000001,6.4,0.0036562500000000024,-3,3.65625,1.75,0.203125,0.15625,0.0,0.4968749999999996,0.5257812500000001,0.5356205660561598,0.0537362298913019,0.11160410549576905,0.05,-1.0,7.4,3.0,20.0,0,0,4,0,33,12,0,0,15,0
2000213,0.0,0.05,0.75,5.046500000000003,5.0500000000000025,0.003500000000000002,-1,3.5,1.4375,0.171875,0.15625,0.0,0.4687499999999992,0.51171875,0.43910351207687215,0.050734845598068616,0.04158478110140476,0.04999999999999999,-1.4500000000000002,6.500000000000002,5.0,16.0,0,0,0,0,42,17,0,0,5,0
2000214,0.0,0.05,0.75,9.719421875,9.75,0.030578125000000022,-10,30.578125,4.734375,0.28125,0.125,0.0,0.49687499999999923,0.4062500000000006,0.03074447427167293,0.0529821771723434,0.003458041044066433,0.05,-0.6499999999999999,10.4,5.0,21.0,0,29,13,0,4,16,0,0,2,0
2000215,1.0,0.05,0.75,1.3443906250000002,1.35,0.005609375000000003,-1,5.609375,1.984375,0.0625,0.046875,0.0,0.5937500000000007,0.6031249999999994,0.6254077208556327,0.050000091507517386,0.6104961496914904,0.05000000000000001,-0.25,1.5999999999999999,2.0,5.0,0,0,0,0,0,20,0,2,42,0
2000216,1.0,0.05,0.75,0.8896250000000003,0.9000000000000004,0.010375000000000004,-6,10.375,2.46875,0.15625,0.0625,0.0,0.5781250000000003,0.5703124999999996,0.7721667665358674,0.05005811975823152,0.7548586345248351,0.05,-0.5499999999999998,1.4500000000000002,3.0,11.0,0,0,0,0,0,34,0,7,23,0
2000217,0.0,0.05,0.75,4.296140625,4.3,0.0038593750000000026,0,3.859375,1.609375,0.15625,0.15625,0.0,0.5218749999999996,0.5632812499999997,0.4970053688646846,0.050343176675675394,0.11386289119626034,0.049999999999999996,-1.35,5.65,4.0,16.0,0,0,0,0,17,20,0,8,19,0
2000218,1.0,0.05,0.75,2.236718750000002,2.2500000000000018,0.013281250000000008,-6,13.28125,3.25,0.171875,0.078125,0.0,0.6000000000000006,0.6195312499999993,0.996814407127111,0.06376026190410482,0.9961773619342585,0.05,-0.7000000000000002,2.9499999999999997,8.0,8.0,0,0,0,0,0,13,0,0,51,0
2000219,1.0,0.05,0.75,0.3867968750000004,0.40000000000000036,0.013203125000000008,-5,13.203125,3.015625,0.109375,0.03125,0.0,0.5968750000000007,0.6007812499999993,0.9525657562942802,0.05000869988016552,0.9514297543452108,0.05,-0.5,0.8999999999999999,4.0,5.0,0,0,0,0,0,21,0,1,42,0
2000220,1.0,0.05,0.75,1.1431249999999986,1.1499999999999986,0.006875000000000003,-5,6.875,2.0625,0.140625,0.0625,0.0,0.5843750000000004,0.5234374999999999,0.6344235300958598,0.05002693507308632,0.5413130976089563,0.05,-0.9999999999999998,2.1500000000000004,5.0,8.0,0,0,0,0,0,54,0,5,5,0
2000221,1.0,0.05,0.75,0.3425000000000005,0.35000000000000053,0.007500000000000005,-6,7.5,2.34375,0.140625,0.046875,0.0,0.5562500000000001,0.5773437499999996,0.8803236985747427,0.05002298867635334,0.8757917787554518,0.05,-0.9999999999999998,1.3499999999999999,6.0,6.0,0,0,0,0,0,31,0,14,19,0
2000222,0.0,0.05,0.75,6.343437500000001,6.350000000000001,0.006562500000000004,-4,6.5625,2.3125,0.171875,0.109375,0.0,0.5499999999999999,0.5445312499999998,0.5437662470901796,0.0503158429395588,0.34369491783304806,0.05,-0.55,6.900000000000001,2.0,16.0,0,0,0,0,7,38,0,9,10,0
2000223,0.0,0.05,0.75,6.991609374999999,6.999999999999998,0.008390625000000006,-6,8.390625,2.359375,0.203125,0.109375,0.0,0.5218749999999996,0.3593750000000003,0.25200177169051663,0.051864842370515404,0.0035783558397428426,0.05,-0.8499999999999999,7.849999999999998,4.0,16.0,0,25,36,0,0,2,0,0,1,0
2000224,0.0,0.05,0.75,4.849140625,4.8500000000000005,0.0008593750000000004,-3,0.859375,0.640625,0.140625,0.09375,0.0,0.47499999999999915,0.50234375,0.5031035809848895,0.05002532637043153,0.1928966526725907,0.05000000000000001,-0.5,5.350000000000001,2.0,13.0,0,0,1,0,40,21,0,0,2,0
2000225,1.0,0.05,0.75,0.09337499999999964,0.09999999999999964,0.006625000000000005,-4,6.625,2.15625,0.078125,0.015625,0.0,0.6000000000000008,0.6031249999999994,0.941338006995778,0.05000088224795415,0.9405514010713835,0.05,-0.19999999999999996,0.2999999999999998,1.0,5.0,0,0,0,0,0,20,0,0,44,0
2000226,0.0,0.05,0.75,7.344109375000001,7.350000000000001,0.0058906250000000035,-5,5.890625,1.796875,0.21875,0.140625,0.0,0.47187499999999916,0.48828125,0.41613811742363105,0.05483487869245902,0.08344695372180824,0.05000000000000001,-1.5000000000000002,8.850000000000001,6.0,17.0,0,0,5,0,41,18,0,0,0,0
2000227,0.0,0.05,0.75,8.4401875,8.450000000000001,0.009812500000000007,-6,9.8125,2.5625,0.234375,0.140625,0.0,0.48749999999999916,0.53046875,0.3754069954088835,0.0588608774012764,0.1688584402126726,0.05000000000000001,-1.6,10.049999999999997,6.0,18.0,0,0,0,0,33,18,0,3,10,0
2000228,0.0,0.05,0.75,3.8488437500000003,3.8500000000000005,0.0011562500000000006,-2,1.15625,0.8125,0.109375,0.078125,0.0,0.48437499999999917,0.50703125,0.5114490089705052,0.05000303949325579,0.22627472281937666,0.05,-0.8500000000000001,4.7,3.0,9.0,0,0,0,0,37,24,0,0,3,0
2000229,0.0,0.05,0.75,6.844000000000001,6.850000000000001,0.006000000000000003,-4,6.0,1.8125,0.203125,0.140625,0.0,0.5062499999999995,0.5257812500000001,0.41849564105954684,0.05215646961839837,0.12097230370469607,0.05,-0.5,7.350000000000001,2.0,20.0,0,0,0,0,27,26,0,3,8,0
2000230,1.0,0.05,0.75,0.6398750000000003,0.6500000000000004,0.010125000000000007,-5,10.125,2.875,0.109375,0.03125,0.0,0.6000000000000008,0.6312499999999993,0.9829723662785564,0.050024626940385446,0.9827792677333473,0.05,-0.15000000000000013,0.7999999999999998,3.0,6.0,0,0,0,0,0,8,0,0,56,0
2000231,0.0,0.05,0.75,4.1988593750000005,4.2,0.0011406250000000006,-1,1.140625,0.828125,0.140625,0.125,0.0,0.49374999999999936,0.5515625,0.4984763944881994,0.05004535218355828,0.19281346958508133,0.05000000000000001,-0.95,5.150000000000001,3.0,14.0,0,0,0,0,31,11,0,3,19,0
2000232,0.0,0.05,0.75,5.0971406250000015,5.100000000000001,0.0028593750000000017,-1,2.859375,1.453125,0.171875,0.15625,0.0,0.47499999999999915,0.47890625,0.5577318916075122,0.05105715447077382,0.031049306073738805,0.05,-1.1,6.200000000000002,4.0,17.0,0,0,9,0,40,15,0,0,0,0
2000233,0.0,0.05,0.75,7.435421874999999,7.449999999999999,0.014578125000000011,-6,14.578125,3.234375,0.171875,0.078125,0.0,0.5875000000000006,0.53046875,0.5312629769127843,0.05015187399848157,0.4451572461748672,0.05,-0.55,7.999999999999999,2.0,14.0,0,0,0,0,2,49,0,2,11,0
2000234,1.0,0.05,0.75,0.9433749999999997,0.9499999999999997,0.006625000000000004,-3,6.625,2.3125,0.09375,0.046875,0.0,0.5875000000000006,0.6148437499999992,0.7456615756044299,0.05000073537422369,0.7409489425573588,0.05,-0.19999999999999996,1.15,1.0,8.0,0,0,0,0,0,15,0,4,45,0
2000235,1.0,0.05,0.75,3.19709375,3.2,0.0029062500000000013,-3,2.90625,1.375,0.1875,0.140625,0.0,0.5218749999999996,0.53515625,0.5425209067340931,0.05170607195325267,0.16988572834716836,0.05,-1.4,4.6000000000000005,6.0,15.0,0,0,0,0,22,27,0,3,12,0
2000236,0.0,0.05,0.75,6.348656250000001,6.350000000000001,0.0013437500000000005,0,1.34375,0.90625,0.203125,0.203125,0.0,0.5218749999999996,0.5609374999999999,0.46231326589046046,0.08675668743250263,0.032755521236049114,0.05,-1.4000000000000001,7.75,5.0,21.0,0,0,0,0,23,15,0,2,24,0
2000237,1.0,0.05,0.75,1.2920781250000006,1.3000000000000007,0.007921875000000004,-5,7.921875,2.265625,0.15625,0.078125,0.0,0.5374999999999999,0.509375,0.434363506148338,0.05003724401035736,0.2800998650204436,0.05000000000000001,-0.5,1.8,2.0,13.0,0,0,0,0,20,40,0,0,4,0
2000238,0.0,0.05,0.75,7.097359374999999,7.099999999999999,0.0026406250000000015,-1,2.640625,1.484375,0.1875,0.171875,0.0,0.6000000000000006,0.35234375000000023,0.0007796896701306161,0.17606215879339837,2.959540869389324e-07,0.05,-0.5999999999999999,7.7,9.0,14.0,0,0,63,0,0,1,0,0,0,0
2000239,1.0,0.05,0.75,1.8915781250000003,1.9000000000000004,0.008421875000000006,-4,8.421875,2.703125,0.125,0.0625,0.0,0.6000000000000006,0.6406249999999992,0.9823315689561847,0.05013504621471224,0.9816447547204411,0.05,-0.2500000000000002,2.1499999999999995,5.0,7.0,0,0,0,0,0,4,0,0,60,0
2000240,1.0,0.05,0.75,2.5840468750000025,2.6000000000000023,0.01595312500000001,-2,15.953125,3.578125,0.109375,0.078125,0.0,0.6000000000000006,0.6335937499999993,0.9395405224740051,0.05002782240488991,0.9328578871414701,0.049999999999999996,-0.15000000000000013,2.7499999999999996,3.0,9.0,0,0,0,0,0,7,0,0,57,0
2000241,1.0,0.05,0.75,0.9950156249999995,0.9999999999999996,0.0049843750000000036,-3,4.984375,1.859375,0.109375,0.0625,0.0,0.5593750000000002,0.5656249999999996,0.6362352058358505,0.05000136870395326,0.5976815716597285,0.05,0.0,1.0000000000000002,0.0,11.0,0,0,0,0,0,36,0,13,15,0
2000242,0.0,0.05,0.75,2.3974374999999997,2.3999999999999995,0.0025625000000000014,0,2.5625,1.3125,0.078125,0.078125,0.0,0.5562500000000001,0.5210937499999999,0.5375741281112865,0.05000063741547291,0.22553221772608428,0.05,-0.65,3.05,2.0,8.0,0,0,0,0,7,48,0,7,2,0
2000243,0.0,0.05,0.75,3.8952968750000014,3.9000000000000012,0.0047031250000000024,1,4.703125,1.734375,0.140625,0.15625,0.0,0.5656250000000003,0.5914062499999994,0.6948755097361364,0.050279469686639836,0.26165835218663447,0.05000000000000001,-0.9000000000000001,4.800000000000002,3.0,16.0,0,0,5,0,0,15,0,11,33,0
2000244,0.0,0.05,0.75,4.147984375000001,4.150000000000001,0.0020156250000000014,0,2.015625,1.265625,0.140625,0.140625,0.0,0.4937499999999992,0.5046875,0.47002358542780165,0.05013532258230401,0.04362453402539808,0.05,-0.5,4.650000000000001,2.0,16.0,0,0,3,0,34,22,0,0,5,0
2000245,0.0,0.05,0.75,3.2465,3.25,0.0035000000000000014,0,3.5,1.46875,0.109375,0.109375,0.0,0.5562500000000001,0.4531250000000002,0.49079740292352003,0.05000812393461619,0.026859123471290658,0.05,-0.6000000000000001,3.8500000000000005,3.0,11.0,0,5,15,0,9,35,0,0,0,0
2000246,0.0,0.05,0.75,6.639359375000002,6.650000000000002,0.010640625000000006,-6,10.640625,2.796875,0.1875,0.09375,0.0,0.47187499999999916,0.46015624999999993,0.36282705970539364,0.05029269867950144,0.10700077176646922,0.05,-0.6499999999999999,7.300000000000002,3.0,15.0,0,2,15,0,39,8,0,0,0,0
2000247,1.0,0.05,0.75,3.2913125000000023,3.3000000000000025,0.008687500000000006,-1,8.6875,2.6875,0.125,0.109375,0.0,0.5875000000000005,0.6195312499999992,0.6646703653083679,0.05002126346943803,0.5853604460115213,0.05,-0.050000000000000044,3.3499999999999996,1.0,14.0,0,0,0,0,0,13,0,4,47,0
2000248,0.0,0.05,0.75,4.696015625,4.7,0.003984375000000002,-1,3.984375,1.515625,0.15625,0.140625,0.0,0.46874999999999933,0.51171875,0.40737230361103083,0.050195918153230316,0.053312491887036,0.05,-0.7,5.4,3.0,16.0,0,0,0,0,42,17,0,0,5,0
2000249,1.0,0.05,0.75,1.1339687500000004,1.1500000000000004,0.016031250000000007,-6,16.03125,3.25,0.15625,0.0625,0.0,0.5812500000000005,0.5937499999999994,0.9047985589423093,0.05015130881213556,0.8997104264223026,0.05,-0.050000000000000044,1.2000000000000002,1.0,13.0,0,0,0,0,0,24,0,6,34,0
2000250,0.0,0.05,0.75,4.698796875,4.7,0.0012031250000000009,-2,1.203125,0.890625,0.140625,0.109375,0.0,0.5156249999999996,0.509375,0.3801863269754126,0.05002840632252194,0.09875487616294215,0.05,-1.5000000000000002,6.200000000000001,6.0,10.0,0,0,0,0,27,33,0,0,4,0
2000251,1.0,0.05,0.75,1.4444062499999983,1.4499999999999984,0.005593750000000004,-4,5.59375,2.09375,0.140625,0.078125,0.0,0.5531250000000001,0.5679687499999997,0.6377697248827903,0.05001693563016711,0.5893393858613343,0.05,0.0,1.4500000000000004,0.0,14.0,0,0,0,0,0,35,0,15,14,0
2000252,0.0,0.05,0.75,6.249156250000002,6.250000000000002,0.0008437500000000002,-3,0.84375,0.59375,0.1875,0.140625,0.0,0.4874999999999991,0.53046875,0.44545559121325445,0.05105261643876366,0.11893225427751503,0.05000000000000001,-1.05,7.300000000000002,4.0,17.0,0,0,0,0,36,15,0,0,13,0
2000253,0.0,0.05,0.75,3.74459375,3.75,0.005406250000000004,3,5.40625,2.1875,0.109375,0.15625,0.0,0.6000000000000008,0.3593750000000003,0.009258845439414578,0.05637397487612876,1.5698670748444796e-06,0.05,-0.5999999999999999,4.35,9.0,8.0,0,0,60,0,0,4,0,0,0,0
2000254,0.0,0.05,0.75,7.197000000000002,7.200000000000002,0.003000000000000001,-4,3.0,1.15625,0.21875,0.15625,0.0,0.4718749999999992,0.5140625,0.4846786157688235,0.05978693382925934,0.086614810412299,0.05,-1.35,8.55,5.0,19.0,0,0,1,0,40,16,0,1,6,0
2000255,1.0,0.05,0.75,0.5927968749999997,0.5999999999999996,0.007203125000000004,-7,7.203125,2.203125,0.171875,0.0625,0.0,0.5843750000000004,0.5140625,0.5881028135418365,0.05010736902830765,0.5173846689760383,0.05000000000000002,0.0,0.6000000000000003,0.0,15.0,0,0,0,0,5,53,0,0,6,0
2000256,1.0,0.05,0.75,0.8960156250000003,0.9000000000000004,0.003984375000000003,-3,3.984375,1.859375,0.078125,0.03125,0.0,0.6000000000000006,0.6406249999999992,0.9466942790751146,0.0500015913307369,0.9461697650317122,0.05,-0.15000000000000013,1.0499999999999998,3.0,4.0,0,0,0,0,0,4,0,0,60,0
2000257,1.0,0.05,0.75,2.1968906249999987,2.199999999999999,0.0031093750000000023,-1,3.109375,1.671875,0.078125,0.0625,0.0,0.6000000000000006,0.6406249999999992,0.8784208972052338,0.05000156273872834,0.8726616993374882,0.05,-0.15000000000000013,2.3499999999999996,3.0,6.0,0,0,0,0,0,4,0,0,60,0
2000258,1.0,0.05,0.75,0.673578125000001,0.7000000000000011,0.026421875000000004,-7,26.421875,4.671875,0.140625,0.03125,0.0,0.6000000000000006,0.6453124999999993,0.9983197027676767,0.0512012292073581,0.998298097770746,0.05000000000000001,-0.40000000000000013,1.0999999999999996,5.0,6.0,0,0,0,0,0,2,0,0,62,0
2000259,0.0,0.05,0.75,6.096500000000001,6.1000000000000005,0.0035000000000000014,-4,3.5,1.3125,0.1875,0.125,0.0,0.4687499999999992,0.48124999999999996,0.40629027783598715,0.05046359789403353,0.08293256379977637,0.049999999999999996,-0.3,6.400000000000001,1.0,19.0,0,0,8,0,42,14,0,0,0,0
2000260,0.0,0.05,0.75,10.1675625,10.200000000000001,0.03243750000000001,-13,32.4375,4.21875,0.28125,0.078125,0.0,0.5093749999999995,0.35234375000000023,0.2007820260486765,0.0685298575086036,0.02565577517665874,0.049999999999999996,-0.04999999999999999,10.250000000000002,1.0,22.0,0,29,34,0,0,1,0,0,0,0
2000261,0.0,0.05,0.75,7.987796875000002,8.000000000000002,0.012203125000000009,-7,12.203125,3.046875,0.203125,0.09375,0.0,0.6000000000000006,0.35234375000000023,0.08622924885037678,0.05086770631042016,0.0013627080954863808,0.05,-0.09999999999999998,8.100000000000001,2.0,17.0,0,0,63,0,0,1,0,0,0,0
2000262,0.0,0.05,0.75,3.8991718750000004,3.9000000000000004,0.0008281250000000005,-1,0.828125,0.640625,0.125,0.109375,0.0,0.48749999999999916,0.5,0.49345988541009167,0.050016710216472575,0.09675008046175627,0.05,-0.6,4.500000000000001,2.0,13.0,0,0,0,0,36,28,0,0,0,0
2000263,0.0,0.05,0.75,6.845281250000001,6.850000000000001,0.004718750000000002,-4,4.71875,1.65625,0.203125,0.140625,0.0,0.4906249999999992,0.50234375,0.3940501308388713,0.05208175232307402,0.07862821638062109,0.05000000000000001,-0.8,7.650000000000001,3.0,19.0,0,0,1,0,35,26,0,0,2,0
2000264,0.0,0.05,0.75,3.7495000000000007,3.750000000000001,0.0005000000000000003,-1,0.5,0.5,0.125,0.109375,0.0,0.47187499999999916,0.5046875,0.4900213853595838,0.05001453774836324,0.10527973484823751,0.05,-0.75,4.500000000000001,3.0,12.0,0,0,1,0,41,19,0,0,3,0
2000265,1.0,0.05,0.75,1.1408281249999994,1.1499999999999995,0.009171875000000006,-6,9.171875,2.421875,0.171875,0.078125,0.0,0.5406249999999999,0.6054687499999993,0.8815227697263344,0.05028098257691739,0.8757917787554514,0.05,-0.5499999999999998,1.7,4.0,12.0,0,0,0,0,0,19,0,19,26,0
2000266,0.0,0.05,0.75,4.447859375000002,4.450000000000002,0.0021406250000000015,0,2.140625,1.265625,0.15625,0.15625,0.0,0.48749999999999916,0.5281250000000001,0.36045069489383436,0.05048800106784578,0.037069673643712775,0.05000000000000001,-1.7500000000000002,6.200000000000002,6.0,14.0,0,0,2,0,36,12,0,0,14,0
2000267,1.0,0.05,0.75,2.548640625,2.55,0.0013593750000000008,0,1.359375,0.921875,0.09375,0.09375,0.0,0.5281249999999997,0.5609374999999996,0.5425371058310945,0.05000178424876108,0.3198137519568406,0.05,0.0,2.5500000000000007,0.0,12.0,0,0,0,0,4,34,0,19,7,0
2000268,0.0,0.05,0.75,2.648203125,2.6500000000000004,0.0017968750000000012,2,1.796875,1.046875,0.109375,0.140625,0.0,0.49999999999999933,0.50703125,0.5271771212843355,0.050039634106821766,0.0336957878056357,0.05,-0.8,3.450000000000001,3.0,13.0,0,0,0,0,32,29,0,0,3,0
2000269,1.0,0.05,0.75,-0.11510937499999965,-0.09999999999999964,0.01510937500000001,-5,15.109375,3.296875,0.09375,0.015625,0.0,0.5937500000000007,0.6078124999999993,0.9556904948809077,0.05000254902066431,0.9553024114384338,0.05,-0.5,0.3999999999999999,4.0,3.0,0,0,0,0,0,18,0,2,44,0
2000270,0.0,0.05,0.75,6.0971093750000005,6.1000000000000005,0.0028906250000000017,-4,2.890625,1.234375,0.171875,0.109375,0.0,0.5093749999999997,0.4390625,0.4169019714216575,0.050406943614092405,0.029380234423956354,0.05,-0.8500000000000001,6.95,5.0,13.0,0,11,15,0,18,20,0,0,0,0
2000271,0.0,0.05,0.75,3.49596875,3.5,0.004031250000000003,-3,4.03125,1.5,0.078125,0.03125,0.0,0.5906250000000006,0.5421874999999998,0.6329800987875305,0.05000016427917235,0.5979042294489652,0.05,0.0,3.5,0.0,7.0,0,0,0,0,0,46,0,3,15,0
2000272,0.0,0.05,0.75,4.098421875000001,4.100000000000001,0.001578125000000001,-1,1.578125,1.046875,0.125,0.109375,0.0,0.5187499999999996,0.51875,0.35565800297569516,0.05001581316525449,0.08860634106767809,0.05000000000000001,-0.3,4.400000000000001,1.0,14.0,0,1,1,0,25,27,0,0,10,0
2000273,1.0,0.05,0.75,1.8439687500000006,1.8500000000000005,0.006031250000000003,-4,6.03125,1.90625,0.140625,0.078125,0.0,0.55,0.6031249999999994,0.8200266467741112,0.05004429478979952,0.8063448431375149,0.05,-0.1499999999999999,2.0,1.0,13.0,0,0,0,0,0,20,0,16,28,0
2000274,1.0,0.05,0.75,2.246906249999999,2.249999999999999,0.003093750000000002,-1,3.09375,1.5625,0.09375,0.078125,0.0,0.5750000000000004,0.6289062499999993,0.6831319532364406,0.050001299516840826,0.6658143941529948,0.05,-0.44999999999999996,2.6999999999999993,3.0,8.0,0,0,0,0,0,9,0,8,47,0
2000275,1.0,0.05,0.75,2.9877031250000017,3.0000000000000018,0.01229687500000001,-3,12.296875,3.109375,0.140625,0.09375,0.0,0.6000000000000006,0.6312499999999993,0.9715299319398464,0.0505401477646085,0.9657157074180792,0.05,-0.2500000000000002,3.2499999999999996,5.0,10.0,0,0,0,0,0,8,0,0,56,0
2000276,1.0,0.05,0.75,0.9411718750000002,0.9500000000000002,0.008828125000000006,-5,8.828125,2.609375,0.125,0.046875,0.0,0.6000000000000006,0.6007812499999993,0.9659982560928934,0.050042711770639035,0.964356908971931,0.05,-0.3500000000000001,1.2999999999999998,4.0,7.0,0,0,0,0,0,21,0,0,43,0
2000277,1.0,0.05,0.75,1.5374687500000006,1.5500000000000007,0.01253125000000001,-5,12.53125,2.8125,0.15625,0.078125,0.0,0.5687500000000003,0.5703124999999994,0.8734018976787915,0.050210289997902564,0.8445141643018835,0.05,-0.6499999999999999,2.2,5.0,10.0,0,0,1,0,0,32,0,10,21,0
2000278,1.0,0.05,0.75,4.047249999999999,4.049999999999999,0.0027500000000000016,0,2.75,1.3125,0.125,0.125,0.0,0.5718750000000002,0.6406249999999992,0.7418695168501851,0.050051235443691985,0.6502730299428475,0.05000000000000002,-0.19999999999999996,4.25,2.0,14.0,0,0,0,0,0,4,0,9,51,0
2000279,0.0,0.05,0.75,3.19896875,3.2,0.0010312500000000007,1,1.03125,0.84375,0.125,0.140625,0.0,0.47187499999999916,0.5234375,0.4620887378012621,0.0500638975983277,0.05226580924748237,0.05,-0.65,3.8500000000000005,2.0,15.0,0,0,0,0,41,13,0,0,10,0
2000280,1.0,0.05,0.75,2.998515625,3.0,0.0014843750000000009,-2,1.484375,0.953125,0.140625,0.109375,0.0,0.5531250000000002,0.5890624999999996,0.5129350773331797,0.05003362460573488,0.39224321743421486,0.05,-0.5499999999999998,3.55,3.0,13.0,0,0,0,0,2,24,0,13,25,0
2000281,1.0,0.05,0.75,1.7891718750000007,1.8000000000000007,0.010828125000000006,-5,10.828125,2.765625,0.15625,0.078125,0.0,0.5812500000000004,0.6007812499999993,0.8604413514099299,0.050166449258189236,0.8485236164015412,0.05,-0.3999999999999999,2.2,3.0,12.0,0,0,0,0,0,21,0,6,37,0
2000282,1.0,0.05,0.75,0.466234375,0.5,0.033765625,-8,33.765625,5.046875,0.15625,0.03125,0.0,0.6000000000000008,0.6242187499999993,0.9987738464820745,0.05347884121396733,0.9987395931317835,0.049999999999999996,-0.5000000000000002,0.9999999999999998,7.0,5.0,0,0,0,0,0,11,0,0,53,0
2000283,0.0,0.05,0.75,5.398140625,5.4,0.0018593750000000012,0,1.859375,1.078125,0.15625,0.15625,0.0,0.5750000000000005,0.3687500000000003,0.02320578098901979,0.05777893218824334,1.2291150962662816e-05,0.05000000000000002,-0.5999999999999999,6.0,7.0,13.0,0,8,48,0,0,8,0,0,0,0
2000284,1.0,0.05,0.75,1.8434375,1.85,0.006562500000000005,-2,6.5625,2.4375,0.09375,0.0625,0.0,0.6000000000000006,0.6335937499999993,0.8443560576496066,0.050002401539858486,0.8387936200873054,0.049999999999999996,-0.050000000000000044,1.8999999999999997,1.0,9.0,0,0,0,0,0,7,0,0,57,0
2000285,1.0,0.05,0.75,0.5389531249999998,0.5499999999999998,0.011046875000000008,-6,11.046875,2.765625,0.140625,0.046875,0.0,0.5937500000000006,0.5773437499999996,0.8629146800287189,0.050026834593821845,0.8566849165762302,0.05,-0.6499999999999999,1.2000000000000002,4.0,8.0,0,0,0,0,0,31,0,2,31,0
2000286,0.0,0.05,0.75,6.5879843750000004,6.6000000000000005,0.012015625000000009,-6,12.015625,2.734375,0.140625,0.046875,0.0,0.5750000000000004,0.5867187499999994,0.8709783754845194,0.050029216896722975,0.8665808614730799,0.05000000000000001,-0.55,7.150000000000001,2.0,10.0,0,0,0,0,0,27,0,8,29,0
2000287,1.0,0.05,0.75,1.4422968749999994,1.4499999999999993,0.007703125000000006,-5,7.703125,2.296875,0.15625,0.078125,0.0,0.5593750000000003,0.5,0.44557366016672295,0.05005699264915917,0.2557217388177927,0.05,-0.5,1.95,2.0,13.0,0,0,3,0,13,45,0,0,3,0
2000288,1.0,0.05,0.75,2.088421875000001,2.1000000000000014,0.011578125000000007,-3,11.578125,3.078125,0.109375,0.0625,0.0,0.6000000000000006,0.6148437499999994,0.9504221354541975,0.05002767813939643,0.9455356286524162,0.05,-0.2500000000000002,2.3499999999999996,5.0,6.0,0,0,4,0,0,7,0,0,53,0
2000289,1.0,0.05,0.75,0.13596875000000033,0.15000000000000036,0.01403125000000001,-6,14.03125,3.5625,0.109375,0.015625,0.0,0.6000000000000006,0.6429687499999993,0.9939141247755073,0.050044411737511854,0.993888112939374,0.05000000000000001,-0.40000000000000013,0.5499999999999998,5.0,3.0,0,0,0,0,0,3,0,0,61,0
2000290,0.0,0.05,0.75,6.496,6.5,0.004000000000000003,-4,4.0,1.46875,0.171875,0.109375,0.0,0.6000000000000006,0.35468750000000027,0.11273475068502935,0.05020739868318805,0.00046106115315063727,0.05,-0.19999999999999996,6.700000000000001,4.0,14.0,0,0,62,0,0,2,0,0,0,0
2000291,0.0,0.05,0.75,6.194984375000001,6.200000000000001,0.005015625000000001,-6,5.015625,1.546875,0.171875,0.078125,0.0,0.4968749999999993,0.4648437500000003,0.37721772040560836,0.05005063128350479,0.16256307173206166,0.05,-0.6000000000000001,6.800000000000001,3.0,13.0,0,14,1,0,19,30,0,0,0,0
2000292,0.0,0.05,0.75,6.1426875,6.15,0.007312500000000005,-5,7.3125,2.15625,0.15625,0.078125,0.0,0.5593750000000002,0.5398437499999998,0.7039561922056934,0.05008474652839075,0.6104719063371168,0.05,-0.2,6.35,1.0,14.0,0,0,1,0,4,41,0,9,9,0
2000293,1.0,0.05,0.75,1.4455468750000002,1.4500000000000002,0.004453125000000003,-4,4.453125,1.859375,0.125,0.0625,0.0,0.5656250000000003,0.6289062499999993,0.8758597975221244,0.05001720078591948,0.8725524407156156,0.05,-0.34999999999999987,1.7999999999999998,2.0,10.0,0,0,0,0,0,9,0,11,44,0
2000294,1.0,0.05,0.75,0.6455312499999994,0.6499999999999995,0.004468750000000003,-4,4.46875,1.78125,0.109375,0.046875,0.0,0.5750000000000006,0.5257812500000001,0.6172435121388309,0.050001578371812246,0.5480227080295124,0.05,-0.19999999999999996,0.8500000000000003,1.0,9.0,0,0,0,0,3,50,0,5,6,0
2000295,1.0,0.05,0.75,3.196156250000001,3.200000000000001,0.0038437500000000025,-2,3.84375,1.75,0.125,0.09375,0.0,0.6000000000000008,0.6429687499999993,0.9608386351828371,0.05016388747897795,0.9542366448481271,0.05,-0.30000000000000004,3.5,3.0,11.0,0,0,0,0,0,3,0,0,61,0
2000296,0.0,0.05,0.75,8.884484375,8.9,0.015515625000000009,-8,15.515625,3.171875,0.265625,0.140625,0.0,0.5031249999999995,0.43203125,0.4603134668720407,0.10054221470921618,0.04380443983118417,0.05000000000000001,-0.3,9.2,1.0,25.0,0,3,26,0,28,7,0,0,0,0
2000297,0.0,0.05,0.75,6.345203124999999,6.35,0.004796875000000001,-6,4.796875,1.390625,0.15625,0.0625,0.0,0.5187499999999996,0.5046875,0.6220841046742847,0.05004077302868681,0.505833734221829,0.05,-0.8500000000000001,7.2,3.0,11.0,0,0,0,0,26,36,0,0,2,0
2000298,1.0,0.05,0.75,5.296281249999999,5.299999999999999,0.0037187500000000024,1,3.71875,1.75,0.125,0.140625,0.0,0.6000000000000006,0.6453124999999993,0.9668023585302971,0.05060609541907816,0.9003190327306492,0.05,-0.10000000000000009,5.4,2.0,15.0,0,0,0,0,0,2,0,0,62,0
2000299,1.0,0.05,0.75,0.8383437499999978,0.8499999999999979,0.011656250000000009,-7,11.65625,2.9375,0.1875,0.078125,0.0,0.546875,0.5398437499999997,0.7532833229258683,0.0505967018581884,0.71039494627467,0.05,-0.7499999999999998,1.6,4.0,13.0,0,0,5,0,0,37,0,17,5,0
2000300,0.0,0.05,0.75,5.095031250000002,5.100000000000001,0.0049687500000000035,-3,4.96875,1.90625,0.15625,0.109375,0.0,0.48437499999999906,0.5046875,0.4056069957135479,0.05004796349339711,0.13762845804803564,0.05000000000000001,-1.35,6.450000000000001,5.0,12.0,0,0,4,0,37,17,0,0,6,0
2000301,0.0,0.05,0.75,7.8431250000000015,7.850000000000001,0.006875000000000003,-7,6.875,1.9375,0.203125,0.09375,0.0,0.5062499999999994,0.52109375,0.4347056899430323,0.050397927137950785,0.33460675660026157,0.05,-1.05,8.9,4.0,15.0,0,0,0,0,29,26,0,1,8,0
2000302,0.0,0.05,0.75,3.0493125000000005,3.0500000000000007,0.0006875000000000004,0,0.6875,0.625,0.109375,0.109375,0.0,0.4906249999999993,0.5234375,0.5361594237309023,0.05000729560182936,0.14110081589908918,0.05,-0.5,3.55,2.0,12.0,0,0,0,0,32,22,0,3,7,0
2000303,1.0,0.05,0.75,1.0381718749999997,1.0499999999999998,0.011828125000000007,-5,11.828125,2.609375,0.140625,0.0625,0.0,0.5687500000000003,0.5539062499999995,0.7674082200772088,0.0500290354333433,0.7261023406210817,0.05,-0.2999999999999998,1.35,2.0,11.0,0,0,3,0,3,32,0,7,19,0
2000304,0.0,0.05,0.75,3.6485156250000013,3.6500000000000012,0.0014843750000000009,1,1.484375,0.921875,0.140625,0.15625,0.0,0.5062499999999995,0.4765625,0.48697165036849355,0.05021719857702497,0.015269594330873644,0.05,-1.0,4.650000000000001,4.0,15.0,0,2,8,0,28,26,0,0,0,0
2000305,0.0,0.05,0.75,4.695703125000001,4.700000000000001,0.004296875000000003,-2,4.296875,1.765625,0.15625,0.125,0.0,0.46874999999999917,0.47890625,0.4258708293625701,0.0500923700383898,0.056065169647185775,0.049999999999999996,-1.0,5.700000000000001,4.0,14.0,0,0,9,0,42,13,0,0,0,0
2000306,0.0,0.05,0.75,5.79096875,5.8,0.009031250000000005,-4,9.03125,2.5625,0.15625,0.09375,0.0,0.5124999999999997,0.5117187499999998,0.4751260020901063,0.05006062910158115,0.25403842677824207,0.05000000000000001,-1.4500000000000002,7.25,5.0,11.0,0,0,7,0,17,28,0,11,1,0
2000307,1.0,0.05,0.75,1.195062500000001,1.200000000000001,0.0049375000000000035,-5,4.9375,1.71875,0.171875,0.09375,0.0,0.4749999999999992,0.48828125,0.4477820658730885,0.05011724263238487,0.1970938214537625,0.049999999999999996,-0.19999999999999996,1.3999999999999997,1.0,16.0,0,0,5,0,40,19,0,0,0,0
2000308,1.0,0.05,0.75,1.0855156250000013,1.1000000000000014,0.014484375000000011,-5,14.484375,3.484375,0.125,0.046875,0.0,0.6000000000000006,0.6359374999999993,0.9799785601922049,0.05007140460649838,0.9796493458224734,0.05,-0.15000000000000013,1.2499999999999998,3.0,8.0,0,0,0,0,0,6,0,0,58,0
2000309,1.0,0.05,0.75,8.191578125,8.2,0.008421875000000004,7,8.421875,2.109375,0.109375,0.21875,0.0,0.5875000000000006,0.6335937499999993,0.9029838834171904,0.05220210934667978,0.10947960043658819,0.05,-0.44999999999999996,8.650000000000002,3.0,18.0,0,0,0,0,0,7,0,4,53,0
2000310,1.0,0.05,0.75,-0.2718749999999991,-0.2499999999999991,0.021875000000000006,-8,21.875,4.1875,0.140625,0.015625,0.0,0.6000000000000006,0.6312499999999993,0.9966590590199171,0.050364173502433544,0.9966415023152525,0.05,-0.40000000000000013,0.1499999999999999,5.0,5.0,0,0,0,0,0,8,0,0,56,0
2000311,1.0,0.05,0.75,2.2406562500000016,2.2500000000000018,0.009343750000000005,-4,9.34375,2.71875,0.15625,0.09375,0.0,0.5656250000000003,0.6031249999999994,0.6722863483168884,0.050072533923491785,0.6440335688427581,0.05,-0.5999999999999999,2.85,4.0,12.0,0,0,1,0,0,18,0,11,34,0
2000312,1.0,0.05,0.75,3.546671875,3.55,0.003328125000000002,-1,3.328125,1.640625,0.125,0.109375,0.0,0.5437500000000001,0.5749999999999997,0.48091500063148684,0.050022653096336626,0.2833629944460223,0.05,-0.5499999999999998,4.1,4.0,11.0,0,0,2,0,2,26,0,16,18,0
2000313,0.0,0.05,0.75,4.794421875,4.800000000000001,0.005578125000000003,-3,5.578125,2.203125,0.125,0.078125,0.0,0.5374999999999999,0.6054687499999994,0.6690714503609597,0.05000583047194105,0.6519209149624794,0.05,-0.7000000000000001,5.5,2.0,11.0,0,0,0,0,0,19,0,20,25,0
2000314,1.0,0.05,0.75,0.3448125000000001,0.3500000000000001,0.005187500000000004,-2,5.1875,2.1875,0.046875,0.015625,0.0,0.6000000000000006,0.6453124999999993,0.8301775033377935,0.050000052175825885,0.8297237127891155,0.049999999999999996,0.0,0.34999999999999987,0.0,4.0,0,0,0,0,0,2,0,0,62,0
2000315,1.0,0.05,0.75,0.7905468750000006,0.8000000000000007,0.009453125000000007,-6,9.453125,2.671875,0.140625,0.046875,0.0,0.5937500000000007,0.6124999999999993,0.9760822383007517,0.05013566484687488,0.9754382264210413,0.05,-0.3999999999999999,1.1999999999999997,2.0,10.0,0,0,0,0,0,16,0,2,46,0
2000316,1.0,0.05,0.75,0.48784375,0.5,0.012156250000000007,-6,12.15625,2.875,0.140625,0.046875,0.0,0.5687500000000004,0.5726562499999995,0.85248029425823,0.05002290842493031,0.8461852533574525,0.049999999999999996,-0.19999999999999996,0.7000000000000002,1.0,11.0,0,0,0,0,0,33,0,10,21,0
2000317,1.0,0.05,0.75,0.33710937499999966,0.34999999999999964,0.01289062500000001,-6,12.890625,3.015625,0.140625,0.046875,0.0,0.5687500000000002,0.5820312499999996,0.7605903219364535,0.05001035357050918,0.7556199371097208,0.05,-0.7999999999999998,1.1500000000000001,4.0,8.0,0,0,0,0,0,29,0,10,25,0
2000318,1.0,0.05,0.75,0.2948593749999998,0.2999999999999998,0.005140625000000001,-5,5.140625,1.453125,0.125,0.046875,0.0,0.55625,0.51640625,0.5860495603631709,0.05000279761062382,0.5184640698958918,0.05,-1.0999999999999999,1.4,5.0,6.0,0,0,0,0,14,43,0,0,7,0
2000319,1.0,0.05,0.75,2.491874999999999,2.499999999999999,0.008125000000000004,-3,8.125,2.46875,0.140625,0.09375,0.0,0.5625000000000002,0.53515625,0.4312573939651878,0.05002920949338027,0.24694078752882948,0.049999999999999996,-0.19999999999999996,2.7,1.0,14.0,0,0,0,0,7,42,0,5,10,0
2000320,1.0,0.05,0.75,2.3421562500000004,2.3500000000000005,0.007843750000000005,-4,7.84375,2.46875,0.140625,0.078125,0.0,0.6000000000000008,0.6289062499999992,0.9803365206482353,0.05045524885629911,0.9783131817314048,0.05,-0.4500000000000002,2.8,6.0,8.0,0,0,0,0,0,9,0,0,55,0
2000321,1.0,0.05,0.75,3.648328124999999,3.649999999999999,0.0016718750000000008,1,1.671875,0.921875,0.109375,0.125,0.0,0.5249999999999998,0.5703124999999998,0.5444699482946184,0.05001406342692001,0.21171073745171318,0.05,-0.30000000000000004,3.9499999999999993,1.0,14.0,0,0,0,0,10,24,0,14,16,0
2000322,0.0,0.05,0.75,4.8986406250000005,4.9,0.0013593750000000008,-2,1.359375,0.953125,0.15625,0.125,0.0,0.4999999999999994,0.48359374999999993,0.5036291511927294,0.05014804296269336,0.06752571729383093,0.05000000000000001,-0.6,5.500000000000001,2.0,16.0,0,2,5,0,30,27,0,0,0,0
2000323,1.0,0.05,0.75,1.8863593750000003,1.9000000000000004,0.01364062500000001,-6,13.640625,3.046875,0.1875,0.09375,0.0,0.5531250000000001,0.5468749999999997,0.9114313453267868,0.056491545644765384,0.8441191286762268,0.05,-0.3999999999999999,2.3000000000000003,3.0,15.0,0,0,3,0,1,37,0,14,9,0
2000324,1.0,0.05,0.75,1.3883281250000004,1.4000000000000004,0.011671875000000009,-5,11.671875,3.265625,0.125,0.046875,0.0,0.6000000000000006,0.6453124999999993,0.9936045017093867,0.05023617555683088,0.9934806029780708,0.049999999999999996,-0.15000000000000013,1.5499999999999996,3.0,8.0,0,0,0,0,0,2,0,0,62,0
2000325,1.0,0.05,0.75,3.5490468749999993,3.5499999999999994,0.0009531250000000006,0,0.953125,0.734375,0.109375,0.109375,0.0,0.5437499999999998,0.6429687499999993,0.6506026926801256,0.050009569180121886,0.5939510990171746,0.05,-0.10000000000000009,3.6499999999999995,2.0,12.0,0,0,0,0,0,3,0,18,43,0
2000326,1.0,0.05,0.75,3.195406250000001,3.200000000000001,0.004593750000000002,-2,4.59375,1.59375,0.15625,0.125,0.0,0.48749999999999927,0.50234375,0.45944443567462623,0.05015968564150784,0.08002244955113487,0.04999999999999999,-0.3999999999999999,3.5999999999999996,2.0,16.0,0,0,0,0,35,28,0,1,0,0
2000327,0.0,0.05,0.75,3.9990312500000007,4.000000000000001,0.0009687500000000004,-1,0.96875,0.8125,0.140625,0.125,0.0,0.47499999999999915,0.4953125,0.37952322687441437,0.050044153404641474,0.04908328978929156,0.05,-0.7,4.700000000000002,3.0,14.0,0,5,3,0,35,15,0,0,6,0
2000328,0.0,0.05,0.75,4.548312500000002,4.5500000000000025,0.001687500000000001,1,1.6875,1.03125,0.171875,0.1875,0.0,0.4874999999999992,0.50703125,0.5150377603986552,0.053441655569105614,0.016138035157721487,0.05,-1.4500000000000002,6.000000000000003,5.0,18.0,0,0,0,0,36,25,0,0,3,0
2000329,0.0,0.05,0.75,7.434609375000001,7.450000000000001,0.015390625000000012,-6,15.390625,3.484375,0.203125,0.109375,0.0,0.5062499999999994,0.47187500000000004,0.3426594002185231,0.05137662903439519,0.09212861561319044,0.05000000000000001,-0.25,7.700000000000001,2.0,18.0,0,0,17,0,30,12,0,0,5,0
2000330,1.0,0.05,0.75,2.4960625,2.5,0.003937500000000003,-2,3.9375,1.65625,0.125,0.09375,0.0,0.5437500000000002,0.6312499999999993,0.6432585458975052,0.05000917416030876,0.6207681378937533,0.05,-0.25,2.75,2.0,12.0,0,0,0,0,0,8,0,18,38,0
2000331,0.0,0.05,0.75,3.948765625000001,3.950000000000001,0.0012343750000000007,-1,1.234375,0.859375,0.125,0.109375,0.0,0.4749999999999992,0.50703125,0.505455875488577,0.05001796201961359,0.1108003488334594,0.05,-1.1,5.050000000000001,4.0,11.0,0,0,0,0,40,21,0,0,3,0
2000332,1.0,0.05,0.75,2.648562500000002,2.650000000000002,0.0014375000000000008,-3,1.4375,0.96875,0.171875,0.125,0.0,0.47499999999999915,0.4859375,0.5622023407979001,0.050505211961542416,0.10317820889233677,0.05,-0.9000000000000001,3.5500000000000007,3.0,16.0,0,0,6,0,40,18,0,0,0,0
2000333,0.0,0.05,0.75,8.733125,8.75,0.016875000000000005,-8,16.875,2.8125,0.234375,0.109375,0.0,0.48749999999999927,0.48359375,0.4208989452709554,0.055394731972133765,0.21242698449342357,0.05000000000000001,-1.0,9.75,4.0,18.0,0,0,7,0,36,21,0,0,0,0
2000334,1.0,0.05,0.75,0.23690625000000087,0.2500000000000009,0.01309375000000001,-5,13.09375,3.34375,0.109375,0.03125,0.0,0.5937500000000006,0.6335937499999993,0.9171505435080253,0.05000441111128884,0.9167341670513238,0.05,-0.3999999999999999,0.6499999999999999,3.0,6.0,0,0,0,0,0,7,0,2,55,0
2000335,1.0,0.05,0.75,1.5436093750000006,1.5500000000000007,0.006390625000000005,-5,6.390625,2.046875,0.15625,0.078125,0.0,0.5562500000000002,0.5890624999999996,0.7614293567727138,0.0500723805088237,0.7419891739891407,0.05000000000000001,-0.3999999999999999,1.9499999999999997,2.0,13.0,0,0,0,0,1,25,0,13,25,0
2000336,0.0,0.05,0.75,2.24884375,2.25,0.0011562500000000006,0,1.15625,0.6875,0.078125,0.078125,0.0,0.5656250000000003,0.5749999999999997,0.6261535413835821,0.05000054791016331,0.4956435164867003,0.05,-1.25,3.5,3.0,7.0,0,0,0,0,0,32,0,11,21,0
2000337,1.0,0.05,0.75,1.6463906250000004,1.6500000000000004,0.0036093750000000023,-3,3.609375,1.453125,0.125,0.078125,0.0,0.47812499999999936,0.51640625,0.4193709041936494,0.05000476064750085,0.23027919358337412,0.049999999999999996,-0.19999999999999996,1.8499999999999999,1.0,12.0,0,0,2,0,39,14,0,0,9,0
2000338,0.0,0.05,0.75,4.890953125000002,4.900000000000002,0.009046875000000006,-3,9.046875,2.703125,0.125,0.078125,0.0,0.5718750000000004,0.5960937499999995,0.721034915793497,0.05001013168314291,0.6885960790055267,0.05,-0.7000000000000001,5.600000000000001,2.0,11.0,0,0,0,0,0,23,0,9,32,0
2000339,0.0,0.05,0.75,2.9988593750000008,3.000000000000001,0.0011406250000000006,1,1.140625,0.703125,0.109375,0.125,0.0,0.49999999999999933,0.5,0.4713572827088856,0.05002012297616117,0.0405748704437262,0.05,-0.3,3.3000000000000007,1.0,14.0,0,0,0,0,32,32,0,0,0,0
2000340,0.0,0.05,0.75,5.337171874999999,5.35,0.01282812500000001,-5,12.828125,3.109375,0.125,0.046875,0.0,0.5687500000000004,0.5960937499999994,0.7355722187364426,0.05000333221579544,0.7315237100796981,0.05,-0.65,6.0,2.0,9.0,0,0,0,0,0,23,0,10,31,0
2000341,1.0,0.05,0.75,1.1916875000000011,1.200000000000001,0.008312500000000006,-7,8.3125,2.15625,0.203125,0.09375,0.0,0.5249999999999997,0.53984375,0.6215693083788449,0.051242771545843925,0.5392459003799791,0.04999999999999999,-0.9499999999999997,2.1500000000000004,5.0,14.0,0,0,0,0,19,28,0,5,12,0
2000342,0.0,0.05,0.75,7.391750000000001,7.400000000000001,0.008250000000000006,-6,8.25,2.34375,0.171875,0.078125,0.0,0.5656250000000003,0.5656249999999997,0.8632788831100099,0.0505864477036866,0.834496433101865,0.05,-0.2,7.6000000000000005,1.0,15.0,0,0,0,0,0,36,0,11,17,0
2000343,0.0,0.05,0.75,5.939078124999998,5.949999999999998,0.010921875000000006,-4,10.921875,2.984375,0.15625,0.09375,0.0,0.5687500000000002,0.5351562499999999,0.5542156886566281,0.050097129695825464,0.37428262787840205,0.05,-0.65,6.6,2.0,14.0,0,0,2,0,4,41,0,6,11,0
2000344,0.0,0.05,0.75,7.1454375000000026,7.150000000000002,0.004562500000000002,-5,4.5625,1.71875,0.203125,0.125,0.0,0.4906249999999993,0.4859375,0.5171163582639934,0.053041283667504664,0.1268088897546605,0.049999999999999996,-1.3,8.450000000000001,5.0,16.0,0,0,7,0,35,21,0,0,1,0
2000345,1.0,0.05,0.75,1.990921874999999,1.9999999999999991,0.009078125000000005,-4,9.078125,2.484375,0.15625,0.09375,0.0,0.5562500000000002,0.528125,0.42282662071852967,0.05005359763052287,0.2523873744800434,0.049999999999999996,-1.0,3.0,4.0,12.0,0,0,0,0,9,43,0,5,7,0
2000346,0.0,0.05,0.75,6.044406250000001,6.050000000000001,0.0055937500000000015,-3,5.59375,1.875,0.171875,0.125,0.0,0.5187499999999996,0.5164062499999998,0.42826526206857396,0.05038405138812271,0.11560330988598862,0.05,-0.8,6.850000000000001,4.0,15.0,0,0,1,0,20,35,0,6,2,0
2000347,0.0,0.05,0.75,4.797171875,4.8,0.0028281250000000016,-2,2.828125,1.328125,0.140625,0.109375,0.0,0.49687499999999934,0.5585937499999999,0.42750998330628137,0.05002353385691903,0.2527065781532078,0.05000000000000001,-1.7000000000000002,6.500000000000001,6.0,10.0,0,0,0,0,24,15,0,9,16,0
2000348,0.0,0.05,0.75,8.662984374999999,8.7,0.03701562500000002,-10,37.015625,4.921875,0.21875,0.0625,0.0,0.5343749999999998,0.40390625,0.35833970571917845,0.05211185457852794,0.13193307744167113,0.05,-0.6,9.299999999999999,4.0,14.0,0,0,41,0,21,2,0,0,0,0
2000349,0.0,0.05,0.75,8.392250000000002,8.400000000000002,0.007750000000000001,-8,7.75,1.96875,0.21875,0.09375,0.0,0.5031249999999995,0.48828125,0.45519365458137456,0.05166234550437632,0.28726628386160646,0.049999999999999996,-0.4,8.8,2.0,18.0,0,3,5,0,28,25,0,0,3,0
2000350,0.0,0.05,0.75,4.949156250000002,4.950000000000002,0.0008437500000000005,0,0.84375,0.71875,0.171875,0.171875,0.0,0.4749999999999992,0.50703125,0.47605005787714044,0.051873818803594283,0.022618477145520576,0.05000000000000001,-0.9000000000000001,5.850000000000002,4.0,18.0,0,0,1,0,40,19,0,0,4,0
2000351,1.0,0.05,0.75,0.4823593749999991,0.4999999999999991,0.017640625000000007,-7,17.640625,3.734375,0.171875,0.0625,0.0,0.5843750000000005,0.5328124999999999,0.5339850726645774,0.05003949974015796,0.5036639157348276,0.05,-0.3500000000000001,0.8500000000000003,1.0,14.0,0,0,2,0,3,43,0,2,14,0
2000352,0.0,0.05,0.75,4.848140625,4.8500000000000005,0.0018593750000000008,-3,1.859375,0.953125,0.15625,0.109375,0.0,0.5156249999999996,0.5328124999999998,0.6148412604764671,0.05010039305555405,0.3313380903265049,0.05,-2.0,6.8500000000000005,5.0,12.0,0,0,0,0,18,32,0,9,5,0
2000353,1.0,0.05,0.75,0.8923593750000004,0.9000000000000004,0.007640625000000006,-5,7.640625,2.328125,0.125,0.046875,0.0,0.5812500000000006,0.6335937499999993,0.9702088684030948,0.05004484287229079,0.9697662149933638,0.05000000000000001,-0.15000000000000013,1.05,3.0,8.0,0,0,0,0,0,7,0,6,51,0
2000354,0.0,0.05,0.75,5.995874999999999,5.999999999999999,0.004125000000000002,-4,4.125,1.59375,0.15625,0.09375,0.0,0.5593750000000002,0.5609374999999996,0.6265313347169577,0.050091649109406236,0.5259498053848793,0.05,-1.7,7.699999999999999,5.0,11.0,0,0,0,0,0,38,0,13,13,0
2000355,1.0,0.05,0.75,0.8912812499999995,0.8999999999999995,0.008718750000000006,-5,8.71875,2.625,0.140625,0.0625,0.0,0.5687500000000002,0.5374999999999998,0.6524104917651875,0.05001613912972454,0.5935908549940752,0.05,-1.0999999999999999,2.0,5.0,8.0,0,0,5,0,0,38,0,10,11,0
2000356,0.0,0.05,0.75,2.1485156249999995,2.1499999999999995,0.0014843750000000009,1,1.484375,1.046875,0.078125,0.09375,0.0,0.5281249999999997,0.5187499999999998,0.4211155228325025,0.05000156042918298,0.10142269229007733,0.05000000000000001,-0.65,2.8000000000000007,2.0,9.0,0,0,0,0,19,37,0,4,4,0
2000357,0.0,0.05,0.75,4.99365625,5.0,0.006343750000000005,-3,6.34375,2.25,0.125,0.078125,0.0,0.5218749999999996,0.52109375,0.37867497829024377,0.05000546039114426,0.21860815295648986,0.049999999999999996,-0.2,5.2,1.0,12.0,0,0,0,0,24,31,0,1,8,0
2000358,1.0,0.05,0.75,2.3980624999999995,2.3999999999999995,0.0019375000000000013,-1,1.9375,1.25,0.09375,0.078125,0.0,0.5968750000000007,0.5796874999999998,0.5629538571725804,0.05000129890318178,0.46526624424878277,0.049999999999999996,-0.19999999999999996,2.5999999999999996,1.0,10.0,0,0,0,0,0,30,0,1,33,0
2000359,1.0,0.05,0.75,1.997218750000001,2.000000000000001,0.002781250000000002,-3,2.78125,1.375,0.140625,0.09375,0.0,0.5312499999999998,0.50234375,0.46728163361466696,0.05002529303065045,0.17427087644317713,0.05,-0.30000000000000004,2.3000000000000007,1.0,14.0,0,0,3,0,22,35,0,0,4,0
2000360,1.0,0.05,0.75,0.39048437499999944,0.39999999999999947,0.009515625000000007,-6,9.515625,2.203125,0.140625,0.046875,0.0,0.5875000000000006,0.5187499999999998,0.8237858510038466,0.05003579689838624,0.7769942157951446,0.05,-0.3500000000000001,0.7500000000000002,1.0,11.0,0,0,2,0,1,51,0,3,7,0
2000361,1.0,0.05,0.75,1.4316875000000002,1.4500000000000002,0.018312500000000006,-5,18.3125,3.1875,0.15625,0.078125,0.0,0.5718750000000004,0.5726562499999994,0.6697416661954891,0.05004777824287292,0.6327422178490295,0.05,-0.5999999999999999,2.05,4.0,11.0,0,0,0,0,7,26,0,2,29,0
2000362,1.0,0.05,0.75,0.6803750000000011,0.7000000000000011,0.019625000000000004,-7,19.625,3.8125,0.15625,0.046875,0.0,0.5968750000000007,0.5960937499999993,0.9844164589922556,0.05049404697045971,0.983847488489875,0.05000000000000001,-0.30000000000000004,0.9999999999999998,3.0,10.0,0,0,1,0,0,21,0,1,41,0
2000363,0.0,0.05,0.75,3.9492968750000004,3.95,0.0007031250000000004,0,0.703125,0.640625,0.140625,0.140625,0.0,0.49062499999999915,0.5234375,0.6149931320838359,0.05012816388321609,0.08913294710520833,0.049999999999999996,-1.5500000000000003,5.500000000000001,5.0,13.0,0,0,0,0,35,19,0,0,10,0
2000364,0.0,0.05,0.75,8.291187500000003,8.300000000000002,0.008812500000000004,-7,8.8125,2.3125,0.21875,0.109375,0.0,0.48124999999999907,0.4859375,0.5769716941874375,0.05774267804152258,0.25547839309745013,0.05000000000000001,-1.5000000000000002,9.8,6.0,15.0,0,0,7,0,37,19,0,1,0,0
2000365,1.0,0.05,0.75,5.148015625000002,5.150000000000002,0.0019843750000000013,-2,1.984375,1.140625,0.171875,0.140625,0.0,0.6000000000000006,0.6453124999999993,0.998159279783674,0.1321852661054797,0.9920890374494353,0.05000000000000001,-0.3500000000000003,5.5,7.0,13.0,0,0,0,0,0,2,0,0,62,0
2000366,1.0,0.05,0.75,0.689625000000001,0.7000000000000011,0.010375000000000006,-8,10.375,2.6875,0.171875,0.046875,0.0,0.5781250000000004,0.6289062499999992,0.9957741906357876,0.05352029505724087,0.9956601008914189,0.05000000000000001,-0.6000000000000001,1.2999999999999998,6.0,8.0,0,0,0,0,0,9,0,7,48,0
2000367,0.0,0.05,0.75,7.688031250000002,7.700000000000002,0.011968750000000007,-7,11.96875,2.46875,0.203125,0.09375,0.0,0.4999999999999995,0.5257812500000001,0.4892233771100878,0.050412395591186036,0.3919214576724932,0.05,-0.3,8.000000000000002,1.0,18.0,0,0,0,0,32,21,0,0,11,0
2000368,0.0,0.05,0.75,3.8465781249999993,3.849999999999999,0.0034218750000000017,1,3.421875,1.453125,0.125,0.140625,0.0,0.5812500000000005,0.6359374999999993,0.755508290732303,0.05010529073295978,0.5362309098685073,0.05,-2.1,5.949999999999999,6.0,11.0,0,0,0,0,0,6,0,6,52,0
2000369,0.0,0.05,0.75,7.791312500000002,7.800000000000002,0.008687500000000003,-7,8.6875,2.0625,0.203125,0.09375,0.0,0.47812499999999913,0.49765625,0.4840632457059762,0.05087770909503759,0.30180897032752263,0.05,-1.0,8.8,4.0,15.0,0,1,0,0,38,25,0,0,0,0
2000370,0.0,0.05,0.75,5.148640625000001,5.150000000000001,0.0013593750000000008,-2,1.359375,0.828125,0.15625,0.125,0.0,0.49374999999999925,0.5398437500000001,0.41049651320602476,0.05009855723706828,0.13764456459421479,0.05000000000000001,-0.2,5.350000000000001,1.0,17.0,0,0,0,0,33,14,0,1,16,0
2000371,1.0,0.05,0.75,0.7399375,0.75,0.010062500000000005,-6,10.0625,2.46875,0.171875,0.078125,0.0,0.54375,0.5257812499999999,0.675878936923916,0.05016871927509145,0.5805106676572662,0.05,-0.3999999999999999,1.1500000000000001,2.0,14.0,0,0,5,0,5,38,0,13,3,0
2000372,1.0,0.05,0.75,-0.26596875000000003,-0.25,0.01596875000000001,-8,15.96875,3.1875,0.171875,0.046875,0.0,0.5468749999999999,0.5210937499999999,0.7028411301970975,0.05005214562172911,0.681621586112178,0.05,-0.5999999999999999,0.3500000000000001,3.0,11.0,0,0,3,0,11,38,0,6,6,0
2000373,0.0,0.05,0.75,4.093406249999998,4.099999999999999,0.006593750000000005,-2,6.59375,2.25,0.109375,0.078125,0.0,0.5625000000000001,0.5726562499999996,0.39952382794674485,0.050001536993049725,0.33231351486360333,0.049999999999999996,0.0,4.099999999999999,0.0,12.0,0,0,5,0,6,17,0,6,30,0
2000374,0.0,0.05,0.75,5.138203124999999,5.149999999999999,0.011796875000000007,-3,11.796875,2.921875,0.140625,0.09375,0.0,0.5531250000000001,0.49999999999999983,0.48735366967908456,0.0500338519926982,0.18208251766773773,0.05,-1.1500000000000001,6.299999999999999,4.0,11.0,0,0,8,0,8,40,0,7,1,0
2000375,0.0,0.05,0.75,8.446421874999999,8.45,0.0035781250000000006,-7,3.578125,1.140625,0.25,0.140625,0.0,0.5687500000000003,0.41093750000000057,0.16496941635324727,0.06496091537749964,0.004188181477962455,0.05000000000000001,-1.2500000000000002,9.700000000000003,7.0,18.0,0,10,38,0,0,6,0,0,10,0
2000376,1.0,0.05,0.75,4.647140625,4.6499999999999995,0.002859375000000002,3,2.859375,1.328125,0.09375,0.140625,0.0,0.5062499999999995,0.6242187499999994,0.6137276959401777,0.050024390980285105,0.3171443778407951,0.05,-0.050000000000000044,4.7,1.0,14.0,0,0,0,0,3,8,0,27,26,0
2000377,0.0,0.05,0.75,2.8956093750000003,2.9000000000000004,0.004390625000000003,1,4.390625,1.796875,0.109375,0.125,0.0,0.528125,0.5,0.5441103834155728,0.050015970770500566,0.05458310680871425,0.05,-1.05,3.95,4.0,11.0,0,0,1,0,23,39,0,0,1,0
2000378,1.0,0.05,0.75,1.9857031250000017,2.0000000000000018,0.014296875000000011,-5,14.296875,3.484375,0.140625,0.0625,0.0,0.6000000000000006,0.6476562499999993,0.9958188529966904,0.0512733788478063,0.9956465308289089,0.05,-0.30000000000000027,2.3,6.0,7.0,0,0,0,0,0,1,0,0,63,0
2000379,1.0,0.05,0.75,1.9836718750000017,2.0000000000000018,0.01632812500000001,-6,16.328125,3.453125,0.171875,0.078125,0.0,0.5968750000000007,0.6031249999999994,0.9782033064842958,0.053000227480714646,0.9751398220978592,0.05,-0.10000000000000009,2.0999999999999996,2.0,14.0,0,0,0,0,0,20,0,1,43,0
2000380,0.0,0.05,0.75,1.6940156250000002,1.7000000000000002,0.0059843750000000044,4,5.984375,2.203125,0.078125,0.140625,0.0,0.5781250000000004,0.44375,0.4175603234778459,0.050020660323065916,0.003997797952594507,0.049999999999999996,-0.6000000000000001,2.3,3.0,11.0,0,7,17,0,0,40,0,0,0,0
2000381,1.0,0.05,0.75,1.5409374999999998,1.5499999999999998,0.009062500000000006,-5,9.0625,2.71875,0.15625,0.078125,0.0,0.5781250000000004,0.5656249999999998,0.5772005857938101,0.050036549807636686,0.5390371637658247,0.05,0.0,1.5500000000000003,0.0,15.0,0,0,0,0,0,36,0,7,21,0
2000382,1.0,0.05,0.75,0.7950312499999999,0.7999999999999998,0.0049687500000000035,-5,4.96875,2.03125,0.125,0.046875,0.0,0.5968750000000006,0.6289062499999992,0.9390527604126295,0.05002087532866787,0.9382968062626081,0.05,-0.30000000000000004,1.0999999999999999,3.0,8.0,0,0,0,0,0,9,0,1,54,0
2000383,1.0,0.05,0.75,1.438125000000001,1.450000000000001,0.011875000000000009,-5,11.875,3.15625,0.140625,0.0625,0.0,0.5968750000000006,0.6289062499999993,0.9624358631416315,0.05013579812968336,0.9612369130886974,0.05000000000000001,-0.25,1.6999999999999997,3.0,10.0,0,0,0,0,0,9,0,1,54,0
2000384,0.0,0.05,0.75,3.298250000000001,3.3000000000000007,0.0017500000000000011,-1,1.75,1.09375,0.09375,0.078125,0.0,0.5531250000000001,0.51875,0.36471072690208484,0.05000112855467461,0.15605995048978952,0.05000000000000001,-1.0,4.300000000000001,4.0,7.0,0,0,0,0,14,42,0,1,7,0
2000385,0.0,0.05,0.75,5.297281250000001,5.300000000000001,0.0027187500000000015,-2,2.71875,1.4375,0.15625,0.125,0.0,0.5281249999999997,0.53046875,0.4519168706103301,0.050145602498542066,0.1345321504964929,0.05,-1.35,6.650000000000001,5.0,13.0,0,0,0,0,23,28,0,0,13,0
2000386,1.0,0.05,0.75,-0.5887968750000024,-0.5500000000000025,0.038796875,-11,38.796875,5.015625,0.203125,0.03125,0.0,0.5968750000000006,0.5703124999999994,0.9943241609075242,0.05846453022078564,0.9940382180963905,0.05,-0.7500000000000002,0.20000000000000018,6.0,9.0,0,0,2,0,0,30,0,1,31,0
2000387,1.0,0.05,0.75,0.3305937500000005,0.35000000000000053,0.019406250000000007,-7,19.40625,3.84375,0.15625,0.046875,0.0,0.5781250000000004,0.5773437499999995,0.8524157324951909,0.0500545893128079,0.8484613926525443,0.05,-0.5499999999999998,0.9000000000000001,3.0,10.0,0,0,3,0,0,25,0,7,29,0
2000388,0.0,0.05,0.75,6.396343749999999,6.399999999999999,0.003656250000000001,-5,3.65625,1.375,0.15625,0.078125,0.0,0.5531250000000002,0.5562499999999998,0.7185110694391209,0.05007482508318101,0.6669132321794852,0.05,-0.35000000000000003,6.75,1.0,14.0,0,0,3,0,1,33,0,14,13,0
2000389,1.0,0.05,0.75,-0.6132031250000005,-0.6000000000000005,0.013203125000000007,-8,13.203125,2.734375,0.171875,0.046875,0.0,0.5187499999999998,0.48828125,0.6773042069326481,0.05006860780579545,0.6135122031872142,0.04999999999999999,-0.6500000000000001,0.050000000000000044,2.0,12.0,0,0,6,0,26,31,0,0,1,0
2000390,1.0,0.05,0.75,0.5935781249999987,0.5999999999999988,0.006421875000000004,-4,6.421875,2.265625,0.109375,0.046875,0.0,0.5781250000000004,0.5257812499999999,0.6038543738360251,0.050001327829264,0.5412136260784348,0.05,0.0,0.6000000000000003,0.0,10.0,0,0,2,0,0,49,0,7,6,0
2000391,0.0,0.05,0.75,2.2438125,2.25,0.006187500000000005,5,6.1875,2.09375,0.125,0.203125,0.0,0.5593750000000003,0.6195312499999992,0.8577416849309892,0.051555931419967345,0.12067419389649299,0.049999999999999996,-0.7000000000000001,2.95,2.0,19.0,0,0,0,0,3,10,0,10,41,0
2000392,1.0,0.05,0.75,2.0466875,2.05,0.003312500000000002,-4,3.3125,1.46875,0.15625,0.09375,0.0,0.5593750000000002,0.6007812499999995,0.8885460847106302,0.0502963319333563,0.8635155213385423,0.05000000000000001,-0.44999999999999996,2.5000000000000004,4.0,12.0,0,0,0,0,0,21,0,13,30,0
2000393,1.0,0.05,0.75,1.8354375000000014,1.8500000000000014,0.014562500000000011,-5,14.5625,3.4375,0.140625,0.0625,0.0,0.6000000000000006,0.6359374999999993,0.9831359505240489,0.050388263912010345,0.9825684568986911,0.05,-0.15000000000000013,1.9999999999999998,3.0,10.0,0,0,0,0,0,6,0,0,58,0
2000394,1.0,0.05,0.75,0.6409062500000003,0.6500000000000004,0.009093750000000005,-5,9.09375,2.1875,0.125,0.046875,0.0,0.5781250000000004,0.5328124999999997,0.6909886051396155,0.050006462215591796,0.6393065721880806,0.04999999999999999,-0.44999999999999996,1.1000000000000003,2.0,9.0,0,0,0,0,4,46,0,3,11,0
2000395,0.0,0.05,0.75,6.097468750000002,6.100000000000001,0.002531250000000002,-3,2.53125,1.21875,0.1875,0.140625,0.0,0.47187499999999916,0.52109375,0.42168621271980783,0.05084581934421248,0.09583219218394906,0.05,-1.1500000000000001,7.250000000000002,4.0,17.0,0,0,0,0,41,14,0,0,9,0
2000396,1.0,0.05,0.75,-0.4633906249999993,-0.4499999999999993,0.013390625000000003,-8,13.390625,2.609375,0.1875,0.0625,0.0,0.5187499999999997,0.47656249999999994,0.555511009777626,0.050176947225638924,0.42721490765715586,0.049999999999999996,-0.44999999999999996,-4.440892098500626e-16,1.0,15.0,0,4,6,0,22,32,0,0,0,0
2000397,1.0,0.05,0.75,0.8972187500000004,0.9000000000000004,0.0027812500000000016,-3,2.78125,1.15625,0.09375,0.046875,0.0,0.5656250000000003,0.5,0.5239229651678612,0.05000062562924481,0.34875373664863696,0.05,-0.19999999999999996,1.1,1.0,8.0,0,0,0,0,11,53,0,0,0,0
2000398,0.0,0.05,0.75,4.948000000000001,4.950000000000001,0.002000000000000001,-2,2.0,1.09375,0.15625,0.125,0.0,0.5187499999999997,0.4789062500000001,0.42590046026771583,0.05012762136695593,0.04455150232496364,0.05000000000000002,-0.7,5.650000000000001,3.0,15.0,0,6,3,0,20,35,0,0,0,0
2000399,0.0,0.05,0.75,1.7962499999999997,1.7999999999999996,0.0037500000000000016,4,3.75,1.40625,0.109375,0.171875,0.0,0.49374999999999925,0.6335937499999994,0.5570564442748499,0.05039284832354248,0.16282934548620986,0.05,-1.0,2.8,3.0,15.0,0,0,0,0,4,3,0,30,27,0
2000400,1.0,0.05,0.75,1.3206093749999996,1.3499999999999996,0.02939062500000002,-9,29.390625,4.515625,0.203125,0.0625,0.0,0.6000000000000006,0.6171874999999992,0.9995927569515897,0.15535586763225845,0.9992625771481991,0.049999999999999996,-0.5500000000000003,1.8999999999999997,8.0,9.0,0,0,0,0,0,14,0,0,50,0
2000401,0.0,0.05,0.75,5.247375000000001,5.250000000000001,0.0026250000000000015,-2,2.625,1.25,0.15625,0.125,0.0,0.5062499999999994,0.5374999999999999,0.49796794202900924,0.050166477845658336,0.16016533164194136,0.05,-0.9000000000000001,6.150000000000001,3.0,15.0,0,0,0,0,25,23,0,5,11,0
2000402,1.0,0.05,0.75,0.9456250000000002,0.9500000000000002,0.004375000000000003,-2,4.375,1.875,0.0625,0.03125,0.0,0.6000000000000006,0.6406249999999992,0.8807741263255414,0.05000028684441628,0.879706850680363,0.05,-0.050000000000000044,0.9999999999999998,1.0,5.0,0,0,0,0,0,4,0,0,60,0
2000403,0.0,0.05,0.75,6.046843750000002,6.050000000000002,0.003156250000000002,-4,3.15625,1.4375,0.171875,0.109375,0.0,0.48437499999999906,0.5257812500000001,0.3788911182641405,0.050101363233153395,0.18969270427361432,0.05,-1.2,7.250000000000001,4.0,14.0,0,0,0,0,37,16,0,0,11,0
2000404,1.0,0.05,0.75,1.7359687500000018,1.7500000000000018,0.014031250000000009,-4,14.03125,3.375,0.125,0.0625,0.0,0.6000000000000006,0.6312499999999993,0.9691306858026053,0.050075168401497686,0.9678024805034492,0.05,0.0,1.7499999999999996,0.0,12.0,0,0,0,0,0,8,0,0,56,0
2000405,0.0,0.05,0.75,6.546859375000001,6.550000000000002,0.003140625000000002,-4,3.140625,1.359375,0.1875,0.125,0.0,0.4812499999999991,0.4953125,0.47498582735743694,0.05103866751858617,0.11414251403384011,0.049999999999999996,-1.8000000000000003,8.350000000000001,7.0,13.0,0,0,2,0,38,24,0,0,0,0
2000406,1.0,0.05,0.75,0.48976562500000176,0.5000000000000018,0.010234375000000007,-7,10.234375,2.515625,0.1875,0.078125,0.0,0.4812499999999994,0.5046875,0.5121627393268948,0.050214445062032285,0.39492088427506294,0.05,-0.30000000000000004,0.7999999999999998,1.0,16.0,0,0,0,0,38,24,0,0,2,0
2000407,1.0,0.05,0.75,0.23695312500000087,0.2500000000000009,0.01304687500000001,-5,13.046875,3.328125,0.109375,0.03125,0.0,0.5937500000000006,0.6312499999999992,0.9171892490397183,0.05000441789175171,0.9167341670513238,0.05,-0.25,0.5,2.0,7.0,0,0,0,0,0,8,0,2,54,0
2000408,1.0,0.05,0.75,1.43909375,1.4500000000000002,0.010906250000000006,-6,10.90625,2.625,0.1875,0.09375,0.0,0.5343749999999998,0.5820312499999996,0.7140179269852961,0.05043667790495585,0.6867632197871198,0.049999999999999996,-0.19999999999999996,1.6500000000000001,1.0,17.0,0,0,0,0,1,28,0,20,15,0
2000409,0.0,0.05,0.75,4.647171874999999,4.649999999999999,0.0028281250000000016,-2,2.828125,1.390625,0.15625,0.125,0.0,0.540625,0.5515624999999997,0.640094016792041,0.05018236946555432,0.3200519070945584,0.05,-1.45,6.099999999999999,4.0,14.0,0,0,0,0,5,37,0,14,8,0
2000410,0.0,0.05,0.75,7.791484375000001,7.800000000000002,0.008515625000000002,-7,8.515625,2.171875,0.234375,0.125,0.0,0.4937499999999993,0.48125,0.3609015414040659,0.05290722165415676,0.13977965223566444,0.05,-0.8500000000000001,8.65,3.0,20.0,0,3,10,0,31,15,0,0,5,0
2000411,1.0,0.05,0.75,3.2947499999999996,3.3,0.005250000000000004,-3,5.25,2.1875,0.140625,0.09375,0.0,0.6000000000000006,0.6476562499999993,0.9906193738239051,0.05159929195469379,0.9889097112121925,0.05,-0.15000000000000013,3.449999999999999,3.0,12.0,0,0,0,0,0,1,0,0,63,0
2000412,0.0,0.05,0.75,5.0954375,5.1,0.004562500000000003,-3,4.5625,1.875,0.140625,0.09375,0.0,0.5437500000000001,0.5726562499999996,0.4725827295571683,0.050014326834679476,0.3879419336325719,0.05,-1.0,6.1,3.0,12.0,0,0,0,0,3,30,0,15,16,0
2000413,1.0,0.05,0.75,0.37203125000000214,0.40000000000000213,0.02796875000000001,-9,27.96875,4.25,0.21875,0.078125,0.0,0.5625000000000002,0.5445312499999997,0.6855537602492844,0.05124240529916561,0.6668905843160267,0.05,-0.3999999999999999,0.8,2.0,17.0,0,0,3,0,3,36,0,9,13,0
2000414,0.0,0.05,0.75,4.795671875,4.8,0.004328125000000003,-3,4.328125,1.828125,0.140625,0.09375,0.0,0.5406249999999999,0.5351562499999997,0.5669872169418405,0.05002712407593848,0.3612672763109346,0.05,-0.2,4.999999999999999,1.0,14.0,0,0,2,0,5,40,0,14,3,0
2000415,1.0,0.05,0.75,0.4307031250000011,0.45000000000000107,0.019296875000000012,-6,19.296875,3.921875,0.125,0.03125,0.0,0.6000000000000008,0.6265624999999992,0.9873298882451731,0.05007094318955446,0.9871949090903468,0.05000000000000001,-0.10000000000000009,0.5499999999999998,2.0,8.0,0,0,0,0,0,10,0,0,54,0
2000416,1.0,0.05,0.75,0.8910468749999986,0.8999999999999986,0.008953125000000006,-6,8.953125,2.515625,0.15625,0.0625,0.0,0.5750000000000004,0.5539062499999996,0.7353997046070264,0.050059897367337736,0.7069536346594171,0.049999999999999996,-0.34999999999999987,1.2500000000000002,2.0,12.0,0,0,0,0,0,41,0,8,15,0
2000417,1.0,0.05,0.75,0.6394374999999994,0.6499999999999995,0.010562500000000008,-5,10.5625,2.84375,0.109375,0.03125,0.0,0.6000000000000008,0.6148437499999994,0.9831367351157756,0.05002511839442019,0.9827792677333475,0.05,-0.30000000000000004,0.9499999999999997,3.0,6.0,0,0,0,0,0,15,0,0,49,0
2000418,0.0,0.05,0.75,3.0482656250000018,3.0500000000000016,0.001734375000000001,3,1.734375,0.953125,0.140625,0.1875,0.0,0.46874999999999917,0.509375,0.4701775764868168,0.051564378620823394,0.00974454387443721,0.05,-2.0,5.050000000000002,7.0,14.0,0,0,0,0,42,18,0,0,4,0
2000419,0.0,0.05,0.75,6.445046874999999,6.449999999999999,0.004953125000000003,-3,4.953125,1.640625,0.203125,0.15625,0.0,0.5031249999999997,0.5562499999999995,0.7353407164094996,0.06234879655557086,0.269891312586219,0.05,-1.1500000000000001,7.6,3.0,20.0,0,0,3,0,15,19,0,16,11,0
2000420,1.0,0.05,0.75,2.684953125000001,2.700000000000001,0.015046875000000012,-3,15.046875,3.484375,0.125,0.078125,0.0,0.6000000000000006,0.6476562499999993,0.9847225156188006,0.05026109763565865,0.9834478168539333,0.05000000000000001,-0.20000000000000018,2.8999999999999995,4.0,9.0,0,0,0,0,0,1,0,0,63,0
2000421,0.0,0.05,0.75,6.834374999999998,6.849999999999998,0.01562500000000001,-7,15.625,3.0,0.203125,0.09375,0.0,0.5187499999999996,0.38984375000000043,0.15319276113605762,0.050259361484425155,0.011886173589826722,0.05,-0.35,7.199999999999998,2.0,17.0,0,26,21,0,0,17,0,0,0,0
2000422,0.0,0.05,0.75,4.9464375,4.95,0.0035625000000000027,-3,3.5625,1.65625,0.140625,0.09375,0.0,0.5281249999999997,0.49296874999999996,0.5078905250582422,0.050030624305948346,0.17035529322894702,0.049999999999999996,-0.8,5.75,3.0,12.0,0,0,6,0,23,32,0,0,3,0
2000423,0.0,0.05,0.75,5.4485937500000015,5.450000000000001,0.0014062500000000006,-2,1.40625,0.8125,0.171875,0.140625,0.0,0.4843749999999992,0.509375,0.48234170815783567,0.05053106067905544,0.07479062242358196,0.05,-1.1500000000000001,6.600000000000001,4.0,16.0,0,0,0,0,37,23,0,0,4,0
2000424,0.0,0.05,0.75,4.991234375,5.0,0.008765625000000006,-4,8.765625,2.359375,0.125,0.0625,0.0,0.5718750000000004,0.5468749999999996,0.6646172898246291,0.050006061272687426,0.6009177637595708,0.05,-0.8,5.8,2.0,10.0,0,0,3,0,0,38,0,9,14,0
2000425,0.0,0.05,0.75,4.294921875,4.3,0.005078125000000004,-2,5.078125,1.984375,0.125,0.09375,0.0,0.5687500000000002,0.5679687499999997,0.5290493638614611,0.05000864756797422,0.3988013272728988,0.05,-0.7000000000000001,4.999999999999999,2.0,12.0,0,0,0,0,0,35,0,10,19,0
2000426,0.0,0.05,0.75,6.096265625000002,6.100000000000001,0.0037343750000000007,-4,3.734375,1.515625,0.171875,0.109375,0.0,0.5062499999999994,0.5140625,0.3487167592166962,0.05010702656334779,0.1429811215140814,0.05000000000000001,-0.5,6.600000000000001,2.0,16.0,0,0,0,0,30,28,0,0,6,0
2000427,0.0,0.05,0.75,6.444812500000001,6.450000000000001,0.005187500000000004,-5,5.1875,1.875,0.171875,0.09375,0.0,0.5062499999999995,0.50703125,0.4173579165444379,0.050097890243289575,0.23219050866063098,0.05,-0.9000000000000001,7.350000000000001,4.0,13.0,0,0,5,0,28,23,0,2,6,0
2000428,1.0,0.05,0.75,4.287328125000004,4.300000000000003,0.012671875000000008,-1,12.671875,3.015625,0.140625,0.125,0.0,0.6000000000000006,0.6289062499999992,0.9589796855288487,0.05101185935433132,0.9165444269818952,0.05,-0.40000000000000013,4.699999999999999,5.0,12.0,0,0,0,0,0,9,0,0,55,0
2000429,0.0,0.05,0.75,8.584484374999999,8.6,0.015515625000000009,-7,15.515625,3.015625,0.234375,0.125,0.0,0.55,0.35703125000000024,0.06124822821175918,0.05382411092285453,0.0006584197357891227,0.05,-0.29999999999999993,8.9,4.0,19.0,0,16,45,0,0,3,0,0,0,0
2000430,1.0,0.05,0.75,0.4867031249999991,0.4999999999999991,0.01329687500000001,-6,13.296875,3.171875,0.140625,0.046875,0.0,0.5750000000000004,0.5585937499999997,0.7196493851172496,0.0500116514149362,0.7069536346594163,0.049999999999999996,-0.5999999999999999,1.1000000000000003,3.0,9.0,0,0,0,0,0,39,0,8,17,0
2000431,1.0,0.05,0.75,-0.11374999999999877,-0.09999999999999876,0.013750000000000009,-6,13.75,3.0,0.109375,0.015625,0.0,0.5968750000000007,0.5890624999999993,0.9827761065830196,0.05001606848680024,0.9823995440472038,0.05000000000000001,-0.10000000000000009,0.0,2.0,6.0,0,0,0,0,0,26,0,1,37,0
2000432,1.0,0.05,0.75,1.5461718749999998,1.5499999999999998,0.003828125000000003,-3,3.828125,1.828125,0.109375,0.0625,0.0,0.5875000000000005,0.5398437500000001,0.4367470695496385,0.05000132402700911,0.3512403556690998,0.05000000000000002,-0.7,2.25,3.0,8.0,0,0,0,0,4,43,0,0,17,0
2000433,1.0,0.05,0.75,1.9776406250000027,2.0000000000000027,0.022359374999999987,-5,22.359375,4.578125,0.140625,0.0625,0.0,0.6000000000000006,0.6476562499999993,0.9958188529966903,0.051273378847806306,0.995646530828909,0.05000000000000001,-0.20000000000000018,2.1999999999999993,4.0,9.0,0,0,0,0,0,1,0,0,63,0
2000434,1.0,0.05,0.75,1.3817031249999967,1.3999999999999968,0.01829687500000001,-8,18.296875,3.484375,0.21875,0.09375,0.0,0.5625000000000002,0.5726562499999994,0.9243629374021101,0.06790571347485883,0.9051436591791309,0.05,-0.3999999999999999,1.8000000000000003,2.0,18.0,0,0,1,0,1,30,0,11,21,0
2000435,0.0,0.05,0.75,7.689468750000002,7.700000000000002,0.010531250000000004,-6,10.53125,2.4375,0.203125,0.109375,0.0,0.4781249999999991,0.5046875,0.47129356628816316,0.051665028761625306,0.2333950614294784,0.05000000000000001,-0.7,8.4,3.0,17.0,0,0,2,0,39,19,0,0,4,0
2000436,0.0,0.05,0.75,1.7469999999999997,1.7499999999999996,0.003000000000000002,3,3.0,1.5,0.0625,0.109375,0.0,0.5750000000000004,0.5890624999999997,0.08150651537721441,0.05002538180861784,0.028847571432588835,0.049999999999999996,-0.8,2.55,4.0,7.0,0,3,2,0,0,16,0,5,38,0
2000437,1.0,0.05,0.75,2.747734375,2.75,0.0022656250000000016,-2,2.265625,1.296875,0.125,0.09375,0.0,0.5781250000000004,0.6242187499999993,0.7607108748172533,0.050021758681421204,0.7274715146265385,0.05,-0.1499999999999999,2.9,1.0,13.0,0,0,0,0,0,11,0,7,46,0
2000438,1.0,0.05,0.75,2.9988593750000017,3.0000000000000018,0.0011406250000000008,-2,1.140625,0.859375,0.15625,0.125,0.0,0.4781249999999991,0.51640625,0.36998020987239,0.050087284278648905,0.08745295296871594,0.05,-0.5,3.500000000000001,2.0,16.0,0,0,0,0,39,18,0,0,7,0
2000439,0.0,0.05,0.75,6.840984375000001,6.8500000000000005,0.009015625000000005,-6,9.015625,2.546875,0.171875,0.078125,0.0,0.5093749999999995,0.51171875,0.4018155597620926,0.05004786518754356,0.29905819139059153,0.05,-0.2,7.050000000000001,1.0,15.0,0,0,1,0,29,28,0,0,6,0
2000440,1.0,0.05,0.75,0.4902187499999991,0.4999999999999991,0.009781250000000005,-6,9.78125,2.4375,0.140625,0.046875,0.0,0.5875000000000006,0.5703124999999997,0.8535398074899796,0.050023836293165286,0.8461852533574529,0.05,-0.050000000000000044,0.5500000000000003,1.0,11.0,0,0,0,0,0,34,0,4,26,0
2000441,1.0,0.05,0.75,2.390484375,2.4000000000000004,0.009515625000000005,-7,9.515625,2.234375,0.203125,0.09375,0.0,0.5656250000000003,0.6265624999999992,0.9947914902813606,0.10816544711859452,0.9924102634684973,0.05,-0.40000000000000013,2.8000000000000003,5.0,14.0,0,0,0,0,0,10,0,11,43,0
2000442,1.0,0.05,0.75,1.7388125000000028,1.7500000000000027,0.011187500000000006,-4,11.1875,2.84375,0.125,0.0625,0.0,0.5968750000000006,0.5960937499999993,0.9723407279361348,0.05009624865514304,0.9678024805034492,0.05,-0.15000000000000013,1.8999999999999997,3.0,9.0,0,0,0,0,0,23,0,1,40,0
2000443,1.0,0.05,0.75,0.49468749999999895,0.5499999999999989,0.055312500000000014,-10,55.3125,6.96875,0.1875,0.03125,0.0,0.6000000000000006,0.6453124999999993,0.9999271442396098,0.15060301617301464,0.9998772323596632,0.05,-0.4500000000000004,0.9999999999999998,9.0,5.0,0,0,0,0,0,2,0,0,62,0
2000444,1.0,0.05,0.75,1.044765625,1.0499999999999998,0.005234375000000004,-4,5.234375,1.984375,0.125,0.0625,0.0,0.5812500000000005,0.5468749999999999,0.6483354730187144,0.050005608806419466,0.5893393858613349,0.05,-0.19999999999999996,1.2500000000000002,1.0,11.0,0,0,0,0,0,44,0,6,14,0
2000445,0.0,0.05,0.75,5.74440625,5.75,0.005593750000000004,-5,5.59375,2.03125,0.140625,0.0625,0.0,0.55,0.51875,0.5058310207631407,0.05000878479254127,0.4074971999543996,0.05,-0.4,6.15,2.0,11.0,0,0,0,0,16,40,0,0,8,0
2000446,1.0,0.05,0.75,-0.8743281249999988,-0.8499999999999988,0.024328125000000016,-8,24.328125,4.265625,0.125,0.0,0.0,0.6000000000000008,0.6218749999999993,0.9949816140698549,0.0500700502681148,0.9949680885953424,0.049999999999999996,-0.15000000000000013,-0.7,3.0,5.0,0,0,0,0,0,12,0,0,52,0
2000447,1.0,0.05,0.75,1.692218750000001,1.700000000000001,0.007781250000000004,-3,7.78125,2.34375,0.109375,0.0625,0.0,0.5781250000000003,0.5703124999999993,0.8130191807242297,0.050006863136062396,0.7700712447862724,0.05,-0.30000000000000004,2.0,3.0,8.0,0,0,7,0,0,20,0,7,30,0
2000448,0.0,0.05,0.75,7.43428125,7.45,0.01571875000000001,-7,15.71875,3.3125,0.203125,0.09375,0.0,0.47812499999999925,0.45078125,0.3496540772563898,0.05079816119685919,0.10754101814506754,0.05,-0.2,7.650000000000001,1.0,18.0,0,1,20,0,38,5,0,0,0,0
2000449,0.0,0.05,0.75,5.2453593750000005,5.250000000000001,0.004640625000000003,-4,4.640625,1.796875,0.140625,0.078125,0.0,0.4718749999999992,0.49296874999999996,0.48081656620271124,0.05001700393443573,0.23590328282479187,0.05,-0.7,5.950000000000001,3.0,11.0,0,0,3,0,41,20,0,0,0,0
2000450,1.0,0.05,0.75,1.1406718749999987,1.1499999999999986,0.009328125000000007,-7,9.328125,2.265625,0.1875,0.078125,0.0,0.55,0.5539062499999997,0.7305496649677015,0.05055391091095725,0.6970915808037349,0.05,-0.5499999999999998,1.7,3.0,14.0,0,0,0,0,2,39,0,14,9,0
2000451,0.0,0.05,0.75,4.699093750000002,4.700000000000002,0.0009062500000000004,0,0.90625,0.6875,0.15625,0.15625,0.0,0.4906249999999992,0.50703125,0.5048308155817953,0.050588073453307764,0.029862580938255282,0.05,-0.4,5.100000000000001,2.0,18.0,0,0,1,0,35,24,0,0,4,0
2000452,1.0,0.05,0.75,2.432687500000002,2.450000000000002,0.017312500000000012,-5,17.3125,3.875,0.15625,0.078125,0.0,0.6000000000000008,0.6406249999999992,0.995297088492847,0.05408709459402121,0.9948430023797554,0.049999999999999996,-0.15000000000000013,2.5999999999999996,3.0,12.0,0,0,0,0,0,4,0,0,60,0
2000453,0.0,0.05,0.75,5.589499999999999,5.6,0.010500000000000006,-4,10.5,2.5625,0.140625,0.078125,0.0,0.5500000000000004,0.51640625,0.38791682173573494,0.05001156962109533,0.23972990262142577,0.05,-0.2,5.8,1.0,13.0,0,0,0,0,16,41,0,0,7,0
2000454,0.0,0.05,0.75,6.846062500000001,6.850000000000001,0.003937500000000001,-5,3.9375,1.34375,0.203125,0.125,0.0,0.4687499999999992,0.5,0.43147732659687676,0.051153694111077945,0.1419352445420557,0.049999999999999996,-0.5,7.350000000000001,2.0,19.0,0,1,4,0,41,13,0,0,5,0
2000455,0.0,0.05,0.75,6.540703125,6.550000000000001,0.009296875000000005,-5,9.296875,2.578125,0.171875,0.09375,0.0,0.5062499999999995,0.490625,0.47048278600314397,0.05020273824625494,0.20045606187609943,0.05000000000000001,-0.4,6.950000000000001,2.0,15.0,0,0,6,0,28,28,0,2,0,0
2000456,0.0,0.05,0.75,4.598515625000001,4.600000000000001,0.0014843750000000009,-2,1.484375,0.859375,0.140625,0.109375,0.0,0.5218749999999996,0.50703125,0.4731973369160649,0.05003494837370349,0.1301251482353596,0.05,-1.1,5.700000000000001,4.0,12.0,0,0,2,0,25,32,0,0,5,0
2000457,1.0,0.05,0.75,2.4872343750000026,2.5000000000000027,0.012765625000000008,-4,12.765625,3.171875,0.140625,0.078125,0.0,0.6000000000000008,0.6078124999999993,0.9772828527363551,0.050560256347024116,0.9723729912103711,0.05000000000000001,-0.6000000000000001,3.0999999999999996,6.0,8.0,0,0,3,0,0,12,0,0,49,0
2000458,1.0,0.05,0.75,-0.8713281249999988,-0.8499999999999988,0.021328125000000014,-8,21.328125,3.859375,0.125,0.0,0.0,0.5968750000000007,0.6007812499999993,0.9949962812101717,0.05007064196623469,0.9949680885953424,0.049999999999999996,-0.30000000000000004,-0.55,3.0,5.0,0,0,0,0,0,21,0,1,42,0
2000459,1.0,0.05,0.75,2.642765624999999,2.649999999999999,0.007234375000000005,-1,7.234375,2.328125,0.09375,0.078125,0.0,0.6000000000000008,0.6359374999999993,0.8653563266993946,0.050004844758561005,0.8525209626649599,0.04999999999999999,-0.3500000000000001,2.9999999999999996,4.0,7.0,0,0,0,0,0,6,0,0,58,0
2000460,0.0,0.05,0.75,4.645515625000001,4.65,0.004484375000000003,0,4.484375,1.796875,0.15625,0.15625,0.0,0.5031249999999994,0.4765625,0.6359641225565895,0.050598896443522966,0.022176208914452284,0.049999999999999996,-1.4000000000000001,6.050000000000001,6.0,14.0,0,0,13,0,31,17,0,0,3,0
2000461,1.0,0.05,0.75,3.129531250000002,3.150000000000002,0.02046875000000001,-6,20.46875,4.25,0.1875,0.09375,0.0,0.6000000000000006,0.6406249999999992,0.9996794877058754,0.18112444239496522,0.9991929537167776,0.049999999999999996,-0.4500000000000004,3.599999999999999,9.0,9.0,0,0,0,0,0,4,0,0,60,0
2000462,0.0,0.05,0.75,2.8961249999999996,2.8999999999999995,0.0038750000000000017,1,3.875,1.46875,0.09375,0.109375,0.0,0.5750000000000004,0.6218749999999994,0.5177085745458885,0.05000619027990675,0.3960778532176092,0.05,-0.7000000000000001,3.6,2.0,11.0,0,0,0,0,0,12,0,8,44,0
2000463,1.0,0.05,0.75,2.2452812499999992,2.249999999999999,0.0047187500000000025,-3,4.71875,1.625,0.15625,0.109375,0.0,0.5249999999999997,0.5890624999999995,0.6419507233521297,0.05008761887694932,0.5561682616556396,0.05,-0.1499999999999999,2.4000000000000004,1.0,16.0,0,0,0,0,0,26,0,24,14,0
2000464,1.0,0.05,0.75,1.8830000000000013,1.9000000000000012,0.017000000000000005,-5,17.0,3.40625,0.15625,0.078125,0.0,0.5812500000000004,0.6078124999999994,0.9408126625242589,0.05036779761918926,0.9354971683409511,0.05,-0.6500000000000001,2.55,4.0,11.0,0,0,2,0,0,14,0,6,42,0
2000465,1.0,0.05,0.75,2.0467031250000005,2.0500000000000007,0.003296875000000002,-4,3.296875,1.390625,0.171875,0.109375,0.0,0.5062499999999995,0.5093750000000001,0.3554457035931439,0.05010618567637298,0.1396496697846517,0.05,-1.1,3.1500000000000017,4.0,14.0,0,0,4,0,29,23,0,1,7,0
2000466,0.0,0.05,0.75,7.292593750000002,7.300000000000002,0.007406250000000003,-6,7.40625,1.9375,0.203125,0.109375,0.0,0.4781249999999991,0.5,0.4036130732579459,0.05069918453911306,0.19908743160743494,0.05,-0.5,7.800000000000002,2.0,18.0,0,0,6,0,39,13,0,0,6,0
2000467,1.0,0.05,0.75,0.5354531250000008,0.5500000000000007,0.014546875000000004,-8,14.546875,2.609375,0.21875,0.09375,0.0,0.5249999999999997,0.53515625,0.6346407024517384,0.05165312314504887,0.5721945057850187,0.05,-0.8,1.3499999999999992,3.0,17.0,0,0,0,0,20,29,0,4,11,0
2000468,1.0,0.05,0.75,1.6366562500000004,1.6500000000000004,0.01334375000000001,-4,13.34375,3.1875,0.140625,0.078125,0.0,0.5718750000000002,0.5843749999999994,0.6858700991826138,0.050019096910769785,0.6559027766883821,0.05,-0.7999999999999998,2.4499999999999993,4.0,10.0,0,0,3,0,0,22,0,9,30,0
2000469,1.0,0.05,0.75,-0.7643437500000009,-0.7500000000000009,0.01434375000000001,-8,14.34375,3.0,0.15625,0.03125,0.0,0.5781250000000004,0.5187499999999997,0.866196095264515,0.05003299454183211,0.856178069782981,0.05,-0.050000000000000044,-0.7,1.0,11.0,0,0,3,0,5,45,0,2,9,0
2000470,0.0,0.05,0.75,8.089531250000002,8.100000000000001,0.010468750000000002,-6,10.46875,2.15625,0.21875,0.125,0.0,0.5031249999999996,0.5281249999999998,0.5180966749565142,0.056845799688883925,0.2734385569910305,0.049999999999999996,-1.35,9.450000000000001,5.0,17.0,0,0,0,0,26,26,0,5,7,0
2000471,1.0,0.05,0.75,3.3310937499999977,3.349999999999998,0.018906250000000003,-7,18.90625,3.40625,0.25,0.140625,0.0,0.5656250000000004,0.5726562499999995,0.9797819995565142,0.25062656814598183,0.8073317287512818,0.05,-0.30000000000000004,3.6500000000000004,3.0,22.0,0,0,0,0,10,23,0,1,30,0
2000472,0.0,0.05,0.75,2.1475624999999994,2.1499999999999995,0.0024375000000000013,2,2.4375,1.125,0.09375,0.125,0.0,0.5156249999999996,0.5304687499999997,0.5408149313611033,0.05001032236150156,0.08470531757822264,0.049999999999999996,-1.2,3.3499999999999996,3.0,11.0,0,0,0,0,14,37,0,13,0,0
2000473,1.0,0.05,0.75,1.542437499999999,1.549999999999999,0.007562500000000006,-4,7.5625,2.3125,0.140625,0.078125,0.0,0.5781250000000004,0.5656249999999997,0.6257821951487221,0.050018499181016494,0.5680946199628429,0.05,-0.5999999999999999,2.1500000000000004,3.0,11.0,0,0,0,0,0,36,0,7,21,0
2000474,1.0,0.05,0.75,-1.1172500000000023,-1.1000000000000023,0.017250000000000005,-9,17.25,3.28125,0.21875,0.078125,0.0,0.5187499999999996,0.35468750000000027,0.225856733026224,0.05198736490731331,0.014001494051852187,0.05000000000000001,-1.6,0.5000000000000002,4.0,15.0,0,26,36,0,0,2,0,0,0,0
2000475,1.0,0.05,0.75,3.0455156250000006,3.0500000000000007,0.004484375000000003,-3,4.484375,1.796875,0.140625,0.09375,0.0,0.5968750000000007,0.6335937499999993,0.973871043505685,0.0506241009956379,0.9683610918801483,0.049999999999999996,-0.40000000000000013,3.4499999999999993,5.0,10.0,0,0,0,0,0,7,0,1,56,0
2000476,1.0,0.05,0.75,0.8417499999999997,0.8499999999999996,0.008250000000000006,-4,8.25,2.65625,0.09375,0.03125,0.0,0.6000000000000006,0.6429687499999993,0.9770897503683591,0.05000849939501646,0.9768766253394799,0.05000000000000001,-0.10000000000000009,0.9499999999999997,2.0,6.0,0,0,0,0,0,3,0,0,61,0
2000477,0.0,0.05,0.75,4.699546875000001,4.700000000000001,0.0004531250000000002,-1,0.453125,0.390625,0.15625,0.140625,0.0,0.4843749999999991,0.5,0.49389705681327356,0.05023467952443942,0.053312491887036045,0.05,-0.8,5.500000000000002,3.0,16.0,0,0,0,0,37,27,0,0,0,0
2000478,0.0,0.05,0.75,5.498875,5.5,0.0011250000000000006,-4,1.125,0.78125,0.15625,0.09375,0.0,0.5156249999999996,0.51875,0.5082681332634825,0.05004747008961325,0.2926882694392845,0.04999999999999999,-0.6,6.1000000000000005,2.0,14.0,0,0,0,0,27,29,0,0,8,0
2000479,1.0,0.05,0.75,0.4918906249999991,0.4999999999999991,0.008109375000000005,-6,8.109375,2.421875,0.140625,0.046875,0.0,0.5875000000000007,0.5539062499999997,0.8594234156110797,0.0500295774110406,0.8461852533574525,0.05000000000000002,-0.6499999999999999,1.1500000000000001,4.0,8.0,0,0,0,0,0,41,0,4,19,0
2000480,1.0,0.05,0.75,0.18576562500000104,0.20000000000000107,0.014234375000000007,-8,14.234375,2.734375,0.203125,0.078125,0.0,0.4968749999999997,0.490625,0.5914293785590895,0.05101662509642524,0.4460905690213518,0.05,-0.5,0.6999999999999995,2.0,16.0,0,0,4,0,33,27,0,0,0,0
2000481,0.0,0.05,0.75,3.1475625000000003,3.1500000000000004,0.0024375000000000017,2,2.4375,1.28125,0.125,0.15625,0.0,0.47187499999999916,0.5,0.6197921017483545,0.050120364664245964,0.026935338246126123,0.05,-1.7500000000000002,4.900000000000001,6.0,12.0,0,0,2,0,41,19,0,0,2,0
2000482,1.0,0.05,0.75,2.0930468750000006,2.1000000000000005,0.006953125000000005,-3,6.953125,2.484375,0.109375,0.0625,0.0,0.6000000000000006,0.6453124999999993,0.9763567487309411,0.05004634298970985,0.9753629908838525,0.05,-0.10000000000000009,2.1999999999999993,2.0,9.0,0,0,0,0,0,2,0,0,62,0
2000483,1.0,0.05,0.75,2.2468437499999996,2.2499999999999996,0.0031562500000000024,0,3.15625,1.65625,0.0625,0.0625,0.0,0.6000000000000006,0.6453124999999993,0.7488631633672814,0.05000028733352362,0.7403466361172993,0.049999999999999996,-0.10000000000000009,2.3499999999999996,2.0,6.0,0,0,0,0,0,2,0,0,62,0
2000484,0.0,0.05,0.75,4.296593750000001,4.300000000000002,0.003406250000000002,1,3.40625,1.5625,0.15625,0.171875,0.0,0.49687499999999923,0.48828125,0.5634308916836767,0.05093731094102398,0.014902335169169842,0.05,-1.05,5.350000000000002,4.0,17.0,0,1,6,0,32,23,0,0,2,0
2000485,1.0,0.05,0.75,0.7829843750000007,0.8000000000000007,0.01701562500000001,-5,17.015625,3.890625,0.109375,0.03125,0.0,0.6000000000000006,0.6429687499999993,0.9903386448076584,0.050044639814197954,0.9902476427112221,0.05000000000000001,-0.20000000000000018,0.9999999999999998,4.0,5.0,0,0,0,0,0,3,0,0,61,0
2000486,0.0,0.05,0.75,3.197265624999999,3.1999999999999993,0.0027343750000000016,0,2.734375,1.453125,0.109375,0.109375,0.0,0.5687500000000002,0.5960937499999995,0.5288099384488144,0.050006793961102566,0.37312583222024853,0.05,-0.8,3.999999999999999,2.0,12.0,0,0,0,0,0,23,0,10,31,0
2000487,1.0,0.05,0.75,0.5938750000000005,0.6000000000000005,0.006125000000000004,-4,6.125,2.21875,0.09375,0.03125,0.0,0.5937500000000007,0.6124999999999993,0.9366980779748665,0.050002925718158626,0.9354870056879729,0.05,-0.10000000000000009,0.7,2.0,6.0,0,0,0,0,0,16,0,2,46,0
2000488,1.0,0.05,0.75,2.1425625000000013,2.1500000000000012,0.007437500000000006,-4,7.4375,2.4375,0.140625,0.078125,0.0,0.5781250000000004,0.6031249999999994,0.9320453320301612,0.050163520466531705,0.9210463994191207,0.05,-0.3999999999999999,2.55,3.0,11.0,0,0,7,0,0,6,0,7,44,0
2000489,1.0,0.05,0.75,1.596359375,1.6,0.0036406250000000024,-1,3.640625,1.796875,0.0625,0.046875,0.0,0.6000000000000006,0.6406249999999992,0.8237908470562082,0.05000027741631364,0.8203490347796315,0.05000000000000001,-0.10000000000000009,1.6999999999999997,2.0,5.0,0,0,0,0,0,4,0,0,60,0
2000490,0.0,0.05,0.75,1.9968125,2.0,0.003187500000000002,0,3.1875,1.40625,0.0625,0.0625,0.0,0.5656250000000003,0.5445312499999999,0.37597397766891155,0.05000015559787319,0.2516255964378441,0.049999999999999996,-0.4,2.4000000000000004,2.0,6.0,0,0,0,0,5,40,0,6,13,0
2000491,0.0,0.05,0.75,5.4462656250000006,5.45,0.0037343750000000024,-3,3.734375,1.609375,0.171875,0.125,0.0,0.5124999999999996,0.5304687499999998,0.6084427065177217,0.05047778116409442,0.24591710334320843,0.05,-0.5,5.95,2.0,17.0,0,0,4,0,17,26,0,11,6,0
2000492,1.0,0.05,0.75,1.386546875000002,1.4000000000000021,0.013453125000000008,-4,13.453125,3.234375,0.125,0.0625,0.0,0.55,0.5937499999999993,0.6695220174684572,0.05000543031188094,0.6570403906929041,0.05,-0.5999999999999999,2.0,4.0,8.0,0,0,3,0,0,18,0,16,27,0
2000493,0.0,0.05,0.75,5.298359375000001,5.300000000000002,0.001640625000000001,-1,1.640625,1.046875,0.171875,0.15625,0.0,0.48437499999999917,0.50234375,0.4746871311682335,0.05102779511371082,0.035737365779740266,0.05,-1.0,6.300000000000002,4.0,17.0,0,0,1,0,37,24,0,0,2,0
2000494,1.0,0.05,0.75,1.9460625000000003,1.9500000000000002,0.003937500000000002,-1,3.9375,1.59375,0.078125,0.0625,0.0,0.5875000000000006,0.5726562499999994,0.5818167529266788,0.05000036902698265,0.5077568084405961,0.05,-0.050000000000000044,2.0,1.0,8.0,0,0,0,0,0,33,0,4,27,0
2000495,1.0,0.05,0.75,-1.4855000000000012,-1.450000000000001,0.0355,-11,35.5,4.75,0.234375,0.0625,0.0,0.48437499999999944,0.46015624999999993,0.44692019210688216,0.05164228054398618,0.35951061444545895,0.05,-1.2000000000000002,-0.25000000000000067,4.0,15.0,0,2,15,0,35,12,0,0,0,0
2000496,1.0,0.05,0.75,3.0931718750000012,3.1000000000000014,0.006828125000000005,-1,6.828125,2.296875,0.109375,0.09375,0.0,0.6000000000000006,0.6359374999999993,0.8529736321779539,0.050015899819154074,0.829815870684643,0.05,-0.5,3.5999999999999996,4.0,9.0,0,0,0,0,0,6,0,0,58,0
2000497,1.0,0.05,0.75,1.886031250000002,1.9000000000000021,0.013968750000000009,-4,13.96875,3.40625,0.125,0.0625,0.0,0.6000000000000006,0.6382812499999992,0.98239280033015,0.050136052215261795,0.9816447547204409,0.049999999999999996,-0.30000000000000027,2.1999999999999997,6.0,6.0,0,0,0,0,0,5,0,0,59,0
2000498,1.0,0.05,0.75,0.936921875000001,0.9500000000000011,0.013078125000000008,-6,13.078125,3.015625,0.15625,0.0625,0.0,0.5718750000000005,0.6054687499999993,0.9344491290272744,0.05016884094546235,0.9316540813064551,0.05,-0.25,1.2000000000000002,3.0,11.0,0,0,0,0,0,19,0,9,36,0
2000499,0.0,0.05,0.75,3.89828125,3.9000000000000004,0.001718750000000001,-1,1.71875,1.09375,0.125,0.109375,0.0,0.4999999999999994,0.51640625,0.3716237628191028,0.05001320246810508,0.0967500804617561,0.05000000000000002,-0.8,4.7,3.0,12.0,0,0,0,0,30,27,0,2,5,0
2000500,0.0,0.05,0.75,6.246609375,6.25,0.003390625000000002,-3,3.390625,1.515625,0.171875,0.125,0.0,0.5312499999999998,0.54921875,0.4893320298890692,0.05039618478839637,0.24255194977855027,0.05,-0.55,6.8,2.0,17.0,0,0,2,0,16,23,0,6,17,0
2000501,0.0,0.05,0.75,5.439218749999999,5.449999999999999,0.010781250000000008,-5,10.78125,2.75,0.125,0.046875,0.0,0.5687500000000003,0.5726562499999995,0.6990288128863946,0.0500031458620282,0.6884922778207581,0.049999999999999996,-0.55,6.0,2.0,9.0,0,0,2,0,0,29,0,10,23,0
2000502,1.0,0.05,0.75,4.445187500000001,4.450000000000001,0.004812500000000003,-1,4.8125,1.875,0.140625,0.125,0.0,0.6000000000000006,0.6382812499999992,0.9750398393962797,0.051623044296366924,0.9513148772906269,0.05000000000000001,-0.2500000000000002,4.699999999999999,5.0,12.0,0,0,0,0,0,5,0,0,59,0
2000503,0.0,0.05,0.75,8.392906250000001,8.4,0.007093750000000003,-5,7.09375,2.0625,0.234375,0.15625,0.0,0.5968750000000007,0.38750000000000046,0.060686524834580154,0.06272108090434764,0.00034625658505350117,0.05,-0.39999999999999997,8.8,5.0,20.0,0,1,48,0,0,14,0,0,1,0
2000504,0.0,0.05,0.75,1.1399843749999994,1.1499999999999995,0.010015625000000005,5,10.015625,2.328125,0.09375,0.171875,0.0,0.48124999999999907,0.51875,0.5298209442175792,0.05013303221151884,0.013115949318646595,0.05000000000000001,-0.3,1.4499999999999995,1.0,16.0,0,0,0,0,38,18,0,0,8,0
2000505,0.0,0.05,0.75,8.132906249999998,8.149999999999999,0.017093750000000008,-7,17.09375,3.15625,0.21875,0.109375,0.0,0.528125,0.5093749999999997,0.5585520922544172,0.05431389268766865,0.35011991138467097,0.05,-0.8500000000000001,9.0,3.0,18.0,0,0,8,0,17,27,0,6,6,0
2000506,0.0,0.05,0.75,4.44640625,4.45,0.0035937500000000023,-4,3.59375,1.53125,0.109375,0.046875,0.0,0.5468750000000001,0.48124999999999996,0.5918312585578905,0.05000215333365827,0.36997077190678934,0.049999999999999996,-0.6000000000000001,5.050000000000001,3.0,7.0,0,3,5,0,14,42,0,0,0,0
2000507,0.0,0.05,0.75,4.349203125000002,4.350000000000001,0.0007968750000000005,-1,0.796875,0.671875,0.140625,0.125,0.0,0.49374999999999925,0.490625,0.4980624850008045,0.050067761450121144,0.058953053541142234,0.05,-1.8000000000000003,6.150000000000001,7.0,10.0,0,0,4,0,34,26,0,0,0,0
2000508,0.0,0.05,0.75,1.6471249999999993,1.6499999999999992,0.0028750000000000017,1,2.875,1.46875,0.0625,0.078125,0.0,0.5718750000000002,0.5914062499999996,0.6314028124581477,0.050000329984029354,0.5219374300384965,0.05,-1.1500000000000001,2.8,3.0,6.0,0,0,0,0,0,25,0,9,30,0
2000509,0.0,0.05,0.75,5.345968750000001,5.3500000000000005,0.004031250000000003,-4,4.03125,1.59375,0.140625,0.078125,0.0,0.5187499999999996,0.49296875,0.5109896521203253,0.05002235677197278,0.2526151816107116,0.05,-0.5,5.8500000000000005,2.0,12.0,0,0,3,0,26,35,0,0,0,0
2000510,1.0,0.05,0.75,2.5473906250000002,2.5500000000000003,0.002609375000000002,-1,2.609375,1.390625,0.09375,0.078125,0.0,0.5906250000000006,0.6242187499999994,0.8025232075827159,0.0500031117580866,0.7792621095942757,0.05,-0.30000000000000004,2.8499999999999996,4.0,7.0,0,0,0,0,0,11,0,3,50,0
2000511,1.0,0.05,0.75,1.7917500000000015,1.8000000000000016,0.008250000000000006,-4,8.25,2.375,0.125,0.0625,0.0,0.5937500000000006,0.6289062499999993,0.9717730105577028,0.050088189702100765,0.970291802353938,0.05,-0.5,2.3,5.0,7.0,0,0,0,0,0,9,0,2,53,0
2000512,0.0,0.05,0.75,6.047593750000002,6.050000000000002,0.0024062500000000013,-2,2.40625,1.21875,0.1875,0.15625,0.0,0.49999999999999933,0.5,0.4555073955068558,0.05232884030529112,0.040076255577147564,0.049999999999999996,-0.5,6.550000000000002,2.0,20.0,0,0,4,0,32,24,0,0,4,0
2000513,1.0,0.05,0.75,3.8981874999999993,3.8999999999999995,0.0018125000000000007,0,1.8125,0.96875,0.109375,0.109375,0.0,0.6000000000000008,0.6265624999999992,0.9054697067989023,0.050043896342498825,0.8441656732298207,0.05,-0.5,4.3999999999999995,4.0,10.0,0,0,0,0,0,10,0,0,54,0
2000514,0.0,0.05,0.75,2.0985156250000006,2.1000000000000005,0.0014843750000000009,3,1.484375,0.984375,0.109375,0.15625,0.0,0.5093749999999996,0.5515625,0.5731638560794541,0.0501061474513,0.057643467070056485,0.04999999999999999,-2.1,4.2,7.0,10.0,0,0,0,0,25,17,0,4,18,0
2000515,1.0,0.05,0.75,0.9418906249999993,0.9499999999999993,0.008109375000000005,-6,8.109375,2.359375,0.171875,0.078125,0.0,0.5625000000000002,0.5351562499999998,0.6843886538052054,0.0501860729863234,0.6107365688766403,0.05,-0.5,1.4500000000000004,2.0,14.0,0,0,0,0,4,45,0,8,7,0
2000516,1.0,0.05,0.75,1.179765625000001,1.200000000000001,0.020234375000000006,-7,20.234375,3.484375,0.171875,0.0625,0.0,0.5687500000000004,0.5796874999999994,0.9751552757052522,0.051613869297746376,0.9724570996523259,0.05,-0.3500000000000001,1.55,5.0,10.0,0,0,2,0,0,26,0,10,26,0
2000517,1.0,0.05,0.75,1.8469374999999997,1.8499999999999996,0.0030625000000000023,-3,3.0625,1.5,0.125,0.078125,0.0,0.5562500000000001,0.6195312499999993,0.7380278438826713,0.050009343952144736,0.7238725665688893,0.05,-0.3999999999999999,2.2499999999999996,3.0,10.0,0,0,0,0,0,13,0,14,37,0
2000518,1.0,0.05,0.75,0.8918437500000004,0.9000000000000004,0.008156250000000006,-4,8.15625,2.34375,0.109375,0.046875,0.0,0.5718750000000004,0.5749999999999994,0.7647754076628336,0.050002518658732356,0.7509117846500476,0.05,-0.25,1.1500000000000001,2.0,8.0,0,0,0,0,0,32,0,9,23,0
2000519,1.0,0.05,0.75,0.3333125000000014,0.3500000000000014,0.016687500000000008,-8,16.6875,3.0625,0.203125,0.078125,0.0,0.5531250000000001,0.5140625000000001,0.6157923397073239,0.05075609141425724,0.53722536404303,0.05,-0.3999999999999999,0.7499999999999998,2.0,16.0,0,0,2,0,14,40,0,1,7,0
2000520,1.0,0.05,0.75,1.0920312500000005,1.1000000000000005,0.007968750000000005,-5,7.96875,2.53125,0.125,0.046875,0.0,0.6000000000000006,0.6265624999999994,0.9801153129114573,0.05007266677163386,0.9796493458224736,0.05000000000000001,-0.20000000000000018,1.2999999999999998,4.0,7.0,0,0,0,0,0,10,0,0,54,0
2000521,0.0,0.05,0.75,6.59540625,6.6,0.004593750000000003,-5,4.59375,1.90625,0.171875,0.09375,0.0,0.5718750000000002,0.53984375,0.6302720319855959,0.050277349866832556,0.49486677184878985,0.05,-1.0,7.599999999999999,3.0,14.0,0,0,0,0,5,42,0,4,13,0
2000522,0.0,0.05,0.75,4.896234375000002,4.900000000000002,0.0037656250000000025,-2,3.765625,1.609375,0.15625,0.125,0.0,0.48124999999999907,0.46249999999999997,0.433441645557639,0.050160454840030747,0.030780114896640468,0.05,-0.8500000000000001,5.750000000000002,4.0,14.0,0,1,15,0,37,11,0,0,0,0
2000523,0.0,0.05,0.75,5.297343749999999,5.299999999999999,0.002656250000000001,-5,2.65625,1.125,0.171875,0.09375,0.0,0.5218749999999996,0.4343750000000006,0.2322788310231658,0.05002549040373741,0.04391499459097655,0.05,-0.6499999999999999,5.949999999999998,4.0,13.0,0,25,3,0,0,36,0,0,0,0
2000524,1.0,0.05,0.75,3.9453750000000003,3.95,0.004625000000000003,-2,4.625,1.9375,0.140625,0.109375,0.0,0.6000000000000006,0.6429687499999993,0.9880264926448891,0.05213108231014317,0.9823565575784234,0.05,-0.20000000000000018,4.15,4.0,12.0,0,0,0,0,0,3,0,0,61,0
2000525,1.0,0.05,0.75,0.5337656250000007,0.5500000000000007,0.01623437500000001,-5,16.234375,3.546875,0.109375,0.03125,0.0,0.5781250000000006,0.6265624999999992,0.9606133959144987,0.0500116856526442,0.9602634267184628,0.05000000000000001,-0.10000000000000009,0.6499999999999999,2.0,7.0,0,0,3,0,0,4,0,7,50,0
2000526,0.0,0.05,0.75,4.996625000000001,5.000000000000001,0.003375000000000002,-4,3.375,1.46875,0.125,0.0625,0.0,0.5187499999999996,0.5140625,0.44803575489128106,0.05000304107895583,0.32392492214318513,0.05,-0.7,5.7,3.0,9.0,0,0,0,0,26,32,0,0,6,0
2000527,0.0,0.05,0.75,5.1938125,5.2,0.006187500000000003,-2,6.1875,1.90625,0.140625,0.109375,0.0,0.5156249999999998,0.50703125,0.4755306462168299,0.05006838907150602,0.11543778282008325,0.049999999999999996,-1.2000000000000002,6.3999999999999995,5.0,11.0,0,0,0,0,24,37,0,3,0,0
2000528,1.0,0.05,0.75,0.8888750000000003,0.9000000000000004,0.011125000000000006,-7,11.125,2.71875,0.171875,0.0625,0.0,0.5562500000000001,0.5960937499999994,0.9704905200481857,0.050822808026237246,0.9692366456915158,0.05,-0.95,1.8499999999999996,7.0,8.0,0,0,1,0,0,21,0,14,28,0
2000529,0.0,0.05,0.75,2.5974999999999993,2.599999999999999,0.0025000000000000014,3,2.5,1.34375,0.109375,0.15625,0.0,0.5937500000000006,0.6429687499999993,0.7776682294163809,0.050099242177265066,0.4471245334324202,0.05,-1.4000000000000001,4.000000000000001,4.0,13.0,0,0,0,0,0,3,0,2,59,0
2000530,1.0,0.05,0.75,0.985921875,1.0,0.014078125000000009,-5,14.078125,3.359375,0.140625,0.0625,0.0,0.5687500000000002,0.5890624999999995,0.6691324501232242,0.05000996934841591,0.6587819390910435,0.05000000000000001,-0.5499999999999998,1.55,3.0,10.0,0,0,0,0,0,26,0,10,28,0
2000531,0.0,0.05,0.75,2.547015624999999,2.549999999999999,0.002984375000000002,1,2.984375,1.328125,0.09375,0.109375,0.0,0.5312499999999998,0.5890624999999996,0.5293360161231258,0.050005151334619774,0.32243866842567936,0.05,-1.35,3.8999999999999995,4.0,9.0,0,0,0,0,9,17,0,13,25,0
2000532,0.0,0.05,0.75,1.9929531250000005,2.0000000000000004,0.007046875000000004,4,7.046875,2.109375,0.09375,0.15625,0.0,0.5187499999999997,0.5,0.5376224293208421,0.05009002025702422,0.011623403788539197,0.05,-0.7,2.7,3.0,13.0,0,0,0,0,26,38,0,0,0,0
2000533,0.0,0.05,0.75,3.544984375,3.55,0.005015625000000004,-2,5.015625,1.953125,0.09375,0.0625,0.0,0.5718750000000004,0.53984375,0.35124443661842536,0.05000040544924063,0.2611721812976137,0.05,-0.75,4.3,3.0,7.0,0,0,3,0,8,33,0,1,19,0
2000534,1.0,0.05,0.75,2.69653125,2.7,0.003468750000000002,0,3.46875,1.40625,0.078125,0.078125,0.0,0.6000000000000008,0.6265624999999992,0.7368116791673578,0.050000948177276634,0.7063209212414079,0.05,-0.30000000000000004,2.9999999999999996,3.0,7.0,0,0,0,0,0,10,0,0,54,0
2000535,0.0,0.05,0.75,3.3488281250000007,3.3500000000000005,0.0011718750000000006,1,1.171875,0.890625,0.125,0.140625,0.0,0.5156249999999996,0.5257812500000001,0.3790641495702431,0.05009309062407781,0.041252687455396224,0.05,-1.4000000000000001,4.750000000000001,5.0,12.0,0,0,0,0,27,26,0,0,11,0
2000536,0.0,0.05,0.75,5.041609374999999,5.049999999999999,0.008390625000000006,-3,8.390625,2.484375,0.125,0.078125,0.0,0.5781250000000004,0.5398437499999997,0.5188422260641032,0.050009847511422546,0.3721435337281035,0.05,-0.65,5.7,2.0,11.0,0,0,1,0,0,45,0,7,11,0
2000537,0.0,0.05,0.75,3.947828125000002,3.950000000000002,0.0021718750000000015,0,2.171875,1.109375,0.140625,0.140625,0.0,0.46874999999999917,0.51171875,0.44155642175057425,0.050110232177424475,0.04625281568556899,0.05,-0.8,4.750000000000002,3.0,15.0,0,0,0,0,42,17,0,0,5,0
2000538,0.0,0.05,0.75,7.983640625,8.0,0.01635937500000001,-7,16.359375,3.578125,0.21875,0.109375,0.0,0.5468749999999999,0.35468750000000027,0.08377521625043095,0.05161437139012924,0.001268514477343021,0.05,-0.29999999999999993,8.299999999999999,4.0,17.0,0,16,46,0,1,1,0,0,0,0
2000539,0.0,0.05,0.75,2.4467656249999994,2.4499999999999993,0.003234375000000002,2,3.234375,1.609375,0.109375,0.140625,0.0,0.47499999999999915,0.53984375,0.6291054553350792,0.05003363131164384,0.08922263404891595,0.05,-1.1,3.5500000000000007,3.0,13.0,0,0,0,0,38,9,0,2,15,0
2000540,0.0,0.05,0.75,7.986031250000002,8.000000000000002,0.013968750000000005,-7,13.96875,2.6875,0.203125,0.09375,0.0,0.5281249999999996,0.5140625,0.3922343102158188,0.05044160363986326,0.2817896023795208,0.05000000000000001,-0.6000000000000001,8.600000000000001,3.0,16.0,0,0,0,0,23,35,0,0,6,0
2000541,0.0,0.05,0.75,3.6965625,3.7,0.003437500000000002,0,3.4375,1.5625,0.125,0.125,0.0,0.5312499999999999,0.5749999999999995,0.43739761099002816,0.05002869370357967,0.18263741825183674,0.049999999999999996,-0.65,4.35,2.0,14.0,0,0,0,0,5,27,0,17,15,0
2000542,0.0,0.05,0.75,5.748281250000002,5.750000000000002,0.0017187500000000013,-1,1.71875,1.125,0.1875,0.171875,0.0,0.49999999999999933,0.48359374999999993,0.5192151931840616,0.054645768943099526,0.01823960301578606,0.05000000000000001,-1.1500000000000001,6.900000000000001,4.0,19.0,0,0,8,0,32,23,0,0,1,0
2000543,1.0,0.05,0.75,0.8352187500000015,0.8500000000000014,0.014781250000000011,-5,14.78125,3.5,0.125,0.046875,0.0,0.5906250000000005,0.6289062499999992,0.9437141055520696,0.050024170174498,0.9429328195251184,0.05000000000000001,-0.3999999999999999,1.2499999999999998,3.0,8.0,0,0,0,0,0,9,0,3,52,0
2000544,0.0,0.05,0.75,4.44496875,4.45,0.005031250000000003,-3,5.03125,1.71875,0.109375,0.0625,0.0,0.5718750000000002,0.5421874999999997,0.5669958574286633,0.050002251800781904,0.4738579980625384,0.05000000000000002,-0.2,4.65,1.0,10.0,0,0,0,0,0,46,0,9,9,0
2000545,1.0,0.05,0.75,2.7943281250000016,2.8000000000000016,0.005671875000000004,-4,5.671875,2.046875,0.1875,0.125,0.0,0.5031249999999994,0.5304687499999999,0.3975463749540659,0.05066810005919351,0.16403035205735883,0.049999999999999996,-0.5,3.3000000000000016,2.0,18.0,0,0,0,0,28,23,0,3,10,0
2000546,0.0,0.05,0.75,4.996812500000001,5.000000000000001,0.003187500000000002,-3,3.1875,1.53125,0.140625,0.09375,0.0,0.5156249999999997,0.5140625000000001,0.3570571747490094,0.05001309951706434,0.15716476346785144,0.05,-1.3,6.300000000000001,5.0,10.0,0,0,2,0,25,29,0,2,6,0
2000547,1.0,0.05,0.75,-0.041984375,0.0,0.041984375,-9,41.984375,5.921875,0.15625,0.015625,0.0,0.6000000000000006,0.6476562499999993,0.999569352381788,0.05603704363701184,0.9995573011585926,0.05000000000000001,-0.40000000000000013,0.3999999999999997,5.0,6.0,0,0,0,0,0,1,0,0,63,0
2000548,0.0,0.05,0.75,6.394328125,6.4,0.0056718750000000024,-5,5.671875,1.921875,0.171875,0.09375,0.0,0.5374999999999999,0.5328124999999999,0.5176685992684069,0.05013906886661794,0.36634796829457816,0.05,-0.65,7.050000000000001,2.0,15.0,0,0,0,0,14,36,0,6,8,0
2000549,1.0,0.05,0.75,4.549062499999999,4.549999999999999,0.0009375000000000004,1,0.9375,0.6875,0.140625,0.15625,0.0,0.5031249999999994,0.6218749999999993,0.6478891812257982,0.05018779114060508,0.34106354467544514,0.05,-0.5499999999999998,5.1,4.0,15.0,0,0,0,0,0,12,0,31,21,0
2000550,0.0,0.05,0.75,5.297500000000002,5.3000000000000025,0.002500000000000002,-1,2.5,1.25,0.171875,0.15625,0.0,0.47499999999999915,0.509375,0.4204639914776291,0.05092573335901185,0.03573736577974033,0.05,-1.2000000000000002,6.500000000000003,5.0,16.0,0,0,0,0,40,20,0,0,4,0
2000551,1.0,0.05,0.75,0.7253125000000018,0.7500000000000018,0.024687500000000005,-6,24.6875,4.59375,0.125,0.03125,0.0,0.6000000000000008,0.6335937499999993,0.9959751453123875,0.05023436032228074,0.9959192105782685,0.05,-0.20000000000000018,0.9499999999999997,4.0,6.0,0,0,0,0,0,7,0,0,57,0
2000552,0.0,0.05,0.75,4.148406250000002,4.150000000000001,0.0015937500000000005,1,1.59375,0.84375,0.15625,0.171875,0.0,0.49687499999999946,0.49765625,0.5530339933152365,0.05086283306253505,0.019020331735541126,0.05,-1.0,5.150000000000001,4.0,17.0,0,0,3,0,33,26,0,0,2,0
2000553,0.0,0.05,0.75,9.580671875,9.6,0.019328124999999998,-9,19.328125,3.046875,0.25,0.109375,0.0,0.49374999999999936,0.49296874999999996,0.4458455006072475,0.062264773742827635,0.27246574043483673,0.049999999999999996,-0.7,10.299999999999999,3.0,20.0,0,0,4,0,34,25,0,0,1,0
2000554,1.0,0.05,0.75,1.0392031250000007,1.0500000000000007,0.010796875000000006,-4,10.796875,2.921875,0.109375,0.046875,0.0,0.5968750000000007,0.6148437499999992,0.9266901800241867,0.050008602592367626,0.924422577398984,0.05,-0.3500000000000001,1.4,4.0,6.0,0,0,0,0,0,15,0,1,48,0
2000555,1.0,0.05,0.75,0.5886562499999988,0.5999999999999988,0.011343750000000008,-6,11.34375,2.96875,0.140625,0.046875,0.0,0.5937500000000006,0.5375,0.661020245820176,0.05001214930369416,0.6340008734704279,0.05,-0.19999999999999996,0.8000000000000005,1.0,11.0,0,0,0,0,0,48,0,2,14,0
2000556,1.0,0.05,0.75,2.4960312499999993,2.499999999999999,0.003968750000000003,-1,3.96875,1.78125,0.09375,0.078125,0.0,0.6000000000000008,0.6265624999999992,0.7852732111507802,0.05000260383973966,0.7646485249790612,0.05,-0.30000000000000004,2.7999999999999994,3.0,8.0,0,0,0,0,0,10,0,0,54,0
2000557,1.0,0.05,0.75,2.233265625000002,2.2500000000000018,0.016734375000000003,-3,16.734375,3.484375,0.125,0.078125,0.0,0.5968750000000007,0.6218749999999993,0.921320518543637,0.05004597565598593,0.9134115460239598,0.05,-0.3500000000000001,2.5999999999999996,4.0,9.0,0,0,0,0,0,12,0,1,51,0
2000558,0.0,0.05,0.75,2.695421874999999,2.6999999999999993,0.004578125000000002,4,4.578125,1.703125,0.140625,0.203125,0.0,0.4812499999999992,0.5046875,0.5263618993961147,0.05292458813999346,0.0066752082087909986,0.05000000000000001,-1.6,4.300000000000001,6.0,16.0,0,0,2,0,35,23,0,3,1,0
2000559,1.0,0.05,0.75,0.9960625,1.0,0.003937500000000002,-4,3.9375,1.65625,0.125,0.0625,0.0,0.5656250000000003,0.5445312499999998,0.6945052989484025,0.05000761182471746,0.6298151739904034,0.05000000000000001,-0.3999999999999999,1.4000000000000004,2.0,10.0,0,0,0,0,0,45,0,11,8,0
2000560,0.0,0.05,0.75,6.794234375000001,6.800000000000002,0.005765625000000004,-5,5.765625,1.828125,0.203125,0.125,0.0,0.47499999999999915,0.43437499999999984,0.374624895911795,0.05228371638838831,0.026588222631372373,0.049999999999999996,-1.3,8.1,5.0,16.0,0,10,18,0,30,6,0,0,0,0
2000561,1.0,0.05,0.75,0.38993749999999944,0.39999999999999947,0.010062500000000007,-4,10.0625,2.90625,0.09375,0.03125,0.0,0.6000000000000006,0.6289062499999992,0.8831355572554035,0.05000129910235144,0.8823619550515167,0.049999999999999996,-0.19999999999999996,0.5999999999999999,1.0,7.0,0,0,0,0,0,9,0,0,55,0
2000562,0.0,0.05,0.75,8.39359375,8.4,0.006406250000000002,-8,6.40625,1.71875,0.21875,0.09375,0.0,0.5062499999999994,0.5046875000000002,0.43585043816290203,0.05076198300652037,0.3434931608649418,0.05000000000000002,-1.0,9.399999999999999,4.0,16.0,0,0,9,0,30,14,0,0,11,0
2000563,0.0,0.05,0.75,3.89828125,3.9000000000000004,0.001718750000000001,-3,1.71875,1.03125,0.109375,0.0625,0.0,0.5249999999999997,0.5234375,0.5186318853322375,0.05000125642284942,0.3863257488575092,0.05,-1.3,5.200000000000001,4.0,7.0,0,0,0,0,19,35,0,5,5,0
2000564,0.0,0.05,0.75,5.9919062499999995,5.999999999999999,0.008093750000000004,-2,8.09375,2.25,0.171875,0.140625,0.0,0.5625000000000001,0.5328124999999999,0.4533405388827929,0.05081138194866179,0.10286726100741034,0.05,-1.4,7.3999999999999995,5.0,15.0,0,0,1,0,7,41,0,5,10,0
2000565,0.0,0.05,0.75,4.99415625,5.0,0.005843750000000004,-2,5.84375,2.125,0.140625,0.109375,0.0,0.5437500000000001,0.5140625,0.4024449073980567,0.0500410863239477,0.10971461872139218,0.05000000000000001,-0.75,5.75,3.0,13.0,0,0,2,0,18,36,0,0,8,0
2000566,0.0,0.05,0.75,7.291625000000002,7.300000000000002,0.008375000000000006,-5,8.375,2.46875,0.203125,0.125,0.0,0.5031249999999995,0.5164062500000001,0.3816759703093937,0.05125925634692632,0.15608678870737375,0.049999999999999996,-1.4500000000000002,8.749999999999998,5.0,16.0,0,0,1,0,29,26,0,2,6,0
2000567,1.0,0.05,0.75,1.492906250000001,1.5000000000000009,0.007093750000000003,-4,7.09375,1.90625,0.125,0.0625,0.0,0.5812500000000005,0.6078124999999995,0.8953261121135259,0.050022556360290155,0.8899040725238259,0.05,-0.5,2.0,4.0,8.0,0,0,0,0,0,18,0,6,40,0
2000568,1.0,0.05,0.75,1.6977343750000002,1.7000000000000002,0.002265625000000001,-4,2.265625,1.140625,0.15625,0.09375,0.0,0.49687499999999934,0.5515625,0.6252085827169599,0.05006071590031019,0.5057001562943801,0.05,-0.5,2.200000000000001,2.0,14.0,0,0,0,0,28,14,0,5,17,0
2000569,1.0,0.05,0.75,-0.07996874999999892,-0.049999999999998934,0.029968749999999992,-7,29.96875,4.9375,0.125,0.015625,0.0,0.6000000000000008,0.6312499999999993,0.9954929937648828,0.05012752859483408,0.995468422178016,0.05000000000000001,-0.10000000000000009,0.04999999999999982,2.0,7.0,0,0,0,0,0,8,0,0,56,0
2000570,1.0,0.05,0.75,-0.5652499999999998,-0.5499999999999998,0.015250000000000012,-7,15.25,3.21875,0.125,0.015625,0.0,0.5781250000000004,0.5796874999999994,0.9478481409967948,0.05001184789269566,0.9472159007775753,0.05000000000000001,-0.3500000000000001,-0.19999999999999973,1.0,8.0,0,0,2,0,0,26,0,7,29,0
2000571,1.0,0.05,0.75,3.5434062500000016,3.5500000000000016,0.006593750000000003,-3,6.59375,2.09375,0.171875,0.125,0.0,0.5687500000000003,0.6031249999999995,0.9082643673559858,0.05322394641490132,0.8388163902719541,0.05000000000000001,-0.30000000000000004,3.8499999999999996,3.0,16.0,0,0,1,0,0,18,0,10,35,0
2000572,0.0,0.05,0.75,3.797437500000001,3.8000000000000007,0.0025625000000000005,0,2.5625,1.0,0.125,0.125,0.0,0.4999999999999994,0.5,0.5000000000000003,0.05003705362780105,0.05404227816606106,0.04999999999999999,-1.1,4.9,4.0,12.0,0,0,0,0,32,32,0,0,0,0
2000573,1.0,0.05,0.75,-0.006453124999999561,4.440892098500626e-16,0.006453125000000005,-3,6.453125,2.203125,0.0625,0.015625,0.0,0.6000000000000006,0.5679687499999996,0.7933147381764146,0.050000083654673774,0.7872200165380965,0.05000000000000001,-0.050000000000000044,0.050000000000000044,1.0,4.0,0,0,0,0,0,35,0,0,29,0
2000574,1.0,0.05,0.75,2.5470781249999987,2.549999999999999,0.0029218750000000017,-2,2.921875,1.484375,0.125,0.09375,0.0,0.5750000000000004,0.5867187499999997,0.6097637719742041,0.05001204516113309,0.5196298466467403,0.05,-0.19999999999999996,2.749999999999999,1.0,13.0,0,0,0,0,0,27,0,8,29,0
2000575,0.0,0.05,0.75,5.34690625,5.35,0.003093750000000002,-4,3.09375,1.53125,0.140625,0.078125,0.0,0.5656250000000003,0.5398437499999998,0.7262480762770017,0.0500439260168212,0.6102560795631842,0.05,-0.65,5.999999999999998,2.0,12.0,0,0,0,0,0,47,0,11,6,0
2000576,1.0,0.05,0.75,0.7393125,0.75,0.010687500000000008,-6,10.6875,2.78125,0.15625,0.0625,0.0,0.5687500000000003,0.5890624999999995,0.9306510657016772,0.05014023748924047,0.9264546542512165,0.05,-0.44999999999999996,1.2000000000000002,3.0,11.0,0,0,0,0,0,26,0,10,28,0
2000577,1.0,0.05,0.75,0.14124999999999946,0.14999999999999947,0.008750000000000006,-4,8.75,2.71875,0.09375,0.03125,0.0,0.5718750000000002,0.6101562499999993,0.7220680469390639,0.05000037841135722,0.7202443685184053,0.05,-0.19999999999999996,0.3500000000000001,1.0,7.0,0,0,0,0,0,17,0,9,38,0
2000578,1.0,0.05,0.75,0.4397343749999993,0.4499999999999993,0.010265625000000007,-5,10.265625,2.796875,0.125,0.046875,0.0,0.5718750000000002,0.5679687499999996,0.7261464073871194,0.050003878944309306,0.7140657945171748,0.05,-0.5499999999999998,1.0000000000000002,3.0,8.0,0,0,0,0,0,35,0,9,20,0
2000579,0.0,0.05,0.75,11.146531249999995,11.199999999999996,0.05346875000000001,-13,53.46875,6.3125,0.28125,0.078125,0.0,0.5312499999999999,0.45546875000000014,0.4580866311345646,0.06522173478560461,0.3716179031158595,0.05,-1.05,12.249999999999995,5.0,18.0,0,0,19,0,22,23,0,0,0,0
2000580,0.0,0.05,0.75,7.3384374999999995,7.35,0.011562500000000009,-7,11.5625,2.71875,0.171875,0.0625,0.0,0.5468750000000001,0.5140625,0.6280510501054546,0.05009993341206369,0.5565536557499904,0.05,-0.75,8.100000000000001,3.0,12.0,0,0,0,0,17,41,0,0,6,0
2000581,1.0,0.05,0.75,1.3920312500000012,1.4000000000000012,0.007968750000000004,-3,7.96875,2.46875,0.109375,0.0625,0.0,0.5937500000000006,0.5960937499999994,0.7250761557810302,0.050002476864931776,0.7069709159598468,0.05,-0.8499999999999999,2.25,5.0,6.0,0,0,0,0,0,23,0,2,39,0
2000582,0.0,0.05,0.75,5.094875000000004,5.100000000000003,0.005125000000000004,0,5.125,1.90625,0.1875,0.1875,0.0,0.46874999999999917,0.46484375,0.4206317191505338,0.055483747675612545,0.0057323986393175335,0.05000000000000001,-1.55,6.650000000000002,6.0,18.0,0,0,15,0,42,7,0,0,0,0
2000583,1.0,0.05,0.75,3.243875,3.25,0.006125000000000005,-1,6.125,2.21875,0.109375,0.09375,0.0,0.6000000000000008,0.6359374999999993,0.9149999977492921,0.05003121180808606,0.8966457429795145,0.049999999999999996,-0.44999999999999996,3.6999999999999993,3.0,10.0,0,0,0,0,0,6,0,0,58,0
2000584,1.0,0.05,0.75,1.941718750000001,1.950000000000001,0.008281250000000006,-3,8.28125,2.71875,0.109375,0.0625,0.0,0.6000000000000006,0.6429687499999992,0.9584649557597491,0.05002510012831187,0.9569909941205647,0.05,-0.40000000000000013,2.3499999999999996,5.0,6.0,0,0,0,0,0,3,0,0,61,0
2000585,0.0,0.05,0.75,7.890999999999998,7.899999999999999,0.009000000000000006,-6,9.0,2.5625,0.203125,0.109375,0.0,0.553125,0.5679687499999996,0.6778226276935108,0.052456330243425456,0.6050041189780225,0.05,-0.65,8.549999999999999,2.0,18.0,0,0,3,0,0,29,0,15,17,0
2000586,1.0,0.05,0.75,2.197671875,2.2,0.002328125000000001,-1,2.328125,1.328125,0.078125,0.0625,0.0,0.6000000000000006,0.6476562499999993,0.8771069777308043,0.05000154039341178,0.8726616993374878,0.05000000000000001,-0.10000000000000009,2.3,2.0,7.0,0,0,0,0,0,1,0,0,63,0
2000587,0.0,0.05,0.75,5.246984375000001,5.250000000000001,0.003015625000000002,-3,3.015625,1.296875,0.15625,0.109375,0.0,0.47187499999999916,0.50703125,0.46402679264648716,0.05007721208297831,0.14769913111148106,0.05,-1.7500000000000002,7.000000000000001,6.0,11.0,0,0,0,0,41,20,0,0,3,0
2000588,1.0,0.05,0.75,3.697578125000001,3.700000000000001,0.0024218750000000013,-1,2.421875,1.265625,0.15625,0.140625,0.0,0.4812499999999991,0.50703125,0.4786110536172738,0.050221798510495255,0.05991871050514882,0.05,-0.5,4.200000000000001,2.0,17.0,0,0,3,0,38,17,0,0,6,0
2000589,1.0,0.05,0.75,2.7382656250000017,2.7500000000000018,0.011734375000000009,-2,11.734375,3.203125,0.109375,0.078125,0.0,0.6000000000000006,0.6476562499999993,0.9641382737274362,0.05004861040788352,0.9611199111765635,0.049999999999999996,-0.15000000000000013,2.8999999999999995,3.0,9.0,0,0,0,0,0,1,0,0,63,0
2000590,0.0,0.05,0.75,5.945265625,5.95,0.0047343750000000025,-4,4.734375,1.796875,0.15625,0.09375,0.0,0.5124999999999996,0.52109375,0.4106165092964285,0.050050560885324794,0.22492442110324504,0.05,-0.4,6.3500000000000005,2.0,14.0,0,0,2,0,25,26,0,3,8,0
2000591,1.0,0.05,0.75,2.190812500000002,2.200000000000002,0.009187500000000006,-2,9.1875,2.75,0.109375,0.078125,0.0,0.5937500000000007,0.6124999999999994,0.7540119098215505,0.050004990417174405,0.7282872549064752,0.04999999999999999,-0.25,2.4499999999999997,2.0,10.0,0,0,0,0,0,16,0,2,46,0
2000592,1.0,0.05,0.75,-0.010546875000000008,0.0,0.010546875000000008,-7,10.546875,2.828125,0.140625,0.03125,0.0,0.5875000000000005,0.5726562499999996,0.941720083149514,0.0500416712904449,0.9400322868000149,0.05,-0.25,0.2500000000000002,2.0,9.0,0,0,0,0,0,33,0,4,27,0
2000593,0.0,0.05,0.75,7.890671875000001,7.9,0.009328125000000007,-7,9.328125,2.390625,0.1875,0.078125,0.0,0.54375,0.5539062499999998,0.7630537427894117,0.050517893117048476,0.7293063887247481,0.049999999999999996,-0.35000000000000003,8.25,1.0,16.0,0,0,0,0,8,33,0,10,13,0
2000594,0.0,0.05,0.75,0.24259374999999989,0.2499999999999999,0.007406250000000003,5,7.40625,1.90625,0.046875,0.125,0.0,0.5343749999999998,0.4953125,0.36219626156856805,0.05000479398925879,0.01450169279250771,0.05000000000000001,-1.2,1.45,5.0,6.0,0,0,3,0,21,39,0,0,1,0
2000595,1.0,0.05,0.75,1.190078125000001,1.200000000000001,0.009921875000000007,-3,9.921875,2.890625,0.09375,0.046875,0.0,0.6000000000000006,0.6195312499999993,0.8958416006141184,0.050002490377416595,0.8928532002590323,0.049999999999999996,-0.3999999999999999,1.5999999999999996,2.0,7.0,0,0,0,0,0,13,0,0,51,0
2000596,0.0,0.05,0.75,2.240328124999999,2.249999999999999,0.009671875000000005,4,9.671875,2.359375,0.125,0.1875,0.0,0.4687499999999992,0.51640625,0.5528520488498532,0.05067539178402475,0.011751025886169532,0.05,-1.25,3.5,4.0,16.0,0,0,0,0,42,15,0,0,7,0
2000597,0.0,0.05,0.75,6.487859375000001,6.500000000000001,0.012140625000000007,-6,12.140625,2.484375,0.171875,0.078125,0.0,0.5312499999999999,0.51171875,0.48932454469262904,0.050050449160050144,0.37596657525174304,0.049999999999999996,-0.6,7.100000000000001,2.0,14.0,0,0,1,0,22,35,0,0,6,0
2000598,1.0,0.05,0.75,3.3979531250000004,3.4000000000000004,0.0020468750000000014,-3,2.046875,1.078125,0.15625,0.109375,0.0,0.5499999999999999,0.6406249999999992,0.9629118635632765,0.051802871008690396,0.9530736292204398,0.05,-0.30000000000000004,3.6999999999999997,4.0,13.0,0,0,0,0,0,4,0,16,44,0
2000599,1.0,0.05,0.75,0.08562500000000141,0.10000000000000142,0.014375000000000011,-7,14.375,3.40625,0.125,0.015625,0.0,0.6000000000000006,0.6429687499999993,0.9974605828050521,0.050230548258969575,0.9974479899984801,0.05,-0.10000000000000009,0.19999999999999973,2.0,7.0,0,0,0,0,0,3,0,0,61,0
2000600,1.0,0.05,0.75,1.0377812500000008,1.0500000000000007,0.012218750000000009,-6,12.21875,3.15625,0.140625,0.046875,0.0,0.6000000000000008,0.6218749999999993,0.9879661767134604,0.050291949107220214,0.9876882946763995,0.049999999999999996,-0.3500000000000001,1.3999999999999997,4.0,8.0,0,0,2,0,0,8,0,0,54,0
2000601,1.0,0.05,0.75,1.3900468750000003,1.4000000000000004,0.009953125000000005,-3,9.953125,2.765625,0.109375,0.0625,0.0,0.5687500000000003,0.5890624999999994,0.6733401826548386,0.050002015259131914,0.6539972576910441,0.05,-0.19999999999999996,1.6,1.0,10.0,0,0,0,0,0,26,0,10,28,0
2000602,1.0,0.05,0.75,5.087562500000004,5.100000000000004,0.012437500000000006,0,12.4375,2.8125,0.140625,0.140625,0.0,0.6000000000000006,0.6429687499999993,0.9719569874857984,0.05199093869140059,0.9242489094292337,0.05,-0.2500000000000002,5.35,5.0,13.0,0,0,0,0,0,3,0,0,61,0
2000603,0.0,0.05,0.75,5.496125000000002,5.500000000000002,0.0038750000000000026,-2,3.875,1.6875,0.15625,0.125,0.0,0.5406249999999999,0.5867187499999994,0.618271170279327,0.050261723587112984,0.4140292873537037,0.05,-1.45,6.949999999999999,4.0,14.0,0,0,0,0,1,26,0,18,19,0
2000604,1.0,0.05,0.75,3.2944687500000014,3.3000000000000016,0.005531250000000003,-3,5.53125,2.15625,0.140625,0.09375,0.0,0.6000000000000006,0.6406249999999992,0.9910409745849106,0.05172119794927129,0.9889097112121925,0.05,-0.20000000000000018,3.5,4.0,11.0,0,0,0,0,0,4,0,0,60,0
2000605,1.0,0.05,0.75,4.731593750000004,4.7500000000000036,0.01840625,-1,18.40625,3.6875,0.15625,0.140625,0.0,0.6000000000000006,0.6312499999999993,0.9621242856653482,0.05408334823359547,0.9025695733761782,0.05,-0.30000000000000004,5.049999999999999,3.0,16.0,0,0,0,0,0,8,0,0,56,0
2000606,0.0,0.05,0.75,6.087796875000001,6.100000000000001,0.012203125000000009,-6,12.203125,2.890625,0.15625,0.0625,0.0,0.4781249999999991,0.46249999999999997,0.43286714760988176,0.05003708131609505,0.2103222949523028,0.05,-0.6,6.700000000000001,2.0,12.0,0,1,15,0,38,10,0,0,0,0
2000607,0.0,0.05,0.75,3.9477968749999994,3.9499999999999993,0.0022031250000000015,-3,2.203125,1.328125,0.09375,0.046875,0.0,0.5687500000000003,0.51875,0.5672671328765949,0.0500006397025158,0.4513486626196468,0.05,-0.35000000000000003,4.3,1.0,8.0,0,0,0,0,10,46,0,0,8,0
2000608,1.0,0.05,0.75,2.698515625,2.7,0.0014843750000000005,0,1.484375,0.796875,0.078125,0.078125,0.0,0.55625,0.5960937499999996,0.582162497070437,0.05000069686244585,0.5133035995515606,0.05,-0.30000000000000004,2.999999999999999,3.0,7.0,0,0,0,0,0,23,0,14,27,0
2000609,0.0,0.05,0.75,10.887968750000002,10.900000000000002,0.012031250000000007,-8,12.03125,2.875,0.28125,0.15625,0.0,0.6000000000000008,0.3640625000000003,0.005226192660239955,0.10558891383982602,1.17178320429886e-05,0.05,-0.7000000000000002,11.600000000000003,8.0,20.0,0,0,58,0,0,6,0,0,0,0
2000610,1.0,0.05,0.75,1.7796562500000006,1.8000000000000007,0.020343750000000004,-7,20.34375,3.84375,0.1875,0.078125,0.0,0.5843750000000005,0.6148437499999994,0.9928170064605106,0.06343109947017107,0.991792152991903,0.05,-0.7,2.4999999999999996,6.0,11.0,0,0,0,0,0,15,0,5,44,0
2000611,1.0,0.05,0.75,2.590375000000001,2.6000000000000014,0.009625000000000007,-2,9.625,2.8125,0.109375,0.078125,0.0,0.6000000000000006,0.6289062499999992,0.9407073303777407,0.05002875285293564,0.9328578871414701,0.05,-0.3500000000000001,2.9499999999999997,4.0,8.0,0,0,0,0,0,9,0,0,55,0
2000612,1.0,0.05,0.75,2.8400000000000007,2.8500000000000005,0.010000000000000007,-4,10.0,2.6875,0.1875,0.125,0.0,0.5187499999999996,0.5,0.3843207876796731,0.05092161712165207,0.08838829133903943,0.05,-0.6000000000000001,3.450000000000001,2.0,18.0,0,0,1,0,26,36,0,0,1,0
2000613,1.0,0.05,0.75,1.3923593750000012,1.4000000000000012,0.007640625000000006,-5,7.640625,2.515625,0.125,0.046875,0.0,0.6000000000000006,0.6453124999999993,0.9936045017093867,0.050236175556830874,0.9934806029780708,0.049999999999999996,-0.40000000000000013,1.7999999999999996,5.0,6.0,0,0,0,0,0,2,0,0,62,0
2000614,0.0,0.05,0.75,5.846500000000001,5.8500000000000005,0.0035000000000000005,-2,3.5,1.40625,0.1875,0.15625,0.0,0.48124999999999934,0.52109375,0.49062811549289076,0.05193293538739796,0.0675593036793708,0.05000000000000001,-1.15,7.000000000000002,4.0,18.0,0,0,0,0,37,18,0,1,8,0
2000615,1.0,0.05,0.75,2.571140625000003,2.600000000000003,0.028859375000000003,-5,28.859375,5.109375,0.15625,0.078125,0.0,0.6000000000000006,0.6429687499999993,0.9974150412846464,0.05736350217481573,0.9970949803831102,0.049999999999999996,-0.3500000000000003,2.9499999999999997,7.0,8.0,0,0,0,0,0,3,0,0,61,0
2000616,1.0,0.05,0.75,1.9885156250000018,2.0000000000000018,0.011484375000000007,-5,11.484375,3.140625,0.140625,0.0625,0.0,0.6000000000000006,0.6476562499999993,0.9958188529966904,0.051273378847806306,0.995646530828909,0.05000000000000001,-0.3500000000000003,2.3499999999999996,7.0,6.0,0,0,0,0,0,1,0,0,63,0
2000617,1.0,0.05,0.75,0.18901562499999927,0.1999999999999993,0.010984375000000008,-7,10.984375,2.703125,0.15625,0.046875,0.0,0.5812500000000005,0.5609374999999996,0.9321515799083469,0.0501127539220541,0.9276445408235339,0.05000000000000001,-0.050000000000000044,0.2500000000000002,1.0,12.0,0,0,1,0,0,36,0,6,21,0
2000618,0.0,0.05,0.75,7.095296875000001,7.1000000000000005,0.0047031250000000024,-6,4.703125,1.640625,0.1875,0.09375,0.0,0.5156249999999996,0.5210937499999999,0.5222355248590869,0.05034028094299239,0.3819042004493545,0.05,-0.8500000000000001,7.950000000000001,3.0,15.0,0,0,0,0,18,37,0,9,0,0
2000619,0.0,0.05,0.75,4.647984375000001,4.650000000000001,0.002015625000000001,-2,2.015625,1.046875,0.140625,0.109375,0.0,0.5093749999999995,0.49765625,0.43819130857707944,0.05003422263404388,0.09633805766033063,0.05000000000000001,-0.9000000000000001,5.550000000000001,4.0,12.0,0,0,3,0,29,30,0,0,2,0
2000620,1.0,0.05,0.75,0.8891249999999995,0.8999999999999995,0.010875000000000006,-7,10.875,2.65625,0.1875,0.078125,0.0,0.5531250000000001,0.5281250000000001,0.6114144499330211,0.050375236667643444,0.5368225781488303,0.05,-1.0999999999999999,2.0,5.0,12.0,0,0,0,0,15,37,0,0,12,0
2000621,0.0,0.05,0.75,7.344125000000003,7.350000000000002,0.005875000000000003,-5,5.875,1.875,0.203125,0.125,0.0,0.48437499999999917,0.50703125,0.47710344311759006,0.052663824235012875,0.15973755742921875,0.05,-0.7,8.05,3.0,18.0,0,0,2,0,37,20,0,0,5,0
2000622,0.0,0.05,0.75,4.893953125,4.9,0.006046875000000004,-3,6.046875,1.984375,0.125,0.078125,0.0,0.5562500000000004,0.51171875,0.4021183003299161,0.050006175438369084,0.2035333386068294,0.05,-0.9000000000000001,5.8,4.0,9.0,0,0,0,0,14,45,0,0,5,0
2000623,1.0,0.05,0.75,6.989218749999999,6.999999999999999,0.010781250000000006,7,10.78125,2.5625,0.09375,0.203125,0.0,0.5093749999999995,0.6359374999999993,0.6419482015788388,0.05160199598046895,0.07179575839243041,0.05000000000000001,-0.050000000000000044,7.049999999999999,1.0,18.0,0,0,0,0,0,6,0,29,29,0
2000624,0.0,0.05,0.75,0.6328124999999999,0.6499999999999999,0.01718750000000001,6,17.1875,3.03125,0.078125,0.171875,0.0,0.5187499999999998,0.5093750000000001,0.4617860915671852,0.050143949043115615,0.00642197768110157,0.05,-1.15,1.8000000000000005,4.0,12.0,0,3,0,0,21,33,0,2,5,0
2000625,0.0,0.05,0.75,9.979156250000003,10.000000000000002,0.020843750000000008,-10,20.84375,3.3125,0.234375,0.078125,0.0,0.540625,0.50234375,0.6739940001474394,0.057067612848478735,0.6015545431480402,0.05,-0.2,10.200000000000003,1.0,19.0,0,0,6,0,18,33,0,1,6,0
2000626,1.0,0.05,0.75,2.697109375000001,2.700000000000001,0.0028906250000000017,-3,2.890625,1.328125,0.125,0.078125,0.0,0.6000000000000006,0.6476562499999993,0.9847225156188008,0.050261097635658655,0.9834478168539331,0.049999999999999996,-0.20000000000000018,2.9,4.0,9.0,0,0,0,0,0,1,0,0,63,0
2000627,1.0,0.05,0.75,2.184171875000001,2.200000000000001,0.01582812500000001,-5,15.828125,3.265625,0.171875,0.09375,0.0,0.5625000000000002,0.5820312499999993,0.7335456684252234,0.05042079734412569,0.6849424835922397,0.05,-0.19999999999999996,2.4,1.0,16.0,0,0,1,0,0,27,0,12,24,0
2000628,0.0,0.05,0.75,6.0410781249999985,6.049999999999999,0.008921875000000006,-4,8.921875,2.578125,0.15625,0.09375,0.0,0.5625000000000003,0.5421874999999998,0.5282051454253047,0.05008264282470727,0.3825100559391268,0.05,-0.8500000000000001,6.8999999999999995,3.0,13.0,0,0,0,0,4,42,0,8,10,0
2000629,1.0,0.05,0.75,3.5878593750000025,3.6000000000000023,0.012140625000000006,-3,12.140625,2.984375,0.171875,0.125,0.0,0.6000000000000008,0.5796874999999994,0.8962020366191571,0.05296257207231421,0.7694184070602563,0.05,-0.30000000000000004,3.8999999999999995,3.0,16.0,0,0,8,0,0,14,0,0,42,0
2000630,0.0,0.05,0.75,2.6898437500000014,2.7000000000000015,0.010156250000000004,1,10.15625,2.6875,0.09375,0.109375,0.0,0.5937500000000006,0.6312499999999993,0.6763798666269113,0.0500050056100602,0.5802022808130425,0.05000000000000001,-1.05,3.7500000000000018,3.0,10.0,0,0,0,0,0,8,0,2,54,0
2000631,0.0,0.05,0.75,4.398734375000001,4.400000000000001,0.001265625000000001,-1,1.265625,0.890625,0.140625,0.125,0.0,0.4999999999999995,0.51875,0.4808594126093557,0.05006446616132466,0.09510987281657739,0.05000000000000001,-1.1500000000000001,5.550000000000002,4.0,13.0,0,0,0,0,32,24,0,0,8,0
2000632,1.0,0.05,0.75,0.48548437499999997,0.5,0.01451562500000001,-5,14.515625,3.109375,0.125,0.046875,0.0,0.5625000000000004,0.5281249999999997,0.6522502645388847,0.05000434122990485,0.5983899251243417,0.05,0.0,0.5000000000000002,0.0,11.0,0,0,6,0,4,36,0,8,10,0
2000633,1.0,0.05,0.75,0.33915625000000144,0.3500000000000014,0.010843750000000003,-8,10.84375,2.375,0.203125,0.078125,0.0,0.5406249999999999,0.5210937499999999,0.6762137938607742,0.05082143323520925,0.6180057964115455,0.05,-0.8,1.15,3.0,15.0,0,0,0,0,14,41,0,5,4,0
2000634,0.0,0.05,0.75,3.6473750000000025,3.6500000000000026,0.002625000000000001,2,2.625,1.3125,0.125,0.15625,0.0,0.6000000000000006,0.6289062499999992,0.9221754822396397,0.05031164076958137,0.6404874353136485,0.05,-1.4000000000000001,5.050000000000002,4.0,14.0,0,0,0,0,0,9,0,0,55,0
2000635,0.0,0.05,0.75,6.3863281249999995,6.3999999999999995,0.013671875000000007,-7,13.671875,2.609375,0.203125,0.09375,0.0,0.5374999999999999,0.4039062500000003,0.35790847133540565,0.05042386870003549,0.0574148131685175,0.05,-1.05,7.449999999999999,5.0,14.0,0,14,27,0,6,17,0,0,0,0
2000636,0.0,0.05,0.75,11.021578125000001,11.05,0.028421875,-11,28.421875,3.984375,0.296875,0.125,0.0,0.5374999999999999,0.41093750000000007,0.14286165066288156,0.0775138860247775,0.0073280934250042375,0.05,-0.9000000000000001,11.950000000000003,6.0,21.0,0,9,32,0,11,9,0,0,3,0
2000637,1.0,0.05,0.75,1.440328125000001,1.450000000000001,0.009671875000000007,-4,9.671875,2.921875,0.109375,0.046875,0.0,0.6000000000000006,0.6406249999999992,0.9848185240973728,0.05004537482648815,0.9844726478224439,0.05,-0.20000000000000018,1.6499999999999997,4.0,6.0,0,0,0,0,0,4,0,0,60,0
2000638,0.0,0.05,0.75,10.074125000000002,10.100000000000001,0.02587500000000001,-11,25.875,3.9375,0.265625,0.09375,0.0,0.5406249999999999,0.35234375000000023,0.06076026211812095,0.05672656273100419,0.002340461163198407,0.05,-0.39999999999999997,10.500000000000005,5.0,18.0,0,19,44,0,0,1,0,0,0,0
2000639,0.0,0.05,0.75,7.34090625,7.35,0.009093750000000005,-6,9.09375,2.21875,0.1875,0.09375,0.0,0.5374999999999999,0.528125,0.5993225034756222,0.050656639060133506,0.46279930530206115,0.05,-0.6000000000000001,7.949999999999999,3.0,15.0,0,0,0,0,13,39,0,7,5,0
2000640,1.0,0.05,0.75,1.2896718749999998,1.2999999999999998,0.010328125000000007,-4,10.328125,2.921875,0.109375,0.046875,0.0,0.6000000000000008,0.6312499999999993,0.9733753674446198,0.05002503077589156,0.9727036769986811,0.05000000000000001,-0.25,1.5499999999999996,2.0,8.0,0,0,0,0,0,8,0,0,56,0
2000641,0.0,0.05,0.75,6.146812500000001,6.150000000000001,0.003187500000000001,-2,3.1875,1.34375,0.1875,0.15625,0.0,0.5031249999999996,0.48593749999999997,0.5669133707957315,0.05404126366719505,0.03881608314943762,0.05,-1.3,7.450000000000002,5.0,17.0,0,0,6,0,31,27,0,0,0,0
2000642,0.0,0.05,0.75,7.195859375000002,7.200000000000002,0.004140625000000002,-4,4.140625,1.609375,0.203125,0.140625,0.0,0.5249999999999997,0.509375,0.3878135478927659,0.052905905067299336,0.08017133312790205,0.05,-1.0,8.200000000000001,4.0,18.0,0,0,0,0,24,36,0,0,4,0
2000643,0.0,0.05,0.75,5.295406250000002,5.300000000000002,0.004593750000000003,-3,4.59375,1.78125,0.15625,0.109375,0.0,0.4937499999999993,0.45312499999999994,0.4638245221800487,0.05015048247034871,0.042883996309541296,0.05,-0.25,5.550000000000002,2.0,15.0,0,2,18,0,32,12,0,0,0,0
2000644,1.0,0.05,0.75,-0.2209218749999993,-0.1999999999999993,0.020921875000000006,-7,20.921875,4.078125,0.125,0.015625,0.0,0.6000000000000006,0.6359374999999993,0.9919936617817858,0.050069971861700945,0.9919656925164236,0.05,-0.4500000000000002,0.25,6.0,3.0,0,0,0,0,0,6,0,0,58,0
2000645,0.0,0.05,0.75,0.996390625,1.0,0.0036093750000000023,4,3.609375,1.640625,0.0625,0.125,0.0,0.5406249999999999,0.49296875000000007,0.4925008599392186,0.0500046501141787,0.020685675646696332,0.05,-0.95,1.95,4.0,8.0,0,4,3,0,15,38,0,0,4,0
2000646,1.0,0.05,0.75,1.3938593749999995,1.3999999999999995,0.006140625000000005,-5,6.140625,1.921875,0.15625,0.078125,0.0,0.5374999999999999,0.5773437499999993,0.8774282690970643,0.05023072694797049,0.85127205350296,0.05,-0.5499999999999998,1.9500000000000004,3.0,12.0,0,0,0,0,0,31,0,20,13,0
2000647,1.0,0.05,0.75,0.6892656250000002,0.7000000000000002,0.010734375000000008,-5,10.734375,3.015625,0.140625,0.0625,0.0,0.5843750000000004,0.6007812499999995,0.7191770113344205,0.05000867133741709,0.7130347218478715,0.049999999999999996,-0.3999999999999999,1.1,2.0,11.0,0,0,0,0,0,21,0,5,38,0
2000648,0.0,0.05,0.75,5.698671875000001,5.700000000000001,0.0013281250000000007,-3,1.328125,0.828125,0.171875,0.125,0.0,0.4937499999999994,0.5375000000000001,0.49637518455370855,0.050245795435979,0.20155262073493932,0.05,-1.0,6.700000000000001,3.0,16.0,0,0,0,0,32,16,0,2,14,0
2000649,1.0,0.05,0.75,1.7975937500000003,1.8000000000000003,0.0024062500000000017,-2,2.40625,1.3125,0.109375,0.078125,0.0,0.5562500000000001,0.6124999999999995,0.7029342031756777,0.05000290567442871,0.6801085757110249,0.05,-0.19999999999999996,2.0000000000000004,1.0,11.0,0,0,0,0,0,16,0,14,34,0
2000650,0.0,0.05,0.75,3.995828125000001,4.000000000000001,0.004171875000000003,2,4.171875,1.859375,0.15625,0.1875,0.0,0.4999999999999993,0.5164062500000001,0.4202622504094953,0.053695474636813935,0.011602549430968837,0.05,-1.9500000000000002,5.950000000000001,7.0,15.0,0,0,3,0,32,19,0,0,10,0
2000651,0.0,0.05,0.75,4.542531250000001,4.550000000000001,0.007468750000000006,-3,7.46875,2.3125,0.109375,0.0625,0.0,0.5625000000000003,0.5656249999999996,0.7014594980757277,0.05000327832649652,0.6530647301318305,0.05,-0.9000000000000001,5.450000000000001,3.0,8.0,0,0,1,0,0,34,0,12,17,0
2000652,0.0,0.05,0.75,3.246546875,3.25,0.0034531250000000026,1,3.453125,1.734375,0.125,0.140625,0.0,0.5093749999999995,0.55859375,0.35437985108632436,0.05010711087351048,0.07499171638230173,0.05,-1.1,4.3500000000000005,4.0,13.0,0,0,1,0,27,10,0,2,24,0
2000653,1.0,0.05,0.75,1.4449687499999992,1.4499999999999993,0.005031250000000003,-2,5.03125,1.84375,0.09375,0.0625,0.0,0.5875000000000006,0.5749999999999995,0.6882065512649277,0.05000089439166273,0.642006117224708,0.05000000000000001,0.0,1.45,0.0,10.0,0,0,0,0,0,32,0,4,28,0
2000654,0.0,0.05,0.75,3.5982343750000014,3.6000000000000014,0.0017656250000000011,1,1.765625,1.015625,0.140625,0.15625,0.0,0.4968749999999993,0.52109375,0.45907030947473787,0.05024818321777696,0.034908044137321334,0.05000000000000001,-0.3,3.9000000000000012,1.0,18.0,0,0,0,0,32,23,0,1,8,0
2000655,0.0,0.05,0.75,3.3492499999999996,3.3499999999999996,0.0007500000000000004,-2,0.75,0.65625,0.09375,0.0625,0.0,0.5281249999999997,0.50703125,0.49292461993620257,0.05000066439438047,0.26922434828311476,0.05,-0.65,4.0,2.0,8.0,0,0,0,0,23,38,0,0,3,0
2000656,1.0,0.05,0.75,0.99521875,1.0,0.004781250000000003,-2,4.78125,1.6875,0.078125,0.046875,0.0,0.5812500000000005,0.5632812499999996,0.7177655730963407,0.050000289674990615,0.6801085757110257,0.049999999999999996,-0.25,1.25,2.0,6.0,0,0,0,0,0,37,0,6,21,0
2000657,1.0,0.05,0.75,0.998328125,1.0,0.001671875000000001,-2,1.671875,1.109375,0.078125,0.046875,0.0,0.5718750000000004,0.5257812499999999,0.5939771974038156,0.05000023660364685,0.482486088919597,0.05,-0.19999999999999996,1.2000000000000002,1.0,7.0,0,0,0,0,0,53,0,9,2,0
2000658,0.0,0.05,0.75,4.449000000000002,4.450000000000002,0.0010000000000000005,-1,1.0,0.71875,0.140625,0.125,0.0,0.4874999999999991,0.5140625,0.4855673924268274,0.05006875231625133,0.09001126232439194,0.05000000000000001,-1.9500000000000002,6.400000000000001,7.0,10.0,0,0,0,0,36,22,0,0,6,0
2000659,1.0,0.05,0.75,2.1462968749999995,2.1499999999999995,0.003703125000000003,-2,3.703125,1.859375,0.09375,0.0625,0.0,0.6000000000000006,0.6476562499999993,0.9448704630565381,0.05000855911753005,0.9427638585641075,0.05,-0.25,2.3999999999999995,2.0,8.0,0,0,0,0,0,1,0,0,63,0
2000660,0.0,0.05,0.75,10.910718750000003,10.950000000000003,0.03928125000000001,-11,39.28125,5.3125,0.296875,0.125,0.0,0.54375,0.37578125000000034,0.07358908501766008,0.06492975994891878,0.0018576136561823764,0.05,-0.7999999999999998,11.750000000000005,7.0,20.0,0,17,36,0,1,10,0,0,0,0
2000661,0.0,0.05,0.75,10.154000000000002,10.200000000000001,0.046000000000000006,-13,46.0,4.34375,0.296875,0.09375,0.0,0.5093749999999995,0.40625000000000056,0.06430092756974644,0.05166633256837138,0.033722587059393454,0.05000000000000002,-0.14999999999999997,10.350000000000001,1.0,24.0,0,29,11,0,0,24,0,0,0,0
2000662,0.0,0.05,0.75,4.048328125000001,4.050000000000002,0.0016718750000000006,1,1.671875,0.921875,0.15625,0.171875,0.0,0.4687499999999992,0.48828125,0.5608964879231287,0.05073484559806863,0.01856799741339285,0.049999999999999996,-1.4000000000000001,5.450000000000001,5.0,16.0,0,0,5,0,42,17,0,0,0,0
2000663,1.0,0.05,0.75,1.5834218750000013,1.6000000000000014,0.016578125000000006,-5,16.578125,3.390625,0.15625,0.078125,0.0,0.5812500000000005,0.5867187499999993,0.8737456695275324,0.050186518143998195,0.8551083666122544,0.05,-0.7499999999999998,2.3499999999999996,5.0,10.0,0,0,1,0,0,25,0,6,32,0
2000664,1.0,0.05,0.75,2.2435624999999972,2.2499999999999973,0.006437500000000004,-3,6.4375,2.125,0.15625,0.109375,0.0,0.5249999999999997,0.5515624999999995,0.643970760415342,0.050162696198376044,0.42332965598897676,0.05,-0.7499999999999998,3.0,4.0,13.0,0,0,1,0,1,39,0,23,0,0
2000665,1.0,0.05,0.75,3.0464375000000006,3.0500000000000007,0.0035625000000000023,-1,3.5625,1.59375,0.125,0.109375,0.0,0.5374999999999999,0.6195312499999995,0.79475513821257,0.05003819805732008,0.719612139611684,0.05,-0.34999999999999987,3.4000000000000004,2.0,13.0,0,0,0,0,0,13,0,20,31,0
2000666,0.0,0.05,0.75,4.944749999999999,4.949999999999999,0.005250000000000004,-3,5.25,1.8125,0.140625,0.09375,0.0,0.5374999999999999,0.5210937499999998,0.4577836438675587,0.0500198144974835,0.24240982359896313,0.049999999999999996,-0.8500000000000001,5.8,3.0,12.0,0,0,4,0,7,40,0,13,0,0
2000667,0.0,0.05,0.75,7.044921875000001,7.050000000000001,0.005078125000000001,-7,5.078125,1.453125,0.171875,0.0625,0.0,0.5281249999999996,0.490625,0.588939418305347,0.05009309283878171,0.4668825497732915,0.05,-0.2,7.250000000000001,1.0,14.0,0,0,4,0,23,37,0,0,0,0
2000668,1.0,0.05,0.75,4.544140625,4.55,0.0058593750000000035,2,5.859375,2.171875,0.09375,0.125,0.0,0.5875000000000005,0.6429687499999993,0.7714255790287375,0.05001315671034822,0.6252451007026546,0.05,-0.3500000000000001,4.9,4.0,10.0,0,0,0,0,0,3,0,4,57,0
2000669,1.0,0.05,0.75,1.9902187500000008,2.000000000000001,0.009781250000000007,-2,9.78125,2.8125,0.09375,0.0625,0.0,0.6000000000000008,0.6265624999999992,0.9084121928209714,0.05000479376604393,0.9025121845069224,0.049999999999999996,-0.15000000000000013,2.1499999999999995,3.0,7.0,0,0,0,0,0,10,0,0,54,0
2000670,0.0,0.05,0.75,9.385937499999999,9.399999999999999,0.01406250000000001,-6,14.0625,3.28125,0.25,0.15625,0.0,0.5343749999999998,0.5210937499999999,0.4117848235352804,0.09528989873386712,0.08233143479447128,0.05000000000000001,-0.7,10.099999999999996,3.0,23.0,0,0,1,0,20,33,0,1,9,0
2000671,1.0,0.05,0.75,0.6943750000000006,0.7000000000000006,0.005625000000000004,-3,5.625,2.125,0.09375,0.046875,0.0,0.5593750000000002,0.5632812499999996,0.6632506741054726,0.05000047410135931,0.6368885101177671,0.05,-0.19999999999999996,0.9000000000000001,1.0,8.0,0,0,0,0,0,37,0,13,14,0
2000672,0.0,0.05,0.75,3.4993281250000017,3.5000000000000018,0.0006718750000000004,1,0.671875,0.640625,0.140625,0.15625,0.0,0.47499999999999915,0.49296874999999996,0.42375302496815326,0.05024127702034714,0.019487068892616064,0.05,-0.6000000000000001,4.100000000000001,3.0,16.0,0,0,6,0,40,15,0,0,3,0
2000673,0.0,0.05,0.75,7.640734374999998,7.649999999999999,0.009265625000000005,-4,9.265625,2.421875,0.203125,0.140625,0.0,0.5843750000000005,0.36171875000000026,0.007735516233122448,0.056277480874353525,2.0135022687752494e-05,0.05,-0.35,8.0,4.0,18.0,0,5,54,0,0,5,0,0,0,0
2000674,0.0,0.05,0.75,4.947218750000001,4.950000000000001,0.0027812500000000016,-2,2.78125,1.34375,0.15625,0.125,0.0,0.48437499999999906,0.490625,0.49301005510875334,0.050147184868738814,0.07400091763137487,0.049999999999999996,-1.05,6.000000000000002,4.0,14.0,0,0,5,0,37,21,0,0,1,0
2000675,0.0,0.05,0.75,5.393828125,5.3999999999999995,0.006171875000000004,-3,6.171875,2.203125,0.15625,0.109375,0.0,0.5499999999999999,0.5890624999999996,0.6570480818575866,0.050118208282047265,0.5551514144230554,0.05,-1.5,6.8999999999999995,4.0,13.0,0,0,0,0,0,26,0,16,22,0
2000676,1.0,0.05,0.75,4.586625000000003,4.600000000000003,0.013375000000000008,-1,13.375,3.34375,0.140625,0.125,0.0,0.6000000000000006,0.6476562499999993,0.9849807849773298,0.052611581768213726,0.9720406816100522,0.05,-0.2500000000000002,4.85,5.0,12.0,0,0,0,0,0,1,0,0,63,0
2000677,1.0,0.05,0.75,2.1292031250000023,2.150000000000002,0.020796875000000003,-6,20.796875,3.359375,0.1875,0.09375,0.0,0.5718750000000006,0.5890624999999993,0.9648733414968736,0.058276087122405215,0.9526904810138033,0.05000000000000001,-0.25,2.4,3.0,15.0,0,0,0,0,5,21,0,4,34,0
2000678,1.0,0.05,0.75,3.091031250000002,3.1000000000000023,0.008968750000000004,-2,8.96875,2.46875,0.125,0.09375,0.0,0.5718750000000006,0.6382812499999992,0.9371256704426038,0.05010333384512485,0.9271888224577027,0.05000000000000002,-0.40000000000000013,3.4999999999999996,6.0,8.0,0,0,0,0,0,5,0,9,50,0
2000679,0.0,0.05,0.75,7.240499999999997,7.249999999999997,0.009500000000000005,-5,9.5,2.46875,0.21875,0.140625,0.0,0.5312499999999997,0.3617187500000003,0.07126903256453687,0.05241443055105288,0.0004980049369912367,0.05,-0.9999999999999998,8.249999999999998,8.0,15.0,0,22,37,0,0,5,0,0,0,0
2000680,1.0,0.05,0.75,2.439687500000003,2.450000000000003,0.010312500000000006,-5,10.3125,2.71875,0.171875,0.09375,0.0,0.5781250000000006,0.5914062499999994,0.9259339929280153,0.052078510082538304,0.9013299587494695,0.05,-0.55,3.0,5.0,12.0,0,0,5,0,0,15,0,7,37,0
2000681,0.0,0.05,0.75,8.93740625,8.950000000000001,0.012593750000000004,-9,12.59375,2.71875,0.21875,0.078125,0.0,0.5062499999999996,0.5187500000000002,0.5187894996883562,0.05056738142972491,0.4756736932765589,0.05,-0.4,9.350000000000001,2.0,17.0,0,0,4,0,30,18,0,0,12,0
2000682,1.0,0.05,0.75,1.0867343750000005,1.1000000000000005,0.01326562500000001,-5,13.265625,3.140625,0.140625,0.0625,0.0,0.5781250000000004,0.6031249999999995,0.7028105693652945,0.05001309323385221,0.6950723260633697,0.049999999999999996,-0.5999999999999999,1.7000000000000002,3.0,10.0,0,0,0,0,0,20,0,7,37,0
2000683,1.0,0.05,0.75,2.0430625,2.05,0.0069375000000000036,-3,6.9375,2.28125,0.140625,0.09375,0.0,0.5593750000000001,0.5656249999999995,0.636119454478773,0.05003628413459551,0.5151156309926145,0.05,-0.4999999999999998,2.55,3.0,12.0,0,0,0,0,0,36,0,13,15,0
2000684,0.0,0.05,0.75,7.8358125,7.8500000000000005,0.014187500000000009,-6,14.1875,2.9375,0.21875,0.125,0.0,0.5031249999999996,0.4859375,0.4165234445912441,0.0541785340867998,0.12328832385321106,0.05,-0.6,8.450000000000001,2.0,20.0,0,0,8,0,30,24,0,1,1,0
2000685,1.0,0.05,0.75,2.4787812499999964,2.4999999999999964,0.021218750000000012,-9,21.21875,3.90625,0.25,0.109375,0.0,0.5875000000000006,0.5890624999999994,0.9997732287136065,0.28755121909762044,0.9939672924669539,0.05,-0.5000000000000002,3.0,7.0,16.0,0,0,1,0,0,24,0,4,35,0
2000686,1.0,0.05,0.75,0.49043750000000175,0.5000000000000018,0.009562500000000005,-8,9.5625,2.25,0.21875,0.09375,0.0,0.4843749999999994,0.48828125,0.5498587012522225,0.05331251295025904,0.34784985102049243,0.05,-1.4000000000000001,1.900000000000001,5.0,15.0,0,0,5,0,37,22,0,0,0,0
2000687,0.0,0.05,0.75,5.296312500000001,5.300000000000001,0.0036875000000000024,-3,3.6875,1.59375,0.15625,0.109375,0.0,0.5124999999999996,0.5,0.4448276149942289,0.050080470422334586,0.1226382268668619,0.049999999999999996,-0.2,5.500000000000001,1.0,16.0,0,0,1,0,28,34,0,0,1,0
2000688,0.0,0.05,0.75,4.747937500000001,4.750000000000001,0.002062500000000001,-2,2.0625,1.0625,0.140625,0.109375,0.0,0.4999999999999993,0.51875,0.4475283511262448,0.05003473632946155,0.14407636204747445,0.05,-1.0,5.750000000000001,4.0,12.0,0,0,0,0,32,24,0,0,8,0
2000689,0.0,0.05,0.75,7.098109375000001,7.1000000000000005,0.0018906250000000004,-1,1.890625,0.859375,0.203125,0.1875,0.0,0.6000000000000008,0.38750000000000046,0.006161247295793858,0.17090778563629805,8.087385994568711e-06,0.04999999999999999,-0.8500000000000003,7.950000000000001,8.0,17.0,0,0,48,0,0,16,0,0,0,0
2000690,1.0,0.05,0.75,2.3428281250000014,2.3500000000000014,0.0071718750000000055,-2,7.171875,2.421875,0.109375,0.078125,0.0,0.5875000000000006,0.6171874999999993,0.7874209424357446,0.050006704509524276,0.7678001452922517,0.05,-0.050000000000000044,2.3999999999999995,1.0,11.0,0,0,1,0,0,12,0,4,47,0
2000691,1.0,0.05,0.75,1.3947968750000004,1.4000000000000004,0.005203125000000004,-5,5.203125,1.984375,0.125,0.046875,0.0,0.6000000000000006,0.6453124999999993,0.9936045017093867,0.05023617555683088,0.9934806029780708,0.049999999999999996,-0.2500000000000002,1.6499999999999997,5.0,6.0,0,0,0,0,0,2,0,0,62,0
2000692,1.0,0.05,0.75,2.8943281250000004,2.9000000000000004,0.005671875000000004,-2,5.671875,2.140625,0.140625,0.109375,0.0,0.5625000000000001,0.5656249999999997,0.3529718295753769,0.05002067451051385,0.21884170862545635,0.049999999999999996,-0.7,3.6,3.0,13.0,0,0,1,0,6,28,0,6,23,0
2000693,0.0,0.05,0.75,3.6479687499999995,3.6499999999999995,0.002031250000000001,-1,2.03125,1.125,0.125,0.109375,0.0,0.46562499999999923,0.53984375,0.6054335352955491,0.05001416847094491,0.26116928788031385,0.05,-1.6500000000000001,5.300000000000001,5.0,10.0,0,0,0,0,41,6,0,2,15,0
2000694,1.0,0.05,0.75,0.7908437500000007,0.8000000000000007,0.009156250000000006,-5,9.15625,2.59375,0.140625,0.0625,0.0,0.5781250000000004,0.5867187499999994,0.7578185305475548,0.050014050002137336,0.7457816554438749,0.05000000000000001,-0.34999999999999987,1.1500000000000001,2.0,11.0,0,0,0,0,0,27,0,7,30,0
2000695,1.0,0.05,0.75,0.231171875,0.25,0.018828125000000008,-9,18.828125,3.203125,0.203125,0.0625,0.0,0.540625,0.5703124999999994,0.9717297649883517,0.05428148123848038,0.9695418112895395,0.05,-0.55,0.8,5.0,12.0,0,0,3,0,5,23,0,14,19,0
2000696,1.0,0.05,0.75,0.6805156250000002,0.7000000000000002,0.019484375000000005,-7,19.484375,3.796875,0.140625,0.03125,0.0,0.6000000000000006,0.6406249999999992,0.9983223499066033,0.05120570157623763,0.998298097770746,0.05000000000000001,-0.15000000000000013,0.8499999999999996,3.0,8.0,0,0,0,0,0,4,0,0,60,0
2000697,1.0,0.05,0.75,1.7926250000000008,1.8000000000000007,0.007375000000000006,-4,7.375,2.34375,0.125,0.0625,0.0,0.5875000000000006,0.6171874999999993,0.9724974668730906,0.0500936483279362,0.9702918023539379,0.049999999999999996,-0.2500000000000002,2.05,5.0,7.0,0,0,0,0,0,14,0,4,46,0
2000698,0.0,0.05,0.75,4.695124999999999,4.699999999999999,0.004875000000000003,2,4.875,1.9375,0.1875,0.21875,0.0,0.5375000000000002,0.5210937500000002,0.5628475850664716,0.08089657332792848,0.011154612690554212,0.05,-1.15,5.85,4.0,22.0,0,0,7,0,19,22,0,1,15,0
2000699,1.0,0.05,0.75,1.9446093749999993,1.9499999999999993,0.005390625000000004,-3,5.390625,1.984375,0.140625,0.09375,0.0,0.546875,0.5890624999999995,0.6600568361666218,0.05002627088995713,0.5966908646863431,0.05,-0.6999999999999997,2.6499999999999995,4.0,11.0,0,0,0,0,0,26,0,17,21,0
2000700,1.0,0.05,0.75,2.4879062500000018,2.5000000000000018,0.012093750000000007,-4,12.09375,3.0,0.15625,0.09375,0.0,0.5906250000000006,0.6007812499999993,0.8858153277439751,0.05040705666907103,0.8573339473758697,0.05,-0.44999999999999996,2.9499999999999997,4.0,12.0,0,0,1,0,0,19,0,3,41,0
2000701,0.0,0.05,0.75,9.79075,9.799999999999999,0.009250000000000006,-7,9.25,2.25,0.265625,0.15625,0.0,0.6000000000000008,0.38046875000000036,0.0758954470884756,0.07789586664761956,0.0002302172196333641,0.049999999999999996,-1.4000000000000001,11.200000000000003,10.0,17.0,0,0,52,0,0,11,0,0,1,0
2000702,0.0,0.05,0.75,2.8967187500000002,2.9000000000000004,0.003281250000000002,3,3.28125,1.34375,0.140625,0.1875,0.0,0.47499999999999915,0.509375,0.5319699490582854,0.050994943876859794,0.012455296744533283,0.049999999999999996,-1.7500000000000002,4.65,6.0,15.0,0,0,0,0,40,20,0,0,4,0
2000703,0.0,0.05,0.75,3.8985312500000004,3.9000000000000004,0.0014687500000000009,0,1.46875,0.9375,0.140625,0.140625,0.0,0.4968749999999993,0.5914062499999996,0.5007272026769104,0.05008962814454636,0.22989974932060628,0.05000000000000001,-1.9,5.8,5.0,13.0,0,0,0,0,9,16,0,24,15,0
2000704,1.0,0.05,0.75,1.2353437500000017,1.2500000000000018,0.014656250000000008,-5,14.65625,3.03125,0.125,0.046875,0.0,0.6000000000000008,0.5937499999999993,0.9895657641310073,0.05015590572115962,0.9884591812824205,0.04999999999999999,-0.4500000000000002,1.6999999999999997,6.0,5.0,0,0,0,0,0,24,0,0,40,0
2000705,1.0,0.05,0.75,0.742671875,0.75,0.007328125000000006,-3,7.328125,2.484375,0.078125,0.03125,0.0,0.6000000000000008,0.6312499999999993,0.9090248474156718,0.05000084779566014,0.9080797796485193,0.05,-0.44999999999999996,1.1999999999999997,3.0,4.0,0,0,0,0,0,8,0,0,56,0
2000706,0.0,0.05,0.75,0.7439218749999997,0.7499999999999998,0.006078125000000004,6,6.078125,1.796875,0.078125,0.171875,0.0,0.4968749999999994,0.5046875,0.4854306010522323,0.050116949159408175,0.00651392794847265,0.05000000000000002,-1.85,2.6000000000000014,7.0,9.0,0,0,0,0,33,29,0,0,2,0
2000707,1.0,0.05,0.75,1.3911875000000011,1.4000000000000012,0.008812500000000006,-5,8.8125,2.75,0.125,0.046875,0.0,0.6000000000000006,0.6453124999999993,0.9936045017093866,0.050236175556830874,0.9934806029780707,0.04999999999999999,-0.20000000000000018,1.5999999999999996,4.0,7.0,0,0,0,0,0,2,0,0,62,0
2000708,0.0,0.05,0.75,4.2476875000000005,4.250000000000001,0.0023125000000000016,-3,2.3125,1.15625,0.109375,0.0625,0.0,0.4999999999999993,0.5046875,0.504725311909015,0.05000208166291953,0.2920868414603665,0.05,-0.4,4.65,2.0,9.0,0,0,3,0,32,24,0,0,5,0
2000709,0.0,0.05,0.75,3.1486875000000003,3.1500000000000004,0.0013125000000000007,2,1.3125,0.96875,0.125,0.15625,0.0,0.5156249999999997,0.5421874999999995,0.621429861986457,0.05017799780771572,0.06322744003129233,0.05,-1.25,4.400000000000001,4.0,14.0,0,0,10,0,13,13,0,14,14,0
2000710,0.0,0.05,0.75,6.642296875,6.65,0.007703125000000005,-4,7.703125,2.171875,0.171875,0.109375,0.0,0.5374999999999999,0.5351562499999998,0.4427987898420827,0.050293718844345865,0.24172771154420827,0.05000000000000001,-1.05,7.7,4.0,14.0,0,0,1,0,7,40,0,13,3,0
2000711,0.0,0.05,0.75,5.147328125,5.1499999999999995,0.0026718750000000015,-3,2.671875,1.265625,0.15625,0.109375,0.0,0.5124999999999996,0.5562499999999996,0.620390289282575,0.050110946877531724,0.42880983240382153,0.05,-1.45,6.6000000000000005,4.0,13.0,0,0,0,0,9,31,0,19,5,0
2000712,1.0,0.05,0.75,2.0918750000000013,2.1000000000000014,0.008125000000000005,-3,8.125,2.6875,0.109375,0.0625,0.0,0.6000000000000008,0.6382812499999992,0.9766478660779337,0.05004728220410205,0.9753629908838525,0.049999999999999996,-0.20000000000000018,2.3,4.0,7.0,0,0,0,0,0,5,0,0,59,0
2000713,0.0,0.05,0.75,5.495984375000002,5.500000000000002,0.004015625000000002,-2,4.015625,1.546875,0.171875,0.140625,0.0,0.49374999999999925,0.48359374999999993,0.5757083658022829,0.05091194390408099,0.05292775089964409,0.049999999999999996,-1.4000000000000001,6.900000000000001,6.0,14.0,0,0,11,0,34,15,0,0,4,0
2000714,0.0,0.05,0.75,4.7984375,4.800000000000001,0.001562500000000001,-3,1.5625,1.0,0.140625,0.09375,0.0,0.540625,0.4859375000000001,0.4416042454354857,0.05002053877180566,0.11946651975582728,0.05,-0.6000000000000001,5.400000000000001,3.0,12.0,0,7,3,0,12,38,0,0,4,0
2000715,1.0,0.05,0.75,0.48590625000000087,0.5000000000000009,0.01409375000000001,-5,14.09375,3.1875,0.109375,0.03125,0.0,0.5968750000000007,0.5960937499999993,0.9707315003255607,0.050014164889479816,0.9697662149933636,0.049999999999999996,-0.6000000000000001,1.0999999999999999,6.0,3.0,0,0,0,0,0,23,0,1,40,0
2000716,1.0,0.05,0.75,1.174000000000001,1.200000000000001,0.02600000000000001,-6,26.0,4.375,0.140625,0.046875,0.0,0.6000000000000008,0.6242187499999993,0.9953265194557984,0.05070468696489105,0.9951657668057174,0.05,-0.20000000000000018,1.3999999999999997,4.0,8.0,0,0,0,0,0,11,0,0,53,0
2000717,0.0,0.05,0.75,5.989984374999998,5.999999999999998,0.010015625000000007,-3,10.015625,2.515625,0.1875,0.140625,0.0,0.5249999999999997,0.5445312499999996,0.6217893721719233,0.052263110067778853,0.2559448156131399,0.05000000000000001,-0.65,6.649999999999999,2.0,19.0,0,0,3,0,2,37,0,22,0,0
2000718,1.0,0.05,0.75,1.3448749999999996,1.3499999999999996,0.005125000000000004,-3,5.125,2.0625,0.09375,0.046875,0.0,0.6000000000000006,0.6195312499999993,0.9391696437728949,0.050004752324825964,0.9368137530744725,0.05,-0.15000000000000013,1.4999999999999998,3.0,6.0,0,0,0,0,0,13,0,0,51,0
2000719,1.0,0.05,0.75,1.934781250000001,1.950000000000001,0.015218750000000012,-6,15.21875,3.65625,0.15625,0.0625,0.0,0.6000000000000006,0.6476562499999993,0.9982901436649977,0.05652292427080988,0.9981840862429425,0.05,-0.30000000000000027,2.25,6.0,8.0,0,0,0,0,0,1,0,0,63,0
2000720,1.0,0.05,0.75,3.0910468750000004,3.1000000000000005,0.008953125000000006,-4,8.953125,2.703125,0.15625,0.09375,0.0,0.6000000000000006,0.6382812499999992,0.9932183392697397,0.05503392594926756,0.9917665885829675,0.05,-0.2500000000000002,3.3499999999999996,5.0,11.0,0,0,0,0,0,5,0,0,59,0
2000721,1.0,0.05,0.75,1.3863437500000022,1.4000000000000021,0.013656250000000009,-6,13.65625,2.90625,0.15625,0.0625,0.0,0.5937500000000006,0.5867187499999993,0.9668619731390622,0.05053229431710295,0.9631490580641793,0.05000000000000001,-0.5,1.9,4.0,10.0,0,0,0,0,0,27,0,2,35,0
2000722,0.0,0.05,0.75,8.089531250000002,8.100000000000001,0.010468750000000002,-7,10.46875,2.15625,0.21875,0.109375,0.0,0.49999999999999956,0.51171875,0.513468195574962,0.05302481670874463,0.31849262962833963,0.05,-1.15,9.250000000000002,4.0,17.0,0,0,0,0,32,27,0,0,5,0
2000723,1.0,0.05,0.75,3.140484375000001,3.1500000000000012,0.009515625000000007,-2,9.515625,2.765625,0.140625,0.109375,0.0,0.5781250000000004,0.6148437499999994,0.8432982211305424,0.050143694741163654,0.7873292822286686,0.05000000000000001,-0.5,3.6499999999999995,4.0,12.0,0,0,0,0,0,15,0,7,42,0
2000724,1.0,0.05,0.75,0.04192187499999982,0.04999999999999982,0.008078125000000005,-5,8.078125,2.390625,0.109375,0.03125,0.0,0.5687500000000002,0.5492187499999999,0.7258865427881267,0.05000114676292269,0.7140657945171746,0.049999999999999996,-0.19999999999999996,0.2500000000000002,1.0,8.0,0,0,0,0,0,43,0,10,11,0
2000725,0.0,0.05,0.75,4.399031250000001,4.400000000000001,0.0009687500000000004,0,0.96875,0.75,0.15625,0.15625,0.0,0.4656249999999992,0.50703125,0.4478606984911283,0.05043114201516287,0.0320321714724854,0.049999999999999996,-1.4000000000000001,5.800000000000002,5.0,15.0,0,0,1,0,43,16,0,0,4,0
2000726,1.0,0.05,0.75,-0.019406249999999126,8.881784197001252e-16,0.019406250000000014,-6,19.40625,4.0,0.109375,0.015625,0.0,0.6000000000000008,0.6335937499999993,0.98922713647233,0.0500244606225149,0.9891771474783299,0.05000000000000001,-0.40000000000000013,0.3999999999999999,5.0,3.0,0,0,0,0,0,7,0,0,57,0
2000727,1.0,0.05,0.75,2.0382500000000014,2.0500000000000016,0.011750000000000009,-4,11.75,3.125,0.125,0.0625,0.0,0.6000000000000006,0.6429687499999993,0.9900544475539588,0.050246858417731396,0.9895999443734097,0.05,-0.30000000000000027,2.3499999999999996,6.0,6.0,0,0,0,0,0,3,0,0,61,0
2000728,1.0,0.05,0.75,1.89934375,1.9000000000000001,0.0006562500000000005,0,0.65625,0.59375,0.0625,0.0625,0.0,0.5593750000000002,0.5773437499999998,0.5195443225942218,0.05000013671369924,0.4555049296485951,0.05,-0.050000000000000044,1.9500000000000002,1.0,7.0,0,0,0,0,0,31,0,13,20,0
2000729,1.0,0.05,0.75,0.07782812499999786,0.09999999999999787,0.022171875000000004,-8,22.171875,4.078125,0.171875,0.046875,0.0,0.5843750000000005,0.5843749999999995,0.8762008626672746,0.05013130829270085,0.8743854364258987,0.05000000000000001,-0.3999999999999999,0.5000000000000002,2.0,12.0,0,0,1,0,0,26,0,5,32,0
2000730,1.0,0.05,0.75,0.7322656250000018,0.7500000000000018,0.01773437500000001,-6,17.734375,3.953125,0.125,0.03125,0.0,0.6000000000000006,0.6429687499999993,0.9959595228616895,0.05023250949854928,0.9959192105782685,0.05,-0.3500000000000001,1.0999999999999996,4.0,6.0,0,0,0,0,0,3,0,0,61,0
2000731,1.0,0.05,0.75,1.1453906249999994,1.1499999999999995,0.0046093750000000015,-4,4.609375,1.640625,0.140625,0.078125,0.0,0.5343749999999999,0.5304687499999999,0.6256204945929966,0.05002086412667897,0.4864544339541946,0.05,-0.5,1.6500000000000001,2.0,12.0,0,0,0,0,17,34,0,4,9,0
2000732,0.0,0.05,0.75,1.6966562499999998,1.6999999999999997,0.003343750000000002,3,3.34375,1.625,0.078125,0.125,0.0,0.5468750000000001,0.4578124999999999,0.47470522191718373,0.05000655380055025,0.01184472540142018,0.05,-0.8500000000000001,2.55,4.0,9.0,0,6,12,0,11,35,0,0,0,0
2000733,0.0,0.05,0.75,4.44615625,4.449999999999999,0.0038437500000000025,-3,3.84375,1.65625,0.125,0.078125,0.0,0.5374999999999999,0.5656249999999995,0.6891445739743511,0.050008571585150444,0.6174761562592349,0.05,-0.8,5.249999999999999,2.0,11.0,0,0,0,0,0,36,0,20,8,0
2000734,0.0,0.05,0.75,9.4659375,9.5,0.03406250000000001,-11,34.0625,4.5,0.265625,0.09375,0.0,0.5031249999999994,0.40625000000000056,0.039599056912323904,0.05073304131276195,0.011881232697110004,0.05,-0.3,9.8,3.0,20.0,0,31,15,0,0,12,0,0,6,0
2000735,1.0,0.05,0.75,1.532703124999999,1.549999999999999,0.01729687500000001,-8,17.296875,3.265625,0.21875,0.09375,0.0,0.5375000000000001,0.5679687499999995,0.9245607119877066,0.07277205350098329,0.8998926048402469,0.05,-1.2499999999999998,2.8000000000000003,7.0,13.0,0,0,0,0,6,29,0,14,15,0
2000736,1.0,0.05,0.75,0.3285156250000014,0.3500000000000014,0.02148437500000001,-10,21.484375,3.515625,0.25,0.09375,0.0,0.5343749999999999,0.5140624999999999,0.6101500654904489,0.06441620472006772,0.5207273919068719,0.05,0.0,0.34999999999999987,0.0,22.0,0,0,4,0,16,34,0,5,5,0
2000737,1.0,0.05,0.75,0.07798437499999963,0.09999999999999964,0.02201562500000001,-8,22.015625,3.921875,0.171875,0.046875,0.0,0.5593750000000002,0.5726562499999994,0.8855418484545878,0.05015758864991059,0.8824474696484694,0.05,-0.25,0.3500000000000003,2.0,12.0,0,0,4,0,1,24,0,12,23,0
2000738,1.0,0.05,0.75,0.14015625000000034,0.15000000000000036,0.009843750000000007,-6,9.84375,2.75,0.109375,0.015625,0.0,0.6000000000000006,0.6476562499999993,0.9939100425097718,0.05004435756051801,0.9938881129393737,0.05,-0.050000000000000044,0.19999999999999973,1.0,7.0,0,0,0,0,0,1,0,0,63,0
2000739,1.0,0.05,0.75,3.149125,3.1500000000000004,0.0008750000000000003,0,0.875,0.625,0.109375,0.109375,0.0,0.4812499999999991,0.50703125,0.4763407059840421,0.050007747467195315,0.084451493269915,0.05,-0.30000000000000004,3.450000000000001,1.0,13.0,0,0,0,0,38,23,0,0,3,0
2000740,1.0,0.05,0.75,6.647171875,6.6499999999999995,0.0028281250000000016,4,2.828125,1.390625,0.109375,0.171875,0.0,0.6000000000000006,0.6453124999999993,0.9469120397615282,0.05020522207883552,0.5943454280563618,0.05,-0.15000000000000013,6.800000000000001,3.0,15.0,0,0,0,0,0,2,0,0,62,0
2000741,1.0,0.05,0.75,1.9866875000000017,2.0000000000000018,0.01331250000000001,-3,13.3125,3.09375,0.125,0.078125,0.0,0.5875000000000006,0.6031249999999994,0.8068106322088485,0.0500165023506778,0.7835888322116318,0.05,-0.44999999999999996,2.4499999999999997,3.0,10.0,0,0,0,0,0,20,0,4,40,0
2000742,1.0,0.05,0.75,1.3435156249999995,1.3499999999999996,0.006484375000000004,-3,6.484375,2.296875,0.09375,0.046875,0.0,0.6000000000000006,0.6335937499999993,0.938209077092448,0.05000462220586454,0.9368137530744721,0.049999999999999996,-0.10000000000000009,1.4499999999999997,2.0,7.0,0,0,0,0,0,7,0,0,57,0
2000743,0.0,0.05,0.75,4.197484374999999,4.199999999999999,0.002515625000000002,-2,2.515625,1.359375,0.125,0.09375,0.0,0.5531250000000001,0.5374999999999999,0.5613015561767477,0.050012732695621516,0.32189366273988135,0.049999999999999996,-1.65,5.85,5.0,9.0,0,0,0,0,5,43,0,10,6,0
2000744,0.0,0.05,0.75,7.538078125000002,7.550000000000002,0.011921875000000005,-6,11.921875,2.578125,0.203125,0.109375,0.0,0.49999999999999933,0.49765625,0.38680803075663056,0.05097514847740321,0.17004949262650051,0.05,-0.9000000000000001,8.45,4.0,16.0,0,0,1,0,32,31,0,0,0,0
2000745,0.0,0.05,0.75,8.734359375,8.75,0.015640625000000012,-8,15.640625,3.109375,0.21875,0.09375,0.0,0.546875,0.528125,0.6433756803718162,0.05202825801855252,0.5796950503330993,0.05,-0.4,9.150000000000002,2.0,18.0,0,0,7,0,11,27,0,6,13,0
2000746,0.0,0.05,0.75,8.025140624999999,8.049999999999999,0.024859375000000003,-7,24.859375,4.171875,0.203125,0.09375,0.0,0.5718750000000004,0.5140624999999998,0.5750587249835106,0.05141928997110901,0.4467403980772348,0.05,-0.2,8.249999999999998,1.0,18.0,0,0,7,0,2,42,0,7,6,0
2000747,1.0,0.05,0.75,2.796015625,2.8,0.003984375000000003,-1,3.984375,1.828125,0.09375,0.078125,0.0,0.6000000000000006,0.6476562499999993,0.9181531351213383,0.05000883780426599,0.9113868558662583,0.05,-0.3500000000000001,3.1499999999999995,4.0,7.0,0,0,0,0,0,1,0,0,63,0
2000748,1.0,0.05,0.75,0.4876093750000009,0.5000000000000009,0.01239062500000001,-5,12.390625,3.015625,0.125,0.046875,0.0,0.5687500000000003,0.5843749999999993,0.7135288366127241,0.05000348052849397,0.7060165493023535,0.049999999999999996,-0.3999999999999999,0.9000000000000001,2.0,9.0,0,0,2,0,0,24,0,10,28,0
2000749,1.0,0.05,0.75,0.7313124999999983,0.7499999999999982,0.01868750000000001,-9,18.6875,3.78125,0.25,0.109375,0.0,0.5093749999999995,0.50703125,0.4185768823102634,0.05821509945694284,0.30396562069852906,0.05,-0.7,1.4499999999999997,3.0,20.0,0,0,5,0,29,22,0,0,8,0
2000750,0.0,0.05,0.75,11.709203125000004,11.750000000000004,0.04079687500000002,-14,40.796875,5.140625,0.3125,0.09375,0.0,0.5124999999999995,0.42734375000000036,0.23532993290861087,0.07869176837309458,0.09564998126559733,0.05,-0.6500000000000001,12.400000000000004,4.0,22.0,0,12,20,0,16,15,0,0,1,0
2000751,0.0,0.05,0.75,8.089468750000002,8.100000000000001,0.010531250000000006,-6,10.53125,2.65625,0.21875,0.125,0.0,0.5031249999999995,0.5304687499999998,0.48483414953206433,0.05580044956658459,0.25396891080164097,0.05000000000000001,-1.1500000000000001,9.25,4.0,18.0,0,0,5,0,25,16,0,6,12,0
2000752,1.0,0.05,0.75,-0.36014062499999966,-0.34999999999999964,0.010140625000000004,-8,10.140625,2.234375,0.1875,0.0625,0.0,0.5093749999999995,0.49765624999999997,0.6036082257899626,0.0501434818520479,0.5276696583142115,0.05,-0.19999999999999996,-0.15000000000000036,1.0,15.0,0,0,7,0,29,22,0,0,6,0
2000753,0.0,0.05,0.75,7.776890624999998,7.799999999999998,0.023109375,-9,23.109375,3.703125,0.21875,0.078125,0.0,0.5124999999999995,0.35234375000000023,0.2279186895082655,0.05187590785731118,0.013488847147143063,0.05,-0.49999999999999994,8.299999999999999,5.0,14.0,0,28,35,0,0,1,0,0,0,0
2000754,0.0,0.05,0.75,4.998640625000001,5.000000000000001,0.0013593750000000008,-1,1.359375,0.890625,0.171875,0.15625,0.0,0.47187499999999916,0.5023437500000001,0.6105638068251883,0.05109704978969843,0.05738864287146828,0.05,-2.0500000000000003,7.050000000000001,7.0,14.0,0,0,6,0,41,10,0,0,7,0
2000755,0.0,0.05,0.75,3.9475937500000007,3.9500000000000006,0.0024062500000000013,2,2.40625,1.28125,0.140625,0.171875,0.0,0.6000000000000008,0.6335937499999993,0.855987520028265,0.05075124348645356,0.45787906364316133,0.049999999999999996,-1.4000000000000001,5.350000000000002,4.0,16.0,0,0,0,0,0,7,0,0,57,0
2000756,1.0,0.05,0.75,0.3438437499999996,0.34999999999999964,0.006156250000000005,-4,6.15625,2.21875,0.109375,0.046875,0.0,0.5593750000000002,0.5749999999999995,0.7148889617409445,0.05000109804061326,0.7040705067670556,0.05,-0.19999999999999996,0.5500000000000003,1.0,9.0,0,0,0,0,0,32,0,13,19,0
2000757,1.0,0.05,0.75,3.2893437500000027,3.3000000000000025,0.010656250000000008,-3,10.65625,3.03125,0.140625,0.09375,0.0,0.6000000000000006,0.6429687499999993,0.9908917568406074,0.05167736082601635,0.9889097112121925,0.049999999999999996,-0.15000000000000013,3.449999999999999,3.0,12.0,0,0,0,0,0,3,0,0,61,0
2000758,0.0,0.05,0.75,7.835312499999998,7.849999999999998,0.01468750000000001,-8,14.6875,3.03125,0.234375,0.109375,0.0,0.4906249999999992,0.35234375000000023,0.19952983148850453,0.05460007103103004,0.005678792944554992,0.05,-0.5499999999999999,8.399999999999999,4.0,18.0,0,35,28,0,0,1,0,0,0,0
2000759,1.0,0.05,0.75,2.745375,2.75,0.004625000000000002,-2,4.625,1.78125,0.109375,0.078125,0.0,0.6000000000000006,0.6453124999999993,0.964398623207603,0.05004914970218797,0.9611199111765637,0.05,-0.2500000000000002,2.9999999999999996,5.0,7.0,0,0,0,0,0,2,0,0,62,0
2000760,1.0,0.05,0.75,1.436687500000001,1.450000000000001,0.01331250000000001,-4,13.3125,3.40625,0.109375,0.046875,0.0,0.6000000000000006,0.6406249999999992,0.9848185240973727,0.05004537482648815,0.9844726478224439,0.05,-0.4500000000000002,1.8999999999999997,6.0,4.0,0,0,0,0,0,4,0,0,60,0
2000761,1.0,0.05,0.75,1.9809531250000028,2.0000000000000027,0.019046874999999998,-5,19.046875,3.984375,0.140625,0.0625,0.0,0.6000000000000008,0.6312499999999993,0.9959440406308495,0.05135856864319087,0.995646530828909,0.05000000000000001,-0.30000000000000027,2.3,6.0,7.0,0,0,0,0,0,8,0,0,56,0
2000762,1.0,0.05,0.75,2.1465624999999995,2.1499999999999995,0.003437500000000002,-4,3.4375,1.625,0.15625,0.09375,0.0,0.5656250000000002,0.6218749999999994,0.8663846177826005,0.05020036195874271,0.8529147585687374,0.04999999999999999,-0.5999999999999999,2.7499999999999996,4.0,12.0,0,0,0,0,0,12,0,11,41,0
2000763,0.0,0.05,0.75,4.639531249999999,4.6499999999999995,0.010468750000000006,-2,10.46875,2.6875,0.140625,0.109375,0.0,0.5312499999999998,0.5445312499999995,0.5493544887792359,0.05004942049722083,0.27435014632759847,0.049999999999999996,-0.4,5.050000000000001,2.0,14.0,0,0,5,0,4,31,0,18,6,0
2000764,1.0,0.05,0.75,2.54265625,2.55,0.007343750000000004,-1,7.34375,2.375,0.109375,0.09375,0.0,0.5312499999999999,0.5398437499999997,0.4822541483588214,0.05000419861646272,0.24266431752123757,0.05000000000000001,0.0,2.5500000000000003,0.0,13.0,0,0,2,0,12,31,0,10,9,0
2000765,0.0,0.05,0.75,5.448546875000002,5.450000000000002,0.001453125000000001,-1,1.453125,1.046875,0.1875,0.171875,0.0,0.4937499999999992,0.50703125,0.5158555860715518,0.05317532155989535,0.03438346129043369,0.05,-1.7000000000000002,7.150000000000002,6.0,17.0,0,0,5,0,34,17,0,0,8,0
2000766,1.0,0.05,0.75,0.24390625000000088,0.2500000000000009,0.006093750000000004,-6,6.09375,1.84375,0.15625,0.0625,0.0,0.5187499999999996,0.48359375,0.5750620733718137,0.050042251696661114,0.39331039682489105,0.05,-0.3999999999999999,0.6499999999999995,2.0,12.0,0,0,7,0,26,31,0,0,0,0
2000767,1.0,0.05,0.75,3.239671875000001,3.250000000000001,0.010328125000000007,-4,10.328125,2.765625,0.15625,0.09375,0.0,0.6000000000000006,0.6476562499999993,0.9961536096072109,0.058379813247748547,0.9953557154933111,0.05000000000000001,-0.20000000000000018,3.449999999999999,4.0,12.0,0,0,0,0,0,1,0,0,63,0
2000768,0.0,0.05,0.75,0.9421093749999995,0.9499999999999995,0.007890625000000004,6,7.890625,1.859375,0.09375,0.1875,0.0,0.47812499999999913,0.49765625,0.48344445335411784,0.050364193888016544,0.004772926812436717,0.05000000000000001,-1.1,2.05,4.0,14.0,0,0,1,0,39,24,0,0,0,0
2000769,0.0,0.05,0.75,3.2988593749999997,3.3,0.0011406250000000006,0,1.140625,0.765625,0.125,0.125,0.0,0.4968749999999995,0.5562499999999999,0.5179266548912378,0.0500233555954046,0.17744590952641268,0.05,-2.1,5.4,6.0,10.0,0,0,0,0,25,15,0,8,16,0
2000770,1.0,0.05,0.75,0.5841093750000005,0.6000000000000005,0.015890625000000012,-6,15.890625,3.421875,0.125,0.03125,0.0,0.6000000000000008,0.6171874999999993,0.9929013780081265,0.05013133636615292,0.9927623890803577,0.049999999999999996,-0.55,1.1499999999999997,5.0,5.0,0,0,0,0,0,14,0,0,50,0
2000771,0.0,0.05,0.75,5.49090625,5.5,0.009093750000000006,-4,9.09375,2.46875,0.140625,0.078125,0.0,0.5781250000000004,0.5867187499999996,0.6359181568493263,0.05001288429528255,0.6070926131367403,0.05,0.0,5.5,0.0,14.0,0,0,0,0,0,27,0,7,30,0
2000772,0.0,0.05,0.75,5.547359375000002,5.550000000000002,0.002640625000000002,-3,2.640625,1.296875,0.171875,0.125,0.0,0.48437499999999917,0.4531249999999999,0.43131969490849986,0.05042690738479844,0.029535925541460922,0.05,-0.2,5.750000000000002,1.0,18.0,0,8,12,0,29,15,0,0,0,0
2000773,0.0,0.05,0.75,9.674031249999999,9.7,0.025968750000000006,-10,25.96875,4.375,0.265625,0.109375,0.0,0.5562500000000001,0.4132812500000002,0.3700821482740617,0.07770097451532322,0.08098681554542507,0.05000000000000001,-0.95,10.649999999999999,5.0,19.0,0,0,37,0,14,13,0,0,0,0
2000774,0.0,0.05,0.75,6.889265625,6.9,0.010734375000000006,-5,10.734375,2.359375,0.171875,0.09375,0.0,0.5062499999999996,0.5046875,0.4184503195618043,0.05020741179843702,0.20386109593832408,0.05000000000000002,-0.7,7.6000000000000005,3.0,14.0,0,0,0,0,30,32,0,0,2,0
2000775,1.0,0.05,0.75,1.8407656249999989,1.8499999999999988,0.009234375000000006,-4,9.234375,2.796875,0.140625,0.078125,0.0,0.5875000000000005,0.5375,0.4511681043780337,0.05001663572352756,0.3443311000213882,0.05,-0.3999999999999999,2.250000000000001,2.0,12.0,0,0,0,0,2,46,0,2,14,0
2000776,1.0,0.05,0.75,2.6448281249999988,2.6499999999999986,0.005171875000000004,-2,5.171875,1.921875,0.125,0.09375,0.0,0.5718750000000004,0.5445312499999999,0.436945467136738,0.05001048773342478,0.2540722204192241,0.05000000000000001,-0.5999999999999999,3.25,3.0,11.0,0,0,0,0,0,45,0,9,10,0
2000777,1.0,0.05,0.75,1.415718750000001,1.450000000000001,0.03428125,-7,34.28125,4.8125,0.171875,0.0625,0.0,0.5937500000000007,0.6054687499999993,0.9910358279443009,0.05368638177157925,0.99037192208127,0.05,-0.3500000000000001,1.7999999999999998,4.0,11.0,0,0,0,0,0,19,0,2,43,0
2000778,0.0,0.05,0.75,6.289828125000002,6.3000000000000025,0.010171875000000006,-4,10.171875,2.421875,0.203125,0.140625,0.0,0.48749999999999927,0.4460937499999999,0.3894538905677201,0.052541690158008206,0.021943556673137826,0.05,-1.05,7.350000000000002,5.0,17.0,0,9,14,0,27,14,0,0,0,0
2000779,1.0,0.05,0.75,-0.16648437500000035,-0.15000000000000036,0.01648437500000001,-9,16.484375,3.265625,0.171875,0.03125,0.0,0.5687500000000002,0.5937499999999994,0.9948763142116785,0.05173634979391287,0.9947657678302377,0.05000000000000001,-0.44999999999999996,0.2999999999999998,3.0,10.0,0,0,0,0,0,24,0,10,30,0
2000780,0.0,0.05,0.75,10.07725,10.1,0.02275000000000001,-9,22.75,4.0,0.234375,0.09375,0.0,0.5812500000000005,0.5187499999999999,0.6341978585373983,0.06432485495549867,0.5354941686828975,0.05000000000000001,-1.05,11.15,4.0,17.0,0,0,2,0,3,49,0,3,7,0
2000781,0.0,0.05,0.75,5.3471875,5.3500000000000005,0.0028125000000000008,-3,2.8125,1.125,0.140625,0.09375,0.0,0.5406249999999999,0.6101562499999995,0.8395682048797224,0.050079150769375594,0.8110570324519921,0.05,-1.1500000000000001,6.500000000000001,3.0,12.0,0,0,0,0,0,17,0,19,28,0
2000782,1.0,0.05,0.75,2.245625000000001,2.250000000000001,0.004375000000000003,-3,4.375,1.8125,0.125,0.078125,0.0,0.5781250000000006,0.6359374999999993,0.9361097978786238,0.05005731740563584,0.9314541544673934,0.05,-0.15000000000000013,2.4,3.0,10.0,0,0,0,0,0,6,0,7,51,0
2000783,1.0,0.05,0.75,2.2926249999999997,2.3,0.007375000000000006,-5,7.375,2.3125,0.1875,0.109375,0.0,0.5406249999999999,0.5304687499999999,0.44926482168551657,0.05069631206913524,0.2657933778577493,0.05,-0.3999999999999999,2.7,2.0,17.0,0,0,0,0,13,38,0,6,7,0
2000784,0.0,0.05,0.75,4.89353125,4.8999999999999995,0.006468750000000004,-4,6.46875,2.0625,0.109375,0.046875,0.0,0.5937500000000006,0.509375,0.5845850995987919,0.05000233801099184,0.4643982250920582,0.05,-0.2,5.1,1.0,9.0,0,0,0,0,2,58,0,0,4,0
2000785,0.0,0.05,0.75,4.048875,4.05,0.0011250000000000006,-2,1.125,0.75,0.109375,0.078125,0.0,0.5687500000000003,0.5703124999999998,0.4964979466425534,0.050001974289168485,0.41138002077542063,0.05,-0.4,4.45,2.0,10.0,0,0,0,0,4,30,0,6,24,0
2000786,1.0,0.05,0.75,1.24578125,1.25,0.004218750000000002,-4,4.21875,1.4375,0.140625,0.078125,0.0,0.5406249999999999,0.52109375,0.6020818242342453,0.05002285006649131,0.4209042621844957,0.05,-0.8,2.05,3.0,11.0,0,0,0,0,19,36,0,0,9,0
2000787,0.0,0.05,0.75,5.898703124999998,5.899999999999999,0.001296875000000001,-2,1.296875,0.890625,0.171875,0.140625,0.0,0.5218749999999998,0.6359374999999993,0.7539032374472177,0.05154991522365269,0.6391614960712653,0.05,-0.8,6.700000000000001,2.0,18.0,0,0,0,0,0,6,0,25,33,0
2000788,1.0,0.05,0.75,3.3439062500000007,3.3500000000000005,0.0060937500000000045,-2,6.09375,2.15625,0.125,0.09375,0.0,0.6000000000000008,0.6289062499999993,0.9809285196401686,0.05036300739401778,0.9737529374793893,0.049999999999999996,-0.2500000000000002,3.599999999999999,5.0,9.0,0,0,0,0,0,9,0,0,55,0
2000789,1.0,0.05,0.75,1.696406250000001,1.700000000000001,0.003593750000000001,-5,3.59375,1.40625,0.1875,0.109375,0.0,0.4781249999999992,0.50234375,0.4265888035129297,0.05041332395710019,0.17547780561444762,0.05,-0.6500000000000001,2.3500000000000014,2.0,17.0,0,0,1,0,39,22,0,0,2,0
2000790,1.0,0.05,0.75,4.798031249999999,4.799999999999999,0.0019687500000000013,2,1.96875,1.21875,0.109375,0.140625,0.0,0.5656250000000002,0.6406249999999992,0.7047103974444349,0.05004065018781356,0.4839295421342028,0.05,-0.10000000000000009,4.8999999999999995,2.0,14.0,0,0,0,0,0,4,0,11,49,0
2000791,0.0,0.05,0.75,3.6990781249999993,3.6999999999999993,0.0009218750000000006,0,0.921875,0.765625,0.140625,0.140625,0.0,0.5156249999999998,0.40390625,0.43526172469092067,0.05007751841110417,0.0036369045605599945,0.05,-0.7,4.3999999999999995,4.0,14.0,0,19,22,0,8,15,0,0,0,0
2000792,1.0,0.05,0.75,-0.4620312499999993,-0.4499999999999993,0.012031250000000009,-6,12.03125,3.09375,0.09375,0.0,0.0,0.6000000000000006,0.6453124999999993,0.9908704338018368,0.050008522979532136,0.9908553762118266,0.05,-0.10000000000000009,-0.3500000000000001,2.0,4.0,0,0,0,0,0,2,0,0,62,0
2000793,1.0,0.05,0.75,2.492218750000002,2.5000000000000018,0.007781250000000004,-2,7.78125,2.28125,0.109375,0.078125,0.0,0.5968750000000007,0.6031249999999992,0.9191789612763691,0.05002327494607417,0.8945704908962636,0.05,-0.25,2.7499999999999996,3.0,9.0,0,0,0,0,0,20,0,1,43,0
2000794,0.0,0.05,0.75,3.7959687499999997,3.8,0.004031250000000003,-3,4.03125,1.75,0.09375,0.046875,0.0,0.5875000000000005,0.528125,0.6437659776158079,0.05000071485698094,0.5574131122457815,0.05,-0.65,4.45,2.0,7.0,0,0,0,0,0,52,0,4,8,0
2000795,1.0,0.05,0.75,-0.5121093750000009,-0.5000000000000009,0.012109375000000007,-6,12.109375,2.609375,0.125,0.03125,0.0,0.53125,0.5117187499999998,0.6624015711386808,0.050001699651770974,0.6342837841264986,0.05,-0.3500000000000001,-0.1499999999999999,1.0,9.0,0,0,5,0,12,37,0,10,0,0
2000796,1.0,0.05,0.75,1.23884375,1.25,0.011156250000000006,-4,11.15625,3.0,0.125,0.0625,0.0,0.5718750000000004,0.5984374999999994,0.7215853392309183,0.0500058006627141,0.7106025851965572,0.05,-0.7,1.95,3.0,9.0,0,0,1,0,0,20,0,9,34,0
2000797,0.0,0.05,0.75,5.834703125,5.85,0.015296875000000012,-6,15.296875,3.109375,0.125,0.03125,0.0,0.5812500000000006,0.5562499999999996,0.7126615851822391,0.050002391697224216,0.7046840971507886,0.05,0.0,5.85,0.0,10.0,0,0,0,0,4,36,0,2,22,0
2000798,1.0,0.05,0.75,1.5967656250000002,1.6,0.0032343750000000024,-1,3.234375,1.671875,0.0625,0.046875,0.0,0.6000000000000008,0.6359374999999993,0.8244528345842342,0.0500002787719986,0.8203490347796315,0.05000000000000001,-0.050000000000000044,1.6499999999999997,1.0,6.0,0,0,0,0,0,6,0,0,58,0
2000799,0.0,0.05,0.75,8.976999999999999,8.999999999999998,0.023,-9,23.0,3.25,0.265625,0.125,0.0,0.5187499999999996,0.36171875000000026,0.05381693210851707,0.054523391084824735,0.0015187545641776531,0.049999999999999996,-0.7499999999999998,9.75,7.0,18.0,0,26,33,0,0,5,0,0,0,0
2000800,0.0,0.05,0.75,7.442468749999998,7.449999999999998,0.007531250000000003,-7,7.53125,2.03125,0.21875,0.109375,0.0,0.5218749999999996,0.3687500000000003,0.1872892793452135,0.05187401145071607,0.006201200249983289,0.05000000000000001,-0.55,7.999999999999999,3.0,18.0,0,25,31,0,0,8,0,0,0,0
2000801,1.0,0.05,0.75,2.4464375,2.45,0.0035625000000000027,-2,3.5625,1.71875,0.125,0.09375,0.0,0.5531250000000002,0.6171874999999996,0.6356301590647514,0.05000905083725273,0.6010338365078041,0.05000000000000001,-0.34999999999999987,2.7999999999999994,3.0,11.0,0,0,0,0,0,14,0,15,35,0
2000802,0.0,0.05,0.75,8.541484375,8.549999999999999,0.008515625000000006,-5,8.515625,2.390625,0.234375,0.15625,0.0,0.5968750000000007,0.3687500000000003,0.05537152228989115,0.0648485582047708,0.00013643274001177047,0.05000000000000001,-0.7,9.250000000000002,6.0,19.0,0,1,56,0,0,6,0,0,1,0
2000803,0.0,0.05,0.75,4.697671875000001,4.700000000000001,0.002328125000000001,-1,2.328125,1.171875,0.15625,0.140625,0.0,0.47499999999999915,0.48125,0.5402266792255842,0.050268555771073774,0.04232331423900038,0.05,-1.7000000000000002,6.400000000000001,6.0,13.0,0,0,8,0,40,16,0,0,0,0
2000804,0.0,0.05,0.75,5.298546875000001,5.300000000000002,0.001453125000000001,-2,1.453125,0.984375,0.171875,0.140625,0.0,0.47499999999999926,0.51171875,0.4068614263863334,0.050340533715673576,0.06702313592589335,0.05000000000000001,-0.5,5.800000000000002,2.0,18.0,0,0,2,0,40,15,0,0,7,0
2000805,1.0,0.05,0.75,0.8874531250000013,0.9000000000000012,0.01254687500000001,-6,12.546875,3.109375,0.140625,0.046875,0.0,0.5968750000000007,0.6195312499999993,0.9852073494908882,0.05021174136293335,0.9848551762397729,0.05,-0.44999999999999996,1.3499999999999996,3.0,9.0,0,0,0,0,0,13,0,1,50,0
2000806,1.0,0.05,0.75,0.9838281249999999,1.0,0.01617187500000001,-7,16.171875,3.359375,0.171875,0.0625,0.0,0.5906250000000006,0.6265624999999992,0.9822011283846307,0.05130714221342548,0.9817011671456206,0.05,-0.3500000000000001,1.35,4.0,11.0,0,0,0,0,0,10,0,3,51,0
2000807,1.0,0.05,0.75,2.6370156250000023,2.650000000000002,0.012984375000000006,-4,12.984375,2.765625,0.171875,0.109375,0.0,0.5656250000000003,0.5679687499999995,0.8236689477000656,0.05124767573842716,0.6937652930621557,0.05,-0.19999999999999996,2.8499999999999996,1.0,17.0,0,0,0,0,4,31,0,7,22,0
2000808,0.0,0.05,0.75,2.2977499999999997,2.3,0.0022500000000000016,2,2.25,1.1875,0.09375,0.125,0.0,0.47812499999999913,0.5023437500000001,0.49389770774661285,0.050012367605194515,0.03734273425282048,0.05,-0.6000000000000001,2.9000000000000012,3.0,11.0,0,0,5,0,39,14,0,0,6,0
2000809,0.0,0.05,0.75,6.739343749999998,6.749999999999998,0.010656250000000006,-4,10.65625,2.65625,0.171875,0.109375,0.0,0.5375000000000001,0.5468749999999996,0.4749441985649299,0.05035885348835633,0.2872210679783078,0.04999999999999999,-1.4,8.15,5.0,13.0,0,0,2,0,7,33,0,13,9,0
2000810,1.0,0.05,0.75,4.1486406250000005,4.15,0.0013593750000000008,1,1.359375,0.859375,0.125,0.140625,0.0,0.5093749999999995,0.6335937499999993,0.6494441648102809,0.05004838721074193,0.4804438898088045,0.05,-0.3999999999999999,4.549999999999999,3.0,14.0,0,0,0,0,0,7,0,29,28,0
2000811,0.0,0.05,0.75,7.792781250000001,7.800000000000001,0.007218750000000005,-6,7.21875,1.9375,0.21875,0.125,0.0,0.5718750000000006,0.3687500000000003,0.09203637352036619,0.05203559759410699,0.0013912085477652313,0.05,-0.5999999999999999,8.4,5.0,17.0,0,9,47,0,0,8,0,0,0,0
2000812,0.0,0.05,0.75,5.047734375000001,5.050000000000001,0.002265625000000001,-3,2.265625,1.203125,0.140625,0.09375,0.0,0.5187499999999996,0.5234375,0.4290902542131526,0.050017503964049415,0.22266932726538288,0.05,-0.3,5.3500000000000005,1.0,14.0,0,0,0,0,25,29,0,1,9,0
2000813,1.0,0.05,0.75,0.9446718750000002,0.9500000000000002,0.005328125000000002,-5,5.328125,1.890625,0.125,0.046875,0.0,0.5687500000000003,0.6312499999999993,0.9725929006302827,0.05005195211459196,0.9721080880561128,0.05,-0.3500000000000001,1.3,4.0,7.0,0,0,0,0,0,8,0,10,46,0
2000814,1.0,0.05,0.75,2.846265624999999,2.849999999999999,0.003734375000000003,0,3.734375,1.609375,0.078125,0.078125,0.0,0.6000000000000008,0.6359374999999993,0.830683375459926,0.05000167441010564,0.8105760585252629,0.05000000000000001,-0.10000000000000009,2.9499999999999997,2.0,8.0,0,0,0,0,0,6,0,0,58,0
2000815,0.0,0.05,0.75,9.526015625,9.549999999999999,0.023984375000000002,-12,23.984375,3.578125,0.265625,0.078125,0.0,0.5281249999999997,0.3687500000000003,0.10345520652969799,0.053125876668186696,0.021462851739870236,0.049999999999999996,-0.49999999999999994,10.05,5.0,17.0,0,23,33,0,0,8,0,0,0,0
2000816,0.0,0.05,0.75,7.388578125,7.4,0.011421875000000008,-7,11.421875,2.640625,0.1875,0.078125,0.0,0.5093749999999995,0.49296874999999996,0.4512900578945855,0.050169948925206244,0.3187315765088954,0.05,-0.2,7.6000000000000005,1.0,16.0,0,0,3,0,29,32,0,0,0,0
2000817,1.0,0.05,0.75,0.931484375000001,0.9500000000000011,0.01851562500000001,-6,18.515625,3.640625,0.140625,0.046875,0.0,0.5968750000000007,0.6124999999999993,0.9865212027685212,0.050251663943195454,0.9860450948996845,0.05,-0.25,1.1999999999999997,3.0,9.0,0,0,0,0,0,16,0,1,47,0
2000818,0.0,0.05,0.75,8.270515624999998,8.299999999999997,0.029484375000000004,-6,29.484375,4.421875,0.234375,0.140625,0.0,0.4843749999999993,0.42734375000000024,0.08258042579010576,0.05397108423365034,0.0036712808418563146,0.05,-1.25,9.549999999999999,7.0,17.0,0,11,20,0,26,7,0,0,0,0
2000819,0.0,0.05,0.75,7.04303125,7.050000000000001,0.006968750000000004,-7,6.96875,1.96875,0.171875,0.0625,0.0,0.4999999999999994,0.4953125,0.6402603365442732,0.05010437338017108,0.5362757754180331,0.05000000000000001,-0.5,7.55,2.0,13.0,0,0,2,0,32,30,0,0,0,0
2000820,1.0,0.05,0.75,1.2873749999999997,1.2999999999999998,0.01262500000000001,-4,12.625,3.25,0.140625,0.078125,0.0,0.5750000000000003,0.5703124999999997,0.6045067822780577,0.050011525186372405,0.5605070474478889,0.05,-0.5999999999999999,1.9000000000000001,3.0,11.0,0,0,2,0,0,30,0,8,24,0
2000821,0.0,0.05,0.75,7.3465625,7.3500000000000005,0.003437500000000002,-4,3.4375,1.5,0.203125,0.140625,0.0,0.5281249999999997,0.6101562499999994,0.8952231077821005,0.07399740955466658,0.8008240596819506,0.049999999999999996,-0.2,7.55,1.0,21.0,0,0,1,0,0,15,0,23,25,0
2000822,0.0,0.05,0.75,5.347890625000002,5.350000000000001,0.0021093750000000014,-1,2.109375,1.265625,0.171875,0.15625,0.0,0.4999999999999993,0.4906249999999999,0.5333236986031858,0.05126796385328904,0.032727504918258286,0.05,-1.0,6.350000000000001,4.0,17.0,0,0,9,0,31,19,0,1,4,0
2000823,0.0,0.05,0.75,3.6401093749999998,3.65,0.009890625000000007,-3,9.890625,2.859375,0.078125,0.03125,0.0,0.5968750000000007,0.6195312499999993,0.8596806504987761,0.05000051391025527,0.857816402598048,0.05,0.0,3.65,0.0,7.0,0,0,0,0,0,13,0,1,50,0
2000824,1.0,0.05,0.75,1.232484375000001,1.2500000000000009,0.01751562500000001,-6,17.515625,3.265625,0.15625,0.0625,0.0,0.5937500000000006,0.5867187499999994,0.9412728347938311,0.0502735949115305,0.9362642127595133,0.049999999999999996,-0.55,1.8,5.0,9.0,0,0,0,0,0,27,0,2,35,0
2000825,0.0,0.05,0.75,5.339437500000001,5.3500000000000005,0.010562500000000006,-3,10.5625,2.9375,0.15625,0.109375,0.0,0.48749999999999916,0.46718750000000003,0.3605122422809048,0.050095248677635006,0.045550127168910624,0.05,-0.6499999999999999,6.0,3.0,14.0,0,1,15,0,35,11,0,0,2,0
2000826,0.0,0.05,0.75,3.3981406250000012,3.4000000000000012,0.0018593750000000008,0,1.859375,0.921875,0.109375,0.109375,0.0,0.5249999999999997,0.53046875,0.41124056859813984,0.050009641272247496,0.1072454415673332,0.05,-0.55,3.950000000000001,2.0,12.0,0,0,0,0,20,31,0,4,9,0
2000827,0.0,0.05,0.75,9.269546875,9.299999999999999,0.03045312500000001,-12,30.453125,3.640625,0.25,0.0625,0.0,0.54375,0.3828125000000004,0.2854424313010999,0.05346397229002414,0.11479168528971134,0.05,-0.5,9.799999999999999,4.0,16.0,0,18,32,0,0,14,0,0,0,0
2000828,0.0,0.05,0.75,5.599187500000002,5.600000000000002,0.0008125000000000003,-1,0.8125,0.59375,0.1875,0.171875,0.0,0.4687499999999992,0.5,0.5353071038330527,0.05395098456518805,0.03139619122776924,0.05000000000000001,-1.0,6.600000000000003,4.0,19.0,0,0,0,0,42,22,0,0,0,0
2000829,0.0,0.05,0.75,3.998781250000001,4.000000000000001,0.0012187500000000006,0,1.21875,0.90625,0.140625,0.140625,0.0,0.48749999999999916,0.50703125,0.44688782083412126,0.05011513928270668,0.04364698240999148,0.05000000000000001,-1.1,5.100000000000001,4.0,14.0,0,0,0,0,36,25,0,0,3,0
2000830,0.0,0.05,0.75,3.0358124999999987,3.0499999999999985,0.014187500000000009,5,14.1875,3.28125,0.15625,0.234375,0.0,0.5656250000000002,0.5046875000000002,0.6649165465661021,0.06661935257030492,0.002263090972710422,0.05000000000000001,-1.6500000000000004,4.699999999999999,6.0,19.0,0,0,16,0,11,19,0,0,18,0
2000831,0.0,0.05,0.75,8.243453125,8.25,0.006546875000000002,-6,6.546875,1.890625,0.21875,0.125,0.0,0.5062499999999994,0.528125,0.4159433819893129,0.05454257784523503,0.20835034076621894,0.05,-1.1,9.35,5.0,17.0,0,0,0,0,30,22,0,0,12,0
2000832,1.0,0.05,0.75,0.9235312499999975,0.9499999999999975,0.026468750000000006,-11,26.46875,4.09375,0.21875,0.046875,0.0,0.6000000000000008,0.5890624999999994,0.9999854328888649,0.27172169823614656,0.9998619118150847,0.05000000000000001,-0.5500000000000003,1.4999999999999998,8.0,9.0,0,0,4,0,0,18,0,0,42,0
2000833,1.0,0.05,0.75,0.5796406249999997,0.5999999999999996,0.02035937500000001,-7,20.359375,3.578125,0.171875,0.0625,0.0,0.5781250000000006,0.5492187499999998,0.6443049165576458,0.05006867289334329,0.6204223228573356,0.05,-0.5,1.1000000000000003,2.0,13.0,0,0,0,0,5,38,0,2,19,0
2000834,0.0,0.05,0.75,5.8397499999999996,5.85,0.010250000000000006,-5,10.25,2.5,0.140625,0.0625,0.0,0.5593750000000002,0.5351562499999998,0.6443921071606391,0.05001575839544071,0.5782822223856778,0.05,-0.2,6.049999999999999,1.0,12.0,0,0,0,0,3,46,0,10,5,0
2000835,0.0,0.05,0.75,3.993234375,4.0,0.006765625000000005,-4,6.765625,2.359375,0.09375,0.03125,0.0,0.5812500000000005,0.5843749999999996,0.7254137508167982,0.050000345403761595,0.7210734469862081,0.05,0.0,4.0,0.0,8.0,0,0,0,0,0,28,0,6,30,0
2000836,0.0,0.05,0.75,5.848421875000001,5.850000000000001,0.0015781250000000008,-2,1.578125,1.015625,0.1875,0.15625,0.0,0.4874999999999992,0.509375,0.4494174916303128,0.051785035008609405,0.047834379616490744,0.05,-1.7000000000000002,7.550000000000002,6.0,16.0,0,0,2,0,36,20,0,0,6,0
2000837,0.0,0.05,0.75,4.798875000000002,4.800000000000002,0.0011250000000000008,-1,1.125,0.75,0.15625,0.140625,0.0,0.48437499999999933,0.4531249999999999,0.5244066814569491,0.05034215678563147,0.01665604523364365,0.05,-1.1500000000000001,5.950000000000001,5.0,14.0,0,4,16,0,33,11,0,0,0,0
2000838,0.0,0.05,0.75,6.444562500000002,6.450000000000002,0.005437500000000003,-3,5.4375,1.84375,0.203125,0.15625,0.0,0.4874999999999992,0.49765625,0.49894351042020507,0.05496720052243961,0.058314630150764366,0.049999999999999996,-1.0,7.450000000000001,4.0,19.0,0,0,4,0,35,22,0,1,2,0
2000839,1.0,0.05,0.75,4.598109375000002,4.600000000000001,0.0018906250000000012,-1,1.890625,1.078125,0.140625,0.125,0.0,0.6000000000000006,0.6476562499999993,0.98498078497733,0.05261158176821375,0.9720406816100522,0.05,-0.40000000000000013,5.0,5.0,12.0,0,0,0,0,0,1,0,0,63,0
2000840,1.0,0.05,0.75,0.4900625,0.5,0.009937500000000007,-5,9.9375,2.90625,0.109375,0.03125,0.0,0.6000000000000006,0.6242187499999993,0.9701062656279332,0.05001347209918175,0.9697662149933636,0.049999999999999996,-0.15000000000000013,0.6499999999999999,3.0,6.0,0,0,0,0,0,11,0,0,53,0
2000841,1.0,0.05,0.75,3.5469375000000007,3.5500000000000007,0.0030625000000000023,-3,3.0625,1.53125,0.15625,0.109375,0.0,0.5906250000000006,0.6242187499999993,0.9781370087732346,0.05343616257705498,0.9655790890951893,0.05,-0.30000000000000027,3.8499999999999996,6.0,11.0,0,0,0,0,0,11,0,3,50,0
2000842,1.0,0.05,0.75,3.4384687499999993,3.4499999999999993,0.011531250000000007,-3,11.53125,2.875,0.171875,0.125,0.0,0.5406249999999999,0.528125,0.43582778795302346,0.050538855122462985,0.14405943035679905,0.05,-0.19999999999999996,3.6500000000000004,1.0,18.0,0,0,3,0,16,30,0,3,12,0
2000843,1.0,0.05,0.75,2.236874999999999,2.249999999999999,0.013125000000000006,-5,13.125,2.78125,0.171875,0.09375,0.0,0.5781250000000004,0.5773437499999995,0.7291159471882723,0.05045594753432549,0.6744813286695972,0.049999999999999996,-0.19999999999999996,2.4499999999999997,1.0,16.0,0,0,0,0,0,31,0,7,26,0
2000844,0.0,0.05,0.75,4.294125,4.3,0.0058750000000000035,-2,5.875,1.9375,0.109375,0.078125,0.0,0.5687500000000003,0.5398437499999997,0.4016135424261065,0.050002488277243344,0.25688619832425375,0.05,-0.2,4.5,1.0,11.0,0,0,0,0,4,43,0,6,11,0
2000845,1.0,0.05,0.75,0.6278437500000004,0.6500000000000004,0.02215625000000001,-8,22.15625,4.03125,0.15625,0.03125,0.0,0.6000000000000008,0.6335937499999993,0.9993169429000452,0.056180981160440124,0.9992912048827249,0.05000000000000001,-0.30000000000000027,0.9499999999999997,6.0,6.0,0,0,0,0,0,7,0,0,57,0
2000846,1.0,0.05,0.75,-0.07192187499999894,-0.049999999999998934,0.021921875000000007,-7,21.921875,4.171875,0.125,0.015625,0.0,0.6000000000000008,0.6289062499999992,0.9954950756899313,0.05012767037521661,0.995468422178016,0.05000000000000001,-0.20000000000000018,0.1499999999999999,4.0,5.0,0,0,0,0,0,9,0,0,55,0
2000847,0.0,0.05,0.75,4.547843750000001,4.550000000000001,0.0021562500000000015,-3,2.15625,1.25,0.125,0.078125,0.0,0.5312499999999998,0.50234375,0.5432240187891816,0.050008922146311474,0.26516914349200205,0.05,-0.75,5.300000000000001,3.0,10.0,0,0,0,0,22,41,0,0,1,0
2000848,1.0,0.05,0.75,-0.4777187499999993,-0.4499999999999993,0.02771875,-9,27.71875,4.28125,0.15625,0.015625,0.0,0.5875000000000006,0.5960937499999993,0.9943999024152832,0.050584867273726165,0.9943436068594219,0.05,-0.40000000000000013,-0.04999999999999982,5.0,6.0,0,0,0,0,0,23,0,4,37,0
2000849,0.0,0.05,0.75,5.848875000000001,5.850000000000001,0.0011250000000000006,-2,1.125,0.84375,0.1875,0.15625,0.0,0.48124999999999907,0.5,0.5589248709777028,0.05268445941767652,0.05536804878998775,0.05,-1.6500000000000001,7.500000000000003,6.0,16.0,0,0,5,0,37,17,0,1,4,0
2000850,1.0,0.05,0.75,1.2959843749999997,1.2999999999999998,0.004015625000000003,-4,4.015625,1.546875,0.125,0.0625,0.0,0.5625000000000002,0.6312499999999994,0.8756551250566745,0.05001472451956106,0.8730097267103705,0.049999999999999996,-0.5499999999999998,1.8499999999999996,4.0,8.0,0,0,0,0,0,8,0,12,44,0
2000851,0.0,0.05,0.75,3.3486250000000006,3.3500000000000005,0.0013750000000000008,0,1.375,0.9375,0.109375,0.109375,0.0,0.5249999999999997,0.5421875,0.4822245407236131,0.0500093824080427,0.16031391295899539,0.05,-1.4500000000000002,4.800000000000001,5.0,9.0,0,0,0,0,23,23,0,1,17,0
2000852,0.0,0.05,0.75,8.675171874999998,8.7,0.024828125000000006,-10,24.828125,3.640625,0.265625,0.109375,0.0,0.48437499999999944,0.3921875,0.3347678995465119,0.0649119572566082,0.05043247213543108,0.049999999999999996,-0.8499999999999999,9.549999999999999,5.0,19.0,0,25,21,0,12,6,0,0,0,0
2000853,0.0,0.05,0.75,8.289140625,8.3,0.010859375000000001,-7,10.859375,2.171875,0.21875,0.109375,0.0,0.4843749999999991,0.509375,0.429150523762326,0.05228597575362634,0.2554783930974498,0.05,-1.2,9.5,4.0,17.0,0,0,3,0,37,17,0,0,7,0
2000854,1.0,0.05,0.75,0.7949062499999989,0.7999999999999989,0.005093750000000004,-4,5.09375,1.96875,0.125,0.0625,0.0,0.55,0.5609374999999996,0.6993201010939594,0.05000444571378263,0.6674265018570749,0.05,-0.3999999999999999,1.2000000000000002,2.0,10.0,0,0,0,0,0,38,0,16,10,0
2000855,1.0,0.05,0.75,1.6987343749999992,1.6999999999999993,0.0012656250000000007,-3,1.265625,0.890625,0.125,0.078125,0.0,0.5218749999999996,0.54921875,0.6309810639045514,0.05000808884993795,0.5117274774487665,0.05,0.0,1.7000000000000006,0.0,13.0,0,0,0,0,22,21,0,3,18,0
2000856,0.0,0.05,0.75,3.59584375,3.5999999999999996,0.004156250000000003,-3,4.15625,1.84375,0.078125,0.03125,0.0,0.5906250000000006,0.51875,0.5870011061946212,0.05000018055948049,0.5163755003310226,0.05,-0.4,4.0,2.0,5.0,0,0,0,0,0,56,0,3,5,0
2000857,1.0,0.05,0.75,1.3389531250000006,1.3500000000000005,0.011046875000000008,-3,11.046875,3.109375,0.09375,0.046875,0.0,0.6000000000000006,0.6429687499999992,0.9377948288177226,0.05000456732703024,0.9368137530744722,0.05,-0.15000000000000013,1.4999999999999998,3.0,6.0,0,0,0,0,0,3,0,0,61,0
2000858,1.0,0.05,0.75,0.44037500000000107,0.45000000000000107,0.009625000000000007,-5,9.625,2.71875,0.125,0.046875,0.0,0.5625000000000003,0.5960937499999995,0.7656265186564764,0.05000403806112488,0.761200876698778,0.05000000000000001,-0.19999999999999996,0.6500000000000001,1.0,10.0,0,0,0,0,0,23,0,12,29,0
2000859,0.0,0.05,0.75,2.096624999999999,2.099999999999999,0.0033750000000000013,4,3.375,1.3125,0.109375,0.171875,0.0,0.5593750000000002,0.6031249999999994,0.814218894287064,0.05019816231871085,0.18327533259455706,0.05,-2.1500000000000004,4.25,6.0,12.0,0,0,6,0,0,8,0,13,37,0
2000860,0.0,0.05,0.75,3.7415937499999994,3.7499999999999996,0.008406250000000006,-3,8.40625,2.75,0.078125,0.03125,0.0,0.6000000000000006,0.6359374999999993,0.9088709144764495,0.05000084533918814,0.9080797796485193,0.05,-0.7000000000000001,4.45,2.0,5.0,0,0,0,0,0,6,0,0,58,0
2000861,1.0,0.05,0.75,1.246234375,1.25,0.003765625000000003,-3,3.765625,1.796875,0.109375,0.0625,0.0,0.5781250000000004,0.6148437499999995,0.7154183936250932,0.050001858204063325,0.7078233738260293,0.05,-0.3999999999999999,1.65,2.0,9.0,0,0,0,0,0,15,0,7,42,0
2000862,1.0,0.05,0.75,0.7409375,0.75,0.009062500000000005,-8,9.0625,2.46875,0.21875,0.09375,0.0,0.5218749999999995,0.5328125,0.4878411594389167,0.050982411902692516,0.42650906794305316,0.05,-0.9000000000000001,1.6500000000000008,3.0,17.0,0,0,1,0,25,23,0,0,15,0
2000863,0.0,0.05,0.75,6.59340625,6.6000000000000005,0.006593750000000005,-4,6.59375,2.28125,0.203125,0.140625,0.0,0.4999999999999994,0.46953125000000007,0.3589575459377944,0.05243322009246042,0.03620126030089666,0.05,-0.35,6.95,2.0,20.0,0,1,15,0,31,14,0,0,3,0
2000864,0.0,0.05,0.75,3.198687500000001,3.200000000000001,0.0013125000000000005,1,1.3125,0.875,0.125,0.140625,0.0,0.4812499999999992,0.49765624999999997,0.4745637628238568,0.05006323610030185,0.02962080749335372,0.05,-0.2,3.4000000000000012,1.0,16.0,0,3,1,0,35,22,0,0,3,0
2000865,0.0,0.05,0.75,6.994046875000002,7.000000000000002,0.0059531250000000036,-5,5.953125,2.015625,0.1875,0.109375,0.0,0.47187499999999916,0.5140625,0.40697062856212557,0.050431852572276746,0.19790600409359352,0.05000000000000001,-0.5,7.500000000000002,2.0,17.0,0,0,0,0,41,17,0,0,6,0
2000866,1.0,0.05,0.75,2.1317187499999997,2.1499999999999995,0.018281250000000006,-5,18.28125,3.65625,0.1875,0.109375,0.0,0.5562500000000001,0.5703124999999996,0.6500366910212207,0.05101234644412631,0.5519718550535123,0.05,-0.5999999999999999,2.75,3.0,16.0,0,0,5,0,0,24,0,14,21,0
2000867,1.0,0.05,0.75,3.247171874999999,3.249999999999999,0.002828125000000002,-1,2.828125,1.515625,0.109375,0.09375,0.0,0.6000000000000008,0.6265624999999992,0.9211122799596395,0.05003466491963524,0.8966457429795145,0.05,-0.15000000000000013,3.399999999999999,3.0,10.0,0,0,0,0,0,10,0,0,54,0
2000868,1.0,0.05,0.75,2.2953906249999987,2.2999999999999985,0.004609375000000003,-1,4.609375,1.890625,0.09375,0.078125,0.0,0.5625000000000002,0.5257812499999998,0.4619386190066634,0.05000131569368436,0.22399152211768955,0.05,-0.1499999999999999,2.45,1.0,10.0,0,0,2,0,3,46,0,9,4,0
2000869,0.0,0.05,0.75,2.946437499999999,2.9499999999999993,0.0035625000000000027,-1,3.5625,1.65625,0.078125,0.0625,0.0,0.5968750000000007,0.6265624999999992,0.7144271351653894,0.050000496458139074,0.7016955176569947,0.05,-0.7000000000000001,3.65,2.0,7.0,0,0,0,0,0,10,0,1,53,0
2000870,1.0,0.05,0.75,-0.507140625,-0.5,0.007140625000000005,-5,7.140625,1.953125,0.09375,0.015625,0.0,0.5812500000000005,0.5328124999999997,0.7523398822220813,0.0500003627141357,0.7408560248796799,0.05,-0.19999999999999996,-0.2999999999999998,1.0,6.0,0,0,2,0,0,46,0,6,10,0
2000871,1.0,0.05,0.75,-0.3296406250000007,-0.3000000000000007,0.029640625000000004,-9,29.640625,4.234375,0.203125,0.0625,0.0,0.5437500000000003,0.5374999999999996,0.7152208789994375,0.050294991168301155,0.7012827307070172,0.05000000000000001,-0.8499999999999999,0.55,4.0,13.0,0,0,4,0,9,31,0,9,11,0
2000872,1.0,0.05,0.75,3.494703124999999,3.499999999999999,0.005296875000000004,1,5.296875,2.109375,0.078125,0.09375,0.0,0.6000000000000006,0.6476562499999993,0.7636226013572132,0.05000198629282822,0.7276663296577576,0.05,-0.3500000000000001,3.8499999999999996,4.0,7.0,0,0,0,0,0,1,0,0,63,0
2000873,1.0,0.05,0.75,1.183015625000001,1.200000000000001,0.016984375000000006,-7,16.984375,3.484375,0.171875,0.0625,0.0,0.5843750000000006,0.6054687499999993,0.9884813629591207,0.052362070888813214,0.9877322318431406,0.049999999999999996,-0.6000000000000001,1.7999999999999998,6.0,9.0,0,0,0,0,0,19,0,5,40,0
2000874,0.0,0.05,0.75,6.087937500000001,6.1000000000000005,0.012062500000000009,-5,12.0625,3.1875,0.125,0.046875,0.0,0.6000000000000006,0.6382812499999992,0.979951176191599,0.050071154463085396,0.9796493458224734,0.05,0.0,6.1000000000000005,0.0,11.0,0,0,0,0,0,5,0,0,59,0
2000875,0.0,0.05,0.75,3.093687499999999,3.0999999999999988,0.006312500000000005,4,6.3125,2.0,0.125,0.1875,0.0,0.6000000000000006,0.6429687499999993,0.9627160097150697,0.0507874667555818,0.552745478091779,0.05000000000000001,-1.05,4.1499999999999995,3.0,17.0,0,0,0,0,0,3,0,0,61,0
2000876,0.0,0.05,0.75,9.03978125,9.05,0.010218750000000006,-8,10.21875,2.375,0.234375,0.109375,0.0,0.49687499999999923,0.49296875,0.46892887413256734,0.05865616549315179,0.2545809258654019,0.05000000000000001,-0.7,9.75,3.0,19.0,0,0,6,0,30,25,0,3,0,0
2000877,1.0,0.05,0.75,-0.20559375000000107,-0.20000000000000107,0.005593750000000003,-6,5.59375,1.84375,0.125,0.03125,0.0,0.5750000000000004,0.5070312499999999,0.7407709746016564,0.05000478258408063,0.6989385807137776,0.049999999999999996,-0.5499999999999998,0.3500000000000001,3.0,7.0,0,0,3,0,3,52,0,5,1,0
2000878,1.0,0.05,0.75,3.3965468750000003,3.4000000000000004,0.003453125000000002,-1,3.453125,1.703125,0.109375,0.09375,0.0,0.6000000000000006,0.6453124999999993,0.9492895754566729,0.05005493275354826,0.9391563136465376,0.05,-0.10000000000000009,3.499999999999999,2.0,11.0,0,0,0,0,0,2,0,0,62,0
2000879,0.0,0.05,0.75,6.590640624999999,6.599999999999999,0.009359375000000005,-5,9.359375,2.359375,0.171875,0.09375,0.0,0.5437500000000002,0.5398437499999998,0.5774867008118371,0.05018939126846216,0.45059997022297554,0.05,-1.1,7.699999999999999,4.0,13.0,0,0,0,0,9,38,0,9,8,0
2000880,1.0,0.05,0.75,0.08767187500000052,0.10000000000000053,0.01232812500000001,-6,12.328125,2.859375,0.125,0.03125,0.0,0.5718750000000004,0.5796874999999994,0.8790272927790371,0.050008329027395604,0.8763394808653964,0.05,-0.050000000000000044,0.15000000000000036,1.0,9.0,0,0,0,0,0,30,0,9,25,0
2000881,1.0,0.05,0.75,1.482171874999999,1.4999999999999991,0.01782812500000001,-5,17.828125,3.515625,0.171875,0.09375,0.0,0.5375,0.5609374999999994,0.6292374202742466,0.050170347717554145,0.5492673014245526,0.05,-1.0499999999999998,2.55,5.0,12.0,0,0,8,0,3,19,0,17,17,0
2000882,0.0,0.05,0.75,2.193468749999999,2.1999999999999993,0.006531250000000004,2,6.53125,2.25,0.109375,0.140625,0.0,0.5156249999999996,0.6101562499999996,0.640885279020753,0.0500272504760927,0.32512307074534347,0.05,-0.7000000000000001,2.8999999999999995,2.0,14.0,0,0,0,0,5,12,0,22,25,0
2000883,0.0,0.05,0.75,4.444609375000001,4.450000000000001,0.005390625000000004,-2,5.390625,2.046875,0.125,0.09375,0.0,0.5531250000000001,0.5679687499999997,0.41313804877801813,0.050006208410628035,0.3023030295576666,0.05,-0.9000000000000001,5.3500000000000005,3.0,11.0,0,0,0,0,6,29,0,9,20,0
2000884,1.0,0.05,0.75,0.08523437499999964,0.09999999999999964,0.014765625000000011,-8,14.765625,3.234375,0.1875,0.0625,0.0,0.5656250000000002,0.5023437500000001,0.666192764415369,0.05029588136326818,0.6016424728608297,0.04999999999999999,-0.8,0.9000000000000001,3.0,13.0,0,0,6,0,11,40,0,0,7,0
2000885,1.0,0.05,0.75,1.0427499999999998,1.0499999999999998,0.007250000000000006,-5,7.25,2.15625,0.15625,0.078125,0.0,0.5500000000000002,0.53984375,0.5358872533629745,0.05002724365987055,0.45342080633992743,0.05000000000000001,-0.7,1.7500000000000007,3.0,12.0,0,0,0,0,9,38,0,7,10,0
2000886,1.0,0.05,0.75,2.1915625000000003,2.2,0.008437500000000006,-4,8.4375,2.5,0.140625,0.078125,0.0,0.5968750000000007,0.6148437499999994,0.9665504498518782,0.050275067147282894,0.9620555782331471,0.049999999999999996,-0.25,2.4499999999999993,2.0,12.0,0,0,0,0,0,15,0,1,48,0
2000887,0.0,0.05,0.75,5.744250000000001,5.750000000000001,0.005750000000000003,-4,5.75,1.9375,0.15625,0.09375,0.0,0.5312499999999998,0.49296875,0.49982950788091557,0.05008311820038282,0.1968375815562613,0.05,-1.1,6.8500000000000005,4.0,12.0,0,0,3,0,22,39,0,0,0,0
2000888,1.0,0.05,0.75,2.632562500000003,2.650000000000003,0.01743750000000001,-4,17.4375,3.875,0.140625,0.078125,0.0,0.6000000000000006,0.6476562499999993,0.9935926012861476,0.051381503383673394,0.9930461124013532,0.05,-0.20000000000000018,2.849999999999999,4.0,10.0,0,0,0,0,0,1,0,0,63,0
2000889,0.0,0.05,0.75,0.23645312499999988,0.2499999999999999,0.013546875000000009,7,13.546875,2.796875,0.109375,0.21875,0.0,0.5062499999999994,0.6265624999999992,0.8470304161639488,0.051086530910360625,0.09095052368553973,0.05,-2.15,2.3999999999999995,5.0,16.0,0,0,0,0,0,10,0,30,24,0
2000890,0.0,0.05,0.75,9.336843750000002,9.350000000000001,0.013156250000000008,-8,13.15625,2.84375,0.265625,0.140625,0.0,0.5562500000000001,0.38750000000000046,0.07839372873366965,0.06172108522073013,0.0015677543498299157,0.05,-0.6500000000000001,10.000000000000002,5.0,21.0,0,14,36,0,0,12,0,0,2,0
2000891,0.0,0.05,0.75,5.698984375000002,5.700000000000002,0.0010156250000000007,-1,1.015625,0.796875,0.1875,0.171875,0.0,0.47812499999999925,0.5046875,0.46203694477750146,0.053649388937408046,0.02616977069741597,0.05,-0.9000000000000001,6.600000000000002,4.0,19.0,0,0,3,0,39,17,0,0,5,0
2000892,1.0,0.05,0.75,0.7405937500000008,0.7500000000000009,0.009406250000000007,-6,9.40625,2.90625,0.125,0.03125,0.0,0.6000000000000006,0.6453124999999993,0.9959564062249279,0.05023214263950366,0.9959192105782685,0.05,-0.10000000000000009,0.8499999999999996,2.0,8.0,0,0,0,0,0,2,0,0,62,0
2000893,0.0,0.05,0.75,5.298046875,5.3,0.001953125000000001,-3,1.953125,0.921875,0.15625,0.109375,0.0,0.4937499999999993,0.5210937499999999,0.5414539288239271,0.050112846498809795,0.21754666487603772,0.049999999999999996,-1.35,6.650000000000001,4.0,13.0,0,0,2,0,26,25,0,8,3,0
2000894,0.0,0.05,0.75,5.597718750000001,5.600000000000001,0.0022812500000000016,-3,2.28125,1.15625,0.171875,0.125,0.0,0.4874999999999992,0.509375,0.5489786161036104,0.0504050091020246,0.14988692195753975,0.05000000000000001,0.0,5.600000000000001,0.0,19.0,0,0,0,0,36,24,0,0,4,0
2000895,1.0,0.05,0.75,1.3965156249999995,1.3999999999999995,0.003484375000000002,-5,3.484375,1.453125,0.15625,0.078125,0.0,0.5906250000000005,0.5656249999999998,0.6570304222742518,0.05004518022662576,0.6132428071751614,0.05,-0.8,2.1999999999999993,3.0,12.0,0,0,0,0,3,33,0,0,28,0
2000896,0.0,0.05,0.75,3.99596875,4.0,0.004031250000000003,-2,4.03125,1.5,0.109375,0.078125,0.0,0.546875,0.5445312499999997,0.5306008667334178,0.05000306706206022,0.3802581090559243,0.05,-0.35000000000000003,4.35,1.0,11.0,0,0,0,0,0,45,0,17,2,0
2000897,1.0,0.05,0.75,1.0904218749999997,1.0999999999999996,0.009578125000000007,-4,9.578125,2.640625,0.125,0.0625,0.0,0.5812500000000005,0.5773437499999996,0.6321133386561568,0.050003847393826135,0.6092760946426866,0.049999999999999996,-0.1499999999999999,1.2500000000000002,1.0,11.0,0,0,0,0,0,31,0,6,27,0
2000898,1.0,0.05,0.75,2.0457968749999997,2.05,0.004203125000000003,-4,4.203125,1.890625,0.125,0.0625,0.0,0.6000000000000006,0.6453124999999993,0.9900176162736116,0.05024514869456635,0.9895999443734097,0.05,-0.2500000000000002,2.3,5.0,7.0,0,0,0,0,0,2,0,0,62,0
2000899,0.0,0.05,0.75,8.9370625,8.95,0.012937500000000008,-8,12.9375,2.875,0.25,0.125,0.0,0.5562500000000001,0.3828125000000004,0.05474336746289507,0.054392778584570985,0.0014480291363107394,0.05,-0.5,9.450000000000003,4.0,20.0,0,14,38,0,0,10,0,0,2,0
2000900,1.0,0.05,0.75,3.146328125000002,3.150000000000002,0.0036718750000000024,-3,3.671875,1.515625,0.1875,0.140625,0.0,0.4843749999999992,0.5046875,0.513017593283341,0.05154104630367886,0.0906987410498807,0.049999999999999996,-0.19999999999999996,3.3500000000000005,1.0,20.0,0,0,0,0,37,25,0,0,2,0
2000901,0.0,0.05,0.75,3.998,4.0,0.002000000000000001,-2,2.0,1.03125,0.109375,0.078125,0.0,0.5531250000000001,0.5046875,0.45630828520605426,0.05000291569782341,0.18578314173850158,0.049999999999999996,-0.7,4.700000000000001,3.0,9.0,0,0,0,0,15,47,0,0,2,0
2000902,0.0,0.05,0.75,8.290359375000001,8.3,0.009640625000000003,-8,9.640625,2.328125,0.21875,0.09375,0.0,0.4968749999999993,0.45546875,0.35275610345462255,0.052359755061780415,0.12341908065604885,0.049999999999999996,-0.25,8.55,2.0,18.0,0,8,15,0,25,12,0,0,4,0
2000903,0.0,0.05,0.75,4.6958906250000005,4.7,0.004109375000000002,-4,4.109375,1.484375,0.125,0.0625,0.0,0.4687499999999992,0.48828125,0.4738825664056405,0.050003534718638144,0.2745174258960606,0.049999999999999996,-0.5,5.2,2.0,10.0,0,0,5,0,42,17,0,0,0,0
2000904,1.0,0.05,0.75,0.6330000000000003,0.6500000000000004,0.01700000000000001,-6,17.0,3.34375,0.140625,0.046875,0.0,0.5781250000000003,0.5843749999999994,0.9107686671819957,0.050041998968429105,0.907305062863363,0.05000000000000001,-0.19999999999999996,0.8500000000000001,2.0,10.0,0,0,0,0,0,28,0,7,29,0
2000905,0.0,0.05,0.75,4.299312500000001,4.300000000000001,0.0006875000000000002,-1,0.6875,0.5,0.140625,0.125,0.0,0.4812499999999991,0.490625,0.46858437616555154,0.05006131221412145,0.05744821112883041,0.05000000000000001,-1.1,5.400000000000001,4.0,13.0,0,0,4,0,38,22,0,0,0,0
2000906,0.0,0.05,0.75,7.944062500000001,7.950000000000001,0.005937500000000001,-7,5.9375,1.65625,0.203125,0.09375,0.0,0.5312499999999997,0.50703125,0.5173271397979361,0.05108253834783717,0.35506179737632976,0.05,-0.95,8.9,4.0,15.0,0,0,0,0,22,39,0,0,3,0
2000907,1.0,0.05,0.75,1.8973593749999995,1.8999999999999995,0.0026406250000000015,-3,2.640625,1.359375,0.125,0.078125,0.0,0.55,0.5843749999999996,0.6749025953653485,0.05000889880576373,0.6340202297415902,0.05,0.0,1.8999999999999997,0.0,13.0,0,0,0,0,0,28,0,16,20,0
2000908,0.0,0.05,0.75,8.792484375,8.8,0.007515625000000002,-7,7.515625,1.921875,0.234375,0.125,0.0,0.48437499999999917,0.50703125,0.4215039252839017,0.06030143598692092,0.18927755557850146,0.05,-1.05,9.85,4.0,19.0,0,0,1,0,36,23,0,1,3,0
2000909,0.0,0.05,0.75,8.140546875,8.15,0.009453125000000005,-6,9.453125,2.390625,0.21875,0.125,0.0,0.49374999999999925,0.50234375,0.40770237925058095,0.054908941224185596,0.1511483641175882,0.05,-0.8,8.95,3.0,19.0,0,0,1,0,33,28,0,1,1,0
2000910,1.0,0.05,0.75,4.1460937499999995,4.1499999999999995,0.003906250000000003,0,3.90625,1.5,0.140625,0.140625,0.0,0.5593750000000002,0.5984374999999993,0.7198478908135045,0.05016813791134226,0.4076733641892245,0.05,-0.8,4.949999999999999,5.0,13.0,0,0,0,0,2,20,0,11,31,0
2000911,1.0,0.05,0.75,6.198265625,6.2,0.001734375000000001,1,1.734375,1.046875,0.15625,0.171875,0.0,0.6000000000000006,0.6195312499999993,0.9744257125729188,0.058847522012742834,0.7380854932868676,0.05,-0.2500000000000002,6.450000000000001,5.0,16.0,0,0,0,0,0,13,0,0,51,0
2000912,1.0,0.05,0.75,-0.2182343749999993,-0.1999999999999993,0.018234375000000008,-7,18.234375,3.734375,0.125,0.015625,0.0,0.6000000000000008,0.6171874999999993,0.9920205139881426,0.05007062005515266,0.9919656925164236,0.05,-0.10000000000000009,-0.10000000000000009,2.0,7.0,0,0,0,0,0,14,0,0,50,0
2000913,1.0,0.05,0.75,0.3409843750000005,0.35000000000000053,0.009015625000000006,-3,9.015625,2.765625,0.078125,0.03125,0.0,0.5968750000000006,0.5937499999999994,0.6610910443444534,0.05000012761889748,0.6558647677249263,0.05,-0.19999999999999996,0.55,1.0,6.0,0,0,0,0,0,24,0,1,39,0
2000914,0.0,0.05,0.75,8.929437499999999,8.95,0.02056250000000001,-8,20.5625,3.71875,0.25,0.125,0.0,0.5343749999999998,0.35234375000000023,0.12540891539743534,0.06190552062136064,0.0015872557873236738,0.05,-0.3999999999999999,9.350000000000001,4.0,20.0,0,21,42,0,0,1,0,0,0,0
2000915,1.0,0.05,0.75,1.042343749999999,1.049999999999999,0.0076562500000000025,-7,7.65625,2.28125,0.1875,0.078125,0.0,0.5718750000000004,0.5632812499999998,0.7411555021947519,0.0504767495373371,0.7151724793042005,0.05000000000000001,-0.9499999999999997,1.9999999999999996,5.0,12.0,0,0,0,0,4,33,0,5,22,0
2000916,0.0,0.05,0.75,7.240078125000001,7.250000000000001,0.009921875000000007,-7,9.921875,2.671875,0.1875,0.078125,0.0,0.48124999999999907,0.47187499999999993,0.3732153305632042,0.050211929553748876,0.20243408143525596,0.05000000000000001,-0.8500000000000001,8.1,4.0,13.0,0,0,14,0,38,10,0,0,2,0
2000917,0.0,0.05,0.75,5.946984375000002,5.950000000000002,0.0030156250000000022,-2,3.015625,1.484375,0.1875,0.15625,0.0,0.4843749999999991,0.51875,0.4480735092173779,0.051784868397677125,0.06029974260038245,0.05000000000000001,-0.6,6.550000000000002,2.0,20.0,0,0,0,0,37,19,0,0,8,0
2000918,1.0,0.05,0.75,0.6655625000000011,0.7000000000000011,0.03443750000000001,-7,34.4375,5.4375,0.140625,0.03125,0.0,0.6000000000000006,0.6476562499999993,0.9983185449455622,0.05119927964322261,0.998298097770746,0.05000000000000001,-0.30000000000000004,0.9999999999999996,3.0,8.0,0,0,0,0,0,1,0,0,63,0
2000919,1.0,0.05,0.75,1.190265625,1.2000000000000002,0.009734375000000005,-5,9.734375,2.671875,0.140625,0.0625,0.0,0.5562500000000001,0.5796874999999994,0.8675811464117024,0.05004365701752365,0.8551083666122542,0.05,-0.25,1.45,2.0,11.0,0,0,7,0,0,16,0,14,27,0
2000920,0.0,0.05,0.75,4.243578125,4.25,0.006421875000000001,-2,6.421875,2.046875,0.109375,0.078125,0.0,0.5875000000000006,0.6031249999999992,0.7816153339313361,0.050006731042593636,0.7444039106858223,0.04999999999999999,-0.35000000000000003,4.6000000000000005,1.0,11.0,0,0,0,0,0,20,0,4,40,0
2000921,1.0,0.05,0.75,2.6965625,2.7,0.0034375000000000013,-1,3.4375,1.21875,0.09375,0.078125,0.0,0.5968750000000007,0.6406249999999992,0.8740885811901953,0.050005543848532674,0.8626583348379441,0.05,-0.44999999999999996,3.1499999999999995,4.0,7.0,0,0,0,0,0,4,0,1,59,0
2000922,0.0,0.05,0.75,5.789015625000001,5.800000000000001,0.010984375000000008,-5,10.984375,2.953125,0.109375,0.03125,0.0,0.6000000000000006,0.6453124999999993,0.9903310401445097,0.05004457799708608,0.9902476427112221,0.05000000000000001,0.0,5.800000000000001,0.0,9.0,0,0,0,0,0,2,0,0,62,0
2000923,0.0,0.05,0.75,2.34796875,2.35,0.0020312500000000014,3,2.03125,1.125,0.109375,0.15625,0.0,0.5031249999999995,0.5421875,0.46863724512909044,0.050212936476767785,0.03417682532923774,0.05,-1.4500000000000002,3.8000000000000007,5.0,12.0,0,0,0,0,29,17,0,2,16,0
2000924,1.0,0.05,0.75,2.3964687499999995,2.3999999999999995,0.0035312500000000023,-4,3.53125,1.59375,0.140625,0.078125,0.0,0.5968750000000006,0.6382812499999992,0.9815121841567847,0.05049725751836205,0.9800066659119342,0.05,-0.10000000000000009,2.5,2.0,12.0,0,0,0,0,0,5,0,1,58,0
2000925,1.0,0.05,0.75,1.1301406250000003,1.1500000000000004,0.01985937500000001,-7,19.859375,3.484375,0.1875,0.078125,0.0,0.5593750000000003,0.5679687499999995,0.7943910259544369,0.05057601021136696,0.7748786733812619,0.05000000000000002,-1.4999999999999998,2.65,8.0,9.0,0,0,0,0,6,29,0,7,22,0
2000926,1.0,0.05,0.75,0.6364843750000012,0.6500000000000012,0.013515625000000009,-6,13.515625,3.171875,0.140625,0.046875,0.0,0.5937500000000007,0.6007812499999994,0.9584560002131667,0.05007611520611429,0.9571198668438912,0.05000000000000001,-0.050000000000000044,0.7,1.0,11.0,0,0,0,0,0,21,0,2,41,0
2000927,1.0,0.05,0.75,0.5921093750000005,0.6000000000000005,0.007890625000000004,-6,7.890625,1.921875,0.171875,0.078125,0.0,0.48124999999999946,0.5046875,0.5091337716276146,0.05007560407059719,0.3681957323042877,0.05,-0.8,1.4,3.0,13.0,0,0,0,0,38,24,0,0,2,0
2000928,1.0,0.05,0.75,2.191687500000001,2.200000000000001,0.008312500000000006,-6,8.3125,2.46875,0.21875,0.125,0.0,0.5312499999999998,0.53515625,0.39445614620046604,0.05302086165141122,0.2300282553889017,0.05,-1.2,3.4000000000000012,5.0,17.0,0,0,0,0,22,27,0,0,15,0
2000929,0.0,0.05,0.75,6.141703125,6.15,0.008296875000000004,-4,8.296875,2.421875,0.171875,0.109375,0.0,0.5374999999999999,0.50703125,0.36344986865531387,0.050134316202787146,0.13217711489164718,0.05,-0.55,6.700000000000001,2.0,16.0,0,0,6,0,20,29,0,0,9,0
2000930,0.0,0.05,0.75,6.784421874999998,6.799999999999998,0.015578125000000012,-5,15.578125,3.265625,0.171875,0.09375,0.0,0.5718750000000004,0.5210937499999998,0.5320343824531334,0.05026211189945777,0.3608207379966939,0.05,-1.05,7.849999999999999,4.0,13.0,0,0,5,0,0,45,0,9,5,0
2000931,1.0,0.05,0.75,1.1957187499999993,1.1999999999999993,0.004281250000000003,-3,4.28125,1.9375,0.09375,0.046875,0.0,0.6000000000000006,0.6218749999999995,0.8955914583659632,0.05000247739138149,0.8928532002590323,0.05,-0.6499999999999999,1.8499999999999996,4.0,5.0,0,0,0,0,0,12,0,0,52,0
2000932,1.0,0.05,0.75,1.3358906250000004,1.3500000000000005,0.01410937500000001,-6,14.109375,3.453125,0.140625,0.046875,0.0,0.6000000000000006,0.6453124999999993,0.9973377925612157,0.05122678706976601,0.9972771845295217,0.05,-0.15000000000000013,1.4999999999999996,3.0,9.0,0,0,0,0,0,2,0,0,62,0
2000933,1.0,0.05,0.75,2.1446093749999995,2.1499999999999995,0.005390625000000003,-4,5.390625,1.796875,0.15625,0.09375,0.0,0.5718750000000004,0.5984374999999996,0.8243126562904414,0.05018728661713144,0.7918104193494139,0.05,-0.050000000000000044,2.2,1.0,15.0,0,0,0,0,1,21,0,8,34,0
2000934,1.0,0.05,0.75,4.5922187500000025,4.600000000000002,0.007781250000000005,-1,7.78125,2.46875,0.140625,0.125,0.0,0.6000000000000006,0.6476562499999993,0.9849807849773299,0.05261158176821375,0.9720406816100524,0.05,-0.3500000000000003,4.949999999999999,7.0,10.0,0,0,0,0,0,1,0,0,63,0
2000935,0.0,0.05,0.75,8.140859375000002,8.150000000000002,0.009140625000000003,-7,9.140625,2.359375,0.21875,0.109375,0.0,0.4749999999999992,0.49765624999999997,0.38841320964387144,0.05192797559357257,0.19577664514698512,0.05,-0.6,8.75,2.0,19.0,0,1,5,0,39,14,0,0,5,0
2000936,0.0,0.05,0.75,6.741265624999999,6.749999999999999,0.008734375000000006,-5,8.734375,2.265625,0.1875,0.109375,0.0,0.5218749999999996,0.5562499999999999,0.6119848630269077,0.050451886629901195,0.4930623776401118,0.05,-0.45,7.199999999999999,1.0,18.0,0,0,0,0,18,22,0,7,17,0
2000937,1.0,0.05,0.75,0.5306562500000007,0.5500000000000007,0.01934375000000001,-7,19.34375,4.0,0.140625,0.03125,0.0,0.6000000000000006,0.6406249999999992,0.9970065663259038,0.05066458173348533,0.9969759505556055,0.049999999999999996,-0.30000000000000027,0.8499999999999999,6.0,5.0,0,0,0,0,0,4,0,0,60,0
2000938,0.0,0.05,0.75,5.846281250000001,5.850000000000001,0.0037187500000000024,-3,3.71875,1.65625,0.171875,0.125,0.0,0.4968749999999993,0.51171875,0.39456349794970913,0.05024951960883737,0.10569568748765082,0.05,-1.3,7.15,5.0,14.0,0,0,2,0,33,22,0,0,7,0
2000939,0.0,0.05,0.75,4.947250000000001,4.950000000000001,0.002750000000000002,-3,2.75,1.375,0.140625,0.09375,0.0,0.5218749999999998,0.4671875,0.5249381048700439,0.05003768064757068,0.10205568004984783,0.05,-0.7,5.65,3.0,12.0,0,5,9,0,20,30,0,0,0,0
2000940,0.0,0.05,0.75,4.497250000000002,4.500000000000002,0.002750000000000002,0,2.75,1.3125,0.15625,0.15625,0.0,0.4749999999999992,0.5140625000000001,0.36038668733949475,0.050541348514310386,0.0267028000532746,0.05,-1.7000000000000002,6.200000000000001,6.0,14.0,0,0,1,0,40,16,0,0,7,0
2000941,0.0,0.05,0.75,5.094625,5.1,0.005375000000000004,-2,5.375,2.09375,0.140625,0.109375,0.0,0.5249999999999997,0.5234375000000001,0.2017960643248975,0.05003256993857852,0.05157517753533231,0.049999999999999996,-0.8500000000000001,5.949999999999999,3.0,13.0,0,8,3,0,10,22,0,6,15,0
2000942,0.0,0.05,0.75,7.720328125,7.75,0.02967187500000001,-7,29.671875,4.671875,0.171875,0.0625,0.0,0.5937500000000007,0.5867187499999994,0.8771409662670937,0.05020487617640654,0.8729747309599509,0.05,-0.55,8.3,2.0,13.0,0,0,2,0,0,23,0,2,37,0
2000943,1.0,0.05,0.75,0.5325156249999998,0.5499999999999998,0.017484375000000014,-6,17.484375,3.640625,0.140625,0.046875,0.0,0.5875000000000005,0.6265624999999992,0.9610252239742568,0.05007046316989154,0.9605576416652766,0.05000000000000001,-0.3500000000000001,0.9000000000000001,4.0,8.0,0,0,0,0,0,10,0,4,50,0
2000944,0.0,0.05,0.75,3.2488437500000007,3.250000000000001,0.0011562500000000008,1,1.15625,0.875,0.125,0.140625,0.0,0.47812499999999913,0.51640625,0.41220746495108573,0.05007720595571688,0.03781609247602837,0.05,-0.5,3.7500000000000018,2.0,15.0,0,0,0,0,39,18,0,0,7,0
2000945,1.0,0.05,0.75,5.037890625000004,5.050000000000003,0.012109375000000007,-1,12.109375,3.109375,0.15625,0.140625,0.0,0.6000000000000008,0.6335937499999993,0.990890191998392,0.06327110247501451,0.9670244765579269,0.05,-0.20000000000000018,5.25,4.0,15.0,0,0,0,0,0,7,0,0,57,0
2000946,0.0,0.05,0.75,5.193187499999999,5.199999999999998,0.006812500000000004,-4,6.8125,2.28125,0.140625,0.078125,0.0,0.55,0.5281249999999996,0.626947082593741,0.05002287367999001,0.49104575392826966,0.05,-0.45,5.6499999999999995,1.0,13.0,0,0,7,0,0,38,0,16,3,0
2000947,0.0,0.05,0.75,5.5440312500000015,5.550000000000002,0.005968750000000004,-2,5.96875,2.03125,0.171875,0.140625,0.0,0.49999999999999933,0.51640625,0.49106931363541956,0.05056781205611706,0.09104455075741938,0.05000000000000001,-1.4500000000000002,7.000000000000001,5.0,15.0,0,0,4,0,28,21,0,4,7,0
2000948,1.0,0.05,0.75,1.44128125,1.4500000000000002,0.008718750000000004,-4,8.71875,2.34375,0.140625,0.078125,0.0,0.5437500000000001,0.5,0.42353786980928676,0.05001494015675,0.21888500979722078,0.05,-0.30000000000000004,1.75,1.0,13.0,0,0,1,0,18,44,0,0,1,0
2000949,0.0,0.05,0.75,3.9445624999999995,3.9499999999999997,0.005437500000000004,-1,5.4375,2.125,0.109375,0.09375,0.0,0.5968750000000007,0.6171874999999992,0.7811961670090427,0.050009835823280925,0.7326574291292262,0.05,-1.05,5.0,3.0,10.0,0,0,0,0,0,14,0,1,49,0
2000950,0.0,0.05,0.75,5.946343749999999,5.949999999999998,0.0036562500000000015,-4,3.65625,1.5625,0.15625,0.09375,0.0,0.5593750000000002,0.5585937499999999,0.6819221786475421,0.050112751866061185,0.5769993802084556,0.049999999999999996,-0.9000000000000001,6.849999999999999,3.0,13.0,0,0,1,0,2,35,0,11,15,0
2000951,0.0,0.05,0.75,5.497281250000001,5.500000000000001,0.0027187500000000015,-4,2.71875,1.25,0.15625,0.09375,0.0,0.4968749999999995,0.51875,0.48076092012246646,0.05004406906505808,0.27236178863188365,0.05,-0.6,6.1000000000000005,2.0,14.0,0,0,0,0,30,26,0,3,5,0
2000952,0.0,0.05,0.75,4.545359374999999,4.55,0.004640625000000002,-4,4.640625,1.734375,0.109375,0.046875,0.0,0.5656250000000005,0.5140625,0.6244700481897442,0.050001802051294515,0.5255091349743954,0.05,-0.8500000000000001,5.3999999999999995,3.0,7.0,0,0,0,0,7,51,0,4,2,0
2000953,0.0,0.05,0.75,6.648546875000002,6.650000000000002,0.0014531250000000009,-3,1.453125,0.859375,0.203125,0.15625,0.0,0.47499999999999915,0.4953125,0.4211503066592212,0.05426067935960395,0.03991553480469861,0.05,-1.4000000000000001,8.05,5.0,18.0,0,0,4,0,40,18,0,0,2,0
2000954,0.0,0.05,0.75,3.898593750000001,3.9000000000000012,0.0014062500000000004,0,1.40625,0.8125,0.125,0.125,0.0,0.5218749999999996,0.5,0.5373600716744306,0.05004148818361391,0.05886324256771603,0.04999999999999999,-1.4000000000000001,5.300000000000001,5.0,11.0,0,0,0,0,25,39,0,0,0,0
2000955,0.0,0.05,0.75,3.79703125,3.8,0.0029687500000000013,-2,2.96875,1.1875,0.109375,0.078125,0.0,0.553125,0.49296874999999996,0.5593174116004912,0.050003926392976975,0.20469058858670877,0.05000000000000001,-0.8500000000000001,4.65,3.0,9.0,0,0,5,0,13,44,0,2,0,0
2000956,1.0,0.05,0.75,1.942015625000002,1.950000000000002,0.007984375000000005,-6,7.984375,2.359375,0.21875,0.125,0.0,0.49687499999999923,0.51640625,0.3726613546386157,0.05242260296908145,0.18169609764089611,0.049999999999999996,-0.19999999999999996,2.1500000000000012,1.0,21.0,0,0,4,0,33,16,0,0,11,0
2000957,1.0,0.05,0.75,3.8354218750000033,3.850000000000003,0.01457812500000001,-1,14.578125,3.328125,0.125,0.109375,0.0,0.6000000000000008,0.6359374999999993,0.9516807234606767,0.0502217723367311,0.9286732149791804,0.049999999999999996,-0.15000000000000013,3.9999999999999996,3.0,12.0,0,0,0,0,0,6,0,0,58,0
2000958,1.0,0.05,0.75,1.032140624999999,1.049999999999999,0.017859375000000007,-7,17.859375,3.453125,0.1875,0.078125,0.0,0.5718750000000004,0.53046875,0.5406362748925228,0.05027961113635214,0.47486566181997814,0.05,-0.19999999999999996,1.2500000000000002,1.0,16.0,0,0,0,0,9,42,0,0,13,0
2000959,0.0,0.05,0.75,4.995859374999998,4.999999999999998,0.004140625000000003,-3,4.140625,1.765625,0.140625,0.09375,0.0,0.5562500000000001,0.5304687499999998,0.5120868323844006,0.05002671683648185,0.30777899205077325,0.05,-1.1,6.099999999999999,3.0,12.0,0,0,3,0,1,44,0,13,3,0
2000960,0.0,0.05,0.75,4.598734375,4.6000000000000005,0.0012656250000000007,0,1.265625,0.890625,0.140625,0.140625,0.0,0.5375000000000001,0.5749999999999997,0.4008601708306305,0.050174050137830856,0.12790834132729706,0.05,-1.2000000000000002,5.8,4.0,14.0,0,0,0,0,10,22,0,10,22,0
2000961,0.0,0.05,0.75,2.59846875,2.6,0.001531250000000001,-2,1.53125,0.96875,0.0625,0.03125,0.0,0.5593750000000002,0.51640625,0.4826374224121408,0.05000004159097412,0.3973910017408076,0.05,-0.4,3.0,2.0,4.0,0,0,0,0,11,46,0,2,5,0
2000962,0.0,0.05,0.75,2.6473437500000006,2.6500000000000004,0.0026562500000000015,2,2.65625,1.25,0.109375,0.140625,0.0,0.5218749999999995,0.4484375000000006,0.2244410083275152,0.050149765397028596,0.0029359929115623778,0.05,-0.9499999999999997,3.6000000000000005,5.0,11.0,0,24,5,0,1,27,0,0,7,0
2000963,0.0,0.05,0.75,3.19878125,3.2,0.0012187500000000006,-2,1.21875,0.875,0.09375,0.0625,0.0,0.5687500000000003,0.48124999999999996,0.5129189752326229,0.050000714099735125,0.2014440848792319,0.05000000000000001,-0.7,3.9000000000000004,3.0,7.0,0,3,5,0,7,49,0,0,0,0
2000964,1.0,0.05,0.75,1.6968281250000001,1.7000000000000002,0.003171875000000002,-3,3.171875,1.578125,0.125,0.078125,0.0,0.540625,0.5257812500000001,0.49302279087435025,0.0500063585737864,0.3148726162323066,0.05,0.0,1.6999999999999997,0.0,13.0,0,0,0,0,17,36,0,2,9,0
2000965,0.0,0.05,0.75,7.435843750000002,7.450000000000002,0.014156250000000009,-6,14.15625,3.0,0.203125,0.109375,0.0,0.46874999999999917,0.4624999999999999,0.47755494430547324,0.05330925801700956,0.10253552353449118,0.05,-1.1500000000000001,8.600000000000001,5.0,15.0,0,2,15,0,39,7,0,1,0,0
2000966,1.0,0.05,0.75,1.1327656250000004,1.1500000000000004,0.01723437500000001,-6,17.234375,3.546875,0.15625,0.0625,0.0,0.5875000000000006,0.6148437499999994,0.9744421527534775,0.05041754464395946,0.9733682998591299,0.049999999999999996,-0.5,1.65,4.0,10.0,0,0,0,0,0,15,0,4,45,0
2000967,0.0,0.05,0.75,3.746203124999999,3.749999999999999,0.0037968750000000025,-2,3.796875,1.734375,0.09375,0.0625,0.0,0.5937500000000006,0.5890624999999997,0.505427124785906,0.05000053979147212,0.47751753097050165,0.05000000000000001,-0.55,4.3,2.0,8.0,0,0,0,0,2,24,0,0,38,0
2000968,1.0,0.05,0.75,1.188093750000001,1.200000000000001,0.011906250000000009,-6,11.90625,2.84375,0.140625,0.046875,0.0,0.6000000000000008,0.6195312499999993,0.995354728804451,0.05071556421505561,0.9951657668057174,0.05,-0.2500000000000002,1.4499999999999997,5.0,7.0,0,0,0,0,0,13,0,0,51,0
2000969,1.0,0.05,0.75,0.4382343750000002,0.4500000000000002,0.011765625000000007,-7,11.765625,2.671875,0.15625,0.046875,0.0,0.5718750000000004,0.5492187499999996,0.8633040339509314,0.05008426531609162,0.8529042934500191,0.05000000000000001,-0.25,0.7000000000000004,2.0,11.0,0,0,0,0,0,43,0,9,12,0
2000970,1.0,0.05,0.75,1.5955781249999996,1.5999999999999996,0.004421875000000002,-5,4.421875,1.578125,0.1875,0.109375,0.0,0.5031249999999995,0.5562499999999997,0.7359440157555278,0.05116109464560973,0.610641323580623,0.05,0.0,1.600000000000001,0.0,19.0,0,0,4,0,7,25,0,24,4,0
2000971,0.0,0.05,0.75,6.495531250000002,6.500000000000002,0.004468750000000001,-4,4.46875,1.5,0.1875,0.125,0.0,0.4906249999999992,0.50234375,0.49214709762873027,0.050994982397001024,0.13773988789239983,0.05000000000000001,-0.8,7.300000000000002,3.0,17.0,0,0,0,0,35,28,0,0,1,0
2000972,1.0,0.05,0.75,4.397546875,4.3999999999999995,0.0024531250000000013,1,2.453125,1.296875,0.125,0.140625,0.0,0.5062499999999994,0.6335937499999994,0.6401910471281677,0.050058984620106405,0.4577171164882102,0.05,-0.4999999999999998,4.899999999999999,4.0,13.0,0,0,0,0,0,7,0,30,27,0
2000973,1.0,0.05,0.75,0.34425000000000056,0.35000000000000053,0.005750000000000004,-5,5.75,2.09375,0.109375,0.03125,0.0,0.5968750000000007,0.5609374999999998,0.9520922803835953,0.05000916211245855,0.9474455411264188,0.04999999999999998,-0.55,0.8999999999999999,5.0,4.0,0,0,0,0,0,38,0,1,25,0
2000974,0.0,0.05,0.75,3.0981249999999996,3.0999999999999996,0.0018750000000000012,1,1.875,1.15625,0.109375,0.125,0.0,0.5031249999999994,0.5,0.5104736821838457,0.05002042408738107,0.04425064355410217,0.05,-1.5000000000000002,4.600000000000001,6.0,9.0,0,0,0,0,31,33,0,0,0,0
2000975,1.0,0.05,0.75,3.2905937500000015,3.3000000000000016,0.009406250000000007,-3,9.40625,2.875,0.140625,0.09375,0.0,0.6000000000000006,0.6476562499999993,0.9906193738239051,0.05159929195469378,0.9889097112121925,0.05,-0.40000000000000036,3.6999999999999993,8.0,7.0,0,0,0,0,0,1,0,0,63,0
2000976,1.0,0.05,0.75,1.0348125000000008,1.0500000000000007,0.015187500000000012,-6,15.1875,3.4375,0.140625,0.046875,0.0,0.6000000000000006,0.6171874999999993,0.9880223449041584,0.050295860584167344,0.9876882946763995,0.049999999999999996,-0.10000000000000009,1.1499999999999997,2.0,10.0,0,0,4,0,0,6,0,0,54,0
2000977,0.0,0.05,0.75,4.747781250000001,4.750000000000001,0.0022187500000000007,-2,2.21875,1.03125,0.140625,0.109375,0.0,0.4874999999999992,0.49296874999999996,0.4328473268228831,0.05003889084856949,0.0812073396621223,0.049999999999999996,-1.5000000000000002,6.250000000000001,6.0,10.0,0,0,3,0,36,25,0,0,0,0
2000978,1.0,0.05,0.75,0.6368281250000012,0.6500000000000012,0.01317187500000001,-5,13.171875,3.328125,0.109375,0.03125,0.0,0.6000000000000008,0.6359374999999993,0.9829411847953227,0.05002453526129666,0.9827792677333475,0.05,-0.3500000000000001,0.9999999999999998,4.0,5.0,0,0,0,0,0,6,0,0,58,0
2000979,1.0,0.05,0.75,0.40999999999999925,0.4499999999999993,0.040000000000000015,-9,40.0,5.65625,0.171875,0.03125,0.0,0.6000000000000006,0.6453124999999993,0.9995130600305336,0.0666807835158558,0.9994752108955353,0.05,-0.4500000000000002,0.8999999999999997,6.0,7.0,0,0,0,0,0,2,0,0,62,0
2000980,0.0,0.05,0.75,7.0912031250000025,7.100000000000002,0.008796875000000004,-5,8.796875,2.515625,0.203125,0.125,0.0,0.4749999999999992,0.5046875,0.35548815550366086,0.05092333472668209,0.1237998180613773,0.05,-0.9000000000000001,8.000000000000002,4.0,17.0,0,0,5,0,40,12,0,0,7,0
2000981,0.0,0.05,0.75,5.09375,5.1,0.006250000000000005,-2,6.25,2.28125,0.15625,0.125,0.0,0.5468749999999999,0.5046875,0.5092868593331483,0.050188586658982265,0.09907400760633953,0.05,-1.35,6.449999999999999,5.0,13.0,0,0,7,0,12,36,0,5,4,0
2000982,0.0,0.05,0.75,5.341187500000002,5.350000000000002,0.008812500000000004,-2,8.8125,2.46875,0.140625,0.109375,0.0,0.5906250000000006,0.6007812499999993,0.8535967676271912,0.05023506641458954,0.7583687824499361,0.05,-1.1500000000000001,6.500000000000002,3.0,13.0,0,0,0,0,0,21,0,3,40,0
2000983,1.0,0.05,0.75,-0.35831249999999965,-0.34999999999999964,0.008312500000000006,-5,8.3125,2.65625,0.09375,0.015625,0.0,0.5968750000000006,0.6218749999999993,0.8804116741434601,0.05000081444223386,0.880038269926015,0.05,-0.5999999999999999,0.25,4.0,3.0,0,0,0,0,0,12,0,1,51,0
2000984,0.0,0.05,0.75,4.897718750000001,4.900000000000001,0.0022812500000000016,-3,2.28125,1.125,0.140625,0.09375,0.0,0.4999999999999994,0.5164062500000001,0.38340635508186116,0.05001256139244653,0.18361965497819283,0.05,-0.7,5.6000000000000005,3.0,12.0,0,0,0,0,30,27,0,2,5,0
2000985,1.0,0.05,0.75,2.0799218750000015,2.1000000000000014,0.020078125000000013,-6,20.078125,3.859375,0.171875,0.078125,0.0,0.6000000000000008,0.6289062499999992,0.993856470914002,0.05677858309549614,0.9932188816967621,0.05,-0.40000000000000013,2.4999999999999996,5.0,11.0,0,0,0,0,0,9,0,0,55,0
2000986,1.0,0.05,0.75,1.3430937500000004,1.3500000000000005,0.006906250000000004,-4,6.90625,2.0625,0.140625,0.078125,0.0,0.5249999999999997,0.490625,0.4530517124268186,0.05001746333864987,0.20379608320604914,0.049999999999999996,-0.6000000000000001,1.95,2.0,12.0,0,0,4,0,24,36,0,0,0,0
2000987,1.0,0.05,0.75,0.2312656250000009,0.2500000000000009,0.018734375000000008,-7,18.734375,3.609375,0.140625,0.03125,0.0,0.5906250000000007,0.5960937499999993,0.9789547427495203,0.05011528448928148,0.9785725831251216,0.05,-0.55,0.8,5.0,6.0,0,0,0,0,0,23,0,3,38,0
2000988,1.0,0.05,0.75,1.432296875000002,1.450000000000002,0.017703125000000014,-4,17.703125,3.859375,0.109375,0.046875,0.0,0.6000000000000008,0.6312499999999993,0.9849626156466064,0.05004611380752195,0.9844726478224439,0.05,-0.2500000000000002,1.6999999999999997,5.0,5.0,0,0,0,0,0,8,0,0,56,0
2000989,1.0,0.05,0.75,1.8926875000000003,1.9000000000000004,0.007312500000000006,-4,7.3125,2.5,0.125,0.0625,0.0,0.6000000000000006,0.6406249999999992,0.9823315689561848,0.05013504621471224,0.9816447547204411,0.05,-0.15000000000000013,2.05,3.0,9.0,0,0,0,0,0,4,0,0,60,0
2000990,1.0,0.05,0.75,2.4472656249999996,2.4499999999999997,0.002734375000000001,-1,2.734375,1.296875,0.09375,0.078125,0.0,0.5718750000000004,0.6195312499999993,0.7125978377661981,0.05000188748247657,0.6831381430297665,0.05,-0.10000000000000009,2.55,2.0,9.0,0,0,0,0,0,13,0,9,42,0
2000991,0.0,0.05,0.75,7.190265625000001,7.200000000000001,0.009734375000000007,-6,9.734375,2.390625,0.1875,0.09375,0.0,0.4874999999999995,0.51171875,0.503755396295206,0.05041436447303997,0.3216191979284013,0.05,-0.55,7.750000000000001,2.0,16.0,0,0,0,0,35,24,0,1,4,0
2000992,1.0,0.05,0.75,1.0940625000000006,1.1000000000000005,0.005937500000000004,-4,5.9375,2.15625,0.109375,0.046875,0.0,0.5812500000000006,0.6406249999999992,0.9308854238623643,0.05000945522262706,0.9300232755764359,0.05,-0.25,1.3499999999999999,2.0,8.0,0,0,0,0,0,4,0,6,54,0
2000993,0.0,0.05,0.75,2.7992187499999996,2.8,0.0007812500000000005,0,0.78125,0.6875,0.09375,0.09375,0.0,0.5249999999999997,0.5046875,0.46507770446226776,0.05000217642986104,0.10691978138872285,0.05000000000000002,-1.1,3.9000000000000004,4.0,8.0,0,0,0,0,24,38,0,0,2,0
2000994,1.0,0.05,0.75,1.6426718750000004,1.6500000000000004,0.007328125000000006,-4,7.328125,2.359375,0.140625,0.078125,0.0,0.5750000000000006,0.6101562499999993,0.8742596446333214,0.05005489376475533,0.8635155213385425,0.05,-0.050000000000000044,1.7000000000000002,1.0,13.0,0,0,0,0,0,17,0,8,39,0
2000995,0.0,0.05,0.75,6.187906249999999,6.199999999999999,0.012093750000000007,-6,12.09375,2.5625,0.140625,0.046875,0.0,0.5031249999999998,0.5421874999999996,0.6684606723446322,0.05000705417655255,0.6477025034992181,0.05,-0.75,6.950000000000001,3.0,9.0,0,0,1,0,14,30,0,17,2,0
2000996,0.0,0.05,0.75,6.73621875,6.75,0.01378125000000001,-6,13.78125,2.96875,0.15625,0.0625,0.0,0.5718750000000002,0.4953125,0.5828982677329306,0.05006563020620023,0.43569735929682474,0.05,-0.4,7.1499999999999995,2.0,12.0,0,0,4,0,8,50,0,1,1,0
2000997,0.0,0.05,0.75,1.3389999999999997,1.3499999999999996,0.011000000000000008,5,11.0,2.90625,0.109375,0.1875,0.0,0.4843749999999993,0.53515625,0.6389501974990502,0.05042164871099294,0.01842515957365889,0.049999999999999996,-0.8,2.1499999999999995,3.0,16.0,0,0,2,0,36,9,0,1,16,0
2000998,0.0,0.05,0.75,4.647656250000002,4.650000000000001,0.0023437500000000016,-2,2.34375,1.34375,0.140625,0.109375,0.0,0.5124999999999995,0.5234375,0.38421434863194764,0.050024332659761035,0.13326457969112887,0.05,-0.65,5.300000000000001,2.0,14.0,0,0,0,0,27,27,0,1,9,0
2000999,1.0,0.05,0.75,0.44121875000000105,0.45000000000000107,0.008781250000000006,-5,8.78125,2.59375,0.125,0.046875,0.0,0.5812500000000005,0.5890624999999995,0.7673811854211647,0.05000421991488108,0.761200876698778,0.05,-0.7499999999999998,1.2,4.0,7.0,0,0,0,0,0,26,0,6,32,0
2001000,0.0,0.05,0.75,5.0401718749999995,5.05,0.009828125000000005,-2,9.828125,2.453125,0.140625,0.109375,0.0,0.534375,0.5093749999999999,0.4003690631184349,0.050043357231718766,0.10392299889688325,0.05000000000000001,-0.6000000000000001,5.6499999999999995,3.0,13.0,0,0,1,0,19,39,0,2,3,0
2001001,1.0,0.05,0.75,-0.8641874999999997,-0.8499999999999996,0.014187500000000002,-9,14.1875,2.5625,0.1875,0.046875,0.0,0.5312499999999999,0.49765624999999986,0.7282532263730713,0.050155588656821334,0.6916977856635924,0.05,-0.95,0.09999999999999987,3.0,12.0,0,4,2,0,14,39,0,4,1,0
2001002,1.0,0.05,0.75,0.42562499999999925,0.4499999999999993,0.024375000000000008,-8,24.375,3.9375,0.203125,0.078125,0.0,0.54375,0.5257812499999996,0.6661503000893474,0.05078349451895066,0.6161006967202829,0.049999999999999996,-0.8999999999999999,1.35,4.0,14.0,0,0,5,0,6,37,0,12,4,0
2001003,1.0,0.05,0.75,-0.15850000000000125,-0.15000000000000124,0.008500000000000006,-6,8.5,2.28125,0.125,0.03125,0.0,0.5843750000000005,0.5398437499999996,0.8838919301375862,0.05000881734235513,0.8729560554245379,0.05,-0.5499999999999998,0.40000000000000013,4.0,6.0,0,0,2,0,0,43,0,5,14,0
2001004,1.0,0.05,0.75,0.5331250000000007,0.5500000000000007,0.016875000000000005,-7,16.875,3.03125,0.1875,0.078125,0.0,0.5406250000000002,0.509375,0.5448163202430102,0.05025980070330902,0.4315824953351771,0.05,-0.6000000000000001,1.15,2.0,15.0,0,0,0,0,19,41,0,0,4,0
2001005,1.0,0.05,0.75,0.243953125,0.25,0.0060468750000000045,-5,6.046875,2.109375,0.125,0.046875,0.0,0.5781250000000004,0.5374999999999999,0.57245063318909,0.05000168115427499,0.5424613152726895,0.05,-0.95,1.1999999999999997,4.0,7.0,0,0,3,0,6,36,0,1,18,0
2001006,0.0,0.05,0.75,5.79471875,5.800000000000001,0.005281250000000001,-4,5.28125,1.6875,0.15625,0.09375,0.0,0.5281249999999997,0.42031249999999987,0.5269868461938003,0.0502613600652323,0.031001718412550262,0.049999999999999996,-0.8500000000000001,6.65,4.0,12.0,0,9,25,0,14,16,0,0,0,0
2001007,0.0,0.05,0.75,6.68984375,6.699999999999999,0.010156250000000004,-6,10.15625,2.40625,0.171875,0.078125,0.0,0.5375,0.51875,0.6330050837264618,0.05014461503272343,0.5160249149794968,0.05,-0.35000000000000003,7.05,1.0,15.0,0,0,2,0,18,34,0,2,8,0
2001008,1.0,0.05,0.75,1.187140625000001,1.200000000000001,0.01285937500000001,-5,12.859375,3.078125,0.140625,0.0625,0.0,0.5687500000000003,0.5843749999999993,0.8656545384066292,0.05004129389062612,0.8551083666122545,0.05,-0.5,1.7,4.0,9.0,0,0,1,0,0,26,0,10,27,0
2001009,1.0,0.05,0.75,1.3444531250000005,1.3500000000000005,0.005546875000000004,-4,5.546875,2.109375,0.109375,0.046875,0.0,0.5968750000000007,0.6429687499999993,0.9752743109516003,0.05002838051397223,0.9748239247053081,0.05,-0.20000000000000018,1.5499999999999998,4.0,6.0,0,0,0,0,0,3,0,1,60,0
2001010,1.0,0.05,0.75,5.197453124999999,5.199999999999999,0.0025468750000000014,2,2.546875,1.171875,0.109375,0.140625,0.0,0.6000000000000008,0.6242187499999993,0.9152283192234394,0.050080614242324316,0.678670630783156,0.05,-0.20000000000000018,5.4,4.0,12.0,0,0,0,0,0,11,0,0,53,0
2001011,1.0,0.05,0.75,2.1437187500000006,2.1500000000000004,0.006281250000000003,-4,6.28125,2.03125,0.15625,0.09375,0.0,0.5562500000000001,0.5492187499999996,0.5172723546731008,0.05008040958707195,0.3797638653736883,0.05,-0.8499999999999999,3.0,4.0,12.0,0,0,0,0,4,39,0,10,11,0
2001012,1.0,0.05,0.75,4.348546874999999,4.35,0.0014531250000000009,1,1.453125,0.953125,0.125,0.140625,0.0,0.5218749999999996,0.5749999999999995,0.6081832912808035,0.05006930516126971,0.2039144929387987,0.05000000000000001,-0.75,5.1,4.0,13.0,0,0,5,0,9,13,0,16,21,0
2001013,1.0,0.05,0.75,1.0947499999999988,1.0999999999999988,0.005250000000000004,-4,5.25,2.0625,0.125,0.0625,0.0,0.5593750000000001,0.5656249999999996,0.6412465681112132,0.05000445162844114,0.609276094642687,0.05,-0.7499999999999998,1.8499999999999999,4.0,8.0,0,0,0,0,0,36,0,13,15,0
2001014,1.0,0.05,0.75,0.13010937499999947,0.14999999999999947,0.019890625000000002,-7,19.890625,3.453125,0.171875,0.0625,0.0,0.5593750000000005,0.51875,0.6369943235643536,0.050066589154620256,0.5803207283169024,0.05,-0.8,0.9499999999999995,3.0,12.0,0,0,0,0,11,45,0,2,6,0
2001015,1.0,0.05,0.75,1.3364375000000006,1.3500000000000005,0.01356250000000001,-5,13.5625,3.375,0.140625,0.0625,0.0,0.5906250000000005,0.6195312499999992,0.8724495567053242,0.05004358387526033,0.8691264539819696,0.05,-0.5499999999999998,1.9,4.0,9.0,0,0,0,0,0,13,0,3,48,0
2001016,1.0,0.05,0.75,2.5955468750000006,2.6000000000000005,0.004453125000000003,-2,4.453125,1.796875,0.125,0.09375,0.0,0.5750000000000004,0.5914062499999995,0.8094357404630412,0.05003351014772197,0.7282872549064755,0.05,-0.5499999999999998,3.15,3.0,11.0,0,0,0,0,0,25,0,8,31,0
2001017,1.0,0.05,0.75,0.48965625,0.5,0.010343750000000007,-5,10.34375,3.0,0.109375,0.03125,0.0,0.6000000000000006,0.6312499999999992,0.9700270432178986,0.05001338769961945,0.9697662149933636,0.049999999999999996,-0.30000000000000004,0.7999999999999998,3.0,6.0,0,0,0,0,0,8,0,0,56,0
2001018,0.0,0.05,0.75,3.0953437500000005,3.1000000000000005,0.004656250000000002,1,4.65625,1.5,0.109375,0.125,0.0,0.5312499999999998,0.4929687500000002,0.4897989038381671,0.050021675740770315,0.03070596575371041,0.05,-0.7,3.8000000000000007,3.0,12.0,0,7,0,0,15,38,0,0,4,0
2001019,0.0,0.05,0.75,9.091953125000002,9.100000000000001,0.008046875000000002,-7,8.046875,2.046875,0.25,0.140625,0.0,0.5937500000000007,0.3875000000000004,0.09171999676895769,0.06477915888479843,0.000700286894333772,0.05,-0.7500000000000002,9.850000000000003,6.0,19.0,0,2,50,0,0,8,0,0,4,0
2001020,1.0,0.05,0.75,1.9436406249999993,1.9499999999999993,0.006359375000000005,-3,6.359375,2.359375,0.109375,0.0625,0.0,0.6000000000000006,0.6406249999999992,0.9585980672657455,0.05002525425558831,0.9569909941205647,0.05,-0.30000000000000004,2.25,3.0,8.0,0,0,0,0,0,4,0,0,60,0
2001021,1.0,0.05,0.75,5.09784375,5.1,0.002156250000000001,1,2.15625,1.15625,0.125,0.140625,0.0,0.5875000000000006,0.6382812499999992,0.9157903999644569,0.050277981286204296,0.7710931218844138,0.05000000000000001,-0.55,5.65,6.0,11.0,0,0,0,0,0,5,0,4,55,0
2001022,0.0,0.05,0.75,6.044781250000001,6.050000000000001,0.005218750000000004,-5,5.21875,1.90625,0.15625,0.078125,0.0,0.5093749999999995,0.4765625,0.5533998614095396,0.05008493875887646,0.24002529227505542,0.05,-0.5,6.550000000000001,2.0,13.0,0,1,9,0,28,26,0,0,0,0
2001023,1.0,0.05,0.75,2.691796875000002,2.700000000000002,0.008203125000000006,-3,8.203125,2.546875,0.125,0.078125,0.0,0.6000000000000008,0.6382812499999992,0.9852130354942419,0.0502759218657319,0.9834478168539331,0.049999999999999996,-0.20000000000000018,2.8999999999999995,4.0,9.0,0,0,0,0,0,5,0,0,59,0
