episode,value,alpha,p,objective,profit,penalty,terminal_inventory,mean_q2,mean_abs_inventory,buy_rate,sell_rate,abstain_rate,mean_spread,mean_center,inferred_value,inferred_alpha,correct_value,correct_alpha,informed_profit,uninformed_profit,informed_exec,uninformed_exec,action_0,action_1,action_2,action_3,action_4,action_5,action_6,action_7,action_8,action_9
12000000,1.0,0.3,0.75,-1.2363437500000043,-1.0500000000000043,0.18634375,-25,186.34375,11.8125,0.4375,0.046875,0.0,0.5937500000000007,0.6007812499999995,0.9999999999999998,0.2999999994497486,0.9999999999999998,0.2999999994497486,-1.9500000000000004,0.8999999999999999,21.0,10.0,0,0,0,0,2,19,0,0,43,0
12000001,1.0,0.05,0.75,-1.0205,-1.0,0.020500000000000004,-7,20.5,4.03125,0.15625,0.046875,0.09375,0.5482758620689657,0.528448275862069,0.7630120205068593,0.050074144348722316,0.7630120205068593,0.050074144348722316,-0.5,-0.5000000000000001,2.0,11.0,0,5,3,1,4,26,1,2,16,6
12000002,0.0,0.05,0.25,1.5978125000000005,1.6000000000000005,0.002187500000000001,4,2.1875,1.1875,0.078125,0.140625,0.0,0.5124999999999998,0.4929687500000002,0.23192483206403766,0.05010191591460287,0.23192483206403766,0.05010191591460287,-0.8500000000000001,2.45,4.0,10.0,1,6,6,4,4,33,2,4,4,0
12000003,1.0,0.05,0.25,3.1493593750000004,3.1500000000000004,0.0006406250000000004,-1,0.640625,0.546875,0.15625,0.140625,0.046875,0.521311475409836,0.5000000000000001,0.4831872431259165,0.05048874548904399,0.4831872431259165,0.05048874548904399,-1.65,4.799999999999999,5.0,14.0,0,8,2,1,6,34,4,0,6,3
12000004,1.0,0.3,0.5,-0.3037968750000051,-0.10000000000000497,0.20379687500000007,-25,203.796875,12.078125,0.46875,0.078125,0.0,0.5937500000000007,0.6078124999999995,1.0,0.2999999999902735,1.0,0.2999999999902735,-2.749999999999999,2.6499999999999995,28.0,7.0,0,0,0,0,0,18,1,0,45,0
12000005,1.0,0.3,0.25,0.6294843750000019,0.7500000000000018,0.12051562499999993,-15,120.515625,10.078125,0.3125,0.078125,0.03125,0.583870967741936,0.5774193548387093,0.9999999969187768,0.29998343075512646,0.9999999969187768,0.29998343075512646,-2.3000000000000007,3.0499999999999994,19.0,6.0,0,1,1,0,2,24,0,2,32,2
12000006,0.0,0.05,0.75,1.5924218749999999,1.5999999999999999,0.007578125000000005,3,7.578125,2.546875,0.078125,0.125,0.09375,0.5379310344827589,0.49482758620689665,0.3565279638090245,0.05009317111462569,0.3565279638090245,0.05009317111462569,-1.1,2.7,5.0,8.0,2,2,5,2,4,36,1,2,4,6
12000007,1.0,0.05,0.25,6.14209375,6.15,0.007906250000000005,4,7.90625,2.34375,0.109375,0.171875,0.03125,0.5354838709677421,0.48064516129032286,0.5302134319163232,0.05040154971699211,0.5302134319163232,0.05040154971699211,-0.8500000000000001,7.0,3.0,15.0,1,8,6,0,7,33,1,1,5,2
12000008,0.0,0.05,0.5,3.24871875,3.25,0.0012812500000000007,1,1.28125,0.90625,0.140625,0.15625,0.015625,0.526984126984127,0.5071428571428572,0.48728212210828803,0.05027463042407158,0.48728212210828803,0.05027463042407158,-0.75,4.0,3.0,16.0,1,7,5,0,5,29,3,3,10,1
12000009,0.0,0.3,0.75,4.398328124999996,4.399999999999997,0.0016718750000000006,5,1.671875,0.859375,0.1875,0.265625,0.03125,0.5612903225806455,0.5000000000000001,0.002147490286832935,0.2969882013592743,0.002147490286832935,0.2969882013592743,-3.9500000000000006,8.35,17.0,12.0,0,8,3,0,0,40,1,2,8,2
12000010,1.0,0.05,0.5,5.5983906249999995,5.6,0.001609375000000001,1,1.609375,1.046875,0.15625,0.171875,0.03125,0.5516129032258067,0.5096774193548389,0.7732656702439255,0.053301330688984926,0.7732656702439255,0.053301330688984926,-0.25,5.85,2.0,19.0,0,4,5,1,5,34,1,2,10,2
12000011,0.0,0.3,0.75,-0.8176562499999993,-0.6999999999999993,0.11765625000000002,19,117.65625,9.5,0.109375,0.40625,0.0,0.5250000000000001,0.44843750000000016,4.460091922164167e-08,0.2999967811983928,4.460091922164167e-08,0.2999967811983928,-4.500000000000001,3.8000000000000007,22.0,11.0,0,19,5,0,3,35,1,0,1,0
12000012,1.0,0.05,0.75,-0.8578125000000008,-0.8000000000000007,0.05781250000000001,-11,57.8125,6.28125,0.203125,0.03125,0.0,0.5687500000000004,0.5539062499999997,0.9925738016582332,0.056140197417795024,0.9925738016582332,0.056140197417795024,-0.6000000000000001,-0.19999999999999996,4.0,11.0,0,3,1,0,6,27,0,1,26,0
12000013,1.0,0.05,0.75,-0.6088750000000014,-0.6000000000000014,0.008875000000000006,-6,8.875,2.375,0.125,0.03125,0.015625,0.5492063492063494,0.5452380952380951,0.7465843800913174,0.050002721067612756,0.7465843800913174,0.050002721067612756,-0.19999999999999996,-0.3999999999999997,1.0,9.0,0,5,4,0,2,24,1,7,20,1
12000014,1.0,0.05,0.25,8.731765625,8.75,0.01823437500000001,8,18.234375,3.515625,0.09375,0.21875,0.03125,0.5258064516129032,0.4612903225806454,0.0644475884325754,0.08924244285841024,0.0644475884325754,0.08924244285841024,-0.55,9.3,2.0,18.0,2,11,8,0,5,31,1,1,3,2
12000015,0.0,0.05,0.5,1.6910781249999995,1.6999999999999995,0.008921875000000006,4,8.921875,2.828125,0.078125,0.140625,0.09375,0.5482758620689656,0.47931034482758633,0.3573735849090234,0.05024725065609881,0.3573735849090234,0.05024725065609881,-0.95,2.65,4.0,10.0,1,6,7,0,5,33,0,2,4,6
12000016,0.0,0.05,0.25,0.98553125,1.0,0.014468750000000008,6,14.46875,3.15625,0.078125,0.171875,0.015625,0.5142857142857141,0.49285714285714294,0.16114548272021428,0.051426518755018906,0.16114548272021428,0.051426518755018906,-0.35,1.35,2.0,14.0,0,11,2,0,10,30,1,4,5,1
12000017,1.0,0.3,0.5,0.4589062499999915,0.6499999999999915,0.19109374999999998,-20,191.09375,12.6875,0.390625,0.078125,0.0,0.5906250000000006,0.6031249999999995,0.9999999999999781,0.29999999009033834,0.9999999999999781,0.29999999009033834,-2.2,2.8499999999999996,23.0,7.0,0,1,0,0,1,17,0,1,44,0
12000018,0.0,0.3,0.25,-2.04525,-1.8999999999999997,0.14525000000000002,22,145.25,9.96875,0.0625,0.40625,0.015625,0.5555555555555558,0.4595238095238098,2.778288132583558e-09,0.299997712688336,2.778288132583558e-09,0.299997712688336,-3.4499999999999997,1.5500000000000003,20.0,10.0,0,14,6,0,0,40,0,0,3,1
12000019,1.0,0.3,0.5,1.1648125,1.25,0.08518749999999999,-15,85.1875,7.9375,0.328125,0.09375,0.0,0.5843750000000005,0.5726562499999995,0.9999999981887431,0.2999934618744535,0.9999999981887431,0.2999934618744535,-2.1500000000000004,3.4,19.0,8.0,0,2,0,0,2,27,0,1,32,0
12000020,0.0,0.3,0.25,-3.137562500000001,-2.950000000000001,0.18756250000000005,20,187.5625,11.875,0.03125,0.34375,0.03125,0.5580645161290326,0.470967741935484,5.323557527631557e-05,0.29692909989313065,5.323557527631557e-05,0.29692909989313065,-3.900000000000001,0.95,19.0,5.0,1,7,4,0,4,46,0,0,0,2
12000021,1.0,0.05,0.25,5.489734375,5.5,0.010265625000000007,5,10.265625,2.703125,0.078125,0.15625,0.046875,0.5147540983606557,0.4926229508196722,0.2560312691514536,0.05024441100986456,0.2560312691514536,0.05024441100986456,-0.44999999999999996,5.949999999999999,1.0,14.0,1,8,2,1,9,32,1,3,4,3
12000022,1.0,0.3,0.25,7.3435,7.35,0.006500000000000005,-2,6.5,2.3125,0.28125,0.25,0.0,0.5531250000000003,0.5304687499999999,0.9999761313034141,0.2999037921811121,0.9999761313034141,0.2999037921811121,-2.75,10.099999999999998,15.0,19.0,0,5,2,0,5,32,1,3,16,0
12000023,0.0,0.3,0.75,0.387,0.45,0.063,12,63.0,7.4375,0.09375,0.28125,0.015625,0.5269841269841269,0.4619047619047621,0.008305233518705444,0.26533189908292487,0.008305233518705444,0.26533189908292487,-3.4499999999999993,3.9000000000000004,17.0,7.0,0,12,6,0,9,34,1,0,1,1
12000024,0.0,0.3,0.5,1.1940937500000006,1.2500000000000007,0.05590625000000003,14,55.90625,6.46875,0.140625,0.359375,0.0,0.5312500000000001,0.4718750000000001,1.0246296345564619e-05,0.2999553593669502,1.0246296345564619e-05,0.2999553593669502,-4.000000000000001,5.25,18.0,14.0,0,11,4,2,5,39,1,0,2,0
12000025,1.0,0.3,0.5,4.838234374999998,4.849999999999998,0.011765625000000005,-8,11.765625,2.640625,0.296875,0.171875,0.0,0.5843750000000005,0.5492187499999996,0.9999994606525121,0.2999724887887051,0.9999994606525121,0.2999724887887051,-2.299999999999999,7.1499999999999995,17.0,13.0,0,1,2,0,2,35,0,2,22,0
12000026,0.0,0.3,0.75,1.4069687500000003,1.4500000000000004,0.043031250000000014,11,43.03125,5.25,0.125,0.296875,0.015625,0.5460317460317462,0.4642857142857145,0.0003845117365322472,0.29796007346329917,0.0003845117365322472,0.29796007346329917,-3.1,4.55,16.0,11.0,0,12,5,0,5,39,0,0,2,1
12000027,0.0,0.05,0.25,-1.5329062499999997,-1.4999999999999998,0.032906250000000005,10,32.90625,4.8125,0.03125,0.1875,0.03125,0.5096774193548386,0.47338709677419366,0.053966862165187646,0.050532527817024324,0.053966862165187646,0.050532527817024324,-0.6000000000000001,-0.8999999999999997,3.0,11.0,0,12,6,2,7,28,1,3,3,2
12000028,0.0,0.05,0.25,1.39296875,1.4000000000000001,0.007031250000000004,5,7.03125,2.09375,0.078125,0.15625,0.0,0.55,0.48593750000000013,0.3924306710358898,0.050099138225406396,0.3924306710358898,0.050099138225406396,-0.8,2.2,5.0,10.0,0,5,7,0,6,40,1,3,2,0
12000029,1.0,0.05,0.5,1.995234375,2.0,0.004765625000000003,-4,4.765625,1.796875,0.1875,0.125,0.015625,0.5587301587301591,0.5309523809523808,0.32616955966519656,0.050302928467795285,0.32616955966519656,0.050302928467795285,-0.30000000000000004,2.3,1.0,19.0,1,5,1,0,4,32,1,0,19,1
12000030,0.0,0.05,0.25,1.38834375,1.4,0.011656250000000009,6,11.65625,2.8125,0.09375,0.1875,0.078125,0.5457627118644068,0.48220338983050864,0.2952098644666591,0.056538080781285326,0.2952098644666591,0.056538080781285326,-1.05,2.45,4.0,14.0,0,6,4,0,6,40,1,2,0,5
12000031,1.0,0.05,0.5,4.5976406249999995,4.6,0.0023593750000000012,2,2.359375,1.265625,0.09375,0.125,0.046875,0.5573770491803282,0.5024590163934427,0.47943232000085323,0.050047534834255905,0.47943232000085323,0.050047534834255905,-0.19999999999999996,4.799999999999999,1.0,13.0,1,4,4,0,3,39,1,2,7,3
12000032,1.0,0.05,0.25,3.9961093749999996,3.9999999999999996,0.0038906250000000026,1,3.890625,1.859375,0.109375,0.125,0.046875,0.5475409836065575,0.4827868852459018,0.4631030848266548,0.05005731034510334,0.4631030848266548,0.05005731034510334,-0.95,4.949999999999999,4.0,11.0,0,6,8,0,5,35,1,3,3,3
12000033,1.0,0.3,0.5,1.004968749999998,1.0999999999999979,0.09503125,-18,95.03125,8.53125,0.375,0.09375,0.015625,0.5936507936507943,0.5880952380952377,0.9999999999995124,0.2999999684232489,0.9999999999995124,0.2999999684232489,-2.3,3.3999999999999995,20.0,10.0,0,1,0,0,1,23,0,0,38,1
12000034,0.0,0.05,0.75,2.127640625,2.1500000000000004,0.022359375,4,22.359375,4.359375,0.109375,0.171875,0.046875,0.5147540983606557,0.4852459016393444,0.06186647956273699,0.061872679962299885,0.06186647956273699,0.061872679962299885,-0.8,2.95,5.0,13.0,0,10,2,1,10,32,2,0,4,3
12000035,1.0,0.3,0.5,2.514640624999998,2.599999999999998,0.085359375,-17,85.359375,8.109375,0.390625,0.125,0.0,0.5968750000000007,0.5937499999999994,0.9999999999999694,0.29999999809571937,0.9999999999999694,0.29999999809571937,-2.7,5.299999999999999,24.0,9.0,0,0,0,0,1,23,0,0,40,0
12000036,0.0,0.05,0.5,1.8472187500000001,1.85,0.002781250000000002,2,2.78125,1.4375,0.09375,0.125,0.046875,0.5475409836065577,0.4877049180327869,0.46964531560689377,0.050023339850012054,0.46964531560689377,0.050023339850012054,-0.75,2.5999999999999996,3.0,11.0,0,7,8,0,1,35,3,2,5,3
12000037,1.0,0.05,0.5,2.1461093750000004,2.1500000000000004,0.0038906250000000026,-3,3.890625,1.578125,0.140625,0.09375,0.03125,0.5483870967741941,0.5362903225806449,0.37186902663781035,0.050024960048377705,0.37186902663781035,0.050024960048377705,-0.55,2.7,2.0,13.0,0,5,2,0,4,29,3,1,18,2
12000038,0.0,0.05,0.5,0.23089062499999977,0.24999999999999978,0.01910937500000001,6,19.109375,3.453125,0.078125,0.171875,0.015625,0.5396825396825401,0.480952380952381,0.19846777396921797,0.05034061433061393,0.19846777396921797,0.05034061433061393,-0.8,1.0499999999999996,4.0,12.0,1,12,5,1,0,34,1,1,8,1
12000039,1.0,0.05,0.75,3.4482656250000012,3.450000000000001,0.001734375000000001,-2,1.734375,1.046875,0.140625,0.109375,0.03125,0.541935483870968,0.5314516129032257,0.43702049432019924,0.05010964878088105,0.43702049432019924,0.05010964878088105,0.0,3.45,0.0,16.0,1,5,4,1,3,25,2,2,19,2
12000040,1.0,0.05,0.5,3.997734374999999,3.999999999999999,0.0022656250000000016,0,2.265625,1.171875,0.171875,0.171875,0.015625,0.526984126984127,0.5309523809523808,0.6411139202617341,0.05147276450413506,0.6411139202617341,0.05147276450413506,-0.8999999999999999,4.8999999999999995,3.0,19.0,1,5,4,1,3,26,4,3,16,1
12000041,1.0,0.3,0.25,3.2208593749999945,3.3499999999999943,0.12914062499999998,-17,129.140625,9.953125,0.390625,0.125,0.0,0.5906250000000006,0.5960937499999995,0.9999999999999998,0.2999999999257727,0.9999999999999998,0.2999999999257727,-2.0500000000000007,5.399999999999999,24.0,9.0,0,1,0,0,1,20,0,1,41,0
12000042,1.0,0.3,0.75,-0.9705625000000014,-0.8500000000000014,0.12056249999999999,-18,120.5625,9.5625,0.328125,0.046875,0.0,0.5937500000000007,0.5960937499999995,0.9999999977482754,0.29996304002947344,0.9999999977482754,0.29996304002947344,-1.9000000000000001,1.0499999999999998,17.0,7.0,0,2,0,0,0,19,0,0,43,0
12000043,1.0,0.3,0.75,-1.6824843750000025,-1.5500000000000025,0.132484375,-16,132.484375,10.453125,0.25,0.0,0.046875,0.5868852459016399,0.5959016393442619,0.999999874184025,0.2978038782108468,0.999999874184025,0.2978038782108468,-1.5500000000000003,0.0,16.0,0.0,0,0,2,0,2,16,0,2,39,3
12000044,0.0,0.05,0.25,1.9435937500000002,1.9500000000000002,0.006406250000000004,5,6.40625,2.09375,0.125,0.203125,0.03125,0.5225806451612904,0.5000000000000001,0.24567850226279722,0.06677985568385977,0.24567850226279722,0.06677985568385977,-0.2,2.15,1.0,20.0,0,6,4,4,5,33,2,1,7,2
12000045,0.0,0.05,0.5,2.0467500000000003,2.0500000000000003,0.0032500000000000016,2,3.25,1.3125,0.09375,0.125,0.046875,0.5311475409836065,0.5024590163934427,0.39739601630942556,0.050042594003016444,0.39739601630942556,0.050042594003016444,-0.85,2.9000000000000004,4.0,10.0,0,6,4,1,6,33,2,3,6,3
12000046,0.0,0.05,0.5,2.3473906249999996,2.3499999999999996,0.002609375000000002,2,2.609375,1.390625,0.125,0.15625,0.03125,0.5516129032258066,0.5048387096774195,0.20733282012368903,0.0506049596151067,0.20733282012368903,0.0506049596151067,-0.04999999999999999,2.3999999999999995,1.0,17.0,1,8,7,0,2,26,0,3,15,2
12000047,0.0,0.3,0.5,-0.37084374999999986,-0.2999999999999998,0.07084375000000002,16,70.84375,6.9375,0.125,0.375,0.0,0.5125000000000001,0.4742187500000002,1.01873493661033e-05,0.29991732589282405,1.01873493661033e-05,0.29991732589282405,-3.8000000000000007,3.4999999999999987,18.0,14.0,0,13,2,2,6,37,2,1,1,0
12000048,0.0,0.3,0.75,1.570625000000001,1.650000000000001,0.07937499999999997,13,79.375,8.34375,0.140625,0.34375,0.0,0.5406250000000001,0.4671875000000002,1.8677837229516415e-05,0.29992667820799257,1.8677837229516415e-05,0.29992667820799257,-4.1,5.75,20.0,11.0,0,12,3,1,5,42,0,0,1,0
12000049,1.0,0.3,0.75,-0.24201562500000212,-0.15000000000000213,0.092015625,-17,92.015625,8.421875,0.328125,0.0625,0.015625,0.5936507936507943,0.5928571428571423,0.9999999979218461,0.29997897116887856,0.9999999979218461,0.29997897116887856,-1.9000000000000004,1.7499999999999998,16.0,9.0,0,0,0,0,2,22,0,0,39,1
12000050,1.0,0.3,0.5,0.499515624999995,0.649999999999995,0.15048437500000003,-20,150.484375,10.484375,0.390625,0.078125,0.015625,0.590476190476191,0.5928571428571424,0.999999999999963,0.29999999065769395,0.999999999999963,0.29999999065769395,-2.3000000000000007,2.9499999999999997,23.0,7.0,0,0,0,0,2,22,0,1,38,1
12000051,0.0,0.05,0.25,-2.2665312499999994,-2.1999999999999993,0.06653125000000001,13,66.53125,7.46875,0.046875,0.25,0.03125,0.47741935483870945,0.46612903225806473,0.011131050421522461,0.08637352326264044,0.011131050421522461,0.08637352326264044,-0.49999999999999994,-1.7,5.0,14.0,1,12,7,2,10,24,4,2,0,2
12000052,1.0,0.05,0.75,-0.3917968749999979,-0.34999999999999787,0.04179687500000002,-11,41.796875,5.703125,0.21875,0.046875,0.0,0.5656250000000003,0.5773437499999996,0.9792260257500547,0.058225833134546226,0.9792260257500547,0.058225833134546226,-1.0999999999999999,0.7500000000000002,6.0,11.0,0,2,0,0,3,24,0,6,29,0
12000053,1.0,0.05,0.5,7.28475,7.3,0.01525000000000001,7,15.25,3.25,0.0625,0.171875,0.046875,0.518032786885246,0.47295081967213126,0.333157273053516,0.050224183115459745,0.333157273053516,0.050224183115459745,-0.19999999999999996,7.499999999999999,1.0,14.0,1,11,5,0,3,35,4,1,1,3
12000054,0.0,0.05,0.5,0.6797812500000004,0.7000000000000004,0.020218750000000004,6,20.21875,3.90625,0.09375,0.1875,0.03125,0.5129032258064516,0.4637096774193551,0.14018390671683972,0.053190589048669315,0.14018390671683972,0.053190589048669315,-1.2999999999999998,2.0000000000000004,6.0,12.0,1,15,5,0,7,28,1,1,4,2
12000055,0.0,0.3,0.75,1.2533281250000001,1.35,0.09667187499999996,12,96.671875,8.921875,0.140625,0.328125,0.015625,0.5396825396825399,0.46190476190476215,3.141018357625157e-05,0.2998413062310902,3.141018357625157e-05,0.2998413062310902,-3.500000000000001,4.850000000000001,18.0,12.0,1,12,4,1,3,41,0,0,1,1
12000056,1.0,0.3,0.25,3.609515625000003,3.700000000000003,0.09048437499999999,-15,90.484375,8.296875,0.390625,0.15625,0.015625,0.5873015873015879,0.5880952380952377,0.9999999999958327,0.2999999940090138,0.9999999999958327,0.2999999940090138,-3.3999999999999986,7.1,25.0,10.0,0,0,0,0,2,24,0,2,35,1
12000057,0.0,0.05,0.75,5.647921875000001,5.65,0.002078125000000001,-2,2.078125,1.078125,0.140625,0.109375,0.046875,0.5573770491803282,0.5368852459016391,0.5577553741550833,0.05032979337493087,0.5577553741550833,0.05032979337493087,-1.0999999999999999,6.75,5.0,11.0,0,4,2,0,3,31,1,4,16,3
12000058,1.0,0.05,0.75,-0.570281249999999,-0.5499999999999989,0.02028125000000001,-7,20.28125,4.0625,0.140625,0.03125,0.0625,0.5633333333333337,0.5349999999999999,0.8672112344980655,0.0500434925112428,0.8672112344980655,0.0500434925112428,-0.44999999999999996,-0.10000000000000009,3.0,8.0,1,2,4,0,3,29,1,2,18,4
12000059,0.0,0.3,0.25,-2.7092812499999996,-2.55,0.15928125,20,159.28125,11.4375,0.046875,0.359375,0.015625,0.5428571428571429,0.4690476190476192,1.292962078576536e-06,0.2996624211538275,1.292962078576536e-06,0.2996624211538275,-3.1999999999999997,0.6500000000000001,17.0,9.0,0,10,4,0,8,40,0,0,1,1
12000060,0.0,0.05,0.25,-0.6077343749999997,-0.5499999999999997,0.05773437500000002,14,57.734375,6.171875,0.078125,0.296875,0.0,0.5312500000000001,0.4671875000000002,0.026289372085904494,0.22456840723787713,0.026289372085904494,0.22456840723787713,-0.14999999999999997,-0.39999999999999974,1.0,23.0,1,14,2,0,4,40,1,0,2,0
12000061,1.0,0.05,0.5,0.39381249999999945,0.39999999999999947,0.006187500000000005,-4,6.1875,2.09375,0.125,0.0625,0.015625,0.5365079365079368,0.523809523809524,0.5461136361723383,0.0500031836806778,0.5461136361723383,0.0500031836806778,-0.75,1.15,2.0,10.0,4,3,2,1,5,29,0,2,17,1
12000062,1.0,0.05,0.25,5.446234375,5.45,0.0037656250000000016,4,3.765625,1.453125,0.109375,0.171875,0.015625,0.5333333333333333,0.4738095238095241,0.6118465627854557,0.050083163106011026,0.6118465627854557,0.050083163106011026,-0.3999999999999999,5.85,2.0,16.0,1,6,9,1,8,33,1,1,3,1
12000063,0.0,0.3,0.5,-1.3125625,-1.25,0.06256250000000002,14,62.5625,6.5,0.0625,0.28125,0.0625,0.53,0.47250000000000014,0.0028242806474478117,0.26426004592675445,0.0028242806474478117,0.26426004592675445,-3.0500000000000003,1.8,15.0,7.0,0,12,2,1,5,37,1,0,2,4
12000064,1.0,0.05,0.25,3.5990781249999997,3.5999999999999996,0.0009218750000000006,1,0.921875,0.734375,0.09375,0.109375,0.015625,0.5396825396825398,0.4976190476190476,0.7187558271136704,0.050007111185902196,0.7187558271136704,0.050007111185902196,-0.8999999999999999,4.5,4.0,9.0,0,8,3,2,3,37,0,4,6,1
12000065,1.0,0.05,0.25,6.942,6.95,0.008000000000000004,6,8.0,2.125,0.09375,0.1875,0.015625,0.5079365079365079,0.5023809523809526,0.8388445316091668,0.050079328483094036,0.8388445316091668,0.050079328483094036,-0.3999999999999999,7.3500000000000005,2.0,16.0,4,5,3,2,4,32,3,2,8,1
12000066,1.0,0.05,0.75,-0.06224999999999983,-0.04999999999999982,0.01225000000000001,-7,12.25,2.96875,0.171875,0.0625,0.03125,0.5516129032258068,0.5483870967741932,0.9499347408555362,0.050554340061754174,0.9499347408555362,0.050554340061754174,-0.5500000000000003,0.5000000000000003,5.0,10.0,1,5,1,1,3,24,0,3,24,2
12000067,0.0,0.05,0.25,-1.1198437499999998,-1.0999999999999999,0.019843750000000007,10,19.84375,3.625,0.0625,0.21875,0.03125,0.5258064516129034,0.4806451612903228,0.322258335040289,0.05069776536776138,0.322258335040289,0.05069776536776138,-1.15,0.05000000000000038,4.0,14.0,2,6,6,2,3,37,2,2,2,2
12000068,0.0,0.05,0.5,5.196359375,5.2,0.0036406250000000015,0,3.640625,1.453125,0.1875,0.1875,0.0,0.5562500000000005,0.5046875000000001,0.3012609979159893,0.06296222858077058,0.3012609979159893,0.06296222858077058,-1.35,6.549999999999999,6.0,18.0,0,9,6,0,3,29,1,0,16,0
12000069,1.0,0.05,0.5,5.644843750000001,5.65,0.005156250000000003,2,5.15625,1.90625,0.140625,0.171875,0.0,0.5562500000000005,0.5117187499999999,0.3026047163786899,0.05198122572580301,0.3026047163786899,0.05198122572580301,-0.8499999999999999,6.499999999999999,3.0,17.0,0,4,4,0,5,38,2,1,10,0
12000070,1.0,0.05,0.75,-1.491390625000001,-1.450000000000001,0.041390625000000014,-11,41.390625,5.921875,0.21875,0.046875,0.015625,0.5650793650793654,0.5690476190476187,0.9292729968729893,0.051278186249893436,0.9292729968729893,0.051278186249893436,-0.8499999999999999,-0.5999999999999999,4.0,13.0,0,3,0,0,4,24,0,4,28,1
12000071,1.0,0.05,0.25,7.869296875000001,7.9,0.030703125000000015,10,30.703125,5.015625,0.03125,0.1875,0.046875,0.5344262295081968,0.4754098360655739,0.20735878204911995,0.050079423326043,0.20735878204911995,0.050079423326043,-0.19999999999999996,8.1,1.0,13.0,0,6,11,2,3,32,0,7,0,3
12000072,0.0,0.05,0.75,6.045515625,6.05,0.004484375000000003,-2,4.484375,1.671875,0.171875,0.140625,0.0,0.5593750000000004,0.5351562499999997,0.2670184132702651,0.05049107794322651,0.2670184132702651,0.05049107794322651,-0.9000000000000001,6.95,4.0,16.0,1,4,1,0,6,31,0,1,20,0
12000073,1.0,0.05,0.25,7.03315625,7.05,0.01684375000000001,7,16.84375,3.5,0.0625,0.171875,0.0625,0.5366666666666667,0.48250000000000015,0.40796784166963324,0.05016219182728656,0.40796784166963324,0.05016219182728656,-0.19999999999999996,7.249999999999999,1.0,14.0,1,7,6,0,6,33,1,2,4,4
12000074,1.0,0.05,0.25,2.6486718749999993,2.6499999999999995,0.0013281250000000007,-2,1.328125,0.890625,0.140625,0.109375,0.03125,0.5419354838709678,0.5072580645161291,0.8060867315579429,0.05023438028108513,0.8060867315579429,0.05023438028108513,-0.75,3.3999999999999995,4.0,12.0,1,7,1,0,7,34,0,2,10,2
12000075,1.0,0.3,0.75,0.7220312499999915,0.8999999999999915,0.17796875000000006,-19,177.96875,12.46875,0.359375,0.0625,0.0,0.5968750000000007,0.6101562499999995,0.9999999999999605,0.299999963535877,0.9999999999999605,0.299999963535877,-1.2000000000000006,2.0999999999999996,18.0,9.0,0,0,0,0,1,16,0,0,47,0
12000076,0.0,0.05,0.5,1.4462812500000004,1.4500000000000004,0.0037187500000000024,4,3.71875,1.40625,0.078125,0.140625,0.015625,0.5460317460317462,0.4833333333333336,0.10535655925056908,0.05026924312096788,0.10535655925056908,0.05026924312096788,-1.0,2.45,5.0,9.0,0,8,10,0,5,29,2,0,9,1
12000077,1.0,0.05,0.75,1.2478749999999992,1.2499999999999991,0.002125000000000001,-4,2.125,1.0625,0.140625,0.078125,0.03125,0.5290322580645161,0.5241935483870965,0.16543280754358503,0.050006439669549894,0.16543280754358503,0.050006439669549894,-0.5499999999999998,1.8000000000000003,3.0,11.0,0,5,3,2,7,27,1,4,13,2
12000078,0.0,0.3,0.5,1.8517031250000002,1.9000000000000001,0.04829687500000002,10,48.296875,6.203125,0.140625,0.296875,0.0,0.5312500000000003,0.46015625000000027,0.0002221808749174769,0.29878795280600867,0.0002221808749174769,0.29878795280600867,-3.25,5.1499999999999995,17.0,11.0,2,10,8,0,7,34,0,1,2,0
12000079,0.0,0.05,0.75,3.247765625000001,3.250000000000001,0.0022343750000000016,-1,2.234375,1.328125,0.109375,0.09375,0.03125,0.5290322580645159,0.49274193548387113,0.1720708118625198,0.05001016479980095,0.1720708118625198,0.05001016479980095,-0.75,4.0,4.0,9.0,1,8,2,0,12,31,0,0,8,2
12000080,1.0,0.05,0.25,6.8945937499999985,6.899999999999999,0.005406250000000001,4,5.40625,1.65625,0.140625,0.203125,0.03125,0.5483870967741936,0.5000000000000002,0.8079970663913575,0.052262099399131866,0.8079970663913575,0.052262099399131866,-1.5,8.399999999999999,6.0,16.0,1,7,5,0,6,30,0,1,12,2
12000081,1.0,0.05,0.75,2.188031250000001,2.200000000000001,0.011968750000000007,-5,11.96875,3.03125,0.203125,0.125,0.015625,0.5682539682539687,0.5571428571428568,0.8406080329026705,0.061156744874769284,0.8406080329026705,0.061156744874769284,-1.05,3.25,4.0,17.0,0,1,2,0,1,32,3,2,22,1
12000082,0.0,0.3,0.25,-3.4072031250000006,-3.2000000000000006,0.20720312500000004,23,207.203125,13.046875,0.03125,0.390625,0.015625,0.5523809523809524,0.45476190476190514,8.526233743665582e-09,0.29998441155051647,8.526233743665582e-09,0.29998441155051647,-3.1499999999999995,-0.04999999999999993,19.0,8.0,0,13,6,0,2,42,0,0,0,1
12000083,0.0,0.05,0.25,1.74378125,1.75,0.006218750000000004,3,6.21875,2.03125,0.09375,0.140625,0.0625,0.5233333333333332,0.4875000000000001,0.23276806534950445,0.05032720345287793,0.23276806534950445,0.05032720345287793,-0.5,2.25,2.0,13.0,0,8,2,2,9,34,0,2,3,4
12000084,1.0,0.3,0.5,3.1084999999999994,3.1999999999999993,0.09149999999999998,-15,91.5,7.84375,0.359375,0.125,0.0,0.5937500000000007,0.5773437499999996,0.9999999999946452,0.29999996245624294,0.9999999999946452,0.29999996245624294,-2.3,5.5,20.0,11.0,0,2,0,0,0,27,0,0,35,0
12000085,0.0,0.05,0.5,-1.8489843750000001,-1.8,0.04898437500000002,11,48.984375,6.015625,0.03125,0.203125,0.0,0.5312499999999999,0.4742187500000002,0.11600555804768818,0.05024346843215799,0.11600555804768818,0.05024346843215799,-0.8,-1.0,4.0,11.0,1,8,5,1,7,39,1,1,1,0
12000086,1.0,0.05,0.5,3.849140625,3.85,0.0008593750000000004,1,0.859375,0.734375,0.09375,0.109375,0.046875,0.5475409836065575,0.5073770491803279,0.35482032645287204,0.05002452814329219,0.35482032645287204,0.05002452814329219,-0.9000000000000001,4.75,3.0,10.0,0,5,5,0,4,34,3,1,9,3
12000087,0.0,0.05,0.75,2.0494375000000007,2.0500000000000007,0.0005625000000000003,2,0.5625,0.5,0.078125,0.109375,0.015625,0.5142857142857142,0.5238095238095237,0.1341780916621831,0.05002357886213917,0.1341780916621831,0.05002357886213917,-0.6000000000000001,2.65,3.0,9.0,0,5,2,4,8,27,2,2,13,1
12000088,0.0,0.3,0.25,1.3172031250000005,1.3500000000000005,0.03279687500000001,14,32.796875,4.453125,0.125,0.34375,0.015625,0.5492063492063494,0.48809523809523814,0.0008533901235772782,0.29949173553475117,0.0008533901235772782,0.29949173553475117,-3.1000000000000005,4.45,14.0,16.0,0,7,2,0,8,42,0,1,3,1
12000089,0.0,0.3,0.5,-1.8866875000000005,-1.8000000000000005,0.0866875,15,86.6875,7.6875,0.0625,0.296875,0.03125,0.5354838709677422,0.4830645161290323,0.006469349246912376,0.24544140340153697,0.006469349246912376,0.24544140340153697,-3.4000000000000004,1.6,16.0,7.0,1,9,2,0,4,41,1,3,1,2
12000090,1.0,0.05,0.75,-0.3092656249999998,-0.2999999999999998,0.009265625000000006,-5,9.265625,2.484375,0.109375,0.03125,0.09375,0.5551724137931038,0.5129310344827587,0.7367924116312021,0.05000750223220272,0.7367924116312021,0.05000750223220272,-0.19999999999999996,-0.09999999999999987,1.0,8.0,1,5,3,0,3,32,0,3,11,6
12000091,1.0,0.3,0.75,-1.725875000000002,-1.6500000000000021,0.07587500000000001,-17,75.875,7.375,0.28125,0.015625,0.0,0.5875000000000007,0.5914062499999995,0.9999992909177473,0.29697873305919825,0.9999992909177473,0.29697873305919825,-2.0,0.3500000000000001,15.0,4.0,0,0,0,1,1,23,0,1,38,0
12000092,0.0,0.3,0.5,0.22671875000000033,0.3000000000000004,0.07328125000000005,11,73.28125,7.9375,0.109375,0.28125,0.015625,0.49206349206349187,0.4666666666666669,0.025445737582403778,0.2518582695479232,0.025445737582403778,0.2518582695479232,-3.8000000000000007,4.1,16.0,9.0,2,13,3,0,11,30,3,0,1,1
12000093,1.0,0.05,0.75,-0.9209843749999986,-0.8999999999999986,0.020984375000000013,-7,20.984375,3.859375,0.140625,0.03125,0.046875,0.5639344262295086,0.5442622950819669,0.9041491079430466,0.050029602469939184,0.9041491079430466,0.050029602469939184,-0.3999999999999999,-0.5000000000000002,2.0,9.0,0,1,1,0,3,36,2,3,15,3
12000094,0.0,0.05,0.5,2.3472187499999997,2.3499999999999996,0.0027812500000000007,4,2.78125,1.09375,0.125,0.1875,0.046875,0.521311475409836,0.5000000000000002,0.6031913876087325,0.05141450497751135,0.6031913876087325,0.05141450497751135,-1.25,3.599999999999999,5.0,15.0,0,7,3,1,10,30,2,1,7,3
12000095,1.0,0.3,0.5,1.3540156249999986,1.3999999999999986,0.045984375000000015,-11,45.984375,6.171875,0.28125,0.109375,0.015625,0.5777777777777784,0.5666666666666662,0.9999588131003434,0.2977083684658336,0.9999588131003434,0.2977083684658336,-2.5,3.8999999999999995,16.0,9.0,0,1,1,0,3,28,1,1,28,1
12000096,0.0,0.3,0.5,-1.6748124999999996,-1.5499999999999996,0.12481249999999998,19,124.8125,9.34375,0.078125,0.375,0.015625,0.5301587301587303,0.46428571428571436,1.0197729833074235e-06,0.2999249742516604,1.0197729833074235e-06,0.2999249742516604,-3.3,1.7500000000000002,18.0,11.0,0,13,5,0,6,36,1,1,1,1
12000097,1.0,0.05,0.75,0.4936562500000009,0.5000000000000009,0.006343750000000002,-5,6.34375,1.75,0.140625,0.0625,0.046875,0.5704918032786891,0.5270491803278686,0.5935016039594712,0.05002123006731758,0.5935016039594712,0.05002123006731758,-0.3500000000000001,0.8499999999999999,2.0,11.0,1,3,1,0,4,36,0,0,16,3
12000098,1.0,0.3,0.75,1.485703124999995,1.649999999999995,0.16429687500000006,-21,164.296875,11.328125,0.421875,0.09375,0.015625,0.6000000000000006,0.6095238095238089,0.9999999999999997,0.2999999997978801,0.9999999999999997,0.2999999997978801,-2.299999999999999,3.95,25.0,8.0,0,0,0,0,0,17,0,0,46,1
12000099,0.0,0.05,0.25,0.6732968749999999,0.7,0.02670312500000001,8,26.703125,4.640625,0.078125,0.203125,0.015625,0.526984126984127,0.4714285714285717,0.07580579841955228,0.06180473393774927,0.07580579841955228,0.06180473393774927,-1.05,1.75,5.0,13.0,1,8,6,2,9,34,0,0,3,1
12000100,1.0,0.3,0.25,3.1606875,3.25,0.08931249999999998,-16,89.3125,8.3125,0.40625,0.15625,0.0,0.5718750000000006,0.5937499999999994,0.9999999999996851,0.29999999828950613,0.9999999999996851,0.29999999828950613,-2.8,6.049999999999999,23.0,13.0,0,0,0,0,4,20,1,3,36,0
12000101,1.0,0.05,0.75,-0.4748437500000002,-0.4500000000000002,0.024843749999999998,-7,24.84375,4.40625,0.15625,0.046875,0.0,0.5531250000000003,0.5726562499999996,0.8089960996851392,0.05001564477788923,0.8089960996851392,0.05001564477788923,-0.3999999999999999,-0.050000000000000155,2.0,11.0,0,2,1,2,3,22,1,4,29,0
12000102,1.0,0.05,0.25,8.020078125000001,8.05,0.029921875000000018,9,29.921875,4.921875,0.0625,0.203125,0.03125,0.49999999999999983,0.4709677419354841,0.22721431047260954,0.050429570828383355,0.22721431047260954,0.050429570828383355,-0.7,8.749999999999998,2.0,15.0,0,14,4,2,7,29,2,2,2,2
12000103,1.0,0.05,0.75,0.8479531250000005,0.8500000000000005,0.002046875000000001,-4,2.046875,0.921875,0.125,0.0625,0.015625,0.5428571428571431,0.5309523809523807,0.41668861865399665,0.050002188168888496,0.41668861865399665,0.050002188168888496,-0.19999999999999996,1.0499999999999998,1.0,11.0,0,2,4,0,9,29,2,3,14,1
12000104,1.0,0.3,0.25,6.992515625,7.0,0.007484375000000004,-4,7.484375,2.265625,0.265625,0.203125,0.0,0.5687500000000004,0.5398437499999996,0.9999979980506254,0.29988878943627095,0.9999979980506254,0.29988878943627095,-2.5999999999999988,9.6,17.0,13.0,0,4,2,0,6,29,0,0,23,0
12000105,0.0,0.05,0.25,0.5297031250000003,0.5500000000000003,0.020296875000000006,8,20.296875,3.203125,0.078125,0.203125,0.03125,0.5161290322580645,0.4782258064516131,0.37696731816177015,0.05181797511840274,0.37696731816177015,0.05181797511840274,-0.55,1.1000000000000008,3.0,15.0,0,8,5,3,11,31,0,1,3,2
12000106,0.0,0.05,0.5,3.8488281250000007,3.8500000000000005,0.0011718750000000006,1,1.171875,0.859375,0.125,0.140625,0.015625,0.5460317460317462,0.5000000000000001,0.08783936054997565,0.05086902133654887,0.08783936054997565,0.05086902133654887,-1.15,5.0,6.0,11.0,0,9,4,0,5,32,1,1,11,1
12000107,0.0,0.3,0.25,-3.4698124999999997,-3.3,0.16981250000000003,26,169.8125,11.03125,0.046875,0.453125,0.0,0.5593750000000003,0.4765625000000001,5.519010825885534e-10,0.2999993577761178,5.519010825885534e-10,0.2999993577761178,-3.8,0.5000000000000002,20.0,12.0,0,7,3,0,6,48,0,0,0,0
12000108,0.0,0.05,0.75,6.0918125,6.1,0.008187500000000006,-5,8.1875,2.375,0.171875,0.09375,0.03125,0.5451612903225808,0.5241935483870966,0.5871700002945512,0.05025296211418215,0.5871700002945512,0.05025296211418215,-1.3,7.4,4.0,13.0,1,4,1,0,7,33,1,2,13,2
12000109,0.0,0.3,0.5,-2.7612343750000004,-2.6000000000000005,0.161234375,21,161.234375,11.703125,0.078125,0.40625,0.015625,0.5333333333333335,0.4714285714285717,4.652196673295633e-07,0.2999652333072438,4.652196673295633e-07,0.2999652333072438,-4.4,1.8,21.0,10.0,1,8,4,1,8,40,0,1,0,1
12000110,1.0,0.3,0.75,-0.5921250000000022,-0.40000000000000213,0.19212500000000005,-24,192.125,11.875,0.421875,0.046875,0.015625,0.5936507936507943,0.6023809523809519,1.0,0.29999999956897416,1.0,0.29999999956897416,-2.4000000000000004,2.0,25.0,5.0,0,0,0,0,1,19,0,1,42,1
12000111,0.0,0.3,0.75,-0.7265624999999999,-0.6499999999999999,0.0765625,14,76.5625,7.75,0.078125,0.296875,0.015625,0.5206349206349207,0.46428571428571447,0.006218307039039912,0.263445920129192,0.006218307039039912,0.263445920129192,-3.7499999999999996,3.1000000000000005,18.0,6.0,1,13,4,1,7,34,0,1,2,1
12000112,1.0,0.05,0.75,2.0892187500000006,2.1500000000000004,0.06078125,-9,60.78125,7.21875,0.25,0.109375,0.0,0.5562500000000004,0.5914062499999996,0.9999791377797809,0.29445070495091075,0.9999791377797809,0.29445070495091075,-0.7500000000000002,2.8999999999999995,7.0,16.0,0,1,2,0,8,11,1,3,38,0
12000113,0.0,0.3,0.75,3.2920156250000003,3.3500000000000005,0.05798437500000001,8,57.984375,6.984375,0.171875,0.296875,0.03125,0.5258064516129034,0.4540322580645164,0.0011421383236203957,0.2988651950251327,0.0011421383236203957,0.2988651950251327,-3.9500000000000006,7.299999999999999,18.0,12.0,0,18,3,1,1,37,1,0,1,2
12000114,1.0,0.05,0.75,-0.9044687499999979,-0.8499999999999979,0.05446875000000002,-11,54.46875,6.78125,0.21875,0.046875,0.03125,0.5645161290322585,0.5774193548387094,0.9561201843969775,0.05482360880896284,0.9561201843969775,0.05482360880896284,-1.0499999999999998,0.20000000000000018,4.0,13.0,0,3,0,1,2,21,1,2,32,2
12000115,0.0,0.3,0.25,-5.675859375000001,-5.500000000000001,0.175859375,26,175.859375,10.828125,0.015625,0.421875,0.0,0.5437500000000003,0.4789062500000001,5.807478445856773e-08,0.299953659643122,5.807478445856773e-08,0.299953659643122,-5.15,-0.3500000000000001,23.0,5.0,0,11,1,0,3,46,2,0,1,0
12000116,0.0,0.3,0.5,-0.15331249999999924,-0.04999999999999921,0.10331250000000003,17,103.3125,8.09375,0.09375,0.359375,0.015625,0.5396825396825399,0.4595238095238097,5.30135008025206e-06,0.29989925218197494,5.30135008025206e-06,0.29989925218197494,-3.2500000000000004,3.2,18.0,11.0,1,13,4,0,4,40,0,0,1,1
12000117,0.0,0.3,0.5,-2.61390625,-2.4499999999999997,0.16390625000000003,24,163.90625,11.09375,0.078125,0.453125,0.0,0.5468750000000002,0.4648437500000001,4.994817053077884e-09,0.29999889885888337,4.994817053077884e-09,0.29999889885888337,-4.450000000000002,1.9999999999999998,23.0,11.0,0,13,2,0,4,45,0,0,0,0
12000118,1.0,0.3,0.5,0.7089843749999989,0.7999999999999989,0.09101562499999999,-14,91.015625,8.140625,0.296875,0.078125,0.046875,0.5770491803278692,0.5786885245901634,0.9999999730581095,0.29994054241244106,0.9999999730581095,0.29994054241244106,-2.2,2.9999999999999996,18.0,6.0,0,0,1,0,1,26,1,4,28,3
12000119,1.0,0.05,0.25,4.745921875,4.75,0.004078125000000002,1,4.078125,1.671875,0.125,0.140625,0.03125,0.5419354838709679,0.5,0.7713485811071544,0.0501774580867626,0.7713485811071544,0.0501774580867626,-1.0499999999999998,5.799999999999999,3.0,14.0,0,7,5,0,6,32,1,3,8,2
12000120,1.0,0.05,0.25,4.448921875,4.45,0.0010781250000000005,2,1.078125,0.765625,0.109375,0.140625,0.03125,0.532258064516129,0.4927419354838711,0.6076108374205004,0.05004526262129772,0.6076108374205004,0.05004526262129772,-1.05,5.5,4.0,12.0,2,9,4,0,6,29,0,2,10,2
12000121,0.0,0.05,0.75,5.999078124999998,5.999999999999998,0.0009218750000000004,-1,0.921875,0.734375,0.1875,0.171875,0.0,0.5625000000000003,0.50234375,0.40082627298684037,0.055164644359554024,0.40082627298684037,0.055164644359554024,-1.9,7.899999999999999,7.0,16.0,0,1,8,1,5,39,1,2,7,0
12000122,1.0,0.3,0.5,0.14823437499999642,0.24999999999999645,0.10176562500000001,-20,101.765625,8.734375,0.390625,0.078125,0.0,0.5875000000000006,0.5890624999999996,0.9999999999994874,0.29999995116126305,0.9999999999994874,0.29999995116126305,-2.6999999999999984,2.9499999999999997,22.0,8.0,0,1,0,0,1,23,1,0,38,0
12000123,1.0,0.05,0.5,2.5470781250000005,2.5500000000000007,0.0029218750000000017,-2,2.921875,1.546875,0.140625,0.109375,0.046875,0.5344262295081968,0.5073770491803279,0.5747975805387018,0.050156480114879186,0.5747975805387018,0.050156480114879186,-0.3999999999999999,2.95,2.0,14.0,0,8,3,0,6,30,3,0,11,3
12000124,0.0,0.3,0.5,0.08232812500000054,0.2000000000000005,0.11767187499999997,17,117.671875,9.640625,0.125,0.390625,0.0,0.5343749999999999,0.47421875000000013,1.090630312050545e-06,0.29998790436715106,1.090630312050545e-06,0.29998790436715106,-3.2500000000000004,3.45,16.0,17.0,0,11,3,0,6,41,1,2,0,0
12000125,0.0,0.05,0.5,3.144984375,3.15,0.005015625000000003,1,5.015625,1.953125,0.125,0.140625,0.015625,0.5301587301587304,0.4880952380952382,0.17784276512537364,0.0502932262776091,0.17784276512537364,0.0502932262776091,-0.25,3.4,2.0,15.0,1,5,7,1,6,35,2,3,3,1
12000126,0.0,0.3,0.75,1.7538750000000003,1.8500000000000003,0.09612499999999999,13,96.125,8.40625,0.15625,0.359375,0.0,0.5249999999999999,0.46953125000000007,7.449411792152119e-06,0.2999796516691563,7.449411792152119e-06,0.2999796516691563,-4.3500000000000005,6.199999999999999,21.0,12.0,0,11,2,1,11,39,0,0,0,0
12000127,0.0,0.05,0.5,3.497625,3.5,0.0023750000000000012,-1,2.375,1.28125,0.125,0.109375,0.0625,0.546666666666667,0.5000000000000001,0.2837698456901262,0.05004349519108433,0.2837698456901262,0.05004349519108433,-0.9000000000000001,4.4,3.0,12.0,2,6,4,0,4,32,1,0,11,4
12000128,1.0,0.05,0.25,4.09196875,4.1000000000000005,0.008031250000000004,3,8.03125,2.3125,0.09375,0.140625,0.0625,0.5166666666666667,0.4875,0.2983567263858545,0.05011923081299441,0.2983567263858545,0.05011923081299441,-0.75,4.85,2.0,13.0,2,10,4,0,6,27,2,1,8,4
12000129,0.0,0.3,0.5,-2.3794687500000005,-2.1500000000000004,0.2294687500000001,24,229.46875,13.375,0.078125,0.453125,0.015625,0.555555555555556,0.47619047619047633,6.359302739274533e-09,0.2999991910494275,6.359302739274533e-09,0.2999991910494275,-4.800000000000001,2.6500000000000004,23.0,11.0,0,7,3,1,5,47,0,0,0,1
12000130,1.0,0.05,0.25,6.146781249999999,6.1499999999999995,0.003218750000000002,0,3.21875,1.5,0.203125,0.203125,0.046875,0.5508196721311477,0.49508196721311504,0.5732501177904904,0.1286432628865747,0.5732501177904904,0.1286432628865747,-1.9499999999999997,8.1,8.0,18.0,0,5,5,1,6,36,1,0,7,3
12000131,0.0,0.3,0.5,-2.8047031249999996,-2.6499999999999995,0.15470312500000002,24,154.703125,10.703125,0.078125,0.453125,0.0,0.509375,0.4625000000000001,5.6626192133069507e-08,0.299996582288934,5.6626192133069507e-08,0.299996582288934,-4.850000000000001,2.2000000000000006,22.0,12.0,0,17,0,2,6,38,1,0,0,0
12000132,1.0,0.05,0.75,-0.9257500000000004,-0.9000000000000004,0.025750000000000016,-10,25.75,3.96875,0.203125,0.046875,0.015625,0.5746031746031751,0.5738095238095233,0.9631268080952379,0.05140365356115072,0.9631268080952379,0.05140365356115072,-0.40000000000000013,-0.4999999999999998,2.0,14.0,0,2,1,0,2,24,0,4,30,1
12000133,1.0,0.05,0.75,-0.4736562499999993,-0.4499999999999993,0.02365625,-7,23.65625,4.21875,0.140625,0.03125,0.03125,0.5677419354838714,0.5629032258064514,0.9449482702770735,0.050052557240973516,0.9449482702770735,0.050052557240973516,-0.44999999999999996,0.0,3.0,8.0,1,3,0,0,1,27,1,2,27,2
12000134,0.0,0.3,0.75,-1.2148124999999992,-1.0999999999999992,0.1148125,18,114.8125,9.09375,0.078125,0.359375,0.0,0.528125,0.4507812500000003,4.135069616158439e-07,0.29993660131639327,4.135069616158439e-07,0.29993660131639327,-3.349999999999999,2.250000000000001,19.0,9.0,0,18,4,0,5,36,0,0,1,0
12000135,1.0,0.3,0.25,4.470765624999997,4.4999999999999964,0.029234375000000007,-9,29.234375,3.984375,0.296875,0.15625,0.0,0.5812500000000005,0.5632812499999996,0.9999999666437309,0.29999015088386877,0.9999999666437309,0.29999015088386877,-2.5999999999999988,7.099999999999998,19.0,10.0,0,2,0,0,3,30,0,1,28,0
12000136,0.0,0.3,0.5,-3.2086875000000004,-3.0000000000000004,0.20868750000000008,23,208.6875,12.59375,0.0625,0.421875,0.0,0.5687500000000004,0.4812500000000001,2.037455476133008e-07,0.2999782709867422,2.037455476133008e-07,0.2999782709867422,-4.550000000000001,1.5499999999999998,22.0,9.0,0,6,5,0,2,48,1,0,2,0
12000137,0.0,0.3,0.25,-2.322640624999999,-2.149999999999999,0.17264062500000002,23,172.640625,11.609375,0.078125,0.4375,0.0,0.5406250000000001,0.4695312500000002,5.5722579500985594e-08,0.29999581554795496,5.5722579500985594e-08,0.29999581554795496,-3.9499999999999997,1.8,20.0,13.0,0,14,0,0,5,44,0,0,1,0
12000138,1.0,0.05,0.25,4.33884375,4.35,0.011156250000000006,3,11.15625,2.625,0.078125,0.125,0.015625,0.5015873015873015,0.4857142857142859,0.4454570686790693,0.05000900579913468,0.4454570686790693,0.05000900579913468,-0.19999999999999996,4.550000000000001,1.0,12.0,2,9,7,2,5,26,3,3,6,1
12000139,0.0,0.3,0.25,-1.962453125,-1.9,0.062453125000000026,15,62.453125,6.390625,0.03125,0.265625,0.03125,0.5451612903225809,0.46370967741935504,0.0035846470234266103,0.17523416541065504,0.0035846470234266103,0.17523416541065504,-2.85,0.9500000000000002,14.0,5.0,0,10,7,2,3,38,0,0,2,2
12000140,0.0,0.05,0.75,4.289031250000001,4.300000000000001,0.010968750000000006,-2,10.96875,3.0625,0.140625,0.109375,0.015625,0.5269841269841269,0.538095238095238,0.6212480158327855,0.0500582871236526,0.6212480158327855,0.0500582871236526,-1.2000000000000002,5.500000000000001,3.0,13.0,2,2,0,2,7,30,1,4,15,1
12000141,0.0,0.3,0.75,3.1302812499999995,3.1499999999999995,0.019718750000000007,7,19.71875,3.6875,0.171875,0.28125,0.03125,0.5387096774193549,0.48064516129032275,0.0003259627218784471,0.2992028264294055,0.0003259627218784471,0.2992028264294055,-3.3,6.449999999999999,16.0,13.0,1,11,1,0,4,40,1,0,4,2
12000142,0.0,0.05,0.25,-0.12165625000000005,-0.10000000000000003,0.021656250000000012,6,21.65625,4.09375,0.046875,0.140625,0.03125,0.5096774193548386,0.4733870967741937,0.24674367938914332,0.050021187857888665,0.24674367938914332,0.050021187857888665,-1.25,1.15,6.0,6.0,5,5,3,0,11,36,0,2,0,2
12000143,0.0,0.05,0.75,6.445171875000001,6.450000000000001,0.004828125000000003,-5,4.828125,1.859375,0.171875,0.09375,0.046875,0.5344262295081968,0.519672131147541,0.39315769064856715,0.050341815255110084,0.39315769064856715,0.050341815255110084,-0.4,6.85,2.0,15.0,1,5,2,2,5,30,1,2,13,3
12000144,0.0,0.3,0.5,-1.354999999999999,-1.149999999999999,0.20500000000000007,22,205.0,12.6875,0.078125,0.421875,0.015625,0.5587301587301591,0.4714285714285716,9.402407191042133e-09,0.29999876962893357,9.402407191042133e-09,0.29999876962893357,-3.6000000000000005,2.45,20.0,12.0,0,9,5,0,4,43,0,0,2,1
12000145,0.0,0.3,0.5,-2.069921875,-1.9000000000000001,0.16992187499999997,22,169.921875,11.109375,0.078125,0.421875,0.015625,0.5396825396825398,0.4714285714285716,2.6958965586675357e-08,0.2999963832932541,2.6958965586675357e-08,0.2999963832932541,-3.9500000000000006,2.0500000000000007,21.0,11.0,0,13,1,0,2,45,2,0,0,1
12000146,1.0,0.05,0.75,0.09032812499999963,0.09999999999999964,0.009671875000000007,-4,9.671875,2.671875,0.09375,0.03125,0.03125,0.5612903225806456,0.5120967741935483,0.8422305415487666,0.05000246917934272,0.8422305415487666,0.05000246917934272,-0.25,0.34999999999999987,2.0,6.0,1,4,4,0,5,34,0,1,13,2
12000147,1.0,0.05,0.25,6.692984375,6.7,0.007015625000000004,2,7.015625,2.390625,0.1875,0.21875,0.0625,0.5333333333333334,0.4950000000000001,0.4798277759870088,0.13892114654839866,0.4798277759870088,0.13892114654839866,-1.0999999999999999,7.799999999999998,5.0,21.0,1,7,2,1,5,36,2,0,6,4
12000148,0.0,0.05,0.75,3.6428281250000007,3.650000000000001,0.007171875000000005,4,7.171875,2.453125,0.140625,0.203125,0.0625,0.546666666666667,0.49999999999999994,0.20752806584892852,0.12381942158628878,0.20752806584892852,0.12381942158628878,-2.0500000000000003,5.699999999999999,10.0,12.0,1,5,4,0,5,35,1,2,7,4
12000149,0.0,0.05,0.25,1.4865312500000007,1.5000000000000007,0.01346875000000001,6,13.46875,3.0,0.109375,0.203125,0.09375,0.5206896551724137,0.44827586206896586,0.3459734193090926,0.05948618688018985,0.3459734193090926,0.05948618688018985,-1.25,2.75,4.0,16.0,0,17,6,1,2,29,1,0,2,6
12000150,1.0,0.3,0.75,-1.775562500000007,-1.500000000000007,0.27556250000000004,-26,275.5625,14.625,0.4375,0.03125,0.015625,0.5936507936507943,0.609523809523809,0.9999999999999999,0.2999999999263866,0.9999999999999999,0.2999999999263866,-2.7,1.2,28.0,2.0,0,0,0,0,1,16,0,1,45,1
12000151,1.0,0.05,0.75,0.9280624999999992,0.9499999999999993,0.021937500000000006,-7,21.9375,4.15625,0.203125,0.09375,0.015625,0.5523809523809527,0.5619047619047616,0.7835204009917576,0.051864265457088624,0.7835204009917576,0.051864265457088624,-0.19999999999999996,1.15,1.0,18.0,1,2,1,0,5,24,2,2,26,1
12000152,0.0,0.3,0.25,-5.799484375,-5.55,0.249484375,26,249.484375,13.671875,0.0,0.40625,0.0,0.5437500000000002,0.47421875000000013,1.634813558645797e-07,0.29986872228896194,1.634813558645797e-07,0.29986872228896194,-4.1499999999999995,-1.4,20.0,6.0,0,9,3,1,7,43,0,0,1,0
12000153,1.0,0.05,0.5,3.6475937499999995,3.6499999999999995,0.0024062500000000013,0,2.40625,1.34375,0.125,0.125,0.0,0.525,0.4953125000000001,0.634528740594163,0.05004250630825736,0.634528740594163,0.05004250630825736,-0.55,4.199999999999999,1.0,15.0,1,11,5,0,5,27,1,4,10,0
12000154,1.0,0.3,0.5,1.7241406250000006,1.8000000000000007,0.07585937499999999,-13,75.859375,8.109375,0.328125,0.125,0.0,0.5687500000000004,0.5796874999999997,0.9999998810096047,0.2999754998290428,0.9999998810096047,0.2999754998290428,-2.5,4.300000000000001,17.0,12.0,0,2,0,1,2,23,1,2,33,0
12000155,0.0,0.05,0.75,4.743578125000001,4.750000000000001,0.006421875000000005,-2,6.421875,2.359375,0.15625,0.125,0.046875,0.537704918032787,0.5467213114754097,0.37209180921830215,0.05021213670561472,0.37209180921830215,0.05021213670561472,-0.5,5.250000000000001,2.0,16.0,0,5,2,1,5,22,2,3,21,3
12000156,0.0,0.3,0.25,-4.97478125,-4.75,0.22478125,27,224.78125,13.25,0.03125,0.453125,0.0,0.525,0.4578125000000002,3.886492706649944e-09,0.2999965530043669,3.886492706649944e-09,0.2999965530043669,-3.900000000000001,-0.8499999999999999,20.0,11.0,0,15,3,0,9,37,0,0,0,0
12000157,1.0,0.05,0.75,0.5365156250000007,0.5500000000000007,0.013484375000000007,-5,13.484375,2.640625,0.140625,0.0625,0.03125,0.5645161290322587,0.5362903225806448,0.8961840049572309,0.05008373639011775,0.8961840049572309,0.05008373639011775,-0.8,1.3499999999999999,3.0,10.0,0,6,2,0,5,26,0,0,23,2
12000158,1.0,0.3,0.25,2.9356875000000016,3.0000000000000018,0.06431250000000001,-10,64.3125,7.21875,0.296875,0.140625,0.015625,0.5650793650793654,0.5690476190476188,0.9999993974499723,0.29993779309732094,0.9999993974499723,0.29993779309732094,-2.999999999999999,5.999999999999999,19.0,9.0,0,2,3,2,2,20,0,3,31,1
12000159,1.0,0.05,0.5,1.9435624999999992,1.9499999999999993,0.006437500000000004,-4,6.4375,2.125,0.15625,0.09375,0.03125,0.5677419354838712,0.5217741935483872,0.809152580643582,0.05063427232827328,0.809152580643582,0.05063427232827328,-0.6499999999999999,2.599999999999999,5.0,11.0,1,3,2,0,3,38,0,2,13,2
12000160,0.0,0.05,0.75,7.19459375,7.2,0.005406250000000003,-5,5.40625,1.78125,0.1875,0.109375,0.015625,0.5492063492063495,0.5357142857142855,0.4142914958283161,0.05063408667561212,0.4142914958283161,0.05063408667561212,-0.55,7.75,2.0,17.0,0,3,0,2,4,36,1,3,14,1
12000161,1.0,0.3,0.25,3.6028749999999987,3.6499999999999986,0.047125000000000014,-11,47.125,6.28125,0.328125,0.15625,0.03125,0.583870967741936,0.5701612903225804,0.9999999999311927,0.29999978281473966,0.9999999999311927,0.29999978281473966,-2.25,5.899999999999999,19.0,12.0,0,2,3,0,2,21,0,1,33,2
12000162,0.0,0.3,0.5,-5.198937500000001,-4.800000000000002,0.3989374999999999,33,398.9375,18.03125,0.046875,0.5625,0.0,0.5406250000000002,0.46015625000000016,2.2712499968032905e-13,0.2999999989521462,2.2712499968032905e-13,0.2999999989521462,-5.950000000000003,1.1500000000000001,31.0,8.0,0,15,3,0,3,42,0,1,0,0
12000163,1.0,0.05,0.5,2.2473281249999997,2.2499999999999996,0.002671875000000001,-1,2.671875,1.109375,0.109375,0.09375,0.0,0.525,0.5023437500000001,0.7938774227197924,0.050010157329097395,0.7938774227197924,0.050010157329097395,-0.44999999999999996,2.6999999999999993,3.0,10.0,0,11,4,0,5,28,3,2,11,0
12000164,1.0,0.05,0.75,-1.7106093750000004,-1.6500000000000004,0.060609375000000014,-13,60.609375,7.046875,0.234375,0.03125,0.0,0.5625000000000004,0.5632812499999996,0.9980739042140602,0.08938516188715034,0.9980739042140602,0.08938516188715034,-0.75,-0.8999999999999999,6.0,11.0,0,6,0,0,1,24,2,1,30,0
12000165,1.0,0.05,0.5,2.1467499999999995,2.1499999999999995,0.003250000000000002,-3,3.25,1.40625,0.140625,0.09375,0.0,0.5531250000000003,0.5234374999999999,0.29471235451037187,0.05001214286653971,0.29471235451037187,0.05001214286653971,-0.5499999999999998,2.7,3.0,12.0,0,3,4,1,3,36,1,5,11,0
12000166,1.0,0.3,0.5,1.2839687499999972,1.2999999999999972,0.016031250000000007,-9,16.03125,3.125,0.234375,0.09375,0.0,0.5781250000000006,0.5609374999999996,0.994896466680754,0.187616937258885,0.994896466680754,0.187616937258885,-1.9000000000000001,3.1999999999999997,11.0,10.0,0,4,0,0,2,28,0,1,29,0
12000167,1.0,0.05,0.5,4.898593750000001,4.9,0.0014062500000000008,-3,1.40625,0.96875,0.21875,0.171875,0.03125,0.541935483870968,0.521774193548387,0.9684198621989657,0.22530971143552367,0.9684198621989657,0.22530971143552367,-0.44999999999999996,5.349999999999998,3.0,22.0,1,5,1,1,6,32,1,1,14,2
12000168,0.0,0.05,0.25,-1.2875156249999997,-1.2499999999999998,0.037515625000000004,9,37.515625,5.703125,0.03125,0.171875,0.03125,0.5193548387096774,0.4588709677419357,0.111235028964481,0.05010513634519994,0.111235028964481,0.05010513634519994,-0.4,-0.8499999999999999,2.0,11.0,1,14,5,0,6,33,1,1,1,2
12000169,1.0,0.05,0.5,1.3459062500000014,1.3500000000000014,0.004093750000000003,-3,4.09375,1.75,0.15625,0.109375,0.015625,0.5396825396825399,0.5047619047619047,0.43535556471001663,0.05004723814557616,0.43535556471001663,0.05004723814557616,-0.3999999999999999,1.75,2.0,15.0,0,6,7,1,3,31,2,4,9,1
12000170,0.0,0.3,0.5,-4.356687500000001,-4.150000000000001,0.20668750000000005,25,206.6875,12.15625,0.015625,0.40625,0.0,0.5468750000000003,0.4765625000000001,5.3840614981398156e-08,0.29996297723540344,5.3840614981398156e-08,0.29996297723540344,-4.1000000000000005,-0.04999999999999982,22.0,5.0,0,11,1,0,3,47,1,1,0,0
12000171,1.0,0.3,0.25,4.941984375000001,4.950000000000001,0.008015625000000004,-5,8.015625,2.296875,0.28125,0.203125,0.015625,0.5492063492063495,0.5261904761904763,0.9942005968270401,0.2962980013596208,0.9942005968270401,0.2962980013596208,-4.1000000000000005,9.049999999999999,17.0,14.0,0,8,0,0,5,31,1,1,17,1
12000172,1.0,0.3,0.5,2.980906249999997,3.049999999999997,0.06909375000000001,-12,69.09375,7.53125,0.3125,0.125,0.015625,0.5714285714285718,0.5857142857142852,0.9999999981344033,0.2999966572165146,0.9999999981344033,0.2999966572165146,-2.1000000000000005,5.1499999999999995,17.0,11.0,0,1,0,0,3,22,1,3,33,1
12000173,0.0,0.3,0.5,-0.9286093749999994,-0.7499999999999993,0.17860937500000007,19,178.609375,11.984375,0.09375,0.390625,0.015625,0.5365079365079367,0.45238095238095255,2.1681281150966965e-07,0.29998825894127046,2.1681281150966965e-07,0.29998825894127046,-3.5,2.75,19.0,12.0,0,15,5,0,5,38,0,0,0,1
12000174,0.0,0.3,0.75,0.9461093750000003,1.0500000000000003,0.10389062499999999,17,103.890625,9.234375,0.109375,0.375,0.0,0.5343750000000004,0.4671875000000002,2.0321193834185945e-08,0.2999982299206267,2.0321193834185945e-08,0.2999982299206267,-3.9499999999999997,5.0,23.0,8.0,0,8,9,0,8,36,2,1,0,0
12000175,1.0,0.3,0.5,0.273296874999995,0.399999999999995,0.12670312500000003,-20,126.703125,9.921875,0.375,0.0625,0.0,0.5968750000000007,0.6031249999999995,0.9999999999996436,0.2999999298241094,0.9999999999996436,0.2999999298241094,-1.8500000000000003,2.25,20.0,8.0,0,0,0,0,0,20,0,1,43,0
12000176,1.0,0.05,0.75,-0.985453125000001,-0.9500000000000011,0.03545312500000001,-10,35.453125,5.359375,0.203125,0.046875,0.0,0.5687500000000003,0.5632812499999997,0.9779133413131259,0.05161152662051033,0.9779133413131259,0.05161152662051033,-0.8999999999999999,-0.050000000000000044,4.0,12.0,0,4,0,0,2,27,1,2,28,0
12000177,1.0,0.05,0.25,3.698859375,3.7,0.0011406250000000006,1,1.140625,0.828125,0.109375,0.125,0.015625,0.5301587301587306,0.5023809523809525,0.7203011985472749,0.05002117868352644,0.7203011985472749,0.05002117868352644,-0.9500000000000002,4.65,3.0,12.0,2,6,4,3,4,31,1,0,12,1
12000178,1.0,0.3,0.5,0.16990624999999998,0.25,0.08009375,-15,80.09375,7.65625,0.296875,0.0625,0.015625,0.5873015873015879,0.59047619047619,0.9999999427800806,0.2997777564045954,0.9999999427800806,0.2997777564045954,-1.7000000000000004,1.9499999999999997,15.0,8.0,0,0,1,0,3,20,0,1,38,1
12000179,0.0,0.3,0.75,1.459125,1.5,0.04087500000000001,11,40.875,5.34375,0.125,0.296875,0.046875,0.5344262295081967,0.4827868852459017,0.01387256863281163,0.2906742807974805,0.01387256863281163,0.2906742807974805,-2.9499999999999997,4.449999999999999,13.0,14.0,1,6,4,0,8,38,1,2,1,3
12000180,0.0,0.05,0.25,-1.8612500000000003,-1.7500000000000002,0.11125000000000002,15,111.25,8.625,0.046875,0.28125,0.0,0.5250000000000002,0.4648437500000002,0.015286857199264122,0.17187560997396575,0.015286857199264122,0.17187560997396575,-0.6000000000000001,-1.1499999999999997,3.0,18.0,1,13,4,0,5,38,2,0,1,0
12000181,1.0,0.3,0.5,2.731968750000004,2.8000000000000043,0.06803125000000002,-14,68.03125,7.21875,0.34375,0.125,0.0,0.5937500000000007,0.5890624999999996,0.999999999878057,0.29999958552657147,0.999999999878057,0.29999958552657147,-2.3999999999999995,5.199999999999999,19.0,11.0,0,0,0,0,2,24,0,0,38,0
12000182,0.0,0.3,0.25,-1.9447812499999997,-1.7499999999999996,0.19478125000000004,24,194.78125,11.78125,0.09375,0.46875,0.0,0.5656250000000005,0.4789062500000001,4.123981356358443e-10,0.29999990750673844,4.123981356358443e-10,0.29999990750673844,-4.850000000000001,3.1000000000000005,24.0,12.0,1,7,4,0,2,47,0,0,3,0
12000183,1.0,0.05,0.5,3.196250000000001,3.200000000000001,0.003750000000000002,-5,3.75,1.375,0.203125,0.125,0.015625,0.5650793650793655,0.5285714285714282,0.8845264778136869,0.09695149053062535,0.8845264778136869,0.09695149053062535,-0.8500000000000001,4.050000000000001,4.0,17.0,1,4,1,0,3,36,0,2,16,1
12000184,0.0,0.3,0.25,-4.987750000000002,-4.750000000000002,0.23775,25,237.75,13.65625,0.015625,0.40625,0.0,0.5437500000000002,0.46953125000000023,2.908330277114986e-07,0.2998868573944486,2.908330277114986e-07,0.2998868573944486,-3.0500000000000003,-1.6999999999999997,16.0,11.0,1,11,2,0,3,46,1,0,0,0
12000185,1.0,0.05,0.75,2.249078124999999,2.249999999999999,0.0009218750000000004,-1,0.921875,0.609375,0.125,0.109375,0.046875,0.5311475409836066,0.5196721311475409,0.2558621900998673,0.05002485024988738,0.2558621900998673,0.05002485024988738,-1.1,3.3500000000000005,4.0,11.0,0,4,5,1,7,27,2,4,11,3
12000186,0.0,0.05,0.5,1.8899843750000005,1.9000000000000006,0.010015625000000005,4,10.015625,2.890625,0.109375,0.171875,0.046875,0.5311475409836066,0.4852459016393442,0.28944332976466686,0.05194540408677342,0.28944332976466686,0.05194540408677342,-0.35,2.2499999999999996,2.0,16.0,0,10,4,0,7,32,0,4,4,3
12000187,1.0,0.3,0.75,0.6013281249999964,0.7499999999999964,0.14867187499999995,-17,148.671875,11.296875,0.359375,0.09375,0.015625,0.5841269841269847,0.5976190476190472,0.9999999998547002,0.29999888537609815,0.9999999998547002,0.29999888537609815,-2.3000000000000003,3.05,18.0,11.0,0,0,1,0,2,18,1,1,40,1
12000188,0.0,0.3,0.75,-0.3213750000000001,-0.20000000000000018,0.12137499999999993,14,121.375,10.0,0.125,0.34375,0.03125,0.529032258064516,0.48306451612903234,6.008340798416803e-05,0.29971875062584585,6.008340798416803e-05,0.29971875062584585,-5.1,4.9,21.0,9.0,1,6,4,1,9,37,1,1,2,2
12000189,0.0,0.3,0.75,1.5796718749999998,1.65,0.07032812500000002,11,70.328125,7.171875,0.171875,0.34375,0.015625,0.5111111111111114,0.4642857142857145,3.748864410675571e-06,0.2999642553306084,3.748864410675571e-06,0.2999642553306084,-4.8500000000000005,6.499999999999999,20.0,13.0,0,14,7,2,6,28,2,0,4,1
12000190,1.0,0.05,0.5,-0.010062500000000007,0.0,0.010062500000000007,-5,10.0625,2.84375,0.125,0.046875,0.0625,0.5600000000000003,0.5075000000000002,0.7809833316437222,0.05002109083565478,0.7809833316437222,0.05002109083565478,-0.6000000000000001,0.6,3.0,8.0,1,3,7,1,4,30,0,1,13,4
12000191,0.0,0.3,0.5,-1.0130312500000003,-0.8500000000000003,0.16303125000000004,19,163.03125,10.96875,0.09375,0.390625,0.0,0.5468750000000003,0.4695312500000002,5.205673954697134e-06,0.2999366446881555,5.205673954697134e-06,0.2999366446881555,-4.6000000000000005,3.75,22.0,9.0,2,9,2,0,4,47,0,0,0,0
12000192,1.0,0.3,0.75,-0.4005000000000071,-0.2500000000000071,0.1505,-18,150.5,11.03125,0.328125,0.046875,0.046875,0.59016393442623,0.5909836065573766,0.9999999997988671,0.29999493353800255,0.9999999997988671,0.29999493353800255,-1.5500000000000003,1.3,16.0,8.0,0,1,0,0,2,20,0,0,38,3
12000193,0.0,0.3,0.75,0.31392187500000035,0.45000000000000034,0.136078125,19,136.078125,10.734375,0.109375,0.40625,0.015625,0.5714285714285717,0.4714285714285716,4.5510667792151055e-09,0.29999956884499834,4.5510667792151055e-09,0.29999956884499834,-4.500000000000001,4.95,25.0,8.0,0,5,7,0,4,47,0,0,0,1
12000194,0.0,0.05,0.75,5.695546875000001,5.700000000000001,0.004453125000000002,-4,4.453125,1.515625,0.140625,0.078125,0.0625,0.5633333333333337,0.5499999999999997,0.6420613531941843,0.0500954168786402,0.6420613531941843,0.0500954168786402,-0.55,6.250000000000001,2.0,12.0,0,1,0,0,6,32,2,0,19,4
12000195,0.0,0.3,0.75,3.213359375,3.25,0.036640624999999996,5,36.640625,5.578125,0.140625,0.21875,0.0625,0.5433333333333334,0.47000000000000003,0.055010893872552175,0.21358530042105373,0.055010893872552175,0.21358530042105373,-2.3499999999999996,5.6000000000000005,12.0,11.0,0,10,7,0,4,34,0,3,2,4
12000196,0.0,0.05,0.75,7.777890624999998,7.799999999999998,0.022109375,-7,22.109375,4.328125,0.1875,0.078125,0.015625,0.5650793650793653,0.5404761904761903,0.48272465873220777,0.05014346495087343,0.48272465873220777,0.05014346495087343,-0.95,8.75,4.0,13.0,0,5,3,0,3,27,0,3,22,1
12000197,1.0,0.3,0.75,-0.4416562500000035,-0.25000000000000355,0.19165624999999997,-23,191.65625,12.1875,0.421875,0.0625,0.0,0.6000000000000006,0.6078124999999994,0.9999999999999997,0.29999999892217244,0.9999999999999997,0.29999999892217244,-2.6000000000000005,2.3499999999999996,25.0,6.0,0,0,0,0,0,18,0,0,46,0
12000198,0.0,0.3,0.75,1.8864687500000001,1.9500000000000002,0.06353125000000003,11,63.53125,6.375,0.140625,0.3125,0.015625,0.5396825396825398,0.4809523809523812,0.000538131893993946,0.29918998436650035,0.000538131893993946,0.29918998436650035,-3.8,5.749999999999999,18.0,11.0,1,13,2,0,4,35,0,0,8,1
12000199,1.0,0.3,0.25,3.0642499999999995,3.0999999999999996,0.03575000000000001,-8,35.75,5.5,0.265625,0.140625,0.046875,0.5770491803278692,0.5590163934426228,0.998022994810724,0.2946799262971226,0.998022994810724,0.2946799262971226,-3.1499999999999995,6.25,16.0,10.0,1,0,0,0,4,31,0,1,24,3
12000200,0.0,0.3,0.75,4.0132812499999995,4.05,0.036718750000000015,10,36.71875,5.5625,0.1875,0.34375,0.046875,0.5606557377049182,0.4704918032786887,1.9104720209383214e-06,0.29999553012053326,1.9104720209383214e-06,0.29999553012053326,-4.250000000000001,8.299999999999999,21.0,13.0,0,8,6,0,4,41,0,0,2,3
12000201,0.0,0.3,0.75,3.8254531250000006,3.8500000000000005,0.024546875000000003,6,24.546875,4.078125,0.171875,0.265625,0.0,0.5500000000000003,0.4695312500000002,0.0025658885118283073,0.29432198534594767,0.0025658885118283073,0.29432198534594767,-3.25,7.1000000000000005,16.0,12.0,1,9,5,0,5,42,0,0,2,0
12000202,1.0,0.05,0.75,0.7736718749999989,0.7999999999999989,0.026328124999999997,-7,26.328125,4.640625,0.1875,0.078125,0.0,0.5593750000000004,0.5421874999999998,0.670401052746159,0.050310041423674526,0.670401052746159,0.050310041423674526,-0.9999999999999998,1.8,5.0,12.0,0,3,5,0,4,26,1,4,21,0
12000203,0.0,0.3,0.25,-2.6755468749999998,-2.55,0.12554687499999997,17,125.546875,9.765625,0.03125,0.296875,0.015625,0.5428571428571431,0.4666666666666669,0.0013622315474001816,0.24303028940063426,0.0013622315474001816,0.24303028940063426,-2.8499999999999996,0.3000000000000001,15.0,6.0,0,12,4,1,3,41,0,1,1,1
12000204,0.0,0.3,0.25,-5.5369687500000015,-5.200000000000002,0.33696875,32,336.96875,15.84375,0.03125,0.53125,0.0,0.5562500000000002,0.4765625000000001,8.300534999313311e-12,0.2999999829438907,8.300534999313311e-12,0.2999999829438907,-5.900000000000002,0.7000000000000002,30.0,6.0,0,8,2,0,6,48,0,0,0,0
12000205,0.0,0.05,0.5,5.448874999999998,5.449999999999998,0.0011250000000000006,-1,1.125,0.71875,0.1875,0.171875,0.03125,0.5419354838709679,0.5048387096774195,0.4097463363722017,0.05658801545172637,0.4097463363722017,0.05658801545172637,-0.55,6.0,3.0,20.0,2,8,0,0,3,37,1,1,10,2
12000206,1.0,0.05,0.25,4.8967656250000005,4.9,0.0032343750000000016,2,3.234375,1.421875,0.140625,0.171875,0.03125,0.5161290322580644,0.4733870967741938,0.3758149285624472,0.05138742012195827,0.3758149285624472,0.05138742012195827,-0.7999999999999998,5.699999999999999,4.0,16.0,1,11,4,1,9,31,1,0,4,2
12000207,1.0,0.3,0.25,2.6197499999999994,2.6999999999999993,0.08024999999999999,-14,80.25,6.9375,0.328125,0.109375,0.0,0.5812500000000006,0.5585937499999996,0.9999999999196477,0.29999957748281253,0.9999999999196477,0.29999957748281253,-2.45,5.1499999999999995,21.0,7.0,0,2,0,0,4,31,0,0,27,0
12000208,1.0,0.05,0.25,5.046921875000001,5.050000000000001,0.003078125000000002,4,3.078125,1.421875,0.0625,0.125,0.03125,0.5225806451612903,0.5169354838709675,0.28471231002593406,0.05003813563484753,0.28471231002593406,0.05003813563484753,-0.3999999999999999,5.449999999999999,2.0,10.0,0,5,1,2,3,38,3,6,4,2
12000209,1.0,0.3,0.5,1.2108749999999964,1.2499999999999964,0.03912500000000001,-15,39.125,4.53125,0.328125,0.09375,0.0,0.5937500000000007,0.5749999999999995,0.9999999715078589,0.2999745126308838,0.9999999715078589,0.2999745126308838,-2.499999999999999,3.75,18.0,9.0,0,0,0,0,2,30,0,0,32,0
12000210,0.0,0.05,0.25,1.34209375,1.35,0.007906250000000005,4,7.90625,2.28125,0.078125,0.140625,0.0625,0.5333333333333333,0.48000000000000026,0.36810003149952364,0.05011014421715112,0.36810003149952364,0.05011014421715112,-0.4,1.75,2.0,12.0,0,11,3,0,5,35,2,0,4,4
12000211,0.0,0.05,0.5,2.2401250000000004,2.2500000000000004,0.009875000000000007,3,9.875,2.875,0.09375,0.140625,0.03125,0.5161290322580646,0.47338709677419366,0.3691248734624413,0.0501204854993233,0.3691248734624413,0.0501204854993233,-0.4,2.6500000000000004,2.0,13.0,1,10,6,0,10,29,2,0,4,2
12000212,0.0,0.3,0.5,-2.6240468749999994,-2.4499999999999993,0.17404687500000005,22,174.046875,11.515625,0.046875,0.390625,0.015625,0.5523809523809525,0.48095238095238113,1.541686784932995e-07,0.29996473905772514,1.541686784932995e-07,0.29996473905772514,-4.550000000000002,2.1,24.0,4.0,1,6,2,1,5,47,0,0,1,1
12000213,0.0,0.3,0.5,0.8043281249999997,0.8499999999999998,0.045671875000000015,13,45.671875,5.140625,0.109375,0.3125,0.046875,0.5606557377049182,0.48032786885245926,0.0002571533232358645,0.298917972522102,0.0002571533232358645,0.298917972522102,-2.8499999999999996,3.6999999999999993,14.0,13.0,0,6,7,1,4,38,0,0,5,3
12000214,0.0,0.3,0.75,0.7485468750000005,0.8000000000000005,0.05145312500000003,15,51.453125,5.953125,0.109375,0.34375,0.046875,0.537704918032787,0.4557377049180331,7.573091541654567e-06,0.2999241366537007,7.573091541654567e-06,0.2999241366537007,-4.15,4.95,21.0,8.0,0,16,3,0,1,40,1,0,0,3
12000215,1.0,0.05,0.75,-0.08170312499999983,-0.04999999999999982,0.03170312500000001,-8,31.703125,5.171875,0.1875,0.0625,0.015625,0.5682539682539688,0.5666666666666662,0.8478434137571903,0.05030203542294,0.8478434137571903,0.05030203542294,-0.44999999999999996,0.4,3.0,13.0,0,2,0,1,2,28,1,2,27,1
12000216,0.0,0.3,0.5,-2.818265624999999,-2.6999999999999993,0.11826562500000003,19,118.265625,9.828125,0.0625,0.359375,0.0,0.5156250000000001,0.4648437500000002,1.563522502476523e-05,0.29900660595021916,1.563522502476523e-05,0.29900660595021916,-4.6499999999999995,1.9500000000000002,22.0,5.0,2,13,1,1,8,38,0,0,1,0
12000217,1.0,0.05,0.25,3.94675,3.95,0.003250000000000002,1,3.25,1.5625,0.09375,0.109375,0.03125,0.5225806451612903,0.4637096774193551,0.3193401949236897,0.05002102246442004,0.3193401949236897,0.05002102246442004,-1.15,5.1,4.0,9.0,1,15,4,1,2,34,1,1,3,2
12000218,1.0,0.3,0.25,2.0854218749999984,2.1499999999999986,0.06457812500000001,-14,64.578125,6.640625,0.328125,0.109375,0.0,0.5937500000000007,0.5843749999999994,0.9999999854990911,0.29998850770707575,0.9999999854990911,0.29998850770707575,-2.7499999999999996,4.8999999999999995,19.0,9.0,0,0,1,0,1,25,0,1,36,0
12000219,0.0,0.05,0.75,3.8973437499999997,3.8999999999999995,0.002656250000000002,-3,2.65625,1.40625,0.140625,0.09375,0.078125,0.5423728813559321,0.4847457627118646,0.29308147209349766,0.050025802731853246,0.29308147209349766,0.050025802731853246,-0.5,4.3999999999999995,2.0,13.0,0,11,4,0,4,31,1,0,8,5
12000220,0.0,0.3,0.25,-2.700093749999999,-2.549999999999999,0.15009375000000003,21,150.09375,10.0625,0.078125,0.40625,0.0,0.5281250000000001,0.4695312500000002,1.1117410960123666e-06,0.2999373380998493,1.1117410960123666e-06,0.2999373380998493,-3.5500000000000003,1.0000000000000004,17.0,14.0,0,13,0,2,6,43,0,0,0,0
12000221,0.0,0.3,0.25,-0.7940624999999996,-0.6999999999999995,0.09406250000000001,17,94.0625,8.1875,0.078125,0.34375,0.015625,0.5460317460317462,0.4547619047619049,8.86873748105992e-05,0.29883202971526795,8.86873748105992e-05,0.29883202971526795,-3.25,2.5500000000000003,16.0,11.0,0,12,7,0,5,39,0,0,0,1
12000222,0.0,0.05,0.75,6.694187499999999,6.699999999999999,0.005812500000000003,-4,5.8125,2.1875,0.203125,0.140625,0.015625,0.542857142857143,0.5333333333333332,0.30075641299933314,0.05144174218887121,0.30075641299933314,0.05144174218887121,-0.6499999999999999,7.35,3.0,19.0,1,3,1,0,7,32,2,2,15,1
12000223,0.0,0.3,0.5,-0.38048437499999915,-0.24999999999999917,0.13048437499999999,21,130.484375,10.421875,0.109375,0.4375,0.015625,0.5365079365079365,0.4595238095238098,5.1189649867641e-10,0.29999992638889866,5.1189649867641e-10,0.29999992638889866,-4.4,4.15,25.0,10.0,0,15,2,0,5,41,0,0,0,1
12000224,1.0,0.05,0.25,6.73128125,6.75,0.01871875,5,18.71875,4.0,0.09375,0.171875,0.078125,0.535593220338983,0.46694915254237296,0.41168890007237474,0.05122960288452588,0.41168890007237474,0.05122960288452588,-0.6500000000000001,7.4,2.0,15.0,0,11,6,0,6,32,0,2,2,5
12000225,1.0,0.05,0.75,-1.941609375000002,-1.9000000000000021,0.04160937500000002,-12,41.609375,5.859375,0.21875,0.03125,0.046875,0.5672131147540987,0.563934426229508,0.988417517301845,0.05798942372463817,0.988417517301845,0.05798942372463817,-0.95,-0.9500000000000001,6.0,10.0,0,2,1,1,2,26,1,2,26,3
12000226,0.0,0.3,0.75,3.4412656249999998,3.4499999999999997,0.008734375000000004,7,8.734375,2.546875,0.171875,0.28125,0.015625,0.5619047619047624,0.5023809523809523,0.012725998380080077,0.2934065875755144,0.012725998380080077,0.2934065875755144,-3.6000000000000005,7.05,16.0,13.0,0,5,5,1,2,39,1,1,9,1
12000227,1.0,0.3,0.5,1.1262812499999937,1.2999999999999936,0.17371875000000003,-22,173.71875,11.65625,0.4375,0.09375,0.0,0.6000000000000008,0.6007812499999995,1.0,0.2999999999669941,1.0,0.2999999999669941,-2.5500000000000007,3.8499999999999996,27.0,7.0,0,0,0,0,0,21,0,0,43,0
12000228,0.0,0.05,0.5,3.4483281249999993,3.4499999999999993,0.001671875000000001,1,1.671875,1.046875,0.125,0.140625,0.015625,0.5301587301587304,0.5047619047619049,0.12268746601664579,0.050508544217630354,0.12268746601664579,0.050508544217630354,-0.75,4.199999999999999,3.0,14.0,1,7,4,3,1,33,2,2,10,1
12000229,0.0,0.05,0.75,6.092078125,6.1,0.007921875000000005,-5,7.921875,2.515625,0.171875,0.09375,0.015625,0.5492063492063495,0.5333333333333332,0.5147683446171164,0.050095598312490205,0.5147683446171164,0.050095598312490205,-0.35000000000000003,6.449999999999999,1.0,16.0,1,4,3,0,7,26,1,1,20,1
12000230,1.0,0.05,0.5,2.6986406249999995,2.6999999999999993,0.0013593750000000008,-2,1.359375,1.015625,0.140625,0.109375,0.046875,0.5442622950819672,0.49016393442622974,0.4971516908941132,0.05011648108481956,0.4971516908941132,0.05011648108481956,-0.8499999999999999,3.5499999999999994,3.0,13.0,1,7,7,0,3,32,2,1,8,3
12000231,0.0,0.3,0.25,-4.8713750000000005,-4.6000000000000005,0.27137500000000003,25,271.375,14.75,0.015625,0.40625,0.0,0.5281250000000003,0.45546875000000026,1.917094087588328e-07,0.2999093047411812,1.917094087588328e-07,0.2999093047411812,-4.15,-0.44999999999999996,20.0,7.0,1,14,5,1,3,39,1,0,0,0
12000232,0.0,0.05,0.75,4.79496875,4.8,0.005031250000000004,-4,5.03125,1.78125,0.125,0.0625,0.0625,0.576666666666667,0.5374999999999998,0.703714809853991,0.05002014661484087,0.703714809853991,0.05002014661484087,-0.2,5.0,1.0,11.0,0,3,4,0,3,28,0,1,21,4
12000233,0.0,0.3,0.5,0.23890625000000026,0.30000000000000027,0.06109375,11,61.09375,6.59375,0.09375,0.265625,0.0,0.5406250000000002,0.4648437500000002,0.017654937837618623,0.21703220593290384,0.017654937837618623,0.21703220593290384,-3.0000000000000004,3.3,14.0,9.0,0,11,6,0,6,39,0,2,0,0
12000234,0.0,0.3,0.25,-4.22409375,-4.0,0.2240937500000001,23,224.09375,13.53125,0.03125,0.390625,0.0,0.534375,0.46484375000000017,7.595888856244859e-07,0.2997921213807077,7.595888856244859e-07,0.2997921213807077,-2.8000000000000003,-1.1999999999999995,15.0,12.0,1,13,3,0,4,41,0,2,0,0
12000235,1.0,0.3,0.5,-1.297421875000008,-1.0500000000000078,0.247421875,-26,247.421875,13.234375,0.46875,0.0625,0.0,0.5906250000000006,0.5960937499999995,0.9999999999999999,0.2999999999348824,0.9999999999999999,0.2999999999348824,-3.049999999999999,1.9999999999999996,26.0,8.0,0,0,0,0,3,20,0,0,41,0
12000236,0.0,0.3,0.5,-2.1907968749999993,-1.8999999999999995,0.2907968749999999,28,290.796875,14.203125,0.109375,0.546875,0.015625,0.5555555555555558,0.480952380952381,1.5315522685611095e-11,0.2999999987377033,1.5315522685611095e-11,0.2999999987377033,-5.400000000000001,3.4999999999999996,26.0,16.0,0,8,0,0,6,49,0,0,0,1
12000237,0.0,0.05,0.25,-0.5713437499999997,-0.5499999999999997,0.02134375000000001,9,21.34375,4.0625,0.0625,0.203125,0.0625,0.5200000000000001,0.46250000000000013,0.08874227896008928,0.05436838237380429,0.08874227896008928,0.05436838237380429,-0.95,0.4,5.0,12.0,0,15,3,1,5,33,1,0,2,4
12000238,1.0,0.3,0.5,-0.09254687499999928,0.05000000000000071,0.142546875,-18,142.546875,10.609375,0.359375,0.078125,0.0,0.5906250000000006,0.5914062499999996,0.9999999989213094,0.29999442162501805,0.9999999989213094,0.29999442162501805,-2.6499999999999995,2.7,18.0,10.0,0,2,0,0,1,20,0,0,41,0
12000239,0.0,0.05,0.5,3.999203125,4.0,0.0007968750000000003,1,0.796875,0.640625,0.171875,0.1875,0.0,0.5281250000000001,0.4859375000000001,0.36683069530969487,0.05380886715204768,0.36683069530969487,0.05380886715204768,-0.5,4.499999999999999,2.0,21.0,0,13,5,0,4,30,2,2,8,0
12000240,1.0,0.3,0.25,4.013859375000003,4.0500000000000025,0.03614062500000001,-7,36.140625,5.390625,0.265625,0.15625,0.0,0.5906250000000006,0.5656249999999997,0.9999684139074105,0.2989654921473548,0.9999684139074105,0.2989654921473548,-2.3499999999999996,6.3999999999999995,15.0,12.0,0,0,1,0,3,31,0,0,29,0
12000241,0.0,0.3,0.75,0.9683281249999998,1.0499999999999998,0.08167187500000005,9,81.671875,8.609375,0.109375,0.25,0.0,0.5031249999999998,0.4578125000000003,0.11797082983609561,0.12266037773795717,0.11797082983609561,0.12266037773795717,-3.5,4.55,16.0,7.0,2,18,0,0,7,35,1,0,1,0
12000242,1.0,0.05,0.75,0.002406250000002469,0.05000000000000249,0.04759375000000002,-9,47.59375,6.375,0.1875,0.046875,0.015625,0.5650793650793654,0.5571428571428569,0.9847989785839152,0.05384341303151719,0.9847989785839152,0.05384341303151719,-0.7000000000000002,0.75,4.0,11.0,0,3,3,0,7,20,0,1,29,1
12000243,1.0,0.05,0.75,0.09154687500000053,0.10000000000000053,0.008453125000000006,-6,8.453125,2.328125,0.125,0.03125,0.015625,0.5714285714285717,0.5404761904761903,0.8969569805919523,0.05001694416133914,0.8969569805919523,0.05001694416133914,-0.10000000000000009,0.2000000000000004,2.0,8.0,0,4,2,0,2,32,0,3,20,1
12000244,1.0,0.05,0.75,1.433750000000001,1.450000000000001,0.01625000000000001,-7,16.25,3.4375,0.203125,0.09375,0.015625,0.558730158730159,0.5404761904761903,0.9184098838111541,0.06604611179734107,0.9184098838111541,0.06604611179734107,-0.6499999999999999,2.0999999999999996,4.0,15.0,1,2,4,1,5,26,1,0,23,1
12000245,1.0,0.3,0.5,3.8411874999999993,3.9499999999999993,0.10881249999999994,-15,108.8125,9.6875,0.40625,0.171875,0.0,0.5968750000000006,0.5890624999999996,0.9999999999999746,0.2999999996734399,0.9999999999999746,0.2999999996734399,-2.55,6.5,22.0,15.0,0,0,0,0,1,25,0,0,38,0
12000246,0.0,0.3,0.25,-2.5472968749999993,-2.3999999999999995,0.14729687500000002,21,147.296875,10.703125,0.0625,0.390625,0.015625,0.5333333333333332,0.4595238095238098,1.8380298329147056e-07,0.29996120638420437,1.8380298329147056e-07,0.29996120638420437,-3.6999999999999997,1.3000000000000003,20.0,9.0,0,15,2,0,6,40,0,0,0,1
12000247,0.0,0.3,0.25,-4.582218750000002,-4.350000000000001,0.23221875000000008,26,232.21875,13.6875,0.046875,0.453125,0.0,0.5375000000000002,0.4812500000000001,2.8237089342570367e-08,0.2999926154589582,2.8237089342570367e-08,0.2999926154589582,-5.700000000000001,1.35,25.0,7.0,0,9,1,1,6,45,1,1,0,0
12000248,0.0,0.05,0.75,4.248499999999999,4.249999999999999,0.0015000000000000011,-2,1.5,1.0625,0.140625,0.109375,0.0625,0.5266666666666667,0.5125,0.3065660492743539,0.05005882512486911,0.3065660492743539,0.05005882512486911,-1.05,5.3,4.0,12.0,1,6,0,1,6,34,2,2,8,4
12000249,0.0,0.3,0.5,-3.072062499999998,-2.899999999999998,0.17206250000000003,20,172.0625,11.71875,0.046875,0.359375,0.015625,0.5301587301587302,0.4547619047619051,3.035993407222362e-06,0.2993876460853455,3.035993407222362e-06,0.2993876460853455,-4.3,1.4,20.0,6.0,0,11,9,1,7,34,1,0,0,1
12000250,0.0,0.3,0.75,2.760031250000001,2.8000000000000007,0.03996875000000001,7,39.96875,5.6875,0.140625,0.25,0.03125,0.5258064516129031,0.46854838709677443,0.021617360396402517,0.2697146382527486,0.021617360396402517,0.2697146382527486,-2.849999999999999,5.6499999999999995,14.0,11.0,1,12,5,0,6,33,0,3,2,2
12000251,1.0,0.3,0.25,4.657140625000005,4.700000000000005,0.042859375,-7,42.859375,6.171875,0.296875,0.1875,0.015625,0.5650793650793655,0.5619047619047617,0.9999866690308619,0.2999111664829992,0.9999866690308619,0.2999111664829992,-3.349999999999999,8.05,18.0,13.0,0,2,2,1,2,26,1,3,26,1
12000252,1.0,0.05,0.5,3.7461093749999996,3.7499999999999996,0.0038906250000000017,0,3.890625,1.671875,0.140625,0.140625,0.03125,0.5483870967741937,0.5217741935483872,0.5310606166715248,0.05022310703615134,0.5310606166715248,0.05022310703615134,-0.25,3.9999999999999987,2.0,16.0,1,3,2,1,7,33,0,2,13,2
12000253,1.0,0.05,0.25,6.54315625,6.55,0.006843750000000004,6,6.84375,1.9375,0.09375,0.1875,0.03125,0.5258064516129032,0.49032258064516143,0.49547982782012373,0.05030947360248435,0.49547982782012373,0.05030947360248435,-0.8999999999999999,7.45,2.0,16.0,2,7,5,1,9,28,0,1,9,2
12000254,1.0,0.05,0.75,0.7858281250000015,0.8000000000000016,0.014171875000000009,-6,14.171875,2.828125,0.171875,0.078125,0.015625,0.5841269841269846,0.5619047619047615,0.745623015974353,0.050151858391577916,0.745623015974353,0.050151858391577916,-0.8500000000000001,1.65,3.0,13.0,0,1,1,0,3,30,0,1,27,1
12000255,1.0,0.3,0.75,-3.1640468750000035,-3.0000000000000036,0.164046875,-24,164.046875,10.765625,0.375,0.0,0.0,0.5906250000000006,0.5984374999999994,0.9999999999996071,0.29999965349981417,0.9999999999996071,0.29999965349981417,-1.9000000000000004,-1.0999999999999999,20.0,4.0,0,1,0,0,0,20,1,0,42,0
12000256,1.0,0.05,0.25,6.1351562500000005,6.15,0.014843750000000011,7,14.84375,3.1875,0.0625,0.171875,0.0,0.509375,0.47656250000000017,0.39886658976921785,0.05001621886546663,0.39886658976921785,0.05001621886546663,-0.3999999999999999,6.55,2.0,13.0,1,10,5,3,6,33,2,1,3,0
12000257,1.0,0.05,0.25,5.095296875000001,5.1000000000000005,0.004703125000000003,4,4.703125,1.765625,0.078125,0.140625,0.03125,0.532258064516129,0.4830645161290325,0.6501465437270074,0.05000834422474066,0.6501465437270074,0.05000834422474066,-0.19999999999999996,5.300000000000001,1.0,13.0,1,12,5,0,3,30,1,2,8,2
12000258,1.0,0.3,0.75,-1.628781250000003,-1.4500000000000028,0.17878125000000003,-24,178.78125,11.15625,0.421875,0.046875,0.0,0.5843750000000006,0.5890624999999996,0.9999999999999867,0.299999992221706,0.9999999999999867,0.299999992221706,-2.55,1.1,22.0,8.0,0,1,0,0,1,23,1,1,37,0
12000259,0.0,0.3,0.75,3.751624999999999,3.799999999999999,0.04837500000000001,11,48.375,5.5,0.203125,0.375,0.0,0.5437500000000002,0.4812500000000002,1.0115160524322762e-06,0.29999857753530396,1.0115160524322762e-06,0.29999857753530396,-4.750000000000001,8.549999999999999,22.0,15.0,0,12,0,0,6,42,0,0,4,0
12000260,0.0,0.3,0.5,-3.165906249999999,-2.999999999999999,0.16590625,23,165.90625,11.34375,0.046875,0.40625,0.0,0.540625,0.46484375000000033,2.2109952118095183e-07,0.2999700770188501,2.2109952118095183e-07,0.2999700770188501,-3.199999999999999,0.20000000000000034,18.0,11.0,0,13,5,0,3,40,1,1,1,0
12000261,0.0,0.05,0.25,-0.07481249999999982,-0.04999999999999982,0.0248125,7,24.8125,4.09375,0.0625,0.171875,0.046875,0.5114754098360655,0.4631147540983609,0.11748544042840392,0.050575085932310915,0.11748544042840392,0.050575085932310915,-0.5499999999999999,0.5000000000000002,4.0,11.0,1,15,3,1,5,32,1,1,2,3
12000262,0.0,0.05,0.25,-0.326171875,-0.3,0.026171875000000004,9,26.171875,4.296875,0.046875,0.1875,0.015625,0.5396825396825398,0.4571428571428575,0.03209795566127229,0.05237275671620685,0.03209795566127229,0.05237275671620685,-1.0499999999999998,0.75,7.0,8.0,0,15,9,0,0,33,1,2,3,1
12000263,0.0,0.3,0.5,0.6423593750000006,0.7000000000000006,0.05764062500000002,13,57.640625,6.484375,0.125,0.328125,0.015625,0.5460317460317461,0.47142857142857164,0.00024090991142502492,0.29935753025007844,0.00024090991142502492,0.29935753025007844,-4.15,4.85,18.0,11.0,0,11,4,1,3,41,0,1,2,1
12000264,1.0,0.05,0.25,4.49853125,4.5,0.0014687500000000007,2,1.46875,0.90625,0.09375,0.125,0.03125,0.5290322580645161,0.5096774193548388,0.5524860007250573,0.050035023981214635,0.5524860007250573,0.050035023981214635,-0.44999999999999996,4.949999999999999,3.0,11.0,2,6,2,1,3,34,2,3,9,2
12000265,1.0,0.05,0.75,-0.8056249999999989,-0.7999999999999989,0.005625000000000003,-5,5.625,1.65625,0.125,0.046875,0.03125,0.5548387096774196,0.543548387096774,0.6659582392152962,0.05000169492492721,0.6659582392152962,0.05000169492492721,-0.19999999999999996,-0.5999999999999999,1.0,10.0,0,4,0,0,4,32,2,2,18,2
12000266,1.0,0.3,0.25,3.8470781250000003,3.9000000000000004,0.052921875000000014,-12,52.921875,6.296875,0.375,0.1875,0.015625,0.5809523809523817,0.5619047619047615,0.999999998896415,0.2999999090279418,0.999999998896415,0.2999999090279418,-3.3999999999999995,7.300000000000001,20.0,16.0,0,1,2,0,1,30,2,0,27,1
12000267,1.0,0.05,0.25,5.788812500000001,5.800000000000001,0.011187500000000008,2,11.1875,2.84375,0.125,0.15625,0.046875,0.5442622950819673,0.5,0.1983676213817641,0.05357304051965263,0.1983676213817641,0.05357304051965263,-1.05,6.8500000000000005,4.0,14.0,0,4,2,0,10,39,1,1,4,3
12000268,1.0,0.05,0.5,2.8981718750000005,2.9000000000000004,0.0018281250000000012,-2,1.828125,1.046875,0.140625,0.109375,0.0625,0.5433333333333336,0.4975,0.23713230629039792,0.05012085361261105,0.23713230629039792,0.05012085361261105,-1.1500000000000001,4.049999999999999,4.0,12.0,1,7,3,0,8,31,0,0,10,4
12000269,1.0,0.3,0.75,-0.0583906250000015,0.14999999999999858,0.20839062500000008,-24,208.390625,12.671875,0.46875,0.09375,0.0,0.5875000000000006,0.5914062499999996,0.9999999999999998,0.2999999999129935,0.9999999999999998,0.2999999999129935,-2.6500000000000004,2.8,24.0,12.0,0,1,0,0,3,20,0,0,40,0
12000270,0.0,0.05,0.75,4.7976093749999995,4.8,0.0023906250000000017,-3,2.390625,1.203125,0.15625,0.109375,0.03125,0.5064516129032256,0.4975806451612903,0.24111823051533726,0.05005205003598318,0.24111823051533726,0.05005205003598318,-0.55,5.35,3.0,14.0,2,10,1,2,4,31,1,5,6,2
12000271,0.0,0.05,0.25,-1.3792812500000005,-1.3500000000000005,0.029281250000000012,9,29.28125,4.40625,0.046875,0.1875,0.03125,0.5129032258064516,0.4758064516129034,0.09846381123918352,0.0502748330675031,0.09846381123918352,0.0502748330675031,-1.05,-0.30000000000000027,4.0,11.0,0,13,7,0,6,26,3,2,5,2
12000272,0.0,0.3,0.75,0.2696250000000008,0.40000000000000074,0.130375,17,130.375,10.0,0.140625,0.40625,0.03125,0.541935483870968,0.47338709677419366,3.111805493279939e-08,0.29999952238910815,3.111805493279939e-08,0.29999952238910815,-4.950000000000002,5.35,24.0,11.0,0,11,3,0,3,42,1,2,0,2
12000273,0.0,0.3,0.5,-0.8885781249999998,-0.7499999999999998,0.138578125,19,138.578125,10.609375,0.09375,0.390625,0.015625,0.555555555555556,0.47857142857142865,1.736344539453764e-07,0.2999897436414129,1.736344539453764e-07,0.2999897436414129,-3.2500000000000004,2.5,17.0,14.0,0,9,4,0,4,42,0,1,3,1
12000274,1.0,0.05,0.25,2.749078124999999,2.749999999999999,0.0009218750000000004,-1,0.921875,0.640625,0.125,0.109375,0.0625,0.5400000000000003,0.49750000000000016,0.7573269817974498,0.050114196917372254,0.7573269817974498,0.050114196917372254,-0.25,3.0,2.0,13.0,1,7,6,2,3,28,0,2,11,4
12000275,1.0,0.05,0.5,1.0935156249999995,1.0999999999999996,0.006484375000000005,-4,6.484375,2.421875,0.140625,0.078125,0.046875,0.5442622950819672,0.5147540983606558,0.45269923429148023,0.05002392584161482,0.45269923429148023,0.05002392584161482,-0.7500000000000001,1.8500000000000003,2.0,12.0,0,5,2,1,7,33,0,3,10,3
12000276,1.0,0.3,0.75,0.22448437499999432,0.3499999999999943,0.125515625,-18,125.515625,10.359375,0.34375,0.0625,0.0,0.5937500000000006,0.6148437499999994,0.9999999999886633,0.29999886963220507,0.9999999999886633,0.29999886963220507,-1.8500000000000003,2.1999999999999997,19.0,7.0,0,0,0,0,0,15,0,2,47,0
12000277,0.0,0.05,0.5,2.5407812499999998,2.55,0.009218750000000006,1,9.21875,2.6875,0.125,0.140625,0.046875,0.5377049180327871,0.487704918032787,0.18650121262119163,0.05037337911636256,0.18650121262119163,0.05037337911636256,-1.2000000000000002,3.75,5.0,12.0,1,7,3,0,8,36,1,0,5,3
12000278,0.0,0.05,0.25,-0.29875000000000007,-0.25000000000000006,0.04874999999999999,9,48.75,6.25,0.0625,0.203125,0.0,0.5250000000000001,0.45078125000000036,0.07833660563567602,0.05157199633899773,0.07833660563567602,0.05157199633899773,-0.39999999999999997,0.1499999999999999,3.0,14.0,1,10,11,2,7,32,0,1,0,0
12000279,0.0,0.3,0.5,-1.4318124999999997,-1.3499999999999996,0.0818125,17,81.8125,7.46875,0.0625,0.328125,0.0,0.5437500000000002,0.4789062500000001,0.002506736626364757,0.2834922561532962,0.002506736626364757,0.2834922561532962,-3.4000000000000012,2.0500000000000003,16.0,9.0,0,11,1,0,6,43,0,1,2,0
12000280,0.0,0.05,0.5,2.3471718750000004,2.3500000000000005,0.0028281250000000016,2,2.828125,1.359375,0.109375,0.140625,0.0625,0.5233333333333333,0.49500000000000005,0.3428471101066045,0.050234291980470684,0.3428471101066045,0.050234291980470684,-0.6000000000000001,2.95,3.0,13.0,1,7,1,2,8,34,1,0,6,4
12000281,0.0,0.05,0.25,-0.716859375,-0.7,0.01685937500000001,9,16.859375,3.328125,0.03125,0.171875,0.0625,0.5466666666666667,0.4625000000000005,0.08161308346159184,0.05049767915754816,0.08161308346159184,0.05049767915754816,-0.55,-0.1499999999999998,3.0,10.0,0,9,12,2,3,28,0,0,6,4
12000282,0.0,0.05,0.5,0.19174999999999995,0.19999999999999996,0.008250000000000004,4,8.25,2.28125,0.078125,0.140625,0.046875,0.524590163934426,0.4827868852459018,0.44713817383778504,0.05001560596565637,0.44713817383778504,0.05001560596565637,-0.5,0.7,2.0,12.0,1,8,4,1,7,34,1,2,3,3
12000283,0.0,0.05,0.75,8.030453125000001,8.05,0.019546875000000005,-7,19.546875,3.984375,0.1875,0.078125,0.015625,0.5714285714285718,0.5357142857142856,0.7489479280424104,0.05098958831998288,0.7489479280424104,0.05098958831998288,-0.2,8.25,1.0,16.0,0,5,3,0,1,31,1,1,21,1
12000284,1.0,0.3,0.75,1.0544374999999986,1.1499999999999986,0.0955625,-18,95.5625,8.15625,0.390625,0.109375,0.0,0.5906250000000007,0.5890624999999995,0.9999999999662678,0.29999984966472243,0.9999999999662678,0.29999984966472243,-2.1999999999999993,3.349999999999999,18.0,14.0,0,0,0,0,2,24,0,1,37,0
12000285,1.0,0.05,0.5,0.17599999999999927,0.1999999999999993,0.02400000000000001,-9,24.0,4.40625,0.1875,0.046875,0.015625,0.5777777777777783,0.5714285714285711,0.9864122382205031,0.05413795136320737,0.9864122382205031,0.05413795136320737,-0.5,0.7,5.0,10.0,1,1,2,0,1,24,0,3,31,1
12000286,1.0,0.3,0.5,2.040171875000001,2.0500000000000007,0.009828125000000007,-5,9.828125,2.859375,0.171875,0.09375,0.078125,0.5593220338983054,0.5279661016949151,0.7059531206459813,0.05359048107825408,0.7059531206459813,0.05359048107825408,-1.9499999999999997,3.9999999999999996,9.0,8.0,0,4,2,0,5,31,0,3,14,5
12000287,0.0,0.3,0.25,-1.0318124999999994,-0.9499999999999993,0.08181250000000002,16,81.8125,7.34375,0.0625,0.3125,0.015625,0.5301587301587303,0.46428571428571447,0.0010962800081157512,0.2875753472900899,0.0010962800081157512,0.2875753472900899,-3.3499999999999996,2.4,16.0,8.0,0,13,4,0,5,39,2,0,0,1
12000288,0.0,0.05,0.5,1.894015625,1.9,0.0059843750000000044,2,5.984375,2.140625,0.078125,0.109375,0.0625,0.5166666666666666,0.4875000000000001,0.2614421302714531,0.050031058572317454,0.2614421302714531,0.050031058572317454,-0.2,2.1,1.0,11.0,0,9,4,1,10,28,0,4,4,4
12000289,0.0,0.3,0.5,2.1296093749999994,2.1499999999999995,0.020390625000000006,9,20.390625,3.671875,0.140625,0.28125,0.046875,0.5409836065573773,0.4754098360655739,0.0038254807481663843,0.2954629247653055,0.0038254807481663843,0.2954629247653055,-3.45,5.599999999999999,15.0,12.0,0,11,3,0,5,38,1,0,3,3
12000290,1.0,0.05,0.75,-0.2972656250000018,-0.2500000000000018,0.047265625000000026,-12,47.265625,6.234375,0.25,0.0625,0.0,0.5656250000000004,0.5679687499999997,0.9928036891833694,0.13412632355302834,0.9928036891833694,0.13412632355302834,-0.30000000000000004,0.050000000000000266,3.0,17.0,1,2,0,1,3,25,0,2,30,0
12000291,1.0,0.05,0.5,1.3753593749999986,1.3999999999999986,0.024640625000000013,-6,24.640625,4.578125,0.171875,0.078125,0.015625,0.5523809523809526,0.5452380952380951,0.9673860785647296,0.0541059040863052,0.9673860785647296,0.0541059040863052,-0.44999999999999996,1.85,3.0,13.0,0,5,1,0,1,31,3,3,19,1
12000292,1.0,0.3,0.5,1.6888125000000007,1.8000000000000007,0.11118749999999997,-17,111.1875,9.125,0.359375,0.09375,0.0,0.5843750000000006,0.6101562499999994,0.9999999999986331,0.2999999017130596,0.9999999999986331,0.2999999017130596,-1.8500000000000003,3.65,20.0,9.0,0,0,0,0,2,15,1,1,45,0
12000293,1.0,0.3,0.5,4.402109374999996,4.449999999999996,0.04789062500000002,-12,47.890625,5.796875,0.359375,0.171875,0.0,0.5812500000000006,0.5773437499999995,0.9999999999966918,0.2999999852727981,0.9999999999966918,0.2999999852727981,-2.799999999999999,7.25,21.0,13.0,0,2,1,0,1,24,1,1,34,0
12000294,1.0,0.05,0.25,10.770140625000002,10.8,0.029859375000000007,12,29.859375,4.265625,0.0625,0.25,0.015625,0.5365079365079368,0.4928571428571429,0.0994137082449007,0.07146451902935534,0.0994137082449007,0.07146451902935534,0.0,10.8,0.0,20.0,0,6,3,0,9,39,2,1,3,1
12000295,1.0,0.3,0.5,0.4675937499999908,0.5999999999999908,0.13240624999999998,-19,132.40625,9.625,0.375,0.078125,0.015625,0.5968253968253975,0.5904761904761899,0.9999999999979025,0.29999988987578985,0.9999999999979025,0.29999988987578985,-2.9499999999999993,3.55,24.0,5.0,0,0,2,0,1,20,0,0,40,1
12000296,0.0,0.3,0.5,-0.6553125000000003,-0.5000000000000003,0.15531249999999996,18,155.3125,11.28125,0.109375,0.390625,0.0,0.5625000000000004,0.4648437500000002,4.699331260802927e-08,0.2999954874216119,4.699331260802927e-08,0.2999954874216119,-4.250000000000001,3.7499999999999996,21.0,11.0,0,8,8,0,2,45,1,0,0,0
12000297,1.0,0.3,0.75,0.3450312499999929,0.4999999999999929,0.15496875,-18,154.96875,11.25,0.34375,0.0625,0.03125,0.5967741935483878,0.6040322580645158,0.9999999999894983,0.29999935517428344,0.9999999999894983,0.29999935517428344,-2.1999999999999993,2.6999999999999997,20.0,6.0,0,1,1,0,0,15,0,0,45,2
12000298,0.0,0.05,0.25,1.0957343750000001,1.1,0.004265625000000003,3,4.265625,1.859375,0.078125,0.125,0.046875,0.5180327868852459,0.47295081967213126,0.3663241682006798,0.05001895025493719,0.3663241682006798,0.05001895025493719,-0.4,1.5,2.0,11.0,0,10,7,2,7,29,1,2,3,3
12000299,1.0,0.05,0.25,6.2439375,6.25,0.006062500000000004,3,6.0625,2.0625,0.109375,0.15625,0.015625,0.5555555555555557,0.5071428571428573,0.5842311146701207,0.05045357264264142,0.5842311146701207,0.05045357264264142,-0.44999999999999996,6.699999999999999,3.0,14.0,1,6,4,0,6,32,0,0,14,1
12000300,0.0,0.3,0.25,-2.0560937500000023,-1.850000000000002,0.2060937500000001,20,206.09375,12.6875,0.078125,0.390625,0.0,0.5593750000000002,0.47890625000000014,1.159911121649507e-06,0.2999331601259542,1.159911121649507e-06,0.2999331601259542,-3.2500000000000004,1.4000000000000001,16.0,14.0,0,6,3,0,7,48,0,0,0,0
12000301,1.0,0.3,0.75,-2.1578750000000064,-1.9500000000000064,0.2078750000000001,-22,207.875,13.3125,0.359375,0.015625,0.0,0.5937500000000007,0.5984374999999995,0.999999999999379,0.29999952442031824,0.999999999999379,0.29999952442031824,-2.0999999999999996,0.1499999999999999,21.0,3.0,0,1,0,0,1,19,0,0,43,0
12000302,0.0,0.3,0.5,-1.3349687499999996,-1.1999999999999995,0.13496875000000003,21,134.96875,10.28125,0.09375,0.421875,0.0,0.534375,0.46015625000000027,4.199630365558222e-08,0.29999651922505594,4.199630365558222e-08,0.29999651922505594,-4.650000000000001,3.4499999999999993,24.0,9.0,0,17,2,0,2,41,1,0,1,0
12000303,0.0,0.05,0.25,0.17625000000000016,0.20000000000000018,0.02375000000000001,6,23.75,4.0,0.0625,0.15625,0.0625,0.5333333333333333,0.48250000000000015,0.3332491394513272,0.05010846600814177,0.3332491394513272,0.05010846600814177,-0.55,0.75,2.0,12.0,1,9,4,0,6,33,1,1,5,4
12000304,0.0,0.3,0.25,-4.354031249999999,-4.1,0.25403125000000004,28,254.03125,13.75,0.03125,0.46875,0.0,0.5562500000000002,0.4671875000000002,3.286781002354477e-11,0.29999983776970535,3.286781002354477e-11,0.29999983776970535,-4.300000000000001,0.2,24.0,8.0,0,11,3,0,3,47,0,0,0,0
12000305,0.0,0.05,0.25,2.4976093749999992,2.499999999999999,0.0023906250000000017,2,2.390625,1.234375,0.109375,0.140625,0.015625,0.5460317460317462,0.5119047619047619,0.3295852011607778,0.050097929475366634,0.3295852011607778,0.050097929475366634,-1.1,3.5999999999999996,4.0,12.0,1,6,4,2,2,32,1,1,14,1
12000306,0.0,0.05,0.75,2.290828125000001,2.3000000000000007,0.009171875000000005,4,9.171875,2.453125,0.125,0.1875,0.015625,0.5015873015873015,0.4928571428571429,0.27084529287668724,0.05441036514029308,0.27084529287668724,0.05441036514029308,-1.9,4.199999999999999,8.0,12.0,0,8,6,3,7,28,5,0,6,1
12000307,0.0,0.3,0.5,-2.285390625,-2.15,0.13539062500000004,20,135.390625,9.953125,0.078125,0.390625,0.015625,0.5301587301587302,0.4666666666666669,2.9692002594170118e-06,0.2998933634746436,2.9692002594170118e-06,0.2998933634746436,-4.6000000000000005,2.45,21.0,9.0,0,15,1,0,5,40,1,0,1,1
12000308,0.0,0.3,0.5,-2.9909375,-2.8499999999999996,0.14093750000000005,22,140.9375,10.21875,0.046875,0.390625,0.015625,0.542857142857143,0.4714285714285716,2.249793277763777e-06,0.2998357575370542,2.249793277763777e-06,0.2998357575370542,-4.250000000000001,1.4,21.0,7.0,0,11,1,0,7,44,0,0,0,1
12000309,1.0,0.05,0.5,4.696187499999999,4.699999999999999,0.003812500000000003,3,3.8125,1.75,0.109375,0.15625,0.03125,0.5193548387096776,0.507258064516129,0.7799017233065132,0.050053936744802345,0.7799017233065132,0.050053936744802345,-0.050000000000000044,4.75,1.0,16.0,1,10,1,1,4,30,2,3,10,2
12000310,1.0,0.3,0.75,0.8719531250000001,1.0,0.12804687499999992,-15,128.046875,9.984375,0.3125,0.078125,0.03125,0.5741935483870974,0.587096774193548,0.9999999977866941,0.299986561028117,0.9999999977866941,0.299986561028117,-1.4500000000000002,2.4499999999999993,15.0,10.0,0,0,0,1,3,22,1,1,34,2
12000311,0.0,0.3,0.5,3.184953125000001,3.200000000000001,0.015046875000000008,8,15.046875,3.296875,0.15625,0.28125,0.015625,0.5428571428571431,0.480952380952381,0.0016605811577927805,0.29746114882619984,0.0016605811577927805,0.29746114882619984,-3.4,6.6,16.0,12.0,0,11,3,0,5,38,1,0,5,1
12000312,0.0,0.3,0.25,-3.65809375,-3.5,0.15809374999999998,19,158.09375,11.21875,0.015625,0.3125,0.015625,0.5333333333333333,0.47380952380952396,0.00022186631101785186,0.2750767386332777,0.00022186631101785186,0.2750767386332777,-3.45,-0.050000000000000044,17.0,4.0,0,13,2,0,4,40,1,2,1,1
12000313,1.0,0.3,0.5,2.857562500000001,2.950000000000001,0.09243749999999999,-13,92.4375,8.625,0.34375,0.140625,0.015625,0.5873015873015879,0.583333333333333,0.9999999999503126,0.29999978580048703,0.9999999999503126,0.29999978580048703,-2.6000000000000005,5.55,20.0,11.0,0,1,2,0,3,19,0,0,38,1
12000314,0.0,0.3,0.5,0.7387187500000002,0.8500000000000002,0.11128125,15,111.28125,8.75,0.109375,0.34375,0.015625,0.5365079365079367,0.45714285714285735,3.995748982709968e-07,0.2999787508346662,3.995748982709968e-07,0.2999787508346662,-2.9499999999999997,3.8,18.0,11.0,2,12,4,0,4,41,0,0,0,1
12000315,0.0,0.3,0.25,-2.7088593749999994,-2.5999999999999996,0.10885937499999998,19,108.859375,9.171875,0.046875,0.34375,0.0,0.5468750000000001,0.4695312500000002,4.3564147417859256e-05,0.2969452079548565,4.3564147417859256e-05,0.2969452079548565,-3.7499999999999996,1.1500000000000004,18.0,7.0,1,8,4,0,7,44,0,0,0,0
12000316,0.0,0.05,0.25,1.7919999999999998,1.7999999999999998,0.008000000000000005,4,8.0,2.53125,0.078125,0.140625,0.046875,0.5245901639344261,0.46557377049180354,0.1971439181697332,0.050207014560150275,0.1971439181697332,0.050207014560150275,-0.39999999999999997,2.2,3.0,11.0,0,11,6,1,8,32,1,0,2,3
12000317,0.0,0.3,0.75,1.1281093750000002,1.2000000000000002,0.07189062500000001,14,71.890625,7.515625,0.140625,0.359375,0.0,0.5281250000000002,0.48828125000000006,1.013544270774843e-05,0.2999697902878632,1.013544270774843e-05,0.2999697902878632,-4.800000000000001,6.0,22.0,10.0,1,8,2,0,10,37,1,1,4,0
12000318,0.0,0.3,0.5,-0.8115625000000001,-0.75,0.06156250000000003,14,61.5625,6.875,0.078125,0.296875,0.0,0.528125,0.4578125000000002,0.010754453456573384,0.23608176840143025,0.010754453456573384,0.23608176840143025,-3.3,2.55,15.0,9.0,1,14,6,0,5,35,1,0,2,0
12000319,0.0,0.3,0.75,-0.33293749999999944,-0.24999999999999944,0.0829375,18,82.9375,7.5625,0.09375,0.375,0.015625,0.5619047619047621,0.47857142857142865,1.27565695375813e-06,0.2999720967141186,1.27565695375813e-06,0.2999720967141186,-3.8000000000000003,3.55,20.0,10.0,0,8,2,0,4,48,0,0,1,1
12000320,1.0,0.3,0.25,0.24934374999999434,0.3499999999999943,0.10065624999999997,-18,100.65625,8.34375,0.375,0.09375,0.0,0.5875000000000007,0.5867187499999995,0.9999999998693567,0.2999990122746471,0.9999999998693567,0.2999990122746471,-2.8999999999999995,3.2499999999999996,21.0,9.0,0,0,1,0,4,21,0,0,38,0
12000321,1.0,0.05,0.25,3.195968749999999,3.1999999999999993,0.004031250000000003,-1,4.03125,1.65625,0.125,0.109375,0.03125,0.5290322580645165,0.5241935483870966,0.5977205831638428,0.0500630206562395,0.5977205831638428,0.0500630206562395,-0.3999999999999999,3.5999999999999996,2.0,13.0,2,5,0,1,4,33,2,3,12,2
12000322,1.0,0.3,0.25,5.4964218749999985,5.499999999999998,0.0035781250000000023,-4,3.578125,1.671875,0.25,0.1875,0.0625,0.566666666666667,0.5249999999999999,0.9861206961127015,0.29229513944688057,0.9861206961127015,0.29229513944688057,-2.75,8.249999999999998,13.0,15.0,0,2,1,0,6,38,1,0,12,4
12000323,0.0,0.3,0.75,-5.529015625000003,-5.250000000000003,0.27901562500000004,26,279.015625,14.546875,0.015625,0.421875,0.015625,0.5492063492063494,0.47619047619047644,9.3284395457992e-08,0.2999552661025564,9.3284395457992e-08,0.2999552661025564,-5.600000000000001,0.35000000000000003,26.0,2.0,0,10,2,0,3,46,1,1,0,1
12000324,1.0,0.3,0.5,3.679312499999993,3.749999999999993,0.07068750000000001,-14,70.6875,6.90625,0.359375,0.140625,0.0,0.5906250000000006,0.5890624999999995,0.9999999999996136,0.299999991508134,0.9999999999996136,0.299999991508134,-1.8500000000000005,5.6,20.0,12.0,0,2,0,0,1,21,0,0,40,0
12000325,0.0,0.3,0.25,-3.174859375,-3.0,0.174859375,24,174.859375,11.359375,0.0625,0.4375,0.03125,0.5580645161290326,0.4879032258064516,1.3532043777103053e-07,0.29999274789227204,1.3532043777103053e-07,0.29999274789227204,-4.650000000000001,1.6500000000000004,21.0,11.0,0,6,1,0,4,49,1,1,0,2
12000326,1.0,0.3,0.5,2.194359374999998,2.2499999999999982,0.05564062500000002,-13,55.640625,5.953125,0.296875,0.09375,0.0,0.5937500000000007,0.5867187499999994,0.9999999936480258,0.29997589474291486,0.9999999936480258,0.29997589474291486,-1.6000000000000003,3.85,15.0,10.0,0,1,1,0,1,22,0,0,39,0
12000327,1.0,0.05,0.5,5.499390624999998,5.499999999999998,0.0006093750000000003,0,0.609375,0.578125,0.171875,0.171875,0.03125,0.532258064516129,0.4927419354838711,0.3893127540363586,0.05734391974152357,0.3893127540363586,0.05734391974152357,-0.5999999999999999,6.1,3.0,19.0,0,11,2,1,4,34,1,2,7,2
12000328,0.0,0.3,0.5,-0.5652499999999996,-0.49999999999999956,0.06525000000000002,15,65.25,6.25,0.078125,0.3125,0.0625,0.5500000000000003,0.47500000000000014,0.0004957533034808797,0.29702634925531696,0.0004957533034808797,0.29702634925531696,-3.45,2.95,17.0,8.0,0,9,4,0,6,38,0,0,3,4
12000329,1.0,0.3,0.5,2.559531250000005,2.600000000000005,0.040468750000000005,-10,40.46875,4.96875,0.28125,0.125,0.015625,0.5746031746031752,0.5476190476190472,0.9996071860024347,0.2976630093301918,0.9996071860024347,0.2976630093301918,-2.0999999999999996,4.699999999999999,12.0,14.0,0,3,1,0,2,33,1,1,22,1
12000330,1.0,0.3,0.5,1.2195312499999909,1.3499999999999908,0.13046875,-19,130.46875,9.8125,0.390625,0.09375,0.0,0.5875000000000006,0.5960937499999995,0.9999999999999876,0.29999999582823905,0.9999999999999876,0.29999999582823905,-2.4499999999999993,3.7999999999999994,23.0,8.0,0,1,1,0,2,17,0,1,42,0
12000331,0.0,0.05,0.25,2.7927499999999994,2.7999999999999994,0.007250000000000006,5,7.25,2.46875,0.125,0.203125,0.03125,0.5548387096774198,0.4854838709677421,0.5041094052016576,0.05703760007874151,0.5041094052016576,0.05703760007874151,-0.25,3.0499999999999994,2.0,19.0,0,8,5,1,4,37,0,0,7,2
12000332,1.0,0.05,0.75,0.17793749999999928,0.1999999999999993,0.022062500000000002,-7,22.0625,3.8125,0.171875,0.0625,0.03125,0.5741935483870971,0.5435483870967739,0.757377639139377,0.05014171763078872,0.757377639139377,0.05014171763078872,-0.25,0.44999999999999996,2.0,13.0,0,2,4,0,3,29,0,3,21,2
12000333,1.0,0.05,0.75,0.38535937500000034,0.40000000000000036,0.01464062500000001,-6,14.640625,3.140625,0.15625,0.0625,0.03125,0.5548387096774197,0.5435483870967739,0.871847345226458,0.050155196159075335,0.871847345226458,0.050155196159075335,-1.05,1.45,5.0,9.0,0,2,2,0,5,31,2,3,17,2
12000334,1.0,0.05,0.5,1.9482812500000002,1.9500000000000002,0.001718750000000001,-3,1.71875,0.96875,0.140625,0.09375,0.03125,0.545161290322581,0.5193548387096774,0.6785683412893895,0.050114542777147116,0.6785683412893895,0.050114542777147116,-0.6499999999999999,2.5999999999999996,3.0,12.0,0,2,4,2,4,36,3,1,10,2
12000335,0.0,0.05,0.5,6.890328125,6.9,0.009671875000000007,-4,9.671875,2.984375,0.1875,0.125,0.03125,0.5645161290322585,0.5314516129032257,0.20954145715942038,0.05074478021796074,0.20954145715942038,0.05074478021796074,0.0,6.9,0.0,20.0,1,2,4,0,3,32,0,4,16,2
12000336,0.0,0.3,0.75,-1.7531093749999997,-1.5999999999999999,0.15310937499999996,17,153.109375,11.171875,0.078125,0.34375,0.03125,0.5387096774193549,0.48306451612903234,0.0002760081058252032,0.2974675243161459,0.0002760081058252032,0.2974675243161459,-3.9500000000000006,2.35,17.0,10.0,0,7,3,0,8,41,1,2,0,2
12000337,1.0,0.05,0.5,1.8985312499999996,1.8999999999999995,0.0014687500000000009,-1,1.46875,1.09375,0.09375,0.078125,0.0625,0.5400000000000001,0.5050000000000001,0.5991941120773456,0.05000481256256302,0.5991941120773456,0.05000481256256302,-0.19999999999999996,2.1,1.0,10.0,0,5,4,1,7,32,1,2,8,4
12000338,1.0,0.3,0.5,1.1406562499999993,1.1999999999999993,0.05934375000000002,-15,59.34375,6.625,0.328125,0.09375,0.03125,0.5806451612903232,0.5774193548387093,0.9999999840602184,0.29998458235059866,0.9999999840602184,0.29998458235059866,-1.8000000000000003,2.999999999999999,16.0,11.0,0,2,1,0,2,22,1,0,34,2
12000339,1.0,0.3,0.5,0.6156093749999965,0.7499999999999964,0.13439062499999999,-21,134.390625,9.796875,0.40625,0.078125,0.0,0.5843750000000005,0.5984374999999995,0.9999999999999971,0.2999999980558377,0.9999999999999971,0.2999999980558377,-2.45,3.1999999999999997,25.0,6.0,0,0,0,0,2,20,1,1,40,0
12000340,0.0,0.3,0.75,1.2862343750000005,1.3500000000000005,0.06376562500000002,12,63.765625,6.953125,0.109375,0.296875,0.03125,0.5483870967741936,0.4733870967741937,5.339955054366656e-06,0.2998079560542386,5.339955054366656e-06,0.2998079560542386,-3.2499999999999996,4.6,19.0,7.0,1,11,4,0,3,38,0,0,5,2
12000341,1.0,0.3,0.25,5.466312499999996,5.4999999999999964,0.03368750000000001,-12,33.6875,4.25,0.390625,0.203125,0.0,0.5718750000000006,0.5585937499999996,0.9999999999997194,0.2999999992945461,0.9999999999997194,0.2999999992945461,-3.299999999999999,8.8,24.0,14.0,0,2,0,0,3,32,2,0,25,0
12000342,0.0,0.3,0.25,-3.887109374999999,-3.6999999999999993,0.18710937500000002,23,187.109375,11.859375,0.03125,0.390625,0.0,0.5281250000000001,0.4671875000000002,1.1599773423403936e-06,0.2997835915846626,1.1599773423403936e-06,0.2997835915846626,-3.749999999999999,0.050000000000000044,19.0,8.0,0,12,3,0,9,39,1,0,0,0
12000343,0.0,0.3,0.5,-0.5472968749999993,-0.4999999999999994,0.047296875000000016,16,47.296875,4.890625,0.09375,0.34375,0.015625,0.5428571428571429,0.4833333333333335,0.0002323326325150927,0.2988441865124624,0.0002323326325150927,0.2988441865124624,-3.45,2.9499999999999993,15.0,13.0,0,10,0,0,6,44,1,0,2,1
12000344,1.0,0.3,0.5,2.899109374999999,2.9499999999999993,0.05089062500000001,-14,50.890625,5.953125,0.359375,0.140625,0.0,0.5968750000000006,0.5937499999999994,0.9999999998470417,0.2999997819606464,0.9999999998470417,0.2999997819606464,-2.4499999999999993,5.4,19.0,13.0,0,0,0,0,0,24,0,1,39,0
12000345,0.0,0.3,0.25,-2.757406249999999,-2.499999999999999,0.25740625000000006,25,257.40625,13.9375,0.0625,0.453125,0.0,0.5687500000000003,0.4835937500000001,4.418679482787289e-09,0.29999903502081154,4.418679482787289e-09,0.29999903502081154,-3.9000000000000004,1.4000000000000004,20.0,13.0,0,5,3,0,5,50,0,0,1,0
12000346,0.0,0.3,0.75,1.8703281249999995,1.9499999999999995,0.079671875,16,79.671875,8.140625,0.15625,0.40625,0.0,0.5406250000000001,0.4695312500000002,8.000382188709547e-08,0.2999995991065397,8.000382188709547e-08,0.2999995991065397,-4.5,6.449999999999998,23.0,13.0,0,11,2,0,8,43,0,0,0,0
12000347,1.0,0.05,0.75,-0.009390625000000895,-8.881784197001252e-16,0.009390625000000007,-6,9.390625,2.515625,0.15625,0.0625,0.03125,0.5677419354838713,0.5338709677419354,0.6195450964246866,0.050023863501241855,0.6195450964246866,0.050023863501241855,-0.6500000000000001,0.6499999999999999,2.0,12.0,1,3,4,0,4,28,0,1,21,2
12000348,1.0,0.05,0.75,0.476890625,0.5,0.02310937500000001,-8,23.109375,4.453125,0.1875,0.0625,0.015625,0.558730158730159,0.5523809523809522,0.7389590529093142,0.05036915417523214,0.7389590529093142,0.05036915417523214,-0.44999999999999996,0.9500000000000004,3.0,13.0,0,3,0,0,5,30,2,1,22,1
12000349,0.0,0.3,0.75,1.2646562500000003,1.3000000000000003,0.03534375000000001,12,35.34375,4.75,0.140625,0.328125,0.015625,0.5523809523809525,0.47619047619047644,0.00011275988469542136,0.2997057930197763,0.00011275988469542136,0.2997057930197763,-4.550000000000002,5.85,21.0,9.0,0,10,3,0,5,42,0,0,3,1
12000350,0.0,0.3,0.5,1.5422031250000001,1.6,0.05779687500000002,13,57.796875,6.203125,0.125,0.328125,0.0,0.5437500000000001,0.4648437500000003,3.00224252210219e-05,0.29979872843896976,3.00224252210219e-05,0.29979872843896976,-3.0500000000000003,4.65,17.0,12.0,0,10,5,0,8,41,0,0,0,0
12000351,1.0,0.05,0.25,7.590328124999999,7.6,0.009671875000000003,4,9.671875,2.484375,0.15625,0.21875,0.015625,0.5428571428571431,0.5047619047619049,0.8081978686083006,0.0578279025093984,0.8081978686083006,0.0578279025093984,-0.8499999999999999,8.45,4.0,20.0,0,7,2,2,5,36,0,2,9,1
12000352,0.0,0.05,0.5,2.9488281250000004,2.95,0.0011718750000000006,-1,1.171875,0.828125,0.09375,0.078125,0.0625,0.5166666666666667,0.52,0.34673228839575176,0.05000318910052224,0.34673228839575176,0.05000318910052224,0.0,2.95,0.0,11.0,0,9,1,2,5,25,2,3,13,4
12000353,1.0,0.05,0.75,-0.3183906250000007,-0.3000000000000007,0.01839062500000001,-8,18.390625,3.390625,0.1875,0.0625,0.0,0.5625000000000004,0.5351562499999999,0.8931406435493553,0.050388339025697365,0.8931406435493553,0.050388339025697365,-0.5000000000000001,0.19999999999999996,3.0,13.0,0,5,3,1,2,30,1,1,21,0
12000354,1.0,0.05,0.25,7.225875,7.25,0.024125000000000008,8,24.125,4.34375,0.046875,0.171875,0.046875,0.5409836065573774,0.46311475409836084,0.16083778319532055,0.05013776801444364,0.16083778319532055,0.05013776801444364,0.0,7.249999999999999,0.0,14.0,0,9,8,1,6,35,0,1,1,3
12000355,1.0,0.05,0.5,2.5490468749999997,2.55,0.0009531250000000004,0,0.953125,0.671875,0.09375,0.09375,0.03125,0.5032258064516127,0.5048387096774195,0.6727954073055985,0.05000546315386236,0.6727954073055985,0.05000546315386236,-1.0999999999999999,3.6499999999999995,4.0,8.0,2,6,4,2,5,29,3,5,6,2
12000356,1.0,0.05,0.5,3.5445781249999997,3.55,0.005421875000000004,-3,5.421875,2.078125,0.15625,0.109375,0.03125,0.5741935483870972,0.5266129032258062,0.749308237511717,0.051767741965909796,0.749308237511717,0.051767741965909796,-0.5999999999999999,4.1499999999999995,4.0,13.0,0,3,1,0,3,40,0,2,13,2
12000357,0.0,0.05,0.75,5.698484375000001,5.700000000000001,0.0015156250000000007,-4,1.515625,0.890625,0.171875,0.109375,0.03125,0.535483870967742,0.5000000000000001,0.7911886957738442,0.051476577230557895,0.7911886957738442,0.051476577230557895,-0.4,6.1000000000000005,1.0,17.0,1,8,2,2,3,35,0,3,8,2
12000358,1.0,0.3,0.5,5.089874999999998,5.149999999999999,0.06012500000000001,-11,60.125,6.59375,0.359375,0.1875,0.0,0.5875000000000007,0.5749999999999996,0.9999999999485112,0.2999999629657464,0.9999999999485112,0.2999999629657464,-2.95,8.1,22.0,13.0,0,1,2,0,1,25,1,0,34,0
12000359,1.0,0.3,0.25,2.2057187499999973,2.299999999999997,0.09428125000000002,-16,94.28125,8.46875,0.359375,0.109375,0.0,0.5843750000000006,0.5914062499999995,0.99999999999792,0.29999994097475385,0.99999999999792,0.29999994097475385,-2.3999999999999986,4.699999999999999,22.0,8.0,0,3,1,0,0,17,1,0,42,0
12000360,1.0,0.05,0.75,-2.337609375000001,-2.3000000000000007,0.037609375000000014,-11,37.609375,5.234375,0.1875,0.015625,0.015625,0.5809523809523816,0.5428571428571426,0.9772253897883387,0.050320060463006744,0.9772253897883387,0.050320060463006744,-0.5999999999999999,-1.7000000000000002,3.0,10.0,1,3,2,0,1,32,0,0,24,1
12000361,1.0,0.05,0.75,0.8353749999999996,0.8499999999999996,0.01462500000000001,-8,14.625,3.21875,0.203125,0.078125,0.015625,0.5492063492063494,0.5666666666666662,0.8424161896325914,0.05216225852318797,0.8424161896325914,0.05216225852318797,-0.7,1.5500000000000003,4.0,14.0,0,2,0,0,6,25,1,6,23,1
12000362,1.0,0.05,0.25,2.2990312499999996,2.3,0.0009687500000000006,0,0.96875,0.6875,0.09375,0.09375,0.0625,0.5199999999999999,0.48500000000000026,0.3250235508389783,0.05000630450067766,0.3250235508389783,0.05000630450067766,-0.6500000000000001,2.9499999999999993,2.0,10.0,1,7,5,1,9,30,1,2,4,4
12000363,1.0,0.05,0.5,3.499062499999999,3.499999999999999,0.0009375000000000004,0,0.9375,0.625,0.109375,0.109375,0.046875,0.5344262295081967,0.4778688524590166,0.646255702374873,0.05003026099636002,0.646255702374873,0.05003026099636002,-0.19999999999999996,3.6999999999999993,1.0,13.0,2,10,3,1,3,36,0,1,5,3
12000364,1.0,0.05,0.75,-0.2665937500000009,-0.2500000000000009,0.01659375000000001,-6,16.59375,3.75,0.140625,0.046875,0.03125,0.5580645161290326,0.5387096774193547,0.7585340860594875,0.050012445864607465,0.7585340860594875,0.050012445864607465,-0.5,0.25,2.0,10.0,0,3,5,1,5,24,0,3,21,2
12000365,0.0,0.05,0.75,1.0462812499999998,1.0499999999999998,0.003718750000000003,3,3.71875,1.84375,0.078125,0.125,0.0625,0.5400000000000004,0.47500000000000014,0.5306939030891242,0.05001015351064243,0.5306939030891242,0.05001015351064243,-0.4,1.4500000000000002,2.0,11.0,0,8,7,3,4,33,0,0,5,4
12000366,0.0,0.05,0.25,1.3877343750000002,1.4000000000000001,0.012265625000000007,6,12.265625,2.609375,0.109375,0.203125,0.046875,0.5311475409836066,0.48524590163934445,0.3765212934629164,0.05664297543269858,0.3765212934629164,0.05664297543269858,-0.2,1.5999999999999999,1.0,19.0,1,8,3,2,5,36,1,0,5,3
12000367,1.0,0.05,0.25,8.169812499999999,8.2,0.0301875,7,30.1875,4.71875,0.09375,0.203125,0.03125,0.5225806451612901,0.46854838709677443,0.42538819579408993,0.05209553145313058,0.42538819579408993,0.05209553145313058,-0.9999999999999998,9.2,4.0,15.0,1,15,3,0,4,33,0,3,3,2
12000368,0.0,0.05,0.5,2.247015625,2.25,0.002984375000000002,4,2.984375,1.515625,0.109375,0.171875,0.046875,0.5409836065573772,0.49754098360655763,0.1849365999189501,0.054362877834029044,0.1849365999189501,0.054362877834029044,-0.55,2.8000000000000003,3.0,15.0,1,9,3,0,4,32,1,1,10,3
12000369,1.0,0.05,0.25,7.033765625,7.05,0.01623437500000001,7,16.234375,3.453125,0.078125,0.1875,0.03125,0.532258064516129,0.4661290322580646,0.26642703496207043,0.05041103386214786,0.26642703496207043,0.05041103386214786,-0.7000000000000002,7.75,2.0,15.0,0,10,7,1,7,34,0,2,1,2
12000370,0.0,0.05,0.75,6.189078125000001,6.200000000000001,0.010921875000000008,-6,10.921875,2.890625,0.140625,0.046875,0.03125,0.5322580645161291,0.5387096774193546,0.8096864080408778,0.05003045750723321,0.8096864080408778,0.05003045750723321,-0.55,6.75,2.0,10.0,1,2,2,0,9,27,3,2,16,2
12000371,1.0,0.3,0.5,1.8383125000000002,1.9000000000000004,0.06168750000000003,-12,61.6875,6.90625,0.296875,0.109375,0.015625,0.5777777777777782,0.5809523809523806,0.999999904718839,0.2999341740429234,0.999999904718839,0.2999341740429234,-2.1,4.0,16.0,10.0,0,0,1,1,4,22,0,1,34,1
12000372,1.0,0.05,0.5,2.0972812499999995,2.0999999999999996,0.0027187500000000007,-3,2.71875,1.125,0.140625,0.09375,0.03125,0.5258064516129035,0.5169354838709677,0.16302994320788272,0.050019673011458585,0.16302994320788272,0.050019673011458585,-0.4,2.5,1.0,14.0,1,8,2,2,3,28,2,2,14,2
12000373,1.0,0.3,0.75,-1.1044531250000036,-1.0000000000000036,0.10445312499999998,-18,104.453125,8.796875,0.328125,0.046875,0.015625,0.5619047619047624,0.5809523809523806,0.9999999870294269,0.29992914374421,0.9999999870294269,0.29992914374421,-2.4499999999999993,1.45,19.0,5.0,0,1,0,1,6,20,1,1,33,1
12000374,1.0,0.3,0.75,2.0609062499999986,2.1499999999999986,0.08909374999999999,-15,89.09375,8.21875,0.34375,0.109375,0.0,0.5906250000000006,0.6031249999999995,0.9999999999356284,0.29999934586250054,0.9999999999356284,0.29999934586250054,-1.6500000000000004,3.8,18.0,11.0,0,1,0,0,2,16,0,0,45,0
12000375,0.0,0.3,0.5,1.950640625,2.0,0.04935937500000002,12,49.359375,5.671875,0.140625,0.328125,0.015625,0.5523809523809526,0.4619047619047621,2.9800686264913365e-05,0.2998800625874447,2.9800686264913365e-05,0.2998800625874447,-2.8499999999999996,4.85,15.0,15.0,0,11,5,0,4,43,0,0,0,1
12000376,1.0,0.05,0.5,3.4986249999999997,3.4999999999999996,0.0013750000000000008,1,1.375,0.84375,0.109375,0.125,0.03125,0.5451612903225808,0.49516129032258077,0.6311665298871377,0.05002023547903385,0.6311665298871377,0.05002023547903385,-0.5999999999999999,4.099999999999999,3.0,12.0,0,7,5,1,5,34,0,3,7,2
12000377,1.0,0.05,0.5,5.3430625,5.3500000000000005,0.006937500000000004,2,6.9375,2.25,0.140625,0.171875,0.03125,0.5193548387096774,0.4903225806451614,0.6021592585571125,0.05075263008786176,0.6021592585571125,0.05075263008786176,-1.5999999999999999,6.949999999999999,6.0,14.0,0,6,3,2,10,36,1,3,1,2
12000378,0.0,0.3,0.5,-2.121953124999999,-1.949999999999999,0.17195312500000007,21,171.953125,11.203125,0.0625,0.390625,0.0,0.5531250000000004,0.4695312500000002,1.2138871082146654e-07,0.2999750047381404,1.2138871082146654e-07,0.2999750047381404,-3.9499999999999997,2.0,22.0,7.0,0,9,5,1,2,46,1,0,0,0
12000379,0.0,0.3,0.25,-4.5515156249999995,-4.35,0.20151562500000006,25,201.515625,12.421875,0.03125,0.421875,0.015625,0.5492063492063495,0.4785714285714286,1.402670733457809e-07,0.2999652399040543,1.402670733457809e-07,0.2999652399040543,-4.5,0.15000000000000002,21.0,8.0,0,9,0,0,7,47,0,0,0,1
12000380,1.0,0.05,0.5,1.1350156250000003,1.1500000000000004,0.014984375000000012,-7,14.984375,3.421875,0.203125,0.09375,0.046875,0.5639344262295085,0.5491803278688523,0.6271332701154148,0.05189790878475292,0.6271332701154148,0.05189790878475292,-1.2999999999999998,2.4499999999999997,6.0,13.0,0,3,4,0,6,21,0,2,25,3
12000381,1.0,0.3,0.75,-0.2285312500000014,-0.10000000000000142,0.12853124999999999,-18,128.53125,9.8125,0.34375,0.0625,0.0,0.5812500000000006,0.5984374999999995,0.999999999967784,0.29999779362655654,0.999999999967784,0.29999779362655654,-2.249999999999999,2.1499999999999995,18.0,8.0,0,1,0,0,3,17,1,0,42,0
12000382,1.0,0.05,0.25,5.69246875,5.7,0.007531250000000005,4,7.53125,2.46875,0.09375,0.15625,0.0625,0.5366666666666668,0.48500000000000015,0.5988930006070547,0.050124037617570553,0.5988930006070547,0.050124037617570553,-1.0499999999999998,6.749999999999999,4.0,12.0,1,6,6,1,7,32,0,2,5,4
12000383,0.0,0.3,0.25,-4.257890625,-4.05,0.20789062500000005,25,207.890625,12.546875,0.03125,0.421875,0.0,0.5500000000000003,0.48125000000000007,1.5669897216711465e-07,0.29996305285014996,1.5669897216711465e-07,0.29996305285014996,-4.350000000000001,0.3000000000000001,22.0,7.0,0,9,1,0,5,47,1,0,1,0
12000384,1.0,0.3,0.75,0.9986562499999989,1.049999999999999,0.05134375000000002,-12,51.34375,6.4375,0.265625,0.078125,0.0,0.5968750000000007,0.5937499999999994,0.9999371530747411,0.28855007726166015,0.9999371530747411,0.28855007726166015,-1.65,2.7,12.0,10.0,0,0,0,0,0,24,0,1,39,0
12000385,1.0,0.05,0.5,1.4480468750000002,1.4500000000000002,0.0019531250000000013,-1,1.953125,1.078125,0.078125,0.0625,0.046875,0.5540983606557379,0.5024590163934425,0.6451656509451048,0.0500009311561918,0.6451656509451048,0.0500009311561918,-0.25,1.6999999999999997,2.0,7.0,0,4,5,0,7,35,0,3,7,3
12000386,0.0,0.05,0.25,-0.8157031249999998,-0.7499999999999998,0.06570312500000001,12,65.703125,7.546875,0.0625,0.25,0.046875,0.5377049180327871,0.4581967213114756,0.03341757766102405,0.11478049950766393,0.03341757766102405,0.11478049950766393,-1.2,0.45000000000000007,6.0,14.0,1,11,5,0,6,38,0,0,0,3
12000387,0.0,0.05,0.5,2.2474374999999993,2.249999999999999,0.002562500000000002,3,2.5625,1.4375,0.109375,0.15625,0.046875,0.5311475409836067,0.4852459016393444,0.6013114317897844,0.050146048838777914,0.6013114317897844,0.050146048838777914,-0.95,3.1999999999999993,5.0,12.0,0,12,3,0,4,33,2,1,6,3
12000388,1.0,0.05,0.5,4.897843750000001,4.9,0.0021562500000000015,1,2.15625,1.15625,0.125,0.140625,0.046875,0.5573770491803282,0.4975409836065574,0.20001819667883974,0.050795262848510096,0.20001819667883974,0.050795262848510096,-0.5,5.3999999999999995,2.0,15.0,0,4,5,0,6,38,0,3,5,3
12000389,0.0,0.3,0.75,1.5385781250000006,1.6000000000000005,0.06142187500000002,13,61.421875,6.015625,0.109375,0.3125,0.0,0.5500000000000003,0.4789062500000002,1.0423733704807516e-05,0.29983165665721595,1.0423733704807516e-05,0.29983165665721595,-2.599999999999999,4.199999999999999,15.0,12.0,1,5,6,1,5,43,1,0,2,0
12000390,1.0,0.05,0.75,2.042593750000001,2.0500000000000007,0.007406250000000006,-2,7.40625,2.40625,0.109375,0.078125,0.046875,0.554098360655738,0.544262295081967,0.3380536204829902,0.050003915942707734,0.3380536204829902,0.050003915942707734,-0.3999999999999999,2.45,2.0,10.0,1,3,1,1,3,29,2,0,21,3
12000391,1.0,0.3,0.75,-2.5862812500000087,-2.3500000000000085,0.23628125,-27,236.28125,12.90625,0.4375,0.015625,0.0,0.5906250000000006,0.5937499999999994,1.0,0.29999999936664473,1.0,0.29999999936664473,-2.8999999999999986,0.55,26.0,3.0,0,1,0,0,2,20,0,0,41,0
12000392,1.0,0.3,0.75,0.7654531249999986,0.8999999999999986,0.13454687499999998,-18,134.546875,10.546875,0.359375,0.078125,0.0,0.5937500000000006,0.5914062499999996,0.999999999996348,0.2999997723067352,0.999999999996348,0.2999997723067352,-1.8500000000000003,2.7499999999999996,19.0,9.0,0,0,0,0,2,23,0,0,39,0
12000393,0.0,0.05,0.5,1.7491718749999996,1.7499999999999996,0.0008281250000000005,1,0.828125,0.734375,0.09375,0.109375,0.03125,0.5064516129032257,0.5024193548387098,0.48775384135465305,0.050004749880193954,0.48775384135465305,0.050004749880193954,-0.45,2.1999999999999993,1.0,12.0,3,6,3,3,6,28,1,3,9,2
12000394,0.0,0.05,0.5,1.5461718750000004,1.5500000000000005,0.0038281250000000012,5,3.828125,1.328125,0.09375,0.171875,0.03125,0.5516129032258065,0.49758064516129036,0.05047001018342579,0.05745117809049473,0.05047001018342579,0.05745117809049473,-1.2000000000000002,2.75,7.0,10.0,0,8,3,0,5,36,0,2,8,2
12000395,0.0,0.05,0.75,4.945046875,4.95,0.0049531250000000035,-5,4.953125,1.671875,0.140625,0.0625,0.0,0.5343750000000003,0.5304687499999998,0.5802799594327912,0.05000392969021584,0.5802799594327912,0.05000392969021584,-0.55,5.500000000000001,2.0,11.0,2,4,1,0,5,32,3,2,15,0
12000396,1.0,0.05,0.75,-0.3186093749999989,-0.29999999999999893,0.018609375000000008,-7,18.609375,3.484375,0.125,0.015625,0.03125,0.5612903225806457,0.5725806451612898,0.9915558008264247,0.050117503675974485,0.9915558008264247,0.050117503675974485,-0.20000000000000018,-0.10000000000000009,4.0,5.0,0,5,0,0,2,20,2,1,32,2
12000397,1.0,0.05,0.25,4.34609375,4.35,0.003906250000000003,3,3.90625,1.78125,0.0625,0.109375,0.046875,0.5180327868852461,0.48524590163934417,0.6595281744900522,0.05000249197647428,0.6595281744900522,0.05000249197647428,-0.5499999999999998,4.9,3.0,8.0,2,7,5,1,2,36,4,2,2,3
12000398,0.0,0.3,0.25,-4.75746875,-4.6000000000000005,0.15746875000000002,25,157.46875,11.0625,0.015625,0.40625,0.015625,0.5396825396825397,0.4642857142857145,1.5489819653860343e-07,0.2999381068124688,1.5489819653860343e-07,0.2999381068124688,-3.55,-1.0499999999999998,18.0,9.0,0,14,3,0,3,41,1,0,1,1
12000399,1.0,0.3,0.5,1.7725937499999915,1.8999999999999915,0.12740625,-17,127.40625,9.71875,0.375,0.109375,0.0,0.5937500000000007,0.6031249999999995,0.9999999999999004,0.2999999874128786,0.9999999999999004,0.2999999874128786,-1.6000000000000005,3.4999999999999996,20.0,11.0,0,1,0,0,1,17,0,0,45,0
12000400,0.0,0.05,0.75,4.4968281249999995,4.499999999999999,0.0031718750000000015,-2,3.171875,1.390625,0.140625,0.109375,0.03125,0.5548387096774198,0.5217741935483872,0.7924922143730614,0.050236090846637355,0.7924922143730614,0.050236090846637355,-1.1500000000000001,5.6499999999999995,3.0,13.0,1,5,7,0,1,26,2,2,18,2
12000401,0.0,0.3,0.25,-2.3896718749999994,-2.2499999999999996,0.13967187499999997,20,139.671875,10.890625,0.078125,0.390625,0.015625,0.5333333333333335,0.46666666666666695,1.8969232080745445e-06,0.299896229844584,1.8969232080745445e-06,0.299896229844584,-4.4,2.1500000000000004,21.0,9.0,2,10,3,0,6,41,0,1,0,1
12000402,0.0,0.3,0.5,0.17412500000000028,0.30000000000000027,0.125875,14,125.875,9.78125,0.09375,0.3125,0.015625,0.542857142857143,0.46190476190476204,0.00431006558376836,0.2884286988682235,0.00431006558376836,0.2884286988682235,-3.25,3.55,15.0,11.0,1,10,6,0,5,40,0,1,0,1
12000403,0.0,0.3,0.25,-3.1036250000000014,-2.9000000000000012,0.20362500000000003,26,203.625,11.90625,0.046875,0.453125,0.015625,0.5682539682539687,0.47380952380952396,4.087711887046053e-10,0.2999996540598727,4.087711887046053e-10,0.2999996540598727,-3.650000000000001,0.7500000000000002,21.0,11.0,0,8,3,0,2,50,0,0,0,1
12000404,0.0,0.05,0.5,3.9492031249999986,3.9499999999999984,0.0007968750000000004,1,0.796875,0.703125,0.140625,0.15625,0.078125,0.5457627118644068,0.5,0.6969990888095828,0.05141454588067912,0.6969990888095828,0.05141454588067912,-0.3,4.249999999999999,1.0,18.0,0,8,2,0,4,35,0,4,6,5
12000405,0.0,0.05,0.25,-1.1836718749999997,-1.1499999999999997,0.033671875000000004,10,33.671875,4.640625,0.046875,0.203125,0.03125,0.5258064516129033,0.48306451612903245,0.10446377800080618,0.051469019116584636,0.10446377800080618,0.051469019116584636,-0.35,-0.7999999999999998,2.0,14.0,1,9,2,0,8,37,2,0,3,2
12000406,0.0,0.05,0.25,-0.5627187499999998,-0.5499999999999998,0.01271875000000001,7,12.71875,2.9375,0.03125,0.140625,0.03125,0.5387096774193549,0.4733870967741937,0.2512561667745354,0.05001152267213362,0.2512561667745354,0.05001152267213362,-0.2,-0.34999999999999987,1.0,10.0,1,9,4,1,6,38,0,0,3,2
12000407,1.0,0.05,0.75,-1.1464999999999996,-1.0999999999999996,0.046500000000000014,-12,46.5,5.625,0.21875,0.03125,0.03125,0.5741935483870972,0.5701612903225802,0.9910003362890779,0.06618850944451998,0.9910003362890779,0.06618850944451998,-0.5,-0.5999999999999999,4.0,12.0,0,1,2,0,3,24,1,2,29,2
12000408,1.0,0.05,0.75,0.17028125000000105,0.20000000000000107,0.02971875000000001,-7,29.71875,5.0,0.15625,0.046875,0.03125,0.5612903225806455,0.5580645161290321,0.9170044184785907,0.05016977157237536,0.9170044184785907,0.05016977157237536,-0.44999999999999996,0.6499999999999999,3.0,10.0,0,2,2,2,3,25,0,3,25,2
12000409,1.0,0.05,0.75,-0.43589062500000036,-0.40000000000000036,0.035890625,-9,35.890625,5.234375,0.203125,0.0625,0.015625,0.5619047619047625,0.5452380952380951,0.936631152217073,0.05157976212743015,0.936631152217073,0.05157976212743015,-0.8500000000000001,0.44999999999999973,4.0,13.0,2,2,3,0,2,28,0,4,22,1
12000410,0.0,0.05,0.25,0.4904843749999997,0.4999999999999997,0.009515625000000007,6,9.515625,2.734375,0.0625,0.15625,0.03125,0.5483870967741937,0.47822580645161306,0.5841579111690793,0.05003451684460167,0.5841579111690793,0.05003451684460167,-0.2,0.7,1.0,13.0,0,10,7,1,1,35,0,3,5,2
12000411,1.0,0.3,0.5,-0.5956562500000049,-0.350000000000005,0.24565624999999994,-26,245.65625,13.375,0.484375,0.078125,0.0,0.5937500000000007,0.5914062499999996,1.0000000000000002,0.29999999999178867,1.0000000000000002,0.29999999999178867,-2.999999999999999,2.6499999999999995,27.0,9.0,0,1,0,0,1,22,0,0,40,0
12000412,1.0,0.05,0.75,-1.745437500000001,-1.700000000000001,0.04543750000000001,-12,45.4375,5.53125,0.203125,0.015625,0.0,0.5687500000000005,0.5796874999999995,0.9936864207983281,0.0528601866397382,0.9936864207983281,0.0528601866397382,-0.40000000000000013,-1.3,3.0,11.0,0,1,1,1,6,19,0,1,35,0
12000413,0.0,0.05,0.25,-1.997140625,-1.95,0.04714062500000002,12,47.140625,5.828125,0.03125,0.21875,0.015625,0.514285714285714,0.4666666666666669,0.07330823623904362,0.051057122555664046,0.07330823623904362,0.051057122555664046,-1.0,-0.95,5.0,11.0,1,11,3,0,13,34,0,1,0,1
12000414,1.0,0.3,0.75,1.6310937499999967,1.6499999999999968,0.018906250000000013,-8,18.90625,3.71875,0.21875,0.09375,0.0,0.5687500000000006,0.5562499999999997,0.9396478762906884,0.08358291683022886,0.9396478762906884,0.08358291683022886,-1.5499999999999998,3.1999999999999993,10.0,10.0,1,1,0,2,1,33,0,2,24,0
12000415,1.0,0.3,0.75,0.5183124999999922,0.6999999999999922,0.18168750000000006,-19,181.6875,12.375,0.375,0.078125,0.0,0.6000000000000006,0.6054687499999994,0.9999999999985651,0.29999988219241114,0.9999999999985651,0.29999988219241114,-2.0,2.6999999999999997,19.0,10.0,0,0,0,0,0,19,0,0,45,0
12000416,1.0,0.05,0.5,1.2904999999999998,1.2999999999999998,0.009500000000000005,-5,9.5,2.5,0.15625,0.078125,0.0,0.5625000000000006,0.5468749999999997,0.6969602913098876,0.05006683723553285,0.6969602913098876,0.05006683723553285,-1.0999999999999999,2.4,5.0,10.0,0,1,3,3,1,32,1,2,21,0
12000417,1.0,0.3,0.5,1.3225624999999999,1.5,0.17743750000000005,-22,177.4375,11.59375,0.453125,0.109375,0.0,0.5937500000000007,0.6171874999999994,1.0,0.29999999996937093,1.0,0.29999999996937093,-2.799999999999999,4.299999999999999,27.0,9.0,0,0,0,0,1,13,0,1,49,0
12000418,0.0,0.3,0.5,-0.8786562499999998,-0.7499999999999998,0.12865625000000003,20,128.65625,9.5625,0.109375,0.421875,0.0,0.5468750000000003,0.48359375000000004,1.2257487849843805e-06,0.2999896939752181,1.2257487849843805e-06,0.2999896939752181,-5.050000000000001,4.3,23.0,11.0,0,7,1,0,9,46,0,1,0,0
12000419,0.0,0.05,0.25,0.08115624999999992,0.09999999999999992,0.01884375000000001,8,18.84375,3.875,0.078125,0.203125,0.03125,0.535483870967742,0.470967741935484,0.08592077087429811,0.05784054405727786,0.08592077087429811,0.05784054405727786,-0.4,0.5000000000000002,2.0,16.0,2,9,4,1,5,38,0,0,3,2
12000420,0.0,0.3,0.25,-0.35423437499999905,-0.199999999999999,0.15423437500000003,19,154.234375,10.828125,0.09375,0.390625,0.0,0.5593750000000002,0.4742187500000002,8.516800162389542e-08,0.29999519508116307,8.516800162389542e-08,0.29999519508116307,-3.35,3.1500000000000004,19.0,12.0,0,9,2,0,4,49,0,0,0,0
12000421,0.0,0.3,0.25,-1.1773124999999993,-1.0999999999999994,0.0773125,13,77.3125,8.03125,0.046875,0.25,0.015625,0.5269841269841271,0.45714285714285724,0.03579565426402304,0.07841821241145328,0.03579565426402304,0.07841821241145328,-2.2499999999999996,1.1500000000000001,12.0,7.0,0,14,6,1,5,35,0,2,0,1
12000422,0.0,0.3,0.75,2.575171875,2.6,0.024828125,6,24.828125,4.203125,0.125,0.21875,0.078125,0.5118644067796608,0.49491525423728805,0.1325881581971925,0.183187864576118,0.1325881581971925,0.183187864576118,-2.6499999999999995,5.250000000000001,12.0,10.0,0,6,2,2,9,34,3,1,2,5
12000423,1.0,0.05,0.75,0.17171874999999928,0.1999999999999993,0.02828125000000001,-6,28.28125,5.03125,0.171875,0.078125,0.0,0.5343750000000002,0.5585937499999998,0.7731408799150776,0.050082884832148754,0.7731408799150776,0.050082884832148754,-0.44999999999999996,0.6500000000000001,3.0,13.0,1,3,2,0,5,22,3,5,23,0
12000424,0.0,0.05,0.25,-1.6395312499999999,-1.5999999999999999,0.03953125000000001,9,39.53125,5.5625,0.015625,0.15625,0.015625,0.49523809523809503,0.473809523809524,0.12304817940958518,0.05002036831638972,0.12304817940958518,0.05002036831638972,-0.4,-1.2,2.0,9.0,1,12,4,3,9,28,2,0,4,1
12000425,1.0,0.05,0.75,-1.524921875,-1.5,0.024921875000000013,-10,24.921875,4.265625,0.171875,0.015625,0.03125,0.5612903225806455,0.5556451612903223,0.9707462988790195,0.05028949372456684,0.9707462988790195,0.05028949372456684,-0.3999999999999999,-1.0999999999999999,3.0,9.0,0,2,2,1,3,27,0,5,22,2
12000426,1.0,0.05,0.5,2.59309375,2.6,0.006906250000000004,-1,6.90625,2.4375,0.109375,0.09375,0.046875,0.5377049180327871,0.4950819672131148,0.3717073580140004,0.050012832145886234,0.3717073580140004,0.050012832145886234,-0.3999999999999999,3.0,2.0,11.0,1,5,8,2,5,28,0,3,9,3
12000427,1.0,0.05,0.25,4.898625,4.9,0.0013750000000000006,0,1.375,0.84375,0.15625,0.15625,0.046875,0.5344262295081967,0.5098360655737705,0.5990689449182329,0.05291168376654416,0.5990689449182329,0.05291168376654416,-1.0000000000000002,5.9,5.0,15.0,1,7,5,1,4,26,1,3,13,3
12000428,1.0,0.3,0.5,-0.7458906250000071,-0.5000000000000071,0.24589062500000006,-25,245.890625,14.328125,0.4375,0.046875,0.015625,0.5968253968253974,0.6166666666666661,0.9999999999999999,0.2999999999430559,0.9999999999999999,0.2999999999430559,-2.3499999999999988,1.8499999999999999,26.0,5.0,0,0,0,0,0,14,0,1,48,1
12000429,1.0,0.3,0.5,3.5928124999999884,3.6999999999999886,0.10718749999999999,-19,107.1875,8.25,0.453125,0.15625,0.0,0.5781250000000006,0.5867187499999995,1.0,0.2999999999996016,1.0,0.2999999999996016,-2.8999999999999986,6.6,28.0,11.0,0,3,1,0,1,18,1,1,39,0
12000430,0.0,0.05,0.25,-2.002359375,-1.9500000000000002,0.05235937500000002,13,52.359375,5.921875,0.03125,0.234375,0.015625,0.5333333333333334,0.4690476190476192,0.011060601263680607,0.06717863796902639,0.011060601263680607,0.06717863796902639,-0.6000000000000001,-1.3499999999999999,3.0,14.0,1,8,7,0,8,36,1,1,1,1
12000431,0.0,0.05,0.5,1.698234375,1.7,0.0017656250000000011,1,1.765625,1.109375,0.078125,0.09375,0.078125,0.5288135593220339,0.46949152542372896,0.3158750374790956,0.05000738186021616,0.3158750374790956,0.05000738186021616,-0.14999999999999997,1.8500000000000003,1.0,10.0,0,12,5,2,3,32,1,0,4,5
12000432,0.0,0.3,0.25,-4.58803125,-4.4,0.18803125000000004,23,188.03125,11.90625,0.03125,0.390625,0.0,0.5406250000000001,0.47656250000000017,3.7011892130509e-06,0.29944829786005484,3.7011892130509e-06,0.29944829786005484,-4.800000000000001,0.4000000000000001,19.0,8.0,0,9,5,0,5,41,2,1,1,0
12000433,0.0,0.3,0.5,1.9498906250000008,2.000000000000001,0.050109375000000025,12,50.109375,5.734375,0.140625,0.328125,0.015625,0.5269841269841269,0.47380952380952396,1.0506599093112983e-05,0.2999487487190098,1.0506599093112983e-05,0.2999487487190098,-3.849999999999999,5.85,19.0,11.0,0,12,3,0,9,35,1,0,3,1
12000434,0.0,0.05,0.25,1.2922187500000002,1.3000000000000003,0.00778125,5,7.78125,1.6875,0.125,0.203125,0.0,0.5281250000000001,0.48828125000000017,0.2479654029140333,0.05476342423115475,0.2479654029140333,0.05476342423115475,-0.6499999999999999,1.95,3.0,18.0,1,9,5,1,7,31,1,1,8,0
12000435,1.0,0.05,0.25,5.193234375,5.2,0.006765625000000003,3,6.765625,2.265625,0.09375,0.140625,0.046875,0.5114754098360655,0.4581967213114756,0.716582913823158,0.05003510361500575,0.716582913823158,0.05003510361500575,-0.5,5.7,2.0,13.0,1,14,7,1,8,25,0,1,4,3
12000436,1.0,0.05,0.5,4.945453125,4.95,0.004546875000000002,4,4.546875,1.640625,0.078125,0.140625,0.015625,0.5301587301587303,0.4880952380952382,0.5320557434476157,0.050010512687404376,0.5320557434476157,0.050010512687404376,-0.3999999999999999,5.35,2.0,12.0,0,10,6,1,6,29,1,2,8,1
12000437,1.0,0.05,0.25,5.4446875,5.449999999999999,0.005312500000000003,4,5.3125,1.875,0.09375,0.15625,0.03125,0.5322580645161292,0.49032258064516143,0.7765114404533667,0.050030319962732314,0.7765114404533667,0.050030319962732314,-1.6,7.049999999999998,6.0,10.0,2,6,4,2,5,35,0,2,6,2
12000438,1.0,0.3,0.75,-0.3533593750000064,-0.2000000000000064,0.15335937500000002,-19,153.359375,10.171875,0.359375,0.0625,0.0,0.5812500000000005,0.5843749999999995,0.9999999999912138,0.29999929436285755,0.9999999999912138,0.29999929436285755,-1.9000000000000006,1.7,18.0,9.0,0,3,1,0,2,18,0,1,39,0
12000439,0.0,0.05,0.75,2.9910156250000006,3.0000000000000004,0.008984375000000005,1,8.984375,2.640625,0.109375,0.125,0.015625,0.5301587301587305,0.4904761904761905,0.13501501231893698,0.050113316041165895,0.13501501231893698,0.050113316041165895,-0.95,3.9499999999999997,5.0,10.0,1,8,3,1,6,36,2,0,6,1
12000440,0.0,0.3,0.75,6.996890624999998,6.999999999999998,0.003109375000000002,1,3.109375,1.578125,0.203125,0.21875,0.0625,0.5666666666666669,0.4925000000000002,0.008696122096063557,0.28795614225592847,0.008696122096063557,0.28795614225592847,-2.6500000000000004,9.650000000000002,14.0,13.0,0,7,5,1,1,37,0,0,9,4
12000441,1.0,0.3,0.25,3.0196249999999942,3.0999999999999943,0.080375,-14,80.375,7.46875,0.375,0.15625,0.0,0.5812500000000006,0.5796874999999995,0.9999999999009245,0.29999992633415634,0.9999999999009245,0.29999992633415634,-2.999999999999999,6.1,22.0,12.0,0,1,0,0,1,27,2,0,33,0
12000442,0.0,0.05,0.5,5.888406250000001,5.900000000000001,0.011593750000000007,-4,11.59375,2.8125,0.171875,0.109375,0.03125,0.5387096774193552,0.5508064516129029,0.7662024127865795,0.05092538014491377,0.7662024127865795,0.05092538014491377,-0.3,6.200000000000001,1.0,17.0,1,3,2,0,4,25,3,4,20,2
12000443,1.0,0.3,0.5,2.7336093749999972,2.799999999999997,0.06639062500000002,-14,66.390625,7.203125,0.34375,0.125,0.0,0.5937500000000007,0.5914062499999995,0.9999999998612329,0.29999954011313645,0.9999999998612329,0.29999954011313645,-2.25,5.049999999999999,19.0,11.0,0,0,0,0,2,23,0,0,39,0
12000444,1.0,0.3,0.5,-0.9474843749999972,-0.7999999999999972,0.14748437500000003,-21,147.484375,10.484375,0.40625,0.078125,0.0,0.5937500000000007,0.5796874999999996,0.999999999918415,0.2999994704306992,0.999999999918415,0.2999994704306992,-3.0999999999999996,2.3,21.0,10.0,0,1,0,0,1,27,0,0,35,0
12000445,1.0,0.3,0.75,0.5042343749999979,0.5999999999999979,0.09576562500000001,-16,95.765625,8.453125,0.328125,0.078125,0.0,0.5843750000000006,0.5960937499999994,0.9999999994265218,0.29999054102188416,0.9999999994265218,0.29999054102188416,-2.3999999999999986,2.9999999999999996,18.0,8.0,0,1,0,0,3,18,0,1,41,0
12000446,1.0,0.05,0.75,0.4880937499999991,0.4999999999999991,0.011906250000000009,-5,11.90625,3.0625,0.15625,0.078125,0.03125,0.5419354838709678,0.5435483870967741,0.5766813017248134,0.050032269039362774,0.5766813017248134,0.050032269039362774,-0.44999999999999996,0.9500000000000002,1.0,14.0,1,6,1,0,2,26,1,6,19,2
12000447,0.0,0.05,0.75,3.349328124999999,3.349999999999999,0.0006718750000000004,1,0.671875,0.640625,0.109375,0.125,0.0,0.5375000000000005,0.49531250000000004,0.6029104354833352,0.05002819113845887,0.6029104354833352,0.05002819113845887,-0.7,4.050000000000001,3.0,12.0,5,4,4,1,0,39,1,2,8,0
12000448,1.0,0.3,0.5,-1.6377812500000029,-1.4500000000000028,0.18778125000000004,-23,187.78125,12.15625,0.390625,0.03125,0.0,0.6000000000000008,0.6007812499999995,0.999999999999842,0.29999992934579417,0.999999999999842,0.29999992934579417,-2.0999999999999996,0.6500000000000001,21.0,6.0,0,0,0,0,0,21,0,0,43,0
12000449,1.0,0.3,0.5,1.1184062499999965,1.2499999999999964,0.13159374999999993,-15,131.59375,10.6875,0.328125,0.09375,0.03125,0.5806451612903232,0.5991935483870964,0.9999999998515587,0.2999978714413724,0.9999999998515587,0.2999978714413724,-2.35,3.5999999999999996,18.0,9.0,0,1,1,0,2,15,1,1,41,2
12000450,1.0,0.05,0.75,0.8925781250000003,0.9000000000000004,0.007421875000000006,-3,7.421875,2.421875,0.125,0.078125,0.078125,0.5559322033898308,0.5432203389830506,0.432110582645212,0.05000868934232635,0.432110582645212,0.05000868934232635,-0.6499999999999999,1.5500000000000003,2.0,11.0,0,5,1,0,1,29,3,1,19,5
12000451,0.0,0.05,0.25,-0.958046875,-0.95,0.008046875000000004,6,8.046875,2.046875,0.0625,0.15625,0.03125,0.49999999999999983,0.48790322580645185,0.40623275339599696,0.050012327110479864,0.40623275339599696,0.050012327110479864,-0.7,-0.25,3.0,11.0,2,11,3,1,5,29,4,1,6,2
12000452,0.0,0.05,0.75,2.8457343749999993,2.849999999999999,0.004265625000000003,2,4.265625,1.890625,0.125,0.15625,0.0,0.5500000000000003,0.5,0.3788479602420103,0.05025780890998404,0.3788479602420103,0.05025780890998404,-1.35,4.199999999999999,6.0,12.0,0,5,7,0,3,37,3,2,7,0
12000453,0.0,0.3,0.5,-0.8859218750000004,-0.7500000000000004,0.13592187499999994,15,135.921875,10.671875,0.0625,0.296875,0.0,0.5437500000000003,0.4789062500000001,0.0017326521310474694,0.2754944125247379,0.0017326521310474694,0.2754944125247379,-2.8499999999999996,2.1,15.0,8.0,1,7,2,2,4,47,0,1,0,0
12000454,0.0,0.05,0.25,2.195625,2.2,0.004375000000000003,2,4.375,1.78125,0.09375,0.125,0.078125,0.5152542372881356,0.46694915254237307,0.5128036943239028,0.050043436720831384,0.5128036943239028,0.050043436720831384,-0.7,2.9000000000000004,3.0,11.0,0,12,7,2,6,26,1,1,4,5
12000455,1.0,0.05,0.25,7.62709375,7.65,0.022906250000000003,5,22.90625,4.40625,0.125,0.203125,0.03125,0.5258064516129032,0.4733870967741936,0.656660443777916,0.0551510646637343,0.656660443777916,0.0551510646637343,-0.7,8.349999999999998,3.0,18.0,1,12,2,2,5,36,0,0,4,2
12000456,0.0,0.05,0.5,7.184578125,7.2,0.015421875000000012,-7,15.421875,3.359375,0.171875,0.0625,0.015625,0.5555555555555559,0.5333333333333332,0.6769251050480563,0.050075341207691054,0.6769251050480563,0.050075341207691054,-0.75,7.95,3.0,12.0,0,1,3,1,5,35,3,0,15,1
12000457,0.0,0.05,0.25,-1.106953125,-1.1,0.0069531250000000044,5,6.953125,2.046875,0.03125,0.109375,0.046875,0.5114754098360655,0.4852459016393444,0.16969519432794625,0.050002478222720026,0.16969519432794625,0.050002478222720026,-0.04999999999999999,-1.05,1.0,8.0,0,11,5,1,4,30,4,2,4,3
12000458,1.0,0.3,0.75,-0.3477031250000022,-0.15000000000000213,0.19770312500000006,-20,197.703125,12.984375,0.375,0.0625,0.0,0.5937500000000007,0.6031249999999995,0.9999999999974206,0.2999997529515846,0.9999999999974206,0.2999997529515846,-1.5000000000000002,1.3499999999999999,16.0,12.0,0,0,0,0,1,19,0,1,43,0
12000459,1.0,0.3,0.75,-1.528515625000002,-1.4000000000000021,0.12851562500000002,-18,128.515625,9.890625,0.296875,0.015625,0.0,0.5875000000000006,0.5890624999999995,0.9999999972178909,0.29986779584191503,0.9999999972178909,0.29986779584191503,-1.4500000000000004,0.050000000000000044,15.0,5.0,0,0,0,0,3,23,0,1,37,0
12000460,0.0,0.05,0.5,2.548046874999999,2.549999999999999,0.001953125000000001,3,1.953125,0.953125,0.140625,0.1875,0.046875,0.5442622950819672,0.507377049180328,0.6047892029872961,0.05161669730086887,0.6047892029872961,0.05161669730086887,-0.75,3.299999999999999,4.0,17.0,0,8,3,0,2,34,2,3,9,3
12000461,1.0,0.3,0.75,0.3592812499999993,0.4499999999999993,0.09071875000000001,-20,90.71875,8.15625,0.390625,0.078125,0.0,0.5875000000000006,0.5820312499999997,0.9999999999989351,0.29999994808251373,0.9999999999989351,0.29999994808251373,-2.8499999999999988,3.3,23.0,7.0,0,0,1,0,3,24,0,1,35,0
12000462,0.0,0.05,0.75,6.046953125,6.05,0.003046875000000002,-4,3.046875,1.359375,0.1875,0.125,0.03125,0.5548387096774197,0.5290322580645158,0.545018519894458,0.051154614042525325,0.545018519894458,0.051154614042525325,-0.55,6.6000000000000005,2.0,18.0,0,4,4,1,4,29,2,0,18,2
12000463,0.0,0.05,0.5,4.9472499999999995,4.949999999999999,0.002750000000000002,-3,2.75,1.46875,0.15625,0.109375,0.03125,0.5451612903225809,0.529032258064516,0.40793424012739116,0.050073878093130644,0.40793424012739116,0.050073878093130644,-0.2,5.1499999999999995,1.0,16.0,1,6,4,0,1,27,2,4,17,2
12000464,0.0,0.05,0.5,3.0468125000000006,3.0500000000000007,0.003187500000000002,-1,3.1875,1.40625,0.109375,0.09375,0.0625,0.5633333333333337,0.5024999999999998,0.205321487524765,0.05001512741033651,0.205321487524765,0.05001512741033651,-0.6000000000000001,3.6499999999999995,3.0,10.0,0,8,5,0,2,31,0,1,13,4
12000465,0.0,0.3,0.75,4.388937499999997,4.399999999999998,0.011062500000000008,6,11.0625,2.59375,0.1875,0.28125,0.015625,0.5428571428571429,0.4833333333333336,0.00030980548821396016,0.2993445693988379,0.00030980548821396016,0.2993445693988379,-3.4,7.799999999999998,17.0,13.0,0,12,4,0,4,34,0,2,7,1
12000466,0.0,0.3,0.25,-1.8778281249999993,-1.7499999999999993,0.127828125,19,127.828125,9.296875,0.0625,0.359375,0.0,0.5500000000000003,0.47421875000000013,6.808723336738419e-06,0.29959900533987177,6.808723336738419e-06,0.29959900533987177,-3.6499999999999995,1.9000000000000006,19.0,8.0,0,10,3,0,4,45,0,2,0,0
12000467,1.0,0.3,0.25,6.162359374999998,6.1999999999999975,0.03764062500000001,-8,37.640625,4.984375,0.328125,0.203125,0.015625,0.590476190476191,0.5690476190476187,0.9999999992430181,0.2999997576078169,0.9999999992430181,0.2999997576078169,-2.0999999999999996,8.299999999999999,17.0,17.0,0,2,0,0,0,30,0,1,30,1
12000468,0.0,0.3,0.75,3.30521875,3.35,0.04478125000000001,8,44.78125,5.96875,0.140625,0.265625,0.046875,0.534426229508197,0.4581967213114756,0.0002204107784378607,0.298857315834511,0.0002204107784378607,0.298857315834511,-2.55,5.9,15.0,11.0,0,12,8,0,5,33,1,1,1,3
12000469,1.0,0.05,0.75,0.33915625000000055,0.35000000000000053,0.010843750000000008,-5,10.84375,3.0,0.140625,0.0625,0.078125,0.5593220338983054,0.5330508474576271,0.6765867450196361,0.05004047814587537,0.6765867450196361,0.05004047814587537,-0.25,0.5999999999999999,2.0,11.0,1,1,5,0,7,25,0,2,18,5
12000470,1.0,0.05,0.5,3.495375,3.5,0.004625000000000002,0,4.625,1.75,0.15625,0.15625,0.015625,0.53968253968254,0.5095238095238094,0.2881212043002191,0.05050119444552819,0.2881212043002191,0.05050119444552819,0.0,3.4999999999999982,0.0,20.0,0,6,5,0,9,28,1,2,12,1
12000471,0.0,0.05,0.75,2.39865625,2.4000000000000004,0.0013437500000000008,0,1.34375,0.84375,0.109375,0.109375,0.0625,0.5500000000000004,0.5124999999999998,0.32379699938739526,0.050022531985514034,0.32379699938739526,0.050022531985514034,-0.8500000000000001,3.25,3.0,11.0,1,3,2,1,3,39,2,1,8,4
12000472,1.0,0.05,0.25,5.986109375,6.0,0.01389062500000001,5,13.890625,3.484375,0.09375,0.171875,0.03125,0.5064516129032258,0.4637096774193549,0.4006867055774555,0.050199821216594026,0.4006867055774555,0.050199821216594026,-1.4,7.4,4.0,13.0,0,16,5,1,6,28,1,3,2,2
12000473,0.0,0.3,0.25,-1.718015625,-1.6,0.11801562500000001,20,118.015625,9.265625,0.078125,0.390625,0.0,0.5593750000000004,0.4765625000000002,2.4253058981031706e-06,0.29991352679088334,2.4253058981031706e-06,0.29991352679088334,-4.0,2.3999999999999995,20.0,10.0,1,7,3,0,2,50,1,0,0,0
12000474,1.0,0.05,0.5,2.74934375,2.75,0.0006562500000000001,-1,0.65625,0.5,0.125,0.109375,0.0,0.5187500000000002,0.5210937499999998,0.581520859663493,0.05002016256960552,0.581520859663493,0.05002016256960552,-0.7499999999999998,3.5,4.0,11.0,1,6,3,2,3,30,1,9,9,0
12000475,0.0,0.3,0.75,2.9132499999999997,2.9499999999999997,0.036750000000000005,5,36.75,5.625,0.140625,0.21875,0.046875,0.5442622950819673,0.49016393442622946,0.013454660880831009,0.2420702688949368,0.013454660880831009,0.2420702688949368,-2.1999999999999997,5.15,11.0,12.0,0,6,4,0,5,40,1,4,1,3
12000476,1.0,0.05,0.75,-1.1702968750000005,-1.1500000000000004,0.020296875000000006,-9,20.296875,3.484375,0.15625,0.015625,0.03125,0.5516129032258068,0.5411290322580642,0.9662157478400393,0.05015229521533264,0.9662157478400393,0.05015229521533264,-0.25,-0.8999999999999997,2.0,9.0,0,6,0,1,4,28,1,1,21,2
12000477,1.0,0.05,0.5,2.8481406249999996,2.8499999999999996,0.0018593750000000012,1,1.859375,1.140625,0.078125,0.09375,0.046875,0.5245901639344263,0.4901639344262297,0.7364686086969707,0.050002173443242655,0.7364686086969707,0.050002173443242655,0.0,2.85,0.0,11.0,0,10,3,3,5,31,0,2,7,3
12000478,1.0,0.05,0.25,3.9971875,4.0,0.0028125000000000016,0,2.8125,1.4375,0.125,0.125,0.015625,0.5492063492063496,0.5119047619047619,0.7131878329787675,0.05009021109248582,0.7131878329787675,0.05009021109248582,-1.2,5.199999999999998,5.0,11.0,1,4,3,2,5,35,0,1,12,1
12000479,1.0,0.3,0.5,-0.2557812499999986,-0.14999999999999858,0.10578125000000001,-18,105.78125,9.25,0.34375,0.0625,0.0,0.6000000000000006,0.5960937499999995,0.9999999995526367,0.29999271641822156,0.9999999995526367,0.29999271641822156,-2.499999999999999,2.3499999999999996,20.0,6.0,0,0,1,0,0,21,0,0,42,0
12000480,0.0,0.3,0.25,0.49153125000000025,0.5500000000000003,0.05846875000000003,9,58.46875,6.8125,0.078125,0.21875,0.0625,0.5166666666666666,0.45000000000000023,0.09288941883943254,0.07973617824183292,0.09288941883943254,0.07973617824183292,-2.3,2.85,12.0,7.0,3,13,5,1,2,35,1,0,0,4
12000481,1.0,0.05,0.5,1.5323906250000008,1.5500000000000007,0.017609375000000007,-7,17.609375,3.546875,0.1875,0.078125,0.0,0.5468750000000003,0.5468749999999998,0.8226217830129882,0.05325276205742757,0.8226217830129882,0.05325276205742757,-0.8499999999999999,2.4,6.0,11.0,1,3,1,1,5,28,0,5,20,0
12000482,1.0,0.05,0.5,1.7444375,1.75,0.005562500000000003,-4,5.5625,1.84375,0.171875,0.109375,0.046875,0.5475409836065577,0.5467213114754095,0.916505253393469,0.05334805323610528,0.916505253393469,0.05334805323610528,-0.5,2.2499999999999996,4.0,14.0,0,4,4,1,3,22,2,3,22,3
12000483,0.0,0.3,0.25,-2.2101406249999997,-2.05,0.16014062500000006,22,160.140625,10.953125,0.0625,0.40625,0.015625,0.5460317460317462,0.46190476190476215,2.3625765713387126e-08,0.2999928508972068,2.3625765713387126e-08,0.2999928508972068,-3.7500000000000004,1.7000000000000004,20.0,10.0,0,13,3,0,4,43,0,0,0,1
12000484,0.0,0.05,0.25,-0.6186562500000001,-0.6000000000000001,0.018656250000000013,6,18.65625,3.8125,0.03125,0.125,0.046875,0.5442622950819673,0.463114754098361,0.1739635875123644,0.05000856841026589,0.1739635875123644,0.05000856841026589,-0.4,-0.20000000000000007,2.0,8.0,1,10,7,0,4,36,0,1,2,3
12000485,0.0,0.3,0.25,-0.6449687499999996,-0.5499999999999996,0.09496874999999999,15,94.96875,8.4375,0.078125,0.3125,0.03125,0.5451612903225808,0.456451612903226,3.226680838283109e-05,0.2984941180182521,3.226680838283109e-05,0.2984941180182521,-2.6,2.0500000000000003,15.0,10.0,1,12,7,0,2,38,0,1,1,2
12000486,0.0,0.05,0.25,1.2883124999999997,1.2999999999999998,0.011687500000000005,6,11.6875,3.15625,0.109375,0.203125,0.015625,0.526984126984127,0.4904761904761905,0.24201789300745874,0.05784118324777164,0.24201789300745874,0.05784118324777164,-1.05,2.35,4.0,16.0,1,8,4,0,9,32,1,2,6,1
12000487,1.0,0.05,0.25,6.69234375,6.7,0.007656250000000006,5,7.65625,2.1875,0.09375,0.171875,0.015625,0.511111111111111,0.47380952380952396,0.4810962123746107,0.05024605712277328,0.4810962123746107,0.05024605712277328,-1.15,7.8500000000000005,4.0,13.0,1,12,3,1,9,32,0,3,2,1
12000488,0.0,0.3,0.75,-1.0541093749999995,-0.9499999999999995,0.10410937500000003,16,104.109375,9.203125,0.078125,0.328125,0.03125,0.5548387096774196,0.4733870967741938,0.0001113002697340886,0.29798764175229975,0.0001113002697340886,0.29798764175229975,-4.25,3.3,20.0,6.0,0,7,6,0,5,42,0,2,0,2
12000489,0.0,0.3,0.25,-5.049406250000001,-4.750000000000002,0.29940624999999993,31,299.40625,13.9375,0.0625,0.546875,0.0,0.5625000000000003,0.4906250000000001,3.696264023016602e-11,0.2999999826258548,3.696264023016602e-11,0.2999999826258548,-5.250000000000001,0.5000000000000004,23.0,16.0,0,6,1,0,6,48,0,0,3,0
12000490,1.0,0.05,0.5,3.1989531249999996,3.1999999999999997,0.0010468750000000007,0,1.046875,0.796875,0.125,0.125,0.015625,0.5396825396825397,0.5047619047619047,0.8604184863907737,0.05009071245772067,0.8604184863907737,0.05009071245772067,-1.2,4.3999999999999995,5.0,11.0,0,8,3,0,4,35,2,3,8,1
12000491,0.0,0.05,0.25,-1.7918437499999997,-1.7499999999999998,0.04184375000000002,13,41.84375,5.375,0.015625,0.21875,0.015625,0.5396825396825399,0.466666666666667,0.004569595502709587,0.06778657985878077,0.004569595502709587,0.06778657985878077,-0.7999999999999998,-0.95,6.0,9.0,1,11,6,0,3,38,1,1,2,1
12000492,1.0,0.3,0.25,3.2520312500000026,3.3000000000000025,0.047968750000000004,-11,47.96875,6.40625,0.3125,0.140625,0.015625,0.5777777777777782,0.5738095238095235,0.9999999994817024,0.2999986435964239,0.9999999994817024,0.2999986435964239,-2.3499999999999996,5.65,19.0,10.0,0,0,1,0,5,25,0,2,30,1
12000493,1.0,0.05,0.75,2.5951562499999996,2.5999999999999996,0.0048437500000000034,-3,4.84375,1.875,0.15625,0.109375,0.03125,0.5548387096774197,0.5241935483870966,0.36694573619852744,0.05011889464644353,0.36694573619852744,0.05011889464644353,0.0,2.6000000000000005,0.0,17.0,1,3,2,0,4,36,2,1,13,2
12000494,1.0,0.05,0.5,2.7874062500000014,2.8000000000000016,0.01259375000000001,-5,12.59375,3.03125,0.203125,0.125,0.046875,0.5475409836065578,0.544262295081967,0.8900634122439259,0.10352516624477628,0.8900634122439259,0.10352516624477628,-0.55,3.3499999999999996,3.0,18.0,0,2,2,1,2,32,4,2,16,3
12000495,0.0,0.05,0.5,2.24834375,2.25,0.001656250000000001,3,1.65625,1.0625,0.125,0.171875,0.046875,0.5278688524590162,0.5122950819672131,0.1578931064094297,0.05376359896199688,0.1578931064094297,0.05376359896199688,-0.35,2.6000000000000005,2.0,17.0,1,7,2,0,7,29,1,4,10,3
12000496,1.0,0.05,0.5,2.241203125000002,2.2500000000000018,0.008796875000000004,-6,8.796875,2.390625,0.203125,0.109375,0.046875,0.5639344262295085,0.524590163934426,0.9253385166121004,0.10730410423155093,0.9253385166121004,0.10730410423155093,-0.8500000000000001,3.0999999999999996,6.0,14.0,0,3,6,0,6,27,1,0,18,3
12000497,1.0,0.3,0.25,1.5355937499999979,1.5999999999999979,0.06440625000000001,-13,64.40625,6.9375,0.296875,0.09375,0.046875,0.58688524590164,0.588524590163934,0.9999999222731006,0.2999341834689847,0.9999999222731006,0.2999341834689847,-2.599999999999999,4.199999999999999,19.0,6.0,0,1,0,0,2,21,0,1,36,3
12000498,1.0,0.05,0.25,6.337109375,6.35,0.012890625000000008,4,12.890625,3.296875,0.09375,0.15625,0.046875,0.5147540983606557,0.4754098360655739,0.6008722857825712,0.05032947339619096,0.6008722857825712,0.05032947339619096,-0.55,6.9,2.0,14.0,1,12,2,0,10,31,0,2,3,3
12000499,0.0,0.05,0.5,0.7519375,0.8,0.048062499999999994,7,48.0625,6.625,0.09375,0.203125,0.03125,0.5161290322580645,0.4733870967741936,0.2536848202080346,0.054464476548695025,0.2536848202080346,0.054464476548695025,-0.9500000000000002,1.75,4.0,15.0,3,7,8,2,4,31,2,1,4,2
12000500,0.0,0.3,0.5,-1.3902031250000004,-1.2000000000000004,0.19020312500000006,18,190.203125,12.640625,0.09375,0.375,0.015625,0.5396825396825398,0.46190476190476215,6.980502912026433e-06,0.29985406851102225,6.980502912026433e-06,0.29985406851102225,-3.8500000000000005,2.65,19.0,11.0,0,13,4,0,5,40,0,1,0,1
12000501,1.0,0.05,0.5,1.2470312499999991,1.2499999999999991,0.0029687500000000013,-5,2.96875,1.375,0.171875,0.09375,0.015625,0.5428571428571431,0.5309523809523807,0.5900020372226089,0.05022424417550164,0.5900020372226089,0.05022424417550164,-0.19999999999999996,1.4500000000000004,1.0,16.0,0,3,2,1,6,33,2,3,13,1
12000502,0.0,0.3,0.25,-3.275843750000001,-3.150000000000001,0.12584375000000003,19,125.84375,9.9375,0.03125,0.328125,0.046875,0.5442622950819673,0.45327868852459047,3.0237644424478856e-05,0.2956891263402165,3.0237644424478856e-05,0.2956891263402165,-4.1499999999999995,1.0,20.0,3.0,0,10,10,1,5,34,0,0,1,3
12000503,1.0,0.3,0.75,-1.0827968750000057,-0.9000000000000057,0.18279687500000003,-23,182.796875,11.421875,0.40625,0.046875,0.0,0.5906250000000006,0.6007812499999995,0.9999999999999961,0.29999999349430356,0.9999999999999961,0.29999999349430356,-2.25,1.3499999999999999,22.0,7.0,0,1,0,0,2,17,0,0,44,0
12000504,0.0,0.05,0.75,5.738890624999999,5.749999999999999,0.011109375000000005,-5,11.109375,2.609375,0.15625,0.078125,0.015625,0.571428571428572,0.5357142857142855,0.7082213905695672,0.05006030104500874,0.7082213905695672,0.05006030104500874,-0.2,5.949999999999998,1.0,14.0,0,3,4,1,2,31,0,2,20,1
12000505,0.0,0.05,0.5,0.13324999999999967,0.1499999999999997,0.016750000000000004,8,16.75,2.90625,0.078125,0.203125,0.0625,0.5533333333333335,0.5100000000000001,0.32754110827678595,0.054942360219507866,0.32754110827678595,0.054942360219507866,-1.8,1.9500000000000002,6.0,12.0,0,5,3,0,5,35,1,2,9,4
12000506,0.0,0.3,0.75,1.4295468750000004,1.5000000000000004,0.07045312500000003,11,70.453125,7.796875,0.125,0.296875,0.015625,0.5206349206349206,0.4714285714285717,0.01641067544643452,0.28835770190920085,0.01641067544643452,0.28835770190920085,-3.9,5.4,18.0,9.0,1,13,2,0,8,35,0,2,2,1
12000507,1.0,0.3,0.25,3.908062499999998,3.9999999999999982,0.09193750000000003,-12,91.9375,8.28125,0.359375,0.171875,0.0,0.5812500000000006,0.5914062499999996,0.9999999999761182,0.2999999464791869,0.9999999999761182,0.2999999464791869,-3.1499999999999995,7.149999999999999,22.0,12.0,1,0,0,0,2,21,0,2,38,0
12000508,0.0,0.05,0.75,3.3488593750000004,3.3500000000000005,0.0011406250000000006,-1,1.140625,0.796875,0.125,0.109375,0.03125,0.541935483870968,0.5,0.14433841306548476,0.05003278213327677,0.14433841306548476,0.05003278213327677,-1.2,4.55,5.0,10.0,0,9,4,2,0,34,2,1,10,2
12000509,1.0,0.3,0.5,2.425296875,2.5,0.07470312500000001,-12,74.703125,7.890625,0.296875,0.109375,0.0,0.5875000000000006,0.5867187499999995,0.9999999663136567,0.2999610971605753,0.9999999663136567,0.2999610971605753,-2.1000000000000005,4.6,17.0,9.0,0,0,0,1,2,24,0,0,37,0
12000510,0.0,0.05,0.75,3.6463906250000004,3.6500000000000004,0.0036093750000000023,-3,3.609375,1.421875,0.125,0.078125,0.0625,0.536666666666667,0.5249999999999998,0.3661097986632498,0.05000451273651271,0.3661097986632498,0.05000451273651271,-0.35000000000000003,4.0,1.0,12.0,1,7,0,2,0,32,2,2,14,4
12000511,0.0,0.05,0.5,5.3963593749999985,5.399999999999999,0.0036406250000000015,-3,3.640625,1.484375,0.15625,0.109375,0.015625,0.526984126984127,0.5142857142857142,0.410358270944537,0.05011924515760147,0.410358270944537,0.05011924515760147,-1.05,6.449999999999999,3.0,14.0,1,4,4,2,7,30,1,4,10,1
12000512,1.0,0.05,0.5,0.7930156249999989,0.7999999999999989,0.006984375000000003,-7,6.984375,2.109375,0.1875,0.078125,0.015625,0.5555555555555559,0.5428571428571427,0.9267746238535449,0.05299772162561114,0.9267746238535449,0.05299772162561114,-0.6499999999999999,1.45,4.0,13.0,0,4,2,1,1,31,2,3,19,1
12000513,0.0,0.3,0.75,-0.07651562499999963,3.885780586188048e-16,0.07651562500000002,17,76.515625,7.421875,0.109375,0.375,0.015625,0.5333333333333334,0.4690476190476192,1.4090179223630097e-06,0.2999801822433259,1.4090179223630097e-06,0.2999801822433259,-3.5,3.499999999999999,19.0,12.0,0,13,3,0,3,41,2,1,0,1
12000514,0.0,0.05,0.25,0.21404687500000028,0.2500000000000003,0.035953125,10,35.953125,4.859375,0.078125,0.234375,0.0625,0.5266666666666665,0.46250000000000036,0.06054423415688875,0.1208859866754118,0.06054423415688875,0.1208859866754118,-0.4,0.6500000000000001,2.0,18.0,1,14,4,0,5,32,0,1,3,4
12000515,1.0,0.05,0.5,2.8914687499999996,2.8999999999999995,0.008531250000000004,-4,8.53125,2.46875,0.203125,0.140625,0.0,0.5593750000000003,0.5328124999999999,0.612763920406381,0.05581479732248365,0.612763920406381,0.05581479732248365,-1.5499999999999998,4.45,6.0,16.0,0,2,4,1,5,32,0,4,16,0
12000516,1.0,0.05,0.5,6.548078125,6.55,0.0019218750000000013,2,1.921875,1.171875,0.140625,0.171875,0.046875,0.5377049180327872,0.5049180327868851,0.5558660844912735,0.05714587186078722,0.5558660844912735,0.05714587186078722,-1.2,7.750000000000001,5.0,15.0,0,8,5,1,6,26,1,1,13,3
12000517,1.0,0.3,0.5,1.7926875000000058,1.9000000000000057,0.10731249999999995,-15,107.3125,9.25,0.34375,0.109375,0.0,0.5906250000000007,0.5867187499999995,0.9999999890048112,0.29999324004533706,0.9999999890048112,0.29999324004533706,-2.499999999999999,4.4,19.0,10.0,0,0,0,0,1,26,1,0,36,0
12000518,0.0,0.05,0.5,3.548921875000001,3.5500000000000007,0.0010781250000000005,0,1.078125,0.703125,0.109375,0.109375,0.03125,0.5419354838709678,0.4782258064516132,0.23910732899010917,0.05003979316327188,0.23910732899010917,0.05003979316327188,-0.35,3.9000000000000004,2.0,12.0,2,9,5,0,3,36,0,2,5,2
12000519,1.0,0.3,0.25,3.3535937499999924,3.449999999999992,0.09640625,-18,96.40625,8.1875,0.421875,0.140625,0.0,0.6000000000000006,0.5984374999999995,1.0,0.2999999999836749,1.0,0.2999999999836749,-2.499999999999999,5.949999999999999,26.0,10.0,0,0,0,0,0,22,0,0,42,0
12000520,0.0,0.05,0.25,-0.9314531249999999,-0.8999999999999999,0.03145312500000001,9,31.453125,4.828125,0.03125,0.171875,0.015625,0.523809523809524,0.4642857142857145,0.09148449606543001,0.05014659945119725,0.09148449606543001,0.05014659945119725,-0.6000000000000001,-0.29999999999999993,3.0,10.0,0,12,6,1,8,33,1,0,2,1
12000521,1.0,0.05,0.25,3.997140625,4.0,0.002859375000000002,2,2.859375,1.484375,0.09375,0.125,0.046875,0.5147540983606556,0.5000000000000001,0.21895937096655757,0.05007141622020533,0.21895937096655757,0.05007141622020533,-0.8500000000000001,4.8500000000000005,3.0,11.0,0,8,5,1,9,25,3,1,9,3
12000522,1.0,0.3,0.25,5.627687499999999,5.649999999999999,0.022312500000000002,-9,22.3125,3.625,0.328125,0.1875,0.0,0.5812500000000007,0.5749999999999995,0.999999999990993,0.2999999394260644,0.999999999990993,0.2999999394260644,-2.3999999999999995,8.050000000000002,21.0,12.0,0,0,0,0,3,29,1,1,30,0
12000523,1.0,0.05,0.5,6.142578125,6.15,0.007421875000000005,4,7.421875,2.421875,0.109375,0.171875,0.015625,0.5142857142857142,0.4976190476190475,0.34022388781676743,0.05094738701297134,0.34022388781676743,0.05094738701297134,-0.7,6.85,3.0,15.0,0,11,3,2,6,28,0,6,7,1
12000524,0.0,0.3,0.75,0.8502187500000006,0.9000000000000006,0.04978125000000002,11,49.78125,5.96875,0.125,0.296875,0.015625,0.514285714285714,0.454761904761905,0.0016013224078532207,0.2940931779877344,0.0016013224078532207,0.2940931779877344,-2.8999999999999995,3.8000000000000003,15.0,12.0,0,18,5,1,5,30,1,0,3,1
12000525,0.0,0.05,0.25,1.2407968750000002,1.2500000000000002,0.009203125000000005,6,9.203125,2.328125,0.09375,0.1875,0.0625,0.5166666666666665,0.47250000000000025,0.15838913658440787,0.05738003621866172,0.15838913658440787,0.05738003621866172,-0.8,2.05,3.0,15.0,1,11,5,2,8,27,0,0,6,4
12000526,0.0,0.3,0.75,3.0792812499999997,3.0999999999999996,0.020718749999999998,9,20.71875,3.09375,0.15625,0.296875,0.0,0.5281249999999998,0.48359375000000027,0.001348078059756872,0.29864229747220505,0.001348078059756872,0.29864229747220505,-3.1,6.199999999999999,16.0,13.0,0,11,0,1,8,40,1,0,3,0
12000527,0.0,0.3,0.5,-1.5007656249999999,-1.45,0.050765625000000016,14,50.765625,5.578125,0.078125,0.296875,0.0,0.5250000000000001,0.4789062500000002,0.004812150879863645,0.25346898792146316,0.004812150879863645,0.25346898792146316,-2.45,1.0,13.0,11.0,0,12,3,0,9,34,1,1,4,0
12000528,1.0,0.05,0.25,3.497765624999999,3.499999999999999,0.0022343750000000016,-2,2.234375,1.265625,0.15625,0.125,0.078125,0.5593220338983054,0.5177966101694916,0.8355120105641188,0.05453673778034912,0.8355120105641188,0.05453673778034912,-0.5,4.0,4.0,14.0,0,3,3,1,5,34,1,0,12,5
12000529,1.0,0.3,0.25,1.1251093749999992,1.1999999999999993,0.074890625,-15,74.890625,7.515625,0.34375,0.109375,0.0,0.5906250000000006,0.5843749999999995,0.999999993586179,0.29999238748817847,0.999999993586179,0.29999238748817847,-3.349999999999999,4.549999999999999,22.0,7.0,0,1,0,0,1,25,0,1,36,0
12000530,0.0,0.05,0.5,4.148656250000001,4.150000000000001,0.0013437500000000008,0,1.34375,0.84375,0.109375,0.109375,0.03125,0.5548387096774197,0.5120967741935484,0.22602314186805178,0.05005061961499996,0.22602314186805178,0.05005061961499996,-0.3499999999999999,4.5,3.0,11.0,0,6,2,0,3,38,2,1,10,2
12000531,1.0,0.05,0.25,3.9979375,4.0,0.002062500000000001,0,2.0625,1.0625,0.125,0.125,0.03125,0.5419354838709681,0.5120967741935483,0.692240879520763,0.050120234451034806,0.692240879520763,0.050120234451034806,-0.3999999999999999,4.4,2.0,14.0,1,3,3,2,5,36,1,2,9,2
12000532,1.0,0.3,0.75,-0.337671875,-0.25,0.087671875,-15,87.671875,8.234375,0.28125,0.046875,0.015625,0.5936507936507943,0.5928571428571424,0.9999981409949674,0.29781235200551903,0.9999981409949674,0.29781235200551903,-1.8499999999999999,1.5999999999999999,14.0,7.0,0,0,0,0,1,23,0,1,38,1
12000533,1.0,0.3,0.5,0.67628125,0.75,0.07371875000000004,-16,73.71875,7.28125,0.328125,0.078125,0.0,0.5781250000000007,0.5960937499999994,0.9999999973740974,0.2999844041203171,0.9999999973740974,0.2999844041203171,-2.15,2.9,19.0,7.0,0,0,0,0,3,20,1,2,38,0
12000534,1.0,0.05,0.75,0.2970000000000007,0.3000000000000007,0.0030000000000000014,-5,3.0,1.25,0.125,0.046875,0.03125,0.5677419354838713,0.5169354838709674,0.6345777729757581,0.050006930831533285,0.6345777729757581,0.050006930831533285,-0.34999999999999987,0.6499999999999997,2.0,9.0,0,3,4,0,4,37,0,3,11,2
12000535,1.0,0.3,0.75,-2.0391875000000024,-1.9000000000000021,0.13918750000000002,-21,139.1875,9.96875,0.359375,0.03125,0.0,0.5937500000000007,0.5890624999999995,0.9999999998818158,0.2999946471657831,0.9999999998818158,0.2999946471657831,-2.5999999999999988,0.7,20.0,5.0,0,1,1,0,1,21,0,0,40,0
12000536,1.0,0.05,0.5,2.193890625000001,2.200000000000001,0.006109375000000004,-4,6.109375,2.015625,0.15625,0.09375,0.078125,0.5593220338983053,0.5101694915254237,0.8986496777225261,0.05431495937729464,0.8986496777225261,0.05431495937729464,-0.5999999999999999,2.8000000000000003,4.0,12.0,0,8,4,1,1,29,0,1,15,5
12000537,1.0,0.05,0.75,0.8930781250000004,0.9000000000000004,0.006921875000000005,-5,6.921875,2.359375,0.15625,0.078125,0.046875,0.5573770491803282,0.5295081967213116,0.4313135979372189,0.0500383518509096,0.4313135979372189,0.0500383518509096,-0.19999999999999996,1.1000000000000003,1.0,14.0,0,4,5,0,3,28,2,2,17,3
12000538,1.0,0.05,0.5,2.6482031249999998,2.65,0.0017968750000000012,-1,1.796875,1.109375,0.109375,0.09375,0.0,0.5375000000000001,0.5328125,0.24562101800210917,0.05000495854436936,0.24562101800210917,0.05000495854436936,-0.6000000000000001,3.2499999999999996,3.0,10.0,1,7,3,0,5,23,1,4,20,0
12000539,0.0,0.05,0.75,3.0993281249999995,3.0999999999999996,0.0006718750000000003,-1,0.671875,0.578125,0.125,0.109375,0.015625,0.5333333333333334,0.4952380952380952,0.46446777005554885,0.050011719967155435,0.46446777005554885,0.050011719967155435,-0.95,4.05,3.0,12.0,0,6,3,1,10,36,1,1,5,1
12000540,0.0,0.05,0.25,0.28856249999999983,0.2999999999999998,0.011437500000000007,7,11.4375,2.8125,0.0625,0.171875,0.03125,0.5258064516129034,0.4782258064516131,0.09614146651726839,0.050979469363026796,0.09614146651726839,0.050979469363026796,-0.39999999999999997,0.6999999999999997,3.0,12.0,2,7,5,1,7,35,1,1,3,2
12000541,1.0,0.3,0.75,-1.2785000000000057,-1.1500000000000057,0.1285,-21,128.5,9.3125,0.359375,0.03125,0.0,0.5906250000000007,0.5984374999999994,0.9999999999870928,0.2999987323058507,0.9999999999870928,0.2999987323058507,-2.549999999999999,1.4000000000000001,22.0,3.0,0,0,0,0,2,20,0,1,41,0
12000542,0.0,0.05,0.5,2.8386875,2.8499999999999996,0.011312500000000007,2,11.3125,3.0625,0.140625,0.171875,0.0,0.5343750000000003,0.48828124999999994,0.26919945960615926,0.05091794658345009,0.26919945960615926,0.05091794658345009,-0.45,3.2999999999999994,3.0,17.0,1,8,4,1,5,37,1,2,5,0
12000543,1.0,0.05,0.25,4.693796875,4.7,0.006203125000000005,3,6.203125,2.203125,0.109375,0.15625,0.046875,0.5114754098360654,0.4975409836065576,0.6388044929218507,0.050072300177395196,0.6388044929218507,0.050072300177395196,-0.4,5.099999999999999,1.0,16.0,0,8,4,5,5,28,1,2,8,3
12000544,0.0,0.3,0.75,3.974421874999999,3.999999999999999,0.025578125000000007,10,25.578125,3.828125,0.203125,0.359375,0.0,0.528125,0.4695312500000003,8.667084348117456e-06,0.29999143820927654,8.667084348117456e-06,0.29999143820927654,-5.15,9.15,23.0,13.0,1,12,3,1,7,37,0,0,3,0
12000545,1.0,0.3,0.5,-0.5867968750000035,-0.5000000000000036,0.08679687500000002,-17,86.796875,8.328125,0.3125,0.046875,0.0,0.5968750000000006,0.6031249999999995,0.9999999931295435,0.2999108184835895,0.9999999931295435,0.2999108184835895,-1.8500000000000003,1.3499999999999999,17.0,6.0,0,0,0,0,1,19,0,0,44,0
12000546,1.0,0.3,0.75,-0.5357812500000056,-0.4000000000000057,0.13578125,-22,135.78125,9.9375,0.390625,0.046875,0.0,0.5781250000000006,0.6148437499999994,0.9999999999999983,0.2999999940138368,0.9999999999999983,0.2999999940138368,-1.9000000000000006,1.4999999999999998,21.0,7.0,0,0,0,0,1,14,2,2,45,0
12000547,1.0,0.05,0.75,0.3387187500000005,0.35000000000000053,0.011281250000000008,-5,11.28125,2.84375,0.140625,0.0625,0.046875,0.554098360655738,0.5516393442622947,0.7126499685053983,0.0500220430011742,0.7126499685053983,0.0500220430011742,-0.30000000000000004,0.6499999999999999,1.0,12.0,0,1,2,1,5,28,2,2,20,3
12000548,0.0,0.3,0.75,1.127750000000001,1.2500000000000009,0.12224999999999998,16,122.25,9.65625,0.140625,0.390625,0.0,0.5500000000000003,0.4695312500000002,5.270472875191501e-08,0.29999922020202663,5.270472875191501e-08,0.29999922020202663,-4.1000000000000005,5.35,22.0,12.0,0,12,3,0,2,45,1,0,1,0
12000549,1.0,0.05,0.75,-1.6867187500000003,-1.6500000000000004,0.036718750000000015,-10,36.71875,4.9375,0.171875,0.015625,0.015625,0.571428571428572,0.5738095238095233,0.9945365862362012,0.05066285618845255,0.9945365862362012,0.05066285618845255,-0.7500000000000002,-0.9,5.0,7.0,1,2,1,1,0,23,1,1,33,1
12000550,0.0,0.05,0.75,5.337171875,5.3500000000000005,0.01282812500000001,-5,12.828125,2.921875,0.140625,0.0625,0.015625,0.5555555555555559,0.5333333333333331,0.6776242257849268,0.0500134106218615,0.6776242257849268,0.0500134106218615,-0.4,5.75,2.0,11.0,0,4,3,0,3,32,2,3,16,1
12000551,1.0,0.3,0.25,4.162281249999993,4.249999999999993,0.08771875,-14,87.71875,7.28125,0.375,0.15625,0.0,0.5875000000000006,0.5914062499999995,0.9999999999999929,0.2999999994068727,0.9999999999999929,0.2999999994068727,-2.4000000000000004,6.649999999999999,23.0,11.0,0,0,0,0,2,23,0,2,37,0
12000552,1.0,0.3,0.5,2.498312499999999,2.549999999999999,0.05168750000000002,-13,51.6875,6.03125,0.34375,0.140625,0.0,0.5812500000000005,0.5726562499999996,0.9999999929114204,0.29999761115803203,0.9999999929114204,0.29999761115803203,-2.5999999999999988,5.15,18.0,13.0,0,1,0,1,2,28,0,1,31,0
12000553,0.0,0.3,0.75,1.6988437500000004,1.7500000000000004,0.05115625000000001,11,51.15625,6.4375,0.125,0.296875,0.03125,0.5322580645161292,0.4612903225806453,0.0015907868089979269,0.2972855172568672,0.0015907868089979269,0.2972855172568672,-2.9499999999999997,4.7,14.0,13.0,1,14,2,0,5,39,0,0,1,2
12000554,1.0,0.3,0.25,4.032640625000003,4.0500000000000025,0.01735937500000001,-5,17.359375,3.765625,0.234375,0.15625,0.015625,0.5714285714285718,0.5642857142857141,0.9980880637391829,0.27968322048644534,0.9980880637391829,0.27968322048644534,-2.1499999999999995,6.199999999999999,12.0,13.0,0,3,0,0,3,27,1,1,28,1
12000555,0.0,0.3,0.5,-2.4567343749999995,-2.2999999999999994,0.15673437499999998,23,156.734375,10.765625,0.046875,0.40625,0.0,0.5625000000000003,0.47187500000000004,1.3225940367414235e-08,0.29999279742420737,1.3225940367414235e-08,0.29999279742420737,-3.5500000000000003,1.25,20.0,9.0,0,9,4,0,3,47,0,0,1,0
12000556,0.0,0.3,0.5,-3.5058437500000013,-3.3500000000000014,0.15584375000000003,20,155.84375,10.53125,0.046875,0.359375,0.015625,0.5333333333333334,0.480952380952381,5.416752392103723e-05,0.2976228115409746,5.416752392103723e-05,0.2976228115409746,-4.25,0.9,19.0,7.0,1,12,0,0,1,44,3,0,2,1
12000557,0.0,0.3,0.5,-2.2038124999999997,-2.05,0.15381250000000002,23,153.8125,10.34375,0.09375,0.453125,0.0,0.5406250000000001,0.4695312500000002,4.027877833389644e-09,0.29999941625982884,4.027877833389644e-09,0.29999941625982884,-4.8500000000000005,2.8,25.0,10.0,0,12,3,0,5,42,1,0,1,0
12000558,0.0,0.3,0.75,2.420890625,2.5000000000000004,0.07910937500000004,11,79.109375,8.203125,0.140625,0.3125,0.03125,0.5354838709677422,0.48306451612903223,0.00027878816132161663,0.29965034928662954,0.00027878816132161663,0.29965034928662954,-3.6000000000000005,6.1000000000000005,18.0,11.0,1,8,2,0,7,40,1,1,2,2
12000559,0.0,0.3,0.25,-4.0782187500000004,-3.9000000000000004,0.17821875000000006,23,178.21875,11.625,0.015625,0.375,0.0,0.5500000000000002,0.46953125000000023,7.137947029152837e-07,0.29967783813987997,7.137947029152837e-07,0.29967783813987997,-3.2500000000000004,-0.6499999999999999,17.0,8.0,0,13,1,0,3,46,0,0,1,0
12000560,1.0,0.3,0.75,-2.464984375000003,-2.200000000000003,0.26498437500000005,-27,264.984375,14.359375,0.453125,0.03125,0.0,0.5937500000000007,0.5984374999999995,0.9999999999999999,0.2999999997425516,0.9999999999999999,0.2999999997425516,-2.6999999999999993,0.5,25.0,6.0,0,1,0,0,1,19,0,0,43,0
12000561,1.0,0.05,0.5,3.79834375,3.8,0.001656250000000001,0,1.65625,0.96875,0.15625,0.15625,0.015625,0.5460317460317462,0.5023809523809525,0.5292888681821197,0.050458687846123895,0.5292888681821197,0.050458687846123895,-1.4000000000000001,5.199999999999999,4.0,16.0,1,7,3,0,8,32,0,0,12,1
12000562,1.0,0.3,0.75,-0.3962187500000007,-0.3000000000000007,0.09621874999999998,-17,96.21875,8.59375,0.3125,0.046875,0.0,0.5718750000000005,0.5843749999999996,0.9999999978802097,0.2999571608049827,0.9999999978802097,0.2999571608049827,-1.8500000000000003,1.55,17.0,6.0,0,3,0,0,2,20,2,0,37,0
12000563,0.0,0.3,0.75,-0.2623281249999997,-0.14999999999999974,0.11232812499999995,15,112.328125,9.421875,0.09375,0.328125,0.03125,0.529032258064516,0.456451612903226,0.00028011535836895284,0.298185617010457,0.00028011535836895284,0.298185617010457,-3.8500000000000005,3.7,19.0,8.0,0,17,2,0,3,39,1,0,0,2
12000564,1.0,0.3,0.5,-0.01042187500000144,0.14999999999999858,0.16042187500000002,-22,160.421875,11.171875,0.421875,0.078125,0.0,0.5937500000000007,0.6007812499999995,0.9999999999999958,0.2999999979156523,0.9999999999999958,0.2999999979156523,-2.6999999999999993,2.8499999999999996,24.0,8.0,0,0,0,0,1,20,0,1,42,0
12000565,1.0,0.05,0.5,1.8910781249999995,1.8999999999999995,0.008921875000000006,-4,8.921875,2.609375,0.15625,0.09375,0.015625,0.555555555555556,0.5357142857142855,0.6314602304877757,0.05016469825809775,0.6314602304877757,0.05016469825809775,-0.8500000000000001,2.75,3.0,13.0,0,1,3,2,6,32,1,1,17,1
12000566,0.0,0.3,0.25,1.3678281250000004,1.5000000000000004,0.132171875,13,132.171875,10.203125,0.125,0.328125,0.046875,0.5409836065573773,0.47049180327868867,9.420643948669698e-05,0.2998031255253027,9.420643948669698e-05,0.2998031255253027,-3.8,5.3,19.0,10.0,1,10,1,1,4,44,0,0,0,3
12000567,1.0,0.05,0.5,3.949046875000001,3.950000000000001,0.0009531250000000004,-1,0.953125,0.703125,0.15625,0.140625,0.0,0.5281250000000001,0.5140625,0.6205757048541857,0.05045690033077134,0.6205757048541857,0.05045690033077134,-0.1499999999999999,4.1,1.0,18.0,1,5,2,0,7,35,4,1,9,0
12000568,0.0,0.3,0.5,-0.1310312500000002,-0.1000000000000002,0.03103125000000001,10,31.03125,4.6875,0.078125,0.234375,0.09375,0.5172413793103449,0.48706896551724144,0.13030559405171277,0.11478163415530322,0.13030559405171277,0.11478163415530322,-2.9,2.8000000000000003,11.0,9.0,0,6,5,4,4,33,2,2,2,6
12000569,0.0,0.3,0.25,-1.8455624999999996,-1.6999999999999995,0.1455625,20,145.5625,10.90625,0.078125,0.390625,0.015625,0.558730158730159,0.4833333333333335,5.457790273280482e-07,0.2999731758590616,5.457790273280482e-07,0.2999731758590616,-4.25,2.5500000000000003,20.0,10.0,0,9,2,0,1,47,1,1,2,1
12000570,0.0,0.05,0.25,-0.21565625,-0.19999999999999998,0.015656250000000007,7,15.65625,2.96875,0.0625,0.171875,0.0,0.5187500000000002,0.4789062500000002,0.24214916368685752,0.050095702266069096,0.24214916368685752,0.050095702266069096,-1.05,0.8500000000000001,5.0,10.0,3,8,2,0,10,37,1,0,3,0
12000571,1.0,0.05,0.75,-0.8253749999999999,-0.7999999999999998,0.025375000000000005,-8,25.375,4.6875,0.15625,0.03125,0.03125,0.5612903225806456,0.5411290322580643,0.9080406335277043,0.05006921698339859,0.9080406335277043,0.05006921698339859,-0.19999999999999996,-0.6000000000000001,1.0,11.0,1,1,3,0,7,28,0,2,20,2
12000572,0.0,0.3,0.5,-2.2179999999999995,-2.0999999999999996,0.11800000000000001,21,118.0,8.6875,0.0625,0.390625,0.0,0.5562500000000002,0.46953125000000023,1.5034053786035443e-06,0.29989931045124146,1.5034053786035443e-06,0.29989931045124146,-4.6499999999999995,2.55,23.0,6.0,0,11,3,0,3,46,0,0,1,0
12000573,0.0,0.05,0.75,5.943875000000001,5.950000000000001,0.006125000000000003,-2,6.125,2.03125,0.171875,0.140625,0.03125,0.5483870967741938,0.529032258064516,0.04761249433615853,0.051480634711702215,0.04761249433615853,0.051480634711702215,-1.5000000000000002,7.449999999999999,7.0,13.0,1,4,4,1,4,27,1,2,18,2
12000574,1.0,0.05,0.75,-0.9139531250000004,-0.9000000000000004,0.01395312500000001,-7,13.953125,3.015625,0.140625,0.03125,0.015625,0.5714285714285718,0.5523809523809521,0.8789637695610155,0.05001073341195931,0.8789637695610155,0.05001073341195931,-0.25,-0.6500000000000001,2.0,9.0,0,3,2,1,1,29,0,3,24,1
12000575,1.0,0.3,0.25,3.069953125000005,3.100000000000005,0.030046875000000008,-8,30.046875,4.484375,0.265625,0.140625,0.015625,0.5650793650793655,0.5619047619047616,0.9999403032186733,0.29814278495416635,0.9999403032186733,0.29814278495416635,-3.0999999999999996,6.2,16.0,10.0,0,5,0,0,1,26,1,3,27,1
12000576,1.0,0.3,0.75,1.1957031249999972,1.2999999999999972,0.10429687499999998,-17,104.296875,9.359375,0.359375,0.09375,0.0,0.5937500000000007,0.6007812499999995,0.9999999997920448,0.29999868587987744,0.9999999997920448,0.29999868587987744,-2.8499999999999988,4.15,22.0,7.0,0,1,0,0,0,19,0,1,43,0
12000577,0.0,0.3,0.25,-4.347703125000001,-4.1000000000000005,0.24770312500000005,26,247.703125,13.828125,0.03125,0.4375,0.0,0.5437500000000002,0.4648437500000001,1.3727884885345513e-08,0.29999283434523105,1.3727884885345513e-08,0.29999283434523105,-4.450000000000001,0.35000000000000003,23.0,7.0,0,15,0,0,3,46,0,0,0,0
12000578,1.0,0.05,0.75,-0.9241249999999979,-0.8499999999999979,0.07412500000000002,-11,74.125,8.0,0.203125,0.03125,0.0,0.5718750000000004,0.5773437499999996,0.9971843787484342,0.060504068626942596,0.9971843787484342,0.060504068626942596,-1.1500000000000001,0.30000000000000004,8.0,7.0,0,0,2,0,4,23,0,5,30,0
12000579,0.0,0.05,0.5,0.7292031250000003,0.7500000000000003,0.020796875000000006,6,20.796875,4.265625,0.09375,0.1875,0.015625,0.5396825396825398,0.47380952380952396,0.4314592636285934,0.0504202049647314,0.4314592636285934,0.0504202049647314,-0.8,1.5500000000000003,4.0,14.0,1,6,9,1,4,37,1,3,1,1
12000580,0.0,0.05,0.5,2.898859375,2.9,0.0011406250000000006,1,1.140625,0.640625,0.125,0.140625,0.078125,0.545762711864407,0.5076271186440678,0.6308461672111145,0.050242198928273175,0.6308461672111145,0.050242198928273175,-0.8500000000000001,3.75,3.0,14.0,0,5,4,1,4,33,2,1,9,5
12000581,1.0,0.3,0.25,2.7901406249999963,2.849999999999996,0.05985937500000001,-13,59.859375,6.609375,0.328125,0.125,0.015625,0.5746031746031751,0.5595238095238093,0.9999999978001222,0.2999985441414362,0.9999999978001222,0.2999985441414362,-2.8499999999999996,5.699999999999999,20.0,9.0,0,3,1,1,2,27,0,1,28,1
12000582,1.0,0.05,0.75,-1.0463750000000018,-1.0000000000000018,0.046375000000000006,-11,46.375,5.8125,0.1875,0.015625,0.015625,0.5873015873015879,0.5928571428571423,0.9979200913595699,0.057123638197790365,0.9979200913595699,0.057123638197790365,-0.55,-0.44999999999999996,5.0,8.0,0,1,0,0,1,21,1,0,39,1
12000583,1.0,0.3,0.25,3.689249999999998,3.7499999999999982,0.060750000000000005,-11,60.75,7.15625,0.34375,0.171875,0.0,0.5687500000000004,0.5726562499999998,0.999999999342883,0.29999953233989174,0.999999999342883,0.29999953233989174,-3.1499999999999995,6.899999999999999,21.0,12.0,0,1,2,1,4,22,1,1,32,0
12000584,1.0,0.3,0.5,1.8994218749999994,1.9499999999999993,0.05057812500000001,-13,50.578125,6.484375,0.3125,0.109375,0.015625,0.5777777777777782,0.5714285714285711,0.9999999708603322,0.2999794890099319,0.9999999708603322,0.2999794890099319,-2.55,4.499999999999999,18.0,9.0,1,1,1,0,2,25,0,2,31,1
12000585,0.0,0.05,0.25,0.3638906249999999,0.3999999999999999,0.036109375000000006,8,36.109375,4.921875,0.0625,0.1875,0.03125,0.5129032258064514,0.46129032258064545,0.10776486160767351,0.051551618434068816,0.10776486160767351,0.051551618434068816,-0.25,0.6499999999999999,2.0,14.0,1,10,6,2,11,31,0,0,1,2
12000586,0.0,0.3,0.25,-1.7776406249999992,-1.6499999999999992,0.127640625,20,127.640625,10.171875,0.078125,0.390625,0.0,0.540625,0.4390625000000003,5.09674138597071e-07,0.2999450261492531,5.09674138597071e-07,0.2999450261492531,-2.9999999999999996,1.3499999999999999,17.0,13.0,0,18,10,0,0,34,0,1,1,0
12000587,0.0,0.3,0.75,-0.9919999999999997,-0.8499999999999996,0.142,22,142.0,9.78125,0.09375,0.4375,0.015625,0.5428571428571431,0.45952380952380967,1.4935187242742624e-09,0.29999970449895397,1.4935187242742624e-09,0.29999970449895397,-4.55,3.7,25.0,9.0,0,12,5,0,6,40,0,0,0,1
12000588,0.0,0.3,0.25,-4.173109375,-4.05,0.12310937500000001,22,123.109375,9.296875,0.03125,0.375,0.015625,0.5301587301587303,0.4666666666666669,1.7376218755107986e-05,0.2985946301556696,1.7376218755107986e-05,0.2985946301556696,-3.45,-0.5999999999999999,16.0,10.0,1,12,2,1,6,40,0,0,1,1
12000589,0.0,0.05,0.5,2.3462812499999997,2.3499999999999996,0.0037187500000000024,3,3.71875,1.625,0.125,0.171875,0.046875,0.5409836065573772,0.49016393442622974,0.55535678520615,0.050542584297125284,0.55535678520615,0.050542584297125284,-1.1,3.45,4.0,15.0,2,6,6,0,5,32,0,3,7,3
12000590,0.0,0.05,0.75,4.143109375000001,4.15,0.006890625000000005,1,6.890625,2.265625,0.125,0.140625,0.03125,0.5258064516129033,0.49758064516129036,0.4209986593915488,0.05045062122271169,0.4209986593915488,0.05045062122271169,-1.2499999999999998,5.4,7.0,10.0,0,9,3,0,6,33,3,2,6,2
12000591,1.0,0.3,0.5,-0.5202968750000021,-0.40000000000000213,0.120296875,-19,120.296875,9.640625,0.359375,0.0625,0.0,0.5843750000000005,0.5984374999999995,0.9999999999741628,0.29999859591455813,0.9999999999741628,0.29999859591455813,-2.3499999999999988,1.9499999999999997,21.0,6.0,0,1,0,0,4,16,0,0,43,0
12000592,0.0,0.3,0.25,-3.4010624999999997,-3.2499999999999996,0.15106250000000007,21,151.0625,10.5625,0.03125,0.359375,0.0,0.53125,0.4601562500000002,1.5578669309554044e-05,0.29835542407526267,1.5578669309554044e-05,0.29835542407526267,-3.2999999999999994,0.050000000000000044,17.0,8.0,0,15,3,0,6,39,0,1,0,0
12000593,0.0,0.05,0.5,3.64371875,3.65,0.006281250000000005,-2,6.28125,2.25,0.109375,0.078125,0.015625,0.5396825396825399,0.5190476190476191,0.643853724411868,0.05000484321161852,0.643853724411868,0.05000484321161852,0.0,3.65,0.0,12.0,2,6,4,1,1,29,2,2,16,1
12000594,0.0,0.05,0.25,-1.22553125,-1.15,0.07553125,10,75.53125,8.25,0.03125,0.1875,0.03125,0.49354838709677423,0.44919354838709696,0.06519092590162348,0.05054322938836708,0.06519092590162348,0.05054322938836708,-0.55,-0.5999999999999999,3.0,11.0,3,17,3,1,5,31,1,1,0,2
12000595,0.0,0.3,0.5,-1.6281718749999994,-1.4499999999999993,0.17817187500000006,19,178.171875,12.078125,0.078125,0.375,0.015625,0.5460317460317461,0.4642857142857145,1.3987557357950913e-06,0.2999165058119262,1.3987557357950913e-06,0.2999165058119262,-2.65,1.2,15.0,14.0,0,11,4,0,6,42,0,0,0,1
12000596,0.0,0.3,0.75,4.1356875,4.15,0.01431250000000001,4,14.3125,3.28125,0.171875,0.234375,0.046875,0.5278688524590165,0.4803278688524591,0.15640975742455193,0.20788722843960422,0.15640975742455193,0.20788722843960422,-3.7,7.849999999999999,15.0,11.0,0,9,3,1,5,39,3,0,1,3
12000597,0.0,0.3,0.75,2.763265625000001,2.800000000000001,0.036734375000000014,10,36.734375,5.328125,0.15625,0.3125,0.046875,0.5377049180327871,0.4729508196721314,9.823291724600405e-05,0.29983935275118495,9.823291724600405e-05,0.29983935275118495,-4.199999999999998,7.0,19.0,11.0,0,10,5,1,5,36,1,0,3,3
12000598,1.0,0.05,0.25,2.9483125,2.95,0.0016875000000000006,0,1.6875,0.90625,0.09375,0.09375,0.046875,0.5344262295081968,0.487704918032787,0.7397116969642487,0.05000943994167099,0.7397116969642487,0.05000943994167099,-0.25,3.2,2.0,10.0,0,10,6,2,2,30,1,2,8,3
12000599,0.0,0.3,0.25,-4.479750000000001,-4.250000000000001,0.22975000000000012,22,229.75,13.4375,0.015625,0.359375,0.0,0.5312500000000001,0.4578125000000003,5.883397825077172e-06,0.2982495455587388,5.883397825077172e-06,0.2982495455587388,-3.2500000000000004,-0.9999999999999998,17.0,7.0,0,15,4,0,5,39,1,0,0,0
12000600,1.0,0.05,0.25,10.4166875,10.45,0.0333125,10,33.3125,5.09375,0.09375,0.25,0.03125,0.5096774193548385,0.470967741935484,0.18531043731558872,0.09514822604608868,0.18531043731558872,0.09514822604608868,-1.2,11.65,5.0,17.0,0,12,4,3,8,31,1,0,3,2
12000601,1.0,0.05,0.5,3.8964531249999994,3.8999999999999995,0.0035468750000000023,-3,3.546875,1.484375,0.203125,0.15625,0.0,0.5531250000000003,0.5257812499999999,0.8227989662883571,0.08154874780935344,0.8227989662883571,0.08154874780935344,-1.3499999999999999,5.25,6.0,17.0,0,4,2,0,6,35,2,1,14,0
12000602,0.0,0.3,0.5,-1.2181406250000006,-1.0000000000000007,0.2181406250000001,22,218.140625,12.828125,0.09375,0.4375,0.015625,0.5428571428571431,0.4642857142857145,1.5914763512679507e-08,0.29999902256230737,1.5914763512679507e-08,0.29999902256230737,-4.0,3.0,21.0,13.0,1,12,4,0,4,40,0,0,2,1
12000603,1.0,0.05,0.25,3.847593750000001,3.850000000000001,0.0024062500000000017,0,2.40625,1.1875,0.125,0.125,0.015625,0.5428571428571431,0.507142857142857,0.6340041401152042,0.05006693543434293,0.6340041401152042,0.05006693543434293,-1.5,5.35,6.0,10.0,1,7,2,1,5,34,0,2,11,1
12000604,0.0,0.3,0.75,1.3956875000000002,1.4500000000000002,0.054312500000000014,11,54.3125,6.0625,0.109375,0.28125,0.015625,0.5333333333333334,0.48809523809523825,0.0085017687277173,0.28732933511049624,0.0085017687277173,0.28732933511049624,-2.85,4.300000000000001,14.0,11.0,1,8,1,1,3,44,3,0,2,1
12000605,0.0,0.3,0.75,0.18721875000000054,0.25000000000000056,0.06278125000000002,16,62.78125,6.90625,0.125,0.375,0.03125,0.5580645161290325,0.47580645161290336,6.152347761152956e-06,0.29997346094614247,6.152347761152956e-06,0.29997346094614247,-4.050000000000001,4.3,20.0,12.0,0,10,2,0,3,45,0,0,2,2
12000606,1.0,0.3,0.25,3.7127500000000024,3.8000000000000025,0.08725,-12,87.25,8.4375,0.328125,0.140625,0.0,0.5812500000000006,0.5796874999999996,0.9999999983763301,0.2999989182693257,0.9999999983763301,0.2999989182693257,-2.2,6.0,19.0,11.0,0,2,1,0,2,22,1,0,36,0
12000607,1.0,0.3,0.5,1.3055468749999921,1.4499999999999922,0.144453125,-17,144.453125,9.921875,0.359375,0.09375,0.0,0.5781250000000006,0.5843749999999995,0.9999999999815357,0.2999997181663402,0.9999999999815357,0.2999997181663402,-2.5999999999999996,4.050000000000001,22.0,7.0,0,1,0,0,5,21,0,1,36,0
12000608,1.0,0.05,0.5,3.7982187499999993,3.7999999999999994,0.0017812500000000007,0,1.78125,1.03125,0.140625,0.140625,0.03125,0.541935483870968,0.5096774193548386,0.5528803080676584,0.050198819732102266,0.5528803080676584,0.050198819732102266,-0.19999999999999996,3.9999999999999996,1.0,17.0,0,6,2,0,10,32,0,2,10,2
12000609,1.0,0.05,0.75,-0.514234375,-0.5,0.014234375000000011,-6,14.234375,3.515625,0.15625,0.0625,0.046875,0.5442622950819673,0.531967213114754,0.5568591870234209,0.05001429192965622,0.5568591870234209,0.05001429192965622,-0.44999999999999996,-0.04999999999999993,1.0,13.0,0,5,2,1,6,27,1,2,17,3
12000610,0.0,0.3,0.75,2.699593750000001,2.750000000000001,0.050406250000000014,10,50.40625,5.375,0.140625,0.296875,0.03125,0.5419354838709681,0.4685483870967744,0.00011846245034123957,0.29965650758511897,0.00011846245034123957,0.29965650758511897,-3.4,6.1499999999999995,18.0,10.0,1,13,1,0,3,42,0,0,2,2
12000611,1.0,0.05,0.75,-0.8441875000000008,-0.8000000000000007,0.04418750000000002,-10,44.1875,5.96875,0.203125,0.046875,0.015625,0.5873015873015879,0.5857142857142853,0.9790891914930057,0.05235156393193563,0.9790891914930057,0.05235156393193563,-0.5,-0.30000000000000004,4.0,12.0,0,2,0,0,2,21,0,0,38,1
12000612,0.0,0.3,0.5,1.104234375000001,1.150000000000001,0.04576562500000002,12,45.765625,5.484375,0.125,0.3125,0.0,0.5312500000000003,0.46953125000000007,0.0002598662628791184,0.2990268573389209,0.0002598662628791184,0.2990268573389209,-3.1500000000000004,4.300000000000001,16.0,12.0,0,14,1,0,6,41,1,0,1,0
12000613,1.0,0.3,0.5,1.8789843749999975,1.9499999999999975,0.07101562500000001,-13,71.015625,7.609375,0.296875,0.09375,0.03125,0.5935483870967748,0.6040322580645155,0.9999999861912616,0.2999664880198803,0.9999999861912616,0.2999664880198803,-1.9000000000000001,3.8499999999999996,18.0,7.0,0,0,0,0,0,19,0,2,41,2
12000614,1.0,0.05,0.25,3.79528125,3.8,0.004718750000000003,0,4.71875,1.90625,0.125,0.125,0.03125,0.5419354838709678,0.4951612903225807,0.4564979933812635,0.05007556329812882,0.4564979933812635,0.05007556329812882,-0.55,4.35,2.0,14.0,0,9,2,0,7,35,0,2,7,2
12000615,1.0,0.3,0.25,5.3849062499999985,5.399999999999999,0.01509375,-11,15.09375,2.59375,0.359375,0.1875,0.0,0.5875000000000006,0.5445312499999997,0.9999999989276673,0.2999999179775171,0.9999999989276673,0.2999999179775171,-3.249999999999999,8.649999999999999,21.0,14.0,0,2,2,0,1,36,0,1,22,0
12000616,1.0,0.05,0.25,6.744796875,6.75,0.005203125000000004,5,5.203125,1.953125,0.09375,0.171875,0.015625,0.5333333333333333,0.5071428571428572,0.6570041253198298,0.05022295490610253,0.6570041253198298,0.05022295490610253,-0.5,7.25,3.0,14.0,0,7,2,0,8,34,1,4,7,1
12000617,1.0,0.05,0.75,-1.4227812499999994,-1.3999999999999995,0.02278125000000001,-7,22.78125,4.53125,0.125,0.015625,0.03125,0.5612903225806455,0.536290322580645,0.8454454469796939,0.050003546040577364,0.8454454469796939,0.050003546040577364,-0.5,-0.8999999999999999,2.0,7.0,1,5,3,0,2,27,0,3,21,2
12000618,0.0,0.3,0.5,-0.38418749999999957,-0.24999999999999956,0.1341875,19,134.1875,10.28125,0.109375,0.40625,0.015625,0.5365079365079365,0.4642857142857145,6.848440377541226e-08,0.2999975214701839,6.848440377541226e-08,0.2999975214701839,-4.500000000000001,4.25,24.0,9.0,0,13,2,0,7,41,0,0,0,1
12000619,1.0,0.05,0.25,5.046390625000001,5.050000000000001,0.0036093750000000023,4,3.609375,1.515625,0.078125,0.140625,0.03125,0.5193548387096775,0.470967741935484,0.5332641688663016,0.05001559598272284,0.5332641688663016,0.05001559598272284,-1.0499999999999998,6.1,4.0,10.0,0,12,4,1,7,34,1,2,1,2
12000620,1.0,0.3,0.5,2.9866249999999983,2.9999999999999982,0.013375000000000008,-7,13.375,2.90625,0.234375,0.125,0.046875,0.5737704918032791,0.5491803278688521,0.9977179714603699,0.28082724278316706,0.9977179714603699,0.28082724278316706,-2.75,5.75,14.0,9.0,0,3,0,1,2,32,0,1,22,3
12000621,1.0,0.05,0.25,0.8423750000000005,0.8500000000000005,0.007625000000000005,-6,7.625,2.21875,0.15625,0.0625,0.015625,0.5555555555555558,0.5452380952380951,0.934283006599379,0.050379520078947464,0.934283006599379,0.050379520078947464,-0.75,1.6,6.0,8.0,1,2,1,0,5,31,1,3,19,1
12000622,0.0,0.05,0.25,-1.6577968749999998,-1.5999999999999999,0.05779687499999999,9,57.796875,6.953125,0.015625,0.15625,0.125,0.5214285714285712,0.4598214285714287,0.07238779372261658,0.05029406520122914,0.07238779372261658,0.05029406520122914,-0.5,-1.0999999999999999,2.0,9.0,0,13,5,0,8,27,0,1,2,8
12000623,0.0,0.05,0.75,5.643015625,5.65,0.006984375000000005,1,6.984375,2.296875,0.171875,0.1875,0.0625,0.5533333333333335,0.49749999999999994,0.405198736230068,0.08778976391064497,0.405198736230068,0.08778976391064497,-1.1,6.749999999999999,5.0,18.0,0,9,2,0,2,37,1,1,8,4
12000624,0.0,0.05,0.75,4.4465,4.45,0.0035000000000000022,-4,3.5,1.40625,0.109375,0.046875,0.015625,0.5492063492063496,0.5190476190476189,0.6120168125816529,0.05000172070316607,0.6120168125816529,0.05000172070316607,-0.4,4.8500000000000005,2.0,8.0,2,3,3,1,5,33,0,2,14,1
12000625,1.0,0.3,0.5,2.297890625000003,2.350000000000003,0.052109375,-11,52.109375,6.609375,0.28125,0.109375,0.015625,0.5746031746031751,0.5547619047619045,0.9999951374997251,0.2996649820675993,0.9999951374997251,0.2996649820675993,-2.2,4.55,16.0,9.0,0,2,4,0,5,23,0,1,28,1
12000626,1.0,0.05,0.5,4.3494375,4.35,0.0005625000000000003,0,0.5625,0.53125,0.140625,0.140625,0.046875,0.5180327868852459,0.5147540983606559,0.7911032959684334,0.05067489383974044,0.7911032959684334,0.05067489383974044,-0.45000000000000007,4.799999999999999,2.0,16.0,2,6,2,3,6,26,1,1,14,3
12000627,1.0,0.3,0.25,1.7543125000000042,1.8000000000000043,0.04568750000000002,-11,45.6875,6.09375,0.3125,0.140625,0.015625,0.5746031746031751,0.5595238095238091,0.9999826573231292,0.29966391446984986,0.9999826573231292,0.29966391446984986,-3.5999999999999996,5.4,17.0,12.0,0,2,3,1,1,26,1,1,28,1
12000628,0.0,0.3,0.75,-0.32420312500000004,-0.25,0.07420312500000001,12,74.203125,7.703125,0.09375,0.28125,0.0,0.5406250000000001,0.47421875000000013,0.014843626075637535,0.23880831453608964,0.014843626075637535,0.23880831453608964,-2.8,2.55,13.0,11.0,1,7,8,0,2,41,4,0,1,0
12000629,0.0,0.05,0.75,5.642546875000001,5.65,0.007453125000000005,-5,7.453125,2.109375,0.140625,0.0625,0.03125,0.5548387096774198,0.550806451612903,0.5433611984198229,0.050010298036686024,0.5433611984198229,0.050010298036686024,-0.75,6.4,3.0,10.0,0,2,2,1,5,27,1,3,21,2
12000630,1.0,0.3,0.75,-0.5200156250000056,-0.4000000000000057,0.12001562499999999,-18,120.015625,9.546875,0.328125,0.046875,0.0,0.5875000000000006,0.5867187499999995,0.9999999999455181,0.29999489888939557,0.9999999999455181,0.29999489888939557,-1.2500000000000004,0.8499999999999999,16.0,8.0,0,2,0,0,2,21,0,0,39,0
12000631,1.0,0.05,0.5,2.9413906250000013,2.950000000000001,0.008609375000000006,-3,8.609375,2.515625,0.1875,0.140625,0.015625,0.5460317460317463,0.5404761904761903,0.6825086657534656,0.05320185725733449,0.6825086657534656,0.05320185725733449,-0.6499999999999999,3.5999999999999996,4.0,17.0,1,5,1,0,4,28,2,2,20,1
12000632,1.0,0.3,0.25,4.6447656250000025,4.650000000000002,0.005234375000000004,-4,5.234375,1.953125,0.234375,0.171875,0.03125,0.541935483870968,0.5241935483870965,0.9999742090895193,0.2972099585949382,0.9999742090895193,0.2972099585949382,-2.0,6.6499999999999995,13.0,13.0,1,6,0,1,4,33,1,2,14,2
12000633,0.0,0.05,0.25,-0.34148437499999984,-0.2999999999999998,0.04148437500000001,8,41.484375,5.796875,0.0625,0.1875,0.015625,0.49841269841269825,0.4738095238095239,0.13170780682346692,0.05074787599941714,0.13170780682346692,0.05074787599941714,-0.35,0.050000000000000044,2.0,14.0,0,15,3,2,6,30,3,1,3,1
12000634,0.0,0.05,0.75,1.9494375,1.95,0.0005625000000000004,-1,0.5625,0.5625,0.078125,0.0625,0.03125,0.5354838709677423,0.5145161290322581,0.42571830116916964,0.050000275087403845,0.42571830116916964,0.050000275087403845,-0.2,2.15,1.0,8.0,0,6,3,1,7,30,2,1,12,2
12000635,0.0,0.3,0.5,-0.07942187499999931,7.216449660063518e-16,0.07942187500000003,17,79.421875,7.078125,0.09375,0.359375,0.015625,0.5460317460317461,0.4666666666666669,1.775615697209555e-05,0.29982935210527445,1.775615697209555e-05,0.29982935210527445,-3.5,3.5,18.0,11.0,0,11,4,0,6,41,0,0,1,1
12000636,0.0,0.05,0.5,-2.3841874999999995,-2.2999999999999994,0.08418750000000003,16,84.1875,8.1875,0.03125,0.28125,0.03125,0.5193548387096775,0.4637096774193549,0.005407266171315341,0.1918085825270305,0.005407266171315341,0.1918085825270305,-0.8499999999999999,-1.45,5.0,15.0,0,14,2,2,7,36,0,0,1,2
12000637,1.0,0.05,0.75,-0.79028125,-0.75,0.04028125000000002,-10,40.28125,5.65625,0.203125,0.046875,0.03125,0.5677419354838713,0.5483870967741934,0.9029542278139339,0.05119382562927991,0.9029542278139339,0.05119382562927991,-0.44999999999999996,-0.2999999999999997,3.0,13.0,0,2,2,3,2,29,0,0,24,2
12000638,1.0,0.05,0.75,1.1386406250000003,1.1500000000000004,0.011359375000000008,-6,11.359375,2.984375,0.171875,0.078125,0.03125,0.5516129032258067,0.5193548387096775,0.7958832699918151,0.051238019178162536,0.7958832699918151,0.051238019178162536,-0.8500000000000001,1.9999999999999998,4.0,12.0,0,6,4,0,2,32,3,1,14,2
12000639,0.0,0.05,0.5,4.248421875,4.25,0.001578125000000001,-1,1.578125,0.890625,0.125,0.109375,0.03125,0.545161290322581,0.5145161290322581,0.7919132364352235,0.05010615469972443,0.7919132364352235,0.05010615469972443,-0.9500000000000001,5.199999999999999,4.0,11.0,0,5,3,3,5,32,0,1,13,2
12000640,1.0,0.3,0.75,0.8883437499999935,1.0499999999999936,0.16165625000000006,-19,161.65625,11.3125,0.375,0.078125,0.0,0.5968750000000007,0.6171874999999993,0.999999999999988,0.2999999881527065,0.999999999999988,0.2999999881527065,-1.3000000000000007,2.3499999999999996,20.0,9.0,0,0,0,0,1,13,0,0,50,0
12000641,0.0,0.3,0.25,-1.1446406249999999,-0.9999999999999998,0.144640625,20,144.640625,10.984375,0.078125,0.390625,0.0,0.540625,0.46718750000000026,2.857187061332128e-07,0.2999755681433201,2.857187061332128e-07,0.2999755681433201,-3.9499999999999997,2.9499999999999997,21.0,9.0,0,13,5,0,5,37,0,1,3,0
12000642,1.0,0.05,0.75,3.1495937499999993,3.1499999999999995,0.00040625000000000025,-1,0.40625,0.40625,0.125,0.109375,0.078125,0.525423728813559,0.5076271186440677,0.42695482142812674,0.05009170475366155,0.42695482142812674,0.05009170475366155,-0.19999999999999996,3.3499999999999996,1.0,14.0,0,3,1,0,13,35,2,2,3,5
12000643,1.0,0.05,0.75,1.3809531249999987,1.3999999999999986,0.01904687500000001,-8,19.046875,3.828125,0.203125,0.078125,0.015625,0.5841269841269847,0.5785714285714282,0.9956695546608638,0.10772730240819647,0.9956695546608638,0.10772730240819647,-0.95,2.3499999999999996,7.0,11.0,0,2,0,1,1,24,0,0,35,1
12000644,1.0,0.05,0.75,1.7473906249999982,1.7499999999999982,0.0026093750000000015,-4,2.609375,1.328125,0.15625,0.09375,0.046875,0.5409836065573773,0.5221311475409836,0.44361206153979355,0.05013275581642326,0.44361206153979355,0.05013275581642326,-0.5,2.25,2.0,14.0,0,3,3,2,4,34,3,1,11,3
12000645,1.0,0.3,0.75,-0.8618906249999987,-0.6499999999999986,0.21189062500000008,-22,211.890625,13.515625,0.40625,0.0625,0.0,0.5750000000000004,0.5867187499999996,0.9999999999997139,0.299999963887794,0.9999999999997139,0.299999963887794,-2.0,1.3499999999999999,20.0,10.0,0,1,0,1,3,21,0,2,36,0
12000646,1.0,0.05,0.5,1.6948124999999994,1.6999999999999993,0.005187500000000003,-4,5.1875,1.6875,0.15625,0.09375,0.0,0.5406250000000004,0.5234374999999999,0.4051353200934928,0.05003226429394422,0.4051353200934928,0.05003226429394422,-1.15,2.85,4.0,12.0,1,7,1,3,2,31,0,2,17,0
12000647,0.0,0.3,0.75,1.7387500000000005,1.8000000000000005,0.06125000000000003,16,61.25,6.46875,0.140625,0.390625,0.03125,0.5516129032258066,0.470967741935484,7.05578323088694e-08,0.2999994324006808,7.05578323088694e-08,0.2999994324006808,-4.35,6.1499999999999995,23.0,11.0,0,9,4,0,6,42,0,0,1,2
12000648,1.0,0.3,0.25,4.91771875,5.0,0.08228124999999997,-12,82.28125,8.21875,0.359375,0.171875,0.0,0.5968750000000007,0.5937499999999996,0.9999999999986813,0.29999999207953715,0.9999999999986813,0.29999999207953715,-2.4499999999999993,7.450000000000001,22.0,12.0,0,0,0,0,0,24,0,1,39,0
12000649,0.0,0.05,0.5,0.8319218749999998,0.8499999999999999,0.018078125000000004,5,18.078125,3.734375,0.078125,0.15625,0.0625,0.5200000000000001,0.46250000000000013,0.36937434757212306,0.050149939161736316,0.36937434757212306,0.050149939161736316,-1.35,2.2,6.0,9.0,2,12,7,0,5,28,1,1,4,4
12000650,1.0,0.05,0.75,-1.1432656250000015,-1.1000000000000014,0.04326562500000002,-13,43.265625,5.171875,0.25,0.046875,0.015625,0.5746031746031751,0.5619047619047615,0.9979007858937784,0.1561424104656589,0.9979007858937784,0.1561424104656589,-0.44999999999999996,-0.6500000000000001,4.0,15.0,0,3,1,0,2,27,0,3,27,1
12000651,0.0,0.05,0.25,-1.107953125,-1.1,0.007953125000000004,6,7.953125,1.890625,0.015625,0.109375,0.09375,0.5482758620689656,0.47413793103448293,0.19028518933110614,0.05000465455283557,0.19028518933110614,0.05000465455283557,-0.14999999999999997,-0.9500000000000002,1.0,7.0,1,8,5,0,4,36,0,1,3,6
12000652,1.0,0.05,0.25,7.439015625,7.449999999999999,0.010984375000000008,4,10.984375,2.734375,0.140625,0.203125,0.046875,0.5508196721311477,0.5000000000000001,0.5878635282431545,0.06920497176981703,0.5878635282431545,0.06920497176981703,-0.8499999999999999,8.299999999999999,4.0,18.0,0,4,4,0,7,38,1,2,5,3
12000653,0.0,0.05,0.75,3.8490312499999995,3.8499999999999996,0.0009687500000000004,-1,0.96875,0.6875,0.109375,0.09375,0.0625,0.5600000000000003,0.5075,0.4471393136461671,0.05002021240594388,0.4471393136461671,0.05002021240594388,-0.8500000000000001,4.7,3.0,10.0,0,3,5,0,3,38,2,2,7,4
12000654,1.0,0.05,0.25,9.266875,9.3,0.033124999999999995,9,33.125,4.71875,0.0625,0.203125,0.015625,0.5333333333333333,0.47857142857142865,0.061511919218065134,0.06137536119831701,0.061511919218065134,0.06137536119831701,-0.19999999999999996,9.499999999999998,1.0,16.0,0,11,1,1,8,39,0,0,3,1
12000655,1.0,0.05,0.75,1.1624062500000027,1.2000000000000028,0.03759375000000001,-7,37.59375,5.46875,0.1875,0.078125,0.0625,0.5533333333333335,0.5649999999999998,0.9859327099173398,0.07766730962085994,0.9859327099173398,0.07766730962085994,-0.8,2.0,5.0,12.0,0,4,1,0,3,21,2,3,26,4
12000656,1.0,0.05,0.25,1.947250000000001,1.950000000000001,0.002750000000000002,-3,2.75,1.4375,0.125,0.078125,0.015625,0.5619047619047624,0.5095238095238096,0.9263033791996466,0.05011080548798845,0.9263033791996466,0.05011080548798845,-0.8,2.7499999999999996,5.0,8.0,1,3,6,0,6,33,0,1,13,1
12000657,0.0,0.05,0.25,-1.8588437500000001,-1.8,0.058843750000000014,11,58.84375,6.75,0.046875,0.21875,0.03125,0.5129032258064515,0.4709677419354839,0.03663637708808304,0.0537413958246438,0.03663637708808304,0.0537413958246438,-0.75,-1.0499999999999998,4.0,13.0,1,12,4,0,5,35,3,2,0,2
12000658,0.0,0.05,0.75,4.444578125,4.449999999999999,0.005421875000000004,-4,5.421875,2.140625,0.125,0.0625,0.0,0.5562500000000004,0.509375,0.5046375425963568,0.05000237897754824,0.5046375425963568,0.05000237897754824,-0.55,4.999999999999999,2.0,10.0,1,5,3,1,3,38,0,2,11,0
12000659,1.0,0.05,0.5,2.897374999999999,2.899999999999999,0.0026250000000000015,0,2.625,1.4375,0.125,0.125,0.03125,0.5258064516129032,0.5120967741935485,0.6137397425670746,0.050043725267079876,0.6137397425670746,0.050043725267079876,-0.44999999999999996,3.3500000000000005,1.0,15.0,0,9,2,2,5,28,2,1,13,2
12000660,1.0,0.05,0.5,3.1488593750000002,3.1500000000000004,0.0011406250000000006,1,1.140625,0.703125,0.109375,0.125,0.015625,0.5333333333333334,0.4976190476190476,0.4334370441709251,0.05001671914266069,0.4334370441709251,0.05001671914266069,-0.19999999999999996,3.3499999999999996,1.0,14.0,0,9,4,2,2,34,2,2,8,1
12000661,0.0,0.05,0.25,1.1358281249999997,1.1499999999999997,0.014171875000000009,5,14.171875,3.453125,0.09375,0.171875,0.078125,0.5254237288135594,0.4872881355932205,0.558247390180186,0.05031836617791075,0.558247390180186,0.05031836617791075,-0.75,1.8999999999999997,3.0,14.0,1,7,4,0,7,33,2,2,3,5
12000662,1.0,0.3,0.5,2.093796875000002,2.150000000000002,0.05620312500000003,-12,56.203125,6.796875,0.3125,0.125,0.0,0.5906250000000005,0.5703124999999997,0.9999990547325459,0.2999134189973751,0.9999990547325459,0.2999134189973751,-2.4499999999999993,4.6,16.0,12.0,0,0,0,0,2,32,0,1,29,0
12000663,0.0,0.05,0.25,1.0916093749999998,1.0999999999999999,0.008390625000000006,3,8.390625,2.734375,0.09375,0.140625,0.046875,0.4983606557377049,0.4827868852459017,0.19607710769947426,0.05015632003278248,0.19607710769947426,0.05015632003278248,-0.8999999999999999,2.0,3.0,12.0,1,12,5,0,5,27,4,4,3,3
12000664,1.0,0.3,0.5,-1.1481562500000078,-1.0500000000000078,0.09815625,-19,98.15625,8.375,0.328125,0.03125,0.015625,0.590476190476191,0.6023809523809519,0.9999999999666602,0.2999950738554568,0.9999999999666602,0.2999950738554568,-1.9000000000000004,0.8499999999999999,18.0,5.0,0,1,0,0,0,18,1,0,43,1
12000665,0.0,0.05,0.25,-1.3060156250000001,-1.25,0.05601562500000001,10,56.015625,6.984375,0.078125,0.234375,0.046875,0.5081967213114752,0.4729508196721314,0.1596791736981982,0.05647821691907733,0.1596791736981982,0.05647821691907733,-0.8500000000000001,-0.39999999999999974,3.0,17.0,0,14,3,0,8,30,2,2,2,3
12000666,1.0,0.3,0.5,2.5850625000000016,2.6000000000000014,0.014937500000000012,-6,14.9375,3.46875,0.203125,0.109375,0.046875,0.5672131147540987,0.5393442622950818,0.9874681960336987,0.1806977996787128,0.9874681960336987,0.1806977996787128,-2.05,4.6499999999999995,12.0,8.0,0,7,2,0,0,27,1,1,23,3
12000667,1.0,0.05,0.75,0.12775000000000036,0.15000000000000036,0.022250000000000006,-8,22.25,4.21875,0.1875,0.0625,0.046875,0.554098360655738,0.5540983606557373,0.507346842306979,0.05023227333008308,0.507346842306979,0.05023227333008308,-1.05,1.2000000000000002,4.0,12.0,0,3,2,2,1,26,1,4,22,3
12000668,0.0,0.3,0.75,-2.3378124999999987,-2.1499999999999986,0.18781250000000008,20,187.8125,12.15625,0.046875,0.359375,0.015625,0.5492063492063494,0.4595238095238098,6.473313450397364e-06,0.2995264667705254,6.473313450397364e-06,0.2995264667705254,-4.1,1.9500000000000002,22.0,4.0,0,13,4,0,3,43,0,0,0,1
12000669,1.0,0.05,0.25,5.948171874999998,5.949999999999998,0.0018281250000000012,-1,1.828125,1.140625,0.1875,0.171875,0.078125,0.5593220338983055,0.5152542372881356,0.6977280112606181,0.1327961341534227,0.6977280112606181,0.1327961341534227,-1.4499999999999997,7.399999999999999,8.0,15.0,0,2,5,0,5,34,1,3,9,5
12000670,0.0,0.3,0.5,0.6792500000000001,0.7500000000000002,0.07075000000000004,11,70.75,7.53125,0.125,0.296875,0.03125,0.4999999999999999,0.456451612903226,0.004730176268508553,0.2902960969160379,0.004730176268508553,0.2902960969160379,-3.0,3.75,14.0,13.0,0,16,4,2,7,31,2,0,0,2
12000671,0.0,0.3,0.25,-2.5638124999999996,-2.3999999999999995,0.16381250000000003,21,163.8125,11.59375,0.078125,0.40625,0.0,0.5250000000000001,0.47421875000000013,2.3522246195234195e-06,0.29992241880219983,2.3522246195234195e-06,0.29992241880219983,-3.6,1.2000000000000002,16.0,15.0,0,12,0,1,8,42,1,0,0,0
12000672,0.0,0.05,0.75,0.42723437500000017,0.4500000000000002,0.022765625000000008,7,22.765625,4.578125,0.09375,0.203125,0.046875,0.5344262295081967,0.49508196721311476,0.38067763084165895,0.05300630132593945,0.38067763084165895,0.05300630132593945,-1.45,1.8999999999999997,5.0,14.0,0,6,3,1,6,38,3,0,4,3
12000673,1.0,0.05,0.5,-0.527234375,-0.5,0.027234375000000012,-8,27.234375,4.671875,0.1875,0.0625,0.015625,0.5365079365079368,0.5476190476190476,0.827450298515065,0.05024133400479314,0.827450298515065,0.05024133400479314,-0.9999999999999998,0.49999999999999956,5.0,11.0,0,3,2,4,2,27,3,1,21,1
12000674,1.0,0.05,0.25,6.498343750000003,6.500000000000003,0.0016562500000000006,0,1.65625,0.9375,0.203125,0.203125,0.0,0.5593750000000005,0.5117187499999999,0.763527027849596,0.12702775317145254,0.763527027849596,0.12702775317145254,-1.55,8.05,8.0,18.0,1,2,7,1,6,32,0,1,14,0
12000675,1.0,0.05,0.5,1.1470468749999994,1.1499999999999995,0.0029531250000000018,-4,2.953125,1.453125,0.140625,0.078125,0.046875,0.5344262295081967,0.512295081967213,0.6078039703283953,0.05006130198315759,0.6078039703283953,0.05006130198315759,-1.0499999999999998,2.2,4.0,10.0,1,6,3,0,4,32,2,4,9,3
12000676,1.0,0.3,0.25,2.867015625,3.0,0.13298437499999996,-16,132.984375,10.953125,0.375,0.125,0.0,0.5812500000000006,0.6124999999999995,0.9999999999998457,0.299999991690844,0.9999999999998457,0.299999991690844,-2.0000000000000004,5.0,20.0,12.0,0,0,0,0,2,14,2,0,46,0
12000677,1.0,0.3,0.75,-2.1234687500000025,-1.9000000000000021,0.22346875000000013,-23,223.46875,13.40625,0.375,0.015625,0.0,0.5968750000000007,0.6078124999999994,0.9999999999999042,0.2999998840793593,0.9999999999999042,0.2999998840793593,-2.4499999999999993,0.5499999999999998,22.0,3.0,0,1,0,0,0,16,0,0,47,0
12000678,1.0,0.3,0.75,-1.0524375000000021,-0.9000000000000021,0.1524375,-21,152.4375,10.5,0.375,0.046875,0.015625,0.587301587301588,0.5857142857142852,0.9999999999997026,0.29999989199385824,0.9999999999997026,0.29999989199385824,-2.6000000000000005,1.6999999999999997,22.0,5.0,0,0,0,0,4,23,0,0,36,1
12000679,1.0,0.05,0.25,2.248203125,2.25,0.0017968750000000012,0,1.796875,0.859375,0.0625,0.0625,0.078125,0.5322033898305085,0.49237288135593243,0.8407886903589972,0.05000176956154016,0.8407886903589972,0.05000176956154016,-0.44999999999999996,2.6999999999999997,3.0,5.0,1,8,6,3,2,27,1,0,11,5
12000680,1.0,0.05,0.75,0.9375312500000001,0.9500000000000002,0.01246875000000001,-6,12.46875,3.0625,0.171875,0.078125,0.03125,0.5612903225806455,0.5483870967741934,0.7037444786338507,0.05028531473943912,0.7037444786338507,0.05028531473943912,0.0,0.95,0.0,16.0,0,3,1,1,3,30,0,4,20,2
12000681,1.0,0.3,0.25,-0.8427656249999964,-0.7499999999999964,0.09276562499999998,-14,92.765625,8.828125,0.28125,0.0625,0.015625,0.5841269841269847,0.5547619047619046,0.9998592181860135,0.2824598539059658,0.9998592181860135,0.2824598539059658,-3.2500000000000004,2.5,18.0,4.0,0,0,5,0,1,29,1,2,25,1
12000682,0.0,0.05,0.5,4.58925,4.6,0.010750000000000006,2,10.75,2.875,0.15625,0.1875,0.015625,0.5301587301587303,0.5071428571428571,0.345014240122971,0.06447946186075341,0.345014240122971,0.06447946186075341,-0.44999999999999996,5.050000000000001,2.0,20.0,1,6,3,2,4,34,1,4,8,1
12000683,0.0,0.05,0.75,4.794296875,4.8,0.005703125000000003,0,5.703125,2.078125,0.15625,0.15625,0.015625,0.5428571428571433,0.49047619047619045,0.20508053738058996,0.052593443186266506,0.20508053738058996,0.052593443186266506,-0.55,5.3500000000000005,3.0,17.0,1,7,7,1,4,32,0,3,8,1
12000684,1.0,0.3,0.25,3.4873281249999963,3.4999999999999964,0.012671875000000003,-9,12.671875,2.390625,0.265625,0.125,0.015625,0.590476190476191,0.5523809523809521,0.9999939773914213,0.29957547338634166,0.9999939773914213,0.29957547338634166,-2.249999999999999,5.749999999999999,16.0,9.0,0,2,3,0,1,30,0,0,27,1
12000685,1.0,0.05,0.25,5.546953125,5.55,0.0030468750000000014,1,3.046875,1.390625,0.140625,0.15625,0.03125,0.5354838709677421,0.5024193548387098,0.6895527890439452,0.05095955217154811,0.6895527890439452,0.05095955217154811,-1.2999999999999998,6.849999999999999,5.0,14.0,0,6,5,2,5,32,2,1,9,2
12000686,0.0,0.05,0.5,1.59528125,1.6,0.0047187500000000025,6,4.71875,1.59375,0.09375,0.1875,0.078125,0.5423728813559323,0.4847457627118646,0.5285774532497535,0.05505797933593555,0.5285774532497535,0.05505797933593555,-0.75,2.3500000000000005,3.0,15.0,1,5,5,0,10,33,0,0,5,5
12000687,0.0,0.3,0.75,0.11084375000000007,0.15000000000000008,0.03915625000000001,10,39.15625,6.0625,0.078125,0.234375,0.0625,0.52,0.49749999999999994,0.05908522934460755,0.1511264196070863,0.05908522934460755,0.1511264196070863,-3.2,3.3499999999999996,14.0,6.0,0,6,3,3,8,32,1,2,5,4
12000688,0.0,0.05,0.25,0.8811406250000001,0.9000000000000001,0.018859375000000008,7,18.859375,3.671875,0.09375,0.203125,0.03125,0.5290322580645161,0.470967741935484,0.2592225667529646,0.05487006373285836,0.2592225667529646,0.05487006373285836,-0.8500000000000001,1.7500000000000002,3.0,16.0,0,12,6,1,4,33,1,2,3,2
12000689,1.0,0.05,0.25,4.498265625,4.5,0.001734375000000001,3,1.734375,1.078125,0.078125,0.125,0.078125,0.5220338983050847,0.4669491525423732,0.4016744213873226,0.050036764749513435,0.4016744213873226,0.050036764749513435,-0.19999999999999996,4.7,1.0,12.0,2,9,8,1,6,27,1,0,5,5
12000690,0.0,0.05,0.75,3.8950156250000005,3.9000000000000004,0.004984375000000003,1,4.984375,1.890625,0.140625,0.15625,0.078125,0.5254237288135595,0.5101694915254236,0.5001133264429882,0.05151479120300131,0.5001133264429882,0.05151479120300131,-1.7500000000000002,5.65,6.0,13.0,0,9,2,1,5,27,3,0,12,5
12000691,1.0,0.05,0.5,4.59934375,4.6,0.0006562500000000004,2,0.65625,0.59375,0.09375,0.125,0.03125,0.5387096774193547,0.49758064516129047,0.5431036408838078,0.05003703281131007,0.5431036408838078,0.05003703281131007,-0.6000000000000001,5.199999999999999,3.0,11.0,0,5,4,0,11,34,1,1,6,2
12000692,0.0,0.3,0.5,-0.5853906249999998,-0.4999999999999998,0.08539062500000003,16,85.390625,7.640625,0.109375,0.359375,0.015625,0.5460317460317462,0.480952380952381,0.00020245177725055908,0.29937476877290875,0.00020245177725055908,0.29937476877290875,-5.15,4.6499999999999995,22.0,8.0,1,11,1,0,4,41,0,0,5,1
12000693,0.0,0.3,0.25,-4.010750000000001,-3.8000000000000007,0.21075000000000013,23,210.75,12.6875,0.015625,0.375,0.03125,0.5645161290322586,0.47096774193548396,9.86468211723471e-07,0.29976412913241,9.86468211723471e-07,0.29976412913241,-4.200000000000001,0.4,22.0,3.0,1,8,3,0,1,49,0,0,0,2
12000694,0.0,0.3,0.25,-3.755453125,-3.55,0.20545312500000004,25,205.453125,12.140625,0.03125,0.421875,0.0,0.5593750000000003,0.4742187500000002,2.167267920484413e-08,0.299989414630719,2.167267920484413e-08,0.299989414630719,-3.9999999999999996,0.45000000000000007,21.0,8.0,0,10,2,0,3,48,0,0,1,0
12000695,1.0,0.3,0.5,0.9469843749999971,1.0499999999999972,0.103015625,-16,103.015625,9.078125,0.328125,0.078125,0.0,0.5968750000000007,0.5820312499999996,0.9999999956117558,0.29998516880441695,0.9999999956117558,0.29998516880441695,-1.8500000000000003,2.9,17.0,9.0,0,0,0,0,1,28,0,0,35,0
12000696,0.0,0.05,0.75,5.48384375,5.5,0.01615625000000001,-5,16.15625,3.8125,0.15625,0.078125,0.015625,0.5460317460317463,0.5333333333333332,0.5155846864819579,0.0500207033558845,0.5155846864819579,0.0500207033558845,-0.95,6.449999999999999,3.0,12.0,0,3,2,2,5,32,1,3,15,1
12000697,0.0,0.05,0.25,1.13253125,1.15,0.017468750000000005,4,17.46875,3.8125,0.078125,0.140625,0.0,0.5218750000000003,0.4531250000000002,0.37804705270185496,0.050015503508151524,0.37804705270185496,0.050015503508151524,-0.4,1.55,2.0,12.0,2,11,9,1,6,33,0,2,0,0
12000698,1.0,0.3,0.5,1.9965468750000015,2.1000000000000014,0.10345312499999998,-17,103.453125,9.234375,0.375,0.109375,0.0,0.5875000000000006,0.5984374999999995,0.9999999999988428,0.29999996826634423,0.9999999999988428,0.29999996826634423,-1.9500000000000002,4.050000000000001,19.0,12.0,0,0,0,0,3,19,0,1,41,0
12000699,0.0,0.05,0.5,0.9286875000000004,0.9500000000000004,0.021312500000000005,7,21.3125,3.8125,0.078125,0.1875,0.046875,0.5278688524590163,0.4778688524590165,0.3417691998343827,0.051740762197480875,0.3417691998343827,0.051740762197480875,-0.6000000000000001,1.5500000000000003,3.0,14.0,0,11,2,0,5,39,2,2,0,3
12000700,1.0,0.3,0.5,2.228078124999997,2.299999999999997,0.07192187500000001,-15,71.921875,6.921875,0.359375,0.125,0.0,0.5937500000000007,0.5796874999999995,0.9999999999408624,0.29999978434567975,0.9999999999408624,0.29999978434567975,-2.3,4.6,19.0,12.0,0,1,1,0,1,25,0,0,36,0
12000701,0.0,0.3,0.5,-0.5174374999999998,-0.3499999999999997,0.16743750000000007,20,167.4375,11.375,0.109375,0.421875,0.0,0.5437500000000001,0.46953125000000007,1.4867501054619743e-07,0.2999976768764955,1.4867501054619743e-07,0.2999976768764955,-4.4,4.05,22.0,12.0,0,10,3,0,8,43,0,0,0,0
12000702,0.0,0.3,0.75,0.16723437500000093,0.25000000000000094,0.08276562500000002,17,82.765625,7.859375,0.109375,0.375,0.046875,0.5409836065573773,0.4581967213114756,1.5746432288641562e-06,0.29998419260591,1.5746432288641562e-06,0.29998419260591,-4.250000000000001,4.499999999999999,22.0,9.0,0,16,2,0,2,40,0,0,1,3
12000703,1.0,0.05,0.75,1.736859375,1.75,0.01314062500000001,-4,13.140625,3.203125,0.171875,0.109375,0.03125,0.5516129032258066,0.5411290322580643,0.39197083848603054,0.05014016432354722,0.39197083848603054,0.05014016432354722,-0.19999999999999996,1.9499999999999997,1.0,17.0,0,3,2,0,7,28,1,3,18,2
12000704,1.0,0.3,0.75,-2.0219531250000045,-1.8000000000000043,0.221953125,-27,221.953125,12.578125,0.453125,0.03125,0.0,0.5968750000000007,0.5984374999999995,1.0,0.29999999982408276,1.0,0.29999999982408276,-2.8499999999999996,1.05,27.0,4.0,0,0,0,0,1,21,0,0,42,0
12000705,1.0,0.3,0.75,-0.3113281250000022,-0.15000000000000213,0.16132812500000002,-20,161.328125,11.484375,0.375,0.0625,0.015625,0.590476190476191,0.609523809523809,0.9999999999989746,0.2999998532258802,0.9999999999989746,0.2999998532258802,-2.0,1.8499999999999999,19.0,9.0,0,0,0,0,3,14,0,0,46,1
12000706,1.0,0.3,0.5,2.1775781250000006,2.3000000000000007,0.12242187499999994,-15,122.421875,10.171875,0.34375,0.109375,0.015625,0.5936507936507943,0.6023809523809519,0.9999999999886866,0.2999997863219068,0.9999999999886866,0.2999997863219068,-1.2500000000000004,3.55,16.0,13.0,0,0,0,0,2,18,0,0,43,1
12000707,1.0,0.3,0.25,2.044234375,2.0999999999999996,0.05576562500000002,-13,55.765625,6.328125,0.3125,0.109375,0.015625,0.5936507936507943,0.5738095238095233,0.9999999829141903,0.29998553054553667,0.9999999829141903,0.29998553054553667,-1.85,3.95,16.0,11.0,0,1,0,0,1,29,0,0,32,1
12000708,0.0,0.05,0.25,-0.28173437499999954,-0.24999999999999956,0.03173437500000001,9,31.734375,5.203125,0.09375,0.234375,0.015625,0.49206349206349187,0.4571428571428574,0.23513707184227245,0.056565537775220116,0.23513707184227245,0.056565537775220116,-0.65,0.4000000000000003,3.0,18.0,1,17,4,1,7,29,2,2,0,1
12000709,0.0,0.05,0.5,1.169515625,1.2,0.030484375,8,30.484375,4.953125,0.109375,0.234375,0.015625,0.5396825396825397,0.480952380952381,0.15360846594239144,0.11462032838480303,0.15360846594239144,0.11462032838480303,-1.5,2.7,6.0,16.0,0,9,5,0,6,37,1,2,3,1
12000710,0.0,0.3,0.75,4.140640624999999,4.149999999999999,0.009359375000000005,5,9.359375,2.703125,0.15625,0.234375,0.0,0.5312500000000002,0.48359375000000004,0.002954031257263062,0.2813016737628916,0.002954031257263062,0.2813016737628916,-1.9999999999999998,6.1499999999999995,11.0,14.0,0,11,5,1,5,33,1,2,6,0
12000711,0.0,0.3,0.25,-4.959062500000003,-4.750000000000003,0.2090625,24,209.0625,12.625,0.015625,0.390625,0.0,0.5437500000000003,0.48359375000000004,4.904784649552121e-06,0.2992639296531581,4.904784649552121e-06,0.2992639296531581,-4.500000000000002,-0.25,21.0,5.0,0,8,0,0,10,45,0,0,1,0
12000712,1.0,0.05,0.75,0.03328124999999892,0.049999999999998934,0.01671875000000001,-6,16.71875,3.40625,0.15625,0.0625,0.03125,0.5645161290322585,0.5532258064516127,0.6589118608208421,0.0500242546298919,0.6589118608208421,0.0500242546298919,-0.3999999999999999,0.4500000000000002,2.0,12.0,0,3,0,0,3,31,1,3,21,2
12000713,0.0,0.3,0.75,0.98803125,1.05,0.06196875000000003,12,61.96875,7.15625,0.125,0.3125,0.015625,0.5301587301587304,0.4642857142857145,0.0003447658941414187,0.2984599985632325,0.0003447658941414187,0.2984599985632325,-3.5500000000000007,4.6000000000000005,17.0,11.0,0,12,4,0,9,37,0,1,0,1
12000714,1.0,0.05,0.25,4.295109375,4.3,0.0048906250000000035,1,4.890625,1.828125,0.125,0.140625,0.046875,0.5278688524590166,0.4827868852459018,0.3530692110766767,0.050309509216749815,0.3530692110766767,0.050309509216749815,-0.30000000000000004,4.599999999999999,1.0,16.0,1,6,3,2,8,38,1,0,2,3
12000715,0.0,0.3,0.75,3.416890625,3.45,0.03310937500000002,10,33.109375,5.109375,0.171875,0.328125,0.015625,0.5238095238095238,0.4690476190476191,0.0001986808910075907,0.29984587196539036,0.0001986808910075907,0.29984587196539036,-4.05,7.499999999999999,19.0,13.0,0,16,1,0,5,37,1,1,2,1
12000716,1.0,0.05,0.75,1.4484062500000001,1.4500000000000002,0.001593750000000001,-3,1.59375,0.9375,0.109375,0.0625,0.0625,0.5500000000000002,0.5125,0.40908189546750573,0.050004999847209096,0.40908189546750573,0.050004999847209096,-0.7,2.15,3.0,8.0,0,2,2,2,8,37,0,1,8,4
12000717,1.0,0.3,0.5,0.8316562499999958,0.9499999999999957,0.11834374999999998,-17,118.34375,9.96875,0.359375,0.09375,0.015625,0.590476190476191,0.5880952380952377,0.9999999999531147,0.2999994146966884,0.9999999999531147,0.2999994146966884,-2.2,3.15,19.0,10.0,0,0,2,0,2,20,0,1,38,1
12000718,0.0,0.3,0.25,-1.7072656249999991,-1.5999999999999992,0.10726562499999999,19,107.265625,9.015625,0.0625,0.359375,0.015625,0.5365079365079366,0.4666666666666669,3.492575503214069e-06,0.299756193886633,3.492575503214069e-06,0.299756193886633,-2.6999999999999997,1.1000000000000003,15.0,12.0,0,13,2,0,6,41,0,1,0,1
12000719,1.0,0.05,0.75,0.17732812500000017,0.20000000000000018,0.022671875000000015,-7,22.671875,4.484375,0.171875,0.0625,0.0,0.5406250000000002,0.5445312499999999,0.8465703454872008,0.0501462960591214,0.8465703454872008,0.0501462960591214,-0.44999999999999996,0.6500000000000001,1.0,14.0,1,5,2,1,3,25,2,3,22,0
12000720,0.0,0.05,0.5,2.249421875,2.25,0.0005781250000000004,1,0.578125,0.578125,0.109375,0.125,0.046875,0.537704918032787,0.4950819672131149,0.6223655478982362,0.050025640262016564,0.6223655478982362,0.050025640262016564,-1.0,3.250000000000001,4.0,11.0,0,8,5,1,3,33,2,2,7,3
12000721,1.0,0.3,0.75,-1.5618125000000023,-1.4000000000000021,0.16181250000000005,-23,161.8125,11.0,0.390625,0.03125,0.0,0.5937500000000007,0.6078124999999995,0.9999999999999843,0.2999999740689284,0.9999999999999843,0.2999999740689284,-2.3999999999999995,0.9999999999999998,22.0,5.0,0,0,0,0,2,16,0,0,46,0
12000722,1.0,0.05,0.5,5.7977968749999995,5.8,0.0022031250000000015,1,2.203125,1.203125,0.15625,0.171875,0.0,0.5406250000000001,0.51640625,0.8940867712160268,0.05297446027232606,0.8940867712160268,0.05297446027232606,-0.7,6.5,3.0,18.0,0,7,3,0,8,29,1,2,14,0
12000723,0.0,0.05,0.25,0.030265625000000202,0.05000000000000021,0.01973437500000001,7,19.734375,3.859375,0.109375,0.21875,0.015625,0.495238095238095,0.4642857142857145,0.283173192573002,0.05301974825743461,0.283173192573002,0.05301974825743461,-0.55,0.6000000000000003,2.0,19.0,2,15,6,0,7,25,2,3,3,1
12000724,0.0,0.05,0.25,0.26723437500000014,0.30000000000000016,0.03276562500000001,9,32.765625,5.015625,0.09375,0.234375,0.0,0.5281250000000001,0.4765625000000002,0.11757329255834466,0.07806998280947643,0.11757329255834466,0.07806998280947643,-1.0,1.3000000000000003,4.0,17.0,1,10,3,2,3,41,2,0,2,0
12000725,0.0,0.05,0.5,3.2855625000000006,3.3000000000000007,0.01443750000000001,3,14.4375,3.46875,0.140625,0.1875,0.0625,0.5433333333333336,0.47250000000000003,0.4985899244203756,0.061069830101769446,0.4985899244203756,0.061069830101769446,-0.4,3.7,2.0,19.0,0,11,5,0,3,36,1,1,3,4
12000726,0.0,0.3,0.5,0.0436562500000002,0.20000000000000018,0.15634374999999998,20,156.34375,11.40625,0.125,0.4375,0.015625,0.5492063492063494,0.4714285714285716,6.905472679258877e-09,0.2999998477049856,6.905472679258877e-09,0.2999998477049856,-5.150000000000002,5.35,26.0,10.0,1,9,3,0,3,46,1,0,0,1
12000727,1.0,0.05,0.5,3.3969375000000013,3.4000000000000012,0.003062500000000001,-4,3.0625,1.1875,0.171875,0.109375,0.015625,0.5555555555555558,0.5285714285714284,0.9431921343661714,0.06330428293865442,0.9431921343661714,0.06330428293865442,-0.6499999999999999,4.05,4.0,14.0,0,3,3,2,5,32,0,2,16,1
12000728,1.0,0.3,0.5,1.174421874999999,1.299999999999999,0.12557812499999993,-13,125.578125,9.953125,0.296875,0.09375,0.046875,0.5737704918032793,0.5786885245901635,0.999998783277885,0.2997265209626751,0.999998783277885,0.2997265209626751,-2.3,3.5999999999999996,17.0,8.0,1,1,1,0,3,20,1,0,34,3
12000729,0.0,0.3,0.5,-0.3361562499999998,-0.24999999999999983,0.08615624999999999,14,86.15625,7.9375,0.09375,0.3125,0.015625,0.526984126984127,0.47619047619047644,0.003020781757717681,0.28932416241326187,0.003020781757717681,0.28932416241326187,-2.85,2.5999999999999996,14.0,12.0,1,6,5,1,10,38,1,1,0,1
12000730,1.0,0.3,0.25,3.5937656250000023,3.650000000000002,0.05623437500000002,-10,56.234375,6.671875,0.3125,0.15625,0.0,0.5781250000000006,0.5539062499999997,0.999998120496946,0.29996165111401557,0.999998120496946,0.29996165111401557,-3.249999999999999,6.9,19.0,11.0,2,2,0,0,0,33,0,1,26,0
12000731,0.0,0.3,0.5,-0.1069062499999997,2.7755575615628914e-16,0.10690624999999998,16,106.90625,8.875,0.09375,0.34375,0.0,0.5531250000000003,0.48359375000000004,0.0004109303583732374,0.2985032800582639,0.0004109303583732374,0.2985032800582639,-3.6000000000000005,3.5999999999999996,18.0,10.0,0,8,1,2,2,49,0,1,1,0
12000732,0.0,0.3,0.25,-0.6574687499999998,-0.5999999999999998,0.05746875000000001,13,57.46875,6.90625,0.0625,0.265625,0.015625,0.5460317460317461,0.4761904761904764,0.05739889633199144,0.12885854498578728,0.05739889633199144,0.12885854498578728,-2.55,1.9500000000000002,13.0,8.0,0,9,4,0,5,42,1,1,1,1
12000733,1.0,0.3,0.75,-2.5210625000000007,-2.3000000000000007,0.22106250000000013,-21,221.0625,13.28125,0.34375,0.015625,0.015625,0.5841269841269847,0.5880952380952377,0.9999999992576043,0.2999812829709796,0.9999999992576043,0.2999812829709796,-2.6999999999999997,0.40000000000000013,20.0,3.0,0,0,0,1,2,23,0,1,36,1
12000734,0.0,0.3,0.5,-0.3167499999999995,-0.14999999999999952,0.16674999999999995,18,166.75,11.0,0.109375,0.390625,0.015625,0.5460317460317463,0.47380952380952396,6.924529871465589e-07,0.29999038929435135,6.924529871465589e-07,0.29999038929435135,-4.5,4.35,22.0,10.0,0,9,5,0,5,41,1,1,1,1
12000735,0.0,0.3,0.5,0.6540312500000003,0.8000000000000003,0.14596875,15,145.96875,10.15625,0.125,0.359375,0.03125,0.5290322580645163,0.46129032258064534,8.989173200747786e-06,0.2999619495757555,8.989173200747786e-06,0.2999619495757555,-3.9000000000000004,4.699999999999999,20.0,11.0,1,14,3,1,2,39,1,0,1,2
12000736,1.0,0.05,0.5,2.9989375,3.0,0.0010625000000000005,-2,1.0625,0.78125,0.140625,0.109375,0.015625,0.5365079365079367,0.488095238095238,0.533492419704535,0.05010792233978828,0.533492419704535,0.05010792233978828,-1.2999999999999998,4.3,6.0,10.0,0,8,6,2,4,34,0,4,5,1
12000737,1.0,0.3,0.75,-0.9917031250000021,-0.9000000000000021,0.09170312500000004,-16,91.703125,8.109375,0.28125,0.03125,0.015625,0.590476190476191,0.5857142857142852,0.9999993561593885,0.2981925035674062,0.9999993561593885,0.2981925035674062,-2.1,1.2,16.0,4.0,0,1,0,0,2,23,0,0,37,1
12000738,1.0,0.05,0.5,5.398890624999999,5.3999999999999995,0.0011093750000000008,1,1.109375,0.796875,0.140625,0.15625,0.046875,0.537704918032787,0.49999999999999994,0.5840718400213374,0.05144459229184074,0.5840718400213374,0.05144459229184074,-0.25,5.6499999999999995,2.0,17.0,0,6,2,2,5,38,1,2,5,3
12000739,1.0,0.05,0.75,3.336640625,3.3499999999999996,0.013359375000000008,-5,13.359375,3.328125,0.203125,0.125,0.015625,0.5714285714285718,0.5357142857142856,0.9275317565600202,0.10702372490454333,0.9275317565600202,0.10702372490454333,-0.6500000000000001,4.0,5.0,16.0,0,4,4,0,3,29,1,0,22,1
12000740,0.0,0.3,0.75,2.3130156250000007,2.3500000000000005,0.03698437500000001,11,36.984375,5.171875,0.125,0.296875,0.015625,0.5460317460317461,0.473809523809524,0.00022252483042541608,0.2994992969289078,0.00022252483042541608,0.2994992969289078,-2.9,5.25,16.0,11.0,0,9,3,0,8,42,0,0,1,1
12000741,0.0,0.3,0.75,-1.235125,-1.1500000000000001,0.08512499999999998,14,85.125,8.59375,0.09375,0.3125,0.0,0.5312500000000001,0.47890625000000014,0.0032539320061501847,0.2808920999926499,0.0032539320061501847,0.2808920999926499,-4.25,3.0999999999999996,17.0,9.0,0,12,3,0,3,40,3,1,2,0
12000742,0.0,0.3,0.5,-0.18671874999999905,-0.14999999999999902,0.03671875000000001,13,36.71875,4.34375,0.078125,0.28125,0.0,0.5375000000000001,0.4882812500000002,0.014267344916555777,0.2561559740917044,0.014267344916555777,0.2561559740917044,-3.3,3.1499999999999995,15.0,8.0,0,10,1,1,6,40,0,2,4,0
12000743,1.0,0.3,0.5,2.0374687499999977,2.099999999999998,0.06253125000000002,-15,62.53125,6.5625,0.359375,0.125,0.0,0.5875000000000006,0.5984374999999994,0.9999999999012413,0.2999995872452333,0.9999999999012413,0.2999995872452333,-2.6999999999999993,4.799999999999999,22.0,9.0,1,0,0,0,1,19,0,1,42,0
12000744,0.0,0.3,0.5,-1.4379687499999996,-1.3499999999999996,0.08796874999999997,14,87.96875,7.9375,0.046875,0.265625,0.015625,0.5142857142857142,0.46428571428571447,0.00869652794882036,0.16587118812502843,0.00869652794882036,0.16587118812502843,-2.8499999999999996,1.5000000000000002,14.0,6.0,2,10,5,0,9,35,2,0,0,1
12000745,1.0,0.05,0.75,1.6469687500000008,1.6500000000000008,0.0030312500000000023,-2,3.03125,1.4375,0.09375,0.0625,0.015625,0.5523809523809526,0.5309523809523806,0.6587660135755883,0.05000190994166575,0.6587660135755883,0.05000190994166575,-0.75,2.4,4.0,6.0,0,3,3,1,7,30,0,3,16,1
12000746,0.0,0.3,0.75,-1.1041406249999994,-0.9999999999999993,0.10414062500000001,16,104.140625,8.765625,0.078125,0.328125,0.015625,0.5523809523809526,0.480952380952381,6.703342726641884e-05,0.2986488283507014,6.703342726641884e-05,0.2986488283507014,-3.5500000000000007,2.55,18.0,8.0,0,9,1,0,5,46,0,1,1,1
12000747,1.0,0.3,0.25,2.904593750000001,3.0500000000000007,0.14540624999999996,-17,145.40625,11.125,0.390625,0.125,0.0,0.5968750000000007,0.6054687499999994,0.9999999999999946,0.29999999918996134,0.9999999999999946,0.29999999918996134,-2.0500000000000007,5.1,23.0,10.0,0,0,0,0,0,19,0,1,44,0
12000748,0.0,0.05,0.75,6.535421874999999,6.549999999999999,0.014578125000000011,-4,14.578125,3.609375,0.1875,0.125,0.03125,0.5451612903225809,0.5435483870967741,0.5809409119365841,0.051826555172668314,0.5809409119365841,0.051826555172668314,-1.55,8.1,5.0,15.0,0,4,3,2,4,24,2,1,22,2
12000749,0.0,0.05,0.25,-0.08478124999999972,-0.04999999999999971,0.03478125000000001,9,34.78125,4.6875,0.0625,0.203125,0.03125,0.529032258064516,0.45645161290322617,0.23108824870876538,0.051123249933604,0.23108824870876538,0.051123249933604,-0.8,0.7500000000000003,4.0,13.0,0,14,5,1,4,37,1,0,0,2
12000750,0.0,0.3,0.75,2.2323906250000003,2.3000000000000003,0.06760937500000001,13,67.609375,7.734375,0.15625,0.359375,0.015625,0.5365079365079366,0.47857142857142876,3.8605767729316576e-05,0.2999729578339454,3.8605767729316576e-05,0.2999729578339454,-4.3500000000000005,6.6499999999999995,21.0,12.0,2,9,2,0,6,40,0,1,3,1
12000751,1.0,0.05,0.25,8.9509375,9.0,0.04906250000000002,10,49.0625,6.46875,0.0625,0.21875,0.03125,0.5096774193548387,0.46370967741935504,0.13010559133868804,0.05235821548312869,0.13010559133868804,0.05235821548312869,-0.9000000000000001,9.9,3.0,15.0,1,13,6,2,3,32,2,2,1,2
12000752,0.0,0.3,0.25,-2.8406874999999996,-2.6499999999999995,0.19068750000000007,21,190.6875,11.90625,0.046875,0.375,0.0,0.5437500000000001,0.4625000000000003,2.3120757952428857e-06,0.2996665961149789,2.3120757952428857e-06,0.2996665961149789,-2.95,0.3000000000000001,16.0,11.0,1,10,5,0,6,42,0,0,0,0
12000753,0.0,0.3,0.75,2.067171875,2.1,0.032828125000000014,12,32.828125,4.796875,0.140625,0.328125,0.03125,0.545161290322581,0.48548387096774204,9.767154651524283e-06,0.2999478374789615,9.767154651524283e-06,0.2999478374789615,-3.95,6.05,19.0,11.0,0,6,6,1,6,37,1,1,4,2
12000754,1.0,0.05,0.25,5.21928125,5.25,0.030718749999999996,3,30.71875,5.03125,0.09375,0.140625,0.0625,0.5366666666666667,0.48499999999999993,0.4117110895641504,0.05036666896931644,0.4117110895641504,0.05036666896931644,-1.5,6.749999999999999,4.0,11.0,0,12,4,1,3,30,0,2,8,4
12000755,0.0,0.05,0.5,2.4995937499999994,2.4999999999999996,0.00040625000000000025,0,0.40625,0.40625,0.09375,0.09375,0.046875,0.5475409836065575,0.5122950819672131,0.16728594496365937,0.05001100153412627,0.16728594496365937,0.05001100153412627,-0.4,2.9,2.0,10.0,0,4,5,1,4,33,2,2,10,3
12000756,1.0,0.3,0.5,3.274687499999997,3.299999999999997,0.025312500000000005,-14,25.3125,3.46875,0.34375,0.125,0.0,0.5812500000000006,0.5539062499999996,0.9999999999802885,0.2999999180653243,0.9999999999802885,0.2999999180653243,-1.6000000000000003,4.8999999999999995,17.0,13.0,0,3,1,0,3,30,0,0,27,0
12000757,0.0,0.05,0.75,1.7479218749999998,1.7499999999999998,0.002078125000000001,4,2.078125,1.140625,0.078125,0.140625,0.09375,0.5655172413793107,0.5129310344827585,0.6188165375558201,0.05020328692841351,0.6188165375558201,0.05020328692841351,-0.2,1.949999999999999,1.0,13.0,0,2,3,0,5,38,1,1,8,6
12000758,1.0,0.3,0.25,2.060109374999998,2.099999999999998,0.03989062500000001,-11,39.890625,5.359375,0.265625,0.09375,0.046875,0.5836065573770497,0.5737704918032783,0.9999999393530148,0.299899193645765,0.9999999393530148,0.299899193645765,-1.7500000000000002,3.8499999999999996,16.0,7.0,0,1,1,0,3,24,0,1,31,3
12000759,1.0,0.3,0.5,3.8250312499999994,3.8499999999999996,0.02496875000000001,-8,24.96875,4.25,0.28125,0.15625,0.015625,0.5777777777777784,0.564285714285714,0.9999491954699692,0.2994507355391111,0.9999491954699692,0.2994507355391111,-2.75,6.6,16.0,12.0,2,0,0,0,2,30,0,1,28,1
12000760,0.0,0.05,0.75,6.895734375,6.9,0.004265625000000001,-4,4.265625,1.546875,0.203125,0.140625,0.015625,0.542857142857143,0.5214285714285712,0.5387883034339794,0.05488044223179452,0.5387883034339794,0.05488044223179452,-0.8999999999999999,7.800000000000001,4.0,18.0,1,6,3,1,6,27,0,2,17,1
12000761,0.0,0.05,0.5,2.7454374999999986,2.7499999999999987,0.004562500000000002,3,4.5625,1.625,0.109375,0.15625,0.046875,0.5606557377049182,0.4901639344262297,0.3296077348806796,0.05104696250790372,0.3296077348806796,0.05104696250790372,-0.6499999999999999,3.3999999999999986,3.0,14.0,0,5,6,0,6,37,0,1,6,3
12000762,0.0,0.3,0.25,-5.496203125000002,-5.150000000000002,0.34620312499999994,31,346.203125,16.703125,0.015625,0.5,0.015625,0.558730158730159,0.47380952380952396,1.6067105736817846e-12,0.29999998060611044,1.6067105736817846e-12,0.29999998060611044,-4.950000000000002,-0.19999999999999996,26.0,7.0,0,7,4,0,6,46,0,0,0,1
12000763,0.0,0.3,0.5,0.02809375000000021,0.1000000000000002,0.07190624999999999,14,71.90625,7.40625,0.09375,0.3125,0.015625,0.5238095238095237,0.45714285714285746,6.312130436412945e-05,0.2987714880617273,6.312130436412945e-05,0.2987714880617273,-3.349999999999999,3.45,18.0,8.0,1,16,3,0,6,35,0,0,2,1
12000764,1.0,0.3,0.5,0.738062499999999,0.7999999999999989,0.06193750000000001,-13,61.9375,6.96875,0.28125,0.078125,0.0,0.5593750000000005,0.5773437499999997,0.999999773291965,0.2994809759592737,0.999999773291965,0.2994809759592737,-2.0000000000000004,2.8,16.0,7.0,0,1,3,1,3,19,3,1,33,0
12000765,1.0,0.05,0.75,-1.1436250000000014,-1.1000000000000014,0.04362500000000002,-10,43.625,6.125,0.1875,0.03125,0.015625,0.5777777777777783,0.5928571428571423,0.9773394604421436,0.050765754948604754,0.9773394604421436,0.050765754948604754,-0.65,-0.44999999999999996,4.0,10.0,0,1,0,1,2,19,0,2,38,1
12000766,0.0,0.3,0.25,-4.17115625,-3.9,0.27115625000000004,30,271.15625,13.4375,0.0625,0.53125,0.015625,0.523809523809524,0.46190476190476215,3.301658062054543e-12,0.2999999954744281,3.301658062054543e-12,0.2999999954744281,-4.900000000000001,1.0000000000000004,26.0,12.0,1,15,0,0,7,40,0,0,0,1
12000767,1.0,0.05,0.5,2.24775,2.25,0.0022500000000000016,-2,2.25,1.3125,0.109375,0.078125,0.046875,0.5672131147540987,0.5147540983606557,0.5182825410873945,0.05001129358979025,0.5182825410873945,0.05001129358979025,0.0,2.25,0.0,12.0,0,1,5,1,4,38,0,3,9,3
12000768,0.0,0.05,0.75,5.74903125,5.75,0.0009687500000000006,-2,0.96875,0.78125,0.15625,0.125,0.015625,0.5587301587301591,0.5023809523809524,0.4134799396010276,0.050449619434054335,0.4134799396010276,0.050449619434054335,-0.6500000000000001,6.4,4.0,14.0,1,3,8,0,2,36,2,2,9,1
12000769,1.0,0.3,0.5,2.69040625,2.75,0.05959375000000002,-15,59.59375,6.71875,0.375,0.140625,0.0,0.5812500000000006,0.5749999999999996,0.999999999983439,0.29999995796669865,0.999999999983439,0.29999995796669865,-3.3499999999999988,6.100000000000001,23.0,10.0,0,2,0,0,4,24,0,0,34,0
12000770,1.0,0.05,0.25,3.7974843750000007,3.8000000000000007,0.002515625000000001,0,2.515625,1.046875,0.109375,0.109375,0.046875,0.5508196721311478,0.4975409836065574,0.43262944459470226,0.05003980759128833,0.43262944459470226,0.05003980759128833,-0.19999999999999996,3.999999999999999,1.0,13.0,1,4,5,0,5,37,1,2,6,3
12000771,0.0,0.05,0.25,-1.9029843749999993,-1.7999999999999994,0.102984375,16,102.984375,8.859375,0.046875,0.296875,0.0,0.5468750000000001,0.4718750000000002,0.004155937325886949,0.23208718014660606,0.004155937325886949,0.23208718014660606,-1.05,-0.7499999999999996,5.0,17.0,0,10,4,0,5,43,1,0,1,0
12000772,1.0,0.05,0.5,3.99721875,4.0,0.0027812500000000007,-1,2.78125,1.375,0.171875,0.15625,0.03125,0.5290322580645161,0.5217741935483872,0.6819024648429983,0.052946720335304176,0.6819024648429983,0.052946720335304176,-0.5499999999999998,4.549999999999999,3.0,18.0,1,6,5,1,5,23,2,3,16,2
12000773,0.0,0.3,0.75,-0.36432812499999956,-0.2499999999999996,0.11432812499999997,18,114.328125,9.578125,0.109375,0.390625,0.046875,0.521311475409836,0.4581967213114756,1.428499037386544e-07,0.2999959181734495,1.428499037386544e-07,0.2999959181734495,-4.45,4.199999999999999,23.0,9.0,0,16,2,0,7,35,0,1,0,3
12000774,1.0,0.3,0.25,5.7064687500000035,5.7500000000000036,0.043531250000000014,-9,43.53125,5.84375,0.34375,0.203125,0.015625,0.5809523809523816,0.5666666666666663,0.9999999999800113,0.2999999640149682,0.9999999999800113,0.2999999640149682,-3.1499999999999986,8.900000000000002,22.0,13.0,0,1,1,1,2,28,0,1,29,1
12000775,1.0,0.05,0.5,0.6440468749999995,0.6499999999999995,0.0059531250000000036,-5,5.953125,1.828125,0.15625,0.078125,0.0,0.5468750000000003,0.5210937499999999,0.48697063001392,0.05001817914799111,0.48697063001392,0.05001817914799111,-1.5499999999999998,2.2,5.0,10.0,2,5,2,0,3,34,2,1,15,0
12000776,0.0,0.3,0.5,0.34428125000000054,0.4000000000000006,0.055718750000000025,13,55.71875,6.46875,0.09375,0.296875,0.0,0.5500000000000003,0.46250000000000024,0.00416034432335598,0.28341932395156555,0.00416034432335598,0.28341932395156555,-3.8000000000000007,4.2,18.0,7.0,0,11,8,0,3,39,1,0,2,0
12000777,0.0,0.3,0.5,-5.1430625,-4.9,0.24306249999999996,27,243.0625,12.9375,0.015625,0.4375,0.0,0.5625000000000003,0.4859375,8.176034336188383e-09,0.2999919841847587,8.176034336188383e-09,0.2999919841847587,-4.800000000000001,-0.09999999999999987,23.0,6.0,0,6,2,0,5,49,0,1,1,0
12000778,1.0,0.05,0.25,5.941546875,5.95,0.008453125000000006,6,8.453125,2.109375,0.0625,0.15625,0.03125,0.5290322580645161,0.49516129032258077,0.3987352224849227,0.05003432014220461,0.3987352224849227,0.05003432014220461,-0.5,6.449999999999999,2.0,12.0,2,8,3,0,4,34,1,4,6,2
12000779,0.0,0.05,0.5,2.6473750000000003,2.6500000000000004,0.0026250000000000015,1,2.625,1.21875,0.109375,0.125,0.046875,0.534426229508197,0.4803278688524591,0.527500012503363,0.050036482769618765,0.527500012503363,0.050036482769618765,0.0,2.6500000000000004,0.0,15.0,2,9,3,0,4,37,1,1,4,3
12000780,1.0,0.3,0.75,-0.27848437500000467,-0.20000000000000462,0.07848437500000002,-16,78.484375,6.890625,0.296875,0.046875,0.03125,0.5967741935483878,0.5822580645161286,0.9999999918301733,0.29991241569513677,0.9999999918301733,0.29991241569513677,-2.1499999999999995,1.9499999999999997,19.0,3.0,0,1,0,0,0,26,0,0,35,2
12000781,1.0,0.05,0.25,6.096125000000001,6.1000000000000005,0.0038750000000000026,4,3.875,1.78125,0.109375,0.171875,0.015625,0.542857142857143,0.5047619047619047,0.4270681179427116,0.050699371599063216,0.4270681179427116,0.050699371599063216,-1.0499999999999998,7.1499999999999995,4.0,14.0,0,5,5,0,6,35,2,3,7,1
12000782,0.0,0.3,0.75,-0.2212499999999997,-0.1499999999999997,0.07125000000000001,15,71.25,6.625,0.125,0.359375,0.015625,0.5365079365079366,0.47619047619047633,4.8968060802592456e-05,0.29980462816340564,4.8968060802592456e-05,0.29980462816340564,-3.7000000000000006,3.55,17.0,14.0,0,11,3,0,8,37,0,1,3,1
12000783,1.0,0.3,0.75,-0.31353124999999926,-0.1999999999999993,0.11353124999999999,-19,113.53125,8.90625,0.359375,0.0625,0.0,0.5937500000000007,0.5984374999999995,0.999999999963848,0.2999985876474021,0.999999999963848,0.2999985876474021,-1.6000000000000003,1.4,17.0,10.0,0,1,0,0,1,19,0,0,43,0
12000784,1.0,0.3,0.75,-0.7938281250000057,-0.6500000000000057,0.143828125,-19,143.828125,10.234375,0.328125,0.03125,0.0,0.5906250000000006,0.5984374999999995,0.9999999999921527,0.2999975820582377,0.9999999999921527,0.2999975820582377,-1.9500000000000004,1.2999999999999998,21.0,2.0,0,0,0,0,1,21,1,0,41,0
12000785,0.0,0.05,0.5,2.4975625,2.5,0.0024375000000000013,1,2.4375,1.1875,0.09375,0.109375,0.0,0.5281250000000001,0.4976562499999999,0.3517189315941416,0.05000862488250972,0.3517189315941416,0.05000862488250972,-0.9500000000000002,3.450000000000001,4.0,9.0,1,10,3,0,5,32,2,2,9,0
12000786,0.0,0.3,0.75,-0.39778124999999886,-0.1999999999999988,0.1977812500000001,21,197.78125,12.34375,0.125,0.453125,0.0,0.5562500000000002,0.48125000000000007,3.650541850960143e-09,0.2999999067537421,3.650541850960143e-09,0.2999999067537421,-4.800000000000002,4.6,25.0,12.0,0,10,1,0,1,49,1,1,1,0
12000787,1.0,0.3,0.75,-1.1784531250000034,-1.0000000000000036,0.178453125,-20,178.453125,11.921875,0.359375,0.046875,0.0,0.5750000000000005,0.5984374999999995,0.999999999991369,0.29999895695963547,0.999999999991369,0.29999895695963547,-2.1,1.0999999999999996,18.0,8.0,0,1,0,0,2,18,2,1,40,0
12000788,1.0,0.3,0.5,-0.3551718750000036,-0.25000000000000355,0.10517187500000003,-20,105.171875,8.859375,0.375,0.0625,0.0,0.5875000000000006,0.6054687499999996,0.9999999999972398,0.2999997463475015,0.9999999999972398,0.2999997463475015,-2.3499999999999988,2.0999999999999996,20.0,8.0,0,0,0,0,1,18,1,1,43,0
12000789,0.0,0.05,0.25,-0.4025156249999998,-0.3499999999999998,0.05251562500000002,10,52.515625,6.859375,0.078125,0.234375,0.03125,0.535483870967742,0.47096774193548413,0.1686678700489041,0.06189774865580325,0.1686678700489041,0.06189774865580325,-0.95,0.6000000000000001,4.0,16.0,2,9,4,0,7,37,0,0,3,2
12000790,0.0,0.3,0.5,-2.6741406249999997,-2.55,0.12414062499999992,16,124.140625,10.484375,0.0625,0.3125,0.015625,0.5269841269841271,0.4714285714285717,0.00040433015652488675,0.28165343865416537,0.00040433015652488675,0.28165343865416537,-3.999999999999999,1.4500000000000002,16.0,8.0,0,11,5,0,4,39,4,0,0,1
12000791,1.0,0.05,0.75,-0.21167187500000018,-0.20000000000000018,0.011671875000000009,-6,11.671875,2.828125,0.140625,0.046875,0.0,0.5531250000000004,0.5398437499999996,0.9036496832665036,0.05002045173025973,0.9036496832665036,0.05002045173025973,-0.30000000000000004,0.09999999999999987,3.0,9.0,1,4,1,0,7,28,0,2,21,0
12000792,0.0,0.3,0.5,-3.309609375,-3.15,0.15960937500000003,23,159.609375,10.703125,0.046875,0.40625,0.0,0.5437500000000002,0.46250000000000024,1.999330646526539e-07,0.2999578614084677,1.999330646526539e-07,0.2999578614084677,-4.0,0.8500000000000003,21.0,8.0,0,15,3,0,3,41,0,0,2,0
12000793,0.0,0.3,0.75,-0.27679687499999917,-0.19999999999999918,0.076796875,16,76.796875,6.890625,0.09375,0.34375,0.015625,0.5523809523809526,0.48095238095238113,3.5108575248966906e-05,0.29966206693615977,3.5108575248966906e-05,0.29966206693615977,-4.500000000000001,4.3,22.0,6.0,0,8,3,1,3,45,1,0,2,1
12000794,1.0,0.3,0.5,0.18328124999999146,0.3999999999999915,0.21671875000000002,-26,216.71875,12.40625,0.484375,0.078125,0.0,0.5968750000000007,0.6054687499999994,1.0,0.2999999999993186,1.0,0.2999999999993186,-2.749999999999999,3.1499999999999995,28.0,8.0,0,0,1,0,1,16,0,0,46,0
12000795,1.0,0.3,0.75,0.3801874999999936,0.5499999999999936,0.16981250000000003,-22,169.8125,11.59375,0.421875,0.078125,0.0,0.5968750000000007,0.6124999999999994,1.0,0.2999999995686043,1.0,0.2999999995686043,-2.1999999999999993,2.749999999999999,23.0,9.0,0,0,0,0,0,16,0,1,47,0
12000796,1.0,0.3,0.25,2.8720781249999963,2.9999999999999964,0.12792187500000002,-18,127.921875,9.859375,0.40625,0.125,0.0,0.5937500000000007,0.6101562499999994,0.9999999999999972,0.29999999958937473,0.9999999999999972,0.29999999958937473,-2.5999999999999988,5.6,25.0,9.0,0,0,0,1,0,16,0,0,47,0
12000797,1.0,0.3,0.25,4.1548437499999995,4.199999999999999,0.045156250000000016,-12,45.15625,5.84375,0.34375,0.15625,0.015625,0.5809523809523816,0.5571428571428568,0.9999999999559501,0.2999999348452254,0.9999999999559501,0.2999999348452254,-2.6499999999999995,6.85,19.0,13.0,0,1,2,0,3,30,1,0,26,1
12000798,0.0,0.05,0.5,1.271078125,1.3,0.028921874999999996,7,28.921875,4.828125,0.078125,0.1875,0.03125,0.5161290322580644,0.5048387096774192,0.4474747062636049,0.053208196852814145,0.4474747062636049,0.053208196852814145,-0.75,2.05,3.0,14.0,0,4,2,4,6,38,1,6,1,2
12000799,1.0,0.3,0.75,-1.8278281250000057,-1.6500000000000057,0.1778281250000001,-21,177.828125,12.109375,0.375,0.046875,0.03125,0.5903225806451619,0.5967741935483867,0.9999999999035433,0.2999980356874139,0.9999999999035433,0.2999980356874139,-2.9499999999999993,1.2999999999999996,22.0,5.0,0,0,1,0,1,19,1,0,40,2
12000800,1.0,0.05,0.5,8.246312499999998,8.249999999999998,0.0036875000000000024,4,3.6875,1.46875,0.171875,0.234375,0.015625,0.5523809523809527,0.4976190476190477,0.8406729819636137,0.07568017112533737,0.8406729819636137,0.07568017112533737,-1.0,9.249999999999998,5.0,21.0,0,4,5,2,7,37,0,0,8,1
12000801,0.0,0.3,0.75,6.942718749999999,6.949999999999999,0.007281250000000005,2,7.28125,2.25,0.21875,0.25,0.015625,0.5460317460317462,0.5047619047619047,0.1754192394977745,0.2823967152153379,0.1754192394977745,0.2823967152153379,-3.1000000000000005,10.049999999999999,14.0,16.0,0,6,2,0,6,39,1,3,6,1
12000802,1.0,0.05,0.75,1.2892656250000007,1.3000000000000007,0.010734375000000006,-5,10.734375,2.671875,0.171875,0.09375,0.03125,0.5483870967741938,0.536290322580645,0.49816718750102573,0.05013294157333366,0.49816718750102573,0.05013294157333366,-0.5,1.8000000000000003,2.0,15.0,1,6,1,0,2,29,1,4,18,2
12000803,1.0,0.05,0.5,0.7853125000000016,0.8000000000000016,0.014687500000000011,-7,14.6875,3.375,0.203125,0.09375,0.0,0.5437500000000003,0.5609374999999998,0.8860970534837792,0.05269923179461711,0.8860970534837792,0.05269923179461711,-0.55,1.3499999999999996,3.0,16.0,0,0,0,2,7,29,2,3,21,0
12000804,0.0,0.3,0.5,-2.945828125,-2.7499999999999996,0.19582812500000005,23,195.828125,12.046875,0.046875,0.40625,0.015625,0.5619047619047621,0.473809523809524,3.296052193960686e-08,0.2999877261134096,3.296052193960686e-08,0.2999877261134096,-3.8500000000000005,1.1000000000000003,21.0,8.0,0,8,4,0,4,46,0,0,1,1
12000805,1.0,0.3,0.25,3.7648125000000006,3.8000000000000007,0.03518750000000001,-7,35.1875,5.40625,0.25,0.140625,0.046875,0.5803278688524596,0.5540983606557376,0.9999819516131743,0.29909913647288006,0.9999819516131743,0.29909913647288006,-2.45,6.25,16.0,9.0,0,1,2,0,3,30,0,2,23,3
12000806,1.0,0.3,0.25,6.49078125,6.5,0.009218750000000005,-2,9.21875,2.53125,0.234375,0.203125,0.03125,0.5516129032258068,0.5024193548387095,0.8178956374072174,0.256855113290942,0.8178956374072174,0.256855113290942,-3.05,9.550000000000002,13.0,15.0,0,8,1,1,5,37,0,0,10,2
12000807,1.0,0.3,0.25,3.3246562499999985,3.3999999999999986,0.07534375,-13,75.34375,7.4375,0.328125,0.125,0.015625,0.5968253968253975,0.5952380952380947,0.9999999999971128,0.29999991817999494,0.9999999999971128,0.29999991817999494,-1.7000000000000004,5.1,19.0,10.0,0,0,0,0,0,23,0,1,39,1
12000808,1.0,0.05,0.75,0.04204687499999893,0.049999999999998934,0.007953125000000005,-5,7.953125,2.640625,0.109375,0.03125,0.109375,0.5508771929824563,0.531578947368421,0.8223784089788658,0.05002050336263584,0.8223784089788658,0.05002050336263584,-0.19999999999999996,0.25,1.0,8.0,0,3,3,0,4,29,3,1,14,7
12000809,1.0,0.05,0.5,3.098328125,3.1,0.001671875000000001,2,1.671875,1.109375,0.0625,0.09375,0.0625,0.566666666666667,0.4925000000000002,0.4632829054182567,0.05000216638453835,0.4632829054182567,0.05000216638453835,-0.3999999999999999,3.5,2.0,8.0,0,7,2,0,3,42,0,0,6,4
12000810,0.0,0.3,0.75,-0.5218281249999995,-0.4499999999999995,0.07182812500000002,18,71.828125,6.796875,0.109375,0.390625,0.015625,0.5301587301587303,0.46666666666666673,2.521180275633938e-07,0.29999200497909234,2.521180275633938e-07,0.29999200497909234,-3.9000000000000004,3.4499999999999993,20.0,12.0,0,15,2,0,5,38,1,0,2,1
12000811,0.0,0.3,0.25,-2.983031250000001,-2.800000000000001,0.18303125000000003,19,183.03125,12.40625,0.03125,0.328125,0.015625,0.5428571428571433,0.4571428571428574,0.00018813522501791034,0.2898057826426832,0.00018813522501791034,0.2898057826426832,-2.85,0.050000000000000044,15.0,8.0,1,12,5,0,4,41,0,0,0,1
12000812,1.0,0.05,0.25,9.14121875,9.15,0.008781250000000006,7,8.78125,2.5625,0.109375,0.21875,0.0,0.5093750000000001,0.47187500000000016,0.4846925284658018,0.05972714950036135,0.4846925284658018,0.05972714950036135,-0.5999999999999999,9.749999999999998,3.0,18.0,2,11,3,4,5,35,0,1,3,0
12000813,1.0,0.3,0.25,1.8918593749999872,2.099999999999987,0.20814062500000008,-21,208.140625,12.453125,0.4375,0.109375,0.0,0.6000000000000008,0.6124999999999994,0.9999999999999998,0.2999999999881015,0.9999999999999998,0.2999999999881015,-2.5500000000000007,4.6499999999999995,27.0,8.0,0,0,0,0,0,16,0,0,48,0
12000814,0.0,0.3,0.75,2.7354531250000003,2.8000000000000003,0.06454687500000002,15,64.546875,6.484375,0.15625,0.390625,0.0,0.5593750000000003,0.47421875000000013,1.2903702549061332e-06,0.29999838618124874,1.2903702549061332e-06,0.29999838618124874,-4.650000000000001,7.449999999999998,23.0,12.0,0,11,1,0,2,49,0,0,1,0
12000815,1.0,0.05,0.75,1.8241562500000015,1.8500000000000014,0.025843750000000006,-8,25.84375,4.8125,0.21875,0.09375,0.03125,0.5645161290322583,0.5604838709677418,0.99862079778512,0.24131795515674423,0.99862079778512,0.24131795515674423,-1.05,2.9,7.0,13.0,0,3,1,0,5,24,0,3,26,2
12000816,1.0,0.05,0.5,3.6361562499999986,3.6499999999999986,0.013843750000000009,-6,13.84375,3.25,0.21875,0.125,0.0,0.5750000000000005,0.5562499999999998,0.9992735918400191,0.26758008945884304,0.9992735918400191,0.26758008945884304,-0.5500000000000003,4.199999999999999,8.0,14.0,0,3,3,1,2,25,0,1,29,0
12000817,0.0,0.05,0.25,-1.342625,-1.3,0.04262500000000001,10,42.625,5.875,0.0625,0.21875,0.03125,0.5129032258064515,0.47338709677419355,0.16793410637129705,0.05141012961810685,0.16793410637129705,0.05141012961810685,0.0,-1.3,0.0,18.0,0,13,3,0,6,35,4,0,1,2
12000818,1.0,0.3,0.75,0.666375,0.75,0.08362499999999999,-15,83.625,8.28125,0.3125,0.078125,0.0,0.5937500000000007,0.5960937499999994,0.9999994747227268,0.2996810574332023,0.9999994747227268,0.2996810574332023,-2.549999999999999,3.3,18.0,7.0,0,0,0,0,1,22,0,1,40,0
12000819,0.0,0.05,0.5,0.6902031249999997,0.6999999999999997,0.009796875000000007,4,9.796875,2.921875,0.078125,0.140625,0.0625,0.5433333333333336,0.5125,0.35484218172652676,0.05007577686093342,0.35484218172652676,0.05007577686093342,-0.4,1.0999999999999996,2.0,12.0,0,6,3,2,3,32,2,0,12,4
12000820,0.0,0.05,0.75,3.8973593749999993,3.8999999999999995,0.002640625000000002,-3,2.640625,1.484375,0.109375,0.0625,0.046875,0.5475409836065576,0.5098360655737705,0.5553019853956219,0.05000429566868096,0.5553019853956219,0.05000429566868096,-0.2,4.1,1.0,10.0,1,4,5,1,6,30,0,2,12,3
12000821,1.0,0.05,0.5,1.246453125,1.25,0.0035468750000000023,-3,3.546875,1.546875,0.125,0.078125,0.0625,0.5500000000000002,0.5274999999999999,0.4624029305501986,0.05001141447301595,0.4624029305501986,0.05001141447301595,-0.19999999999999996,1.45,1.0,12.0,0,3,4,0,6,29,2,2,14,4
12000822,0.0,0.05,0.5,6.396359375,6.4,0.0036406250000000015,-4,3.640625,1.359375,0.15625,0.09375,0.03125,0.5580645161290326,0.5241935483870965,0.406794136179125,0.050145666524065796,0.406794136179125,0.050145666524065796,-0.6000000000000001,7.0,3.0,13.0,0,6,2,0,3,33,1,2,15,2
12000823,0.0,0.3,0.5,0.12423437499999967,0.24999999999999967,0.125765625,16,125.765625,9.828125,0.09375,0.34375,0.03125,0.5483870967741937,0.47338709677419366,4.6464643693742154e-07,0.2999678622438358,4.6464643693742154e-07,0.2999678622438358,-3.35,3.5999999999999996,20.0,8.0,0,9,5,0,4,41,1,1,1,2
12000824,1.0,0.3,0.75,-2.952125,-2.75,0.20212500000000003,-25,202.125,12.5625,0.40625,0.015625,0.0,0.5968750000000006,0.5937499999999996,0.9999999999997833,0.2999999151839704,0.9999999999997833,0.2999999151839704,-2.2,-0.5499999999999998,20.0,7.0,0,0,0,0,1,23,0,0,40,0
12000825,1.0,0.05,0.25,5.048499999999999,5.049999999999999,0.001500000000000001,2,1.5,0.90625,0.140625,0.171875,0.046875,0.5311475409836067,0.49262295081967233,0.6012025330701466,0.0508291634743292,0.6012025330701466,0.0508291634743292,-1.2499999999999998,6.299999999999999,5.0,15.0,2,5,4,1,7,34,1,1,6,3
12000826,0.0,0.3,0.25,0.0880312500000005,0.15000000000000052,0.061968750000000024,12,61.96875,6.53125,0.09375,0.28125,0.03125,0.535483870967742,0.4709677419354841,0.055235614654881984,0.22398679955980308,0.055235614654881984,0.22398679955980308,-3.15,3.3,13.0,11.0,1,7,6,0,9,37,0,2,0,2
12000827,1.0,0.3,0.25,3.415718750000005,3.4500000000000046,0.03428125000000001,-10,34.28125,4.78125,0.3125,0.15625,0.0,0.5875000000000007,0.5749999999999995,0.9999987052487463,0.2999525004737321,0.9999987052487463,0.2999525004737321,-3.3500000000000005,6.800000000000001,20.0,10.0,0,0,0,0,2,30,1,0,31,0
12000828,1.0,0.3,0.75,0.24099999999998928,0.49999999999998934,0.25900000000000006,-23,259.0,13.8125,0.4375,0.078125,0.0,0.6000000000000006,0.6101562499999994,1.0,0.29999999992467963,1.0,0.29999999992467963,-2.3000000000000007,2.7999999999999994,25.0,8.0,0,0,0,0,0,17,0,0,47,0
12000829,0.0,0.05,0.25,0.05459375000000034,0.10000000000000037,0.04540625000000002,10,45.40625,5.6875,0.078125,0.234375,0.015625,0.5206349206349206,0.4642857142857146,0.021174474359895668,0.11981327045392735,0.021174474359895668,0.11981327045392735,-0.7,0.8,6.0,14.0,0,12,5,0,9,35,2,0,0,1
12000830,0.0,0.05,0.75,4.681031249999999,4.699999999999999,0.018968750000000006,-5,18.96875,4.03125,0.109375,0.03125,0.046875,0.5377049180327871,0.551639344262295,0.7738492056627925,0.05000266477708703,0.7738492056627925,0.05000266477708703,-0.45,5.1499999999999995,1.0,8.0,2,2,0,0,7,25,1,4,20,3
12000831,0.0,0.3,0.5,1.8615625,1.9,0.038437500000000006,10,38.4375,4.90625,0.109375,0.265625,0.015625,0.5523809523809525,0.47857142857142876,0.06468251039271485,0.24820246254057837,0.06468251039271485,0.24820246254057837,-3.15,5.049999999999999,15.0,9.0,1,10,3,0,3,41,0,0,5,1
12000832,1.0,0.3,0.5,-0.867796875,-0.75,0.117796875,-18,117.796875,9.546875,0.328125,0.046875,0.0,0.6000000000000006,0.5960937499999994,0.9999999957180618,0.29995386690406717,0.9999999957180618,0.29995386690406717,-2.4499999999999993,1.6999999999999997,19.0,5.0,0,0,0,0,0,23,0,0,41,0
12000833,0.0,0.05,0.75,6.194343750000001,6.200000000000001,0.005656250000000003,-4,5.65625,1.9375,0.15625,0.09375,0.015625,0.5714285714285717,0.5404761904761902,0.7046075479397625,0.05029023448621874,0.7046075479397625,0.05029023448621874,-0.4,6.600000000000001,2.0,14.0,0,1,2,0,6,34,0,2,18,1
12000834,0.0,0.3,0.5,0.5256250000000006,0.6000000000000005,0.07437500000000001,15,74.375,7.28125,0.09375,0.328125,0.046875,0.5409836065573771,0.4581967213114757,2.39300786853702e-06,0.29989537266725963,2.39300786853702e-06,0.29989537266725963,-2.899999999999999,3.500000000000001,17.0,10.0,0,12,6,0,6,36,0,0,1,3
12000835,1.0,0.3,0.75,-2.0169531250000015,-1.8500000000000014,0.166953125,-23,166.953125,11.484375,0.421875,0.0625,0.0,0.5875000000000006,0.5796874999999996,0.9999999998775645,0.2999993392783859,0.9999999998775645,0.2999993392783859,-3.399999999999999,1.5499999999999998,20.0,11.0,0,1,1,0,2,24,0,1,35,0
12000836,0.0,0.3,0.5,2.3653125,2.4,0.03468750000000001,12,34.6875,4.59375,0.15625,0.34375,0.015625,0.5428571428571429,0.492857142857143,4.0659527876752596e-05,0.2999437842657303,4.0659527876752596e-05,0.2999437842657303,-3.55,5.95,16.0,16.0,0,4,3,0,12,40,0,2,2,1
12000837,0.0,0.05,0.5,4.695453125,4.7,0.004546875000000003,-3,4.546875,1.578125,0.125,0.078125,0.015625,0.5301587301587305,0.5166666666666666,0.5898379780435029,0.050015590544151174,0.5898379780435029,0.050015590544151174,-0.2,4.9,1.0,12.0,1,8,3,1,5,26,2,1,16,1
12000838,1.0,0.05,0.5,2.1429062500000002,2.1500000000000004,0.007093750000000005,-3,7.09375,2.28125,0.140625,0.09375,0.046875,0.5573770491803282,0.5344262295081966,0.7145113274288415,0.050164660142232906,0.7145113274288415,0.050164660142232906,-0.5999999999999999,2.7499999999999996,3.0,12.0,0,6,0,1,5,29,0,0,20,3
12000839,0.0,0.05,0.25,0.18171874999999973,0.19999999999999973,0.018281250000000006,6,18.28125,3.96875,0.09375,0.1875,0.03125,0.5096774193548389,0.4588709677419355,0.20572652868210997,0.05074146450981617,0.20572652868210997,0.05074146450981617,-0.44999999999999996,0.6499999999999997,2.0,16.0,0,12,10,0,6,29,5,0,0,2
12000840,1.0,0.05,0.75,0.99625,1.0,0.003750000000000001,-5,3.75,1.28125,0.15625,0.078125,0.03125,0.5516129032258067,0.5266129032258063,0.8281378867864334,0.05028616236310727,0.8281378867864334,0.05028616236310727,-0.5,1.5,2.0,13.0,0,6,3,1,4,28,0,3,17,2
12000841,1.0,0.3,0.5,0.05143749999999572,0.19999999999999574,0.14856250000000001,-19,148.5625,10.6875,0.375,0.078125,0.0,0.5906250000000006,0.5890624999999996,0.9999999999898319,0.2999996504258311,0.9999999999898319,0.2999996504258311,-2.7,2.9,22.0,7.0,0,0,1,0,3,21,0,0,39,0
12000842,1.0,0.3,0.25,2.2583437500000008,2.3000000000000007,0.041656250000000006,-12,41.65625,5.75,0.296875,0.109375,0.015625,0.5746031746031751,0.5642857142857141,0.9999987807718786,0.2998525722840477,0.9999987807718786,0.2998525722840477,-2.4499999999999993,4.75,17.0,9.0,0,2,1,1,1,28,1,1,28,1
12000843,0.0,0.3,0.5,-2.82453125,-2.7,0.12453124999999997,19,124.53125,9.84375,0.078125,0.375,0.015625,0.5333333333333334,0.4714285714285716,3.6894351054168106e-05,0.2991369626989254,3.6894351054168106e-05,0.2991369626989254,-5.000000000000002,2.3,21.0,8.0,1,13,2,0,3,40,1,1,2,1
12000844,1.0,0.3,0.5,1.8307812500000002,1.9000000000000004,0.06921875000000001,-14,69.21875,7.28125,0.328125,0.109375,0.015625,0.5746031746031752,0.5809523809523806,0.9999999979134839,0.29999609632424046,0.9999999979134839,0.29999609632424046,-1.5000000000000002,3.4,15.0,13.0,0,1,1,0,2,23,2,1,33,1
12000845,1.0,0.3,0.75,-1.0605625000000014,-0.8500000000000014,0.2105625000000001,-24,210.5625,12.6875,0.421875,0.046875,0.0,0.5968750000000007,0.6148437499999994,0.9999999999999997,0.2999999988271353,0.9999999999999997,0.2999999988271353,-1.9500000000000004,1.0999999999999999,21.0,9.0,0,0,0,0,0,15,0,1,48,0
12000846,1.0,0.3,0.75,0.14679687499999824,0.24999999999999822,0.10320312499999998,-15,103.203125,9.171875,0.296875,0.0625,0.03125,0.5677419354838713,0.579838709677419,0.999999936104454,0.29983512445079824,0.999999936104454,0.29983512445079824,-2.0,2.25,15.0,8.0,0,0,0,0,4,25,2,2,29,2
12000847,1.0,0.3,0.25,0.46954687499999714,0.5499999999999972,0.08045312500000001,-18,80.453125,7.453125,0.359375,0.078125,0.0,0.5906250000000006,0.5843749999999995,0.9999999999932071,0.2999996481178621,0.9999999999932071,0.2999996481178621,-2.8,3.3499999999999996,22.0,6.0,0,1,2,0,1,21,0,1,38,0
12000848,1.0,0.3,0.75,1.659390625,1.75,0.09060937500000002,-16,90.609375,7.921875,0.34375,0.09375,0.0,0.5937500000000007,0.5867187499999995,0.9999999997478289,0.29999855180671386,0.9999999997478289,0.29999855180671386,-2.2,3.95,20.0,8.0,0,0,0,0,0,27,1,0,36,0
12000849,1.0,0.3,0.75,-0.8368281249999993,-0.6999999999999993,0.13682812499999997,-18,136.828125,10.171875,0.34375,0.0625,0.03125,0.5774193548387103,0.5749999999999995,0.9999999957801142,0.2999827595486212,0.9999999957801142,0.2999827595486212,-2.1500000000000004,1.45,17.0,9.0,0,3,1,0,1,22,1,1,33,2
12000850,1.0,0.05,0.5,4.04278125,4.05,0.007218750000000004,2,7.21875,2.25,0.09375,0.125,0.015625,0.5269841269841269,0.49285714285714294,0.2736944854771082,0.05003626980396945,0.2736944854771082,0.05003626980396945,-0.3500000000000001,4.4,1.0,13.0,1,4,7,3,5,34,0,6,3,1
12000851,1.0,0.3,0.75,-1.5862500000000022,-1.4000000000000021,0.1862500000000001,-21,186.25,11.5625,0.359375,0.03125,0.0,0.5875000000000007,0.6054687499999994,0.9999999999930531,0.29999883670094835,0.9999999999930531,0.29999883670094835,-2.0,0.5999999999999999,18.0,7.0,0,0,0,0,0,19,2,0,43,0
12000852,1.0,0.3,0.25,1.4527968749999944,1.5999999999999943,0.147203125,-18,147.203125,10.453125,0.390625,0.109375,0.0,0.5843750000000006,0.5820312499999996,0.9999999999988232,0.2999999794411312,0.9999999999988232,0.2999999794411312,-2.8499999999999996,4.449999999999999,22.0,10.0,0,1,0,0,3,24,0,1,35,0
12000853,0.0,0.05,0.25,-2.0467968750000005,-2.0000000000000004,0.04679687500000001,10,46.796875,5.984375,0.046875,0.203125,0.0,0.5218750000000001,0.47187500000000027,0.09106874418823685,0.05028884753160941,0.09106874418823685,0.05028884753160941,-0.55,-1.4499999999999997,1.0,15.0,2,9,7,0,5,35,3,1,2,0
12000854,1.0,0.05,0.5,3.6462656249999994,3.6499999999999995,0.0037343750000000016,-1,3.734375,1.640625,0.140625,0.125,0.03125,0.5483870967741936,0.5266129032258063,0.4677814719287619,0.05015551257565813,0.4677814719287619,0.05015551257565813,-1.4999999999999998,5.15,6.0,11.0,0,3,2,0,9,32,0,4,12,2
12000855,1.0,0.05,0.5,0.72453125,0.75,0.02546875000000001,-8,25.46875,4.46875,0.203125,0.078125,0.0,0.5843750000000004,0.5656249999999997,0.959354950816477,0.05544258948540991,0.959354950816477,0.05544258948540991,-1.4500000000000002,2.1999999999999993,7.0,11.0,0,2,3,0,3,23,0,0,33,0
12000856,1.0,0.05,0.75,-0.4145468749999995,-0.39999999999999947,0.014546875000000008,-8,14.546875,3.109375,0.171875,0.046875,0.0,0.5718750000000005,0.5468749999999999,0.873855162463907,0.0500919064846436,0.873855162463907,0.0500919064846436,-0.8,0.4,4.0,10.0,0,1,4,1,1,32,2,1,22,0
12000857,0.0,0.3,0.5,-1.9534687499999999,-1.8499999999999999,0.10346875000000003,18,103.46875,8.9375,0.0625,0.34375,0.0,0.53125,0.4695312500000002,0.00018473589147442512,0.29624510223531025,0.00018473589147442512,0.29624510223531025,-3.6,1.7500000000000002,18.0,8.0,0,14,2,0,6,39,1,0,2,0
12000858,1.0,0.05,0.25,5.044468750000001,5.050000000000001,0.005531250000000003,3,5.53125,1.96875,0.109375,0.15625,0.015625,0.5365079365079367,0.4833333333333335,0.5744410921885652,0.05007594104312904,0.5744410921885652,0.05007594104312904,-0.95,5.999999999999999,4.0,13.0,0,11,5,1,4,33,1,1,7,1
12000859,0.0,0.05,0.75,6.682359375,6.7,0.01764062500000001,-6,17.640625,3.734375,0.171875,0.078125,0.0,0.5812500000000005,0.5492187499999999,0.7364663858966582,0.05012709880534649,0.7364663858966582,0.05012709880534649,-0.14999999999999997,6.8500000000000005,1.0,15.0,0,4,3,0,1,28,0,1,27,0
12000860,0.0,0.05,0.75,5.9902500000000005,6.000000000000001,0.009750000000000007,-5,9.75,2.71875,0.15625,0.078125,0.03125,0.5387096774193549,0.5483870967741932,0.8353398614728043,0.05031837679367796,0.8353398614728043,0.05031837679367796,-0.65,6.65,2.0,13.0,0,3,1,1,4,29,3,4,17,2
12000861,1.0,0.05,0.25,2.9988125,3.0,0.0011875000000000006,-1,1.1875,0.875,0.125,0.109375,0.046875,0.5540983606557378,0.5098360655737705,0.5199411545740202,0.05005234299215977,0.5199411545740202,0.05005234299215977,-1.0999999999999999,4.1,5.0,10.0,0,4,6,1,5,31,0,3,11,3
12000862,0.0,0.05,0.25,1.4694062500000002,1.5000000000000002,0.03059374999999999,7,30.59375,4.8125,0.09375,0.203125,0.046875,0.5344262295081968,0.47295081967213126,0.21555971806772323,0.06450611268428584,0.21555971806772323,0.06450611268428584,-0.25,1.7500000000000002,2.0,17.0,1,8,4,1,5,40,1,1,0,3
12000863,0.0,0.05,0.25,2.5757968750000004,2.6000000000000005,0.024203124999999995,5,24.203125,4.453125,0.125,0.203125,0.015625,0.514285714285714,0.47619047619047633,0.5797603036210752,0.05248679527358563,0.5797603036210752,0.05248679527358563,-0.55,3.1500000000000004,2.0,19.0,1,14,2,0,7,32,2,0,5,1
12000864,1.0,0.3,0.5,-0.6534375000000028,-0.45000000000000284,0.2034375,-22,203.4375,11.71875,0.40625,0.0625,0.0,0.5906250000000006,0.5914062499999995,0.9999999999999788,0.29999998950366485,0.9999999999999788,0.29999998950366485,-2.25,1.7999999999999996,21.0,9.0,0,0,0,0,3,22,0,0,39,0
12000865,1.0,0.3,0.25,4.433171874999994,4.449999999999994,0.01682812500000001,-9,16.828125,3.484375,0.3125,0.171875,0.0,0.5906250000000006,0.5679687499999996,0.9999977189386877,0.2999636384803664,0.9999977189386877,0.2999636384803664,-3.4499999999999993,7.899999999999999,20.0,11.0,0,1,0,0,1,32,0,1,29,0
12000866,1.0,0.3,0.5,1.5014062500000014,1.6000000000000014,0.09859374999999998,-14,98.59375,8.6875,0.3125,0.09375,0.0,0.5906250000000006,0.5867187499999995,0.9999999743130961,0.2999597471523393,0.9999999743130961,0.2999597471523393,-1.85,3.4499999999999997,16.0,10.0,0,0,0,0,2,25,0,1,36,0
12000867,1.0,0.3,0.5,1.5062187499999928,1.749999999999993,0.24378125000000003,-24,243.78125,13.53125,0.484375,0.109375,0.0,0.5875000000000006,0.6054687499999996,1.0,0.29999999999989957,1.0,0.29999999999989957,-2.2500000000000004,3.9999999999999996,26.0,12.0,0,0,0,0,3,16,0,1,44,0
12000868,0.0,0.3,0.5,-0.9531406250000003,-0.8000000000000003,0.15314062499999997,16,153.140625,11.234375,0.078125,0.328125,0.015625,0.5396825396825399,0.4880952380952382,0.0003643735136452698,0.29713650446079437,0.0003643735136452698,0.29713650446079437,-3.0,2.2,15.0,11.0,0,6,2,1,7,44,2,0,1,1
12000869,0.0,0.3,0.5,2.65909375,2.6999999999999997,0.04090625000000001,9,40.90625,5.9375,0.15625,0.296875,0.015625,0.5365079365079368,0.4666666666666669,0.00020975595784726589,0.2993246357977196,0.00020975595784726589,0.2993246357977196,-2.9,5.599999999999999,14.0,15.0,2,9,5,0,7,38,0,0,2,1
12000870,0.0,0.05,0.5,1.688875,1.7,0.011125000000000006,3,11.125,3.15625,0.078125,0.125,0.03125,0.5096774193548387,0.4854838709677419,0.28646001676542215,0.05003774557562398,0.28646001676542215,0.05003774557562398,-0.4,2.0999999999999996,2.0,11.0,2,9,2,1,11,30,0,2,5,2
12000871,0.0,0.05,0.5,3.2486406249999993,3.249999999999999,0.0013593750000000008,2,1.359375,0.953125,0.140625,0.171875,0.015625,0.5492063492063494,0.5071428571428571,0.5230423035100396,0.05070356439075921,0.5230423035100396,0.05070356439075921,0.0,3.249999999999999,0.0,20.0,0,5,6,0,8,30,1,1,12,1
12000872,0.0,0.3,0.75,4.23940625,4.25,0.010593750000000008,7,10.59375,2.96875,0.171875,0.28125,0.03125,0.5451612903225809,0.5169354838709678,0.0009287857408048162,0.29893291390188653,0.0009287857408048162,0.29893291390188653,-2.95,7.2,14.0,15.0,0,6,2,0,4,35,3,1,11,2
12000873,1.0,0.3,0.75,-0.6414687500000064,-0.4500000000000064,0.19146875,-24,191.46875,12.375,0.4375,0.0625,0.0,0.5968750000000007,0.6054687499999994,1.0000000000000002,0.2999999997292886,1.0000000000000002,0.2999999997292886,-2.2,1.7499999999999998,23.0,9.0,0,0,1,0,0,17,0,1,45,0
12000874,0.0,0.3,0.25,-0.9797343749999997,-0.8999999999999997,0.07973437500000002,16,79.734375,7.296875,0.078125,0.328125,0.03125,0.535483870967742,0.4661290322580648,9.472823815717073e-05,0.2983809284627771,9.472823815717073e-05,0.2983809284627771,-3.1999999999999997,2.3,16.0,10.0,0,12,5,1,5,36,0,1,2,2
12000875,1.0,0.3,0.5,2.164437500000001,2.200000000000001,0.03556250000000001,-12,35.5625,5.03125,0.28125,0.09375,0.015625,0.5777777777777783,0.571428571428571,0.999998847792132,0.2996980006153921,0.999998847792132,0.2996980006153921,-1.7000000000000002,3.9000000000000004,15.0,9.0,0,1,0,0,2,29,2,0,29,1
12000876,1.0,0.05,0.5,2.998453125,3.0,0.0015468750000000012,-1,1.546875,1.046875,0.125,0.109375,0.03125,0.5322580645161292,0.4927419354838709,0.45210372501595164,0.050035552615230273,0.45210372501595164,0.050035552615230273,-0.19999999999999996,3.2,1.0,14.0,1,8,6,1,3,31,2,2,8,2
12000877,1.0,0.3,0.75,-0.5502031249999921,-0.4499999999999922,0.100203125,-16,100.203125,9.140625,0.328125,0.078125,0.0,0.5843750000000005,0.5679687499999998,0.9999952294122739,0.2991571368933026,0.9999952294122739,0.2991571368933026,-2.75,2.3,16.0,10.0,0,3,1,0,0,27,0,2,31,0
12000878,0.0,0.3,0.75,4.282765625,4.3,0.01723437500000001,8,17.234375,3.265625,0.171875,0.296875,0.0,0.5375000000000002,0.4835937500000002,0.0001015817761002872,0.29976520585401123,0.0001015817761002872,0.29976520585401123,-3.3499999999999996,7.649999999999999,17.0,13.0,1,10,3,1,6,36,0,0,7,0
12000879,0.0,0.05,0.5,5.5989062500000015,5.600000000000001,0.0010937500000000005,-3,1.09375,0.75,0.171875,0.125,0.03125,0.5451612903225808,0.507258064516129,0.4790079303455089,0.05056075653673509,0.4790079303455089,0.05056075653673509,-0.35000000000000003,5.950000000000001,1.0,18.0,0,6,2,0,9,34,0,2,9,2
12000880,1.0,0.05,0.5,3.449078125,3.45,0.0009218750000000006,-2,0.921875,0.640625,0.15625,0.125,0.015625,0.542857142857143,0.5142857142857142,0.6436928689727894,0.05051731409938256,0.6436928689727894,0.05051731409938256,-0.3999999999999999,3.8499999999999988,2.0,16.0,1,6,4,0,4,31,2,2,13,1
12000881,1.0,0.3,0.75,0.25475000000000136,0.3500000000000014,0.09525000000000006,-16,95.25,7.96875,0.3125,0.0625,0.015625,0.590476190476191,0.571428571428571,0.9999999932564907,0.29996742692082834,0.9999999932564907,0.29996742692082834,-1.6500000000000001,2.0,16.0,8.0,0,1,1,0,0,29,0,2,30,1
12000882,0.0,0.05,0.75,1.5978125,1.6,0.002187500000000001,4,2.1875,1.15625,0.09375,0.15625,0.015625,0.5396825396825399,0.49761904761904774,0.5931854067853214,0.05005167545962961,0.5931854067853214,0.05005167545962961,-1.4,3.0000000000000004,5.0,11.0,1,6,5,0,10,30,0,1,10,1
12000883,1.0,0.3,0.75,-2.7328750000000044,-2.5500000000000043,0.18287499999999998,-23,182.875,11.15625,0.375,0.015625,0.0,0.5937500000000007,0.5960937499999995,0.9999999999906136,0.29999877268668107,0.9999999999906136,0.29999877268668107,-2.549999999999999,0.0,21.0,4.0,0,1,0,0,1,20,0,0,42,0
12000884,1.0,0.05,0.75,-0.39018749999999786,-0.34999999999999787,0.0401875,-9,40.1875,5.90625,0.171875,0.03125,0.03125,0.5806451612903232,0.579838709677419,0.9909556514076362,0.05178721773002886,0.9909556514076362,0.05178721773002886,-0.55,0.19999999999999996,5.0,8.0,0,0,3,0,2,21,1,2,33,2
12000885,0.0,0.3,0.25,-4.60146875,-4.4,0.20146875000000003,24,201.46875,12.46875,0.015625,0.390625,0.0,0.5531250000000002,0.47890625000000014,2.2368903147410977e-07,0.2998594820694096,2.2368903147410977e-07,0.2998594820694096,-3.9,-0.49999999999999994,21.0,5.0,0,8,3,1,4,46,0,1,1,0
12000886,0.0,0.05,0.75,5.390249999999999,5.3999999999999995,0.009750000000000007,-6,9.75,2.78125,0.140625,0.046875,0.046875,0.5409836065573774,0.5172131147540984,0.6947776972681012,0.05001192357299692,0.6947776972681012,0.05001192357299692,-0.75,6.1499999999999995,3.0,9.0,1,5,3,2,4,30,1,1,14,3
12000887,1.0,0.05,0.75,-0.2158749999999993,-0.1999999999999993,0.01587500000000001,-7,15.875,3.4375,0.140625,0.03125,0.03125,0.5612903225806455,0.5629032258064512,0.9680029491000179,0.05010338941756759,0.9680029491000179,0.05010338941756759,-0.10000000000000009,-0.10000000000000009,2.0,9.0,0,0,0,1,6,29,1,2,23,2
12000888,1.0,0.05,0.25,6.2378124999999995,6.249999999999999,0.012187500000000009,5,12.1875,3.1875,0.109375,0.1875,0.015625,0.5301587301587303,0.5095238095238094,0.39073997340129973,0.05117560822103706,0.39073997340129973,0.05117560822103706,-0.19999999999999996,6.45,1.0,18.0,0,7,3,0,3,36,5,2,7,1
12000889,1.0,0.3,0.5,0.5311718749999951,0.649999999999995,0.11882812499999997,-18,118.828125,9.484375,0.375,0.09375,0.0,0.5875000000000007,0.5914062499999995,0.9999999999648865,0.2999995687577643,0.9999999999648865,0.2999995687577643,-3.1499999999999995,3.8,22.0,8.0,0,1,0,0,1,22,1,0,39,0
12000890,1.0,0.05,0.25,3.14478125,3.15,0.005218750000000004,4,5.21875,1.8125,0.015625,0.078125,0.125,0.542857142857143,0.4946428571428573,0.28888845621870357,0.05000105776181942,0.28888845621870357,0.05000105776181942,0.0,3.1499999999999995,0.0,6.0,1,3,7,0,5,31,2,2,5,8
12000891,1.0,0.05,0.25,3.19775,3.2,0.0022500000000000016,1,2.25,1.28125,0.09375,0.109375,0.0625,0.5500000000000003,0.48250000000000015,0.7038572389847106,0.05001078388281827,0.7038572389847106,0.05001078388281827,-1.05,4.25,4.0,9.0,2,5,9,0,5,30,0,1,8,4
12000892,0.0,0.05,0.5,4.34575,4.35,0.004250000000000002,0,4.25,1.59375,0.140625,0.140625,0.03125,0.5516129032258067,0.5241935483870968,0.4819499091568709,0.0503284494224586,0.4819499091568709,0.0503284494224586,-0.7,5.05,3.0,15.0,0,4,0,1,7,36,1,0,13,2
12000893,1.0,0.3,0.25,3.4141249999999976,3.4499999999999975,0.03587500000000002,-9,35.875,5.0625,0.28125,0.140625,0.015625,0.5873015873015879,0.564285714285714,0.999996076502474,0.29976607104572084,0.999996076502474,0.29976607104572084,-2.5999999999999988,6.050000000000001,16.0,11.0,0,3,0,0,1,29,0,0,30,1
12000894,1.0,0.05,0.75,-0.9639531249999993,-0.9499999999999993,0.01395312500000001,-8,13.953125,3.140625,0.15625,0.03125,0.015625,0.574603174603175,0.5476190476190473,0.881014562495619,0.05003072245813976,0.881014562495619,0.05003072245813976,-0.19999999999999996,-0.75,1.0,11.0,0,3,1,0,5,30,0,0,24,1
12000895,1.0,0.3,0.25,5.49634375,5.5,0.0036562500000000024,-3,3.65625,1.59375,0.234375,0.1875,0.03125,0.532258064516129,0.5096774193548389,0.999347529746782,0.2930773529030236,0.999347529746782,0.2930773529030236,-1.7,7.2,10.0,17.0,3,8,2,0,2,30,1,3,13,2
12000896,0.0,0.05,0.5,0.9884531249999998,0.9999999999999998,0.011546875000000009,5,11.546875,3.046875,0.0625,0.140625,0.046875,0.5311475409836065,0.475409836065574,0.20835557138865674,0.050117831427386225,0.20835557138865674,0.050117831427386225,-0.6000000000000001,1.5999999999999999,4.0,9.0,0,8,7,1,6,34,2,1,2,3
12000897,0.0,0.3,0.25,-4.894875000000002,-4.600000000000001,0.294875,27,294.875,14.75,0.03125,0.453125,0.0,0.5468750000000002,0.4812500000000002,1.2835034622918843e-09,0.2999981634247076,1.2835034622918843e-09,0.2999981634247076,-3.7,-0.8999999999999997,19.0,12.0,0,6,3,0,9,45,1,0,0,0
12000898,1.0,0.3,0.5,1.38296874999999,1.54999999999999,0.16703125000000002,-17,167.03125,11.4375,0.375,0.109375,0.0,0.6000000000000008,0.5890624999999995,0.9999999999685609,0.29999980833601286,0.9999999999685609,0.29999980833601286,-2.5,4.05,20.0,11.0,0,0,0,0,0,26,0,0,38,0
12000899,1.0,0.05,0.5,3.0453593750000008,3.0500000000000007,0.004640625000000003,-1,4.640625,1.953125,0.125,0.109375,0.015625,0.5587301587301592,0.5333333333333332,0.7796776771406907,0.0500590950148318,0.7796776771406907,0.0500590950148318,-0.19999999999999996,3.2499999999999996,1.0,14.0,1,2,6,3,0,28,1,1,21,1
12000900,0.0,0.3,0.5,-0.33301562499999887,-0.19999999999999885,0.13301562500000003,19,133.015625,10.015625,0.109375,0.40625,0.0,0.5406250000000001,0.47421875000000013,1.9227092367253865e-07,0.2999962679010131,1.9227092367253865e-07,0.2999962679010131,-3.9499999999999997,3.75,19.0,14.0,0,10,2,0,9,42,0,0,1,0
12000901,0.0,0.3,0.75,3.4352343750000007,3.4500000000000006,0.014765625000000004,8,14.765625,2.515625,0.140625,0.265625,0.03125,0.5483870967741937,0.5072580645161292,0.0028369692348054875,0.2970057138414454,0.0028369692348054875,0.2970057138414454,-3.1999999999999997,6.65,16.0,10.0,0,5,4,1,5,35,1,2,9,2
12000902,0.0,0.05,0.75,5.0972656249999995,5.1,0.0027343750000000007,-4,2.734375,1.078125,0.140625,0.078125,0.015625,0.5460317460317462,0.545238095238095,0.4234167573276385,0.050006529486702374,0.4234167573276385,0.050006529486702374,-0.9000000000000001,6.0,3.0,11.0,0,0,2,1,7,32,2,4,15,1
12000903,1.0,0.3,0.75,-2.807062500000005,-2.600000000000005,0.20706250000000004,-25,207.0625,12.125,0.390625,0.0,0.0,0.6000000000000008,0.5960937499999994,0.9999999999999952,0.29999997735883804,0.9999999999999952,0.29999997735883804,-2.0999999999999996,-0.5,21.0,4.0,0,0,0,0,0,23,0,0,41,0
12000904,1.0,0.3,0.25,4.090578124999999,4.149999999999999,0.05942187500000002,-13,59.421875,6.359375,0.359375,0.15625,0.0,0.5812500000000006,0.5843749999999994,0.9999999999994249,0.2999999924304614,0.9999999999994249,0.2999999924304614,-2.299999999999999,6.450000000000001,22.0,11.0,0,1,0,0,3,23,1,0,36,0
12000905,0.0,0.3,0.75,0.43296875000000046,0.5500000000000005,0.11703125,16,117.03125,9.875,0.125,0.375,0.03125,0.5322580645161292,0.478225806451613,2.233076488903161e-05,0.29994835176474616,2.233076488903161e-05,0.29994835176474616,-4.5,5.05,21.0,11.0,0,11,2,0,5,40,2,1,1,2
12000906,0.0,0.3,0.5,-3.5526718750000015,-3.4000000000000012,0.152671875,21,152.671875,10.796875,0.046875,0.375,0.0,0.525,0.4578125000000002,1.616185513201841e-05,0.2986731595641764,1.616185513201841e-05,0.2986731595641764,-3.750000000000001,0.35000000000000003,18.0,9.0,1,14,4,0,7,37,0,1,0,0
12000907,0.0,0.3,0.75,-0.5181874999999995,-0.39999999999999947,0.11818749999999997,17,118.1875,9.78125,0.078125,0.34375,0.03125,0.5516129032258066,0.478225806451613,2.940730409410835e-06,0.2998785959303214,2.940730409410835e-06,0.2998785959303214,-3.1499999999999995,2.75,17.0,10.0,0,7,4,0,7,42,0,1,1,2
12000908,1.0,0.3,0.75,-0.8115625000000021,-0.6500000000000021,0.16156249999999997,-23,161.5625,10.6875,0.40625,0.046875,0.0,0.5812500000000007,0.6124999999999994,0.9999999999999997,0.2999999983987141,0.9999999999999997,0.2999999983987141,-1.3000000000000007,0.6499999999999998,20.0,9.0,0,0,0,1,1,14,1,1,46,0
12000909,0.0,0.05,0.25,-0.48564062500000005,-0.45,0.03564062500000001,9,35.640625,5.421875,0.09375,0.234375,0.03125,0.5161290322580645,0.4733870967741937,0.1627934737364212,0.06821887756967757,0.1627934737364212,0.06821887756967757,-1.7499999999999998,1.3000000000000003,8.0,13.0,2,9,4,1,6,36,2,1,1,2
12000910,0.0,0.05,0.5,1.4944218749999998,1.4999999999999998,0.005578125000000003,5,5.578125,1.859375,0.125,0.203125,0.015625,0.5365079365079367,0.49285714285714294,0.30902529458104305,0.05476469361553389,0.30902529458104305,0.05476469361553389,-1.7,3.2,6.0,15.0,2,9,2,0,3,37,1,2,7,1
12000911,0.0,0.3,0.25,-3.1078906249999996,-2.9999999999999996,0.10789062499999999,19,107.890625,8.859375,0.03125,0.328125,0.0,0.5593750000000003,0.4765625000000001,0.0010371068276926816,0.2726055410316709,0.0010371068276926816,0.2726055410316709,-3.25,0.25,16.0,7.0,0,7,5,0,6,44,0,0,2,0
12000912,1.0,0.3,0.5,1.2919062499999892,1.4999999999999893,0.2080937500000001,-21,208.09375,12.75,0.421875,0.09375,0.0,0.5937500000000007,0.6078124999999994,1.0,0.29999999995054977,1.0,0.29999999995054977,-1.9000000000000006,3.3999999999999995,23.0,10.0,0,0,0,0,2,16,0,0,46,0
12000913,0.0,0.3,0.75,2.2853125000000003,2.3500000000000005,0.06468750000000004,9,64.6875,7.25,0.140625,0.28125,0.015625,0.511111111111111,0.4642857142857144,0.025048063726487685,0.28135049388415934,0.025048063726487685,0.28135049388415934,-3.0,5.35,13.0,14.0,0,17,1,1,6,35,1,1,1,1
12000914,1.0,0.05,0.25,5.595375000000001,5.6000000000000005,0.004625000000000003,1,4.625,1.8125,0.171875,0.1875,0.03125,0.5451612903225809,0.5145161290322581,0.5624790803953901,0.05714336597310158,0.5624790803953901,0.05714336597310158,-1.5499999999999998,7.15,7.0,16.0,0,3,3,0,7,37,3,1,8,2
12000915,1.0,0.05,0.5,5.541531250000001,5.550000000000001,0.008468750000000004,4,8.46875,2.28125,0.078125,0.140625,0.015625,0.526984126984127,0.466666666666667,0.44468366283156546,0.050029003254010135,0.44468366283156546,0.050029003254010135,-0.3500000000000001,5.899999999999999,1.0,13.0,1,10,8,1,6,32,1,1,3,1
12000916,0.0,0.3,0.25,-2.0918281249999993,-1.8999999999999992,0.19182812500000004,22,191.828125,12.390625,0.0625,0.40625,0.03125,0.5354838709677422,0.47580645161290336,7.613839193442203e-08,0.2999920949554585,7.613839193442203e-08,0.2999920949554585,-3.5500000000000003,1.65,20.0,10.0,1,9,1,0,7,43,1,0,0,2
12000917,1.0,0.05,0.75,-1.8508125000000006,-1.8000000000000007,0.05081250000000002,-12,50.8125,6.15625,0.21875,0.03125,0.03125,0.5774193548387101,0.5749999999999995,0.9827718443782985,0.05474395197781719,0.9827718443782985,0.05474395197781719,-0.7,-1.0999999999999999,5.0,11.0,0,2,0,0,3,24,0,2,31,2
12000918,0.0,0.3,0.75,1.1121250000000003,1.2000000000000004,0.08787500000000004,11,87.875,8.6875,0.125,0.296875,0.046875,0.5180327868852459,0.4803278688524591,0.0001827426627235581,0.2993201067377257,0.0001827426627235581,0.2993201067377257,-2.9,4.1000000000000005,15.0,12.0,0,11,3,0,11,30,1,1,4,3
12000919,0.0,0.05,0.5,2.29165625,2.3,0.008343750000000006,3,8.34375,2.75,0.09375,0.140625,0.0625,0.5133333333333334,0.48250000000000004,0.38980063997962633,0.050185807984732475,0.38980063997962633,0.050185807984732475,-0.7,3.0,4.0,11.0,2,6,7,1,6,30,2,4,2,4
12000920,0.0,0.3,0.75,1.5346875000000004,1.6000000000000005,0.06531250000000002,12,65.3125,6.78125,0.125,0.3125,0.03125,0.5451612903225809,0.47338709677419366,9.916269089490235e-05,0.29975901087940904,9.916269089490235e-05,0.29975901087940904,-3.3,4.9,17.0,11.0,0,12,2,0,4,41,0,1,2,2
12000921,1.0,0.3,0.5,5.142875,5.15,0.007125000000000005,-4,7.125,2.3125,0.25,0.1875,0.015625,0.5682539682539687,0.5404761904761904,0.9998222832201745,0.29734379794359744,0.9998222832201745,0.29734379794359744,-2.2,7.35,13.0,15.0,0,3,2,0,4,32,1,1,20,1
12000922,0.0,0.3,0.75,6.0432187499999985,6.049999999999999,0.006781250000000004,3,6.78125,2.3125,0.203125,0.25,0.0625,0.5566666666666668,0.4800000000000002,0.012722114460889779,0.29504072307465734,0.012722114460889779,0.29504072307465734,-2.9499999999999997,9.0,14.0,15.0,0,9,3,0,4,40,0,0,4,4
12000923,0.0,0.05,0.25,0.9157500000000006,0.9500000000000006,0.03425000000000001,9,34.25,4.75,0.09375,0.234375,0.046875,0.521311475409836,0.4655737704918035,0.03951670184369097,0.17990075174373193,0.03951670184369097,0.17990075174373193,-0.75,1.7000000000000004,5.0,16.0,0,15,2,0,7,34,1,0,2,3
12000924,0.0,0.3,0.75,0.17881250000000054,0.35000000000000053,0.1711875,18,171.1875,11.9375,0.140625,0.421875,0.03125,0.5580645161290326,0.47338709677419366,9.868581576746965e-09,0.2999997657824226,9.868581576746965e-09,0.2999997657824226,-5.100000000000001,5.449999999999999,25.0,11.0,0,7,7,0,1,44,2,1,0,2
12000925,0.0,0.3,0.25,-5.133046875000001,-4.950000000000001,0.18304687500000003,24,183.046875,11.984375,0.0,0.375,0.015625,0.5523809523809525,0.4595238095238098,1.6929569124345627e-06,0.29935593367812746,1.6929569124345627e-06,0.29935593367812746,-3.6999999999999997,-1.2499999999999998,18.0,6.0,0,11,7,0,4,40,0,0,1,1
12000926,0.0,0.05,0.5,2.991156250000001,3.000000000000001,0.008843750000000006,5,8.84375,2.375,0.109375,0.1875,0.015625,0.558730158730159,0.4880952380952382,0.2941758284924958,0.05889805061079057,0.2941758284924958,0.05889805061079057,-1.0999999999999999,4.1,7.0,12.0,0,6,7,0,4,38,1,1,6,1
12000927,0.0,0.05,0.5,4.44940625,4.45,0.0005937500000000003,0,0.59375,0.5625,0.15625,0.15625,0.0,0.5437500000000001,0.4812500000000002,0.20572005355632114,0.05128750453463543,0.20572005355632114,0.05128750453463543,-1.4000000000000001,5.849999999999998,6.0,14.0,0,11,6,0,3,35,1,2,6,0
12000928,0.0,0.3,0.75,3.73325,3.8,0.06675000000000002,14,66.75,7.28125,0.171875,0.390625,0.0,0.5312499999999999,0.4648437500000003,1.9875135818739813e-07,0.2999996016784737,1.9875135818739813e-07,0.2999996016784737,-4.6,8.4,24.0,12.0,1,11,4,0,7,40,1,0,0,0
12000929,1.0,0.05,0.25,4.648718749999999,4.649999999999999,0.0012812500000000007,1,1.28125,0.84375,0.125,0.140625,0.015625,0.5333333333333334,0.5095238095238096,0.7610218502085115,0.050131054069883794,0.7610218502085115,0.050131054069883794,-0.5999999999999999,5.25,4.0,13.0,1,5,3,2,4,35,1,4,8,1
12000930,0.0,0.3,0.75,5.207171875,5.25,0.042828125,10,42.828125,5.703125,0.203125,0.359375,0.03125,0.5677419354838712,0.47096774193548413,1.192281981669034e-06,0.2999990703855445,1.192281981669034e-06,0.2999990703855445,-3.5500000000000003,8.799999999999999,19.0,17.0,0,9,5,0,1,45,0,0,2,2
12000931,0.0,0.05,0.75,4.5993281249999995,4.6,0.0006718750000000003,1,0.671875,0.546875,0.15625,0.171875,0.03125,0.538709677419355,0.5024193548387096,0.6202103130989925,0.05328857590574903,0.6202103130989925,0.05328857590574903,-1.3,5.899999999999999,5.0,16.0,0,7,4,0,8,31,1,2,9,2
12000932,1.0,0.05,0.25,2.3996718750000006,2.4000000000000004,0.00032812500000000013,1,0.328125,0.296875,0.078125,0.09375,0.046875,0.537704918032787,0.5049180327868853,0.5751434531419822,0.0500014905130227,0.5751434531419822,0.0500014905130227,-0.3500000000000001,2.75,1.0,10.0,0,9,3,1,4,30,1,2,11,3
12000933,0.0,0.3,0.5,-5.248453125000001,-4.900000000000001,0.348453125,29,348.453125,16.578125,0.015625,0.46875,0.0,0.5656250000000003,0.4765625000000001,1.233042887323749e-10,0.29999957489411383,1.233042887323749e-10,0.29999957489411383,-4.7,-0.2,25.0,6.0,0,7,4,0,4,48,0,0,1,0
12000934,0.0,0.05,0.75,4.447234374999999,4.449999999999999,0.002765625000000002,-2,2.765625,1.296875,0.125,0.09375,0.03125,0.5548387096774196,0.5169354838709677,0.46160357079262476,0.05002198583288539,0.46160357079262476,0.05002198583288539,-1.15,5.6,5.0,9.0,0,4,3,0,5,36,1,3,10,2
12000935,0.0,0.3,0.5,0.8565937500000004,0.9000000000000004,0.043406250000000014,9,43.40625,5.90625,0.140625,0.28125,0.0,0.5062499999999998,0.47187500000000016,0.09997698435598558,0.21535861666327008,0.09997698435598558,0.21535861666327008,-3.95,4.85,15.0,12.0,1,13,6,0,8,28,2,3,3,0
12000936,0.0,0.05,0.5,3.7985781249999993,3.7999999999999994,0.0014218750000000006,1,1.421875,0.796875,0.15625,0.171875,0.0,0.5281250000000002,0.5140625,0.2565783755915033,0.051681687025429544,0.2565783755915033,0.051681687025429544,-0.4,4.2,2.0,19.0,0,8,4,2,5,27,2,2,14,0
12000937,1.0,0.05,0.25,7.384296875,7.4,0.01570312500000001,6,15.703125,3.359375,0.09375,0.1875,0.0,0.5218749999999999,0.4789062500000002,0.4212534615697725,0.05072813752294374,0.4212534615697725,0.05072813752294374,-0.44999999999999996,7.85,1.0,17.0,0,11,4,3,7,33,0,1,5,0
12000938,0.0,0.05,0.5,0.745796875,0.75,0.004203125000000003,4,4.203125,1.796875,0.0625,0.125,0.046875,0.518032786885246,0.49016393442622946,0.21577006910176072,0.050044667068987414,0.21577006910176072,0.050044667068987414,-1.0,1.7500000000000004,5.0,7.0,1,6,7,3,5,29,2,2,6,3
12000939,1.0,0.05,0.25,4.599046875,4.6,0.0009531250000000004,0,0.953125,0.703125,0.125,0.125,0.0625,0.5500000000000003,0.49250000000000005,0.441645370290692,0.05037992691448818,0.441645370290692,0.05037992691448818,-0.6499999999999999,5.250000000000001,2.0,14.0,0,8,6,0,3,32,1,2,8,4
12000940,0.0,0.05,0.75,5.788468749999999,5.799999999999999,0.011531250000000009,-5,11.53125,3.0625,0.15625,0.078125,0.046875,0.5409836065573774,0.5270491803278687,0.5913183907066996,0.05009731955866865,0.5913183907066996,0.05009731955866865,0.0,5.799999999999999,0.0,15.0,0,3,4,0,5,31,4,2,12,3
12000941,0.0,0.3,0.75,0.3095624999999989,0.3499999999999989,0.0404375,16,40.4375,4.5625,0.125,0.375,0.0,0.5375000000000003,0.48359375000000004,1.61799099383344e-05,0.2999431120639267,1.61799099383344e-05,0.2999431120639267,-4.700000000000001,5.05,22.0,10.0,0,9,2,0,9,40,1,0,3,0
12000942,1.0,0.3,0.75,-1.9502812500000002,-1.75,0.20028125000000016,-21,200.28125,12.65625,0.34375,0.015625,0.0,0.5906250000000006,0.5984374999999995,0.9999999999900435,0.2999975247531808,0.9999999999900435,0.2999975247531808,-2.299999999999999,0.55,20.0,3.0,0,2,0,0,1,17,0,0,44,0
12000943,1.0,0.05,0.5,2.2996093749999997,2.3,0.00039062500000000024,-1,0.390625,0.390625,0.109375,0.09375,0.03125,0.5354838709677421,0.521774193548387,0.49361008462173767,0.050006612808928604,0.49361008462173767,0.050006612808928604,-0.30000000000000004,2.6,1.0,12.0,0,7,0,1,6,32,2,1,13,2
12000944,1.0,0.3,0.75,-0.5013593750000022,-0.40000000000000213,0.10135937499999999,-19,101.359375,8.484375,0.359375,0.0625,0.0,0.5906250000000007,0.6031249999999994,0.9999999999377356,0.299997888900641,0.9999999999377356,0.299997888900641,-2.1999999999999993,1.7999999999999998,20.0,7.0,0,0,0,1,1,18,0,0,44,0
12000945,0.0,0.05,0.25,0.0024531250000004723,0.05000000000000049,0.047546875000000016,10,47.546875,5.765625,0.0625,0.21875,0.015625,0.5079365079365079,0.45952380952380967,0.10615057030782139,0.057215049407750754,0.10615057030782139,0.057215049407750754,-0.75,0.8000000000000005,4.0,14.0,0,16,3,3,4,35,1,1,0,1
12000946,1.0,0.3,0.75,-0.5080156250000021,-0.40000000000000213,0.10801562499999999,-20,108.015625,8.796875,0.359375,0.046875,0.015625,0.5968253968253975,0.6047619047619042,0.9999999999994263,0.2999997985400237,0.9999999999994263,0.2999997985400237,-2.05,1.6499999999999997,20.0,6.0,0,0,0,0,1,18,0,0,44,1
12000947,0.0,0.3,0.5,-1.2149062499999996,-1.0999999999999996,0.11490625000000002,17,114.90625,9.34375,0.078125,0.34375,0.015625,0.5301587301587303,0.45714285714285735,9.862424405505254e-05,0.29832377764948276,9.862424405505254e-05,0.29832377764948276,-3.7500000000000004,2.6500000000000004,19.0,8.0,1,15,2,0,5,40,0,0,0,1
12000948,1.0,0.3,0.25,4.680250000000001,4.700000000000001,0.019750000000000007,-7,19.75,3.96875,0.296875,0.1875,0.015625,0.574603174603175,0.5595238095238092,0.9999821135817301,0.29986399011377685,0.9999821135817301,0.29986399011377685,-3.5,8.200000000000001,18.0,13.0,0,3,0,0,1,31,1,2,25,1
12000949,0.0,0.05,0.25,-1.4745468750000001,-1.4500000000000002,0.02454687500000001,11,24.546875,4.390625,0.046875,0.21875,0.03125,0.5064516129032258,0.47338709677419355,0.09998324630720255,0.052274074419957954,0.09998324630720255,0.052274074419957954,-0.35,-1.1,2.0,15.0,0,13,5,2,9,26,0,3,4,2
12000950,1.0,0.3,0.75,-1.1566406250000072,-1.000000000000007,0.156640625,-23,156.640625,10.484375,0.40625,0.046875,0.0,0.5906250000000007,0.5914062499999995,0.9999999999999217,0.2999999759980001,0.9999999999999217,0.2999999759980001,-2.2,1.2,20.0,9.0,0,1,0,0,0,23,1,0,39,0
12000951,1.0,0.3,0.5,1.96825,2.0,0.031750000000000014,-11,31.75,4.8125,0.28125,0.109375,0.015625,0.5746031746031751,0.5619047619047616,0.9993014900701234,0.29564790509057304,0.9993014900701234,0.29564790509057304,-2.0,4.000000000000001,13.0,12.0,0,0,1,0,6,29,1,0,26,1
12000952,0.0,0.3,0.5,-0.39581249999999935,-0.24999999999999928,0.14581250000000004,20,145.8125,10.125,0.109375,0.421875,0.0,0.5437500000000002,0.4648437500000002,6.143463762764568e-08,0.29999806181049266,6.143463762764568e-08,0.29999806181049266,-4.25,3.999999999999999,22.0,12.0,0,12,4,0,6,41,0,0,1,0
12000953,0.0,0.05,0.75,8.524703125,8.55,0.02529687500000001,-8,25.296875,4.578125,0.203125,0.078125,0.015625,0.5555555555555559,0.5476190476190476,0.6935328150493549,0.05135975020300779,0.6935328150493549,0.05135975020300779,-0.6000000000000001,9.15,3.0,15.0,0,4,4,1,5,21,1,1,26,1
12000954,1.0,0.3,0.75,0.9899687500000014,1.1000000000000014,0.11003125,-17,110.03125,9.4375,0.34375,0.078125,0.0,0.5906250000000007,0.6007812499999995,0.9999999999335734,0.2999985049577495,0.9999999999335734,0.2999985049577495,-2.1000000000000005,3.1999999999999997,18.0,9.0,0,1,0,0,0,19,1,0,43,0
12000955,0.0,0.05,0.25,1.6492031249999999,1.65,0.0007968750000000003,2,0.796875,0.578125,0.078125,0.109375,0.0625,0.5566666666666669,0.5000000000000001,0.421994640702614,0.05001159232050367,0.421994640702614,0.05001159232050367,-0.2,1.8499999999999999,1.0,11.0,0,5,5,0,7,33,0,1,9,4
12000956,0.0,0.3,0.75,0.08867187500000046,0.15000000000000047,0.06132812500000002,13,61.328125,6.859375,0.09375,0.296875,0.0,0.525,0.4718750000000004,0.01198565030190034,0.2654750478241283,0.01198565030190034,0.2654750478241283,-3.6000000000000005,3.75,18.0,7.0,1,15,3,0,0,38,3,1,3,0
12000957,1.0,0.3,0.5,0.7001093749999947,0.7499999999999947,0.04989062500000002,-14,49.890625,5.953125,0.296875,0.078125,0.015625,0.5809523809523816,0.571428571428571,0.99999975243264,0.29973954456394736,0.99999975243264,0.29973954456394736,-2.549999999999999,3.3000000000000003,17.0,7.0,0,1,2,0,3,24,1,0,32,1
12000958,1.0,0.3,0.75,1.249999999999999,1.299999999999999,0.05,-10,50.0,6.5,0.25,0.09375,0.015625,0.5746031746031751,0.5666666666666663,0.9969577384106942,0.24388048260077938,0.9969577384106942,0.24388048260077938,-2.05,3.3500000000000005,12.0,10.0,1,2,1,0,3,24,0,1,31,1
12000959,0.0,0.3,0.5,1.0732968750000005,1.2000000000000004,0.12670312499999994,12,126.703125,10.359375,0.125,0.3125,0.03125,0.5290322580645161,0.46129032258064534,0.00012090398376583555,0.2994298827998728,0.00012090398376583555,0.2994298827998728,-3.2,4.4,15.0,13.0,0,16,3,0,1,39,2,1,0,2
12000960,1.0,0.05,0.75,-1.7680312500000008,-1.7500000000000009,0.018031250000000013,-8,18.03125,3.75,0.15625,0.03125,0.0,0.5500000000000004,0.51171875,0.8104710755436233,0.05000836465501938,0.8104710755436233,0.05000836465501938,-0.19999999999999996,-1.5499999999999998,1.0,11.0,1,5,2,2,5,36,0,0,13,0
12000961,1.0,0.05,0.5,4.74553125,4.75,0.004468750000000002,3,4.46875,1.5625,0.109375,0.15625,0.0625,0.5233333333333333,0.48500000000000026,0.3776563215826916,0.05037309337943208,0.3776563215826916,0.05037309337943208,-1.2,5.95,3.0,14.0,3,8,3,0,5,33,1,2,5,4
12000962,1.0,0.3,0.5,1.925390625,2.0,0.074609375,-13,74.609375,7.359375,0.3125,0.109375,0.0,0.5906250000000007,0.5843749999999995,0.9999999441018307,0.2999608176062263,0.9999999441018307,0.2999608176062263,-2.25,4.25,17.0,10.0,0,2,1,0,1,21,0,0,39,0
12000963,1.0,0.3,0.25,0.7618281250000005,0.9000000000000004,0.1381718749999999,-15,138.171875,11.109375,0.328125,0.09375,0.03125,0.5677419354838713,0.5701612903225804,0.9999999946533362,0.29998986185651505,0.9999999946533362,0.29998986185651505,-2.3500000000000005,3.249999999999999,19.0,8.0,1,2,1,0,3,22,1,1,31,2
12000964,0.0,0.05,0.5,0.4912343750000002,0.5000000000000002,0.008765625000000003,8,8.765625,2.109375,0.0625,0.1875,0.015625,0.5428571428571428,0.4904761904761907,0.19452190338178343,0.0515391039762532,0.19452190338178343,0.0515391039762532,-0.39999999999999997,0.8999999999999999,3.0,13.0,0,10,4,0,4,35,0,4,6,1
12000965,1.0,0.05,0.25,5.039921875,5.05,0.010078125000000005,5,10.078125,2.546875,0.046875,0.125,0.0625,0.5266666666666667,0.4825000000000001,0.4118672820220684,0.05000767445854541,0.4118672820220684,0.05000767445854541,-0.55,5.6000000000000005,2.0,9.0,1,9,4,1,6,32,1,1,5,4
12000966,0.0,0.3,0.75,0.2430781249999997,0.2999999999999997,0.05692187500000001,13,56.921875,6.390625,0.109375,0.3125,0.0,0.5312500000000002,0.4765625000000001,0.0015244972257194682,0.2937191106064247,0.0015244972257194682,0.2937191106064247,-4.050000000000001,4.3500000000000005,19.0,8.0,2,7,4,2,7,39,0,0,3,0
12000967,0.0,0.05,0.5,1.8927968750000004,1.9000000000000004,0.0072031250000000055,4,7.203125,2.359375,0.09375,0.15625,0.078125,0.5288135593220339,0.469491525423729,0.29088713948640427,0.05092984018046383,0.29088713948640427,0.05092984018046383,-0.75,2.6500000000000004,4.0,12.0,1,10,6,0,4,33,1,3,1,5
12000968,0.0,0.05,0.5,0.5467656250000003,0.5500000000000003,0.003234375000000002,3,3.234375,1.515625,0.09375,0.140625,0.03125,0.5290322580645163,0.5193548387096774,0.3714832963508154,0.05003098059253341,0.3714832963508154,0.05003098059253341,-0.8999999999999999,1.4500000000000002,3.0,12.0,0,11,1,0,3,27,3,2,15,2
12000969,0.0,0.3,0.25,-3.304296875000001,-3.100000000000001,0.20429687500000002,22,204.296875,12.921875,0.03125,0.375,0.0,0.5468750000000001,0.47421875000000013,5.102953029168847e-07,0.29981872782907965,5.102953029168847e-07,0.29981872782907965,-2.4499999999999997,-0.6499999999999999,14.0,12.0,0,11,1,1,3,47,0,1,0,0
12000970,1.0,0.05,0.25,1.6481718749999998,1.65,0.0018281250000000012,0,1.828125,1.171875,0.078125,0.078125,0.03125,0.5354838709677421,0.5120967741935485,0.46156303961683304,0.050000618059255555,0.46156303961683304,0.050000618059255555,-0.55,2.2,2.0,8.0,0,6,5,1,4,30,3,2,11,2
12000971,1.0,0.3,0.5,1.1319843750000045,1.2000000000000046,0.06801562500000002,-12,68.015625,7.546875,0.28125,0.09375,0.0,0.5843750000000006,0.5749999999999997,0.9998943225976273,0.29395783613539916,0.9998943225976273,0.29395783613539916,-2.9,4.1,16.0,8.0,0,1,2,1,2,23,0,0,35,0
12000972,1.0,0.3,0.75,-1.71190625,-1.5,0.21190625000000002,-24,211.90625,13.34375,0.40625,0.03125,0.0,0.5937500000000007,0.5914062499999995,0.9999999999999878,0.29999998684976287,0.9999999999999878,0.29999998684976287,-2.249999999999999,0.75,21.0,7.0,0,0,0,0,0,25,1,0,38,0
12000973,1.0,0.05,0.5,4.3975625,4.4,0.0024375000000000013,1,2.4375,1.34375,0.140625,0.15625,0.015625,0.5428571428571429,0.511904761904762,0.505046812434559,0.05028656506935459,0.505046812434559,0.05028656506935459,-0.19999999999999996,4.6,1.0,18.0,0,10,1,0,2,34,2,2,12,1
12000974,0.0,0.05,0.25,-2.972453124999999,-2.849999999999999,0.12245312499999995,17,122.453125,9.484375,0.03125,0.296875,0.046875,0.537704918032787,0.47295081967213126,0.003873449242174813,0.22475548058462821,0.003873449242174813,0.22475548058462821,-0.6500000000000001,-2.1999999999999997,4.0,17.0,0,7,6,2,7,37,0,1,1,3
12000975,0.0,0.05,0.75,4.9985625,5.0,0.0014375000000000008,-3,1.4375,0.78125,0.15625,0.109375,0.046875,0.5344262295081968,0.5147540983606558,0.8267499987730219,0.051059517174999645,0.8267499987730219,0.051059517174999645,-0.55,5.55,2.0,15.0,1,7,1,1,3,33,3,0,12,3
12000976,0.0,0.05,0.5,0.2837187499999997,0.2999999999999997,0.01628125000000001,6,16.28125,3.21875,0.078125,0.171875,0.0,0.5250000000000001,0.4859375000000001,0.3564762221824184,0.05011350317907816,0.3564762221824184,0.05011350317907816,-0.3,0.5999999999999996,1.0,15.0,2,7,3,1,8,37,1,1,4,0
12000977,0.0,0.3,0.5,-0.4639843749999999,-0.34999999999999987,0.11398437500000001,14,113.984375,9.296875,0.078125,0.296875,0.015625,0.5365079365079367,0.4690476190476192,0.0018460835947211006,0.28539737422110417,0.0018460835947211006,0.28539737422110417,-2.6499999999999995,2.3000000000000003,14.0,10.0,0,12,2,0,6,42,1,0,0,1
12000978,0.0,0.05,0.75,4.292687499999999,4.299999999999999,0.007312500000000006,-4,7.3125,2.375,0.140625,0.078125,0.015625,0.5333333333333334,0.5333333333333332,0.6314432648386674,0.05000969861005735,0.6314432648386674,0.05000969861005735,-0.45,4.749999999999999,1.0,13.0,1,5,4,0,5,24,3,3,18,1
12000979,0.0,0.3,0.25,-4.599640625000001,-4.400000000000001,0.19964062500000002,27,199.640625,12.609375,0.03125,0.453125,0.0,0.5375000000000002,0.46015625000000027,1.3515639975863588e-09,0.2999981906314222,1.3515639975863588e-09,0.2999981906314222,-4.750000000000001,0.3499999999999998,24.0,7.0,1,12,6,0,6,37,0,0,2,0
12000980,0.0,0.05,0.25,2.1447656250000002,2.1500000000000004,0.005234375000000004,2,5.234375,2.015625,0.09375,0.125,0.109375,0.5333333333333334,0.48421052631578965,0.6541855527886272,0.05005238239911148,0.6541855527886272,0.05005238239911148,-0.4,2.5500000000000003,2.0,12.0,1,5,7,0,8,29,1,2,4,7
12000981,0.0,0.05,0.25,-1.6034062499999997,-1.5499999999999996,0.05340625000000001,10,53.40625,6.84375,0.03125,0.1875,0.03125,0.5258064516129034,0.45403225806451625,0.06512959156627761,0.0503438531073414,0.06512959156627761,0.0503438531073414,-0.7,-0.8499999999999996,3.0,11.0,0,13,11,1,5,27,0,3,2,2
12000982,0.0,0.05,0.5,3.6487187499999996,3.6499999999999995,0.001281250000000001,0,1.28125,0.90625,0.140625,0.140625,0.03125,0.5548387096774197,0.4951612903225807,0.3204857602517455,0.050244670216118045,0.3204857602517455,0.050244670216118045,-0.7,4.3500000000000005,3.0,15.0,0,9,5,1,1,34,1,0,11,2
12000983,0.0,0.05,0.5,6.448375,6.45,0.0016250000000000008,-4,1.625,0.875,0.203125,0.140625,0.03125,0.5483870967741937,0.5120967741935483,0.35620363956155215,0.052313817113575405,0.35620363956155215,0.052313817113575405,-0.2,6.6499999999999995,1.0,21.0,1,6,2,1,3,35,0,3,11,2
12000984,1.0,0.05,0.5,2.699234375,2.7,0.0007656250000000005,-1,0.765625,0.640625,0.125,0.109375,0.0625,0.526666666666667,0.5025000000000001,0.3734568809530705,0.05004521868011451,0.3734568809530705,0.05004521868011451,-0.8,3.5,3.0,12.0,0,5,5,1,10,28,2,1,8,4
12000985,1.0,0.3,0.25,3.4574999999999982,3.4999999999999982,0.04250000000000002,-11,42.5,5.71875,0.328125,0.15625,0.0,0.5843750000000005,0.5749999999999997,0.9999999932760422,0.2999974385893002,0.9999999932760422,0.2999974385893002,-2.3499999999999996,5.849999999999999,18.0,13.0,0,2,0,0,2,26,0,1,33,0
12000986,0.0,0.05,0.5,0.9695468749999998,0.9999999999999998,0.03045312499999999,6,30.453125,4.953125,0.09375,0.1875,0.046875,0.5213114754098361,0.48278688524590174,0.14727444468986742,0.056743003782498365,0.14727444468986742,0.056743003782498365,-1.3,2.3,6.0,12.0,2,7,8,0,4,30,3,3,4,3
12000987,1.0,0.3,0.5,1.0309999999999986,1.1499999999999986,0.11900000000000001,-16,119.0,9.65625,0.328125,0.078125,0.03125,0.583870967741936,0.5895161290322576,0.9999999989999058,0.2999951984257988,0.9999999989999058,0.2999951984257988,-2.4499999999999993,3.5999999999999996,21.0,5.0,0,1,0,0,2,21,0,2,36,2
12000988,0.0,0.05,0.75,4.797578125,4.8,0.0024218750000000004,-1,2.421875,1.171875,0.15625,0.140625,0.046875,0.5278688524590165,0.5098360655737704,0.2945569468194629,0.050870723993221775,0.2945569468194629,0.050870723993221775,-0.8,5.6000000000000005,3.0,16.0,1,6,3,0,9,28,1,3,10,3
12000989,1.0,0.05,0.75,1.6452812500000003,1.6500000000000004,0.004718750000000003,-1,4.71875,1.9375,0.09375,0.078125,0.078125,0.5423728813559323,0.5330508474576271,0.29994634082504185,0.05000326106521511,0.29994634082504185,0.05000326106521511,0.0,1.65,0.0,11.0,1,4,0,1,4,31,1,3,14,5
12000990,0.0,0.05,0.25,-0.7317812499999997,-0.6999999999999997,0.031781250000000004,10,31.78125,4.8125,0.046875,0.203125,0.03125,0.5129032258064515,0.4491935483870971,0.10253069762178588,0.05139776822223333,0.10253069762178588,0.05139776822223333,-0.35,-0.3499999999999998,2.0,14.0,0,19,6,1,3,29,1,1,2,2
12000991,0.0,0.05,0.75,3.5977812499999997,3.5999999999999996,0.0022187500000000015,-3,2.21875,1.1875,0.109375,0.0625,0.078125,0.5423728813559322,0.5101694915254238,0.281111649151029,0.05000194310302539,0.281111649151029,0.05000194310302539,-0.4,4.0,2.0,9.0,0,6,4,2,5,28,1,0,13,5
12000992,1.0,0.05,0.75,-0.7306250000000011,-0.7000000000000011,0.030625000000000003,-10,30.625,4.875,0.203125,0.046875,0.015625,0.5619047619047625,0.5452380952380951,0.916483070552621,0.05114442486261609,0.916483070552621,0.05114442486261609,-1.0999999999999999,0.40000000000000024,4.0,12.0,0,3,1,1,2,33,2,1,20,1
12000993,1.0,0.05,0.5,0.07506249999999963,0.09999999999999964,0.024937500000000012,-9,24.9375,4.46875,0.203125,0.0625,0.03125,0.583870967741936,0.5532258064516127,0.984483703381301,0.06308407250939509,0.984483703381301,0.06308407250939509,-0.8500000000000001,0.9499999999999997,6.0,11.0,0,2,3,0,1,29,0,2,25,2
12000994,0.0,0.3,0.5,-0.3815937499999999,-0.24999999999999994,0.13159374999999995,17,131.59375,10.78125,0.109375,0.375,0.015625,0.5460317460317462,0.4595238095238098,5.286863264898582e-06,0.29993326933471454,5.286863264898582e-06,0.29993326933471454,-3.65,3.4000000000000004,18.0,13.0,1,12,6,0,3,39,0,0,2,1
12000995,0.0,0.3,0.5,-1.4076249999999995,-1.2499999999999993,0.15762500000000004,20,157.625,10.8125,0.078125,0.390625,0.0,0.5500000000000002,0.4718750000000002,7.528664677356369e-07,0.29996381136292066,7.528664677356369e-07,0.29996381136292066,-3.9000000000000004,2.65,20.0,10.0,0,11,4,0,3,43,1,0,2,0
12000996,1.0,0.3,0.75,-0.569625000000002,-0.40000000000000213,0.16962499999999997,-19,169.625,11.71875,0.34375,0.046875,0.015625,0.5841269841269847,0.616666666666666,0.9999999999916984,0.2999988162533335,0.9999999999916984,0.2999988162533335,-1.9500000000000004,1.5499999999999998,19.0,6.0,0,0,0,0,0,14,2,1,46,1
12000997,1.0,0.05,0.5,5.748187499999999,5.749999999999999,0.0018125000000000012,3,1.8125,1.125,0.109375,0.15625,0.03125,0.5709677419354842,0.5096774193548388,0.6605177441342959,0.050164168655750095,0.6605177441342959,0.050164168655750095,-0.19999999999999996,5.95,1.0,16.0,0,2,6,0,4,38,0,3,9,2
12000998,1.0,0.05,0.5,7.479921875,7.5,0.02007812500000001,6,20.078125,4.109375,0.09375,0.1875,0.015625,0.5301587301587302,0.49285714285714294,0.6224412061367562,0.05032609784870239,0.6224412061367562,0.05032609784870239,-0.7,8.199999999999998,3.0,15.0,0,12,0,0,5,37,2,1,6,1
12000999,1.0,0.3,0.5,-0.19979687499999718,-0.04999999999999716,0.14979687500000002,-18,149.796875,10.734375,0.34375,0.0625,0.015625,0.5936507936507943,0.6095238095238089,0.9999999999814602,0.2999984932115952,0.9999999999814602,0.2999984932115952,-1.8000000000000005,1.7499999999999998,19.0,7.0,0,0,1,0,1,14,0,1,46,1
12001000,1.0,0.3,0.25,4.893765625,4.9,0.006234375000000003,-4,6.234375,1.953125,0.234375,0.171875,0.0,0.5562500000000005,0.5421874999999998,0.9380071987399625,0.22808759928355188,0.9380071987399625,0.22808759928355188,-2.6999999999999997,7.599999999999999,13.0,13.0,0,2,1,1,6,33,1,2,18,0
12001001,0.0,0.05,0.75,5.29634375,5.3,0.0036562500000000024,-3,3.65625,1.625,0.15625,0.109375,0.015625,0.5492063492063497,0.5047619047619049,0.42653225415405205,0.050110328319478106,0.42653225415405205,0.050110328319478106,-1.1,6.4,4.0,13.0,1,5,5,1,4,34,1,1,11,1
12001002,0.0,0.05,0.5,0.546140625,0.55,0.0038593750000000026,3,3.859375,1.609375,0.0625,0.109375,0.046875,0.5049180327868851,0.4975409836065574,0.6427552793262522,0.05000138424688526,0.6427552793262522,0.05000138424688526,-0.9,1.45,3.0,8.0,1,8,4,1,5,30,4,4,4,3
12001003,0.0,0.05,0.75,3.796734375,3.8000000000000003,0.003265625000000002,0,3.265625,1.390625,0.15625,0.15625,0.046875,0.5278688524590166,0.5073770491803278,0.45050194604906574,0.05102810912868444,0.45050194604906574,0.05102810912868444,-1.5,5.300000000000001,5.0,15.0,0,10,2,1,4,29,2,2,11,3
12001004,0.0,0.3,0.5,0.7453281250000006,0.8500000000000005,0.10467187499999997,15,104.671875,8.296875,0.125,0.359375,0.015625,0.5460317460317462,0.47380952380952396,6.0662992513705885e-06,0.2999628130496525,6.0662992513705885e-06,0.2999628130496525,-4.400000000000001,5.25,22.0,9.0,1,10,2,0,5,43,0,0,2,1
12001005,0.0,0.05,0.5,4.749140624999999,4.749999999999999,0.0008593750000000003,-1,0.859375,0.640625,0.140625,0.125,0.046875,0.5311475409836065,0.49999999999999994,0.7600823893909601,0.05058804547260254,0.7600823893909601,0.05058804547260254,-0.7,5.449999999999999,3.0,14.0,0,3,7,0,10,31,2,4,4,3
12001006,1.0,0.3,0.5,2.738718749999998,2.849999999999998,0.11128124999999996,-16,111.28125,9.53125,0.390625,0.140625,0.0,0.5781250000000007,0.5984374999999994,0.9999999999994011,0.2999999934732711,0.9999999999994011,0.2999999934732711,-2.8499999999999996,5.700000000000001,22.0,12.0,0,1,0,2,0,18,1,0,42,0
12001007,1.0,0.05,0.75,1.2814375000000007,1.3000000000000007,0.018562500000000006,-5,18.5625,3.8125,0.15625,0.078125,0.0,0.5656250000000003,0.5421874999999998,0.8345845152326947,0.050164302362433195,0.8345845152326947,0.050164302362433195,-0.30000000000000004,1.5999999999999999,3.0,12.0,0,2,1,0,8,32,0,1,20,0
12001008,1.0,0.3,0.75,0.8308437500000021,0.9000000000000021,0.06915625000000002,-13,69.15625,7.5625,0.28125,0.078125,0.015625,0.5777777777777782,0.5690476190476188,0.9999593218454459,0.29605594286499537,0.9999593218454459,0.29605594286499537,-1.7000000000000002,2.5999999999999996,13.0,10.0,0,1,2,1,1,26,0,3,29,1
12001009,1.0,0.3,0.5,2.59345312499999,2.79999999999999,0.20654687500000007,-19,206.546875,12.921875,0.40625,0.109375,0.0,0.5875000000000006,0.6124999999999994,1.0,0.2999999998950419,1.0,0.2999999998950419,-2.0500000000000007,4.85,23.0,10.0,0,0,0,0,1,15,0,3,45,0
12001010,1.0,0.3,0.75,-1.772296875000002,-1.6500000000000021,0.12229687499999996,-17,122.296875,10.234375,0.296875,0.03125,0.0,0.5750000000000005,0.5820312499999996,0.9999995743968285,0.29840395615185733,0.9999995743968285,0.29840395615185733,-1.8000000000000003,0.1499999999999999,13.0,8.0,0,1,1,1,1,23,2,0,35,0
12001011,1.0,0.05,0.25,7.8448125,7.85,0.005187500000000004,5,5.1875,1.9375,0.125,0.203125,0.0,0.5500000000000003,0.5,0.36724804263382993,0.06061740896832134,0.36724804263382993,0.06061740896832134,-0.9999999999999998,8.849999999999998,5.0,16.0,0,4,5,1,5,40,1,3,5,0
12001012,0.0,0.3,0.75,3.4164687500000004,3.45,0.03353125,10,33.53125,5.375,0.1875,0.34375,0.0,0.5531250000000003,0.4859375,1.791238820822711e-05,0.2999693862264966,1.791238820822711e-05,0.2999693862264966,-4.8500000000000005,8.299999999999999,21.0,13.0,0,9,3,0,5,41,0,1,5,0
12001013,1.0,0.3,0.75,-2.3623437500000026,-2.200000000000003,0.16234375,-24,162.34375,11.125,0.390625,0.015625,0.0,0.5937500000000006,0.6031249999999996,0.9999999999999454,0.2999999405565258,0.9999999999999454,0.2999999405565258,-2.95,0.75,24.0,2.0,0,1,0,0,0,18,0,1,44,0
12001014,1.0,0.05,0.25,2.9944375,3.0,0.005562500000000004,3,5.5625,2.28125,0.03125,0.078125,0.0625,0.51,0.48500000000000015,0.4536593724642081,0.05000026203745691,0.4536593724642081,0.05000026203745691,0.0,3.0,0.0,7.0,4,5,6,1,5,30,3,1,5,4
12001015,1.0,0.3,0.5,0.3046093749999972,0.5499999999999972,0.245390625,-23,245.390625,13.984375,0.4375,0.078125,0.015625,0.5968253968253975,0.5999999999999995,0.9999999999999998,0.29999999984147874,0.9999999999999998,0.29999999984147874,-2.799999999999999,3.3499999999999996,24.0,9.0,0,1,0,0,0,19,0,0,43,1
12001016,1.0,0.05,0.75,1.6417187500000003,1.6500000000000004,0.008281250000000006,-6,8.28125,2.21875,0.171875,0.078125,0.015625,0.5746031746031752,0.5428571428571426,0.7457578406495983,0.05099284031074054,0.7457578406495983,0.05099284031074054,-0.45000000000000007,2.0999999999999988,2.0,14.0,1,1,3,1,3,31,0,0,23,1
12001017,1.0,0.05,0.25,3.0982187499999996,3.0999999999999996,0.001781250000000001,-2,1.78125,1.0,0.15625,0.125,0.03125,0.5516129032258067,0.5290322580645159,0.39588660171143136,0.05020603345812762,0.39588660171143136,0.05020603345812762,-0.7999999999999998,3.8999999999999995,4.0,14.0,0,5,2,1,1,34,1,5,13,2
12001018,1.0,0.3,0.5,3.244265624999997,3.299999999999997,0.055734375000000023,-10,55.734375,6.421875,0.296875,0.140625,0.015625,0.5873015873015879,0.5809523809523806,0.9999997852326401,0.29996097148971296,0.9999997852326401,0.29996097148971296,-2.499999999999999,5.799999999999999,18.0,10.0,0,0,0,0,3,26,0,1,33,1
12001019,0.0,0.3,0.5,-1.8563593749999994,-1.7499999999999993,0.10635937499999999,19,106.359375,8.734375,0.046875,0.34375,0.015625,0.5396825396825399,0.46428571428571447,1.263706875008698e-05,0.29901149256872983,1.263706875008698e-05,0.29901149256872983,-4.000000000000001,2.25,21.0,4.0,1,11,4,1,4,41,0,0,1,1
12001020,1.0,0.05,0.25,6.390515625,6.4,0.009484375000000007,4,9.484375,2.796875,0.109375,0.171875,0.015625,0.5206349206349207,0.49761904761904757,0.1770984685079446,0.05301566282532084,0.1770984685079446,0.05301566282532084,-1.95,8.35,6.0,12.0,2,6,3,2,6,34,0,5,5,1
12001021,1.0,0.05,0.75,0.5777812500000015,0.6000000000000014,0.022218750000000006,-7,22.21875,3.84375,0.1875,0.078125,0.03125,0.5741935483870974,0.5677419354838706,0.8634552436602544,0.05088767618331856,0.8634552436602544,0.05088767618331856,-0.19999999999999996,0.7999999999999998,2.0,15.0,0,2,2,0,3,23,1,1,30,2
12001022,0.0,0.05,0.5,1.0486562499999998,1.0499999999999998,0.0013437500000000008,1,1.34375,0.9375,0.0625,0.078125,0.0625,0.5466666666666667,0.51,0.5039613774470636,0.05000061855708549,0.5039613774470636,0.05000061855708549,-0.7000000000000001,1.7500000000000002,2.0,7.0,0,5,5,0,7,29,1,2,11,4
12001023,1.0,0.3,0.25,-0.5964687499999992,-0.4499999999999993,0.14646874999999998,-18,146.46875,10.3125,0.328125,0.046875,0.015625,0.5841269841269848,0.5833333333333329,0.9999999997563612,0.2999915994949664,0.9999999997563612,0.2999915994949664,-2.0,1.5499999999999998,19.0,5.0,1,0,1,0,0,24,1,1,35,1
