episode,value,alpha,p,objective,profit,penalty,terminal_inventory,mean_q2,mean_abs_inventory,buy_rate,sell_rate,abstain_rate,mean_spread,mean_center,inferred_value,inferred_alpha,correct_value,correct_alpha,informed_profit,uninformed_profit,informed_exec,uninformed_exec,action_0,action_1,action_2,action_3,action_4,action_5,action_6,action_7,action_8,action_9
12000000,1.0,0.3,0.75,-1.5957031250000058,-1.4000000000000057,0.19570312500000003,-25,195.703125,12.109375,0.4375,0.046875,0.0,0.6000000000000008,0.5843749999999994,0.9999999999999961,0.2999999974185334,0.9999999999999961,0.2999999974185334,-2.249999999999999,0.8500000000000001,21.0,10.0,0,0,0,0,0,28,0,0,36,0
12000001,1.0,0.05,0.75,-0.37474999999999964,-0.34999999999999964,0.024750000000000015,-6,24.75,4.53125,0.15625,0.0625,0.0,0.5750000000000005,0.5304687499999997,0.655047605549308,0.050011406626675456,0.655047605549308,0.050011406626675456,-0.55,0.19999999999999996,2.0,12.0,1,0,4,0,0,41,0,6,12,0
12000002,0.0,0.05,0.25,3.248406249999999,3.249999999999999,0.001593750000000001,1,1.59375,0.96875,0.09375,0.109375,0.0,0.5812500000000006,0.4109375000000002,0.11665337494916134,0.05002943419719692,0.11665337494916134,0.05002943419719692,-0.5,3.749999999999999,4.0,9.0,2,2,34,0,0,26,0,0,0,0
12000003,1.0,0.05,0.25,4.149218749999999,4.1499999999999995,0.0007812500000000005,0,0.78125,0.65625,0.15625,0.15625,0.0,0.5781250000000006,0.4250000000000002,0.23535720092987752,0.050519690981447936,0.23535720092987752,0.050519690981447936,-1.7000000000000002,5.849999999999999,5.0,15.0,0,4,30,0,0,28,1,1,0,0
12000004,1.0,0.3,0.5,-1.0682031250000086,-0.8500000000000085,0.21820312500000008,-25,218.203125,12.765625,0.453125,0.0625,0.0,0.5843750000000006,0.6031249999999994,0.9999999999999991,0.2999999993356346,0.9999999999999991,0.2999999993356346,-3.549999999999999,2.6999999999999993,28.0,5.0,0,0,0,0,0,20,0,5,39,0
12000005,1.0,0.3,0.25,0.9375312499999972,1.0499999999999972,0.11246874999999998,-16,112.46875,9.78125,0.34375,0.09375,0.0,0.5812500000000005,0.5820312499999994,0.9999999997307167,0.29999797056810396,0.9999999997307167,0.29999797056810396,-2.3499999999999996,3.3999999999999995,20.0,8.0,0,0,0,0,0,29,0,6,29,0
12000006,0.0,0.05,0.75,3.298640624999999,3.299999999999999,0.0013593750000000008,1,1.359375,0.890625,0.109375,0.125,0.0,0.5875000000000006,0.4460937500000001,0.504749558411277,0.050020621950109236,0.504749558411277,0.050020621950109236,-0.8500000000000001,4.1499999999999995,5.0,10.0,0,3,22,0,0,37,0,1,1,0
12000007,1.0,0.05,0.25,3.7996093749999997,3.8,0.00039062500000000024,0,0.390625,0.390625,0.109375,0.109375,0.0,0.5875000000000006,0.4156250000000002,0.36409077447668897,0.05001473395428596,0.36409077447668897,0.05001473395428596,-0.9000000000000001,4.7,3.0,11.0,0,4,33,0,0,26,0,0,1,0
12000008,0.0,0.05,0.5,4.746281249999998,4.749999999999998,0.003718750000000003,-1,3.71875,1.71875,0.15625,0.140625,0.0,0.5718750000000007,0.4484375000000001,0.5217096589194404,0.05028592064769984,0.5217096589194404,0.05028592064769984,-0.6000000000000001,5.35,3.0,16.0,1,2,21,2,0,36,0,1,1,0
12000009,0.0,0.3,0.75,6.448499999999999,6.449999999999999,0.001500000000000001,3,1.5,0.90625,0.21875,0.265625,0.015625,0.5777777777777782,0.41428571428571437,1.622242423369917e-07,0.2999432836668575,1.622242423369917e-07,0.2999432836668575,-2.2999999999999994,8.749999999999998,17.0,14.0,0,7,31,0,0,23,0,0,2,1
12000010,1.0,0.05,0.5,2.2369999999999983,2.2499999999999982,0.013000000000000008,-4,13.0,3.21875,0.171875,0.109375,0.0,0.5906250000000006,0.48359375000000004,0.5508193859120194,0.050537937506187104,0.5508193859120194,0.050537937506187104,-0.55,2.8,2.0,16.0,0,1,10,0,0,49,0,2,2,0
12000011,0.0,0.3,0.75,3.0058125000000016,3.1000000000000014,0.09418750000000001,16,94.1875,8.65625,0.140625,0.390625,0.0,0.5500000000000005,0.3687500000000003,1.1936086549144559e-15,0.29999999967411595,1.1936086549144559e-15,0.29999999967411595,-1.85,4.95,22.0,12.0,1,12,44,0,1,5,0,1,0,0
12000012,1.0,0.05,0.75,-0.5044687500000011,-0.45000000000000107,0.05446875000000002,-9,54.46875,6.15625,0.1875,0.046875,0.0,0.5875000000000007,0.5328124999999996,0.9206737369751505,0.050424853997705715,0.9206737369751505,0.050424853997705715,-0.8,0.34999999999999987,4.0,11.0,0,2,5,0,0,36,0,2,19,0
12000013,1.0,0.05,0.75,-0.6588593750000004,-0.6500000000000004,0.008859375000000006,-6,8.859375,2.359375,0.125,0.03125,0.0,0.5843750000000006,0.4859374999999999,0.8722131662980004,0.05001042318830878,0.8722131662980004,0.05001042318830878,-0.19999999999999996,-0.44999999999999996,1.0,9.0,0,3,9,0,0,46,0,2,4,0
12000014,1.0,0.05,0.25,7.038328125,7.05,0.011671875000000009,6,11.671875,2.734375,0.0625,0.15625,0.0,0.5562500000000004,0.3898437500000003,0.03968617917016453,0.05028378611304762,0.03968617917016453,0.05028378611304762,-0.7000000000000002,7.750000000000001,2.0,12.0,1,11,36,0,0,15,0,1,0,0
12000015,0.0,0.05,0.5,3.047515625,3.05,0.0024843750000000018,2,2.484375,1.453125,0.09375,0.125,0.0,0.5812500000000005,0.41093749999999996,0.03825208660264374,0.050197403043245256,0.03825208660264374,0.050197403043245256,-0.19999999999999996,3.249999999999999,4.0,10.0,0,4,38,0,0,18,0,2,2,0
12000016,0.0,0.05,0.25,3.2491093749999997,3.2499999999999996,0.0008906250000000001,0,0.890625,0.578125,0.109375,0.109375,0.015625,0.5841269841269846,0.42857142857142877,0.44753568855260656,0.050011030711616444,0.44753568855260656,0.050011030711616444,-0.35,3.599999999999999,2.0,12.0,0,3,29,0,0,29,0,2,0,1
12000017,1.0,0.3,0.5,0.8102968749999929,0.9999999999999929,0.18970312499999997,-20,189.703125,12.640625,0.40625,0.09375,0.0,0.5843750000000005,0.6078124999999994,0.9999999999999822,0.29999999581096953,0.9999999999999822,0.29999999581096953,-2.3,3.2999999999999994,23.0,9.0,0,0,0,0,0,18,0,5,41,0
12000018,0.0,0.3,0.25,2.1663906249999996,2.2499999999999996,0.08360937500000001,16,83.609375,7.640625,0.09375,0.34375,0.0,0.5750000000000005,0.3734375000000003,2.6756010185989746e-13,0.29999993642322126,2.6756010185989746e-13,0.29999993642322126,-1.5000000000000004,3.75,20.0,8.0,0,8,47,0,0,8,0,0,1,0
12000019,1.0,0.3,0.5,-0.03298437500000284,0.04999999999999716,0.082984375,-15,82.984375,7.609375,0.3125,0.078125,0.0,0.5812500000000006,0.5468749999999997,0.9999903150918681,0.29894305263358256,0.9999903150918681,0.29894305263358256,-3.1999999999999993,3.2500000000000004,19.0,6.0,0,2,1,0,0,38,0,4,19,0
12000020,0.0,0.3,0.25,0.3122031249999998,0.44999999999999973,0.13779687499999996,18,137.796875,10.109375,0.0625,0.34375,0.0,0.5687500000000005,0.3710937500000003,1.6986058637567675e-12,0.29999951929203145,1.6986058637567675e-12,0.29999951929203145,-1.8000000000000003,2.25,20.0,6.0,1,6,49,1,0,6,0,0,1,0
12000021,1.0,0.05,0.25,3.249249999999999,3.249999999999999,0.0007500000000000004,1,0.75,0.625,0.09375,0.109375,0.0,0.5687500000000004,0.4320312500000002,0.6250516377838247,0.05000220987578527,0.6250516377838247,0.05000220987578527,-0.44999999999999996,3.6999999999999993,1.0,12.0,2,3,27,0,0,29,0,3,0,0
12000022,1.0,0.3,0.25,4.471937500000004,4.5000000000000036,0.028062500000000004,-7,28.0625,4.84375,0.265625,0.15625,0.0,0.5937500000000007,0.5093749999999997,0.9990803723395231,0.2982103391716729,0.9990803723395231,0.2982103391716729,-2.8000000000000003,7.299999999999999,15.0,12.0,0,0,9,0,0,42,0,2,11,0
12000023,0.0,0.3,0.75,3.39890625,3.45,0.05109375000000002,11,51.09375,6.6875,0.125,0.296875,0.0,0.5718750000000005,0.3687500000000003,6.238383819674995e-10,0.2999942538252207,6.238383819674995e-10,0.2999942538252207,-1.4500000000000004,4.9,18.0,9.0,0,8,49,0,0,6,0,1,0,0
12000024,0.0,0.3,0.5,6.589484375000003,6.600000000000003,0.010515625000000004,8,10.515625,2.171875,0.1875,0.3125,0.0,0.5812500000000006,0.37343750000000037,9.478988504517778e-12,0.29999989318992903,9.478988504517778e-12,0.29999989318992903,-1.4500000000000004,8.05,18.0,14.0,1,4,49,0,0,10,0,0,0,0
12000025,1.0,0.3,0.5,1.9825624999999982,1.9999999999999982,0.017437500000000012,-10,17.4375,3.40625,0.296875,0.140625,0.0,0.5750000000000005,0.4859374999999998,0.9989396553682953,0.298550795568493,0.9989396553682953,0.298550795568493,-3.6999999999999997,5.699999999999999,17.0,11.0,1,1,15,0,0,36,1,3,7,0
12000026,0.0,0.3,0.75,6.944109375000001,6.950000000000001,0.0058906250000000035,5,5.890625,1.921875,0.203125,0.28125,0.015625,0.5777777777777783,0.36904761904761935,1.0991141707199705e-10,0.29999874952858396,1.0991141707199705e-10,0.29999874952858396,-1.0500000000000003,8.0,16.0,15.0,0,7,48,0,0,8,0,0,0,1
12000027,0.0,0.05,0.25,-0.31754687499999995,-0.29999999999999993,0.01754687500000001,7,17.546875,3.546875,0.015625,0.125,0.0,0.5750000000000005,0.3898437500000004,0.029203994507842727,0.05002417842736238,0.029203994507842727,0.05002417842736238,-0.45,0.15000000000000008,3.0,6.0,0,7,41,0,0,15,0,1,0,0
12000028,0.0,0.05,0.25,3.598828124999999,3.5999999999999988,0.0011718750000000008,1,1.171875,0.953125,0.109375,0.125,0.0,0.5875000000000006,0.42968750000000017,0.10801571907011505,0.050117125893569474,0.10801571907011505,0.050117125893569474,-0.55,4.1499999999999995,5.0,10.0,0,3,28,0,0,32,0,1,0,0
12000029,1.0,0.05,0.5,1.536218749999998,1.549999999999998,0.01378125000000001,-6,13.78125,3.28125,0.21875,0.125,0.0,0.5687500000000005,0.4999999999999999,0.5624825559399063,0.057027622453342745,0.5624825559399063,0.057027622453342745,-0.19999999999999996,1.7500000000000004,1.0,21.0,0,5,5,1,0,43,0,3,7,0
12000030,0.0,0.05,0.25,3.1981874999999995,3.1999999999999997,0.0018125000000000012,2,1.8125,1.0,0.09375,0.125,0.03125,0.5903225806451619,0.4056451612903229,0.05400435961349283,0.050321628722269765,0.05400435961349283,0.050321628722269765,-0.19999999999999996,3.3999999999999995,4.0,10.0,0,3,36,0,0,23,0,0,0,2
12000031,1.0,0.05,0.5,2.8484374999999997,2.8499999999999996,0.0015625000000000007,0,1.5625,0.90625,0.09375,0.09375,0.0,0.5781250000000007,0.46718750000000003,0.7075434931772814,0.05000320889429708,0.7075434931772814,0.05000320889429708,-0.19999999999999996,3.05,1.0,11.0,0,3,16,0,0,40,1,2,2,0
12000032,1.0,0.05,0.25,2.498718749999999,2.499999999999999,0.001281250000000001,-2,1.28125,0.9375,0.125,0.09375,0.015625,0.5873015873015879,0.45000000000000007,0.5600162889415043,0.05002639850361424,0.5600162889415043,0.05002639850361424,-1.1,3.5999999999999996,4.0,10.0,0,3,20,0,0,38,0,1,1,1
12000033,1.0,0.3,0.5,1.556515624999995,1.649999999999995,0.093484375,-17,93.484375,8.484375,0.375,0.109375,0.0,0.5843750000000005,0.5773437499999995,0.9999999999917306,0.29999993512711853,0.9999999999917306,0.29999993512711853,-2.549999999999999,4.2,20.0,11.0,1,0,0,0,0,29,0,3,31,0
12000034,0.0,0.05,0.75,3.294171875,3.3,0.005828125000000004,0,5.828125,2.109375,0.109375,0.109375,0.0,0.5750000000000004,0.41328125000000016,0.21785371923319094,0.05001522940640749,0.21785371923319094,0.05001522940640749,-0.6499999999999999,3.9499999999999997,5.0,9.0,0,6,33,0,0,23,0,2,0,0
12000035,1.0,0.3,0.5,1.281031249999995,1.399999999999995,0.11896874999999998,-19,118.96875,9.78125,0.390625,0.09375,0.0,0.5906250000000006,0.5914062499999994,0.9999999999999674,0.29999999493786966,0.9999999999999674,0.29999999493786966,-2.5999999999999988,3.9999999999999996,24.0,7.0,0,0,0,0,0,25,0,3,36,0
12000036,0.0,0.05,0.5,2.8995156249999994,2.8999999999999995,0.0004843750000000003,-1,0.484375,0.484375,0.09375,0.078125,0.0,0.5875000000000007,0.44375,0.6591957103050183,0.05000143900838142,0.6591957103050183,0.05000143900838142,-0.6000000000000001,3.499999999999999,3.0,8.0,0,4,21,0,0,38,0,0,1,0
12000037,1.0,0.05,0.5,1.9421718749999992,1.9499999999999993,0.007828125000000005,-4,7.828125,2.453125,0.15625,0.09375,0.015625,0.5777777777777782,0.5023809523809522,0.38125104077638305,0.0500674455072831,0.38125104077638305,0.0500674455072831,-0.3999999999999999,2.35,2.0,14.0,0,2,7,0,0,44,0,5,5,1
12000038,0.0,0.05,0.5,3.192796874999999,3.1999999999999993,0.007203125000000004,2,7.203125,2.140625,0.109375,0.140625,0.0,0.5718750000000006,0.40156250000000043,0.03499356615559154,0.05068457480623015,0.03499356615559154,0.05068457480623015,-0.35,3.549999999999999,4.0,12.0,1,7,34,0,0,22,0,0,0,0
12000039,1.0,0.05,0.75,3.097343749999998,3.099999999999998,0.002656250000000002,-2,2.65625,1.375,0.140625,0.109375,0.015625,0.5809523809523814,0.4690476190476191,0.40920611774013355,0.05007706107770266,0.40920611774013355,0.05007706107770266,0.0,3.0999999999999996,0.0,16.0,0,4,11,0,1,45,0,1,1,1
12000040,1.0,0.05,0.5,2.6908749999999992,2.6999999999999993,0.009125000000000006,-4,9.125,2.71875,0.1875,0.125,0.0,0.5812500000000006,0.4859374999999999,0.6548135723823968,0.05358612971155223,0.6548135723823968,0.05358612971155223,-0.8499999999999999,3.549999999999999,3.0,17.0,1,3,10,0,1,41,0,0,8,0
12000041,1.0,0.3,0.25,2.120859374999993,2.249999999999993,0.12914062499999998,-17,129.140625,9.953125,0.390625,0.125,0.0,0.5843750000000005,0.5749999999999995,0.9999999999914955,0.2999999773489621,0.9999999999914955,0.2999999773489621,-3.1499999999999977,5.4,24.0,9.0,0,0,0,1,0,31,0,3,29,0
12000042,1.0,0.3,0.75,-0.8905937500000036,-0.7500000000000036,0.14059375000000002,-19,140.59375,10.5,0.34375,0.046875,0.0,0.5968750000000007,0.5890624999999994,0.9999999997482174,0.29999289818699965,0.9999999997482174,0.29999289818699965,-1.7000000000000002,0.95,17.0,8.0,0,0,0,0,0,26,0,1,37,0
12000043,1.0,0.3,0.75,-2.0366718750000055,-1.9000000000000057,0.13667187499999997,-18,136.671875,10.578125,0.28125,0.0,0.0,0.5843750000000005,0.5890624999999994,0.9999999829225017,0.2994096426789097,0.9999999829225017,0.2994096426789097,-1.9000000000000001,0.0,18.0,0.0,0,0,0,0,0,26,0,5,33,0
12000044,0.0,0.05,0.25,4.646609374999998,4.649999999999998,0.003390625000000002,-1,3.390625,1.484375,0.15625,0.140625,0.0,0.5718750000000006,0.45312500000000017,0.25315751398444125,0.050304688489795364,0.25315751398444125,0.050304688489795364,-0.2,4.849999999999999,1.0,18.0,1,3,20,0,1,35,0,3,1,0
12000045,0.0,0.05,0.5,4.397296874999999,4.3999999999999995,0.0027031250000000015,-1,2.703125,1.234375,0.125,0.109375,0.015625,0.5936507936507943,0.44761904761904775,0.2725778629115916,0.0500398914658647,0.2725778629115916,0.0500398914658647,-0.5,4.899999999999999,4.0,11.0,0,2,21,0,0,39,0,0,1,1
12000046,0.0,0.05,0.5,4.447296874999999,4.449999999999999,0.0027031250000000015,-1,2.703125,1.390625,0.140625,0.125,0.0,0.5687500000000004,0.46015625000000016,0.6672105830190156,0.05012332371858198,0.6672105830190156,0.05012332371858198,-0.2,4.6499999999999995,1.0,16.0,1,2,18,1,0,38,0,4,0,0
12000047,0.0,0.3,0.5,4.823468750000002,4.850000000000001,0.026531250000000013,9,26.53125,4.46875,0.15625,0.296875,0.0,0.5781250000000007,0.3617187500000003,4.2089058802705975e-10,0.299997603816958,4.2089058802705975e-10,0.299997603816958,-1.6000000000000005,6.450000000000001,18.0,11.0,1,5,53,0,0,5,0,0,0,0
12000048,0.0,0.3,0.75,7.412890624999999,7.449999999999999,0.03710937500000001,7,37.109375,5.828125,0.234375,0.34375,0.0,0.5687500000000004,0.3593750000000003,6.461428052576717e-14,0.2999999970949714,6.461428052576717e-14,0.2999999970949714,-1.8000000000000005,9.25,20.0,17.0,0,10,50,0,0,4,0,0,0,0
12000049,1.0,0.3,0.75,-0.3120781250000028,-0.20000000000000284,0.11207812499999999,-19,112.078125,9.203125,0.359375,0.0625,0.0,0.5968750000000007,0.5749999999999995,0.9999999998871294,0.2999980500226927,0.9999999998871294,0.2999980500226927,-2.05,1.8499999999999999,17.0,10.0,0,0,0,0,0,32,0,1,31,0
12000050,1.0,0.3,0.5,1.1361874999999928,1.249999999999993,0.11381250000000001,-17,113.8125,9.0625,0.375,0.109375,0.0,0.5906250000000006,0.5656249999999994,0.999999999013158,0.299999245444659,0.999999999013158,0.299999245444659,-3.4499999999999993,4.699999999999999,23.0,8.0,0,0,1,0,0,34,0,3,26,0
12000051,0.0,0.05,0.25,0.6214218749999997,0.6499999999999997,0.028578124999999996,7,28.578125,5.109375,0.046875,0.15625,0.03125,0.5645161290322586,0.3741935483870971,0.01657386848928625,0.05079827105592104,0.01657386848928625,0.05079827105592104,-0.3499999999999999,0.9999999999999997,5.0,8.0,2,7,43,0,0,10,0,0,0,2
12000052,1.0,0.05,0.75,-0.4425781250000004,-0.40000000000000036,0.04257812500000002,-11,42.578125,5.765625,0.21875,0.046875,0.0,0.5687500000000004,0.5374999999999998,0.9603080654575495,0.0572798076768933,0.9603080654575495,0.0572798076768933,-0.8499999999999999,0.4500000000000004,6.0,11.0,1,0,4,0,0,38,0,8,13,0
12000053,1.0,0.05,0.5,3.0493281249999997,3.05,0.0006718750000000004,2,0.671875,0.609375,0.0625,0.09375,0.0,0.5718750000000006,0.42734375,0.4993328161334026,0.050000284731649046,0.4993328161334026,0.050000284731649046,-0.3500000000000001,3.3999999999999995,1.0,9.0,1,5,28,0,0,27,0,2,1,0
12000054,0.0,0.05,0.5,2.995171875,3.0,0.0048281250000000026,2,4.828125,1.828125,0.109375,0.140625,0.015625,0.5650793650793654,0.4071428571428573,0.046656435535301195,0.05069296676995123,0.046656435535301195,0.05069296676995123,-0.5499999999999999,3.55,6.0,10.0,1,9,29,0,0,24,0,0,0,1
12000055,0.0,0.3,0.75,8.119171875000001,8.15,0.030828124999999994,4,30.828125,5.265625,0.234375,0.296875,0.0,0.5750000000000006,0.36171875000000026,4.637037230046857e-13,0.299999933901333,4.637037230046857e-13,0.299999933901333,-1.2000000000000006,9.350000000000001,18.0,16.0,1,6,52,0,0,5,0,0,0,0
12000056,1.0,0.3,0.25,2.5275624999999984,2.6499999999999986,0.1224375,-16,122.4375,10.0,0.390625,0.140625,0.015625,0.5841269841269846,0.5690476190476186,0.9999999999254805,0.29999996754400526,0.9999999999254805,0.29999996754400526,-3.6999999999999993,6.35,25.0,9.0,0,0,0,0,0,34,0,5,24,1
12000057,0.0,0.05,0.75,7.49059375,7.5,0.009406250000000005,-4,9.40625,2.5,0.1875,0.125,0.0,0.5843750000000006,0.49531249999999966,0.02793151817029215,0.050548303423054504,0.02793151817029215,0.050548303423054504,-0.9000000000000001,8.4,6.0,14.0,0,2,13,0,0,36,0,3,10,0
12000058,1.0,0.05,0.75,-0.5788437500000008,-0.5500000000000007,0.02884375000000001,-8,28.84375,4.875,0.15625,0.03125,0.0,0.5750000000000006,0.5304687499999998,0.9123028134360769,0.05005639440594816,0.9123028134360769,0.05005639440594816,-0.44999999999999996,-0.09999999999999987,3.0,9.0,0,0,1,1,0,48,1,4,9,0
12000059,0.0,0.3,0.25,0.11806249999999974,0.24999999999999972,0.13193749999999999,17,131.9375,10.5625,0.046875,0.3125,0.0,0.5687500000000004,0.3640625000000003,8.414292069002593e-12,0.29999700216134423,8.414292069002593e-12,0.29999700216134423,-1.2500000000000004,1.5,17.0,6.0,0,10,48,0,0,6,0,0,0,0
12000060,0.0,0.05,0.25,2.0415468750000003,2.0500000000000003,0.008453125000000004,5,8.453125,2.328125,0.078125,0.15625,0.0,0.5625000000000006,0.3898437500000004,0.0904579313773434,0.05033867971514181,0.0904579313773434,0.05033867971514181,-0.14999999999999997,2.2,1.0,14.0,2,7,39,0,0,15,0,1,0,0
12000061,1.0,0.05,0.5,-0.01640625000000001,0.0,0.01640625000000001,-6,16.40625,3.46875,0.140625,0.046875,0.015625,0.5936507936507943,0.4999999999999998,0.7714752857850189,0.050032279599481436,0.7714752857850189,0.050032279599481436,-0.55,0.55,2.0,10.0,0,1,10,0,0,41,0,1,10,1
12000062,1.0,0.05,0.25,0.6459843749999995,0.6499999999999995,0.004015625000000003,-3,4.015625,1.765625,0.09375,0.046875,0.0,0.5875000000000006,0.46015625000000016,0.5386222046505053,0.05000099526021756,0.5386222046505053,0.05000099526021756,-0.55,1.2,2.0,7.0,0,3,16,0,1,42,0,0,2,0
12000063,0.0,0.3,0.5,2.560578125,2.6,0.039421875,11,39.421875,5.265625,0.09375,0.265625,0.0,0.5812500000000006,0.36640625000000027,3.2135283229624962e-09,0.29993230042749564,3.2135283229624962e-09,0.29993230042749564,-1.0000000000000002,3.6,15.0,8.0,0,6,51,0,0,7,0,0,0,0
12000064,1.0,0.05,0.25,2.8469531249999998,2.8499999999999996,0.003046875000000002,-1,3.046875,1.359375,0.109375,0.09375,0.0,0.5812500000000006,0.4531250000000002,0.796289801486695,0.05001293267372328,0.796289801486695,0.05001293267372328,-1.0,3.8499999999999996,4.0,9.0,1,4,17,0,0,40,0,0,2,0
12000065,1.0,0.05,0.25,3.8979062499999997,3.8999999999999995,0.002093750000000001,1,2.09375,1.125,0.09375,0.109375,0.0,0.5562500000000005,0.4437500000000003,0.4888216346797106,0.05000567651048373,0.4888216346797106,0.05000567651048373,-0.55,4.449999999999999,2.0,11.0,4,5,16,0,0,38,0,1,0,0
12000066,1.0,0.05,0.75,-0.07098437499999984,-0.04999999999999982,0.02098437500000001,-7,20.984375,3.890625,0.15625,0.046875,0.0,0.5906250000000006,0.5234374999999998,0.9173619540893405,0.050132039215436235,0.9173619540893405,0.050132039215436235,-0.8499999999999999,0.7999999999999999,5.0,8.0,0,0,4,1,0,45,0,1,13,0
12000067,0.0,0.05,0.25,0.8925156249999999,0.8999999999999999,0.007484375000000005,6,7.484375,2.171875,0.0625,0.15625,0.0,0.5656250000000004,0.40390625000000036,0.05109048645186412,0.05019374965891724,0.05109048645186412,0.05019374965891724,-0.5,1.4,4.0,10.0,1,8,33,0,0,21,0,1,0,0
12000068,0.0,0.05,0.5,7.793781249999997,7.799999999999997,0.006218750000000005,-4,6.21875,2.125,0.21875,0.15625,0.0,0.5687500000000004,0.4531250000000001,0.27347663562224445,0.06800804682191754,0.27347663562224445,0.06800804682191754,-1.05,8.85,6.0,18.0,1,3,22,0,2,30,0,3,3,0
12000069,1.0,0.05,0.5,4.69559375,4.699999999999999,0.004406250000000001,-2,4.40625,1.625,0.1875,0.15625,0.0,0.5875000000000006,0.4484374999999998,0.25044694104981674,0.054611152298608176,0.25044694104981674,0.054611152298608176,-0.8499999999999999,5.549999999999999,3.0,19.0,0,3,23,0,0,34,0,1,3,0
12000070,1.0,0.05,0.75,-2.010140625000001,-1.950000000000001,0.060140625000000024,-13,60.140625,6.984375,0.234375,0.03125,0.0,0.5843750000000006,0.5515624999999996,0.9897172441748616,0.06019781471761255,0.9897172441748616,0.06019781471761255,-0.5,-1.4499999999999997,4.0,13.0,0,1,0,1,0,39,0,2,21,0
12000071,1.0,0.05,0.25,3.098734375,3.0999999999999996,0.001265625000000001,2,1.265625,0.921875,0.046875,0.078125,0.0,0.5937500000000007,0.41562500000000013,0.5233687531506612,0.0500001108790526,0.5233687531506612,0.0500001108790526,-0.3500000000000001,3.4499999999999993,1.0,7.0,0,2,34,0,0,28,0,0,0,0
12000072,0.0,0.05,0.75,7.384140624999999,7.399999999999999,0.01585937500000001,-4,15.859375,3.140625,0.203125,0.140625,0.0,0.5812500000000005,0.47890624999999976,0.1452021818718116,0.05157048349541088,0.1452021818718116,0.05157048349541088,-0.65,8.05,4.0,18.0,0,2,19,0,0,31,1,2,9,0
12000073,1.0,0.05,0.25,2.3490624999999996,2.3499999999999996,0.0009375000000000004,0,0.9375,0.6875,0.078125,0.078125,0.015625,0.5841269841269847,0.4452380952380953,0.7808148833912462,0.05000111576029255,0.7808148833912462,0.05000111576029255,-0.19999999999999996,2.55,1.0,9.0,1,1,23,0,1,35,0,1,1,1
12000074,1.0,0.05,0.25,0.74565625,0.75,0.004343750000000003,-4,4.34375,1.65625,0.125,0.0625,0.0,0.5562500000000005,0.471875,0.5997594343978263,0.050008807789027526,0.5997594343978263,0.050008807789027526,-1.25,2.0,4.0,8.0,3,4,12,0,0,38,0,4,3,0
12000075,1.0,0.3,0.75,0.2609531249999957,0.44999999999999574,0.18904687500000003,-19,189.046875,12.859375,0.359375,0.0625,0.0,0.5906250000000006,0.6124999999999994,0.9999999999949036,0.29999958398180726,0.9999999999949036,0.29999958398180726,-1.7500000000000002,2.2,18.0,9.0,0,0,0,0,0,16,0,3,45,0
12000076,0.0,0.05,0.5,2.598546875,2.5999999999999996,0.0014531250000000009,1,1.453125,0.921875,0.09375,0.109375,0.0,0.5718750000000005,0.4226562500000005,0.15442952383834652,0.050016008024952936,0.15442952383834652,0.050016008024952936,-0.7,3.3,5.0,8.0,0,9,25,0,0,29,0,0,1,0
12000077,1.0,0.05,0.75,0.4907656249999991,0.4999999999999991,0.009234375000000006,-6,9.234375,2.390625,0.171875,0.078125,0.0,0.5593750000000004,0.49296874999999973,0.5022130949601517,0.05009851522488652,0.5022130949601517,0.05009851522488652,-0.75,1.2500000000000004,3.0,13.0,1,4,9,0,0,39,1,5,5,0
12000078,0.0,0.3,0.5,3.6140624999999997,3.65,0.03593750000000001,9,35.9375,5.375,0.140625,0.28125,0.0,0.5625000000000004,0.37109375000000033,1.1707045151035045e-07,0.2999240757069511,1.1707045151035045e-07,0.2999240757069511,-1.75,5.3999999999999995,17.0,10.0,1,10,44,0,0,9,0,0,0,0
12000079,0.0,0.05,0.75,4.696000000000001,4.7,0.004000000000000003,-2,4.0,1.71875,0.140625,0.109375,0.0,0.5750000000000005,0.44140625000000033,0.11766786182915766,0.05004672617585162,0.11766786182915766,0.05004672617585162,-0.35,5.05,4.0,12.0,1,5,23,0,0,31,0,1,3,0
12000080,1.0,0.05,0.25,3.8459062499999987,3.8499999999999988,0.004093750000000002,-2,4.09375,1.65625,0.15625,0.125,0.0,0.5906250000000006,0.45078125000000024,0.20191593855791623,0.050277829718559035,0.20191593855791623,0.050277829718559035,-1.75,5.6,6.0,12.0,0,2,22,0,0,37,0,1,2,0
12000081,1.0,0.05,0.75,0.9773125,1.0,0.022687500000000013,-8,22.6875,4.0625,0.203125,0.078125,0.0,0.5937500000000007,0.5257812499999998,0.8451410925379247,0.05518541325398008,0.8451410925379247,0.05518541325398008,-0.7999999999999998,1.8000000000000003,4.0,14.0,0,0,2,0,0,49,0,2,11,0
12000082,0.0,0.3,0.25,-0.5375625000000005,-0.4000000000000006,0.13756249999999995,19,137.5625,10.84375,0.046875,0.34375,0.0,0.5718750000000005,0.36406250000000023,4.426273924772223e-12,0.2999988768223491,4.426273924772223e-12,0.2999988768223491,-2.000000000000001,1.5999999999999999,20.0,5.0,2,5,51,0,0,6,0,0,0,0
12000083,0.0,0.05,0.25,2.699031249999999,2.6999999999999993,0.0009687500000000002,-1,0.96875,0.59375,0.078125,0.0625,0.046875,0.58688524590164,0.45327868852459,0.5763855240947066,0.0500012808051411,0.5763855240947066,0.0500012808051411,-0.65,3.3499999999999996,2.0,7.0,0,3,18,0,0,38,0,1,1,3
12000084,1.0,0.3,0.5,1.1423593749999965,1.2499999999999964,0.107640625,-16,107.640625,8.640625,0.359375,0.109375,0.0,0.5875000000000006,0.5749999999999994,0.9999999995637382,0.2999989164183242,0.9999999995637382,0.2999989164183242,-2.5999999999999996,3.8499999999999996,20.0,10.0,0,0,2,0,0,28,0,4,30,0
12000085,0.0,0.05,0.5,0.8387812499999998,0.8499999999999999,0.011218750000000008,5,11.21875,2.875,0.046875,0.125,0.0,0.5875000000000006,0.3710937500000003,0.05629516725439803,0.05002415679620975,0.05629516725439803,0.05002415679620975,-0.35,1.2,4.0,7.0,0,4,51,0,0,9,0,0,0,0
12000086,1.0,0.05,0.5,3.244531249999999,3.249999999999999,0.005468750000000003,-2,5.46875,1.9375,0.140625,0.109375,0.0,0.5906250000000006,0.4625,0.7835852762619347,0.05031333952886832,0.7835852762619347,0.05031333952886832,-0.9500000000000002,4.2,4.0,12.0,0,1,20,0,0,38,0,2,3,0
12000087,0.0,0.05,0.75,2.3493749999999993,2.349999999999999,0.0006250000000000002,1,0.625,0.53125,0.078125,0.09375,0.015625,0.590476190476191,0.4500000000000001,0.5922341129904598,0.05000139972733141,0.5922341129904598,0.05000139972733141,-0.6000000000000001,2.9499999999999997,3.0,8.0,0,1,20,1,0,41,0,0,0,1
12000088,0.0,0.3,0.25,4.437421875,4.45,0.012578125000000002,9,12.578125,2.828125,0.15625,0.296875,0.0,0.5906250000000006,0.3781250000000004,4.035744620009201e-08,0.29998250023425116,4.035744620009201e-08,0.29998250023425116,-1.6000000000000003,6.049999999999999,14.0,15.0,0,3,49,0,0,12,0,0,0,0
12000089,0.0,0.3,0.5,3.6711875000000007,3.7000000000000006,0.028812500000000008,9,28.8125,4.5,0.125,0.265625,0.0,0.5781250000000006,0.3757812500000003,3.9540220351642683e-08,0.29990004663296305,3.9540220351642683e-08,0.29990004663296305,-1.4500000000000006,5.15,17.0,8.0,1,5,47,0,0,11,0,0,0,0
12000090,1.0,0.05,0.75,0.03870312499999981,0.04999999999999982,0.011296875000000008,-5,11.296875,2.921875,0.109375,0.03125,0.0,0.5812500000000005,0.4999999999999998,0.7079275347825111,0.05000208284336262,0.7079275347825111,0.05000208284336262,-0.19999999999999996,0.2500000000000002,1.0,8.0,0,3,7,0,0,44,0,3,7,0
12000091,1.0,0.3,0.75,-2.3404375000000037,-2.2500000000000036,0.0904375,-18,90.4375,8.0625,0.296875,0.015625,0.0,0.5937500000000007,0.5539062499999995,0.999997573393163,0.2959886326239143,0.999997573393163,0.2959886326239143,-2.0999999999999996,-0.1499999999999999,15.0,5.0,0,0,4,0,0,33,0,2,25,0
12000092,0.0,0.3,0.5,3.6596406249999998,3.6999999999999997,0.04035937500000002,8,40.359375,5.953125,0.125,0.25,0.015625,0.5650793650793654,0.36666666666666686,3.095696734898787e-07,0.2995942049495005,3.095696734898787e-07,0.2995942049495005,-1.4000000000000004,5.1,16.0,8.0,2,6,49,0,0,5,0,1,0,1
12000093,1.0,0.05,0.75,-2.1370156250000014,-2.1000000000000014,0.037015625000000024,-10,37.015625,5.140625,0.171875,0.015625,0.0,0.5750000000000004,0.5398437499999996,0.9211866690307154,0.05003385956075674,0.9211866690307154,0.05003385956075674,-0.55,-1.55,2.0,10.0,0,1,5,0,0,35,0,7,16,0
12000094,0.0,0.05,0.5,4.798265625,4.8,0.0017343750000000007,1,1.734375,1.015625,0.140625,0.15625,0.0,0.5875000000000006,0.4320312500000003,0.11325009684820668,0.05230776584418056,0.11325009684820668,0.05230776584418056,-0.39999999999999997,5.199999999999999,5.0,14.0,0,3,28,0,0,31,0,1,1,0
12000095,1.0,0.3,0.5,0.9830000000000007,1.0500000000000007,0.06700000000000003,-12,67.0,7.4375,0.28125,0.09375,0.0,0.5843750000000005,0.5632812499999995,0.9998114805904703,0.29347943289456047,0.9998114805904703,0.29347943289456047,-2.6499999999999995,3.6999999999999997,16.0,8.0,0,0,1,0,0,35,0,5,23,0
12000096,0.0,0.3,0.5,2.1437656250000003,2.2,0.056234375000000024,13,56.234375,6.484375,0.09375,0.296875,0.0,0.5750000000000006,0.36171875000000026,4.0734878793938027e-10,0.2999894529878965,4.0734878793938027e-10,0.2999894529878965,-1.35,3.55,18.0,7.0,0,8,51,0,0,5,0,0,0,0
12000097,1.0,0.05,0.75,-0.41071875000000035,-0.40000000000000036,0.010718750000000008,-6,10.71875,2.59375,0.140625,0.046875,0.015625,0.5936507936507943,0.4809523809523808,0.6539777909550585,0.05001311447641009,0.6539777909550585,0.05001311447641009,-0.3999999999999999,-2.220446049250313e-16,2.0,10.0,0,1,13,0,0,43,0,1,5,1
12000098,1.0,0.3,0.75,0.4122656249999943,0.5999999999999943,0.18773437499999998,-22,187.734375,12.265625,0.4375,0.09375,0.015625,0.5936507936507943,0.6023809523809518,0.9999999999999802,0.29999999840545094,0.9999999999999802,0.29999999840545094,-2.9999999999999982,3.5999999999999996,25.0,9.0,0,0,0,0,0,20,0,2,41,1
12000099,0.0,0.05,0.25,1.8417656249999999,1.8499999999999999,0.008234375000000004,5,8.234375,2.296875,0.078125,0.15625,0.0,0.5750000000000004,0.39687500000000053,0.1297462554711864,0.050193171271648775,0.1297462554711864,0.050193171271648775,-0.6499999999999999,2.5,5.0,10.0,1,6,37,0,0,20,0,0,0,0
12000100,1.0,0.3,0.25,1.8624687499999992,1.9499999999999993,0.08753124999999999,-16,87.53125,8.15625,0.40625,0.15625,0.0,0.5843750000000005,0.5539062499999995,0.9999999977195424,0.29999981092274297,0.9999999977195424,0.29999981092274297,-4.049999999999999,5.999999999999998,23.0,13.0,0,1,6,1,0,26,0,2,28,0
12000101,1.0,0.05,0.75,-0.7944843749999982,-0.7499999999999982,0.044484375000000013,-10,44.484375,5.765625,0.203125,0.046875,0.0,0.5843750000000005,0.5445312499999996,0.8938640107491443,0.05059683078648178,0.8938640107491443,0.05059683078648178,-0.34999999999999987,-0.3999999999999999,2.0,14.0,0,0,5,0,0,35,1,3,20,0
12000102,1.0,0.05,0.25,4.398640625,4.3999999999999995,0.001359375000000001,2,1.359375,0.953125,0.09375,0.125,0.0,0.5625000000000004,0.42265625000000023,0.5971781594092369,0.0500051695942155,0.5971781594092369,0.0500051695942155,-0.6499999999999999,5.05,2.0,12.0,0,10,25,0,0,27,0,2,0,0
12000103,1.0,0.05,0.75,0.39453124999999944,0.39999999999999947,0.005468750000000004,-5,5.46875,1.90625,0.125,0.046875,0.0,0.5875000000000006,0.49062499999999987,0.6355114947860507,0.05000691151972243,0.6355114947860507,0.05000691151972243,-0.19999999999999996,0.6000000000000003,1.0,10.0,0,2,9,0,0,46,0,2,5,0
12000104,1.0,0.3,0.25,3.0266249999999952,3.0499999999999954,0.023374999999999993,-9,23.375,3.375,0.28125,0.140625,0.0,0.5843750000000005,0.4859374999999995,0.9999166653879373,0.2993795055457769,0.9999166653879373,0.2993795055457769,-3.4000000000000004,6.450000000000001,17.0,10.0,1,2,21,0,0,22,0,1,17,0
12000105,0.0,0.05,0.25,2.848375,2.85,0.001625000000000001,1,1.625,1.09375,0.078125,0.09375,0.0,0.5843750000000006,0.4320312500000003,0.35938955172446607,0.05000288010189162,0.35938955172446607,0.05000288010189162,-0.55,3.4,3.0,8.0,0,2,29,0,0,31,1,1,0,0
12000106,0.0,0.05,0.5,3.5991874999999998,3.5999999999999996,0.0008125000000000005,1,0.8125,0.78125,0.109375,0.125,0.0,0.5750000000000005,0.4414062500000002,0.20377424331688918,0.050080144548994655,0.20377424331688918,0.050080144548994655,-0.8500000000000001,4.449999999999999,6.0,9.0,1,4,21,0,1,36,0,1,0,0
12000107,0.0,0.3,0.25,0.5493281249999993,0.6499999999999992,0.10067187500000002,21,100.671875,8.328125,0.0625,0.390625,0.0,0.5843750000000005,0.3593750000000003,3.0764864157374637e-16,0.2999999982777172,3.0764864157374637e-16,0.2999999982777172,-1.35,1.9999999999999998,20.0,9.0,0,5,55,0,0,4,0,0,0,0
12000108,0.0,0.05,0.75,6.794281249999999,6.799999999999999,0.005718750000000003,-4,5.71875,2.0,0.171875,0.109375,0.0,0.5781250000000004,0.4765624999999999,0.21170448369136724,0.0503021773611743,0.21170448369136724,0.0503021773611743,-0.5,7.299999999999999,4.0,14.0,0,3,15,0,1,37,1,1,6,0
12000109,0.0,0.3,0.5,1.702921875,1.7999999999999998,0.09707812499999996,16,97.078125,9.265625,0.09375,0.34375,0.0,0.5750000000000004,0.35703125000000024,1.1160077416202461e-12,0.2999998107296988,1.1160077416202461e-12,0.2999998107296988,-1.6500000000000004,3.4499999999999997,21.0,7.0,1,6,54,0,0,3,0,0,0,0
12000110,1.0,0.3,0.75,-0.9421250000000037,-0.7500000000000036,0.19212500000000005,-24,192.125,11.875,0.421875,0.046875,0.0,0.5875000000000007,0.5890624999999994,0.9999999999999986,0.2999999980030822,0.9999999999999986,0.2999999980030822,-2.6999999999999993,1.9500000000000002,25.0,5.0,0,1,0,0,0,24,1,1,37,0
12000111,0.0,0.3,0.75,3.459000000000001,3.500000000000001,0.041,10,41.0,5.84375,0.125,0.28125,0.0,0.5593750000000005,0.36171875000000026,6.456962704871744e-10,0.2999895273866093,6.456962704871744e-10,0.2999895273866093,-1.3000000000000005,4.800000000000001,18.0,8.0,3,7,49,0,0,5,0,0,0,0
12000112,1.0,0.05,0.75,0.6243437500000011,0.7000000000000011,0.07565624999999998,-10,75.65625,8.03125,0.234375,0.078125,0.0,0.5812500000000006,0.5749999999999995,0.9810410848497427,0.09987421605562169,0.9810410848497427,0.09987421605562169,-1.3499999999999999,2.05,7.0,13.0,0,1,0,0,1,29,0,4,29,0
12000113,0.0,0.3,0.75,7.536718749999997,7.549999999999997,0.013281250000000008,2,13.28125,3.3125,0.265625,0.296875,0.0,0.5468750000000002,0.38750000000000023,3.551531699945629e-07,0.29998990296760086,3.551531699945629e-07,0.29998990296760086,-3.1500000000000004,10.700000000000003,19.0,17.0,2,11,37,0,0,12,0,2,0,0
12000114,1.0,0.05,0.75,-0.9263124999999961,-0.8499999999999961,0.07631250000000002,-12,76.3125,7.9375,0.234375,0.046875,0.0,0.5937500000000007,0.5539062499999996,0.9312685951300296,0.05570647931835889,0.9312685951300296,0.05570647931835889,-0.7999999999999998,-0.0499999999999996,4.0,14.0,0,0,1,0,1,38,0,1,23,0
12000115,0.0,0.3,0.25,0.16979687499999976,0.29999999999999977,0.130203125,21,130.203125,9.546875,0.046875,0.375,0.0,0.5812500000000006,0.3640625000000003,3.177899800134574e-16,0.29999999655343085,3.177899800134574e-16,0.29999999655343085,-1.6000000000000003,1.8999999999999997,23.0,4.0,0,6,52,0,0,6,0,0,0,0
12000116,0.0,0.3,0.5,3.2535156250000012,3.300000000000001,0.04648437500000001,12,46.484375,5.421875,0.125,0.3125,0.0,0.5625000000000004,0.37109375000000033,9.298539776943387e-10,0.29999608146118495,9.298539776943387e-10,0.29999608146118495,-1.6,4.9,18.0,10.0,1,9,46,0,0,7,0,1,0,0
12000117,0.0,0.3,0.5,2.568250000000002,2.650000000000002,0.08175000000000003,17,81.75,7.875,0.109375,0.375,0.0,0.5687500000000004,0.3593750000000003,1.7770951377634696e-16,0.29999999935056176,1.7770951377634696e-16,0.29999999935056176,-1.5500000000000007,4.2,23.0,8.0,1,8,51,0,0,4,0,0,0,0
12000118,1.0,0.3,0.5,0.4674687499999943,0.5999999999999943,0.13253125,-17,132.53125,10.125,0.34375,0.078125,0.0,0.5875000000000006,0.5890624999999994,0.9999999999724107,0.29999889630256743,0.9999999999724107,0.29999889630256743,-2.1999999999999993,2.8,20.0,7.0,0,0,0,0,0,26,0,4,34,0
12000119,1.0,0.05,0.25,2.8489374999999986,2.8499999999999988,0.0010625000000000005,-2,1.0625,0.78125,0.140625,0.109375,0.015625,0.5809523809523817,0.43809523809523804,0.8106782379433234,0.050268303802684225,0.8106782379433234,0.050268303802684225,-1.0500000000000003,3.8999999999999995,3.0,13.0,0,2,26,0,0,33,2,0,0,1
12000120,1.0,0.05,0.25,4.096203124999999,4.099999999999999,0.0037968750000000025,0,3.796875,1.765625,0.125,0.125,0.0,0.5593750000000004,0.45781250000000007,0.5179002058785033,0.050048137123358816,0.5179002058785033,0.050048137123358816,-1.1,5.2,4.0,12.0,2,6,13,0,0,40,0,3,0,0
12000121,0.0,0.05,0.75,7.744734374999998,7.749999999999998,0.005265625000000004,-3,5.265625,1.984375,0.203125,0.15625,0.0,0.5906250000000006,0.4671875,0.035783964747250076,0.05908552866969616,0.035783964747250076,0.05908552866969616,-1.4000000000000001,9.149999999999999,7.0,16.0,0,3,14,0,0,44,0,0,3,0
12000122,1.0,0.3,0.5,-0.7841718750000057,-0.6500000000000057,0.13417187500000002,-22,134.171875,10.078125,0.40625,0.0625,0.0,0.5812500000000006,0.5843749999999994,0.9999999999997186,0.2999999645036537,0.9999999999997186,0.2999999645036537,-2.5999999999999988,1.95,22.0,8.0,0,0,0,1,0,27,1,2,33,0
12000123,1.0,0.05,0.5,1.0912499999999987,1.0999999999999988,0.008750000000000006,-5,8.75,2.65625,0.140625,0.0625,0.015625,0.5841269841269847,0.4666666666666666,0.32522749100185194,0.0500405046022341,0.32522749100185194,0.0500405046022341,-0.55,1.65,2.0,11.0,1,3,14,0,0,41,0,0,4,1
12000124,0.0,0.3,0.5,4.953484375,5.0,0.046515625000000005,11,46.515625,6.171875,0.15625,0.328125,0.0,0.5812500000000005,0.35703125000000024,2.0814829217577452e-13,0.29999997853239707,2.0814829217577452e-13,0.29999997853239707,-0.8,5.799999999999999,16.0,15.0,0,6,55,0,0,3,0,0,0,0
12000125,0.0,0.05,0.5,4.6470625,4.6499999999999995,0.0029375000000000017,-3,2.9375,1.375,0.125,0.078125,0.0,0.5781250000000006,0.44843750000000004,0.45617721033932385,0.05001223335725483,0.45617721033932385,0.05001223335725483,-0.25,4.8999999999999995,2.0,11.0,0,5,19,0,1,37,0,1,1,0
12000126,0.0,0.3,0.75,4.348999999999999,4.449999999999999,0.10099999999999999,12,101.0,8.625,0.15625,0.34375,0.0,0.5718750000000005,0.3664062500000003,2.2858700370212638e-14,0.29999999500619606,2.2858700370212638e-14,0.29999999500619606,-1.5000000000000004,5.949999999999999,21.0,11.0,2,5,50,0,0,7,0,0,0,0
12000127,0.0,0.05,0.5,4.198249999999999,4.199999999999999,0.0017500000000000011,-2,1.75,1.125,0.109375,0.078125,0.0,0.5812500000000005,0.46484374999999994,0.4000070814396868,0.0500044395928059,0.4000070814396868,0.0500044395928059,-0.6000000000000001,4.8,3.0,9.0,0,4,16,0,0,39,0,2,3,0
12000128,1.0,0.05,0.25,3.5963437499999995,3.5999999999999996,0.0036562500000000015,2,3.65625,1.53125,0.078125,0.109375,0.03125,0.5645161290322587,0.4346774193548388,0.39776094134667067,0.05000385744625215,0.39776094134667067,0.05000385744625215,-0.55,4.15,2.0,10.0,3,4,23,0,0,29,0,1,2,2
12000129,0.0,0.3,0.5,2.4936249999999993,2.6499999999999995,0.15637500000000007,19,156.375,11.15625,0.109375,0.40625,0.015625,0.5746031746031752,0.3595238095238098,1.1438557613513952e-17,0.2999999999480751,1.1438557613513952e-17,0.2999999999480751,-1.7000000000000008,4.35,23.0,10.0,1,6,52,0,0,4,0,0,0,1
12000130,1.0,0.05,0.25,3.6465468749999976,3.6499999999999977,0.0034531250000000026,-3,3.453125,1.578125,0.1875,0.140625,0.0,0.5750000000000005,0.4578125000000002,0.628937346645535,0.05517979762101848,0.628937346645535,0.05517979762101848,-2.5,6.15,8.0,13.0,0,3,20,1,1,34,0,2,3,0
12000131,0.0,0.3,0.5,2.6065000000000014,2.7000000000000015,0.0935,18,93.5,8.6875,0.125,0.40625,0.0,0.5625000000000004,0.3593750000000003,5.061843888844744e-16,0.2999999997460711,5.061843888844744e-16,0.2999999997460711,-1.9000000000000006,4.6,22.0,12.0,1,10,49,0,0,4,0,0,0,0
12000132,1.0,0.05,0.75,-0.9004218749999997,-0.8499999999999996,0.05042187500000001,-12,50.421875,5.828125,0.234375,0.046875,0.0,0.5812500000000006,0.5492187499999994,0.9788086352025265,0.06690089238555061,0.9788086352025265,0.06690089238555061,-0.19999999999999996,-0.6499999999999995,2.0,16.0,0,2,4,0,0,31,0,4,23,0
12000133,1.0,0.05,0.75,-0.7312656250000001,-0.7000000000000002,0.03126562500000001,-8,31.265625,4.734375,0.15625,0.03125,0.0,0.5906250000000006,0.5234374999999997,0.9036404910187579,0.050046637254401304,0.9036404910187579,0.050046637254401304,-0.44999999999999996,-0.25,3.0,9.0,0,0,6,0,0,42,0,3,13,0
12000134,0.0,0.3,0.75,1.9760312500000003,2.0500000000000003,0.07396875,14,73.96875,7.3125,0.109375,0.328125,0.0,0.5468750000000002,0.3687500000000003,6.723167745330776e-11,0.2999988394640972,6.723167745330776e-11,0.2999988394640972,-1.6999999999999997,3.75,19.0,9.0,1,15,41,0,0,6,0,0,1,0
12000135,1.0,0.3,0.25,4.220765624999995,4.249999999999995,0.029234375000000007,-9,29.234375,3.984375,0.296875,0.15625,0.0,0.5875000000000006,0.5257812499999996,0.999999240466964,0.2999678646930096,0.999999240466964,0.2999678646930096,-3.1499999999999995,7.4,19.0,10.0,0,2,6,0,0,37,0,2,17,0
12000136,0.0,0.3,0.5,2.4677812500000003,2.6,0.13221874999999997,17,132.21875,10.25,0.109375,0.375,0.0,0.5875000000000005,0.3593750000000003,5.906427047259258e-15,0.2999999966521897,5.906427047259258e-15,0.2999999966521897,-1.8500000000000005,4.449999999999999,22.0,9.0,0,4,56,0,0,4,0,0,0,0
12000137,0.0,0.3,0.25,1.26165625,1.3499999999999999,0.08834375000000001,17,88.34375,8.4375,0.078125,0.34375,0.0,0.5718750000000004,0.3593750000000003,2.5316421244629694e-13,0.2999998735905638,2.5316421244629694e-13,0.2999998735905638,-1.6000000000000003,2.9499999999999997,20.0,7.0,0,9,51,0,0,4,0,0,0,0
12000138,1.0,0.05,0.25,2.0989687499999996,2.0999999999999996,0.0010312500000000003,-1,1.03125,0.65625,0.09375,0.078125,0.0,0.5718750000000006,0.4390625000000001,0.6795209257895519,0.05000173954082573,0.6795209257895519,0.05000173954082573,-0.3500000000000001,2.45,1.0,10.0,2,3,23,0,0,34,0,2,0,0
12000139,0.0,0.3,0.25,0.5062812499999998,0.5499999999999998,0.04371875000000003,12,43.71875,5.53125,0.046875,0.234375,0.0,0.5687500000000005,0.3664062500000003,4.8886572352600115e-06,0.2848459114977265,4.8886572352600115e-06,0.2848459114977265,-1.1500000000000004,1.6999999999999997,14.0,4.0,2,6,49,0,0,7,0,0,0,0
12000140,0.0,0.05,0.75,7.4063125,7.45,0.04368750000000001,-6,43.6875,6.15625,0.1875,0.09375,0.015625,0.5746031746031751,0.5404761904761902,0.776248959808158,0.05246803679413984,0.776248959808158,0.05246803679413984,-1.1500000000000001,8.600000000000001,3.0,15.0,0,0,1,1,1,42,1,3,14,1
12000141,0.0,0.3,0.75,7.092640625000001,7.100000000000001,0.007359375000000005,3,7.359375,2.328125,0.21875,0.265625,0.015625,0.5714285714285718,0.3761904761904765,2.5908654566072226e-09,0.29998942217673424,2.5908654566072226e-09,0.29998942217673424,-1.6000000000000005,8.7,16.0,15.0,1,7,44,0,0,11,0,0,0,1
12000142,0.0,0.05,0.25,3.038046875,3.05,0.011953125000000009,4,11.953125,3.140625,0.109375,0.171875,0.0,0.5656250000000006,0.38281250000000033,0.03272647284639093,0.05456456015210142,0.03272647284639093,0.05456456015210142,-0.44999999999999996,3.5,6.0,12.0,3,5,42,0,0,14,0,0,0,0
12000143,0.0,0.05,0.75,6.540078124999999,6.549999999999999,0.009921875000000007,-6,9.921875,2.734375,0.15625,0.0625,0.0,0.5718750000000006,0.4976562499999999,0.5426044146032507,0.05003588764489611,0.5426044146032507,0.05003588764489611,-0.4,6.949999999999999,2.0,12.0,0,2,6,2,0,47,0,3,4,0
12000144,0.0,0.3,0.5,2.7473437500000006,2.8500000000000005,0.10265624999999998,16,102.65625,8.96875,0.109375,0.359375,0.0,0.5750000000000006,0.3687500000000003,3.0272724465290216e-13,0.2999999732390504,3.0272724465290216e-13,0.2999999732390504,-1.7500000000000004,4.6000000000000005,20.0,10.0,1,6,49,0,0,8,0,0,0,0
12000145,0.0,0.3,0.5,1.4930156249999993,1.5999999999999992,0.10698437499999999,18,106.984375,8.703125,0.078125,0.359375,0.0,0.5687500000000004,0.3640625000000003,2.927287603426888e-15,0.2999999912907052,2.927287603426888e-15,0.2999999912907052,-1.4500000000000006,3.0499999999999994,21.0,7.0,1,8,49,0,0,6,0,0,0,0
12000146,1.0,0.05,0.75,-0.6200000000000006,-0.6000000000000005,0.020000000000000007,-7,20.0,3.75,0.140625,0.03125,0.0,0.5843750000000005,0.5046874999999997,0.9202216777785774,0.05003741791179922,0.9202216777785774,0.05003741791179922,-0.3999999999999999,-0.20000000000000018,3.0,8.0,0,2,9,0,0,40,0,3,10,0
12000147,1.0,0.05,0.25,2.8925468749999985,2.8999999999999986,0.007453125000000006,-3,7.453125,2.484375,0.171875,0.125,0.015625,0.5746031746031752,0.47380952380952374,0.4524512824483005,0.05065067266986001,0.4524512824483005,0.05065067266986001,-1.3,4.2,5.0,14.0,1,3,12,1,0,41,0,1,4,1
12000148,0.0,0.05,0.75,8.046499999999996,8.049999999999997,0.003500000000000002,-3,3.5,1.625,0.21875,0.171875,0.0,0.5718750000000006,0.4484374999999998,0.04446976665527069,0.08864223368876444,0.04446976665527069,0.08864223368876444,-1.4999999999999998,9.55,10.0,15.0,1,5,22,0,0,30,0,2,4,0
12000149,0.0,0.05,0.25,3.796125,3.8,0.0038750000000000026,2,3.875,1.6875,0.140625,0.171875,0.015625,0.5746031746031751,0.40000000000000024,0.36864550098438736,0.051044883938782024,0.36864550098438736,0.051044883938782024,-0.6500000000000001,4.449999999999999,4.0,16.0,0,7,36,0,0,19,0,1,0,1
12000150,1.0,0.3,0.75,-1.9255625000000092,-1.6500000000000092,0.27556250000000004,-26,275.5625,14.625,0.4375,0.03125,0.015625,0.5936507936507943,0.6047619047619041,1.0,0.2999999997253288,1.0,0.2999999997253288,-2.9499999999999993,1.2999999999999998,28.0,2.0,0,0,0,0,0,19,0,2,42,1
12000151,1.0,0.05,0.75,-0.04948437499999824,1.7763568394002505e-15,0.04948437500000002,-12,49.484375,6.140625,0.265625,0.078125,0.0,0.5812500000000005,0.5421874999999996,0.9666977065969686,0.15407892407115228,0.9666977065969686,0.15407892407115228,-0.19999999999999996,0.2000000000000004,1.0,21.0,0,2,1,0,0,40,0,4,17,0
12000152,0.0,0.3,0.25,-1.6666875000000003,-1.5000000000000002,0.16668750000000004,21,166.6875,11.46875,0.0,0.328125,0.0,0.5750000000000005,0.35703125000000024,1.7598923009306255e-13,0.29999943929455597,1.7598923009306255e-13,0.29999943929455597,-1.4500000000000002,-0.04999999999999999,20.0,1.0,0,8,53,0,0,3,0,0,0,0
12000153,1.0,0.05,0.5,2.4862656249999993,2.499999999999999,0.01373437500000001,-3,13.734375,3.421875,0.140625,0.09375,0.0,0.5781250000000004,0.47890625,0.28298343362602624,0.05003224432924028,0.28298343362602624,0.05003224432924028,-0.44999999999999996,2.95,1.0,14.0,0,4,9,0,0,47,0,3,1,0
12000154,1.0,0.3,0.5,1.8809687499999992,1.9499999999999993,0.06903125,-13,69.03125,7.53125,0.3125,0.109375,0.0,0.5843750000000006,0.5585937499999997,0.9999921154680309,0.2997396101295318,0.9999921154680309,0.2997396101295318,-2.749999999999999,4.699999999999999,17.0,10.0,0,0,1,0,1,36,0,4,22,0
12000155,0.0,0.05,0.75,6.936531249999997,6.9499999999999975,0.01346875000000001,-3,13.46875,3.34375,0.1875,0.140625,0.0,0.5937500000000007,0.4976562499999999,0.5325364715725333,0.05466181610783934,0.5325364715725333,0.05466181610783934,-0.4,7.349999999999998,2.0,19.0,0,1,7,0,0,49,0,1,6,0
12000156,0.0,0.3,0.25,-0.027890625000000002,0.09999999999999998,0.12789062499999998,20,127.890625,10.109375,0.046875,0.359375,0.0,0.5812500000000006,0.3640625000000003,4.245160931386158e-15,0.2999999790207287,4.245160931386158e-15,0.2999999790207287,-1.3500000000000003,1.45,20.0,6.0,0,6,52,0,0,6,0,0,0,0
12000157,1.0,0.05,0.75,0.230515625,0.25,0.019484375000000005,-6,19.484375,3.453125,0.15625,0.0625,0.015625,0.5841269841269846,0.502380952380952,0.837163962702448,0.05016697107869643,0.837163962702448,0.05016697107869643,-0.7500000000000002,1.0,3.0,11.0,0,2,11,0,0,36,0,3,11,1
12000158,1.0,0.3,0.25,1.7556562500000013,1.8500000000000014,0.09434375000000006,-12,94.34375,8.8125,0.296875,0.109375,0.0,0.5968750000000006,0.5796874999999995,0.9999996303654597,0.29985053477098256,0.9999996303654597,0.29985053477098256,-2.5999999999999988,4.449999999999999,19.0,7.0,0,0,1,0,0,28,0,1,34,0
12000159,1.0,0.05,0.5,1.8892343749999994,1.8999999999999995,0.010765625000000006,-4,10.765625,2.828125,0.171875,0.109375,0.0,0.5812500000000005,0.47890625000000003,0.639458307549885,0.05057960399251702,0.639458307549885,0.05057960399251702,-1.0999999999999999,3.0,5.0,13.0,0,4,13,0,0,39,0,2,6,0
12000160,0.0,0.05,0.75,8.087531249999998,8.099999999999998,0.012468750000000008,-7,12.46875,2.75,0.203125,0.09375,0.0,0.5875000000000005,0.4789062499999997,0.2093907319014354,0.05038708337896749,0.2093907319014354,0.05038708337896749,-0.25,8.35,2.0,17.0,0,1,19,0,1,32,0,2,9,0
12000161,1.0,0.3,0.25,3.4802656250000026,3.5500000000000025,0.06973437500000002,-12,69.734375,7.671875,0.34375,0.15625,0.0,0.5906250000000006,0.5515624999999996,0.9999998356460346,0.2999961849927772,0.9999998356460346,0.2999961849927772,-2.8999999999999995,6.449999999999999,19.0,13.0,1,0,0,0,0,40,0,1,22,0
12000162,0.0,0.3,0.5,-0.5114375000000007,-0.1500000000000008,0.3614374999999999,30,361.4375,17.3125,0.0625,0.53125,0.0,0.5531250000000004,0.3593750000000003,4.951548038633934e-25,0.29999999999999777,4.951548038633934e-25,0.29999999999999777,-2.3499999999999996,2.1999999999999997,31.0,7.0,1,13,46,0,0,4,0,0,0,0
12000163,1.0,0.05,0.5,1.044812499999999,1.049999999999999,0.005187500000000003,-3,5.1875,1.8125,0.109375,0.0625,0.0,0.5750000000000006,0.4671875000000001,0.6053256392150804,0.050003314459091154,0.6053256392150804,0.050003314459091154,-0.9000000000000001,1.9500000000000002,3.0,8.0,1,3,18,0,0,34,0,3,5,0
12000164,1.0,0.05,0.75,-1.3784062500000007,-1.3000000000000007,0.07840625,-14,78.40625,8.0625,0.25,0.03125,0.0,0.5968750000000007,0.5585937499999996,0.9988806767926615,0.16357232395402366,0.9988806767926615,0.16357232395402366,-0.8999999999999999,-0.3999999999999999,6.0,12.0,0,0,0,0,0,39,0,1,24,0
12000165,1.0,0.05,0.5,0.8336718749999987,0.8499999999999988,0.01632812500000001,-5,16.328125,3.546875,0.140625,0.0625,0.0,0.5875000000000006,0.4953125,0.6629587517885359,0.05003525938556217,0.6629587517885359,0.05003525938556217,-0.5999999999999999,1.4500000000000002,3.0,10.0,0,0,11,0,0,44,1,2,6,0
12000166,1.0,0.3,0.5,0.022843750000000704,0.05000000000000071,0.027156250000000007,-11,27.15625,4.3125,0.265625,0.09375,0.0,0.5781250000000006,0.4999999999999999,0.9313682452124281,0.18064764408497525,0.9313682452124281,0.18064764408497525,-2.6500000000000004,2.6999999999999993,11.0,12.0,0,3,8,0,0,42,0,4,7,0
12000167,1.0,0.05,0.5,3.2939375000000006,3.3000000000000007,0.0060625000000000045,-4,6.0625,2.09375,0.1875,0.125,0.0,0.5781250000000006,0.47656250000000006,0.8876340268000258,0.06633598440373849,0.8876340268000258,0.06633598440373849,-0.44999999999999996,3.75,3.0,17.0,1,1,16,0,0,38,0,4,4,0
12000168,0.0,0.05,0.25,-0.05726562500000027,-0.050000000000000266,0.007265625000000006,5,7.265625,2.453125,0.03125,0.109375,0.0,0.5812500000000005,0.3851562500000003,0.10267014866412019,0.05000260731528849,0.10267014866412019,0.05000260731528849,-0.4,0.3499999999999998,2.0,7.0,0,5,45,0,0,13,0,1,0,0
12000169,1.0,0.05,0.5,1.041546874999999,1.049999999999999,0.008453125000000006,-4,8.453125,2.609375,0.15625,0.09375,0.0,0.5625000000000004,0.47656249999999994,0.4392126179103232,0.05003668936155293,0.4392126179103232,0.05003668936155293,-0.7000000000000002,1.7500000000000004,2.0,14.0,0,3,12,1,1,42,1,4,0,0
12000170,0.0,0.3,0.5,0.6152187499999995,0.7499999999999996,0.13478125000000002,21,134.78125,9.875,0.0625,0.390625,0.0,0.5750000000000005,0.3687500000000003,1.068680247601017e-16,0.2999999990155022,1.068680247601017e-16,0.2999999990155022,-1.5500000000000003,2.3,22.0,7.0,1,6,49,0,0,8,0,0,0,0
12000171,1.0,0.3,0.25,4.684796875000001,4.700000000000001,0.015203125000000008,-6,15.203125,3.421875,0.28125,0.1875,0.0,0.5687500000000005,0.5000000000000001,0.9874610451017269,0.29374214023477924,0.9874610451017269,0.29374214023477924,-4.050000000000001,8.75,17.0,13.0,1,2,9,2,0,38,0,2,10,0
12000172,1.0,0.3,0.5,2.514296875000003,2.600000000000003,0.08570312499999999,-13,85.703125,8.328125,0.328125,0.125,0.0,0.5875000000000006,0.5632812499999995,0.9999999659268703,0.29999275627412414,0.9999999659268703,0.29999275627412414,-2.3499999999999996,4.95,17.0,12.0,0,1,0,0,0,35,1,1,26,0
12000173,0.0,0.3,0.5,3.9966718749999997,4.1,0.10332812499999999,13,103.328125,9.265625,0.15625,0.359375,0.0,0.5593750000000006,0.36171875000000026,2.0068938754538325e-12,0.29999997838839787,2.0068938754538325e-12,0.29999997838839787,-1.9500000000000002,6.050000000000001,19.0,14.0,1,11,47,0,0,5,0,0,0,0
12000174,0.0,0.3,0.75,4.037781250000001,4.100000000000001,0.06221875000000002,14,62.21875,7.15625,0.140625,0.359375,0.0,0.5843750000000006,0.35703125000000024,3.780010384210835e-15,0.2999999983633799,3.780010384210835e-15,0.2999999983633799,-1.6500000000000006,5.75,23.0,9.0,0,5,56,0,0,3,0,0,0,0
12000175,1.0,0.3,0.5,-0.9793593750000014,-0.8500000000000014,0.129359375,-20,129.359375,10.140625,0.359375,0.046875,0.0,0.5937500000000007,0.5679687499999996,0.9999999995993335,0.2999951936041931,0.9999999995993335,0.2999951936041931,-2.6499999999999986,1.8,20.0,6.0,0,0,0,0,0,35,0,2,27,0
12000176,1.0,0.05,0.75,-1.247187500000001,-1.200000000000001,0.04718750000000001,-11,47.1875,6.15625,0.203125,0.03125,0.0,0.5875000000000006,0.5421874999999997,0.9602166308843488,0.05110257872538357,0.9602166308843488,0.05110257872538357,-0.9999999999999999,-0.19999999999999973,4.0,11.0,0,0,0,1,0,45,0,2,16,0
12000177,1.0,0.05,0.25,3.248609374999999,3.249999999999999,0.0013906250000000008,-1,1.390625,0.984375,0.125,0.109375,0.0,0.5687500000000005,0.4460937500000002,0.3453883928599451,0.05002561484658244,0.3453883928599451,0.05002561484658244,-1.1,4.35,3.0,12.0,2,4,19,0,0,37,0,2,0,0
12000178,1.0,0.3,0.5,0.525671874999996,0.5999999999999961,0.07432812500000004,-13,74.328125,7.421875,0.28125,0.078125,0.015625,0.5841269841269846,0.5666666666666661,0.999998662229731,0.2990788380055949,0.999998662229731,0.2990788380055949,-2.0999999999999996,2.6999999999999997,15.0,8.0,0,0,3,1,0,28,0,3,28,1
12000179,0.0,0.3,0.75,7.093953124999999,7.099999999999999,0.0060468750000000045,1,6.046875,2.015625,0.203125,0.21875,0.0,0.5593750000000006,0.42265625000000007,0.005453431502896832,0.27159251037692894,0.005453431502896832,0.27159251037692894,-2.0,9.1,13.0,14.0,4,3,28,1,0,26,0,0,2,0
12000180,0.0,0.05,0.25,1.8333437499999998,1.8499999999999999,0.016656250000000008,4,16.65625,3.53125,0.0625,0.125,0.0,0.5687500000000004,0.37812500000000027,0.032826985569082014,0.05008876897043886,0.032826985569082014,0.05008876897043886,-0.14999999999999997,2.0,3.0,9.0,0,10,42,0,0,12,0,0,0,0
12000181,1.0,0.3,0.5,1.4480625000000007,1.5500000000000007,0.10193749999999997,-16,101.9375,9.0625,0.359375,0.109375,0.0,0.5906250000000006,0.5703124999999994,0.999999999166445,0.29999896527067815,0.999999999166445,0.29999896527067815,-2.8,4.35,19.0,11.0,0,0,1,0,0,32,0,3,28,0
12000182,0.0,0.3,0.25,1.9386093749999997,2.05,0.11139062500000002,19,111.390625,8.734375,0.109375,0.40625,0.0,0.5718750000000006,0.3734375000000003,7.378695304261423e-18,0.29999999993971693,7.378695304261423e-18,0.29999999993971693,-2.1999999999999997,4.25,24.0,9.0,1,3,52,1,0,5,0,2,0,0
12000183,1.0,0.05,0.5,2.1363593749999987,2.1499999999999986,0.013640625000000005,-7,13.640625,2.734375,0.21875,0.109375,0.015625,0.590476190476191,0.49999999999999967,0.9164552766293026,0.12983588873598345,0.9164552766293026,0.12983588873598345,-1.05,3.1999999999999993,4.0,17.0,0,3,12,0,0,33,0,0,15,1
12000184,0.0,0.3,0.25,-0.27679687500000005,-0.15000000000000008,0.126796875,17,126.796875,10.078125,0.03125,0.296875,0.0,0.5687500000000003,0.35703125000000024,8.445093919009369e-11,0.29998324808459675,8.445093919009369e-11,0.29998324808459675,-1.15,0.9999999999999998,16.0,5.0,1,8,52,0,0,3,0,0,0,0
12000185,1.0,0.05,0.75,2.4426249999999983,2.4499999999999984,0.007375000000000004,-3,7.375,2.15625,0.140625,0.09375,0.015625,0.5936507936507943,0.4904761904761903,0.5926488891267578,0.05011528185993527,0.5926488891267578,0.05011528185993527,-0.95,3.4000000000000004,4.0,11.0,0,0,11,0,0,45,0,2,5,1
12000186,0.0,0.05,0.5,4.396437499999999,4.3999999999999995,0.0035625000000000023,-1,3.5625,1.375,0.125,0.109375,0.0,0.5687500000000005,0.43437499999999996,0.8135593575934342,0.050062031583449,0.8135593575934342,0.050062031583449,-0.44999999999999996,4.85,2.0,13.0,2,5,24,0,0,30,0,1,2,0
12000187,1.0,0.3,0.75,1.3614062500000002,1.5,0.13859374999999993,-15,138.59375,10.96875,0.328125,0.09375,0.015625,0.5968253968253975,0.5928571428571424,0.9999999985292061,0.2999941920553025,0.9999999985292061,0.2999941920553025,-2.25,3.749999999999999,18.0,9.0,0,0,0,0,0,24,0,1,38,1
12000188,0.0,0.3,0.75,6.298906250000002,6.350000000000001,0.05109375,8,51.09375,6.4375,0.203125,0.328125,0.03125,0.5774193548387102,0.35967741935483893,1.2262445605327145e-13,0.29999999165262814,1.2262445605327145e-13,0.29999999165262814,-1.8000000000000005,8.15,21.0,13.0,2,3,53,0,0,4,0,0,0,2
12000189,0.0,0.3,0.75,5.91540625,5.95,0.034593750000000006,7,34.59375,5.21875,0.203125,0.3125,0.0,0.5625000000000004,0.3710937500000003,3.061293901241338e-11,0.2999997171778978,3.061293901241338e-11,0.2999997171778978,-2.0000000000000004,7.95,20.0,13.0,1,10,44,0,0,9,0,0,0,0
12000190,1.0,0.05,0.5,0.6413593749999995,0.6499999999999995,0.008640625000000006,-5,8.640625,2.578125,0.15625,0.078125,0.0,0.5812500000000006,0.48593749999999997,0.8011106831357659,0.050231659921267366,0.8011106831357659,0.050231659921267366,-0.5999999999999999,1.2500000000000002,3.0,12.0,1,0,13,0,0,42,0,4,4,0
12000191,0.0,0.3,0.5,2.842234375,2.9499999999999997,0.10776562500000002,15,107.765625,8.953125,0.125,0.359375,0.0,0.5656250000000005,0.3640625000000003,1.108376403757298e-12,0.29999995767451587,1.108376403757298e-12,0.29999995767451587,-2.1500000000000004,5.1,22.0,9.0,2,7,49,0,0,6,0,0,0,0
12000192,1.0,0.3,0.75,-0.5982343750000029,-0.45000000000000284,0.148234375,-18,148.234375,10.984375,0.328125,0.046875,0.0,0.5937500000000007,0.5960937499999994,0.9999999983081512,0.2999746775706346,0.9999999983081512,0.2999746775706346,-1.9000000000000001,1.45,17.0,7.0,0,0,0,0,0,23,0,2,39,0
12000193,0.0,0.3,0.75,4.521109375000001,4.6000000000000005,0.07889062499999998,15,78.890625,8.203125,0.15625,0.390625,0.015625,0.5841269841269847,0.36428571428571455,7.328494094216714e-18,0.2999999999835206,7.328494094216714e-18,0.2999999999835206,-1.800000000000001,6.4,25.0,10.0,0,5,52,0,0,6,0,0,0,1
12000194,0.0,0.05,0.75,8.027703124999999,8.049999999999999,0.022296874999999997,-7,22.296875,3.828125,0.1875,0.078125,0.015625,0.590476190476191,0.5285714285714281,0.5591810298163994,0.05039969509224849,0.5591810298163994,0.05039969509224849,-0.55,8.6,2.0,15.0,0,0,4,0,0,43,0,3,13,1
12000195,0.0,0.3,0.75,7.486968749999999,7.499999999999999,0.013031250000000006,0,13.03125,3.03125,0.21875,0.21875,0.0,0.5656250000000004,0.3945312500000001,6.350992073627108e-06,0.29717587987886024,6.350992073627108e-06,0.29717587987886024,-1.4,8.9,13.0,15.0,1,7,40,0,0,13,0,2,1,0
12000196,0.0,0.05,0.75,9.218546874999998,9.249999999999998,0.031453125000000005,-8,31.453125,5.234375,0.203125,0.078125,0.03125,0.583870967741936,0.5217741935483869,0.616301675530888,0.05327257551382866,0.616301675530888,0.05327257551382866,-0.8,10.050000000000002,4.0,14.0,0,1,1,0,0,49,0,4,7,2
12000197,1.0,0.3,0.75,-0.17759375000001,0.04999999999999005,0.22759375000000004,-24,227.59375,13.375,0.453125,0.078125,0.0,0.5968750000000007,0.6078124999999993,1.0,0.2999999999153953,1.0,0.2999999999153953,-2.549999999999999,2.5999999999999996,25.0,9.0,0,0,0,0,0,18,0,1,45,0
12000198,0.0,0.3,0.75,5.662656250000001,5.700000000000001,0.03734375,9,37.34375,4.84375,0.171875,0.3125,0.0,0.5718750000000004,0.39453125000000044,4.962185898169625e-11,0.29999975646097937,4.962185898169625e-11,0.29999975646097937,-1.5000000000000002,7.200000000000001,18.0,13.0,0,8,39,0,0,15,0,1,1,0
12000199,1.0,0.3,0.25,2.446859375,2.5,0.05314062500000001,-10,53.140625,6.703125,0.28125,0.125,0.015625,0.590476190476191,0.5476190476190472,0.9999354779651985,0.29908741094550384,0.9999354779651985,0.29908741094550384,-2.8499999999999988,5.35,17.0,9.0,0,0,0,0,1,42,0,2,18,1
12000200,0.0,0.3,0.75,7.587359374999999,7.6,0.01264062500000001,6,12.640625,3.328125,0.234375,0.328125,0.0,0.5750000000000005,0.37812500000000016,1.592380151185474e-13,0.2999999913624054,1.592380151185474e-13,0.2999999913624054,-1.9000000000000006,9.5,21.0,15.0,1,4,49,0,0,8,1,0,1,0
12000201,0.0,0.3,0.75,6.946093749999999,6.949999999999999,0.003906250000000003,3,3.90625,1.59375,0.203125,0.25,0.0,0.5812500000000005,0.38984375000000043,4.201458955349013e-07,0.2998307549669688,4.201458955349013e-07,0.2998307549669688,-1.7000000000000002,8.650000000000002,16.0,13.0,0,6,41,0,0,17,0,0,0,0
12000202,1.0,0.05,0.75,-0.19506250000000036,-0.15000000000000036,0.0450625,-9,45.0625,6.03125,0.203125,0.0625,0.0,0.5875000000000006,0.5328124999999997,0.7371433862283571,0.05046433285222899,0.7371433862283571,0.05046433285222899,-1.0999999999999999,0.9500000000000002,5.0,12.0,1,0,2,0,0,44,0,2,15,0
12000203,0.0,0.3,0.25,0.5213906249999997,0.5999999999999996,0.07860937499999998,13,78.609375,8.046875,0.046875,0.25,0.0,0.5843750000000005,0.36640625000000027,3.028874664590703e-07,0.29749468984475,3.028874664590703e-07,0.29749468984475,-1.1500000000000004,1.7499999999999998,15.0,4.0,0,5,52,0,0,7,0,0,0,0
12000204,0.0,0.3,0.25,-0.7354687500000006,-0.4500000000000006,0.28546875,29,285.46875,14.71875,0.046875,0.5,0.0,0.5781250000000006,0.3593750000000003,1.1812176811453574e-23,0.29999999999997023,1.1812176811453574e-23,0.29999999999997023,-2.2999999999999994,1.8499999999999996,30.0,5.0,0,7,53,0,0,4,0,0,0,0
12000205,0.0,0.05,0.5,6.846374999999998,6.849999999999999,0.0036250000000000024,-3,3.625,1.5,0.1875,0.140625,0.0,0.5812500000000005,0.4648437500000001,0.6458321056857032,0.05700240594250487,0.6458321056857032,0.05700240594250487,-0.7,7.549999999999999,3.0,18.0,0,4,17,0,1,36,0,1,5,0
12000206,1.0,0.05,0.25,2.799187499999999,2.799999999999999,0.0008125000000000005,-1,0.8125,0.6875,0.125,0.109375,0.0,0.5625000000000006,0.43203125000000014,0.728815277471922,0.050027513062009914,0.728815277471922,0.050027513062009914,-0.95,3.7499999999999996,4.0,11.0,3,3,24,1,0,32,0,1,0,0
12000207,1.0,0.3,0.25,0.8394374999999957,0.9499999999999957,0.11056250000000001,-16,110.5625,8.5,0.34375,0.09375,0.0,0.5906250000000006,0.5562499999999994,0.9999999997946913,0.29999882977614883,0.9999999997946913,0.29999882977614883,-2.6499999999999977,3.5999999999999996,21.0,7.0,0,1,6,0,0,26,0,2,29,0
12000208,1.0,0.05,0.25,3.7494843749999998,3.7499999999999996,0.0005156250000000002,2,0.515625,0.453125,0.078125,0.109375,0.0,0.5843750000000005,0.4437500000000001,0.5599124106246414,0.05000136443611551,0.5599124106246414,0.05000136443611551,-0.55,4.3,2.0,10.0,0,3,23,0,1,35,0,1,1,0
12000209,1.0,0.3,0.5,-1.1696562500000014,-1.1000000000000014,0.06965625000000002,-18,69.65625,6.5,0.328125,0.046875,0.0,0.5937500000000007,0.5445312499999995,0.9999999658138519,0.29990238448560047,0.9999999658138519,0.29990238448560047,-2.6999999999999984,1.6,18.0,6.0,0,0,4,0,0,37,0,2,21,0
12000210,0.0,0.05,0.25,1.7983593749999995,1.7999999999999996,0.001640625000000001,1,1.640625,1.015625,0.0625,0.078125,0.0,0.5843750000000005,0.41562500000000013,0.37838211231208096,0.05000033610297685,0.37838211231208096,0.05000033610297685,-0.25,2.05,2.0,7.0,0,4,33,0,0,26,0,1,0,0
12000211,0.0,0.05,0.5,3.1991562499999993,3.1999999999999993,0.0008437500000000005,-1,0.84375,0.625,0.109375,0.09375,0.015625,0.5714285714285718,0.4404761904761906,0.30977662030273223,0.05000532618921854,0.30977662030273223,0.05000532618921854,-0.4,3.5999999999999988,2.0,11.0,1,3,25,0,0,30,0,4,0,1
12000212,0.0,0.3,0.5,2.76303125,2.9,0.13696875000000003,19,136.96875,10.28125,0.109375,0.40625,0.0,0.5843750000000006,0.3664062500000003,2.0105165907173457e-18,0.29999999997760424,2.0105165907173457e-18,0.29999999997760424,-1.7500000000000009,4.6499999999999995,25.0,8.0,2,1,54,0,0,7,0,0,0,0
12000213,0.0,0.3,0.5,4.433218750000002,4.450000000000002,0.01678125,9,16.78125,3.0,0.140625,0.28125,0.015625,0.5873015873015879,0.39047619047619075,7.96269911138428e-09,0.2999870519640433,7.96269911138428e-09,0.2999870519640433,-1.5000000000000002,5.950000000000001,16.0,11.0,0,3,44,0,0,15,0,1,0,1
12000214,0.0,0.3,0.75,5.271046875000001,5.300000000000001,0.028953125000000017,11,28.953125,4.703125,0.171875,0.34375,0.0,0.5656250000000004,0.36640625000000027,1.0485413667329402e-13,0.2999999938693468,1.0485413667329402e-13,0.2999999938693468,-1.6500000000000004,6.949999999999999,21.0,12.0,1,9,47,0,0,7,0,0,0,0
12000215,1.0,0.05,0.75,0.5575624999999996,0.5999999999999996,0.04243750000000001,-9,42.4375,5.9375,0.203125,0.0625,0.0,0.5812500000000005,0.5374999999999996,0.8796083127532176,0.052891259700128895,0.8796083127532176,0.052891259700128895,-0.5999999999999999,1.2000000000000004,3.0,14.0,1,0,2,0,0,42,0,4,15,0
12000216,0.0,0.3,0.5,0.5949062499999997,0.6999999999999997,0.10509374999999999,18,105.09375,9.3125,0.078125,0.359375,0.0,0.5593750000000004,0.3593750000000003,1.3170775549285041e-12,0.29999979854422887,1.3170775549285041e-12,0.29999979854422887,-2.0999999999999996,2.8,22.0,6.0,2,9,49,0,0,4,0,0,0,0
12000217,1.0,0.05,0.25,3.0986562499999994,3.0999999999999996,0.0013437500000000008,0,1.34375,0.84375,0.09375,0.09375,0.0,0.5656250000000005,0.4132812500000002,0.5316396913383014,0.05000246970472712,0.5316396913383014,0.05000246970472712,-1.1,4.199999999999999,4.0,8.0,2,7,29,0,0,25,0,0,1,0
12000218,1.0,0.3,0.25,1.1716093749999965,1.2499999999999964,0.07839062499999999,-15,78.390625,7.421875,0.328125,0.09375,0.0,0.5906250000000006,0.5679687499999994,0.9999999555380723,0.2999706160692727,0.9999999555380723,0.2999706160692727,-2.999999999999999,4.250000000000001,19.0,8.0,0,1,3,0,0,27,0,2,31,0
12000219,0.0,0.05,0.75,5.297484374999999,5.299999999999999,0.002515625000000002,-3,2.515625,1.328125,0.15625,0.109375,0.0,0.5781250000000006,0.4648437500000002,0.0897013003478662,0.05005357448802898,0.0897013003478662,0.05005357448802898,-0.25,5.549999999999999,2.0,15.0,0,5,14,1,0,40,0,0,4,0
12000220,0.0,0.3,0.25,3.0499843750000033,3.100000000000003,0.050015625000000015,13,50.015625,5.546875,0.109375,0.3125,0.0,0.5812500000000006,0.37109375000000033,9.131886376588154e-12,0.2999994019834896,9.131886376588154e-12,0.2999994019834896,-1.1500000000000006,4.25,17.0,10.0,0,6,49,0,0,9,0,0,0,0
12000221,0.0,0.3,0.25,2.0975937499999993,2.1499999999999995,0.05240625000000002,13,52.40625,5.6875,0.09375,0.296875,0.0,0.5593750000000004,0.3664062500000003,1.45788817008197e-09,0.2999806999724516,1.45788817008197e-09,0.2999806999724516,-1.3000000000000003,3.45,16.0,9.0,3,6,49,0,0,5,0,1,0,0
12000222,0.0,0.05,0.75,8.334468749999997,8.349999999999998,0.015531250000000012,-7,15.53125,3.46875,0.203125,0.09375,0.0,0.5781250000000006,0.4999999999999999,0.48998286246435657,0.05146822703223776,0.48998286246435657,0.05146822703223776,-0.6000000000000001,8.949999999999998,3.0,16.0,1,2,6,0,0,46,0,3,6,0
12000223,0.0,0.3,0.5,4.593828125,4.65,0.056171875,15,56.171875,6.828125,0.171875,0.40625,0.0,0.5656250000000004,0.3640625000000003,9.229929528174523e-17,0.2999999999754542,9.229929528174523e-17,0.2999999999754542,-2.3,6.949999999999999,25.0,12.0,0,11,47,0,0,6,0,0,0,0
12000224,1.0,0.05,0.25,3.2985781249999997,3.3,0.0014218750000000008,0,1.421875,0.953125,0.109375,0.109375,0.015625,0.5841269841269846,0.43809523809523815,0.7066322591780598,0.05001789066997294,0.7066322591780598,0.05001789066997294,-0.75,4.05,3.0,11.0,0,1,29,0,1,28,1,1,2,1
12000225,1.0,0.05,0.75,-0.6917968750000022,-0.6500000000000021,0.04179687500000002,-10,41.796875,6.078125,0.1875,0.03125,0.0,0.5875000000000006,0.5304687499999997,0.9560204048860645,0.05081536505673503,0.9560204048860645,0.05081536505673503,-1.0499999999999998,0.40000000000000024,6.0,8.0,0,1,0,1,0,48,0,1,13,0
12000226,0.0,0.3,0.75,5.746187499999999,5.749999999999999,0.0038125000000000017,4,3.8125,1.625,0.1875,0.25,0.0,0.5750000000000005,0.39218750000000013,1.2590781733674633e-07,0.29983583349665066,1.2590781733674633e-07,0.29983583349665066,-1.6500000000000001,7.4,16.0,12.0,0,8,38,0,0,18,0,0,0,0
12000227,1.0,0.3,0.5,-0.7146562500000107,-0.5000000000000107,0.21465625000000002,-24,214.65625,12.96875,0.4375,0.0625,0.0,0.5937500000000007,0.6031249999999994,0.9999999999999998,0.29999999951035866,0.9999999999999998,0.29999999951035866,-2.8999999999999986,2.3999999999999995,27.0,5.0,0,0,0,0,0,20,0,2,42,0
12000228,0.0,0.05,0.5,4.749171875,4.75,0.0008281250000000003,0,0.828125,0.671875,0.140625,0.140625,0.015625,0.5746031746031751,0.4095238095238098,0.02936276898128306,0.05211211291261672,0.02936276898128306,0.05211211291261672,-0.45,5.199999999999999,3.0,15.0,1,5,33,0,0,23,0,1,0,1
12000229,0.0,0.05,0.75,6.78353125,6.8,0.01646875000000001,-6,16.46875,3.59375,0.1875,0.09375,0.0,0.5812500000000006,0.4929687499999999,0.5391583652036873,0.05035658036608283,0.5391583652036873,0.05035658036608283,-0.35000000000000003,7.1499999999999995,1.0,17.0,0,2,12,0,0,39,0,4,7,0
12000230,1.0,0.05,0.5,2.0965156249999986,2.0999999999999988,0.0034843750000000022,-3,3.484375,1.703125,0.15625,0.109375,0.0,0.5750000000000005,0.45078125000000024,0.5450344932204324,0.05014380003352541,0.5450344932204324,0.05014380003352541,-1.2,3.3000000000000007,3.0,14.0,1,5,17,0,0,39,0,1,1,0
12000231,0.0,0.3,0.25,-1.4228906250000004,-1.2500000000000004,0.17289062500000005,20,172.890625,11.890625,0.015625,0.328125,0.0,0.5625000000000004,0.3617187500000003,7.493799120133137e-12,0.29999712305714654,7.493799120133137e-12,0.29999712305714654,-1.7500000000000004,0.49999999999999994,20.0,2.0,0,10,49,1,0,4,0,0,0,0
12000232,0.0,0.05,0.75,5.288640624999999,5.299999999999999,0.011359375000000008,-5,11.359375,2.734375,0.140625,0.0625,0.015625,0.5841269841269846,0.4999999999999999,0.3405988795996788,0.0500059419731737,0.3405988795996788,0.0500059419731737,-0.4,5.699999999999999,2.0,11.0,0,2,11,0,0,37,0,3,10,1
12000233,0.0,0.3,0.5,5.28815625,5.3,0.011843750000000007,5,11.84375,2.9375,0.15625,0.234375,0.0,0.5750000000000005,0.36875000000000024,3.590029142992578e-07,0.29948093966087186,3.590029142992578e-07,0.29948093966087186,-0.9500000000000002,6.25,14.0,11.0,1,5,50,0,1,7,0,0,0,0
12000234,0.0,0.3,0.25,-0.009515625000000055,0.14999999999999997,0.15951562500000002,18,159.515625,11.578125,0.0625,0.34375,0.0,0.5562500000000004,0.3593750000000003,1.743901095041434e-11,0.29999847360357834,1.743901095041434e-11,0.29999847360357834,-1.3,1.4500000000000002,15.0,11.0,2,10,48,0,0,4,0,0,0,0
12000235,1.0,0.3,0.5,-0.95345312500001,-0.70000000000001,0.253453125,-26,253.453125,13.578125,0.46875,0.0625,0.0,0.5812500000000005,0.6007812499999994,0.9999999999999999,0.2999999999727248,0.9999999999999999,0.2999999999727248,-2.8499999999999988,2.1499999999999995,26.0,8.0,0,0,0,0,0,21,0,6,37,0
12000236,0.0,0.3,0.5,4.127296875000002,4.300000000000002,0.17270312500000004,19,172.703125,11.296875,0.15625,0.453125,0.0,0.5718750000000005,0.36640625000000027,1.740767522147441e-20,0.29999999999989974,1.740767522147441e-20,0.29999999999989974,-2.1,6.4,26.0,13.0,0,8,49,0,1,6,0,0,0,0
12000237,0.0,0.05,0.25,1.8982656249999992,1.8999999999999992,0.001734375000000001,3,1.734375,1.078125,0.09375,0.140625,0.0,0.5343750000000003,0.4179687500000001,0.25487065343138,0.05004125752472798,0.25487065343138,0.05004125752472798,-0.8999999999999999,2.7999999999999994,5.0,10.0,5,7,25,1,0,24,0,2,0,0
12000238,1.0,0.3,0.5,0.2692500000000022,0.40000000000000213,0.13074999999999995,-16,130.75,10.15625,0.328125,0.078125,0.015625,0.5873015873015879,0.5928571428571423,0.9999999620147679,0.2999483079007293,0.9999999620147679,0.2999483079007293,-2.3999999999999995,2.8,17.0,9.0,0,0,0,0,0,24,0,4,35,1
12000239,0.0,0.05,0.5,6.547531249999998,6.549999999999998,0.0024687500000000018,-3,2.46875,1.3125,0.1875,0.140625,0.0,0.5625000000000003,0.4531250000000001,0.2586279693317087,0.051510311909097085,0.2586279693317087,0.051510311909097085,-0.25,6.799999999999998,2.0,19.0,0,10,13,0,1,37,0,1,2,0
12000240,1.0,0.3,0.25,3.7557500000000026,3.8000000000000025,0.04425000000000001,-8,44.25,5.875,0.28125,0.15625,0.0,0.5968750000000007,0.5374999999999995,0.9999438529222605,0.29947651346364235,0.9999438529222605,0.29947651346364235,-2.549999999999999,6.3500000000000005,15.0,13.0,0,1,3,0,0,40,0,0,20,0
12000241,0.0,0.3,0.75,2.725046875,2.8,0.07495312500000004,9,74.953125,8.296875,0.109375,0.25,0.0,0.5500000000000002,0.35703125000000024,4.954125143150825e-06,0.2969189495767065,4.954125143150825e-06,0.2969189495767065,-1.5500000000000003,4.35,16.0,7.0,0,16,45,0,0,3,0,0,0,0
12000242,1.0,0.05,0.75,-0.4114374999999979,-0.34999999999999787,0.06143750000000002,-10,61.4375,7.21875,0.203125,0.046875,0.0,0.5843750000000006,0.5585937499999997,0.9894281512538293,0.05717975722157348,0.9894281512538293,0.05717975722157348,-0.7999999999999998,0.44999999999999996,4.0,12.0,0,0,0,0,0,39,1,3,21,0
12000243,1.0,0.05,0.75,-0.263234375,-0.25,0.013234375000000008,-6,13.234375,2.953125,0.125,0.03125,0.0,0.5875000000000006,0.5046874999999997,0.736515839757519,0.05000445184552406,0.736515839757519,0.05000445184552406,-0.3999999999999999,0.15000000000000013,2.0,8.0,0,0,8,0,0,46,0,4,6,0
12000244,1.0,0.05,0.75,0.5669062499999996,0.5999999999999996,0.033093750000000005,-9,33.09375,5.0,0.21875,0.078125,0.0,0.5843750000000005,0.5117187499999998,0.5728581311109894,0.05476883083065423,0.5728581311109894,0.05476883083065423,-0.7999999999999998,1.4000000000000001,4.0,15.0,0,2,8,0,0,39,0,3,12,0
12000245,1.0,0.3,0.5,4.241187499999994,4.349999999999994,0.10881249999999994,-15,108.8125,9.6875,0.40625,0.171875,0.0,0.5843750000000005,0.5984374999999995,0.9999999999999984,0.2999999999186438,0.9999999999999984,0.2999999999186438,-2.299999999999999,6.65,22.0,15.0,0,0,0,0,0,22,0,5,37,0
12000246,0.0,0.3,0.25,1.8703124999999998,1.9499999999999997,0.07968750000000002,16,79.6875,7.75,0.09375,0.34375,0.0,0.5781250000000004,0.36640625000000027,8.707504644490072e-13,0.29999985523027,8.707504644490072e-13,0.29999985523027,-1.6500000000000006,3.5999999999999996,20.0,8.0,0,7,50,0,0,7,0,0,0,0
12000247,0.0,0.3,0.25,-0.5177812500000004,-0.3500000000000004,0.16778125,23,167.78125,11.59375,0.046875,0.40625,0.0,0.5687500000000004,0.3593750000000003,1.6117315707880494e-17,0.29999999954561485,1.6117315707880494e-17,0.29999999954561485,-2.0000000000000004,1.65,25.0,4.0,0,8,52,1,0,3,0,0,0,0
12000248,0.0,0.05,0.75,5.694249999999999,5.699999999999999,0.005750000000000004,-3,5.75,1.96875,0.15625,0.109375,0.0,0.5656250000000005,0.47890624999999976,0.13755431175517077,0.05005858208189048,0.13755431175517077,0.05005858208189048,-0.95,6.649999999999999,5.0,12.0,0,4,14,1,0,36,0,5,4,0
12000249,0.0,0.3,0.5,-0.0012812500000002336,0.14999999999999974,0.15128124999999998,19,151.28125,10.96875,0.0625,0.359375,0.015625,0.5650793650793655,0.3619047619047622,2.4240168320727272e-12,0.2999996990178547,2.4240168320727272e-12,0.2999996990178547,-2.05,2.1999999999999997,20.0,7.0,1,9,48,0,0,5,0,0,0,1
12000250,0.0,0.3,0.75,5.928953125,5.949999999999999,0.021046874999999996,4,21.046875,4.140625,0.1875,0.25,0.015625,0.5619047619047622,0.3880952380952383,2.4124422197974323e-06,0.2996418906541525,2.4124422197974323e-06,0.2996418906541525,-1.5999999999999999,7.55,14.0,14.0,2,8,37,0,0,16,0,0,0,1
12000251,1.0,0.3,0.25,4.154281250000008,4.200000000000008,0.04571875,-8,45.71875,6.375,0.296875,0.171875,0.0,0.5843750000000005,0.5304687499999997,0.99992438907982,0.29971772508270733,0.99992438907982,0.29971772508270733,-3.3000000000000007,7.5,18.0,12.0,0,2,3,0,0,41,0,3,15,0
12000252,1.0,0.05,0.5,2.297968749999998,2.299999999999998,0.002031250000000001,-2,2.03125,1.1875,0.125,0.09375,0.0,0.5812500000000005,0.4695312500000002,0.4728972571726779,0.0500125671508327,0.4728972571726779,0.0500125671508327,-0.55,2.8499999999999996,2.0,12.0,1,1,14,0,0,45,1,1,1,0
12000253,1.0,0.05,0.25,4.19753125,4.2,0.0024687500000000013,2,2.46875,1.28125,0.078125,0.109375,0.015625,0.5873015873015879,0.43333333333333346,0.5743188628762488,0.05000262441975744,0.5743188628762488,0.05000262441975744,-0.7000000000000002,4.9,2.0,10.0,1,2,25,0,0,35,0,0,0,1
12000254,1.0,0.05,0.75,-0.850562499999999,-0.7999999999999989,0.05056250000000002,-11,50.5625,5.84375,0.234375,0.0625,0.0,0.5843750000000005,0.5421874999999996,0.8997138023682162,0.05462122578404066,0.8997138023682162,0.05462122578404066,-0.5999999999999999,-0.19999999999999996,3.0,16.0,1,0,3,0,0,38,0,3,19,0
12000255,1.0,0.3,0.75,-3.004281250000005,-2.850000000000005,0.15428125,-23,154.28125,10.65625,0.359375,0.0,0.0,0.5843750000000006,0.5820312499999994,0.999999999983884,0.29999728101766004,0.999999999983884,0.29999728101766004,-2.249999999999999,-0.5999999999999999,20.0,3.0,0,0,0,0,0,29,0,5,30,0
12000256,1.0,0.05,0.25,2.4993125,2.5,0.0006875000000000003,0,0.6875,0.5625,0.078125,0.078125,0.0,0.5843750000000006,0.4320312500000001,0.27831833532712674,0.05000092976749245,0.27831833532712674,0.05000092976749245,-0.55,3.05,2.0,8.0,1,3,25,0,0,35,0,0,0,0
12000257,1.0,0.05,0.25,4.5982031249999995,4.6,0.001796875000000001,2,1.796875,1.015625,0.078125,0.109375,0.0,0.5812500000000006,0.4203125000000003,0.39045952658021127,0.05000493374009971,0.39045952658021127,0.05000493374009971,-0.19999999999999996,4.8,1.0,11.0,1,4,29,0,0,30,0,0,0,0
12000258,1.0,0.3,0.75,-1.5968125000000064,-1.4500000000000064,0.14681250000000004,-22,146.8125,10.21875,0.390625,0.046875,0.0,0.5906250000000006,0.5656249999999995,0.9999999999970342,0.2999997534030734,0.9999999999970342,0.2999997534030734,-2.8499999999999988,1.4,22.0,6.0,0,1,5,0,0,24,0,2,32,0
12000259,0.0,0.3,0.75,8.884890625,8.9,0.015109375000000008,6,15.109375,3.046875,0.265625,0.359375,0.0,0.5656250000000004,0.38046875000000036,2.678586130733546e-15,0.29999999988156184,2.678586130733546e-15,0.29999999988156184,-1.8000000000000003,10.700000000000001,22.0,18.0,1,9,42,0,0,11,0,0,1,0
12000260,0.0,0.3,0.5,1.79409375,1.9,0.10590624999999997,16,105.90625,9.21875,0.09375,0.34375,0.0,0.5687500000000003,0.3687500000000003,8.004588066984096e-12,0.29999961749108955,8.004588066984096e-12,0.29999961749108955,-1.5000000000000002,3.4000000000000004,18.0,10.0,0,10,46,0,0,8,0,0,0,0
12000261,0.0,0.05,0.25,1.2362187499999997,1.2499999999999998,0.01378125000000001,5,13.78125,3.125,0.0625,0.140625,0.015625,0.5587301587301591,0.38571428571428595,0.012566537602816993,0.05039568585689474,0.012566537602816993,0.05039568585689474,-0.19999999999999996,1.45,4.0,9.0,2,8,40,0,0,11,0,1,1,1
12000262,0.0,0.05,0.25,0.8424375000000001,0.8500000000000001,0.007562500000000006,5,7.5625,2.25,0.046875,0.125,0.0,0.5812500000000005,0.39687500000000037,0.024292640806568837,0.05005755357298652,0.024292640806568837,0.05005755357298652,-0.7,1.55,7.0,4.0,0,6,38,0,0,20,0,0,0,0
12000263,0.0,0.3,0.5,2.744859375,2.8,0.05514062500000002,13,55.140625,6.203125,0.109375,0.3125,0.0,0.5781250000000004,0.3687500000000003,1.310841759878696e-10,0.2999976226112556,1.310841759878696e-10,0.2999976226112556,-1.5500000000000005,4.35,18.0,9.0,0,7,50,0,0,6,0,0,1,0
12000264,1.0,0.05,0.25,3.8985937499999985,3.8999999999999986,0.0014062500000000006,1,1.40625,0.875,0.09375,0.109375,0.015625,0.5873015873015879,0.45714285714285735,0.5317173846841858,0.05000780991395585,0.5317173846841858,0.05000780991395585,-0.5999999999999999,4.5,3.0,10.0,0,4,15,0,0,43,0,0,1,1
12000265,1.0,0.05,0.75,-0.4699531250000002,-0.4500000000000002,0.019953125000000002,-7,19.953125,3.515625,0.15625,0.046875,0.0,0.5875000000000006,0.5164062499999996,0.7661518420259261,0.05002041450555067,0.7661518420259261,0.05002041450555067,-0.19999999999999996,-0.2500000000000002,1.0,12.0,0,1,9,0,0,37,0,3,14,0
12000266,1.0,0.3,0.25,4.029421874999998,4.099999999999998,0.07057812500000002,-12,70.578125,7.609375,0.359375,0.171875,0.0,0.5968750000000007,0.5609374999999995,0.9999999977144483,0.2999997657841316,0.9999999977144483,0.2999997657841316,-3.049999999999999,7.1499999999999995,20.0,14.0,0,0,1,0,0,36,0,1,26,0
12000267,1.0,0.05,0.25,3.697578125,3.7,0.0024218750000000017,-1,2.421875,1.328125,0.125,0.109375,0.0,0.5781250000000007,0.43437499999999996,0.3668043829674745,0.05004003100232671,0.3668043829674745,0.05004003100232671,-0.95,4.65,4.0,11.0,1,2,30,0,0,26,1,1,3,0
12000268,1.0,0.05,0.5,2.491625,2.5,0.008375000000000004,-5,8.375,2.0,0.1875,0.109375,0.0,0.5593750000000004,0.47421874999999974,0.1621408127347686,0.05052485990362347,0.1621408127347686,0.05052485990362347,-1.1,3.6,4.0,15.0,2,6,15,0,0,29,0,3,9,0
12000269,1.0,0.3,0.75,0.24160937499999566,0.44999999999999574,0.20839062500000008,-24,208.390625,12.671875,0.46875,0.09375,0.0,0.5968750000000007,0.5843749999999994,0.9999999999999998,0.2999999999445514,0.9999999999999998,0.2999999999445514,-2.55,3.0,24.0,12.0,0,0,0,0,0,28,0,1,35,0
12000270,0.0,0.05,0.75,5.445984374999999,5.449999999999999,0.004015625000000003,-4,4.015625,1.578125,0.15625,0.09375,0.0,0.5687500000000005,0.4484374999999998,0.1231013895688789,0.05002044488487217,0.1231013895688789,0.05002044488487217,-0.5,5.949999999999999,3.0,13.0,2,3,25,0,1,25,0,2,6,0
12000271,0.0,0.05,0.25,1.8906093749999997,1.8999999999999997,0.009390625000000007,5,9.390625,2.515625,0.0625,0.140625,0.0,0.5812500000000005,0.3968750000000004,0.007909962647131783,0.050882830010126376,0.007909962647131783,0.050882830010126376,-0.19999999999999996,2.0999999999999996,4.0,9.0,0,5,40,0,0,18,0,1,0,0
12000272,0.0,0.3,0.75,3.4973281250000015,3.6000000000000014,0.102671875,16,102.671875,8.640625,0.140625,0.390625,0.0,0.5687500000000005,0.3617187500000003,1.1175666473783342e-16,0.2999999998755029,1.1175666473783342e-16,0.2999999998755029,-1.7500000000000007,5.3500000000000005,24.0,10.0,1,8,50,0,0,5,0,0,0,0
12000273,0.0,0.3,0.5,4.925765625000001,4.950000000000001,0.024234375000000002,7,24.234375,4.609375,0.15625,0.265625,0.015625,0.5777777777777783,0.36904761904761935,1.1304532595182319e-08,0.2999704415295106,1.1304532595182319e-08,0.2999704415295106,-1.4500000000000004,6.4,17.0,10.0,1,5,49,0,0,8,0,0,0,1
12000274,1.0,0.05,0.25,2.097718749999998,2.099999999999998,0.002281250000000001,-2,2.28125,1.15625,0.125,0.09375,0.015625,0.5714285714285718,0.4452380952380955,0.7289307833166724,0.05003738297518748,0.7289307833166724,0.05003738297518748,-0.3999999999999999,2.5,2.0,12.0,1,5,20,0,0,34,1,0,2,1
12000275,1.0,0.05,0.5,0.2342656249999991,0.2499999999999991,0.015734375000000012,-7,15.734375,3.703125,0.15625,0.046875,0.0,0.6000000000000008,0.50703125,0.8686795978007037,0.05016130386979292,0.8686795978007037,0.05016130386979292,-0.25,0.5000000000000002,2.0,11.0,0,0,4,0,0,53,0,0,7,0
12000276,1.0,0.3,0.75,-0.5755156250000029,-0.45000000000000284,0.125515625,-18,125.515625,10.359375,0.34375,0.0625,0.0,0.6000000000000006,0.5937499999999994,0.9999999950101394,0.29997444034714243,0.9999999950101394,0.29997444034714243,-2.749999999999999,2.3,19.0,7.0,0,0,0,0,0,24,0,0,40,0
12000277,0.0,0.05,0.5,5.146328124999998,5.149999999999999,0.0036718750000000024,-2,3.671875,1.640625,0.15625,0.125,0.0,0.5718750000000005,0.4226562500000002,0.028081696980500066,0.050411642877402935,0.028081696980500066,0.050411642877402935,-0.39999999999999997,5.549999999999999,5.0,13.0,1,5,34,0,0,17,0,2,5,0
12000278,0.0,0.05,0.25,1.18084375,1.2,0.019156249999999996,5,19.15625,3.9375,0.0625,0.140625,0.0,0.5625000000000003,0.3710937500000003,0.027617446025168055,0.050157765097513136,0.027617446025168055,0.050157765097513136,-0.24999999999999994,1.45,3.0,10.0,1,10,44,0,0,9,0,0,0,0
12000279,0.0,0.3,0.5,3.1691406250000003,3.2,0.030859375000000015,10,30.859375,4.734375,0.109375,0.265625,0.0,0.5718750000000006,0.3687500000000003,3.085318216887267e-08,0.2998719761967887,3.085318216887267e-08,0.2998719761967887,-1.2000000000000004,4.3999999999999995,16.0,8.0,0,8,48,0,1,7,0,0,0,0
12000280,0.0,0.05,0.5,1.8971250000000002,1.9000000000000001,0.0028750000000000017,3,2.875,1.46875,0.078125,0.125,0.0,0.5781250000000004,0.40390625000000013,0.27730359750251604,0.05001036243381453,0.27730359750251604,0.05001036243381453,-0.65,2.55,4.0,9.0,1,4,37,0,0,21,0,1,0,0
12000281,0.0,0.05,0.25,1.1451406249999998,1.15,0.0048593750000000034,5,4.859375,1.703125,0.0625,0.140625,0.03125,0.5870967741935489,0.3983870967741939,0.1563982925144548,0.05005261838240244,0.1563982925144548,0.05005261838240244,-0.3,1.45,3.0,10.0,0,3,39,0,1,19,0,0,0,2
12000282,0.0,0.05,0.5,1.5494843749999998,1.5499999999999998,0.0005156250000000003,1,0.515625,0.515625,0.0625,0.078125,0.0,0.5781250000000006,0.43203125000000037,0.3383363659264412,0.050000348665539616,0.3383363659264412,0.050000348665539616,-0.25,1.7999999999999998,2.0,7.0,1,4,25,0,0,33,0,1,0,0
12000283,0.0,0.05,0.75,11.0485625,11.1,0.051437500000000025,-11,51.4375,6.46875,0.234375,0.0625,0.0,0.5968750000000007,0.5398437499999996,0.9518301045007574,0.07610536668305466,0.9518301045007574,0.07610536668305466,-0.2,11.3,1.0,18.0,0,0,1,0,0,45,0,1,17,0
12000284,1.0,0.3,0.75,1.4082187499999965,1.4999999999999964,0.09178125000000001,-17,91.78125,8.21875,0.390625,0.125,0.0,0.5875000000000006,0.5539062499999995,0.999999999361726,0.29999975156857006,0.999999999361726,0.29999975156857006,-2.8499999999999988,4.35,18.0,15.0,0,1,4,0,0,31,0,3,25,0
12000285,1.0,0.05,0.5,0.4686562499999982,0.4999999999999982,0.031343750000000004,-9,31.34375,5.09375,0.203125,0.0625,0.0,0.5593750000000004,0.5445312499999997,0.9533646266388717,0.05667427815685433,0.9533646266388717,0.05667427815685433,-0.6499999999999999,1.1500000000000004,5.0,12.0,1,0,0,1,1,41,0,8,12,0
12000286,1.0,0.3,0.5,2.1864374999999994,2.1999999999999993,0.01356250000000001,-5,13.5625,3.40625,0.171875,0.09375,0.015625,0.5809523809523814,0.5047619047619046,0.8122009117395818,0.05309647631314453,0.8122009117395818,0.05309647631314453,-1.9999999999999998,4.199999999999999,10.0,7.0,0,2,6,0,0,45,0,4,6,1
12000287,0.0,0.3,0.25,1.9296249999999997,1.9999999999999998,0.07037500000000002,14,70.375,6.90625,0.078125,0.296875,0.0,0.5718750000000006,0.37109375000000033,9.279784580767827e-10,0.29998269511024944,9.279784580767827e-10,0.29998269511024944,-1.25,3.2499999999999996,16.0,8.0,0,9,46,0,0,9,0,0,0,0
12000288,0.0,0.05,0.5,3.7986562499999996,3.8,0.0013437500000000008,0,1.34375,0.9375,0.125,0.125,0.015625,0.5714285714285718,0.42142857142857154,0.4659121913313541,0.050046880780806303,0.4659121913313541,0.050046880780806303,-0.2,3.999999999999999,1.0,15.0,1,6,29,0,0,24,0,1,2,1
12000289,0.0,0.3,0.5,4.387984375,4.4,0.012015625000000007,7,12.015625,2.859375,0.15625,0.265625,0.015625,0.574603174603175,0.3880952380952383,5.256589547098528e-07,0.2998468273972062,5.256589547098528e-07,0.2998468273972062,-1.7500000000000002,6.149999999999999,16.0,11.0,0,7,41,0,0,14,0,1,0,1
12000290,1.0,0.05,0.75,-1.0748593750000017,-1.0000000000000018,0.07485937500000002,-14,74.859375,7.984375,0.265625,0.046875,0.0,0.5781250000000007,0.5703124999999996,0.9995548429786255,0.23743205286084154,0.9995548429786255,0.23743205286084154,-0.30000000000000004,-0.6999999999999996,3.0,17.0,0,0,0,1,0,33,1,3,26,0
12000291,1.0,0.05,0.5,-0.030296875000000906,-8.881784197001252e-16,0.030296875000000018,-8,30.296875,4.984375,0.171875,0.046875,0.0,0.5812500000000005,0.5210937499999997,0.8343364011896695,0.05017298662444992,0.8343364011896695,0.05017298662444992,-0.5999999999999999,0.6000000000000002,3.0,11.0,0,2,5,1,0,40,0,2,14,0
12000292,1.0,0.3,0.5,0.8888124999999965,0.9999999999999964,0.11118749999999997,-17,111.1875,9.125,0.359375,0.09375,0.0,0.5875000000000006,0.5867187499999994,0.999999999621449,0.2999982460017608,0.999999999621449,0.2999982460017608,-2.5999999999999988,3.599999999999999,20.0,9.0,0,0,3,0,0,21,0,4,36,0
12000293,1.0,0.3,0.5,1.6972968749999902,1.79999999999999,0.10270312499999998,-17,102.703125,8.296875,0.390625,0.125,0.0,0.5843750000000006,0.5468749999999994,0.9999999999961697,0.29999998614212364,0.9999999999961697,0.29999998614212364,-2.9499999999999984,4.75,21.0,12.0,0,3,3,0,0,32,0,2,24,0
12000294,1.0,0.05,0.25,5.498296874999999,5.499999999999999,0.0017031250000000006,3,1.703125,0.953125,0.109375,0.15625,0.0,0.5843750000000006,0.4109375000000002,0.22352052383757945,0.05018445564123241,0.22352052383757945,0.05018445564123241,0.0,5.499999999999999,0.0,17.0,0,4,35,0,0,24,0,1,0,0
12000295,1.0,0.3,0.5,0.5900156249999928,0.7499999999999929,0.15998437500000004,-20,159.984375,10.734375,0.40625,0.09375,0.0,0.5937500000000007,0.5820312499999993,0.9999999999999741,0.299999995997867,0.9999999999999741,0.299999995997867,-2.9999999999999982,3.75,25.0,7.0,0,0,5,0,1,18,0,1,39,0
12000296,0.0,0.3,0.5,4.6183749999999995,4.699999999999999,0.08162500000000002,13,81.625,8.09375,0.15625,0.359375,0.0,0.5906250000000006,0.3593750000000003,2.8097338108662775e-15,0.2999999989857461,2.8097338108662775e-15,0.2999999989857461,-1.6000000000000008,6.300000000000002,21.0,12.0,0,3,57,0,0,4,0,0,0,0
12000297,1.0,0.3,0.75,-0.3466718750000093,-0.15000000000000924,0.19667187500000005,-21,196.671875,12.609375,0.390625,0.0625,0.0,0.6000000000000008,0.5914062499999995,0.9999999999997315,0.29999995270190516,0.9999999999997315,0.29999995270190516,-2.549999999999999,2.3999999999999995,21.0,8.0,0,0,0,0,0,25,0,0,39,0
12000298,0.0,0.05,0.25,1.4962031249999999,1.4999999999999998,0.0037968750000000025,3,3.796875,1.671875,0.0625,0.109375,0.015625,0.571428571428572,0.40952380952380996,0.08434604372786772,0.05001555344326157,0.08434604372786772,0.05001555344326157,-0.25,1.7499999999999998,2.0,9.0,0,8,31,0,0,23,0,1,0,1
12000299,1.0,0.05,0.25,2.6352343749999987,2.6499999999999986,0.014765625000000011,-2,14.765625,3.609375,0.109375,0.078125,0.0,0.5812500000000006,0.49296875,0.5329218208710303,0.05000839764605,0.5329218208710303,0.05000839764605,-0.5999999999999999,3.2500000000000004,3.0,9.0,0,1,8,0,0,49,1,3,2,0
12000300,0.0,0.3,0.25,2.5944062499999987,2.699999999999999,0.10559374999999999,12,105.59375,9.125,0.09375,0.28125,0.0,0.5906250000000006,0.3593750000000003,4.770993356413415e-10,0.2999822879269811,4.770993356413415e-10,0.2999822879269811,-0.9500000000000002,3.6499999999999995,16.0,8.0,0,3,57,0,0,4,0,0,0,0
12000301,1.0,0.3,0.75,-1.1987343750000072,-1.000000000000007,0.19873437500000007,-21,198.734375,13.078125,0.359375,0.03125,0.0,0.5937500000000007,0.6054687499999993,0.999999999999558,0.2999997311717295,0.999999999999558,0.2999997311717295,-1.9000000000000004,0.8999999999999999,21.0,4.0,0,0,0,0,0,19,0,2,43,0
12000302,0.0,0.3,0.5,3.5107812500000004,3.6000000000000005,0.08921875000000003,17,89.21875,8.40625,0.140625,0.40625,0.0,0.5625000000000003,0.36171875000000026,3.9020642310815185e-17,0.2999999999584062,3.9020642310815185e-17,0.2999999999584062,-1.8000000000000005,5.4,24.0,11.0,1,10,48,0,0,5,0,0,0,0
12000303,0.0,0.05,0.25,2.2973906249999994,2.2999999999999994,0.002609375000000002,1,2.609375,1.421875,0.09375,0.109375,0.0,0.5718750000000005,0.4132812500000002,0.4696737686130889,0.05000248307496754,0.4696737686130889,0.05000248307496754,-0.4,2.6999999999999997,2.0,11.0,1,5,33,0,1,22,0,1,1,0
12000304,0.0,0.3,0.25,-0.7312968750000001,-0.55,0.18129687500000002,25,181.296875,11.296875,0.03125,0.421875,0.0,0.5781250000000006,0.36171875000000026,5.026403471498949e-20,0.29999999998016974,5.026403471498949e-20,0.29999999998016974,-1.6000000000000008,1.0499999999999998,24.0,5.0,0,7,52,0,0,5,0,0,0,0
12000305,0.0,0.05,0.25,4.244406249999999,4.249999999999999,0.005593750000000004,-1,5.59375,2.03125,0.109375,0.09375,0.0,0.5906250000000006,0.4765625000000001,0.36770978103373253,0.0500093626142254,0.36770978103373253,0.0500093626142254,-0.6500000000000001,4.8999999999999995,4.0,9.0,0,2,12,0,0,46,0,1,3,0
12000306,0.0,0.05,0.75,5.148843749999998,5.149999999999999,0.0011562500000000006,0,1.15625,0.8125,0.171875,0.171875,0.0,0.5625000000000003,0.4343750000000001,0.04815651022277927,0.060364436467564085,0.04815651022277927,0.060364436467564085,-1.7,6.849999999999998,9.0,13.0,1,6,25,0,0,28,0,4,0,0
12000307,0.0,0.3,0.5,3.4266718750000007,3.500000000000001,0.07332812500000001,14,73.328125,7.390625,0.125,0.34375,0.0,0.5687500000000004,0.3664062500000003,2.1996841464139677e-13,0.29999997485013147,2.1996841464139677e-13,0.29999997485013147,-1.5000000000000002,5.0,21.0,9.0,0,9,48,0,1,6,0,0,0,0
12000308,0.0,0.3,0.5,2.5891875000000013,2.6500000000000012,0.06081250000000003,16,60.8125,6.5,0.109375,0.359375,0.0,0.5750000000000005,0.3640625000000003,6.885694848974993e-14,0.2999999834609596,6.885694848974993e-14,0.2999999834609596,-1.6500000000000001,4.3,21.0,9.0,0,8,50,0,0,6,0,0,0,0
12000309,1.0,0.05,0.5,4.046046874999999,4.049999999999999,0.003953125000000003,-1,3.953125,1.765625,0.140625,0.125,0.0,0.5718750000000005,0.4859374999999998,0.9680903647650624,0.051147501478987896,0.9680903647650624,0.051147501478987896,-0.10000000000000009,4.15,2.0,15.0,0,3,12,0,0,40,1,4,4,0
12000310,1.0,0.3,0.75,0.5075468749999986,0.6499999999999986,0.14245312499999993,-16,142.453125,10.515625,0.328125,0.078125,0.0,0.5843750000000006,0.5796874999999995,0.9999997171764876,0.29987920383132244,0.9999997171764876,0.29987920383132244,-2.05,2.7,16.0,10.0,0,0,0,0,0,30,1,3,30,0
12000311,0.0,0.3,0.5,6.694765625000001,6.700000000000001,0.005234375000000002,4,5.234375,1.859375,0.203125,0.265625,0.0,0.5812500000000006,0.39453125000000033,2.0190902387287446e-08,0.299971844669746,2.0190902387287446e-08,0.299971844669746,-1.8000000000000003,8.5,16.0,14.0,0,6,40,0,0,17,0,0,1,0
12000312,0.0,0.3,0.25,-1.0167031250000005,-0.9000000000000006,0.11670312499999999,17,116.703125,9.671875,0.015625,0.28125,0.0,0.5718750000000005,0.3593750000000002,1.11032922656578e-09,0.29987683028344503,1.11032922656578e-09,0.29987683028344503,-1.5500000000000005,0.6499999999999999,18.0,1.0,0,8,52,0,1,3,0,0,0,0
12000313,1.0,0.3,0.5,2.884062500000003,2.950000000000003,0.06593750000000001,-11,65.9375,7.1875,0.328125,0.15625,0.0,0.5750000000000005,0.5703124999999996,0.999997284407409,0.2999643661530603,0.999997284407409,0.2999643661530603,-3.5999999999999996,6.55,20.0,11.0,0,0,0,0,0,34,1,6,23,0
12000314,0.0,0.3,0.5,4.132109375,4.2,0.06789062500000004,11,67.890625,6.765625,0.140625,0.3125,0.0,0.5625000000000006,0.3640625000000003,8.941086276385128e-12,0.2999997144306938,8.941086276385128e-12,0.2999997144306938,-1.2500000000000002,5.45,18.0,11.0,2,8,48,0,0,6,0,0,0,0
12000315,0.0,0.3,0.25,0.7722343749999997,0.8499999999999996,0.07776562499999999,15,77.765625,7.859375,0.0625,0.296875,0.0,0.5812500000000005,0.36171875000000026,6.280670382807808e-10,0.2999713888676027,6.280670382807808e-10,0.2999713888676027,-1.4500000000000002,2.3,18.0,5.0,1,4,54,0,0,5,0,0,0,0
12000316,0.0,0.05,0.25,2.6492499999999994,2.6499999999999995,0.0007500000000000004,2,0.75,0.625,0.09375,0.125,0.015625,0.5809523809523816,0.41190476190476216,0.206159903683893,0.05003841382280182,0.206159903683893,0.05003841382280182,-0.3,2.9499999999999997,3.0,11.0,0,5,33,0,0,24,0,1,0,1
12000317,0.0,0.3,0.75,3.7435781250000004,3.8000000000000003,0.05642187500000001,13,56.421875,6.703125,0.140625,0.34375,0.0,0.5750000000000005,0.36406250000000023,1.875737057727694e-13,0.29999998114684967,1.875737057727694e-13,0.29999998114684967,-1.8500000000000005,5.65,22.0,9.0,1,5,52,0,1,5,0,0,0,0
12000318,0.0,0.3,0.5,1.6003281249999994,1.6499999999999995,0.049671875000000025,12,49.671875,6.328125,0.078125,0.265625,0.0,0.5750000000000005,0.3640625000000003,1.1216505174321561e-07,0.2994045436544799,1.1216505174321561e-07,0.2994045436544799,-1.1000000000000003,2.7499999999999996,15.0,7.0,0,8,50,0,0,6,0,0,0,0
12000319,0.0,0.3,0.75,2.9608437500000013,3.0000000000000013,0.03915625000000001,13,39.15625,4.84375,0.125,0.328125,0.015625,0.5777777777777782,0.37380952380952415,2.9269675837568714e-11,0.2999995591570395,2.9269675837568714e-11,0.2999995591570395,-2.0500000000000003,5.049999999999999,20.0,9.0,1,5,47,0,0,10,0,0,0,1
12000320,1.0,0.3,0.25,0.28329687499999506,0.399999999999995,0.11670312499999998,-19,116.703125,9.015625,0.390625,0.09375,0.0,0.5843750000000006,0.5726562499999994,0.9999999999418236,0.2999997124779502,0.9999999999418236,0.2999997124779502,-2.9999999999999982,3.3999999999999995,21.0,10.0,0,1,2,0,0,27,0,4,30,0
12000321,1.0,0.05,0.25,1.9319531249999984,1.9499999999999984,0.018046875000000004,-3,18.046875,3.609375,0.140625,0.09375,0.0,0.5687500000000005,0.4929687499999998,0.7424723380909674,0.05011368425908361,0.7424723380909674,0.05011368425908361,-0.3999999999999999,2.3500000000000005,2.0,13.0,1,1,10,1,0,42,0,5,4,0
12000322,1.0,0.3,0.25,4.937015624999999,4.949999999999999,0.012984375000000008,-5,12.984375,3.015625,0.265625,0.1875,0.0,0.5812500000000005,0.4812499999999996,0.9436671898186144,0.28341226510870077,0.9436671898186144,0.28341226510870077,-3.450000000000001,8.399999999999999,14.0,15.0,0,1,21,0,0,28,1,3,10,0
12000323,0.0,0.3,0.75,0.38203124999999893,0.599999999999999,0.21796875000000002,24,217.96875,12.84375,0.0625,0.4375,0.0,0.5812500000000005,0.3640625000000003,3.100486363862928e-20,0.29999999999435323,3.100486363862928e-20,0.29999999999435323,-1.9500000000000008,2.55,27.0,5.0,1,4,53,0,0,6,0,0,0,0
12000324,1.0,0.3,0.5,2.215515624999997,2.299999999999997,0.08448437499999999,-15,84.484375,7.640625,0.359375,0.125,0.0,0.5812500000000005,0.5632812499999995,0.9999999982754806,0.2999993017230749,0.9999999982754806,0.2999993017230749,-2.749999999999999,5.049999999999999,20.0,11.0,0,0,1,0,1,34,1,3,24,0
12000325,0.0,0.3,0.25,0.46401562499999965,0.5999999999999996,0.135984375,21,135.984375,10.109375,0.0625,0.390625,0.0,0.5781250000000006,0.3593750000000002,2.0001785234545072e-16,0.2999999984812042,2.0001785234545072e-16,0.2999999984812042,-1.5000000000000004,2.0999999999999996,22.0,7.0,2,3,55,0,0,4,0,0,0,0
12000326,1.0,0.3,0.5,0.9943593750000025,1.0500000000000025,0.05564062500000002,-13,55.640625,5.953125,0.296875,0.09375,0.0,0.5906250000000006,0.5515624999999994,0.9999982270924977,0.299614918669478,0.9999982270924977,0.299614918669478,-2.25,3.3,15.0,10.0,0,1,7,0,0,26,0,2,28,0
12000327,1.0,0.05,0.5,3.7942656249999973,3.799999999999997,0.005734375000000003,-1,5.734375,2.015625,0.15625,0.140625,0.015625,0.5650793650793655,0.44285714285714306,0.3193904732280592,0.050413613949519785,0.3193904732280592,0.050413613949519785,-0.9000000000000001,4.699999999999999,3.0,16.0,2,3,23,0,0,31,1,2,1,1
12000328,0.0,0.3,0.5,2.386531249999999,2.4499999999999993,0.06346875,14,63.46875,6.1875,0.09375,0.3125,0.03125,0.5806451612903233,0.3717741935483873,1.657689583661977e-12,0.29999972561392857,1.657689583661977e-12,0.29999972561392857,-1.1500000000000001,3.5999999999999996,18.0,8.0,0,6,47,0,0,9,0,0,0,2
12000329,1.0,0.3,0.5,1.9569062500000018,2.0000000000000018,0.04309375,-9,43.09375,5.46875,0.25,0.109375,0.0,0.5718750000000006,0.5421874999999995,0.9776683607735781,0.23416474204161838,0.9776683607735781,0.23416474204161838,-2.3499999999999996,4.35,12.0,11.0,1,2,1,1,0,37,0,3,19,0
12000330,1.0,0.3,0.5,1.3375624999999922,1.4499999999999922,0.1124375,-17,112.4375,9.21875,0.375,0.109375,0.0,0.5812500000000006,0.5796874999999995,0.9999999999913362,0.29999990482270333,0.9999999999913362,0.29999990482270333,-3.099999999999998,4.549999999999999,23.0,8.0,0,0,1,1,0,27,0,4,31,0
12000331,0.0,0.05,0.25,3.348031249999999,3.349999999999999,0.0019687500000000013,2,1.96875,1.1875,0.109375,0.140625,0.015625,0.5809523809523816,0.4095238095238097,0.35296241545477897,0.05010532849456671,0.35296241545477897,0.05010532849456671,-0.25,3.599999999999999,2.0,14.0,0,6,32,0,0,25,0,0,0,1
12000332,1.0,0.05,0.75,-0.34781249999999897,-0.29999999999999893,0.047812500000000015,-9,47.8125,5.84375,0.1875,0.046875,0.0,0.5968750000000007,0.5421874999999996,0.8900258646040087,0.05034578950518275,0.8900258646040087,0.05034578950518275,-0.25,-0.04999999999999982,2.0,13.0,0,0,4,0,0,38,0,1,21,0
12000333,1.0,0.05,0.75,-0.22125000000000108,-0.20000000000000107,0.021250000000000012,-7,21.25,3.84375,0.15625,0.046875,0.0,0.5906250000000006,0.5187499999999997,0.7061904407637538,0.050020519638814535,0.7061904407637538,0.050020519638814535,-1.15,0.95,5.0,8.0,0,0,6,0,0,44,0,3,11,0
12000334,1.0,0.05,0.5,0.8889999999999986,0.8999999999999986,0.011000000000000006,-7,11.0,2.6875,0.171875,0.0625,0.0,0.5906250000000006,0.4929687499999998,0.8266944351758029,0.05102361143023052,0.8266944351758029,0.05102361143023052,-0.75,1.6500000000000004,3.0,12.0,0,1,10,0,0,45,0,2,6,0
12000335,0.0,0.05,0.5,8.030062499999998,8.049999999999997,0.019937500000000007,-5,19.9375,4.21875,0.203125,0.125,0.0,0.5875000000000007,0.51640625,0.7562728205485595,0.0713994880817544,0.7562728205485595,0.0713994880817544,0.0,8.049999999999997,0.0,21.0,0,0,2,1,0,52,0,2,7,0
12000336,0.0,0.3,0.75,4.403796874999999,4.449999999999999,0.04620312500000002,8,46.203125,6.015625,0.140625,0.265625,0.0,0.5937500000000007,0.36406250000000023,2.5134962407056692e-08,0.29993956870802346,2.5134962407056692e-08,0.29993956870802346,-1.4000000000000004,5.85,17.0,9.0,0,2,56,0,0,6,0,0,0,0
12000337,1.0,0.05,0.5,1.5470781249999999,1.5499999999999998,0.002921875000000002,-1,2.921875,1.609375,0.078125,0.0625,0.015625,0.5841269841269847,0.47857142857142854,0.6152176107895926,0.050000566219827236,0.6152176107895926,0.050000566219827236,-0.3500000000000001,1.9000000000000004,1.0,8.0,0,2,11,0,0,46,0,3,1,1
12000338,1.0,0.3,0.5,0.324734374999995,0.399999999999995,0.07526562500000002,-17,75.265625,7.578125,0.34375,0.078125,0.0,0.5937500000000007,0.5492187499999994,0.9999999822600611,0.2999831614037838,0.9999999822600611,0.2999831614037838,-2.1999999999999993,2.5999999999999996,17.0,10.0,0,2,5,0,0,29,0,0,28,0
12000339,1.0,0.3,0.5,-0.6609531250000071,-0.5000000000000071,0.16095312500000006,-23,160.953125,10.671875,0.421875,0.0625,0.0,0.5875000000000007,0.5843749999999994,0.9999999999999875,0.2999999952138673,0.9999999999999875,0.2999999952138673,-2.9999999999999982,2.5,25.0,6.0,0,0,4,0,0,20,0,4,36,0
12000340,0.0,0.3,0.75,3.0942968749999995,3.1499999999999995,0.05570312500000002,11,55.703125,6.359375,0.140625,0.3125,0.0,0.5593750000000005,0.37578125000000034,7.66899964223498e-09,0.2999899724767457,7.66899964223498e-09,0.2999899724767457,-2.249999999999999,5.4,19.0,10.0,3,6,44,0,1,10,0,0,0,0
12000341,1.0,0.3,0.25,2.084265624999995,2.149999999999995,0.06573437500000003,-16,65.734375,6.484375,0.390625,0.140625,0.0,0.5687500000000004,0.5421874999999994,0.9999999999692848,0.299999969157311,0.9999999999692848,0.299999969157311,-3.9999999999999982,6.150000000000002,24.0,10.0,0,4,5,0,0,28,0,6,21,0
12000342,0.0,0.3,0.25,0.47964062499999977,0.5999999999999998,0.120359375,17,120.359375,9.640625,0.0625,0.328125,0.0,0.5687500000000004,0.3640625000000003,6.576402597158097e-11,0.2999962120717715,6.576402597158097e-11,0.2999962120717715,-1.7000000000000002,2.3,19.0,6.0,0,10,48,0,0,6,0,0,0,0
12000343,0.0,0.3,0.5,3.673390625000002,3.700000000000002,0.02660937500000001,12,26.609375,3.703125,0.125,0.3125,0.0,0.5718750000000005,0.38046875000000036,5.77840967199902e-11,0.2999991808476394,5.77840967199902e-11,0.2999991808476394,-1.4500000000000004,5.150000000000001,15.0,13.0,2,5,44,0,0,13,0,0,0,0
12000344,1.0,0.3,0.5,1.0073124999999978,1.0999999999999979,0.09268749999999999,-17,92.6875,8.53125,0.375,0.109375,0.0,0.5875000000000006,0.5609374999999994,0.9999999918110877,0.29999843554973826,0.9999999918110877,0.29999843554973826,-2.799999999999998,3.9,19.0,12.0,0,0,4,0,0,30,0,4,26,0
12000345,0.0,0.3,0.25,1.4127187499999991,1.5999999999999992,0.18728125000000012,20,187.28125,11.96875,0.078125,0.390625,0.0,0.5843750000000005,0.3664062500000003,1.7514435764308105e-17,0.2999999997236227,1.7514435764308105e-17,0.2999999997236227,-1.3000000000000007,2.9,20.0,10.0,0,3,54,1,0,6,0,0,0,0
12000346,0.0,0.3,0.75,5.051484375,5.1000000000000005,0.048515625,12,48.515625,6.515625,0.171875,0.359375,0.0,0.5656250000000005,0.3593750000000002,8.027086736508632e-15,0.29999999879524386,8.027086736508632e-15,0.29999999879524386,-1.8500000000000005,6.950000000000001,23.0,11.0,1,9,50,0,0,4,0,0,0,0
12000347,1.0,0.05,0.75,0.037156249999998926,0.049999999999998934,0.01284375000000001,-6,12.84375,3.1875,0.140625,0.046875,0.0,0.5937500000000007,0.4976562499999998,0.7419278867896146,0.05002259372740907,0.7419278867896146,0.05002259372740907,-0.3999999999999999,0.4500000000000002,2.0,10.0,0,0,11,0,0,43,0,2,8,0
12000348,1.0,0.05,0.75,-0.49139062500000286,-0.45000000000000284,0.04139062500000001,-10,41.390625,5.953125,0.203125,0.046875,0.015625,0.590476190476191,0.5285714285714284,0.8929089121590337,0.05141908410863849,0.8929089121590337,0.05141908410863849,-0.5999999999999999,0.15000000000000036,3.0,13.0,0,2,3,0,0,41,0,1,16,1
12000349,0.0,0.3,0.75,6.688703125,6.7,0.011296875000000005,7,11.296875,2.609375,0.21875,0.328125,0.015625,0.5746031746031751,0.3833333333333337,8.46048512997417e-13,0.2999999808101794,8.46048512997417e-13,0.2999999808101794,-2.249999999999999,8.95,21.0,14.0,0,7,43,0,0,12,0,1,0,1
12000350,0.0,0.3,0.5,4.117000000000001,4.150000000000001,0.033,9,33.0,4.65625,0.125,0.265625,0.0,0.5906250000000006,0.3734375000000003,2.0595107591530954e-09,0.29997918189941825,2.0595107591530954e-09,0.29997918189941825,-1.1000000000000003,5.249999999999998,17.0,8.0,0,3,51,0,0,10,0,0,0,0
12000351,1.0,0.05,0.25,4.297968750000001,4.300000000000001,0.002031250000000001,-1,2.03125,1.0,0.15625,0.140625,0.0,0.5781250000000004,0.46718750000000014,0.8488900031575752,0.05152145986990415,0.8488900031575752,0.05152145986990415,-0.7499999999999998,5.05,4.0,15.0,0,4,15,0,0,40,0,3,2,0
12000352,0.0,0.05,0.5,2.998828125,3.0,0.0011718750000000006,-1,1.171875,0.828125,0.09375,0.078125,0.015625,0.5682539682539688,0.45476190476190487,0.561737860248547,0.05000172330402149,0.561737860248547,0.05000172330402149,0.0,3.0,0.0,11.0,1,4,18,1,0,35,0,2,2,1
12000353,1.0,0.05,0.75,-1.541734375,-1.5,0.04173437500000001,-11,41.734375,5.234375,0.203125,0.03125,0.0,0.5875000000000007,0.5328124999999997,0.9780327582795147,0.051359311850896774,0.9780327582795147,0.051359311850896774,-0.44999999999999996,-1.05,3.0,12.0,0,2,1,0,1,43,0,1,16,0
12000354,1.0,0.05,0.25,5.6434999999999995,5.6499999999999995,0.006500000000000005,5,6.5,2.09375,0.046875,0.125,0.0,0.5843750000000005,0.3945312500000003,0.10254417058592505,0.05001149848632935,0.10254417058592505,0.05001149848632935,0.0,5.6499999999999995,0.0,11.0,0,5,40,0,0,19,0,0,0,0
12000355,1.0,0.05,0.5,0.8985781250000003,0.9000000000000004,0.0014218750000000008,-3,1.421875,0.796875,0.09375,0.046875,0.015625,0.5714285714285718,0.4642857142857144,0.8592542067783309,0.050004408603862016,0.8592542067783309,0.050004408603862016,-1.0999999999999999,2.0,4.0,5.0,1,4,15,1,0,37,0,1,4,1
12000356,1.0,0.05,0.5,1.8894374999999985,1.8999999999999986,0.010562500000000006,-5,10.5625,2.40625,0.171875,0.09375,0.0,0.5843750000000005,0.48593749999999963,0.7387962396082316,0.05110026810023306,0.7387962396082316,0.05110026810023306,-0.8,2.7,4.0,13.0,0,1,18,0,0,32,0,4,9,0
12000357,0.0,0.05,0.75,7.945546874999997,7.9499999999999975,0.004453125000000002,-6,4.453125,1.671875,0.1875,0.09375,0.0,0.5906250000000006,0.46484375000000006,0.8082175170141371,0.05734100762702631,0.8082175170141371,0.05734100762702631,-0.2,8.149999999999999,1.0,17.0,0,0,19,1,0,40,0,1,3,0
12000358,1.0,0.3,0.5,4.028656249999995,4.099999999999994,0.07134375000000003,-12,71.34375,7.0,0.34375,0.15625,0.0,0.5937500000000007,0.5492187499999995,0.9999999994615091,0.2999997899654725,0.9999999994615091,0.2999997899654725,-3.1499999999999986,7.25,22.0,10.0,0,0,4,0,0,35,0,2,23,0
12000359,1.0,0.3,0.25,1.4557187499999935,1.5499999999999936,0.09428125000000002,-16,94.28125,8.46875,0.359375,0.109375,0.0,0.5843750000000005,0.5726562499999994,0.9999999997656024,0.2999994087149213,0.9999999997656024,0.2999994087149213,-2.8999999999999986,4.449999999999999,22.0,8.0,0,1,0,0,0,31,0,4,28,0
12000360,1.0,0.05,0.75,-2.161609375,-2.0999999999999996,0.06160937500000001,-12,61.609375,6.734375,0.203125,0.015625,0.0,0.5843750000000006,0.5445312499999997,0.9867706131361264,0.05123045971527891,0.9867706131361264,0.05123045971527891,-0.5999999999999999,-1.4999999999999998,3.0,11.0,0,1,0,1,0,42,0,2,18,0
12000361,1.0,0.05,0.75,0.8294999999999997,0.8499999999999996,0.020500000000000015,-8,20.5,3.90625,0.1875,0.0625,0.0,0.5968750000000007,0.5140624999999998,0.9268561743225702,0.05461476801174264,0.9268561743225702,0.05461476801174264,-0.7,1.5500000000000003,5.0,11.0,0,0,6,0,0,46,0,1,11,0
12000362,1.0,0.05,0.25,1.749375,1.75,0.0006250000000000002,-1,0.625,0.53125,0.09375,0.078125,0.015625,0.5777777777777783,0.4404761904761908,0.5886212216478439,0.05000191787037067,0.5886212216478439,0.05000191787037067,-0.55,2.3000000000000003,2.0,9.0,1,2,24,1,0,33,0,1,1,1
12000363,1.0,0.05,0.5,3.1489531250000002,3.1500000000000004,0.0010468750000000005,-1,1.046875,0.734375,0.109375,0.09375,0.0,0.5593750000000003,0.4460937500000003,0.5166083982561221,0.05000983504948559,0.5166083982561221,0.05000983504948559,-0.19999999999999996,3.3499999999999996,1.0,12.0,1,8,18,0,0,33,0,3,1,0
12000364,1.0,0.05,0.75,0.3261249999999996,0.34999999999999964,0.023875000000000018,-6,23.875,4.5625,0.140625,0.046875,0.0,0.5781250000000004,0.5304687499999997,0.6151982653628153,0.05000749756370137,0.6151982653628153,0.05000749756370137,-0.55,0.9000000000000004,2.0,10.0,0,1,2,0,1,44,0,5,11,0
12000365,0.0,0.05,0.75,3.048453124999999,3.049999999999999,0.001546875000000001,0,1.546875,1.015625,0.09375,0.09375,0.0,0.5750000000000004,0.45781249999999996,0.08522844686662834,0.050009293614046026,0.08522844686662834,0.050009293614046026,-0.09999999999999998,3.1499999999999995,2.0,10.0,1,3,18,0,0,38,0,3,1,0
12000366,0.0,0.05,0.25,2.798171874999999,2.799999999999999,0.0018281250000000012,2,1.828125,1.078125,0.125,0.15625,0.015625,0.5746031746031751,0.41428571428571453,0.48870719211906594,0.050107672721716776,0.48870719211906594,0.050107672721716776,-0.2,2.999999999999999,1.0,17.0,0,7,30,0,0,25,0,1,0,1
12000367,1.0,0.05,0.25,4.34878125,4.35,0.0012187500000000009,1,1.21875,0.90625,0.109375,0.125,0.015625,0.5714285714285717,0.423809523809524,0.68257142031321,0.05001887710936098,0.68257142031321,0.05001887710936098,-1.1,5.449999999999999,4.0,11.0,0,9,23,0,0,31,0,0,0,1
12000368,0.0,0.05,0.5,5.292906249999999,5.299999999999999,0.007093750000000005,-1,7.09375,2.46875,0.140625,0.125,0.0,0.5812500000000005,0.4765625000000002,0.05201668228427451,0.050381756008542326,0.05201668228427451,0.050381756008542326,-0.3,5.599999999999999,3.0,14.0,0,4,10,0,0,46,0,2,2,0
12000369,1.0,0.05,0.25,3.296859375,3.3,0.003140625000000002,0,3.140625,1.546875,0.09375,0.09375,0.0,0.5906250000000007,0.4179687500000001,0.7894397357587671,0.050003909871748575,0.7894397357587671,0.050003909871748575,-0.7500000000000002,4.049999999999999,3.0,9.0,0,3,33,0,0,27,0,0,1,0
12000370,0.0,0.05,0.75,7.229109374999999,7.249999999999999,0.020890625000000003,-7,20.890625,3.921875,0.15625,0.046875,0.0,0.5875000000000007,0.5187499999999997,0.7122426418084552,0.05004229580653642,0.7122426418084552,0.05004229580653642,-0.4,7.6499999999999995,2.0,11.0,1,1,2,0,1,47,0,0,12,0
12000371,1.0,0.3,0.5,0.7612968749999961,0.8499999999999961,0.08870312499999998,-14,88.703125,8.296875,0.296875,0.078125,0.0,0.5937500000000007,0.5632812499999995,0.9999999390819225,0.29987862612340505,0.9999999390819225,0.29987862612340505,-2.0,2.85,16.0,8.0,0,0,1,0,0,35,0,2,26,0
12000372,1.0,0.05,0.5,0.8407656249999987,0.8499999999999988,0.009234375000000005,-5,9.234375,2.421875,0.15625,0.078125,0.015625,0.5777777777777783,0.476190476190476,0.4335649148312776,0.0500857767185063,0.4335649148312776,0.0500857767185063,-0.3500000000000001,1.2000000000000002,1.0,14.0,0,4,12,1,0,40,0,1,5,1
12000373,1.0,0.3,0.75,-0.9013593750000006,-0.8000000000000007,0.10135937499999997,-17,101.359375,8.703125,0.3125,0.046875,0.03125,0.5935483870967748,0.5556451612903222,0.9999990428832184,0.29949108663625773,0.9999990428832184,0.29949108663625773,-2.849999999999999,2.05,19.0,4.0,0,0,0,0,0,39,0,2,21,2
12000374,1.0,0.3,0.75,1.6992968749999973,1.7999999999999972,0.100703125,-16,100.703125,8.671875,0.359375,0.109375,0.0,0.5937500000000007,0.5749999999999995,0.9999999999063289,0.2999996512511504,0.9999999999063289,0.2999996512511504,-1.9000000000000001,3.6999999999999997,18.0,12.0,0,1,1,0,0,28,0,1,33,0
12000375,0.0,0.3,0.5,5.484375000000002,5.500000000000002,0.015625,8,15.625,2.5625,0.1875,0.3125,0.0,0.5750000000000005,0.3781250000000004,4.1408781690379715e-11,0.2999996640549569,4.1408781690379715e-11,0.2999996640549569,-1.6500000000000001,7.15,16.0,16.0,1,6,45,0,0,12,0,0,0,0
12000376,1.0,0.05,0.5,1.042671874999999,1.049999999999999,0.007328125000000006,-3,7.328125,2.578125,0.09375,0.046875,0.0,0.5937500000000007,0.4765625,0.700670752260129,0.05000195963525836,0.700670752260129,0.05000195963525836,-0.5999999999999999,1.65,3.0,6.0,0,1,11,0,0,50,0,1,1,0
12000377,1.0,0.05,0.5,3.3989999999999996,3.3999999999999995,0.0010000000000000007,-2,1.0,0.78125,0.15625,0.125,0.03125,0.583870967741936,0.439516129032258,0.41941361320812415,0.05046993669822394,0.41941361320812415,0.05046993669822394,-1.75,5.15,6.0,12.0,0,3,23,1,0,34,0,0,1,2
12000378,0.0,0.3,0.5,2.0449687499999993,2.1499999999999995,0.10503125000000002,16,105.03125,8.625,0.09375,0.34375,0.0,0.5781250000000004,0.36171875000000026,2.0200668804419558e-13,0.2999999343365884,2.0200668804419558e-13,0.2999999343365884,-1.6500000000000001,3.8,22.0,6.0,0,7,52,0,0,5,0,0,0,0
12000379,0.0,0.3,0.25,-0.7460156250000001,-0.6000000000000001,0.14601562499999998,22,146.015625,10.671875,0.03125,0.375,0.0,0.5750000000000005,0.3664062500000003,6.453827754754873e-16,0.29999999315626297,6.453827754754873e-16,0.29999999315626297,-1.5000000000000002,0.8999999999999999,21.0,5.0,0,6,52,0,0,5,1,0,0,0
12000380,1.0,0.05,0.5,-0.17881250000000037,-0.15000000000000036,0.028812500000000005,-9,28.8125,4.6875,0.203125,0.0625,0.015625,0.571428571428572,0.5214285714285712,0.8406868663676702,0.051555171814066776,0.8406868663676702,0.051555171814066776,-1.5999999999999999,1.4500000000000004,6.0,11.0,0,4,3,0,0,40,0,5,11,1
12000381,1.0,0.3,0.75,-0.7477812500000051,-0.600000000000005,0.14778125000000006,-19,147.78125,10.5625,0.34375,0.046875,0.0,0.5968750000000007,0.5796874999999995,0.9999999998651241,0.29999528870145253,0.9999999998651241,0.29999528870145253,-2.1999999999999993,1.5999999999999999,18.0,7.0,0,0,1,0,0,28,0,1,34,0
12000382,1.0,0.05,0.25,3.1489531249999994,3.1499999999999995,0.0010468750000000007,1,1.046875,0.765625,0.09375,0.109375,0.0,0.5812500000000006,0.4203125000000002,0.6125964257152048,0.05000216370101268,0.6125964257152048,0.05000216370101268,-1.4000000000000004,4.550000000000001,4.0,9.0,1,2,34,0,0,24,0,2,1,0
12000383,0.0,0.3,0.25,0.7814218749999997,0.8999999999999997,0.11857812499999996,18,118.578125,9.796875,0.0625,0.34375,0.0,0.5781250000000006,0.35703125000000024,2.435087216833389e-13,0.29999983896436866,2.435087216833389e-13,0.29999983896436866,-1.7000000000000004,2.5999999999999996,22.0,4.0,0,7,54,0,0,3,0,0,0,0
12000384,1.0,0.3,0.75,0.7246249999999954,0.7999999999999954,0.075375,-14,75.375,7.78125,0.296875,0.078125,0.0,0.5843750000000006,0.5656249999999995,0.9999966256253516,0.2991070610229383,0.9999966256253516,0.2991070610229383,-1.65,2.45,12.0,12.0,0,0,0,0,0,36,1,3,24,0
12000385,1.0,0.05,0.5,0.09237499999999875,0.09999999999999876,0.007625000000000004,-5,7.625,1.96875,0.125,0.046875,0.0,0.5906250000000006,0.4835937499999997,0.5783218112049271,0.05000373694944715,0.5783218112049271,0.05000373694944715,-0.3999999999999999,0.5,2.0,9.0,0,2,13,0,0,41,0,1,7,0
12000386,0.0,0.05,0.25,0.42289062499999974,0.44999999999999973,0.02710937500000001,8,27.109375,4.921875,0.0625,0.1875,0.0,0.5687500000000005,0.38281250000000033,0.014515332313949865,0.05259032909355638,0.014515332313949865,0.05259032909355638,-1.2,1.6499999999999997,6.0,10.0,1,7,44,0,0,10,0,1,1,0
12000387,0.0,0.05,0.5,5.148109375000001,5.15,0.0018906250000000012,-1,1.890625,1.171875,0.15625,0.140625,0.0,0.5812500000000006,0.4296875000000002,0.23582293262598317,0.05039169876798333,0.23582293262598317,0.05039169876798333,-0.7,5.85,5.0,14.0,0,5,28,0,0,28,0,1,2,0
12000388,1.0,0.05,0.5,3.496249999999999,3.499999999999999,0.0037500000000000025,-2,3.75,1.59375,0.15625,0.125,0.0,0.5812500000000007,0.46015625000000004,0.19493114752536891,0.050189873466759564,0.19493114752536891,0.050189873466759564,-0.3999999999999999,3.8999999999999995,2.0,16.0,0,1,21,0,0,37,2,1,2,0
12000389,0.0,0.3,0.75,5.9752968750000015,6.000000000000002,0.024703125000000003,7,24.703125,3.765625,0.171875,0.28125,0.0,0.5875000000000006,0.3734375000000003,1.2667766651013237e-10,0.2999982228223025,1.2667766651013237e-10,0.2999982228223025,-0.75,6.75,15.0,14.0,0,4,50,0,0,10,0,0,0,0
12000390,1.0,0.05,0.75,0.9216093749999993,0.9499999999999993,0.028390625000000003,-6,28.390625,4.859375,0.15625,0.0625,0.0,0.5875000000000006,0.5281249999999998,0.7498328906438821,0.05009288778915685,0.7498328906438821,0.05009288778915685,-0.3999999999999999,1.35,2.0,12.0,0,0,4,0,1,43,0,3,13,0
12000391,1.0,0.3,0.75,-2.7124062500000066,-2.4500000000000064,0.26240625,-28,262.40625,13.71875,0.453125,0.015625,0.0,0.5875000000000006,0.5914062499999994,0.9999999999999999,0.29999999978344943,0.9999999999999999,0.29999999978344943,-2.849999999999998,0.40000000000000013,26.0,4.0,0,0,2,0,0,21,0,4,37,0
12000392,1.0,0.3,0.75,0.11545312500000357,0.25000000000000355,0.13454687499999998,-18,134.546875,10.546875,0.359375,0.078125,0.0,0.5937500000000007,0.5726562499999996,0.9999999964275588,0.2999936432060882,0.9999999964275588,0.2999936432060882,-2.6499999999999986,2.9,19.0,9.0,0,0,0,0,0,33,0,2,29,0
12000393,0.0,0.05,0.5,3.5979843749999993,3.599999999999999,0.0020156250000000014,-2,2.015625,1.265625,0.109375,0.078125,0.015625,0.5650793650793656,0.46190476190476204,0.5730103339168972,0.05000457037835229,0.5730103339168972,0.05000457037835229,-0.2,3.7999999999999994,1.0,11.0,2,3,15,1,0,38,1,0,3,1
12000394,0.0,0.05,0.5,3.495890624999999,3.499999999999999,0.004109375000000003,1,4.109375,1.765625,0.125,0.140625,0.015625,0.574603174603175,0.45476190476190503,0.04243168132866123,0.0509733231048581,0.04243168132866123,0.0509733231048581,-1.1500000000000001,4.6499999999999995,7.0,10.0,0,4,17,1,0,39,0,2,0,1
12000395,0.0,0.05,0.75,6.1895468750000004,6.2,0.010453125000000008,-5,10.453125,2.546875,0.171875,0.09375,0.0,0.5593750000000004,0.49531249999999977,0.2297518923482093,0.050049191091768974,0.2297518923482093,0.050049191091768974,-0.55,6.75,2.0,15.0,3,1,9,0,0,40,0,6,5,0
12000396,1.0,0.05,0.75,-1.2186093750000002,-1.2000000000000002,0.018609375000000008,-7,18.609375,3.484375,0.125,0.015625,0.0,0.5843750000000006,0.5093749999999997,0.9126282988664115,0.0500052826616283,0.9126282988664115,0.0500052826616283,-0.7999999999999998,-0.40000000000000013,4.0,5.0,0,3,7,0,0,40,0,2,12,0
12000397,1.0,0.05,0.25,2.3493281249999995,2.3499999999999996,0.0006718750000000005,0,0.671875,0.671875,0.078125,0.078125,0.015625,0.5714285714285721,0.4380952380952381,0.7849090106918609,0.05000114557451728,0.7849090106918609,0.05000114557451728,-0.75,3.1000000000000005,3.0,7.0,0,5,23,0,0,33,2,0,0,1
12000398,0.0,0.3,0.25,-0.8470156250000003,-0.7500000000000002,0.09701562500000001,19,97.015625,8.703125,0.03125,0.328125,0.0,0.5718750000000004,0.3640625000000003,1.7195845085032663e-11,0.2999963327287224,1.7195845085032663e-11,0.2999963327287224,-1.7500000000000002,0.9999999999999998,18.0,5.0,0,9,50,0,0,4,0,0,1,0
12000399,1.0,0.3,0.5,1.239281249999988,1.399999999999988,0.16071874999999997,-18,160.71875,11.28125,0.390625,0.109375,0.0,0.5937500000000007,0.5960937499999994,0.999999999999683,0.2999999838036229,0.999999999999683,0.2999999838036229,-1.9000000000000004,3.2999999999999994,20.0,12.0,0,1,0,0,0,21,0,1,41,0
12000400,0.0,0.05,0.75,5.7907343749999995,5.8,0.009265625000000006,-4,9.265625,2.796875,0.140625,0.078125,0.015625,0.5809523809523814,0.495238095238095,0.36973886060660266,0.050040347466114285,0.36973886060660266,0.050040347466114285,-0.8500000000000001,6.65,3.0,11.0,0,2,11,0,0,39,0,4,7,1
12000401,0.0,0.3,0.25,1.1984374999999994,1.2999999999999994,0.10156249999999997,18,101.5625,9.34375,0.078125,0.359375,0.0,0.5718750000000005,0.35703125000000024,2.0629479113087555e-14,0.2999999753358143,2.0629479113087555e-14,0.2999999753358143,-1.55,2.85,22.0,6.0,1,7,53,0,0,3,0,0,0,0
12000402,0.0,0.3,0.5,3.996968749999999,4.049999999999999,0.05303125000000002,7,53.03125,6.375,0.140625,0.25,0.0,0.5687500000000005,0.3664062500000003,1.0914826543680701e-06,0.29931110355958057,1.0914826543680701e-06,0.29931110355958057,-1.55,5.6,15.0,10.0,3,3,52,0,1,4,0,0,1,0
12000403,0.0,0.3,0.25,1.2410937499999994,1.3499999999999994,0.10890625000000001,19,108.90625,8.8125,0.078125,0.375,0.015625,0.5841269841269846,0.3595238095238098,3.38480099434409e-15,0.2999999950040324,3.38480099434409e-15,0.2999999950040324,-1.5,2.8499999999999996,21.0,8.0,0,5,54,0,0,4,0,0,0,1
12000404,0.0,0.05,0.5,6.346421874999999,6.349999999999999,0.0035781250000000023,-2,3.578125,1.578125,0.1875,0.15625,0.015625,0.5682539682539688,0.4642857142857143,0.6787152013244926,0.06585908032200055,0.6787152013244926,0.06585908032200055,-0.4,6.749999999999997,2.0,20.0,0,5,19,1,0,29,0,3,6,1
12000405,0.0,0.05,0.25,1.8982500000000002,1.9000000000000001,0.0017500000000000011,2,1.75,1.03125,0.078125,0.109375,0.0,0.5750000000000005,0.4179687500000003,0.45860427516527824,0.0500019709627668,0.45860427516527824,0.0500019709627668,-0.25,2.1500000000000004,2.0,10.0,1,3,34,0,0,23,0,3,0,0
12000406,0.0,0.05,0.25,0.1963281249999999,0.1999999999999999,0.0036718750000000024,4,3.671875,1.390625,0.03125,0.09375,0.015625,0.5777777777777782,0.42142857142857165,0.24007713710639614,0.050000714014446924,0.24007713710639614,0.050000714014446924,-0.5,0.7,2.0,6.0,0,6,28,0,0,28,0,1,0,1
12000407,1.0,0.05,0.75,-1.6617656250000015,-1.6000000000000014,0.061765625000000025,-12,61.765625,6.703125,0.203125,0.015625,0.0,0.5906250000000006,0.5585937499999996,0.9869228415216434,0.052084215209751955,0.9869228415216434,0.052084215209751955,-0.7999999999999998,-0.7999999999999998,4.0,10.0,0,0,3,0,0,33,0,3,25,0
12000408,1.0,0.05,0.75,0.8082500000000015,0.8500000000000014,0.04175000000000001,-8,41.75,5.9375,0.203125,0.078125,0.015625,0.5841269841269846,0.5380952380952377,0.8393578200084832,0.0546866303718627,0.8393578200084832,0.0546866303718627,-0.5499999999999998,1.4000000000000001,3.0,15.0,0,0,0,0,0,47,1,3,12,1
12000409,1.0,0.05,0.75,0.005671875000000701,0.05000000000000071,0.04432812500000001,-9,44.328125,5.796875,0.203125,0.0625,0.0,0.5781250000000007,0.5374999999999996,0.9306457031281169,0.05230138321163674,0.9306457031281169,0.05230138321163674,-0.8499999999999999,0.9000000000000001,5.0,12.0,1,3,0,0,0,40,0,2,18,0
12000410,0.0,0.05,0.25,1.8972343749999996,1.8999999999999997,0.0027656250000000016,3,2.765625,1.203125,0.078125,0.125,0.0,0.5875000000000006,0.4015625000000003,0.3898318709397205,0.05000556024070079,0.3898318709397205,0.05000556024070079,-0.2,2.1,1.0,12.0,1,1,40,0,1,21,0,0,0,0
12000411,1.0,0.3,0.5,-0.5768125000000086,-0.3500000000000085,0.22681250000000003,-25,226.8125,12.78125,0.46875,0.078125,0.0,0.5875000000000006,0.5820312499999994,1.0,0.2999999999544258,1.0,0.2999999999544258,-3.299999999999999,2.9499999999999997,27.0,8.0,0,0,4,0,0,21,0,4,35,0
12000412,1.0,0.05,0.75,-1.6783906250000005,-1.6500000000000004,0.028390625000000006,-10,28.390625,4.328125,0.171875,0.015625,0.0,0.5812500000000006,0.5164062499999996,0.94928092333626,0.050103630433278555,0.94928092333626,0.050103630433278555,-0.44999999999999996,-1.1999999999999997,3.0,9.0,0,3,5,0,0,41,0,3,12,0
12000413,0.0,0.05,0.25,1.1822968749999998,1.1999999999999997,0.01770312500000001,6,17.703125,3.640625,0.0625,0.15625,0.0,0.5718750000000005,0.38515625000000037,0.01688392604812898,0.050603971002799335,0.01688392604812898,0.050603971002799335,-0.4499999999999999,1.6499999999999997,5.0,9.0,1,6,43,0,0,13,0,1,0,0
12000414,1.0,0.3,0.75,-0.14481249999999968,-0.09999999999999964,0.04481250000000002,-12,44.8125,5.65625,0.25,0.0625,0.0,0.5750000000000005,0.5421874999999997,0.9840799547182332,0.13043717478439235,0.9840799547182332,0.13043717478439235,-1.6999999999999997,1.6,10.0,10.0,0,0,1,1,0,43,0,6,13,0
12000415,1.0,0.3,0.75,0.32834374999999294,0.4999999999999929,0.17165624999999995,-18,171.65625,12.09375,0.359375,0.078125,0.0,0.5968750000000007,0.6031249999999994,0.999999999965431,0.29999907302310924,0.999999999965431,0.29999907302310924,-2.3,2.7999999999999994,19.0,9.0,0,0,0,0,0,20,0,1,43,0
12000416,1.0,0.05,0.5,-0.2706406250000009,-0.2500000000000009,0.02064062500000001,-8,20.640625,3.765625,0.171875,0.046875,0.0,0.5968750000000007,0.5093749999999998,0.8593301211173616,0.05018400233680764,0.8593301211173616,0.05018400233680764,-1.0,0.75,5.0,9.0,0,0,7,0,0,46,0,1,10,0
12000417,1.0,0.3,0.5,1.286281249999992,1.4499999999999922,0.16371875000000002,-21,163.71875,11.21875,0.4375,0.109375,0.0,0.5937500000000007,0.5960937499999993,0.9999999999999962,0.2999999996276513,0.9999999999999962,0.2999999996276513,-3.2499999999999982,4.699999999999999,27.0,8.0,0,0,0,0,0,23,0,2,39,0
12000418,0.0,0.3,0.5,4.944031250000002,5.000000000000002,0.05596875000000002,13,55.96875,6.15625,0.15625,0.359375,0.0,0.5875000000000006,0.36171875000000026,1.4441759350367335e-16,0.2999999997655726,1.4441759350367335e-16,0.2999999997655726,-1.4000000000000006,6.399999999999999,23.0,10.0,0,4,55,0,0,5,0,0,0,0
12000419,0.0,0.05,0.25,1.1968750000000001,1.2000000000000002,0.003125000000000002,4,3.125,1.40625,0.0625,0.125,0.0,0.5812500000000006,0.42734375,0.208745430394959,0.05001019426507646,0.208745430394959,0.05001019426507646,-0.25,1.45,2.0,10.0,1,3,30,0,0,27,0,1,2,0
12000420,0.0,0.3,0.25,1.8663437499999997,1.9999999999999998,0.13365624999999998,18,133.65625,9.875,0.09375,0.375,0.0,0.5843750000000006,0.35703125000000024,1.0241338891934984e-15,0.2999999975223122,1.0241338891934984e-15,0.2999999975223122,-1.2000000000000002,3.1999999999999993,19.0,11.0,1,3,57,0,0,3,0,0,0,0
12000421,0.0,0.3,0.25,1.1407499999999997,1.1999999999999997,0.05925,10,59.25,7.0625,0.0625,0.21875,0.0,0.5687500000000005,0.3593750000000003,2.373202219455951e-05,0.2613745714139045,2.373202219455951e-05,0.2613745714139045,-0.9000000000000004,2.0999999999999996,12.0,6.0,2,6,52,0,0,4,0,0,0,0
12000422,0.0,0.3,0.75,4.938062499999999,4.949999999999999,0.011937500000000009,5,11.9375,2.875,0.171875,0.25,0.015625,0.5841269841269847,0.38809523809523844,3.408742509725594e-05,0.29836147487980375,3.408742509725594e-05,0.29836147487980375,-2.05,7.0,15.0,12.0,0,3,44,1,0,15,0,0,0,1
12000423,1.0,0.05,0.75,-0.03304687500000177,-1.7763568394002505e-15,0.033046874999999996,-7,33.046875,5.453125,0.15625,0.046875,0.0,0.5718750000000005,0.5304687499999998,0.7638259491963794,0.05003286672437126,0.7638259491963794,0.05003286672437126,-0.75,0.7500000000000004,3.0,10.0,0,0,1,1,0,48,0,7,7,0
12000424,0.0,0.05,0.25,-0.4595781249999999,-0.4499999999999999,0.009578125000000007,5,9.578125,2.671875,0.015625,0.09375,0.0,0.5718750000000005,0.3921875000000003,0.11384690712935835,0.050000785792888906,0.11384690712935835,0.050000785792888906,-0.09999999999999998,-0.3499999999999999,2.0,5.0,0,8,40,0,0,14,0,1,1,0
12000425,1.0,0.05,0.75,-1.1877968750000003,-1.1500000000000004,0.037796875,-10,37.796875,5.453125,0.1875,0.03125,0.0,0.5781250000000006,0.5328124999999997,0.9492315975394048,0.050355949038573225,0.9492315975394048,0.050355949038573225,-0.30000000000000004,-0.8499999999999996,3.0,11.0,0,3,2,0,0,40,0,4,15,0
12000426,1.0,0.05,0.5,2.692421874999998,2.6999999999999984,0.007578125000000006,-3,7.578125,2.671875,0.140625,0.09375,0.015625,0.5873015873015879,0.46190476190476193,0.732060163174093,0.05026566716557618,0.732060163174093,0.05026566716557618,-0.5999999999999999,3.3,3.0,12.0,0,3,16,0,0,41,0,1,2,1
12000427,1.0,0.05,0.25,2.9940937500000007,3.000000000000001,0.0059062500000000035,-3,5.90625,1.96875,0.171875,0.125,0.0,0.5812500000000006,0.45781250000000007,0.2035362228920335,0.05035292966693993,0.2035362228920335,0.05035292966693993,-1.4000000000000001,4.3999999999999995,5.0,14.0,1,2,21,0,1,33,0,1,5,0
12000428,1.0,0.3,0.5,-1.3686718750000049,-1.100000000000005,0.268671875,-26,268.671875,14.921875,0.453125,0.046875,0.0,0.5906250000000006,0.6171874999999993,1.0,0.29999999991896176,1.0,0.29999999991896176,-2.799999999999998,1.6999999999999997,27.0,5.0,0,0,0,0,0,14,0,3,47,0
12000429,1.0,0.3,0.5,1.7085312499999907,1.8499999999999908,0.14146875000000003,-21,141.46875,9.8125,0.453125,0.125,0.0,0.5937500000000007,0.5632812499999995,0.9999999999999998,0.2999999999851288,0.9999999999999998,0.2999999999851288,-3.4499999999999975,5.299999999999999,28.0,9.0,0,0,4,0,0,29,0,2,29,0
12000430,0.0,0.05,0.25,0.8825312499999997,0.8999999999999997,0.01746875000000001,8,17.46875,3.21875,0.046875,0.171875,0.015625,0.5746031746031751,0.3714285714285717,0.0021190778384209846,0.05991028080057755,0.0021190778384209846,0.05991028080057755,-0.3,1.1999999999999997,3.0,11.0,0,8,46,0,0,9,0,0,0,1
12000431,0.0,0.05,0.5,0.6482343749999999,0.6499999999999999,0.0017656250000000007,3,1.765625,0.828125,0.046875,0.09375,0.015625,0.5746031746031751,0.4142857142857146,0.182315114414373,0.05000118235445005,0.182315114414373,0.05000118235445005,-0.04999999999999999,0.7,1.0,8.0,1,5,31,0,0,25,0,1,0,1
12000432,0.0,0.3,0.25,0.035203125000000016,0.15000000000000002,0.114796875,19,114.796875,9.140625,0.046875,0.34375,0.0,0.5718750000000004,0.3593750000000003,4.394926078356346e-13,0.29999971752911,4.394926078356346e-13,0.29999971752911,-1.4500000000000004,1.5999999999999999,19.0,6.0,0,9,51,0,0,4,0,0,0,0
12000433,0.0,0.3,0.5,5.62709375,5.65,0.022906250000000006,7,22.90625,3.71875,0.1875,0.296875,0.0,0.5593750000000005,0.3734375000000003,1.2045360713784555e-09,0.29999777886314716,1.2045360713784555e-09,0.29999777886314716,-1.9500000000000002,7.600000000000001,19.0,12.0,2,9,43,0,0,10,0,0,0,0
12000434,0.0,0.05,0.25,4.04809375,4.05,0.0019062500000000013,1,1.90625,1.125,0.140625,0.15625,0.0,0.5781250000000006,0.4203125000000003,0.3705582673384972,0.05039907535613375,0.3705582673384972,0.05039907535613375,-0.39999999999999997,4.449999999999999,3.0,16.0,0,7,28,0,0,28,0,0,1,0
12000435,1.0,0.05,0.25,4.249078125,4.25,0.0009218750000000006,1,0.921875,0.734375,0.109375,0.125,0.046875,0.5672131147540989,0.40655737704918066,0.48893251857037523,0.050041637340930215,0.48893251857037523,0.050041637340930215,-0.8500000000000001,5.099999999999999,3.0,12.0,1,7,31,0,0,21,0,1,0,3
12000436,1.0,0.05,0.5,2.1978125,2.1999999999999997,0.0021875000000000015,-1,2.1875,1.3125,0.078125,0.0625,0.0,0.5843750000000006,0.4625000000000002,0.5491190339070041,0.0500007064819601,0.5491190339070041,0.0500007064819601,-0.3999999999999999,2.6,2.0,7.0,1,2,14,0,0,46,0,1,0,0
12000437,1.0,0.05,0.25,2.398515624999999,2.399999999999999,0.0014843750000000007,-1,1.484375,0.890625,0.109375,0.09375,0.015625,0.5841269841269847,0.45476190476190487,0.7496945385413212,0.050014000368246686,0.7496945385413212,0.050014000368246686,-2.0000000000000004,4.4,7.0,6.0,1,2,21,0,0,34,0,1,4,1
12000438,1.0,0.3,0.75,-1.003359375000005,-0.850000000000005,0.15335937500000002,-19,153.359375,10.171875,0.359375,0.0625,0.0,0.5875000000000006,0.5562499999999995,0.9999999768991847,0.2999702370821339,0.9999999768991847,0.2999702370821339,-2.6999999999999993,1.85,18.0,9.0,0,1,4,0,2,28,0,1,28,0
12000439,0.0,0.05,0.75,5.047171874999999,5.049999999999999,0.0028281250000000016,-2,2.828125,1.421875,0.140625,0.109375,0.0,0.5812500000000005,0.43203125,0.21889286313656905,0.05005395323549557,0.21889286313656905,0.05005395323549557,-0.6499999999999999,5.699999999999999,5.0,11.0,0,4,27,0,1,30,0,1,1,0
12000440,0.0,0.3,0.75,8.645390625000001,8.65,0.004609375000000002,-1,4.609375,1.828125,0.25,0.234375,0.03125,0.5903225806451619,0.43467741935483895,0.0010807983482416324,0.2981908684727335,0.0010807983482416324,0.2981908684727335,-2.4999999999999996,11.150000000000002,15.0,16.0,0,2,27,0,0,31,0,1,1,2
12000441,1.0,0.3,0.25,1.6829687499999937,1.7999999999999936,0.11703124999999999,-16,117.03125,9.09375,0.375,0.125,0.0,0.5875000000000006,0.5632812499999994,0.9999999963672648,0.29999912388356287,0.9999999963672648,0.29999912388356287,-3.4499999999999993,5.25,22.0,10.0,0,0,2,0,0,33,0,4,25,0
12000442,0.0,0.05,0.5,6.732312499999999,6.749999999999999,0.017687500000000005,-5,17.6875,3.5625,0.1875,0.109375,0.0,0.5750000000000005,0.5046874999999997,0.5546729590198024,0.05096111368119366,0.5546729590198024,0.05096111368119366,-0.2,6.949999999999998,1.0,18.0,1,1,9,0,0,40,0,5,8,0
12000443,1.0,0.3,0.5,1.8568281249999958,1.9499999999999957,0.09317187500000002,-16,93.171875,8.640625,0.359375,0.109375,0.0,0.5906250000000006,0.5726562499999995,0.9999999999836398,0.29999987089053376,0.9999999999836398,0.29999987089053376,-2.1500000000000004,4.1,19.0,11.0,0,0,0,0,0,33,0,3,28,0
12000444,1.0,0.3,0.5,-2.0776562499999986,-1.8999999999999986,0.17765625,-22,177.65625,11.78125,0.390625,0.046875,0.0,0.5843750000000006,0.5914062499999995,0.9999999997330635,0.29999748401743537,0.9999999997330635,0.29999748401743537,-3.1999999999999993,1.3,21.0,7.0,1,0,0,0,0,23,0,3,37,0
12000445,1.0,0.3,0.75,-0.485453125000005,-0.350000000000005,0.135453125,-19,135.453125,10.078125,0.375,0.078125,0.0,0.5781250000000006,0.5796874999999995,0.999999999140628,0.2999966535830286,0.999999999140628,0.2999966535830286,-2.6999999999999993,2.3499999999999996,18.0,11.0,0,1,0,0,1,27,0,5,30,0
12000446,1.0,0.05,0.75,1.5845156249999988,1.5999999999999988,0.015484375000000012,-5,15.484375,3.453125,0.15625,0.078125,0.0,0.5875000000000006,0.5187499999999998,0.5269353186725078,0.05007824433595547,0.5269353186725078,0.05007824433595547,-0.19999999999999996,1.8000000000000005,1.0,14.0,1,1,1,0,0,50,0,1,10,0
12000447,0.0,0.05,0.75,5.245109374999999,5.249999999999999,0.0048906250000000035,-2,4.890625,1.765625,0.140625,0.109375,0.0,0.5750000000000004,0.4578125,0.20659592539074184,0.050062932846806955,0.20659592539074184,0.050062932846806955,-0.3,5.549999999999999,3.0,13.0,0,4,18,1,0,37,0,2,2,0
12000448,1.0,0.3,0.5,-1.6401562500000064,-1.4500000000000064,0.19015625000000003,-23,190.15625,12.25,0.390625,0.03125,0.0,0.5906250000000006,0.6007812499999994,0.9999999999997413,0.29999991658305764,0.9999999999997413,0.29999991658305764,-2.1499999999999995,0.7000000000000002,21.0,6.0,0,0,0,0,0,21,0,3,40,0
12000449,1.0,0.3,0.5,1.596078125,1.75,0.15392187499999996,-16,153.921875,11.671875,0.34375,0.09375,0.0,0.5968750000000007,0.6031249999999995,0.9999999995769524,0.2999976575612393,0.9999999995769524,0.2999976575612393,-2.1,3.8499999999999996,18.0,10.0,0,0,0,0,0,20,0,1,43,0
12000450,1.0,0.05,0.75,0.019281249999998917,0.049999999999998934,0.030718750000000017,-8,30.71875,4.90625,0.1875,0.0625,0.0,0.5937500000000007,0.5328124999999997,0.809600270454283,0.050277118170871916,0.809600270454283,0.050277118170871916,-0.44999999999999996,0.4999999999999998,3.0,13.0,0,0,4,0,0,42,0,2,16,0
12000451,0.0,0.05,0.25,1.74715625,1.75,0.0028437500000000017,3,2.84375,1.21875,0.0625,0.109375,0.0,0.5812500000000005,0.4273437500000006,0.10233262558177626,0.050013899081050944,0.10233262558177626,0.050013899081050944,-0.14999999999999997,1.9000000000000001,3.0,8.0,1,3,28,0,0,31,0,1,0,0
12000452,0.0,0.05,0.75,5.548796874999999,5.549999999999999,0.0012031250000000004,-1,1.203125,0.796875,0.15625,0.140625,0.0,0.5875000000000006,0.4179687500000001,0.07182210614121504,0.051221338653324684,0.07182210614121504,0.051221338653324684,-0.6,6.149999999999999,6.0,13.0,0,4,31,0,0,29,0,0,0,0
12000453,0.0,0.3,0.5,0.3626249999999993,0.4499999999999994,0.08737500000000009,12,87.375,8.65625,0.046875,0.234375,0.0,0.5718750000000005,0.3640625000000003,1.3273504070937668e-05,0.2757069299807162,1.3273504070937668e-05,0.2757069299807162,-1.5000000000000004,1.9499999999999997,15.0,3.0,2,5,51,0,0,6,0,0,0,0
12000454,0.0,0.05,0.25,3.9492812499999994,3.9499999999999993,0.0007187500000000004,-1,0.71875,0.59375,0.125,0.109375,0.0,0.5687500000000005,0.44609374999999996,0.3548704443481862,0.05001882239140563,0.3548704443481862,0.05001882239140563,-0.8,4.749999999999999,3.0,12.0,0,6,23,0,0,29,0,4,2,0
12000455,1.0,0.05,0.25,3.3986406249999987,3.3999999999999986,0.001359375000000001,-1,1.359375,1.046875,0.140625,0.125,0.0,0.5750000000000004,0.41562500000000013,0.5245652464846612,0.05007944441708927,0.5245652464846612,0.05007944441708927,-0.9000000000000001,4.300000000000001,3.0,14.0,0,6,34,0,0,20,0,2,2,0
12000456,0.0,0.05,0.5,6.733562499999999,6.749999999999999,0.01643750000000001,-6,16.4375,3.625,0.15625,0.0625,0.0,0.5937500000000007,0.49062499999999987,0.3225258014136151,0.05002407305235483,0.3225258014136151,0.05002407305235483,-0.45,7.199999999999998,3.0,11.0,0,1,8,0,1,49,0,0,5,0
12000457,0.0,0.05,0.25,1.2487343750000002,1.2500000000000002,0.001265625000000001,2,1.265625,0.828125,0.0625,0.09375,0.0,0.5812500000000005,0.4226562500000003,0.39504405821565924,0.05000052420668898,0.39504405821565924,0.05000052420668898,-0.2,1.4500000000000002,1.0,9.0,0,4,31,0,0,27,0,2,0,0
12000458,1.0,0.3,0.75,-0.24009375000000432,-0.05000000000000426,0.19009375000000006,-20,190.09375,12.59375,0.375,0.0625,0.0,0.5968750000000007,0.6031249999999994,0.9999999999862347,0.29999952183487966,0.9999999999862347,0.29999952183487966,-1.5500000000000003,1.5000000000000002,16.0,12.0,0,0,0,0,0,20,0,1,43,0
12000459,1.0,0.3,0.75,-2.1482968750000038,-2.0000000000000036,0.14829687500000002,-19,148.296875,10.671875,0.3125,0.015625,0.0,0.5968750000000007,0.5796874999999995,0.9999999768571128,0.29973493422579145,0.9999999768571128,0.29973493422579145,-1.8,-0.19999999999999996,15.0,6.0,0,0,0,0,0,30,0,1,33,0
12000460,0.0,0.05,0.5,6.238140625,6.25,0.011859375000000007,-3,11.859375,3.078125,0.1875,0.140625,0.015625,0.574603174603175,0.4880952380952382,0.4199047504228192,0.051919007379433994,0.4199047504228192,0.051919007379433994,-0.9000000000000001,7.15,4.0,17.0,0,5,9,0,0,40,0,3,6,1
12000461,1.0,0.3,0.75,0.4529687499999936,0.5499999999999936,0.09703125000000001,-20,97.03125,8.53125,0.40625,0.09375,0.0,0.5906250000000006,0.5703124999999996,0.9999999999998261,0.2999999907349,0.9999999999998261,0.2999999907349,-2.6499999999999986,3.1999999999999997,23.0,9.0,0,0,1,0,0,32,0,3,28,0
12000462,0.0,0.05,0.75,8.439390625,8.45,0.010609375000000006,-7,10.609375,2.296875,0.203125,0.09375,0.015625,0.5936507936507943,0.48809523809523775,0.43525883837306356,0.05396333704423881,0.43525883837306356,0.05396333704423881,-0.55,9.0,2.0,17.0,0,2,15,0,0,34,0,0,12,1
12000463,0.0,0.05,0.5,7.4424375,7.449999999999999,0.007562500000000006,-5,7.5625,2.4375,0.1875,0.109375,0.015625,0.5714285714285718,0.49523809523809514,0.4963135588383062,0.0517373634223195,0.4963135588383062,0.0517373634223195,-0.2,7.649999999999999,1.0,18.0,1,2,6,0,1,46,0,4,3,1
12000464,0.0,0.05,0.5,3.547765625,3.55,0.0022343750000000016,-1,2.234375,1.359375,0.109375,0.09375,0.03125,0.5870967741935489,0.4637096774193546,0.31242109813603214,0.05000916305847364,0.31242109813603214,0.05000916305847364,-0.45,3.9999999999999996,3.0,10.0,0,3,19,0,0,33,0,1,6,2
12000465,0.0,0.3,0.75,6.290343750000002,6.300000000000002,0.009656250000000007,5,9.65625,2.46875,0.1875,0.265625,0.0,0.5718750000000006,0.38984375000000043,7.788346941747129e-09,0.299981835591033,7.788346941747129e-09,0.299981835591033,-1.5500000000000005,7.85,17.0,12.0,0,7,41,0,0,15,1,0,0,0
12000466,0.0,0.3,0.25,0.9188124999999998,0.9999999999999998,0.0811875,15,81.1875,7.59375,0.0625,0.296875,0.0,0.5781250000000006,0.3640625000000003,4.1328025621555795e-11,0.29999265224913524,4.1328025621555795e-11,0.29999265224913524,-1.3,2.3,19.0,4.0,1,5,52,0,0,6,0,0,0,0
12000467,1.0,0.3,0.25,4.100203124999997,4.149999999999997,0.04979687500000002,-10,49.796875,6.015625,0.328125,0.171875,0.0,0.5875000000000007,0.5515624999999996,0.999999958147271,0.29999672043354875,0.999999958147271,0.29999672043354875,-2.7499999999999982,6.9,18.0,14.0,0,1,1,1,0,37,0,1,23,0
12000468,0.0,0.3,0.75,6.157109375,6.2,0.04289062500000001,6,42.890625,5.828125,0.1875,0.28125,0.015625,0.5873015873015879,0.37857142857142884,1.782300445154761e-09,0.29999596395520517,1.782300445154761e-09,0.29999596395520517,-1.45,7.649999999999999,16.0,14.0,0,3,49,0,0,10,0,1,0,1
12000469,1.0,0.05,0.75,1.4296874999999993,1.4499999999999993,0.020312499999999997,-5,20.3125,4.21875,0.15625,0.078125,0.03125,0.583870967741936,0.5193548387096772,0.4734819893053632,0.050082253944288606,0.4734819893053632,0.050082253944288606,-0.3999999999999999,1.8500000000000003,2.0,13.0,0,1,1,0,0,50,0,4,6,2
12000470,1.0,0.05,0.5,2.546249999999999,2.549999999999999,0.003750000000000003,-2,3.75,1.6875,0.140625,0.109375,0.015625,0.5873015873015879,0.4333333333333334,0.5657119747291623,0.05006969180847459,0.5657119747291623,0.05006969180847459,0.0,2.55,0.0,16.0,0,4,24,0,0,35,0,0,0,1
12000471,0.0,0.05,0.75,6.739109374999998,6.749999999999998,0.010890625000000008,-5,10.890625,2.921875,0.1875,0.109375,0.0,0.5625000000000006,0.48828124999999994,0.1442141575607494,0.05011968361274713,0.1442141575607494,0.05011968361274713,-0.45,7.199999999999999,3.0,16.0,1,2,11,2,1,38,0,3,6,0
12000472,1.0,0.05,0.25,4.3481250000000005,4.3500000000000005,0.0018750000000000012,2,1.875,1.15625,0.09375,0.125,0.015625,0.5714285714285718,0.3928571428571431,0.2074535352209923,0.050028164323186866,0.2074535352209923,0.050028164323186866,-1.6,5.949999999999999,4.0,10.0,0,9,36,0,0,18,0,0,0,1
12000473,0.0,0.3,0.25,1.8191093750000003,1.9000000000000004,0.08089062500000002,16,80.890625,7.734375,0.078125,0.328125,0.0,0.5687500000000005,0.3687500000000003,2.0643505131448944e-12,0.2999996031570448,2.0643505131448944e-12,0.2999996031570448,-1.5000000000000004,3.3999999999999995,20.0,6.0,1,7,49,0,0,6,0,1,0,0
12000474,1.0,0.05,0.5,2.0929843749999995,2.0999999999999996,0.0070156250000000045,-5,7.015625,2.109375,0.1875,0.109375,0.0,0.5718750000000006,0.4906249999999998,0.7936008273126788,0.055874267003996385,0.7936008273126788,0.055874267003996385,-0.7999999999999998,2.8999999999999995,4.0,15.0,0,5,7,1,1,42,0,1,7,0
12000475,0.0,0.3,0.75,6.690843749999998,6.699999999999998,0.009156250000000005,0,9.15625,2.59375,0.1875,0.1875,0.0,0.5906250000000006,0.40625000000000006,0.00033731994235067974,0.24065223730727542,0.00033731994235067974,0.24065223730727542,-1.1500000000000001,7.85,11.0,13.0,0,2,41,0,0,18,0,1,2,0
12000476,1.0,0.05,0.75,-1.0802187500000007,-1.0500000000000007,0.030218750000000016,-8,30.21875,4.46875,0.15625,0.03125,0.0,0.5812500000000006,0.5093749999999997,0.8348659385262188,0.0500238627564913,0.8348659385262188,0.0500238627564913,-0.3999999999999999,-0.6499999999999999,2.0,10.0,1,2,6,0,1,41,0,1,12,0
12000477,1.0,0.05,0.5,2.699203125,2.6999999999999997,0.0007968750000000003,0,0.796875,0.546875,0.078125,0.078125,0.0,0.5906250000000006,0.453125,0.5632151841611289,0.05000079195800447,0.5632151841611289,0.05000079195800447,0.0,2.6999999999999997,0.0,10.0,0,3,19,0,0,40,0,0,2,0
12000478,1.0,0.05,0.25,3.1441562499999995,3.1499999999999995,0.0058437500000000035,-2,5.84375,2.125,0.140625,0.109375,0.0,0.5843750000000005,0.4578125000000003,0.5560942068089911,0.05013289792175134,0.5560942068089911,0.05013289792175134,-1.4,4.549999999999999,5.0,11.0,1,2,16,0,0,44,0,1,0,0
12000479,1.0,0.3,0.5,-0.7736562500000022,-0.6500000000000021,0.12365624999999997,-19,123.65625,10.03125,0.359375,0.0625,0.0,0.5968750000000007,0.5773437499999995,0.9999999989320363,0.2999925834303774,0.9999999989320363,0.2999925834303774,-2.799999999999999,2.1499999999999995,20.0,7.0,0,0,0,0,0,31,0,1,32,0
12000480,0.0,0.3,0.25,3.038515625,3.1,0.06148437500000001,8,61.484375,6.953125,0.109375,0.234375,0.0,0.5625000000000003,0.36875000000000024,1.3250557717470924e-05,0.293687033209764,1.3250557717470924e-05,0.293687033209764,-1.2499999999999998,4.35,13.0,9.0,1,10,45,0,0,8,0,0,0,0
12000481,1.0,0.05,0.5,0.12082812499999858,0.14999999999999858,0.029171875,-9,29.171875,4.515625,0.203125,0.0625,0.0,0.5906250000000005,0.5257812499999998,0.8364179934604541,0.051279358317774346,0.8364179934604541,0.051279358317774346,-1.2,1.35,6.0,11.0,0,0,8,0,0,37,0,3,16,0
12000482,1.0,0.05,0.5,1.5332812500000006,1.5500000000000007,0.016718750000000008,-6,16.71875,3.46875,0.1875,0.09375,0.0,0.5750000000000004,0.5187499999999997,0.7705798565152,0.051501519054791535,0.7705798565152,0.051501519054791535,-0.6500000000000001,2.1999999999999997,4.0,14.0,0,1,9,0,1,35,0,6,12,0
12000483,0.0,0.3,0.25,1.206421875,1.3,0.093578125,17,93.578125,8.515625,0.078125,0.34375,0.0,0.5687500000000003,0.36171875000000026,4.876308441006064e-13,0.29999983793435697,4.876308441006064e-13,0.29999983793435697,-1.5499999999999998,2.8499999999999996,20.0,7.0,0,10,49,0,0,5,0,0,0,0
12000484,0.0,0.05,0.25,1.0957656249999999,1.0999999999999999,0.004234375000000003,3,4.234375,1.921875,0.0625,0.109375,0.0,0.5843750000000006,0.40390625000000036,0.40905427996915833,0.050000958730110026,0.40905427996915833,0.050000958730110026,-0.4,1.4999999999999998,2.0,9.0,1,3,37,0,0,23,0,0,0,0
12000485,0.0,0.3,0.25,1.123890625,1.2,0.076109375,13,76.109375,7.671875,0.078125,0.28125,0.0,0.5656250000000004,0.37109375000000033,1.900913304779043e-07,0.2994654977804525,1.900913304779043e-07,0.2994654977804525,-1.4000000000000001,2.5999999999999996,15.0,8.0,2,7,46,0,0,9,0,0,0,0
12000486,0.0,0.05,0.25,3.847703125,3.8499999999999996,0.002296875000000001,1,2.296875,1.203125,0.125,0.140625,0.0,0.5781250000000006,0.4296875,0.10796393080547895,0.05047707678472498,0.10796393080547895,0.05047707678472498,-0.65,4.5,4.0,13.0,1,3,29,0,0,28,0,2,1,0
12000487,1.0,0.05,0.25,2.8987968750000004,2.9000000000000004,0.0012031250000000006,-1,1.203125,0.765625,0.109375,0.09375,0.0,0.5812500000000006,0.4273437500000002,0.5599694834529261,0.05000788579093658,0.5599694834529261,0.05000788579093658,-1.35,4.25,4.0,9.0,1,4,26,0,0,33,0,0,0,0
12000488,0.0,0.3,0.75,4.395703125000001,4.450000000000001,0.05429687500000002,12,54.296875,6.453125,0.15625,0.34375,0.0,0.5843750000000005,0.3640625000000003,2.5683989826118627e-13,0.299999983382088,2.5683989826118627e-13,0.299999983382088,-1.9500000000000006,6.3999999999999995,22.0,10.0,1,2,55,0,1,5,0,0,0,0
12000489,0.0,0.3,0.25,1.1872499999999993,1.3499999999999992,0.16275,24,162.75,9.96875,0.09375,0.46875,0.0,0.5781250000000007,0.37578125000000034,4.797262302163082e-21,0.2999999999995978,4.797262302163082e-21,0.2999999999995978,-1.9500000000000008,3.3000000000000007,23.0,13.0,1,3,50,0,1,8,0,1,0,0
12000490,1.0,0.05,0.5,2.3941406249999986,2.3999999999999986,0.005859375000000004,-3,5.859375,2.171875,0.140625,0.09375,0.0,0.5968750000000007,0.4859375,0.551292855585828,0.05006598637666391,0.551292855585828,0.05006598637666391,-1.15,3.55,5.0,10.0,0,1,7,0,0,54,0,0,2,0
12000491,0.0,0.05,0.25,-0.47518750000000004,-0.45,0.025187500000000012,10,25.1875,4.34375,0.015625,0.171875,0.0,0.5843750000000005,0.37578125000000034,0.0009274058633732032,0.056077862375629214,0.0009274058633732032,0.056077862375629214,-0.4499999999999999,-1.1102230246251565e-16,7.0,5.0,0,5,48,0,0,11,0,0,0,0
12000492,1.0,0.3,0.25,1.9314531249999982,1.9999999999999982,0.06854687500000001,-13,68.546875,7.546875,0.3125,0.109375,0.0,0.5906250000000006,0.5656249999999996,0.9999997718101195,0.299953104319854,0.9999997718101195,0.299953104319854,-2.6499999999999995,4.6499999999999995,19.0,8.0,0,0,0,0,0,36,0,3,25,0
12000493,1.0,0.05,0.75,1.1227812499999985,1.1499999999999986,0.027218750000000014,-8,27.21875,4.5625,0.203125,0.078125,0.0,0.5781250000000004,0.5164062499999997,0.8111917272147735,0.054612597744628955,0.8111917272147735,0.054612597744628955,-0.050000000000000044,1.2000000000000002,1.0,17.0,0,1,7,0,1,40,0,5,10,0
12000494,1.0,0.05,0.5,2.9315156250000003,2.95,0.01848437500000001,-5,18.484375,3.765625,0.1875,0.109375,0.0,0.5812500000000005,0.5140624999999999,0.38432603705656077,0.051291331025073154,0.38432603705656077,0.051291331025073154,-0.5999999999999999,3.5500000000000007,3.0,16.0,0,0,4,0,0,50,1,4,5,0
12000495,0.0,0.05,0.5,5.2928125,5.3,0.007187500000000005,0,7.1875,2.375,0.171875,0.171875,0.0,0.5656250000000004,0.4718749999999999,0.22541077778654042,0.05499959202769966,0.22541077778654042,0.05499959202769966,-0.5,5.8,2.0,20.0,1,5,14,0,1,35,0,3,5,0
12000496,1.0,0.05,0.5,1.9785468750000035,2.0000000000000036,0.02145312500000001,-7,21.453125,3.921875,0.234375,0.125,0.0,0.5781250000000006,0.5023437499999996,0.9431187332580946,0.17480210499264412,0.9431187332580946,0.17480210499264412,-0.8999999999999999,2.9000000000000004,6.0,17.0,1,4,9,0,0,35,0,1,14,0
12000497,1.0,0.3,0.25,0.872453124999994,0.949999999999994,0.07754687500000002,-15,77.546875,7.546875,0.328125,0.09375,0.0,0.5937500000000007,0.5679687499999995,0.9999999926200666,0.29998522326594035,0.9999999926200666,0.29998522326594035,-2.799999999999998,3.75,20.0,7.0,0,1,2,0,0,29,0,1,31,0
12000498,1.0,0.05,0.25,3.248640625,3.25,0.0013593750000000008,-1,1.359375,0.921875,0.109375,0.09375,0.015625,0.574603174603175,0.4261904761904761,0.7328166843995834,0.05002241043634314,0.7328166843995834,0.05002241043634314,-0.3999999999999999,3.65,2.0,11.0,0,5,29,0,0,26,0,3,0,1
12000499,0.0,0.05,0.5,3.4975312499999993,3.499999999999999,0.0024687500000000013,2,2.46875,1.3125,0.125,0.15625,0.0,0.5750000000000004,0.4109375000000002,0.1361107758028109,0.050802606416260464,0.1361107758028109,0.050802606416260464,-0.55,4.049999999999999,5.0,13.0,0,7,33,0,0,22,0,1,1,0
12000500,0.0,0.3,0.5,3.923796874999999,4.049999999999999,0.12620312499999992,11,126.203125,10.609375,0.140625,0.3125,0.0,0.5625000000000003,0.35703125000000024,2.563911912698405e-11,0.2999994656068845,2.563911912698405e-11,0.2999994656068845,-1.5500000000000003,5.6,19.0,10.0,0,12,49,0,0,3,0,0,0,0
12000501,1.0,0.05,0.5,1.1957031249999992,1.1999999999999993,0.004296875000000002,-5,4.296875,1.640625,0.15625,0.078125,0.0,0.5718750000000005,0.48359374999999993,0.5486313998814869,0.050093034025051456,0.5486313998814869,0.050093034025051456,-0.3500000000000001,1.55,1.0,14.0,1,2,9,0,0,47,0,5,0,0
12000502,0.0,0.3,0.25,-0.3769062500000005,-0.2500000000000005,0.12690625,18,126.90625,10.1875,0.046875,0.328125,0.0,0.5656250000000005,0.3593750000000002,4.549701979904122e-12,0.2999982364811946,4.549701979904122e-12,0.2999982364811946,-1.6500000000000008,1.4,20.0,4.0,3,5,52,0,0,4,0,0,0,0
12000503,1.0,0.3,0.75,-0.0798125000000057,0.09999999999999432,0.17981250000000001,-22,179.8125,11.375,0.421875,0.078125,0.0,0.5937500000000007,0.5890624999999994,0.9999999999999797,0.2999999958676471,0.9999999999999797,0.2999999958676471,-2.4499999999999984,2.55,22.0,10.0,0,0,0,0,0,26,0,2,36,0
12000504,0.0,0.05,0.75,7.620125,7.6499999999999995,0.029875000000000016,-7,29.875,4.59375,0.1875,0.078125,0.0,0.5875000000000006,0.5234374999999997,0.7975231989617318,0.05103216434019831,0.7975231989617318,0.05103216434019831,-0.2,7.8500000000000005,1.0,16.0,1,0,7,0,0,38,0,2,16,0
12000505,0.0,0.05,0.5,2.9453437499999997,2.9499999999999997,0.004656250000000003,3,4.65625,1.625,0.109375,0.15625,0.015625,0.5714285714285717,0.41904761904761945,0.07789312855785495,0.05147550867482871,0.07789312855785495,0.05147550867482871,-1.0,3.9499999999999993,6.0,11.0,0,7,28,0,1,26,0,1,0,1
12000506,0.0,0.3,0.75,6.518421875,6.55,0.031578125,6,31.578125,5.296875,0.203125,0.296875,0.0,0.5656250000000006,0.37109375000000033,7.657075232087924e-11,0.2999992332201207,7.657075232087924e-11,0.2999992332201207,-1.6500000000000004,8.200000000000001,18.0,14.0,2,4,49,1,1,7,0,0,0,0
12000507,1.0,0.3,0.25,2.92056249999999,3.04999999999999,0.12943749999999998,-15,129.4375,10.0,0.375,0.140625,0.0,0.5937500000000007,0.5796874999999995,0.9999999999915702,0.2999999731862622,0.9999999999915702,0.2999999731862622,-2.8499999999999988,5.9,22.0,11.0,0,1,0,0,0,28,0,1,34,0
12000508,0.0,0.05,0.75,4.696499999999999,4.699999999999998,0.0035000000000000014,-2,3.5,1.46875,0.140625,0.109375,0.0,0.5812500000000005,0.46015625000000004,0.4378419298657097,0.050042027341175646,0.4378419298657097,0.050042027341175646,-1.2,5.8999999999999995,6.0,10.0,0,5,14,0,0,43,0,1,1,0
12000509,1.0,0.3,0.5,2.0252968749999996,2.0999999999999996,0.07470312500000001,-12,74.703125,7.890625,0.296875,0.109375,0.0,0.5937500000000007,0.5609374999999995,0.999998708780562,0.29982323031960956,0.999998708780562,0.29982323031960956,-2.5,4.6,17.0,9.0,0,0,0,0,0,38,0,2,24,0
12000510,0.0,0.05,0.75,6.0367968749999985,6.049999999999999,0.013203125000000008,-5,13.203125,2.984375,0.171875,0.09375,0.015625,0.5682539682539687,0.514285714285714,0.5811187934245733,0.05019714613968434,0.5811187934245733,0.05019714613968434,-0.2,6.25,1.0,16.0,0,3,6,1,0,38,0,5,10,1
12000511,0.0,0.05,0.5,6.941078124999998,6.949999999999998,0.008921875000000006,-5,8.921875,2.796875,0.171875,0.09375,0.0,0.5718750000000006,0.49296874999999984,0.30744972380536884,0.050213308094440974,0.30744972380536884,0.050213308094440974,-0.7,7.649999999999999,3.0,14.0,0,1,10,0,0,45,1,6,1,0
12000512,1.0,0.05,0.5,0.32723437499999963,0.34999999999999964,0.022765625,-8,22.765625,4.265625,0.1875,0.0625,0.0,0.5812500000000005,0.50234375,0.7440626037898433,0.05068363988442408,0.7440626037898433,0.05068363988442408,-0.7999999999999998,1.1500000000000001,4.0,12.0,0,0,8,1,0,46,0,4,5,0
12000513,0.0,0.3,0.75,3.756750000000001,3.800000000000001,0.04325000000000001,11,43.25,5.65625,0.140625,0.3125,0.0,0.5656250000000004,0.3710937500000003,2.322022815125239e-11,0.2999994842117756,2.322022815125239e-11,0.2999994842117756,-1.7000000000000006,5.5,19.0,10.0,1,8,47,0,0,7,0,1,0,0
12000514,0.0,0.05,0.25,2.441609375,2.45,0.008390625000000006,4,8.390625,2.421875,0.09375,0.15625,0.015625,0.5746031746031751,0.40000000000000047,0.10337400441536362,0.05063423454354426,0.10337400441536362,0.05063423454354426,-0.09999999999999998,2.55,2.0,14.0,1,5,37,0,0,19,0,1,0,1
12000515,1.0,0.05,0.5,1.0735468749999997,1.0999999999999996,0.026453125,-7,26.453125,4.453125,0.203125,0.09375,0.0,0.5843750000000005,0.5187499999999997,0.7584219865876338,0.05431946225287126,0.7584219865876338,0.05431946225287126,-1.1999999999999997,2.3,6.0,13.0,0,1,4,0,0,46,0,4,9,0
12000516,1.0,0.05,0.5,5.147796874999998,5.149999999999999,0.0022031250000000015,0,2.203125,1.140625,0.15625,0.15625,0.015625,0.5746031746031752,0.4476190476190475,0.3381487782692409,0.05143394184223035,0.3381487782692409,0.05143394184223035,-1.4500000000000002,6.599999999999999,5.0,15.0,0,6,22,0,0,29,0,2,4,1
12000517,1.0,0.3,0.5,1.6426875000000036,1.7500000000000036,0.10731249999999995,-15,107.3125,9.25,0.34375,0.109375,0.0,0.5906250000000006,0.5820312499999994,0.9999998883576937,0.2999793729845279,0.9999998883576937,0.2999793729845279,-2.6999999999999993,4.449999999999999,19.0,10.0,0,0,1,0,0,27,0,3,33,0
12000518,0.0,0.05,0.5,3.89959375,3.9000000000000004,0.00040625000000000025,-1,0.40625,0.40625,0.109375,0.09375,0.015625,0.5746031746031752,0.4285714285714287,0.6370655847473676,0.050012729600051216,0.6370655847473676,0.050012729600051216,-0.4,4.3,2.0,11.0,1,4,25,1,0,32,0,0,0,1
12000519,1.0,0.3,0.25,3.153593749999993,3.249999999999993,0.09640625,-18,96.40625,8.1875,0.421875,0.140625,0.0,0.5906250000000006,0.5609374999999994,0.99999999999998,0.2999999998330197,0.99999999999998,0.2999999998330197,-3.349999999999998,6.600000000000001,26.0,10.0,0,0,3,0,0,32,0,3,26,0
12000520,0.0,0.05,0.25,0.7398124999999998,0.7499999999999998,0.010187500000000006,4,10.1875,2.84375,0.03125,0.09375,0.0,0.5750000000000006,0.3828125000000003,0.03656638468365633,0.05000542519249406,0.03656638468365633,0.05000542519249406,-0.14999999999999997,0.8999999999999999,3.0,5.0,1,5,45,0,0,12,0,1,0,0
12000521,1.0,0.05,0.25,3.5464218749999996,3.55,0.0035781250000000023,0,3.578125,1.609375,0.109375,0.109375,0.0,0.5781250000000006,0.45546875000000014,0.4068712992925903,0.05001322308248945,0.4068712992925903,0.05001322308248945,-0.9000000000000001,4.449999999999999,3.0,11.0,0,3,20,0,0,37,1,2,1,0
12000522,1.0,0.3,0.25,3.2158749999999983,3.2499999999999982,0.034125,-11,34.125,4.3125,0.328125,0.15625,0.0,0.5843750000000006,0.5164062499999995,0.999999938005749,0.29999645736618546,0.999999938005749,0.29999645736618546,-3.8999999999999995,7.15,21.0,10.0,0,1,14,1,0,26,0,2,20,0
12000523,1.0,0.05,0.5,6.047546875,6.05,0.0024531250000000013,2,2.453125,1.203125,0.125,0.15625,0.0,0.5531250000000002,0.4296875,0.35393512367887586,0.050560770411805844,0.35393512367887586,0.050560770411805844,-0.5999999999999999,6.649999999999999,3.0,15.0,0,10,25,0,0,24,0,5,0,0
12000524,0.0,0.3,0.75,5.2884375,5.3,0.011562500000000007,5,11.5625,2.84375,0.171875,0.25,0.0,0.5562500000000004,0.3828125000000004,2.844652198803357e-05,0.29858870572421714,2.844652198803357e-05,0.29858870572421714,-1.75,7.050000000000001,15.0,12.0,1,11,39,0,0,12,0,1,0,0
12000525,0.0,0.05,0.25,2.6965624999999998,2.6999999999999997,0.003437500000000002,2,3.4375,1.46875,0.09375,0.125,0.03125,0.5677419354838714,0.42258064516129085,0.21295902128466926,0.050068780130875616,0.21295902128466926,0.050068780130875616,-0.45,3.15,3.0,11.0,0,7,26,1,0,27,0,1,0,2
12000526,0.0,0.3,0.75,5.28559375,5.300000000000001,0.014406250000000004,7,14.40625,2.6875,0.15625,0.265625,0.0,0.5781250000000004,0.40156250000000054,5.458266969576082e-08,0.2999562206366608,5.458266969576082e-08,0.2999562206366608,-1.4500000000000002,6.75,16.0,11.0,0,5,39,0,0,18,0,2,0,0
12000527,0.0,0.3,0.5,3.1871093749999995,3.1999999999999993,0.012890625000000008,6,12.890625,2.921875,0.125,0.21875,0.0,0.5625000000000003,0.3781250000000003,0.0014121293608243292,0.23583064151693545,0.0014121293608243292,0.23583064151693545,-1.45,4.6499999999999995,13.0,9.0,1,10,41,0,0,12,0,0,0,0
12000528,1.0,0.05,0.25,4.195890624999999,4.199999999999998,0.004109375000000003,-1,4.109375,1.734375,0.15625,0.140625,0.015625,0.590476190476191,0.47380952380952385,0.46314727678566703,0.05068098009773044,0.46314727678566703,0.05068098009773044,-0.7999999999999998,5.0,4.0,15.0,0,0,17,0,0,40,0,3,3,1
12000529,1.0,0.3,0.25,0.9114062499999964,0.9999999999999964,0.08859375000000003,-16,88.59375,8.1875,0.34375,0.09375,0.0,0.5968750000000007,0.5703124999999994,0.9999999993710301,0.29999748665222126,0.9999999993710301,0.29999748665222126,-2.8999999999999986,3.8999999999999995,22.0,6.0,0,0,0,0,0,34,0,1,29,0
12000530,0.0,0.05,0.5,4.545468749999999,4.549999999999999,0.004531250000000003,-1,4.53125,1.71875,0.125,0.109375,0.0,0.5718750000000005,0.47187500000000016,0.3547395664250482,0.050033220726285084,0.3547395664250482,0.050033220726285084,-0.39999999999999997,4.949999999999999,3.0,12.0,0,5,9,2,0,46,0,0,2,0
12000531,1.0,0.05,0.25,1.9937343749999992,1.9999999999999991,0.006265625000000004,-3,6.265625,2.140625,0.125,0.078125,0.0,0.5843750000000005,0.4765625,0.7613669435886258,0.05004803650701465,0.7613669435886258,0.05004803650701465,-0.3999999999999999,2.4000000000000004,2.0,11.0,0,3,12,0,0,44,0,2,3,0
12000532,1.0,0.3,0.75,-0.451031250000005,-0.350000000000005,0.10103125,-16,101.03125,8.78125,0.296875,0.046875,0.015625,0.5968253968253975,0.5714285714285708,0.9999993187942297,0.2992191575029756,0.9999993187942297,0.2992191575029756,-1.9,1.55,14.0,8.0,0,0,0,0,0,33,0,1,29,1
12000533,1.0,0.3,0.5,-0.20139062500000143,-0.10000000000000142,0.10139062500000001,-18,101.390625,8.546875,0.359375,0.078125,0.0,0.5937500000000007,0.5679687499999995,0.9999999949550963,0.2999905876511303,0.9999999949550963,0.2999905876511303,-2.6999999999999993,2.5999999999999996,19.0,9.0,0,0,1,0,0,33,0,2,28,0
12000534,1.0,0.05,0.75,-0.16042187500000035,-0.15000000000000036,0.010421875000000008,-6,10.421875,2.546875,0.125,0.03125,0.0,0.5843750000000006,0.4976562499999998,0.8367387439898416,0.05001044999049687,0.8367387439898416,0.05001044999049687,-0.25,0.10000000000000009,2.0,8.0,0,2,7,1,0,46,0,1,7,0
12000535,1.0,0.3,0.75,-2.64121875,-2.5,0.14121875,-21,141.21875,10.125,0.34375,0.015625,0.0,0.5937500000000007,0.5749999999999994,0.9999999959646617,0.29994854356866846,0.9999999959646617,0.29994854356866846,-2.8999999999999995,0.3999999999999999,20.0,3.0,0,0,0,0,0,32,0,2,30,0
12000536,1.0,0.05,0.5,2.6349062499999985,2.6499999999999986,0.015093750000000012,-5,15.09375,3.5,0.1875,0.109375,0.0,0.5781250000000006,0.5117187499999999,0.8777317878936335,0.06493969322315463,0.8777317878936335,0.06493969322315463,-0.7499999999999998,3.400000000000001,4.0,15.0,0,0,7,1,0,44,0,5,7,0
12000537,1.0,0.05,0.75,2.688328124999998,2.6999999999999984,0.011671875000000007,-4,11.671875,3.234375,0.15625,0.09375,0.03125,0.5870967741935489,0.49516129032258055,0.7180939357596311,0.051447874712901305,0.7180939357596311,0.051447874712901305,-0.19999999999999996,2.9000000000000004,1.0,15.0,0,2,4,0,0,52,0,2,2,2
12000538,1.0,0.05,0.5,0.8443124999999988,0.8499999999999988,0.005687500000000003,-4,5.6875,1.96875,0.125,0.0625,0.015625,0.587301587301588,0.4833333333333334,0.37282542714204625,0.050006121140978535,0.37282542714204625,0.050006121140978535,-0.75,1.6,3.0,9.0,0,0,14,1,1,40,0,1,6,1
12000539,0.0,0.05,0.75,5.0953906249999985,5.099999999999999,0.004609375000000003,-4,4.609375,1.609375,0.140625,0.078125,0.0,0.5906250000000006,0.47421874999999986,0.4654834600690061,0.050016488437081535,0.4654834600690061,0.050016488437081535,-0.55,5.6499999999999995,3.0,11.0,0,1,14,0,0,45,0,2,2,0
12000540,0.0,0.05,0.25,2.798609375,2.8,0.0013906250000000008,2,1.390625,0.890625,0.109375,0.140625,0.015625,0.5746031746031751,0.4333333333333335,0.3095626546924371,0.05010488176013142,0.3095626546924371,0.05010488176013142,-0.39999999999999997,3.1999999999999993,3.0,13.0,1,5,23,0,0,33,0,1,0,1
12000541,1.0,0.3,0.75,-2.0285000000000055,-1.9000000000000057,0.1285,-21,128.5,9.3125,0.359375,0.03125,0.0,0.5843750000000006,0.5656249999999994,0.9999999997632696,0.2999937447871783,0.9999999997632696,0.2999937447871783,-3.3499999999999988,1.4500000000000002,22.0,3.0,1,2,0,0,0,30,0,1,30,0
12000542,0.0,0.05,0.5,6.1919218749999985,6.199999999999998,0.008078125000000005,-4,8.078125,2.359375,0.171875,0.109375,0.0,0.5812500000000005,0.47890624999999976,0.22159073323748635,0.05013020470192659,0.22159073323748635,0.05013020470192659,-0.45,6.649999999999998,3.0,15.0,0,2,14,0,0,41,0,4,3,0
12000543,1.0,0.05,0.25,2.548234374999999,2.549999999999999,0.0017656250000000007,-1,1.765625,1.046875,0.09375,0.078125,0.0,0.5906250000000006,0.46015625000000004,0.8442469927164717,0.050005768718849805,0.8442469927164717,0.050005768718849805,-0.3999999999999999,2.95,2.0,9.0,0,1,18,0,0,43,0,2,0,0
12000544,0.0,0.3,0.75,8.137,8.15,0.013000000000000006,7,13.0,2.71875,0.25,0.359375,0.0,0.5531250000000004,0.3781250000000004,1.2185814560209013e-14,0.2999999996709246,1.2185814560209013e-14,0.2999999996709246,-2.1999999999999997,10.350000000000001,23.0,16.0,1,12,40,0,0,10,0,1,0,0
12000545,1.0,0.3,0.5,-1.3029218749999993,-1.1999999999999993,0.10292187499999998,-18,102.921875,9.109375,0.328125,0.046875,0.0,0.5937500000000007,0.5726562499999995,0.999999427770647,0.299520212257598,0.999999427770647,0.299520212257598,-2.499999999999999,1.3,17.0,7.0,0,0,0,0,0,33,0,2,29,0
12000546,1.0,0.3,0.75,-1.3470625000000094,-1.1500000000000092,0.19706250000000006,-25,197.0625,12.21875,0.4375,0.046875,0.0,0.5875000000000006,0.5984374999999994,0.9999999999999993,0.2999999988721752,0.9999999999999993,0.2999999988721752,-2.3,1.15,21.0,10.0,0,0,0,0,0,22,0,4,38,0
12000547,1.0,0.05,0.75,0.8352187500000006,0.8500000000000005,0.014781250000000011,-5,14.78125,3.1875,0.15625,0.078125,0.0,0.5906250000000006,0.5140624999999998,0.7633039517278567,0.050101172190201486,0.7633039517278567,0.050101172190201486,-0.19999999999999996,1.0499999999999996,1.0,14.0,0,1,8,0,0,40,0,2,13,0
12000548,0.0,0.3,0.75,4.351156249999999,4.449999999999999,0.09884375,13,98.84375,8.875,0.15625,0.359375,0.0,0.5781250000000006,0.3664062500000003,8.648993506588124e-15,0.29999999847248465,8.648993506588124e-15,0.29999999847248465,-1.7000000000000006,6.15,22.0,11.0,0,7,50,0,0,7,0,0,0,0
12000549,1.0,0.05,0.75,-1.8415781250000007,-1.8000000000000007,0.041578125000000014,-10,41.578125,5.265625,0.171875,0.015625,0.0,0.5875000000000007,0.5468749999999996,0.9643198847987066,0.05010602585499636,0.9643198847987066,0.05010602585499636,-1.15,-0.6499999999999999,5.0,7.0,1,0,3,0,0,36,0,2,22,0
12000550,0.0,0.05,0.75,7.67575,7.7,0.024250000000000015,-8,24.25,3.96875,0.171875,0.046875,0.0,0.5718750000000006,0.5234374999999997,0.8567591836878535,0.05013030754727403,0.8567591836878535,0.05013030754727403,-0.4,8.100000000000001,2.0,12.0,0,1,8,1,0,35,0,6,13,0
12000551,1.0,0.3,0.25,3.9580937499999935,4.049999999999994,0.09190624999999998,-14,91.90625,7.6875,0.375,0.15625,0.0,0.5875000000000007,0.5679687499999994,0.9999999999998013,0.29999999765310936,0.9999999999998013,0.29999999765310936,-2.9999999999999982,7.049999999999999,23.0,11.0,0,2,2,0,0,27,0,2,31,0
12000552,1.0,0.3,0.5,1.3819687499999993,1.4499999999999993,0.06803125000000002,-14,68.03125,7.09375,0.328125,0.109375,0.0,0.5875000000000006,0.5539062499999995,0.9999995626275553,0.2999443674389121,0.9999995626275553,0.2999443674389121,-2.9499999999999993,4.4,18.0,10.0,0,0,4,0,0,33,0,4,23,0
12000553,0.0,0.3,0.75,5.171421875,5.2,0.028578125000000003,7,28.578125,4.953125,0.171875,0.28125,0.0,0.5593750000000004,0.3687500000000002,2.8222309888924013e-08,0.2999786257009309,2.8222309888924013e-08,0.2999786257009309,-1.35,6.550000000000001,14.0,15.0,1,10,46,0,0,6,0,1,0,0
12000554,1.0,0.3,0.25,2.3692500000000005,2.4000000000000004,0.030750000000000003,-7,30.75,4.96875,0.25,0.140625,0.0,0.5750000000000005,0.5351562499999997,0.9820255209298074,0.25233050092661036,0.9820255209298074,0.25233050092661036,-2.5999999999999996,5.0,12.0,13.0,0,2,2,0,0,41,0,6,13,0
12000555,0.0,0.3,0.5,2.6732656249999995,2.7499999999999996,0.07673437500000001,14,76.734375,7.609375,0.109375,0.328125,0.0,0.5812500000000006,0.3617187500000003,1.2750951526927381e-11,0.2999994670042099,1.2750951526927381e-11,0.2999994670042099,-1.7500000000000002,4.5,20.0,8.0,1,4,54,0,0,5,0,0,0,0
12000556,0.0,0.3,0.5,1.6182187499999996,1.6999999999999995,0.08178125000000001,15,81.78125,7.71875,0.078125,0.3125,0.015625,0.5809523809523816,0.3714285714285717,7.1838453430156525e-12,0.2999989475328117,7.1838453430156525e-12,0.2999989475328117,-1.4000000000000004,3.0999999999999996,19.0,6.0,0,6,48,0,0,9,0,0,0,1
12000557,0.0,0.3,0.5,2.10190625,2.1999999999999997,0.09809375000000002,19,98.09375,8.09375,0.109375,0.40625,0.0,0.5687500000000004,0.3687500000000003,1.891191366831404e-17,0.2999999999201148,1.891191366831404e-17,0.2999999999201148,-2.000000000000001,4.199999999999999,25.0,8.0,1,8,48,0,0,6,0,0,1,0
12000558,0.0,0.3,0.75,5.693812499999999,5.749999999999999,0.05618750000000001,8,56.1875,6.90625,0.1875,0.3125,0.0,0.5625000000000006,0.36875000000000024,2.361279583789832e-11,0.29999974063770074,2.361279583789832e-11,0.29999974063770074,-1.8000000000000005,7.550000000000001,19.0,13.0,3,4,49,1,0,7,0,0,0,0
12000559,0.0,0.3,0.25,0.013140625000000017,0.15000000000000002,0.136859375,19,136.859375,10.171875,0.046875,0.34375,0.0,0.5718750000000005,0.3617187500000003,4.353486604776258e-13,0.299999720066233,4.353486604776258e-13,0.299999720066233,-1.1000000000000003,1.25,17.0,8.0,1,7,51,0,0,5,0,0,0,0
12000560,1.0,0.3,0.75,-2.1507968750000055,-1.9000000000000057,0.25079687500000003,-26,250.796875,14.046875,0.4375,0.03125,0.0,0.5875000000000006,0.6078124999999994,0.9999999999999997,0.2999999988930725,0.9999999999999997,0.2999999988930725,-2.6499999999999995,0.75,25.0,5.0,0,0,0,0,0,18,0,4,42,0
12000561,1.0,0.05,0.5,2.3969218749999994,2.3999999999999995,0.003078125000000002,-2,3.078125,1.484375,0.15625,0.125,0.0,0.5781250000000007,0.45546875000000003,0.7312330628458136,0.050287365816347074,0.7312330628458136,0.050287365816347074,-1.3,3.6999999999999993,4.0,14.0,1,3,20,0,0,35,0,2,3,0
12000562,1.0,0.3,0.75,-0.8046562500000028,-0.7000000000000028,0.10465625000000002,-18,104.65625,8.875,0.328125,0.046875,0.0,0.5906250000000006,0.5585937499999997,0.9999999912674709,0.29995037038763783,0.9999999912674709,0.29995037038763783,-2.05,1.35,17.0,7.0,0,1,1,0,0,35,0,2,25,0
12000563,0.0,0.3,0.75,3.0909375000000012,3.1500000000000012,0.05906250000000001,12,59.0625,6.84375,0.125,0.3125,0.0,0.5656250000000004,0.3640625000000003,5.029549188769895e-10,0.2999966100470554,5.029549188769895e-10,0.2999966100470554,-1.9000000000000004,5.049999999999999,20.0,8.0,0,11,47,0,0,6,0,0,0,0
12000564,1.0,0.3,0.5,-0.1526875000000036,-3.552713678800501e-15,0.15268750000000006,-21,152.6875,10.96875,0.40625,0.078125,0.0,0.6000000000000008,0.5914062499999995,0.999999999999796,0.29999997806039613,0.999999999999796,0.29999997806039613,-2.849999999999998,2.8499999999999996,24.0,7.0,0,0,0,0,0,25,0,0,39,0
12000565,1.0,0.05,0.5,1.0903749999999988,1.0999999999999988,0.009625000000000007,-5,9.625,2.6875,0.15625,0.078125,0.0,0.5750000000000005,0.4976562499999997,0.6377742255480346,0.050107892274454544,0.6377742255480346,0.050107892274454544,-0.75,1.85,3.0,12.0,0,2,12,0,0,37,1,4,8,0
12000566,0.0,0.3,0.25,2.7491875,2.85,0.10081249999999999,15,100.8125,8.78125,0.109375,0.34375,0.0,0.5781250000000006,0.36171875000000026,2.6220131550248986e-13,0.2999999522544083,2.6220131550248986e-13,0.2999999522544083,-1.7000000000000004,4.549999999999999,22.0,7.0,0,7,52,0,0,5,0,0,0,0
12000567,1.0,0.05,0.5,1.8416249999999978,1.8499999999999979,0.008375000000000004,-5,8.375,2.46875,0.171875,0.09375,0.0,0.5750000000000005,0.48124999999999996,0.737345920474322,0.05109670185005874,0.737345920474322,0.05109670185005874,-0.19999999999999996,2.0500000000000007,1.0,16.0,1,2,11,1,0,43,0,2,4,0
12000568,0.0,0.3,0.5,2.830734375,2.85,0.019265625000000012,9,19.265625,3.421875,0.109375,0.25,0.0,0.5875000000000007,0.3898437500000004,5.739242169407e-05,0.29242446303066466,5.739242169407e-05,0.29242446303066466,-1.5500000000000003,4.3999999999999995,13.0,10.0,1,2,45,0,0,15,0,0,1,0
12000569,0.0,0.3,0.25,1.7708124999999992,1.8999999999999992,0.12918749999999998,18,129.1875,10.375,0.09375,0.375,0.015625,0.5777777777777783,0.3595238095238098,1.7891240257361743e-15,0.29999999734899524,1.7891240257361743e-15,0.29999999734899524,-1.4500000000000002,3.35,20.0,10.0,2,3,54,0,0,4,0,0,0,1
12000570,0.0,0.05,0.25,0.9959374999999998,0.9999999999999998,0.004062500000000003,4,4.0625,1.4375,0.046875,0.109375,0.0,0.5718750000000006,0.4015625000000005,0.03290482447260038,0.050018357214156824,0.03290482447260038,0.050018357214156824,-0.24999999999999994,1.25,5.0,5.0,1,6,36,0,0,20,0,1,0,0
12000571,1.0,0.05,0.75,-0.22415625000000106,-0.20000000000000107,0.024156250000000004,-7,24.15625,4.59375,0.15625,0.046875,0.0,0.5843750000000006,0.5164062499999998,0.7660379972238667,0.05003907337874973,0.7660379972238667,0.05003907337874973,-0.19999999999999996,4.440892098500626e-16,1.0,12.0,1,0,2,0,0,51,0,3,7,0
12000572,0.0,0.3,0.5,2.023203125000001,2.100000000000001,0.07679687500000001,18,76.796875,6.828125,0.09375,0.375,0.0,0.5906250000000006,0.3734375000000003,3.9384507847627417e-16,0.2999999988528278,3.9384507847627417e-16,0.2999999988528278,-1.6500000000000006,3.75,23.0,7.0,0,3,51,0,0,10,0,0,0,0
12000573,0.0,0.05,0.75,7.286453124999999,7.299999999999999,0.013546875000000007,-3,13.546875,3.140625,0.1875,0.140625,0.0,0.5843750000000006,0.47890625000000003,0.11368546949119626,0.05187828585708246,0.11368546949119626,0.05187828585708246,-1.2000000000000002,8.499999999999998,7.0,14.0,1,2,12,0,0,43,0,1,5,0
12000574,1.0,0.05,0.75,-0.5203437500000009,-0.5000000000000009,0.020343750000000004,-7,20.34375,3.8125,0.140625,0.03125,0.0,0.5937500000000007,0.5210937499999997,0.877465927630269,0.05001697800829899,0.877465927630269,0.05001697800829899,-0.25,-0.25,2.0,9.0,0,0,4,0,0,47,0,2,11,0
12000575,1.0,0.3,0.25,3.8701718750000023,3.900000000000002,0.029828125000000004,-7,29.828125,4.578125,0.265625,0.15625,0.0,0.5843750000000005,0.5328124999999996,0.9996267149424758,0.2976616625753484,0.9996267149424758,0.2976616625753484,-3.05,6.95,16.0,11.0,0,1,3,0,0,42,0,4,14,0
12000576,1.0,0.3,0.75,0.32851562499999937,0.4499999999999993,0.12148437499999994,-18,121.484375,10.078125,0.359375,0.078125,0.0,0.5906250000000006,0.5914062499999995,0.9999999962728712,0.29999232754419936,0.9999999962728712,0.29999232754419936,-3.049999999999999,3.4999999999999996,22.0,6.0,0,0,0,0,0,25,0,3,36,0
12000577,0.0,0.3,0.25,-0.27157812499999995,-0.09999999999999992,0.17157812500000003,22,171.578125,11.484375,0.046875,0.390625,0.0,0.5593750000000004,0.3640625000000003,2.0031546328211042e-16,0.29999999804958377,2.0031546328211042e-16,0.29999999804958377,-1.8500000000000003,1.7499999999999998,23.0,5.0,0,12,47,0,0,4,0,1,0,0
12000578,1.0,0.05,0.75,-0.6856874999999961,-0.5999999999999961,0.08568750000000003,-11,85.6875,8.59375,0.21875,0.046875,0.0,0.5843750000000005,0.5585937499999996,0.9658254675587179,0.055211720090371945,0.9658254675587179,0.055211720090371945,-1.4499999999999997,0.8500000000000003,8.0,9.0,0,0,0,0,0,39,0,5,20,0
12000579,0.0,0.05,0.5,4.39521875,4.3999999999999995,0.004781250000000002,2,4.78125,1.71875,0.140625,0.171875,0.015625,0.5746031746031751,0.4095238095238097,0.060019654721381245,0.06330486352102191,0.060019654721381245,0.06330486352102191,-0.5,4.899999999999999,4.0,16.0,0,7,32,0,0,23,0,1,0,1
12000580,0.0,0.05,0.5,5.196703125000001,5.200000000000001,0.0032968750000000025,-2,3.296875,1.453125,0.15625,0.125,0.015625,0.5809523809523814,0.4642857142857144,0.17430980009801963,0.05021059152758782,0.17430980009801963,0.05021059152758782,-0.3,5.5,3.0,15.0,0,5,15,0,0,38,0,1,4,1
12000581,1.0,0.3,0.25,1.6725,1.75,0.0775,-15,77.5,7.78125,0.34375,0.109375,0.0,0.5843750000000004,0.5656249999999996,0.999999990311859,0.29999547169221463,0.999999990311859,0.29999547169221463,-2.9499999999999993,4.699999999999999,21.0,8.0,0,0,2,0,1,31,0,4,26,0
12000582,1.0,0.05,0.75,-1.2152187500000022,-1.1500000000000021,0.06521875000000002,-12,65.21875,6.8125,0.21875,0.03125,0.0,0.5812500000000007,0.5585937499999994,0.994249851449039,0.06299283880112426,0.994249851449039,0.06299283880112426,-0.8500000000000001,-0.2999999999999998,5.0,11.0,0,1,3,0,0,31,1,3,25,0
12000583,1.0,0.3,0.25,2.2735000000000016,2.3500000000000014,0.07649999999999998,-14,76.5,7.90625,0.359375,0.140625,0.0,0.5843750000000005,0.5632812499999997,0.9999999964481129,0.29999909582887724,0.9999999964481129,0.29999909582887724,-3.1999999999999993,5.549999999999999,21.0,11.0,0,0,2,0,1,32,0,4,25,0
12000584,1.0,0.3,0.5,0.8437499999999986,0.8999999999999986,0.056250000000000015,-14,56.25,6.78125,0.3125,0.09375,0.0,0.5906250000000006,0.5351562499999997,0.9999980704191528,0.2998044355062861,0.9999980704191528,0.2998044355062861,-2.9499999999999984,3.8500000000000005,18.0,8.0,0,0,3,0,2,41,0,1,17,0
12000585,0.0,0.05,0.25,1.6295156249999998,1.65,0.02048437500000001,5,20.484375,3.890625,0.0625,0.140625,0.0,0.5781250000000004,0.38281250000000033,0.017643575900565516,0.050327785628370945,0.017643575900565516,0.050327785628370945,-0.09999999999999998,1.75,2.0,11.0,0,6,45,0,0,12,0,1,0,0
12000586,0.0,0.3,0.25,1.5494843749999994,1.5999999999999994,0.05051562500000002,14,50.515625,6.421875,0.078125,0.296875,0.0,0.5656250000000004,0.3664062500000002,1.8105773626575256e-10,0.29998914494388507,1.8105773626575256e-10,0.29998914494388507,-1.3500000000000003,2.9499999999999997,17.0,7.0,0,11,46,0,0,7,0,0,0,0
12000587,0.0,0.3,0.75,2.4447500000000013,2.550000000000001,0.10525000000000001,19,105.25,8.3125,0.109375,0.40625,0.015625,0.571428571428572,0.36428571428571455,1.5986416046710468e-18,0.2999999999809712,1.5986416046710468e-18,0.2999999999809712,-1.7500000000000007,4.299999999999999,25.0,8.0,0,9,48,0,0,6,0,0,0,1
12000588,0.0,0.3,0.25,0.19657812499999994,0.24999999999999994,0.053421875000000014,14,53.421875,6.484375,0.046875,0.265625,0.015625,0.5714285714285718,0.366666666666667,1.1007713086046264e-07,0.2991111640313969,1.1007713086046264e-07,0.2991111640313969,-1.4000000000000001,1.65,16.0,4.0,0,9,47,0,0,7,0,0,0,1
12000589,0.0,0.05,0.5,5.1422656249999985,5.149999999999999,0.007734375000000005,-2,7.734375,2.546875,0.15625,0.125,0.0,0.5687500000000004,0.4671875000000001,0.488113808631218,0.05031430584494349,0.488113808631218,0.05031430584494349,-0.8999999999999999,6.049999999999999,4.0,14.0,2,2,17,0,0,36,0,4,3,0
12000590,0.0,0.05,0.75,7.0978125,7.1,0.0021875000000000015,-3,2.1875,1.15625,0.171875,0.125,0.0,0.5718750000000005,0.44375,0.013223377516931508,0.05105651772488174,0.013223377516931508,0.05105651772488174,-0.5999999999999999,7.6999999999999975,7.0,12.0,1,4,22,1,0,33,0,1,2,0
12000591,1.0,0.3,0.5,-1.6938281250000042,-1.5500000000000043,0.143828125,-21,143.828125,10.484375,0.375,0.046875,0.0,0.5906250000000006,0.5703124999999994,0.9999999995496918,0.2999954426078156,0.9999999995496918,0.2999954426078156,-2.8499999999999988,1.2999999999999998,21.0,6.0,0,0,0,1,0,33,0,1,29,0
12000592,0.0,0.3,0.25,0.37865625,0.45,0.07134375000000001,15,71.34375,7.125,0.046875,0.28125,0.0,0.5718750000000006,0.3664062500000003,1.4236763304140223e-09,0.2999193723858695,1.4236763304140223e-09,0.2999193723858695,-1.3500000000000003,1.7999999999999998,17.0,4.0,0,9,48,0,0,7,0,0,0,0
12000593,0.0,0.05,0.5,3.7434374999999998,3.7499999999999996,0.006562500000000005,-3,6.5625,2.3125,0.09375,0.046875,0.0,0.5875000000000006,0.48359375000000004,0.6684055043784,0.050001171960380855,0.6684055043784,0.050001171960380855,0.0,3.7499999999999996,0.0,9.0,0,2,11,0,0,45,0,2,4,0
12000594,0.0,0.05,0.25,1.536859375,1.5499999999999998,0.01314062500000001,3,13.140625,3.453125,0.0625,0.109375,0.0,0.5468750000000006,0.38046875000000013,0.18530070957008565,0.05000495487240474,0.18530070957008565,0.05000495487240474,-0.39999999999999997,1.95,3.0,8.0,4,9,38,0,0,13,0,0,0,0
12000595,0.0,0.3,0.5,4.1576249999999995,4.199999999999999,0.04237500000000001,8,42.375,6.03125,0.140625,0.265625,0.015625,0.5777777777777783,0.3571428571428574,6.36652865150593e-08,0.29991376559460325,6.36652865150593e-08,0.29991376559460325,-1.3500000000000003,5.550000000000001,15.0,11.0,1,5,54,0,0,3,0,0,0,1
12000596,0.0,0.3,0.75,6.1309843750000015,6.150000000000001,0.019015625000000005,5,19.015625,3.703125,0.171875,0.25,0.015625,0.5714285714285718,0.3738095238095241,2.3409989448017304e-08,0.2999484787496991,2.3409989448017304e-08,0.2999484787496991,-1.2000000000000004,7.349999999999999,16.0,11.0,0,9,44,0,0,10,0,0,0,1
12000597,0.0,0.3,0.75,6.027000000000001,6.050000000000001,0.023000000000000007,9,23.0,4.28125,0.1875,0.328125,0.0,0.5687500000000004,0.3710937500000003,4.10336734640201e-14,0.2999999924361025,4.10336734640201e-14,0.2999999924361025,-1.5000000000000004,7.550000000000001,20.0,13.0,0,8,48,0,0,7,1,0,0,0
12000598,1.0,0.05,0.25,1.3492499999999996,1.3499999999999996,0.0007500000000000004,-2,0.75,0.6875,0.09375,0.0625,0.0,0.5750000000000006,0.4554687499999999,0.5867869645621349,0.05000162531837228,0.5867869645621349,0.05000162531837228,-0.55,1.9000000000000001,2.0,8.0,0,4,20,1,0,34,0,2,3,0
12000599,0.0,0.3,0.25,-0.5718281250000005,-0.4000000000000005,0.17182812499999994,18,171.828125,11.546875,0.03125,0.3125,0.0,0.5687500000000004,0.36171875000000026,9.020749934194719e-12,0.29999590444191737,9.020749934194719e-12,0.29999590444191737,-1.3500000000000005,0.95,17.0,5.0,1,8,50,0,0,5,0,0,0,0
12000600,1.0,0.05,0.25,5.997171875,6.0,0.002828125000000002,3,2.828125,1.421875,0.109375,0.15625,0.0,0.5687500000000003,0.40859375000000026,0.14201934265253127,0.05047436246052341,0.14201934265253127,0.05047436246052341,-1.4500000000000002,7.449999999999999,5.0,12.0,0,7,34,0,1,20,0,2,0,0
12000601,1.0,0.05,0.5,2.6414999999999993,2.6499999999999995,0.008500000000000004,-4,8.5,2.3125,0.171875,0.109375,0.0,0.5843750000000006,0.4812499999999998,0.8200035384513761,0.05261388263693527,0.8200035384513761,0.05261388263693527,-1.45,4.1,6.0,12.0,1,2,14,0,0,38,0,1,8,0
12000602,0.0,0.3,0.5,2.731984375,2.85,0.11801562499999996,16,118.015625,9.359375,0.125,0.375,0.0,0.5625000000000006,0.3710937500000003,4.6939725764914274e-14,0.29999999468851296,4.6939725764914274e-14,0.29999999468851296,-1.8000000000000003,4.6499999999999995,21.0,11.0,2,8,46,0,0,7,0,0,1,0
12000603,1.0,0.05,0.25,2.29565625,2.3,0.004343750000000003,-2,4.34375,1.625,0.125,0.09375,0.0,0.5562500000000005,0.4601562499999998,0.7549972517299356,0.0500353896068491,0.7549972517299356,0.0500353896068491,-1.75,4.050000000000001,6.0,8.0,2,3,21,1,0,28,1,3,5,0
12000604,0.0,0.3,0.75,5.037578125,5.05,0.012421875000000004,5,12.421875,2.734375,0.140625,0.21875,0.0,0.5718750000000006,0.3921875000000003,4.7481981877023225e-05,0.2929888563099046,4.7481981877023225e-05,0.2929888563099046,-1.2500000000000002,6.300000000000001,14.0,9.0,2,5,40,0,0,16,0,0,1,0
12000605,0.0,0.3,0.75,4.725109375000001,4.750000000000001,0.024890625000000013,11,24.890625,4.328125,0.171875,0.34375,0.0,0.5781250000000004,0.3804687500000003,1.0542383170471528e-12,0.29999997939569845,1.0542383170471528e-12,0.29999997939569845,-2.0000000000000004,6.749999999999998,21.0,12.0,1,5,45,0,0,13,0,0,0,0
12000606,1.0,0.3,0.25,3.015468750000005,3.100000000000005,0.08453125000000002,-12,84.53125,8.3125,0.328125,0.140625,0.0,0.5812500000000006,0.5585937499999996,0.9999984753221401,0.29997238824626427,0.9999984753221401,0.29997238824626427,-3.0999999999999996,6.199999999999999,19.0,11.0,0,0,2,0,0,35,1,4,22,0
12000607,1.0,0.3,0.5,-0.18067187500001133,-0.05000000000001137,0.13067187499999997,-17,130.671875,9.484375,0.34375,0.078125,0.0,0.5875000000000007,0.5539062499999994,0.9999999593768427,0.29996470551301013,0.9999999593768427,0.29996470551301013,-3.5999999999999996,3.55,22.0,5.0,0,2,7,0,0,23,0,2,30,0
12000608,1.0,0.05,0.5,1.0402812500000007,1.0500000000000007,0.009718750000000005,-4,9.71875,2.53125,0.140625,0.078125,0.015625,0.5746031746031751,0.48333333333333306,0.8600259604618532,0.05018950159638304,0.8600259604618532,0.05018950159638304,-0.19999999999999996,1.2500000000000002,1.0,13.0,0,3,14,0,0,36,0,5,5,1
12000609,1.0,0.05,0.75,0.6843906250000001,0.7000000000000002,0.015609375000000012,-4,15.609375,3.734375,0.125,0.0625,0.0,0.5781250000000006,0.5164062499999997,0.6800676035598576,0.05000790436578318,0.6800676035598576,0.05000790436578318,-0.55,1.2500000000000002,1.0,11.0,1,0,2,0,0,51,0,5,5,0
12000610,0.0,0.3,0.75,7.234562500000003,7.250000000000003,0.015437500000000007,4,15.4375,2.96875,0.21875,0.28125,0.0,0.5562500000000005,0.3875000000000004,1.5894082403565639e-09,0.29999613274831105,1.5894082403565639e-09,0.29999613274831105,-1.95,9.200000000000003,18.0,14.0,1,9,39,1,0,13,0,1,0,0
12000611,1.0,0.05,0.75,-0.7749218749999993,-0.6999999999999993,0.07492187500000003,-10,74.921875,8.015625,0.203125,0.046875,0.0,0.5875000000000006,0.5679687499999997,0.9567023781901476,0.051216925268907976,0.9567023781901476,0.051216925268907976,-0.6499999999999999,-0.04999999999999982,4.0,12.0,0,0,0,0,1,34,0,3,26,0
12000612,0.0,0.3,0.5,4.778312500000002,4.800000000000002,0.021687500000000002,9,21.6875,3.4375,0.15625,0.296875,0.0,0.5656250000000005,0.37343750000000037,3.2561269335873143e-10,0.2999982741235398,3.2561269335873143e-10,0.2999982741235398,-1.5000000000000002,6.3,16.0,13.0,0,11,43,0,0,10,0,0,0,0
12000613,1.0,0.3,0.5,1.9140937499999982,1.9999999999999982,0.08590624999999998,-13,85.90625,8.59375,0.328125,0.125,0.0,0.5906250000000006,0.5843749999999995,0.999999975300427,0.29998787389329823,0.999999975300427,0.29998787389329823,-2.3999999999999995,4.3999999999999995,18.0,11.0,0,0,0,0,0,28,1,1,34,0
12000614,1.0,0.05,0.25,1.0988124999999997,1.0999999999999996,0.0011875000000000006,-3,1.1875,0.78125,0.109375,0.0625,0.0,0.5843750000000005,0.44609374999999984,0.8234805546778552,0.05001013049900691,0.8234805546778552,0.05001013049900691,-0.3999999999999999,1.5,2.0,9.0,0,3,25,0,0,31,0,2,3,0
12000615,1.0,0.3,0.25,3.422906249999999,3.4499999999999993,0.027093750000000014,-13,27.09375,3.90625,0.359375,0.15625,0.0,0.5875000000000006,0.49062499999999976,0.9999999160241191,0.299999267705885,0.9999999160241191,0.299999267705885,-4.15,7.6,21.0,12.0,0,1,16,0,1,33,0,2,11,0
12000616,1.0,0.05,0.25,5.19925,5.2,0.0007500000000000004,2,0.75,0.59375,0.09375,0.125,0.0,0.5906250000000006,0.42265625000000023,0.44926341916782486,0.050019404629741394,0.44926341916782486,0.050019404629741394,-0.75,5.949999999999999,3.0,11.0,0,3,30,0,0,31,0,0,0,0
12000617,1.0,0.05,0.75,0.5087656249999998,0.5499999999999998,0.041234375,-7,41.234375,6.046875,0.171875,0.0625,0.0,0.5750000000000005,0.5281249999999997,0.8069793817831821,0.05027579860070066,0.8069793817831821,0.05027579860070066,-0.3999999999999999,0.9500000000000002,2.0,13.0,1,1,2,0,0,44,1,3,12,0
12000618,0.0,0.3,0.5,3.649453125,3.75,0.10054687499999998,15,100.546875,8.984375,0.140625,0.375,0.0,0.5687500000000005,0.36171875000000026,2.6119473312489327e-15,0.2999999991684797,2.6119473312489327e-15,0.2999999991684797,-2.0000000000000004,5.749999999999999,24.0,9.0,1,8,50,0,0,5,0,0,0,0
12000619,1.0,0.05,0.25,2.6997187499999993,2.6999999999999993,0.0002812500000000001,0,0.28125,0.25,0.09375,0.09375,0.0,0.5593750000000005,0.4250000000000001,0.2947014524516701,0.05000255635537123,0.2947014524516701,0.05000255635537123,-1.7500000000000002,4.45,5.0,7.0,1,7,27,0,0,26,1,2,0,0
12000620,1.0,0.3,0.5,1.8749374999999968,1.8999999999999968,0.02506250000000001,-9,25.0625,4.09375,0.25,0.109375,0.015625,0.5746031746031751,0.5166666666666664,0.9987824764296046,0.28500451235939944,0.9987824764296046,0.28500451235939944,-2.8499999999999996,4.75,14.0,9.0,1,2,6,0,0,38,0,4,12,1
12000621,1.0,0.05,0.25,0.4322031249999993,0.4499999999999993,0.017796875000000014,-8,17.796875,3.609375,0.1875,0.0625,0.0,0.5937500000000007,0.4999999999999998,0.8037110571163272,0.05120315372411693,0.8037110571163272,0.05120315372411693,-0.9999999999999998,1.4499999999999997,6.0,10.0,0,1,10,0,0,42,0,1,10,0
12000622,0.0,0.05,0.25,-0.6766718749999999,-0.6499999999999999,0.02667187500000002,6,26.671875,4.828125,0.015625,0.109375,0.015625,0.5587301587301592,0.3952380952380954,0.061808324113890555,0.05000422325509517,0.061808324113890555,0.05000422325509517,-0.09999999999999998,-0.55,2.0,6.0,1,8,38,0,0,13,0,3,0,1
12000623,0.0,0.05,0.75,7.441046875000001,7.450000000000001,0.008953125000000004,-3,8.953125,2.515625,0.234375,0.1875,0.0,0.5718750000000005,0.4671874999999998,0.19499392856229664,0.09355194407638832,0.19499392856229664,0.09355194407638832,-1.7500000000000002,9.200000000000001,7.0,20.0,1,5,20,0,0,26,0,2,10,0
12000624,0.0,0.05,0.75,5.290124999999999,5.299999999999999,0.009875000000000004,-5,9.875,2.40625,0.125,0.046875,0.0,0.5812500000000006,0.49062499999999976,0.6038570349209803,0.050004969380143795,0.6038570349209803,0.050004969380143795,-0.4,5.699999999999998,2.0,9.0,0,0,13,1,0,41,0,4,5,0
12000625,1.0,0.3,0.5,0.7684218750000015,0.8500000000000014,0.08157812499999996,-13,81.578125,8.296875,0.28125,0.078125,0.0,0.5937500000000007,0.5562499999999996,0.9999701254522226,0.29657887684896167,0.9999701254522226,0.29657887684896167,-2.3,3.1499999999999995,16.0,7.0,0,0,0,0,1,39,0,1,23,0
12000626,1.0,0.05,0.5,2.946046874999999,2.9499999999999993,0.003953125000000003,-2,3.953125,1.703125,0.125,0.09375,0.0,0.5656250000000005,0.48828125,0.7543475342642002,0.050073301966444946,0.7543475342642002,0.050073301966444946,-0.3999999999999999,3.3500000000000005,2.0,12.0,1,3,8,0,0,45,0,6,1,0
12000627,1.0,0.3,0.25,1.9535937500000053,2.0000000000000053,0.046406250000000024,-12,46.40625,6.125,0.328125,0.140625,0.0,0.5968750000000007,0.5281249999999997,0.9999280365001662,0.2997910369109404,0.9999280365001662,0.2997910369109404,-3.700000000000001,5.699999999999999,18.0,12.0,0,1,1,0,0,48,0,0,14,0
12000628,0.0,0.3,0.75,3.2449531250000003,3.3000000000000003,0.05504687500000001,9,55.046875,6.859375,0.109375,0.25,0.0,0.5750000000000005,0.36640625000000027,1.8803552616009212e-07,0.299505261346824,1.8803552616009212e-07,0.299505261346824,-0.9500000000000004,4.25,13.0,10.0,1,5,51,0,1,6,0,0,0,0
12000629,0.0,0.05,0.75,6.984687499999998,6.999999999999998,0.015312500000000012,-6,15.3125,3.15625,0.1875,0.09375,0.0,0.5781250000000006,0.5046874999999997,0.5982138216653564,0.0505818475611299,0.5982138216653564,0.0505818475611299,-0.8500000000000001,7.849999999999999,3.0,15.0,0,2,11,0,2,34,0,3,12,0
12000630,1.0,0.3,0.75,-1.088140625000003,-0.9500000000000028,0.13814062500000002,-20,138.140625,10.140625,0.359375,0.046875,0.0,0.5843750000000005,0.5796874999999995,0.9999999999389073,0.29999767135934996,0.9999999999389073,0.29999767135934996,-1.5500000000000003,0.6000000000000001,16.0,10.0,0,0,0,0,1,29,0,4,30,0
12000631,1.0,0.05,0.5,1.5242500000000008,1.5500000000000007,0.025750000000000012,-6,25.75,4.4375,0.1875,0.09375,0.0,0.5750000000000005,0.5093749999999999,0.6991364506153391,0.05204428301735492,0.6991364506153391,0.05204428301735492,-0.7999999999999998,2.35,4.0,14.0,0,2,7,1,0,41,0,4,9,0
12000632,1.0,0.3,0.25,2.629484374999995,2.649999999999995,0.020515625000000003,-11,20.515625,2.859375,0.296875,0.125,0.0,0.5750000000000005,0.4765624999999998,0.9999977304231904,0.2999235782129749,0.9999977304231904,0.2999235782129749,-2.249999999999999,4.9,15.0,12.0,1,4,14,1,0,35,0,0,9,0
12000633,0.0,0.05,0.25,3.798625,3.8,0.0013750000000000008,-1,1.375,0.875,0.109375,0.09375,0.015625,0.5936507936507943,0.4214285714285717,0.3176880381655756,0.050008225482380736,0.3176880381655756,0.050008225482380736,-0.25,4.049999999999999,2.0,11.0,0,2,32,0,0,28,0,0,1,1
12000634,0.0,0.05,0.75,2.6971249999999998,2.6999999999999997,0.002875000000000002,-2,2.875,1.46875,0.078125,0.046875,0.015625,0.5936507936507943,0.4833333333333332,0.5592987935777433,0.0500002681557789,0.5592987935777433,0.0500002681557789,-0.2,2.9,1.0,7.0,0,1,10,0,1,47,0,0,4,1
12000635,0.0,0.3,0.5,2.8100781250000018,2.850000000000002,0.039921875000000016,13,39.921875,4.953125,0.109375,0.3125,0.0,0.5718750000000005,0.37578125000000034,1.3141441405718826e-10,0.29999792114308804,1.3141441405718826e-10,0.29999792114308804,-1.4000000000000004,4.25,18.0,9.0,1,7,45,0,0,11,0,0,0,0
12000636,0.0,0.05,0.5,1.0318281249999997,1.0499999999999996,0.018171875000000004,5,18.171875,3.984375,0.0625,0.140625,0.0,0.5750000000000006,0.3804687500000002,0.03463578506307471,0.05011091564597912,0.03463578506307471,0.05011091564597912,-0.49999999999999994,1.5499999999999996,5.0,8.0,1,5,46,0,0,11,0,1,0,0
12000637,1.0,0.05,0.75,-0.7054531249999986,-0.6499999999999986,0.05545312500000002,-10,55.453125,6.703125,0.203125,0.046875,0.015625,0.5936507936507943,0.5357142857142855,0.8588676311678254,0.05072177786787631,0.8588676311678254,0.05072177786787631,-0.5999999999999999,-0.04999999999999982,3.0,13.0,0,0,2,0,0,44,0,2,15,1
12000638,1.0,0.05,0.75,1.1876562499999992,1.1999999999999993,0.01234375000000001,-6,12.34375,3.09375,0.171875,0.078125,0.0,0.5875000000000007,0.48359375000000004,0.5451121241677939,0.05027905005513668,0.5451121241677939,0.05027905005513668,-0.7999999999999998,1.9999999999999998,4.0,12.0,0,2,12,0,0,43,0,2,5,0
12000639,0.0,0.05,0.5,5.3924375,5.3999999999999995,0.007562500000000004,-3,7.5625,2.34375,0.140625,0.09375,0.0,0.5687500000000004,0.4789062500000001,0.3026131969437483,0.05003320443348513,0.3026131969437483,0.05003320443348513,-0.6,6.0,4.0,11.0,1,3,12,0,1,40,0,4,3,0
12000640,1.0,0.3,0.75,0.30996874999999574,0.44999999999999574,0.14003125,-18,140.03125,10.3125,0.359375,0.078125,0.0,0.5906250000000006,0.5960937499999993,0.9999999999598942,0.29999900743559227,0.9999999999598942,0.29999900743559227,-2.1999999999999993,2.6499999999999995,20.0,8.0,0,0,0,0,0,23,0,3,38,0
12000641,0.0,0.3,0.25,1.2806249999999992,1.3999999999999992,0.11937499999999998,18,119.375,9.9375,0.078125,0.359375,0.0,0.5812500000000005,0.3617187500000003,1.7556816879165485e-14,0.29999997636768994,1.7556816879165485e-14,0.29999997636768994,-1.7500000000000007,3.15,21.0,7.0,0,6,54,0,0,3,0,0,1,0
12000642,1.0,0.05,0.75,2.8967187499999985,2.8999999999999986,0.003281250000000002,-3,3.28125,1.5625,0.15625,0.109375,0.015625,0.5777777777777782,0.48095238095238085,0.5631335913883182,0.05032842981939364,0.5631335913883182,0.05032842981939364,-0.25,3.1499999999999995,2.0,15.0,0,2,14,0,0,39,0,5,3,1
12000643,1.0,0.05,0.75,-0.1860312499999986,-0.14999999999999858,0.03603125000000002,-10,36.03125,5.375,0.203125,0.046875,0.0,0.5781250000000006,0.5492187499999996,0.9824512658281717,0.05570461427807262,0.9824512658281717,0.05570461427807262,-1.2499999999999998,1.0999999999999999,7.0,9.0,0,0,1,0,0,41,1,5,16,0
12000644,1.0,0.05,0.75,2.033843749999999,2.049999999999999,0.01615625000000001,-7,16.15625,3.375,0.21875,0.109375,0.015625,0.5873015873015879,0.49761904761904746,0.5202588294372428,0.06439577459890429,0.5202588294372428,0.06439577459890429,-0.3999999999999999,2.4499999999999993,2.0,19.0,0,2,9,0,0,42,0,2,8,1
12000645,1.0,0.3,0.75,-0.2553125000000043,-0.05000000000000426,0.20531250000000006,-21,205.3125,13.34375,0.390625,0.0625,0.0,0.5906250000000006,0.6078124999999994,0.9999999999997982,0.2999999581471877,0.9999999999997982,0.2999999581471877,-1.9500000000000002,1.8999999999999997,20.0,9.0,0,0,0,0,0,18,0,3,43,0
12000646,1.0,0.05,0.5,0.3894687499999995,0.39999999999999947,0.010531250000000006,-6,10.53125,2.65625,0.15625,0.0625,0.0,0.5843750000000006,0.48124999999999996,0.6946454618338436,0.050082083196330805,0.6946454618338436,0.050082083196330805,-1.05,1.4500000000000004,4.0,10.0,1,2,11,0,0,44,0,1,5,0
12000647,0.0,0.3,0.75,5.613796875,5.65,0.03620312500000002,13,36.203125,4.671875,0.203125,0.40625,0.0,0.5656250000000004,0.38750000000000034,8.249739179590641e-16,0.299999999963577,8.249739179590641e-16,0.299999999963577,-2.6499999999999995,8.3,24.0,15.0,0,9,39,1,0,15,0,0,0,0
12000648,1.0,0.3,0.25,4.170812500000004,4.2500000000000036,0.0791875,-12,79.1875,8.0625,0.359375,0.171875,0.0,0.5906250000000006,0.5796874999999996,0.9999999992656718,0.2999998425686166,0.9999999992656718,0.2999998425686166,-3.1499999999999986,7.4,22.0,12.0,0,0,0,0,0,30,0,3,31,0
12000649,0.0,0.05,0.5,2.5965,2.5999999999999996,0.0035000000000000027,2,3.5,1.625,0.109375,0.140625,0.015625,0.5619047619047625,0.4071428571428573,0.3023713058269941,0.05006668626555237,0.3023713058269941,0.05006668626555237,-1.6500000000000001,4.25,7.0,9.0,1,8,32,0,0,20,1,0,1,1
12000650,1.0,0.05,0.75,-1.3978125000000015,-1.3500000000000014,0.04781250000000002,-13,47.8125,5.5625,0.25,0.046875,0.0,0.5687500000000004,0.5445312499999995,0.9990619343378155,0.16229952022079655,0.9990619343378155,0.16229952022079655,-0.5000000000000002,-0.8500000000000003,4.0,15.0,1,2,6,1,0,26,0,4,24,0
12000651,0.0,0.05,0.25,0.34798437499999973,0.34999999999999976,0.002015625000000001,3,2.015625,0.859375,0.03125,0.078125,0.03125,0.583870967741936,0.4201612903225809,0.33491655613410526,0.05000024672313445,0.33491655613410526,0.05000024672313445,-0.14999999999999997,0.4999999999999997,1.0,6.0,0,5,28,0,0,29,0,0,0,2
12000652,1.0,0.05,0.25,3.348703124999998,3.349999999999998,0.0012968750000000007,-1,1.296875,0.921875,0.140625,0.125,0.0,0.5843750000000006,0.43671875000000027,0.699767451571064,0.05011653352028734,0.699767451571064,0.05011653352028734,-1.1,4.450000000000001,4.0,13.0,0,1,29,1,0,30,1,0,2,0
12000653,0.0,0.05,0.75,6.4950624999999995,6.499999999999999,0.0049375000000000035,-3,4.9375,1.90625,0.1875,0.140625,0.0,0.5843750000000006,0.4742187499999998,0.42052978891570225,0.05288366738591933,0.42052978891570225,0.05288366738591933,-0.75,7.249999999999999,3.0,18.0,0,1,15,1,0,42,0,2,3,0
12000654,1.0,0.05,0.25,5.64803125,5.6499999999999995,0.001968750000000001,3,1.96875,1.0625,0.09375,0.140625,0.0,0.5781250000000004,0.4156250000000001,0.18634382894852683,0.05012071594739588,0.18634382894852683,0.05012071594739588,-0.1499999999999999,5.8,1.0,14.0,0,5,35,0,0,20,0,2,2,0
12000655,1.0,0.05,0.75,1.7082187500000017,1.7500000000000018,0.04178125000000002,-7,41.78125,5.75,0.1875,0.078125,0.0,0.5906250000000006,0.5468749999999997,0.9728654756530167,0.06359894882375715,0.9728654756530167,0.06359894882375715,-0.55,2.3,5.0,12.0,0,2,1,0,0,38,0,1,22,0
12000656,1.0,0.05,0.25,2.5463593750000006,2.5500000000000007,0.0036406250000000015,-3,3.640625,1.390625,0.140625,0.09375,0.0,0.5656250000000004,0.4554687499999999,0.6445844083818073,0.050159027374762806,0.6445844083818073,0.050159027374762806,-1.2,3.7499999999999996,5.0,10.0,1,4,21,0,0,31,1,3,3,0
12000657,0.0,0.05,0.25,0.522515625,0.55,0.027484375,7,27.484375,4.828125,0.046875,0.15625,0.0,0.5718750000000006,0.3804687500000002,0.0049091901345611625,0.051108216925632756,0.0049091901345611625,0.051108216925632756,-0.19999999999999996,0.75,4.0,9.0,1,6,45,0,0,11,0,1,0,0
12000658,0.0,0.05,0.75,4.789968749999999,4.799999999999999,0.010031250000000007,-4,10.03125,3.03125,0.125,0.0625,0.0,0.5750000000000004,0.5,0.5372825153525159,0.05000484907922822,0.5372825153525159,0.05000484907922822,-0.4,5.199999999999999,2.0,10.0,0,1,5,1,0,51,0,5,1,0
12000659,1.0,0.05,0.5,1.6410468749999985,1.6499999999999986,0.008953125000000006,-5,8.953125,2.734375,0.15625,0.078125,0.0,0.5718750000000005,0.4906250000000001,0.6655933534881088,0.0502845038280777,0.6655933534881088,0.0502845038280777,-0.3500000000000001,2.0,1.0,14.0,0,4,9,0,1,41,0,4,5,0
12000660,1.0,0.05,0.5,0.6396874999999985,0.6499999999999986,0.010312500000000007,-4,10.3125,2.8125,0.125,0.0625,0.015625,0.5873015873015879,0.4833333333333333,0.4237123968560889,0.050003602169149765,0.4237123968560889,0.050003602169149765,-0.19999999999999996,0.8500000000000001,1.0,11.0,0,2,9,0,0,48,0,2,2,1
12000661,0.0,0.05,0.25,2.4975312499999993,2.499999999999999,0.0024687500000000018,2,2.46875,1.375,0.09375,0.125,0.0,0.5781250000000004,0.42500000000000016,0.7302669259630316,0.05000450501008731,0.7302669259630316,0.05000450501008731,-0.6000000000000001,3.099999999999999,3.0,11.0,0,4,31,0,0,26,0,3,0,0
12000662,1.0,0.3,0.5,0.8193749999999986,0.8999999999999986,0.08062499999999999,-14,80.625,8.125,0.3125,0.09375,0.0,0.5875000000000006,0.5656249999999995,0.999993116352028,0.2994147971491397,0.999993116352028,0.2994147971491397,-2.55,3.4499999999999997,16.0,10.0,0,0,0,0,0,36,0,4,24,0
12000663,0.0,0.05,0.25,2.7480156249999994,2.7499999999999996,0.001984375000000001,0,1.984375,1.234375,0.09375,0.09375,0.015625,0.5746031746031752,0.41666666666666685,0.28444109901269005,0.05000413849310031,0.28444109901269005,0.05000413849310031,-0.3,3.05,3.0,9.0,2,2,33,0,0,24,0,2,0,1
12000664,1.0,0.3,0.5,-1.9938593750000086,-1.8500000000000085,0.14385937500000004,-23,143.859375,10.203125,0.390625,0.03125,0.0,0.5937500000000007,0.5679687499999995,0.9999999999986727,0.29999979496621704,0.9999999999986727,0.29999979496621704,-2.1499999999999995,0.30000000000000027,19.0,8.0,0,0,0,0,0,35,0,2,27,0
12000665,0.0,0.05,0.25,1.3279374999999995,1.3499999999999996,0.022062499999999995,5,22.0625,4.46875,0.078125,0.15625,0.0,0.5656250000000005,0.3851562500000002,0.12148934400866061,0.05010609494821924,0.12148934400866061,0.05010609494821924,-0.55,1.8999999999999997,3.0,12.0,0,8,42,1,0,12,0,1,0,0
12000666,1.0,0.3,0.5,0.7512500000000006,0.8000000000000007,0.04875000000000002,-10,48.75,6.09375,0.234375,0.078125,0.0,0.5843750000000005,0.5328124999999997,0.9767082898579362,0.14484640281254474,0.9767082898579362,0.14484640281254474,-2.25,3.05,13.0,7.0,0,1,4,0,0,40,0,4,15,0
12000667,1.0,0.05,0.75,0.29664062499999966,0.34999999999999964,0.053359375000000014,-10,53.359375,6.578125,0.234375,0.078125,0.015625,0.5809523809523814,0.5452380952380949,0.8614001855675063,0.06346334592586307,0.8614001855675063,0.06346334592586307,-0.8499999999999999,1.2000000000000002,4.0,16.0,0,1,2,1,0,37,0,3,19,1
12000668,0.0,0.3,0.75,2.465078125,2.5999999999999996,0.134921875,16,134.921875,10.546875,0.109375,0.359375,0.0,0.5656250000000004,0.36875000000000024,8.037449548248026e-13,0.29999995506288357,8.037449548248026e-13,0.29999995506288357,-2.1,4.699999999999999,22.0,8.0,1,8,48,0,0,6,0,1,0,0
12000669,1.0,0.05,0.25,4.188437499999998,4.199999999999998,0.011562500000000005,-3,11.5625,3.21875,0.1875,0.140625,0.03125,0.5903225806451619,0.4951612903225805,0.4517902393803273,0.05704829536769036,0.4517902393803273,0.05704829536769036,-1.7499999999999998,5.949999999999999,8.0,13.0,0,0,9,0,0,46,0,3,4,2
12000670,0.0,0.3,0.5,5.222671875,5.25,0.027328124999999995,5,27.328125,4.671875,0.15625,0.234375,0.015625,0.555555555555556,0.36904761904761924,2.1711748792539024e-05,0.29836661517617236,2.1711748792539024e-05,0.29836661517617236,-1.3500000000000003,6.6,14.0,11.0,1,12,43,0,0,6,0,0,1,1
12000671,0.0,0.3,0.25,2.532359375,2.6,0.06764062500000002,14,67.640625,7.578125,0.109375,0.328125,0.0,0.5718750000000005,0.35703125000000024,9.3960871730388e-12,0.29999950908791356,9.3960871730388e-12,0.29999950908791356,-1.4000000000000001,4.0,16.0,12.0,2,5,54,0,0,3,0,0,0,0
12000672,0.0,0.05,0.75,4.646796874999999,4.649999999999999,0.003203125000000002,1,3.203125,1.515625,0.140625,0.15625,0.015625,0.5873015873015879,0.4357142857142859,0.2590855618010228,0.05151233892904611,0.2590855618010228,0.05151233892904611,-1.0,5.649999999999999,5.0,14.0,0,2,28,0,0,30,0,2,1,1
12000673,1.0,0.05,0.5,1.268749999999999,1.299999999999999,0.03125,-6,31.25,5.09375,0.171875,0.078125,0.0,0.5843750000000005,0.5210937499999998,0.6861959859264773,0.05040743431541409,0.6861959859264773,0.05040743431541409,-1.15,2.45,5.0,11.0,0,0,3,0,1,48,0,4,8,0
12000674,1.0,0.05,0.25,4.044203124999999,4.049999999999999,0.005796875000000002,-3,5.796875,1.828125,0.203125,0.15625,0.0,0.5781250000000004,0.4624999999999999,0.2465543139420198,0.06021549325804198,0.2465543139420198,0.06021549325804198,-1.7999999999999998,5.85,8.0,15.0,0,1,20,0,2,36,1,2,2,0
12000675,1.0,0.05,0.5,0.7931406249999998,0.7999999999999998,0.006859375000000005,-5,6.859375,2.328125,0.140625,0.0625,0.0,0.5781250000000004,0.4859374999999999,0.7172674421728535,0.05005540619890656,0.7172674421728535,0.05005540619890656,-0.9999999999999998,1.8,4.0,9.0,1,4,9,0,0,42,0,1,7,0
12000676,1.0,0.3,0.25,3.239249999999998,3.349999999999998,0.11075000000000003,-14,110.75,10.0625,0.359375,0.140625,0.0,0.5906250000000007,0.5984374999999995,0.999999999993815,0.29999995809401325,0.999999999993815,0.29999995809401325,-2.3999999999999995,5.749999999999999,20.0,12.0,0,0,0,0,0,22,1,1,40,0
12000677,1.0,0.3,0.75,-2.5842812500000014,-2.3500000000000014,0.23428125,-24,234.28125,13.65625,0.390625,0.015625,0.0,0.5937500000000007,0.5984374999999994,0.9999999999997929,0.2999998841699603,0.9999999999997929,0.2999998841699603,-2.6999999999999984,0.34999999999999987,22.0,4.0,0,0,0,0,0,22,0,2,40,0
12000678,1.0,0.3,0.75,-1.1738281250000036,-1.0000000000000036,0.17382812500000003,-22,173.828125,11.359375,0.390625,0.046875,0.0,0.5812500000000005,0.5749999999999994,0.9999999999994384,0.29999990688540024,0.9999999999994384,0.29999990688540024,-2.6999999999999993,1.7,22.0,6.0,0,0,1,0,0,30,1,4,28,0
12000679,1.0,0.05,0.25,1.7979374999999993,1.7999999999999994,0.0020625000000000014,-1,2.0625,1.125,0.078125,0.0625,0.015625,0.5777777777777782,0.46904761904761916,0.6084758180210131,0.05000063168343417,0.6084758180210131,0.05000063168343417,-0.7,2.4999999999999996,3.0,6.0,1,2,15,0,0,40,0,3,2,1
12000680,1.0,0.05,0.75,0.07792187499999963,0.09999999999999964,0.022078125000000018,-8,22.078125,4.171875,0.171875,0.046875,0.0,0.5875000000000006,0.5234374999999999,0.9024570854111102,0.05037493071025327,0.9024570854111102,0.05037493071025327,0.0,0.10000000000000053,0.0,14.0,0,0,2,0,0,50,0,4,8,0
12000681,1.0,0.3,0.25,0.6717812500000035,0.7500000000000036,0.07821875000000002,-12,78.21875,8.21875,0.28125,0.09375,0.0,0.5875000000000006,0.5585937499999997,0.9994442485835655,0.28790439077758134,0.9994442485835655,0.28790439077758134,-3.0999999999999996,3.8499999999999996,18.0,6.0,0,0,0,0,0,39,0,4,21,0
12000682,0.0,0.05,0.5,5.04771875,5.05,0.002281250000000001,-1,2.28125,1.3125,0.140625,0.125,0.0,0.5812500000000005,0.4320312499999999,0.04323526679834138,0.05037231490201334,0.04323526679834138,0.05037231490201334,-0.25,5.3,2.0,15.0,0,3,32,0,0,23,0,3,3,0
12000683,0.0,0.05,0.75,6.297937499999999,6.299999999999999,0.0020625000000000014,-2,2.0625,1.1875,0.1875,0.15625,0.0,0.5687500000000006,0.43437499999999996,0.03907554401037256,0.05591056102223161,0.03907554401037256,0.05591056102223161,-0.75,7.049999999999999,4.0,18.0,1,5,27,1,0,25,0,1,4,0
12000684,1.0,0.3,0.25,2.376890624999993,2.3999999999999932,0.02310937500000001,-11,23.109375,3.640625,0.28125,0.109375,0.0,0.5781250000000006,0.5187499999999996,0.9999368015963559,0.29930568851021444,0.9999368015963559,0.29930568851021444,-2.549999999999999,4.95,16.0,9.0,1,0,9,1,0,35,0,3,15,0
12000685,1.0,0.05,0.25,3.8977812499999986,3.8999999999999986,0.0022187500000000015,-2,2.21875,1.3125,0.171875,0.140625,0.0,0.5843750000000006,0.45078125000000013,0.2528871393798821,0.050770427003474755,0.2528871393798821,0.050770427003474755,-1.5,5.3999999999999995,5.0,15.0,1,2,21,0,0,37,0,1,2,0
12000686,0.0,0.05,0.5,3.4990937499999997,3.4999999999999996,0.0009062500000000004,1,0.90625,0.6875,0.125,0.140625,0.015625,0.5682539682539688,0.44523809523809527,0.2606034679180055,0.050237188898154504,0.2606034679180055,0.050237188898154504,-0.45,3.9499999999999993,3.0,14.0,2,3,21,0,0,34,0,3,0,1
12000687,0.0,0.3,0.75,3.4855312499999993,3.499999999999999,0.014468750000000011,7,14.46875,3.65625,0.140625,0.25,0.0,0.5843750000000005,0.38515625000000026,0.00023315367178755754,0.29082561958411524,0.00023315367178755754,0.29082561958411524,-2.35,5.85,16.0,9.0,0,4,46,0,0,13,0,1,0,0
12000688,0.0,0.05,0.25,2.0436249999999996,2.0499999999999994,0.006375000000000005,4,6.375,2.3125,0.078125,0.140625,0.0,0.5781250000000004,0.38281250000000017,0.0462831753161267,0.0501952106763745,0.0462831753161267,0.0501952106763745,-0.3,2.35,3.0,11.0,0,7,43,0,0,14,0,0,0,0
12000689,1.0,0.05,0.25,3.748593749999999,3.749999999999999,0.0014062500000000004,1,1.40625,0.875,0.09375,0.109375,0.0,0.5500000000000003,0.44140625000000017,0.6644056268930015,0.0500034491104974,0.6644056268930015,0.0500034491104974,-0.19999999999999996,3.9499999999999993,1.0,12.0,1,8,19,2,0,31,0,2,1,0
12000690,0.0,0.05,0.75,5.796078124999999,5.799999999999999,0.003921875000000002,-1,3.921875,1.515625,0.171875,0.15625,0.03125,0.5645161290322586,0.4419354838709676,0.3162506050283814,0.05369148571954967,0.3162506050283814,0.05369148571954967,-1.05,6.849999999999999,6.0,15.0,0,7,21,1,0,29,0,2,2,2
12000691,1.0,0.05,0.5,2.795265624999999,2.799999999999999,0.004734375000000003,-1,4.734375,1.921875,0.109375,0.09375,0.0,0.5875000000000006,0.4671875000000001,0.6690892232593023,0.05001025724590446,0.6690892232593023,0.05001025724590446,-0.8500000000000001,3.65,3.0,10.0,0,2,15,0,0,44,0,2,1,0
12000692,0.0,0.3,0.5,2.629359375000001,2.7000000000000006,0.07064062500000001,15,70.640625,6.765625,0.109375,0.34375,0.015625,0.5650793650793655,0.3714285714285717,3.660554949531953e-13,0.2999999551915585,3.660554949531953e-13,0.2999999551915585,-1.9000000000000004,4.6,22.0,7.0,2,7,45,0,0,9,0,0,0,1
12000693,0.0,0.3,0.25,-0.3067812500000001,-0.15000000000000008,0.15678125000000004,21,156.78125,10.96875,0.046875,0.375,0.0,0.5718750000000005,0.36406250000000023,1.8465277148289395e-14,0.2999999744457304,1.8465277148289395e-14,0.2999999744457304,-1.9,1.7499999999999998,23.0,4.0,0,9,49,0,0,6,0,0,0,0
12000694,0.0,0.3,0.25,0.06323437499999987,0.1999999999999999,0.13676562500000003,21,136.765625,9.890625,0.046875,0.375,0.0,0.5687500000000004,0.3640625000000003,4.684640149187683e-16,0.29999999556864687,4.684640149187683e-16,0.29999999556864687,-1.45,1.6499999999999997,21.0,6.0,2,5,52,0,0,4,0,1,0,0
12000695,1.0,0.3,0.5,0.44156250000000075,0.5500000000000007,0.10843749999999998,-16,108.4375,9.40625,0.34375,0.09375,0.0,0.5750000000000004,0.5867187499999994,0.9999999731369493,0.2999771422750418,0.9999999731369493,0.2999771422750418,-2.3,2.85,17.0,11.0,0,0,0,0,0,27,0,8,29,0
12000696,0.0,0.05,0.75,6.6771562499999995,6.699999999999999,0.02284375,-6,22.84375,4.5,0.15625,0.0625,0.0,0.5843750000000005,0.49296874999999996,0.5900984303621065,0.05006621322286092,0.5900984303621065,0.05006621322286092,-0.6000000000000001,7.3,3.0,11.0,0,2,3,0,1,56,0,2,0,0
12000697,0.0,0.05,0.25,2.2403281249999996,2.2499999999999996,0.009671875000000007,3,9.671875,2.828125,0.078125,0.125,0.0,0.5687500000000005,0.37578125000000023,0.07637703775636566,0.05004767923160056,0.07637703775636566,0.05004767923160056,-0.09999999999999998,2.3499999999999996,2.0,11.0,1,8,44,0,0,11,0,0,0,0
12000698,1.0,0.3,0.5,1.1037187499999994,1.1999999999999993,0.09628124999999997,-16,96.28125,8.96875,0.359375,0.109375,0.0,0.5906250000000006,0.5749999999999995,0.9999999906590439,0.29999542126315026,0.9999999906590439,0.29999542126315026,-2.8999999999999995,4.1,19.0,11.0,0,0,0,0,0,32,0,3,29,0
12000699,0.0,0.05,0.5,3.0449531249999993,3.0499999999999994,0.005046875000000004,2,5.046875,2.046875,0.109375,0.140625,0.0,0.5812500000000007,0.3851562500000002,0.10515474257861268,0.05018585789751985,0.10515474257861268,0.05018585789751985,-0.7,3.7499999999999996,4.0,12.0,0,5,46,0,0,11,0,1,1,0
12000700,1.0,0.3,0.5,1.1479999999999964,1.2499999999999964,0.102,-17,102.0,8.5,0.375,0.109375,0.015625,0.5841269841269847,0.5690476190476185,0.9999999997360809,0.2999995951395529,0.9999999997360809,0.2999995951395529,-2.7499999999999982,4.0,19.0,12.0,0,2,1,0,0,28,1,1,30,1
12000701,0.0,0.3,0.5,2.12959375,2.25,0.12040624999999999,16,120.40625,9.84375,0.109375,0.359375,0.0,0.5687500000000005,0.36171875000000026,7.36605723753784e-13,0.29999993902166505,7.36605723753784e-13,0.29999993902166505,-2.0,4.25,22.0,8.0,1,8,50,0,0,5,0,0,0,0
12000702,0.0,0.3,0.75,3.3812656250000006,3.4500000000000006,0.06873437500000001,15,68.734375,7.296875,0.140625,0.375,0.015625,0.5460317460317464,0.36904761904761935,1.0298608729246525e-14,0.2999999987596423,1.0298608729246525e-14,0.2999999987596423,-1.8000000000000005,5.249999999999999,22.0,11.0,2,13,40,0,0,8,0,0,0,1
12000703,1.0,0.05,0.75,1.8860781249999976,1.8999999999999977,0.01392187500000001,-5,13.921875,3.328125,0.171875,0.09375,0.0,0.5937500000000007,0.49531250000000004,0.5473613891193542,0.05046955104344067,0.5473613891193542,0.05046955104344067,-0.19999999999999996,2.1000000000000005,1.0,16.0,0,0,8,0,0,50,0,2,4,0
12000704,1.0,0.3,0.75,-2.3470156250000085,-2.1000000000000085,0.24701562500000002,-28,247.015625,13.359375,0.46875,0.03125,0.0,0.5937500000000007,0.5914062499999994,1.0,0.2999999999311106,1.0,0.2999999999311106,-2.9499999999999984,0.8500000000000001,27.0,5.0,0,0,1,0,0,23,0,2,38,0
12000705,1.0,0.3,0.75,-0.793171875000005,-0.600000000000005,0.19317187500000005,-21,193.171875,12.484375,0.375,0.046875,0.0,0.5937500000000007,0.5984374999999995,0.9999999999991345,0.2999998204587715,0.9999999999991345,0.2999998204587715,-1.8500000000000003,1.25,19.0,8.0,0,0,0,0,0,22,0,2,40,0
12000706,1.0,0.3,0.5,1.1166562499999966,1.2499999999999964,0.13334374999999993,-15,133.34375,10.59375,0.328125,0.09375,0.0,0.5937500000000007,0.5937499999999993,0.9999999958003987,0.29998713225686147,0.9999999958003987,0.29998713225686147,-1.8,3.0499999999999994,16.0,11.0,0,0,0,0,0,24,0,2,38,0
12000707,1.0,0.3,0.25,0.2697499999999978,0.34999999999999787,0.08025000000000003,-16,80.25,7.5625,0.328125,0.078125,0.0,0.5687500000000005,0.5656249999999994,0.9999999724011537,0.29995999501219556,0.9999999724011537,0.29995999501219556,-2.1999999999999993,2.55,17.0,9.0,1,0,2,0,0,30,0,8,23,0
12000708,0.0,0.05,0.25,2.445124999999999,2.4499999999999993,0.0048750000000000035,4,4.875,2.03125,0.09375,0.15625,0.0,0.5656250000000005,0.38984375000000027,0.04998366887337924,0.050768433842718216,0.04998366887337924,0.050768433842718216,-0.35,2.8,3.0,13.0,1,8,39,0,0,15,0,1,0,0
12000709,0.0,0.05,0.5,3.2961562499999997,3.3,0.0038437500000000025,2,3.84375,1.8125,0.109375,0.140625,0.0,0.5781250000000004,0.39921875000000007,0.16606705266925967,0.05018450074826519,0.16606705266925967,0.05018450074826519,-1.0,4.3,6.0,10.0,1,4,39,0,0,19,0,1,0,0
12000710,0.0,0.3,0.75,5.748421875000002,5.750000000000002,0.0015781250000000008,2,1.578125,0.921875,0.171875,0.203125,0.0,0.5718750000000005,0.4039062500000003,0.00027410990415934676,0.2713986916257963,0.00027410990415934676,0.2713986916257963,-1.0000000000000002,6.749999999999999,11.0,13.0,1,7,33,0,0,23,0,0,0,0
12000711,0.0,0.3,0.25,1.6633906249999986,1.7499999999999987,0.08660937499999999,16,86.609375,8.359375,0.078125,0.328125,0.0,0.5843750000000006,0.3640625000000003,6.742580378643392e-13,0.29999970662812736,6.742580378643392e-13,0.29999970662812736,-1.5000000000000009,3.2499999999999996,21.0,5.0,0,5,53,0,0,6,0,0,0,0
12000712,1.0,0.05,0.75,0.13328125000000035,0.15000000000000036,0.01671875000000001,-6,16.71875,3.40625,0.15625,0.0625,0.015625,0.5777777777777782,0.5190476190476186,0.637112083977501,0.050032004470362886,0.637112083977501,0.050032004470362886,-0.34999999999999987,0.5,2.0,12.0,0,2,8,0,0,35,0,5,13,1
12000713,0.0,0.3,0.75,5.484156250000002,5.500000000000002,0.01584375000000001,6,15.84375,3.59375,0.171875,0.265625,0.0,0.5750000000000006,0.3851562500000003,1.948049326923339e-08,0.299964708526366,1.948049326923339e-08,0.299964708526366,-1.6000000000000005,7.100000000000001,17.0,11.0,0,8,41,0,0,15,0,0,0,0
12000714,1.0,0.05,0.25,2.196796874999999,2.1999999999999993,0.0032031250000000024,-2,3.203125,1.515625,0.125,0.09375,0.0,0.5812500000000006,0.4554687500000002,0.6229412716066077,0.05001848094868765,0.6229412716066077,0.05001848094868765,-0.3500000000000001,2.55,1.0,13.0,0,4,17,1,0,40,0,0,2,0
12000715,0.0,0.3,0.75,5.133890624999999,5.1499999999999995,0.016109375000000006,9,16.109375,3.421875,0.1875,0.328125,0.0,0.5531250000000004,0.3734375000000003,3.475747660503147e-11,0.2999998312980568,3.475747660503147e-11,0.2999998312980568,-2.1000000000000005,7.25,20.0,13.0,2,11,41,0,0,10,0,0,0,0
12000716,1.0,0.05,0.75,0.24518749999999911,0.2499999999999991,0.004812500000000003,-4,4.8125,1.90625,0.109375,0.046875,0.015625,0.5936507936507943,0.4833333333333333,0.6112507574204415,0.050002282154234745,0.6112507574204415,0.050002282154234745,-0.75,0.9999999999999998,3.0,7.0,0,2,10,0,0,46,0,0,5,1
12000717,1.0,0.3,0.5,1.1343125,1.25,0.1156875,-17,115.6875,9.84375,0.359375,0.09375,0.015625,0.5936507936507943,0.5857142857142853,0.9999999993401252,0.2999984425479377,0.9999999993401252,0.2999984425479377,-2.299999999999999,3.5499999999999994,19.0,10.0,0,0,0,0,0,27,0,2,34,1
12000718,0.0,0.3,0.25,0.7732656249999994,0.8499999999999994,0.07673437500000001,15,76.734375,7.828125,0.0625,0.296875,0.015625,0.5746031746031751,0.36428571428571455,1.56911032494771e-10,0.2999871682179858,1.56911032494771e-10,0.2999871682179858,-1.0000000000000002,1.8500000000000003,15.0,8.0,1,6,50,0,0,6,0,0,0,1
12000719,1.0,0.05,0.75,0.3299374999999988,0.34999999999999876,0.020062499999999997,-6,20.0625,4.25,0.15625,0.0625,0.0,0.5781250000000006,0.5093749999999999,0.5986197253022318,0.0500343147947136,0.5986197253022318,0.0500343147947136,-0.55,0.9000000000000004,1.0,13.0,2,1,1,0,0,52,0,2,6,0
12000720,0.0,0.05,0.5,3.845749999999999,3.8499999999999988,0.004250000000000003,-1,4.25,1.875,0.109375,0.09375,0.0,0.5843750000000005,0.46015625000000027,0.3594527973985763,0.05000657861590495,0.3594527973985763,0.05000657861590495,-0.65,4.499999999999999,4.0,9.0,1,3,15,0,0,43,0,0,2,0
12000721,1.0,0.3,0.75,-2.3773749999999993,-2.1999999999999993,0.177375,-24,177.375,11.4375,0.40625,0.03125,0.0,0.5968750000000007,0.5820312499999996,0.999999999996496,0.29999977060594174,0.999999999996496,0.29999977060594174,-3.1499999999999995,0.95,22.0,6.0,0,0,0,0,0,29,0,1,34,0
12000722,1.0,0.05,0.5,3.0854843749999996,3.0999999999999996,0.014515625000000006,-4,14.515625,3.140625,0.1875,0.125,0.0,0.5812500000000005,0.4835937499999999,0.7967198855546371,0.06068519658405918,0.7967198855546371,0.06068519658405918,-0.7,3.8,3.0,17.0,0,3,10,0,1,44,0,2,4,0
12000723,0.0,0.05,0.25,2.0917031249999996,2.0999999999999996,0.008296875000000004,4,8.296875,2.453125,0.109375,0.171875,0.015625,0.5460317460317463,0.39285714285714307,0.29941635016806206,0.050301099143133465,0.29941635016806206,0.050301099143133465,-0.4,2.5,2.0,16.0,2,12,32,0,0,16,0,1,0,1
12000724,0.0,0.05,0.25,2.8406718749999995,2.8499999999999996,0.009328125000000005,3,9.328125,2.640625,0.09375,0.140625,0.0,0.5750000000000005,0.38984375000000043,0.022658727314990513,0.050680072382624154,0.022658727314990513,0.050680072382624154,-0.19999999999999996,3.0499999999999994,4.0,11.0,1,6,40,0,0,17,0,0,0,0
12000725,0.0,0.05,0.5,4.798406250000001,4.800000000000001,0.0015937500000000008,-1,1.59375,1.0625,0.15625,0.140625,0.015625,0.5460317460317463,0.4357142857142857,0.19289184085878627,0.050612363106894966,0.19289184085878627,0.050612363106894966,-0.25,5.050000000000001,2.0,17.0,1,9,24,0,0,22,1,4,2,1
12000726,0.0,0.3,0.5,2.9060156250000007,3.0500000000000007,0.143984375,19,143.984375,11.015625,0.125,0.421875,0.015625,0.5714285714285718,0.3571428571428574,3.1211366289037036e-19,0.29999999999650423,3.1211366289037036e-19,0.29999999999650423,-1.7500000000000002,4.799999999999999,26.0,9.0,2,5,53,0,0,3,0,0,0,1
12000727,1.0,0.05,0.5,0.3361093749999979,0.34999999999999787,0.013890625000000004,-9,13.890625,2.546875,0.203125,0.0625,0.0,0.5906250000000006,0.4859374999999997,0.9503441402524005,0.06530414252643849,0.9503441402524005,0.06530414252643849,-0.8,1.1499999999999997,4.0,13.0,0,2,17,0,0,32,0,1,12,0
12000728,1.0,0.3,0.5,1.7888124999999957,1.9499999999999957,0.16118749999999993,-15,161.1875,11.375,0.34375,0.109375,0.0,0.5937500000000008,0.5914062499999994,0.9999999977098346,0.29999659305165893,0.9999999977098346,0.29999659305165893,-2.0999999999999996,4.049999999999999,18.0,11.0,0,0,0,1,0,24,0,0,39,0
12000729,0.0,0.3,0.5,3.7149843749999985,3.7499999999999987,0.035015625000000015,8,35.015625,5.328125,0.125,0.25,0.0,0.5906250000000006,0.36406250000000023,7.471723194394756e-07,0.2992463785917611,7.471723194394756e-07,0.2992463785917611,-1.4000000000000004,5.15,15.0,9.0,1,1,56,0,0,6,0,0,0,0
12000730,1.0,0.3,0.25,3.193765625,3.25,0.05623437500000002,-10,56.234375,6.671875,0.3125,0.15625,0.0,0.5781250000000006,0.5351562499999997,0.9999855161107948,0.29990184897740924,0.9999855161107948,0.29990184897740924,-3.6499999999999995,6.900000000000002,19.0,11.0,1,1,1,1,0,42,0,2,16,0
12000731,0.0,0.3,0.5,3.2808750000000004,3.3500000000000005,0.06912500000000002,12,69.125,7.28125,0.109375,0.296875,0.0,0.5875000000000006,0.37578125000000034,6.601713302526675e-11,0.29999787522033455,6.601713302526675e-11,0.29999787522033455,-1.3000000000000005,4.6499999999999995,18.0,8.0,0,4,49,0,0,11,0,0,0,0
12000732,0.0,0.3,0.25,1.6128906249999992,1.6499999999999992,0.03710937500000002,10,37.109375,5.703125,0.078125,0.234375,0.0,0.5812500000000005,0.36875000000000036,1.529970781033561e-05,0.2832865228706386,1.529970781033561e-05,0.2832865228706386,-0.9500000000000002,2.5999999999999996,13.0,7.0,0,5,52,0,0,6,0,1,0,0
12000733,1.0,0.3,0.75,-2.2455781250000073,-2.000000000000007,0.2455781250000001,-22,245.578125,13.984375,0.359375,0.015625,0.015625,0.5936507936507943,0.597619047619047,0.9999999999971925,0.29999920652768175,0.9999999999971925,0.29999920652768175,-2.0500000000000003,0.050000000000000044,20.0,4.0,0,0,0,0,0,22,0,2,39,1
12000734,0.0,0.3,0.5,3.084515625,3.1999999999999997,0.115484375,16,115.484375,9.078125,0.125,0.375,0.0,0.5750000000000005,0.36171875000000026,2.6256010780828626e-15,0.2999999987400532,2.6256010780828626e-15,0.2999999987400532,-1.7000000000000004,4.9,23.0,9.0,0,8,51,0,0,5,0,0,0,0
12000735,0.0,0.3,0.5,4.1478125,4.25,0.10218749999999996,11,102.1875,8.65625,0.140625,0.3125,0.03125,0.5580645161290326,0.36935483870967767,3.4312082302868946e-11,0.2999996925804976,3.4312082302868946e-11,0.2999996925804976,-1.7000000000000002,5.949999999999999,20.0,9.0,1,11,42,0,0,8,0,0,0,2
12000736,1.0,0.05,0.5,1.747734375,1.75,0.002265625000000001,-4,2.265625,1.171875,0.140625,0.078125,0.0,0.5687500000000004,0.44843749999999993,0.6601843870976992,0.05013941162540345,0.6601843870976992,0.05013941162540345,-1.3499999999999999,3.1000000000000005,6.0,8.0,0,8,16,0,1,37,0,1,1,0
12000737,1.0,0.3,0.75,-1.1441875000000061,-1.050000000000006,0.09418750000000005,-17,94.1875,8.1875,0.296875,0.03125,0.0,0.5906250000000006,0.5632812499999995,0.999999695066213,0.2991554060923845,0.999999695066213,0.2991554060923845,-2.1499999999999995,1.1,17.0,4.0,0,0,0,0,0,37,0,3,24,0
12000738,1.0,0.05,0.5,4.248312499999998,4.249999999999998,0.0016875000000000006,-1,1.6875,0.90625,0.171875,0.15625,0.0,0.5843750000000005,0.44609375000000007,0.7354843178550216,0.05214242522094155,0.7354843178550216,0.05214242522094155,-0.34999999999999987,4.599999999999999,2.0,19.0,0,3,26,0,0,29,0,2,4,0
12000739,1.0,0.05,0.75,2.6310312499999986,2.6499999999999986,0.018968750000000006,-6,18.96875,3.96875,0.203125,0.109375,0.0,0.5875000000000007,0.5046874999999998,0.8540189183351803,0.08222065665683596,0.8540189183351803,0.08222065665683596,-1.15,3.8000000000000003,6.0,14.0,0,2,6,0,0,46,0,2,8,0
12000740,0.0,0.3,0.75,4.781640624999999,4.799999999999999,0.018359375000000015,8,18.359375,3.703125,0.15625,0.28125,0.0,0.5781250000000004,0.37578125000000034,5.429159688248241e-09,0.29998841267289317,5.429159688248241e-09,0.29998841267289317,-1.5000000000000002,6.300000000000001,17.0,11.0,0,7,46,0,0,11,0,0,0,0
12000741,0.0,0.3,0.75,5.372718749999999,5.399999999999999,0.02728125000000001,8,27.28125,4.875,0.171875,0.296875,0.0,0.5812500000000005,0.3640625000000003,1.8534178136865136e-10,0.2999986528495894,1.8534178136865136e-10,0.2999986528495894,-1.4000000000000004,6.800000000000001,17.0,13.0,0,6,52,0,0,6,0,0,0,0
12000742,0.0,0.3,0.5,2.6253750000000022,2.650000000000002,0.024625000000000008,11,24.625,3.59375,0.09375,0.265625,0.0,0.5781250000000004,0.3898437500000005,8.196336932572193e-08,0.2997884679282018,8.196336932572193e-08,0.2997884679282018,-1.05,3.7,15.0,8.0,0,7,41,0,0,15,0,0,1,0
12000743,1.0,0.3,0.5,1.2737812499999979,1.3499999999999979,0.07621875000000002,-16,76.21875,7.40625,0.359375,0.109375,0.0,0.5937500000000007,0.5609374999999994,0.9999999975243978,0.2999980511530102,0.9999999975243978,0.2999980511530102,-3.3499999999999988,4.699999999999999,22.0,8.0,0,0,4,0,0,30,0,2,28,0
12000744,0.0,0.3,0.5,2.1344531249999994,2.1999999999999993,0.065546875,11,65.546875,6.796875,0.09375,0.265625,0.0,0.5750000000000005,0.3664062500000003,3.1917145521236477e-07,0.2993255031470377,3.1917145521236477e-07,0.2993255031470377,-1.2000000000000002,3.4,14.0,9.0,0,8,49,0,0,7,0,0,0,0
12000745,1.0,0.05,0.75,1.5937343749999997,1.5999999999999996,0.006265625000000005,-3,6.265625,2.234375,0.109375,0.0625,0.015625,0.5873015873015879,0.48809523809523797,0.8021816325955192,0.0500185925183962,0.8021816325955192,0.0500185925183962,-0.6499999999999999,2.2500000000000004,4.0,7.0,0,1,10,0,0,46,0,3,3,1
12000746,0.0,0.3,0.75,3.23465625,3.3,0.06534375000000002,13,65.34375,6.96875,0.125,0.328125,0.0,0.5812500000000005,0.3664062500000003,2.4049555636697446e-12,0.2999998510840915,2.4049555636697446e-12,0.2999998510840915,-1.6000000000000005,4.8999999999999995,19.0,10.0,0,6,51,0,0,7,0,0,0,0
12000747,1.0,0.3,0.25,1.7545937499999986,1.8999999999999986,0.14540624999999996,-17,145.40625,11.125,0.390625,0.125,0.0,0.5781250000000004,0.6007812499999994,0.9999999999975125,0.29999997592228883,0.9999999999975125,0.29999997592228883,-2.799999999999999,4.699999999999999,23.0,10.0,0,0,0,0,0,21,0,7,36,0
12000748,0.0,0.05,0.75,7.9731562500000015,8.000000000000002,0.026843749999999996,-5,26.84375,4.84375,0.21875,0.140625,0.0,0.5843750000000006,0.5140624999999999,0.4122483366674198,0.059170479332458496,0.4122483366674198,0.059170479332458496,-1.5,9.500000000000004,5.0,18.0,0,0,7,0,0,44,1,3,9,0
12000749,0.0,0.05,0.25,2.0834062499999995,2.0999999999999996,0.016593750000000008,5,16.59375,3.34375,0.078125,0.15625,0.0,0.5781250000000004,0.38750000000000034,0.04863400208734309,0.050564562798878034,0.04863400208734309,0.050564562798878034,-0.5,2.5999999999999996,4.0,11.0,0,7,41,0,0,16,0,0,0,0
12000750,0.0,0.3,0.75,6.562093750000001,6.6000000000000005,0.03790625,10,37.90625,5.8125,0.203125,0.359375,0.0,0.5750000000000005,0.36640625000000016,2.688581997561549e-16,0.29999999980108344,2.688581997561549e-16,0.29999999980108344,-1.6500000000000006,8.25,21.0,15.0,2,4,51,0,0,7,0,0,0,0
12000751,1.0,0.05,0.25,4.79634375,4.8,0.0036562500000000024,3,3.65625,1.75,0.078125,0.125,0.0,0.5781250000000006,0.4039062500000002,0.19926313056599557,0.05001393511826039,0.19926313056599557,0.05001393511826039,-1.0500000000000003,5.8500000000000005,3.0,10.0,0,5,37,0,1,20,0,1,0,0
12000752,0.0,0.3,0.25,0.41978124999999983,0.49999999999999983,0.08021875,15,80.21875,7.65625,0.046875,0.28125,0.0,0.5781250000000004,0.37109375000000033,8.14427693334207e-09,0.29982977435093733,8.14427693334207e-09,0.29982977435093733,-1.2500000000000007,1.75,16.0,5.0,0,7,48,0,0,9,0,0,0,0
12000753,0.0,0.3,0.75,6.839750000000002,6.850000000000002,0.010250000000000006,7,10.25,2.6875,0.21875,0.328125,0.0,0.5843750000000005,0.37109375000000033,4.51711101116175e-12,0.299999956550492,4.51711101116175e-12,0.299999956550492,-1.9000000000000004,8.75,19.0,16.0,1,3,51,0,0,9,0,0,0,0
12000754,1.0,0.05,0.25,2.4425000000000003,2.45,0.007500000000000006,0,7.5,2.40625,0.078125,0.078125,0.0,0.5625000000000004,0.4296874999999998,0.602985961979235,0.05000064598642068,0.602985961979235,0.05000064598642068,-1.35,3.8000000000000007,4.0,6.0,1,5,30,0,1,21,0,4,2,0
12000755,0.0,0.05,0.5,4.046546874999999,4.049999999999999,0.0034531250000000026,-2,3.453125,1.671875,0.109375,0.078125,0.0,0.5843750000000005,0.4882812499999999,0.4236223753459168,0.05000300017633603,0.4236223753459168,0.05000300017633603,-0.4,4.449999999999998,2.0,10.0,0,1,10,0,0,47,0,4,2,0
12000756,1.0,0.3,0.5,0.6497031249999922,0.6999999999999922,0.05029687500000001,-17,50.296875,5.171875,0.359375,0.09375,0.0,0.5906250000000006,0.5164062499999995,0.9999999974334024,0.29999877290043614,0.9999999974334024,0.29999877290043614,-2.1999999999999993,2.899999999999999,17.0,12.0,0,2,14,0,0,25,0,1,22,0
12000757,0.0,0.05,0.75,2.79928125,2.8,0.0007187500000000004,2,0.71875,0.6875,0.09375,0.125,0.015625,0.5809523809523814,0.45,0.2988320492437854,0.050041258835863016,0.2988320492437854,0.050041258835863016,-0.5,3.3,2.0,12.0,0,2,25,0,0,30,0,4,2,1
12000758,1.0,0.3,0.25,0.37801562499999575,0.44999999999999574,0.07198437500000002,-14,71.984375,7.296875,0.296875,0.078125,0.0,0.5937500000000007,0.5585937499999996,0.9999985605316621,0.2993254842082588,0.9999985605316621,0.2993254842082588,-2.3999999999999995,2.8499999999999996,17.0,7.0,0,0,2,0,0,35,1,0,26,0
12000759,1.0,0.3,0.5,3.158499999999999,3.1999999999999993,0.04150000000000001,-9,41.5,5.53125,0.28125,0.140625,0.0,0.5812500000000006,0.5304687499999997,0.9988173166402381,0.2971364117454638,0.9988173166402381,0.2971364117454638,-3.1499999999999995,6.35,16.0,11.0,1,1,2,0,1,42,0,2,15,0
12000760,0.0,0.05,0.75,9.381265625,9.399999999999999,0.01873437500000001,-7,18.734375,3.765625,0.234375,0.125,0.015625,0.5746031746031751,0.48809523809523786,0.6835523120051592,0.1376348244786115,0.6835523120051592,0.1376348244786115,-0.65,10.049999999999999,4.0,19.0,2,2,11,0,1,37,0,1,9,1
12000761,0.0,0.05,0.5,5.245390624999998,5.249999999999998,0.004609375000000002,-2,4.609375,1.828125,0.140625,0.109375,0.0,0.5906250000000006,0.4648437500000001,0.505672107009555,0.05008841651993087,0.505672107009555,0.05008841651993087,-0.55,5.799999999999999,3.0,13.0,0,1,17,0,0,43,0,2,1,0
12000762,0.0,0.3,0.25,-2.013328125000001,-1.7500000000000009,0.263328125,29,263.328125,14.328125,0.015625,0.46875,0.0,0.5843750000000005,0.36171875000000026,1.3032279596144252e-21,0.29999999999876803,1.3032279596144252e-21,0.29999999999876803,-2.1,0.3499999999999999,27.0,4.0,0,5,54,0,0,5,0,0,0,0
12000763,0.0,0.3,0.5,1.9347499999999997,1.9999999999999998,0.06525,13,65.25,7.125,0.09375,0.296875,0.0,0.5593750000000005,0.3687500000000003,4.666054718891739e-10,0.29998827712960335,4.666054718891739e-10,0.29998827712960335,-1.4500000000000004,3.45,18.0,7.0,2,7,47,1,0,7,0,0,0,0
12000764,1.0,0.3,0.5,0.044156249999999626,0.09999999999999964,0.05584375000000002,-13,55.84375,6.59375,0.265625,0.0625,0.0,0.5906250000000006,0.5421874999999997,0.9990835624712029,0.2618515053566082,0.9990835624712029,0.2618515053566082,-2.5999999999999996,2.7,16.0,5.0,0,1,1,0,0,42,0,2,18,0
12000765,1.0,0.05,0.75,-1.5376562499999975,-1.4499999999999975,0.08765624999999999,-14,87.65625,8.625,0.25,0.03125,0.0,0.5937500000000007,0.5773437499999995,0.9973932843314508,0.1225034784291941,0.9973932843314508,0.1225034784291941,-0.5,-0.9499999999999997,4.0,14.0,0,0,0,0,0,31,0,2,31,0
12000766,0.0,0.3,0.25,0.5067656249999997,0.6499999999999997,0.143234375,23,143.234375,9.671875,0.078125,0.4375,0.015625,0.5492063492063496,0.3714285714285717,9.343423678809618e-18,0.2999999999499984,9.343423678809618e-18,0.2999999999499984,-2.599999999999999,3.250000000000001,26.0,7.0,4,8,42,0,0,9,0,0,0,1
12000767,1.0,0.05,0.5,1.3447343749999996,1.3499999999999996,0.005265625000000004,-3,5.265625,2.046875,0.109375,0.0625,0.015625,0.6000000000000008,0.47857142857142854,0.5578517612278613,0.050004721654129544,0.5578517612278613,0.050004721654129544,0.0,1.35,0.0,11.0,0,0,11,0,0,50,0,0,2,1
12000768,0.0,0.05,0.75,5.947328124999999,5.949999999999999,0.002671875000000002,-2,2.671875,1.421875,0.15625,0.125,0.0,0.5875000000000006,0.46015625000000016,0.5379631049895299,0.05057684333914557,0.5379631049895299,0.05057684333914557,-0.65,6.599999999999998,4.0,14.0,0,2,19,0,0,39,0,2,2,0
12000769,1.0,0.3,0.5,1.7775312499999978,1.8499999999999979,0.07246875000000004,-16,72.46875,7.4375,0.375,0.125,0.0,0.5812500000000005,0.5539062499999995,0.9999999973081222,0.2999994152555502,0.9999999973081222,0.2999994152555502,-3.6499999999999986,5.5,23.0,9.0,0,2,1,0,0,35,0,4,22,0
12000770,1.0,0.05,0.25,2.0969218749999987,2.0999999999999988,0.003078125000000002,-1,3.078125,1.453125,0.109375,0.09375,0.0,0.5750000000000005,0.4437500000000001,0.7215129650773133,0.05000683851116374,0.7215129650773133,0.05000683851116374,-0.3500000000000001,2.45,1.0,12.0,0,4,23,1,0,33,0,2,1,0
12000771,0.0,0.05,0.25,0.9662812499999998,0.9999999999999998,0.033718750000000006,10,33.71875,5.125,0.0625,0.21875,0.0,0.5750000000000005,0.37343750000000026,0.0001991983823555694,0.21466413057632466,0.0001991983823555694,0.21466413057632466,-0.3499999999999999,1.3499999999999999,5.0,13.0,1,6,47,0,0,10,0,0,0,0
12000772,1.0,0.05,0.5,3.5809062499999986,3.5999999999999988,0.01909374999999999,-3,19.09375,4.125,0.15625,0.109375,0.015625,0.5841269841269847,0.49285714285714294,0.65020502049677,0.051203254432082644,0.65020502049677,0.051203254432082644,-0.5499999999999998,4.15,3.0,14.0,1,0,9,0,1,45,0,2,5,1
12000773,0.0,0.3,0.75,4.669453125000001,4.750000000000001,0.08054687499999999,15,80.546875,7.984375,0.171875,0.40625,0.03125,0.5580645161290326,0.3548387096774196,1.4014759769926893e-18,0.29999999999702415,1.4014759769926893e-18,0.29999999999702415,-1.8000000000000005,6.549999999999999,24.0,13.0,1,11,48,0,0,2,0,0,0,2
12000774,1.0,0.3,0.25,3.794812500000003,3.850000000000003,0.05518750000000001,-10,55.1875,6.59375,0.34375,0.1875,0.0,0.5812500000000006,0.5492187499999995,0.999999298771858,0.299994155771327,0.999999298771858,0.299994155771327,-4.3500000000000005,8.200000000000001,22.0,12.0,0,0,9,0,0,25,1,4,25,0
12000775,1.0,0.05,0.5,1.4406874999999992,1.4499999999999993,0.009312500000000005,-5,9.3125,2.28125,0.15625,0.078125,0.0,0.5812500000000006,0.4835937499999999,0.27649418103435214,0.05003957288267086,0.27649418103435214,0.05003957288267086,-1.15,2.6,5.0,10.0,1,2,10,0,0,45,0,2,4,0
12000776,0.0,0.3,0.5,3.0162343750000007,3.0500000000000007,0.033765625000000014,11,33.765625,4.828125,0.109375,0.28125,0.0,0.5843750000000005,0.37343750000000037,4.988201082565527e-09,0.29996920599363824,4.988201082565527e-09,0.29996920599363824,-1.5,4.549999999999999,18.0,7.0,0,5,49,0,0,10,0,0,0,0
12000777,0.0,0.3,0.5,1.6976874999999996,1.8499999999999996,0.15231250000000002,21,152.3125,10.625,0.09375,0.421875,0.0,0.5812500000000006,0.3687500000000003,1.682485273050684e-18,0.29999999997584637,1.682485273050684e-18,0.29999999997584637,-1.5000000000000004,3.35,23.0,10.0,0,5,52,0,0,6,0,1,0,0
12000778,1.0,0.05,0.25,3.7486249999999997,3.7499999999999996,0.0013750000000000008,2,1.375,0.90625,0.0625,0.09375,0.0,0.5718750000000005,0.4460937500000002,0.3864715550228911,0.05000107290418252,0.3864715550228911,0.05000107290418252,-0.55,4.3,2.0,8.0,1,4,20,0,2,35,0,1,1,0
12000779,0.0,0.05,0.5,3.948625,3.9499999999999997,0.0013750000000000008,0,1.375,0.9375,0.125,0.125,0.0,0.5687500000000004,0.4460937500000001,0.47330333226450816,0.05004367724887123,0.47330333226450816,0.05004367724887123,0.0,3.9499999999999997,0.0,16.0,1,7,16,0,0,39,0,1,0,0
12000780,1.0,0.3,0.75,-1.4567031250000049,-1.350000000000005,0.106703125,-18,106.703125,8.203125,0.3125,0.03125,0.015625,0.5936507936507943,0.5642857142857137,0.9999999776361338,0.29983875601689963,0.9999999776361338,0.29983875601689963,-2.4499999999999984,1.0999999999999999,19.0,3.0,0,0,2,0,0,32,0,2,27,1
12000781,1.0,0.05,0.25,3.049328124999999,3.049999999999999,0.0006718750000000004,0,0.671875,0.640625,0.109375,0.109375,0.0,0.5812500000000005,0.44375,0.7739707545490996,0.05000998887239332,0.7739707545490996,0.05000998887239332,-1.0499999999999998,4.1,4.0,10.0,1,3,22,0,0,36,0,1,1,0
12000782,0.0,0.3,0.75,4.102515625000001,4.150000000000001,0.047484375000000016,12,47.484375,5.453125,0.15625,0.34375,0.0,0.5656250000000003,0.3898437500000004,9.082507682903879e-13,0.2999999773904203,9.082507682903879e-13,0.2999999773904203,-1.4500000000000002,5.599999999999999,17.0,15.0,0,9,39,0,0,15,1,0,0,0
12000783,1.0,0.3,0.75,-1.293546875000002,-1.1500000000000021,0.143546875,-20,143.546875,10.359375,0.359375,0.046875,0.0,0.5906250000000006,0.5632812499999995,0.9999999990359124,0.29999166464347543,0.9999999990359124,0.29999166464347543,-2.05,0.9000000000000001,17.0,9.0,0,0,0,1,0,36,0,1,26,0
12000784,1.0,0.3,0.75,-0.7519218750000085,-0.6000000000000085,0.151921875,-19,151.921875,10.765625,0.34375,0.046875,0.0,0.5968750000000007,0.5773437499999994,0.9999999998990169,0.2999960087620943,0.9999999998990169,0.2999960087620943,-2.3999999999999986,1.8,21.0,4.0,0,0,0,0,0,31,0,1,32,0
12000785,0.0,0.05,0.5,3.1992499999999997,3.1999999999999997,0.0007500000000000004,0,0.75,0.625,0.09375,0.09375,0.0,0.5875000000000006,0.4273437500000001,0.5122708476066646,0.05000278847795168,0.5122708476066646,0.05000278847795168,-0.65,3.8499999999999996,4.0,8.0,1,2,28,0,0,33,0,0,0,0
12000786,0.0,0.3,0.75,4.756484375000001,4.850000000000001,0.09351562499999996,15,93.515625,8.390625,0.171875,0.40625,0.0,0.5687500000000004,0.3640625000000003,1.6284825019344804e-18,0.29999999999536436,1.6284825019344804e-18,0.29999999999536436,-2.0500000000000003,6.9,25.0,12.0,1,7,50,0,1,5,0,0,0,0
12000787,1.0,0.3,0.75,-0.9581250000000043,-0.8000000000000043,0.15812500000000007,-19,158.125,11.25,0.34375,0.046875,0.0,0.5968750000000007,0.5890624999999994,0.9999999996766841,0.2999916160381784,0.9999999996766841,0.2999916160381784,-2.25,1.4499999999999997,18.0,7.0,0,0,0,0,0,26,0,1,37,0
12000788,1.0,0.3,0.5,-1.1818906250000079,-1.0500000000000078,0.13189062500000004,-22,131.890625,9.828125,0.40625,0.0625,0.0,0.5812500000000006,0.5749999999999994,0.9999999999833302,0.29999972848124784,0.9999999999833302,0.29999972848124784,-2.8999999999999986,1.85,20.0,10.0,0,0,3,0,0,26,1,4,30,0
12000789,0.0,0.05,0.25,1.688203125,1.7,0.011796875000000009,5,11.796875,3.296875,0.078125,0.15625,0.0,0.5656250000000004,0.3828125000000004,0.07084415770027591,0.050265763575802265,0.07084415770027591,0.050265763575802265,-0.3999999999999999,2.1,4.0,11.0,1,7,44,0,0,10,0,2,0,0
12000790,0.0,0.3,0.5,2.50646875,2.5999999999999996,0.09353125000000001,11,93.53125,9.15625,0.109375,0.28125,0.0,0.5750000000000005,0.35703125000000024,8.864498132591334e-09,0.2999388918149631,8.864498132591334e-09,0.2999388918149631,-1.3500000000000005,3.9499999999999993,16.0,9.0,1,6,54,0,0,3,0,0,0,0
12000791,1.0,0.05,0.75,-0.5234062500000008,-0.5000000000000009,0.023406250000000007,-7,23.40625,3.90625,0.15625,0.046875,0.0,0.5843750000000005,0.5140624999999996,0.8589598044895649,0.05004884959022461,0.8589598044895649,0.05004884959022461,-0.5999999999999999,0.09999999999999987,3.0,10.0,1,0,10,0,0,36,0,3,14,0
12000792,0.0,0.3,0.5,1.0012499999999995,1.0999999999999994,0.09874999999999998,19,98.75,8.375,0.078125,0.375,0.0,0.5531250000000004,0.37578125000000034,1.886790979104733e-14,0.29999998627616953,1.886790979104733e-14,0.29999998627616953,-1.9000000000000006,3.0,21.0,8.0,4,6,44,0,0,9,0,1,0,0
12000793,0.0,0.3,0.75,6.3698593750000025,6.400000000000002,0.030140625,10,30.140625,4.203125,0.1875,0.34375,0.015625,0.5841269841269847,0.3833333333333337,6.3857774108307065e-16,0.29999999956791107,6.3857774108307065e-16,0.29999999956791107,-1.5000000000000007,7.9,22.0,12.0,0,5,45,0,0,12,0,0,1,1
12000794,1.0,0.3,0.5,-0.5842812500000121,-0.3500000000000121,0.23428125000000005,-26,234.28125,13.15625,0.46875,0.0625,0.0,0.5968750000000007,0.6031249999999994,1.0,0.2999999999887861,1.0,0.2999999999887861,-2.9999999999999982,2.6499999999999995,28.0,6.0,0,0,0,0,0,20,0,1,43,0
12000795,1.0,0.3,0.75,0.01646874999999212,0.19999999999999218,0.18353125000000006,-24,183.53125,11.9375,0.453125,0.078125,0.0,0.5750000000000006,0.6101562499999994,1.0,0.29999999989542175,1.0,0.29999999989542175,-2.3499999999999988,2.55,23.0,11.0,0,0,0,0,0,17,0,8,39,0
12000796,1.0,0.3,0.25,2.7242968749999874,2.849999999999987,0.125703125,-18,125.703125,9.609375,0.421875,0.140625,0.0,0.5906250000000007,0.5796874999999994,0.9999999999999947,0.299999999825168,0.9999999999999947,0.299999999825168,-3.149999999999997,6.0,25.0,11.0,0,1,2,0,0,24,0,2,35,0
12000797,1.0,0.3,0.25,2.3440937499999985,2.3999999999999986,0.05590625000000002,-14,55.90625,6.34375,0.359375,0.140625,0.0,0.5750000000000004,0.5468749999999996,0.999999999719734,0.2999998464747119,0.999999999719734,0.2999998464747119,-3.149999999999999,5.549999999999999,19.0,13.0,0,0,7,0,0,30,0,8,19,0
12000798,0.0,0.05,0.5,4.348734374999999,4.35,0.0012656250000000007,0,1.265625,0.859375,0.125,0.125,0.0,0.5812500000000006,0.43671874999999993,0.49115116024227135,0.0500561971097107,0.49115116024227135,0.0500561971097107,-0.55,4.8999999999999995,3.0,13.0,0,3,27,0,0,31,1,1,1,0
12000799,1.0,0.3,0.75,-0.1252031250000064,0.049999999999993605,0.17520312500000002,-19,175.203125,12.265625,0.359375,0.0625,0.015625,0.5936507936507943,0.6071428571428567,0.9999999999948318,0.29999957498726276,0.9999999999948318,0.29999957498726276,-2.499999999999999,2.55,22.0,5.0,0,0,0,0,0,18,0,2,43,1
12000800,1.0,0.05,0.5,5.098640624999999,5.099999999999999,0.0013593750000000008,0,1.359375,0.890625,0.1875,0.1875,0.0,0.5593750000000003,0.4203125000000003,0.36528030601422473,0.05562420438634577,0.36528030601422473,0.05562420438634577,-1.4500000000000002,6.549999999999998,5.0,19.0,1,5,33,1,0,19,0,4,1,0
12000801,0.0,0.3,0.75,10.046687500000003,10.050000000000002,0.003312500000000002,-3,3.3125,1.53125,0.265625,0.21875,0.0,0.5843750000000006,0.4226562500000002,0.000168608588179854,0.2970181109160854,0.000168608588179854,0.2970181109160854,-1.7500000000000002,11.800000000000002,14.0,17.0,0,4,33,0,0,23,0,1,3,0
12000802,1.0,0.05,0.75,0.7812499999999989,0.7999999999999989,0.01875000000000001,-6,18.75,3.53125,0.171875,0.078125,0.0,0.5718750000000005,0.49999999999999967,0.34370233518372956,0.05006766234219419,0.34370233518372956,0.05006766234219419,-0.3999999999999999,1.2000000000000002,2.0,14.0,0,3,11,1,0,35,0,4,10,0
12000803,1.0,0.05,0.5,0.522593749999999,0.5499999999999989,0.027406250000000007,-8,27.40625,4.8125,0.1875,0.0625,0.0,0.5906250000000006,0.5140624999999999,0.7924384586708251,0.051039554594299937,0.7924384586708251,0.051039554594299937,-0.5999999999999999,1.1500000000000006,3.0,13.0,0,0,0,0,0,58,1,1,4,0
12000804,0.0,0.3,0.5,0.619484375,0.75,0.130515625,19,130.515625,9.921875,0.0625,0.359375,0.015625,0.574603174603175,0.36428571428571455,1.1774732545614976e-14,0.2999999794880011,1.1774732545614976e-14,0.2999999794880011,-1.5500000000000005,2.3,21.0,6.0,0,7,51,0,0,4,0,1,0,1
12000805,1.0,0.3,0.25,4.010375000000004,4.050000000000004,0.03962500000000001,-6,39.625,5.78125,0.25,0.15625,0.015625,0.5936507936507944,0.5261904761904761,0.9945915603710156,0.2892036139335523,0.9945915603710156,0.2892036139335523,-3.05,7.1000000000000005,16.0,10.0,0,0,0,1,0,51,0,0,11,1
12000806,1.0,0.3,0.25,3.141671874999999,3.1499999999999986,0.008328125000000006,-7,8.328125,2.421875,0.25,0.140625,0.0,0.5687500000000005,0.4624999999999997,0.9742127942558269,0.2718910253163438,0.9742127942558269,0.2718910253163438,-3.3500000000000005,6.5,14.0,11.0,3,2,21,0,0,28,0,2,8,0
12000807,1.0,0.3,0.25,2.009703124999998,2.099999999999998,0.09029687499999997,-14,90.296875,8.234375,0.328125,0.109375,0.0,0.5875000000000006,0.5914062499999994,0.9999999990374193,0.29999684837081436,0.9999999990374193,0.29999684837081436,-2.3999999999999995,4.5,19.0,9.0,0,0,0,0,0,25,0,4,35,0
12000808,1.0,0.05,0.75,-0.0190000000000009,-8.881784197001252e-16,0.019000000000000013,-6,19.0,4.09375,0.125,0.03125,0.0,0.5781250000000006,0.5234374999999999,0.7482336685825807,0.050004637435720686,0.7482336685825807,0.050004637435720686,-0.19999999999999996,0.2000000000000004,1.0,9.0,0,0,4,0,1,45,1,4,9,0
12000809,1.0,0.05,0.5,1.49665625,1.5,0.003343750000000002,-2,3.34375,1.625,0.09375,0.0625,0.0,0.5875000000000006,0.47187500000000004,0.4885449289619913,0.05000129368957055,0.4885449289619913,0.05000129368957055,-0.5999999999999999,2.1,3.0,7.0,0,1,16,0,0,42,0,3,2,0
12000810,0.0,0.3,0.75,3.817828125,3.85,0.032171875,14,32.171875,4.109375,0.15625,0.375,0.0,0.5562500000000005,0.3710937500000003,2.0195256169380074e-14,0.29999999829960405,2.0195256169380074e-14,0.29999999829960405,-2.05,5.899999999999999,21.0,13.0,1,11,44,0,0,7,0,1,0,0
12000811,0.0,0.3,0.25,-0.14187500000000025,-0.050000000000000266,0.09187499999999998,15,91.875,8.6875,0.03125,0.265625,0.0,0.5750000000000006,0.36171875000000026,4.597850885753537e-09,0.29971748894929723,4.597850885753537e-09,0.29971748894929723,-1.0000000000000002,0.95,15.0,4.0,1,6,52,0,0,5,0,0,0,0
12000812,1.0,0.05,0.25,5.249078125,5.25,0.0009218750000000004,3,0.921875,0.578125,0.09375,0.140625,0.0,0.5593750000000004,0.40859375000000037,0.5139151252680499,0.05001399098198975,0.5139151252680499,0.05001399098198975,-0.9000000000000001,6.15,3.0,12.0,2,9,28,0,0,25,0,0,0,0
12000813,1.0,0.3,0.25,1.3918593749999837,1.5999999999999837,0.20814062500000008,-21,208.140625,12.453125,0.4375,0.109375,0.0,0.5906250000000006,0.5960937499999993,0.9999999999999997,0.299999999911295,0.9999999999999997,0.299999999911295,-3.199999999999997,4.800000000000001,27.0,8.0,0,0,2,0,0,19,0,3,40,0
12000814,0.0,0.3,0.75,7.629046875000002,7.650000000000002,0.020953125000000006,10,20.953125,3.578125,0.234375,0.390625,0.0,0.5718750000000005,0.3687500000000003,8.684576260665528e-18,0.2999999999935982,8.684576260665528e-18,0.2999999999935982,-1.7500000000000007,9.400000000000002,23.0,17.0,2,5,49,0,0,8,0,0,0,0
12000815,1.0,0.05,0.75,1.3009374999999979,1.3499999999999979,0.04906250000000001,-11,49.0625,6.625,0.25,0.078125,0.0,0.5843750000000005,0.5468749999999998,0.9999613800592249,0.29359766415759103,0.9999613800592249,0.29359766415759103,-0.95,2.3000000000000007,7.0,14.0,0,0,1,0,0,42,0,5,16,0
12000816,1.0,0.05,0.5,2.9356093749999994,2.9499999999999993,0.01439062500000001,-6,14.390625,3.296875,0.203125,0.109375,0.0,0.5750000000000005,0.5093749999999999,0.991070052389895,0.17345065801452467,0.991070052389895,0.17345065801452467,-0.8500000000000001,3.8000000000000003,8.0,12.0,0,2,8,1,0,39,0,4,10,0
12000817,0.0,0.05,0.25,2.5902968749999995,2.5999999999999996,0.009703125000000005,3,9.703125,2.828125,0.09375,0.140625,0.015625,0.5746031746031751,0.4047619047619047,0.1070595832283644,0.05023982873230253,0.1070595832283644,0.05023982873230253,0.0,2.5999999999999996,0.0,15.0,1,5,35,0,0,21,0,1,0,1
12000818,1.0,0.3,0.75,-1.0042656249999986,-0.8999999999999986,0.10426562500000003,-17,104.265625,9.171875,0.328125,0.0625,0.0,0.5937500000000007,0.5679687499999996,0.999994385963236,0.29889246323863095,0.999994385963236,0.29889246323863095,-2.9499999999999993,2.05,18.0,7.0,0,0,0,0,0,35,0,2,27,0
12000819,0.0,0.05,0.5,1.7944374999999997,1.7999999999999996,0.005562500000000004,2,5.5625,2.15625,0.078125,0.109375,0.015625,0.574603174603175,0.4333333333333334,0.22942753637794744,0.05000666679452044,0.22942753637794744,0.05000666679452044,-0.09999999999999998,1.8999999999999997,2.0,10.0,0,5,28,0,0,25,0,3,2,1
12000820,0.0,0.05,0.75,4.988328125,5.0,0.011671875000000007,-4,11.671875,2.953125,0.125,0.0625,0.0,0.5812500000000006,0.4953124999999999,0.6809654293949818,0.05001383375130018,0.6809654293949818,0.05001383375130018,-0.55,5.55,2.0,10.0,1,2,6,0,0,48,0,2,5,0
12000821,1.0,0.05,0.5,0.13954687499999946,0.14999999999999947,0.010453125000000008,-4,10.453125,2.890625,0.109375,0.046875,0.015625,0.5873015873015879,0.4999999999999999,0.5596477351113026,0.05000121140172617,0.5596477351113026,0.05000121140172617,-0.19999999999999996,0.34999999999999987,1.0,9.0,0,0,7,1,0,48,0,2,5,1
12000822,0.0,0.05,0.5,7.287953124999999,7.299999999999999,0.012046875000000007,-6,12.046875,2.640625,0.171875,0.078125,0.03125,0.5838709677419361,0.48548387096774154,0.045551585359756896,0.050024440095376016,0.045551585359756896,0.050024440095376016,-0.3,7.6,3.0,13.0,1,1,18,0,0,28,0,2,12,2
12000823,0.0,0.3,0.5,2.272625,2.4,0.127375,16,127.375,9.90625,0.09375,0.34375,0.0,0.5843750000000005,0.3687500000000003,3.428403462283212e-14,0.29999997405774137,3.428403462283212e-14,0.29999997405774137,-1.3000000000000003,3.6999999999999993,21.0,7.0,0,5,51,0,0,8,0,0,0,0
12000824,1.0,0.3,0.75,-2.4355781250000037,-2.2500000000000036,0.18557812500000004,-24,185.578125,12.109375,0.390625,0.015625,0.0,0.5937500000000007,0.5960937499999994,0.9999999999999205,0.29999992699692424,0.9999999999999205,0.29999992699692424,-1.9000000000000004,-0.34999999999999987,20.0,6.0,0,0,0,0,0,23,0,2,39,0
12000825,1.0,0.05,0.25,2.3981718749999996,2.3999999999999995,0.0018281250000000012,-1,1.828125,1.109375,0.140625,0.125,0.0,0.5531250000000005,0.4554687500000001,0.3318975422151386,0.05003605302748872,0.3318975422151386,0.05003605302748872,-1.6500000000000001,4.05,5.0,12.0,3,4,15,1,0,38,0,3,0,0
12000826,0.0,0.3,0.25,2.6659218749999996,2.6999999999999997,0.03407812500000001,9,34.078125,4.859375,0.09375,0.234375,0.0,0.5718750000000005,0.3640625000000003,1.2888802390753225e-05,0.29127692032948377,1.2888802390753225e-05,0.29127692032948377,-1.1,3.8,13.0,8.0,1,7,50,0,0,6,0,0,0,0
12000827,1.0,0.3,0.25,3.746437499999997,3.799999999999997,0.05356250000000001,-12,53.5625,6.03125,0.34375,0.15625,0.0,0.5906250000000006,0.5585937499999993,0.9999999999497139,0.299999903857764,0.9999999999497139,0.299999903857764,-2.499999999999999,6.300000000000001,20.0,12.0,0,1,3,0,0,31,0,2,27,0
12000828,1.0,0.3,0.75,0.2853593749999837,0.5999999999999837,0.31464062499999995,-25,314.640625,15.390625,0.46875,0.078125,0.0,0.5937500000000007,0.6148437499999994,1.0,0.29999999999747995,1.0,0.29999999999747995,-1.9500000000000006,2.55,25.0,10.0,0,0,0,0,0,15,0,2,47,0
12000829,0.0,0.05,0.25,2.2415624999999992,2.249999999999999,0.008437500000000006,4,8.4375,2.5,0.078125,0.140625,0.0,0.5906250000000006,0.3875000000000004,0.030089270722758854,0.050335322728819576,0.030089270722758854,0.050335322728819576,-0.7,2.9499999999999997,6.0,8.0,0,3,45,0,0,16,0,0,0,0
12000830,0.0,0.05,0.75,6.800437499999999,6.85,0.049562500000000016,-8,49.5625,6.625,0.140625,0.015625,0.0,0.5750000000000005,0.5585937499999997,0.9044770997485923,0.050010027873894566,0.9044770997485923,0.050010027873894566,-0.35000000000000003,7.199999999999999,1.0,9.0,0,0,0,0,1,38,0,7,18,0
12000831,0.0,0.3,0.5,4.930265625000001,4.950000000000001,0.019734375000000005,7,19.734375,3.578125,0.15625,0.265625,0.0,0.5718750000000005,0.37343750000000037,1.693098789684531e-07,0.29989884163452657,1.693098789684531e-07,0.29989884163452657,-1.5,6.450000000000001,16.0,11.0,2,5,47,0,0,10,0,0,0,0
12000832,1.0,0.3,0.5,-1.8991875000000036,-1.7500000000000036,0.14918750000000003,-20,149.1875,11.0,0.34375,0.03125,0.0,0.5968750000000007,0.5843749999999994,0.9999999975893606,0.299968535395852,0.9999999975893606,0.299968535395852,-2.4499999999999993,0.7,19.0,5.0,0,0,0,0,0,28,0,1,35,0
12000833,0.0,0.05,0.75,7.083062499999999,7.099999999999999,0.016937500000000005,-5,16.9375,3.46875,0.171875,0.09375,0.0,0.5718750000000004,0.5117187499999997,0.6526502271892839,0.05084913768131216,0.6526502271892839,0.05084913768131216,-0.4,7.499999999999998,2.0,15.0,0,0,10,0,0,39,0,9,6,0
12000834,0.0,0.3,0.5,3.4675156250000003,3.5000000000000004,0.03248437500000002,10,32.484375,4.765625,0.140625,0.296875,0.0,0.5625000000000004,0.3781250000000003,2.748242021871879e-07,0.2999271798056409,2.748242021871879e-07,0.2999271798056409,-2.1999999999999993,5.699999999999999,18.0,10.0,2,8,42,0,0,12,0,0,0,0
12000835,1.0,0.3,0.75,-1.541984375000005,-1.350000000000005,0.19198437500000004,-24,191.984375,12.453125,0.4375,0.0625,0.0,0.5843750000000006,0.5937499999999994,0.9999999999999128,0.2999999890054014,0.9999999999999128,0.2999999890054014,-2.55,1.2,20.0,12.0,0,0,0,0,0,24,0,5,35,0
12000836,0.0,0.3,0.5,6.945734374999999,6.949999999999999,0.004265625,5,4.265625,1.328125,0.203125,0.28125,0.0,0.5906250000000006,0.3851562500000003,4.0825946881355847e-10,0.2999974661063608,4.0825946881355847e-10,0.2999974661063608,-1.2500000000000004,8.2,16.0,15.0,0,3,46,0,0,15,0,0,0,0
12000837,0.0,0.05,0.5,5.289765625,5.3,0.010234375000000006,-4,10.234375,2.640625,0.125,0.0625,0.0,0.5812500000000006,0.4835937499999998,0.4624504058644234,0.05001176329270769,0.4624504058644234,0.05001176329270769,-0.04999999999999999,5.35,1.0,11.0,1,2,13,0,0,39,0,2,7,0
12000838,1.0,0.05,0.5,1.3826875000000003,1.4000000000000004,0.017312500000000005,-5,17.3125,3.5,0.15625,0.078125,0.015625,0.5777777777777783,0.5095238095238092,0.5465637419781942,0.05010987265203507,0.5465637419781942,0.05010987265203507,-0.5999999999999999,1.9999999999999998,3.0,12.0,0,1,6,0,1,44,1,3,7,1
12000839,0.0,0.05,0.25,2.2402812499999993,2.2499999999999996,0.009718750000000005,2,9.71875,2.875,0.078125,0.109375,0.0,0.5750000000000005,0.39921875,0.12976127845395485,0.05001212306084456,0.12976127845395485,0.05001212306084456,-0.19999999999999996,2.4499999999999993,2.0,10.0,0,6,39,0,0,17,0,2,0,0
12000840,1.0,0.05,0.75,0.9753125,1.0,0.024687500000000015,-9,24.6875,4.0,0.21875,0.078125,0.0,0.5750000000000006,0.5210937499999996,0.9072282681138739,0.07440605746053361,0.9072282681138739,0.07440605746053361,-0.5,1.5000000000000004,2.0,17.0,0,4,5,0,0,37,0,4,14,0
12000841,1.0,0.3,0.5,0.07937499999999281,0.2499999999999929,0.17062500000000008,-20,170.625,11.5625,0.375,0.0625,0.0,0.5937500000000007,0.5843749999999994,0.9999999999998166,0.2999999529672269,0.9999999999998166,0.2999999529672269,-2.1000000000000005,2.3499999999999996,22.0,6.0,0,0,0,0,0,28,0,2,34,0
12000842,1.0,0.3,0.25,1.1296406249999957,1.1999999999999957,0.07035937500000002,-15,70.359375,7.453125,0.328125,0.09375,0.0,0.5937500000000007,0.5562499999999995,0.999999904914264,0.2999595877482111,0.999999904914264,0.2999595877482111,-2.549999999999999,3.7499999999999996,18.0,9.0,0,0,4,0,0,32,0,2,26,0
12000843,0.0,0.3,0.5,4.23596875,4.3,0.06403125,13,64.03125,7.1875,0.15625,0.359375,0.0,0.5656250000000005,0.3617187500000003,1.2057926444617997e-14,0.29999999770750313,1.2057926444617997e-14,0.29999999770750313,-1.9000000000000004,6.199999999999999,21.0,12.0,1,7,51,1,0,4,0,0,0,0
12000844,1.0,0.3,0.5,1.416515625,1.5,0.08348437499999999,-14,83.484375,8.109375,0.328125,0.109375,0.0,0.5875000000000007,0.5515624999999996,0.9999984974803675,0.2999106301354199,0.9999984974803675,0.2999106301354199,-2.1999999999999993,3.7,15.0,13.0,0,1,1,0,0,38,1,1,22,0
12000845,1.0,0.3,0.75,-1.2347968750000071,-1.000000000000007,0.23479687500000004,-24,234.796875,13.515625,0.421875,0.046875,0.0,0.5937500000000007,0.6101562499999993,0.9999999999999991,0.29999999788104426,0.9999999999999991,0.29999999788104426,-2.3499999999999996,1.3499999999999996,21.0,9.0,0,0,0,0,0,17,0,2,45,0
12000846,1.0,0.3,0.75,-0.11259375000000175,-1.7763568394002505e-15,0.11259374999999998,-15,112.59375,9.625,0.296875,0.0625,0.0,0.5906250000000006,0.5867187499999995,0.9999983415045848,0.29864580862616646,0.9999983415045848,0.29864580862616646,-1.95,1.9499999999999997,15.0,8.0,0,0,1,0,0,25,0,3,35,0
12000847,1.0,0.3,0.25,-0.08092187500000356,-3.552713678800501e-15,0.080921875,-18,80.921875,7.484375,0.359375,0.078125,0.0,0.5843750000000006,0.5562499999999996,0.9999999986390458,0.2999962129098441,0.9999999986390458,0.2999962129098441,-3.3999999999999995,3.3999999999999995,22.0,6.0,0,1,1,1,0,35,0,2,24,0
12000848,1.0,0.3,0.75,0.34374999999999933,0.4499999999999993,0.10624999999999998,-17,106.25,8.65625,0.34375,0.078125,0.0,0.5937500000000007,0.5656249999999995,0.9999999483517953,0.2999699239257283,0.9999999483517953,0.2999699239257283,-2.8499999999999996,3.3,20.0,7.0,0,0,1,0,0,34,0,2,27,0
12000849,1.0,0.3,0.75,-1.3057031250000022,-1.1500000000000021,0.15570312500000005,-20,155.703125,10.734375,0.359375,0.046875,0.0,0.5843750000000006,0.5867187499999994,0.9999999997991906,0.2999953487863197,0.9999999997991906,0.2999953487863197,-2.1500000000000004,1.0,18.0,8.0,0,2,0,0,1,22,0,2,37,0
12000850,1.0,0.05,0.5,1.947984375,1.9500000000000002,0.0020156250000000014,-2,2.015625,1.203125,0.109375,0.078125,0.0,0.5843750000000005,0.4296874999999999,0.1325898974080689,0.05000326754038389,0.1325898974080689,0.05000326754038389,-0.19999999999999996,2.1499999999999995,1.0,11.0,0,4,29,0,0,28,0,1,2,0
12000851,1.0,0.3,0.75,-1.8926250000000029,-1.7000000000000028,0.1926250000000001,-21,192.625,11.90625,0.359375,0.03125,0.0,0.5906250000000006,0.5890624999999994,0.9999999994778689,0.29999152571737964,0.9999999994778689,0.29999152571737964,-2.3499999999999996,0.6500000000000001,18.0,7.0,0,0,0,0,0,26,0,3,35,0
12000852,1.0,0.3,0.25,1.6727812499999972,1.7999999999999972,0.12721875,-16,127.21875,9.78125,0.375,0.125,0.0,0.5906250000000006,0.5632812499999995,0.9999999996956169,0.2999996947770237,0.9999999996956169,0.2999996947770237,-3.5999999999999996,5.4,22.0,10.0,0,1,5,0,0,25,0,2,31,0
12000853,0.0,0.05,0.25,1.6928125,1.7,0.007187500000000005,3,7.1875,2.34375,0.0625,0.109375,0.0,0.5781250000000006,0.3992187500000003,0.21555861464624967,0.050004603488469274,0.21555861464624967,0.050004603488469274,-0.2,1.9,1.0,10.0,2,3,38,0,0,21,0,0,0,0
12000854,1.0,0.05,0.5,1.6439374999999994,1.6499999999999995,0.0060625000000000045,-5,6.0625,2.0,0.15625,0.078125,0.0,0.5843750000000005,0.46953124999999973,0.4414803536658405,0.050231726261056486,0.4414803536658405,0.050231726261056486,-1.8,3.4500000000000006,7.0,8.0,0,1,20,1,1,33,0,1,7,0
12000855,1.0,0.05,0.5,0.2501093750000007,0.3000000000000007,0.049890625000000036,-10,49.890625,6.328125,0.21875,0.0625,0.0,0.5875000000000006,0.5468749999999996,0.85056871966511,0.0536912043887459,0.85056871966511,0.0536912043887459,-1.3499999999999996,1.6500000000000004,7.0,11.0,0,0,2,0,1,39,0,3,19,0
12000856,1.0,0.05,0.75,-1.3803906250000015,-1.3500000000000014,0.030390625000000008,-10,30.390625,4.703125,0.171875,0.015625,0.0,0.5937500000000007,0.5234374999999998,0.9373246046896699,0.05012127299186917,0.9373246046896699,0.05012127299186917,-0.7499999999999998,-0.5999999999999996,4.0,8.0,0,0,1,0,0,52,0,2,9,0
12000857,0.0,0.3,0.5,1.3408593749999997,1.3999999999999997,0.05914062500000003,14,59.140625,6.921875,0.078125,0.296875,0.0,0.5718750000000005,0.3593750000000003,1.4040750981271887e-09,0.2999699322600319,1.4040750981271887e-09,0.2999699322600319,-1.5000000000000002,2.8999999999999995,18.0,6.0,1,7,52,0,0,4,0,0,0,0
12000858,1.0,0.05,0.25,3.998718749999999,3.999999999999999,0.0012812500000000007,0,1.28125,0.875,0.125,0.125,0.0,0.5812500000000006,0.43671875000000016,0.40258104692853025,0.05004499480233155,0.40258104692853025,0.05004499480233155,-1.2500000000000002,5.249999999999999,4.0,12.0,1,4,24,0,0,33,0,0,2,0
12000859,0.0,0.05,0.75,7.082156249999999,7.099999999999999,0.01784375000000001,-7,17.84375,3.75,0.171875,0.0625,0.0,0.5812500000000005,0.4999999999999999,0.5076270080542087,0.050094172844016155,0.5076270080542087,0.050094172844016155,-0.04999999999999999,7.149999999999999,1.0,14.0,0,2,6,0,0,48,0,4,4,0
12000860,0.0,0.05,0.75,8.012656250000001,8.05,0.03734375,-7,37.34375,5.65625,0.1875,0.078125,0.0,0.5812500000000006,0.5468749999999998,0.8576631959459323,0.05128642054639673,0.8576631959459323,0.05128642054639673,-0.55,8.600000000000001,2.0,15.0,0,0,1,0,0,42,0,6,15,0
12000861,1.0,0.05,0.25,2.5461249999999995,2.5499999999999994,0.0038750000000000026,-1,3.875,1.75,0.109375,0.09375,0.0,0.5843750000000005,0.4648437500000001,0.7326702332987789,0.050010064335778974,0.7326702332987789,0.050010064335778974,-1.15,3.7,5.0,8.0,1,1,18,0,0,39,0,2,3,0
12000862,0.0,0.05,0.25,2.297234375,2.3,0.002765625000000002,1,2.765625,1.515625,0.078125,0.09375,0.0,0.5750000000000006,0.41562500000000013,0.49064396038776664,0.05000096956001856,0.49064396038776664,0.05000096956001856,-0.25,2.55,2.0,9.0,2,3,33,0,0,24,0,1,1,0
12000863,0.0,0.05,0.25,4.246484375,4.25,0.0035156250000000027,0,3.515625,1.546875,0.125,0.125,0.0,0.5812500000000005,0.40156250000000016,0.41102524741944096,0.05004892766555488,0.41102524741944096,0.05004892766555488,-0.25,4.5,2.0,14.0,0,6,38,0,0,18,0,0,2,0
12000864,1.0,0.3,0.5,-1.3751406250000093,-1.1500000000000092,0.22514062500000004,-23,225.140625,12.359375,0.40625,0.046875,0.0,0.5937500000000007,0.5796874999999994,0.9999999999999619,0.29999998150916285,0.9999999999999619,0.29999998150916285,-2.3999999999999986,1.2499999999999998,21.0,8.0,0,1,0,0,0,28,0,1,34,0
12000865,1.0,0.3,0.25,2.7173437499999964,2.7499999999999964,0.03265625000000002,-11,32.65625,5.125,0.3125,0.140625,0.0,0.5875000000000006,0.5328124999999997,0.9999843730007318,0.2998610023343435,0.9999843730007318,0.2998610023343435,-3.7,6.449999999999999,20.0,9.0,0,0,3,1,0,43,0,2,15,0
12000866,1.0,0.3,0.5,1.1374999999999982,1.2499999999999982,0.11249999999999998,-14,112.5,9.40625,0.3125,0.09375,0.0,0.5875000000000006,0.5703124999999994,0.9999999597796891,0.2999580832838151,0.9999999597796891,0.2999580832838151,-1.85,3.1,16.0,10.0,0,0,1,0,1,31,1,1,29,0
12000867,1.0,0.3,0.5,1.6843749999999877,1.899999999999988,0.2156250000000001,-22,215.625,12.84375,0.46875,0.125,0.0,0.5843750000000005,0.5960937499999994,1.0,0.29999999999807536,1.0,0.29999999999807536,-2.9999999999999982,4.9,26.0,12.0,0,0,0,1,0,22,0,3,38,0
12000868,0.0,0.3,0.5,3.976312499999999,4.049999999999999,0.07368750000000004,9,73.6875,7.90625,0.125,0.265625,0.0,0.5937500000000007,0.36406250000000023,3.5808204793402917e-09,0.2999674824699604,3.5808204793402917e-09,0.2999674824699604,-0.9000000000000001,4.949999999999999,15.0,10.0,0,2,56,0,0,6,0,0,0,0
12000869,0.0,0.3,0.5,4.536281249999998,4.549999999999998,0.01371875000000001,5,13.71875,3.5,0.171875,0.25,0.0,0.5687500000000006,0.37343750000000014,0.0003808887846344265,0.2927196612551712,0.0003808887846344265,0.2927196612551712,-2.1500000000000004,6.7,14.0,13.0,2,4,48,1,0,9,0,0,0,0
12000870,0.0,0.05,0.5,5.097359374999998,5.099999999999998,0.0026406250000000015,-2,2.640625,1.484375,0.15625,0.125,0.0,0.5687500000000006,0.44140624999999994,0.07967150753487441,0.050227379367290804,0.07967150753487441,0.050227379367290804,-0.4,5.5,2.0,16.0,2,5,23,0,0,29,0,1,4,0
12000871,0.0,0.05,0.5,6.186984374999999,6.199999999999999,0.013015625000000008,-2,13.015625,3.109375,0.1875,0.15625,0.0,0.5843750000000005,0.4835937499999998,0.4090662079108093,0.053475959026411043,0.4090662079108093,0.053475959026411043,0.0,6.199999999999999,0.0,22.0,0,3,14,0,0,37,0,2,8,0
12000872,0.0,0.3,0.75,5.091656249999999,5.099999999999999,0.008343750000000006,6,8.34375,2.625,0.171875,0.265625,0.0,0.5718750000000005,0.42500000000000054,4.9401820483910465e-05,0.2991094558235171,4.9401820483910465e-05,0.2991094558235171,-2.2999999999999994,7.399999999999999,15.0,13.0,0,5,31,0,0,24,0,4,0,0
12000873,1.0,0.3,0.75,-0.8554218750000093,-0.6500000000000092,0.20542187500000003,-25,205.421875,12.828125,0.453125,0.0625,0.0,0.5781250000000006,0.6054687499999994,0.9999999999999999,0.29999999984376424,0.9999999999999999,0.29999999984376424,-2.299999999999999,1.65,23.0,10.0,0,0,0,0,0,19,0,7,38,0
12000874,0.0,0.3,0.25,2.944453124999999,2.999999999999999,0.05554687500000002,12,55.546875,6.203125,0.109375,0.296875,0.03125,0.583870967741936,0.36935483870967767,3.674248880951104e-10,0.2999959563322093,3.674248880951104e-10,0.2999959563322093,-1.4500000000000004,4.449999999999999,16.0,10.0,0,5,49,0,0,8,0,0,0,2
12000875,1.0,0.3,0.5,1.6683281249999975,1.6999999999999975,0.031671875,-11,31.671875,4.703125,0.28125,0.109375,0.0,0.5718750000000005,0.5281249999999996,0.9997240569713186,0.29693081878642635,0.9997240569713186,0.29693081878642635,-2.4499999999999993,4.1499999999999995,15.0,10.0,1,0,7,0,0,36,1,5,14,0
12000876,1.0,0.05,0.5,2.44940625,2.45,0.0005937500000000004,-1,0.59375,0.59375,0.109375,0.09375,0.0,0.5687500000000006,0.45546875,0.6619597506394878,0.05000682839335039,0.6619597506394878,0.05000682839335039,-0.19999999999999996,2.6500000000000004,1.0,12.0,0,5,18,1,0,36,0,3,1,0
12000877,1.0,0.3,0.75,0.30200000000000393,0.4000000000000039,0.09799999999999998,-15,98.0,9.0625,0.328125,0.09375,0.0,0.5812500000000006,0.5656249999999997,0.9999889934882067,0.2993649883287017,0.9999889934882067,0.2993649883287017,-2.9499999999999993,3.349999999999999,16.0,11.0,1,0,0,1,0,33,0,2,27,0
12000878,0.0,0.3,0.75,6.694140624999998,6.699999999999998,0.005859375000000003,5,5.859375,1.921875,0.21875,0.296875,0.0,0.5625000000000003,0.39218750000000047,1.1845775560086608e-09,0.2999980760125627,1.1845775560086608e-09,0.2999980760125627,-1.95,8.650000000000002,17.0,16.0,1,8,39,0,0,14,0,2,0,0
12000879,0.0,0.05,0.5,5.64278125,5.6499999999999995,0.0072187500000000055,-4,7.21875,2.53125,0.140625,0.078125,0.015625,0.5873015873015879,0.47619047619047616,0.5699113814018463,0.05006730698378075,0.5699113814018463,0.05006730698378075,-0.2,5.849999999999999,1.0,13.0,0,2,10,0,0,49,0,2,0,1
12000880,1.0,0.05,0.5,3.542718749999999,3.549999999999999,0.007281250000000005,-2,7.28125,2.1875,0.140625,0.109375,0.0,0.5937500000000007,0.4882812499999999,0.5458734823265327,0.050135199028119005,0.5458734823265327,0.050135199028119005,-0.55,4.1,2.0,14.0,0,0,12,0,0,45,0,2,5,0
12000881,1.0,0.3,0.75,-0.23673437499999855,-0.14999999999999858,0.08673437499999999,-15,86.734375,7.671875,0.296875,0.0625,0.0,0.5812500000000007,0.5515624999999995,0.9999863544357155,0.2971900176833496,0.9999863544357155,0.2971900176833496,-2.5999999999999996,2.45,16.0,7.0,0,0,3,2,0,34,0,2,23,0
12000882,0.0,0.05,0.75,5.341968749999998,5.349999999999998,0.008031250000000005,-1,8.03125,2.5,0.140625,0.125,0.0,0.5812500000000006,0.4671875000000002,0.4524468441522372,0.05019916804554913,0.4524468441522372,0.05019916804554913,-0.8500000000000001,6.199999999999999,5.0,12.0,1,4,11,0,0,46,0,0,2,0
12000883,1.0,0.3,0.75,-2.6323593750000063,-2.4500000000000064,0.18235937500000002,-23,182.359375,11.109375,0.375,0.015625,0.0,0.5843750000000005,0.5867187499999994,0.999999999986837,0.2999987106202532,0.999999999986837,0.2999987106202532,-2.6999999999999993,0.25,21.0,4.0,0,0,1,0,1,24,0,4,34,0
12000884,1.0,0.05,0.75,0.0008750000000006877,0.05000000000000071,0.04912500000000002,-9,49.125,6.5,0.1875,0.046875,0.0,0.5875000000000006,0.5585937499999996,0.9835124044161122,0.05260233472423719,0.9835124044161122,0.05260233472423719,-0.7,0.75,5.0,10.0,0,0,0,0,0,39,0,4,21,0
12000885,0.0,0.3,0.25,-2.1417656250000006,-1.9500000000000004,0.191765625,23,191.765625,12.234375,0.015625,0.375,0.0,0.5687500000000005,0.36171875000000026,6.3679111760876376e-15,0.29999996719256544,6.3679111760876376e-15,0.29999996719256544,-1.6,-0.3500000000000001,21.0,4.0,1,6,53,0,0,3,1,0,0,0
12000886,0.0,0.05,0.75,6.782406249999999,6.799999999999999,0.017593750000000012,-6,17.59375,3.75,0.15625,0.0625,0.0,0.5843750000000005,0.5187499999999998,0.7604732632279665,0.05009950151685533,0.7604732632279665,0.05009950151685533,-0.6000000000000001,7.3999999999999995,3.0,11.0,0,0,2,0,0,52,0,5,5,0
12000887,1.0,0.05,0.75,-0.46834375000000017,-0.4500000000000002,0.018343750000000013,-8,18.34375,3.59375,0.15625,0.03125,0.0,0.5781250000000004,0.5281249999999997,0.934696942372372,0.05010244315944815,0.934696942372372,0.05010244315944815,-0.25,-0.1999999999999995,2.0,10.0,0,0,4,0,0,44,0,7,9,0
12000888,1.0,0.05,0.25,4.147843749999999,4.149999999999999,0.0021562500000000015,0,2.15625,1.25,0.140625,0.140625,0.0,0.5843750000000005,0.4414062500000001,0.8462457555167013,0.05024965255464501,0.8462457555167013,0.05024965255464501,-0.19999999999999996,4.349999999999998,1.0,17.0,0,3,26,0,0,31,0,2,2,0
12000889,1.0,0.3,0.5,0.9747812499999944,1.0999999999999943,0.12521874999999996,-17,125.21875,9.875,0.375,0.109375,0.0,0.5812500000000006,0.5843749999999994,0.9999999999395915,0.29999966831669483,0.9999999999395915,0.29999966831669483,-3.0999999999999996,4.199999999999999,22.0,9.0,0,1,2,0,0,22,0,5,34,0
12000890,1.0,0.05,0.25,2.6489531250000002,2.6500000000000004,0.0010468750000000005,2,1.046875,0.609375,0.03125,0.0625,0.0,0.5906250000000006,0.4460937500000002,0.46972368289874644,0.05000004142179218,0.46972368289874644,0.05000004142179218,0.0,2.6500000000000004,0.0,6.0,0,2,23,0,0,37,0,1,1,0
12000891,1.0,0.05,0.25,3.7989999999999995,3.7999999999999994,0.0010000000000000005,0,1.0,0.75,0.109375,0.109375,0.0,0.5718750000000005,0.44375000000000037,0.8144764431032432,0.050017123917304,0.8144764431032432,0.050017123917304,-0.9500000000000002,4.749999999999999,4.0,10.0,1,4,22,1,0,33,0,1,2,0
12000892,0.0,0.05,0.5,5.886984374999998,5.899999999999999,0.013015625000000008,-3,13.015625,3.046875,0.15625,0.109375,0.015625,0.5968253968253975,0.4833333333333333,0.4098498486573196,0.05019854828336958,0.4098498486573196,0.05019854828336958,-0.6000000000000001,6.499999999999998,3.0,14.0,0,1,11,0,0,46,0,0,5,1
12000893,1.0,0.3,0.25,1.6038593749999985,1.6499999999999986,0.04614062500000001,-11,46.140625,5.703125,0.28125,0.109375,0.0,0.5906250000000006,0.5164062499999996,0.9975001887838424,0.2938928950870881,0.9975001887838424,0.2938928950870881,-3.1000000000000005,4.75,16.0,9.0,0,0,10,0,0,37,0,3,14,0
12000894,1.0,0.05,0.75,-0.23582812500000108,-0.20000000000000107,0.035828125000000016,-8,35.828125,5.421875,0.171875,0.046875,0.0,0.5875000000000006,0.5374999999999996,0.8446875301432495,0.05011378229742398,0.8446875301432495,0.05011378229742398,-0.19999999999999996,2.220446049250313e-16,1.0,13.0,0,0,2,0,0,44,0,4,14,0
12000895,1.0,0.3,0.25,3.231671874999998,3.2499999999999982,0.018328125000000008,-8,18.328125,3.828125,0.265625,0.140625,0.015625,0.5682539682539688,0.47857142857142876,0.9986650037092567,0.2972571875489561,0.9986650037092567,0.2972571875489561,-2.25,5.499999999999999,11.0,15.0,1,4,15,0,0,32,0,4,7,1
12000896,0.0,0.05,0.5,2.0941249999999996,2.0999999999999996,0.005875000000000004,3,5.875,2.28125,0.0625,0.109375,0.0,0.5906250000000006,0.3992187500000003,0.04679017238066642,0.050030607736029215,0.04679017238066642,0.050030607736029215,-0.19999999999999996,2.3,4.0,7.0,0,2,42,0,0,19,0,1,0,0
12000897,0.0,0.3,0.25,0.44828124999999963,0.6499999999999998,0.20171875000000014,21,201.71875,12.53125,0.0625,0.390625,0.0,0.5843750000000005,0.36171875000000026,3.0016310001568074e-16,0.2999999983181014,3.0016310001568074e-16,0.2999999983181014,-1.3000000000000003,1.9499999999999997,19.0,10.0,0,5,54,0,0,5,0,0,0,0
12000898,1.0,0.3,0.5,1.0603749999999892,1.2499999999999893,0.1896250000000001,-18,189.625,12.28125,0.390625,0.109375,0.0,0.5843750000000006,0.5937499999999996,0.999999999992358,0.29999993755614873,0.999999999992358,0.29999993755614873,-2.499999999999999,3.7499999999999996,20.0,12.0,0,0,0,0,0,24,0,5,35,0
12000899,1.0,0.05,0.5,1.7283750000000009,1.7500000000000009,0.021625,-5,21.625,4.15625,0.171875,0.09375,0.0,0.5812500000000006,0.5210937499999997,0.94095035727582,0.05340037447894648,0.94095035727582,0.05340037447894648,-0.19999999999999996,1.95,1.0,16.0,1,0,5,0,0,43,0,4,11,0
12000900,0.0,0.3,0.5,3.765500000000001,3.850000000000001,0.08449999999999998,14,84.5,8.21875,0.140625,0.359375,0.0,0.5781250000000004,0.3640625000000003,1.1747014569608113e-14,0.2999999975664077,1.1747014569608113e-14,0.2999999975664077,-1.45,5.299999999999999,19.0,13.0,0,7,51,0,0,6,0,0,0,0
12000901,0.0,0.3,0.75,5.841312499999999,5.849999999999999,0.008687500000000006,5,8.6875,2.59375,0.1875,0.265625,0.0,0.5812500000000005,0.4203125000000003,1.8840986773799426e-06,0.2998273496362455,1.8840986773799426e-06,0.2998273496362455,-2.399999999999999,8.25,17.0,12.0,1,3,31,0,0,28,0,1,0,0
12000902,0.0,0.05,0.75,4.845359374999998,4.849999999999999,0.004640625000000003,-4,4.640625,1.703125,0.125,0.0625,0.0,0.5906250000000006,0.4882812499999999,0.5433584906762594,0.05000572711877013,0.5433584906762594,0.05000572711877013,-0.75,5.599999999999999,3.0,9.0,0,0,11,0,0,47,0,3,3,0
12000903,1.0,0.3,0.75,-2.807062500000005,-2.600000000000005,0.20706250000000004,-25,207.0625,12.125,0.390625,0.0,0.0,0.5875000000000007,0.5937499999999994,0.9999999999999952,0.29999997739335454,0.9999999999999952,0.29999997739335454,-2.0999999999999996,-0.5,21.0,4.0,0,0,1,0,0,22,0,4,37,0
12000904,1.0,0.3,0.25,3.797421875000003,3.850000000000003,0.05257812500000002,-12,52.578125,6.046875,0.359375,0.171875,0.0,0.5875000000000006,0.5398437499999996,0.9999999997311049,0.2999999147165646,0.9999999997311049,0.2999999147165646,-3.4499999999999993,7.299999999999999,22.0,12.0,0,2,4,0,0,35,0,2,21,0
12000905,0.0,0.3,0.75,6.358125000000002,6.400000000000002,0.041875000000000016,9,41.875,5.90625,0.203125,0.34375,0.015625,0.5777777777777783,0.366666666666667,8.251318866806863e-14,0.2999999961467413,8.251318866806863e-14,0.2999999961467413,-1.9000000000000004,8.300000000000002,21.0,14.0,1,5,51,0,0,5,0,0,1,1
12000906,0.0,0.3,0.5,-0.25554687499999995,-0.14999999999999997,0.10554687499999998,17,105.546875,9.015625,0.03125,0.296875,0.0,0.5656250000000006,0.3640625000000003,2.954263369631669e-11,0.29998951678574093,2.954263369631669e-11,0.29998951678574093,-1.3000000000000005,1.15,18.0,3.0,2,7,49,0,0,6,0,0,0,0
12000907,0.0,0.3,0.75,3.6416250000000003,3.7,0.05837500000000002,12,58.375,6.6875,0.140625,0.328125,0.0,0.5781250000000004,0.3687500000000003,1.0258185746072181e-11,0.2999997830304063,1.0258185746072181e-11,0.2999997830304063,-1.35,5.050000000000001,17.0,13.0,0,5,51,1,0,7,0,0,0,0
12000908,1.0,0.3,0.75,-1.4438906250000072,-1.250000000000007,0.193890625,-23,193.890625,12.109375,0.390625,0.03125,0.0,0.5937500000000007,0.5960937499999994,0.9999999999999624,0.2999999674010235,0.9999999999999624,0.2999999674010235,-1.9000000000000004,0.6500000000000001,20.0,7.0,0,0,0,0,0,23,0,2,39,0
12000909,0.0,0.05,0.25,2.9246875,2.95,0.025312499999999998,5,25.3125,4.65625,0.109375,0.1875,0.0,0.5687500000000004,0.37343750000000026,0.0019475190619017107,0.12458270658840187,0.0019475190619017107,0.12458270658840187,-0.6499999999999999,3.5999999999999996,8.0,11.0,1,7,47,0,0,8,0,1,0,0
12000910,0.0,0.05,0.5,3.4477812500000002,3.45,0.0022187500000000015,3,2.21875,1.25,0.125,0.171875,0.0,0.5593750000000003,0.4039062500000003,0.010608299698929504,0.06725605405945001,0.010608299698929504,0.06725605405945001,-0.44999999999999996,3.8999999999999995,6.0,13.0,1,11,29,0,0,23,0,0,0,0
12000911,0.0,0.3,0.25,0.6964843749999997,0.7499999999999998,0.053515625000000025,14,53.515625,6.234375,0.046875,0.265625,0.0,0.5843750000000005,0.3640625000000003,2.5250130268482825e-08,0.29957488737350535,2.5250130268482825e-08,0.29957488737350535,-1.3000000000000003,2.05,16.0,4.0,0,5,53,0,0,6,0,0,0,0
12000912,1.0,0.3,0.5,0.8381406249999864,1.0499999999999865,0.2118593750000001,-21,211.859375,12.953125,0.421875,0.09375,0.0,0.5875000000000007,0.6054687499999993,0.9999999999999999,0.2999999997392822,0.9999999999999999,0.2999999997392822,-2.3999999999999986,3.4499999999999993,23.0,10.0,0,0,0,0,0,19,0,4,41,0
12000913,0.0,0.3,0.75,6.230499999999998,6.249999999999998,0.019500000000000003,3,19.5,4.0625,0.1875,0.234375,0.0,0.5625000000000004,0.3804687500000003,3.4769337716959497e-06,0.29894105133628074,3.4769337716959497e-06,0.29894105133628074,-1.25,7.5,13.0,14.0,1,10,40,0,0,13,0,0,0,0
12000914,1.0,0.05,0.25,3.1976250000000004,3.2,0.0023750000000000012,-4,2.375,1.125,0.1875,0.125,0.0,0.5843750000000005,0.45781249999999996,0.6714619712278627,0.05829964222243147,0.6714619712278627,0.05829964222243147,-1.3499999999999999,4.549999999999999,7.0,13.0,1,1,22,0,0,34,0,2,4,0
12000915,1.0,0.05,0.5,3.999312499999999,3.999999999999999,0.0006875000000000005,1,0.6875,0.6875,0.09375,0.109375,0.0,0.5781250000000006,0.41093750000000034,0.3134085948127066,0.050008505262981534,0.3134085948127066,0.050008505262981534,-0.3500000000000001,4.3500000000000005,1.0,12.0,2,3,33,0,0,26,0,0,0,0
12000916,0.0,0.3,0.25,-0.47453125,-0.29999999999999993,0.17453125000000008,21,174.53125,11.71875,0.0625,0.390625,0.0,0.5687500000000004,0.3734375000000003,1.2734310287740028e-13,0.29999996003966983,1.2734310287740028e-13,0.29999996003966983,-2.499999999999999,2.1999999999999997,22.0,7.0,0,8,47,0,1,7,0,1,0,0
12000917,1.0,0.05,0.75,-1.379109374999999,-1.299999999999999,0.07910937500000004,-12,79.109375,8.015625,0.21875,0.03125,0.0,0.5937500000000007,0.5656249999999995,0.9874335486289927,0.055774672952754255,0.9874335486289927,0.055774672952754255,-0.7,-0.5999999999999999,5.0,11.0,0,0,0,0,1,35,0,1,27,0
12000918,0.0,0.3,0.75,4.820078125,4.8500000000000005,0.029921875,7,29.921875,4.953125,0.15625,0.265625,0.0,0.5812500000000006,0.36640625000000027,1.7709656275990016e-08,0.29995486874979915,1.7709656275990016e-08,0.29995486874979915,-1.4500000000000004,6.300000000000001,17.0,10.0,1,4,52,0,0,7,0,0,0,0
12000919,0.0,0.05,0.5,3.0444531249999995,3.0499999999999994,0.005546875000000004,2,5.546875,2.140625,0.109375,0.140625,0.015625,0.5650793650793655,0.41190476190476205,0.4043957394667589,0.05006186093452889,0.4043957394667589,0.05006186093452889,-0.5499999999999999,3.5999999999999988,4.0,12.0,2,6,30,0,0,24,0,1,0,1
12000920,0.0,0.3,0.75,3.3040937500000007,3.3500000000000005,0.04590625,11,45.90625,5.53125,0.125,0.296875,0.0,0.5687500000000004,0.3734375000000003,2.037880335593715e-10,0.29999696660852454,2.037880335593715e-10,0.29999696660852454,-1.4000000000000001,4.75,18.0,9.0,0,10,45,0,0,8,0,0,1,0
12000921,1.0,0.3,0.5,3.0704062500000013,3.1000000000000014,0.029593750000000012,-7,29.59375,4.78125,0.234375,0.125,0.0,0.6000000000000008,0.5281249999999997,0.9781970205825806,0.2434687312181567,0.9781970205825806,0.2434687312181567,-2.3,5.4,13.0,10.0,0,0,1,0,0,50,0,0,13,0
12000922,0.0,0.3,0.75,8.947437499999998,8.949999999999998,0.002562500000000002,-1,2.5625,1.34375,0.25,0.234375,0.015625,0.5809523809523814,0.43809523809523837,0.0016607683269255664,0.29785088523398795,0.0016607683269255664,0.29785088523398795,-2.2999999999999994,11.25,14.0,17.0,1,3,26,0,0,29,0,1,3,1
12000923,0.0,0.05,0.25,1.57359375,1.5999999999999999,0.02640625,9,26.40625,4.1875,0.078125,0.21875,0.0,0.5718750000000005,0.3828125000000002,0.0006475603016489156,0.1961186260037016,0.0006475603016489156,0.1961186260037016,-0.3499999999999999,1.9499999999999997,5.0,14.0,0,8,43,0,0,12,0,1,0,0
12000924,0.0,0.3,0.75,4.97940625,5.1000000000000005,0.12059374999999999,14,120.59375,10.09375,0.171875,0.390625,0.015625,0.5777777777777783,0.366666666666667,1.741052163742333e-18,0.299999999993417,1.741052163742333e-18,0.299999999993417,-1.7500000000000009,6.85,25.0,11.0,0,7,49,0,0,7,0,0,0,1
12000925,0.0,0.3,0.25,-1.0414531250000003,-0.9500000000000004,0.09145312500000001,18,91.453125,8.390625,0.015625,0.296875,0.015625,0.5809523809523814,0.3619047619047621,5.795484861071593e-11,0.2999836604419737,5.795484861071593e-11,0.2999836604419737,-1.5500000000000005,0.5999999999999999,18.0,2.0,0,6,53,0,0,3,0,0,1,1
12000926,0.0,0.05,0.5,4.449109374999999,4.449999999999999,0.0008906250000000004,1,0.890625,0.640625,0.125,0.140625,0.0,0.5937500000000007,0.43671875000000027,0.18910177468059663,0.05046637577009104,0.18910177468059663,0.05046637577009104,-0.9500000000000002,5.4,7.0,10.0,0,2,25,0,0,37,0,0,0,0
12000927,0.0,0.05,0.5,5.097874999999998,5.099999999999999,0.002125000000000001,0,2.125,1.1875,0.15625,0.15625,0.0,0.5656250000000003,0.4390625000000002,0.12407624965687969,0.05282383024313094,0.12407624965687969,0.05282383024313094,-0.8499999999999999,5.949999999999998,6.0,14.0,0,9,18,0,1,35,0,1,0,0
12000928,0.0,0.3,0.75,7.009281250000003,7.0500000000000025,0.04071875000000001,10,40.71875,5.75,0.21875,0.375,0.0,0.5687500000000004,0.35468750000000027,4.119501056800818e-17,0.299999999962814,4.119501056800818e-17,0.299999999962814,-1.8500000000000003,8.9,24.0,14.0,2,6,54,0,0,2,0,0,0,0
12000929,1.0,0.05,0.25,2.3448749999999996,2.3499999999999996,0.005125000000000004,-2,5.125,2.125,0.125,0.09375,0.0,0.5781250000000004,0.47890625,0.6609532848928812,0.05002708450953662,0.6609532848928812,0.05002708450953662,-0.95,3.3000000000000003,4.0,10.0,0,1,13,0,2,43,0,4,1,0
12000930,0.0,0.3,0.75,8.183749999999998,8.199999999999998,0.016250000000000007,7,16.25,3.5,0.25,0.359375,0.0,0.5718750000000004,0.3710937500000002,1.4379270451578228e-14,0.29999999960813667,1.4379270451578228e-14,0.29999999960813667,-1.9500000000000004,10.15,21.0,18.0,1,7,47,0,0,9,0,0,0,0
12000931,0.0,0.05,0.75,7.639484374999998,7.649999999999998,0.010515625000000008,-3,10.515625,2.921875,0.21875,0.171875,0.0,0.5812500000000006,0.47890624999999987,0.14865665818988671,0.0662501091721436,0.14865665818988671,0.0662501091721436,-1.15,8.8,5.0,20.0,1,1,12,0,0,45,0,3,2,0
12000932,1.0,0.05,0.25,2.8468437499999992,2.849999999999999,0.003156250000000002,-1,3.15625,1.5,0.109375,0.09375,0.015625,0.5873015873015879,0.46666666666666673,0.8981901024261104,0.05003353307253125,0.8981901024261104,0.05003353307253125,-0.40000000000000013,3.25,2.0,11.0,0,3,15,0,0,41,0,1,3,1
12000933,0.0,0.3,0.5,-0.2086093750000004,-3.3306690738754696e-16,0.20860937500000007,23,208.609375,12.703125,0.046875,0.40625,0.0,0.5781250000000004,0.36171875000000026,8.599237601748482e-18,0.2999999997222512,8.599237601748482e-18,0.2999999997222512,-1.7500000000000007,1.7499999999999998,25.0,4.0,1,5,53,0,0,5,0,0,0,0
12000934,0.0,0.05,0.75,5.3947343750000005,5.4,0.005265625000000004,-3,5.265625,1.796875,0.140625,0.09375,0.0,0.5843750000000005,0.4835937499999998,0.2903969528048888,0.050028078499850415,0.2903969528048888,0.050028078499850415,-0.8500000000000001,6.25,5.0,10.0,0,3,11,0,0,43,0,2,5,0
12000935,0.0,0.3,0.5,3.265937499999999,3.299999999999999,0.0340625,7,34.0625,5.21875,0.125,0.234375,0.0,0.5656250000000005,0.3734375000000003,7.994421067175003e-06,0.2953302836827814,7.994421067175003e-06,0.2953302836827814,-1.5000000000000004,4.8,15.0,8.0,1,9,45,0,0,8,0,0,1,0
12000936,0.0,0.05,0.5,5.697328124999999,5.699999999999999,0.0026718750000000015,-3,2.671875,1.390625,0.15625,0.109375,0.0,0.5812500000000006,0.45078125,0.6976554434327487,0.05043132862549124,0.6976554434327487,0.05043132862549124,-0.4,6.099999999999999,2.0,15.0,0,3,20,1,0,38,0,1,1,0
12000937,1.0,0.05,0.25,5.198140624999998,5.199999999999998,0.0018593750000000008,1,1.859375,0.984375,0.140625,0.15625,0.0,0.5781250000000006,0.43906250000000036,0.5046728189400875,0.05034431277093903,0.5046728189400875,0.05034431277093903,-0.3500000000000001,5.55,1.0,18.0,1,4,21,0,1,37,0,0,0,0
12000938,0.0,0.05,0.5,2.8992968749999997,2.8999999999999995,0.0007031250000000002,2,0.703125,0.515625,0.09375,0.125,0.0,0.5750000000000006,0.44375,0.050620446047435895,0.05019632974325142,0.050620446047435895,0.05019632974325142,-0.55,3.4499999999999993,5.0,9.0,1,5,21,0,0,34,0,1,2,0
12000939,1.0,0.05,0.25,3.5936718749999996,3.5999999999999996,0.006328125000000003,-2,6.328125,2.140625,0.15625,0.125,0.0,0.5625000000000004,0.47187500000000004,0.7828905909684414,0.051211122813257036,0.7828905909684414,0.051211122813257036,-0.7999999999999998,4.4,3.0,15.0,0,6,14,0,0,36,1,4,3,0
12000940,0.0,0.05,0.75,6.5259374999999995,6.55,0.024062499999999997,-6,24.0625,4.5,0.171875,0.078125,0.0,0.5781250000000004,0.5093749999999997,0.6317123659671707,0.05012926233948502,0.6317123659671707,0.05012926233948502,0.0,6.55,0.0,16.0,0,1,6,1,0,45,0,4,7,0
12000941,0.0,0.3,0.75,3.719343750000002,3.7500000000000018,0.03065625,14,30.65625,3.75,0.140625,0.359375,0.0,0.5812500000000006,0.3687500000000003,1.1029033637053415e-14,0.299999997234762,1.1029033637053415e-14,0.299999997234762,-1.8500000000000005,5.6000000000000005,22.0,10.0,1,4,51,0,0,8,0,0,0,0
12000942,1.0,0.3,0.75,-2.3502812500000023,-2.150000000000002,0.20028125000000016,-21,200.28125,12.65625,0.34375,0.015625,0.0,0.5906250000000006,0.5914062499999995,0.9999999998885442,0.2999912651119297,0.9999999998885442,0.2999912651119297,-2.4499999999999984,0.30000000000000004,20.0,3.0,0,1,0,0,0,23,0,2,38,0
12000943,1.0,0.05,0.5,-0.41293750000000035,-0.40000000000000036,0.01293750000000001,-6,12.9375,2.96875,0.125,0.03125,0.0,0.5843750000000005,0.4999999999999999,0.7157387803465374,0.05000347938884414,0.7157387803465374,0.05000347938884414,-0.1499999999999999,-0.25,1.0,9.0,0,1,11,0,0,40,0,4,8,0
12000944,1.0,0.3,0.75,-0.6196562500000036,-0.5000000000000036,0.11965624999999999,-20,119.65625,9.09375,0.375,0.0625,0.0,0.5875000000000007,0.5726562499999994,0.9999999998349567,0.2999983826141371,0.9999999998349567,0.2999983826141371,-2.5999999999999988,2.1,20.0,8.0,0,0,1,0,0,31,0,4,28,0
12000945,0.0,0.05,0.25,2.7391093749999995,2.7499999999999996,0.010890625000000006,4,10.890625,2.859375,0.09375,0.15625,0.0,0.5781250000000004,0.3828125000000003,0.07058065259822516,0.050676663927107464,0.07058065259822516,0.050676663927107464,-0.5,3.2499999999999996,4.0,12.0,0,7,43,0,0,14,0,0,0,0
12000946,1.0,0.3,0.75,-1.4750312500000051,-1.350000000000005,0.12503125000000004,-21,125.03125,9.53125,0.359375,0.03125,0.0,0.5906250000000006,0.5773437499999994,0.9999999999776622,0.299998265703583,0.9999999999776622,0.299998265703583,-2.3499999999999988,1.0,20.0,5.0,0,0,1,0,0,29,0,3,31,0
12000947,0.0,0.3,0.5,0.7174843749999995,0.8499999999999994,0.13251562499999997,18,132.515625,10.140625,0.0625,0.34375,0.0,0.5593750000000004,0.36171875000000026,1.4706097885114958e-13,0.2999998707926442,1.4706097885114958e-13,0.2999998707926442,-1.2000000000000002,2.05,19.0,7.0,2,9,48,0,0,5,0,0,0,0
12000948,1.0,0.3,0.25,3.7183906249999983,3.7499999999999982,0.03160937500000001,-9,31.609375,4.953125,0.3125,0.171875,0.0,0.5750000000000004,0.5187499999999997,0.9999925950050619,0.29993660246990944,0.9999925950050619,0.29993660246990944,-3.9499999999999993,7.699999999999999,19.0,12.0,1,2,7,0,1,35,0,3,15,0
12000949,0.0,0.05,0.25,0.7939218749999996,0.7999999999999996,0.0060781250000000045,5,6.078125,2.171875,0.046875,0.125,0.0,0.5718750000000006,0.39687500000000014,0.057757146479070924,0.05002349254287652,0.057757146479070924,0.05002349254287652,-0.25,1.0499999999999996,2.0,9.0,2,4,39,0,0,18,0,1,0,0
12000950,1.0,0.3,0.75,-1.5704843750000057,-1.4000000000000057,0.170484375,-23,170.484375,11.171875,0.40625,0.046875,0.0,0.5875000000000007,0.5773437499999995,0.9999999999979858,0.29999988105904246,0.9999999999979858,0.29999988105904246,-2.6499999999999995,1.25,20.0,9.0,0,1,0,0,0,29,1,1,32,0
12000951,1.0,0.3,0.5,1.6186250000000004,1.6500000000000004,0.031375000000000014,-11,31.375,4.78125,0.296875,0.125,0.0,0.5906250000000006,0.5164062499999997,0.9994194179897686,0.2979247727967887,0.9994194179897686,0.2979247727967887,-2.5999999999999996,4.249999999999999,13.0,14.0,0,1,7,0,0,41,1,0,14,0
12000952,0.0,0.3,0.5,2.7689687500000018,2.850000000000002,0.08103125000000001,16,81.03125,7.125,0.109375,0.359375,0.0,0.5781250000000004,0.3687500000000003,5.637649098451292e-14,0.2999999882079585,5.637649098451292e-14,0.2999999882079585,-1.8000000000000003,4.6499999999999995,22.0,8.0,0,7,49,0,0,8,0,0,0,0
12000953,0.0,0.05,0.75,9.30765625,9.350000000000001,0.042343750000000006,-9,42.34375,5.875,0.203125,0.0625,0.0,0.5843750000000005,0.5351562499999998,0.8599774441860272,0.05179055123134932,0.8599774441860272,0.05179055123134932,-0.6000000000000001,9.950000000000001,3.0,14.0,0,1,0,0,0,47,0,4,12,0
12000954,1.0,0.3,0.75,1.297546874999995,1.399999999999995,0.10245312499999996,-16,102.453125,9.171875,0.34375,0.09375,0.0,0.5812500000000006,0.5914062499999995,0.9999999999134935,0.29999903736815636,0.9999999999134935,0.29999903736815636,-2.05,3.4499999999999997,18.0,10.0,0,0,0,0,0,25,1,4,34,0
12000955,0.0,0.05,0.25,3.3983593749999996,3.3999999999999995,0.0016406250000000006,-1,1.640625,0.828125,0.09375,0.078125,0.015625,0.5873015873015879,0.46428571428571425,0.37578997849260604,0.050002298551423824,0.37578997849260604,0.050002298551423824,-0.2,3.5999999999999996,1.0,10.0,0,3,15,0,0,42,0,1,2,1
12000956,0.0,0.3,0.75,4.166843750000001,4.200000000000001,0.03315625000000001,9,33.15625,5.1875,0.140625,0.28125,0.0,0.5625000000000003,0.37109375000000033,2.1398111014747353e-08,0.2999690000899842,2.1398111014747353e-08,0.2999690000899842,-1.7000000000000002,5.9,18.0,9.0,1,10,44,0,0,9,0,0,0,0
12000957,1.0,0.3,0.5,0.5421718749999943,0.5999999999999943,0.05782812500000002,-15,57.828125,6.328125,0.3125,0.078125,0.015625,0.5873015873015879,0.5499999999999996,0.9999996059998246,0.2998428358352072,0.9999996059998246,0.2998428358352072,-2.6499999999999986,3.2499999999999996,17.0,8.0,0,0,2,0,1,37,0,3,20,1
12000958,1.0,0.3,0.75,0.8756093750000028,0.9500000000000028,0.07439062500000004,-12,74.390625,7.828125,0.28125,0.09375,0.015625,0.5873015873015879,0.564285714285714,0.9948387320462395,0.26866328761171865,0.9948387320462395,0.26866328761171865,-2.0999999999999996,3.05,12.0,12.0,0,0,0,0,0,36,0,4,23,1
12000959,0.0,0.3,0.5,3.6687812499999994,3.7499999999999996,0.08121875000000003,9,81.21875,8.4375,0.140625,0.28125,0.015625,0.5587301587301591,0.3642857142857145,3.072073748399983e-08,0.299961469318558,3.072073748399983e-08,0.299961469318558,-1.7000000000000002,5.450000000000001,16.0,11.0,1,11,45,0,0,6,0,0,0,1
12000960,1.0,0.05,0.75,-1.4787031250000011,-1.450000000000001,0.028703125000000013,-9,28.703125,4.640625,0.171875,0.03125,0.0,0.5687500000000005,0.5117187499999998,0.8744793187191002,0.050057664568116576,0.8744793187191002,0.050057664568116576,-0.19999999999999996,-1.2499999999999996,1.0,12.0,1,2,2,1,0,48,0,4,6,0
12000961,1.0,0.05,0.5,1.5922968749999997,1.5999999999999996,0.007703125000000005,-4,7.703125,2.484375,0.15625,0.09375,0.0,0.5625000000000006,0.4765625000000001,0.6023793563630385,0.05013590538053127,0.6023793563630385,0.05013590538053127,-1.05,2.6500000000000004,4.0,12.0,3,1,11,1,0,43,0,3,2,0
12000962,1.0,0.3,0.5,1.4692499999999988,1.549999999999999,0.08075,-13,80.75,7.6875,0.328125,0.125,0.0,0.5812500000000005,0.5656249999999994,0.9999951535378955,0.2998569905086178,0.9999951535378955,0.2998569905086178,-2.9999999999999996,4.550000000000001,17.0,12.0,0,0,3,0,0,30,0,6,25,0
12000963,1.0,0.3,0.25,1.1636093750000025,1.3000000000000025,0.1363906249999999,-14,136.390625,11.046875,0.3125,0.09375,0.0,0.5843750000000005,0.5937499999999996,0.9999999761466286,0.2999534864543556,0.9999999761466286,0.2999534864543556,-2.25,3.55,19.0,7.0,0,0,0,0,1,23,0,4,36,0
12000964,0.0,0.05,0.5,3.7457499999999997,3.7499999999999996,0.004250000000000003,2,4.25,1.65625,0.109375,0.140625,0.0,0.5812500000000005,0.4531250000000002,0.19727487606640032,0.05034038980596183,0.19727487606640032,0.05034038980596183,-0.3,4.049999999999999,3.0,13.0,0,4,19,0,0,38,0,2,1,0
12000965,1.0,0.05,0.25,3.6988906249999998,3.6999999999999997,0.0011093750000000006,1,1.109375,0.796875,0.09375,0.109375,0.015625,0.5587301587301592,0.4452380952380955,0.4578237207546339,0.05000670222138408,0.4578237207546339,0.05000670222138408,-0.7000000000000002,4.4,2.0,11.0,1,7,18,1,0,33,0,2,1,1
12000966,0.0,0.3,0.75,3.75446875,3.8,0.04553125000000001,12,45.53125,5.65625,0.125,0.3125,0.0,0.5781250000000007,0.36406250000000023,4.319745043856141e-12,0.2999997064322589,4.319745043856141e-12,0.2999997064322589,-1.2000000000000002,4.999999999999999,19.0,9.0,1,5,52,0,0,6,0,0,0,0
12000967,0.0,0.05,0.5,3.7992187499999996,3.8,0.0007812500000000004,0,0.78125,0.6875,0.125,0.125,0.0,0.5656250000000005,0.4250000000000003,0.3494194098229829,0.05004150429771164,0.3494194098229829,0.05004150429771164,-0.6000000000000001,4.3999999999999995,4.0,12.0,1,7,26,0,0,28,0,2,0,0
12000968,0.0,0.05,0.5,3.4443437499999994,3.4499999999999993,0.005656250000000003,-1,5.65625,1.90625,0.109375,0.09375,0.0,0.5656250000000005,0.46484375,0.40960454353470954,0.050005127470415724,0.40960454353470954,0.050005127470415724,-0.45,3.8999999999999995,3.0,10.0,1,5,16,0,0,35,0,4,3,0
12000969,0.0,0.3,0.25,0.28235937499999986,0.34999999999999987,0.06764062500000001,13,67.640625,7.578125,0.046875,0.25,0.0,0.5687500000000004,0.36406250000000023,4.1381035214159345e-06,0.2915520622149393,4.1381035214159345e-06,0.2915520622149393,-1.2499999999999998,1.5999999999999999,14.0,5.0,0,10,48,0,0,6,0,0,0,0
12000970,1.0,0.05,0.25,1.7479374999999995,1.7499999999999996,0.0020625000000000014,-1,2.0625,1.1875,0.078125,0.0625,0.015625,0.5809523809523814,0.46428571428571463,0.590611422096296,0.05000057256244642,0.590611422096296,0.05000057256244642,-0.55,2.3000000000000003,2.0,7.0,0,4,13,0,0,44,0,2,0,1
12000971,1.0,0.3,0.5,-0.03278124999999753,0.05000000000000249,0.08278125000000001,-13,82.78125,8.34375,0.28125,0.078125,0.0,0.5812500000000006,0.5656249999999996,0.9997591684128048,0.28377474804014335,0.9997591684128048,0.28377474804014335,-2.5999999999999996,2.65,16.0,7.0,0,0,0,0,0,36,0,6,22,0
12000972,1.0,0.3,0.75,-1.7953437500000016,-1.6000000000000014,0.19534375000000004,-23,195.34375,12.875,0.40625,0.046875,0.0,0.5812500000000005,0.5843749999999995,0.999999999983954,0.2999996587456656,0.999999999983954,0.2999996587456656,-3.05,1.4500000000000002,21.0,8.0,0,0,0,0,0,28,0,6,30,0
12000973,1.0,0.05,0.5,3.4412343749999983,3.4499999999999984,0.008765625000000004,-2,8.765625,2.609375,0.15625,0.125,0.0,0.5875000000000006,0.4812500000000002,0.6614634796234148,0.05055956575434106,0.6614634796234148,0.05055956575434106,-0.3500000000000001,3.8,1.0,17.0,0,1,11,0,0,48,0,3,1,0
12000974,0.0,0.05,0.25,0.9792968749999997,0.9999999999999998,0.020703125000000003,7,20.703125,3.984375,0.046875,0.15625,0.03125,0.5806451612903232,0.3790322580645163,0.007629082899062727,0.05212275564503384,0.007629082899062727,0.05212275564503384,-0.19999999999999996,1.2,4.0,9.0,1,4,45,0,0,12,0,0,0,2
12000975,0.0,0.05,0.75,7.038890624999999,7.049999999999999,0.011109375000000008,-6,11.109375,3.015625,0.15625,0.0625,0.015625,0.5873015873015879,0.4928571428571428,0.8546730632750011,0.05051455522223342,0.8546730632750011,0.05051455522223342,-0.4,7.449999999999999,2.0,12.0,0,2,8,0,0,46,0,2,5,1
12000976,0.0,0.05,0.5,3.049453124999999,3.049999999999999,0.0005468750000000004,0,0.546875,0.546875,0.09375,0.09375,0.0,0.5750000000000005,0.4273437500000002,0.534995436071168,0.05000239674709729,0.534995436071168,0.05000239674709729,-0.04999999999999999,3.0999999999999988,1.0,11.0,1,6,24,0,0,33,0,0,0,0
12000977,0.0,0.3,0.5,1.5522187499999995,1.5999999999999996,0.04778125000000002,10,47.78125,6.03125,0.078125,0.234375,0.0,0.5750000000000004,0.3664062500000002,3.115686569770045e-05,0.27748936675526253,3.115686569770045e-05,0.27748936675526253,-1.2000000000000002,2.7999999999999994,14.0,6.0,0,7,51,0,0,5,0,1,0,0
12000978,0.0,0.05,0.75,5.38478125,5.3999999999999995,0.015218750000000012,-5,15.21875,3.34375,0.140625,0.0625,0.0,0.5781250000000004,0.5070312499999998,0.5230603295238228,0.050007556812130274,0.5230603295238228,0.050007556812130274,-0.45,5.85,1.0,12.0,0,1,8,1,1,41,0,3,9,0
12000979,0.0,0.3,0.25,-0.4754218750000002,-0.3500000000000002,0.125421875,22,125.421875,9.921875,0.046875,0.390625,0.0,0.5687500000000004,0.3593750000000003,2.799822922603636e-15,0.2999999925329898,2.799822922603636e-15,0.2999999925329898,-2.25,1.8999999999999997,24.0,4.0,1,8,51,0,0,4,0,0,0,0
12000980,0.0,0.05,0.25,3.097843749999999,3.099999999999999,0.0021562500000000015,2,2.15625,1.1875,0.109375,0.140625,0.03125,0.5838709677419361,0.42500000000000016,0.33655006361143236,0.05015402076461046,0.33655006361143236,0.05015402076461046,-0.6000000000000001,3.699999999999999,3.0,13.0,0,4,28,0,0,29,0,1,0,2
12000981,0.0,0.05,0.25,0.7406093749999998,0.7499999999999998,0.009390625000000007,5,9.390625,2.828125,0.046875,0.125,0.0,0.5750000000000006,0.3757812500000002,0.08897538517100587,0.050014860831467535,0.08897538517100587,0.050014860831467535,-0.3,1.0499999999999998,3.0,8.0,1,6,46,0,0,11,0,0,0,0
12000982,0.0,0.05,0.5,4.797796874999998,4.799999999999998,0.0022031250000000015,-2,2.203125,1.171875,0.171875,0.140625,0.0,0.5625000000000004,0.46015625000000016,0.699207904713523,0.05078800042201904,0.699207904713523,0.05078800042201904,-0.8500000000000001,5.6499999999999995,3.0,17.0,1,7,15,0,0,35,0,3,3,0
12000983,0.0,0.05,0.5,6.147625,6.1499999999999995,0.0023750000000000017,-3,2.375,1.28125,0.1875,0.140625,0.0,0.5718750000000005,0.45078125,0.3321024350567133,0.05150129316365116,0.3321024350567133,0.05150129316365116,-0.4,6.55,2.0,19.0,1,5,20,0,0,33,0,2,3,0
12000984,1.0,0.05,0.5,3.0483124999999998,3.05,0.0016875000000000008,-1,1.6875,1.0,0.140625,0.125,0.015625,0.5873015873015879,0.45952380952380945,0.5025122859067682,0.050075628884428236,0.5025122859067682,0.050075628884428236,-1.0,4.05,3.0,14.0,0,3,19,0,0,36,0,1,4,1
12000985,1.0,0.3,0.25,1.44025,1.5,0.059750000000000025,-13,59.75,7.0625,0.3125,0.109375,0.0,0.5843750000000005,0.5374999999999998,0.9999913345041702,0.2997647720845864,0.9999913345041702,0.2997647720845864,-2.999999999999999,4.499999999999999,18.0,9.0,0,1,0,0,1,45,0,3,14,0
12000986,0.0,0.05,0.5,4.195312499999999,4.199999999999999,0.004687500000000002,0,4.6875,1.71875,0.125,0.125,0.0,0.5718750000000006,0.42031250000000003,0.09767576561325488,0.05017842317910179,0.09767576561325488,0.05017842317910179,-0.7,4.899999999999999,6.0,10.0,1,5,28,1,0,29,0,0,0,0
12000987,1.0,0.3,0.5,1.2934218749999922,1.4499999999999922,0.15657812499999998,-19,156.578125,11.265625,0.390625,0.09375,0.0,0.5968750000000007,0.5890624999999994,0.9999999999999174,0.2999999916242645,0.9999999999999174,0.2999999916242645,-2.299999999999999,3.75,22.0,9.0,0,0,0,0,0,26,0,1,37,0
12000988,0.0,0.05,0.75,5.897531249999999,5.8999999999999995,0.0024687500000000013,-2,2.46875,1.375,0.15625,0.125,0.0,0.5750000000000005,0.4695312499999998,0.03870535569112686,0.05047468471035725,0.03870535569112686,0.05047468471035725,-0.3,6.2,3.0,15.0,1,2,18,0,0,35,0,4,4,0
12000989,1.0,0.05,0.75,1.9434062499999998,1.9499999999999997,0.006593750000000004,-1,6.59375,2.21875,0.078125,0.0625,0.0,0.5843750000000005,0.48359375000000004,0.6946715880811956,0.0500007452567553,0.6946715880811956,0.0500007452567553,0.0,1.9500000000000002,0.0,9.0,0,2,10,0,0,47,0,3,2,0
12000990,0.0,0.05,0.25,0.8455000000000001,0.8500000000000001,0.004500000000000003,4,4.5,1.78125,0.046875,0.109375,0.015625,0.5873015873015879,0.3928571428571431,0.2605848854049621,0.05000246945083365,0.2605848854049621,0.05000246945083365,-0.25,1.1,2.0,8.0,0,4,41,0,0,18,0,0,0,1
12000991,0.0,0.05,0.75,3.5973906249999996,3.5999999999999996,0.002609375000000002,-3,2.609375,1.296875,0.09375,0.046875,0.0,0.5875000000000006,0.4789062500000001,0.6420507705142655,0.0500008987685581,0.6420507705142655,0.0500008987685581,-0.75,4.35,3.0,6.0,0,1,13,1,0,44,0,1,4,0
12000992,1.0,0.05,0.75,0.767078124999999,0.7999999999999989,0.032921875,-9,32.921875,5.046875,0.21875,0.078125,0.0,0.5937500000000007,0.5140624999999999,0.9076853638924788,0.0699180773993472,0.9076853638924788,0.0699180773993472,-0.8,1.6,4.0,15.0,0,1,6,0,1,43,0,0,13,0
12000993,1.0,0.05,0.5,0.020468749999998925,0.049999999999998934,0.02953125000000001,-9,29.53125,5.03125,0.203125,0.0625,0.0,0.5781250000000004,0.5351562499999998,0.9209034482187263,0.05243466945368674,0.9209034482187263,0.05243466945368674,-1.0499999999999998,1.1,6.0,11.0,0,0,1,0,0,47,1,5,10,0
12000994,0.0,0.3,0.5,3.619515625000001,3.700000000000001,0.08048437500000002,12,80.484375,8.390625,0.140625,0.328125,0.0,0.5625000000000004,0.3617187500000003,3.926472445157117e-11,0.29999956455506305,3.926472445157117e-11,0.29999956455506305,-1.7500000000000002,5.45,18.0,12.0,3,6,50,0,0,5,0,0,0,0
12000995,0.0,0.3,0.5,4.388781250000001,4.450000000000001,0.06121875000000002,12,61.21875,6.9375,0.140625,0.328125,0.0,0.5812500000000005,0.36171875000000026,2.9662324683069965e-13,0.299999967791868,2.9662324683069965e-13,0.299999967791868,-1.4000000000000006,5.85,20.0,10.0,0,6,53,0,0,5,0,0,0,0
12000996,1.0,0.3,0.75,-1.1655312500000101,-0.95000000000001,0.21553125000000006,-20,215.53125,13.3125,0.34375,0.03125,0.0,0.5937500000000007,0.6171874999999993,0.9999999999942542,0.29999854712633833,0.9999999999942542,0.29999854712633833,-1.8000000000000003,0.8499999999999999,19.0,5.0,0,0,0,0,0,14,0,2,48,0
12000997,1.0,0.05,0.5,3.3893124999999977,3.3999999999999977,0.010687500000000006,-2,10.6875,2.9375,0.15625,0.125,0.015625,0.590476190476191,0.48333333333333334,0.3930093021182315,0.050245188010610814,0.3930093021182315,0.050245188010610814,-0.3500000000000001,3.75,1.0,17.0,0,2,10,0,0,46,0,1,4,1
12000998,1.0,0.05,0.5,2.748031249999999,2.749999999999999,0.0019687500000000013,-1,1.96875,1.1875,0.109375,0.09375,0.0,0.5656250000000004,0.4320312500000001,0.8225492712259798,0.050013989536671716,0.8225492712259798,0.050013989536671716,-0.75,3.5,3.0,10.0,0,8,23,1,0,30,0,1,1,0
12000999,1.0,0.3,0.5,-1.5392031250000087,-1.3500000000000085,0.18920312500000008,-21,189.203125,12.015625,0.359375,0.03125,0.0,0.5968750000000007,0.5937499999999993,0.999999999989047,0.29999865794588493,0.999999999989047,0.29999865794588493,-2.2,0.8499999999999999,20.0,5.0,0,0,1,0,0,22,0,1,40,0
12001000,1.0,0.3,0.25,2.1790156249999995,2.1999999999999993,0.020984375000000003,-7,20.984375,3.796875,0.234375,0.125,0.0,0.5875000000000007,0.5023437499999996,0.2865437980348281,0.06227029863595962,0.2865437980348281,0.06227029863595962,-3.3000000000000007,5.500000000000001,13.0,10.0,0,0,13,0,0,37,1,2,11,0
12001001,0.0,0.05,0.75,5.39453125,5.4,0.005468750000000004,-3,5.46875,1.84375,0.15625,0.109375,0.0,0.5718750000000005,0.45546875,0.3872378843956437,0.050087975433438285,0.3872378843956437,0.050087975433438285,-0.75,6.150000000000001,4.0,13.0,0,7,18,0,0,33,1,0,5,0
12001002,0.0,0.05,0.5,2.099625,2.1,0.0003750000000000002,0,0.375,0.375,0.0625,0.0625,0.015625,0.5841269841269846,0.4642857142857143,0.3401722801204053,0.05000029329184956,0.3401722801204053,0.05000029329184956,-0.45,2.55,3.0,5.0,0,3,15,0,0,42,0,2,1,1
12001003,0.0,0.05,0.75,3.247671874999999,3.249999999999999,0.0023281250000000016,1,2.328125,1.234375,0.125,0.140625,0.0,0.5656250000000005,0.4273437500000002,0.08760040100981373,0.050297244389171124,0.08760040100981373,0.050297244389171124,-0.55,3.7999999999999994,5.0,12.0,3,2,29,0,0,27,1,1,1,0
12001004,0.0,0.3,0.5,4.2143749999999995,4.3,0.08562499999999999,14,85.625,7.5625,0.15625,0.375,0.0,0.5750000000000006,0.3687500000000003,1.184973961628908e-16,0.2999999998699805,1.184973961628908e-16,0.2999999998699805,-1.5000000000000007,5.799999999999999,22.0,12.0,3,2,51,0,0,8,0,0,0,0
12001005,0.0,0.05,0.5,4.299234375,4.3,0.0007656250000000005,-1,0.765625,0.671875,0.125,0.109375,0.015625,0.5841269841269846,0.43809523809523837,0.2521194740786955,0.05003650669884457,0.2521194740786955,0.05003650669884457,-0.5,4.799999999999999,4.0,11.0,0,3,24,0,1,34,0,1,0,1
12001006,1.0,0.3,0.5,2.1387187499999967,2.2499999999999964,0.11128124999999996,-16,111.28125,9.53125,0.390625,0.140625,0.0,0.5875000000000007,0.5820312499999994,0.999999999644418,0.2999998423101979,0.999999999644418,0.2999998423101979,-3.4499999999999993,5.699999999999999,22.0,12.0,0,0,0,0,1,28,0,3,32,0
12001007,1.0,0.05,0.75,-0.533109375,-0.5,0.03310937500000001,-8,33.109375,5.078125,0.171875,0.046875,0.015625,0.5873015873015879,0.526190476190476,0.9208740333006962,0.050266153674331814,0.9208740333006962,0.050266153674331814,-0.44999999999999996,-0.050000000000000044,3.0,11.0,0,0,3,0,0,46,0,4,10,1
12001008,1.0,0.3,0.75,0.37931250000000283,0.45000000000000284,0.0706875,-13,70.6875,7.625,0.28125,0.078125,0.0,0.5843750000000005,0.5609374999999995,0.9971673617170803,0.2609493192016133,0.9971673617170803,0.2609493192016133,-2.4499999999999993,2.9000000000000004,14.0,9.0,0,0,0,0,1,37,0,4,22,0
12001009,1.0,0.3,0.5,2.1339531249999837,2.3499999999999837,0.21604687500000008,-19,216.046875,13.265625,0.421875,0.125,0.0,0.6000000000000008,0.6078124999999993,0.9999999999999922,0.29999999941986266,0.9999999999999922,0.29999999941986266,-2.6499999999999986,5.0,23.0,12.0,0,0,0,0,0,18,0,0,46,0
12001010,1.0,0.3,0.75,-1.5222968750000003,-1.4000000000000004,0.12229687499999996,-17,122.296875,10.234375,0.296875,0.03125,0.0,0.5875000000000006,0.5890624999999995,0.9999988436210587,0.2978961583033877,0.9999988436210587,0.2978961583033877,-1.7999999999999998,0.3999999999999999,13.0,8.0,0,0,0,0,0,26,0,4,34,0
12001011,1.0,0.05,0.25,4.2979843749999995,4.3,0.0020156250000000014,0,2.015625,1.203125,0.140625,0.140625,0.0,0.5906250000000007,0.4625,0.6904261239902563,0.0501966856078894,0.6904261239902563,0.0501966856078894,-1.3,5.6000000000000005,5.0,13.0,0,1,18,0,0,42,1,0,2,0
12001012,0.0,0.3,0.75,7.484734375000002,7.500000000000002,0.01526562500000001,7,15.265625,3.640625,0.234375,0.34375,0.0,0.5625000000000006,0.37343750000000026,5.467476492625935e-16,0.2999999994478738,5.467476492625935e-16,0.2999999994478738,-1.7500000000000007,9.25,21.0,16.0,2,5,48,1,0,7,0,1,0,0
12001013,1.0,0.3,0.75,-2.7852343750000053,-2.600000000000005,0.18523437500000006,-25,185.234375,12.046875,0.40625,0.015625,0.0,0.5906250000000006,0.5914062499999995,0.9999999999997644,0.2999999224457039,0.9999999999997644,0.2999999224457039,-3.1499999999999986,0.55,24.0,3.0,0,0,0,0,1,24,0,2,37,0
12001014,1.0,0.05,0.25,2.04890625,2.05,0.0010937500000000005,1,1.09375,0.8125,0.046875,0.0625,0.0,0.5656250000000004,0.44140625000000017,0.6116207017798246,0.050000048620824855,0.6116207017798246,0.050000048620824855,0.0,2.05,0.0,7.0,2,5,20,0,0,35,0,2,0,0
12001015,1.0,0.3,0.5,-0.29539062500000424,-0.05000000000000426,0.245390625,-23,245.390625,13.984375,0.4375,0.078125,0.015625,0.5968253968253975,0.6047619047619041,0.9999999999999998,0.29999999963129986,0.9999999999999998,0.29999999963129986,-2.6999999999999993,2.65,24.0,9.0,0,0,0,0,0,19,0,1,43,1
12001016,1.0,0.05,0.75,1.3846406250000003,1.4000000000000004,0.01535937500000001,-7,15.359375,3.296875,0.1875,0.078125,0.0,0.5718750000000005,0.5117187499999998,0.7153960629755846,0.05202010418485275,0.7153960629755846,0.05202010418485275,-0.3999999999999999,1.8000000000000007,2.0,15.0,1,0,10,0,0,37,0,7,9,0
12001017,1.0,0.05,0.25,3.0954218749999987,3.0999999999999988,0.004578125000000003,-4,4.578125,1.796875,0.1875,0.125,0.015625,0.5809523809523816,0.4690476190476191,0.7747938873913843,0.06092320081466998,0.7747938873913843,0.06092320081466998,-0.7999999999999998,3.8999999999999995,4.0,16.0,1,1,16,0,0,40,0,3,2,1
12001018,1.0,0.3,0.5,1.2985781250000004,1.4000000000000004,0.10142187499999995,-14,101.421875,9.046875,0.328125,0.109375,0.0,0.5968750000000007,0.5749999999999995,0.9999993945776399,0.29991379660149253,0.9999993945776399,0.29991379660149253,-2.8999999999999986,4.299999999999999,19.0,9.0,0,0,0,0,0,32,0,1,31,0
12001019,0.0,0.3,0.5,0.8018906249999994,0.8999999999999995,0.09810937500000001,19,98.109375,8.140625,0.0625,0.359375,0.0,0.5656250000000004,0.3640625000000003,6.260555131155825e-14,0.29999995259821755,6.260555131155825e-14,0.29999995259821755,-1.7000000000000004,2.5999999999999996,22.0,5.0,0,11,47,0,0,6,0,0,0,0
12001020,1.0,0.05,0.25,4.347718749999999,4.35,0.002281250000000001,1,2.28125,1.34375,0.109375,0.125,0.0,0.5718750000000006,0.41562500000000013,0.25861152795763065,0.050042460168771896,0.25861152795763065,0.050042460168771896,-2.0500000000000003,6.4,6.0,9.0,2,4,31,0,0,26,0,1,0,0
12001021,1.0,0.05,0.75,0.45459375000000174,0.5000000000000018,0.045406250000000016,-9,45.40625,5.5,0.21875,0.078125,0.0,0.5812500000000006,0.5374999999999995,0.9399388384855697,0.0634995476643807,0.9399388384855697,0.0634995476643807,-0.10000000000000009,0.6000000000000001,2.0,17.0,0,1,6,0,0,34,1,3,19,0
12001022,0.0,0.05,0.5,3.3977968749999996,3.3999999999999995,0.002203125000000001,-2,2.203125,0.921875,0.09375,0.0625,0.015625,0.5841269841269846,0.4785714285714284,0.7089123673273854,0.05000257079916627,0.7089123673273854,0.05000257079916627,-0.55,3.9499999999999997,2.0,8.0,0,1,15,1,0,39,0,2,5,1
12001023,1.0,0.3,0.25,0.1802656249999972,0.29999999999999716,0.11973437499999993,-15,119.734375,9.453125,0.296875,0.0625,0.0,0.5937500000000007,0.5796874999999995,0.9999999412780443,0.29977507299688444,0.9999999412780443,0.29977507299688444,-2.299999999999999,2.5999999999999996,19.0,4.0,0,0,1,0,0,28,0,2,33,0
