episode,value,alpha,p,objective,profit,penalty,terminal_inventory,mean_q2,mean_abs_inventory,buy_rate,sell_rate,abstain_rate,mean_spread,mean_center,inferred_value,inferred_alpha,correct_value,correct_alpha,informed_profit,uninformed_profit,informed_exec,uninformed_exec,action_0,action_1,action_2,action_3,action_4,action_5,action_6,action_7,action_8,action_9
2000000,0.0,0.05,0.75,5.546890624999998,5.549999999999998,0.003109375000000002,0,3.109375,1.546875,0.15625,0.15625,0.0,0.5937500000000007,0.5328125000000001,0.555669367820859,0.051415260506079564,0.04829230513066149,0.05000000000000001,-1.3,6.849999999999999,5.0,15.0,0,0,2,0,1,45,0,1,15,0
2000001,1.0,0.05,0.75,1.009234374999999,1.049999999999999,0.04076562500000001,-9,40.765625,5.828125,0.1875,0.046875,0.015625,0.5968253968253975,0.635714285714285,0.9997758266645069,0.1366817819621285,0.9996502617620706,0.05,-0.30000000000000027,1.3499999999999996,6.0,9.0,0,0,0,0,1,5,0,0,57,1
2000002,0.0,0.05,0.75,4.049203125,4.05,0.0007968750000000003,-1,0.796875,0.640625,0.109375,0.09375,0.0,0.5750000000000005,0.50234375,0.4848624515333454,0.05000795514312829,0.11596522063478815,0.05000000000000001,-0.6000000000000001,4.6499999999999995,2.0,11.0,0,0,1,3,0,58,0,2,0,0
2000003,0.0,0.05,0.75,3.4489218749999995,3.4499999999999993,0.0010781250000000005,0,1.078125,0.796875,0.09375,0.09375,0.0,0.5906250000000006,0.50234375,0.4042060991602384,0.050004415155384264,0.06734378435016466,0.05,-0.6000000000000001,4.05,3.0,9.0,0,0,1,0,1,60,0,2,0,0
2000004,1.0,0.05,0.75,0.7784062500000007,0.8000000000000007,0.02159375000000001,-7,21.59375,4.375,0.15625,0.046875,0.0,0.5937500000000007,0.6429687499999993,0.9957769102631325,0.05130645923077158,0.9957085152957668,0.049999999999999996,-0.20000000000000018,0.9999999999999996,4.0,9.0,0,0,0,0,2,1,0,0,61,0
2000005,1.0,0.05,0.75,1.1822187499999992,1.1999999999999993,0.01778125000000001,-7,17.78125,3.71875,0.1875,0.078125,0.0,0.5968750000000007,0.52578125,0.7447561005664877,0.051235010071205254,0.6675797170606688,0.05000000000000001,-0.3999999999999999,1.6000000000000003,2.0,15.0,0,0,0,0,1,52,0,0,11,0
2000006,0.0,0.05,0.75,6.0481718749999995,6.05,0.001828125000000001,-4,1.828125,1.015625,0.140625,0.078125,0.0,0.6000000000000008,0.49765625,0.5425389710822048,0.05006075511577976,0.2675985423063683,0.049999999999999996,-0.8,6.85,4.0,10.0,0,0,1,0,0,63,0,0,0,0
2000007,1.0,0.05,0.75,1.044187499999999,1.049999999999999,0.005812500000000004,-4,5.8125,2.09375,0.109375,0.046875,0.0,0.5968750000000007,0.50234375,0.672234485883241,0.05000523571991817,0.5077359590962911,0.049999999999999996,0.0,1.0500000000000005,0.0,10.0,0,0,0,0,0,63,0,1,0,0
2000008,0.0,0.05,0.75,5.244421874999998,5.249999999999998,0.005578125000000004,-1,5.578125,2.078125,0.140625,0.125,0.0,0.5906250000000006,0.51171875,0.5372851914268723,0.05019565751606175,0.07573569426673839,0.05,-1.0,6.249999999999999,4.0,13.0,0,0,0,1,1,57,0,0,5,0
2000009,1.0,0.05,0.75,-0.18262500000000034,-0.15000000000000036,0.032624999999999994,-9,32.625,4.65625,0.1875,0.046875,0.0,0.5875000000000006,0.5468749999999997,0.8511226562876019,0.05030229419710707,0.8455166421265097,0.05,-1.1999999999999997,1.0500000000000003,6.0,9.0,0,0,0,1,1,42,0,1,19,0
2000010,0.0,0.05,0.75,5.5488906249999985,5.549999999999999,0.0011093750000000003,-1,1.109375,0.671875,0.140625,0.125,0.0,0.5906250000000006,0.5140625,0.5563524201825294,0.05027615407699691,0.06711064908188277,0.05000000000000001,-1.15,6.699999999999999,5.0,12.0,0,0,0,0,1,57,0,2,4,0
2000011,0.0,0.05,0.75,1.7448281249999997,1.7499999999999998,0.005171875000000003,5,5.171875,1.921875,0.078125,0.15625,0.0,0.5812500000000005,0.47187500000000016,0.3479813101989167,0.05013821530583773,0.0016559951355115217,0.05,-0.8500000000000001,2.5999999999999996,5.0,10.0,0,0,14,1,2,45,0,2,0,0
2000012,0.0,0.05,0.75,4.648546874999997,4.649999999999998,0.0014531250000000006,0,1.453125,0.828125,0.125,0.125,0.0,0.5968750000000007,0.5375,0.771221460517534,0.050138097508315264,0.1899926080358855,0.049999999999999996,-0.6000000000000001,5.249999999999998,3.0,13.0,0,0,0,0,0,48,0,1,15,0
2000013,1.0,0.05,0.75,0.43934374999999926,0.4499999999999993,0.010656250000000008,-6,10.65625,2.84375,0.140625,0.046875,0.0,0.5968750000000007,0.5140625,0.748706343661597,0.050027951115025136,0.6894606529796733,0.05,-0.3999999999999999,0.8500000000000003,2.0,10.0,0,0,0,0,1,57,0,0,6,0
2000014,0.0,0.05,0.75,6.63353125,6.6499999999999995,0.01646875000000001,-4,16.46875,3.34375,0.15625,0.09375,0.0,0.5875000000000007,0.5117187499999999,0.7881441113543031,0.050866239405123435,0.4416028007210445,0.05,-0.6000000000000001,7.25,3.0,13.0,1,0,0,1,0,56,0,0,6,0
2000015,0.0,0.05,0.75,4.245140624999999,4.249999999999998,0.0048593750000000034,-1,4.859375,1.953125,0.125,0.109375,0.0,0.5906250000000006,0.50703125,0.5408101558202898,0.05002942672899453,0.10672173973316858,0.05,-0.9000000000000001,5.149999999999999,4.0,11.0,1,0,0,0,1,58,0,0,4,0
2000016,1.0,0.05,0.75,2.5308437500000007,2.5500000000000007,0.01915625,-5,19.15625,4.15625,0.1875,0.109375,0.0,0.5812500000000007,0.5914062499999997,0.8397522845889158,0.05241577859787393,0.7964002468718379,0.049999999999999996,-1.0,3.55,4.0,15.0,1,0,0,1,1,21,0,1,39,0
2000017,1.0,0.05,0.75,0.8744062499999986,0.8999999999999986,0.02559375000000001,-8,25.59375,4.28125,0.1875,0.0625,0.0,0.5906250000000006,0.5726562499999995,0.9332904334217261,0.05144072810126775,0.9289157676176236,0.05,-0.30000000000000004,1.2000000000000002,3.0,13.0,0,0,0,1,1,31,0,0,31,0
2000018,0.0,0.05,0.75,9.041703125000002,9.05,0.008296875000000006,-5,8.296875,2.703125,0.21875,0.140625,0.0,0.5906250000000006,0.5867187499999997,0.8593467246283348,0.11989826564639644,0.658031197842235,0.05,-0.9000000000000001,9.950000000000003,3.0,20.0,0,0,0,0,1,26,1,0,36,0
2000019,0.0,0.05,0.75,5.398062499999998,5.399999999999999,0.0019375000000000009,0,1.9375,1.125,0.140625,0.140625,0.0,0.5906250000000007,0.50234375,0.47310406711463293,0.050461554707206105,0.022636021591953062,0.05,-1.2,6.599999999999999,6.0,12.0,0,0,0,1,0,62,0,1,0,0
2000020,1.0,0.05,0.75,0.27889062499999984,0.2999999999999998,0.021109375000000003,-6,21.109375,3.609375,0.140625,0.046875,0.0,0.5937500000000007,0.5328124999999998,0.7699427161550574,0.0500174887238037,0.739963459468049,0.05,-0.9999999999999998,1.3,5.0,7.0,0,0,0,0,1,49,0,1,13,0
2000021,1.0,0.05,0.75,-0.4704687500000002,-0.4500000000000002,0.020468750000000008,-7,20.46875,3.96875,0.140625,0.03125,0.0,0.5750000000000005,0.5281249999999998,0.8193930115760858,0.05001136486257789,0.8063026227845479,0.05000000000000001,0.0,-0.44999999999999973,0.0,11.0,1,0,0,0,3,47,1,1,11,0
2000022,1.0,0.05,0.75,2.5852031249999996,2.5999999999999996,0.014796875000000011,-3,14.796875,3.515625,0.140625,0.09375,0.0,0.5937500000000006,0.5773437499999998,0.7610627886341237,0.050079579452762334,0.6736156159536715,0.05,-0.6499999999999999,3.25,4.0,11.0,0,0,0,0,2,29,0,0,33,0
2000023,0.0,0.05,0.75,6.6966874999999995,6.699999999999999,0.0033125000000000016,-3,3.3125,1.5,0.171875,0.125,0.0,0.5906250000000006,0.52109375,0.8019796499130656,0.05447742487888194,0.30413046279324185,0.049999999999999996,0.0,6.699999999999999,0.0,19.0,0,0,1,1,1,51,0,0,10,0
2000024,0.0,0.05,0.75,9.078453125,9.1,0.021546875000000014,-9,21.546875,4.046875,0.203125,0.0625,0.0,0.5843750000000006,0.5234374999999999,0.807602172230642,0.051292237361643726,0.7844976476488483,0.05000000000000001,-0.55,9.649999999999999,2.0,15.0,2,0,0,0,0,50,0,1,11,0
2000025,0.0,0.05,0.75,6.596828124999999,6.599999999999999,0.003171875000000002,-3,3.171875,1.640625,0.15625,0.109375,0.0,0.5968750000000006,0.5140625,0.4124910445796934,0.05028765192434897,0.11646736457120116,0.05,-0.8,7.399999999999999,4.0,13.0,0,0,0,0,1,57,0,0,6,0
2000026,0.0,0.05,0.75,6.19578125,6.199999999999999,0.004218750000000002,-4,4.21875,1.59375,0.140625,0.078125,0.0,0.5968750000000007,0.5,0.5820510843804466,0.050088275639965985,0.29135216982576745,0.049999999999999996,-0.8,6.999999999999999,4.0,10.0,0,0,0,0,1,63,0,0,0,0
2000027,0.0,0.05,0.75,6.961484375,7.0,0.038515625000000026,-8,38.515625,5.421875,0.140625,0.015625,0.0,0.5875000000000007,0.5632812499999995,0.9440710004667624,0.050018978259743815,0.9433219087491719,0.05,-0.35000000000000003,7.35,1.0,9.0,0,0,0,1,0,36,1,0,26,0
2000028,0.0,0.05,0.75,7.8282187500000004,7.8500000000000005,0.02178125000000001,-7,21.78125,4.3125,0.171875,0.0625,0.0,0.5906250000000007,0.5703124999999996,0.9184921036728372,0.05042780937610981,0.9112258213503963,0.05000000000000001,-0.2,8.05,1.0,14.0,1,0,1,0,1,29,0,0,32,0
2000029,0.0,0.05,0.75,5.897953125,5.8999999999999995,0.0020468750000000014,-3,2.046875,1.015625,0.140625,0.09375,0.0,0.5937500000000006,0.52578125,0.6540839106814147,0.05012964219268036,0.35522946660382426,0.05000000000000001,-0.4,6.3,2.0,13.0,0,0,0,0,1,52,0,1,10,0
2000030,1.0,0.05,0.75,-0.6689687500000003,-0.6500000000000004,0.018968750000000006,-7,18.96875,3.40625,0.125,0.015625,0.0,0.5843750000000006,0.5281249999999997,0.9111514805066006,0.05000801167861168,0.9057733508754096,0.05,-0.6499999999999999,2.220446049250313e-16,4.0,5.0,0,0,0,1,2,49,0,1,11,0
2000031,0.0,0.05,0.75,4.996484374999998,4.999999999999998,0.0035156250000000014,-1,3.515625,1.453125,0.125,0.109375,0.0,0.6000000000000008,0.50703125,0.44486184508934634,0.0500464068006487,0.06736895075198188,0.05000000000000001,-1.0,5.999999999999999,5.0,10.0,0,0,0,0,0,61,0,0,3,0
2000032,1.0,0.05,0.75,0.12167187500000035,0.15000000000000036,0.028328125000000013,-8,28.328125,4.671875,0.171875,0.046875,0.0,0.5906250000000007,0.6007812499999994,0.9855272786142383,0.05081896286784763,0.9851787724931186,0.05000000000000001,-0.050000000000000044,0.19999999999999996,1.0,13.0,0,0,0,0,1,20,0,2,41,0
2000033,0.0,0.05,0.75,4.999484374999998,4.999999999999998,0.0005156250000000002,1,0.515625,0.484375,0.140625,0.15625,0.0,0.5937500000000008,0.50234375,0.5288340351468883,0.05087828557150594,0.01494716738912749,0.05,-2.2,7.199999999999999,10.0,9.0,0,0,0,1,0,62,0,0,1,0
2000034,1.0,0.05,0.75,0.7821562499999989,0.7999999999999989,0.017843750000000012,-6,17.84375,3.8125,0.15625,0.0625,0.0,0.5968750000000006,0.5492187499999998,0.8493727976038195,0.05011155687773366,0.8233075129845304,0.05000000000000001,-0.6499999999999999,1.4500000000000002,4.0,10.0,0,0,0,0,0,43,0,1,20,0
2000035,1.0,0.05,0.75,4.047453124999999,4.049999999999999,0.0025468750000000014,0,2.546875,1.203125,0.109375,0.109375,0.0,0.5906250000000006,0.5398437500000001,0.760139754887393,0.05002925071015876,0.26275665285707545,0.05,-0.050000000000000044,4.099999999999999,1.0,13.0,0,0,0,1,0,46,0,1,16,0
2000036,1.0,0.05,0.75,1.8292031250000023,1.8500000000000023,0.02079687499999999,-5,20.796875,4.296875,0.140625,0.0625,0.0,0.5968750000000007,0.6312499999999993,0.9926878137817542,0.050737099079640434,0.9922804044782797,0.049999999999999996,-0.30000000000000027,2.1499999999999995,6.0,7.0,0,0,0,0,0,8,0,1,55,0
2000037,0.0,0.05,0.75,8.983624999999998,8.999999999999998,0.016375000000000008,-7,16.375,3.65625,0.203125,0.09375,0.0,0.5750000000000006,0.51640625,0.6305008561700951,0.056834301893697654,0.44766777195996504,0.05,-0.95,9.95,4.0,15.0,1,0,0,1,2,52,1,0,7,0
2000038,1.0,0.05,0.75,2.4338281249999976,2.4499999999999975,0.01617187500000001,-5,16.171875,3.671875,0.1875,0.109375,0.0,0.5875000000000006,0.5234375,0.5377350073573355,0.051512645803042566,0.3013751021423983,0.05,-0.5999999999999999,3.05,3.0,16.0,0,0,1,1,2,49,0,0,11,0
2000039,1.0,0.05,0.75,0.30398437499999964,0.34999999999999964,0.04601562500000001,-8,46.015625,5.921875,0.171875,0.046875,0.0,0.6000000000000006,0.5984374999999993,0.9675626369683594,0.05053350084505332,0.9669400355035204,0.05,-0.5,0.8500000000000001,4.0,10.0,0,0,0,0,0,22,0,0,42,0
2000040,1.0,0.05,0.75,2.796578124999998,2.799999999999998,0.003421875000000002,-4,3.421875,1.578125,0.15625,0.09375,0.0,0.5937500000000007,0.5046875,0.5319263389299684,0.050333129329447474,0.21295669090179623,0.05,-0.19999999999999996,2.999999999999999,1.0,15.0,1,0,0,0,0,60,0,0,3,0
2000041,0.0,0.05,0.75,6.595640624999998,6.599999999999998,0.004359375000000003,-3,4.359375,1.703125,0.15625,0.109375,0.015625,0.6000000000000008,0.5,0.531280601454106,0.05074936238964531,0.11646736457120162,0.05,-0.8,7.399999999999999,4.0,13.0,0,0,0,0,0,63,0,0,0,1
2000042,1.0,0.05,0.75,0.2703593750000007,0.3000000000000007,0.029640625000000007,-9,29.640625,4.203125,0.203125,0.0625,0.0,0.5906250000000006,0.5281249999999998,0.842737893878023,0.05196116296355147,0.8219584056628484,0.05,-0.3999999999999999,0.7000000000000004,2.0,15.0,0,0,0,0,2,50,0,1,11,0
2000043,0.0,0.05,0.75,9.143875,9.15,0.006125000000000002,-6,6.125,1.875,0.234375,0.140625,0.0,0.5937500000000007,0.4296875,0.09130042190327191,0.05966811666410266,0.002636623533646729,0.049999999999999996,-0.7000000000000002,9.850000000000001,5.0,19.0,0,0,32,0,0,30,0,2,0,0
2000044,1.0,0.05,0.75,3.1474843749999994,3.1499999999999995,0.0025156250000000014,0,2.515625,1.203125,0.09375,0.09375,0.0,0.5968750000000007,0.4789062500000002,0.46581137323796556,0.0500031679773025,0.053949067615543175,0.05,-0.75,3.9,3.0,9.0,0,0,9,0,1,54,0,0,0,0
2000045,0.0,0.05,0.75,4.947843749999999,4.949999999999998,0.002156250000000001,-1,2.15625,1.21875,0.140625,0.125,0.0,0.5937500000000008,0.5234375,0.3593646635980936,0.05010175302497053,0.06119715922785258,0.05,-0.55,5.499999999999998,2.0,15.0,1,0,0,0,0,52,0,0,11,0
2000046,1.0,0.05,0.75,-0.7191250000000002,-0.7000000000000002,0.01912500000000001,-7,19.125,3.71875,0.140625,0.03125,0.0,0.5781250000000007,0.5351562499999997,0.8447171437243634,0.05000938515898324,0.835591889588579,0.049999999999999996,-1.4,0.7,6.0,5.0,0,0,0,3,0,46,0,1,14,0
2000047,0.0,0.05,0.75,6.794874999999999,6.799999999999999,0.005125000000000004,-4,5.125,1.71875,0.15625,0.09375,0.0,0.5937500000000007,0.50234375,0.5394102132012113,0.05035420571146267,0.21295669090179734,0.05,-0.6000000000000001,7.399999999999999,3.0,13.0,0,0,0,0,1,62,0,1,0,0
2000048,1.0,0.05,0.75,0.2752656249999998,0.2999999999999998,0.024734375000000013,-6,24.734375,4.515625,0.140625,0.046875,0.015625,0.6000000000000008,0.5380952380952378,0.7657865230884718,0.050021307340151554,0.7399634594680494,0.05,-0.7999999999999998,1.1,4.0,8.0,0,0,0,0,0,47,0,0,16,1
2000049,1.0,0.05,0.75,-0.6699374999999995,-0.6499999999999995,0.019937500000000007,-7,19.9375,3.5,0.125,0.015625,0.0,0.5968750000000007,0.5421874999999996,0.9585207733139961,0.050014048233319584,0.9563717241986825,0.05,-0.30000000000000004,-0.34999999999999987,3.0,6.0,0,0,0,0,0,46,0,1,17,0
2000050,0.0,0.05,0.75,4.09840625,4.1,0.0015937500000000012,-1,1.59375,1.0625,0.109375,0.09375,0.0,0.5906250000000006,0.49765625,0.39438770292196906,0.05000714599701784,0.0797692126599416,0.05,-0.4,4.499999999999999,2.0,11.0,0,0,4,0,0,57,0,3,0,0
2000051,0.0,0.05,0.75,2.534062499999999,2.5499999999999994,0.015937499999999997,1,15.9375,3.4375,0.109375,0.125,0.0,0.5812500000000006,0.4507812500000003,0.4662275726421443,0.05001152465738897,0.02020772872417767,0.05,-1.0,3.5499999999999994,4.0,11.0,0,0,21,3,0,40,0,0,0,0
2000052,0.0,0.05,0.75,8.887312499999998,8.899999999999999,0.01268750000000001,-7,12.6875,3.03125,0.203125,0.09375,0.0,0.5968750000000006,0.52109375,0.6759375366165874,0.05659619580274028,0.5228409065834778,0.05000000000000001,-0.4,9.299999999999999,2.0,17.0,0,0,1,0,1,52,0,0,10,0
2000053,0.0,0.05,0.75,4.4990468749999994,4.499999999999999,0.0009531250000000004,0,0.953125,0.734375,0.125,0.125,0.0,0.5906250000000006,0.48359374999999993,0.2368269446169099,0.05011984855050422,0.009636145434029983,0.05,-1.05,5.549999999999999,6.0,10.0,0,0,10,0,2,49,0,1,2,0
2000054,1.0,0.05,0.75,-0.531671875,-0.5,0.031671874999999995,-7,31.671875,4.515625,0.140625,0.03125,0.0,0.5937500000000007,0.5421874999999996,0.8610286631617581,0.0500124977125357,0.8538224527155677,0.05000000000000001,-0.5999999999999999,0.10000000000000009,3.0,8.0,1,0,0,0,0,44,0,0,19,0
2000055,0.0,0.05,0.75,5.395312499999998,5.399999999999999,0.004687500000000003,-3,4.6875,1.90625,0.125,0.078125,0.0,0.5937500000000007,0.5046875,0.5197856865771957,0.05002126181554508,0.2333340424873628,0.05000000000000002,-0.6000000000000001,5.999999999999999,3.0,10.0,0,0,0,0,0,62,0,2,0,0
2000056,1.0,0.05,0.75,4.397328124999999,4.399999999999999,0.0026718750000000015,-3,2.671875,1.421875,0.1875,0.140625,0.0,0.5812500000000005,0.4976562499999999,0.6532495846084461,0.06270120729308211,0.07107944895443624,0.049999999999999996,-0.5499999999999998,4.9499999999999975,3.0,18.0,0,0,5,0,2,53,0,4,0,0
2000057,1.0,0.05,0.75,-0.11450000000000055,-0.10000000000000053,0.01450000000000001,-8,14.5,3.03125,0.171875,0.046875,0.0,0.5843750000000005,0.49765624999999997,0.7789280434706047,0.0502203591572123,0.7264797889573265,0.05000000000000001,-0.8999999999999999,0.8000000000000005,4.0,10.0,0,0,2,1,2,58,0,1,0,0
2000058,0.0,0.05,0.75,3.0975781249999987,3.0999999999999988,0.0024218750000000013,4,2.421875,1.296875,0.109375,0.171875,0.0,0.5937500000000007,0.4835937500000001,0.43370807251370747,0.05125499813379358,0.0023732942254342535,0.049999999999999996,-1.2,4.3,6.0,12.0,0,1,6,0,1,56,0,0,0,0
2000059,1.0,0.05,0.75,1.2838281249999999,1.2999999999999998,0.016171875000000013,-6,16.171875,3.796875,0.171875,0.078125,0.0,0.5937500000000007,0.5749999999999998,0.8093325759896366,0.050238165239295175,0.7907848140898913,0.05000000000000001,-0.6499999999999999,1.95,4.0,12.0,0,0,0,1,0,31,0,0,32,0
2000060,0.0,0.05,0.75,4.248828125,4.25,0.0011718750000000006,0,1.171875,0.765625,0.125,0.125,0.0,0.5906250000000006,0.48124999999999996,0.29876137304953293,0.050082844257539026,0.01189875559884267,0.05000000000000001,-0.4,4.65,2.0,14.0,0,0,10,1,0,51,0,1,1,0
2000061,1.0,0.05,0.75,-0.43473437500000034,-0.40000000000000036,0.03473437500000001,-10,34.734375,5.078125,0.1875,0.03125,0.015625,0.587301587301588,0.5904761904761898,0.9944756446620615,0.054833791878836975,0.9942953284323902,0.049999999999999996,-0.5,0.09999999999999998,4.0,10.0,0,0,0,1,0,24,0,2,36,1
2000062,1.0,0.05,0.75,3.4415624999999994,3.4499999999999993,0.008437500000000006,-6,8.4375,2.46875,0.21875,0.125,0.0,0.6000000000000008,0.509375,0.6564440912471502,0.10456642900215204,0.21513541207587145,0.05,-0.3999999999999999,3.8499999999999988,2.0,20.0,0,0,0,0,0,60,0,0,4,0
2000063,1.0,0.05,0.75,-0.279421875,-0.25,0.02942187500000001,-9,29.421875,4.546875,0.1875,0.046875,0.0,0.5843750000000005,0.5421874999999997,0.8981998787526427,0.05042525734741284,0.8928511967040763,0.05,-0.5999999999999999,0.3500000000000003,3.0,12.0,0,1,0,0,4,40,0,0,19,0
2000064,0.0,0.05,0.75,6.697562499999998,6.699999999999998,0.0024375000000000017,-2,2.4375,1.28125,0.171875,0.140625,0.0,0.5968750000000007,0.4671875,0.15743148670467108,0.05146562714830235,0.004074255743520733,0.05000000000000001,-0.8500000000000001,7.549999999999998,5.0,15.0,0,0,15,0,0,48,0,1,0,0
2000065,1.0,0.05,0.75,3.2406406249999993,3.249999999999999,0.009359375000000005,-4,9.359375,2.484375,0.171875,0.109375,0.0,0.6000000000000008,0.5140624999999999,0.509717723621036,0.05114857912950454,0.1858229749288029,0.05,-0.9999999999999998,4.25,5.0,13.0,0,0,0,0,0,58,0,0,6,0
2000066,1.0,0.05,0.75,0.481296875,0.5,0.018703125000000008,-6,18.703125,4.109375,0.140625,0.046875,0.0,0.5937500000000006,0.5773437499999996,0.7891521674944588,0.05001440279938184,0.7829965336658585,0.05,0.0,0.5000000000000002,0.0,12.0,0,0,0,0,2,29,0,0,33,0
2000067,0.0,0.05,0.75,5.449031249999997,5.4499999999999975,0.0009687500000000004,1,0.96875,0.6875,0.15625,0.171875,0.0,0.5937500000000007,0.4906250000000001,0.3588698555162712,0.0552825797445943,0.003498112716142825,0.05,-1.05,6.499999999999997,6.0,15.0,0,0,6,0,0,56,0,2,0,0
2000068,0.0,0.05,0.75,5.998578124999999,5.999999999999999,0.0014218750000000008,-3,1.421875,0.828125,0.140625,0.09375,0.0,0.5937500000000007,0.5046875,0.5054371200756649,0.05009821453521114,0.16687361614635396,0.05,-0.6000000000000001,6.599999999999999,3.0,12.0,0,1,0,0,0,60,0,1,2,0
2000069,1.0,0.05,0.75,1.0806250000000006,1.1000000000000005,0.019374999999999996,-5,19.375,4.125,0.140625,0.0625,0.0,0.5937500000000007,0.6101562499999993,0.8819300857636557,0.050034418135842834,0.8781863336629876,0.05,-0.8999999999999999,1.9999999999999998,6.0,7.0,0,0,0,0,0,17,0,2,45,0
2000070,0.0,0.05,0.75,8.14184375,8.15,0.008156250000000006,-4,8.15625,2.40625,0.234375,0.171875,0.0,0.6000000000000008,0.39687500000000014,0.023561499315346107,0.08978672021662146,0.00013698605300033184,0.05,-1.0000000000000002,9.150000000000004,8.0,18.0,0,0,44,0,0,20,0,0,0,0
2000071,1.0,0.05,0.75,1.0428749999999989,1.049999999999999,0.007125000000000005,-6,7.125,2.25,0.15625,0.0625,0.0,0.5906250000000007,0.48828125,0.6922028135573177,0.05020429858778003,0.5032589285598312,0.05,-0.19999999999999996,1.2500000000000002,1.0,13.0,0,0,6,1,0,56,0,1,0,0
2000072,0.0,0.05,0.75,6.945937499999999,6.949999999999999,0.004062500000000002,-3,4.0625,1.5625,0.171875,0.125,0.0,0.5937500000000007,0.4812500000000001,0.3227578849321509,0.051110156356705544,0.025400604495457054,0.05000000000000001,-0.65,7.6,4.0,15.0,0,0,9,0,1,53,0,1,0,0
2000073,0.0,0.05,0.75,4.098281249999999,4.1,0.0017187500000000009,0,1.71875,1.0,0.109375,0.109375,0.0,0.5906250000000006,0.49296875,0.24749988705316148,0.05002896131190023,0.016811918854811442,0.05,-0.6500000000000001,4.75,4.0,10.0,0,0,5,0,1,56,0,2,0,0
2000074,1.0,0.05,0.75,-0.33079687499999894,-0.29999999999999893,0.030796875000000022,-8,30.796875,5.015625,0.15625,0.03125,0.0,0.5937500000000007,0.5867187499999995,0.9670824171343974,0.05012342227623181,0.9665888385713218,0.049999999999999996,-0.6499999999999999,0.34999999999999987,4.0,8.0,0,0,0,0,2,25,0,0,37,0
2000075,0.0,0.05,0.75,7.245890624999999,7.249999999999998,0.004109375000000003,-4,4.109375,1.484375,0.171875,0.109375,0.0,0.5968750000000007,0.5046875,0.583827329950887,0.05181091117275338,0.18582297492880315,0.05,-1.0,8.249999999999998,5.0,13.0,0,0,0,0,1,61,0,0,2,0
2000076,1.0,0.05,0.75,0.23029687499999998,0.25,0.019703125000000012,-8,19.703125,3.796875,0.171875,0.046875,0.015625,0.5873015873015879,0.5547619047619046,0.9669946345127967,0.0508915302957291,0.9639194532379741,0.05,-0.30000000000000004,0.55,3.0,11.0,0,0,0,0,3,37,0,1,22,1
2000077,0.0,0.05,0.75,3.79896875,3.8,0.0010312500000000005,1,1.03125,0.71875,0.109375,0.125,0.0,0.5937500000000008,0.50234375,0.5248139582458844,0.050041605185391615,0.03384815752361781,0.049999999999999996,-0.4,4.2,2.0,13.0,0,0,0,1,0,62,0,0,1,0
2000078,1.0,0.05,0.75,3.748749999999998,3.7499999999999982,0.0012500000000000007,-3,1.25,0.78125,0.171875,0.125,0.0,0.5906250000000006,0.51640625,0.6091747580851505,0.05212673852818795,0.15444609926129496,0.05,-0.3999999999999999,4.149999999999999,2.0,17.0,0,0,0,1,0,56,0,1,6,0
2000079,1.0,0.05,0.75,0.4376093749999993,0.4499999999999993,0.01239062500000001,-6,12.390625,3.234375,0.140625,0.046875,0.0,0.6000000000000006,0.51171875,0.7531849017289408,0.05003051233508442,0.6894606529796737,0.05,-0.9999999999999998,1.4500000000000002,5.0,7.0,0,0,0,0,0,59,0,0,5,0
2000080,1.0,0.05,0.75,1.4365156249999993,1.4499999999999993,0.013484375000000007,-8,13.484375,3.109375,0.203125,0.078125,0.0,0.5968750000000007,0.50234375,0.6665044674100485,0.056042086482685896,0.5390164364682373,0.05,-0.5999999999999999,2.05,3.0,15.0,0,1,0,0,0,61,0,0,2,0
2000081,0.0,0.05,0.75,4.399265624999999,4.3999999999999995,0.0007343750000000005,-1,0.734375,0.734375,0.109375,0.09375,0.0,0.6000000000000008,0.49531250000000004,0.5577523454898973,0.050013221432291546,0.09890446288834845,0.049999999999999996,-0.2,4.6,1.0,12.0,0,0,2,0,0,62,0,0,0,0
2000082,0.0,0.05,0.75,9.386296875,9.399999999999999,0.013703125000000007,-8,13.703125,2.890625,0.21875,0.09375,0.0,0.5875000000000006,0.5,0.5432460679649268,0.05782264634197988,0.37908766388948595,0.05,-0.2,9.6,1.0,19.0,1,0,1,0,1,59,0,1,1,0
2000083,0.0,0.05,0.75,6.845812499999998,6.849999999999998,0.004187500000000002,-3,4.1875,1.71875,0.171875,0.125,0.015625,0.5873015873015879,0.5261904761904762,0.44897381253420565,0.05138644907348781,0.1300812913466696,0.05,-1.15,7.999999999999999,5.0,14.0,0,0,0,1,1,50,0,1,10,1
2000084,1.0,0.05,0.75,0.6389843749999995,0.6499999999999995,0.011015625000000006,-5,11.015625,2.609375,0.125,0.046875,0.0,0.5937500000000008,0.5093749999999999,0.7190767379334857,0.050011465599957554,0.6217175757816729,0.05,-0.3999999999999999,1.0500000000000003,2.0,9.0,1,0,0,0,0,58,0,0,5,0
2000085,1.0,0.05,0.75,1.0900312499999996,1.0999999999999996,0.009968750000000007,-7,9.96875,2.5,0.1875,0.078125,0.0,0.5906250000000007,0.5515625,0.9079497001920728,0.05199476394461617,0.8828182539381569,0.05,-0.44999999999999996,1.5499999999999994,3.0,14.0,0,0,0,1,1,40,0,0,22,0
2000086,1.0,0.05,0.75,2.1214374999999985,2.1499999999999986,0.028562500000000015,-8,28.5625,4.34375,0.21875,0.09375,0.0,0.6000000000000008,0.5726562499999994,0.9496291120437047,0.08993862567210945,0.9294891447814124,0.05,-0.25,2.4000000000000004,2.0,18.0,0,0,1,0,0,31,0,0,32,0
2000087,1.0,0.05,0.75,0.6334374999999985,0.6499999999999986,0.016562500000000008,-7,16.5625,3.5,0.171875,0.0625,0.0,0.5875000000000008,0.5046875,0.8109620920944164,0.05061081748094696,0.7263635948147408,0.05,-0.7999999999999998,1.4500000000000004,4.0,11.0,1,0,0,1,0,59,0,0,3,0
2000088,0.0,0.05,0.75,3.4984843749999994,3.4999999999999996,0.001515625000000001,2,1.515625,1.015625,0.109375,0.140625,0.0,0.5875000000000007,0.48359375000000004,0.21587611472904578,0.050329378243199274,0.003496716501181703,0.05,-0.6500000000000001,4.149999999999999,4.0,12.0,0,0,10,1,0,50,0,2,1,0
2000089,0.0,0.05,0.75,2.598921875,2.5999999999999996,0.0010781250000000005,2,1.078125,0.734375,0.078125,0.109375,0.0,0.5906250000000006,0.49296875000000007,0.5184165753052833,0.05000618112326021,0.02846815651312232,0.049999999999999996,-1.0,3.5999999999999996,5.0,7.0,1,0,3,0,0,59,0,1,0,0
2000090,1.0,0.05,0.75,-0.059296875000000714,-0.05000000000000071,0.009296875000000001,-7,9.296875,1.984375,0.140625,0.03125,0.0,0.5937500000000007,0.5117187499999999,0.8848012532043505,0.0500416143643582,0.8635056897605258,0.05000000000000001,-0.050000000000000044,4.440892098500626e-16,1.0,10.0,0,0,0,1,0,58,0,0,5,0
2000091,0.0,0.05,0.75,5.249109374999998,5.249999999999998,0.0008906250000000004,-1,0.890625,0.734375,0.140625,0.125,0.0,0.5875000000000007,0.49062500000000003,0.46861176106483976,0.05016277368765421,0.035457410189395244,0.05,-1.2,6.449999999999999,6.0,11.0,0,1,4,1,0,57,0,1,0,0
2000092,0.0,0.05,0.75,4.846531249999999,4.849999999999999,0.003468750000000002,2,3.46875,1.625,0.140625,0.171875,0.0,0.6000000000000008,0.47187500000000016,0.38424794970528947,0.05372643713879383,0.0017072714401386217,0.05,-1.45,6.299999999999999,8.0,12.0,0,0,12,0,0,52,0,0,0,0
2000093,0.0,0.05,0.75,2.998562499999999,2.999999999999999,0.0014375000000000008,0,1.4375,0.96875,0.078125,0.078125,0.0,0.6000000000000008,0.5,0.4999999999999997,0.05000105616558371,0.10989221261708003,0.05,-0.4,3.3999999999999995,2.0,8.0,0,0,0,0,0,64,0,0,0,0
2000094,0.0,0.05,0.75,8.493140624999999,8.499999999999998,0.006859375000000003,-7,6.859375,2.046875,0.1875,0.078125,0.0,0.5937500000000007,0.5,0.6532405611714595,0.05212612358675567,0.48072878519089846,0.05,-0.6000000000000001,9.1,3.0,14.0,0,1,0,0,1,61,0,0,1,0
2000095,0.0,0.05,0.75,4.498671874999999,4.499999999999999,0.0013281250000000007,0,1.328125,0.828125,0.140625,0.140625,0.0,0.5906250000000006,0.48593750000000013,0.44434477182005927,0.05021532096826422,0.01960043484037114,0.05,-0.8,5.299999999999998,4.0,14.0,0,1,6,0,1,55,0,1,0,0
2000096,0.0,0.05,0.75,6.891937499999998,6.899999999999999,0.008062500000000005,-5,8.0625,2.46875,0.15625,0.078125,0.0,0.5875000000000007,0.528125,0.6761458286933545,0.05019235974701455,0.5363666082094424,0.05,-0.95,7.849999999999999,4.0,11.0,0,0,0,1,2,49,0,0,12,0
2000097,0.0,0.05,0.75,8.788124999999997,8.799999999999997,0.011875000000000007,-5,11.875,3.0,0.21875,0.140625,0.0,0.5937500000000007,0.44374999999999987,0.09919831819261339,0.05790382756238608,0.002780541219353344,0.049999999999999996,-0.9500000000000002,9.750000000000002,7.0,16.0,0,0,24,1,0,39,0,0,0,0
2000098,0.0,0.05,0.75,5.397187499999999,5.3999999999999995,0.0028125000000000016,-3,2.8125,1.21875,0.125,0.078125,0.0,0.5937500000000007,0.50234375,0.5392133514644333,0.050023855425765866,0.23333404248736359,0.05,-0.6000000000000001,5.999999999999999,3.0,10.0,0,0,0,0,1,62,0,1,0,0
2000099,0.0,0.05,0.75,6.085187499999999,6.099999999999999,0.014812500000000011,-4,14.8125,3.53125,0.140625,0.078125,0.0,0.5968750000000007,0.50703125,0.5797381047291321,0.05006879761483021,0.3315101041869494,0.05,-0.8999999999999999,6.999999999999999,4.0,10.0,0,0,0,0,1,60,0,0,3,0
2000100,1.0,0.05,0.75,1.7333437499999982,1.7499999999999982,0.016656250000000008,-7,16.65625,3.34375,0.1875,0.078125,0.0,0.6000000000000008,0.5070312499999999,0.7866422974650711,0.05479846734539568,0.643276119516439,0.05,-0.44999999999999996,2.2,3.0,14.0,0,0,0,0,0,61,0,0,3,0
2000101,1.0,0.05,0.75,0.9245156249999993,0.9499999999999993,0.025484375,-6,25.484375,4.484375,0.15625,0.0625,0.0,0.5875000000000006,0.5281249999999997,0.6353995022349865,0.050054276653569284,0.571670722219425,0.05,-0.3999999999999999,1.3500000000000003,2.0,12.0,0,0,0,0,4,48,0,0,12,0
2000102,1.0,0.05,0.75,-1.531296875,-1.5,0.03129687500000002,-9,31.296875,4.796875,0.15625,0.015625,0.0,0.5843750000000006,0.5398437499999996,0.9317835793266939,0.050029736598013366,0.9304333248779761,0.05000000000000001,-0.3999999999999999,-1.0999999999999999,2.0,9.0,1,0,1,1,1,41,0,0,19,0
2000103,1.0,0.05,0.75,0.028546874999999822,0.04999999999999982,0.021453125,-5,21.453125,3.796875,0.109375,0.03125,0.015625,0.5873015873015879,0.5190476190476189,0.7527143328944674,0.050002693186963175,0.7140657945171752,0.05,-0.19999999999999996,0.2500000000000002,1.0,8.0,0,0,0,1,1,53,0,1,7,1
2000104,1.0,0.05,0.75,2.1874999999999982,2.1999999999999984,0.01250000000000001,-4,12.5,3.3125,0.15625,0.09375,0.0,0.5906250000000007,0.51171875,0.6197936475963909,0.05023710673414309,0.3181069785389485,0.05,-0.3999999999999999,2.5999999999999996,2.0,14.0,0,0,0,1,1,57,0,0,5,0
2000105,1.0,0.05,0.75,0.5318749999999989,0.5499999999999989,0.018125000000000013,-8,18.125,3.9375,0.171875,0.046875,0.0,0.5812500000000006,0.5843749999999998,0.97877920391178,0.051066535358305284,0.9779244767096308,0.049999999999999996,-0.40000000000000013,0.9500000000000004,5.0,9.0,1,0,0,1,1,24,0,1,36,0
2000106,1.0,0.05,0.75,0.1735624999999993,0.1999999999999993,0.0264375,-8,26.4375,4.5,0.171875,0.046875,0.0,0.5968750000000007,0.5445312499999997,0.8862235578515214,0.050226846079177656,0.8781774097970557,0.05,-0.3999999999999999,0.6000000000000003,2.0,12.0,0,0,0,0,1,44,0,0,19,0
2000107,0.0,0.05,0.75,4.4955,4.5,0.004500000000000003,-2,4.5,1.9375,0.109375,0.078125,0.0,0.5812500000000006,0.48828125000000006,0.6292869142182623,0.050010274531447026,0.1786803381250883,0.05000000000000001,-0.6000000000000001,5.1,3.0,9.0,1,1,5,0,1,54,0,2,0,0
2000108,1.0,0.05,0.75,-0.21662500000000107,-0.20000000000000107,0.016625000000000008,-9,16.625,3.3125,0.1875,0.046875,0.0,0.5937500000000007,0.5656249999999998,0.9718004945290837,0.0511524653197942,0.9705708175992659,0.05,-0.30000000000000004,0.10000000000000009,3.0,12.0,1,0,0,0,0,34,0,0,29,0
2000109,1.0,0.05,0.75,0.8897343749999994,0.8999999999999995,0.010265625000000007,-7,10.265625,2.703125,0.171875,0.0625,0.0,0.5968750000000007,0.51171875,0.7648365609111271,0.050533988526252974,0.6820090240075344,0.05,-0.5999999999999999,1.5000000000000004,3.0,12.0,0,0,0,0,0,59,0,1,4,0
2000110,1.0,0.05,0.75,1.295359374999999,1.299999999999999,0.004640625000000003,-5,4.640625,1.609375,0.140625,0.0625,0.0,0.5968750000000007,0.5,0.6184784083529029,0.05004761802033611,0.4352990927979745,0.049999999999999996,-0.3999999999999999,1.7000000000000002,2.0,11.0,0,0,0,0,1,63,0,0,0,0
2000111,0.0,0.05,0.75,7.23540625,7.25,0.014593750000000011,-6,14.59375,3.375,0.15625,0.0625,0.0,0.5906250000000006,0.5375,0.699058727827394,0.05008426084629357,0.6494600850392357,0.05,-0.8,8.05,4.0,10.0,0,0,1,1,1,44,0,0,17,0
2000112,1.0,0.05,0.75,1.0932968749999996,1.0999999999999996,0.006703125000000005,-5,6.703125,2.203125,0.140625,0.0625,0.0,0.6000000000000008,0.51171875,0.7185438419811911,0.050052979982430315,0.5809455028404463,0.05,-0.3999999999999999,1.4999999999999998,2.0,11.0,0,0,0,0,0,59,0,0,5,0
2000113,0.0,0.05,0.75,3.7991249999999988,3.799999999999999,0.0008750000000000003,2,0.875,0.59375,0.109375,0.140625,0.0,0.5968750000000007,0.49765625,0.5016807939902634,0.050152653709896244,0.012532418200495445,0.05000000000000001,-0.8,4.599999999999999,4.0,12.0,0,0,1,0,1,62,0,0,0,0
2000114,0.0,0.05,0.75,5.795265624999998,5.799999999999998,0.0047343750000000025,-2,4.734375,1.921875,0.140625,0.109375,0.0,0.5968750000000007,0.5,0.5175749398242695,0.05016424700480247,0.08890560802337871,0.05000000000000001,-0.6000000000000001,6.399999999999999,3.0,13.0,0,0,1,0,0,62,0,1,0,0
2000115,0.0,0.05,0.75,6.191609374999999,6.199999999999998,0.008390625000000004,-4,8.390625,2.671875,0.140625,0.078125,0.0,0.5937500000000008,0.5023437500000001,0.5730452398122299,0.050082004815856736,0.2913521698257673,0.05,-0.6000000000000001,6.799999999999999,3.0,11.0,1,0,0,0,0,61,0,0,2,0
2000116,0.0,0.05,0.75,6.2403749999999985,6.249999999999998,0.009625000000000007,-5,9.625,2.78125,0.140625,0.0625,0.0,0.5937500000000007,0.5187499999999999,0.6332237502876836,0.05003312639031765,0.5196090244060652,0.05,-0.4,6.649999999999999,2.0,11.0,0,0,0,1,0,55,0,0,8,0
2000117,1.0,0.05,0.75,1.8952187499999986,1.8999999999999986,0.004781250000000003,-4,4.78125,1.78125,0.140625,0.078125,0.0,0.5906250000000007,0.5070312499999999,0.7495471077181363,0.050127029000212715,0.47092534639478734,0.05,-0.19999999999999996,2.1,1.0,13.0,0,0,0,1,0,60,0,1,2,0
2000118,1.0,0.05,0.75,0.42492187500000106,0.45000000000000107,0.025078125,-7,25.078125,4.671875,0.171875,0.0625,0.0,0.5812500000000007,0.5656249999999998,0.8321329733410711,0.05013112186262083,0.8202517853022758,0.05,-1.0,1.45,5.0,10.0,0,0,0,1,2,33,1,0,27,0
2000119,0.0,0.05,0.75,2.797296875,2.8,0.002703125000000001,1,2.703125,1.234375,0.078125,0.09375,0.015625,0.590476190476191,0.4976190476190476,0.4985151857427588,0.050003378239285426,0.05673450365356242,0.05,-0.2,3.0,1.0,10.0,0,0,2,1,1,58,0,0,1,1
2000120,1.0,0.05,0.75,-0.28867187499999825,-0.24999999999999822,0.038671875000000015,-8,38.671875,5.234375,0.15625,0.03125,0.0,0.5937500000000007,0.5562499999999995,0.9792055168773072,0.0502282835738105,0.9779938619492702,0.05,-0.25,0.0,2.0,10.0,1,0,0,0,0,38,0,0,25,0
2000121,0.0,0.05,0.75,4.68378125,4.7,0.01621875000000001,-4,16.21875,3.5,0.109375,0.046875,0.0,0.5843750000000006,0.5304687499999997,0.6726207015698672,0.05000203118762132,0.6092760946426872,0.05000000000000002,0.0,4.7,0.0,10.0,0,0,0,1,1,49,0,2,11,0
2000122,1.0,0.05,0.75,1.3915312499999986,1.3999999999999986,0.008468750000000006,-4,8.46875,2.59375,0.125,0.0625,0.0,0.5937500000000007,0.50234375,0.663416487907503,0.050019435468646824,0.45656187551084804,0.049999999999999996,-0.19999999999999996,1.6000000000000003,1.0,11.0,0,0,0,1,0,62,0,0,1,0
2000123,0.0,0.05,0.75,4.243124999999999,4.249999999999999,0.006875000000000005,0,6.875,2.25,0.125,0.125,0.0,0.5843750000000006,0.43437500000000007,0.2829203818665641,0.050078450484425385,0.002914555566589226,0.049999999999999996,-0.7,4.949999999999999,5.0,11.0,0,0,29,1,2,31,0,1,0,0
2000124,0.0,0.05,0.75,4.3481875,4.35,0.0018125000000000007,1,1.8125,1.0625,0.125,0.140625,0.0,0.5875000000000006,0.50703125,0.5057956812289556,0.050191408773977535,0.023413798686729506,0.05,-1.0,5.35,5.0,12.0,0,0,0,0,1,60,0,3,0,0
2000125,1.0,0.05,0.75,-0.021890625000000902,-8.881784197001252e-16,0.021890625000000014,-6,21.890625,4.015625,0.125,0.03125,0.0,0.5906250000000007,0.5234374999999999,0.7489516551538279,0.05000476184408675,0.7246783594825652,0.05,-0.19999999999999996,0.2000000000000004,1.0,9.0,0,0,0,1,0,53,0,1,9,0
2000126,1.0,0.05,0.75,0.43484374999999925,0.4499999999999993,0.015156250000000012,-6,15.15625,3.3125,0.140625,0.046875,0.0,0.5937500000000007,0.5210937499999998,0.7367557469984116,0.05002189532574439,0.6894606529796737,0.05,-0.5999999999999999,1.0500000000000003,3.0,9.0,0,0,0,1,0,54,0,0,9,0
2000127,0.0,0.05,0.75,5.045828124999999,5.049999999999999,0.004171875000000003,-2,4.171875,1.859375,0.125,0.09375,0.0,0.5875000000000006,0.49531249999999993,0.22578875371326837,0.05001473881024012,0.04409589435067732,0.05000000000000001,-0.45,5.5,3.0,11.0,0,0,6,0,0,54,0,4,0,0
2000128,1.0,0.05,0.75,1.1166249999999986,1.1499999999999986,0.03337500000000002,-8,33.375,5.1875,0.203125,0.078125,0.0,0.5937500000000007,0.5843749999999993,0.9655489582698951,0.05699191396817266,0.9616869588748157,0.05,-0.5,1.65,4.0,14.0,0,0,0,0,1,27,0,1,35,0
2000129,0.0,0.05,0.75,4.842624999999999,4.849999999999999,0.007375000000000004,-2,7.375,2.25,0.125,0.09375,0.0,0.5937500000000007,0.5,0.4382350590818362,0.0500188678002356,0.11013402792952887,0.05,0.0,4.849999999999999,0.0,14.0,1,0,0,0,0,62,0,0,1,0
2000130,0.0,0.05,0.75,5.995187499999998,5.999999999999998,0.0048125000000000025,-3,4.8125,1.90625,0.140625,0.09375,0.015625,0.590476190476191,0.5,0.5424925867167594,0.050164529591252394,0.16687361614635499,0.05,-0.4,6.399999999999999,2.0,13.0,0,0,0,0,3,60,0,0,0,1
2000131,1.0,0.05,0.75,3.1357499999999985,3.1499999999999986,0.01425000000000001,-4,14.25,3.5,0.171875,0.109375,0.0,0.5968750000000007,0.528125,0.4557574988017798,0.05062642726305724,0.2158662861553159,0.05,-0.5999999999999999,3.75,3.0,15.0,0,0,0,0,1,51,0,0,12,0
2000132,0.0,0.05,0.75,4.793546874999999,4.799999999999999,0.006453125000000005,-3,6.453125,2.265625,0.109375,0.0625,0.0,0.6000000000000008,0.5,0.5827649156952722,0.05000594494230422,0.31621707337247484,0.05,-0.4,5.199999999999999,2.0,9.0,0,0,1,0,0,62,0,0,1,0
2000133,0.0,0.05,0.75,8.6769375,8.7,0.023062500000000007,-7,23.0625,3.96875,0.203125,0.09375,0.0,0.5875000000000008,0.51640625,0.7576537607052775,0.059259364699635574,0.5957272310710109,0.05,0.0,8.7,0.0,19.0,1,0,0,1,0,54,0,0,8,0
2000134,0.0,0.05,0.75,3.1462812499999986,3.1499999999999986,0.003718750000000002,1,3.71875,1.625,0.09375,0.109375,0.0,0.5906250000000006,0.51171875,0.46269438725583945,0.05000985952977284,0.05245093985958134,0.05,-0.4,3.549999999999999,2.0,11.0,0,0,0,0,1,58,0,2,3,0
2000135,1.0,0.05,0.75,2.6887031250000017,2.700000000000002,0.011296875000000008,-4,11.296875,3.109375,0.15625,0.09375,0.015625,0.5936507936507943,0.6095238095238089,0.9274070275153851,0.05091541945375609,0.9106372687022687,0.05,-0.44999999999999996,3.15,4.0,12.0,0,0,0,0,0,17,0,2,44,1
2000136,0.0,0.05,0.75,5.397421874999999,5.3999999999999995,0.002578125000000001,-3,2.578125,1.046875,0.125,0.078125,0.0,0.5937500000000007,0.50234375,0.5392133514644332,0.050023855425765845,0.23333404248736342,0.05,-0.6000000000000001,5.999999999999999,3.0,10.0,0,0,0,0,1,62,0,1,0,0
2000137,0.0,0.05,0.75,3.0984062499999996,3.0999999999999996,0.001593750000000001,1,1.59375,0.96875,0.09375,0.109375,0.0,0.5781250000000006,0.49765625,0.5183455190323824,0.050008182664715094,0.04636980329356477,0.05,-1.0,4.1,4.0,9.0,0,0,2,2,2,57,0,1,0,0
2000138,1.0,0.05,0.75,0.97865625,1.0,0.02134375000000001,-9,21.34375,4.03125,0.21875,0.078125,0.0,0.5937500000000007,0.5445312499999998,0.9438967492745749,0.07253876086944615,0.9269997671216772,0.05000000000000001,-0.30000000000000004,1.3000000000000003,3.0,16.0,0,1,0,0,1,42,0,0,20,0
2000139,1.0,0.05,0.75,1.1224687499999995,1.1499999999999995,0.027531250000000004,-5,27.53125,4.84375,0.140625,0.0625,0.015625,0.5936507936507943,0.5595238095238092,0.7249214289081211,0.05002846581587682,0.6925934218990509,0.049999999999999996,-0.44999999999999996,1.6,3.0,10.0,0,0,0,0,1,37,0,1,24,1
2000140,0.0,0.05,0.75,7.726484375,7.75,0.023515625000000005,-8,23.515625,3.921875,0.171875,0.046875,0.0,0.5906250000000006,0.5351562499999998,0.8333158662165658,0.05009793548252937,0.8218997710485134,0.05,0.0,7.75,0.0,14.0,0,0,1,0,2,45,0,1,15,0
2000141,0.0,0.05,0.75,4.848171874999999,4.85,0.0018281250000000008,0,1.828125,0.890625,0.125,0.125,0.0,0.5968750000000007,0.50234375,0.5333256939328048,0.05010705994396428,0.036830153334396175,0.049999999999999996,-1.2,6.049999999999999,6.0,10.0,0,0,1,0,0,61,0,1,1,0
2000142,0.0,0.05,0.75,5.742531249999998,5.749999999999998,0.007468750000000006,-4,7.46875,2.5,0.140625,0.078125,0.015625,0.5841269841269848,0.5,0.4741157331404144,0.050040787681859725,0.23437423659671966,0.05000000000000001,-0.2,5.949999999999998,1.0,13.0,1,1,0,1,0,58,0,0,2,1
2000143,1.0,0.05,0.75,0.723078125,0.75,0.02692187500000001,-9,26.921875,4.390625,0.203125,0.0625,0.0,0.6000000000000008,0.5726562499999996,0.9853086567416769,0.06189227389875136,0.9834153539717565,0.05,-0.8,1.55,7.0,10.0,0,0,0,0,0,33,0,0,31,0
2000144,0.0,0.05,0.75,4.048562500000001,4.050000000000001,0.0014375000000000008,-2,1.4375,0.96875,0.09375,0.0625,0.0,0.5906250000000006,0.5046875,0.5646057884177635,0.05000195980063635,0.27112337268619086,0.05,-0.6000000000000001,4.65,3.0,7.0,0,0,0,0,1,61,0,2,0,0
2000145,0.0,0.05,0.75,4.047625,4.05,0.0023750000000000017,0,2.375,1.1875,0.109375,0.109375,0.0,0.5937500000000007,0.4906250000000001,0.23861325522092036,0.05002888696012883,0.016364070312290428,0.049999999999999996,-0.8500000000000001,4.8999999999999995,5.0,9.0,0,0,6,0,0,56,0,2,0,0
2000146,0.0,0.05,0.75,6.794437499999999,6.799999999999999,0.005562500000000004,-4,5.5625,1.8125,0.15625,0.09375,0.0,0.5968750000000007,0.49765624999999997,0.577837318530724,0.05044019627193372,0.2129566909017969,0.05,-0.6000000000000001,7.399999999999999,3.0,13.0,0,0,2,0,0,61,0,1,0,0
2000147,1.0,0.05,0.75,-1.481046875000001,-1.450000000000001,0.031046875000000015,-11,31.046875,4.703125,0.171875,0.0,0.0,0.5968750000000007,0.5421874999999996,0.9980146102184839,0.051851605947341055,0.9979526779048068,0.05,-0.6000000000000001,-0.8499999999999999,6.0,5.0,0,0,0,0,1,45,0,0,18,0
2000148,1.0,0.05,0.75,1.1161406250000003,1.1500000000000004,0.033859375000000004,-8,33.859375,4.640625,0.203125,0.078125,0.0,0.5968750000000007,0.5585937499999994,0.8456812691614847,0.05259553859092835,0.8283798764184993,0.05,-0.25,1.4000000000000004,2.0,16.0,0,0,0,0,1,38,0,0,25,0
2000149,0.0,0.05,0.75,5.545843749999999,5.549999999999999,0.004156250000000002,-2,4.15625,1.65625,0.140625,0.109375,0.0,0.5906250000000007,0.46015624999999993,0.22518299384215526,0.05008003482081802,0.00961478278596761,0.05,-0.7,6.249999999999999,5.0,11.0,0,0,17,1,1,45,0,0,0,0
2000150,0.0,0.05,0.75,3.8481249999999996,3.8499999999999996,0.001875000000000001,-2,1.875,1.03125,0.09375,0.0625,0.0,0.5937500000000007,0.5,0.49579655116201166,0.05000120420609769,0.23326238449618272,0.05,-0.2,4.05,1.0,9.0,0,0,1,1,0,61,0,0,1,0
2000151,0.0,0.05,0.75,4.599531249999999,4.599999999999999,0.00046875000000000015,1,0.46875,0.375,0.125,0.140625,0.0,0.5937500000000007,0.5,0.4850295926602275,0.050251252068887246,0.01685563795369671,0.05,-1.4,5.999999999999999,7.0,10.0,0,0,2,0,0,60,0,2,0,0
2000152,0.0,0.05,0.75,5.995874999999999,5.999999999999999,0.004125000000000003,-3,4.125,1.875,0.15625,0.109375,0.0,0.6000000000000006,0.528125,0.6087785310143807,0.05034312419522962,0.262387033483832,0.05,-0.35000000000000003,6.35,1.0,16.0,0,0,0,0,0,52,0,0,12,0
2000153,1.0,0.05,0.75,-0.021843750000000904,-8.881784197001252e-16,0.021843750000000016,-8,21.84375,4.1875,0.171875,0.046875,0.0,0.5781250000000004,0.5398437499999997,0.8392663394045725,0.05014837359025396,0.8276832537580425,0.05,-0.9999999999999998,1.0000000000000004,5.0,9.0,1,0,0,1,0,44,0,3,15,0
2000154,1.0,0.05,0.75,1.1941718749999992,1.1999999999999993,0.0058281250000000034,-6,5.828125,1.796875,0.15625,0.0625,0.0,0.6000000000000008,0.5,0.6811244536400778,0.05019254820704264,0.5327159086609192,0.05000000000000001,-0.7999999999999998,1.9999999999999993,4.0,10.0,0,0,0,0,0,64,0,0,0,0
2000155,1.0,0.05,0.75,0.9766718749999982,0.9999999999999982,0.023328125,-9,23.328125,4.015625,0.21875,0.078125,0.015625,0.5936507936507943,0.5357142857142855,0.823368324349043,0.06182650144106183,0.7858664788066427,0.049999999999999996,-0.6499999999999999,1.6500000000000004,4.0,15.0,0,0,0,1,0,47,0,0,15,1
2000156,0.0,0.05,0.75,5.997968749999999,5.999999999999999,0.002031250000000001,-1,2.03125,1.09375,0.15625,0.140625,0.015625,0.590476190476191,0.5,0.4329046002327429,0.051079099469123944,0.030050524984438942,0.05,-0.6000000000000001,6.599999999999999,3.0,16.0,1,0,1,0,0,59,0,1,1,1
2000157,1.0,0.05,0.75,0.662765625000001,0.7000000000000011,0.03723437500000001,-9,37.234375,5.609375,0.203125,0.0625,0.0,0.5875000000000007,0.6101562499999994,0.9976206574764996,0.07971310790644318,0.9972090832975689,0.049999999999999996,-0.30000000000000027,0.9999999999999998,6.0,11.0,1,0,0,1,0,14,0,0,48,0
2000158,1.0,0.05,0.75,1.7292500000000017,1.7500000000000018,0.020749999999999994,-4,20.75,4.21875,0.140625,0.078125,0.0,0.5906250000000006,0.5843749999999995,0.8457956040261719,0.050055431755979464,0.8182332553176571,0.05,-0.10000000000000009,1.8499999999999999,2.0,12.0,0,0,0,0,2,26,0,1,35,0
2000159,0.0,0.05,0.75,3.398328125000001,3.400000000000001,0.0016718750000000006,0,1.671875,0.921875,0.09375,0.09375,0.0,0.5906250000000007,0.49765625,0.4580397182396507,0.05000409569544324,0.06603069400501656,0.05,-0.8,4.199999999999999,4.0,8.0,0,0,2,1,0,60,0,1,0,0
2000160,1.0,0.05,0.75,2.5374375,2.55,0.012562500000000006,-4,12.5625,3.34375,0.15625,0.09375,0.0,0.5781250000000006,0.5749999999999998,0.9495497450435916,0.05126260335735405,0.9109718477072809,0.05,-0.6499999999999999,3.1999999999999993,4.0,12.0,1,0,0,1,2,27,0,1,32,0
2000161,1.0,0.05,0.75,-0.9740312499999992,-0.9499999999999993,0.024031250000000004,-9,24.03125,3.84375,0.15625,0.015625,0.0,0.5750000000000006,0.5421874999999997,0.9552190349586983,0.0500810002166039,0.9539403933543784,0.049999999999999996,-0.3999999999999999,-0.5499999999999996,3.0,8.0,0,0,0,2,0,44,0,4,14,0
2000162,0.0,0.05,0.75,3.398421875,3.4,0.001578125000000001,1,1.578125,0.984375,0.109375,0.125,0.0,0.5875000000000007,0.49531250000000004,0.3111325600382525,0.05005950876334361,0.016945443620831578,0.05000000000000001,-1.0,4.3999999999999995,5.0,10.0,0,1,2,1,0,59,0,1,0,0
2000163,1.0,0.05,0.75,2.176421875000001,2.200000000000001,0.023578125000000012,-7,23.578125,3.890625,0.203125,0.09375,0.015625,0.587301587301588,0.5023809523809524,0.6543764344684815,0.06593642975541676,0.4001279528768884,0.05,-0.3999999999999999,2.600000000000001,2.0,17.0,2,0,0,0,0,58,0,0,3,1
2000164,1.0,0.05,0.75,1.1808906249999993,1.1999999999999993,0.01910937500000001,-6,19.109375,3.953125,0.15625,0.0625,0.015625,0.6000000000000006,0.5666666666666663,0.8705185302970173,0.050201440970501554,0.855667368938868,0.05,-0.6499999999999999,1.85,4.0,10.0,0,0,1,0,0,33,0,0,29,1
2000165,1.0,0.05,0.75,1.540609374999999,1.549999999999999,0.009390625000000007,-5,9.390625,2.796875,0.140625,0.0625,0.015625,0.5968253968253975,0.5357142857142857,0.8391565644513105,0.05013820257984975,0.7739633480690411,0.049999999999999996,-0.25,1.8,2.0,11.0,0,0,0,0,1,47,0,0,15,1
2000166,0.0,0.05,0.75,4.24865625,4.25,0.0013437500000000008,-1,1.34375,1.03125,0.109375,0.09375,0.0,0.5968750000000007,0.50234375,0.4245824107614932,0.05000845836181053,0.08887316302555226,0.049999999999999996,-0.4,4.6499999999999995,2.0,11.0,0,0,2,0,0,59,0,1,2,0
2000167,0.0,0.05,0.75,4.2433125,4.25,0.006687500000000005,-2,6.6875,2.5,0.109375,0.078125,0.0,0.5937500000000007,0.5140625,0.457197366479863,0.05000379915138185,0.20080552212715655,0.04999999999999999,-0.2,4.45,1.0,11.0,0,0,0,1,0,57,0,0,6,0
2000168,1.0,0.05,0.75,0.12932812499999857,0.14999999999999858,0.02067187500000001,-7,20.671875,4.046875,0.15625,0.046875,0.0,0.5875000000000006,0.5328124999999997,0.7862183711671066,0.050046581671924016,0.7659365002813481,0.05,-0.7999999999999998,0.9500000000000004,4.0,9.0,0,0,0,0,1,49,0,3,11,0
2000169,1.0,0.05,0.75,-0.16981250000000037,-0.15000000000000036,0.019812500000000007,-9,19.8125,3.4375,0.1875,0.046875,0.0,0.6000000000000008,0.5257812499999999,0.8575691774910442,0.050464659346104515,0.84551664212651,0.049999999999999996,-0.5999999999999999,0.4500000000000002,3.0,12.0,0,0,0,0,0,53,0,0,11,0
2000170,0.0,0.05,0.75,6.193968749999998,6.199999999999998,0.0060312500000000045,-3,6.03125,2.09375,0.15625,0.109375,0.0,0.5906250000000006,0.50703125,0.4685001410436572,0.05025550618977975,0.12631146990316852,0.05,-1.2,7.3999999999999995,6.0,11.0,0,1,0,0,1,58,0,1,3,0
2000171,1.0,0.05,0.75,1.8907187499999978,1.8999999999999977,0.009281250000000007,-6,9.28125,2.28125,0.1875,0.09375,0.0,0.5906250000000007,0.5281250000000001,0.8501519496979424,0.054484191361643945,0.7179014786520208,0.05,-0.9,2.7999999999999994,5.0,13.0,0,0,1,1,0,49,0,1,12,0
2000172,0.0,0.05,0.75,4.797937499999999,4.799999999999999,0.0020625000000000014,-1,2.0625,1.28125,0.125,0.109375,0.0,0.5937500000000007,0.51640625,0.4281226575998866,0.050036069319253335,0.0885427165591076,0.05,-0.8,5.599999999999999,4.0,11.0,0,0,0,1,0,56,0,0,7,0
2000173,1.0,0.05,0.75,1.2899843749999989,1.299999999999999,0.010015625000000007,-6,10.015625,2.609375,0.171875,0.078125,0.0,0.5906250000000006,0.5140625,0.7591782102873457,0.05071237864721626,0.6237057849567993,0.05,-0.3999999999999999,1.6999999999999997,2.0,14.0,0,0,0,1,0,57,0,1,5,0
2000174,1.0,0.05,0.75,-0.6774218750000004,-0.6500000000000004,0.027421875000000012,-9,27.421875,4.765625,0.1875,0.046875,0.0,0.5875000000000007,0.5539062499999999,0.8579338263077846,0.05017285525718442,0.8541304341532711,0.05,-0.19999999999999996,-0.44999999999999973,1.0,14.0,1,0,0,1,0,38,0,0,24,0
2000175,0.0,0.05,0.75,7.392640624999998,7.399999999999998,0.007359375000000006,-4,7.359375,2.421875,0.171875,0.109375,0.0,0.6000000000000008,0.5,0.5457301664638656,0.051835663602876565,0.151156004260961,0.05,-0.8,8.2,4.0,14.0,0,0,0,0,0,64,0,0,0,0
2000176,1.0,0.05,0.75,-1.1331250000000015,-1.1000000000000014,0.033125000000000016,-10,33.125,4.90625,0.171875,0.015625,0.0,0.6000000000000008,0.5351562499999997,0.9775464216592091,0.05033719588055931,0.9768315783559683,0.049999999999999996,-0.44999999999999996,-0.6499999999999997,3.0,9.0,0,0,1,0,0,47,0,0,16,0
2000177,0.0,0.05,0.75,4.698234374999999,4.699999999999999,0.001765625000000001,0,1.765625,1.015625,0.125,0.125,0.0,0.5968750000000007,0.50234375,0.4393119082456008,0.05009264209794408,0.031143598782066573,0.05,-0.6000000000000001,5.299999999999999,3.0,13.0,0,0,1,0,1,60,0,0,2,0
2000178,0.0,0.05,0.75,5.339859375,5.35,0.010140625000000006,0,10.140625,2.734375,0.171875,0.171875,0.0,0.5906250000000006,0.4039062500000004,0.04560611469779627,0.06118061748909704,8.869792586776933e-05,0.05000000000000001,-1.1500000000000004,6.5,7.0,15.0,0,0,43,1,0,18,0,1,1,0
2000179,1.0,0.05,0.75,1.2366249999999992,1.2499999999999991,0.01337500000000001,-5,13.375,3.28125,0.140625,0.0625,0.015625,0.5936507936507943,0.5119047619047619,0.6561086899177839,0.05005868826864437,0.5196090244060652,0.05,-1.1999999999999997,2.45,6.0,7.0,0,0,0,0,0,58,0,2,3,1
2000180,0.0,0.05,0.75,4.297640625,4.3,0.0023593750000000017,-2,2.359375,1.328125,0.109375,0.078125,0.0,0.5906250000000007,0.490625,0.4931518412198041,0.05000494451372282,0.15105322899010828,0.05000000000000001,-0.2,4.5,1.0,11.0,1,0,4,0,0,58,0,1,0,0
2000181,0.0,0.05,0.75,7.138578124999998,7.149999999999998,0.011421875000000003,-2,11.421875,2.546875,0.171875,0.140625,0.0,0.6000000000000008,0.5117187499999999,0.6150148092326299,0.05520248964544091,0.06993860564037864,0.05,-1.0,8.15,5.0,15.0,0,0,0,0,0,59,0,0,5,0
2000182,0.0,0.05,0.75,5.741874999999999,5.749999999999999,0.008125000000000005,-2,8.125,2.625,0.140625,0.109375,0.015625,0.5936507936507943,0.5380952380952381,0.4920015167263082,0.050141079084608714,0.19868992083673234,0.05,-0.6499999999999999,6.3999999999999995,3.0,13.0,1,0,0,0,0,45,0,0,17,1
2000183,1.0,0.05,0.75,2.5921406249999976,2.599999999999998,0.007859375000000005,-5,7.859375,2.234375,0.171875,0.09375,0.0,0.5968750000000007,0.5046875,0.5467546990313056,0.051019306588525076,0.267677065891039,0.05,-0.19999999999999996,2.8,1.0,16.0,0,0,0,0,0,62,0,1,1,0
2000184,1.0,0.05,0.75,1.1371249999999986,1.1499999999999986,0.01287500000000001,-7,12.875,3.0,0.1875,0.078125,0.0,0.5937500000000006,0.53515625,0.8231179549423616,0.051418532363008744,0.7713828305155437,0.049999999999999996,-0.3999999999999999,1.55,2.0,15.0,0,0,1,0,1,46,0,1,15,0
2000185,1.0,0.05,0.75,1.3856406249999986,1.3999999999999986,0.01435937500000001,-5,14.359375,3.046875,0.140625,0.0625,0.0,0.5906250000000007,0.50234375,0.6337184612421723,0.05005587410766872,0.45767570635494065,0.05,-0.5999999999999999,2.0000000000000004,3.0,10.0,0,0,0,1,1,61,0,0,1,0
2000186,0.0,0.05,0.75,4.237671875,4.25,0.01232812500000001,-4,12.328125,3.265625,0.09375,0.03125,0.0,0.5875000000000006,0.5445312499999998,0.6706177042777961,0.05000040225669102,0.6489573380767448,0.049999999999999996,-0.2,4.45,1.0,7.0,0,0,0,0,2,43,0,2,17,0
2000187,1.0,0.05,0.75,-0.01660937500000001,0.0,0.01660937500000001,-9,16.609375,3.265625,0.1875,0.046875,0.0,0.5968750000000007,0.5070312499999999,0.8355391083656322,0.05076318291190708,0.8102571369822897,0.05,-0.5999999999999999,0.6000000000000005,3.0,12.0,0,0,0,0,1,60,0,0,3,0
2000188,1.0,0.05,0.75,0.5824687499999996,0.5999999999999996,0.017531250000000012,-6,17.53125,3.84375,0.140625,0.046875,0.0,0.6000000000000006,0.5539062499999997,0.8122131208558886,0.05002286764551755,0.7979892993857078,0.05000000000000002,-0.44999999999999996,1.0500000000000003,3.0,9.0,0,0,0,0,0,41,0,0,23,0
2000189,1.0,0.05,0.75,2.790343749999998,2.799999999999998,0.009656250000000007,-4,9.65625,2.75,0.15625,0.09375,0.0,0.5937500000000007,0.5046875,0.5217801941596852,0.050316324408365795,0.21295669090179703,0.05,-0.9999999999999998,3.8,5.0,11.0,0,0,0,0,1,61,0,1,1,0
2000190,0.0,0.05,0.75,7.730687499999999,7.749999999999999,0.019312500000000007,-7,19.3125,3.875,0.171875,0.0625,0.0,0.5875000000000006,0.5632812499999998,0.9130192632377588,0.050388326273122376,0.9036221893438974,0.05,-0.7000000000000001,8.45,2.0,13.0,0,1,0,0,3,32,0,0,28,0
2000191,1.0,0.05,0.75,0.7202812500000009,0.7500000000000009,0.02971874999999999,-5,29.71875,4.9375,0.140625,0.0625,0.0,0.5843750000000006,0.5632812499999995,0.8248279163680727,0.0500239676112545,0.8015141507427272,0.05000000000000001,-0.25,1.0,2.0,11.0,0,0,0,1,2,34,0,1,26,0
2000192,0.0,0.05,0.75,6.585218749999998,6.599999999999999,0.01478125000000001,-6,14.78125,3.09375,0.140625,0.046875,0.0,0.5968750000000007,0.5093749999999999,0.7045937332783482,0.050028217422414555,0.6340008734704284,0.05,0.0,6.599999999999999,0.0,12.0,0,0,0,0,0,60,0,1,3,0
2000193,0.0,0.05,0.75,3.6967343749999997,3.6999999999999997,0.003265625000000002,1,3.265625,1.484375,0.109375,0.125,0.0,0.5875000000000007,0.49531250000000004,0.3797084037620199,0.05005669610777623,0.020159143606698793,0.05,-0.6000000000000001,4.299999999999999,3.0,12.0,0,0,4,1,0,57,0,2,0,0
2000194,0.0,0.05,0.75,4.395578124999998,4.399999999999999,0.004421875000000002,-1,4.421875,1.640625,0.109375,0.09375,0.0,0.5968750000000007,0.5046875,0.4697397894941164,0.050010638389197726,0.09890446288834881,0.05,-0.8,5.199999999999999,4.0,9.0,0,0,0,0,0,62,0,1,1,0
2000195,1.0,0.05,0.75,-2.4382968750000003,-2.4000000000000004,0.038296875,-10,38.296875,4.828125,0.15625,0.0,0.0,0.5843750000000006,0.5468749999999996,0.9634205721014802,0.050024657778616644,0.9631706035959644,0.05,-0.19999999999999996,-2.1999999999999993,1.0,9.0,1,0,0,1,0,41,0,1,20,0
2000196,1.0,0.05,0.75,2.3862656250000005,2.4000000000000004,0.013734375000000009,-7,13.734375,3.109375,0.21875,0.109375,0.015625,0.5936507936507943,0.5547619047619043,0.928539705754728,0.11604548528646473,0.8441412864123277,0.049999999999999996,-0.55,2.95,5.0,16.0,0,0,2,0,1,35,0,1,24,1
2000197,1.0,0.05,0.75,2.3969531249999987,2.3999999999999986,0.0030468750000000023,-3,3.046875,1.546875,0.125,0.078125,0.0,0.6000000000000008,0.5,0.5591635670596918,0.0500267390293636,0.23333404248736359,0.05,0.0,2.3999999999999995,0.0,13.0,0,0,0,0,0,64,0,0,0,0
2000198,1.0,0.05,0.75,2.1814687500000027,2.200000000000003,0.018531250000000006,-5,18.53125,3.875,0.15625,0.078125,0.0,0.5937500000000007,0.6054687499999993,0.9712201761305648,0.051025322445191555,0.9667073600104317,0.05,-0.7,2.9,6.0,9.0,0,0,0,0,1,18,0,1,44,0
2000199,0.0,0.05,0.75,5.198171874999999,5.199999999999999,0.0018281250000000012,-2,1.828125,0.953125,0.125,0.09375,0.0,0.6000000000000008,0.49765625,0.5491777648510054,0.05003981416554976,0.12912665937884618,0.05000000000000001,-0.6000000000000001,5.8,3.0,11.0,0,0,1,0,0,63,0,0,0,0
2000200,1.0,0.05,0.75,0.7771250000000007,0.8000000000000007,0.022875000000000006,-5,22.875,4.28125,0.125,0.046875,0.0,0.5937500000000007,0.5843749999999994,0.8753480844293464,0.050012321753881095,0.8695941953667967,0.05,-0.30000000000000004,1.1,3.0,8.0,0,0,0,0,2,26,0,0,36,0
2000201,0.0,0.05,0.75,6.332265624999999,6.349999999999999,0.017734375000000004,-2,17.734375,3.609375,0.15625,0.125,0.0,0.5843750000000006,0.5187499999999999,0.3603716858512893,0.05037827680612241,0.05991946458194266,0.05000000000000001,-1.5999999999999999,7.95,8.0,10.0,0,0,0,1,1,54,0,2,6,0
2000202,1.0,0.05,0.75,0.03335937499999893,0.049999999999998934,0.01664062500000001,-8,16.640625,3.234375,0.171875,0.046875,0.0,0.6000000000000008,0.50234375,0.8424464440903396,0.05037554217396116,0.8020421959554827,0.05,-0.9999999999999998,1.0500000000000003,5.0,9.0,0,0,1,0,0,61,0,0,2,0
2000203,0.0,0.05,0.75,3.545687499999999,3.5499999999999994,0.004312500000000003,1,4.3125,1.90625,0.109375,0.125,0.0,0.5968750000000007,0.4882812500000001,0.37247469714973924,0.05005089581445044,0.017955376044267217,0.049999999999999996,-1.0,4.549999999999999,5.0,10.0,0,0,6,0,0,57,0,1,0,0
2000204,0.0,0.05,0.75,6.644265624999999,6.6499999999999995,0.005734375000000004,-4,5.734375,1.953125,0.15625,0.09375,0.0,0.5968750000000007,0.5304687499999998,0.6787311286157092,0.050380657584409606,0.4416028007210441,0.049999999999999996,-1.3,7.949999999999999,5.0,11.0,0,0,0,0,0,51,0,1,12,0
2000205,0.0,0.05,0.75,6.791859374999998,6.799999999999998,0.008140625000000005,-4,8.140625,2.578125,0.15625,0.09375,0.0,0.5968750000000007,0.5093749999999999,0.48780394046235054,0.050251677060056094,0.212956690901797,0.05000000000000001,-0.6000000000000001,7.399999999999999,3.0,13.0,0,0,0,0,0,60,0,1,3,0
2000206,0.0,0.05,0.75,5.794421874999999,5.8,0.005578125000000004,-5,5.578125,1.828125,0.125,0.046875,0.0,0.6000000000000008,0.5,0.6884183930425739,0.050013737578096525,0.5618479415883972,0.05000000000000001,-0.4,6.199999999999999,2.0,9.0,0,0,0,0,0,64,0,0,0,0
2000207,0.0,0.05,0.75,8.931171874999997,8.949999999999998,0.01882812500000001,-8,18.828125,3.671875,0.1875,0.0625,0.0,0.6000000000000008,0.5351562499999998,0.9127192288338539,0.05240671353156778,0.8940779784359583,0.05,-0.55,9.499999999999998,2.0,14.0,0,0,0,0,0,49,0,0,15,0
2000208,1.0,0.05,0.75,-0.5981250000000007,-0.5500000000000007,0.04812500000000001,-11,48.125,6.1875,0.203125,0.03125,0.0,0.5968750000000007,0.5960937499999994,0.993701896658006,0.057464946240495425,0.9934676861468974,0.05,-0.5,-0.04999999999999982,4.0,11.0,0,0,0,0,0,23,0,1,40,0
2000209,1.0,0.05,0.75,1.0701093749999997,1.0999999999999996,0.02989062500000001,-10,29.890625,4.640625,0.25,0.09375,0.0,0.5906250000000007,0.5304687499999998,0.9285249101291022,0.1514769126102556,0.8517150255085739,0.05000000000000002,-1.6499999999999997,2.7499999999999996,9.0,13.0,0,0,1,1,1,47,0,0,14,0
2000210,0.0,0.05,0.75,7.996843749999998,7.999999999999998,0.003156250000000002,-4,3.15625,1.4375,0.1875,0.125,0.0,0.5937500000000007,0.49765625,0.568579584981333,0.059166807652178535,0.10489966582451023,0.05000000000000001,-0.8,8.799999999999999,4.0,16.0,0,0,1,0,2,61,0,0,0,0
2000211,1.0,0.05,0.75,1.2820468750000007,1.3000000000000007,0.017953125000000014,-8,17.953125,3.421875,0.203125,0.078125,0.0,0.5937500000000007,0.5140625,0.7100844660876928,0.054286051617452875,0.6228478601500139,0.05,-0.19999999999999996,1.5000000000000004,1.0,17.0,0,0,0,0,2,56,0,0,6,0
2000212,0.0,0.05,0.75,4.897562499999999,4.8999999999999995,0.0024375000000000013,0,2.4375,1.375,0.140625,0.140625,0.0,0.5906250000000006,0.50703125,0.5234393219991734,0.05032157384818487,0.035022832567318966,0.05,-0.6000000000000001,5.499999999999999,3.0,15.0,0,0,5,1,0,50,0,1,7,0
2000213,0.0,0.05,0.75,4.847656249999999,4.849999999999999,0.002343750000000001,-1,2.34375,1.1875,0.125,0.109375,0.0,0.5875000000000007,0.5,0.5918538914517293,0.050059181400847336,0.08473803200466937,0.049999999999999996,-1.15,5.999999999999999,5.0,10.0,1,0,0,1,0,61,0,0,1,0
2000214,0.0,0.05,0.75,6.896109374999997,6.899999999999998,0.0038906250000000026,-3,3.890625,1.734375,0.171875,0.125,0.0,0.5968750000000007,0.49765625,0.4126354525789545,0.051060442315249865,0.06412092095239978,0.049999999999999996,-1.0,7.8999999999999995,5.0,14.0,0,0,2,0,0,61,0,1,0,0
2000215,1.0,0.05,0.75,0.36503125000000036,0.40000000000000036,0.03496875000000001,-6,34.96875,5.0,0.140625,0.046875,0.0,0.5843750000000006,0.5749999999999994,0.8042123910634572,0.05001487270753948,0.7979591627601652,0.049999999999999996,-0.25,0.6500000000000001,2.0,10.0,0,1,0,0,3,27,0,1,32,0
2000216,1.0,0.05,0.75,0.38176562500000033,0.40000000000000036,0.01823437500000001,-8,18.234375,3.578125,0.1875,0.0625,0.0,0.5937500000000006,0.5257812499999999,0.7912321144912632,0.05059884340845263,0.757378196734766,0.049999999999999996,-0.7,1.1000000000000003,3.0,13.0,0,0,0,0,2,51,0,0,11,0
2000217,0.0,0.05,0.75,7.385374999999999,7.399999999999999,0.014625000000000011,-3,14.625,3.5,0.1875,0.140625,0.0,0.5875000000000006,0.5187499999999998,0.4802078401867467,0.05542595229015577,0.07890965957314094,0.05,-0.95,8.350000000000001,4.0,17.0,0,0,0,1,2,53,0,0,8,0
2000218,1.0,0.05,0.75,0.27048437499999894,0.29999999999999893,0.029515625000000014,-10,29.515625,4.640625,0.21875,0.0625,0.0,0.5812500000000006,0.5351562499999998,0.9153772536726325,0.05857874983438861,0.9042682701697482,0.05,-1.4499999999999997,1.7500000000000004,8.0,10.0,0,0,0,2,1,46,0,1,14,0
2000219,1.0,0.05,0.75,-1.2319218749999994,-1.1999999999999993,0.031921875,-8,31.921875,4.671875,0.140625,0.015625,0.0,0.5906250000000006,0.5609374999999994,0.9362978698332733,0.0500136862301524,0.9354088952089494,0.05,-0.6499999999999999,-0.5499999999999998,4.0,6.0,0,0,0,1,1,36,0,0,26,0
2000220,1.0,0.05,0.75,0.28592187499999894,0.29999999999999893,0.01407812500000001,-7,14.078125,3.171875,0.15625,0.046875,0.0,0.5906250000000006,0.5093749999999999,0.7319046467186477,0.050065170462637885,0.6812699149495584,0.04999999999999999,-1.0999999999999999,1.4000000000000004,5.0,8.0,0,0,0,0,2,58,0,1,3,0
2000221,1.0,0.05,0.75,0.33773437499999964,0.34999999999999964,0.01226562500000001,-8,12.265625,2.796875,0.171875,0.046875,0.0,0.5906250000000006,0.5421874999999998,0.9344548485140223,0.05048317916367839,0.9276714255261912,0.05000000000000001,-1.0499999999999998,1.4000000000000001,6.0,8.0,0,0,0,1,0,45,0,1,17,0
2000222,0.0,0.05,0.75,6.780984374999999,6.799999999999999,0.01901562500000001,-6,19.015625,3.984375,0.15625,0.0625,0.0,0.5906250000000006,0.5187499999999999,0.6342061756532756,0.05005460413459407,0.5556176164929771,0.05,-0.4,7.199999999999999,2.0,12.0,0,1,1,0,1,51,0,1,9,0
2000223,0.0,0.05,0.75,5.6978906249999985,5.699999999999998,0.0021093750000000014,-2,2.109375,1.296875,0.140625,0.109375,0.015625,0.590476190476191,0.4452380952380952,0.22015051345247413,0.05013840152414797,0.005024821504525578,0.05000000000000001,-0.8999999999999999,6.599999999999999,4.0,12.0,0,0,23,1,1,38,0,0,0,1
2000224,0.0,0.05,0.75,3.7994218749999997,3.8,0.0005781250000000004,-1,0.578125,0.578125,0.09375,0.078125,0.0,0.5937500000000008,0.50703125,0.7367126504668079,0.05000484941587464,0.27553210796014255,0.05,-0.4,4.199999999999999,2.0,9.0,1,0,1,0,0,57,0,0,5,0
2000225,1.0,0.05,0.75,-1.7329843749999994,-1.6999999999999993,0.032984375000000024,-9,32.984375,4.640625,0.15625,0.015625,0.0,0.5593750000000005,0.5562499999999996,0.9370452290403687,0.05002290797039698,0.9364499415663057,0.05,-0.19999999999999996,-1.5,1.0,10.0,1,0,0,1,5,32,1,2,22,0
2000226,0.0,0.05,0.75,6.898421874999998,6.899999999999998,0.001578125000000001,-3,1.578125,0.828125,0.171875,0.125,0.0,0.5906250000000007,0.5,0.4569093477437729,0.05133166821670512,0.06793962250778188,0.05,-1.2,8.1,6.0,13.0,0,0,1,1,0,61,0,1,0,0
2000227,0.0,0.05,0.75,8.787796875,8.799999999999999,0.012203125000000009,-5,12.203125,3.140625,0.21875,0.140625,0.0,0.5843750000000006,0.5398437499999998,0.7320460193567304,0.10396551927291572,0.30774842328600166,0.05000000000000001,-1.6500000000000001,10.450000000000001,6.0,17.0,1,0,1,1,0,42,0,1,18,0
2000228,0.0,0.05,0.75,5.446406249999999,5.449999999999999,0.0035937500000000023,-4,3.59375,1.4375,0.125,0.0625,0.0,0.5937500000000007,0.509375,0.6282917050355191,0.050015489890540304,0.4446582189327462,0.05,-0.75,6.199999999999999,3.0,9.0,0,0,0,0,1,59,0,1,3,0
2000229,0.0,0.05,0.75,7.479828124999999,7.499999999999999,0.02017187500000001,-6,20.171875,3.984375,0.171875,0.078125,0.0,0.5906250000000006,0.51171875,0.503218612990673,0.050220447976805575,0.3637797117182704,0.05,-0.4,7.900000000000001,2.0,14.0,0,0,0,0,3,56,0,0,5,0
2000230,1.0,0.05,0.75,-0.8422968750000007,-0.8000000000000007,0.04229687500000001,-10,42.296875,5.734375,0.1875,0.03125,0.0,0.5906250000000006,0.5960937499999994,0.9872845974666661,0.051226804194009136,0.987126315086005,0.05000000000000002,-0.30000000000000004,-0.5,3.0,11.0,0,0,0,1,0,22,0,1,40,0
2000231,0.0,0.05,0.75,3.9471562499999995,3.9499999999999993,0.0028437500000000017,0,2.84375,1.46875,0.109375,0.109375,0.0,0.5906250000000006,0.51875,0.5644600379743788,0.05001911984028125,0.10573314788198078,0.049999999999999996,-0.6000000000000001,4.549999999999999,3.0,11.0,0,0,1,0,1,53,0,2,7,0
2000232,0.0,0.05,0.75,4.298765624999999,4.299999999999999,0.0012343750000000007,2,1.234375,0.890625,0.125,0.15625,0.0,0.5937500000000007,0.50234375,0.494137008684209,0.05065820272955604,0.009974187786486177,0.049999999999999996,-0.8,5.099999999999999,4.0,14.0,0,0,0,0,1,62,0,1,0,0
2000233,0.0,0.05,0.75,8.328984374999997,8.349999999999998,0.02101562500000001,-6,21.015625,4.078125,0.1875,0.09375,0.0,0.5843750000000006,0.5304687499999997,0.6808494975375406,0.052664670641693244,0.5415924551741517,0.05,-0.4,8.749999999999998,2.0,16.0,0,0,0,1,0,50,0,3,10,0
2000234,1.0,0.05,0.75,-0.5294843750000009,-0.5000000000000009,0.02948437500000002,-8,29.484375,4.859375,0.15625,0.03125,0.0,0.5937500000000007,0.5562499999999997,0.8176747675396687,0.05002299708141856,0.8143816801726014,0.049999999999999996,-0.19999999999999996,-0.2999999999999996,1.0,11.0,0,0,0,0,2,38,0,0,24,0
2000235,1.0,0.05,0.75,3.695218749999998,3.6999999999999984,0.004781250000000003,-4,4.78125,1.96875,0.1875,0.125,0.0,0.6000000000000008,0.528125,0.72569340876526,0.06012783171636529,0.3050811869507599,0.049999999999999996,-1.1999999999999997,4.8999999999999995,6.0,14.0,0,0,0,0,0,52,0,0,12,0
2000236,0.0,0.05,0.75,6.796406249999999,6.799999999999999,0.003593750000000002,-1,3.59375,1.6875,0.1875,0.171875,0.0,0.6000000000000006,0.5679687499999999,0.7486092060320405,0.06939954965487485,0.15977935421534628,0.05000000000000001,-1.15,7.95,5.0,18.0,0,0,0,0,0,35,0,0,29,0
2000237,1.0,0.05,0.75,2.1940624999999985,2.1999999999999984,0.005937500000000004,-4,5.9375,2.03125,0.140625,0.078125,0.0,0.5968750000000007,0.5,0.5820510843804467,0.05008827563996599,0.291352169825768,0.05,-0.3999999999999999,2.5999999999999996,2.0,12.0,0,0,0,0,1,63,0,0,0,0
2000238,0.0,0.05,0.75,6.145999999999998,6.149999999999998,0.004000000000000002,0,4.0,1.65625,0.1875,0.1875,0.0,0.5906250000000006,0.41328125000000016,0.011927853414976156,0.1256977874004329,1.5236535150706816e-05,0.049999999999999996,-1.5500000000000003,7.699999999999999,9.0,15.0,0,0,40,0,1,20,0,2,1,0
2000239,1.0,0.05,0.75,1.1243906250000004,1.1500000000000004,0.025609374999999993,-7,25.609375,4.609375,0.171875,0.0625,0.0,0.5906250000000006,0.5726562499999994,0.9738043066457879,0.051594855274465716,0.97014363044572,0.05,-0.40000000000000013,1.55,5.0,10.0,0,1,0,1,0,30,0,0,32,0
2000240,1.0,0.05,0.75,1.2682500000000025,1.3000000000000025,0.03174999999999999,-5,31.75,5.15625,0.15625,0.078125,0.0,0.5843750000000005,0.5890624999999995,0.8980441988704263,0.0501344397731933,0.8858876437724602,0.05,-0.30000000000000004,1.5999999999999996,3.0,12.0,1,0,0,0,3,21,0,0,39,0
2000241,1.0,0.05,0.75,-0.37804687500000145,-0.3500000000000014,0.028046875000000013,-8,28.046875,4.453125,0.171875,0.046875,0.0,0.5875000000000007,0.5281249999999997,0.8481435902009878,0.05011693896110174,0.8343015909218799,0.05,0.0,-0.34999999999999964,0.0,14.0,0,0,2,1,0,47,0,2,12,0
2000242,0.0,0.05,0.75,4.1915781249999995,4.199999999999999,0.008421875000000006,-3,8.421875,2.578125,0.09375,0.046875,0.0,0.5906250000000006,0.5117187499999999,0.5538261750067557,0.05000087391648704,0.41269315257477135,0.049999999999999996,-0.4,4.6,2.0,7.0,0,0,0,0,2,57,0,1,4,0
2000243,0.0,0.05,0.75,5.445437499999999,5.449999999999998,0.004562500000000002,-1,4.5625,1.71875,0.140625,0.125,0.0,0.5906250000000007,0.50234375,0.42110239525140053,0.05017794602891212,0.040535043402593104,0.049999999999999996,-0.6000000000000001,6.049999999999998,3.0,14.0,1,0,2,0,0,57,0,1,3,0
2000244,0.0,0.05,0.75,4.8974375,4.8999999999999995,0.0025625000000000014,-2,2.5625,1.46875,0.125,0.09375,0.0,0.5906250000000005,0.5234375,0.3582421279925642,0.050012024100882256,0.14448374131797137,0.05000000000000001,-0.55,5.449999999999999,2.0,12.0,0,0,2,0,0,50,0,3,9,0
2000245,0.0,0.05,0.75,3.344218749999999,3.349999999999999,0.005781250000000004,0,5.78125,2.09375,0.109375,0.109375,0.0,0.5937500000000007,0.4437500000000003,0.3102939074943067,0.05001262277309566,0.00989238605490677,0.049999999999999996,-0.6000000000000001,3.9499999999999997,3.0,11.0,0,1,25,0,0,36,0,1,1,0
2000246,0.0,0.05,0.75,3.1476718750000003,3.1500000000000004,0.002328125000000001,0,2.328125,1.171875,0.09375,0.09375,0.0,0.5843750000000006,0.4882812500000001,0.3943089956990721,0.05000354812054329,0.05394906761554325,0.05,-0.6000000000000001,3.75,3.0,9.0,0,1,4,2,0,57,0,0,0,0
2000247,1.0,0.05,0.75,2.120140625000002,2.150000000000002,0.029859375000000014,-4,29.859375,4.953125,0.15625,0.09375,0.015625,0.5841269841269847,0.5928571428571422,0.887666031259518,0.05038884766449186,0.8546188946023464,0.049999999999999996,0.0,2.1499999999999995,0.0,16.0,0,0,0,2,1,21,0,0,39,1
2000248,0.0,0.05,0.75,4.047671875,4.05,0.0023281250000000016,0,2.328125,1.328125,0.109375,0.109375,0.0,0.5843750000000006,0.5046875,0.38589137440129234,0.0500203311175481,0.04536472377751981,0.05,-0.6000000000000001,4.6499999999999995,3.0,11.0,1,0,2,0,0,56,0,3,2,0
2000249,1.0,0.05,0.75,0.17328124999999928,0.1999999999999993,0.02671875,-8,26.71875,4.375,0.1875,0.0625,0.015625,0.587301587301588,0.5380952380952378,0.8646825523502858,0.050840687313352534,0.8470407902912885,0.05,-0.050000000000000044,0.25000000000000044,1.0,15.0,1,0,0,0,1,44,0,1,16,1
2000250,0.0,0.05,0.75,5.697421874999998,5.699999999999998,0.002578125000000002,-2,2.578125,1.328125,0.140625,0.109375,0.0,0.5843750000000005,0.5046875,0.5195033427692768,0.05014687619036058,0.10530628609136619,0.05,-1.3,6.999999999999999,6.0,10.0,0,0,0,1,3,58,0,0,2,0
2000251,1.0,0.05,0.75,0.9865624999999982,0.9999999999999982,0.01343750000000001,-7,13.4375,3.15625,0.171875,0.0625,0.0,0.5937500000000007,0.50234375,0.7112988011866451,0.0505108338900439,0.6063046095870436,0.05,0.0,1.0000000000000007,0.0,15.0,0,0,0,0,1,62,0,1,0,0
2000252,0.0,0.05,0.75,6.096171874999999,6.099999999999999,0.0038281250000000017,-2,3.828125,1.578125,0.15625,0.125,0.0,0.5875000000000008,0.5257812500000001,0.4395674219811385,0.05037620732774811,0.09542880543911515,0.05,-0.95,7.049999999999999,4.0,14.0,0,0,0,2,0,51,0,0,11,0
2000253,0.0,0.05,0.75,1.4364531249999992,1.4499999999999993,0.01354687500000001,5,13.546875,3.515625,0.078125,0.15625,0.03125,0.5935483870967748,0.3983870967741938,0.09312038614312598,0.05028133875630086,0.0001774644459771692,0.05,-1.6,3.0499999999999994,9.0,6.0,0,0,44,0,1,15,0,1,1,2
2000254,0.0,0.05,0.75,7.048578124999999,7.049999999999999,0.001421875000000001,-2,1.421875,0.921875,0.1875,0.15625,0.0,0.5875000000000007,0.5328124999999999,0.7105941914182737,0.06529024428553169,0.1142280592585029,0.05,-1.3,8.349999999999998,5.0,17.0,0,0,1,1,0,47,0,2,13,0
2000255,1.0,0.05,0.75,1.3941874999999986,1.3999999999999986,0.005812500000000004,-5,5.8125,2.0625,0.140625,0.0625,0.0,0.6000000000000008,0.5046875,0.6229187720097206,0.050050260971837304,0.45767570635494065,0.05,0.0,1.4000000000000006,0.0,13.0,0,0,0,0,0,62,0,0,2,0
2000256,1.0,0.05,0.75,-0.7795625,-0.75,0.029562500000000016,-9,29.5625,4.90625,0.171875,0.03125,0.0,0.6000000000000008,0.5703124999999997,0.9506619581549449,0.050162165640428635,0.9499118683447619,0.049999999999999996,-0.44999999999999996,-0.2999999999999998,3.0,10.0,0,0,0,0,0,34,0,0,30,0
2000257,1.0,0.05,0.75,0.034390624999999814,0.04999999999999982,0.015609375000000012,-5,15.609375,3.609375,0.109375,0.03125,0.015625,0.5936507936507943,0.5214285714285714,0.7501532900957799,0.05000256014669301,0.7140657945171753,0.05,-0.5999999999999999,0.6500000000000001,3.0,6.0,0,0,0,0,2,52,0,0,9,1
2000258,1.0,0.05,0.75,0.46334375,0.5,0.036656250000000015,-8,36.65625,5.625,0.15625,0.03125,0.0,0.6000000000000006,0.6406249999999993,0.9987657693652915,0.053412506007571164,0.9987395931317835,0.049999999999999996,-0.40000000000000013,0.8999999999999997,5.0,7.0,0,0,0,0,0,4,0,0,60,0
2000259,0.0,0.05,0.75,5.698656249999999,5.699999999999999,0.0013437500000000008,-2,1.34375,0.9375,0.140625,0.109375,0.0,0.5906250000000006,0.5,0.5591711018414713,0.050172987173948816,0.10530628609136647,0.05,-0.2,5.8999999999999995,1.0,15.0,0,0,1,0,2,60,0,1,0,0
2000260,0.0,0.05,0.75,6.047046874999999,6.049999999999999,0.0029531250000000018,-4,2.953125,1.484375,0.140625,0.078125,0.0,0.5718750000000005,0.49531249999999993,0.5558729800902885,0.05006419193973954,0.26759854230636804,0.049999999999999996,-0.2,6.249999999999999,1.0,13.0,0,0,5,3,0,53,0,3,0,0
2000261,0.0,0.05,0.75,7.592359375000001,7.6000000000000005,0.007640625000000005,-5,7.640625,2.546875,0.203125,0.125,0.0,0.6000000000000006,0.4273437499999999,0.16287257201103375,0.05173771290328521,0.00749167143057904,0.05,-0.25,7.8500000000000005,2.0,19.0,0,0,31,0,0,33,0,0,0,0
2000262,0.0,0.05,0.75,4.7985,4.8,0.0015000000000000005,-2,1.5,0.8125,0.125,0.09375,0.0,0.5750000000000006,0.5,0.5397986807642415,0.05002595843955442,0.147851835113066,0.05,-0.6000000000000001,5.3999999999999995,2.0,12.0,0,0,0,4,0,60,0,0,0,0
2000263,0.0,0.05,0.75,6.248281249999998,6.249999999999998,0.001718750000000001,-2,1.71875,1.0,0.15625,0.125,0.0,0.5968750000000007,0.50234375,0.4225411382215787,0.0504526242011831,0.05398997581993593,0.049999999999999996,-0.6000000000000001,6.849999999999999,3.0,15.0,0,0,1,0,0,61,0,1,1,0
2000264,0.0,0.05,0.75,1.8480625000000004,1.8500000000000003,0.0019375000000000013,2,1.9375,1.25,0.0625,0.09375,0.0,0.5968750000000007,0.4859375000000001,0.46437246852380143,0.05000130930181429,0.03806197185276826,0.05,-0.6000000000000001,2.45,3.0,7.0,0,0,7,0,0,56,0,1,0,0
2000265,1.0,0.05,0.75,-0.6803906250000004,-0.6500000000000004,0.030390625,-8,30.390625,4.796875,0.15625,0.03125,0.0,0.5968750000000007,0.5585937499999996,0.95672993233303,0.05007663522542566,0.9553050790025257,0.05000000000000001,-0.75,0.10000000000000009,4.0,8.0,0,1,0,0,0,37,0,0,26,0
2000266,0.0,0.05,0.75,4.946687499999999,4.949999999999998,0.0033125000000000016,1,3.3125,1.5625,0.140625,0.15625,0.0,0.5968750000000007,0.5398437500000001,0.43807602779408195,0.0511214562216541,0.029242200981471535,0.04999999999999999,-1.3499999999999999,6.299999999999999,6.0,13.0,0,0,0,0,1,46,0,0,17,0
2000267,1.0,0.05,0.75,0.37618749999999945,0.39999999999999947,0.0238125,-6,23.8125,4.0625,0.140625,0.046875,0.0,0.5937500000000008,0.5234374999999998,0.7507664401815546,0.05001950330411062,0.7121425273836874,0.05000000000000001,0.0,0.40000000000000036,0.0,12.0,1,0,1,0,0,50,0,0,12,0
2000268,0.0,0.05,0.75,2.5982031249999995,2.5999999999999996,0.0017968750000000012,2,1.796875,1.046875,0.078125,0.109375,0.0,0.5937500000000007,0.50234375,0.4379967950282548,0.050008876875574315,0.028468156513122258,0.049999999999999996,-0.6000000000000001,3.1999999999999993,3.0,9.0,0,0,0,0,1,62,0,1,0,0
2000269,1.0,0.05,0.75,-1.4287187499999996,-1.3999999999999995,0.02871875000000002,-8,28.71875,4.375,0.140625,0.015625,0.0,0.5843750000000006,0.5374999999999996,0.9287307159177761,0.0500109946415682,0.9264772254247805,0.05,-0.85,-0.5499999999999998,4.0,6.0,0,0,0,2,1,45,0,0,16,0
2000270,0.0,0.05,0.75,5.697968749999999,5.699999999999999,0.0020312500000000014,-3,2.03125,1.15625,0.140625,0.09375,0.0,0.5875000000000007,0.5,0.41731672156359906,0.05004584018999116,0.13658143409751736,0.05,-1.0,6.699999999999999,5.0,10.0,0,0,3,1,0,57,0,2,1,0
2000271,0.0,0.05,0.75,5.093968749999999,5.1,0.006031250000000002,-5,6.03125,1.71875,0.109375,0.03125,0.015625,0.5841269841269846,0.5190476190476189,0.6796848868045756,0.05000183937447417,0.6402557093640107,0.05,0.0,5.1,0.0,9.0,0,0,0,0,2,53,0,3,5,1
2000272,0.0,0.05,0.75,2.54834375,2.55,0.001656250000000001,1,1.65625,1.125,0.078125,0.09375,0.0,0.5937500000000007,0.5046875,0.519457154023366,0.05000191783407773,0.07758422522490971,0.05,-0.2,2.75,1.0,10.0,0,0,1,0,0,60,0,2,1,0
2000273,1.0,0.05,0.75,1.8403437499999988,1.8499999999999988,0.009656250000000007,-5,9.65625,2.4375,0.15625,0.078125,0.0,0.5968750000000007,0.50703125,0.636308038101454,0.050245630878029836,0.41583567167690827,0.05,-0.19999999999999996,2.0500000000000007,1.0,14.0,0,0,0,0,0,61,0,1,2,0
2000274,1.0,0.05,0.75,2.0909687499999996,2.0999999999999996,0.009031250000000006,-3,9.03125,2.90625,0.125,0.078125,0.0,0.5906250000000006,0.5867187499999997,0.7634986254758444,0.05001627996164871,0.722217804238998,0.05,-0.44999999999999996,2.55,3.0,10.0,0,0,0,0,2,25,0,1,36,0
2000275,1.0,0.05,0.75,1.4652812500000019,1.5000000000000018,0.034718750000000013,-6,34.71875,5.3125,0.171875,0.078125,0.0,0.5875000000000007,0.5726562499999994,0.9488452097300641,0.05127710871687419,0.9359625273544036,0.05,-0.55,2.05,5.0,11.0,1,0,0,0,1,30,0,1,31,0
2000276,1.0,0.05,0.75,-1.2955625000000017,-1.2500000000000018,0.04556250000000002,-12,45.5625,5.5,0.21875,0.03125,0.0,0.5875000000000007,0.5468749999999997,0.9868103378843414,0.056446907518602,0.9862075683712139,0.05000000000000001,-0.6499999999999999,-0.5999999999999999,4.0,12.0,0,0,0,1,2,41,0,0,20,0
2000277,1.0,0.05,0.75,0.38478124999999946,0.39999999999999947,0.015218750000000012,-7,15.21875,3.0625,0.15625,0.046875,0.0,0.5968750000000007,0.5140624999999999,0.8768757298978235,0.05018388586941711,0.8421786772105723,0.049999999999999996,-0.8499999999999999,1.2500000000000002,5.0,8.0,0,0,0,0,0,58,0,1,5,0
2000278,1.0,0.05,0.75,2.290156249999999,2.299999999999999,0.009843750000000007,-6,9.84375,2.8125,0.1875,0.09375,0.0,0.5875000000000006,0.53515625,0.6394118082796747,0.05188019906452436,0.5070268880351673,0.05,-0.3999999999999999,2.7,2.0,16.0,0,0,0,0,3,46,0,1,14,0
2000279,0.0,0.05,0.75,5.448281249999999,5.449999999999999,0.001718750000000001,-2,1.71875,1.03125,0.140625,0.109375,0.0,0.5937500000000007,0.49765625,0.4493178662141102,0.05009245788186119,0.07531726407861587,0.05,-0.4,5.85,2.0,14.0,1,0,1,0,0,61,0,0,1,0
2000280,1.0,0.05,0.75,1.1831406249999992,1.1999999999999993,0.016859375000000013,-6,16.859375,3.609375,0.15625,0.0625,0.0,0.6000000000000008,0.5046875,0.8400993885287455,0.05043950093561444,0.7222010687928586,0.05,-0.5999999999999999,1.8000000000000003,3.0,11.0,0,0,0,0,0,62,0,0,2,0
2000281,1.0,0.05,0.75,0.9264687499999993,0.9499999999999993,0.023531250000000007,-9,23.53125,4.09375,0.21875,0.078125,0.0,0.5968750000000007,0.5515624999999996,0.9333806667720046,0.06572881513295713,0.9184353187187683,0.049999999999999996,-0.44999999999999996,1.4000000000000004,3.0,16.0,0,0,0,0,1,41,0,0,22,0
2000282,1.0,0.05,0.75,-0.15824999999999967,-0.09999999999999964,0.05825000000000001,-11,58.25,6.78125,0.203125,0.03125,0.015625,0.6000000000000008,0.6142857142857137,0.9996511494712084,0.12796528028380666,0.9994883315792477,0.049999999999999996,-0.5000000000000002,0.3999999999999999,7.0,8.0,0,0,0,0,0,15,0,0,48,1
2000283,0.0,0.05,0.75,2.394796875,2.4,0.005203125000000004,5,5.203125,1.953125,0.09375,0.171875,0.015625,0.587301587301588,0.4857142857142859,0.30469139118654576,0.051817279489432704,0.0010487240458570545,0.05000000000000001,-1.05,3.45,6.0,11.0,0,1,6,1,0,54,0,1,0,1
2000284,1.0,0.05,0.75,1.3766562500000012,1.4000000000000012,0.023343750000000007,-6,23.34375,4.53125,0.15625,0.0625,0.015625,0.5936507936507942,0.5833333333333329,0.967668622278934,0.05078485077007973,0.9631490580641789,0.04999999999999999,-0.050000000000000044,1.45,1.0,13.0,0,1,0,0,0,26,0,1,35,1
2000285,1.0,0.05,0.75,0.2723593749999989,0.29999999999999893,0.027640625000000005,-9,27.640625,4.640625,0.203125,0.0625,0.0,0.6000000000000008,0.5679687499999997,0.9172919661053739,0.051746918379832904,0.9132538407197057,0.049999999999999996,-0.6499999999999999,0.9500000000000002,4.0,13.0,0,0,0,0,0,35,0,0,29,0
2000286,0.0,0.05,0.75,8.181734375,8.2,0.01826562500000001,-8,18.265625,3.296875,0.171875,0.046875,0.0,0.5906250000000007,0.509375,0.79553186040585,0.05025086758234866,0.7596803231267496,0.05,-0.4,8.6,2.0,12.0,1,0,0,0,0,58,0,1,4,0
2000287,1.0,0.05,0.75,2.844171875,2.8499999999999996,0.005828125000000004,-3,5.828125,2.046875,0.140625,0.09375,0.0,0.5937500000000007,0.5140624999999999,0.7562653289844854,0.05023272112251631,0.3692550804587057,0.05,-0.3999999999999999,3.25,2.0,13.0,0,0,0,0,2,56,0,0,6,0
2000288,1.0,0.05,0.75,1.931656250000001,1.950000000000001,0.01834375000000001,-4,18.34375,3.90625,0.125,0.0625,0.0,0.5843750000000005,0.6007812499999995,0.9255407759092261,0.050053400284185194,0.9178614552804151,0.05,-0.40000000000000013,2.35,5.0,7.0,1,0,0,0,2,17,0,1,43,0
2000289,1.0,0.05,0.75,-1.1314374999999997,-1.0999999999999996,0.03143750000000001,-9,31.4375,5.09375,0.15625,0.015625,0.0,0.5937500000000007,0.5867187499999995,0.9744771860412721,0.050087380350565085,0.9743093945896462,0.04999999999999999,-0.8499999999999999,-0.25,5.0,6.0,0,0,0,0,0,27,1,0,36,0
2000290,0.0,0.05,0.75,4.998343749999998,4.999999999999998,0.001656250000000001,0,1.65625,1.09375,0.15625,0.15625,0.0,0.5812500000000005,0.4296875000000002,0.3703842849297136,0.05081854150105259,0.00252453975930927,0.05,-0.6500000000000001,5.649999999999999,4.0,16.0,0,1,32,1,1,26,0,2,1,0
2000291,0.0,0.05,0.75,5.697921875,5.699999999999999,0.002078125000000001,-3,2.078125,1.078125,0.140625,0.09375,0.0,0.6000000000000008,0.49531250000000004,0.4568659392778167,0.05005815331432342,0.13658143409751797,0.05000000000000001,-0.6000000000000001,6.299999999999999,3.0,12.0,0,0,2,0,0,62,0,0,0,0
2000292,0.0,0.05,0.75,6.9410937499999985,6.949999999999998,0.008906250000000006,-6,8.90625,2.53125,0.15625,0.0625,0.0,0.5906250000000006,0.5046875,0.5965752857912696,0.05007288315916677,0.48062878110114216,0.05,-0.2,7.1499999999999995,1.0,13.0,0,0,1,0,2,58,0,1,2,0
2000293,1.0,0.05,0.75,-0.11598437500000143,-0.10000000000000142,0.015984375000000006,-9,15.984375,3.078125,0.1875,0.046875,0.0,0.5937500000000007,0.5070312499999999,0.8217890930559862,0.05059971867824292,0.7959420355024434,0.049999999999999996,-0.3999999999999999,0.3000000000000005,2.0,13.0,0,0,0,0,2,59,0,0,3,0
2000294,1.0,0.05,0.75,0.5944999999999997,0.5999999999999996,0.005500000000000004,-3,5.5,2.03125,0.078125,0.03125,0.0,0.6000000000000008,0.5046875,0.6318810099560472,0.050000272655432804,0.5163755003310235,0.05000000000000001,-0.19999999999999996,0.8000000000000003,1.0,6.0,0,0,0,0,0,62,0,0,2,0
2000295,1.0,0.05,0.75,0.8322812500000014,0.8500000000000014,0.017718750000000005,-9,17.71875,3.4375,0.21875,0.078125,0.0,0.5906250000000006,0.5210937499999999,0.775624736234717,0.05802251032912461,0.7231273771546833,0.05,-0.5999999999999999,1.4500000000000006,3.0,16.0,0,0,0,0,2,53,0,1,8,0
2000296,0.0,0.05,0.75,6.8979062499999975,6.899999999999998,0.0020937500000000014,-2,2.09375,1.21875,0.1875,0.15625,0.0,0.5937500000000007,0.48359375,0.5632043489968047,0.05916916634929491,0.02657400144368788,0.049999999999999996,-0.2,7.099999999999998,1.0,21.0,0,0,9,0,0,53,0,2,0,0
2000297,0.0,0.05,0.75,3.99896875,4.0,0.0010312500000000005,-2,1.03125,0.6875,0.09375,0.0625,0.0,0.6000000000000008,0.49765625,0.5729672560713989,0.05000195399737651,0.2550294338457381,0.05000000000000001,-0.6000000000000001,4.6,3.0,7.0,0,0,1,0,0,63,0,0,0,0
2000298,1.0,0.05,0.75,1.238953125,1.25,0.011046875000000005,-8,11.046875,2.640625,0.203125,0.078125,0.0,0.5843750000000005,0.5374999999999999,0.8388182266363888,0.05489586653249042,0.8000689621588255,0.05000000000000001,-0.3999999999999999,1.65,2.0,16.0,0,0,0,1,2,45,0,1,15,0
2000299,1.0,0.05,0.75,0.5843906249999978,0.5999999999999979,0.015609375000000009,-8,15.609375,3.265625,0.1875,0.0625,0.0,0.5937500000000007,0.5,0.8083539748279929,0.05180719563961283,0.7366880334948191,0.05,-0.7999999999999998,1.4000000000000001,4.0,12.0,0,0,0,1,0,63,0,0,0,0
2000300,0.0,0.05,0.75,5.196249999999999,5.199999999999999,0.003750000000000003,-2,3.75,1.6875,0.125,0.09375,0.0,0.5875000000000006,0.5046875,0.48455525054464255,0.050030383214841295,0.12912665937884643,0.05000000000000001,-1.0,6.199999999999999,5.0,9.0,0,0,0,1,1,60,0,1,1,0
2000301,0.0,0.05,0.75,5.796578124999998,5.799999999999998,0.003421875000000002,-3,3.421875,1.546875,0.140625,0.09375,0.0,0.5906250000000006,0.5046875000000001,0.5859687451383235,0.050112484234352335,0.2224310075154651,0.05,-1.0,6.799999999999999,4.0,11.0,1,0,0,0,1,59,0,0,3,0
2000302,0.0,0.05,0.75,3.5969374999999997,3.5999999999999996,0.003062500000000002,-1,3.0625,1.65625,0.09375,0.078125,0.0,0.5906250000000006,0.5070312499999999,0.5992373873422492,0.05000287409175907,0.20218076145137645,0.05,-0.65,4.25,2.0,9.0,0,0,0,0,0,61,0,3,0,0
2000303,1.0,0.05,0.75,0.4337499999999993,0.4499999999999993,0.016250000000000007,-6,16.25,3.0,0.140625,0.046875,0.015625,0.5968253968253975,0.5119047619047618,0.753195637603255,0.05004140779268821,0.6894606529796737,0.05,-0.3999999999999999,0.8500000000000003,2.0,10.0,0,0,0,0,1,57,0,0,5,1
2000304,0.0,0.05,0.75,4.198249999999999,4.199999999999999,0.0017500000000000011,2,1.75,1.125,0.125,0.15625,0.0,0.5937500000000007,0.48828125000000006,0.21907389226060875,0.05148035359865234,0.0017070252009169441,0.05,-0.5,4.699999999999999,4.0,14.0,0,0,7,0,0,55,1,0,1,0
2000305,0.0,0.05,0.75,4.249484374999999,4.249999999999999,0.0005156250000000003,-1,0.515625,0.515625,0.109375,0.09375,0.0,0.5968750000000007,0.49062500000000003,0.5302326517823487,0.05001055334008878,0.0888731630255525,0.05,-0.8,5.049999999999999,4.0,9.0,0,0,4,0,1,59,0,0,0,0
2000306,0.0,0.05,0.75,5.193718749999999,5.199999999999998,0.006281250000000004,-2,6.28125,2.125,0.125,0.09375,0.0,0.5937500000000007,0.5046875,0.484555250544642,0.050030383214841295,0.12912665937884618,0.05,-1.0,6.199999999999999,5.0,9.0,0,0,0,0,1,61,0,1,1,0
2000307,1.0,0.05,0.75,1.4474062499999993,1.4499999999999993,0.0025937500000000014,-4,2.59375,1.21875,0.125,0.0625,0.0,0.5937500000000007,0.49765625,0.5742097656517737,0.05001349997518676,0.35698543127862853,0.05,-0.19999999999999996,1.65,1.0,11.0,0,0,1,1,0,62,0,0,0,0
2000308,1.0,0.05,0.75,0.16179687500000106,0.20000000000000107,0.03820312500000002,-8,38.203125,5.578125,0.171875,0.046875,0.0,0.5968750000000007,0.5796874999999995,0.9442229012278355,0.05031166477257623,0.9426562570182672,0.05,-0.30000000000000004,0.5000000000000002,3.0,11.0,0,0,0,0,1,29,0,0,34,0
2000309,1.0,0.05,0.75,5.347953125,5.35,0.002046875000000001,-1,2.046875,1.203125,0.171875,0.15625,0.0,0.5968750000000007,0.5632812499999997,0.7110366980868938,0.05474663764262699,0.18396948928439266,0.05,-0.44999999999999996,5.799999999999999,3.0,18.0,0,0,1,0,0,35,0,1,27,0
2000310,1.0,0.05,0.75,-0.18092187499999857,-0.14999999999999858,0.030921875,-9,30.921875,5.078125,0.15625,0.015625,0.0,0.5968750000000006,0.6312499999999993,0.9992268558252176,0.053387616027881765,0.999212612639682,0.05,-0.2500000000000002,0.09999999999999987,5.0,6.0,0,0,0,0,0,8,0,1,55,0
2000311,1.0,0.05,0.75,0.38104687500000034,0.40000000000000036,0.01895312500000001,-8,18.953125,3.703125,0.1875,0.0625,0.0,0.5968750000000007,0.5140624999999999,0.8161236200202293,0.05103847463482559,0.7674447563796551,0.049999999999999996,-0.7999999999999998,1.2000000000000002,4.0,12.0,0,0,2,0,0,54,0,1,7,0
2000312,1.0,0.05,0.75,2.1886874999999986,2.1999999999999984,0.011312500000000007,-4,11.3125,2.75,0.140625,0.078125,0.0,0.5875000000000007,0.5,0.582051084380447,0.05008827563996598,0.2913521698257672,0.049999999999999996,-0.7999999999999998,3.0,4.0,10.0,0,0,0,1,2,61,0,0,0,0
2000313,0.0,0.05,0.75,6.9791875,7.0,0.020812500000000005,-7,20.8125,4.15625,0.15625,0.046875,0.0,0.5968750000000007,0.5328124999999999,0.7293441276929126,0.05002522417357722,0.7088444850283225,0.05,-0.4,7.4,2.0,11.0,0,0,1,0,1,47,0,0,15,0
2000314,1.0,0.05,0.75,-1.5894062500000008,-1.5500000000000007,0.03940625000000002,-9,39.40625,5.40625,0.15625,0.015625,0.0,0.5875000000000006,0.5445312499999997,0.9178828915553625,0.05002212896070911,0.9166353745343574,0.05000000000000002,0.0,-1.5499999999999994,0.0,11.0,0,0,0,1,1,43,0,1,18,0
2000315,1.0,0.05,0.75,-1.1858125000000004,-1.1500000000000004,0.03581250000000001,-11,35.8125,5.0,0.1875,0.015625,0.0,0.5906250000000006,0.5515624999999995,0.9958349160341876,0.05298456095316594,0.9956913334257866,0.049999999999999996,-0.3999999999999999,-0.75,2.0,11.0,0,0,0,1,1,40,0,0,22,0
2000316,1.0,0.05,0.75,-0.3137968750000007,-0.3000000000000007,0.013796875000000009,-7,13.796875,3.046875,0.140625,0.03125,0.0,0.5875000000000006,0.51171875,0.7896426453511526,0.05001483483283524,0.7645848535476897,0.05,-0.19999999999999996,-0.09999999999999964,1.0,10.0,0,0,0,1,1,57,0,1,4,0
2000317,1.0,0.05,0.75,-0.6219375000000015,-0.6000000000000014,0.02193750000000001,-9,21.9375,3.90625,0.171875,0.03125,0.0,0.5906250000000006,0.5046875,0.8801190336263456,0.050194288028797565,0.8664641044636608,0.05000000000000001,-0.7999999999999998,0.2000000000000004,4.0,9.0,0,1,0,0,2,58,0,0,3,0
2000318,1.0,0.05,0.75,0.6929999999999993,0.6999999999999993,0.0070000000000000045,-5,7.0,2.25,0.125,0.046875,0.0,0.5906250000000005,0.5210937499999999,0.6684571752289433,0.05000648890248969,0.607336069632331,0.05,-0.9999999999999998,1.7000000000000002,5.0,6.0,0,0,0,0,1,54,0,2,7,0
2000319,1.0,0.05,0.75,1.2356406249999992,1.2499999999999991,0.01435937500000001,-5,14.359375,3.140625,0.15625,0.078125,0.0,0.5718750000000006,0.50234375,0.6853980419857405,0.05018377636637735,0.45382471903313637,0.05000000000000001,-0.19999999999999996,1.4500000000000004,1.0,14.0,2,0,0,1,1,57,0,2,1,0
2000320,1.0,0.05,0.75,1.635093750000002,1.6500000000000021,0.01490625000000001,-6,14.90625,3.40625,0.171875,0.078125,0.015625,0.590476190476191,0.6119047619047613,0.98834578034138,0.05429631848327225,0.9867836840927428,0.05,-0.4500000000000002,2.0999999999999996,6.0,10.0,1,0,0,0,0,14,0,1,47,1
2000321,1.0,0.05,0.75,3.6448124999999987,3.6499999999999986,0.005187500000000004,-2,5.1875,1.90625,0.140625,0.109375,0.0,0.6000000000000008,0.5,0.5959231861965251,0.050194349891109054,0.11116543270989242,0.05,-0.19999999999999996,3.8499999999999996,1.0,15.0,0,0,1,0,0,62,0,0,1,0
2000322,0.0,0.05,0.75,3.4954843749999998,3.4999999999999996,0.004515625000000003,1,4.515625,1.828125,0.109375,0.125,0.0,0.5875000000000006,0.48828125,0.38516370958536006,0.05004738593921214,0.01758711732319849,0.05,-0.4,3.9,2.0,13.0,0,0,5,1,2,56,0,0,0,0
2000323,1.0,0.05,0.75,0.779984374999999,0.7999999999999989,0.02001562500000001,-8,20.015625,3.546875,0.1875,0.0625,0.0,0.5906250000000006,0.5117187499999999,0.9473829928403221,0.05670991876429372,0.9153878085900095,0.05000000000000001,-0.44999999999999996,1.2500000000000002,3.0,13.0,0,1,0,0,1,56,0,1,5,0
2000324,1.0,0.05,0.75,-0.13082812499999966,-0.09999999999999964,0.030828125,-9,30.828125,5.078125,0.1875,0.046875,0.0,0.5968750000000007,0.5820312499999996,0.9794843469777391,0.051385083664719694,0.9788385931889847,0.05000000000000001,-0.44999999999999996,0.34999999999999987,3.0,12.0,0,0,0,0,1,28,0,0,35,0
2000325,1.0,0.05,0.75,2.6437499999999985,2.6499999999999986,0.006250000000000004,-4,6.25,2.0,0.15625,0.09375,0.0,0.5968750000000007,0.50703125,0.5823779417342159,0.05035577371265164,0.25749776656902396,0.049999999999999996,-0.3999999999999999,3.049999999999999,2.0,14.0,0,0,0,0,1,60,0,0,3,0
2000326,1.0,0.05,0.75,2.3961406249999984,2.3999999999999986,0.0038593750000000026,-3,3.859375,1.546875,0.125,0.078125,0.0,0.6000000000000008,0.49765625,0.5778330857991035,0.050029437521074034,0.23333404248736359,0.05,-0.3999999999999999,2.8,2.0,11.0,0,0,1,0,0,63,0,0,0,0
2000327,0.0,0.05,0.75,2.3461874999999996,2.3499999999999996,0.0038125000000000025,2,3.8125,1.75,0.078125,0.109375,0.0,0.5843750000000005,0.5000000000000001,0.4141101318365243,0.0500074208236234,0.03045313359731286,0.049999999999999996,-0.6000000000000001,2.9500000000000006,3.0,9.0,0,0,4,0,3,53,0,2,2,0
2000328,0.0,0.05,0.75,6.098515624999998,6.099999999999999,0.0014843750000000009,0,1.484375,0.953125,0.171875,0.171875,0.0,0.5906250000000007,0.49531250000000004,0.3359544696612009,0.05765421657613237,0.006846168659082519,0.05,-1.0,7.099999999999997,5.0,17.0,0,0,3,1,0,59,0,1,0,0
2000329,0.0,0.05,0.75,6.993624999999999,6.999999999999999,0.006375000000000005,-4,6.375,2.15625,0.1875,0.125,0.0,0.5875000000000007,0.5210937499999999,0.5221541158246789,0.05223253433086753,0.17830280159865836,0.049999999999999996,-0.55,7.549999999999999,2.0,18.0,1,0,2,0,0,49,0,2,10,0
2000330,1.0,0.05,0.75,-0.17653125000000036,-0.15000000000000036,0.026531250000000006,-8,26.53125,4.59375,0.15625,0.03125,0.0,0.5812500000000005,0.5679687499999997,0.9393747449060256,0.05009860111634851,0.9378548762732635,0.05000000000000001,-0.25,0.10000000000000031,2.0,10.0,0,0,1,1,3,29,0,1,29,0
2000331,0.0,0.05,0.75,3.5984843749999986,3.5999999999999988,0.0015156250000000007,0,1.515625,0.921875,0.09375,0.09375,0.0,0.5968750000000007,0.5,0.4969545255846028,0.05000477021462697,0.07514543856402013,0.05,-0.8,4.3999999999999995,4.0,8.0,0,0,1,0,0,62,0,1,0,0
2000332,1.0,0.05,0.75,2.7488281249999984,2.7499999999999982,0.0011718750000000006,-3,1.171875,0.796875,0.140625,0.09375,0.0,0.5906250000000007,0.50234375,0.6169871513028424,0.050136166324732945,0.21880987923401524,0.05000000000000001,-0.5999999999999999,3.3500000000000005,3.0,12.0,0,0,0,1,0,62,0,1,0,0
2000333,0.0,0.05,0.75,8.19209375,8.2,0.007906250000000004,-5,7.90625,2.0,0.1875,0.109375,0.0,0.6000000000000008,0.5,0.5681755402368025,0.055936846846191636,0.1939088189945685,0.05000000000000001,-0.8,9.000000000000002,4.0,15.0,0,0,0,0,0,64,0,0,0,0
2000334,1.0,0.05,0.75,-0.16740624999999948,-0.14999999999999947,0.017406250000000012,-7,17.40625,3.8125,0.140625,0.03125,0.0,0.5906250000000005,0.5632812499999996,0.9582290914480571,0.05004789735316686,0.9564539062197046,0.05,-0.30000000000000004,0.15000000000000013,3.0,8.0,0,1,0,0,2,33,0,0,28,0
2000335,1.0,0.05,0.75,0.680296875000001,0.7000000000000011,0.019703125000000012,-9,19.703125,3.890625,0.21875,0.078125,0.0,0.5718750000000006,0.5234375,0.7743123173928306,0.05658411679408239,0.72555605043823,0.049999999999999996,-0.3999999999999999,1.1000000000000003,2.0,17.0,0,0,0,2,1,51,0,4,6,0
2000336,0.0,0.05,0.75,4.4973906249999995,4.499999999999999,0.0026093750000000015,-2,2.609375,1.390625,0.109375,0.078125,0.0,0.5812500000000006,0.49296875000000007,0.5806179578014882,0.0500085411806415,0.17066893061676944,0.049999999999999996,-0.6000000000000001,5.1,3.0,9.0,2,1,0,0,1,60,0,0,0,0
2000337,1.0,0.05,0.75,2.999578125,3.0,0.00042187500000000027,0,0.421875,0.421875,0.078125,0.078125,0.0,0.5968750000000007,0.5046875,0.4579278920440217,0.05000105916081482,0.10989221261707924,0.05,-0.19999999999999996,3.1999999999999993,1.0,9.0,0,0,0,0,0,62,0,1,1,0
2000338,0.0,0.05,0.75,8.462296875,8.5,0.037703125000000004,-8,37.703125,5.453125,0.203125,0.078125,0.015625,0.5904761904761912,0.5880952380952376,0.924160652933742,0.05229579603282502,0.9195471644188202,0.05,-0.7000000000000001,9.200000000000001,2.0,16.0,1,0,0,0,1,23,0,0,38,1
2000339,0.0,0.05,0.75,2.79953125,2.8,0.0004687500000000003,1,0.46875,0.46875,0.078125,0.09375,0.0,0.5968750000000007,0.5,0.47591374574151923,0.05000263958252195,0.05673450365356282,0.05,-0.2,3.0,1.0,10.0,0,0,1,0,0,62,0,1,0,0
2000340,0.0,0.05,0.75,6.7690624999999995,6.8,0.030937499999999986,-7,30.9375,4.8125,0.140625,0.03125,0.0,0.5937500000000007,0.5726562499999994,0.8924101532294616,0.050018620672240104,0.8902109036645589,0.05,-0.55,7.35,2.0,9.0,1,0,0,0,0,31,0,0,32,0
2000341,1.0,0.05,0.75,0.3820156249999986,0.3999999999999986,0.017984375000000007,-7,17.984375,3.734375,0.15625,0.046875,0.03125,0.5935483870967748,0.507258064516129,0.7554572735860575,0.0501708525717154,0.7006035450357833,0.049999999999999996,-0.9999999999999998,1.4000000000000001,5.0,8.0,0,0,0,0,2,57,0,0,3,2
2000342,0.0,0.05,0.75,9.77665625,9.8,0.023343750000000007,-10,23.34375,3.71875,0.203125,0.046875,0.0,0.5968750000000007,0.5140624999999999,0.8656883611388699,0.05167111619195507,0.8522597895823476,0.049999999999999996,-0.2,10.0,1.0,15.0,0,0,1,0,1,55,0,0,7,0
2000343,0.0,0.05,0.75,4.445140625,4.449999999999999,0.004859375000000003,-2,4.859375,1.890625,0.109375,0.078125,0.0,0.5937500000000007,0.5093749999999999,0.40432895846425393,0.05000384878712748,0.16681792741195806,0.05,-0.4,4.849999999999999,2.0,10.0,0,0,1,0,0,58,0,2,3,0
2000344,0.0,0.05,0.75,7.243156249999998,7.249999999999998,0.006843750000000004,-4,6.84375,2.28125,0.171875,0.109375,0.015625,0.6000000000000008,0.4952380952380952,0.5249657885475647,0.05190230822959312,0.13662868422918598,0.049999999999999996,-1.0,8.249999999999998,5.0,13.0,0,0,2,0,0,61,0,0,0,1
2000345,1.0,0.05,0.75,1.8383749999999988,1.8499999999999988,0.011625000000000009,-5,11.625,3.03125,0.15625,0.078125,0.0,0.5968750000000007,0.50234375,0.6637992748965383,0.05031051504570484,0.41583567167690777,0.05,-0.7999999999999998,2.6500000000000004,4.0,11.0,0,0,0,0,1,62,0,0,1,0
2000346,0.0,0.05,0.75,6.043765624999999,6.049999999999999,0.006234375000000002,-3,6.234375,2.046875,0.140625,0.09375,0.0,0.5937500000000007,0.5046875,0.5489244061708727,0.050130019238893334,0.17873913735407782,0.05,-0.8,6.85,4.0,11.0,0,0,0,0,0,62,0,2,0,0
2000347,0.0,0.05,0.75,4.1936874999999985,4.199999999999998,0.006312500000000002,0,6.3125,1.8125,0.109375,0.109375,0.0,0.5968750000000007,0.52109375,0.5960385661835007,0.05002399718674836,0.10868690385728977,0.049999999999999996,-1.2,5.3999999999999995,6.0,8.0,0,0,1,0,1,52,0,0,10,0
2000348,0.0,0.05,0.75,6.591578124999999,6.599999999999999,0.008421875000000006,-5,8.421875,2.328125,0.15625,0.078125,0.03125,0.5935483870967748,0.5024193548387097,0.6351743610228527,0.050365671204485145,0.4083589658741951,0.05,-1.05,7.649999999999999,4.0,11.0,0,0,1,0,1,58,0,1,1,2
2000349,0.0,0.05,0.75,8.394796874999999,8.399999999999999,0.005203125000000001,-6,5.203125,1.671875,0.1875,0.09375,0.0,0.5875000000000006,0.4953125,0.6427343724669761,0.055096405678913024,0.33055274228216464,0.05,-0.4,8.799999999999999,2.0,16.0,0,0,3,0,3,57,0,1,0,0
2000350,0.0,0.05,0.75,5.548953124999999,5.549999999999999,0.0010468750000000007,0,1.046875,0.859375,0.140625,0.140625,0.0,0.5968750000000007,0.49531250000000004,0.3221517739676239,0.05063578401170025,0.009041255816146775,0.049999999999999996,-0.8,6.349999999999999,4.0,14.0,0,0,3,0,0,60,0,1,0,0
2000351,1.0,0.05,0.75,1.5858437499999987,1.5999999999999988,0.014156250000000007,-6,14.15625,3.1875,0.171875,0.078125,0.0,0.5906250000000006,0.5093749999999999,0.7134132216005872,0.05096974362330603,0.5327159086609197,0.05,-0.19999999999999996,1.800000000000001,1.0,15.0,0,1,0,0,0,58,0,2,3,0
2000352,0.0,0.05,0.75,8.083234374999998,8.099999999999998,0.016765625000000013,-6,16.765625,3.734375,0.1875,0.09375,0.0,0.5968750000000007,0.5351562499999999,0.779071860878694,0.05346491509255669,0.6490869563217996,0.05,-1.4500000000000002,9.549999999999999,5.0,13.0,0,0,0,0,1,48,0,0,15,0
2000353,1.0,0.05,0.75,0.3289374999999996,0.34999999999999964,0.021062500000000015,-8,21.0625,4.03125,0.171875,0.046875,0.0,0.5937500000000007,0.5749999999999997,0.9297820037059462,0.050311329623534726,0.9276714255261908,0.05,-0.44999999999999996,0.8000000000000003,3.0,11.0,0,0,0,0,1,31,0,1,31,0
2000354,0.0,0.05,0.75,6.845812499999999,6.849999999999999,0.004187500000000002,-4,4.1875,1.625,0.171875,0.109375,0.0,0.5968750000000007,0.53046875,0.7553367912523928,0.05188360697746721,0.43850576954640286,0.05000000000000002,-1.45,8.299999999999999,5.0,13.0,0,0,0,0,1,50,0,0,13,0
2000355,1.0,0.05,0.75,1.9914218749999981,1.9999999999999982,0.008578125000000006,-5,8.578125,2.578125,0.15625,0.078125,0.0,0.5843750000000006,0.5046875,0.58032058663444,0.050223748402047574,0.35707739635299146,0.05,-0.9999999999999998,3.0,5.0,10.0,0,0,1,2,0,58,0,1,2,0
2000356,0.0,0.05,0.75,2.1979531249999993,2.1999999999999993,0.002046875000000001,1,2.046875,1.171875,0.0625,0.078125,0.015625,0.590476190476191,0.49047619047619057,0.5365074338694562,0.05000066266415898,0.0837389785971458,0.05000000000000001,-0.4,2.5999999999999996,2.0,7.0,0,0,5,1,0,56,0,1,0,1
2000357,0.0,0.05,0.75,5.5932499999999985,5.599999999999999,0.006750000000000005,-4,6.75,2.3125,0.125,0.0625,0.0,0.5937500000000007,0.50703125,0.5716073365826646,0.05001414974378732,0.3845079804295559,0.05,-0.2,5.799999999999999,1.0,11.0,0,0,0,0,1,60,0,1,2,0
2000358,1.0,0.05,0.75,1.191328125,1.2000000000000002,0.008671875000000006,-3,8.671875,2.796875,0.09375,0.046875,0.015625,0.5936507936507943,0.5380952380952382,0.6915748106380943,0.05000156293122235,0.6157415774315806,0.05,-0.19999999999999996,1.4000000000000001,1.0,8.0,0,0,1,1,0,44,0,0,17,1
2000359,1.0,0.05,0.75,3.09621875,3.0999999999999996,0.003781250000000003,-2,3.78125,1.625,0.125,0.09375,0.0,0.5843750000000006,0.51171875,0.5467522382932399,0.05003475956866595,0.17115154928348456,0.05000000000000001,-0.19999999999999996,3.3000000000000003,1.0,13.0,0,0,0,1,0,58,1,1,3,0
2000360,1.0,0.05,0.75,-0.3606250000000014,-0.3500000000000014,0.010625000000000006,-8,10.625,2.28125,0.15625,0.03125,0.0,0.5968750000000007,0.5093749999999999,0.8579279327311264,0.050074055136318844,0.8392059015979159,0.05,-0.19999999999999996,-0.14999999999999947,1.0,11.0,0,0,0,0,0,60,0,1,3,0
2000361,1.0,0.05,0.75,1.1266406250000003,1.1500000000000004,0.023359375000000005,-7,23.359375,3.453125,0.1875,0.078125,0.0,0.5937500000000007,0.5515624999999996,0.7164734224727296,0.05052322206401254,0.6809140103134367,0.05,-0.7999999999999998,1.9500000000000002,4.0,13.0,0,0,0,0,2,40,0,0,22,0
2000362,1.0,0.05,0.75,-0.4789062500000011,-0.45000000000000107,0.02890625000000001,-9,28.90625,4.46875,0.171875,0.03125,0.0,0.5906250000000006,0.5374999999999998,0.9236014939594074,0.05019720557453923,0.920285017125188,0.05,-0.5999999999999999,0.15000000000000036,3.0,10.0,0,0,0,1,1,46,0,0,16,0
2000363,0.0,0.05,0.75,5.598171874999999,5.6,0.0018281250000000008,-1,1.828125,1.078125,0.15625,0.140625,0.0,0.6000000000000008,0.5328124999999999,0.7651389679828398,0.05144044113644311,0.161448632823339,0.05,-1.4500000000000002,7.05,5.0,14.0,0,0,0,0,0,50,0,0,14,0
2000364,0.0,0.05,0.75,5.4968281249999995,5.499999999999999,0.003171875000000002,-1,3.171875,1.484375,0.15625,0.140625,0.0,0.5937500000000007,0.48359375,0.5363082846569822,0.05063555589962067,0.029791898307634145,0.05,-1.2,6.699999999999998,6.0,13.0,0,0,9,0,0,53,0,2,0,0
2000365,1.0,0.05,0.75,2.776124999999999,2.799999999999999,0.02387500000000001,-7,23.875,4.375,0.21875,0.109375,0.0,0.5968750000000007,0.5843749999999993,0.9964424733194984,0.21018082661209914,0.9840596092714134,0.05,-0.6500000000000001,3.4499999999999997,7.0,14.0,0,0,0,0,0,28,0,1,35,0
2000366,1.0,0.05,0.75,-0.1256250000000032,-0.1000000000000032,0.025625000000000016,-11,25.625,4.28125,0.21875,0.046875,0.0,0.5875000000000006,0.5679687499999997,0.9976135320070376,0.09805020597039588,0.9969113571178149,0.04999999999999999,-0.9500000000000001,0.8499999999999999,6.0,11.0,0,0,0,1,2,32,0,0,29,0
2000367,0.0,0.05,0.75,6.647218749999999,6.649999999999999,0.0027812500000000007,-4,2.78125,1.125,0.15625,0.09375,0.0,0.5968750000000007,0.52109375,0.48583031432812795,0.05017946809987106,0.2574977665690227,0.05,-0.2,6.849999999999999,1.0,15.0,0,0,0,0,0,55,0,1,8,0
2000368,0.0,0.05,0.75,8.638593749999998,8.649999999999999,0.011406250000000007,-5,11.40625,3.21875,0.203125,0.125,0.0,0.6000000000000006,0.53046875,0.40629250292589153,0.05684801027407029,0.1686819163644263,0.05,-1.2,9.850000000000001,6.0,15.0,0,0,0,0,0,51,0,0,13,0
2000369,0.0,0.05,0.75,7.2942343749999985,7.299999999999999,0.005765625000000003,-5,5.765625,1.765625,0.171875,0.09375,0.0,0.5906250000000006,0.5,0.5483105789233123,0.05080984213417953,0.248977120923436,0.05,-0.8,8.1,4.0,13.0,1,0,1,0,0,60,0,1,1,0
2000370,0.0,0.05,0.75,6.594281249999998,6.599999999999998,0.005718750000000003,-3,5.71875,2.15625,0.15625,0.109375,0.0,0.5843750000000006,0.509375,0.4474213452112604,0.05035283096973822,0.11646736457120141,0.049999999999999996,-0.2,6.799999999999998,1.0,16.0,0,0,0,2,0,58,0,1,3,0
2000371,1.0,0.05,0.75,1.7977343749999999,1.7999999999999998,0.002265625000000001,-3,2.265625,1.171875,0.109375,0.0625,0.0,0.5937500000000007,0.5,0.5820257969747511,0.05000595290643254,0.3162170733724755,0.05,-0.3999999999999999,2.2,2.0,9.0,0,0,0,1,0,63,0,0,0,0
2000372,1.0,0.05,0.75,0.13309375000000034,0.15000000000000036,0.01690625000000001,-8,16.90625,3.375,0.171875,0.046875,0.0,0.5937500000000007,0.5140625,0.9362986440661498,0.05076953680298229,0.9177638802778261,0.05,-0.30000000000000004,0.4500000000000004,3.0,11.0,0,0,1,1,0,55,0,0,7,0
2000373,0.0,0.05,0.75,6.527999999999999,6.549999999999999,0.022,-5,22.0,4.21875,0.15625,0.078125,0.0,0.5750000000000005,0.5374999999999998,0.6386625663131851,0.05009189198402056,0.5390371637658252,0.05,0.0,6.549999999999999,0.0,15.0,0,0,0,1,3,44,1,1,14,0
2000374,0.0,0.05,0.75,5.192499999999998,5.199999999999998,0.007500000000000006,-2,7.5,2.375,0.125,0.09375,0.0,0.6000000000000008,0.5,0.5285857905517372,0.05003653294930049,0.12912665937884624,0.05,-0.8,5.999999999999999,4.0,10.0,0,0,1,0,0,62,0,0,1,0
2000375,0.0,0.05,0.75,8.0469375,8.05,0.003062500000000002,-4,3.0625,1.21875,0.203125,0.140625,0.0,0.5937500000000007,0.4250000000000002,0.0418889183092039,0.05367724782027146,0.000616731673650289,0.049999999999999996,-0.8000000000000003,8.850000000000001,7.0,15.0,0,1,37,0,0,20,0,1,5,0
2000376,1.0,0.05,0.75,1.5931406249999986,1.5999999999999988,0.006859375000000005,-4,6.859375,2.265625,0.125,0.0625,0.015625,0.5904761904761912,0.4952380952380953,0.6460914009238105,0.05003334653073082,0.3845079804295566,0.05,-0.19999999999999996,1.8,1.0,11.0,1,0,1,0,1,60,0,0,0,1
2000377,0.0,0.05,0.75,3.447734375,3.45,0.0022656250000000016,0,2.265625,1.328125,0.09375,0.09375,0.0,0.5906250000000006,0.4906250000000001,0.508180861257086,0.05000411948054146,0.06734378435016476,0.05,-0.8,4.25,4.0,8.0,0,0,5,1,0,57,0,1,0,0
2000378,1.0,0.05,0.75,0.6665312499999992,0.6999999999999993,0.033468750000000005,-8,33.46875,5.34375,0.1875,0.0625,0.015625,0.5936507936507943,0.5976190476190472,0.9687688080423194,0.0523208935798225,0.9674878039484919,0.04999999999999999,-0.75,1.45,6.0,10.0,0,0,0,0,2,20,0,0,41,1
2000379,1.0,0.05,0.75,0.4712812499999982,0.4999999999999982,0.028718750000000008,-9,28.71875,4.40625,0.203125,0.0625,0.015625,0.5968253968253975,0.5428571428571425,0.9398115515405764,0.05630524122213641,0.9303101942249722,0.05,-0.3999999999999999,0.9000000000000001,2.0,15.0,0,0,1,0,1,42,0,0,19,1
2000380,0.0,0.05,0.75,1.993546875,2.0,0.006453125000000005,3,6.453125,2.328125,0.078125,0.125,0.0,0.5875000000000006,0.4718750000000002,0.499971546494051,0.05000943577675333,0.013416302982593968,0.05,-0.6000000000000001,2.5999999999999996,3.0,10.0,0,0,14,1,1,46,0,1,1,0
2000381,1.0,0.05,0.75,1.5846562499999979,1.5999999999999979,0.015343750000000012,-6,15.34375,3.625,0.171875,0.078125,0.0,0.5812500000000006,0.50234375,0.6981691820012544,0.050910969515378705,0.5022370289578778,0.05,0.0,1.6000000000000008,0.0,16.0,1,0,1,1,2,56,0,0,3,0
2000382,1.0,0.05,0.75,-0.07804687500000074,-0.05000000000000071,0.02804687500000002,-10,28.046875,4.640625,0.203125,0.046875,0.0,0.6000000000000008,0.5820312499999997,0.9923347594778309,0.05873023456440942,0.991850993789583,0.05,-0.30000000000000004,0.25,3.0,13.0,0,0,0,0,0,29,0,0,35,0
2000383,1.0,0.05,0.75,-0.8322812500000007,-0.8000000000000007,0.03228125000000001,-10,32.28125,4.78125,0.203125,0.046875,0.0,0.5781250000000006,0.5374999999999998,0.8544365536959543,0.05046742262363022,0.8493338692773061,0.05,-0.5999999999999999,-0.19999999999999973,3.0,13.0,1,0,0,1,3,42,0,0,17,0
2000384,0.0,0.05,0.75,2.996546874999999,2.999999999999999,0.003453125000000002,0,3.453125,1.546875,0.078125,0.078125,0.0,0.5968750000000007,0.5,0.49716461395375644,0.05000105313769773,0.10989221261707949,0.05,-0.8,3.8,4.0,6.0,0,0,1,0,0,62,0,1,0,0
2000385,0.0,0.05,0.75,5.445703124999999,5.449999999999998,0.004296875000000002,-1,4.296875,1.578125,0.140625,0.125,0.015625,0.6000000000000008,0.5047619047619047,0.5383011809875803,0.05031929701808416,0.05743157266726339,0.05,-1.0,6.449999999999999,5.0,12.0,0,0,0,0,0,61,0,0,2,1
2000386,1.0,0.05,0.75,-0.13050000000000142,-0.10000000000000142,0.03050000000000001,-10,30.5,4.4375,0.203125,0.046875,0.0,0.5875000000000007,0.5539062499999996,0.9779679065747287,0.05485526319141616,0.9764715714254155,0.05,-0.8999999999999999,0.8000000000000003,6.0,10.0,0,0,0,0,1,40,1,1,21,0
2000387,1.0,0.05,0.75,-0.2293593750000011,-0.20000000000000107,0.029359375000000007,-9,29.359375,4.671875,0.1875,0.046875,0.0,0.5875000000000006,0.5398437499999997,0.7983139494741651,0.05021628350483643,0.7902018473895263,0.05,-0.5999999999999999,0.40000000000000036,3.0,12.0,0,0,2,0,2,41,0,2,17,0
2000388,0.0,0.05,0.75,5.794031249999999,5.799999999999999,0.0059687500000000044,-5,5.96875,2.15625,0.125,0.046875,0.0,0.5875000000000006,0.5046875,0.6702820257735306,0.05001103095790976,0.5618479415883962,0.05,-0.2,5.999999999999999,1.0,10.0,0,0,0,0,2,60,0,2,0,0
2000389,1.0,0.05,0.75,0.6943593749999993,0.6999999999999993,0.005640625000000002,-5,5.640625,1.765625,0.125,0.046875,0.0,0.5875000000000006,0.5117187499999999,0.7325277450155684,0.05001275374371221,0.6410398144288959,0.05,-0.3999999999999999,1.1000000000000003,2.0,9.0,0,0,0,0,0,59,0,4,1,0
2000390,1.0,0.05,0.75,-0.36853125000000053,-0.35000000000000053,0.018531250000000003,-6,18.53125,3.84375,0.125,0.03125,0.0,0.5875000000000007,0.5351562499999998,0.7609770118424894,0.05000291057758383,0.7458983079585342,0.05,0.0,-0.34999999999999976,0.0,10.0,0,0,0,1,1,47,0,1,14,0
2000391,0.0,0.05,0.75,6.997828125,7.0,0.002171875000000001,-2,2.171875,1.140625,0.203125,0.171875,0.0,0.5843750000000006,0.5398437499999997,0.5504533243649641,0.06792986423650126,0.06058898791502946,0.05,-0.55,7.55,2.0,22.0,0,0,1,2,1,42,0,0,18,0
2000392,1.0,0.05,0.75,0.9899218749999982,0.9999999999999982,0.010078125000000007,-7,10.078125,2.703125,0.171875,0.0625,0.0,0.5968750000000007,0.5046875,0.7053455559702433,0.050465220175441056,0.6063046095870434,0.05,-0.7999999999999998,1.8,4.0,11.0,0,0,0,0,1,61,0,0,2,0
2000393,1.0,0.05,0.75,1.3198593750000014,1.3500000000000014,0.030140624999999994,-7,30.140625,5.046875,0.171875,0.0625,0.0,0.5968750000000007,0.6242187499999993,0.9898671760160542,0.052699099408464636,0.9894689188728275,0.05000000000000001,-0.15000000000000013,1.4999999999999998,3.0,12.0,0,0,0,0,1,10,0,0,53,0
2000394,1.0,0.05,0.75,0.5897187499999987,0.5999999999999988,0.010281250000000004,-6,10.28125,2.28125,0.140625,0.046875,0.0,0.5968750000000007,0.5046875,0.7156024935848293,0.0500339699151772,0.6340008734704287,0.05000000000000002,-0.3999999999999999,1.0000000000000004,2.0,10.0,0,0,0,0,0,62,0,1,1,0
2000395,0.0,0.05,0.75,6.594656249999999,6.599999999999999,0.005343750000000004,-4,5.34375,1.96875,0.15625,0.09375,0.0,0.5937500000000007,0.51171875,0.5446718989077453,0.05026019966830334,0.2667981526837144,0.05,-1.0,7.599999999999999,4.0,12.0,0,0,0,1,0,58,0,0,5,0
2000396,1.0,0.05,0.75,0.9904218749999991,0.9999999999999991,0.009578125000000003,-7,9.578125,2.203125,0.171875,0.0625,0.0,0.5906250000000006,0.50234375,0.7112988011866452,0.05051083389004391,0.6063046095870434,0.05,-0.19999999999999996,1.1999999999999995,1.0,14.0,0,0,0,0,2,61,0,1,0,0
2000397,1.0,0.05,0.75,1.3986562499999995,1.3999999999999995,0.001343750000000001,-2,1.34375,0.84375,0.078125,0.046875,0.0,0.6000000000000008,0.5,0.576912698904564,0.05000041158137681,0.3421793680477302,0.05,-0.19999999999999996,1.6000000000000003,1.0,7.0,0,0,0,0,0,64,0,0,0,0
2000398,0.0,0.05,0.75,2.7964687499999994,2.7999999999999994,0.0035312500000000027,1,3.53125,1.59375,0.09375,0.109375,0.0,0.5968750000000007,0.47421875000000024,0.40611430940410315,0.05000813045234066,0.024094230076580816,0.05,-0.6000000000000001,3.3999999999999995,3.0,10.0,0,0,11,0,1,52,0,0,0,0
2000399,0.0,0.05,0.75,8.694999999999999,8.7,0.005000000000000003,-3,5.0,1.84375,0.21875,0.171875,0.0,0.6000000000000008,0.5140625,0.7260522671580202,0.15918023202515222,0.03903677758393639,0.05,-0.6000000000000001,9.3,3.0,22.0,0,0,0,0,0,58,0,0,6,0
2000400,1.0,0.05,0.75,0.5492499999999978,0.5999999999999979,0.050750000000000024,-11,50.75,6.28125,0.234375,0.0625,0.0,0.5937500000000007,0.6124999999999993,0.999899051266767,0.24643798742244383,0.9995157619932524,0.049999999999999996,-0.5500000000000003,1.1499999999999997,8.0,11.0,1,0,0,0,0,14,0,0,49,0
2000401,0.0,0.05,0.75,4.998828124999999,4.999999999999999,0.0011718750000000006,-1,1.171875,0.828125,0.125,0.109375,0.0,0.5937500000000007,0.5,0.5103289842306693,0.05005435216742095,0.06736895075198211,0.049999999999999996,-0.6000000000000001,5.599999999999999,3.0,12.0,0,0,0,1,0,63,0,0,0,0
2000402,1.0,0.05,0.75,-0.8288437500000008,-0.8000000000000007,0.02884375000000001,-9,28.84375,4.96875,0.171875,0.03125,0.015625,0.5841269841269846,0.538095238095238,0.8958646032015088,0.050135811473107375,0.8919393642554749,0.05,-0.19999999999999996,-0.5999999999999996,1.0,12.0,0,0,1,0,2,43,0,3,14,1
2000403,0.0,0.05,0.75,7.393937499999998,7.399999999999998,0.0060625000000000045,-4,6.0625,2.1875,0.171875,0.109375,0.015625,0.5936507936507943,0.5142857142857142,0.42853598667155346,0.05118697312654823,0.15115600426096076,0.05,-0.8,8.2,4.0,14.0,0,0,0,0,0,57,0,2,4,1
2000404,1.0,0.05,0.75,0.019328124999998923,0.049999999999998934,0.03067187500000001,-8,30.671875,4.734375,0.171875,0.046875,0.0,0.5937500000000008,0.5351562499999997,0.9125983629548934,0.05030686916874183,0.9023367504961209,0.05,0.0,0.050000000000000266,0.0,14.0,1,0,0,0,0,47,0,0,16,0
2000405,0.0,0.05,0.75,7.396281249999998,7.399999999999998,0.0037187500000000024,-4,3.71875,1.59375,0.171875,0.109375,0.0,0.6000000000000008,0.50234375,0.5258959920810171,0.05163739075196264,0.15115600426096124,0.05,-1.4,8.799999999999999,7.0,11.0,0,0,0,0,0,63,0,0,1,0
2000406,1.0,0.05,0.75,1.3958593749999995,1.3999999999999995,0.004140625000000003,-5,4.140625,1.609375,0.140625,0.0625,0.0,0.6000000000000008,0.5,0.645723031981424,0.05006211348036797,0.45767570635494104,0.05000000000000001,-0.19999999999999996,1.6000000000000005,1.0,12.0,0,0,1,0,0,62,0,0,1,0
2000407,1.0,0.05,0.75,-0.2832343749999991,-0.2499999999999991,0.033234375000000003,-8,33.234375,5.359375,0.15625,0.03125,0.0,0.5968750000000006,0.6195312499999993,0.978114079238592,0.05017433048862875,0.9779938619492701,0.05,-0.10000000000000009,-0.1499999999999999,2.0,10.0,0,0,0,0,0,13,0,1,50,0
2000408,1.0,0.05,0.75,-1.1776250000000004,-1.1500000000000004,0.027625000000000004,-10,27.625,4.375,0.1875,0.03125,0.0,0.5875000000000006,0.5328124999999998,0.9100352203493999,0.05022171251016364,0.9071962155158981,0.05,-0.19999999999999996,-0.9499999999999996,1.0,13.0,0,0,0,2,0,48,0,0,14,0
2000409,0.0,0.05,0.75,6.790718749999998,6.799999999999998,0.009281250000000007,-4,9.28125,2.59375,0.15625,0.09375,0.0,0.5937500000000007,0.49765625,0.586089250536454,0.05046442087223577,0.21295669090179709,0.049999999999999996,-0.8,7.599999999999999,4.0,12.0,1,0,0,0,0,63,0,0,0,0
2000410,0.0,0.05,0.75,6.397812499999999,6.399999999999999,0.002187500000000001,-2,2.1875,1.15625,0.15625,0.125,0.0,0.5968750000000006,0.50234375,0.494252856855595,0.05069249050022238,0.060344710644741326,0.049999999999999996,-0.6000000000000001,6.999999999999999,3.0,15.0,0,0,2,0,1,58,0,0,3,0
2000411,1.0,0.05,0.75,2.042156249999999,2.049999999999999,0.007843750000000005,-5,7.84375,2.59375,0.171875,0.09375,0.0,0.5812500000000005,0.6007812499999997,0.9408737984777504,0.05111484031202683,0.9294823597960435,0.05,-0.55,2.5999999999999996,3.0,14.0,0,0,1,1,3,15,0,1,43,0
2000412,0.0,0.05,0.75,5.394718749999998,5.399999999999999,0.005281250000000004,-3,5.28125,2.03125,0.125,0.078125,0.0,0.5906250000000006,0.5046875,0.5221303726975866,0.05002157483318881,0.2333340424873633,0.05,-0.6000000000000001,5.999999999999999,3.0,10.0,0,0,0,0,2,60,0,1,1,0
2000413,1.0,0.05,0.75,0.5729687500000014,0.6000000000000014,0.02703125000000001,-9,27.03125,4.1875,0.21875,0.078125,0.0,0.6000000000000008,0.5468749999999997,0.7961216015787266,0.053395558000727844,0.77581956561916,0.05,-0.3999999999999999,1.0000000000000002,2.0,17.0,0,0,1,0,0,42,0,0,21,0
2000414,0.0,0.05,0.75,4.89596875,4.8999999999999995,0.004031250000000003,-2,4.03125,1.75,0.125,0.09375,0.0,0.6000000000000008,0.49765624999999997,0.5578845481388013,0.050030204191844924,0.14448374131797254,0.05,-0.2,5.099999999999999,1.0,13.0,0,0,2,0,0,61,0,0,1,0
2000415,1.0,0.05,0.75,-0.7812499999999982,-0.7499999999999982,0.031250000000000014,-9,31.25,4.9375,0.15625,0.015625,0.015625,0.590476190476191,0.5761904761904757,0.992297293293877,0.05045632993021399,0.9921650930520127,0.05,-0.10000000000000009,-0.6499999999999999,2.0,9.0,0,0,0,0,3,28,0,0,32,1
2000416,1.0,0.05,0.75,0.2327499999999982,0.24999999999999822,0.017250000000000012,-8,17.25,3.4375,0.171875,0.046875,0.0,0.5843750000000005,0.5093749999999999,0.8977638678128157,0.050584558324094954,0.87153126294915,0.05000000000000001,-0.3999999999999999,0.6500000000000004,2.0,12.0,1,0,0,0,2,56,0,1,4,0
2000417,1.0,0.05,0.75,-1.5520625000000001,-1.5,0.05206250000000002,-11,52.0625,6.125,0.1875,0.015625,0.0,0.5812500000000006,0.5867187499999994,0.9949021222458152,0.051666068338157664,0.9948425324819629,0.05,-0.44999999999999996,-1.05,3.0,10.0,2,0,0,0,0,23,1,0,38,0
2000418,0.0,0.05,0.75,3.998953124999998,3.9999999999999982,0.0010468750000000007,2,1.046875,0.765625,0.125,0.15625,0.0,0.5968750000000006,0.50703125,0.5688860922256587,0.05037102597485458,0.01474959033066734,0.049999999999999996,-1.65,5.6499999999999995,7.0,11.0,0,0,2,0,0,57,0,1,4,0
2000419,0.0,0.05,0.75,9.939375,9.95,0.010625000000000004,-7,10.625,2.28125,0.21875,0.109375,0.0,0.5968750000000007,0.5093749999999999,0.7920681604488048,0.1215360611608405,0.4385312585392879,0.05,-0.6000000000000001,10.55,3.0,18.0,0,0,0,0,1,59,0,0,4,0
2000420,1.0,0.05,0.75,1.3261406250000014,1.3500000000000014,0.023859375,-5,23.859375,4.453125,0.140625,0.0625,0.0,0.5875000000000007,0.6171874999999993,0.961531808871469,0.05012247762161765,0.9599134954527758,0.05,-0.5,1.8499999999999996,4.0,9.0,1,0,0,1,0,11,0,0,51,0
2000421,0.0,0.05,0.75,3.6463749999999995,3.6499999999999995,0.0036250000000000015,0,3.625,1.3125,0.109375,0.109375,0.0,0.5968750000000007,0.49765624999999997,0.4672284451145062,0.050013613100021385,0.05576249314248812,0.05,-0.65,4.299999999999999,2.0,12.0,0,0,2,0,0,61,0,1,0,0
2000422,0.0,0.05,0.75,5.396421874999999,5.399999999999999,0.0035781250000000027,-3,3.578125,1.640625,0.125,0.078125,0.0,0.6000000000000008,0.50234375,0.5425364150451849,0.0500241632283926,0.23333404248736322,0.05,-0.6000000000000001,5.999999999999999,3.0,10.0,0,0,1,0,0,61,0,0,2,0
2000423,0.0,0.05,0.75,5.098015624999999,5.099999999999999,0.001984375000000001,0,1.984375,1.078125,0.140625,0.140625,0.0,0.5968750000000007,0.49531250000000004,0.39992043359402135,0.05038151149840689,0.0179624414375621,0.049999999999999996,-0.8,5.8999999999999995,4.0,14.0,0,0,3,0,1,59,0,0,1,0
2000424,0.0,0.05,0.75,7.184046874999998,7.199999999999998,0.01595312500000001,-6,15.953125,3.265625,0.15625,0.0625,0.0,0.5812500000000006,0.509375,0.6471755128166118,0.05012436422028662,0.5327159086609194,0.05,-0.4,7.599999999999999,2.0,12.0,1,0,0,0,1,57,0,3,2,0
2000425,0.0,0.05,0.75,6.637078124999998,6.649999999999998,0.01292187500000001,-5,12.921875,3.140625,0.15625,0.078125,0.0,0.5906250000000007,0.509375,0.6897388737715409,0.05024633485899097,0.489095142257087,0.05,-0.6000000000000001,7.249999999999998,2.0,13.0,0,0,0,1,1,58,0,0,4,0
2000426,0.0,0.05,0.75,6.1981562499999985,6.199999999999998,0.0018437500000000012,-3,1.84375,1.09375,0.15625,0.109375,0.0,0.5812500000000007,0.5140625000000001,0.4475674421320803,0.05021168871237436,0.14075458751453146,0.05,-0.4,6.599999999999999,2.0,15.0,1,0,0,2,0,54,0,0,7,0
2000427,0.0,0.05,0.75,4.997171874999999,4.999999999999999,0.0028281250000000016,-2,2.828125,1.328125,0.125,0.09375,0.0,0.5906250000000006,0.5117187499999999,0.5695447415540646,0.05003616973408279,0.18387156262181886,0.05,-1.05,6.05,4.0,10.0,0,0,0,0,0,59,0,3,2,0
2000428,1.0,0.05,0.75,3.679343750000002,3.700000000000002,0.020656249999999994,-3,20.65625,4.125,0.171875,0.125,0.0,0.5906250000000005,0.5984374999999995,0.9563220503581678,0.0572326198188159,0.8975269547760957,0.05,-0.6500000000000001,4.35,5.0,14.0,0,0,0,0,1,21,0,2,40,0
2000429,0.0,0.05,0.75,7.296984374999998,7.299999999999998,0.003015625000000002,-2,3.015625,1.421875,0.1875,0.15625,0.0,0.6000000000000008,0.47656249999999994,0.3151220771767271,0.057555371657185134,0.007631728305420392,0.05000000000000001,-0.65,7.9499999999999975,4.0,18.0,0,0,10,0,0,54,0,0,0,0
2000430,1.0,0.05,0.75,0.12474999999999857,0.14999999999999858,0.02525000000000001,-7,25.25,4.65625,0.15625,0.046875,0.0,0.5843750000000006,0.5328124999999998,0.7546797417790798,0.0500367081630487,0.7325881296460477,0.05,-0.5999999999999999,0.7500000000000002,3.0,10.0,0,0,0,2,1,47,0,0,14,0
2000431,1.0,0.05,0.75,-1.6876406250000004,-1.6500000000000004,0.03764062500000002,-10,37.640625,4.703125,0.171875,0.015625,0.0,0.5812500000000006,0.5445312499999996,0.9766258369567312,0.05016356039447127,0.9761417573987707,0.049999999999999996,-0.25,-1.4,2.0,10.0,0,0,0,3,0,42,0,0,19,0
2000432,1.0,0.05,0.75,2.295265624999999,2.299999999999999,0.004734375000000003,-3,4.734375,2.015625,0.125,0.078125,0.0,0.5968750000000007,0.50703125,0.6244477671890919,0.05003171105870632,0.29768100602999437,0.04999999999999999,-0.5499999999999998,2.8499999999999996,3.0,10.0,0,0,0,0,0,61,0,1,2,0
2000433,1.0,0.05,0.75,1.8276406250000024,1.8500000000000023,0.022359374999999987,-5,22.359375,4.578125,0.140625,0.0625,0.0,0.6000000000000006,0.6406249999999993,0.9925780481681337,0.050711081477355986,0.9922804044782797,0.049999999999999996,-0.20000000000000018,2.05,4.0,9.0,0,0,0,0,0,4,0,0,60,0
2000434,1.0,0.05,0.75,0.32095312499999784,0.34999999999999787,0.02904687500000001,-9,29.046875,4.640625,0.203125,0.0625,0.0,0.5906250000000006,0.5585937499999996,0.9574094861942801,0.0541130742807721,0.9533521220387505,0.05000000000000001,-0.3999999999999999,0.7500000000000002,2.0,15.0,0,0,0,0,1,38,0,2,23,0
2000435,0.0,0.05,0.75,8.189375,8.2,0.010625000000000006,-6,10.625,2.5,0.1875,0.09375,0.0,0.5937500000000007,0.49765625,0.5822753367304143,0.05292082614855441,0.30052503204648195,0.05,-0.6000000000000001,8.8,3.0,15.0,0,0,2,1,0,60,0,0,1,0
2000436,0.0,0.05,0.75,5.777265624999999,5.799999999999999,0.022734375,-3,22.734375,4.140625,0.140625,0.09375,0.015625,0.587301587301588,0.5190476190476189,0.48214288852436854,0.05008097001804124,0.22243100751546482,0.05,-0.95,6.749999999999999,4.0,11.0,1,0,0,0,1,52,0,1,8,1
2000437,1.0,0.05,0.75,0.22834374999999998,0.25,0.021656250000000005,-6,21.65625,4.21875,0.140625,0.046875,0.015625,0.5841269841269847,0.545238095238095,0.8860372860528938,0.05004110718778089,0.8719398050671706,0.049999999999999996,-0.050000000000000044,0.30000000000000016,1.0,11.0,0,0,0,1,2,41,0,1,18,1
2000438,1.0,0.05,0.75,2.195046874999999,2.1999999999999993,0.0049531250000000035,-4,4.953125,1.953125,0.140625,0.078125,0.0,0.5937500000000007,0.50703125,0.5369856951419887,0.05006372419077236,0.29135216982576745,0.05000000000000001,-0.3999999999999999,2.5999999999999996,2.0,12.0,0,1,0,0,0,59,0,1,3,0
2000439,0.0,0.05,0.75,5.396187499999998,5.399999999999999,0.0038125000000000025,-3,3.8125,1.8125,0.125,0.078125,0.0,0.5968750000000007,0.51171875,0.473786787837722,0.05001594416557711,0.23333404248736317,0.05,-0.2,5.599999999999999,1.0,12.0,0,0,0,0,0,59,0,1,4,0
2000440,1.0,0.05,0.75,-0.12437500000000143,-0.10000000000000142,0.024375000000000008,-10,24.375,3.78125,0.203125,0.046875,0.0,0.5906250000000006,0.5257812499999999,0.8817887746438825,0.05184695421375127,0.8719717918278359,0.05,-0.1499999999999999,0.05000000000000071,1.0,15.0,0,0,0,0,0,53,0,3,8,0
2000441,1.0,0.05,0.75,0.15810937499999927,0.1999999999999993,0.04189062500000002,-12,41.890625,5.328125,0.25,0.0625,0.0,0.5906250000000007,0.5421874999999997,0.9887168335826524,0.15905347918349017,0.9785788446842368,0.05000000000000001,-0.7,0.9000000000000004,5.0,15.0,1,0,0,0,1,43,0,0,19,0
2000442,1.0,0.05,0.75,-0.4276874999999995,-0.39999999999999947,0.027687500000000014,-8,27.6875,4.5625,0.15625,0.03125,0.0,0.5906250000000007,0.5609374999999996,0.962814429482325,0.0501134471032472,0.961506298054491,0.05000000000000001,-0.30000000000000004,-0.09999999999999987,3.0,9.0,0,0,0,1,0,37,0,1,25,0
2000443,1.0,0.05,0.75,0.19468749999999999,0.25,0.055312500000000014,-10,55.3125,6.96875,0.1875,0.03125,0.0,0.6000000000000006,0.6382812499999992,0.9996794835619298,0.09257487644610979,0.9996114667933199,0.049999999999999996,-0.6000000000000003,0.8499999999999999,9.0,5.0,0,0,0,0,0,5,0,0,59,0
2000444,1.0,0.05,0.75,0.27728124999999804,0.29999999999999805,0.02271875000000001,-7,22.71875,4.15625,0.15625,0.046875,0.0,0.5937500000000007,0.5140625,0.7251359396246185,0.05005564155746977,0.6812699149495586,0.05,-0.19999999999999996,0.5000000000000004,1.0,12.0,0,0,0,0,2,56,0,0,6,0
2000445,0.0,0.05,0.75,5.091828125,5.1000000000000005,0.008171875000000006,-3,8.171875,2.609375,0.125,0.078125,0.0,0.5906250000000006,0.5328125,0.7379021069278033,0.05003030477376548,0.5327366736699289,0.05,-0.55,5.65,2.0,11.0,1,0,0,0,1,47,0,0,15,0
2000446,1.0,0.05,0.75,-2.1488281249999996,-2.0999999999999996,0.04882812500000001,-11,48.828125,6.015625,0.171875,0.0,0.0,0.5906250000000006,0.5726562499999995,0.9869467622340323,0.05020065295925839,0.9868945355026285,0.05,-0.65,-1.4499999999999997,3.0,8.0,0,0,0,1,1,31,0,0,31,0
2000447,1.0,0.05,0.75,0.6320312499999995,0.6499999999999995,0.017968750000000006,-7,17.96875,3.3125,0.171875,0.0625,0.0,0.5937500000000007,0.5140624999999999,0.8582399731253066,0.05065257821434171,0.7966079068227709,0.05,-0.44999999999999996,1.1,3.0,12.0,0,0,0,1,0,57,0,0,6,0
2000448,0.0,0.05,0.75,6.643234374999999,6.649999999999999,0.006765625000000004,-5,6.765625,1.984375,0.15625,0.078125,0.0,0.5843750000000006,0.4953125,0.6533881247174942,0.05024373196710365,0.39895505428507433,0.05000000000000001,-0.2,6.849999999999999,1.0,14.0,0,0,2,2,1,59,0,0,0,0
2000449,0.0,0.05,0.75,4.598,4.6,0.0020000000000000013,-2,2.0,1.1875,0.109375,0.078125,0.0,0.5937500000000007,0.5,0.5373167446027788,0.050007980221883234,0.18387156262181883,0.05000000000000001,-0.6000000000000001,5.199999999999999,3.0,9.0,0,0,1,0,1,61,0,1,0,0
2000450,1.0,0.05,0.75,1.1813749999999992,1.1999999999999993,0.01862500000000001,-9,18.625,3.4375,0.21875,0.078125,0.0,0.5937500000000008,0.5257812499999999,0.8587104876280106,0.06930614162327649,0.8083462220362492,0.05,-0.5999999999999999,1.7999999999999998,3.0,16.0,1,0,0,0,0,51,0,0,12,0
2000451,0.0,0.05,0.75,6.099593749999999,6.099999999999999,0.00040625000000000025,-1,0.40625,0.40625,0.15625,0.140625,0.0,0.5937500000000007,0.5046875,0.5909907734938754,0.0513363052963735,0.04175246644023663,0.05,-0.4,6.499999999999999,2.0,17.0,0,0,0,0,1,61,0,1,1,0
2000452,1.0,0.05,0.75,2.0813906250000014,2.1000000000000014,0.018609375000000004,-6,18.609375,4.015625,0.171875,0.078125,0.0,0.6000000000000008,0.6312499999999993,0.993816439769999,0.056643075279747546,0.993218881696762,0.049999999999999996,-0.15000000000000013,2.249999999999999,3.0,13.0,0,0,0,0,0,8,0,0,56,0
2000453,0.0,0.05,0.75,4.5965,4.6,0.0035000000000000027,-2,3.5,1.53125,0.109375,0.078125,0.0,0.5937500000000008,0.50234375,0.5278406791598687,0.05000763319415844,0.18387156262181883,0.05000000000000001,-0.2,4.799999999999999,1.0,11.0,1,0,0,0,0,61,0,0,2,0
2000454,0.0,0.05,0.75,5.948390624999999,5.949999999999999,0.001609375000000001,-2,1.609375,0.953125,0.15625,0.125,0.0,0.6000000000000006,0.51640625,0.45575041281490275,0.05035653982463185,0.08571648818135633,0.05,-0.55,6.499999999999999,2.0,16.0,0,0,1,0,0,55,0,0,8,0
2000455,0.0,0.05,0.75,5.997328124999999,5.999999999999999,0.002671875000000002,-3,2.671875,1.390625,0.140625,0.09375,0.0,0.5937500000000008,0.4953125,0.583493164374527,0.05014748778732653,0.1668736161463544,0.05,-0.4,6.399999999999999,2.0,13.0,0,0,2,1,0,61,0,0,0,0
2000456,0.0,0.05,0.75,4.899312499999999,4.899999999999999,0.0006875000000000002,-1,0.6875,0.53125,0.125,0.109375,0.0,0.5968750000000007,0.50234375,0.4522139429512725,0.05004307407866637,0.06189717560244681,0.049999999999999996,-0.8,5.699999999999999,4.0,11.0,0,0,0,0,1,62,0,0,1,0
2000457,1.0,0.05,0.75,1.6255000000000004,1.6500000000000004,0.024500000000000008,-6,24.5,4.28125,0.171875,0.078125,0.03125,0.5935483870967749,0.5701612903225801,0.9361266343076997,0.05236851315750019,0.9193781185881919,0.05,-1.0499999999999998,2.6999999999999997,6.0,10.0,0,0,0,0,0,33,1,0,28,2
2000458,1.0,0.05,0.75,-2.1924062500000003,-2.1500000000000004,0.04240625,-11,42.40625,5.5,0.171875,0.0,0.0,0.5937500000000007,0.5515624999999995,0.978120197217267,0.050128350982061816,0.9779880426311525,0.05,-0.5999999999999999,-1.5499999999999998,3.0,8.0,0,0,0,0,1,41,0,1,21,0
2000459,1.0,0.05,0.75,0.026671875000000705,0.05000000000000071,0.023328125000000005,-6,23.328125,4.484375,0.125,0.03125,0.0,0.5812500000000006,0.5656249999999997,0.910909406201301,0.05001052634665508,0.907018218352933,0.049999999999999996,-0.6499999999999999,0.7,4.0,6.0,1,0,0,1,2,31,0,0,29,0
2000460,0.0,0.05,0.75,3.4939531249999995,3.4999999999999996,0.0060468750000000045,2,6.046875,2.265625,0.109375,0.140625,0.0,0.5906250000000006,0.4578125000000002,0.274756074824448,0.05019402034437864,0.0017685827274818331,0.049999999999999996,-0.9000000000000001,4.4,6.0,10.0,0,0,20,1,0,41,0,1,1,0
2000461,1.0,0.05,0.75,2.079531250000003,2.100000000000003,0.02046875000000001,-6,20.46875,4.25,0.1875,0.09375,0.015625,0.587301587301588,0.6142857142857138,0.987497177643597,0.0651759938721808,0.9843700022894247,0.05,-0.8500000000000001,2.9499999999999997,9.0,9.0,1,0,0,0,1,12,0,1,48,1
2000462,0.0,0.05,0.75,5.3372031249999985,5.349999999999999,0.012796875000000006,-2,12.796875,3.265625,0.125,0.09375,0.0,0.6000000000000008,0.5328125,0.46673280289028984,0.050025969689839425,0.20874163311029634,0.05,-0.4,5.749999999999999,2.0,12.0,0,0,0,0,0,50,0,0,14,0
2000463,1.0,0.05,0.75,1.3865000000000003,1.4000000000000004,0.013500000000000009,-8,13.5,2.65625,0.203125,0.078125,0.0,0.5968750000000007,0.49765625,0.7274547583011212,0.05898312975016928,0.5779078245490415,0.05,-0.19999999999999996,1.6,1.0,17.0,0,0,1,0,1,62,0,0,0,0
2000464,1.0,0.05,0.75,1.0116718749999989,1.049999999999999,0.03832812500000002,-9,38.328125,5.234375,0.21875,0.078125,0.0,0.5968750000000007,0.5937499999999996,0.9873039450124512,0.08072973935544128,0.9846405387148235,0.05,-0.5,1.5499999999999998,4.0,15.0,0,0,0,0,1,23,0,0,40,0
2000465,1.0,0.05,0.75,1.8958593749999986,1.8999999999999986,0.004140625000000001,-5,4.140625,1.484375,0.15625,0.078125,0.0,0.5937500000000007,0.50234375,0.564578429719805,0.050190676089723406,0.33656683467967496,0.05,-0.7999999999999998,2.6999999999999993,4.0,11.0,0,0,0,0,1,62,0,1,0,0
2000466,0.0,0.05,0.75,7.346984375,7.35,0.003015625000000002,-4,3.015625,1.296875,0.1875,0.125,0.0,0.5812500000000007,0.50703125,0.6356825130514266,0.05611070950362671,0.1837760917332375,0.05,-0.5,7.849999999999999,2.0,18.0,0,0,1,1,3,55,0,1,3,0
2000467,1.0,0.05,0.75,1.234546875,1.25,0.015453125000000009,-8,15.453125,3.015625,0.203125,0.078125,0.015625,0.590476190476191,0.5357142857142856,0.8448922737500797,0.057555176786040205,0.8000689621588257,0.05,-0.44999999999999996,1.6999999999999997,3.0,15.0,1,0,0,0,1,45,0,0,16,1
2000468,1.0,0.05,0.75,0.6795624999999993,0.6999999999999993,0.02043750000000001,-8,20.4375,3.78125,0.1875,0.0625,0.0,0.5937500000000007,0.5164062499999998,0.8555197797414614,0.05172818539325317,0.812502691592626,0.05,-0.7999999999999998,1.5,4.0,12.0,0,0,2,0,1,52,0,1,8,0
2000469,1.0,0.05,0.75,-0.007156250000000893,-8.881784197001252e-16,0.007156250000000005,-6,7.15625,2.0,0.125,0.03125,0.0,0.5906250000000007,0.5093749999999999,0.7640774510735743,0.050006829090263126,0.7246783594825659,0.05,-0.19999999999999996,0.2000000000000004,1.0,9.0,0,0,0,1,0,59,0,1,3,0
2000470,0.0,0.05,0.75,7.644187499999999,7.6499999999999995,0.005812500000000002,-5,5.8125,1.40625,0.1875,0.109375,0.0,0.5812500000000005,0.5046875,0.4576832723960427,0.05166578154984297,0.1811500043810827,0.05000000000000002,-1.0,8.65,5.0,14.0,1,0,0,0,2,58,0,2,1,0
2000471,1.0,0.05,0.75,3.9857031249999983,3.9999999999999982,0.014296875000000011,-6,14.296875,3.234375,0.234375,0.140625,0.0,0.5906250000000006,0.5656249999999996,0.9905951261478296,0.2605802850477822,0.836565792068796,0.05,-0.30000000000000004,4.300000000000001,3.0,21.0,0,0,0,1,1,34,0,0,28,0
2000472,0.0,0.05,0.75,3.297906249999999,3.299999999999999,0.002093750000000001,1,2.09375,0.9375,0.09375,0.109375,0.0,0.5968750000000007,0.50234375,0.5003740106964203,0.05001034457309144,0.04556973512790148,0.049999999999999996,-0.7,3.999999999999999,3.0,10.0,0,0,0,0,1,62,0,0,1,0
2000473,1.0,0.05,0.75,0.18626562499999838,0.1999999999999984,0.01373437500000001,-7,13.734375,3.078125,0.15625,0.046875,0.0,0.5906250000000007,0.5046875,0.7295141094745866,0.05006573216455374,0.6706355014953571,0.05,-0.7999999999999999,1.0000000000000004,3.0,10.0,0,0,0,1,0,61,0,1,1,0
2000474,1.0,0.05,0.75,3.544015624999999,3.549999999999999,0.005984375000000004,-3,5.984375,2.234375,0.171875,0.125,0.0,0.5812500000000006,0.46484375,0.6001869722348758,0.0516897476458218,0.0508295378656033,0.05,-0.7999999999999998,4.3500000000000005,4.0,15.0,1,1,15,0,1,44,0,2,0,0
2000475,1.0,0.05,0.75,0.9848593749999991,0.9999999999999991,0.01514062500000001,-6,15.140625,3.265625,0.15625,0.0625,0.015625,0.5777777777777783,0.564285714285714,0.8984753835148092,0.05020926319722246,0.8863892192120693,0.049999999999999996,-0.7999999999999998,1.8,4.0,10.0,0,0,0,0,1,35,2,2,23,1
2000476,1.0,0.05,0.75,-0.8356718749999998,-0.7999999999999998,0.03567187500000002,-8,35.671875,5.453125,0.140625,0.015625,0.0,0.5906250000000006,0.6031249999999994,0.979748147014554,0.05005028074489702,0.9796439551697053,0.05000000000000001,-0.3500000000000001,-0.44999999999999996,2.0,8.0,0,0,0,0,2,18,0,1,43,0
2000477,0.0,0.05,0.75,4.34940625,4.3500000000000005,0.0005937500000000001,0,0.59375,0.375,0.109375,0.109375,0.0,0.6000000000000008,0.49296875000000007,0.34652397720395517,0.05002939814952643,0.020630512917318242,0.05000000000000001,-0.45,4.8,3.0,11.0,0,0,3,0,0,61,0,0,0,0
2000478,0.0,0.05,0.75,6.647703124999999,6.649999999999999,0.002296875000000001,-4,2.296875,1.234375,0.15625,0.09375,0.015625,0.5968253968253975,0.5047619047619047,0.5971746752224344,0.05052974886805282,0.2574977665690236,0.05,-0.4,7.049999999999999,2.0,14.0,0,0,0,0,0,61,0,1,1,1
2000479,1.0,0.05,0.75,-0.07639062500000073,-0.05000000000000071,0.026390625000000018,-9,26.390625,4.578125,0.1875,0.046875,0.0,0.5843750000000005,0.5398437499999998,0.940218276187548,0.05091982824142743,0.9352992253413456,0.05000000000000001,-0.5,0.4500000000000002,4.0,11.0,0,0,0,0,3,44,0,2,15,0
2000480,1.0,0.05,0.75,1.6979218750000002,1.7000000000000002,0.0020781250000000014,-3,2.078125,1.234375,0.109375,0.0625,0.0,0.5937500000000007,0.5,0.5513076588778842,0.050004584936590546,0.2969694310339618,0.049999999999999996,-0.3999999999999999,2.1000000000000005,2.0,9.0,0,0,0,0,2,62,0,0,0,0
2000481,0.0,0.05,0.75,3.6491562499999994,3.6499999999999995,0.0008437500000000003,2,0.84375,0.625,0.109375,0.140625,0.0,0.5968750000000007,0.49531250000000004,0.4423210989517263,0.050164852835237174,0.01115290294744068,0.05,-1.2,4.85,6.0,10.0,0,0,3,0,0,60,0,1,0,0
2000482,1.0,0.05,0.75,0.6809999999999993,0.6999999999999993,0.01900000000000001,-7,19.0,3.96875,0.171875,0.0625,0.0,0.5781250000000006,0.5257812499999999,0.751973741069433,0.05023975686013837,0.7026446216814305,0.05,-0.3999999999999999,1.1000000000000003,2.0,13.0,0,0,0,1,3,49,0,2,9,0
2000483,1.0,0.05,0.75,0.3264218750000005,0.35000000000000053,0.023578125000000005,-5,23.578125,4.359375,0.125,0.046875,0.0,0.5875000000000007,0.5445312499999996,0.758624371469092,0.0500051257502912,0.7297203312364402,0.05,-0.3999999999999999,0.75,2.0,9.0,1,0,0,0,2,41,0,0,20,0
2000484,0.0,0.05,0.75,2.8472499999999994,2.849999999999999,0.0027500000000000016,3,2.75,1.25,0.09375,0.140625,0.0,0.6000000000000008,0.49062500000000003,0.4566926734191332,0.05009760408933816,0.00828003111262515,0.049999999999999996,-0.8,3.6499999999999995,4.0,11.0,0,0,4,0,0,60,0,0,0,0
2000485,1.0,0.05,0.75,0.5743281250000014,0.6000000000000014,0.025671875000000014,-6,25.671875,4.828125,0.125,0.03125,0.0,0.6000000000000008,0.6335937499999993,0.9928387968273661,0.0501286828252515,0.9927623890803577,0.049999999999999996,-0.20000000000000018,0.7999999999999998,4.0,6.0,0,0,0,0,0,7,0,0,57,0
2000486,0.0,0.05,0.75,6.342515624999999,6.349999999999999,0.007484375000000005,-2,7.484375,2.453125,0.171875,0.140625,0.0,0.5781250000000006,0.5140625,0.642970081926927,0.052914855573296886,0.11150033329059961,0.05,-0.55,6.899999999999999,2.0,18.0,1,0,0,1,2,53,0,1,6,0
2000487,1.0,0.05,0.75,-0.4186406250000004,-0.40000000000000036,0.01864062500000001,-8,18.640625,3.609375,0.15625,0.03125,0.0,0.5968750000000007,0.5281249999999998,0.9228787806452643,0.05008476356368549,0.9163419035409376,0.05,-0.25,-0.1499999999999997,2.0,10.0,0,0,0,0,0,52,0,1,11,0
2000488,1.0,0.05,0.75,2.038671874999999,2.049999999999999,0.011328125000000007,-5,11.328125,2.921875,0.15625,0.078125,0.0,0.5875000000000006,0.50703125,0.6041886551295802,0.05027126933295622,0.3763577891584562,0.05,-0.5999999999999999,2.650000000000001,3.0,12.0,0,0,0,1,0,60,0,2,1,0
2000489,1.0,0.05,0.75,0.2304218750000009,0.2500000000000009,0.019578125000000012,-5,19.578125,4.140625,0.109375,0.03125,0.0,0.5843750000000006,0.6101562499999994,0.9435235652495135,0.050006034099440363,0.9427492683631685,0.04999999999999999,-0.10000000000000009,0.34999999999999987,2.0,7.0,0,0,0,1,1,15,1,0,46,0
2000490,0.0,0.05,0.75,2.44540625,2.45,0.004593750000000003,-1,4.59375,1.8125,0.0625,0.046875,0.0,0.5937500000000007,0.5046875,0.5743544803975055,0.05000012535542046,0.33044529345834145,0.05,-0.4,2.8500000000000005,2.0,5.0,0,0,1,0,0,60,0,2,1,0
2000491,0.0,0.05,0.75,6.990734374999998,6.999999999999998,0.009265625000000005,-5,9.265625,2.640625,0.15625,0.078125,0.0,0.6000000000000008,0.49765625,0.6242144846741542,0.05031826996965833,0.3570773963529917,0.05,-0.4,7.399999999999999,2.0,13.0,0,0,1,0,0,63,0,0,0,0
2000492,1.0,0.05,0.75,0.8229062499999996,0.8499999999999996,0.027093749999999996,-7,27.09375,4.46875,0.171875,0.0625,0.0,0.5968750000000007,0.5539062499999996,0.8351184857946542,0.050257500246596004,0.818220848519074,0.049999999999999996,-0.6499999999999999,1.5000000000000002,4.0,11.0,0,0,0,0,1,40,0,0,23,0
2000493,0.0,0.05,0.75,5.447578125,5.449999999999999,0.0024218750000000013,-1,2.421875,1.109375,0.140625,0.125,0.0,0.5937500000000007,0.5046875,0.5382071417603919,0.05023535058884224,0.05743157266726342,0.05000000000000001,-0.9500000000000002,6.399999999999999,4.0,13.0,0,0,0,1,0,61,0,0,2,0
2000494,1.0,0.05,0.75,0.4805,0.5,0.019500000000000007,-6,19.5,3.53125,0.140625,0.046875,0.0,0.5906250000000006,0.5328124999999997,0.8520617333706318,0.05003601096694548,0.8265308508842465,0.05,-0.050000000000000044,0.5500000000000003,1.0,11.0,0,0,0,0,2,48,0,1,13,0
2000495,1.0,0.05,0.75,1.8925468749999994,1.8999999999999995,0.007453125000000006,-5,7.453125,2.484375,0.171875,0.09375,0.0,0.5968750000000007,0.48828125,0.7162909936449477,0.051300171377062595,0.34097386936316326,0.05,-0.7999999999999998,2.7,4.0,13.0,0,0,7,0,0,55,0,1,1,0
2000496,1.0,0.05,0.75,1.0237812500000008,1.0500000000000007,0.026218750000000002,-6,26.21875,4.6875,0.15625,0.0625,0.015625,0.5968253968253975,0.5809523809523806,0.950964479895875,0.0503629002118493,0.9454372396189145,0.05000000000000001,-0.5,1.5499999999999998,4.0,10.0,0,1,0,0,0,27,0,0,35,1
2000497,1.0,0.05,0.75,-0.48537499999999933,-0.4499999999999993,0.035375000000000024,-9,35.375,5.40625,0.171875,0.03125,0.0,0.5875000000000006,0.5914062499999996,0.9903705974287543,0.05080330401238187,0.9901952391021005,0.049999999999999996,-0.6000000000000001,0.15000000000000002,6.0,7.0,0,0,0,1,1,23,0,1,38,0
2000498,1.0,0.05,0.75,0.16449999999999929,0.1999999999999993,0.03550000000000001,-10,35.5,5.09375,0.21875,0.0625,0.0,0.5875000000000006,0.5726562499999995,0.9478652122738427,0.056046059999861876,0.9449902908134556,0.049999999999999996,-0.30000000000000004,0.5000000000000002,3.0,15.0,0,0,0,1,1,31,0,1,30,0
2000499,0.0,0.05,0.75,4.197875,4.2,0.002125000000000001,0,2.125,1.09375,0.109375,0.109375,0.0,0.6000000000000008,0.49765625,0.5222397963109853,0.0500218477310963,0.05075871982844281,0.05,-0.6000000000000001,4.799999999999999,3.0,11.0,0,0,1,0,0,63,0,0,0,0
2000500,0.0,0.05,0.75,6.994874999999999,6.999999999999998,0.005125000000000003,-4,5.125,1.875,0.171875,0.109375,0.0,0.5968750000000007,0.5234375,0.7367801061995896,0.05216159457607001,0.37862037367324525,0.05,-0.55,7.549999999999999,2.0,16.0,0,0,0,0,1,53,0,0,10,0
2000501,0.0,0.05,0.75,7.577515624999998,7.599999999999999,0.022484375000000018,-8,22.484375,4.046875,0.15625,0.03125,0.0,0.5937500000000007,0.51640625,0.8415669573236807,0.05004860795956272,0.827683253758043,0.05,-0.4,7.999999999999999,2.0,10.0,0,0,0,1,0,56,0,0,7,0
2000502,1.0,0.05,0.75,2.8812343750000013,2.9000000000000012,0.018765624999999998,-5,18.765625,4.015625,0.1875,0.109375,0.0,0.6000000000000008,0.6078124999999994,0.9728671480510964,0.06384917662352702,0.9605823528813584,0.049999999999999996,-0.55,3.4499999999999993,5.0,14.0,0,0,0,0,0,18,0,0,46,0
2000503,0.0,0.05,0.75,4.898390624999998,4.899999999999999,0.0016093750000000006,1,1.609375,0.828125,0.15625,0.171875,0.0,0.5906250000000007,0.4507812500000001,0.2814152830556895,0.05389339985539821,0.0013566567539381041,0.05,-0.8500000000000001,5.749999999999998,5.0,16.0,0,1,20,1,0,42,0,0,0,0
2000504,0.0,0.05,0.75,2.447937499999999,2.4499999999999993,0.0020625000000000014,2,2.0625,1.21875,0.078125,0.109375,0.0,0.5937500000000007,0.50703125,0.46278987415511935,0.05000684239943141,0.03619708391115631,0.05,-0.2,2.6499999999999995,1.0,11.0,0,0,1,0,1,58,0,1,3,0
2000505,0.0,0.05,0.75,7.042531249999998,7.049999999999998,0.007468750000000005,-4,7.46875,2.25,0.171875,0.109375,0.0,0.5906250000000006,0.49531249999999993,0.49554517592918707,0.05098710493298631,0.1282659753209546,0.05000000000000001,-0.6000000000000001,7.6499999999999995,3.0,15.0,0,1,2,0,1,59,0,1,0,0
2000506,0.0,0.05,0.75,4.744953124999999,4.749999999999999,0.005046875000000004,-4,5.046875,1.859375,0.109375,0.046875,0.0,0.5906250000000006,0.5,0.5757110522305741,0.05000211261640507,0.4352006187641524,0.05000000000000001,-0.6000000000000001,5.35,3.0,7.0,0,0,1,0,2,60,0,1,0,0
2000507,0.0,0.05,0.75,2.8490468749999995,2.8499999999999996,0.0009531250000000006,2,0.953125,0.703125,0.09375,0.125,0.0,0.5812500000000006,0.49296875000000007,0.5655873091494535,0.05001704185112133,0.02404046427191407,0.05,-1.65,4.5,7.0,7.0,0,0,4,2,1,56,0,1,0,0
2000508,0.0,0.05,0.75,5.436671874999999,5.449999999999999,0.013328125000000008,-4,13.328125,3.421875,0.125,0.0625,0.0,0.5968750000000007,0.5164062500000001,0.5962105576068422,0.050011574465256683,0.44465821893274515,0.05,-0.75,6.199999999999999,3.0,9.0,0,0,0,0,0,57,0,1,6,0
2000509,0.0,0.05,0.75,3.6489062499999996,3.6499999999999995,0.0010937500000000005,-1,1.09375,0.84375,0.09375,0.078125,0.0,0.5937500000000007,0.4953125,0.49347350994596434,0.05000212765339928,0.12908161577524488,0.05,-0.4,4.049999999999999,2.0,9.0,0,0,2,1,0,61,0,0,0,0
2000510,1.0,0.05,0.75,-0.5838124999999998,-0.5499999999999998,0.033812500000000016,-8,33.8125,5.21875,0.171875,0.046875,0.0,0.5750000000000006,0.5445312499999997,0.8693193490029891,0.050080356977442425,0.8622634297077807,0.05000000000000001,-0.6499999999999999,0.09999999999999987,4.0,10.0,2,0,1,0,2,37,0,2,20,0
2000511,1.0,0.05,0.75,-0.48351562500000106,-0.45000000000000107,0.033515625000000014,-9,33.515625,5.046875,0.1875,0.046875,0.0,0.5812500000000006,0.5749999999999996,0.9755326674144,0.050888081401876846,0.9747540058506733,0.05,-0.7,0.24999999999999978,5.0,10.0,1,0,0,0,3,27,0,1,32,0
2000512,0.0,0.05,0.75,6.9951093749999975,6.999999999999997,0.004890625000000003,-3,4.890625,1.953125,0.171875,0.125,0.0,0.5875000000000006,0.5,0.4613625930371435,0.05143175122450848,0.07911103991484615,0.05,-0.4,7.399999999999998,2.0,17.0,1,0,2,0,1,57,0,1,2,0
2000513,1.0,0.05,0.75,0.8249374999999997,0.8499999999999996,0.02506250000000001,-9,25.0625,4.4375,0.234375,0.09375,0.0,0.5843750000000006,0.5468749999999997,0.9227417445931538,0.08761497253497523,0.8872887279195557,0.05,-0.6499999999999999,1.4999999999999998,4.0,17.0,2,0,0,0,0,40,0,1,21,0
2000514,0.0,0.05,0.75,4.295984374999998,4.299999999999998,0.004015625000000003,1,4.015625,1.796875,0.125,0.140625,0.0,0.5906250000000006,0.5140625000000001,0.2743408279922887,0.05036800867422367,0.01344325767972972,0.05,-1.4,5.699999999999998,7.0,10.0,0,0,0,1,1,56,0,0,6,0
2000515,1.0,0.05,0.75,0.7819531249999989,0.7999999999999989,0.01804687500000001,-8,18.046875,3.703125,0.1875,0.0625,0.0,0.5906250000000006,0.5046875,0.7481278162982585,0.05136077508741145,0.6753666156725159,0.049999999999999996,-0.3999999999999999,1.2000000000000006,2.0,14.0,0,0,0,1,1,60,0,0,2,0
2000516,1.0,0.05,0.75,0.4204218749999993,0.4499999999999993,0.029578125000000004,-10,29.578125,4.046875,0.21875,0.0625,0.0,0.5937500000000007,0.5351562499999997,0.9771479054772056,0.07985975311903128,0.9697749704809128,0.05,-0.55,1.0000000000000002,5.0,13.0,0,0,0,0,1,48,0,1,14,0
2000517,1.0,0.05,0.75,1.024749999999999,1.049999999999999,0.02525,-7,25.25,4.375,0.171875,0.0625,0.015625,0.590476190476191,0.5499999999999996,0.7883586790944027,0.05032979475068449,0.7677132135195616,0.05,-0.5999999999999999,1.6500000000000004,3.0,12.0,0,0,0,0,3,39,0,0,21,1
2000518,1.0,0.05,0.75,0.788499999999999,0.7999999999999989,0.011500000000000007,-5,11.5,2.71875,0.125,0.046875,0.0,0.5906250000000007,0.50234375,0.679108974821117,0.0500122965122609,0.5618479415883963,0.05,-0.3999999999999999,1.2000000000000004,2.0,9.0,0,0,0,1,0,62,0,1,0,0
2000519,1.0,0.05,0.75,0.08071874999999963,0.09999999999999964,0.019281250000000014,-8,19.28125,3.59375,0.171875,0.046875,0.0,0.5843750000000005,0.5070312499999999,0.825718575268708,0.05027831731407833,0.7922251597778024,0.05,-0.3999999999999999,0.5000000000000004,2.0,12.0,0,0,0,0,5,56,0,0,3,0
2000520,1.0,0.05,0.75,-1.1309218749999996,-1.0999999999999996,0.030921875000000015,-10,30.921875,4.765625,0.1875,0.03125,0.0,0.5843750000000006,0.5468749999999997,0.9872048634796677,0.051192048834689426,0.9866417642056208,0.05000000000000001,-0.3500000000000001,-0.7499999999999998,4.0,10.0,1,0,0,0,2,40,0,1,20,0
2000521,0.0,0.05,0.75,6.243046875,6.25,0.006953125000000005,-4,6.953125,2.453125,0.15625,0.09375,0.0,0.5906250000000007,0.5375,0.564063632770282,0.050137963213229164,0.38331484278788813,0.05,-0.75,7.0,3.0,13.0,0,0,0,1,0,47,0,1,15,0
2000522,0.0,0.05,0.75,4.3959843749999985,4.399999999999999,0.004015625000000002,-2,4.015625,1.484375,0.109375,0.078125,0.0,0.5937500000000008,0.5046875,0.5687256539136365,0.0500073762245383,0.2325320882090941,0.049999999999999996,-1.0,5.3999999999999995,4.0,8.0,0,0,1,1,0,59,0,0,3,0
2000523,0.0,0.05,0.75,4.8952656249999995,4.8999999999999995,0.0047343750000000025,-1,4.734375,1.640625,0.15625,0.140625,0.0,0.5843750000000005,0.4718750000000003,0.4214332652722096,0.050367927279912295,0.01764911103994895,0.05,-0.8500000000000001,5.749999999999999,4.0,15.0,0,0,15,1,0,45,0,3,0,0
2000524,1.0,0.05,0.75,1.3256093749999978,1.3499999999999979,0.02439062500000001,-7,24.390625,4.328125,0.1875,0.078125,0.0,0.5875000000000006,0.5796874999999997,0.9550944635805498,0.05276559524722455,0.9489303249918866,0.05000000000000001,-0.5,1.8499999999999999,4.0,13.0,0,0,0,0,2,28,0,2,32,0
2000525,1.0,0.05,0.75,-0.43837500000000035,-0.40000000000000036,0.038375000000000006,-8,38.375,5.46875,0.15625,0.03125,0.0,0.5968750000000007,0.5890624999999995,0.945942114299442,0.05007384918906171,0.9454122651232892,0.05000000000000001,-0.3999999999999999,0.0,2.0,10.0,0,0,1,0,1,23,0,0,39,0
2000526,0.0,0.05,0.75,3.998968749999999,3.999999999999999,0.0010312500000000007,-2,1.03125,0.8125,0.09375,0.0625,0.0,0.6000000000000008,0.5,0.5552950097849377,0.050001808984676786,0.2550294338457383,0.05,-0.6000000000000001,4.6,3.0,7.0,0,0,0,0,0,64,0,0,0,0
2000527,0.0,0.05,0.75,5.793812499999998,5.799999999999998,0.006187500000000003,-2,6.1875,1.90625,0.140625,0.109375,0.0,0.5875000000000007,0.5,0.5198716207136882,0.050166920450547686,0.08890560802337871,0.05000000000000001,-1.0,6.799999999999999,5.0,11.0,0,0,0,2,0,62,0,0,0,0
2000528,1.0,0.05,0.75,-1.03575,-1.0,0.03575000000000001,-11,35.75,5.0,0.1875,0.015625,0.0,0.5875000000000006,0.5539062499999996,0.9946493460451051,0.052904196239959844,0.9944843189627742,0.049999999999999996,-1.0999999999999999,0.10000000000000009,7.0,6.0,0,1,0,1,0,38,0,1,23,0
2000529,0.0,0.05,0.75,7.341421874999999,7.349999999999999,0.008578125000000006,-4,8.578125,2.609375,0.1875,0.125,0.0,0.5906250000000007,0.5609374999999999,0.842392881342223,0.058779538298035366,0.6331103198245199,0.05,-1.25,8.6,4.0,16.0,0,0,0,1,1,36,0,0,26,0
2000530,1.0,0.05,0.75,0.12301562500000035,0.15000000000000036,0.026984375,-6,26.984375,4.734375,0.140625,0.046875,0.0,0.5906250000000006,0.5539062499999996,0.7299856727404211,0.0500081906838506,0.7166213625993678,0.049999999999999996,-0.5999999999999999,0.75,3.0,9.0,0,0,1,0,3,36,0,0,24,0
2000531,0.0,0.05,0.75,7.584718749999998,7.599999999999998,0.01528125000000001,-5,15.28125,3.34375,0.171875,0.09375,0.0,0.5937500000000007,0.50234375,0.5652005612155768,0.05116579835429567,0.2676770658910387,0.049999999999999996,-0.8,8.399999999999999,4.0,13.0,0,0,0,1,0,62,0,0,1,0
2000532,0.0,0.05,0.75,2.5960625000000004,2.6000000000000005,0.003937500000000002,2,3.9375,1.53125,0.078125,0.109375,0.0,0.5968750000000007,0.4671875000000003,0.6718894978754718,0.05000291255778305,0.02846815651312232,0.049999999999999996,-0.6000000000000001,3.2,3.0,9.0,0,0,15,0,0,48,0,1,0,0
2000533,0.0,0.05,0.75,3.9924062499999993,3.999999999999999,0.007593750000000005,-2,7.59375,2.4375,0.09375,0.0625,0.0,0.5968750000000007,0.49765625,0.5755646813224047,0.050001975311002506,0.2550294338457387,0.05,-0.6000000000000001,4.6,3.0,7.0,0,1,0,0,0,63,0,0,0,0
2000534,1.0,0.05,0.75,0.9296562500000002,0.9500000000000002,0.020343749999999994,-5,20.34375,4.125,0.140625,0.0625,0.015625,0.5809523809523816,0.5880952380952377,0.8124271121804373,0.05002764006653379,0.8020554398450142,0.05,-0.5999999999999999,1.5499999999999998,3.0,10.0,0,0,0,1,2,23,1,0,36,1
2000535,0.0,0.05,0.75,4.197687499999999,4.199999999999999,0.002312500000000001,0,2.3125,1.1875,0.109375,0.109375,0.0,0.5968750000000007,0.50234375,0.47458308993030274,0.05002184773109632,0.05075871982844277,0.049999999999999996,-1.0,5.199999999999999,5.0,9.0,0,0,0,0,0,63,0,1,0,0
2000536,0.0,0.05,0.75,5.588359374999999,5.599999999999999,0.011640625000000009,-4,11.640625,2.890625,0.125,0.0625,0.0,0.5937500000000007,0.5046875,0.5821879229935677,0.05001543197287743,0.3845079804295558,0.05,-0.4,5.999999999999999,2.0,10.0,0,0,0,0,0,62,0,2,0,0
2000537,0.0,0.05,0.75,4.997515624999998,4.999999999999998,0.0024843750000000018,-1,2.484375,1.296875,0.125,0.109375,0.0,0.5906250000000006,0.5,0.513991365262634,0.050054572456043535,0.06736895075198206,0.05,-0.6000000000000001,5.599999999999999,3.0,12.0,0,1,0,1,0,61,0,0,1,0
2000538,0.0,0.05,0.75,4.396937499999998,4.399999999999999,0.003062500000000002,2,3.0625,1.40625,0.140625,0.171875,0.0,0.5968750000000006,0.47187500000000004,0.19210708308023974,0.05576977203766408,0.0011988475140570084,0.05,-0.65,5.049999999999999,4.0,16.0,0,0,13,0,0,50,0,1,0,0
2000539,0.0,0.05,0.75,3.948765624999999,3.9499999999999993,0.0012343750000000007,0,1.234375,0.796875,0.109375,0.109375,0.0,0.5968750000000007,0.51875,0.5679317703672113,0.0500191147540056,0.10573314788198097,0.05,-0.6000000000000001,4.55,3.0,11.0,0,0,2,0,0,52,0,1,9,0
2000540,0.0,0.05,0.75,8.234343749999999,8.249999999999998,0.015656250000000007,-7,15.65625,3.25,0.1875,0.078125,0.0,0.5875000000000006,0.5140625,0.6777614744187874,0.05129781039009846,0.5641962736224335,0.05,-0.8500000000000001,9.1,3.0,14.0,0,0,0,0,2,56,0,2,4,0
2000541,0.0,0.05,0.75,6.430937499999998,6.449999999999998,0.0190625,-3,19.0625,3.6875,0.15625,0.109375,0.0,0.6000000000000008,0.5070312499999999,0.5473140107544452,0.050491496812842804,0.14453326761329074,0.05,-0.4,6.849999999999999,2.0,15.0,0,0,0,0,0,61,0,0,3,0
2000542,0.0,0.05,0.75,6.197296874999999,6.199999999999999,0.002703125000000002,-1,2.703125,1.421875,0.171875,0.15625,0.0,0.5968750000000007,0.4648437500000002,0.5552608225666132,0.05299016851371057,0.01267971685918774,0.05,-0.8,6.999999999999998,4.0,17.0,0,1,14,0,0,49,0,0,0,0
2000543,1.0,0.05,0.75,0.32253125000000055,0.35000000000000053,0.027468749999999997,-7,27.46875,4.71875,0.15625,0.046875,0.0,0.5906250000000006,0.5585937499999996,0.9404448810021921,0.05016393005409565,0.9351768394838734,0.05,-0.3999999999999999,0.7500000000000002,3.0,10.0,0,0,0,0,1,38,0,2,23,0
2000544,0.0,0.05,0.75,5.188624999999999,5.199999999999999,0.011375000000000007,-5,11.375,2.90625,0.109375,0.03125,0.0,0.5906250000000006,0.5093749999999999,0.7166649170398846,0.05000227182437576,0.6608386470530978,0.05,-0.2,5.3999999999999995,1.0,8.0,0,0,0,0,2,58,0,1,3,0
2000545,1.0,0.05,0.75,2.4359062499999995,2.4499999999999993,0.01409375000000001,-6,14.09375,3.40625,0.203125,0.109375,0.0,0.5843750000000006,0.528125,0.5310655984382361,0.05409421264515965,0.3452325408692522,0.05,-0.3999999999999999,2.8500000000000005,2.0,18.0,0,0,0,1,2,49,0,1,11,0
2000546,0.0,0.05,0.75,3.499078125,3.5,0.0009218750000000004,0,0.921875,0.765625,0.09375,0.09375,0.0,0.5968750000000007,0.49765625,0.5034919637029082,0.05000442404384632,0.07275023527607914,0.05,-1.0,4.5,5.0,7.0,0,0,3,0,0,59,0,1,1,0
2000547,1.0,0.05,0.75,-0.5013281249999993,-0.4499999999999993,0.05132812500000004,-10,51.328125,6.484375,0.171875,0.015625,0.0,0.5968750000000007,0.6382812499999994,0.9990710306881533,0.0560381170126725,0.9990457368937826,0.05000000000000001,-0.6499999999999999,0.19999999999999973,5.0,7.0,0,0,0,0,0,5,0,1,58,0
2000548,0.0,0.05,0.75,7.987984374999999,7.999999999999999,0.012015625000000009,-6,12.015625,3.109375,0.1875,0.09375,0.0,0.5875000000000007,0.5140625,0.6837749641069167,0.05313348507713782,0.46949462499507183,0.05,-0.65,8.649999999999999,2.0,16.0,0,0,0,1,0,57,0,2,4,0
2000549,1.0,0.05,0.75,1.980015625,2.0,0.01998437500000001,-6,19.984375,4.109375,0.203125,0.109375,0.015625,0.5968253968253975,0.557142857142857,0.7228788142248883,0.05593835157695692,0.6111566545658057,0.05,-0.7999999999999998,2.8000000000000003,4.0,16.0,0,0,0,0,0,39,0,1,23,1
2000550,0.0,0.05,0.75,6.394015624999998,6.399999999999998,0.0059843750000000044,-2,5.984375,2.171875,0.15625,0.125,0.0,0.5906250000000006,0.5046875,0.46733024101658377,0.050627536444562894,0.06034471064474157,0.05,-1.0,7.399999999999999,5.0,13.0,0,0,0,0,2,60,0,1,1,0
2000551,1.0,0.05,0.75,-0.024687499999999116,8.881784197001252e-16,0.024687500000000005,-6,24.6875,4.59375,0.125,0.03125,0.0,0.5968750000000007,0.5937499999999994,0.9330087945705878,0.05001172620923461,0.9319158553500606,0.05,-0.6499999999999999,0.6499999999999999,4.0,6.0,0,0,0,0,1,23,0,0,40,0
2000552,0.0,0.05,0.75,5.148437499999998,5.149999999999999,0.001562500000000001,0,1.5625,0.9375,0.140625,0.140625,0.0,0.5968750000000007,0.50234375,0.5679790398435177,0.05039462592226482,0.0313714387343403,0.05,-0.8,5.949999999999998,4.0,14.0,0,0,0,0,0,63,0,1,0,0
2000553,0.0,0.05,0.75,7.645281249999999,7.6499999999999995,0.004718750000000003,-5,4.71875,1.5625,0.171875,0.09375,0.0,0.5937500000000007,0.5046875,0.5915295747504712,0.051413778423100166,0.28426459431934414,0.05,-0.6000000000000001,8.25,3.0,14.0,0,0,0,0,1,61,0,1,1,0
2000554,1.0,0.05,0.75,-0.3870781249999988,-0.34999999999999876,0.03707812500000002,-8,37.078125,5.328125,0.15625,0.03125,0.0,0.5906250000000006,0.5820312499999994,0.9764349983592148,0.05015523738586644,0.975958120798746,0.049999999999999996,-0.3500000000000001,0.0,4.0,8.0,0,0,0,1,1,27,0,0,35,0
2000555,1.0,0.05,0.75,0.5886562499999988,0.5999999999999988,0.011343750000000008,-6,11.34375,2.96875,0.140625,0.046875,0.0,0.5937500000000007,0.51171875,0.6988766736674704,0.05002551247160367,0.6340008734704279,0.05,-0.19999999999999996,0.8000000000000005,1.0,11.0,0,0,0,0,0,59,0,2,3,0
2000556,1.0,0.05,0.75,1.2351093749999982,1.2499999999999982,0.01489062500000001,-5,14.890625,3.578125,0.140625,0.0625,0.0,0.5843750000000005,0.528125,0.6055878424847277,0.0500231029070578,0.5196090244060647,0.05,-0.5999999999999999,1.8500000000000003,3.0,10.0,0,1,0,1,1,48,0,1,12,0
2000557,1.0,0.05,0.75,1.1737031250000003,1.2000000000000002,0.026296874999999994,-6,26.296875,4.453125,0.15625,0.0625,0.0,0.5968750000000007,0.5679687499999996,0.8690836835573029,0.05014110726182884,0.8556673689388683,0.049999999999999996,-0.6499999999999999,1.8499999999999999,4.0,10.0,0,0,0,0,0,35,0,1,28,0
2000558,0.0,0.05,0.75,4.698796874999998,4.699999999999998,0.0012031250000000006,1,1.203125,0.765625,0.140625,0.15625,0.0,0.5843750000000006,0.49765625,0.540393553416741,0.050708492385654155,0.014670344711336838,0.049999999999999996,-1.2,5.8999999999999995,6.0,13.0,1,0,1,0,2,59,0,1,0,0
2000559,1.0,0.05,0.75,1.2438749999999992,1.2499999999999991,0.006125000000000004,-5,6.125,1.9375,0.140625,0.0625,0.0,0.5843750000000008,0.49765625,0.7113998025054384,0.05007036944535113,0.5314517328276682,0.049999999999999996,-0.3999999999999999,1.6500000000000004,2.0,11.0,2,0,0,0,1,60,0,0,1,0
2000560,0.0,0.05,0.75,4.2466875,4.25,0.0033125000000000025,-1,3.3125,1.59375,0.109375,0.09375,0.015625,0.5968253968253975,0.480952380952381,0.32549913916565654,0.05001249967609522,0.0330206162348878,0.05,-0.65,4.8999999999999995,4.0,9.0,0,0,8,0,1,54,0,0,0,1
2000561,1.0,0.05,0.75,-0.6253437500000005,-0.6000000000000005,0.02534375000000001,-8,25.34375,4.40625,0.15625,0.03125,0.0,0.5937500000000007,0.5539062499999996,0.8628189921036359,0.050029265419149455,0.8593560109657086,0.05000000000000001,-0.19999999999999996,-0.3999999999999997,1.0,11.0,0,0,0,0,1,40,0,1,22,0
2000562,0.0,0.05,0.75,8.84384375,8.85,0.006156250000000003,-7,6.15625,1.9375,0.203125,0.09375,0.0,0.5906250000000006,0.50703125,0.5370084296419876,0.05401516660944594,0.35764458826234624,0.05,-0.8,9.65,4.0,15.0,1,0,1,0,1,56,0,0,5,0
2000563,0.0,0.05,0.75,4.796234374999999,4.799999999999999,0.0037656250000000025,-3,3.765625,1.640625,0.109375,0.0625,0.0,0.5968750000000007,0.5,0.5820257969747509,0.050005952906432546,0.31621707337247545,0.05,-0.8,5.6,4.0,7.0,0,0,0,0,1,63,0,0,0,0
2000564,0.0,0.05,0.75,6.591906249999998,6.599999999999998,0.008093750000000004,-2,8.09375,2.25,0.171875,0.140625,0.0,0.5968750000000007,0.5140625,0.556407087108808,0.05281090704419432,0.07041739226470392,0.05,-1.25,7.849999999999999,5.0,15.0,0,0,0,0,0,58,0,1,5,0
2000565,0.0,0.05,0.75,4.648937499999999,4.649999999999999,0.0010625000000000007,-1,1.0625,0.8125,0.125,0.109375,0.0,0.5875000000000007,0.49765625,0.404927451789285,0.050032338791019086,0.05290241158259203,0.05,-0.6000000000000001,5.249999999999998,3.0,12.0,0,0,3,1,1,57,0,1,1,0
2000566,0.0,0.05,0.75,7.445453124999998,7.4499999999999975,0.004546875000000003,-3,4.546875,1.859375,0.1875,0.140625,0.0,0.5875000000000007,0.5046875,0.6339389036357171,0.06218482353846954,0.08959347728685559,0.05,-1.0,8.45,5.0,16.0,0,0,0,2,0,60,0,0,2,0
2000567,1.0,0.05,0.75,0.9308906249999993,0.9499999999999993,0.01910937500000001,-7,19.109375,3.828125,0.171875,0.0625,0.0,0.5875000000000006,0.5468749999999998,0.8650214857410218,0.05047900888514159,0.8416305099989264,0.05,-0.5499999999999998,1.5000000000000002,4.0,11.0,0,0,0,0,1,43,0,3,17,0
2000568,1.0,0.05,0.75,0.9848437499999982,0.9999999999999982,0.01515625000000001,-7,15.15625,3.5625,0.171875,0.0625,0.0,0.5968750000000007,0.509375,0.6916375123172377,0.05037040774836676,0.6063046095870438,0.05,-0.3999999999999999,1.4000000000000006,2.0,13.0,0,0,0,0,0,60,0,1,3,0
2000569,1.0,0.05,0.75,-0.29045312499999826,-0.24999999999999822,0.04045312500000002,-8,40.453125,5.765625,0.140625,0.015625,0.0,0.5968750000000007,0.6171874999999993,0.9966680760317452,0.05036722871521448,0.9966415023152525,0.05,-0.10000000000000009,-0.15000000000000013,2.0,8.0,0,0,0,0,1,13,0,0,50,0
2000570,1.0,0.05,0.75,-0.8697812500000005,-0.8500000000000005,0.019781250000000007,-8,19.78125,3.59375,0.140625,0.015625,0.0,0.5968750000000007,0.5210937499999998,0.9328117899055437,0.050025424350338306,0.9284978285650572,0.049999999999999996,-0.19999999999999996,-0.6499999999999997,1.0,9.0,0,0,0,0,1,54,0,0,9,0
2000571,1.0,0.05,0.75,1.0780312499999996,1.0999999999999996,0.02196875000000001,-7,21.96875,4.125,0.1875,0.078125,0.0,0.5906250000000006,0.5210937499999999,0.775218157963337,0.05155484120866272,0.6912696183086613,0.05,-0.5999999999999999,1.7000000000000002,3.0,14.0,0,0,0,1,1,53,0,0,9,0
2000572,0.0,0.05,0.75,3.849453124999999,3.8499999999999988,0.000546875,1,0.546875,0.390625,0.109375,0.125,0.0,0.5968750000000007,0.49765625,0.43696857878512724,0.050054707548341584,0.022627160237270454,0.05000000000000002,-0.8,4.649999999999999,4.0,11.0,0,0,1,0,1,62,0,0,0,0
2000573,1.0,0.05,0.75,-0.263765625,-0.25,0.01376562500000001,-5,13.765625,3.359375,0.109375,0.03125,0.0,0.5812500000000005,0.5398437499999997,0.7697158984406838,0.050001131853597815,0.7541592553320687,0.05,-0.19999999999999996,-0.04999999999999993,1.0,8.0,0,0,0,1,4,42,0,0,17,0
2000574,1.0,0.05,0.75,0.8346406249999996,0.8499999999999996,0.015359375000000012,-6,15.359375,3.546875,0.15625,0.0625,0.0,0.5750000000000005,0.5140624999999999,0.7517898873548042,0.05013294448430291,0.662732782146338,0.049999999999999996,-0.19999999999999996,1.0500000000000003,1.0,13.0,0,1,0,3,0,53,0,1,6,0
2000575,0.0,0.05,0.75,6.295843749999999,6.299999999999999,0.004156250000000003,-5,4.15625,1.71875,0.140625,0.0625,0.0,0.5843750000000005,0.5,0.6212967319187618,0.05004781859958393,0.4352990927979747,0.05,-0.4,6.699999999999999,2.0,11.0,1,0,1,0,1,59,0,2,0,0
2000576,1.0,0.05,0.75,0.12664062499999856,0.14999999999999858,0.023359375,-9,23.359375,4.015625,0.203125,0.0625,0.0,0.5875000000000006,0.5046875,0.7977661092607667,0.052093078440963926,0.7541750118824933,0.049999999999999996,-0.75,0.9000000000000004,3.0,14.0,0,1,2,1,1,54,0,0,5,0
2000577,1.0,0.05,0.75,-0.21721875000000107,-0.20000000000000107,0.01721875000000001,-7,17.21875,3.5625,0.140625,0.03125,0.0,0.5906250000000007,0.5187499999999999,0.8008298718626043,0.050016158109166285,0.7804930691475496,0.05,-0.19999999999999996,4.440892098500626e-16,1.0,10.0,1,0,0,0,1,53,0,0,9,0
2000578,1.0,0.05,0.75,0.5887031249999988,0.5999999999999988,0.011296875000000008,-6,11.296875,2.890625,0.140625,0.046875,0.0,0.5968750000000006,0.5210937499999999,0.6822159829087127,0.050018734489313564,0.6340008734704278,0.05,-0.5999999999999999,1.2000000000000004,3.0,9.0,0,0,0,0,0,55,0,1,8,0
2000579,0.0,0.05,0.75,7.144546874999999,7.149999999999999,0.005453125000000004,-4,5.453125,2.046875,0.171875,0.109375,0.0,0.5906250000000006,0.5093749999999999,0.5615519542585007,0.05144919121120404,0.19937109064874817,0.05,-1.25,8.399999999999999,5.0,13.0,0,0,0,0,0,60,0,3,1,0
2000580,0.0,0.05,0.75,8.138437499999998,8.149999999999999,0.011562500000000009,-7,11.5625,2.71875,0.171875,0.0625,0.015625,0.590476190476191,0.5023809523809524,0.8305997385845066,0.05169636665700231,0.7326247498418714,0.049999999999999996,-0.6000000000000001,8.749999999999998,3.0,12.0,0,0,0,1,1,60,0,0,1,1
2000581,1.0,0.05,0.75,-0.07576562500000071,-0.05000000000000071,0.025765624999999997,-8,25.765625,4.359375,0.171875,0.046875,0.0,0.5906250000000006,0.5421874999999998,0.7976904772957246,0.05008906823237738,0.7872700397229141,0.05,-0.9999999999999998,0.9500000000000002,5.0,9.0,0,0,0,0,2,44,0,1,17,0
2000582,0.0,0.05,0.75,3.9492812499999985,3.9499999999999984,0.0007187500000000004,2,0.71875,0.53125,0.125,0.15625,0.0,0.6000000000000008,0.48125000000000007,0.1892259683137348,0.05155142804345536,0.0020480611849107155,0.05,-1.05,4.999999999999998,6.0,12.0,0,0,8,0,0,56,0,0,0,0
2000583,1.0,0.05,0.75,2.2754062500000014,2.3000000000000016,0.02459374999999999,-5,24.59375,4.5,0.171875,0.09375,0.0,0.5843750000000005,0.5773437499999995,0.9391383528624531,0.05213331979706613,0.9120824044401928,0.05,-0.5999999999999999,2.9,3.0,14.0,0,0,0,1,3,27,0,0,33,0
2000584,1.0,0.05,0.75,0.5743593750000014,0.6000000000000014,0.02564062500000001,-6,25.640625,4.640625,0.140625,0.046875,0.0,0.5937500000000007,0.5609374999999995,0.959006562510036,0.05009486956172547,0.9535796398368643,0.05,-0.55,1.15,5.0,7.0,0,0,0,0,2,36,0,0,26,0
2000585,0.0,0.05,0.75,9.031296875,9.05,0.018703125000000008,-8,18.703125,3.703125,0.203125,0.078125,0.015625,0.590476190476191,0.5404761904761903,0.7330612668668192,0.05265065513452894,0.6906213093092638,0.05,-0.4,9.450000000000001,2.0,16.0,0,0,0,0,1,45,0,2,15,1
2000586,1.0,0.05,0.75,-0.265296875,-0.25,0.015296875000000012,-8,15.296875,3.671875,0.171875,0.046875,0.0,0.5875000000000006,0.5749999999999997,0.9674432259454673,0.05031362810263789,0.9661952133234203,0.049999999999999996,-0.10000000000000009,-0.15000000000000013,2.0,12.0,1,0,0,0,2,28,0,0,33,0
2000587,0.0,0.05,0.75,3.3995624999999996,3.3999999999999995,0.0004375000000000003,1,0.4375,0.4375,0.09375,0.109375,0.0,0.5906250000000006,0.5046875,0.43606686186337335,0.05001341737984103,0.03807664237227109,0.05,-1.2,4.6,6.0,7.0,0,0,0,0,1,61,0,2,0,0
2000588,1.0,0.05,0.75,3.8483437499999997,3.8499999999999996,0.001656250000000001,-1,1.65625,1.125,0.125,0.109375,0.0,0.5906250000000006,0.5046875,0.5390549283329882,0.05005074998215978,0.08473803200466902,0.05,-0.3999999999999999,4.249999999999999,2.0,13.0,0,0,1,0,2,58,0,1,2,0
2000589,1.0,0.05,0.75,1.0167031250000007,1.0500000000000007,0.033296875000000004,-7,33.296875,5.296875,0.1875,0.078125,0.0,0.5843750000000005,0.5703124999999996,0.8328093222507502,0.050638000500630935,0.8163439349410808,0.049999999999999996,-0.5999999999999999,1.65,3.0,14.0,0,0,0,1,3,30,0,0,30,0
2000590,0.0,0.05,0.75,6.840203124999999,6.849999999999999,0.009796875000000007,-5,9.796875,2.640625,0.15625,0.078125,0.0,0.5875000000000006,0.5023437499999999,0.6669910700101072,0.050310797774403095,0.41583567167690794,0.05,-0.55,7.399999999999999,2.0,13.0,1,0,1,0,0,59,0,2,1,0
2000591,1.0,0.05,0.75,1.3246562500000005,1.3500000000000005,0.025343750000000005,-5,25.34375,4.4375,0.140625,0.0625,0.0,0.5812500000000006,0.5398437499999996,0.8434647052877519,0.05007265505478364,0.7904650240073462,0.05,-0.3999999999999999,1.75,2.0,11.0,1,0,0,0,3,42,0,1,17,0
2000592,1.0,0.05,0.75,-1.225140625000001,-1.200000000000001,0.025140625000000017,-10,25.140625,4.453125,0.171875,0.015625,0.0,0.5968750000000007,0.5281249999999997,0.9756464105801518,0.050294934027414806,0.9746910992696592,0.05000000000000002,-0.25,-0.9499999999999997,2.0,10.0,0,0,0,0,1,51,0,0,12,0
2000593,0.0,0.05,0.75,8.634015624999998,8.649999999999999,0.015984375000000012,-8,15.984375,3.359375,0.1875,0.0625,0.0,0.5906250000000006,0.51875,0.8933581757818781,0.05228626969989097,0.8587678869090474,0.05000000000000001,-0.35000000000000003,8.999999999999998,1.0,15.0,0,0,0,0,3,53,0,0,8,0
2000594,0.0,0.05,0.75,1.4444218750000002,1.4500000000000002,0.005578125000000003,4,5.578125,1.703125,0.0625,0.125,0.0,0.5968750000000007,0.47421875000000024,0.4404326743827954,0.050008024573219165,0.009303849001903718,0.05000000000000001,-1.0,2.45,5.0,7.0,0,1,10,0,0,53,0,0,0,0
2000595,1.0,0.05,0.75,-0.4156875000000004,-0.40000000000000036,0.01568750000000001,-5,15.6875,3.5625,0.09375,0.015625,0.0,0.5968750000000007,0.5281249999999997,0.7620068623874793,0.050000445548813645,0.7475149483256289,0.05,-0.3999999999999999,2.220446049250313e-16,2.0,5.0,0,0,0,0,1,51,0,0,12,0
2000596,0.0,0.05,0.75,2.4909531249999994,2.4999999999999996,0.009046875000000005,4,9.046875,2.234375,0.109375,0.171875,0.0,0.5906250000000006,0.4718750000000004,0.6754040516389535,0.05013654283102186,0.006052613706957035,0.05000000000000001,-1.0,3.499999999999999,4.0,14.0,1,0,16,0,0,42,0,1,4,0
2000597,0.0,0.05,0.75,6.390234374999999,6.399999999999999,0.009765625000000005,-5,9.765625,2.609375,0.140625,0.0625,0.0,0.5906250000000007,0.509375,0.6025737828306595,0.050040785327841335,0.45767570635494037,0.05,-0.4,6.799999999999999,2.0,11.0,0,0,0,1,1,58,0,0,4,0
2000598,1.0,0.05,0.75,2.1364218750000004,2.1500000000000004,0.01357812500000001,-8,13.578125,3.171875,0.21875,0.09375,0.0,0.5875000000000007,0.5210937499999999,0.761077107396586,0.08101239427309868,0.6158564662427551,0.05,-0.7999999999999998,2.95,4.0,16.0,0,0,0,2,0,53,0,0,9,0
2000599,1.0,0.05,0.75,-1.7244687499999993,-1.6999999999999993,0.02446875000000001,-9,24.46875,4.34375,0.140625,0.0,0.0,0.5937500000000007,0.5492187499999996,0.9756553742426824,0.05002392237205909,0.9753499942196683,0.05000000000000001,-0.5,-1.2,2.0,7.0,0,0,0,0,2,41,0,0,21,0
2000600,1.0,0.05,0.75,0.6304218749999986,0.6499999999999986,0.019578125000000012,-8,19.578125,3.859375,0.171875,0.046875,0.015625,0.5968253968253975,0.5476190476190473,0.951977180633333,0.05113396136190368,0.9468213891842501,0.05,-0.30000000000000004,0.9500000000000004,3.0,11.0,0,0,0,0,1,42,0,0,20,1
2000601,1.0,0.05,0.75,1.0766250000000006,1.1000000000000005,0.023375,-5,23.375,4.3125,0.140625,0.0625,0.0,0.5937500000000008,0.5398437499999997,0.8152184623533414,0.05004967018666625,0.7596955519886506,0.05,-0.19999999999999996,1.3,1.0,12.0,0,0,0,1,0,46,0,0,17,0
2000602,1.0,0.05,0.75,4.483921875000004,4.5000000000000036,0.016078125,-2,16.078125,3.390625,0.171875,0.140625,0.0,0.5875000000000006,0.5960937499999995,0.9686525623629214,0.06370447645314056,0.8641073875762267,0.049999999999999996,-0.40000000000000013,4.899999999999999,5.0,15.0,1,0,0,0,2,19,0,0,42,0
2000603,0.0,0.05,0.75,6.591640624999998,6.599999999999999,0.008359375000000006,-3,8.359375,2.546875,0.15625,0.109375,0.0,0.5968750000000007,0.5187499999999999,0.6467954219672355,0.05074771218930698,0.23112637237836098,0.05,-0.95,7.549999999999999,4.0,13.0,0,0,0,0,1,55,0,0,8,0
2000604,1.0,0.05,0.75,-0.17646875000000034,-0.15000000000000036,0.02646875,-8,26.46875,4.625,0.171875,0.046875,0.0,0.5718750000000005,0.5421874999999997,0.8262857239588678,0.0500927582577965,0.8169787326004022,0.05,-0.8999999999999999,0.7500000000000002,4.0,10.0,0,0,0,3,3,40,0,0,18,0
2000605,1.0,0.05,0.75,4.022484375000001,4.050000000000002,0.027515625000000002,-3,27.515625,4.734375,0.1875,0.140625,0.015625,0.5904761904761912,0.5928571428571423,0.8979545004747675,0.06694573703810461,0.7209608794944103,0.05000000000000001,-0.7,4.75,3.0,18.0,0,0,0,1,1,22,0,0,39,1
2000606,0.0,0.05,0.75,5.444156249999999,5.449999999999999,0.005843750000000004,-4,5.84375,2.03125,0.125,0.0625,0.0,0.5968750000000007,0.49765625,0.5742097656517741,0.050013499975186754,0.3569854312786281,0.05,-0.4,5.85,2.0,10.0,0,0,1,0,1,62,0,0,0,0
2000607,0.0,0.05,0.75,5.589906249999999,5.6,0.010093750000000007,-5,10.09375,2.96875,0.125,0.046875,0.0,0.5843750000000006,0.5140625,0.606879161771783,0.050005068504093524,0.5273607479692601,0.05,-0.2,5.8,1.0,10.0,0,0,0,1,2,55,0,1,5,0
2000608,1.0,0.05,0.75,2.3947968749999986,2.3999999999999986,0.005203125000000003,-3,5.203125,1.984375,0.125,0.078125,0.0,0.6000000000000008,0.5046875,0.5244850761127602,0.050021892411022395,0.23333404248736322,0.05,-0.5999999999999999,2.999999999999999,3.0,10.0,0,0,0,0,0,62,0,0,2,0
2000609,0.0,0.05,0.75,8.890812500000003,8.900000000000002,0.009187500000000006,-5,9.1875,2.625,0.265625,0.1875,0.0,0.5875000000000007,0.42031250000000014,0.13157414372660753,0.13363903768466995,0.0009371388216283629,0.049999999999999996,-1.65,10.550000000000004,8.0,21.0,0,0,35,1,1,26,0,1,0,0
2000610,1.0,0.05,0.75,1.522249999999999,1.549999999999999,0.027750000000000018,-8,27.75,4.5,0.203125,0.078125,0.0,0.5937500000000007,0.5585937499999996,0.9759379713109866,0.0738795096070097,0.9665419268886981,0.05,-0.75,2.3,6.0,12.0,0,0,0,0,2,37,0,0,25,0
2000611,1.0,0.05,0.75,1.0166093750000007,1.0500000000000007,0.033390624999999986,-7,33.390625,5.265625,0.171875,0.0625,0.0,0.5937500000000007,0.6078124999999993,0.9793320480349578,0.0512460672234753,0.9783796077929053,0.05,-0.3500000000000001,1.4,4.0,11.0,0,0,0,0,0,18,0,2,44,0
2000612,1.0,0.05,0.75,3.3930937499999976,3.3999999999999977,0.006906250000000004,-4,6.90625,2.25,0.171875,0.109375,0.0,0.5906250000000006,0.5046875,0.5010207094271302,0.05140931082870011,0.15115600426096104,0.05,-0.3999999999999999,3.8,2.0,16.0,0,0,0,0,1,61,0,2,0,0
2000613,1.0,0.05,0.75,-0.37768750000000145,-0.3500000000000014,0.027687500000000014,-10,27.6875,4.5625,0.203125,0.046875,0.0,0.5875000000000006,0.5492187499999999,0.9628933267096483,0.0523735604552707,0.9608838003797247,0.049999999999999996,-0.9999999999999998,0.65,5.0,11.0,0,0,0,1,2,40,0,0,21,0
2000614,0.0,0.05,0.75,3.8487499999999986,3.8499999999999988,0.0012500000000000007,1,1.25,0.90625,0.109375,0.125,0.0,0.5968750000000007,0.5,0.55536435092959,0.05004054690731365,0.032310387079857686,0.05,-0.8,4.6499999999999995,4.0,11.0,0,0,2,0,0,60,0,1,1,0
2000615,1.0,0.05,0.75,1.8145937500000013,1.8500000000000014,0.03540625000000001,-6,35.40625,5.625,0.171875,0.078125,0.0,0.5812500000000006,0.6054687499999996,0.9734338836110575,0.051975631563817536,0.9705657109622685,0.049999999999999996,-0.8,2.6499999999999995,7.0,9.0,0,0,0,1,4,14,0,0,45,0
2000616,1.0,0.05,0.75,1.2728125000000008,1.3000000000000007,0.0271875,-7,27.1875,4.96875,0.171875,0.0625,0.015625,0.6000000000000008,0.6333333333333326,0.9927780835408223,0.0543535570667885,0.9924720535678442,0.049999999999999996,-0.5000000000000002,1.7999999999999998,7.0,8.0,0,0,0,0,0,7,0,0,56,1
2000617,1.0,0.05,0.75,-0.46656250000000105,-0.45000000000000107,0.016562500000000004,-10,16.5625,2.90625,0.1875,0.03125,0.0,0.5937500000000007,0.5164062499999998,0.9713377914025476,0.052059622846171404,0.9678974523463493,0.05,-0.050000000000000044,-0.39999999999999947,1.0,13.0,0,0,0,0,1,56,0,1,6,0
2000618,0.0,0.05,0.75,7.793843749999998,7.799999999999998,0.006156250000000004,-6,6.15625,1.96875,0.171875,0.078125,0.0,0.5968750000000007,0.49765625,0.6553917382112127,0.05101992464829598,0.4286606795091212,0.05,-0.6000000000000001,8.399999999999999,3.0,13.0,0,1,0,0,0,63,0,0,0,0
2000619,0.0,0.05,0.75,2.5985,2.6,0.001500000000000001,1,1.5,0.9375,0.078125,0.09375,0.0,0.5937500000000008,0.48828125000000006,0.3513015504704842,0.05000292563261507,0.027537773394473324,0.05,-0.65,3.2499999999999996,4.0,7.0,0,0,5,1,0,58,0,0,0,0
2000620,1.0,0.05,0.75,1.227265625,1.25,0.02273437500000001,-8,22.734375,4.171875,0.203125,0.078125,0.0,0.5937500000000007,0.51171875,0.7350964312976817,0.055427217479141686,0.6370008036662969,0.05000000000000001,-0.9999999999999998,2.25,5.0,13.0,0,0,0,0,2,57,0,0,5,0
2000621,0.0,0.05,0.75,7.394265624999997,7.399999999999998,0.005734375000000004,-4,5.734375,2.046875,0.171875,0.109375,0.0,0.5937500000000007,0.5046875,0.5010207094271301,0.05140931082870013,0.15115600426096096,0.05,-0.6000000000000001,7.999999999999998,3.0,15.0,0,0,0,0,0,62,0,2,0,0
2000622,0.0,0.05,0.75,5.939203125,5.949999999999999,0.010796875000000006,-4,10.796875,2.890625,0.140625,0.078125,0.0,0.5937500000000007,0.50703125,0.6273767049849569,0.05008061569076972,0.36505446444887646,0.05,-1.05,6.999999999999999,4.0,10.0,0,0,0,0,1,60,0,1,2,0
2000623,1.0,0.05,0.75,3.7475156249999992,3.749999999999999,0.0024843750000000018,-2,2.484375,1.359375,0.15625,0.125,0.0,0.5875000000000007,0.5140625000000001,0.5428439204037163,0.050422488783603725,0.11196451680210046,0.05,-0.3500000000000001,4.099999999999999,1.0,17.0,0,0,1,2,0,54,0,0,7,0
2000624,0.0,0.05,0.75,1.8921718749999996,1.8999999999999997,0.007828125000000005,4,7.828125,2.359375,0.078125,0.140625,0.0,0.5875000000000007,0.4882812500000002,0.23308021504949586,0.050120444435406496,0.0027655627235602877,0.05,-0.8,2.699999999999999,4.0,10.0,0,0,11,1,0,46,0,2,4,0
2000625,0.0,0.05,0.75,8.887625,8.9,0.012375000000000008,-7,12.375,2.75,0.203125,0.09375,0.0,0.5968750000000006,0.5187499999999998,0.6853342321968379,0.05725699039766348,0.5228409065834768,0.05,-0.2,9.1,1.0,18.0,0,0,2,0,0,52,0,1,9,0
2000626,1.0,0.05,0.75,0.8839062500000003,0.9000000000000004,0.01609375000000001,-7,16.09375,3.5,0.15625,0.046875,0.0,0.5937500000000007,0.5796874999999997,0.9948011943170986,0.051727160093514496,0.9941462432090674,0.05000000000000002,-0.30000000000000004,1.1999999999999997,4.0,9.0,0,0,0,0,1,29,0,1,33,0
2000627,1.0,0.05,0.75,2.5843437499999977,2.599999999999998,0.015656250000000007,-5,15.65625,3.25,0.171875,0.09375,0.0,0.6000000000000008,0.5070312499999999,0.5331194127029284,0.050921492985132946,0.2676770658910386,0.05,-0.19999999999999996,2.8,1.0,16.0,0,0,0,0,0,61,0,0,3,0
2000628,0.0,0.05,0.75,6.637781249999999,6.649999999999999,0.012218750000000007,-4,12.21875,3.0,0.15625,0.09375,0.0,0.6000000000000008,0.5070312499999999,0.5823779417342161,0.050355773712651646,0.2574977665690233,0.049999999999999996,-0.6000000000000001,7.249999999999999,3.0,13.0,0,0,0,0,0,61,0,0,3,0
2000629,1.0,0.05,0.75,2.534546874999999,2.549999999999999,0.015453125000000012,-6,15.453125,3.484375,0.203125,0.109375,0.0,0.6000000000000006,0.49296874999999996,0.47836946919670864,0.05588073035805941,0.18571463706726374,0.05,-0.5999999999999999,3.1499999999999995,3.0,17.0,0,0,7,0,0,53,0,0,4,0
2000630,0.0,0.05,0.75,5.282859375,5.3,0.017140624999999996,-3,17.140625,3.796875,0.125,0.078125,0.0,0.5843750000000005,0.5421874999999999,0.610090512366456,0.05001675286598357,0.45567615234958825,0.05,-0.8500000000000001,6.1499999999999995,3.0,10.0,1,0,0,0,3,41,0,0,19,0
2000631,0.0,0.05,0.75,4.346937499999998,4.349999999999999,0.003062500000000002,0,3.0625,1.53125,0.125,0.125,0.0,0.5812500000000006,0.5140625,0.623633571131823,0.05007852046390683,0.07789568481372933,0.05,-1.15,5.5,4.0,12.0,0,0,2,2,0,52,0,2,6,0
2000632,1.0,0.05,0.75,-0.07326562500000072,-0.05000000000000071,0.02326562500000001,-8,23.265625,3.796875,0.171875,0.046875,0.0,0.5843750000000005,0.5117187499999999,0.8183563134668991,0.05020524171134219,0.7872700397229146,0.05,0.0,-0.0499999999999996,0.0,14.0,0,1,0,1,2,54,0,0,6,0
2000633,1.0,0.05,0.75,1.1939374999999983,1.1999999999999984,0.006062500000000004,-6,6.0625,1.84375,0.15625,0.0625,0.0,0.5906250000000006,0.5,0.6841430057300785,0.05019660706830199,0.5327159086609198,0.05,-0.5999999999999999,1.8,3.0,11.0,1,0,0,0,0,62,0,1,0,0
2000634,0.0,0.05,0.75,6.19325,6.2,0.0067500000000000025,-2,6.75,2.125,0.171875,0.140625,0.015625,0.590476190476191,0.5285714285714284,0.632527412273557,0.053171474908462364,0.13298453457491305,0.05000000000000001,-1.1,7.299999999999999,4.0,16.0,0,0,0,1,1,49,0,0,12,1
2000635,0.0,0.05,0.75,1.848109375,1.8499999999999999,0.0018906250000000012,2,1.890625,1.203125,0.0625,0.09375,0.0,0.5875000000000006,0.5046875,0.33463529639906414,0.050002477824653405,0.03806197185276827,0.05000000000000001,-1.0,2.8499999999999996,5.0,5.0,0,0,2,0,1,57,0,3,1,0
2000636,0.0,0.05,0.75,5.648062499999999,5.6499999999999995,0.0019375000000000009,-1,1.9375,0.96875,0.140625,0.125,0.0,0.5906250000000006,0.5046875,0.5136041781795742,0.050266024884345076,0.04911826564290438,0.05000000000000001,-1.2,6.85,6.0,11.0,0,0,1,0,1,59,0,2,1,0
2000637,1.0,0.05,0.75,-0.2748906249999991,-0.2499999999999991,0.024890625,-7,24.890625,4.546875,0.140625,0.03125,0.015625,0.5936507936507943,0.5571428571428567,0.9174521922297663,0.050033406100709436,0.9139930900953172,0.05,-0.5999999999999999,0.3500000000000001,4.0,7.0,0,0,0,0,1,38,0,1,23,1
2000638,0.0,0.05,0.75,5.946890624999998,5.949999999999998,0.003109375000000002,-3,3.109375,1.578125,0.15625,0.109375,0.0,0.5937500000000007,0.4742187500000001,0.5131437924410359,0.05025543758705188,0.0745041477866487,0.05000000000000001,-1.0,6.949999999999998,5.0,12.0,0,0,11,1,0,52,0,0,0,0
2000639,0.0,0.05,0.75,6.284703124999999,6.299999999999999,0.015296875000000012,-5,15.296875,3.453125,0.140625,0.0625,0.0,0.5906250000000006,0.5093749999999999,0.6452288474687063,0.050043626538527654,0.5044398019590224,0.05,-0.6000000000000001,6.8999999999999995,3.0,10.0,0,0,0,1,1,58,0,0,4,0
2000640,1.0,0.05,0.75,-1.031609375,-1.0,0.03160937500000001,-8,31.609375,4.828125,0.140625,0.015625,0.0,0.5937500000000007,0.5421874999999996,0.945036902395107,0.050021156317759226,0.9433219087491719,0.05,-0.25,-0.7499999999999998,2.0,8.0,0,1,0,0,0,44,0,1,18,0
2000641,0.0,0.05,0.75,3.596359375,3.6,0.0036406250000000015,3,3.640625,1.546875,0.125,0.171875,0.0,0.5718750000000007,0.48593750000000013,0.606558230599637,0.05062409859467217,0.0061621677331564,0.05,-1.2000000000000002,4.8,5.0,14.0,0,0,9,2,1,49,1,2,0,0
2000642,0.0,0.05,0.75,6.4985624999999985,6.499999999999998,0.0014375000000000008,-2,1.4375,0.875,0.171875,0.140625,0.0,0.5875000000000006,0.5140625,0.5755995186587655,0.052877989333101456,0.07634037029217844,0.049999999999999996,-0.8,7.299999999999999,4.0,16.0,0,0,0,1,0,57,0,2,4,0
2000643,0.0,0.05,0.75,5.746109374999999,5.749999999999999,0.003890625000000003,-3,3.890625,1.796875,0.140625,0.09375,0.0,0.5937500000000007,0.49765625,0.540814225783118,0.05008850067091378,0.17675334436560258,0.05,-0.4,6.1499999999999995,2.0,13.0,0,0,2,0,1,60,0,1,0,0
2000644,1.0,0.05,0.75,-0.790015625,-0.75,0.040015625000000006,-9,40.015625,5.828125,0.15625,0.015625,0.0,0.5968750000000006,0.6101562499999994,0.9922060942147012,0.050318148963283967,0.9921650930520127,0.05,-0.6000000000000001,-0.1499999999999999,6.0,5.0,0,0,0,0,1,16,0,0,47,0
2000645,0.0,0.05,0.75,1.796796875,1.8,0.0032031250000000024,3,3.203125,1.578125,0.0625,0.109375,0.0,0.5968750000000007,0.4882812500000001,0.48633087265691743,0.05000377063772601,0.021230817741497366,0.05,-0.8,2.5999999999999996,4.0,7.0,0,0,6,0,0,57,0,1,0,0
2000646,1.0,0.05,0.75,1.1844999999999992,1.1999999999999993,0.01550000000000001,-8,15.5,2.9375,0.203125,0.078125,0.0,0.5937500000000007,0.5046875,0.6628343717112779,0.05407480000489374,0.543658005132938,0.05,-0.5999999999999999,1.8,3.0,15.0,0,0,0,1,0,61,0,0,2,0
2000647,1.0,0.05,0.75,-0.27082812500000003,-0.25,0.020828125000000006,-7,20.828125,4.140625,0.140625,0.03125,0.0,0.5875000000000006,0.5304687499999999,0.8843797206221655,0.050021744129089205,0.8745301121909341,0.05,-0.5,0.2500000000000002,2.0,9.0,0,0,1,0,3,46,0,1,13,0
2000648,0.0,0.05,0.75,6.597640624999999,6.599999999999999,0.0023593750000000017,-3,2.359375,1.140625,0.15625,0.109375,0.0,0.5968750000000007,0.5046875,0.4869456864258984,0.050439156362000914,0.11646736457120131,0.05,-0.6000000000000001,7.199999999999998,3.0,14.0,0,0,0,0,0,62,0,1,1,0
2000649,1.0,0.05,0.75,0.4238437500000002,0.4500000000000002,0.02615625,-7,26.15625,4.71875,0.15625,0.046875,0.0,0.5937500000000007,0.5679687499999997,0.901204029715157,0.050092936559258755,0.8966129534355568,0.05000000000000001,-0.19999999999999996,0.6500000000000001,1.0,12.0,0,0,0,0,1,34,0,1,28,0
2000650,0.0,0.05,0.75,5.745859375,5.75,0.004140625000000003,2,4.140625,1.734375,0.171875,0.203125,0.0,0.5968750000000007,0.4484375000000005,0.008118898162305169,0.2201625516806549,2.509952323431401e-05,0.05,-0.9500000000000002,6.700000000000001,7.0,17.0,0,0,24,0,1,37,0,0,2,0
2000651,0.0,0.05,0.75,6.237312499999999,6.249999999999999,0.01268750000000001,-6,12.6875,2.90625,0.140625,0.046875,0.0,0.5843750000000006,0.5140624999999999,0.716380429301431,0.050017645066851475,0.6589202551052196,0.05,-0.75,6.999999999999999,3.0,9.0,0,0,0,1,0,57,1,1,4,0
2000652,0.0,0.05,0.75,4.297515625,4.3,0.0024843750000000018,-1,2.484375,1.203125,0.109375,0.09375,0.0,0.5968750000000007,0.51171875,0.3802571596082408,0.050008109964840224,0.09112159444399033,0.05,-0.8,5.1,4.0,9.0,0,0,0,0,1,58,0,0,5,0
2000653,1.0,0.05,0.75,0.787031249999999,0.7999999999999989,0.012968750000000008,-5,12.96875,3.25,0.125,0.046875,0.0,0.5968750000000007,0.5093749999999999,0.6578274627769913,0.05000942027206415,0.5618479415883959,0.05,0.0,0.8000000000000005,0.0,11.0,0,0,0,0,1,59,0,0,4,0
2000654,0.0,0.05,0.75,5.198906249999999,5.199999999999999,0.0010937500000000005,-2,1.09375,0.84375,0.125,0.09375,0.015625,0.6000000000000008,0.5023809523809524,0.507471645026666,0.05004557239355425,0.12912665937884596,0.049999999999999996,-0.2,5.3999999999999995,1.0,13.0,0,0,0,0,0,62,0,0,1,1
2000655,0.0,0.05,0.75,3.8492499999999996,3.8499999999999996,0.0007500000000000004,-2,0.75,0.65625,0.09375,0.0625,0.0,0.6000000000000006,0.50703125,0.5771811791514578,0.05000164400319619,0.3049605644772405,0.05,-0.55,4.3999999999999995,2.0,8.0,0,0,0,0,0,61,0,0,3,0
2000656,1.0,0.05,0.75,0.8932500000000003,0.9000000000000004,0.006750000000000003,-4,6.75,1.9375,0.109375,0.046875,0.0,0.5968750000000007,0.5070312499999999,0.7122709242811452,0.05000512603373098,0.5693319223271079,0.05,-0.34999999999999987,1.2500000000000002,2.0,8.0,0,0,0,0,0,61,0,1,2,0
2000657,1.0,0.05,0.75,0.5958593749999996,0.5999999999999996,0.004140625000000003,-3,4.140625,1.765625,0.078125,0.03125,0.0,0.5906250000000007,0.50234375,0.6397097207584216,0.050000290233772636,0.5163755003310243,0.05,-0.19999999999999996,0.8000000000000003,1.0,6.0,0,0,1,1,0,60,0,1,1,0
2000658,0.0,0.05,0.75,4.647890624999999,4.649999999999999,0.0021093750000000014,0,2.109375,1.265625,0.125,0.125,0.0,0.5968750000000007,0.50703125,0.5059659491392325,0.05008703872105029,0.043158082771050925,0.05000000000000001,-1.5499999999999998,6.199999999999999,7.0,9.0,0,0,0,0,1,60,0,0,3,0
2000659,1.0,0.05,0.75,-0.5759531249999998,-0.5499999999999998,0.025953124999999997,-7,25.953125,4.609375,0.140625,0.03125,0.0,0.5937500000000007,0.5632812499999996,0.8994003077742547,0.05001336951300625,0.89659562328544,0.05,-0.3500000000000001,-0.19999999999999996,2.0,9.0,0,0,0,0,2,35,0,0,27,0
2000660,0.0,0.05,0.75,10.337625000000001,10.350000000000001,0.01237500000000001,-7,12.375,2.9375,0.265625,0.15625,0.0,0.5875000000000007,0.4296875000000004,0.016234926491511283,0.0745178453190917,0.00027048272420375654,0.05000000000000001,-0.6500000000000001,11.0,7.0,20.0,2,0,28,0,0,34,0,0,0,0
2000661,0.0,0.05,0.75,7.341999999999999,7.349999999999999,0.008000000000000004,-5,8.0,1.71875,0.171875,0.09375,0.0,0.5875000000000007,0.49765625,0.5121281138550217,0.050677306568333955,0.2288149325909964,0.05,-0.2,7.549999999999999,1.0,16.0,0,0,1,1,2,60,0,0,0,0
2000662,0.0,0.05,0.75,3.548624999999999,3.549999999999999,0.0013750000000000008,2,1.375,1.0,0.109375,0.140625,0.0,0.5937500000000007,0.49765625,0.4032453486131431,0.050184165602628665,0.010743417160995972,0.05,-1.0,4.549999999999999,5.0,11.0,0,1,1,0,0,61,0,1,0,0
2000663,1.0,0.05,0.75,1.5206562500000007,1.5500000000000007,0.02934375000000001,-8,29.34375,4.375,0.203125,0.078125,0.0,0.5968750000000007,0.5140624999999999,0.4384896042292274,0.05239908288877584,0.3503804006394031,0.05,-0.9999999999999998,2.5500000000000007,5.0,13.0,0,0,1,0,1,55,0,0,7,0
2000664,1.0,0.05,0.75,1.7398281249999992,1.7499999999999991,0.010171875000000007,-5,10.171875,2.609375,0.15625,0.078125,0.0,0.5968750000000007,0.5046875,0.6238943375502561,0.05021318617377663,0.3940184648641801,0.05,-0.8999999999999999,2.6499999999999995,4.0,11.0,0,0,0,0,1,61,0,0,2,0
2000665,1.0,0.05,0.75,1.544828124999998,1.549999999999998,0.005171875000000004,-5,5.171875,1.890625,0.140625,0.0625,0.0,0.5937500000000006,0.52109375,0.7132224688838783,0.05006368595632153,0.600241683043889,0.05,-0.3999999999999999,1.9500000000000004,2.0,11.0,0,0,1,0,2,51,0,0,10,0
2000666,0.0,0.05,0.75,5.844609374999998,5.849999999999999,0.005390625000000004,-4,5.390625,1.921875,0.140625,0.078125,0.0,0.5937500000000008,0.49765625,0.5215802286108081,0.05004539178547629,0.25549894715051685,0.05,-0.6000000000000001,6.449999999999999,3.0,11.0,1,0,1,0,0,61,0,0,1,0
2000667,0.0,0.05,0.75,3.6489218750000005,3.6500000000000004,0.0010781250000000007,-2,1.078125,0.890625,0.09375,0.0625,0.0,0.5843750000000006,0.5,0.5591606134839205,0.050001271415650236,0.29034379758189227,0.05,-0.2,3.8500000000000005,1.0,9.0,0,0,1,1,2,59,0,1,0,0
2000668,1.0,0.05,0.75,2.5732656249999994,2.5999999999999996,0.026734375,-4,26.734375,4.671875,0.15625,0.09375,0.0,0.5937500000000007,0.5515624999999996,0.6013077678988943,0.050157187002539724,0.47304779659062324,0.05,-0.6499999999999999,3.25,4.0,12.0,0,0,0,0,2,40,0,0,22,0
2000669,1.0,0.05,0.75,0.12310937500000035,0.15000000000000036,0.026890625000000005,-6,26.890625,4.640625,0.125,0.03125,0.0,0.5937500000000007,0.5468749999999996,0.9214769032498322,0.050015342358407516,0.9143793107699558,0.05000000000000001,-0.44999999999999996,0.6000000000000001,3.0,7.0,0,0,0,0,2,42,0,0,20,0
2000670,0.0,0.05,0.75,7.291984374999998,7.299999999999998,0.008015625000000005,-2,8.015625,2.546875,0.1875,0.15625,0.0,0.5937500000000007,0.5046875,0.48664780190076534,0.059844548707360466,0.030708908908562205,0.05000000000000001,-0.6000000000000001,7.899999999999998,3.0,19.0,0,0,1,1,0,59,0,0,3,0
2000671,1.0,0.05,0.75,0.39349999999999946,0.39999999999999947,0.006500000000000005,-4,6.5,2.25,0.09375,0.03125,0.0,0.5937500000000008,0.5070312499999999,0.6732448488788975,0.050000801585859275,0.5905596912997237,0.05,-0.19999999999999996,0.6000000000000003,1.0,7.0,0,0,0,1,0,60,0,0,3,0
2000672,0.0,0.05,0.75,4.0491874999999995,4.05,0.0008125000000000005,0,0.8125,0.6875,0.109375,0.109375,0.0,0.5937500000000008,0.5046875,0.5287761116665766,0.05001919953486794,0.06413986417574205,0.05,-0.6000000000000001,4.6499999999999995,3.0,11.0,0,0,0,1,0,61,0,0,2,0
2000673,0.0,0.05,0.75,3.796109374999999,3.799999999999999,0.0038906250000000026,2,3.890625,1.671875,0.125,0.15625,0.0,0.5968750000000007,0.43203125000000014,0.08680674713344509,0.05181563603766318,0.00022347827164505835,0.05000000000000001,-0.65,4.449999999999999,4.0,14.0,0,0,30,0,0,33,0,1,0,0
2000674,0.0,0.05,0.75,6.445687499999998,6.449999999999998,0.004312500000000003,-3,4.3125,1.71875,0.171875,0.125,0.0,0.5906250000000007,0.48124999999999996,0.3714531992373452,0.05055670469615453,0.04587998461109507,0.05,-0.8,7.249999999999998,4.0,15.0,0,0,9,1,1,52,0,0,1,0
2000675,0.0,0.05,0.75,8.577874999999997,8.599999999999998,0.022125000000000013,-8,22.125,4.1875,0.1875,0.0625,0.0,0.5843750000000005,0.5234375,0.7326503472386804,0.05050569390032289,0.6962412788920024,0.05,-0.8999999999999999,9.499999999999998,4.0,12.0,0,0,0,0,4,50,0,1,9,0
2000676,1.0,0.05,0.75,3.7352187500000027,3.7500000000000027,0.01478125000000001,-3,14.78125,3.65625,0.15625,0.109375,0.0,0.5968750000000006,0.6265624999999994,0.980299043278666,0.05411199319666718,0.9705734334860904,0.05,-0.2500000000000002,3.999999999999999,5.0,12.0,0,0,0,0,1,9,0,0,54,0
2000677,1.0,0.05,0.75,0.9147812499999993,0.9499999999999993,0.03521875000000001,-8,35.21875,4.71875,0.1875,0.0625,0.015625,0.5936507936507943,0.5476190476190471,0.9592918364951162,0.05513359572042521,0.9506141804104201,0.05000000000000001,-0.44999999999999996,1.4000000000000001,3.0,13.0,0,0,0,1,0,42,0,0,20,1
2000678,1.0,0.05,0.75,0.6205937499999986,0.6499999999999986,0.029406250000000002,-8,29.40625,4.15625,0.1875,0.0625,0.015625,0.5809523809523817,0.5428571428571426,0.8745852260741025,0.05129557138788232,0.8587678869090469,0.05,-1.0499999999999998,1.7000000000000002,6.0,10.0,0,0,0,1,0,44,1,2,15,1
2000679,0.0,0.05,0.75,4.547703124999998,4.549999999999998,0.002296875000000001,2,2.296875,1.171875,0.140625,0.171875,0.0,0.5968750000000007,0.48828125000000006,0.3630216457632696,0.05358411552038395,0.0038431710996433485,0.049999999999999996,-1.5999999999999999,6.149999999999999,8.0,12.0,0,0,6,0,0,57,0,1,0,0
2000680,1.0,0.05,0.75,-0.23271875000000108,-0.20000000000000107,0.03271875000000002,-10,32.71875,4.53125,0.203125,0.046875,0.0,0.5906250000000006,0.5328124999999997,0.9346056134895006,0.05235219753240596,0.9293528775567956,0.05,-0.8499999999999999,0.6500000000000004,5.0,11.0,1,0,0,0,1,47,0,0,15,0
2000681,0.0,0.05,0.75,7.185015624999998,7.199999999999998,0.014984375000000012,-6,14.984375,3.546875,0.15625,0.0625,0.0,0.6000000000000008,0.5093749999999999,0.6467166404222475,0.050125333778213745,0.5327159086609194,0.05,-0.4,7.599999999999999,2.0,12.0,0,0,0,0,0,60,0,0,4,0
2000682,1.0,0.05,0.75,0.22779687499999912,0.2499999999999991,0.022203125,-7,22.203125,3.890625,0.15625,0.046875,0.0,0.5937500000000007,0.5187499999999998,0.7852380130311551,0.05006962984166012,0.7499514118731996,0.05,-0.5999999999999999,0.8500000000000003,3.0,10.0,0,0,0,0,2,54,0,0,8,0
2000683,1.0,0.05,0.75,0.6324687499999995,0.6499999999999995,0.01753125000000001,-6,17.53125,3.65625,0.15625,0.0625,0.0,0.5968750000000007,0.5117187499999999,0.7126533915923722,0.05008762363616975,0.6157563590158496,0.05,-0.5999999999999999,1.2500000000000002,3.0,11.0,0,1,0,0,0,57,0,0,6,0
2000684,0.0,0.05,0.75,6.893515624999997,6.899999999999998,0.006484375000000005,-3,6.484375,2.359375,0.171875,0.125,0.0,0.5968750000000007,0.48124999999999996,0.5672557695561816,0.0521479735420119,0.06412092095239978,0.049999999999999996,-0.4,7.299999999999998,2.0,17.0,0,0,9,0,0,54,0,1,0,0
2000685,1.0,0.05,0.75,1.9267656249999976,1.9499999999999975,0.02323437500000001,-10,23.234375,3.765625,0.25,0.09375,0.0,0.5937500000000007,0.5515624999999995,0.9980070958225284,0.27022463567660293,0.9777738235263437,0.049999999999999996,-0.9000000000000001,2.8500000000000005,7.0,15.0,0,0,1,0,1,39,0,1,22,0
2000686,1.0,0.05,0.75,1.7886718749999981,1.799999999999998,0.011328125000000007,-6,11.328125,2.609375,0.171875,0.078125,0.0,0.5937500000000007,0.50234375,0.6261699403855481,0.05078473150557934,0.42866067950912085,0.05,-0.9999999999999998,2.8,5.0,11.0,0,0,0,0,1,62,0,1,0,0
2000687,0.0,0.05,0.75,5.248562499999999,5.249999999999999,0.001437500000000001,-2,1.4375,0.9375,0.125,0.09375,0.0,0.5968750000000007,0.49765625,0.6004814012353694,0.050051314893998486,0.13875520169165714,0.05,-0.2,5.45,1.0,13.0,0,0,2,0,0,61,0,1,0,0
2000688,0.0,0.05,0.75,5.5965937499999985,5.599999999999999,0.0034062500000000013,-3,3.40625,1.28125,0.140625,0.09375,0.0,0.5875000000000006,0.5093749999999999,0.4663109626093956,0.05005039568480557,0.1801096785580828,0.05,-0.8,6.3999999999999995,4.0,11.0,0,1,0,0,1,57,0,2,3,0
2000689,0.0,0.05,0.75,6.045843749999998,6.049999999999998,0.004156250000000001,0,4.15625,1.65625,0.1875,0.1875,0.0,0.5937500000000007,0.41796875000000044,0.07190324570551307,0.08802969239439672,0.00014954202525705002,0.05,-1.4,7.449999999999999,8.0,16.0,0,0,36,0,1,26,0,1,0,0
2000690,1.0,0.05,0.75,0.5841874999999987,0.5999999999999988,0.01581250000000001,-5,15.8125,3.5625,0.125,0.046875,0.015625,0.590476190476191,0.5119047619047618,0.6139547488784357,0.05000757322547042,0.5273607479692592,0.05,-0.19999999999999996,0.8000000000000004,1.0,10.0,0,0,0,1,1,56,0,0,5,1
2000691,1.0,0.05,0.75,0.33259374999999786,0.34999999999999787,0.017406250000000012,-8,17.40625,3.6875,0.171875,0.046875,0.0,0.5937500000000006,0.5679687499999998,0.9303891032240273,0.050330274947746105,0.9276714255261906,0.05,-0.7,1.0500000000000003,5.0,9.0,0,0,0,0,1,34,0,1,28,0
2000692,1.0,0.05,0.75,2.339046874999999,2.3499999999999988,0.010953125000000008,-4,10.953125,2.953125,0.15625,0.09375,0.0,0.5906250000000006,0.5515624999999998,0.8148334546937642,0.05038856507200639,0.6889899963074642,0.05,-0.44999999999999996,2.8,3.0,13.0,0,0,0,1,1,40,0,0,22,0
2000693,0.0,0.05,0.75,4.448203125,4.45,0.0017968750000000012,-1,1.796875,1.109375,0.125,0.109375,0.0,0.5843750000000006,0.5046875,0.4347623649280555,0.05002889514193796,0.07500527092016826,0.05000000000000001,-1.0,5.45,5.0,10.0,1,0,0,1,0,59,0,1,2,0
2000694,1.0,0.05,0.75,0.4224218749999993,0.4499999999999993,0.027578125000000016,-8,27.578125,4.484375,0.1875,0.0625,0.0,0.5875000000000007,0.5257812499999999,0.7610484456522766,0.050532674868726264,0.726578682518985,0.049999999999999996,-0.3999999999999999,0.8500000000000005,2.0,14.0,0,0,1,1,1,49,0,1,11,0
2000695,1.0,0.05,0.75,-0.9323906250000004,-0.9000000000000004,0.032390625000000006,-10,32.390625,4.640625,0.1875,0.03125,0.0,0.5812500000000005,0.5656249999999995,0.9659088445091659,0.0505531681070376,0.965322611307292,0.05,-0.7999999999999998,-0.09999999999999987,5.0,9.0,0,0,0,0,3,33,0,3,25,0
2000696,1.0,0.05,0.75,0.2629531250000007,0.3000000000000007,0.03704687500000001,-9,37.046875,5.453125,0.171875,0.03125,0.0,0.6000000000000008,0.6289062499999992,0.9991102442353113,0.05961242702529305,0.9990666659857095,0.05,-0.15000000000000013,0.44999999999999973,3.0,10.0,0,0,0,0,0,9,0,0,55,0
2000697,1.0,0.05,0.75,-0.020468750000000903,-8.881784197001252e-16,0.020468750000000015,-8,20.46875,3.9375,0.171875,0.046875,0.0,0.5812500000000006,0.5210937499999999,0.8439499228288173,0.05019557501446115,0.8243979733907228,0.05,-0.8499999999999999,0.8500000000000003,5.0,9.0,1,0,0,1,1,51,0,1,9,0
2000698,0.0,0.05,0.75,3.245421874999998,3.2499999999999982,0.004578125000000003,4,4.578125,1.828125,0.140625,0.203125,0.0,0.5875000000000006,0.4906250000000002,0.39112876275578606,0.05976317851448832,0.0018595108696443487,0.05,-0.95,4.199999999999999,4.0,18.0,0,0,12,0,1,43,0,3,5,0
2000699,1.0,0.05,0.75,0.6277343749999985,0.6499999999999986,0.022265625000000015,-8,22.265625,4.140625,0.1875,0.0625,0.03125,0.5967741935483878,0.5193548387096774,0.7721045718558621,0.051574113664998415,0.7272547877649325,0.05,-0.7999999999999998,1.4500000000000004,4.0,12.0,0,0,0,0,0,54,0,1,7,2
2000700,1.0,0.05,0.75,1.6177187500000003,1.6500000000000004,0.03228125000000001,-9,32.28125,4.65625,0.234375,0.09375,0.0,0.6000000000000008,0.5304687499999998,0.8785461899259077,0.11681612185439083,0.780590540025372,0.05,-0.6499999999999999,2.3000000000000007,4.0,17.0,0,0,0,0,0,51,0,0,13,0
2000701,0.0,0.05,0.75,6.997984374999998,6.999999999999998,0.002015625000000001,-2,2.015625,1.171875,0.1875,0.15625,0.0,0.5875000000000007,0.43671875000000016,0.0963073481919746,0.05625950504241714,0.0007438282824240718,0.049999999999999996,-1.55,8.55,10.0,12.0,1,0,27,0,0,35,1,0,0,0
2000702,0.0,0.05,0.75,4.399046874999999,4.399999999999999,0.0009531250000000006,2,0.953125,0.796875,0.125,0.15625,0.0,0.5968750000000007,0.49296875000000007,0.27137598634035953,0.05159493240317589,0.0029155801586288185,0.05000000000000001,-1.05,5.449999999999998,6.0,12.0,0,0,4,0,0,59,0,1,0,0
2000703,0.0,0.05,0.75,5.9487187499999985,5.949999999999998,0.0012812500000000007,-1,1.28125,0.8125,0.15625,0.140625,0.0,0.5937500000000007,0.50234375,0.5198498116677042,0.05092202225612364,0.035333790177023275,0.05000000000000001,-1.0,6.949999999999998,5.0,14.0,0,0,2,0,1,58,0,1,2,0
2000704,1.0,0.05,0.75,-0.10185937500000072,-0.05000000000000071,0.051859375000000006,-10,51.859375,5.578125,0.203125,0.046875,0.0,0.6000000000000008,0.5656249999999994,0.9925508598766936,0.06033280554479161,0.9918509937895832,0.05000000000000001,-0.75,0.7,6.0,10.0,0,0,0,0,0,36,0,0,28,0
2000705,1.0,0.05,0.75,0.3303281250000005,0.35000000000000053,0.019671875000000005,-5,19.671875,4.078125,0.109375,0.03125,0.0,0.5906250000000006,0.5796874999999996,0.8912773244843867,0.05000408660530864,0.8877104066117855,0.05,-0.44999999999999996,0.8,3.0,6.0,0,1,0,0,2,26,0,0,35,0
2000706,0.0,0.05,0.75,1.8924531250000005,1.9000000000000006,0.007546875000000003,5,7.546875,2.046875,0.078125,0.15625,0.0,0.5937500000000007,0.4789062500000002,0.23623774209540968,0.05035488510704309,0.0010822949538097763,0.05,-1.25,3.15,7.0,8.0,0,0,10,0,1,52,0,1,0,0
2000707,1.0,0.05,0.75,-0.6286249999999997,-0.5999999999999996,0.02862500000000001,-9,28.625,4.875,0.171875,0.03125,0.0,0.5875000000000006,0.5632812499999996,0.9719829185576268,0.050321049208277,0.9712168780619101,0.05000000000000002,-0.6499999999999999,0.050000000000000044,4.0,9.0,1,0,0,1,0,34,0,0,28,0
2000708,0.0,0.05,0.75,3.44915625,3.45,0.0008437500000000005,-2,0.84375,0.625,0.078125,0.046875,0.0,0.5937500000000007,0.5,0.6177871569047376,0.05000051744905984,0.36110715589584896,0.05,-0.4,3.8500000000000005,2.0,6.0,0,0,2,0,0,60,0,2,0,0
2000709,0.0,0.05,0.75,4.897890624999999,4.899999999999999,0.002109375000000001,1,2.109375,1.109375,0.140625,0.15625,0.0,0.6000000000000008,0.47890625,0.5404322766649606,0.050733292948760875,0.00883229173783814,0.049999999999999996,-0.8,5.699999999999999,4.0,15.0,0,0,10,0,0,53,0,0,1,0
2000710,0.0,0.05,0.75,6.594171874999998,6.599999999999998,0.0058281250000000034,-3,5.828125,1.953125,0.15625,0.109375,0.0,0.6000000000000008,0.50234375,0.5101976006335044,0.05049691824764683,0.11646736457120183,0.049999999999999996,-0.8,7.399999999999999,4.0,13.0,0,0,0,0,0,63,0,0,1,0
2000711,0.0,0.05,0.75,7.1915468749999985,7.199999999999998,0.008453125000000006,-6,8.453125,2.265625,0.15625,0.0625,0.0,0.5968750000000007,0.5046875,0.6620094914664747,0.05015256692025024,0.5327159086609202,0.05000000000000001,-0.8,7.999999999999999,4.0,10.0,0,0,0,0,0,62,0,1,1,0
2000712,1.0,0.05,0.75,1.1841093750000011,1.200000000000001,0.015890625000000012,-6,15.890625,3.734375,0.15625,0.0625,0.015625,0.5904761904761912,0.5809523809523807,0.9372308287537324,0.05033895304102946,0.931126026584236,0.05,-0.3500000000000001,1.55,4.0,10.0,0,0,0,0,1,28,1,0,33,1
2000713,0.0,0.05,0.75,4.747171875,4.75,0.0028281250000000016,1,2.828125,1.390625,0.125,0.140625,0.0,0.5875000000000007,0.4226562500000002,0.22590139859584543,0.050503844129071086,0.00030821302701383393,0.05000000000000002,-0.6000000000000001,5.35,6.0,11.0,0,1,33,1,0,28,0,1,0,0
2000714,0.0,0.05,0.75,5.748749999999999,5.749999999999999,0.0012500000000000002,-3,1.25,0.65625,0.140625,0.09375,0.0,0.5937500000000007,0.50234375,0.566236900244604,0.05010169596922874,0.18995100497363135,0.05000000000000001,-0.6000000000000001,6.349999999999999,3.0,12.0,0,0,0,0,2,61,0,0,1,0
2000715,1.0,0.05,0.75,-0.32409374999999985,-0.2999999999999998,0.024093750000000008,-7,24.09375,4.0,0.140625,0.03125,0.0,0.5875000000000006,0.5328124999999997,0.9149320991456532,0.050027781989180516,0.9072373600616389,0.05000000000000001,-1.0499999999999998,0.75,6.0,5.0,0,0,0,1,2,47,0,0,14,0
2000716,1.0,0.05,0.75,-0.14489062499999966,-0.09999999999999964,0.04489062500000002,-8,44.890625,5.796875,0.15625,0.03125,0.0,0.5968750000000007,0.5820312499999994,0.9878478129142512,0.050351270657359136,0.9875112232509513,0.05,-0.5,0.3999999999999999,4.0,8.0,0,0,0,0,1,28,0,0,35,0
2000717,0.0,0.05,0.75,7.391984374999998,7.399999999999998,0.008015625000000004,-4,8.015625,2.234375,0.171875,0.109375,0.0,0.5968750000000007,0.5,0.5457301664638655,0.05183566360287657,0.1511560042609611,0.05,-0.4,7.799999999999998,2.0,16.0,0,0,0,0,1,63,0,0,0,0
2000718,1.0,0.05,0.75,-0.6123125000000006,-0.6000000000000005,0.01231250000000001,-6,12.3125,3.125,0.109375,0.015625,0.0,0.6000000000000008,0.5070312499999999,0.8211462373221535,0.05000190897825368,0.7999779270946832,0.05,-0.5999999999999999,2.220446049250313e-16,3.0,5.0,0,0,0,0,0,61,0,0,3,0
2000719,1.0,0.05,0.75,1.5766093750000014,1.6000000000000014,0.023390625,-7,23.390625,4.609375,0.171875,0.0625,0.0,0.5906250000000006,0.6382812499999994,0.9977763514957244,0.060349488232707804,0.9976096626558435,0.05,-0.30000000000000027,1.8999999999999997,6.0,9.0,1,0,0,0,0,3,0,1,59,0
2000720,1.0,0.05,0.75,1.2227968750000018,1.2500000000000018,0.027203125000000005,-8,27.203125,4.734375,0.203125,0.078125,0.0,0.5875000000000006,0.5890624999999996,0.9582816965259483,0.056514917961709446,0.9541495627025681,0.049999999999999996,-0.55,1.8,5.0,13.0,1,0,0,0,1,23,0,1,38,0
2000721,1.0,0.05,0.75,-0.22568750000000107,-0.20000000000000107,0.025687500000000002,-11,25.6875,3.75,0.234375,0.0625,0.0,0.5843750000000005,0.5304687499999997,0.9477625953249879,0.07277596726863544,0.9368154286621799,0.05,-0.6499999999999999,0.4500000000000004,4.0,15.0,0,0,0,0,3,48,0,2,11,0
2000722,0.0,0.05,0.75,8.992703125,9.0,0.007296875000000003,-6,7.296875,1.796875,0.203125,0.109375,0.0,0.6000000000000008,0.5,0.6082680845196011,0.06813869370519468,0.2452599593228548,0.05,-0.8,9.8,4.0,16.0,0,0,1,0,0,62,0,0,1,0
2000723,1.0,0.05,0.75,2.4710468750000016,2.5000000000000018,0.028953125000000003,-5,28.953125,4.890625,0.1875,0.109375,0.0,0.5937500000000007,0.5749999999999995,0.8338030475432404,0.05307946584322892,0.7551111249290411,0.05,-0.75,3.2499999999999996,4.0,15.0,0,0,0,0,2,30,0,0,32,0
2000724,1.0,0.05,0.75,-0.9171875000000004,-0.9000000000000004,0.01718750000000001,-7,17.1875,3.53125,0.125,0.015625,0.0,0.5875000000000007,0.5257812499999996,0.8465821504775993,0.050003603124643546,0.8391518355789291,0.05,-0.19999999999999996,-0.6999999999999997,1.0,8.0,1,0,2,0,1,46,0,1,13,0
2000725,0.0,0.05,0.75,3.3978750000000004,3.4000000000000004,0.002125000000000001,1,2.125,1.1875,0.109375,0.125,0.0,0.5656250000000005,0.50234375,0.2641985986023069,0.05007241716162619,0.017345118880319806,0.04999999999999999,-1.0,4.4,5.0,10.0,1,0,1,2,2,55,0,3,0,0
2000726,1.0,0.05,0.75,-1.5939531250000007,-1.5500000000000007,0.04395312500000003,-10,43.953125,5.765625,0.171875,0.015625,0.0,0.5875000000000006,0.5515624999999997,0.9242610845566246,0.05006625590905576,0.9235147671073253,0.05,-1.2,-0.34999999999999964,5.0,7.0,0,0,0,0,3,39,0,1,21,0
2000727,1.0,0.05,0.75,1.6292812500000011,1.6500000000000012,0.02071875000000001,-6,20.71875,4.28125,0.15625,0.0625,0.0,0.5968750000000007,0.6148437499999994,0.9877712180480446,0.051224640891393634,0.9870374401925409,0.049999999999999996,-0.4500000000000002,2.0999999999999996,6.0,8.0,0,0,0,0,1,14,0,0,49,0
2000728,1.0,0.05,0.75,0.8869843749999995,0.8999999999999995,0.01301562500000001,-4,13.015625,3.234375,0.125,0.0625,0.0,0.5812500000000006,0.5234374999999999,0.6950764166960391,0.05000940427139529,0.5790224435363395,0.049999999999999996,-0.19999999999999996,1.1,1.0,11.0,0,1,0,1,2,49,0,1,10,0
2000729,1.0,0.05,0.75,-0.38192187499999963,-0.34999999999999964,0.03192187500000001,-10,31.921875,4.859375,0.203125,0.046875,0.0,0.5906250000000006,0.5515624999999997,0.9237150913385936,0.051199270956196315,0.9212008703729925,0.05,-0.25,-0.09999999999999964,2.0,14.0,0,0,1,0,2,38,0,1,22,0
2000730,1.0,0.05,0.75,-0.27859374999999825,-0.24999999999999822,0.028593750000000008,-8,28.59375,5.0,0.140625,0.015625,0.015625,0.5968253968253975,0.6238095238095231,0.9966662656363726,0.05049648132891337,0.9966415023152525,0.05,-0.3500000000000001,0.09999999999999987,4.0,6.0,0,0,0,0,1,10,0,0,52,1
2000731,1.0,0.05,0.75,1.2403906249999992,1.2499999999999991,0.009609375000000007,-5,9.609375,2.734375,0.140625,0.0625,0.0,0.5937500000000007,0.51171875,0.65731420234732,0.05004387483346901,0.5196090244060654,0.05,-0.3999999999999999,1.6500000000000004,2.0,11.0,0,0,0,0,1,58,0,1,4,0
2000732,0.0,0.05,0.75,1.1837187499999995,1.1999999999999995,0.01628125000000001,4,16.28125,3.5625,0.0625,0.125,0.0,0.5906250000000006,0.4414062500000004,0.08080407945053858,0.05003064432894164,0.0005631698602113869,0.05,-0.75,1.9499999999999995,4.0,8.0,0,0,28,0,0,33,0,3,0,0
2000733,0.0,0.05,0.75,7.189265624999998,7.199999999999998,0.010734375000000008,-6,10.734375,2.578125,0.15625,0.0625,0.0,0.6000000000000008,0.50234375,0.6719778711676838,0.05017263198445633,0.5327159086609196,0.05,-0.4,7.599999999999999,2.0,12.0,0,0,0,0,0,63,0,0,1,0
2000734,0.0,0.05,0.75,3.94875,3.95,0.0012500000000000005,0,1.25,0.875,0.109375,0.109375,0.0,0.5875000000000006,0.5,0.4090695791732558,0.05001904797033121,0.04375471019605786,0.05,-0.6000000000000001,4.55,3.0,11.0,0,1,1,0,2,58,0,1,1,0
2000735,1.0,0.05,0.75,1.22675,1.25,0.023250000000000007,-9,23.25,3.75,0.234375,0.09375,0.0,0.5875000000000006,0.5351562499999997,0.8729440351405949,0.09015978400514729,0.8091327958084078,0.05000000000000001,-1.2499999999999998,2.5,7.0,14.0,1,0,0,0,2,45,0,0,16,0
2000736,1.0,0.05,0.75,0.6247812500000003,0.6500000000000004,0.025218750000000012,-10,25.21875,3.84375,0.234375,0.078125,0.0,0.5937500000000008,0.5164062499999998,0.7124103178474532,0.062110141164704355,0.6589393552437942,0.05,0.0,0.6500000000000008,0.0,20.0,0,0,1,1,0,54,0,0,8,0
2000737,1.0,0.05,0.75,-0.22004687500000109,-0.20000000000000107,0.020046875000000006,-9,20.046875,3.515625,0.1875,0.046875,0.0,0.5875000000000007,0.5117187499999999,0.8101701234166842,0.050429098717046456,0.7879427325105653,0.05,-0.3999999999999999,0.2000000000000005,2.0,13.0,0,0,0,1,2,56,0,0,5,0
2000738,1.0,0.05,0.75,-1.4267187500000023,-1.4000000000000021,0.026718750000000017,-10,26.71875,4.125,0.171875,0.015625,0.0,0.5937500000000007,0.5398437499999997,0.968798080109407,0.05017568636541335,0.9681246590991817,0.049999999999999996,-0.050000000000000044,-1.3499999999999996,1.0,11.0,0,0,0,1,0,46,0,0,17,0
2000739,1.0,0.05,0.75,2.6488906249999995,2.6499999999999995,0.0011093750000000008,-1,1.109375,0.890625,0.09375,0.078125,0.0,0.5968750000000007,0.5093749999999999,0.514077445121894,0.05000220755390894,0.17611282136912,0.05,-0.19999999999999996,2.8499999999999996,1.0,10.0,0,0,0,0,0,60,0,1,3,0
2000740,1.0,0.05,0.75,4.3427187499999995,4.35,0.007281250000000006,-3,7.28125,2.5,0.203125,0.15625,0.0,0.5906250000000006,0.5515625,0.45380761283868665,0.05781694898587497,0.11566061712898242,0.05,-0.7,5.049999999999999,3.0,20.0,0,0,0,0,3,39,0,0,22,0
2000741,1.0,0.05,0.75,1.4805624999999991,1.4999999999999991,0.019437500000000007,-6,19.4375,3.65625,0.171875,0.078125,0.0,0.6000000000000008,0.5281249999999998,0.654894792969437,0.05035647601385256,0.552070924543285,0.05,-0.5999999999999999,2.1000000000000005,3.0,13.0,0,0,0,0,0,52,0,0,12,0
2000742,1.0,0.05,0.75,-0.52775,-0.5,0.02775,-8,27.75,4.6875,0.171875,0.046875,0.0,0.5781250000000006,0.5398437499999997,0.7979239381150676,0.05005424613673061,0.788405471488214,0.05,-0.5,2.220446049250313e-16,2.0,12.0,1,0,0,1,2,42,0,1,17,0
2000743,0.0,0.05,0.75,5.695374999999999,5.699999999999999,0.004625000000000003,-3,4.625,1.875,0.140625,0.09375,0.0,0.5968750000000007,0.5140625,0.5803909709322721,0.05009500149579043,0.24757470210199317,0.05,-1.15,6.85,5.0,10.0,0,0,0,0,0,58,0,1,5,0
2000744,0.0,0.05,0.75,7.639046874999998,7.649999999999999,0.010953125000000006,-6,10.953125,2.640625,0.171875,0.078125,0.0,0.5937500000000007,0.49765625,0.6105916709639231,0.050641053337945406,0.40003179898235847,0.05,-0.8,8.45,4.0,12.0,1,0,1,0,0,61,0,0,1,0
2000745,0.0,0.05,0.75,8.990046875,9.0,0.009953125000000002,-7,9.953125,2.109375,0.203125,0.09375,0.0,0.5843750000000006,0.50234375,0.5892352159400593,0.05705157641666788,0.3672471609049204,0.05,-0.4,9.399999999999999,2.0,17.0,0,0,0,2,1,60,0,0,1,0
2000746,0.0,0.05,0.75,8.584140625,8.6,0.01585937500000001,-7,15.859375,3.078125,0.1875,0.078125,0.0,0.6000000000000008,0.49765625,0.6872731965973554,0.053064507443639795,0.5033590778162514,0.05,-0.2,8.799999999999999,1.0,16.0,0,0,1,0,0,63,0,0,0,0
2000747,1.0,0.05,0.75,1.4303437499999994,1.4499999999999993,0.019656250000000007,-7,19.65625,3.9375,0.1875,0.078125,0.0,0.5937500000000007,0.5210937499999999,0.6603647481967435,0.051187386241137854,0.565033533939419,0.05,-0.7999999999999998,2.25,4.0,13.0,0,0,0,0,1,54,0,1,8,0
2000748,1.0,0.05,0.75,0.12407812499999857,0.14999999999999858,0.025921875000000014,-8,25.921875,4.171875,0.171875,0.046875,0.0,0.5843750000000006,0.5281249999999997,0.8957423885080389,0.05030949870639302,0.8832289231850639,0.05,-0.3999999999999999,0.5500000000000004,2.0,12.0,0,0,0,1,2,49,0,1,11,0
2000749,1.0,0.05,0.75,2.688812500000001,2.700000000000001,0.011187500000000006,-6,11.1875,2.90625,0.1875,0.09375,0.0,0.5968750000000007,0.51875,0.4358732080306012,0.05251625217748399,0.25710524838016896,0.05,-0.44999999999999996,3.1499999999999995,3.0,15.0,0,0,2,0,0,52,0,1,9,0
2000750,0.0,0.05,0.75,10.83084375,10.85,0.019156250000000007,-10,19.15625,3.34375,0.25,0.09375,0.0,0.5875000000000006,0.49999999999999994,0.6376577360816518,0.08544892232950219,0.49158882178485014,0.049999999999999996,-0.8,11.650000000000002,4.0,18.0,0,1,2,1,0,57,0,1,2,0
2000751,0.0,0.05,0.75,9.58684375,9.6,0.01315625000000001,-7,13.15625,2.90625,0.21875,0.109375,0.0,0.5937500000000007,0.5117187499999999,0.6675388739275324,0.08690116935815988,0.3583241533446777,0.05,-0.8,10.4,4.0,17.0,0,0,0,0,1,58,0,1,4,0
2000752,1.0,0.05,0.75,0.6402499999999985,0.6499999999999986,0.009750000000000002,-8,9.75,2.0,0.1875,0.0625,0.0,0.6000000000000008,0.50234375,0.8009134491763911,0.051790567322332594,0.7272547877649328,0.05,-0.19999999999999996,0.8500000000000001,1.0,15.0,0,0,0,0,0,63,0,0,1,0
2000753,0.0,0.05,0.75,4.448062499999999,4.449999999999999,0.0019375000000000009,-2,1.9375,0.96875,0.109375,0.078125,0.0,0.5968750000000007,0.48359374999999993,0.32219643363711287,0.050004358248506485,0.06550239190776594,0.049999999999999996,-0.8500000000000001,5.299999999999999,5.0,7.0,0,0,10,0,0,51,0,1,2,0
2000754,0.0,0.05,0.75,4.098624999999999,4.1,0.0013750000000000006,2,1.375,0.84375,0.125,0.15625,0.0,0.5875000000000006,0.49296874999999996,0.39017726589467056,0.05081348703240983,0.00655322374982352,0.049999999999999996,-1.4,5.499999999999999,7.0,11.0,0,0,5,0,2,55,0,2,0,0
2000755,0.0,0.05,0.75,4.948078125,4.95,0.0019218750000000008,1,1.921875,1.078125,0.15625,0.171875,0.0,0.5937500000000007,0.5539062499999998,0.6758570710497719,0.05204367063589185,0.06598336650855302,0.049999999999999996,-1.1,6.050000000000001,4.0,17.0,0,0,0,0,1,40,0,1,22,0
2000756,1.0,0.05,0.75,-0.01709375000000001,0.0,0.01709375000000001,-6,17.09375,3.53125,0.125,0.03125,0.015625,0.5968253968253975,0.533333333333333,0.8716225242377437,0.05001279228190103,0.8571898175397754,0.05,-0.19999999999999996,0.20000000000000018,1.0,9.0,0,0,0,0,1,48,0,0,14,1
2000757,1.0,0.05,0.75,2.2793906250000027,2.3000000000000025,0.020609375000000003,-5,20.609375,4.140625,0.15625,0.078125,0.0,0.5906250000000006,0.6218749999999994,0.9919819436716785,0.05260402034597082,0.9908612860466635,0.05,-0.30000000000000004,2.5999999999999996,3.0,12.0,0,0,0,1,1,10,0,0,52,0
2000758,0.0,0.05,0.75,3.196781249999999,3.199999999999999,0.003218750000000002,2,3.21875,1.6875,0.109375,0.140625,0.0,0.5906250000000006,0.43906250000000024,0.37133135111439225,0.05008689860790857,0.002763588092962903,0.05,-0.8,3.999999999999999,4.0,12.0,0,1,27,0,0,34,0,2,0,0
2000759,1.0,0.05,0.75,2.0400156249999988,2.049999999999999,0.009984375000000007,-5,9.984375,2.921875,0.15625,0.078125,0.015625,0.5968253968253975,0.5642857142857142,0.8073417910817058,0.05034374614880943,0.7583534962513698,0.05,-0.7999999999999998,2.85,5.0,10.0,0,0,0,0,0,36,0,1,26,1
2000760,1.0,0.05,0.75,0.36948437500000036,0.40000000000000036,0.030515625000000005,-7,30.515625,5.078125,0.15625,0.046875,0.0,0.5875000000000006,0.6031249999999995,0.9251181333021117,0.05009624894530199,0.9240635335905452,0.05000000000000001,-0.8999999999999999,1.3,6.0,7.0,0,0,0,0,2,18,0,2,42,0
2000761,1.0,0.05,0.75,1.4721406250000026,1.5000000000000027,0.027859375000000013,-6,27.859375,4.859375,0.15625,0.0625,0.0,0.6000000000000008,0.6218749999999993,0.990346700281599,0.05119305879454324,0.9898574592070093,0.05,-0.6000000000000001,2.0999999999999996,6.0,8.0,0,0,0,0,0,12,0,0,52,0
2000762,1.0,0.05,0.75,1.1843749999999993,1.1999999999999993,0.01562500000000001,-7,15.625,3.71875,0.171875,0.0625,0.0,0.5968750000000006,0.5632812499999998,0.8834253801150972,0.05050701845178773,0.8716213382073396,0.05,-0.7499999999999998,1.95,4.0,11.0,0,0,0,0,0,37,0,1,26,0
2000763,0.0,0.05,0.75,5.988843749999998,5.999999999999998,0.011156250000000006,-3,11.15625,2.65625,0.140625,0.09375,0.0,0.5937500000000007,0.50234375,0.5197759819210358,0.05010560098656037,0.1668736161463547,0.05,-0.4,6.399999999999999,2.0,13.0,0,0,2,0,0,59,0,2,1,0
2000764,1.0,0.05,0.75,0.8829531249999995,0.8999999999999995,0.017046875000000006,-5,17.046875,3.765625,0.140625,0.0625,0.0,0.5906250000000007,0.5093749999999999,0.6085426321062805,0.05002352558145711,0.4744737912438142,0.05,0.0,0.9000000000000004,0.0,13.0,1,0,1,0,1,55,0,0,6,0
2000765,0.0,0.05,0.75,5.497156249999998,5.499999999999998,0.0028437500000000012,1,2.84375,1.34375,0.15625,0.171875,0.0,0.5906250000000006,0.4906250000000001,0.5981489421088624,0.05331987847914993,0.008490663234247227,0.05,-1.45,6.949999999999999,6.0,15.0,0,1,6,0,0,54,0,2,1,0
2000766,1.0,0.05,0.75,0.5974531250000006,0.6000000000000005,0.0025468750000000014,-4,2.546875,1.203125,0.109375,0.046875,0.0,0.5906250000000006,0.50234375,0.6329447671359323,0.05000233492341303,0.49687907957591454,0.05,-0.3999999999999999,0.9999999999999998,2.0,8.0,0,0,1,1,1,59,0,0,2,0
2000767,1.0,0.05,0.75,1.7766875000000006,1.8000000000000007,0.023312500000000003,-6,23.3125,4.25,0.171875,0.078125,0.0,0.5937500000000007,0.5914062499999995,0.9079219254837011,0.05074200786947439,0.8989623341659911,0.05000000000000001,-0.6499999999999999,2.45,4.0,12.0,0,0,0,0,2,23,0,0,39,0
2000768,0.0,0.05,0.75,2.1969999999999983,2.1999999999999984,0.003000000000000002,4,3.0,1.21875,0.078125,0.140625,0.0,0.6000000000000008,0.48359375000000016,0.5195199222814343,0.05004138595779954,0.006906696088972045,0.05,-0.8,2.999999999999999,4.0,10.0,0,0,7,0,0,57,0,0,0,0
2000769,0.0,0.05,0.75,6.095812499999999,6.099999999999999,0.004187500000000003,-2,4.1875,1.90625,0.15625,0.125,0.0,0.5968750000000007,0.51875,0.49909094500391943,0.05050006212550793,0.09542880543911525,0.05000000000000001,-1.5,7.599999999999999,6.0,12.0,0,0,0,0,1,55,0,0,8,0
2000770,1.0,0.05,0.75,-0.5399375,-0.5,0.03993750000000001,-9,39.9375,5.4375,0.171875,0.03125,0.0,0.5937500000000008,0.5890624999999994,0.9938654613508826,0.05111182712774745,0.9937357789624179,0.049999999999999996,-1.05,0.5499999999999998,5.0,8.0,1,0,0,0,0,24,0,0,39,0
2000771,0.0,0.05,0.75,6.981953125,7.0,0.01804687500000001,-6,18.046875,3.578125,0.171875,0.078125,0.0,0.5937500000000007,0.5187499999999999,0.691992841148961,0.050308648624414275,0.5687005073393426,0.049999999999999996,0.0,7.0,0.0,16.0,1,0,0,0,0,54,0,0,9,0
2000772,0.0,0.05,0.75,3.3955312499999994,3.3999999999999995,0.004468750000000003,1,4.46875,1.8125,0.109375,0.125,0.0,0.6000000000000008,0.4765625000000001,0.3987399802448351,0.05003915854130518,0.01598858997017422,0.049999999999999996,-0.2,3.5999999999999996,1.0,14.0,0,0,11,0,0,52,0,0,1,0
2000773,0.0,0.05,0.75,5.497999999999999,5.499999999999999,0.0020000000000000013,-1,2.0,1.1875,0.15625,0.140625,0.0,0.5968750000000007,0.48593750000000013,0.5182575296177024,0.050611831347722645,0.029791898307634197,0.05,-1.0,6.499999999999998,5.0,14.0,0,0,8,0,0,54,0,1,1,0
2000774,0.0,0.05,0.75,6.790093749999999,6.799999999999999,0.009906250000000005,-4,9.90625,2.28125,0.15625,0.09375,0.0,0.5968750000000007,0.50234375,0.5394102132012113,0.05035420571146268,0.21295669090179709,0.049999999999999996,-0.6000000000000001,7.399999999999999,3.0,13.0,0,0,0,0,0,63,0,1,0,0
2000775,1.0,0.05,0.75,1.5321874999999998,1.5499999999999998,0.01781250000000001,-5,17.8125,3.90625,0.15625,0.078125,0.0,0.5937500000000007,0.51640625,0.718055665151015,0.05023120253644959,0.539037163765826,0.05,-0.3999999999999999,1.9500000000000002,2.0,13.0,0,0,0,0,1,56,0,1,6,0
2000776,1.0,0.05,0.75,1.4357499999999992,1.4499999999999993,0.014250000000000011,-4,14.25,3.25,0.125,0.0625,0.015625,0.5841269841269847,0.5047619047619047,0.6533951825461757,0.050025568307422615,0.4446582189327449,0.05,-0.5999999999999999,2.0500000000000003,3.0,9.0,0,1,1,1,0,56,0,2,2,1
2000777,1.0,0.05,0.75,0.8473906249999985,0.8999999999999986,0.052609375000000014,-9,52.609375,5.921875,0.203125,0.0625,0.0,0.6000000000000008,0.5656249999999994,0.9925062179943052,0.07549148475220692,0.990610503410114,0.04999999999999999,-0.3500000000000001,1.25,4.0,13.0,0,0,0,0,0,36,0,0,28,0
2000778,0.0,0.05,0.75,3.1471562499999997,3.1499999999999995,0.002843750000000002,1,2.84375,1.5,0.09375,0.109375,0.0,0.5875000000000006,0.509375,0.4774555248710341,0.050009558225570426,0.05245093985958125,0.05000000000000001,-1.0,4.1499999999999995,5.0,8.0,0,0,0,0,0,60,0,4,0,0
2000779,1.0,0.05,0.75,-0.8727968750000015,-0.8500000000000014,0.022796875000000008,-11,22.796875,3.671875,0.203125,0.03125,0.0,0.6000000000000008,0.5257812499999999,0.9567714377317073,0.0518683309069451,0.9546846034052124,0.05,-0.44999999999999996,-0.39999999999999947,3.0,12.0,0,0,0,0,0,53,0,0,11,0
2000780,0.0,0.05,0.75,9.827515625000002,9.850000000000001,0.02248437500000001,-8,22.484375,3.984375,0.21875,0.09375,0.0,0.5937500000000008,0.5140624999999999,0.7023125516465507,0.07236401712661633,0.5359383644113733,0.05,-0.8,10.650000000000002,4.0,16.0,1,0,0,0,0,56,0,0,7,0
2000781,0.0,0.05,0.75,7.491046874999999,7.499999999999999,0.008953125000000006,-6,8.953125,2.453125,0.171875,0.078125,0.0,0.5906250000000006,0.53515625,0.8146869020828955,0.05074950154261226,0.737573896864078,0.05,-0.9000000000000001,8.4,3.0,13.0,0,0,0,0,2,47,0,1,14,0
2000782,1.0,0.05,0.75,0.8254374999999996,0.8499999999999996,0.024562500000000004,-7,24.5625,4.28125,0.171875,0.0625,0.0,0.5812500000000006,0.5257812499999998,0.8611254677865067,0.05062018469669049,0.8182208485190748,0.05000000000000001,-0.5999999999999999,1.4500000000000002,3.0,12.0,0,1,0,2,1,48,0,0,12,0
2000783,1.0,0.05,0.75,3.1900156249999982,3.1999999999999984,0.009984375000000007,-4,9.984375,2.828125,0.171875,0.109375,0.015625,0.587301587301588,0.5071428571428571,0.4391658606151049,0.051090495667908326,0.1341589823713517,0.049999999999999996,-0.6,3.799999999999999,2.0,16.0,0,0,0,2,0,58,0,0,3,1
2000784,0.0,0.05,0.75,5.788546874999999,5.799999999999999,0.011453125000000007,-5,11.453125,2.984375,0.125,0.046875,0.0,0.5906250000000006,0.50234375,0.6820882720573459,0.05001264941181509,0.5618479415883967,0.05,-0.2,5.999999999999999,1.0,10.0,0,1,0,0,2,59,0,0,2,0
2000785,0.0,0.05,0.75,6.735843749999999,6.749999999999999,0.01415625000000001,-5,14.15625,3.53125,0.15625,0.078125,0.0,0.5968750000000007,0.5234375,0.5325650819757758,0.050089425976028265,0.3940184648641787,0.05,-0.4,7.1499999999999995,2.0,13.0,0,0,0,0,1,53,0,0,10,0
2000786,1.0,0.05,0.75,0.49415624999999913,0.4999999999999991,0.0058437500000000035,-6,5.84375,1.96875,0.15625,0.0625,0.0,0.5875000000000008,0.50234375,0.6399589608247864,0.05006294709072624,0.514857542328829,0.05,-0.5999999999999999,1.0999999999999996,3.0,11.0,1,0,0,1,0,60,0,0,2,0
2000787,0.0,0.05,0.75,9.231265625,9.25,0.01873437500000001,-8,18.734375,3.671875,0.203125,0.078125,0.0,0.5968750000000007,0.5070312499999999,0.750964801088642,0.056905704834106,0.6370008036662975,0.05,-0.4,9.65,2.0,16.0,0,1,0,0,0,59,0,0,4,0
2000788,1.0,0.05,0.75,1.5283750000000025,1.5500000000000025,0.021624999999999995,-5,21.625,4.21875,0.140625,0.0625,0.015625,0.5936507936507943,0.5999999999999995,0.9784870079893099,0.05036674166358479,0.9759644635798265,0.05,-0.55,2.0999999999999996,5.0,8.0,0,0,0,0,2,19,0,0,42,1
2000789,1.0,0.05,0.75,1.997093749999999,1.9999999999999991,0.0029062500000000013,-5,2.90625,1.28125,0.15625,0.078125,0.0,0.5937500000000007,0.50234375,0.5928995404399434,0.05025061445622593,0.3570773963529909,0.05,-0.3999999999999999,2.3999999999999986,2.0,13.0,0,0,0,0,1,62,0,1,0,0
2000790,1.0,0.05,0.75,3.1303593749999985,3.1499999999999986,0.01964062500000001,-4,19.640625,3.953125,0.171875,0.109375,0.0,0.5875000000000006,0.5281249999999998,0.4537014562130153,0.050616229847211244,0.21586628615531556,0.05,-0.3999999999999999,3.55,2.0,16.0,0,0,0,1,1,50,0,1,11,0
2000791,0.0,0.05,0.75,2.54334375,2.55,0.006656250000000005,2,6.65625,2.40625,0.09375,0.125,0.0,0.5875000000000006,0.4343750000000005,0.30445274899587454,0.050023360650115214,0.0034507151367786457,0.05000000000000001,-0.6000000000000001,3.15,4.0,10.0,0,2,28,0,0,32,0,2,0,0
2000792,1.0,0.05,0.75,-1.2282031250000003,-1.2000000000000002,0.02820312500000001,-9,28.203125,4.578125,0.140625,0.0,0.0,0.5968750000000007,0.5867187499999995,0.9934226143016335,0.05011203227709458,0.9933830999615434,0.049999999999999996,-0.25,-0.95,2.0,7.0,0,0,0,0,1,26,0,0,37,0
2000793,1.0,0.05,0.75,0.4346562499999993,0.4499999999999993,0.01534375000000001,-7,15.34375,3.34375,0.15625,0.046875,0.0,0.5875000000000007,0.5070312499999999,0.8775192284897385,0.05022913139717925,0.8339399599891351,0.05,-0.44999999999999996,0.9000000000000004,3.0,10.0,1,0,0,0,2,57,0,0,4,0
2000794,0.0,0.05,0.75,4.09596875,4.1,0.004031250000000003,-3,4.03125,1.75,0.09375,0.046875,0.0,0.5875000000000007,0.5093749999999999,0.5359934561493449,0.050000735347376146,0.39093048430019534,0.05,-0.4,4.5,2.0,7.0,0,0,0,1,1,58,0,1,3,0
2000795,1.0,0.05,0.75,-0.11204687500000055,-0.10000000000000053,0.012046875000000009,-5,12.046875,2.828125,0.109375,0.03125,0.0,0.5937500000000007,0.5023437499999999,0.7515164237168539,0.05000219398792181,0.6893748730226996,0.05,-0.3500000000000001,0.2500000000000002,1.0,8.0,0,0,2,1,0,58,0,0,3,0
2000796,1.0,0.05,0.75,0.022234374999998942,0.049999999999998934,0.02776562499999999,-7,27.765625,4.703125,0.15625,0.046875,0.015625,0.5841269841269847,0.5238095238095237,0.7548313679207801,0.05005583901966815,0.7229696880298654,0.05000000000000001,-0.5999999999999999,0.6500000000000004,3.0,10.0,1,0,0,1,1,49,0,0,11,1
2000797,0.0,0.05,0.75,5.03940625,5.05,0.010593750000000008,-5,10.59375,2.78125,0.109375,0.03125,0.0,0.5843750000000008,0.5257812499999999,0.7444455583698824,0.050001681192050056,0.7140657945171753,0.05,0.0,5.05,0.0,9.0,0,0,0,2,0,51,0,1,10,0
2000798,1.0,0.05,0.75,-0.8730156249999996,-0.8499999999999996,0.023015625,-7,23.015625,4.359375,0.125,0.015625,0.0,0.5906250000000006,0.5609374999999996,0.844862314899824,0.05000310781106324,0.8428232389891617,0.05000000000000001,-0.19999999999999996,-0.6499999999999997,1.0,8.0,0,0,0,0,1,37,0,2,24,0
2000799,0.0,0.05,0.75,6.1973281249999985,6.199999999999998,0.0026718750000000015,-1,2.671875,1.296875,0.171875,0.15625,0.0,0.5968750000000007,0.45546875000000003,0.35203613722537697,0.05264911507113635,0.004475890359345345,0.05,-1.25,7.449999999999999,7.0,14.0,0,1,18,0,0,45,0,0,0,0
2000800,0.0,0.05,0.75,4.648999999999998,4.649999999999999,0.0010000000000000007,0,1.0,0.71875,0.125,0.125,0.0,0.6000000000000008,0.48828125000000006,0.538260667865703,0.050085966856691394,0.030325747844803966,0.049999999999999996,-0.6000000000000001,5.249999999999999,3.0,13.0,0,0,5,0,0,59,0,0,0,0
2000801,1.0,0.05,0.75,2.038265624999998,2.049999999999998,0.011734375000000009,-4,11.734375,3.171875,0.140625,0.078125,0.015625,0.6000000000000006,0.5238095238095238,0.5164041419325754,0.050050966236015626,0.3451004526792362,0.04999999999999999,-0.5999999999999999,2.6500000000000004,3.0,11.0,0,0,0,0,0,53,0,0,10,1
2000802,0.0,0.05,0.75,7.195859374999999,7.199999999999998,0.004140625000000003,-2,4.140625,1.671875,0.1875,0.15625,0.0,0.5937500000000007,0.4765624999999999,0.47899094770844175,0.06201017558372538,0.011956735960027871,0.05,-1.2,8.399999999999999,6.0,16.0,0,0,12,0,0,50,0,2,0,0
2000803,0.0,0.05,0.75,4.448687499999998,4.449999999999998,0.0013125000000000007,1,1.3125,0.9375,0.125,0.140625,0.0,0.5968750000000007,0.4953125,0.4580740558969393,0.05023647619652865,0.015007473492036344,0.04999999999999999,-1.2,5.6499999999999995,6.0,11.0,0,0,3,0,0,60,0,1,0,0
2000804,0.0,0.05,0.75,6.994281249999999,6.999999999999999,0.005718750000000004,-5,5.71875,1.90625,0.15625,0.078125,0.0,0.5968750000000007,0.5046875,0.5793005934023645,0.050223892056105064,0.35707739635299185,0.05,-0.4,7.399999999999999,2.0,13.0,0,0,0,0,0,62,0,1,1,0
2000805,1.0,0.05,0.75,-0.39339062500000144,-0.3500000000000014,0.04339062500000001,-10,43.390625,5.796875,0.1875,0.03125,0.0,0.5781250000000006,0.5773437499999995,0.9962863972839545,0.05525972019686634,0.9961200336809487,0.05,-0.44999999999999996,0.09999999999999987,3.0,11.0,0,0,0,1,3,27,0,2,31,0
2000806,1.0,0.05,0.75,0.5297031249999989,0.5499999999999989,0.020296875000000016,-8,20.296875,3.796875,0.1875,0.0625,0.015625,0.5936507936507943,0.5452380952380951,0.9525201619526065,0.05293528424414025,0.9435829059517485,0.05,-0.5,1.05,4.0,12.0,0,0,0,0,2,42,0,0,19,1
2000807,1.0,0.05,0.75,0.228921875,0.25,0.021078125000000007,-8,21.078125,3.578125,0.1875,0.0625,0.0,0.5750000000000007,0.5234374999999999,0.9026795726809915,0.05135185921494476,0.8767759190509669,0.05000000000000001,-0.19999999999999996,0.4500000000000002,1.0,15.0,1,0,0,3,0,49,0,0,11,0
2000808,0.0,0.05,0.75,2.7983281250000003,2.8000000000000003,0.001671875000000001,1,1.671875,0.984375,0.09375,0.109375,0.0,0.5812500000000007,0.49296875000000007,0.4966169081297048,0.05000658960382384,0.041046845559886296,0.049999999999999996,-0.6000000000000001,3.3999999999999995,3.0,10.0,1,0,3,1,1,57,0,1,0,0
2000809,0.0,0.05,0.75,7.090546874999998,7.099999999999998,0.009453125000000005,-4,9.453125,2.453125,0.171875,0.109375,0.0,0.5875000000000007,0.49765625,0.6006733399269961,0.051715480775878384,0.17948261681152516,0.05,-1.0,8.099999999999998,5.0,13.0,0,0,2,1,1,59,0,1,0,0
2000810,1.0,0.05,0.75,2.4441406249999993,2.4499999999999993,0.005859375000000004,-4,5.859375,2.203125,0.15625,0.09375,0.0,0.5937500000000007,0.56328125,0.8693840002113766,0.05052215048981542,0.781586840155446,0.05,-0.44999999999999996,2.9,3.0,13.0,0,0,0,1,0,36,0,0,27,0
2000811,0.0,0.05,0.75,4.145499999999998,4.149999999999999,0.004500000000000002,1,4.5,1.8125,0.125,0.140625,0.0,0.5937500000000007,0.48125000000000007,0.19444248252981608,0.05043894951884171,0.0041948715336969245,0.05,-0.8500000000000001,4.999999999999998,5.0,12.0,0,0,9,0,1,53,0,1,0,0
2000812,0.0,0.05,0.75,6.588296874999998,6.599999999999999,0.011703125000000009,-6,11.703125,3.046875,0.140625,0.046875,0.0,0.5843750000000006,0.50234375,0.7252872668885503,0.050039277418418925,0.6340008734704283,0.05,-0.2,6.799999999999999,1.0,11.0,1,0,0,1,1,59,0,0,2,0
2000813,1.0,0.05,0.75,-0.8262187500000008,-0.8000000000000007,0.02621875000000002,-10,26.21875,4.34375,0.1875,0.03125,0.0,0.5875000000000006,0.5234374999999999,0.9018761177175357,0.05034289501061578,0.8975969384928338,0.05,-0.7999999999999998,4.440892098500626e-16,4.0,10.0,0,0,0,0,3,51,0,1,9,0
2000814,1.0,0.05,0.75,0.8283749999999996,0.8499999999999996,0.021625000000000005,-7,21.625,4.125,0.171875,0.0625,0.015625,0.587301587301588,0.5285714285714284,0.8576242828468128,0.05075788498372143,0.8182208485190747,0.05,-0.25,1.1000000000000003,2.0,13.0,0,0,0,1,2,48,0,0,12,1
2000815,0.0,0.05,0.75,4.248453124999999,4.249999999999999,0.001546875000000001,-1,1.546875,0.828125,0.109375,0.09375,0.0,0.5937500000000007,0.5,0.4415244116048015,0.05000874011363154,0.0888731630255523,0.05,-1.0,5.249999999999999,5.0,8.0,0,0,2,0,0,60,0,2,0,0
2000816,0.0,0.05,0.75,5.098406249999999,5.099999999999999,0.001593750000000001,-3,1.59375,0.9375,0.125,0.078125,0.0,0.6000000000000008,0.4953125,0.47559253292970644,0.05001291566605659,0.19378361103165737,0.05,-0.2,5.299999999999999,1.0,12.0,0,0,2,0,0,62,0,0,0,0
2000817,1.0,0.05,0.75,0.37460937500000036,0.40000000000000036,0.025390624999999997,-7,25.390625,4.234375,0.15625,0.046875,0.015625,0.5968253968253975,0.5523809523809519,0.9311028671124584,0.05020607645678329,0.9240635335905453,0.049999999999999996,-0.44999999999999996,0.8500000000000001,3.0,10.0,0,0,0,0,1,40,0,0,22,1
2000818,0.0,0.05,0.75,7.53565625,7.55,0.01434375000000001,-3,14.34375,3.09375,0.1875,0.140625,0.0,0.5937500000000007,0.5140624999999999,0.4402507794700246,0.05539168865850909,0.06265346261330665,0.05,-1.4,8.95,7.0,14.0,0,0,0,0,1,57,0,1,5,0
2000819,0.0,0.05,0.75,6.994109374999999,6.999999999999999,0.0058906250000000035,-6,5.890625,1.859375,0.15625,0.0625,0.0,0.5937500000000008,0.5,0.6433506762789014,0.0501228456275127,0.4979845283851899,0.05,-0.4,7.399999999999999,2.0,12.0,0,0,0,1,0,63,0,0,0,0
2000820,1.0,0.05,0.75,1.1307968749999995,1.1499999999999995,0.019203125,-5,19.203125,3.984375,0.140625,0.0625,0.0,0.5906250000000006,0.5445312499999998,0.5440968262776017,0.050010423797996306,0.4969792294410315,0.05,-0.5999999999999999,1.7500000000000002,3.0,10.0,0,0,0,0,1,44,0,2,17,0
2000821,0.0,0.05,0.75,10.233312499999998,10.249999999999998,0.01668750000000001,-9,16.6875,3.5625,0.234375,0.09375,0.0,0.5843750000000006,0.5492187499999999,0.8527882546863494,0.07504342119458482,0.8098515685715324,0.05,-0.2,10.45,1.0,20.0,0,0,1,2,1,38,0,0,22,0
2000822,0.0,0.05,0.75,7.495749999999999,7.499999999999999,0.004250000000000003,-3,4.25,1.78125,0.1875,0.140625,0.0,0.5937500000000007,0.49765625,0.41676351478078405,0.054847518362753464,0.043145050672487896,0.05,-0.8,8.299999999999999,4.0,17.0,0,0,3,1,0,58,0,0,2,0
2000823,0.0,0.05,0.75,8.598296875,8.65,0.05170312500000002,-10,51.703125,6.359375,0.171875,0.015625,0.0,0.5906250000000006,0.5867187499999994,0.9802471935691971,0.050228815700053615,0.9801430427798236,0.05,0.0,8.65,0.0,12.0,0,0,0,0,3,24,0,0,37,0
2000824,1.0,0.05,0.75,-0.14092187500000145,-0.10000000000000142,0.04092187500000002,-10,40.921875,5.109375,0.21875,0.0625,0.0,0.5906250000000007,0.5585937499999997,0.9580987901426841,0.05652632963304622,0.9547949308755949,0.05,-0.7,0.6000000000000001,5.0,13.0,1,0,0,0,1,36,0,0,26,0
2000825,0.0,0.05,0.75,4.395859374999999,4.399999999999999,0.004140625000000002,-1,4.140625,1.859375,0.109375,0.09375,0.0,0.6000000000000008,0.4953125,0.5579473496561969,0.05001318053947189,0.09890446288834889,0.05,-0.6000000000000001,4.999999999999999,3.0,10.0,0,0,3,0,0,60,0,0,1,0
2000826,0.0,0.05,0.75,3.5980937499999985,3.5999999999999988,0.0019062500000000008,0,1.90625,0.96875,0.09375,0.09375,0.0,0.5937500000000007,0.5,0.4969545255846027,0.05000477021462699,0.0751454385640201,0.05,-0.4,3.999999999999999,2.0,10.0,0,0,1,0,1,61,0,1,0,0
2000827,0.0,0.05,0.75,3.39709375,3.4,0.002906250000000002,-2,2.90625,1.46875,0.09375,0.0625,0.0,0.5812500000000007,0.490625,0.4664871936333859,0.05000070725264738,0.2042414826297009,0.05,-0.8500000000000001,4.25,4.0,6.0,1,0,3,2,0,58,0,0,0,0
2000828,0.0,0.05,0.75,6.398437499999998,6.399999999999999,0.0015625000000000007,-2,1.5625,0.875,0.15625,0.125,0.0,0.6000000000000008,0.5,0.514967490820158,0.05076342334813962,0.06034471064474165,0.05,-0.8,7.199999999999998,4.0,14.0,0,0,0,0,0,64,0,0,0,0
2000829,0.0,0.05,0.75,4.998093749999998,4.999999999999998,0.0019062500000000013,0,1.90625,1.09375,0.140625,0.140625,0.0,0.5875000000000006,0.49765625,0.3600260270053041,0.050386069319944195,0.017307315116863172,0.05,-0.8,5.799999999999999,4.0,14.0,0,1,2,1,0,58,0,1,1,0
2000830,0.0,0.05,0.75,3.5471874999999993,3.5499999999999994,0.002812500000000002,2,2.8125,1.46875,0.125,0.15625,0.0,0.5906250000000006,0.51875,0.7825169452977128,0.05018399402326151,0.0474719246923854,0.049999999999999996,-1.75,5.299999999999999,6.0,12.0,0,0,3,0,1,49,0,2,9,0
2000831,0.0,0.05,0.75,7.490515624999998,7.499999999999998,0.009484375000000007,-5,9.484375,2.734375,0.1875,0.109375,0.015625,0.590476190476191,0.5357142857142856,0.6424945740526427,0.05342787117378571,0.41461080692816477,0.05,-1.4,8.9,5.0,14.0,0,0,0,0,1,47,0,2,13,1
2000832,1.0,0.05,0.75,-0.34032812500000426,-0.30000000000000426,0.04032812500000001,-13,40.328125,4.984375,0.25,0.046875,0.0,0.5906250000000006,0.5515624999999995,0.9980371949763895,0.18981720898042895,0.9954121272360208,0.05,-1.1,0.8000000000000005,8.0,11.0,0,1,0,0,1,39,0,1,22,0
2000833,1.0,0.05,0.75,0.5773124999999988,0.5999999999999988,0.022687500000000006,-7,22.6875,4.125,0.171875,0.0625,0.0,0.5906250000000006,0.5328124999999997,0.7701023136766566,0.050205675065838444,0.7340595881826364,0.05,-0.3999999999999999,1.0000000000000004,2.0,13.0,0,0,0,0,0,50,0,3,11,0
2000834,0.0,0.05,0.75,7.573390624999999,7.599999999999999,0.026609375000000022,-8,26.609375,4.390625,0.15625,0.03125,0.0,0.5906250000000007,0.5374999999999998,0.834156282377975,0.05003356846814288,0.8276832537580423,0.05000000000000001,-0.2,7.799999999999999,1.0,11.0,0,0,0,1,1,46,0,0,16,0
2000835,0.0,0.05,0.75,6.681499999999999,6.699999999999999,0.018500000000000006,-7,18.5,3.8125,0.140625,0.03125,0.0,0.5843750000000005,0.5210937499999999,0.7826246984991305,0.0500118160776265,0.7645848535476899,0.05000000000000001,0.0,6.699999999999999,0.0,11.0,0,0,0,1,2,52,0,1,8,0
2000836,0.0,0.05,0.75,5.848562499999999,5.849999999999999,0.0014375000000000006,0,1.4375,0.9375,0.15625,0.15625,0.0,0.5968750000000007,0.48593750000000013,0.5604219578494571,0.051803102571016085,0.013364481930488935,0.05000000000000001,-1.2,7.049999999999999,6.0,14.0,0,0,8,0,0,54,0,1,1,0
2000837,0.0,0.05,0.75,3.845109374999999,3.8499999999999988,0.0048906250000000035,2,4.890625,2.046875,0.125,0.15625,0.0,0.5812500000000006,0.46250000000000036,0.2864475862617463,0.05081673337870717,0.0019777982715357173,0.05000000000000001,-0.8500000000000001,4.7,5.0,13.0,0,0,19,1,1,40,0,3,0,0
2000838,0.0,0.05,0.75,5.996968749999997,5.999999999999997,0.003031250000000002,-1,3.03125,1.4375,0.15625,0.140625,0.0,0.5937500000000008,0.5,0.5692366224668797,0.05115363543446489,0.04037636210803652,0.049999999999999996,-0.8,6.799999999999998,4.0,15.0,0,0,0,1,0,63,0,0,0,0
2000839,1.0,0.05,0.75,2.4268281249999992,2.4499999999999993,0.023171875000000005,-6,23.171875,4.140625,0.203125,0.109375,0.0,0.5968750000000006,0.5937499999999994,0.9628005179527644,0.07241500717437677,0.9441357426476593,0.05,-0.55,2.9999999999999996,5.0,15.0,0,0,1,0,1,21,0,0,41,0
2000840,1.0,0.05,0.75,-0.6798125000000004,-0.6500000000000004,0.029812500000000013,-10,29.8125,4.59375,0.1875,0.03125,0.0,0.5906250000000007,0.5374999999999996,0.9739744754779501,0.05112636651416895,0.9726507282290693,0.049999999999999996,-0.44999999999999996,-0.19999999999999973,3.0,11.0,0,0,0,0,1,47,1,0,15,0
2000841,1.0,0.05,0.75,0.6297656250000003,0.6500000000000004,0.020234375000000006,-9,20.234375,3.703125,0.21875,0.078125,0.0,0.5875000000000006,0.5187499999999999,0.8354970868363017,0.061550934020507084,0.7805585215683781,0.05,-1.1999999999999997,1.8500000000000003,6.0,13.0,0,0,0,0,3,53,0,1,7,0
2000842,1.0,0.05,0.75,4.0387499999999985,4.049999999999999,0.011250000000000005,-3,11.25,2.75,0.171875,0.125,0.0,0.5937500000000007,0.5093749999999999,0.5231729889735431,0.05202744866593411,0.10006468946915249,0.05000000000000001,-0.19999999999999996,4.25,1.0,18.0,0,1,0,0,1,57,0,0,5,0
2000843,1.0,0.05,0.75,1.433796875000001,1.450000000000001,0.01620312500000001,-8,16.203125,3.140625,0.21875,0.09375,0.0,0.5906250000000006,0.5374999999999999,0.8669990520351043,0.0722269627631109,0.7980508846720998,0.05,-0.19999999999999996,1.65,1.0,19.0,0,0,0,1,1,46,0,0,16,0
2000844,0.0,0.05,0.75,4.7922812499999985,4.799999999999999,0.007718750000000005,-3,7.71875,2.25,0.109375,0.0625,0.0,0.6000000000000008,0.5,0.5820257969747509,0.050005952906432526,0.31621707337247495,0.05,-0.2,4.999999999999999,1.0,10.0,0,0,0,0,0,64,0,0,0,0
2000845,1.0,0.05,0.75,-0.4949531249999993,-0.4499999999999993,0.04495312500000002,-11,44.953125,5.890625,0.203125,0.03125,0.0,0.5875000000000006,0.6101562499999994,0.9963182367283758,0.06178380971943305,0.9961170509291777,0.05000000000000001,-0.6000000000000001,0.15000000000000013,6.0,9.0,0,0,0,0,1,16,1,1,45,0
2000846,1.0,0.05,0.75,-1.4903281249999993,-1.4499999999999993,0.040328125000000006,-9,40.328125,5.765625,0.15625,0.015625,0.0,0.5718750000000005,0.5867187499999995,0.9803497205322724,0.05007586028450531,0.9802244612796056,0.05000000000000001,-0.4500000000000002,-1.0,4.0,7.0,2,0,0,0,4,19,0,1,38,0
2000847,0.0,0.05,0.75,3.9483124999999992,3.9499999999999993,0.001687500000000001,-2,1.6875,1.03125,0.109375,0.078125,0.0,0.5812500000000006,0.49296875000000007,0.5982871426495232,0.050005404134494336,0.2308411039174062,0.049999999999999996,-0.95,4.8999999999999995,3.0,9.0,0,0,5,1,2,54,0,2,0,0
2000848,1.0,0.05,0.75,-1.6612812500000032,-1.6000000000000032,0.06128125000000001,-13,61.28125,6.40625,0.21875,0.015625,0.0,0.5906250000000006,0.5585937499999996,0.9966121457873005,0.06467269998280863,0.9963704785641158,0.05000000000000001,-0.6500000000000001,-0.9499999999999997,5.0,10.0,0,0,0,0,3,36,0,0,25,0
2000849,0.0,0.05,0.75,6.448578124999999,6.449999999999999,0.0014218750000000004,-3,1.421875,0.921875,0.171875,0.125,0.0,0.5750000000000007,0.49296875000000007,0.48531438722830594,0.05096129806936491,0.07278602418390435,0.05,-1.2,7.649999999999999,6.0,13.0,0,0,3,4,0,57,0,0,0,0
2000850,1.0,0.05,0.75,0.6304687499999986,0.6499999999999986,0.01953125000000001,-7,19.53125,4.0,0.171875,0.0625,0.0,0.5906250000000006,0.5351562499999999,0.668679598888182,0.05010924805792359,0.6320152097326645,0.05,-0.9999999999999999,1.6500000000000004,4.0,11.0,0,0,0,1,1,47,0,0,15,0
2000851,0.0,0.05,0.75,4.047890624999999,4.049999999999999,0.002109375000000001,0,2.109375,1.234375,0.109375,0.109375,0.0,0.5937500000000007,0.52109375,0.3806996447122471,0.050019008583386024,0.0641398641757419,0.049999999999999996,-1.0,5.05,5.0,9.0,0,0,0,0,1,54,0,1,8,0
2000852,0.0,0.05,0.75,3.7451874999999992,3.749999999999999,0.004812500000000003,0,4.8125,1.75,0.109375,0.109375,0.0,0.5843750000000005,0.50234375,0.6183110103339005,0.0500171880506205,0.09137334444992802,0.05,-1.25,4.999999999999999,5.0,9.0,0,0,2,1,0,58,0,3,0,0
2000853,0.0,0.05,0.75,8.242171874999999,8.249999999999998,0.007828125000000005,-5,7.828125,2.265625,0.1875,0.109375,0.0,0.5875000000000006,0.5117187499999999,0.5216005612616393,0.05448811388978525,0.20721854332228803,0.05,-0.8,9.05,4.0,15.0,0,0,0,0,3,56,0,1,4,0
2000854,1.0,0.05,0.75,-0.5746718749999998,-0.5499999999999998,0.024671875000000006,-8,24.671875,4.234375,0.15625,0.03125,0.0,0.5875000000000006,0.5445312499999997,0.956347577558076,0.05010698643182493,0.9537401953264548,0.05,-0.25,-0.2999999999999998,2.0,10.0,0,1,0,0,1,42,1,0,19,0
2000855,1.0,0.05,0.75,1.5961249999999978,1.5999999999999979,0.0038750000000000017,-5,3.875,1.625,0.15625,0.078125,0.0,0.5875000000000006,0.5257812500000001,0.7447962773806881,0.05020862448680589,0.6114952164062379,0.05,0.0,1.5999999999999996,0.0,15.0,0,1,1,0,0,49,0,3,10,0
2000856,0.0,0.05,0.75,3.49584375,3.5,0.004156250000000003,-3,4.15625,1.84375,0.078125,0.03125,0.0,0.5906250000000006,0.50234375,0.6125488555288776,0.05000022629326556,0.49374179161668336,0.05,-0.4,3.8999999999999995,2.0,5.0,0,0,0,0,2,61,0,1,0,0
2000857,1.0,0.05,0.75,-0.3265624999999998,-0.2999999999999998,0.02656250000000001,-6,26.5625,4.6875,0.125,0.03125,0.0,0.5968750000000007,0.5562499999999996,0.8776318152486262,0.050005387454918816,0.8723955499022057,0.05,-0.44999999999999996,0.1499999999999999,3.0,7.0,0,0,1,0,1,37,0,0,25,0
2000858,1.0,0.05,0.75,-0.9794218750000002,-0.9500000000000002,0.02942187500000001,-8,29.421875,4.734375,0.15625,0.03125,0.0,0.5718750000000006,0.5351562499999997,0.8300157744063288,0.05001767961943245,0.8233557044108994,0.05,-0.19999999999999996,-0.7499999999999998,1.0,11.0,0,0,0,3,1,45,0,2,13,0
2000859,0.0,0.05,0.75,5.643999999999999,5.6499999999999995,0.006000000000000003,0,6.0,1.9375,0.171875,0.171875,0.0,0.5906250000000007,0.5351562499999998,0.4642042817738137,0.05360972454416313,0.031338001132640805,0.05,-1.85,7.499999999999998,6.0,16.0,0,0,2,1,1,43,0,0,17,0
2000860,0.0,0.05,0.75,7.510921875,7.55,0.03907812500000002,-8,39.078125,5.734375,0.15625,0.03125,0.0,0.5687500000000005,0.5749999999999996,0.9620632458152596,0.0500992907398802,0.9612268382299947,0.05,-0.7000000000000001,8.249999999999998,2.0,10.0,0,0,0,3,1,28,1,1,30,0
2000861,1.0,0.05,0.75,-0.978890625000001,-0.9500000000000011,0.028890625,-9,28.890625,4.359375,0.171875,0.03125,0.0,0.5875000000000006,0.5374999999999998,0.882408133535857,0.05007268402112848,0.878587022299066,0.05,-0.3999999999999999,-0.5499999999999997,2.0,11.0,0,0,0,1,2,45,0,0,16,0
2000862,1.0,0.05,0.75,1.6396093749999985,1.6499999999999986,0.010390625000000007,-6,10.390625,3.046875,0.171875,0.078125,0.0,0.6000000000000008,0.5164062500000001,0.6315189442596755,0.05049699973283932,0.4902167460048732,0.04999999999999999,-0.5999999999999999,2.25,3.0,13.0,0,0,0,0,0,57,0,0,7,0
2000863,0.0,0.05,0.75,5.447828124999998,5.449999999999998,0.0021718750000000015,-1,2.171875,1.265625,0.140625,0.125,0.0,0.5968750000000006,0.5,0.2890442019278551,0.05018015547471373,0.02088562179468865,0.049999999999999996,-0.25,5.699999999999998,2.0,15.0,0,0,3,0,0,58,0,1,2,0
2000864,0.0,0.05,0.75,3.6490156249999997,3.6499999999999995,0.0009843750000000007,0,0.984375,0.734375,0.09375,0.09375,0.0,0.5937500000000007,0.50234375,0.5330117688770734,0.05000512832156018,0.08112373810395504,0.05,-0.2,3.8499999999999996,1.0,11.0,0,0,0,0,1,62,0,1,0,0
2000865,0.0,0.05,0.75,5.798468749999998,5.799999999999998,0.001531250000000001,-2,1.53125,0.96875,0.140625,0.109375,0.0,0.5968750000000007,0.50703125,0.4532894835601318,0.05012591574264878,0.08890560802337852,0.05000000000000002,-0.4,6.199999999999998,2.0,14.0,0,0,0,0,0,61,0,1,2,0
2000866,1.0,0.05,0.75,-0.07407812500000072,-0.05000000000000071,0.024078125000000002,-8,24.078125,3.828125,0.171875,0.046875,0.0,0.5812500000000006,0.5210937499999999,0.925068503749569,0.05047411119416291,0.9097524525943573,0.05000000000000001,-0.5999999999999999,0.5500000000000003,3.0,11.0,1,1,0,0,1,50,0,2,9,0
2000867,1.0,0.05,0.75,0.8230156249999996,0.8499999999999996,0.026984375000000015,-7,26.984375,4.359375,0.171875,0.0625,0.015625,0.587301587301588,0.5404761904761901,0.6943966630785231,0.05019151170464903,0.6637352727366964,0.049999999999999996,-0.5999999999999999,1.4500000000000004,3.0,12.0,0,0,0,1,0,45,1,0,16,1
2000868,1.0,0.05,0.75,2.242843749999999,2.249999999999999,0.007156250000000004,-2,7.15625,2.3125,0.109375,0.078125,0.0,0.5906250000000007,0.50234375,0.5416237081180396,0.05000568576249794,0.20080552212715697,0.049999999999999996,-0.19999999999999996,2.45,1.0,11.0,0,0,0,1,1,61,0,0,1,0
2000869,0.0,0.05,0.75,6.084640625,6.1,0.015359375000000012,-5,15.359375,3.484375,0.140625,0.0625,0.0,0.6000000000000008,0.5421874999999998,0.811456033123908,0.050046123115127704,0.7596955519886507,0.05,-0.7000000000000001,6.8,2.0,11.0,0,0,0,0,0,46,0,0,18,0
2000870,1.0,0.05,0.75,-1.0099375000000008,-1.0000000000000009,0.009937500000000004,-7,9.9375,2.1875,0.125,0.015625,0.0,0.5875000000000007,0.5187499999999998,0.8337433146163075,0.05000307885735511,0.8245954327309676,0.05000000000000001,-0.19999999999999996,-0.7999999999999997,1.0,8.0,0,0,0,1,0,55,0,2,6,0
2000871,1.0,0.05,0.75,0.8203593749999997,0.8499999999999996,0.029640625000000004,-9,29.640625,4.234375,0.203125,0.0625,0.0,0.5937500000000007,0.5726562499999993,0.971776973951422,0.057794280859727515,0.969144005698231,0.049999999999999996,-0.3500000000000001,1.2000000000000004,4.0,13.0,0,0,0,1,0,32,0,0,31,0
2000872,1.0,0.05,0.75,1.9865624999999996,1.9999999999999996,0.01343750000000001,-2,13.4375,3.5625,0.109375,0.078125,0.0,0.5625000000000006,0.5890624999999997,0.6263942061106712,0.05000279043332713,0.5784120891740099,0.05,-0.5,2.5,4.0,8.0,2,1,0,1,0,19,2,1,38,0
2000873,1.0,0.05,0.75,0.05749999999999964,0.09999999999999964,0.0425,-10,42.5,5.8125,0.203125,0.046875,0.0,0.5937500000000007,0.5937499999999994,0.9957618097347697,0.06464359764917565,0.9954034971238601,0.04999999999999999,-0.6000000000000001,0.7,6.0,10.0,0,0,0,0,2,22,0,0,40,0
2000874,0.0,0.05,0.75,7.2262812499999995,7.249999999999999,0.02371875000000001,-7,23.71875,4.375,0.15625,0.046875,0.0,0.5906250000000005,0.5726562499999996,0.8765370111650886,0.05005790545816277,0.8724401402863028,0.05,0.0,7.249999999999999,0.0,13.0,0,0,0,0,2,31,0,1,30,0
2000875,0.0,0.05,0.75,5.549203125000002,5.550000000000002,0.0007968750000000005,0,0.796875,0.546875,0.171875,0.171875,0.0,0.5968750000000006,0.5820312499999997,0.9299485820490563,0.06179115043490131,0.4033007067728208,0.05,-0.9000000000000001,6.450000000000001,3.0,19.0,0,0,0,0,1,28,0,0,35,0
2000876,0.0,0.05,0.75,4.399187499999999,4.3999999999999995,0.0008125000000000006,-1,0.8125,0.8125,0.109375,0.09375,0.0,0.5968750000000007,0.5070312499999999,0.4493337164396592,0.05001013022405966,0.09890446288834875,0.05,-0.6000000000000001,4.999999999999999,3.0,10.0,0,0,0,0,0,61,0,1,2,0
2000877,1.0,0.05,0.75,0.19665624999999928,0.1999999999999993,0.0033437500000000012,-5,3.34375,1.40625,0.109375,0.03125,0.0,0.5968750000000007,0.5,0.7370439138631404,0.0500031416443533,0.6608386470530991,0.05,-0.5999999999999999,0.8000000000000003,3.0,6.0,0,0,0,0,1,63,0,0,0,0
2000878,1.0,0.05,0.75,0.5327656249999998,0.5499999999999998,0.017234375000000014,-6,17.234375,3.859375,0.15625,0.0625,0.015625,0.5841269841269848,0.5738095238095235,0.8994729482503115,0.050116807384145895,0.8904601917316716,0.05,-0.3999999999999999,0.9499999999999997,2.0,12.0,1,0,0,1,1,28,0,0,32,1
2000879,0.0,0.05,0.75,5.996906249999999,5.999999999999999,0.003093750000000002,-3,3.09375,1.40625,0.15625,0.109375,0.0,0.6000000000000008,0.51875,0.6737731395288407,0.05051320088291276,0.26238703348383224,0.05,-1.1,7.099999999999999,4.0,13.0,0,0,0,0,0,56,0,0,8,0
2000880,1.0,0.05,0.75,-1.6756406250000004,-1.6500000000000004,0.02564062500000001,-11,25.640625,3.859375,0.1875,0.015625,0.0,0.5843750000000006,0.5210937499999998,0.9664132575157235,0.050413013996119804,0.9653432050710948,0.05,-0.050000000000000044,-1.5999999999999996,1.0,12.0,1,0,0,1,1,51,0,0,10,0
2000881,1.0,0.05,0.75,0.773781249999999,0.7999999999999989,0.02621875000000001,-8,26.21875,4.21875,0.1875,0.0625,0.0,0.6000000000000008,0.5187499999999997,0.8654877813548201,0.05202698662048167,0.8259101311226583,0.049999999999999996,-0.8499999999999999,1.6500000000000001,5.0,11.0,0,0,3,0,0,50,0,0,11,0
2000882,0.0,0.05,0.75,4.595562500000001,4.6000000000000005,0.004437500000000003,-1,4.4375,1.8125,0.125,0.109375,0.0,0.5968750000000006,0.5304687500000002,0.7599984886372255,0.05006839718672457,0.28099931258900057,0.05,-0.4,4.999999999999999,2.0,13.0,0,0,3,0,1,44,0,0,16,0
2000883,0.0,0.05,0.75,7.173734375000001,7.200000000000001,0.026265625000000004,-6,26.265625,4.640625,0.15625,0.0625,0.0,0.6000000000000008,0.5585937499999997,0.9437343492457009,0.05038083690084733,0.9311260265842363,0.05000000000000001,-0.9000000000000001,8.1,3.0,11.0,0,0,0,0,0,39,0,0,25,0
2000884,1.0,0.05,0.75,1.4334218749999992,1.4499999999999993,0.01657812500000001,-7,16.578125,3.578125,0.1875,0.078125,0.0,0.5937500000000007,0.52578125,0.6495168700320479,0.050985262045817194,0.5650335339394191,0.05,-0.5999999999999999,2.0500000000000007,3.0,14.0,0,0,2,1,0,48,0,0,13,0
2000885,1.0,0.05,0.75,2.244968749999999,2.249999999999999,0.005031250000000004,-4,5.03125,1.875,0.140625,0.078125,0.0,0.5937500000000007,0.50234375,0.6071126302197163,0.05010479265207577,0.30878819233421895,0.05,-0.5499999999999998,2.8,3.0,11.0,0,0,1,0,0,61,0,2,0,0
2000886,1.0,0.05,0.75,0.4711875,0.5,0.028812500000000015,-8,28.8125,4.71875,0.171875,0.046875,0.0,0.5968750000000007,0.5539062499999996,0.9832910256146922,0.051598658474009795,0.9811458665312833,0.05,-0.3999999999999999,0.8999999999999999,2.0,12.0,0,0,0,0,1,40,0,0,23,0
2000887,0.0,0.05,0.75,6.794249999999999,6.799999999999999,0.005750000000000003,-4,5.75,1.9375,0.15625,0.09375,0.0,0.5968750000000007,0.49765625,0.5792977267507822,0.050448385218360633,0.2129566909017969,0.05,-0.8,7.599999999999999,4.0,12.0,0,0,1,0,1,62,0,0,0,0
2000888,1.0,0.05,0.75,1.915500000000001,1.950000000000001,0.03450000000000001,-6,34.5,5.5,0.171875,0.078125,0.0,0.6000000000000006,0.6335937499999993,0.9887177090757829,0.05353138750550059,0.9879983101968833,0.049999999999999996,-0.3500000000000001,2.3,4.0,12.0,0,0,0,0,0,7,0,0,57,0
2000889,0.0,0.05,0.75,3.696437499999999,3.6999999999999993,0.0035625000000000023,3,3.5625,1.59375,0.109375,0.15625,0.0,0.5843750000000005,0.5,0.21131740552944103,0.05180439477674904,0.0020046231989824925,0.049999999999999996,-0.8500000000000001,4.549999999999999,5.0,12.0,0,1,3,0,0,56,0,4,0,0
2000890,0.0,0.05,0.75,8.247749999999998,8.249999999999998,0.002250000000000001,-3,2.25,1.15625,0.203125,0.15625,0.0,0.5968750000000007,0.49765625,0.5256341583116318,0.0817639460019776,0.03231304443193841,0.05000000000000001,-1.0,9.25,5.0,18.0,0,0,2,0,0,61,0,1,0,0
2000891,0.0,0.05,0.75,4.299109374999998,4.299999999999998,0.0008906250000000006,1,0.890625,0.765625,0.125,0.140625,0.0,0.6000000000000008,0.5046875000000001,0.5876435906393994,0.05015628758374232,0.02739249585360667,0.049999999999999996,-1.1,5.399999999999999,4.0,13.0,0,0,1,0,0,60,0,0,3,0
2000892,1.0,0.05,0.75,-0.4722656250000011,-0.45000000000000107,0.022265625000000015,-9,22.265625,4.265625,0.171875,0.03125,0.0,0.6000000000000008,0.5351562499999999,0.923895980197468,0.05020348865095815,0.9202850171251878,0.05,-0.25,-0.1999999999999995,2.0,11.0,0,0,0,0,0,49,0,0,15,0
2000893,0.0,0.05,0.75,6.893062499999998,6.899999999999999,0.006937500000000004,-5,6.9375,2.15625,0.15625,0.078125,0.0,0.5906250000000006,0.49765625,0.6652402131262842,0.05033248640404258,0.40116606872946736,0.05,-0.9000000000000001,7.799999999999999,4.0,11.0,0,0,3,0,2,57,0,1,1,0
2000894,0.0,0.05,0.75,5.246156249999999,5.249999999999999,0.0038437500000000025,-3,3.84375,1.71875,0.125,0.078125,0.0,0.6000000000000008,0.50234375,0.6142802229431588,0.050029101150110396,0.2806175403479589,0.05,0.0,5.249999999999999,0.0,13.0,0,0,0,0,0,63,0,0,1,0
2000895,1.0,0.05,0.75,0.6745156249999975,0.6999999999999975,0.02548437500000001,-10,25.484375,4.203125,0.21875,0.0625,0.0,0.5937500000000007,0.5304687499999998,0.937109582021854,0.06846026891883343,0.9231842044890871,0.049999999999999996,-0.44999999999999996,1.1500000000000006,3.0,15.0,0,0,0,1,0,50,0,0,13,0
2000896,0.0,0.05,0.75,4.345968749999999,4.349999999999999,0.004031250000000003,-2,4.03125,1.5,0.109375,0.078125,0.0,0.5937500000000007,0.5046875,0.5920512871935986,0.0500080021022581,0.2395768208690907,0.049999999999999996,-0.2,4.549999999999999,1.0,11.0,0,0,1,0,0,60,0,2,1,0
2000897,1.0,0.05,0.75,0.3230781249999987,0.34999999999999876,0.02692187500000002,-7,26.921875,4.359375,0.15625,0.046875,0.0,0.5875000000000007,0.5398437499999997,0.8616721373937319,0.05008233679032886,0.8484653402310529,0.05000000000000001,-0.050000000000000044,0.40000000000000047,1.0,12.0,0,0,0,1,1,45,0,1,16,0
2000898,1.0,0.05,0.75,-0.1822343749999986,-0.14999999999999858,0.03223437500000001,-10,32.234375,5.046875,0.203125,0.046875,0.0,0.5875000000000006,0.5984374999999995,0.9871566368755387,0.055056150249956554,0.9867253643888623,0.05000000000000001,-0.6499999999999999,0.5,5.0,11.0,1,0,0,0,0,20,0,2,41,0
2000899,0.0,0.05,0.75,8.292171875,8.299999999999999,0.007828125000000005,-4,7.828125,2.328125,0.21875,0.15625,0.0,0.6000000000000008,0.44140625,0.10894672472761245,0.06276124382866576,0.0015448486616437274,0.05,-0.5,8.799999999999999,4.0,20.0,0,0,28,0,0,33,0,0,3,0
2000900,1.0,0.05,0.75,3.6980781249999994,3.6999999999999993,0.0019218750000000013,-2,1.921875,1.109375,0.140625,0.109375,0.0,0.5968750000000007,0.5,0.48496913818210113,0.05013062746372688,0.0818380978786163,0.05,-0.19999999999999996,3.8999999999999995,1.0,15.0,0,0,0,0,1,63,0,0,0,0
2000901,0.0,0.05,0.75,2.799296875000001,2.8000000000000007,0.0007031250000000003,0,0.703125,0.578125,0.078125,0.078125,0.0,0.5937500000000007,0.5,0.6341108425984967,0.05000104761987974,0.1579615470106693,0.05,-0.6000000000000001,3.400000000000001,3.0,7.0,0,0,2,0,0,60,0,2,0,0
2000902,0.0,0.05,0.75,6.9936718749999995,6.999999999999999,0.006328125000000005,-5,6.328125,2.015625,0.15625,0.078125,0.0,0.5968750000000007,0.49765624999999997,0.6232252928047366,0.05031267542685276,0.35707739635299096,0.05,-0.4,7.399999999999999,2.0,13.0,0,0,2,0,0,61,0,1,0,0
2000903,0.0,0.05,0.75,4.647359375000001,4.65,0.002640625000000002,-3,2.640625,1.359375,0.109375,0.0625,0.0,0.5875000000000007,0.49062500000000003,0.5907043872285067,0.050005472101989475,0.291269463418389,0.05,-0.4,5.049999999999999,2.0,9.0,0,0,4,2,0,58,0,0,0,0
2000904,1.0,0.05,0.75,0.07670312499999787,0.09999999999999787,0.023296875,-8,23.296875,3.765625,0.171875,0.046875,0.0,0.5906250000000007,0.5210937499999998,0.8131370983945744,0.05017182104598979,0.7922251597778025,0.05000000000000001,-0.3999999999999999,0.5000000000000004,2.0,12.0,0,0,0,1,1,53,0,0,9,0
2000905,0.0,0.05,0.75,2.798406249999999,2.799999999999999,0.001593750000000001,2,1.59375,0.9375,0.09375,0.125,0.0,0.5906250000000007,0.49765625,0.49654878081393666,0.05002204050479834,0.02340464014580192,0.05,-1.05,3.8499999999999988,4.0,10.0,0,0,2,1,0,60,0,1,0,0
2000906,0.0,0.05,0.75,5.998140624999999,5.999999999999999,0.0018593750000000012,-3,1.859375,1.015625,0.140625,0.09375,0.0,0.5968750000000007,0.50234375,0.5203972929295404,0.050107694336956075,0.1668736161463547,0.05,-0.8,6.799999999999999,4.0,11.0,0,0,0,0,0,63,0,1,0,0
2000907,1.0,0.05,0.75,0.1803906249999984,0.1999999999999984,0.01960937500000001,-7,19.609375,3.859375,0.15625,0.046875,0.0,0.5843750000000006,0.5164062499999998,0.710729048252823,0.050042901084853125,0.6706355014953563,0.05,0.0,0.2000000000000005,0.0,13.0,0,0,0,2,0,55,0,1,6,0
2000908,0.0,0.05,0.75,6.398828124999998,6.399999999999998,0.0011718750000000006,-2,1.171875,0.765625,0.15625,0.125,0.0,0.5906250000000006,0.50234375,0.48716317837385686,0.05067637570392865,0.060344710644741624,0.05,-0.8,7.199999999999998,4.0,14.0,0,0,1,0,1,60,0,2,0,0
2000909,0.0,0.05,0.75,8.19459375,8.2,0.005406250000000001,-5,5.40625,1.46875,0.1875,0.109375,0.0,0.5875000000000006,0.5046875,0.525109985909574,0.05452626006042377,0.19390881899456788,0.05,-0.6000000000000001,8.8,3.0,16.0,0,0,0,0,2,60,0,2,0,0
2000910,1.0,0.05,0.75,3.6409062499999996,3.6499999999999995,0.009093750000000006,-3,9.09375,2.5625,0.171875,0.125,0.0,0.5875000000000007,0.5398437499999997,0.669626584722185,0.051843357507263134,0.2756083831984374,0.05,-0.8499999999999999,4.5,5.0,14.0,1,0,0,0,2,43,0,0,18,0
2000911,1.0,0.05,0.75,2.6413749999999987,2.6499999999999986,0.008625000000000006,-6,8.625,2.5,0.203125,0.109375,0.0,0.5875000000000006,0.5187499999999999,0.6769407785758336,0.06500298509007782,0.38757751208899605,0.05,-0.9499999999999997,3.5999999999999996,5.0,15.0,0,0,0,0,1,55,0,3,5,0
2000912,1.0,0.05,0.75,-0.9304218750000004,-0.9000000000000004,0.030421875000000015,-9,30.421875,4.703125,0.15625,0.015625,0.0,0.5875000000000006,0.5421874999999997,0.9698530778855842,0.050111752964047344,0.968954683388006,0.05,-0.25,-0.6499999999999997,2.0,9.0,0,0,0,1,1,44,0,1,17,0
2000913,1.0,0.05,0.75,-0.8235781250000007,-0.8000000000000007,0.023578125000000005,-7,23.578125,4.328125,0.125,0.015625,0.0,0.5968750000000007,0.5445312499999997,0.8472895744287543,0.05000349669355068,0.8438174369361423,0.05,-0.19999999999999996,-0.5999999999999996,1.0,8.0,0,0,0,0,0,45,0,1,18,0
2000914,0.0,0.05,0.75,7.545718749999998,7.549999999999998,0.004281250000000003,-3,4.28125,1.8125,0.1875,0.140625,0.0,0.5968750000000007,0.4953125,0.47344526420920896,0.056622081437431866,0.04429283172199148,0.05000000000000002,-0.8,8.349999999999998,4.0,17.0,0,0,3,0,1,59,0,0,1,0
2000915,1.0,0.05,0.75,-0.3247031250000007,-0.3000000000000007,0.024703125000000013,-10,24.703125,4.421875,0.203125,0.046875,0.0,0.5906250000000006,0.5304687499999998,0.8480404908301041,0.05085818034361695,0.8404897299092979,0.05,-0.9999999999999998,0.7000000000000004,5.0,11.0,0,0,0,0,2,49,0,1,12,0
2000916,0.0,0.05,0.75,5.997531249999999,5.999999999999999,0.0024687500000000013,-3,2.46875,1.21875,0.140625,0.09375,0.0,0.5968750000000007,0.49765625,0.5638342260844662,0.05013351731410004,0.16687361614635396,0.05,-0.8,6.799999999999999,4.0,11.0,0,0,2,0,1,60,0,0,1,0
2000917,0.0,0.05,0.75,3.197765624999998,3.199999999999998,0.002234375000000001,2,2.234375,1.296875,0.109375,0.140625,0.0,0.5843750000000005,0.5070312499999999,0.3618670874239875,0.050149061046611834,0.013538064669761077,0.05,-0.4,3.599999999999998,2.0,14.0,0,1,1,1,0,56,0,2,3,0
2000918,1.0,0.05,0.75,-0.8870156250000005,-0.8500000000000005,0.037015625000000024,-8,37.015625,5.609375,0.140625,0.015625,0.0,0.5906250000000006,0.6218749999999994,0.9673993505881266,0.05003283556828222,0.9673335672280059,0.05000000000000001,-0.5999999999999999,-0.25,3.0,7.0,0,0,0,0,1,11,1,0,51,0
2000919,1.0,0.05,0.75,-1.0258437500000017,-1.0000000000000018,0.025843750000000016,-10,25.84375,4.1875,0.1875,0.03125,0.0,0.5875000000000007,0.5187499999999998,0.9326651667874729,0.05043785932599652,0.9286616219672378,0.05,-0.3999999999999999,-0.5999999999999996,2.0,12.0,1,0,1,1,0,51,0,0,10,0
2000920,0.0,0.05,0.75,8.529781249999997,8.549999999999997,0.020218750000000008,-7,20.21875,4.0,0.1875,0.078125,0.0,0.5906250000000007,0.5140625,0.8078592483888621,0.05395044566433011,0.6866374649371624,0.05000000000000001,-0.2,8.749999999999998,1.0,16.0,0,0,0,0,1,57,1,0,5,0
2000921,1.0,0.05,0.75,1.3405156249999988,1.3499999999999988,0.009484375000000005,-5,9.484375,2.796875,0.15625,0.078125,0.0,0.5843750000000005,0.546875,0.8438429203118342,0.050199891858989834,0.7819536893134916,0.05000000000000001,-0.7999999999999998,2.1499999999999995,4.0,11.0,0,0,0,1,3,40,0,0,20,0
2000922,0.0,0.05,0.75,8.019984375,8.05,0.030015625000000015,-8,30.015625,4.984375,0.15625,0.03125,0.0,0.5937500000000007,0.6148437499999994,0.9930283494144868,0.05058932009069503,0.992942157380107,0.05,0.0,8.05,0.0,12.0,1,0,0,0,0,13,0,0,50,0
2000923,0.0,0.05,0.75,1.645843749999999,1.649999999999999,0.004156250000000003,5,4.15625,1.5625,0.078125,0.15625,0.0,0.5875000000000006,0.52109375,0.6314444162345787,0.05010565633956299,0.013142747438768388,0.04999999999999999,-1.15,2.8,5.0,10.0,0,0,1,1,1,51,0,1,9,0
2000924,1.0,0.05,0.75,1.0818593749999978,1.0999999999999979,0.018140625000000014,-8,18.140625,3.734375,0.1875,0.0625,0.0,0.5906250000000005,0.5796874999999998,0.9888099266093179,0.05745762869369759,0.987357594369647,0.05,-0.10000000000000009,1.2,2.0,14.0,0,0,0,0,3,27,0,0,34,0
2000925,1.0,0.05,0.75,0.8732499999999985,0.8999999999999986,0.02675,-9,26.75,3.71875,0.203125,0.0625,0.0,0.5968750000000007,0.5421874999999996,0.9842966508437009,0.07321096780957444,0.9788424650141025,0.05,-1.0,1.9000000000000001,8.0,9.0,0,0,0,0,1,45,0,0,18,0
2000926,1.0,0.05,0.75,-0.984546875000001,-0.9500000000000011,0.03454687500000001,-10,34.546875,5.078125,0.1875,0.03125,0.0,0.5937500000000007,0.5539062499999996,0.9632887847481459,0.050512205974036856,0.9624330299850848,0.05,-0.19999999999999996,-0.7499999999999998,1.0,13.0,0,0,0,0,2,39,0,0,23,0
2000927,1.0,0.05,0.75,1.993140624999999,1.9999999999999991,0.0068593750000000035,-5,6.859375,1.828125,0.15625,0.078125,0.0,0.6000000000000008,0.5,0.6088383653706754,0.05028505007189021,0.3570773963529913,0.05,-0.5999999999999999,2.5999999999999996,3.0,12.0,0,0,0,0,0,64,0,0,0,0
2000928,1.0,0.05,0.75,2.0256093750000006,2.0500000000000007,0.024390625000000006,-7,24.390625,4.703125,0.21875,0.109375,0.0,0.5781250000000006,0.5890624999999996,0.9223198854088537,0.07159583079216038,0.8970281317799732,0.05000000000000001,-0.7,2.75,5.0,16.0,0,0,0,2,1,23,0,2,36,0
2000929,0.0,0.05,0.75,5.996468749999999,5.999999999999999,0.0035312500000000023,-3,3.53125,1.5625,0.140625,0.09375,0.0,0.6000000000000006,0.509375,0.4673407047107538,0.0500796984803838,0.16687361614635485,0.05,-0.4,6.399999999999999,2.0,13.0,0,0,0,0,0,60,0,0,4,0
2000930,0.0,0.05,0.75,7.4397031249999985,7.449999999999998,0.010296875000000007,-4,10.296875,2.734375,0.171875,0.109375,0.0,0.5906250000000007,0.5070312499999999,0.5358674957141002,0.05176896566212018,0.16212140516580315,0.049999999999999996,-0.8,8.25,4.0,14.0,0,0,1,1,0,58,0,1,3,0
2000931,1.0,0.05,0.75,0.43545312500000016,0.4500000000000002,0.014546875000000011,-6,14.546875,3.546875,0.140625,0.046875,0.0,0.5968750000000007,0.5679687499999998,0.8428958407503366,0.05002062002699029,0.8350644544405716,0.05,-0.6499999999999999,1.1,4.0,8.0,0,0,0,0,1,34,0,0,29,0
2000932,1.0,0.05,0.75,1.0279843750000006,1.0500000000000007,0.022015625000000004,-7,22.015625,4.453125,0.15625,0.046875,0.015625,0.5968253968253975,0.635714285714285,0.9979883626349024,0.05422640639153975,0.9979113295617574,0.05,-0.15000000000000013,1.1999999999999995,3.0,10.0,0,0,1,0,0,4,0,1,57,1
2000933,1.0,0.05,0.75,0.7280468749999982,0.7499999999999982,0.021953125000000018,-8,21.953125,4.140625,0.1875,0.0625,0.0,0.5875000000000007,0.5492187499999998,0.8924660934419002,0.051099444595554065,0.880163251436182,0.05,-0.19999999999999996,0.9500000000000003,1.0,15.0,0,0,0,2,0,41,0,0,21,0
2000934,1.0,0.05,0.75,4.040968750000003,4.0500000000000025,0.009031250000000006,-3,9.03125,2.8125,0.171875,0.125,0.0,0.5906250000000006,0.6453124999999993,0.9892277145066368,0.06723892293588632,0.9821238477170045,0.05,-0.3500000000000003,4.3999999999999995,7.0,12.0,0,0,0,0,1,1,1,0,61,0
2000935,0.0,0.05,0.75,8.545359374999999,8.549999999999999,0.004640625000000001,-5,4.640625,1.578125,0.203125,0.125,0.0,0.5968750000000007,0.49296874999999996,0.6260388171695108,0.07365797211537427,0.14507916058364878,0.05000000000000001,-0.5,9.049999999999999,2.0,19.0,0,0,3,0,1,60,0,0,0,0
2000936,0.0,0.05,0.75,5.346453125,5.35,0.0035468750000000023,-3,3.546875,1.484375,0.140625,0.09375,0.0,0.5906250000000007,0.50234375,0.4551684395625565,0.050039287551147144,0.1599696397886601,0.05,-0.2,5.55,1.0,14.0,1,0,1,0,1,58,0,0,3,0
2000937,1.0,0.05,0.75,-0.5813124999999989,-0.5499999999999989,0.031312500000000014,-9,31.3125,5.125,0.171875,0.03125,0.0,0.5937500000000007,0.5773437499999997,0.9739143265897245,0.05034420453863216,0.9734494608932611,0.05,-0.8499999999999999,0.30000000000000004,6.0,7.0,0,0,0,0,1,30,0,1,32,0
2000938,0.0,0.05,0.75,4.099062499999999,4.099999999999999,0.0009375000000000004,0,0.9375,0.65625,0.109375,0.109375,0.0,0.5937500000000007,0.50234375,0.5133945344605167,0.05001980558861101,0.06059031427011057,0.05,-1.0,5.1,5.0,9.0,0,0,0,0,1,62,0,1,0,0
2000939,0.0,0.05,0.75,3.295265625,3.3,0.004734375000000003,0,4.734375,1.765625,0.09375,0.09375,0.0,0.5968750000000007,0.4789062500000001,0.5339220102192757,0.05000348535771084,0.06029929436792518,0.049999999999999996,-0.6000000000000001,3.8999999999999995,3.0,9.0,0,0,10,0,0,53,0,1,0,0
2000940,0.0,0.05,0.75,3.3978437499999985,3.3999999999999986,0.0021562500000000015,3,2.15625,1.0625,0.109375,0.15625,0.0,0.5937500000000007,0.5,0.4023646766298938,0.050614608093016274,0.0053512451421633645,0.05000000000000001,-1.2,4.6,6.0,11.0,0,0,0,1,0,63,0,0,0,0
2000941,0.0,0.05,0.75,5.988859374999998,5.999999999999998,0.011140625000000006,-3,11.140625,3.078125,0.140625,0.09375,0.0,0.5906250000000006,0.49765625,0.5700449141544363,0.05013826457043872,0.1668736161463544,0.05,-0.6000000000000001,6.599999999999999,3.0,12.0,1,0,0,0,1,62,0,0,0,0
2000942,0.0,0.05,0.75,7.92309375,7.949999999999999,0.026906250000000003,-7,26.90625,4.1875,0.171875,0.0625,0.0,0.5843750000000008,0.5304687499999997,0.8894283086494166,0.05064967420473913,0.8608699421466104,0.049999999999999996,-0.44999999999999996,8.399999999999999,2.0,13.0,2,0,1,0,1,44,0,0,16,0
2000943,1.0,0.05,0.75,-0.6473125000000014,-0.6000000000000014,0.047312500000000014,-10,47.3125,5.78125,0.1875,0.03125,0.0,0.5937500000000007,0.5632812499999994,0.9834475337741555,0.051359210385339985,0.9829925670647808,0.05,-0.3500000000000001,-0.24999999999999978,4.0,10.0,0,0,0,0,2,35,0,0,27,0
2000944,0.0,0.05,0.75,2.747453125,2.75,0.002546875000000002,3,2.546875,1.265625,0.09375,0.140625,0.0,0.5937500000000007,0.49531250000000004,0.5682828644031303,0.050052271421487195,0.012967640095874106,0.049999999999999996,-0.4,3.1499999999999986,2.0,13.0,0,0,4,0,1,57,0,1,1,0
2000945,1.0,0.05,0.75,4.887265625000002,4.900000000000002,0.012734375000000008,-2,12.734375,3.234375,0.171875,0.140625,0.0,0.5968750000000007,0.6101562499999994,0.9715879177812413,0.07087018112289796,0.8922119916186763,0.049999999999999996,-0.5,5.4,4.0,16.0,0,0,1,0,0,15,0,1,47,0
2000946,0.0,0.05,0.75,6.391296874999998,6.399999999999999,0.008703125000000006,-5,8.703125,2.515625,0.140625,0.0625,0.0,0.5968750000000007,0.50234375,0.6337184612421722,0.05005587410766872,0.45767570635494104,0.05,-0.2,6.599999999999999,1.0,12.0,0,0,0,0,1,62,0,0,1,0
2000947,0.0,0.05,0.75,6.339156249999998,6.349999999999998,0.010843750000000006,-3,10.84375,2.96875,0.15625,0.109375,0.0,0.5937500000000007,0.5046875,0.5875682779496896,0.050560610295806836,0.15564649885214135,0.05,-1.0,7.349999999999999,5.0,12.0,0,0,1,0,1,59,0,1,2,0
2000948,1.0,0.05,0.75,1.5941874999999988,1.5999999999999988,0.005812500000000004,-4,5.8125,1.9375,0.125,0.0625,0.0,0.6000000000000008,0.5,0.6117405219478513,0.050019482371858645,0.38450798042955614,0.05000000000000001,-0.19999999999999996,1.8000000000000005,1.0,11.0,0,0,0,0,0,64,0,0,0,0
2000949,0.0,0.05,0.75,8.172156249999999,8.2,0.02784375000000001,-7,27.84375,4.65625,0.1875,0.078125,0.0,0.5875000000000006,0.5421874999999997,0.8821785779061408,0.05244060888858591,0.8409569787007658,0.05,-1.05,9.249999999999998,3.0,14.0,0,0,0,1,1,44,0,1,17,0
2000950,0.0,0.05,0.75,6.24734375,6.25,0.0026562500000000006,-5,2.65625,1.09375,0.140625,0.0625,0.0,0.5937500000000007,0.5,0.597510561281975,0.05003809422166279,0.428562567518352,0.05,-0.6000000000000001,6.849999999999999,3.0,10.0,0,0,1,0,1,61,0,1,0,0
2000951,0.0,0.05,0.75,4.8468124999999995,4.85,0.003187500000000002,-3,3.1875,1.5625,0.109375,0.0625,0.0,0.5968750000000007,0.50234375,0.6088074169976886,0.050007145571443555,0.33443887350837725,0.049999999999999996,-0.4,5.249999999999999,2.0,9.0,0,0,0,0,0,63,0,1,0,0
2000952,0.0,0.05,0.75,4.645359374999999,4.6499999999999995,0.004640625000000002,-4,4.640625,1.734375,0.109375,0.046875,0.015625,0.5904761904761912,0.5,0.583427500323407,0.050002833602151395,0.44207155740848486,0.05000000000000002,-0.6000000000000001,5.25,3.0,7.0,1,0,0,0,0,61,0,1,0,1
2000953,0.0,0.05,0.75,6.648921874999998,6.649999999999999,0.0010781250000000005,-1,1.078125,0.765625,0.171875,0.15625,0.0,0.5718750000000007,0.4906250000000001,0.5303084672314686,0.05462401856611999,0.01796950956019834,0.05000000000000001,-1.0,7.649999999999999,5.0,16.0,0,1,5,3,1,52,0,1,1,0
2000954,0.0,0.05,0.75,4.997703124999998,4.999999999999998,0.002296875000000001,-1,2.296875,1.140625,0.125,0.109375,0.0,0.5937500000000007,0.49765625,0.5329108575899506,0.050057317042388715,0.06736895075198211,0.049999999999999996,-1.0,5.999999999999999,5.0,10.0,0,0,1,0,2,61,0,0,0,0
2000955,0.0,0.05,0.75,1.9492187499999996,1.9499999999999995,0.0007812500000000005,1,0.78125,0.75,0.0625,0.078125,0.0,0.5937500000000007,0.5046875,0.5118684724803934,0.05000042736906143,0.11332050653568648,0.05,-0.8500000000000001,2.8,3.0,6.0,0,0,1,0,0,60,0,2,1,0
2000956,1.0,0.05,0.75,2.8414062499999977,2.849999999999998,0.008593750000000006,-5,8.59375,2.53125,0.1875,0.109375,0.0,0.5937500000000007,0.509375,0.4145465050259527,0.05162751011165422,0.16721726244611504,0.049999999999999996,-0.19999999999999996,3.05,1.0,18.0,1,0,0,0,0,58,0,0,5,0
2000957,1.0,0.05,0.75,3.424734375000002,3.450000000000002,0.025265624999999993,-4,25.265625,4.640625,0.171875,0.109375,0.0,0.5906250000000006,0.6031249999999995,0.939035340997717,0.054512907685519904,0.9117744481698278,0.05,-0.30000000000000004,3.75,3.0,15.0,0,0,0,0,1,19,0,2,42,0
2000958,1.0,0.05,0.75,0.776312499999999,0.7999999999999989,0.0236875,-7,23.6875,4.4375,0.171875,0.0625,0.0,0.5937500000000007,0.5726562499999996,0.8329900322458292,0.05018035599051681,0.8252638419906678,0.05,-0.19999999999999996,1.0000000000000004,1.0,14.0,0,0,0,1,0,32,0,0,31,0
2000959,0.0,0.05,0.75,8.385171875,8.399999999999999,0.01482812500000001,-7,14.828125,3.078125,0.1875,0.078125,0.0,0.5937500000000007,0.50234375,0.7268290869707014,0.0526515239177537,0.5768126014910528,0.05,-0.6000000000000001,9.0,3.0,14.0,0,0,0,1,0,62,0,0,1,0
2000960,0.0,0.05,0.75,4.997499999999998,4.999999999999998,0.0025000000000000014,0,2.5,1.25,0.140625,0.140625,0.0,0.5906250000000006,0.50703125,0.5921500581075025,0.05035905984913364,0.03985625302571042,0.05,-0.8,5.799999999999999,4.0,14.0,0,0,0,0,1,60,0,2,1,0
2000961,0.0,0.05,0.75,0.9997343750000002,1.0000000000000002,0.00026562500000000013,0,0.265625,0.265625,0.03125,0.03125,0.0,0.5906250000000006,0.5046875,0.5913218877707708,0.05000001177308816,0.39690721649484784,0.049999999999999996,-0.65,1.6500000000000001,2.0,2.0,0,0,1,0,0,60,0,3,0,0
2000962,0.0,0.05,0.75,2.2412499999999995,2.2499999999999996,0.008750000000000004,4,8.75,2.28125,0.09375,0.15625,0.0,0.5781250000000006,0.4742187500000003,0.07953331399451298,0.05100201105398323,0.0003372388751587721,0.05,-0.9000000000000001,3.15,5.0,11.0,0,0,15,2,1,42,0,2,2,0
2000963,0.0,0.05,0.75,2.147578125,2.15,0.0024218750000000017,0,2.421875,1.265625,0.0625,0.0625,0.0,0.5812500000000005,0.48359375000000004,0.5027875112963511,0.050000181339893125,0.13215374401575794,0.05,-0.6000000000000001,2.75,3.0,5.0,0,0,10,1,1,49,0,3,0,0
2000964,1.0,0.05,0.75,2.039296874999999,2.049999999999999,0.010703125000000006,-4,10.703125,3.015625,0.140625,0.078125,0.0,0.5968750000000007,0.51875,0.5385984896739997,0.050045480587048406,0.3451004526792368,0.05,0.0,2.0500000000000007,0.0,14.0,0,0,0,0,0,56,0,1,7,0
2000965,0.0,0.05,0.75,6.395171874999998,6.399999999999999,0.004828125000000003,-3,4.828125,1.921875,0.15625,0.109375,0.0,0.5906250000000006,0.48828124999999994,0.5846057496924147,0.0505629731321778,0.10289813206334629,0.05,-1.0,7.399999999999999,5.0,12.0,0,0,6,1,0,56,0,1,0,0
2000966,1.0,0.05,0.75,1.0156562499999988,1.049999999999999,0.03434375000000001,-8,34.34375,5.21875,0.1875,0.0625,0.0,0.5812500000000006,0.5749999999999995,0.9835999582476999,0.055561948675770606,0.9814885912150675,0.05,-0.3500000000000001,1.4,4.0,12.0,1,0,1,1,1,26,0,1,33,0
2000967,0.0,0.05,0.75,6.777171875,6.8,0.022828124999999998,-7,22.828125,4.484375,0.15625,0.046875,0.0,0.5875000000000007,0.5328124999999999,0.7162096655132325,0.05001990047785408,0.6957463790493026,0.05,-0.55,7.35,2.0,11.0,1,0,0,0,2,46,0,0,15,0
2000968,1.0,0.05,0.75,-0.5905937500000025,-0.5500000000000025,0.04059375000000001,-11,40.59375,5.125,0.203125,0.03125,0.0,0.5968750000000007,0.5421874999999996,0.9940372232160302,0.06059804473691685,0.9934676861468974,0.05,-0.7,0.15000000000000013,5.0,10.0,0,0,0,0,0,46,0,1,17,0
2000969,1.0,0.05,0.75,-0.5173281250000009,-0.5000000000000009,0.017328125000000014,-8,17.328125,3.265625,0.15625,0.03125,0.0,0.5937500000000007,0.5187499999999998,0.827302332348157,0.0500364264349951,0.8143816801726022,0.05,-0.3999999999999999,-0.09999999999999964,2.0,10.0,0,0,0,0,1,55,0,1,7,0
2000970,1.0,0.05,0.75,-0.12182812499999965,-0.09999999999999964,0.021828125000000007,-9,21.828125,3.859375,0.1875,0.046875,0.0,0.5875000000000007,0.5187499999999999,0.8132232371699897,0.050403866924456725,0.7959420355024432,0.049999999999999996,0.0,-0.09999999999999942,0.0,15.0,0,0,0,1,2,53,0,0,8,0
2000971,0.0,0.05,0.75,7.196187499999998,7.199999999999998,0.003812500000000001,-4,3.8125,1.34375,0.171875,0.109375,0.0,0.5937500000000008,0.49765625,0.5160413373994028,0.051284691388183305,0.1341589823713517,0.04999999999999999,-0.6000000000000001,7.799999999999998,3.0,15.0,0,0,1,1,0,62,0,0,0,0
2000972,1.0,0.05,0.75,1.6943437499999985,1.6999999999999984,0.005656250000000003,-5,5.65625,1.75,0.15625,0.078125,0.0,0.5968750000000007,0.51640625,0.6563574490432873,0.05019329993577214,0.4770879236481064,0.049999999999999996,-0.7999999999999998,2.499999999999999,4.0,11.0,0,0,0,0,0,57,0,1,6,0
2000973,1.0,0.05,0.75,-0.6089999999999997,-0.5999999999999996,0.009000000000000006,-7,9.0,2.46875,0.125,0.015625,0.0,0.5906250000000006,0.5117187499999999,0.9477295071753138,0.05001708169656095,0.9398400015675563,0.05,-0.8,0.20000000000000018,5.0,4.0,0,0,0,0,2,57,0,1,4,0
2000974,0.0,0.05,0.75,4.3984375,4.4,0.001562500000000001,0,1.5625,1.03125,0.109375,0.109375,0.0,0.5906250000000006,0.49999999999999994,0.3307641664263505,0.0500316205283469,0.022376735375250034,0.05000000000000001,-1.05,5.449999999999999,6.0,8.0,0,0,2,0,1,59,0,2,0,0
2000975,1.0,0.05,0.75,1.220328125,1.25,0.02967187500000001,-7,29.671875,4.921875,0.171875,0.0625,0.0,0.5906250000000006,0.6171874999999996,0.9954409097547104,0.05458706553933971,0.995124471267741,0.05,-0.5500000000000003,1.7999999999999998,8.0,7.0,0,0,0,1,1,12,0,0,50,0
2000976,1.0,0.05,0.75,-0.23134375000000018,-0.20000000000000018,0.031343750000000004,-8,31.34375,5.0625,0.15625,0.03125,0.0,0.5937500000000007,0.5726562499999996,0.9573516014871208,0.0501175503895822,0.9564470573984986,0.049999999999999996,-0.5,0.30000000000000004,2.0,10.0,0,0,2,0,2,27,0,0,33,0
2000977,0.0,0.05,0.75,3.8974531249999997,3.9,0.002546875000000002,0,2.546875,1.296875,0.109375,0.109375,0.0,0.5968750000000007,0.48593750000000013,0.4800463660930505,0.05001647960640596,0.04051946558677065,0.05000000000000001,-1.2,5.1,6.0,8.0,0,0,7,0,0,56,0,1,0,0
2000978,1.0,0.05,0.75,-0.3792656249999988,-0.34999999999999876,0.02926562500000002,-8,29.265625,4.859375,0.15625,0.03125,0.0,0.5937500000000007,0.5820312499999996,0.9764349983592147,0.05015523738586644,0.9759581207987461,0.05,-0.5,0.1499999999999999,4.0,8.0,0,0,0,0,2,27,0,0,35,0
2000979,1.0,0.05,0.75,-0.5014687500000011,-0.45000000000000107,0.051468750000000014,-10,51.46875,6.4375,0.1875,0.03125,0.0,0.5812500000000007,0.6335937499999993,0.9987851318484595,0.06016439980836404,0.998728294369308,0.05,-0.4500000000000002,-2.220446049250313e-16,6.0,8.0,1,0,0,0,2,3,1,0,57,0
2000980,0.0,0.05,0.75,7.245796874999998,7.249999999999998,0.004203125000000003,-4,4.203125,1.609375,0.171875,0.109375,0.0,0.5875000000000007,0.50703125,0.5773856293616113,0.051696244378143616,0.18582297492880268,0.05,-0.95,8.2,4.0,14.0,1,1,0,0,1,56,0,0,5,0
2000981,0.0,0.05,0.75,5.7954374999999985,5.799999999999998,0.004562500000000003,-2,4.5625,1.9375,0.140625,0.109375,0.0,0.5937500000000007,0.4953125,0.5621528309246141,0.05019444978480659,0.08890560802337882,0.05,-1.0,6.799999999999999,5.0,11.0,0,0,3,0,1,59,0,1,0,0
2000982,0.0,0.05,0.75,6.485234375000002,6.500000000000002,0.01476562500000001,-3,14.765625,3.390625,0.15625,0.109375,0.0,0.5906250000000006,0.5726562499999994,0.9673827283484229,0.053739205365323124,0.8986771771594302,0.05000000000000001,-0.9000000000000001,7.400000000000001,3.0,14.0,0,0,0,0,2,31,0,1,30,0
2000983,1.0,0.05,0.75,-0.8268124999999998,-0.7999999999999998,0.02681250000000001,-8,26.8125,4.8125,0.140625,0.015625,0.0,0.5906250000000006,0.5656249999999996,0.965899712320917,0.050035183793854014,0.9653595545213659,0.05000000000000001,-0.5,-0.2999999999999998,4.0,6.0,0,1,0,0,2,32,0,0,29,0
2000984,0.0,0.05,0.75,5.395484374999999,5.399999999999999,0.004515625000000003,-3,4.515625,1.734375,0.125,0.078125,0.0,0.5968750000000007,0.50234375,0.5392133514644336,0.050023855425765866,0.23333404248736328,0.05,-0.6000000000000001,5.999999999999999,3.0,10.0,0,0,0,0,0,63,0,1,0,0
2000985,1.0,0.05,0.75,1.4237656249999993,1.4499999999999993,0.026234375,-7,26.234375,4.421875,0.1875,0.078125,0.0,0.5968750000000007,0.5679687499999996,0.9499144550441142,0.05369557425680146,0.9390423685831464,0.05000000000000001,-0.55,2.0,5.0,12.0,0,0,0,0,1,34,0,0,29,0
2000986,1.0,0.05,0.75,1.9967187499999992,1.9999999999999991,0.003281250000000002,-2,3.28125,1.46875,0.09375,0.0625,0.0,0.5843750000000005,0.50234375,0.5344252551999401,0.050001630460264616,0.2550294338457388,0.05,-0.3999999999999999,2.4000000000000004,2.0,8.0,0,0,1,0,3,58,0,2,0,0
2000987,1.0,0.05,0.75,-1.5344375000000001,-1.5,0.03443750000000002,-11,34.4375,4.6875,0.1875,0.015625,0.0,0.5781250000000006,0.5281249999999997,0.980028541964073,0.05068271404035945,0.9793901110415315,0.05,-0.95,-0.5499999999999998,5.0,8.0,1,0,0,0,4,46,0,1,12,0
2000988,1.0,0.05,0.75,-1.030062500000001,-1.0000000000000009,0.030062500000000016,-8,30.0625,4.875,0.15625,0.03125,0.015625,0.5777777777777783,0.538095238095238,0.8266661840819445,0.05002162507623968,0.8209103564907623,0.05,-0.9999999999999998,1.1102230246251565e-16,5.0,7.0,0,1,0,2,2,41,0,0,17,1
2000989,1.0,0.05,0.75,0.37573437500000034,0.40000000000000036,0.02426562500000002,-8,24.265625,4.484375,0.171875,0.046875,0.0,0.5906250000000006,0.5796874999999997,0.9803226488027394,0.05091726938885449,0.9793955675030017,0.05000000000000001,-0.30000000000000004,0.7,3.0,11.0,0,0,0,0,3,27,0,0,34,0
2000990,1.0,0.05,0.75,1.3869218749999985,1.3999999999999986,0.01307812500000001,-5,13.078125,3.234375,0.140625,0.0625,0.0,0.5906250000000007,0.5,0.6500278180278996,0.05006435089186047,0.45767570635494026,0.05,-0.3999999999999999,1.8000000000000005,2.0,11.0,1,0,0,0,1,61,0,0,1,0
2000991,0.0,0.05,0.75,5.847890624999999,5.849999999999999,0.0021093750000000014,-3,2.109375,1.171875,0.140625,0.09375,0.0,0.5875000000000006,0.50703125,0.5588588571042618,0.05010658986132729,0.2042778506558764,0.05,-0.4,6.249999999999999,2.0,13.0,0,0,0,1,1,59,0,1,2,0
2000992,1.0,0.05,0.75,-0.06984374999999983,-0.04999999999999982,0.019843750000000007,-7,19.84375,4.0,0.140625,0.03125,0.0,0.5875000000000007,0.5374999999999998,0.9411218678947133,0.050050438140785115,0.9351768394838736,0.05,-0.25,0.20000000000000018,2.0,9.0,0,0,0,1,1,46,0,1,15,0
2000993,0.0,0.05,0.75,3.797703124999999,3.799999999999999,0.0022968750000000016,-1,2.296875,1.328125,0.09375,0.078125,0.0,0.5968750000000007,0.50234375,0.5010697693175752,0.05000249521593093,0.1429393329839101,0.05,-0.8,4.6,4.0,7.0,0,0,0,0,1,62,0,0,1,0
2000994,1.0,0.05,0.75,-0.5862500000000007,-0.5500000000000007,0.03625000000000001,-9,36.25,5.25,0.171875,0.03125,0.0,0.5968750000000007,0.5679687499999995,0.9424377140235066,0.050186959639455075,0.9414445191239582,0.05,-0.19999999999999996,-0.34999999999999964,1.0,12.0,0,0,0,0,0,35,0,1,28,0
2000995,0.0,0.05,0.75,6.58790625,6.6,0.012093750000000007,-6,12.09375,2.5625,0.140625,0.046875,0.0,0.5968750000000007,0.50234375,0.7224125936009475,0.050037942826184935,0.6340008734704287,0.05,-0.6000000000000001,7.199999999999999,3.0,9.0,0,0,0,0,1,62,0,0,1,0
2000996,0.0,0.05,0.75,3.998609375,4.0,0.001390625000000001,-2,1.390625,0.890625,0.09375,0.0625,0.0,0.6000000000000008,0.49531250000000004,0.590782014388184,0.05000210815306997,0.25502943384573895,0.05,-0.4,4.3999999999999995,2.0,8.0,0,0,2,0,0,62,0,0,0,0
2000997,0.0,0.05,0.75,3.446156249999999,3.4499999999999993,0.003843750000000003,2,3.84375,1.71875,0.109375,0.140625,0.0,0.5937500000000007,0.4882812500000001,0.5189594383846979,0.0500983889554383,0.012966220807341378,0.05,-0.6000000000000001,4.05,3.0,13.0,0,0,8,0,1,52,0,1,2,0
2000998,0.0,0.05,0.75,5.843937499999999,5.849999999999999,0.0060625000000000045,-3,6.0625,2.28125,0.140625,0.09375,0.0,0.5875000000000006,0.51875,0.47567958965762763,0.05006421191630749,0.20427785065587672,0.05000000000000001,-0.55,6.399999999999999,2.0,13.0,0,0,1,1,2,51,0,0,9,0
2000999,1.0,0.05,0.75,0.2290468749999982,0.24999999999999822,0.020953125000000013,-8,20.953125,3.890625,0.171875,0.046875,0.015625,0.590476190476191,0.5238095238095237,0.8560202856505114,0.05036393614044598,0.8370640783944183,0.05,-0.6499999999999999,0.9000000000000004,4.0,10.0,0,0,0,0,1,52,0,2,8,1
2001000,0.0,0.05,0.75,5.6394843749999986,5.649999999999999,0.010515625000000006,-2,10.515625,2.671875,0.140625,0.109375,0.0,0.5968750000000007,0.51171875,0.48941299071663646,0.05012257027548468,0.11116543270989242,0.05,-0.6000000000000001,6.249999999999999,3.0,13.0,0,0,0,0,0,59,0,1,4,0
2001001,1.0,0.05,0.75,-0.011031250000000895,-8.881784197001252e-16,0.011031250000000006,-8,11.03125,2.40625,0.171875,0.046875,0.0,0.5875000000000007,0.4953125,0.7900299875691629,0.050289785341626515,0.7333751760613862,0.05,-0.5999999999999999,0.6000000000000008,3.0,11.0,0,0,2,2,0,60,0,0,0,0
2001002,1.0,0.05,0.75,1.3798125000000003,1.4000000000000004,0.020187500000000004,-8,20.1875,3.5,0.203125,0.078125,0.0,0.6000000000000008,0.5093749999999999,0.6845587444111733,0.05505431020146904,0.5779078245490412,0.05,-0.7999999999999998,2.2,4.0,14.0,0,0,0,0,0,60,0,0,4,0
2001003,1.0,0.05,0.75,-1.0663281250000007,-1.0500000000000007,0.016328125,-9,16.328125,3.015625,0.15625,0.015625,0.0,0.6000000000000008,0.5140624999999999,0.9494397676000407,0.05008104073100312,0.946068200159063,0.05000000000000001,-0.6499999999999999,-0.3999999999999997,4.0,7.0,0,0,0,0,0,58,0,0,6,0
2001004,1.0,0.05,0.75,2.1947343749999995,2.1999999999999993,0.005265625000000003,-4,5.265625,1.703125,0.140625,0.078125,0.0,0.6000000000000008,0.49765625,0.5992164492328914,0.05009802388689196,0.2913521698257676,0.05,-0.3999999999999999,2.5999999999999996,2.0,12.0,0,0,1,0,0,63,0,0,0,0
2001005,1.0,0.05,0.75,1.1876093749999983,1.1999999999999984,0.01239062500000001,-6,12.390625,3.203125,0.15625,0.0625,0.0,0.5875000000000006,0.5046875,0.6620094914664746,0.05015256692025024,0.5327159086609194,0.05,-0.7999999999999998,2.0,4.0,10.0,0,0,0,1,1,60,0,1,1,0
2001006,0.0,0.05,0.75,5.697562499999999,5.699999999999999,0.0024375000000000013,-3,2.4375,1.15625,0.140625,0.09375,0.0,0.6000000000000008,0.49765625,0.5764984274307235,0.050101162229781296,0.1857623724580194,0.05,-0.95,6.6499999999999995,4.0,11.0,0,0,3,0,0,59,0,0,2,0
2001007,0.0,0.05,0.75,5.3979687499999995,5.3999999999999995,0.002031250000000001,-3,2.03125,0.9375,0.125,0.078125,0.0,0.5968750000000007,0.5,0.5591635670596916,0.0500267390293636,0.23333404248736322,0.05,-0.2,5.599999999999999,1.0,12.0,0,0,0,0,1,63,0,0,0,0
2001008,1.0,0.05,0.75,-0.12473437500000144,-0.10000000000000142,0.024734375000000013,-9,24.734375,4.078125,0.1875,0.046875,0.0,0.5906250000000006,0.5117187499999999,0.8177476731440773,0.05050030832783041,0.7959420355024427,0.05,-0.7999999999999998,0.7000000000000004,4.0,11.0,0,0,0,0,2,57,0,1,4,0
2001009,1.0,0.05,0.75,-1.742171875000001,-1.700000000000001,0.04217187500000001,-10,42.171875,5.734375,0.171875,0.015625,0.0,0.5906250000000006,0.5632812499999995,0.9759758779033835,0.050142391196164024,0.9757491830188987,0.05,-0.5,-1.1999999999999997,4.0,8.0,0,1,0,1,0,34,0,0,28,0
2001010,1.0,0.05,0.75,3.8434843750000014,3.8500000000000014,0.006515625000000005,-3,6.515625,2.265625,0.171875,0.125,0.015625,0.5936507936507943,0.5809523809523807,0.9746749463493745,0.06869423800801536,0.9021668029787713,0.05,-0.20000000000000018,4.050000000000001,4.0,15.0,0,0,0,1,0,28,0,0,34,1
2001011,1.0,0.05,0.75,1.0811562499999996,1.0999999999999996,0.018843750000000006,-7,18.84375,3.75,0.1875,0.078125,0.0,0.5843750000000005,0.5164062499999998,0.8067656374062564,0.05202912531604513,0.712037691167871,0.05,-0.7999999999999998,1.9000000000000001,4.0,13.0,1,0,0,0,1,54,0,2,6,0
2001012,1.0,0.05,0.75,3.4961249999999993,3.499999999999999,0.0038750000000000017,-2,3.875,1.625,0.140625,0.109375,0.0,0.5968750000000007,0.51640625,0.5263301450873339,0.05011976099257742,0.13815347274696357,0.05,-0.7999999999999998,4.3,4.0,12.0,0,0,0,0,0,57,0,1,6,0
2001013,1.0,0.05,0.75,0.6817812500000001,0.7000000000000002,0.01821875000000001,-6,18.21875,3.9375,0.15625,0.0625,0.0,0.5843750000000006,0.5328124999999999,0.66416634351097,0.05004225138420325,0.6097570195283917,0.05,-0.7999999999999998,1.5,4.0,10.0,0,0,0,1,3,46,0,0,14,0
2001014,1.0,0.05,0.75,0.2301406249999991,0.2499999999999991,0.019859375000000002,-7,19.859375,3.421875,0.15625,0.046875,0.0,0.5843750000000006,0.5093749999999999,0.7991802526072029,0.05010021618093029,0.7499514118732004,0.05,-0.5999999999999999,0.8500000000000001,3.0,10.0,1,0,1,0,2,54,0,1,5,0
2001015,1.0,0.05,0.75,1.1229687500000003,1.1500000000000004,0.027031250000000003,-7,27.03125,4.8125,0.171875,0.0625,0.0,0.5968750000000006,0.5960937499999994,0.9717643667839561,0.051143257474466096,0.97014363044572,0.05,-0.3500000000000001,1.5,4.0,11.0,0,0,0,0,1,22,0,0,41,0
2001016,1.0,0.05,0.75,0.9314531250000011,0.9500000000000011,0.01854687500000001,-6,18.546875,3.609375,0.15625,0.0625,0.0,0.5843750000000005,0.5257812499999998,0.8791318591323706,0.05029795319167565,0.8227075982939142,0.05,-0.5999999999999999,1.55,3.0,11.0,0,0,0,0,1,52,0,4,7,0
2001017,1.0,0.05,0.75,-0.33260937499999804,-0.29999999999999805,0.032609375,-8,32.609375,5.421875,0.15625,0.03125,0.015625,0.587301587301588,0.6166666666666661,0.9916409035764551,0.05050166428652682,0.9915563655431255,0.05,-0.15000000000000013,-0.15000000000000013,3.0,9.0,1,0,0,1,0,11,0,0,50,1
2001018,0.0,0.05,0.75,2.6958906249999997,2.6999999999999997,0.004109375000000002,2,4.109375,1.609375,0.109375,0.140625,0.0,0.5937500000000007,0.4929687500000001,0.5349422917876955,0.05004227302137759,0.021838001751862113,0.05,-0.8500000000000001,3.55,3.0,13.0,0,0,7,0,0,53,0,2,2,0
2001019,0.0,0.05,0.75,3.7943281250000007,3.8000000000000007,0.005671875000000003,1,5.671875,2.109375,0.125,0.140625,0.0,0.5937500000000007,0.4625000000000003,0.45502282671871097,0.05010721599862561,0.006802125073739928,0.05000000000000001,-1.2,4.999999999999999,6.0,11.0,0,1,17,0,1,43,0,0,2,0
2001020,1.0,0.05,0.75,-0.5800781249999999,-0.5499999999999998,0.030078125000000015,-8,30.078125,5.078125,0.15625,0.03125,0.0,0.5968750000000007,0.5539062499999997,0.935728665428034,0.05006261148757002,0.9335057080618439,0.05,-0.5999999999999999,0.050000000000000044,3.0,9.0,0,0,0,0,0,41,0,1,22,0
2001021,1.0,0.05,0.75,2.1357656249999986,2.1499999999999986,0.014234375000000011,-6,14.234375,3.421875,0.1875,0.09375,0.0,0.5906250000000006,0.51875,0.5941541632414407,0.05207782129280911,0.4084557586768258,0.05,-1.1999999999999997,3.3499999999999996,6.0,12.0,0,0,0,1,0,55,0,1,7,0
2001022,0.0,0.05,0.75,4.3931249999999995,4.3999999999999995,0.006875000000000004,-2,6.875,2.1875,0.125,0.09375,0.0,0.5750000000000005,0.49296874999999996,0.5127307061435742,0.05001578929384368,0.12389662068241215,0.05,-0.4,4.8,2.0,12.0,0,0,6,2,2,51,0,2,1,0
2001023,1.0,0.05,0.75,0.22679687499999998,0.25,0.023203125000000012,-7,23.203125,4.359375,0.15625,0.046875,0.0,0.5968750000000007,0.5374999999999998,0.8869962080174186,0.05009943001515515,0.8724401402863035,0.05,-0.6499999999999999,0.9000000000000001,4.0,9.0,0,0,0,0,1,47,0,0,16,0
