episode,value,alpha,p,objective,profit,penalty,terminal_inventory,mean_q2,mean_abs_inventory,buy_rate,sell_rate,abstain_rate,mean_spread,mean_center,inferred_value,inferred_alpha,correct_value,correct_alpha,informed_profit,uninformed_profit,informed_exec,uninformed_exec,action_0,action_1,action_2,action_3,action_4,action_5,action_6,action_7,action_8,action_9
2000000,0.0,0.05,0.75,5.098968750000001,5.1000000000000005,0.0010312500000000007,-2,1.03125,0.78125,0.125,0.09375,0.125,0.5857142857142862,0.5187499999999999,0.6402119439902243,0.05049572462591281,0.23596912810740137,0.05,-0.6000000000000001,5.699999999999999,3.0,11.0,0,1,2,0,3,40,0,0,10,8
2000001,1.0,0.05,0.75,-1.5492187500000019,-1.5000000000000018,0.049218750000000026,-11,49.21875,6.09375,0.203125,0.03125,0.109375,0.571929824561404,0.5315789473684209,0.9686866479362435,0.058646854778852064,0.9662360793643073,0.05,-0.6500000000000001,-0.8499999999999999,3.0,12.0,1,2,0,0,4,35,0,0,15,7
2000002,0.0,0.05,0.75,2.9988906250000005,3.0000000000000004,0.0011093750000000006,1,1.109375,0.796875,0.09375,0.109375,0.109375,0.5824561403508778,0.4973684210526316,0.43021985318792466,0.050081184286461834,0.03967375719375208,0.05,-0.44999999999999996,3.4499999999999997,2.0,11.0,1,2,6,0,1,39,0,0,8,7
2000003,0.0,0.05,0.75,2.4990468749999994,2.4999999999999996,0.0009531250000000006,1,0.953125,0.765625,0.078125,0.09375,0.109375,0.5964912280701761,0.5105263157894737,0.39849625096477287,0.050020659717175606,0.06411582110713819,0.05,-0.4,2.9,2.0,9.0,0,0,2,0,1,48,0,0,6,7
2000004,1.0,0.05,0.75,-0.6357343749999996,-0.5999999999999996,0.03573437500000002,-9,35.734375,5.546875,0.1875,0.046875,0.0625,0.5833333333333338,0.5325,0.869186363835343,0.05081119894227416,0.8606941396605593,0.05,-0.75,0.15000000000000013,4.0,11.0,0,1,1,0,3,40,0,1,14,4
2000005,1.0,0.05,0.75,-0.3190781250000016,-0.3000000000000016,0.019078125000000015,-8,19.078125,3.734375,0.1875,0.0625,0.109375,0.5684210526315794,0.5315789473684209,0.8062331350106605,0.05221595478085713,0.7793206221746618,0.05,-0.55,0.2500000000000002,2.0,14.0,0,0,1,0,6,37,0,3,10,7
2000006,0.0,0.05,0.75,3.1442500000000004,3.1500000000000004,0.005750000000000004,0,5.75,2.21875,0.09375,0.09375,0.109375,0.5684210526315794,0.5,0.4951330138047946,0.05002682150524035,0.09186101003976287,0.05,-0.8,3.95,4.0,8.0,0,3,2,1,4,42,0,0,5,7
2000007,1.0,0.05,0.75,0.9988125,1.0,0.0011875000000000006,-2,1.1875,0.78125,0.078125,0.046875,0.140625,0.5890909090909096,0.5163636363636364,0.4485850118492694,0.05000215696579264,0.3313325668472775,0.05,0.0,1.0,0.0,8.0,0,0,2,0,3,42,0,0,8,9
2000008,0.0,0.05,0.75,4.196921874999999,4.199999999999999,0.0030781250000000023,-1,3.078125,1.578125,0.109375,0.09375,0.03125,0.5774193548387101,0.5145161290322581,0.2647504612999849,0.050013420645505687,0.07070969660934014,0.049999999999999996,-0.55,4.749999999999999,3.0,10.0,0,2,2,0,4,44,0,1,9,2
2000009,1.0,0.05,0.75,0.8211093750000032,0.8500000000000032,0.028890624999999996,-9,28.890625,4.265625,0.21875,0.078125,0.015625,0.5777777777777783,0.5285714285714284,0.9907427477426425,0.15068712142087837,0.9750586408481117,0.05,-1.4,2.25,6.0,13.0,0,3,1,1,2,40,0,0,16,1
2000010,0.0,0.05,0.75,2.9470468750000003,2.95,0.002953125000000001,2,2.953125,1.171875,0.09375,0.125,0.09375,0.5827586206896558,0.5206896551724136,0.39002613251375845,0.05023348827961753,0.026341778026147126,0.05000000000000001,-1.25,4.199999999999999,5.0,9.0,0,2,1,0,3,41,0,0,11,6
2000011,0.0,0.05,0.75,-0.67865625,-0.6499999999999999,0.02865625000000001,8,28.65625,4.9375,0.03125,0.15625,0.0625,0.5900000000000005,0.51,0.1623689339618674,0.05021626141652971,0.001924493541021902,0.05,-0.95,0.3,5.0,7.0,0,1,1,1,0,51,0,0,6,4
2000012,0.0,0.05,0.75,6.34165625,6.35,0.008343750000000006,-3,8.34375,2.75,0.140625,0.09375,0.046875,0.5803278688524595,0.5221311475409836,0.9508687956283038,0.05276076626818858,0.7014837684915304,0.05,-0.4,6.75,2.0,13.0,0,1,3,0,5,39,0,0,13,3
2000013,1.0,0.05,0.75,-0.3617968750000005,-0.35000000000000053,0.011796875000000009,-7,11.796875,2.921875,0.15625,0.046875,0.0625,0.5733333333333339,0.5149999999999999,0.6931257582027669,0.050065604757150814,0.6555178910821645,0.05,-0.5,0.15000000000000013,2.0,11.0,0,2,3,0,6,38,0,0,11,4
2000014,0.0,0.05,0.75,4.891546875,4.9,0.008453125000000006,-3,8.453125,2.453125,0.125,0.078125,0.109375,0.571929824561404,0.5263157894736841,0.5367723378206684,0.0500930959254877,0.31734042508601207,0.049999999999999996,-0.75,5.65,3.0,10.0,1,3,1,0,1,36,0,2,13,7
2000015,0.0,0.05,0.75,2.8955624999999996,2.8999999999999995,0.004437500000000003,1,4.4375,1.90625,0.09375,0.109375,0.0625,0.5633333333333338,0.5025000000000001,0.32350614085178664,0.05004507323519298,0.030151436116793506,0.05,-0.75,3.6499999999999995,4.0,9.0,1,4,0,0,5,44,0,0,6,4
2000016,1.0,0.05,0.75,1.9770937499999983,1.9999999999999982,0.022906250000000003,-7,22.90625,4.375,0.21875,0.109375,0.03125,0.5741935483870971,0.5193548387096775,0.5358452819692918,0.06516808687820866,0.33029447948609747,0.05,-0.8499999999999999,2.8500000000000005,4.0,17.0,0,4,2,0,3,39,0,1,13,2
2000017,1.0,0.05,0.75,-1.0516562499999964,-0.9999999999999964,0.05165625000000002,-13,51.65625,5.90625,0.25,0.046875,0.0625,0.5866666666666673,0.5299999999999999,0.9801642570100407,0.13483199852561067,0.9690108696662231,0.05,-0.44999999999999996,-0.5499999999999996,3.0,16.0,0,2,4,0,1,35,0,1,17,4
2000018,0.0,0.05,0.75,8.534421875000001,8.55,0.015578125000000012,-6,15.578125,3.703125,0.203125,0.109375,0.109375,0.5929824561403515,0.5394736842105261,0.3525469212095538,0.06619333481436604,0.19324067519841126,0.05,-0.45,9.000000000000002,3.0,17.0,0,0,3,0,2,34,0,0,18,7
2000019,0.0,0.05,0.75,2.345890625,2.35,0.004109375000000003,3,4.109375,1.859375,0.09375,0.140625,0.125,0.5785714285714291,0.5133928571428571,0.5710956985110338,0.05040580489170767,0.023078296091259436,0.05,-1.55,3.8999999999999995,6.0,9.0,0,2,2,1,0,42,0,2,7,8
2000020,1.0,0.05,0.75,1.243249999999999,1.2499999999999991,0.006750000000000003,-4,6.75,2.03125,0.125,0.0625,0.109375,0.5824561403508777,0.5184210526315789,0.6196577238195634,0.05008431223635129,0.4686973856742497,0.05,-1.0999999999999999,2.35,5.0,7.0,0,2,1,0,3,41,0,0,10,7
2000021,1.0,0.05,0.75,-1.6216875000000006,-1.6000000000000005,0.021687500000000012,-8,21.6875,4.0625,0.140625,0.015625,0.09375,0.5724137931034485,0.5232758620689654,0.8276571885874618,0.05002421998373385,0.8224002814956003,0.05,0.0,-1.5999999999999999,0.0,10.0,0,3,3,0,4,33,0,1,14,6
2000022,1.0,0.05,0.75,1.5165000000000006,1.5500000000000007,0.0335,-7,33.5,5.25,0.1875,0.078125,0.109375,0.5859649122807022,0.5342105263157894,0.9442906107333472,0.09854364893609519,0.8866734340182627,0.05,-0.30000000000000004,1.85,3.0,14.0,0,0,3,0,3,35,0,1,15,7
2000023,0.0,0.05,0.75,5.095749999999999,5.099999999999999,0.004250000000000002,-3,4.25,1.53125,0.125,0.078125,0.140625,0.5818181818181822,0.519090909090909,0.4755245807225766,0.0501635868419594,0.2574211794418904,0.05,0.0,5.099999999999999,0.0,13.0,0,3,2,0,1,37,0,1,11,9
2000024,0.0,0.05,0.75,5.945109374999999,5.949999999999998,0.0048906250000000035,-5,4.890625,1.796875,0.140625,0.0625,0.09375,0.5896551724137936,0.5206896551724137,0.6016569603659757,0.05010753737708689,0.5077129711812826,0.05,-0.2,6.149999999999999,1.0,12.0,1,1,1,0,0,44,0,0,11,6
2000025,0.0,0.05,0.75,6.047312499999999,6.05,0.0026875000000000015,-3,2.6875,1.40625,0.171875,0.125,0.0625,0.5766666666666672,0.525,0.7707358897408696,0.05600692655636528,0.29371413697420234,0.05,-1.35,7.3999999999999995,4.0,15.0,1,1,2,0,2,40,0,2,12,4
2000026,0.0,0.05,0.75,4.596187499999999,4.6,0.0038125000000000025,-3,3.8125,1.625,0.109375,0.0625,0.078125,0.579661016949153,0.5152542372881355,0.6902342985457451,0.05002799622050061,0.46804969171005123,0.05000000000000002,-0.95,5.55,4.0,7.0,0,2,1,0,3,44,0,1,8,5
2000027,0.0,0.05,0.75,8.96259375,9.0,0.037406250000000016,-10,37.40625,5.28125,0.1875,0.03125,0.078125,0.5830508474576276,0.5305084745762711,0.9216307315652752,0.0515304762644254,0.9176970063134163,0.05,-0.2,9.2,1.0,13.0,0,1,0,0,3,42,0,1,12,5
2000028,0.0,0.05,0.75,7.418421874999999,7.449999999999999,0.03157812500000001,-8,31.578125,5.140625,0.15625,0.03125,0.15625,0.5851851851851857,0.5277777777777778,0.8215868640853592,0.050640558470486825,0.8101955386384686,0.05,-0.2,7.649999999999999,1.0,11.0,1,1,2,0,1,35,0,0,14,10
2000029,0.0,0.05,0.75,4.496921874999999,4.499999999999999,0.003078125000000002,-2,3.078125,1.578125,0.109375,0.078125,0.140625,0.5927272727272733,0.5218181818181817,0.44483431031838566,0.05006831195842615,0.2136821784100904,0.05,-0.4,4.8999999999999995,2.0,10.0,0,0,0,0,2,45,0,0,8,9
2000030,1.0,0.05,0.75,0.242421875,0.25,0.007578125000000005,-4,7.578125,2.234375,0.09375,0.03125,0.078125,0.5762711864406783,0.5050847457627119,0.925768885129173,0.05001608618237128,0.8695487588948865,0.05,-0.30000000000000004,0.5499999999999998,3.0,5.0,0,1,3,0,6,43,0,0,6,5
2000031,0.0,0.05,0.75,4.196859374999998,4.199999999999998,0.003140625000000002,-2,3.140625,1.515625,0.125,0.09375,0.109375,0.571929824561404,0.5236842105263158,0.36440245756699724,0.050057119651947625,0.15091780646289743,0.05,-1.05,5.249999999999999,4.0,10.0,0,3,0,0,4,38,0,1,11,7
2000032,1.0,0.05,0.75,-0.6203125000000006,-0.6000000000000005,0.020312500000000015,-8,20.3125,3.9375,0.15625,0.03125,0.15625,0.5814814814814819,0.5388888888888888,0.9188255146646597,0.0511608087313429,0.9135077514530692,0.05000000000000001,0.0,-0.5999999999999999,0.0,12.0,0,1,1,1,2,33,0,0,16,10
2000033,0.0,0.05,0.75,4.299328125,4.3,0.0006718750000000004,1,0.671875,0.609375,0.140625,0.15625,0.046875,0.5672131147540989,0.5196721311475409,0.3196253840866458,0.052061103188647075,0.015273888494311253,0.05,-2.0,6.3,9.0,10.0,0,3,1,1,3,41,0,2,10,3
2000034,1.0,0.05,0.75,-1.021500000000001,-1.0000000000000009,0.021500000000000005,-7,21.5,4.15625,0.125,0.015625,0.1875,0.5923076923076929,0.546153846153846,0.8293426020204967,0.050100097229438895,0.8245954327309669,0.05,-0.5999999999999999,-0.3999999999999998,3.0,6.0,0,0,0,1,0,35,0,0,16,12
2000035,1.0,0.05,0.75,1.993890625,2.0,0.006109375000000004,-3,6.109375,2.234375,0.140625,0.09375,0.109375,0.5754385964912285,0.5236842105263158,0.5283131043971159,0.05025017921980099,0.2664124016721199,0.05,-0.19999999999999996,2.2,1.0,14.0,0,2,1,0,5,37,0,0,12,7
2000036,1.0,0.05,0.75,-0.9398593750000004,-0.9000000000000004,0.03985937499999999,-9,39.859375,5.828125,0.15625,0.015625,0.140625,0.6000000000000006,0.5381818181818181,0.970458956967782,0.051888142653886714,0.9689546833880058,0.049999999999999996,-0.7,-0.19999999999999973,5.0,6.0,0,0,1,0,0,39,0,0,15,9
2000037,0.0,0.05,0.75,7.934265625000001,7.950000000000001,0.01573437500000001,-6,15.734375,3.609375,0.203125,0.109375,0.03125,0.5741935483870972,0.521774193548387,0.6579433236393255,0.059584439751413316,0.39826223575450753,0.05,-1.1,9.05,4.0,16.0,1,3,3,0,1,38,0,2,14,2
2000038,1.0,0.05,0.75,2.5357343749999988,2.549999999999999,0.014265625000000011,-4,14.265625,3.453125,0.171875,0.109375,0.046875,0.5836065573770498,0.5172131147540984,0.5060650551658684,0.05108347081604474,0.22005329814580943,0.05,-0.44999999999999996,3.0,3.0,15.0,1,3,1,0,0,44,0,0,12,3
2000039,1.0,0.05,0.75,-2.428671874999998,-2.349999999999998,0.078671875,-14,78.671875,7.484375,0.234375,0.015625,0.125,0.5821428571428576,0.5455357142857141,0.9796332489878653,0.09329380055723463,0.9752573924732206,0.05000000000000001,-0.95,-1.3999999999999995,4.0,12.0,0,0,1,0,2,35,1,1,16,8
2000040,1.0,0.05,0.75,2.597812499999999,2.5999999999999988,0.0021875000000000015,-3,2.1875,1.25,0.140625,0.09375,0.09375,0.5724137931034489,0.5103448275862068,0.36259782393971435,0.05018422657457059,0.13218235160331537,0.05,-0.19999999999999996,2.8,1.0,14.0,2,2,2,0,2,40,0,0,10,6
2000041,0.0,0.05,0.75,3.3993593749999995,3.3999999999999995,0.0006406250000000004,1,0.640625,0.546875,0.09375,0.109375,0.09375,0.5758620689655178,0.5155172413793102,0.36282092033297114,0.05009946193664285,0.03807664237227102,0.049999999999999996,-0.8,4.199999999999999,4.0,9.0,0,3,1,0,2,42,0,2,8,6
2000042,1.0,0.05,0.75,0.38276562500000033,0.40000000000000036,0.017234375000000003,-8,17.234375,2.953125,0.1875,0.0625,0.078125,0.5796610169491531,0.530508474576271,0.8591567252915127,0.053764059766308894,0.8315313599405186,0.05000000000000001,-0.25,0.6500000000000001,2.0,14.0,0,0,3,1,3,37,0,1,14,5
2000043,0.0,0.05,0.75,5.686765625,5.699999999999999,0.01323437500000001,0,13.234375,3.265625,0.15625,0.15625,0.03125,0.5935483870967748,0.5193548387096772,0.33482335579876543,0.05317161945524341,0.01706488154441642,0.049999999999999996,-1.0,6.699999999999999,5.0,15.0,0,2,3,0,0,44,0,0,13,2
2000044,1.0,0.05,0.75,3.2980156249999997,3.3,0.001984375000000001,1,1.984375,1.140625,0.09375,0.109375,0.09375,0.5655172413793107,0.5155172413793102,0.4734759483418235,0.05002817185318723,0.07549956353419153,0.049999999999999996,-0.7999999999999999,4.1,3.0,10.0,0,2,1,1,4,41,0,2,7,6
2000045,0.0,0.05,0.75,5.547468749999999,5.549999999999999,0.0025312500000000014,-2,2.53125,1.40625,0.171875,0.140625,0.0625,0.5833333333333339,0.5175000000000001,0.3377910126750294,0.05138368853492395,0.05431644392137385,0.05000000000000001,-0.55,6.099999999999999,2.0,18.0,1,1,4,0,2,39,0,0,13,4
2000046,1.0,0.05,0.75,-1.3204375,-1.2999999999999998,0.020437500000000008,-7,20.4375,3.90625,0.125,0.015625,0.125,0.5714285714285718,0.5133928571428571,0.800640186257607,0.05002097495326275,0.7895974095274421,0.05,-1.7,0.40000000000000013,6.0,3.0,1,2,1,0,3,40,0,1,8,8
2000047,0.0,0.05,0.75,3.998546875,4.0,0.001453125000000001,-2,1.453125,1.046875,0.109375,0.078125,0.078125,0.5728813559322037,0.5203389830508474,0.6555147412480998,0.0500293722617967,0.3751358063489455,0.049999999999999996,-0.7,4.699999999999999,2.0,10.0,0,1,1,1,5,41,0,0,10,5
2000048,1.0,0.05,0.75,0.18289062499999928,0.1999999999999993,0.01710937500000001,-6,17.109375,3.671875,0.140625,0.046875,0.09375,0.5896551724137936,0.5284482758620689,0.7609688710597629,0.050105911719207655,0.7221635623632927,0.05,-0.8999999999999999,1.1,4.0,8.0,0,0,0,0,3,44,0,0,11,6
2000049,1.0,0.05,0.75,-2.019296875000001,-2.000000000000001,0.019296875000000015,-8,19.296875,3.546875,0.125,0.0,0.125,0.578571428571429,0.5187499999999998,0.8962678886808687,0.05002292334909411,0.893992037418867,0.049999999999999996,-0.5999999999999999,-1.4,3.0,5.0,0,1,3,0,3,38,0,2,9,8
2000050,0.0,0.05,0.75,4.149515625,4.15,0.0004843750000000002,-2,0.484375,0.421875,0.109375,0.078125,0.125,0.5714285714285718,0.513392857142857,0.34683480441485565,0.050028695337490596,0.14659458524166707,0.05,-0.2,4.3500000000000005,1.0,11.0,1,2,1,0,2,41,0,2,7,8
2000051,0.0,0.05,0.75,0.78190625,0.8,0.018093750000000002,5,18.09375,3.875,0.046875,0.125,0.046875,0.5934426229508203,0.49999999999999994,0.31033414311004004,0.05003390021790807,0.00776203150999777,0.05,-0.8,1.6,4.0,7.0,0,1,3,0,1,52,0,0,4,3
2000052,0.0,0.05,0.75,9.518562500000002,9.55,0.03143750000000001,-8,31.4375,5.25,0.21875,0.09375,0.015625,0.5841269841269846,0.5357142857142856,0.7387073953749275,0.06290504617888551,0.6595400199968738,0.05000000000000001,-0.4,9.950000000000001,2.0,18.0,0,2,0,0,3,41,0,0,17,1
2000053,0.0,0.05,0.75,2.0363906249999997,2.05,0.013609375000000009,3,13.609375,3.453125,0.078125,0.125,0.09375,0.5793103448275867,0.5103448275862068,0.2303085225501689,0.05025950500746189,0.007723221839846646,0.05,-1.35,3.4,6.0,7.0,0,1,4,0,1,43,1,2,6,6
2000054,1.0,0.05,0.75,-0.11707812499999964,-0.09999999999999964,0.017078125000000003,-5,17.078125,3.453125,0.109375,0.03125,0.0625,0.5766666666666672,0.5149999999999999,0.7164869652065082,0.05000483444705795,0.6715897111909876,0.05,-0.5999999999999999,0.5000000000000001,3.0,6.0,1,0,1,1,2,47,0,1,7,4
2000055,0.0,0.05,0.75,4.797703125000001,4.800000000000001,0.002296875000000001,-3,2.296875,1.234375,0.109375,0.0625,0.125,0.5928571428571434,0.5187499999999999,0.6165787181380342,0.05005831219777081,0.42237018515227776,0.049999999999999996,-0.4,5.2,2.0,9.0,0,0,3,0,2,41,0,0,10,8
2000056,1.0,0.05,0.75,4.196546874999999,4.199999999999999,0.0034531250000000018,0,3.453125,1.546875,0.125,0.125,0.109375,0.5684210526315793,0.5078947368421052,0.5530347282708253,0.050480841841062475,0.0549795618026902,0.049999999999999996,-0.3999999999999999,4.6,2.0,14.0,0,4,1,0,5,39,0,0,8,7
2000057,1.0,0.05,0.75,0.2415624999999991,0.2499999999999991,0.008437500000000004,-6,8.4375,2.3125,0.140625,0.046875,0.03125,0.583870967741936,0.5048387096774194,0.7660148635513868,0.050048391559485,0.692944987775676,0.05,-0.8499999999999999,1.1,3.0,9.0,0,3,4,0,2,44,0,0,9,2
2000058,0.0,0.05,0.75,4.046546874999999,4.049999999999999,0.0034531250000000026,-1,3.453125,1.515625,0.125,0.109375,0.078125,0.5830508474576277,0.5076271186440678,0.3859285533664176,0.05008431670955625,0.07254978145056654,0.049999999999999996,-0.95,4.999999999999999,4.0,11.0,1,3,4,0,0,40,0,0,11,5
2000059,1.0,0.05,0.75,0.021984374999998925,0.049999999999998934,0.02801562500000001,-9,28.015625,4.984375,0.1875,0.046875,0.0625,0.5800000000000005,0.5299999999999998,0.9029391401116016,0.05288743773248735,0.8926624516941306,0.049999999999999996,-0.7999999999999998,0.8500000000000003,4.0,11.0,0,2,0,0,2,42,0,2,12,4
2000060,0.0,0.05,0.75,2.3974687499999994,2.3999999999999995,0.0025312500000000014,2,2.53125,1.34375,0.078125,0.109375,0.0625,0.5866666666666673,0.5125,0.22811278450909622,0.05005912902717911,0.019909079874683773,0.05,-0.4,2.799999999999999,2.0,10.0,0,1,2,0,3,46,0,0,8,4
2000061,1.0,0.05,0.75,-0.5629843750000008,-0.5500000000000007,0.01298437500000001,-8,12.984375,3.015625,0.15625,0.03125,0.140625,0.574545454545455,0.5354545454545453,0.8867400325576016,0.050739934537267266,0.8789060971548843,0.05000000000000001,-0.5499999999999998,2.220446049250313e-16,3.0,9.0,0,2,0,1,2,35,0,1,14,9
2000062,1.0,0.05,0.75,2.991046875,3.0,0.008953125000000006,-4,8.953125,2.796875,0.171875,0.109375,0.109375,0.5894736842105268,0.5394736842105262,0.6786047134239053,0.060638382764491905,0.378620373673244,0.05,-0.19999999999999996,3.2,1.0,17.0,0,0,0,0,3,39,0,0,15,7
2000063,1.0,0.05,0.75,-0.524859375,-0.5,0.024859375000000006,-9,24.859375,3.890625,0.1875,0.046875,0.078125,0.5762711864406785,0.5177966101694915,0.8282302056198372,0.05132901990955715,0.8105313277020565,0.049999999999999996,-0.5999999999999999,0.10000000000000031,3.0,12.0,0,2,3,0,4,38,0,1,11,5
2000064,0.0,0.05,0.75,4.846859374999999,4.85,0.003140625000000002,0,3.140625,1.515625,0.15625,0.15625,0.0625,0.5733333333333339,0.5224999999999999,0.25659006020951375,0.05355460175630407,0.018124058711858734,0.05,-1.1500000000000001,6.0,5.0,15.0,0,4,2,0,2,37,0,2,13,4
2000065,1.0,0.05,0.75,1.1185156250000021,1.1500000000000021,0.031484375,-8,31.484375,4.765625,0.21875,0.09375,0.046875,0.5737704918032793,0.531967213114754,0.8569840967720568,0.08663794962291987,0.7585019955538699,0.05000000000000001,-0.8499999999999999,1.9999999999999998,5.0,15.0,0,1,0,1,4,41,0,1,13,3
2000066,1.0,0.05,0.75,0.18167187500000018,0.20000000000000018,0.01832812500000001,-6,18.328125,4.046875,0.140625,0.046875,0.15625,0.5851851851851856,0.5333333333333332,0.7581661559281361,0.05033264163959532,0.7221635623632928,0.05,0.0,0.20000000000000018,0.0,12.0,0,0,1,0,3,37,0,1,12,10
2000067,0.0,0.05,0.75,4.39871875,4.3999999999999995,0.0012812500000000007,1,1.28125,0.8125,0.140625,0.15625,0.09375,0.5724137931034486,0.5103448275862069,0.26439436232628977,0.0575828962157005,0.009532985520153803,0.049999999999999996,-1.4,5.799999999999999,6.0,13.0,2,2,3,0,1,39,0,1,10,6
2000068,0.0,0.05,0.75,5.198546874999999,5.199999999999999,0.001453125000000001,-2,1.453125,0.984375,0.125,0.09375,0.046875,0.5836065573770497,0.5147540983606557,0.6917161592165058,0.05015139460314514,0.2526841489410712,0.05,-0.6000000000000001,5.8,3.0,11.0,1,1,2,0,1,46,0,1,9,3
2000069,1.0,0.05,0.75,-0.8928124999999997,-0.8499999999999996,0.04281250000000001,-9,42.8125,6.03125,0.171875,0.03125,0.078125,0.5932203389830515,0.5381355932203388,0.948338589357527,0.05083261108619419,0.9454232914450627,0.05000000000000001,-0.8499999999999999,0.0,5.0,8.0,0,0,0,0,1,43,0,1,14,5
2000070,0.0,0.05,0.75,3.8982656249999996,3.8999999999999995,0.001734375000000001,0,1.734375,0.953125,0.125,0.125,0.125,0.5821428571428576,0.5160714285714285,0.22578867503964503,0.050930687837297435,0.027484193408411673,0.05,-1.5499999999999998,5.449999999999999,7.0,9.0,0,3,0,0,2,42,0,0,9,8
2000071,1.0,0.05,0.75,0.8409843749999997,0.8499999999999996,0.009015625000000006,-6,9.015625,2.703125,0.171875,0.078125,0.078125,0.5525423728813563,0.5228813559322033,0.7485942402493562,0.05142621367910295,0.6402448422401956,0.049999999999999996,-0.19999999999999996,1.0500000000000005,1.0,15.0,1,3,0,1,4,37,0,3,10,5
2000072,0.0,0.05,0.75,4.792796875,4.8,0.007203125000000003,0,7.203125,2.046875,0.140625,0.140625,0.046875,0.5737704918032791,0.512295081967213,0.47327199277148424,0.050609700816962845,0.03929447753882814,0.05,-0.8999999999999999,5.7,4.0,14.0,0,1,3,0,6,42,0,1,8,3
2000073,0.0,0.05,0.75,3.0982656250000007,3.1000000000000005,0.001734375000000001,0,1.734375,1.078125,0.09375,0.09375,0.109375,0.5719298245614041,0.5078947368421052,0.44835527806298536,0.050026940676880426,0.08861103331208486,0.05,-0.8500000000000001,3.95,3.0,9.0,0,3,1,1,2,43,0,1,6,7
2000074,1.0,0.05,0.75,-1.2430781250000003,-1.2000000000000002,0.043078125,-9,43.078125,5.921875,0.15625,0.015625,0.0625,0.5966666666666673,0.52,0.8505962594744702,0.050119093815650474,0.8451433262517956,0.05,-0.6499999999999999,-0.55,4.0,7.0,0,0,4,0,1,43,0,0,12,4
2000075,0.0,0.05,0.75,4.299156249999999,4.299999999999999,0.0008437500000000005,-1,0.84375,0.65625,0.125,0.109375,0.09375,0.5862068965517248,0.5181034482758621,0.6491839978563776,0.050233759045440814,0.17065933659129243,0.05000000000000001,-1.3,5.599999999999999,5.0,10.0,0,2,3,0,1,40,0,1,11,6
2000076,1.0,0.05,0.75,-0.6119843750000015,-0.6000000000000014,0.011984375000000007,-7,11.984375,2.734375,0.15625,0.046875,0.0625,0.5766666666666673,0.5175,0.7365671832084663,0.050055857154798586,0.7090025575929124,0.05000000000000001,-0.75,0.15000000000000013,3.0,10.0,0,1,4,1,3,39,0,1,11,4
2000077,0.0,0.05,0.75,3.1493750000000005,3.1500000000000004,0.0006250000000000003,1,0.625,0.5625,0.09375,0.109375,0.078125,0.5830508474576277,0.5076271186440676,0.5295792023522473,0.05003834139713939,0.05766604741559143,0.05,-0.2,3.3500000000000005,1.0,12.0,0,1,2,0,4,46,0,0,6,5
2000078,1.0,0.05,0.75,2.2960468749999983,2.299999999999998,0.003953125000000002,-5,3.953125,1.609375,0.1875,0.109375,0.078125,0.5728813559322039,0.5279661016949151,0.7788707610834079,0.06717156842578322,0.4962109922781834,0.05000000000000002,-0.5,2.799999999999999,2.0,17.0,0,2,1,0,3,39,0,3,11,5
2000079,1.0,0.05,0.75,-0.07093750000000161,-0.0500000000000016,0.020937500000000008,-7,20.9375,4.28125,0.140625,0.03125,0.09375,0.5896551724137936,0.5232758620689654,0.921091598824773,0.05029147943496437,0.9091151205443075,0.05,-0.5,0.4500000000000002,4.0,7.0,0,0,2,0,2,43,0,1,10,6
2000080,1.0,0.05,0.75,2.345671875,2.3499999999999996,0.004328125000000002,-5,4.328125,1.703125,0.171875,0.09375,0.109375,0.578947368421053,0.5289473684210525,0.4326447311737023,0.05244663121538887,0.26616816340905847,0.049999999999999996,-0.7,3.0500000000000003,3.0,14.0,0,1,1,0,3,39,0,2,11,7
2000081,0.0,0.05,0.75,4.249375,4.25,0.0006250000000000003,-2,0.625,0.46875,0.109375,0.078125,0.078125,0.5830508474576277,0.5101694915254238,0.4209647135868842,0.05001475567581837,0.18072461696174166,0.05000000000000001,-0.3,4.55,1.0,11.0,0,1,3,0,2,45,0,2,6,5
2000082,0.0,0.05,0.75,6.3969218749999985,6.399999999999999,0.003078125000000002,-4,3.078125,1.296875,0.1875,0.125,0.046875,0.5803278688524595,0.519672131147541,0.44848375611337127,0.051805316029420644,0.16292892906769088,0.05,-0.2,6.6,1.0,19.0,1,2,3,0,0,41,0,2,12,3
2000083,0.0,0.05,0.75,5.246124999999999,5.249999999999999,0.0038750000000000017,-2,3.875,1.53125,0.140625,0.109375,0.109375,0.5789473684210532,0.513157894736842,0.24998808735986558,0.05033628789956362,0.06186514163927811,0.049999999999999996,-1.0,6.249999999999998,5.0,11.0,0,3,3,0,2,38,0,1,10,7
2000084,1.0,0.05,0.75,-0.16695312500000126,-0.15000000000000124,0.01695312500000001,-6,16.953125,3.453125,0.140625,0.046875,0.109375,0.571929824561404,0.513157894736842,0.6427581036280181,0.05006044269251904,0.5848290664608071,0.05,-0.5,0.3500000000000001,2.0,10.0,1,2,4,0,4,34,0,0,12,7
2000085,1.0,0.05,0.75,-0.3296562500000007,-0.3000000000000007,0.029656250000000016,-12,29.65625,4.21875,0.25,0.0625,0.046875,0.5868852459016399,0.544262295081967,0.9796698627271201,0.1475840538463649,0.9648587930193817,0.05,-0.44999999999999996,0.15000000000000013,3.0,17.0,0,0,0,0,4,39,0,0,18,3
2000086,1.0,0.05,0.75,0.21273437500000178,0.2500000000000018,0.037265625000000004,-10,37.265625,5.109375,0.234375,0.078125,0.046875,0.5737704918032793,0.531967213114754,0.7325554532852419,0.0635102956949989,0.6957991730570062,0.05,-0.3999999999999999,0.6500000000000006,2.0,18.0,1,2,1,0,1,39,0,3,14,3
2000087,1.0,0.05,0.75,-0.2657031250000009,-0.2500000000000009,0.01570312500000001,-8,15.703125,3.171875,0.15625,0.03125,0.125,0.5750000000000004,0.5267857142857143,0.938008979821869,0.05156257545991091,0.9294152596443516,0.05,-0.8,0.5500000000000003,4.0,8.0,0,1,2,0,3,37,1,1,11,8
2000088,0.0,0.05,0.75,2.8986406250000005,2.9000000000000004,0.0013593750000000008,1,1.359375,1.015625,0.09375,0.109375,0.1875,0.5807692307692311,0.5028846153846155,0.11623922972765295,0.05120251535567159,0.010045063311963972,0.05,-0.45,3.3499999999999996,3.0,10.0,0,3,5,0,2,33,0,0,9,12
2000089,0.0,0.05,0.75,0.34474999999999983,0.3499999999999998,0.005250000000000004,5,5.25,1.9375,0.046875,0.125,0.140625,0.5527272727272731,0.48909090909090913,0.37754364558937953,0.050061863879744074,0.012166438501701144,0.05000000000000001,-1.0,1.3499999999999999,5.0,6.0,1,3,4,2,4,37,0,0,4,9
2000090,1.0,0.05,0.75,-0.8600312500000006,-0.8500000000000005,0.010031250000000007,-6,10.03125,2.59375,0.109375,0.015625,0.125,0.5821428571428575,0.5080357142857141,0.9127082940546353,0.050035804141925405,0.8984071520671061,0.05,0.0,-0.8499999999999999,0.0,8.0,0,1,4,0,2,41,0,2,6,8
2000091,0.0,0.05,0.75,1.8901562500000002,1.9000000000000001,0.009843750000000007,4,9.84375,2.90625,0.078125,0.140625,0.125,0.5892857142857147,0.5107142857142858,0.6237585988946999,0.050413428303740834,0.01774384476080407,0.05000000000000001,-1.2,3.1,6.0,8.0,0,1,3,0,2,42,0,0,8,8
2000092,0.0,0.05,0.75,1.980625,2.0,0.019375000000000007,7,19.375,3.84375,0.109375,0.21875,0.0625,0.5866666666666673,0.5125,0.5124935180632316,0.07677046693078315,0.0012354261345507377,0.05,-2.0,4.0,8.0,13.0,0,2,2,0,1,46,0,1,8,4
2000093,0.0,0.05,0.75,2.2484218749999996,2.2499999999999996,0.001578125000000001,0,1.578125,1.015625,0.0625,0.0625,0.109375,0.5824561403508778,0.5105263157894737,0.5011636559315139,0.05000172436921805,0.19383292674056354,0.05,-0.55,2.8,2.0,6.0,0,1,1,0,4,45,0,0,6,7
2000094,0.0,0.05,0.75,5.79765625,5.8,0.002343750000000001,-4,2.34375,1.1875,0.140625,0.078125,0.15625,0.5851851851851857,0.5277777777777777,0.6997799311293027,0.051357753228038136,0.5069678524085129,0.05,-0.75,6.55,3.0,11.0,1,1,0,0,0,40,0,1,11,10
2000095,0.0,0.05,0.75,4.598609375,4.6,0.001390625000000001,-1,1.390625,0.953125,0.140625,0.125,0.0625,0.5766666666666672,0.5125,0.35871794225792714,0.05032026226439318,0.05290337576118694,0.05,-0.8,5.3999999999999995,4.0,13.0,1,3,3,0,2,39,0,0,12,4
2000096,0.0,0.05,0.75,5.693734374999999,5.699999999999999,0.006265625000000005,-4,6.265625,2.265625,0.140625,0.078125,0.0625,0.5733333333333338,0.5125,0.5888075531569323,0.05011934810929449,0.36275317457468575,0.05,-0.8999999999999999,6.599999999999999,4.0,10.0,0,2,3,1,4,40,0,0,10,4
2000097,0.0,0.05,0.75,4.286515624999999,4.299999999999999,0.013484375000000007,1,13.484375,3.171875,0.125,0.140625,0.09375,0.5827586206896558,0.5155172413793103,0.07281842916566368,0.05553390038453593,0.003990476721257572,0.05,-1.2,5.499999999999999,7.0,10.0,0,3,3,0,1,39,0,1,11,6
2000098,0.0,0.05,0.75,4.04696875,4.05,0.003031250000000002,-3,3.03125,1.21875,0.09375,0.046875,0.125,0.5964285714285721,0.5214285714285714,0.5958466319196217,0.050009571412777114,0.4738579980625375,0.05,-0.4,4.45,2.0,7.0,0,1,0,0,0,46,0,0,9,8
2000099,0.0,0.05,0.75,4.291437500000001,4.300000000000001,0.008562500000000006,-2,8.5625,2.71875,0.109375,0.078125,0.109375,0.5859649122807022,0.5263157894736842,0.6062923086530757,0.05005496104235456,0.3285568900647162,0.05000000000000002,-1.05,5.3500000000000005,4.0,8.0,0,1,0,1,1,43,0,0,11,7
2000100,1.0,0.05,0.75,2.997749999999999,2.999999999999999,0.0022500000000000016,-2,2.25,1.25,0.15625,0.125,0.09375,0.5896551724137937,0.5258620689655171,0.5777198994112918,0.0512476349074378,0.15795661667341004,0.05,-0.3999999999999999,3.399999999999999,2.0,16.0,0,1,2,0,2,40,0,0,13,6
2000101,1.0,0.05,0.75,-0.07210937500000072,-0.05000000000000071,0.022109375000000007,-6,22.109375,4.234375,0.140625,0.046875,0.0625,0.566666666666667,0.5175,0.6420828386882889,0.050023553765528306,0.5939816120560728,0.05,-0.5,0.44999999999999996,2.0,10.0,0,2,2,1,6,38,0,0,11,4
2000102,1.0,0.05,0.75,-2.3360625000000006,-2.3000000000000007,0.036062500000000004,-11,36.0625,5.0625,0.1875,0.015625,0.078125,0.5694915254237292,0.5254237288135593,0.9425649336331077,0.05055532732397222,0.941382575888215,0.049999999999999996,-0.5,-1.7999999999999998,2.0,11.0,1,2,0,0,4,39,0,1,12,5
2000103,1.0,0.05,0.75,0.2844531249999998,0.2999999999999998,0.01554687500000001,-4,15.546875,3.265625,0.09375,0.03125,0.03125,0.583870967741936,0.5072580645161291,0.6527250293286793,0.05000117992655745,0.5684966173195909,0.05,-0.19999999999999996,0.5000000000000002,1.0,7.0,0,2,1,0,3,50,0,0,6,2
2000104,1.0,0.05,0.75,1.483609374999999,1.4999999999999991,0.01639062500000001,-5,16.390625,3.765625,0.15625,0.078125,0.046875,0.5803278688524595,0.5172131147540984,0.5089823687939669,0.05016193153893758,0.3574871630349593,0.05,-0.5,2.0,2.0,13.0,0,2,2,0,3,43,0,1,10,3
2000105,1.0,0.05,0.75,-1.1407499999999997,-1.0999999999999996,0.04075000000000002,-12,40.75,5.65625,0.21875,0.03125,0.015625,0.5777777777777783,0.5309523809523807,0.9783692871699359,0.058421702737731514,0.9768772647529613,0.05,-0.5,-0.5999999999999996,4.0,12.0,0,2,1,0,5,39,0,0,16,1
2000106,1.0,0.05,0.75,0.6367500000000004,0.6500000000000004,0.013250000000000008,-6,13.25,3.28125,0.15625,0.0625,0.078125,0.5864406779661022,0.5254237288135593,0.7587337586326772,0.05041294223133958,0.6867632197871201,0.05,-0.3999999999999999,1.05,2.0,12.0,0,0,2,0,4,41,0,0,12,5
2000107,0.0,0.05,0.75,2.094453125,2.0999999999999996,0.005546875000000004,1,5.546875,2.171875,0.0625,0.078125,0.109375,0.5684210526315793,0.5,0.4399356492801682,0.05000476721961913,0.0770474544885075,0.049999999999999996,-0.6000000000000001,2.7,3.0,6.0,1,3,2,0,3,42,0,1,5,7
2000108,1.0,0.05,0.75,0.1823124999999993,0.1999999999999993,0.017687500000000005,-9,17.6875,3.6875,0.203125,0.0625,0.09375,0.5793103448275866,0.5387931034482757,0.8575710667250505,0.05836873596296247,0.8401520017626499,0.05000000000000001,-0.3999999999999999,0.6000000000000001,2.0,15.0,0,1,1,1,1,37,0,2,15,6
2000109,1.0,0.05,0.75,0.995390625,1.0,0.004609375000000003,-4,4.609375,1.859375,0.125,0.0625,0.0625,0.5933333333333339,0.5299999999999999,0.8232920833499177,0.05006213723453955,0.7271918655014441,0.049999999999999996,-0.44999999999999996,1.4499999999999997,3.0,9.0,0,0,2,0,1,43,0,1,13,4
2000110,1.0,0.05,0.75,2.998328125,3.0,0.001671875000000001,-2,1.671875,1.046875,0.140625,0.109375,0.0625,0.5766666666666672,0.5274999999999999,0.5901612913811454,0.05030793016050146,0.20787888331924712,0.05,-0.3999999999999999,3.3999999999999995,2.0,14.0,0,0,1,0,5,42,0,2,10,4
2000111,0.0,0.05,0.75,7.130546875,7.15,0.019453125000000016,-6,19.453125,4.015625,0.171875,0.078125,0.0625,0.5733333333333338,0.5249999999999999,0.857974557008808,0.05258802740683651,0.7662159816489296,0.049999999999999996,-1.1,8.25,4.0,12.0,1,0,1,1,4,41,0,0,12,4
2000112,1.0,0.05,0.75,0.6453125000000004,0.6500000000000004,0.004687500000000003,-5,4.6875,1.5625,0.125,0.046875,0.109375,0.5859649122807022,0.5184210526315789,0.6038981889785335,0.05004080920868156,0.5326161825019778,0.05000000000000001,-0.19999999999999996,0.8500000000000001,1.0,10.0,0,1,2,0,3,41,0,0,10,7
2000113,0.0,0.05,0.75,2.3492187499999995,2.3499999999999996,0.0007812500000000005,2,0.78125,0.59375,0.078125,0.109375,0.09375,0.5862068965517246,0.5103448275862069,0.46632152049304565,0.05003842543609036,0.03936359378969525,0.05,-0.65,2.999999999999999,2.0,10.0,0,2,0,0,1,49,0,1,5,6
2000114,0.0,0.05,0.75,6.1368593749999985,6.149999999999999,0.013140625000000008,-4,13.140625,3.265625,0.15625,0.09375,0.046875,0.5672131147540989,0.5270491803278688,0.6340413530036287,0.05046235858636725,0.38515176813035606,0.05,-0.8500000000000001,6.999999999999999,3.0,13.0,0,0,1,2,5,41,0,1,11,3
2000115,0.0,0.05,0.75,4.693140624999999,4.699999999999999,0.006859375000000004,-3,6.859375,2.453125,0.109375,0.0625,0.078125,0.5762711864406784,0.5152542372881356,0.7129274488045677,0.05003548688091245,0.4906470827880289,0.05,-0.75,5.449999999999999,3.0,8.0,0,1,1,0,5,44,0,1,7,5
2000116,0.0,0.05,0.75,4.8943125,4.8999999999999995,0.005687500000000003,-3,5.6875,2.1875,0.125,0.078125,0.09375,0.5655172413793108,0.5284482758620689,0.4721065767156374,0.050047294109980864,0.28893241728483565,0.049999999999999996,-0.4,5.3,2.0,11.0,0,0,0,2,3,42,0,3,8,6
2000117,1.0,0.05,0.75,0.4951875,0.5,0.004812500000000001,-5,4.8125,1.34375,0.125,0.046875,0.109375,0.5684210526315793,0.5157894736842104,0.6024865036718319,0.050037970253097884,0.5213133974422894,0.05,-0.19999999999999996,0.7000000000000004,1.0,10.0,0,2,2,1,3,39,0,2,8,7
2000118,1.0,0.05,0.75,-0.38964062499999963,-0.34999999999999964,0.039640625,-9,39.640625,5.765625,0.203125,0.0625,0.078125,0.5728813559322038,0.5254237288135593,0.8013110944092982,0.052561596677289046,0.781175714407457,0.05,-1.15,0.7999999999999998,5.0,12.0,0,1,4,0,4,35,0,3,12,5
2000119,0.0,0.05,0.75,2.6472968750000003,2.6500000000000004,0.002703125000000001,1,2.703125,1.234375,0.078125,0.09375,0.0625,0.5900000000000005,0.51,0.46635661484048524,0.05000776066572149,0.0715722189593426,0.05000000000000001,-0.2,2.8499999999999996,1.0,10.0,0,0,5,1,1,44,0,0,9,4
2000120,1.0,0.05,0.75,-1.6943593749999986,-1.6499999999999986,0.04435937500000002,-11,44.359375,5.515625,0.1875,0.015625,0.046875,0.5836065573770497,0.5270491803278687,0.9482639844755447,0.05069164530162282,0.946969659034119,0.049999999999999996,-0.34999999999999987,-1.2999999999999996,2.0,11.0,1,0,0,0,2,46,0,1,11,3
2000121,0.0,0.05,0.75,5.982171875,6.0,0.017828125000000014,-6,17.828125,3.640625,0.140625,0.046875,0.0625,0.5766666666666672,0.5224999999999999,0.8590935779450407,0.050087759927519,0.825244136089322,0.05,0.0,6.0,0.0,12.0,0,0,3,1,4,40,0,1,11,4
2000122,1.0,0.05,0.75,1.5974218750000004,1.6000000000000005,0.002578125000000002,-2,2.578125,1.296875,0.09375,0.0625,0.109375,0.5719298245614041,0.5105263157894737,0.6358372294255217,0.05001338374192683,0.39151321660430777,0.05,-0.19999999999999996,1.8000000000000003,1.0,9.0,1,2,0,0,3,44,0,1,6,7
2000123,0.0,0.05,0.75,0.8267656250000001,0.8500000000000001,0.023234375000000005,7,23.234375,4.578125,0.0625,0.171875,0.0625,0.5966666666666673,0.4974999999999999,0.14853387480547292,0.05254205395115888,0.00039909566200042467,0.049999999999999996,-0.8500000000000001,1.7000000000000002,5.0,10.0,0,1,6,0,0,47,0,0,6,4
2000124,0.0,0.05,0.75,3.8977656249999995,3.8999999999999995,0.0022343750000000016,1,2.234375,1.265625,0.109375,0.125,0.078125,0.5898305084745769,0.5254237288135593,0.6011043552002939,0.050214557666732974,0.06686437954115645,0.05,-1.0,4.9,5.0,10.0,0,0,0,0,3,46,0,0,10,5
2000125,1.0,0.05,0.75,-0.17189062500000127,-0.15000000000000124,0.021890625000000014,-6,21.890625,4.015625,0.125,0.03125,0.0625,0.5833333333333338,0.52,0.7987996159708431,0.050020388755042965,0.7713531307756206,0.049999999999999996,-0.19999999999999996,0.050000000000000266,1.0,9.0,0,0,3,0,5,41,0,0,11,4
2000126,1.0,0.05,0.75,0.7348437499999991,0.7499999999999991,0.015156250000000012,-6,15.15625,3.3125,0.140625,0.046875,0.09375,0.5896551724137936,0.5232758620689654,0.8037743483899997,0.05028551651193512,0.7550250356043645,0.05,-0.44999999999999996,1.2000000000000004,3.0,9.0,0,2,0,0,1,44,0,0,11,6
2000127,0.0,0.05,0.75,2.58859375,2.5999999999999996,0.011406250000000008,1,11.40625,3.03125,0.09375,0.109375,0.109375,0.5929824561403515,0.5157894736842105,0.25190113460710656,0.050089458631903165,0.029234350700384947,0.049999999999999996,-0.75,3.3499999999999996,3.0,10.0,0,1,2,0,1,44,0,0,9,7
2000128,1.0,0.05,0.75,0.8260781250000014,0.8500000000000014,0.02392187500000001,-9,23.921875,4.140625,0.234375,0.09375,0.125,0.5857142857142862,0.5428571428571427,0.8189447470006774,0.1381185948563993,0.6808405380680662,0.05,-0.5999999999999999,1.45,3.0,18.0,0,2,2,0,2,30,0,0,20,8
2000129,0.0,0.05,0.75,3.4939999999999993,3.499999999999999,0.006000000000000003,-1,6.0,1.6875,0.09375,0.078125,0.125,0.5750000000000004,0.5080357142857143,0.6193504313991436,0.050028255236505254,0.23003386800360257,0.05,0.0,3.499999999999999,0.0,11.0,1,0,3,0,4,41,0,1,6,8
2000130,0.0,0.05,0.75,3.899015625,3.9,0.0009843750000000004,-1,0.984375,0.640625,0.109375,0.09375,0.09375,0.5758620689655177,0.5103448275862069,0.7727895829075142,0.0500987885438158,0.25542938868697684,0.05000000000000001,-0.55,4.45,2.0,11.0,0,3,2,1,2,41,0,0,9,6
2000131,1.0,0.05,0.75,3.6906406249999995,3.6999999999999993,0.009359375000000007,-2,9.359375,2.828125,0.15625,0.125,0.0625,0.5733333333333338,0.5275,0.7221842976928381,0.05246976852360173,0.21653017889533316,0.05,-0.44999999999999996,4.1499999999999995,3.0,15.0,0,1,3,2,3,36,0,0,15,4
2000132,0.0,0.05,0.75,4.4454375,4.449999999999999,0.004562500000000003,-3,4.5625,1.875,0.109375,0.0625,0.0625,0.566666666666667,0.5149999999999999,0.41301804157260624,0.05000505979242442,0.26549383539263594,0.05,-0.4,4.85,2.0,9.0,1,1,2,1,3,42,0,2,8,4
2000133,0.0,0.05,0.75,8.230843749999998,8.249999999999998,0.01915625000000001,-7,19.15625,3.625,0.1875,0.078125,0.078125,0.5796610169491531,0.5254237288135593,0.8101342086931842,0.05835977752189914,0.7299548044344066,0.049999999999999996,0.0,8.249999999999998,0.0,17.0,0,1,3,0,4,37,0,1,13,5
2000134,0.0,0.05,0.75,2.746343749999998,2.7499999999999982,0.003656250000000002,2,3.65625,1.53125,0.09375,0.125,0.109375,0.5859649122807022,0.5236842105263159,0.48743583473958746,0.050178145909357756,0.03901856532601844,0.05,-0.7000000000000001,3.449999999999999,2.0,12.0,0,2,2,0,1,39,0,1,12,7
2000135,1.0,0.05,0.75,1.2283750000000018,1.2500000000000018,0.021625000000000012,-8,21.625,4.0625,0.203125,0.078125,0.0625,0.5866666666666672,0.5449999999999998,0.8393758451800778,0.06332856127042133,0.8000689621588254,0.05,-0.5999999999999999,1.8500000000000003,3.0,15.0,0,0,0,0,2,40,0,2,16,4
2000136,0.0,0.05,0.75,4.098218750000002,4.100000000000001,0.0017812500000000011,-2,1.78125,1.125,0.125,0.09375,0.0625,0.5800000000000004,0.5125,0.5630404355002,0.05004215041924399,0.21748309503142868,0.05,-0.55,4.65,2.0,12.0,0,3,3,0,2,41,0,1,10,4
2000137,0.0,0.05,0.75,4.443703125000001,4.450000000000001,0.006296875000000004,-2,6.296875,2.078125,0.125,0.09375,0.078125,0.5762711864406784,0.5127118644067796,0.36726525710640023,0.050043325385684026,0.12448249893447086,0.05000000000000001,-0.7,5.15,3.0,11.0,1,1,3,1,2,41,0,0,10,5
2000138,1.0,0.05,0.75,0.5818749999999996,0.5999999999999996,0.018125000000000013,-8,18.125,3.6875,0.1875,0.0625,0.109375,0.5789473684210531,0.5289473684210525,0.7834801728189128,0.05524202192103715,0.7481843993328293,0.05,-0.3999999999999999,1.0000000000000004,2.0,14.0,1,1,0,0,2,40,0,1,12,7
2000139,1.0,0.05,0.75,-0.8282187499999998,-0.7999999999999998,0.02821875,-7,28.21875,4.84375,0.140625,0.03125,0.046875,0.5803278688524596,0.5245901639344261,0.8089828159241983,0.05001939476428314,0.7953498523586273,0.05000000000000001,-0.5999999999999999,-0.19999999999999973,3.0,8.0,0,1,1,0,3,44,0,2,10,3
2000140,0.0,0.05,0.75,7.269484374999999,7.299999999999999,0.030515625000000015,-9,30.515625,4.703125,0.15625,0.015625,0.1875,0.5730769230769235,0.5259615384615384,0.9112931093251535,0.05078608613531284,0.9080624261154062,0.05000000000000001,0.0,7.299999999999999,0.0,11.0,0,2,2,0,4,31,0,1,12,12
2000141,0.0,0.05,0.75,2.5978749999999993,2.599999999999999,0.0021250000000000015,3,2.125,1.21875,0.09375,0.140625,0.0625,0.5900000000000004,0.5175,0.45736982593630876,0.05026897210447736,0.01661251043409643,0.049999999999999996,-1.45,4.05,6.0,9.0,0,1,0,0,2,49,0,0,8,4
2000142,0.0,0.05,0.75,4.396796875,4.3999999999999995,0.0032031250000000024,-2,3.203125,1.640625,0.125,0.09375,0.078125,0.5728813559322038,0.5152542372881356,0.5700279425659033,0.05007554198911156,0.22127964516467338,0.05,-0.2,4.6,1.0,13.0,2,2,1,0,2,41,0,0,11,5
2000143,1.0,0.05,0.75,0.43471875000000104,0.45000000000000107,0.015281250000000007,-8,15.28125,3.0,0.1875,0.0625,0.125,0.5857142857142863,0.5401785714285712,0.9255571270551235,0.06565563458013547,0.9057717690250852,0.05,-1.05,1.5,6.0,10.0,0,1,1,0,3,34,0,0,17,8
2000144,0.0,0.05,0.75,2.3989687500000003,2.4000000000000004,0.0010312500000000005,0,1.03125,0.75,0.0625,0.0625,0.140625,0.5927272727272733,0.5109090909090909,0.4336540198500035,0.050003701326274,0.15796154701066856,0.05,-0.6000000000000001,3.0,3.0,5.0,0,1,1,0,1,46,0,0,6,9
2000145,0.0,0.05,0.75,3.7488125,3.75,0.0011875000000000008,-1,1.1875,0.9375,0.109375,0.09375,0.078125,0.5728813559322039,0.5050847457627118,0.5895633415330209,0.050035631600084965,0.15690087393850216,0.05,-1.05,4.8,4.0,9.0,1,4,1,0,1,44,0,1,7,5
2000146,0.0,0.05,0.75,5.495109374999999,5.499999999999999,0.004890625000000003,-4,4.890625,1.734375,0.125,0.0625,0.125,0.5785714285714291,0.5241071428571428,0.4817118848443539,0.05006978549369721,0.3633121752647913,0.05,-0.4,5.8999999999999995,2.0,10.0,0,0,0,1,3,43,0,1,8,8
2000147,1.0,0.05,0.75,-1.8226406250000007,-1.8000000000000007,0.022640625000000008,-10,22.640625,3.703125,0.15625,0.0,0.046875,0.5704918032786891,0.5221311475409834,0.9836945546462599,0.05023858031765442,0.9831983365682719,0.05,-0.8999999999999999,-0.8999999999999999,6.0,4.0,0,0,3,0,5,41,1,2,9,3
2000148,1.0,0.05,0.75,0.33724999999999966,0.34999999999999964,0.012750000000000008,-7,12.75,2.78125,0.171875,0.0625,0.109375,0.5754385964912285,0.531578947368421,0.8334919341849253,0.05218899945707201,0.7920906901053111,0.05,-0.25,0.6000000000000003,2.0,13.0,0,1,1,0,4,37,0,2,12,7
2000149,0.0,0.05,0.75,2.6430468749999996,2.6499999999999995,0.0069531250000000044,2,6.953125,2.453125,0.109375,0.140625,0.03125,0.5774193548387101,0.5169354838709677,0.6172635939766481,0.05007975868819822,0.04455564473878017,0.049999999999999996,-1.4000000000000001,4.05,5.0,11.0,0,3,3,0,3,40,0,1,12,2
2000150,0.0,0.05,0.75,4.9468749999999995,4.949999999999999,0.003125000000000002,-4,3.125,1.4375,0.109375,0.046875,0.125,0.5785714285714291,0.5241071428571428,0.5791649309123742,0.0500236115241541,0.48510109417991004,0.05,-0.2,5.1499999999999995,1.0,9.0,0,1,1,0,4,39,0,1,10,8
2000151,0.0,0.05,0.75,5.04878125,5.05,0.0012187500000000006,0,1.21875,0.71875,0.140625,0.140625,0.09375,0.5862068965517246,0.5206896551724137,0.3869911177322326,0.052606848730693136,0.024368276986566267,0.049999999999999996,-1.35,6.3999999999999995,6.0,12.0,0,2,2,0,2,40,0,0,12,6
2000152,0.0,0.05,0.75,6.490749999999999,6.499999999999999,0.009250000000000006,-4,9.25,2.9375,0.15625,0.09375,0.078125,0.5830508474576277,0.5330508474576271,0.5827268016953223,0.05091535191723873,0.36266228018080066,0.05,-0.2,6.699999999999998,1.0,15.0,0,1,1,0,2,40,1,0,14,5
2000153,1.0,0.05,0.75,0.43403124999999926,0.4499999999999993,0.01596875000000001,-6,15.96875,3.6875,0.140625,0.046875,0.125,0.5821428571428576,0.5294642857142857,0.7321069328246487,0.05022444775209478,0.6894606529796732,0.05,-0.9999999999999998,1.4500000000000002,5.0,7.0,1,1,0,0,1,40,0,1,12,8
2000154,1.0,0.05,0.75,1.3961093749999995,1.3999999999999995,0.003890625000000002,-5,3.890625,1.515625,0.140625,0.0625,0.0625,0.5866666666666673,0.5224999999999997,0.7681924371338761,0.05025498111804363,0.6580579798539913,0.05,-0.7999999999999998,2.1999999999999993,4.0,9.0,0,1,0,0,3,46,0,0,10,4
2000155,1.0,0.05,0.75,0.8362656249999997,0.8499999999999996,0.01373437500000001,-7,13.734375,3.359375,0.1875,0.078125,0.109375,0.5543859649122811,0.5342105263157894,0.7970400508155049,0.05592961005004615,0.7433065097600795,0.05000000000000001,-0.6499999999999999,1.5,4.0,13.0,0,1,0,0,6,36,2,2,10,7
2000156,0.0,0.05,0.75,5.146265625,5.1499999999999995,0.0037343750000000016,-1,3.734375,1.515625,0.140625,0.125,0.109375,0.5859649122807022,0.5263157894736842,0.2911026947874087,0.05091705991355805,0.05223393695599587,0.05,-0.6000000000000001,5.75,3.0,14.0,1,0,2,0,2,39,0,0,13,7
2000157,1.0,0.05,0.75,-2.8340937499999947,-2.7499999999999947,0.08409374999999997,-15,84.09375,8.09375,0.265625,0.03125,0.078125,0.5728813559322038,0.5330508474576269,0.9925662740031023,0.14740327568989778,0.9877169552731007,0.05,-1.15,-1.5999999999999999,6.0,13.0,2,0,3,0,3,33,0,1,17,5
2000158,1.0,0.05,0.75,-0.5873906249999998,-0.5499999999999998,0.03739062500000001,-8,37.390625,5.546875,0.171875,0.046875,0.078125,0.5864406779661022,0.5279661016949152,0.8739388521197807,0.05059682490940806,0.8583315626668246,0.049999999999999996,-0.5,-0.04999999999999982,2.0,12.0,0,1,1,0,2,42,0,1,12,5
2000159,0.0,0.05,0.75,2.999484375,3.0,0.0005156250000000003,0,0.515625,0.515625,0.09375,0.09375,0.109375,0.5754385964912285,0.5184210526315789,0.5228844486587197,0.050023490681048284,0.1382627219798645,0.049999999999999996,-0.8500000000000001,3.8499999999999996,3.0,9.0,0,1,0,0,4,44,0,2,6,7
2000160,1.0,0.05,0.75,0.661140625000001,0.7000000000000011,0.03885937500000001,-9,38.859375,5.765625,0.21875,0.078125,0.03125,0.5774193548387101,0.5241935483870968,0.8070071966448964,0.06305390527136331,0.7554010287087435,0.05000000000000001,-0.8999999999999999,1.6000000000000005,4.0,15.0,1,4,1,0,1,39,0,0,16,2
2000161,1.0,0.05,0.75,0.09479687499999964,0.09999999999999964,0.005203125000000001,-5,5.203125,1.453125,0.109375,0.03125,0.09375,0.5758620689655176,0.5232758620689654,0.7362462408126133,0.05001095769354646,0.7015095764649003,0.05,-0.3999999999999999,0.5000000000000002,2.0,7.0,0,2,0,0,2,43,0,3,8,6
2000162,0.0,0.05,0.75,3.245703125000001,3.250000000000001,0.004296875000000003,2,4.296875,1.859375,0.109375,0.140625,0.09375,0.5827586206896556,0.5129310344827586,0.5690616492200264,0.050621285126291736,0.02743437578720635,0.05,-1.0,4.25,5.0,11.0,0,2,1,0,2,45,0,1,7,6
2000163,1.0,0.05,0.75,2.9953749999999992,2.999999999999999,0.004625000000000003,-3,4.625,1.71875,0.15625,0.109375,0.078125,0.5830508474576277,0.5228813559322033,0.6713261902000407,0.05220350261254424,0.2623870334838314,0.049999999999999996,-0.3999999999999999,3.399999999999999,2.0,15.0,1,1,1,0,2,42,0,0,12,5
2000164,1.0,0.05,0.75,-0.9841406250000011,-0.9500000000000011,0.03414062500000001,-9,34.140625,5.453125,0.171875,0.03125,0.140625,0.5636363636363642,0.5272727272727271,0.9012355897677294,0.05156887358493513,0.8954387560380467,0.049999999999999996,-0.6499999999999999,-0.2999999999999998,4.0,9.0,1,0,2,0,7,32,0,1,12,9
2000165,1.0,0.05,0.75,0.3308906249999988,0.34999999999999876,0.01910937500000001,-7,19.109375,3.953125,0.171875,0.0625,0.03125,0.5838709677419361,0.514516129032258,0.7045941249069987,0.05025392145496761,0.6441900470576357,0.05,-0.55,0.9000000000000004,2.0,13.0,0,2,2,0,3,45,0,0,10,2
2000166,0.0,0.05,0.75,2.5481874999999996,2.55,0.0018125000000000012,1,1.8125,1.125,0.078125,0.09375,0.15625,0.5888888888888895,0.511111111111111,0.5032717111076669,0.050040615066823356,0.08507392806290819,0.049999999999999996,-0.55,3.0999999999999996,2.0,9.0,0,0,3,0,3,41,0,0,7,10
2000167,0.0,0.05,0.75,4.1948437499999995,4.199999999999999,0.005156250000000004,-3,5.15625,2.0625,0.109375,0.0625,0.09375,0.5827586206896556,0.5129310344827587,0.36818230616684655,0.050006132417011295,0.23858440675039336,0.05000000000000001,-0.2,4.4,1.0,10.0,1,0,2,0,3,44,0,0,8,6
2000168,1.0,0.05,0.75,-0.5299375000000001,-0.5,0.029937500000000013,-9,29.9375,4.78125,0.1875,0.046875,0.109375,0.5824561403508777,0.5368421052631578,0.8851508841976818,0.05261487350888248,0.8770046538466356,0.05,-0.8999999999999999,0.40000000000000036,4.0,11.0,0,2,0,0,1,38,0,2,14,7
2000169,1.0,0.05,0.75,0.4860625,0.5,0.013937500000000009,-8,13.9375,2.625,0.1875,0.0625,0.078125,0.5830508474576277,0.5279661016949151,0.8265150455667158,0.05373398293488474,0.7903840524228642,0.05000000000000001,-0.7999999999999999,1.2999999999999994,3.0,13.0,0,1,1,1,2,41,0,0,13,5
2000170,0.0,0.05,0.75,4.646234374999999,4.649999999999999,0.0037656250000000025,-1,3.765625,1.734375,0.125,0.109375,0.109375,0.5684210526315794,0.5210526315789473,0.256311440100205,0.05031010279363248,0.045925838828031695,0.05000000000000001,-1.05,5.699999999999999,6.0,9.0,1,2,2,0,3,36,0,2,11,7
2000171,1.0,0.05,0.75,2.2428749999999993,2.249999999999999,0.0071250000000000055,-4,7.125,2.4375,0.15625,0.09375,0.09375,0.5862068965517248,0.5232758620689654,0.631587323717281,0.05122314388657582,0.3755428173466194,0.05,-0.95,3.2,4.0,12.0,0,2,3,0,1,38,0,1,13,6
2000172,0.0,0.05,0.75,2.1479375000000003,2.1500000000000004,0.0020625000000000014,2,2.0625,1.25,0.078125,0.109375,0.09375,0.5862068965517246,0.5155172413793102,0.38605193443303853,0.05004423544293074,0.038420553155458614,0.05,-0.8,2.95,4.0,8.0,0,0,2,0,3,45,0,1,7,6
2000173,1.0,0.05,0.75,1.0898281249999988,1.0999999999999988,0.010171875000000007,-5,10.171875,2.828125,0.140625,0.0625,0.078125,0.5932203389830515,0.5203389830508474,0.595733393844316,0.05009852450914947,0.4901166310989532,0.05,-0.3999999999999999,1.5000000000000002,2.0,11.0,0,1,2,0,1,44,0,0,11,5
2000174,1.0,0.05,0.75,-1.1265937500000005,-1.1000000000000005,0.02659375000000001,-9,26.59375,4.625,0.171875,0.03125,0.09375,0.5862068965517246,0.518103448275862,0.8750705813692762,0.05047262708179947,0.8666704378487506,0.05000000000000001,-0.30000000000000004,-0.7999999999999996,1.0,12.0,0,2,3,0,2,39,0,0,12,6
2000175,0.0,0.05,0.75,6.1413906250000005,6.15,0.008609375000000006,-4,8.609375,2.703125,0.15625,0.09375,0.140625,0.5563636363636366,0.5245454545454544,0.566910761031887,0.05229793767387759,0.3074611182522907,0.04999999999999999,-0.75,6.9,3.0,13.0,0,1,0,1,8,35,0,1,9,9
2000176,1.0,0.05,0.75,-2.096749999999999,-2.049999999999999,0.046750000000000014,-12,46.75,5.6875,0.203125,0.015625,0.03125,0.5838709677419361,0.529032258064516,0.963645936927823,0.05110083676924208,0.9630353944729597,0.049999999999999996,-0.5999999999999999,-1.4499999999999997,3.0,11.0,0,1,1,0,4,42,0,0,14,2
2000177,0.0,0.05,0.75,2.94440625,2.95,0.005593750000000003,1,5.59375,1.90625,0.09375,0.109375,0.109375,0.578947368421053,0.5289473684210525,0.34945011752514077,0.05008906695301214,0.05748124589931522,0.05,-0.5,3.45,2.0,11.0,0,1,0,0,2,42,0,3,9,7
2000178,0.0,0.05,0.75,1.436234375,1.45,0.01376562500000001,4,13.765625,3.484375,0.078125,0.140625,0.203125,0.5647058823529415,0.5176470588235293,0.23237711809233197,0.05590038331223402,0.007811145464866635,0.05,-1.0,2.45,5.0,9.0,0,3,0,0,4,35,0,2,7,13
2000179,1.0,0.05,0.75,0.4876093749999991,0.4999999999999991,0.01239062500000001,-5,12.390625,3.109375,0.125,0.046875,0.09375,0.5827586206896558,0.5232758620689654,0.654064112407393,0.050029830282080474,0.5935908549940754,0.05,-1.3499999999999999,1.85,6.0,5.0,0,1,2,0,2,41,0,2,10,6
2000180,0.0,0.05,0.75,2.8975312500000006,2.9000000000000004,0.0024687500000000018,-1,2.46875,1.4375,0.078125,0.0625,0.09375,0.5758620689655178,0.5103448275862068,0.47803718623550623,0.05000234360715171,0.22399152211768875,0.049999999999999996,-0.2,3.0999999999999996,1.0,8.0,1,0,2,0,5,43,0,0,7,6
2000181,0.0,0.05,0.75,5.736453124999998,5.749999999999998,0.01354687500000001,-2,13.546875,3.359375,0.15625,0.125,0.078125,0.5864406779661022,0.5203389830508474,0.25604115355286716,0.05071399953107756,0.05144584085359061,0.049999999999999996,-1.15,6.899999999999999,5.0,13.0,0,0,3,0,3,42,0,1,10,5
2000182,0.0,0.05,0.75,4.446312499999999,4.449999999999998,0.0036875000000000024,-1,3.6875,1.6875,0.125,0.109375,0.171875,0.5811320754716985,0.5226415094339624,0.38707384631133857,0.05093272864685989,0.07001926492457877,0.049999999999999996,-0.45,4.899999999999999,3.0,12.0,0,1,3,0,2,35,1,0,11,11
2000183,1.0,0.05,0.75,2.3482343749999997,2.3499999999999996,0.0017656250000000014,-2,1.765625,1.078125,0.109375,0.078125,0.140625,0.5745454545454549,0.5272727272727271,0.41491332268242265,0.05005064134561033,0.20871075841127643,0.05000000000000001,-0.19999999999999996,2.5500000000000007,1.0,11.0,0,1,1,0,4,37,0,2,10,9
2000184,1.0,0.05,0.75,2.089999999999998,2.099999999999998,0.010000000000000007,-5,10.0,3.0,0.171875,0.09375,0.09375,0.5724137931034489,0.5258620689655171,0.8665106412824669,0.06280422256115839,0.670352448808888,0.049999999999999996,-0.25,2.3499999999999996,2.0,15.0,1,1,0,0,5,39,0,0,12,6
2000185,1.0,0.05,0.75,0.9352187499999993,0.9499999999999993,0.01478125000000001,-5,14.78125,3.125,0.140625,0.0625,0.078125,0.579661016949153,0.5177966101694915,0.5806691658597203,0.05008418308484382,0.4622728357059164,0.049999999999999996,-0.7,1.6500000000000004,3.0,10.0,0,1,2,1,3,42,0,0,10,5
2000186,0.0,0.05,0.75,2.1967343749999992,2.1999999999999993,0.0032656250000000025,-1,3.265625,1.578125,0.0625,0.046875,0.171875,0.5924528301886798,0.5141509433962265,0.6208526920504316,0.050003364841724185,0.4083384329597847,0.05,-0.2,2.3999999999999995,1.0,6.0,0,0,5,0,1,37,0,1,9,11
2000187,1.0,0.05,0.75,-0.11303125000000143,-0.10000000000000142,0.013031250000000008,-8,13.03125,2.875,0.171875,0.046875,0.0625,0.5833333333333338,0.5299999999999998,0.8232590889141522,0.05041634983689911,0.8072368357171208,0.05,-0.5999999999999999,0.5000000000000002,3.0,11.0,0,1,0,1,1,44,0,1,12,4
2000188,1.0,0.05,0.75,0.4419531249999993,0.4499999999999993,0.008046875000000005,-5,8.046875,2.515625,0.125,0.046875,0.0625,0.5700000000000005,0.5224999999999999,0.7449321508615132,0.05002332882278984,0.684360964667254,0.05,-0.25,0.7,2.0,9.0,0,1,2,0,5,40,1,1,10,4
2000189,1.0,0.05,0.75,1.9409062500000003,1.9500000000000002,0.009093750000000006,-4,9.09375,2.5,0.15625,0.09375,0.0625,0.5866666666666672,0.5224999999999999,0.5213505649876916,0.050307986346830966,0.30227113969872005,0.05,-0.9999999999999998,2.9499999999999997,5.0,11.0,0,1,2,0,3,42,0,0,12,4
2000190,0.0,0.05,0.75,8.278156249999999,8.299999999999999,0.02184375000000001,-8,21.84375,4.15625,0.1875,0.0625,0.09375,0.5827586206896558,0.5258620689655172,0.861270068218274,0.05553131466401215,0.8261665550839492,0.05,-0.55,8.85,2.0,14.0,1,2,2,0,1,37,0,0,15,6
2000191,1.0,0.05,0.75,-0.9151562499999997,-0.8499999999999996,0.06515625000000003,-9,65.15625,7.09375,0.171875,0.03125,0.078125,0.5864406779661022,0.5177966101694916,0.9049171631789691,0.05059050453474076,0.8977412288793173,0.05000000000000001,-0.40000000000000013,-0.44999999999999973,2.0,11.0,0,2,4,0,2,38,0,0,13,5
2000192,0.0,0.05,0.75,5.992593750000001,6.000000000000001,0.007406250000000005,-5,7.40625,2.25,0.15625,0.078125,0.09375,0.5827586206896556,0.5232758620689655,0.5730954321928731,0.050286242890401144,0.4326500178346289,0.05,0.0,6.000000000000001,0.0,15.0,0,1,2,0,3,40,0,1,11,6
2000193,0.0,0.05,0.75,2.095890625,2.1,0.004109375000000002,2,4.109375,1.546875,0.078125,0.109375,0.078125,0.5694915254237292,0.49491525423728816,0.3341256446629444,0.05003624341282649,0.022614170041747653,0.049999999999999996,-0.6000000000000001,2.7,3.0,9.0,0,3,4,2,2,43,0,0,5,5
2000194,0.0,0.05,0.75,3.9458906249999983,3.9499999999999984,0.004109375000000003,-2,4.109375,1.609375,0.109375,0.078125,0.109375,0.5684210526315793,0.5026315789473684,0.31089636765425793,0.0500165358451103,0.12209281083148715,0.05,-0.8,4.75,4.0,8.0,0,3,4,0,4,38,0,2,6,7
2000195,1.0,0.05,0.75,-2.581296875,-2.55,0.03129687500000001,-9,31.296875,4.421875,0.140625,0.0,0.078125,0.5728813559322037,0.5177966101694915,0.89867566911079,0.05001442873108126,0.896958617681291,0.05,-0.19999999999999996,-2.3500000000000005,1.0,8.0,1,0,2,0,5,41,0,1,9,5
2000196,1.0,0.05,0.75,1.996515625,2.0,0.003484375000000002,-5,3.484375,1.640625,0.15625,0.078125,0.109375,0.5859649122807022,0.5236842105263156,0.48742384113089504,0.05138347412646216,0.31144792731483517,0.05,-0.75,2.7499999999999996,4.0,11.0,0,0,3,0,2,40,0,2,10,7
2000197,1.0,0.05,0.75,0.39299999999999946,0.39999999999999947,0.007000000000000005,-4,7.0,2.4375,0.109375,0.046875,0.09375,0.5827586206896558,0.5129310344827587,0.6327947651794611,0.05000938970935729,0.5342359663970693,0.05,0.0,0.40000000000000013,0.0,10.0,0,1,4,0,3,40,0,1,9,6
2000198,1.0,0.05,0.75,-0.274453125,-0.25,0.02445312500000001,-8,24.453125,4.046875,0.15625,0.03125,0.109375,0.596491228070176,0.5315789473684209,0.9814272164236819,0.05314042042330092,0.9779938619492701,0.049999999999999996,-0.75,0.5,6.0,6.0,0,1,2,0,0,39,0,0,15,7
2000199,0.0,0.05,0.75,4.847703125,4.85,0.0022968750000000016,-2,2.296875,1.234375,0.125,0.09375,0.0625,0.5766666666666672,0.515,0.5029685507842121,0.050070755335132215,0.17312784833215078,0.049999999999999996,-0.6000000000000001,5.45,3.0,11.0,0,2,1,0,4,44,0,1,8,4
2000200,1.0,0.05,0.75,-0.2410000000000002,-0.20000000000000018,0.041,-8,41.0,5.53125,0.15625,0.03125,0.078125,0.5864406779661023,0.5279661016949152,0.9396536566399922,0.05062941210377165,0.9328357254873647,0.05000000000000001,-0.30000000000000004,0.10000000000000031,3.0,9.0,0,1,1,0,1,43,0,2,11,5
2000201,0.0,0.05,0.75,5.489359375,5.5,0.010640625000000006,-1,10.640625,2.765625,0.140625,0.125,0.109375,0.5824561403508777,0.5210526315789473,0.1957479546005878,0.051475384132361295,0.022652937907330896,0.049999999999999996,-1.25,6.75,7.0,10.0,0,0,2,0,2,43,0,3,7,7
2000202,1.0,0.05,0.75,0.13895312500000034,0.15000000000000036,0.011046875000000008,-6,11.046875,2.765625,0.140625,0.046875,0.0625,0.5866666666666673,0.5274999999999999,0.9047837360312073,0.050182961204653764,0.8754208062484622,0.05000000000000001,-0.7999999999999998,0.95,4.0,8.0,0,0,2,0,1,44,0,3,10,4
2000203,0.0,0.05,0.75,2.8466406249999996,2.8499999999999996,0.003359375000000002,1,3.359375,1.640625,0.09375,0.109375,0.078125,0.5898305084745769,0.5152542372881356,0.4118894399349766,0.0500401618955962,0.05270950067428767,0.05,-1.3,4.1499999999999995,5.0,8.0,0,1,1,0,2,47,0,0,8,5
2000204,0.0,0.05,0.75,6.245312499999999,6.249999999999999,0.004687500000000003,-4,4.6875,1.625,0.140625,0.078125,0.046875,0.5934426229508203,0.5295081967213114,0.6951435728120025,0.050261487453624444,0.5046409700671292,0.05,-0.8,7.05,4.0,10.0,0,0,0,0,0,49,0,2,10,3
2000205,0.0,0.05,0.75,6.286234374999997,6.299999999999997,0.01376562500000001,-5,13.765625,3.453125,0.15625,0.078125,0.109375,0.5789473684210531,0.5263157894736842,0.3334025120238462,0.05012748422969269,0.2513180959471922,0.049999999999999996,-0.4,6.6999999999999975,2.0,13.0,0,1,1,1,3,39,0,0,12,7
2000206,0.0,0.05,0.75,3.298734375,3.3,0.001265625000000001,-2,1.265625,0.984375,0.09375,0.0625,0.0625,0.5866666666666672,0.5175,0.5917355940417766,0.05000308421269328,0.38148204038047806,0.05,-0.55,3.8499999999999996,2.0,8.0,0,1,1,0,3,46,0,0,9,4
2000207,0.0,0.05,0.75,7.241421875,7.25,0.008578125000000004,-6,8.578125,2.234375,0.15625,0.0625,0.125,0.5821428571428576,0.5241071428571428,0.7103356728298288,0.05245305154874317,0.6092564235219152,0.05,-0.2,7.45,1.0,13.0,0,2,1,0,2,39,0,1,11,8
2000208,1.0,0.05,0.75,-1.3373906250000007,-1.3000000000000007,0.03739062500000002,-10,37.390625,5.203125,0.171875,0.015625,0.109375,0.5859649122807022,0.5394736842105261,0.9733177353920714,0.05189497947586388,0.972358461943816,0.05,-0.5,-0.7999999999999998,4.0,8.0,0,0,1,0,4,36,0,0,16,7
2000209,1.0,0.05,0.75,-0.34314062499999537,-0.2999999999999954,0.04314062500000001,-12,43.140625,5.609375,0.25,0.0625,0.015625,0.5682539682539687,0.5309523809523807,0.9669542102968335,0.11372741731333813,0.9525357878230019,0.049999999999999996,-1.7499999999999998,1.4500000000000002,9.0,11.0,0,3,1,0,5,37,0,2,15,1
2000210,0.0,0.05,0.75,8.545718749999999,8.549999999999999,0.004281250000000002,-6,4.28125,1.5625,0.21875,0.125,0.109375,0.5614035087719301,0.5342105263157894,0.6460524623846072,0.12051380125674377,0.2810218858314457,0.049999999999999996,-0.95,9.500000000000002,4.0,18.0,0,2,1,0,5,33,0,4,12,7
2000211,1.0,0.05,0.75,0.2841249999999998,0.2999999999999998,0.01587500000000001,-7,15.875,3.25,0.171875,0.0625,0.09375,0.5758620689655177,0.5258620689655172,0.6250321281906354,0.050453662918442096,0.5730917424200379,0.05,0.0,0.3000000000000004,0.0,15.0,0,3,1,1,2,37,0,0,14,6
2000212,0.0,0.05,0.75,4.097828124999999,4.099999999999999,0.002171875000000001,1,2.171875,1.359375,0.125,0.140625,0.09375,0.5862068965517246,0.5232758620689655,0.2562517859462043,0.05197212474106529,0.01688523455811921,0.05,-0.6000000000000001,4.699999999999999,3.0,14.0,0,1,1,0,2,43,0,1,10,6
2000213,0.0,0.05,0.75,4.747125,4.75,0.0028750000000000017,-1,2.875,1.34375,0.140625,0.125,0.0625,0.5700000000000005,0.5125,0.7864885776669888,0.0507695398423814,0.17786145239428397,0.05,-1.0,5.750000000000001,4.0,13.0,2,2,4,1,1,37,0,0,13,4
2000214,0.0,0.05,0.75,5.448531249999999,5.449999999999999,0.0014687500000000009,-2,1.46875,0.90625,0.15625,0.125,0.078125,0.5762711864406783,0.530508474576271,0.35051462172387443,0.05062839185302246,0.09008708303676885,0.05,-1.3,6.749999999999999,5.0,13.0,0,2,2,0,2,37,0,3,13,5
2000215,1.0,0.05,0.75,-0.24478125000000106,-0.20000000000000107,0.044781249999999995,-9,44.78125,5.59375,0.1875,0.046875,0.046875,0.5803278688524596,0.519672131147541,0.8414259662967765,0.05108824177743636,0.824709300664104,0.05000000000000001,-0.3999999999999999,0.2000000000000004,2.0,13.0,1,1,1,0,3,44,0,0,11,3
2000216,1.0,0.05,0.75,-0.06901562500000072,-0.05000000000000071,0.019015625000000008,-8,19.015625,3.734375,0.1875,0.0625,0.078125,0.56271186440678,0.5203389830508474,0.6597341258710454,0.05077260150623674,0.6196230219126314,0.05,-0.95,0.9000000000000004,3.0,13.0,0,3,0,0,8,37,0,0,11,5
2000217,0.0,0.05,0.75,7.976937499999998,7.999999999999998,0.023062499999999996,-5,23.0625,4.34375,0.203125,0.125,0.03125,0.583870967741936,0.5193548387096774,0.5821109072039743,0.0634834296410797,0.23141673985997932,0.05,-0.95,8.950000000000001,4.0,17.0,0,5,2,0,0,40,0,0,15,2
2000218,1.0,0.05,0.75,-0.32573437499999897,-0.29999999999999893,0.02573437500000001,-10,25.734375,3.984375,0.203125,0.046875,0.015625,0.5841269841269846,0.519047619047619,0.9591962342211575,0.055936672916055225,0.9524443483113942,0.05000000000000001,-1.5999999999999996,1.3,8.0,8.0,1,1,3,0,2,43,0,0,13,1
2000219,1.0,0.05,0.75,-1.534578125,-1.5,0.034578125000000015,-10,34.578125,4.765625,0.171875,0.015625,0.078125,0.5898305084745769,0.533050847457627,0.9541781902480077,0.05055853460858127,0.9530020437301192,0.05,-0.6499999999999999,-0.8499999999999996,4.0,8.0,0,1,0,0,2,42,0,0,14,5
2000220,1.0,0.05,0.75,-0.11459375000000144,-0.10000000000000142,0.014593750000000011,-7,14.59375,3.25,0.15625,0.046875,0.109375,0.5824561403508777,0.5157894736842105,0.6554570950112415,0.05017390985089613,0.6191078883463207,0.05000000000000001,-0.95,0.8500000000000003,4.0,9.0,0,1,1,0,2,45,0,2,6,7
2000221,1.0,0.05,0.75,-0.5634843750000007,-0.5500000000000007,0.01348437500000001,-8,13.484375,2.859375,0.171875,0.046875,0.109375,0.5824561403508777,0.5315789473684209,0.8305539963078066,0.05069227381557857,0.8157847210456198,0.05,-1.0999999999999999,0.5500000000000003,5.0,9.0,0,1,0,0,3,40,0,1,12,7
2000222,0.0,0.05,0.75,5.137671874999999,5.149999999999999,0.01232812500000001,-5,12.328125,3.203125,0.125,0.046875,0.140625,0.5781818181818187,0.510909090909091,0.633947592755811,0.05005911013941985,0.5493784901492804,0.05,-0.55,5.699999999999999,2.0,9.0,2,2,2,0,0,39,0,0,10,9
2000223,0.0,0.05,0.75,0.5225625000000003,0.5500000000000003,0.02743749999999999,5,27.4375,5.0625,0.046875,0.125,0.125,0.5750000000000005,0.49732142857142847,0.24139203889236596,0.05014993001025635,0.005325945361173485,0.049999999999999996,-1.0999999999999999,1.6500000000000001,4.0,7.0,0,2,5,0,4,39,0,1,5,8
2000224,0.0,0.05,0.75,1.799296875,1.8,0.0007031250000000005,0,0.703125,0.703125,0.0625,0.0625,0.15625,0.5629629629629634,0.511111111111111,0.5537619104172906,0.050002941581333775,0.2443891544510302,0.05,-0.5,2.3,2.0,6.0,2,0,2,1,3,38,0,1,7,10
2000225,1.0,0.05,0.75,-2.4931093749999995,-2.4499999999999993,0.043109375000000005,-13,43.109375,5.171875,0.21875,0.015625,0.03125,0.5612903225806456,0.5193548387096774,0.9796651979659942,0.05329547773038002,0.979046684095444,0.05,-0.050000000000000044,-2.3999999999999995,1.0,14.0,0,0,2,1,9,40,0,1,9,2
2000226,0.0,0.05,0.75,5.948328124999999,5.949999999999999,0.001671875000000001,-3,1.671875,0.953125,0.15625,0.109375,0.140625,0.5890909090909096,0.5245454545454544,0.30802157984015643,0.05120301059357124,0.11009131491137274,0.05,-1.1500000000000001,7.099999999999999,5.0,12.0,0,2,2,0,0,38,0,1,12,9
2000227,0.0,0.05,0.75,8.880203124999998,8.899999999999999,0.019796875000000005,-7,19.796875,3.984375,0.21875,0.109375,0.03125,0.5709677419354843,0.529032258064516,0.5323629915838187,0.060576048973491156,0.37662730516499615,0.05,-1.3,10.200000000000001,5.0,16.0,1,2,1,0,4,38,0,1,15,2
2000228,0.0,0.05,0.75,5.64334375,5.6499999999999995,0.006656250000000005,-5,6.65625,2.09375,0.125,0.046875,0.09375,0.5827586206896558,0.5206896551724136,0.343582687271144,0.050012296620843985,0.28647517380389287,0.05,-0.45,6.1,3.0,8.0,0,1,2,1,1,42,0,1,10,6
2000229,0.0,0.05,0.75,5.742531249999999,5.749999999999999,0.007468750000000005,-3,7.46875,2.3125,0.140625,0.09375,0.03125,0.5935483870967748,0.521774193548387,0.6901857003320865,0.05021325901685428,0.36958268777338255,0.05,-0.4,6.1499999999999995,2.0,13.0,0,0,3,0,2,45,0,0,12,2
2000230,1.0,0.05,0.75,-1.8610937499999989,-1.799999999999999,0.06109375000000002,-12,61.09375,6.8125,0.21875,0.03125,0.109375,0.5824561403508777,0.5394736842105261,0.9590739080140325,0.06139944456735412,0.9564350217860526,0.05,-0.5999999999999999,-1.2000000000000002,3.0,13.0,0,0,3,0,4,32,0,1,17,7
2000231,0.0,0.05,0.75,3.3476562499999996,3.3499999999999996,0.002343750000000001,0,2.34375,1.21875,0.109375,0.109375,0.109375,0.571929824561404,0.513157894736842,0.6608785818087906,0.05010170919696189,0.14273098772279463,0.05,-0.8,4.1499999999999995,3.0,11.0,0,3,1,1,3,40,0,0,9,7
2000232,0.0,0.05,0.75,3.19890625,3.1999999999999997,0.0010937500000000005,1,1.09375,0.78125,0.109375,0.125,0.140625,0.5890909090909096,0.5136363636363637,0.44076615115311024,0.05042576890953235,0.03907935541124947,0.05,-0.9000000000000001,4.1,3.0,12.0,0,0,5,0,3,37,0,0,10,9
2000233,0.0,0.05,0.75,6.132656249999999,6.1499999999999995,0.017343750000000012,-6,17.34375,3.75,0.15625,0.0625,0.09375,0.5827586206896556,0.518103448275862,0.627729914605198,0.050148214071199126,0.5577754462081872,0.049999999999999996,-0.35000000000000003,6.499999999999998,1.0,13.0,0,1,4,0,3,38,0,1,11,6
2000234,1.0,0.05,0.75,-0.06428125000000072,-0.05000000000000071,0.014281250000000006,-8,14.28125,2.8125,0.171875,0.046875,0.125,0.5785714285714291,0.5214285714285712,0.8111696495133847,0.05181536465941137,0.7851418832563464,0.05,0.0,-0.0499999999999996,0.0,14.0,0,0,2,0,4,40,0,2,8,8
2000235,1.0,0.05,0.75,2.3406093749999997,2.3499999999999996,0.009390625000000007,-5,9.390625,2.828125,0.171875,0.09375,0.125,0.5821428571428575,0.5214285714285714,0.8488011802285024,0.07433159987513821,0.6067557518121758,0.05,-0.8500000000000001,3.2,5.0,12.0,0,1,2,0,4,38,0,0,11,8
2000236,0.0,0.05,0.75,4.397640624999998,4.399999999999999,0.0023593750000000012,1,2.359375,1.234375,0.125,0.140625,0.09375,0.5827586206896558,0.5232758620689655,0.24116904952544518,0.05259096987938561,0.014102644356231295,0.04999999999999999,-1.0,5.399999999999999,5.0,12.0,0,1,0,0,4,43,0,0,10,6
2000237,1.0,0.05,0.75,2.546640624999999,2.549999999999999,0.0033593750000000026,-3,3.359375,1.546875,0.125,0.078125,0.015625,0.5809523809523816,0.5142857142857142,0.24930059833117987,0.05001186630378101,0.10705920249758846,0.05,-0.3999999999999999,2.9499999999999993,2.0,11.0,0,1,2,1,3,47,0,0,9,1
2000238,0.0,0.05,0.75,2.432546875,2.4499999999999997,0.01745312500000001,7,17.453125,3.921875,0.125,0.234375,0.078125,0.5762711864406784,0.5127118644067795,0.37012884615725383,0.14328515884531393,0.0007920485037964462,0.05,-2.35,4.799999999999999,9.0,14.0,1,4,1,0,1,41,0,0,11,5
2000239,1.0,0.05,0.75,-0.34446874999999894,-0.29999999999999893,0.044468749999999994,-9,44.46875,6.25,0.1875,0.046875,0.0625,0.5833333333333338,0.5325,0.8850927166394309,0.05154356500063104,0.8752328872572365,0.05,-0.9999999999999998,0.7000000000000002,5.0,10.0,0,1,0,0,4,41,0,0,14,4
2000240,1.0,0.05,0.75,0.47109375,0.5,0.028906249999999998,-6,28.90625,4.96875,0.15625,0.0625,0.09375,0.5689655172413798,0.5232758620689655,0.7719669373674753,0.050485397761123735,0.6988434346957587,0.05,-0.050000000000000044,0.55,1.0,13.0,1,1,2,0,4,37,0,2,11,6
2000241,1.0,0.05,0.75,-0.36668750000000144,-0.3500000000000014,0.016687500000000008,-7,16.6875,3.21875,0.15625,0.046875,0.046875,0.5770491803278693,0.5172131147540984,0.7157518417256357,0.050056600066273105,0.6817547202145303,0.05,0.0,-0.34999999999999964,0.0,13.0,1,2,1,0,2,44,0,1,10,3
2000242,0.0,0.05,0.75,3.2458281249999996,3.2499999999999996,0.004171875000000003,-2,4.171875,1.703125,0.078125,0.046875,0.125,0.5857142857142862,0.5187499999999999,0.5587440624169606,0.05000331692810896,0.40001140168370464,0.05000000000000001,-0.55,3.8,2.0,6.0,0,1,0,0,3,44,0,0,8,8
2000243,0.0,0.05,0.75,4.447953125,4.449999999999999,0.0020468750000000014,-1,2.046875,1.171875,0.140625,0.125,0.046875,0.570491803278689,0.5073770491803279,0.35099200157851435,0.05018851541396358,0.045556465847435786,0.05,-0.75,5.199999999999998,3.0,14.0,2,3,1,0,2,44,0,0,9,3
2000244,0.0,0.05,0.75,1.2982812499999994,1.2999999999999994,0.001718750000000001,3,1.71875,0.96875,0.078125,0.125,0.125,0.578571428571429,0.5267857142857142,0.553370395227663,0.05005844303118857,0.060007548676484425,0.05,-0.65,1.9499999999999995,2.0,11.0,0,1,1,0,3,39,0,2,10,8
2000245,0.0,0.05,0.75,1.58496875,1.6,0.015031250000000012,4,15.03125,3.375,0.078125,0.140625,0.125,0.5571428571428575,0.5026785714285714,0.28581075054548466,0.051043584693461895,0.006934083101883401,0.05000000000000001,-0.6000000000000001,2.2,3.0,11.0,1,2,2,0,6,39,0,2,4,8
2000246,0.0,0.05,0.75,2.798875,2.8,0.0011250000000000003,0,1.125,0.75,0.078125,0.078125,0.09375,0.5862068965517246,0.5025862068965516,0.4868737899136329,0.05000536172838743,0.11973529991677809,0.05,-0.4,3.2,2.0,8.0,0,2,2,0,2,47,0,0,5,6
2000247,1.0,0.05,0.75,0.8147187500000005,0.8500000000000005,0.03528125,-7,35.28125,5.34375,0.1875,0.078125,0.109375,0.5754385964912285,0.5263157894736841,0.8444847679495211,0.06283523235081204,0.7645430543818414,0.05,0.0,0.8500000000000001,0.0,17.0,0,1,3,1,2,36,0,2,12,7
2000248,0.0,0.05,0.75,2.8967343750000003,2.9000000000000004,0.0032656250000000025,2,3.265625,1.578125,0.09375,0.125,0.0625,0.5633333333333338,0.505,0.33413664604175997,0.05016391091854773,0.016714284088569824,0.049999999999999996,-0.55,3.4499999999999993,3.0,11.0,1,3,1,1,4,43,0,0,7,4
2000249,1.0,0.05,0.75,-0.2722187500000009,-0.2500000000000009,0.022218750000000002,-8,22.21875,4.0,0.171875,0.046875,0.140625,0.585454545454546,0.5163636363636362,0.8728667059261884,0.05295302465768103,0.8518920528518913,0.05,-0.19999999999999996,-0.04999999999999971,1.0,13.0,0,1,5,1,0,36,0,1,11,9
2000250,0.0,0.05,0.75,4.948468749999998,4.949999999999998,0.0015312500000000007,0,1.53125,0.96875,0.140625,0.140625,0.046875,0.5770491803278692,0.5049180327868853,0.2737351032436084,0.050951218950185534,0.012377329895541139,0.05,-1.15,6.099999999999999,6.0,12.0,0,4,3,0,3,42,0,0,9,3
2000251,1.0,0.05,0.75,0.5366406249999998,0.5499999999999998,0.01335937500000001,-7,13.359375,3.078125,0.171875,0.0625,0.0625,0.5800000000000005,0.5275,0.888414607879749,0.05166145259885795,0.851138755607897,0.05,0.0,0.55,0.0,15.0,0,2,1,0,4,39,0,0,14,4
2000252,0.0,0.05,0.75,5.897078124999999,5.8999999999999995,0.0029218750000000017,-3,2.921875,1.484375,0.15625,0.109375,0.0625,0.5766666666666672,0.51,0.7355580839424498,0.05149696559744044,0.2916286155347611,0.049999999999999996,-1.1,6.999999999999999,4.0,13.0,0,3,4,0,3,39,0,1,10,4
2000253,0.0,0.05,0.75,0.8820000000000001,0.9000000000000001,0.018000000000000002,5,18.0,4.0625,0.0625,0.140625,0.125,0.5750000000000003,0.5053571428571428,0.31926806743208774,0.050506715903687716,0.006764493590136383,0.049999999999999996,-1.6500000000000001,2.55,7.0,6.0,0,3,1,0,4,42,0,0,6,8
2000254,0.0,0.05,0.75,5.548703124999999,5.55,0.001296875000000001,-1,1.296875,0.953125,0.171875,0.15625,0.0625,0.5666666666666671,0.5274999999999999,0.8069892453076942,0.06328375590941691,0.13585259387186885,0.05,-1.4000000000000001,6.949999999999999,5.0,16.0,0,3,0,1,4,38,0,1,13,4
2000255,1.0,0.05,0.75,0.8446562499999997,0.8499999999999996,0.005343750000000003,-4,5.34375,1.875,0.125,0.0625,0.140625,0.5854545454545459,0.519090909090909,0.5843767976386202,0.0500700757999406,0.4585086206048495,0.05,0.0,0.8500000000000001,0.0,12.0,0,2,1,0,2,40,0,0,10,9
2000256,1.0,0.05,0.75,-1.7864218750000018,-1.7500000000000018,0.036421875000000006,-11,36.421875,5.171875,0.1875,0.015625,0.09375,0.5862068965517246,0.5439655172413791,0.9739067758670463,0.05230714034089076,0.9733061984522582,0.05000000000000001,-0.44999999999999996,-1.2999999999999998,3.0,10.0,0,0,1,0,1,38,0,3,15,6
2000257,1.0,0.05,0.75,0.6411874999999995,0.6499999999999995,0.008812500000000006,-4,8.8125,2.6875,0.109375,0.046875,0.0625,0.5800000000000005,0.5175,0.6310398779108232,0.05000689463730975,0.5307835997999338,0.05,-0.5999999999999999,1.2500000000000002,3.0,7.0,0,2,1,0,2,45,0,2,8,4
2000258,1.0,0.05,0.75,-0.9053437499999979,-0.8499999999999979,0.05534375000000002,-11,55.34375,6.625,0.203125,0.03125,0.09375,0.5931034482758627,0.5413793103448273,0.9575693341539849,0.059673409922109816,0.9546846034052122,0.05,-0.7999999999999998,-0.0499999999999996,4.0,11.0,0,1,1,0,1,37,0,0,18,6
2000259,0.0,0.05,0.75,3.699421874999999,3.6999999999999993,0.0005781250000000002,0,0.578125,0.453125,0.109375,0.109375,0.140625,0.5781818181818187,0.5081818181818182,0.5187733781532562,0.050209278909501075,0.08139898882448408,0.05,-0.2,3.8999999999999995,1.0,13.0,0,1,3,0,5,39,0,0,7,9
2000260,0.0,0.05,0.75,4.747796875000001,4.750000000000001,0.0022031250000000015,-3,2.203125,1.296875,0.125,0.078125,0.109375,0.5789473684210531,0.5052631578947369,0.7642369705759787,0.05024056621350062,0.44931643508027896,0.05,-0.2,4.95,1.0,12.0,1,2,3,0,2,41,0,0,8,7
2000261,0.0,0.05,0.75,2.0770000000000004,2.1000000000000005,0.022999999999999986,4,23.0,4.53125,0.109375,0.171875,0.0625,0.5600000000000004,0.51,0.2327566387694034,0.05545104843722456,0.00367519908576469,0.05,-0.44999999999999996,2.55,2.0,16.0,2,3,0,1,2,43,0,1,8,4
2000262,0.0,0.05,0.75,4.849187499999998,4.849999999999999,0.0008125000000000005,-1,0.8125,0.625,0.140625,0.125,0.078125,0.5728813559322038,0.5127118644067796,0.5620147306684409,0.050567978661109146,0.09472068322793008,0.05,-0.44999999999999996,5.299999999999999,2.0,15.0,1,5,3,0,0,36,0,1,13,5
2000263,0.0,0.05,0.75,3.3991875,3.4,0.0008125000000000003,1,0.8125,0.65625,0.109375,0.125,0.171875,0.5735849056603778,0.511320754716981,0.36302538862249895,0.05120638175552414,0.02899540590002717,0.05,-0.4,3.8000000000000007,2.0,13.0,0,1,3,0,5,36,0,1,7,11
2000264,0.0,0.05,0.75,1.5980625000000004,1.6000000000000003,0.0019375000000000013,2,1.9375,1.25,0.0625,0.09375,0.078125,0.5728813559322038,0.4974576271186441,0.43131293973526064,0.050005882565513964,0.046558194921551756,0.049999999999999996,-0.75,2.35,3.0,7.0,0,2,2,0,6,46,0,0,3,5
2000265,1.0,0.05,0.75,-1.8341718750000007,-1.8000000000000007,0.03417187500000001,-11,34.171875,4.890625,0.1875,0.015625,0.09375,0.5827586206896556,0.5336206896551722,0.975293521891822,0.0526079201453829,0.9744561252532037,0.049999999999999996,-0.7,-1.0999999999999996,3.0,10.0,0,2,1,0,2,37,0,1,15,6
2000266,0.0,0.05,0.75,4.644109374999998,4.649999999999999,0.005890625000000003,1,5.890625,2.046875,0.140625,0.15625,0.0625,0.5866666666666673,0.5249999999999999,0.3287090997204944,0.05352171578611261,0.015612993654898046,0.049999999999999996,-1.2,5.85,6.0,13.0,0,1,1,0,3,43,0,0,12,4
2000267,1.0,0.05,0.75,2.1435624999999985,2.1499999999999986,0.006437500000000004,-3,6.4375,2.15625,0.125,0.078125,0.046875,0.59016393442623,0.5172131147540984,0.6742620204564831,0.05006868608611916,0.4030272465515623,0.049999999999999996,0.0,2.1500000000000004,0.0,13.0,1,1,1,0,0,48,0,0,10,3
2000268,0.0,0.05,0.75,2.1992187499999996,2.1999999999999997,0.0007812500000000005,2,0.78125,0.5625,0.078125,0.109375,0.046875,0.5934426229508203,0.519672131147541,0.4721557738551955,0.05001274055545868,0.054874670099960665,0.05,-0.75,2.95,3.0,9.0,0,1,0,0,1,50,0,0,9,3
2000269,1.0,0.05,0.75,-2.3832343750000007,-2.3500000000000005,0.033234375000000003,-10,33.234375,4.640625,0.15625,0.0,0.0625,0.5833333333333339,0.5199999999999999,0.9641289506339681,0.050094964132715955,0.9634572688185015,0.05,-1.0499999999999998,-1.2999999999999998,4.0,6.0,0,2,1,0,2,44,0,1,10,4
2000270,0.0,0.05,0.75,4.195765625,4.2,0.004234375000000003,0,4.234375,1.765625,0.140625,0.140625,0.15625,0.566666666666667,0.5166666666666666,0.3714967504119766,0.053698856465258765,0.03356626260664529,0.05,-1.0999999999999999,5.3,5.0,13.0,0,4,1,1,3,34,0,0,11,10
2000271,0.0,0.05,0.75,4.2956562499999995,4.3,0.004343750000000001,-4,4.34375,1.53125,0.09375,0.03125,0.0625,0.5800000000000004,0.5124999999999998,0.6404871461539206,0.050001883686528,0.5684966173195911,0.05,0.0,4.3,0.0,8.0,0,2,0,1,2,48,0,0,7,4
2000272,0.0,0.05,0.75,2.6975,2.6999999999999997,0.002500000000000002,0,2.5,1.4375,0.078125,0.078125,0.15625,0.6000000000000005,0.5138888888888888,0.41076362597178534,0.05001739454188477,0.12328557405053171,0.05,-0.2,2.9,1.0,9.0,0,0,2,0,0,45,0,0,7,10
2000273,1.0,0.05,0.75,1.6414687499999994,1.6499999999999995,0.008531250000000004,-5,8.53125,2.125,0.15625,0.078125,0.109375,0.5824561403508778,0.5105263157894736,0.8390519562296483,0.05343723321535731,0.6622489093020618,0.05,-0.19999999999999996,1.8499999999999999,1.0,14.0,0,0,7,0,3,36,0,2,9,7
2000274,1.0,0.05,0.75,0.06978124999999963,0.09999999999999964,0.030218750000000016,-8,30.21875,5.0,0.171875,0.046875,0.09375,0.5965517241379317,0.5284482758620689,0.9292814406992659,0.05280481731038316,0.9164929052309603,0.05,-0.44999999999999996,0.5500000000000003,3.0,11.0,0,1,3,0,0,39,0,0,15,6
2000275,1.0,0.05,0.75,-0.357359374999999,-0.29999999999999893,0.057359375000000025,-10,57.359375,6.421875,0.203125,0.046875,0.0625,0.5800000000000006,0.5299999999999998,0.9310090148811401,0.057105687966823374,0.9231709466653194,0.05000000000000001,-0.8499999999999999,0.5500000000000003,5.0,11.0,1,0,2,0,4,38,0,0,15,4
2000276,1.0,0.05,0.75,-0.7783281250000018,-0.7500000000000018,0.028328125000000016,-10,28.328125,4.296875,0.203125,0.046875,0.078125,0.5661016949152545,0.5152542372881356,0.9508051198991011,0.059930654343563095,0.942044091111054,0.049999999999999996,-0.8500000000000001,0.10000000000000009,4.0,12.0,0,5,3,0,3,34,0,2,12,5
2000277,1.0,0.05,0.75,0.8933124999999995,0.8999999999999995,0.006687500000000004,-5,6.6875,1.90625,0.140625,0.0625,0.109375,0.5824561403508777,0.5289473684210525,0.8389468719603919,0.05054934187889634,0.759073223045638,0.049999999999999996,-0.8499999999999999,1.75,5.0,8.0,0,0,0,0,4,42,0,1,10,7
2000278,1.0,0.05,0.75,1.6889531249999994,1.6999999999999993,0.011046875000000008,-6,11.046875,2.921875,0.1875,0.09375,0.0625,0.5800000000000005,0.5225,0.6562869270857609,0.053934602989398485,0.49374609170938677,0.04999999999999999,-0.3999999999999999,2.0999999999999996,2.0,16.0,0,2,4,0,2,37,0,2,13,4
2000279,0.0,0.05,0.75,5.7478125,5.75,0.0021875000000000015,-3,2.1875,1.125,0.15625,0.109375,0.03125,0.5774193548387101,0.5193548387096774,0.2871788069886252,0.05011537996694237,0.09928425641799243,0.05,-0.55,6.3,2.0,15.0,1,1,0,0,4,46,0,0,10,2
2000280,1.0,0.05,0.75,1.0345156249999998,1.0499999999999998,0.015484375000000012,-5,15.484375,3.484375,0.140625,0.0625,0.0625,0.5900000000000005,0.5274999999999999,0.6788239476381825,0.05010321264202287,0.5791126088761221,0.05,-0.5999999999999999,1.6500000000000001,3.0,10.0,0,0,1,0,2,45,0,1,11,4
2000281,1.0,0.05,0.75,0.7815000000000007,0.8000000000000007,0.018500000000000003,-9,18.5,3.40625,0.21875,0.078125,0.09375,0.5793103448275866,0.5387931034482757,0.9467811810071183,0.1298070419412447,0.9033504606489504,0.05000000000000001,-0.3999999999999999,1.2,3.0,16.0,0,0,1,0,5,36,0,1,15,6
2000282,1.0,0.05,0.75,-1.6994531250000005,-1.6500000000000004,0.049453125000000014,-12,49.453125,5.921875,0.203125,0.015625,0.078125,0.5830508474576276,0.5305084745762711,0.9864142986813952,0.0594644661387789,0.9855857291997124,0.05,-1.0999999999999999,-0.5499999999999998,7.0,7.0,0,1,2,0,3,38,0,1,14,5
2000283,0.0,0.05,0.75,1.0964375000000002,1.1,0.0035625000000000023,4,3.5625,1.5625,0.0625,0.125,0.078125,0.5796610169491531,0.502542372881356,0.45949858751621264,0.05003188653084695,0.01876714463714639,0.05000000000000002,-1.5000000000000002,2.6,6.0,6.0,0,0,3,0,6,46,0,0,4,5
2000284,1.0,0.05,0.75,-2.1978281250000005,-2.1500000000000004,0.04782812500000001,-12,47.828125,5.828125,0.203125,0.015625,0.078125,0.579661016949153,0.5254237288135593,0.9686464342794945,0.05288664673821713,0.9677809129164228,0.05,-0.050000000000000044,-2.0999999999999996,1.0,13.0,0,1,3,0,5,36,0,0,14,5
2000285,1.0,0.05,0.75,-0.12470312500000144,-0.10000000000000142,0.024703125000000017,-8,24.703125,4.265625,0.171875,0.046875,0.125,0.5857142857142863,0.545535714285714,0.8623503340979516,0.05156067139820404,0.8513982953070875,0.05,-0.6499999999999999,0.5500000000000002,4.0,10.0,0,0,0,1,1,37,0,1,16,8
2000286,0.0,0.05,0.75,6.691796875,6.699999999999999,0.008203125000000006,-6,8.203125,2.296875,0.140625,0.046875,0.0625,0.5833333333333338,0.5199999999999999,0.9147557306425825,0.05037810017797617,0.8805907383234802,0.05,-0.6000000000000001,7.299999999999999,2.0,10.0,0,1,2,1,2,43,0,0,11,4
2000287,1.0,0.05,0.75,1.5934999999999997,1.5999999999999996,0.006500000000000005,-4,6.5,2.15625,0.125,0.0625,0.0625,0.5900000000000005,0.51,0.6889100309241161,0.05007207500061134,0.49692581243237266,0.05,-0.25,1.8500000000000003,2.0,10.0,0,1,5,0,2,42,0,0,10,4
2000288,1.0,0.05,0.75,-0.1878749999999986,-0.14999999999999858,0.03787500000000002,-9,37.875,5.375,0.1875,0.046875,0.109375,0.5684210526315794,0.5263157894736843,0.9342160888531205,0.057762918067894804,0.9236046078285686,0.05,-0.8,0.6500000000000001,5.0,10.0,1,0,2,0,7,34,0,0,13,7
2000289,1.0,0.05,0.75,-1.286140625,-1.25,0.036140625000000016,-10,36.140625,5.390625,0.171875,0.015625,0.0625,0.5866666666666672,0.5275,0.9609074484818445,0.05065493924026938,0.9595092549864538,0.049999999999999996,-0.9999999999999998,-0.24999999999999978,5.0,7.0,0,0,0,0,4,45,0,0,11,4
2000290,0.0,0.05,0.75,2.4346562499999997,2.4499999999999997,0.01534375000000001,4,15.34375,3.4375,0.125,0.1875,0.125,0.5785714285714291,0.5133928571428571,0.7323209189490449,0.055710762324526986,0.012872676911593184,0.049999999999999996,-1.1,3.55,4.0,16.0,0,4,2,0,2,37,0,0,11,8
2000291,0.0,0.05,0.75,6.494203124999999,6.499999999999999,0.005796875000000002,-6,5.796875,1.640625,0.15625,0.0625,0.078125,0.5694915254237293,0.5254237288135593,0.6539129360643826,0.050185217929587106,0.5811920942914792,0.05,-0.55,7.05,2.0,12.0,0,1,0,2,2,43,1,0,10,5
2000292,0.0,0.05,0.75,5.145609374999999,5.1499999999999995,0.004390625000000003,-4,4.390625,1.796875,0.140625,0.078125,0.078125,0.5627118644067801,0.5254237288135594,0.4230002062255511,0.050037076975488766,0.28935365033442556,0.05,-0.2,5.3500000000000005,1.0,13.0,0,3,0,0,2,41,1,4,8,5
2000293,1.0,0.05,0.75,1.3473749999999995,1.3499999999999996,0.0026250000000000015,-4,2.625,1.0625,0.125,0.0625,0.09375,0.5758620689655177,0.518103448275862,0.6979061685113347,0.0501153315910286,0.5272073618343106,0.05,-0.34999999999999987,1.6999999999999997,2.0,10.0,0,2,2,0,2,41,0,3,8,6
2000294,1.0,0.05,0.75,-1.0615468750000008,-1.0500000000000007,0.011546875000000007,-5,11.546875,2.765625,0.09375,0.015625,0.125,0.5928571428571434,0.5107142857142858,0.7462833259705108,0.050002597700055135,0.7249543764051972,0.05000000000000001,-0.19999999999999996,-0.8500000000000001,1.0,6.0,0,1,2,0,1,45,0,0,7,8
2000295,1.0,0.05,0.75,0.9292031249999992,0.9499999999999993,0.020796875000000013,-8,20.796875,3.984375,0.21875,0.09375,0.078125,0.5830508474576277,0.5228813559322033,0.6925874121942948,0.06925204705700488,0.581782781893487,0.05,-0.75,1.7000000000000002,3.0,17.0,0,3,2,0,2,38,0,0,14,5
2000296,0.0,0.05,0.75,5.948093749999999,5.949999999999999,0.0019062500000000013,-1,1.90625,1.15625,0.171875,0.15625,0.046875,0.5803278688524596,0.5196721311475409,0.41684257388483126,0.05457001394892444,0.03191503441696332,0.049999999999999996,-0.2,6.15,1.0,20.0,1,1,2,1,1,43,0,0,12,3
2000297,0.0,0.05,0.75,3.49928125,3.5,0.0007187500000000004,-2,0.71875,0.59375,0.09375,0.0625,0.109375,0.5859649122807024,0.5184210526315788,0.4596510835673985,0.050005623256044976,0.27984975178274846,0.05,-0.6000000000000001,4.1,3.0,7.0,0,1,1,0,2,44,0,1,8,7
2000298,1.0,0.05,0.75,1.6939843749999992,1.6999999999999993,0.006015625000000004,-6,6.015625,1.953125,0.1875,0.09375,0.078125,0.555932203389831,0.5177966101694914,0.6046597921883936,0.05496400885996268,0.4184898503872731,0.05,-0.3999999999999999,2.0999999999999996,2.0,16.0,0,5,0,0,7,35,0,1,11,5
2000299,1.0,0.05,0.75,0.18434374999999928,0.1999999999999993,0.01565625000000001,-8,15.65625,3.3125,0.1875,0.0625,0.09375,0.5758620689655177,0.5232758620689654,0.7739113639440193,0.05245676054006684,0.7349979374586294,0.05,-0.55,0.7500000000000004,3.0,13.0,0,2,1,1,3,39,0,0,12,6
2000300,0.0,0.05,0.75,4.548609375,4.55,0.0013906250000000008,-2,1.390625,0.921875,0.125,0.09375,0.09375,0.5724137931034486,0.5155172413793103,0.5744513453115387,0.0501085089479349,0.24332265971121672,0.05000000000000001,-1.2,5.75,5.0,9.0,0,1,1,1,5,42,0,0,8,6
2000301,0.0,0.05,0.75,3.999328124999999,3.999999999999999,0.0006718750000000005,-1,0.671875,0.671875,0.109375,0.09375,0.09375,0.5620689655172417,0.5206896551724137,0.27107633346736687,0.05003726737045726,0.08725365886891653,0.05000000000000001,-0.8500000000000001,4.849999999999999,4.0,9.0,1,2,1,0,4,38,1,1,10,6
2000302,0.0,0.05,0.75,3.2459218749999996,3.2499999999999996,0.004078125000000003,-2,4.078125,1.859375,0.09375,0.0625,0.109375,0.5859649122807024,0.5105263157894736,0.5416253967444493,0.05000647529082139,0.31189899004198135,0.04999999999999999,-0.35000000000000003,3.5999999999999996,1.0,9.0,1,0,3,0,1,44,0,1,7,7
2000303,1.0,0.05,0.75,-1.776609375,-1.75,0.026609374999999998,-9,26.609375,3.796875,0.140625,0.0,0.109375,0.5894736842105268,0.5210526315789472,0.9768307334871495,0.05023689976794804,0.975950620461246,0.05,-0.25,-1.4999999999999998,2.0,7.0,0,1,1,0,1,44,0,1,9,7
2000304,0.0,0.05,0.75,3.79934375,3.8,0.0006562500000000004,2,0.65625,0.59375,0.109375,0.140625,0.078125,0.5762711864406783,0.5101694915254238,0.6576616506140962,0.0505250742092648,0.029455606481696598,0.049999999999999996,-0.95,4.749999999999999,4.0,12.0,1,2,2,0,3,42,0,0,9,5
2000305,0.0,0.05,0.75,4.149109375,4.15,0.0008906250000000006,-2,0.890625,0.703125,0.109375,0.078125,0.0625,0.5733333333333338,0.5175,0.7265446680657135,0.050030708858366905,0.3985631250421174,0.05,-0.75,4.9,3.0,9.0,0,2,1,0,5,42,0,1,9,4
2000306,0.0,0.05,0.75,4.196593749999999,4.199999999999999,0.003406250000000002,-1,3.40625,1.59375,0.125,0.109375,0.09375,0.5689655172413796,0.5155172413793104,0.49905352041709883,0.05014834854308263,0.10624521034169387,0.05,-0.95,5.1499999999999995,4.0,11.0,0,3,1,0,6,38,0,0,10,6
2000307,1.0,0.05,0.75,1.5968749999999996,1.5999999999999996,0.003125000000000002,-4,3.125,1.375,0.140625,0.078125,0.03125,0.5806451612903231,0.521774193548387,0.4896350452422947,0.05003373381465604,0.3325359274244832,0.05,-0.19999999999999996,1.7999999999999998,1.0,13.0,0,1,2,0,4,43,0,1,11,2
2000308,1.0,0.05,0.75,-2.58890625,-2.5,0.08890625000000002,-15,88.90625,8.1875,0.25,0.015625,0.078125,0.5830508474576277,0.5406779661016947,0.9982327226844333,0.17019812852073718,0.9965707498428844,0.049999999999999996,-0.30000000000000004,-2.2,3.0,14.0,0,1,1,0,4,35,0,0,18,5
2000309,1.0,0.05,0.75,3.3856250000000006,3.4000000000000004,0.01437500000000001,-5,14.375,3.34375,0.203125,0.125,0.046875,0.570491803278689,0.5319672131147539,0.9020099356052592,0.12898703506375103,0.5577946802109518,0.05,-0.30000000000000004,3.7,3.0,18.0,0,2,0,0,4,40,1,1,13,3
2000310,1.0,0.05,0.75,-2.2887968749999983,-2.2499999999999982,0.038796875000000015,-12,38.796875,5.203125,0.1875,0.0,0.09375,0.5862068965517246,0.5310344827586205,0.9853498480100972,0.052973331661219106,0.9850093631727859,0.05,-0.7999999999999998,-1.4499999999999997,4.0,8.0,0,0,0,0,3,43,0,1,11,6
2000311,1.0,0.05,0.75,0.5934374999999996,0.5999999999999996,0.006562500000000005,-4,6.5625,2.1875,0.109375,0.046875,0.125,0.5785714285714292,0.5160714285714285,0.5950530314396274,0.05001779501245376,0.4968790795759135,0.05,-0.3999999999999999,1.0,2.0,8.0,1,0,1,0,3,43,0,1,7,8
2000312,1.0,0.05,0.75,3.4450625,3.45,0.0049375000000000035,-2,4.9375,1.90625,0.140625,0.109375,0.109375,0.5614035087719302,0.5131578947368421,0.6726288248012279,0.05174316336839369,0.1736159646970787,0.05000000000000001,-0.7999999999999998,4.25,4.0,12.0,1,3,1,0,4,38,0,2,8,7
2000313,0.0,0.05,0.75,6.2343125,6.25,0.01568750000000001,-7,15.6875,3.46875,0.140625,0.03125,0.109375,0.578947368421053,0.5236842105263158,0.857739038124329,0.05008948693248487,0.845669424809887,0.05,-0.55,6.799999999999999,2.0,9.0,0,1,2,0,4,38,0,1,11,7
2000314,1.0,0.05,0.75,-2.4290312499999995,-2.3999999999999995,0.029031250000000005,-9,29.03125,4.65625,0.140625,0.0,0.109375,0.5684210526315794,0.5184210526315788,0.911826486004464,0.05003667515837397,0.9103195427953334,0.05,0.0,-2.4000000000000004,0.0,9.0,1,1,1,0,4,40,1,0,9,7
2000315,1.0,0.05,0.75,-2.1264843750000004,-2.1000000000000005,0.026484375000000015,-10,26.484375,4.390625,0.171875,0.015625,0.078125,0.5864406779661022,0.530508474576271,0.898391030745339,0.050144897412651844,0.8967947988228977,0.05,-0.3999999999999999,-1.6999999999999997,2.0,10.0,1,1,1,0,1,40,0,0,15,5
2000316,1.0,0.05,0.75,-0.8133593750000008,-0.8000000000000007,0.013359375000000008,-7,13.359375,2.953125,0.140625,0.03125,0.125,0.5821428571428576,0.5160714285714285,0.8600359036145493,0.050138772568367046,0.8428957662080918,0.04999999999999999,-0.19999999999999996,-0.6,1.0,10.0,0,1,2,1,2,41,0,0,9,8
2000317,1.0,0.05,0.75,-0.5651718750000008,-0.5500000000000007,0.015171875000000012,-8,15.171875,3.046875,0.15625,0.03125,0.0625,0.5833333333333339,0.5199999999999999,0.8723034229210321,0.050173986647717154,0.8602629715994616,0.05,-0.5999999999999999,0.050000000000000266,3.0,9.0,0,1,3,1,2,41,0,0,12,4
2000318,1.0,0.05,0.75,0.8907187499999994,0.8999999999999995,0.009281250000000007,-5,9.28125,2.84375,0.140625,0.0625,0.015625,0.5809523809523816,0.5190476190476189,0.8320974138846278,0.050092898271094775,0.7250979619304035,0.05000000000000001,-0.95,1.8499999999999999,5.0,8.0,0,3,0,0,3,46,0,0,11,1
2000319,1.0,0.05,0.75,0.23834375,0.25,0.011656250000000007,-5,11.65625,2.84375,0.140625,0.0625,0.109375,0.5614035087719301,0.5131578947368421,0.5684065898935104,0.05006827493205498,0.4586731844161952,0.05,-0.19999999999999996,0.4500000000000002,1.0,12.0,1,6,0,0,3,35,0,0,12,7
2000320,1.0,0.05,0.75,-0.5710625000000007,-0.5500000000000007,0.021062500000000012,-7,21.0625,4.125,0.140625,0.03125,0.15625,0.5814814814814818,0.5249999999999999,0.8851804908704752,0.050414302749592375,0.871269150651688,0.049999999999999996,-0.6499999999999999,0.10000000000000009,4.0,7.0,1,1,2,0,1,36,0,1,12,10
2000321,1.0,0.05,0.75,4.2476562499999995,4.249999999999999,0.0023437500000000016,0,2.34375,1.28125,0.125,0.125,0.09375,0.5724137931034486,0.5155172413793103,0.4500957500162078,0.05037648052730421,0.049113317673007834,0.05000000000000001,-0.19999999999999996,4.45,1.0,15.0,1,0,3,1,3,40,0,1,9,6
2000322,0.0,0.05,0.75,3.0444999999999998,3.05,0.005500000000000004,1,5.5,2.21875,0.09375,0.109375,0.078125,0.5830508474576277,0.5152542372881355,0.4109203844891448,0.05004627880811487,0.048128293484474366,0.05000000000000001,-0.4,3.45,2.0,11.0,0,1,3,0,3,42,0,1,9,5
2000323,1.0,0.05,0.75,0.7723281249999989,0.7999999999999989,0.027671875000000012,-9,27.671875,4.328125,0.203125,0.0625,0.078125,0.5830508474576277,0.5355932203389829,0.9886360995164366,0.13765981425229795,0.9768833707871288,0.049999999999999996,-0.30000000000000004,1.1,3.0,14.0,1,0,1,0,2,39,0,1,15,5
2000324,1.0,0.05,0.75,-2.7311406249999988,-2.6499999999999986,0.081140625,-14,81.140625,8.078125,0.21875,0.0,0.125,0.6000000000000005,0.5401785714285712,0.9958062197127033,0.09900856509897096,0.9947532933796942,0.05,-0.30000000000000004,-2.3499999999999996,3.0,11.0,0,0,2,0,0,37,0,0,17,8
2000325,1.0,0.05,0.75,2.542656249999998,2.549999999999998,0.007343750000000006,-4,7.34375,2.4375,0.15625,0.09375,0.09375,0.5896551724137937,0.518103448275862,0.6959355063705699,0.0524771746433449,0.3980992196189958,0.05,-0.25,2.8,2.0,14.0,0,1,4,0,2,39,0,0,12,6
2000326,1.0,0.05,0.75,2.8493437499999996,2.8499999999999996,0.0006562500000000004,0,0.65625,0.59375,0.109375,0.109375,0.046875,0.570491803278689,0.5098360655737705,0.5403847704562788,0.05001709568682721,0.11319965349801209,0.05,-0.6499999999999999,3.499999999999999,2.0,12.0,1,1,4,0,4,41,0,2,8,3
2000327,0.0,0.05,0.75,1.2954843749999998,1.2999999999999998,0.004515625000000003,3,4.515625,1.890625,0.0625,0.109375,0.0625,0.5833333333333338,0.49500000000000005,0.44281166225148194,0.050009694068029895,0.027894492781597877,0.05,-0.75,2.0500000000000007,3.0,8.0,0,4,3,0,1,47,0,0,5,4
2000328,0.0,0.05,0.75,4.548578124999999,4.549999999999999,0.0014218750000000008,1,1.421875,0.859375,0.140625,0.15625,0.046875,0.5836065573770498,0.5245901639344261,0.24614793005179927,0.05322240526351944,0.013091072272882934,0.049999999999999996,-0.8,5.35,4.0,15.0,0,1,2,1,2,42,0,0,13,3
2000329,0.0,0.05,0.75,4.948156249999999,4.949999999999999,0.0018437500000000008,-1,1.84375,1.03125,0.140625,0.125,0.078125,0.5932203389830515,0.5228813559322033,0.377668003175178,0.050481143720540356,0.06119715922785228,0.05,-0.4,5.349999999999999,2.0,15.0,1,0,0,0,0,48,0,0,10,5
2000330,1.0,0.05,0.75,-0.36926562499999965,-0.34999999999999964,0.01926562500000001,-9,19.265625,3.546875,0.1875,0.046875,0.0,0.5781250000000003,0.52109375,0.8955725326443769,0.05054340386690231,0.8838743175205386,0.05,-0.25,-0.09999999999999964,2.0,13.0,0,2,1,0,3,46,0,2,10,0
2000331,0.0,0.05,0.75,3.5435624999999997,3.55,0.006437500000000003,-1,6.4375,2.1875,0.09375,0.078125,0.125,0.5928571428571434,0.51875,0.4320989296363793,0.05001845907162421,0.16335578472547047,0.05,-0.6000000000000001,4.15,3.0,8.0,0,0,2,0,2,43,0,0,9,8
2000332,1.0,0.05,0.75,2.3987968749999995,2.3999999999999995,0.0012031250000000006,-3,1.203125,0.828125,0.125,0.078125,0.125,0.5821428571428576,0.5107142857142857,0.744380126324254,0.05059987928139899,0.40969533927002255,0.05000000000000002,-0.44999999999999996,2.8499999999999996,3.0,10.0,0,1,3,0,3,41,0,1,7,8
2000333,0.0,0.05,0.75,6.646203124999999,6.649999999999999,0.0037968750000000025,-4,3.796875,1.484375,0.171875,0.109375,0.046875,0.5836065573770498,0.5295081967213113,0.37903499922304257,0.05057560912956528,0.1788509124365412,0.049999999999999996,-0.95,7.6,4.0,14.0,0,1,2,1,1,41,0,1,14,3
2000334,1.0,0.05,0.75,-0.8227656250000007,-0.8000000000000007,0.02276562500000001,-9,22.765625,4.390625,0.171875,0.03125,0.109375,0.5824561403508777,0.5263157894736841,0.906206716037378,0.05105820543929681,0.9002343054886593,0.05,-0.25,-0.5499999999999996,2.0,11.0,0,1,2,0,3,38,0,1,12,7
2000335,1.0,0.05,0.75,-0.03089062500000001,0.0,0.03089062500000001,-10,30.890625,5.015625,0.21875,0.0625,0.09375,0.5724137931034486,0.5258620689655171,0.9268492110494694,0.09134217876461043,0.9000722578947594,0.049999999999999996,-0.3999999999999999,0.40000000000000013,2.0,16.0,0,3,2,0,3,35,0,2,13,6
2000336,0.0,0.05,0.75,5.196124999999999,5.199999999999999,0.0038750000000000026,-3,3.875,1.71875,0.125,0.078125,0.03125,0.5709677419354844,0.507258064516129,0.6703667816789324,0.050051303374333694,0.34648721124558896,0.05,-0.6000000000000001,5.8,3.0,10.0,2,1,3,0,4,43,0,0,9,2
2000337,1.0,0.05,0.75,3.8483593750000007,3.8500000000000005,0.0016406250000000012,2,1.640625,1.140625,0.0625,0.09375,0.0625,0.5766666666666672,0.5099999999999999,0.43368390905892557,0.05000546108793035,0.05398563525751608,0.05,0.0,3.8499999999999996,0.0,10.0,0,1,3,0,5,43,0,1,7,4
2000338,0.0,0.05,0.75,9.100687500000001,9.15,0.04931250000000002,-10,49.3125,6.1875,0.21875,0.0625,0.0625,0.5766666666666672,0.5399999999999998,0.7776076401047146,0.052051578142808363,0.7675961202881713,0.05,-0.55,9.7,2.0,16.0,1,1,1,0,3,35,0,1,18,4
2000339,0.0,0.05,0.75,2.4493437499999993,2.4499999999999993,0.0006562500000000004,2,0.65625,0.53125,0.078125,0.109375,0.03125,0.5935483870967748,0.5145161290322581,0.2817333494676388,0.050026549922072325,0.025379587335167635,0.05000000000000001,-0.2,2.6499999999999995,1.0,11.0,0,0,1,0,2,52,0,0,7,2
2000340,0.0,0.05,0.75,9.252609375,9.3,0.047390625000000026,-10,47.390625,5.765625,0.203125,0.046875,0.140625,0.5709090909090914,0.5299999999999999,0.9125667682972249,0.06418818766398868,0.9013558308421901,0.049999999999999996,-0.4,9.700000000000001,2.0,14.0,1,1,2,0,4,32,0,1,14,9
2000341,1.0,0.05,0.75,0.7456406249999991,0.7499999999999991,0.004359375000000003,-5,4.359375,1.640625,0.140625,0.0625,0.09375,0.5724137931034485,0.518103448275862,0.6291633120374147,0.050112946779391106,0.5200544356151539,0.05,-0.7999999999999998,1.5499999999999996,4.0,9.0,0,1,0,0,6,43,0,1,7,6
2000342,0.0,0.05,0.75,9.127171875,9.15,0.02282812500000001,-9,22.828125,4.015625,0.203125,0.0625,0.078125,0.5762711864406784,0.527966101694915,0.7234650684364299,0.05554935146650244,0.6866698514251788,0.05,-0.04999999999999999,9.2,1.0,16.0,0,1,3,1,3,36,0,1,14,5
2000343,0.0,0.05,0.75,5.686796874999999,5.699999999999999,0.013203125000000008,-4,13.203125,3.140625,0.15625,0.09375,0.0625,0.5700000000000005,0.5149999999999999,0.3304319429514907,0.05009338200378249,0.17272144333729947,0.05,-0.4,6.1,2.0,14.0,1,2,2,0,5,39,0,0,11,4
2000344,0.0,0.05,0.75,5.096578124999999,5.099999999999999,0.003421875000000002,-2,3.421875,1.640625,0.125,0.09375,0.140625,0.5818181818181822,0.5218181818181817,0.48825933733409715,0.05035777319816471,0.17637516020986094,0.05,-0.8,5.8999999999999995,4.0,10.0,1,0,2,0,2,39,0,1,10,9
2000345,1.0,0.05,0.75,1.1883749999999993,1.1999999999999993,0.011625000000000009,-5,11.625,3.03125,0.15625,0.078125,0.0625,0.5733333333333338,0.5249999999999999,0.5213704255470774,0.050141373050601054,0.4004996331039107,0.05,-1.2999999999999998,2.5,4.0,11.0,0,3,0,1,3,40,0,0,13,4
2000346,0.0,0.05,0.75,4.147687499999999,4.1499999999999995,0.0023125000000000016,-2,2.3125,1.3125,0.109375,0.078125,0.09375,0.5862068965517246,0.5077586206896552,0.44078471497920657,0.0500199205196919,0.18570178524358394,0.05,-0.6000000000000001,4.75,3.0,9.0,0,0,6,0,3,40,0,1,8,6
2000347,0.0,0.05,0.75,3.445984374999999,3.4499999999999993,0.004015625000000002,-1,4.015625,1.453125,0.09375,0.078125,0.09375,0.5724137931034486,0.5025862068965516,0.6147690850770821,0.05001390338290853,0.21394622224179966,0.05000000000000001,-1.1,4.55,5.0,6.0,0,4,2,0,4,41,0,0,7,6
2000348,0.0,0.05,0.75,4.599078124999999,4.6,0.0009218750000000006,-2,0.921875,0.734375,0.125,0.09375,0.109375,0.5929824561403515,0.5210526315789473,0.538046401415082,0.050156872003670146,0.21717956256054535,0.05000000000000001,-1.1,5.699999999999999,4.0,10.0,0,0,1,0,1,46,0,1,8,7
2000349,0.0,0.05,0.75,6.547421874999999,6.549999999999999,0.0025781250000000014,-4,2.578125,1.203125,0.15625,0.09375,0.078125,0.5728813559322039,0.5101694915254237,0.7907282301984869,0.053366013604483974,0.4194042996508464,0.05,-0.55,7.099999999999999,2.0,14.0,0,5,4,0,2,35,0,1,12,5
2000350,0.0,0.05,0.75,4.999171874999999,4.999999999999999,0.0008281250000000005,0,0.828125,0.734375,0.140625,0.140625,0.109375,0.5894736842105268,0.5236842105263158,0.6106433116937541,0.05302779880559378,0.06177887476755978,0.049999999999999996,-1.1,6.1,4.0,14.0,0,1,2,0,1,41,0,1,11,7
2000351,1.0,0.05,0.75,1.495046874999999,1.4999999999999991,0.0049531250000000035,-4,4.953125,1.953125,0.125,0.0625,0.125,0.5821428571428576,0.5160714285714285,0.5143838218145745,0.05009400650567756,0.3633121752647914,0.05,-0.19999999999999996,1.7000000000000006,1.0,11.0,0,1,2,0,3,41,0,1,8,8
2000352,0.0,0.05,0.75,5.3909062500000005,5.4,0.009093750000000005,-3,9.09375,2.8125,0.140625,0.09375,0.09375,0.5793103448275867,0.5258620689655171,0.7303751314134405,0.05073357828093694,0.4058375712206295,0.05,-1.55,6.949999999999999,5.0,10.0,0,1,1,0,4,40,0,1,11,6
2000353,1.0,0.05,0.75,-0.07332812500000072,-0.05000000000000071,0.023328125000000005,-9,23.328125,4.171875,0.1875,0.046875,0.109375,0.5859649122807024,0.5342105263157892,0.9503546443365937,0.061328317550471176,0.9415531009377631,0.05,-0.3999999999999999,0.3500000000000003,3.0,12.0,0,2,1,0,1,37,0,1,15,7
2000354,0.0,0.05,0.75,7.039328124999998,7.049999999999998,0.010671875000000006,-6,10.671875,2.796875,0.171875,0.078125,0.109375,0.5824561403508778,0.5157894736842105,0.4957314429139171,0.05087667337421858,0.37892636788630013,0.05,-0.95,7.999999999999999,4.0,12.0,0,1,5,0,3,36,0,1,11,7
2000355,1.0,0.05,0.75,1.543312499999999,1.549999999999999,0.006687500000000005,-5,6.6875,2.21875,0.140625,0.0625,0.09375,0.5862068965517246,0.5155172413793104,0.8899142404162863,0.05141956298221804,0.7739633480690409,0.05000000000000001,-0.7,2.25,5.0,8.0,0,4,2,0,0,40,0,0,12,6
2000356,0.0,0.05,0.75,0.54834375,0.55,0.001656250000000001,3,1.65625,0.96875,0.046875,0.09375,0.09375,0.5620689655172416,0.4844827586206898,0.17727389019173426,0.0500099902635081,0.012121679290987305,0.049999999999999996,-0.25,0.8,2.0,7.0,0,6,6,1,2,37,0,1,5,6
2000357,0.0,0.05,0.75,5.292453125,5.3,0.007546875000000005,-5,7.546875,2.265625,0.140625,0.0625,0.109375,0.571929824561404,0.5157894736842105,0.5137489568320646,0.05004492259382974,0.42748320418116864,0.049999999999999996,-0.3,5.6,1.0,12.0,0,3,1,0,4,39,0,1,9,7
2000358,1.0,0.05,0.75,1.1368749999999994,1.1499999999999995,0.013125000000000008,-4,13.125,3.4375,0.109375,0.046875,0.03125,0.5806451612903231,0.5169354838709677,0.7377263987046958,0.05001061240000732,0.6281028480906354,0.05,-0.050000000000000044,1.2000000000000004,1.0,9.0,0,2,0,0,2,49,0,2,7,2
2000359,1.0,0.05,0.75,2.295921875,2.3,0.004078125000000003,-2,4.078125,1.765625,0.109375,0.078125,0.109375,0.5824561403508778,0.5157894736842105,0.15984742901163376,0.050021755318204,0.06338042917212773,0.05,-0.19999999999999996,2.5,1.0,11.0,1,0,1,0,3,44,0,0,8,7
2000360,1.0,0.05,0.75,-0.2595,-0.25,0.009500000000000007,-7,9.5,2.5,0.140625,0.03125,0.046875,0.59016393442623,0.5196721311475409,0.9318043267299028,0.05010978044683186,0.9207455687249498,0.05,-0.050000000000000044,-0.19999999999999973,1.0,10.0,0,1,1,0,1,48,0,1,9,3
2000361,1.0,0.05,0.75,0.5234062500000007,0.5500000000000007,0.02659375000000001,-8,26.59375,4.03125,0.171875,0.046875,0.03125,0.5774193548387103,0.5314516129032255,0.9515405482639313,0.05182040723240512,0.9420727521938199,0.049999999999999996,-0.3500000000000001,0.9000000000000004,4.0,10.0,0,2,0,0,2,43,1,1,13,2
2000362,1.0,0.05,0.75,-0.7218437499999993,-0.6999999999999993,0.021843750000000006,-9,21.84375,3.78125,0.171875,0.03125,0.078125,0.5762711864406784,0.5203389830508474,0.9105136747584281,0.05072395981510314,0.9035800271851087,0.05,-0.55,-0.1499999999999997,2.0,11.0,0,1,2,1,4,40,0,0,11,5
2000363,0.0,0.05,0.75,5.696296874999999,5.699999999999999,0.003703125000000002,-2,3.703125,1.765625,0.15625,0.125,0.0625,0.5866666666666672,0.5050000000000001,0.6151505467624745,0.05237103825253003,0.08455914316587383,0.05,-0.95,6.65,4.0,14.0,0,3,5,0,1,41,0,0,10,4
2000364,0.0,0.05,0.75,4.54578125,4.55,0.004218750000000003,0,4.21875,1.78125,0.125,0.125,0.109375,0.5859649122807024,0.5157894736842105,0.48736564841579116,0.05064671400757288,0.05159751226914524,0.05,-1.15,5.699999999999999,5.0,11.0,0,2,1,0,2,43,0,0,9,7
2000365,1.0,0.05,0.75,1.373468750000002,1.4000000000000021,0.026531250000000013,-10,26.53125,4.0,0.265625,0.109375,0.078125,0.5932203389830515,0.5508474576271184,0.9988404496205405,0.29274091960641146,0.9436032422613138,0.05,-1.2499999999999998,2.6499999999999995,7.0,17.0,0,0,0,0,2,37,0,0,20,5
2000366,1.0,0.05,0.75,-2.337734374999999,-2.299999999999999,0.037734375000000014,-14,37.734375,4.859375,0.265625,0.046875,0.03125,0.5870967741935489,0.5314516129032256,0.9763048600821895,0.08498811543270016,0.9720053178990716,0.05,-1.65,-0.6500000000000001,6.0,14.0,0,2,3,0,2,37,0,0,18,2
2000367,0.0,0.05,0.75,6.644343749999999,6.6499999999999995,0.005656250000000003,-5,5.65625,1.96875,0.171875,0.09375,0.125,0.5821428571428575,0.51875,0.5622356081113962,0.053079908197382356,0.3483473478513877,0.05,-0.2,6.8500000000000005,1.0,16.0,0,1,4,0,4,35,0,0,12,8
2000368,0.0,0.05,0.75,7.488140625,7.5,0.011859375000000007,-4,11.859375,3.296875,0.203125,0.140625,0.0625,0.5833333333333339,0.5324999999999999,0.8352237026415694,0.11723888819286361,0.31084306486253344,0.05,-1.6500000000000001,9.15,6.0,16.0,0,0,2,1,3,39,0,0,15,4
2000369,0.0,0.05,0.75,3.8985781250000002,3.9000000000000004,0.0014218750000000006,-2,1.421875,0.734375,0.125,0.09375,0.125,0.5678571428571433,0.5133928571428571,0.20167853832929913,0.050065670307674656,0.07871206161604981,0.05,-0.8999999999999999,4.8,4.0,10.0,1,4,0,0,3,38,0,0,10,8
2000370,0.0,0.05,0.75,5.2956562499999995,5.3,0.004343750000000003,-3,4.34375,1.8125,0.140625,0.09375,0.140625,0.5745454545454549,0.5218181818181817,0.4113698695144745,0.050380687963822404,0.18736028543667466,0.05,-0.35000000000000003,5.6499999999999995,1.0,14.0,0,2,1,1,3,37,0,0,11,9
2000371,1.0,0.05,0.75,1.19603125,1.2000000000000002,0.003968750000000002,-4,3.96875,1.5625,0.125,0.0625,0.078125,0.5830508474576276,0.5152542372881356,0.7256827792685909,0.05006589892640605,0.5757451324536048,0.05,-0.25,1.45,2.0,10.0,0,3,3,0,1,40,0,1,11,5
2000372,1.0,0.05,0.75,0.2905312499999989,0.29999999999999893,0.009468750000000007,-5,9.46875,2.6875,0.125,0.046875,0.078125,0.5661016949152544,0.5228813559322033,0.7253952195254892,0.05002831929032535,0.6620009975434339,0.05,-0.1499999999999999,0.4500000000000002,1.0,10.0,0,2,1,0,5,39,0,3,9,5
2000373,0.0,0.05,0.75,5.833515624999999,5.849999999999999,0.01648437500000001,-4,16.484375,3.703125,0.140625,0.078125,0.0625,0.5666666666666671,0.5125,0.7370266027517435,0.050313855134467796,0.4917898732308747,0.05,0.0,5.849999999999999,0.0,14.0,0,3,5,0,7,32,0,0,13,4
2000374,0.0,0.05,0.75,4.844671874999999,4.849999999999999,0.005328125000000004,-2,5.328125,1.953125,0.125,0.09375,0.125,0.589285714285715,0.5294642857142856,0.6208651110087903,0.05031801864740887,0.30418733973505074,0.05,-0.8999999999999999,5.749999999999999,4.0,10.0,0,0,2,0,2,39,0,1,12,8
2000375,0.0,0.05,0.75,4.242875,4.25,0.007125000000000005,1,7.125,2.46875,0.125,0.140625,0.09375,0.5862068965517248,0.507758620689655,0.3489465511685347,0.05169926417991629,0.015804439559277732,0.049999999999999996,-1.55,5.8,7.0,10.0,0,2,3,0,1,44,0,1,7,6
2000376,1.0,0.05,0.75,2.3924687500000004,2.4000000000000004,0.007531250000000005,-3,7.53125,2.53125,0.140625,0.09375,0.078125,0.5728813559322038,0.5254237288135593,0.7235299280507957,0.05046942315919457,0.4215719896202564,0.04999999999999999,-0.19999999999999996,2.5999999999999996,1.0,14.0,1,2,1,0,4,37,0,0,14,5
2000377,0.0,0.05,0.75,2.647625,2.65,0.0023750000000000017,1,2.375,1.375,0.09375,0.109375,0.078125,0.5796610169491531,0.5,0.5238938803014831,0.05002429127632561,0.05776309232771125,0.05,-1.05,3.6999999999999993,4.0,9.0,0,3,3,0,2,45,0,1,5,5
2000378,1.0,0.05,0.75,-0.44301562500000036,-0.40000000000000036,0.04301562500000002,-10,43.015625,5.859375,0.203125,0.046875,0.078125,0.5830508474576277,0.5381355932203389,0.9270580363132991,0.05685262164282147,0.9206529452901774,0.05,-1.0999999999999999,0.7000000000000002,6.0,10.0,0,0,3,0,3,35,0,2,16,5
2000379,1.0,0.05,0.75,-0.9866093749999976,-0.9499999999999975,0.03660937500000001,-11,36.609375,4.984375,0.21875,0.046875,0.078125,0.5830508474576278,0.530508474576271,0.971400653446032,0.07541791938347273,0.9658762872941469,0.05,-0.3999999999999999,-0.5499999999999998,2.0,15.0,1,2,2,0,0,37,0,1,16,5
2000380,0.0,0.05,0.75,1.4432187500000002,1.4500000000000002,0.006781250000000005,4,6.78125,2.375,0.078125,0.140625,0.109375,0.571929824561404,0.513157894736842,0.41040191959830125,0.05035484281029207,0.014023698632319965,0.05000000000000001,-0.75,2.2,3.0,11.0,0,3,1,0,3,41,1,0,8,7
2000381,1.0,0.05,0.75,0.967953125,1.0,0.03204687500000001,-8,32.046875,5.359375,0.203125,0.078125,0.015625,0.5777777777777783,0.5095238095238096,0.6940843001891164,0.05400217593808612,0.5977391152411078,0.05,0.0,1.0000000000000007,0.0,18.0,2,2,4,0,1,42,0,0,12,1
2000382,1.0,0.05,0.75,-0.9292812500000004,-0.9000000000000004,0.029281250000000016,-11,29.28125,4.5625,0.203125,0.03125,0.09375,0.5896551724137936,0.5336206896551722,0.9577623232484018,0.06018276673428571,0.9543579697699448,0.05000000000000001,-0.7,-0.1999999999999995,3.0,12.0,0,0,1,0,1,42,0,2,12,6
2000383,1.0,0.05,0.75,-0.9322812500000022,-0.9000000000000021,0.03228125000000001,-10,32.28125,4.78125,0.203125,0.046875,0.078125,0.5762711864406784,0.5152542372881355,0.9133629649686031,0.05436212422803016,0.9039314784480587,0.05,-0.40000000000000013,-0.4999999999999998,3.0,13.0,1,3,4,0,2,35,0,0,14,5
2000384,0.0,0.05,0.75,2.6959218749999994,2.6999999999999993,0.004078125000000003,-1,4.078125,1.796875,0.078125,0.0625,0.109375,0.5719298245614041,0.5078947368421053,0.5562602884449938,0.050003229856800675,0.257791364044256,0.05,-1.1,3.8,4.0,5.0,1,1,1,0,5,43,0,0,6,7
2000385,0.0,0.05,0.75,4.8464062499999985,4.849999999999999,0.003593750000000002,-1,3.59375,1.46875,0.140625,0.125,0.078125,0.5966101694915259,0.5279661016949152,0.3753749974900582,0.05039098358580039,0.07325818633612151,0.049999999999999996,-1.3,6.1499999999999995,5.0,12.0,0,0,3,0,0,42,0,1,13,5
2000386,1.0,0.05,0.75,-0.6718437500000004,-0.6500000000000004,0.021843750000000006,-9,21.84375,3.59375,0.171875,0.03125,0.078125,0.5898305084745769,0.5330508474576269,0.9638114182402827,0.051613879545348934,0.9607506727651409,0.05,-0.7999999999999998,0.15000000000000013,5.0,8.0,0,1,0,0,1,43,0,1,13,5
2000387,1.0,0.05,0.75,0.14195312500000035,0.15000000000000036,0.008046875000000005,-6,8.046875,2.109375,0.15625,0.0625,0.09375,0.5793103448275867,0.518103448275862,0.6155090186551946,0.05014447498031387,0.5431150404596226,0.05,-0.3999999999999999,0.55,2.0,12.0,1,2,2,0,2,39,0,0,12,6
2000388,0.0,0.05,0.75,6.092187499999999,6.099999999999999,0.007812500000000005,-6,7.8125,2.28125,0.140625,0.046875,0.078125,0.5864406779661023,0.5228813559322033,0.5984866064141938,0.05002867199499043,0.5591586504407924,0.05,-0.2,6.299999999999999,1.0,11.0,0,2,1,0,1,43,0,1,11,5
2000389,1.0,0.05,0.75,0.34159374999999964,0.34999999999999964,0.008406250000000006,-5,8.40625,2.4375,0.109375,0.03125,0.078125,0.5932203389830514,0.5279661016949152,0.8072951160047238,0.0500154841225586,0.7761221363098353,0.05,-0.3999999999999999,0.7500000000000002,2.0,7.0,0,0,1,0,1,45,0,1,11,5
2000390,1.0,0.05,0.75,-0.3132500000000007,-0.3000000000000007,0.013250000000000008,-6,13.25,3.21875,0.125,0.03125,0.09375,0.5896551724137936,0.5103448275862069,0.7103843137484079,0.05001981421030196,0.6751909242695493,0.05,0.0,-0.2999999999999998,0.0,10.0,0,1,4,1,0,43,0,0,9,6
2000391,0.0,0.05,0.75,6.047968750000001,6.050000000000001,0.002031250000000001,-2,2.03125,1.15625,0.171875,0.140625,0.078125,0.5694915254237293,0.49999999999999994,0.49449220149598383,0.056575691366906176,0.0432282895435561,0.05,-0.5,6.549999999999999,2.0,18.0,0,4,7,1,2,34,0,1,10,5
2000392,1.0,0.05,0.75,0.38703124999999944,0.39999999999999947,0.01296875000000001,-7,12.96875,3.15625,0.15625,0.046875,0.15625,0.5925925925925931,0.5249999999999999,0.8720933315646137,0.053025486742712895,0.8421786772105715,0.05000000000000001,-0.7999999999999998,1.2000000000000002,4.0,9.0,0,0,3,0,1,38,0,1,11,10
2000393,1.0,0.05,0.75,-0.7223906250000002,-0.7000000000000002,0.022390625000000015,-8,22.390625,3.984375,0.171875,0.046875,0.078125,0.5830508474576277,0.5203389830508474,0.73747705273557,0.05018953499212399,0.7173998839069862,0.049999999999999996,-0.5999999999999999,-0.09999999999999964,3.0,11.0,0,3,1,0,2,41,0,0,12,5
2000394,1.0,0.05,0.75,0.4401874999999993,0.4499999999999993,0.009812500000000002,-6,9.8125,2.03125,0.140625,0.046875,0.078125,0.5898305084745769,0.5203389830508474,0.6561385233708993,0.050063102187998455,0.6062089790854989,0.05000000000000001,-0.3999999999999999,0.8500000000000003,2.0,10.0,0,1,3,0,2,41,0,0,12,5
2000395,0.0,0.05,0.75,4.098515625,4.1000000000000005,0.001484375000000001,-1,1.484375,1.015625,0.109375,0.09375,0.09375,0.5793103448275867,0.5103448275862068,0.2224546249219026,0.05004618782991797,0.04739945581460639,0.05,-0.65,4.75,4.0,9.0,0,2,2,2,0,44,0,0,8,6
2000396,1.0,0.05,0.75,2.1467968749999993,2.1499999999999995,0.003203125000000002,-3,3.203125,1.453125,0.125,0.078125,0.109375,0.5894736842105268,0.5236842105263156,0.46658394138385234,0.05008663294685752,0.26270428404311646,0.05,-0.30000000000000004,2.4499999999999984,1.0,12.0,0,1,3,0,1,39,0,1,12,7
2000397,1.0,0.05,0.75,1.349421875,1.35,0.0005781250000000004,-1,0.578125,0.578125,0.0625,0.046875,0.09375,0.5827586206896558,0.507758620689655,0.42873149894546914,0.05000051785732867,0.2478360304189925,0.05,-0.19999999999999996,1.55,1.0,6.0,0,2,1,1,0,48,0,1,5,6
2000398,0.0,0.05,0.75,1.4957812500000003,1.5000000000000002,0.004218750000000003,3,4.21875,1.8125,0.078125,0.125,0.015625,0.5809523809523816,0.5023809523809524,0.388211109780662,0.05001819668761142,0.02029136975900657,0.05,-0.7,2.1999999999999997,3.0,10.0,0,3,3,0,3,47,0,0,7,1
2000399,0.0,0.05,0.75,7.492656249999998,7.499999999999998,0.007343750000000006,-3,7.34375,2.5,0.203125,0.15625,0.015625,0.5809523809523816,0.519047619047619,0.4749179505451637,0.06614175797841833,0.053462074051493065,0.049999999999999996,-0.6000000000000001,8.1,3.0,20.0,0,3,2,0,3,42,0,0,13,1
2000400,1.0,0.05,0.75,-2.174687499999998,-2.099999999999998,0.0746875,-13,74.6875,7.59375,0.234375,0.03125,0.109375,0.5859649122807024,0.5394736842105262,0.9815735432454876,0.08954153546533258,0.9777695830130778,0.05000000000000001,-1.2,-0.8999999999999999,5.0,12.0,1,0,0,0,2,38,0,0,16,7
2000401,0.0,0.05,0.75,3.5495156249999997,3.55,0.00048437500000000027,0,0.484375,0.453125,0.109375,0.109375,0.140625,0.5781818181818186,0.5136363636363637,0.5910655766565774,0.05021282103885754,0.10268729369463134,0.05,-0.75,4.300000000000001,3.0,11.0,0,4,1,0,2,38,0,0,10,9
2000402,1.0,0.05,0.75,-1.9450625000000004,-1.9000000000000004,0.04506250000000002,-11,45.0625,6.1875,0.203125,0.03125,0.046875,0.5737704918032791,0.5245901639344261,0.927321037654203,0.050825130696208996,0.9250445665039877,0.05,-0.19999999999999996,-1.7,1.0,14.0,0,2,3,1,3,37,0,1,14,3
2000403,0.0,0.05,0.75,6.293703124999998,6.299999999999998,0.006296875000000005,-4,6.296875,2.328125,0.15625,0.09375,0.09375,0.5862068965517248,0.5258620689655171,0.6723757893411543,0.051644715253371457,0.4119086735367215,0.05,-1.2,7.499999999999999,4.0,12.0,0,1,3,0,2,38,0,1,13,6
2000404,1.0,0.05,0.75,-0.28971875,-0.25,0.03971875000000001,-9,39.71875,5.375,0.1875,0.046875,0.03125,0.5774193548387103,0.5241935483870968,0.8644365635428258,0.05076595859296108,0.8524574613813864,0.05,0.0,-0.24999999999999956,0.0,15.0,1,1,3,0,4,38,0,0,15,2
2000405,0.0,0.05,0.75,5.7985,5.8,0.001500000000000001,-3,1.5,0.90625,0.15625,0.109375,0.03125,0.5741935483870974,0.529032258064516,0.5124554476165881,0.050292042886492666,0.2226740211715826,0.05,-1.9500000000000002,7.749999999999999,7.0,10.0,0,2,2,0,4,38,0,2,14,2
2000406,1.0,0.05,0.75,1.0482343749999998,1.0499999999999998,0.0017656250000000011,-3,1.765625,1.078125,0.09375,0.046875,0.078125,0.5762711864406785,0.5050847457627118,0.5595988109226464,0.05000381654782302,0.39801407670104366,0.05,-0.19999999999999996,1.2500000000000002,1.0,8.0,1,1,3,0,3,44,0,1,6,5
2000407,1.0,0.05,0.75,-2.1063281249999988,-2.049999999999999,0.05632812500000002,-12,56.328125,6.734375,0.203125,0.015625,0.046875,0.5868852459016399,0.5344262295081966,0.9787440411298131,0.05225442095255026,0.9782566036923971,0.05000000000000001,-0.25,-1.7999999999999998,2.0,12.0,0,0,2,0,3,40,0,1,15,3
2000408,1.0,0.05,0.75,-1.277625,-1.25,0.027625000000000004,-10,27.625,4.375,0.1875,0.03125,0.046875,0.5737704918032791,0.5221311475409836,0.8793325202782512,0.05043124916236084,0.874590187255002,0.05,-0.19999999999999996,-1.0499999999999994,1.0,13.0,0,3,0,0,2,44,0,3,9,3
2000409,0.0,0.05,0.75,6.3910937500000005,6.4,0.008906250000000006,-4,8.90625,2.625,0.171875,0.109375,0.0625,0.576666666666667,0.5299999999999999,0.5469137860447042,0.0514207149074447,0.2826907636800569,0.05,-0.75,7.15,3.0,15.0,1,1,1,1,2,39,0,0,15,4
2000410,0.0,0.05,0.75,3.5986875000000005,3.6000000000000005,0.0013125000000000007,-1,1.3125,0.90625,0.109375,0.09375,0.078125,0.5898305084745769,0.5127118644067796,0.4073049301252034,0.05002087013678788,0.11662677972042004,0.05,-0.4,4.0,2.0,11.0,0,2,3,0,1,43,0,0,10,5
2000411,1.0,0.05,0.75,0.08954687499999964,0.09999999999999964,0.010453125000000008,-5,10.453125,2.984375,0.125,0.046875,0.109375,0.5649122807017548,0.5210526315789472,0.6078199098520665,0.050022507443670386,0.5441502216109446,0.05,-0.6,0.7000000000000002,2.0,9.0,1,1,1,2,3,38,0,0,11,7
2000412,0.0,0.05,0.75,3.7978437499999997,3.8,0.0021562500000000015,-1,2.15625,1.3125,0.109375,0.09375,0.09375,0.5896551724137936,0.5155172413793103,0.5507927216282157,0.050044690615716446,0.17038049745553147,0.05000000000000001,-0.9000000000000001,4.699999999999999,3.0,10.0,0,0,3,0,3,43,0,0,9,6
2000413,1.0,0.05,0.75,-0.5313125,-0.5,0.03131250000000001,-10,31.3125,4.28125,0.21875,0.0625,0.078125,0.5762711864406783,0.5330508474576269,0.8138439121763407,0.05585528282982582,0.798260386544916,0.05,-0.5,2.220446049250313e-16,2.0,16.0,0,1,1,0,5,37,0,1,14,5
2000414,0.0,0.05,0.75,4.446515624999999,4.449999999999999,0.0034843750000000027,-3,3.484375,1.703125,0.109375,0.0625,0.140625,0.5818181818181823,0.519090909090909,0.645053274011202,0.050066603967460745,0.46304102256724583,0.05,-0.3,4.75,1.0,10.0,0,1,2,0,4,38,0,0,10,9
2000415,1.0,0.05,0.75,-1.1230156250000005,-1.1000000000000005,0.02301562500000001,-8,23.015625,4.203125,0.140625,0.015625,0.109375,0.5824561403508778,0.5157894736842105,0.8772049046532459,0.050098129192480474,0.8695635338974638,0.05000000000000001,0.0,-1.0999999999999996,0.0,10.0,0,2,3,0,3,38,0,0,11,7
2000416,1.0,0.05,0.75,-0.77975,-0.75,0.029750000000000002,-9,29.75,4.8125,0.1875,0.046875,0.046875,0.5770491803278693,0.5319672131147539,0.7932854165009583,0.050302528472803046,0.7836216977881302,0.05000000000000001,-0.55,-0.19999999999999962,2.0,13.0,0,2,2,1,1,38,0,2,15,3
2000417,1.0,0.05,0.75,-1.1315312500000005,-1.1000000000000005,0.03153125000000001,-9,31.53125,4.75,0.171875,0.03125,0.09375,0.5689655172413797,0.528448275862069,0.9789161811531782,0.052041418154216215,0.9768149950016037,0.05,-0.25,-0.85,2.0,11.0,1,2,0,1,3,37,0,0,14,6
2000418,0.0,0.05,0.75,4.1493125,4.1499999999999995,0.0006875000000000004,1,0.6875,0.625,0.125,0.140625,0.09375,0.5689655172413797,0.518103448275862,0.16291852144970762,0.05271622713252827,0.00809499344355133,0.05,-1.3000000000000003,5.449999999999999,6.0,11.0,0,2,2,1,5,37,0,0,11,6
2000419,0.0,0.05,0.75,6.14759375,6.15,0.0024062500000000013,-3,2.40625,1.25,0.171875,0.125,0.078125,0.5864406779661022,0.5228813559322033,0.4519516306443059,0.05230371553933556,0.1277004815952291,0.05,-0.75,6.8999999999999995,3.0,16.0,0,3,1,0,1,41,0,0,13,5
2000420,1.0,0.05,0.75,0.26934374999999894,0.29999999999999893,0.030656250000000006,-8,30.65625,4.84375,0.1875,0.0625,0.109375,0.5754385964912285,0.5342105263157894,0.8765989909149323,0.05730244101596436,0.8502307488604308,0.05,-0.7999999999999998,1.1000000000000003,4.0,12.0,0,4,0,0,1,35,0,2,15,7
2000421,0.0,0.05,0.75,3.247125,3.25,0.0028750000000000017,0,2.875,1.15625,0.09375,0.09375,0.046875,0.59016393442623,0.5122950819672131,0.29205981912900814,0.05001166606480354,0.059714636198400305,0.05,-0.2,3.4499999999999993,1.0,11.0,0,1,0,0,2,52,0,0,6,3
2000422,0.0,0.05,0.75,3.5491875,3.55,0.0008125000000000004,-1,0.8125,0.65625,0.09375,0.078125,0.09375,0.5827586206896558,0.5129310344827587,0.5386285783532585,0.05001300350122256,0.20498147208894255,0.05000000000000001,-0.7,4.25,3.0,8.0,0,0,3,1,2,44,0,1,7,6
2000423,0.0,0.05,0.75,3.3959687499999993,3.3999999999999995,0.004031250000000003,2,4.03125,1.59375,0.109375,0.140625,0.0625,0.5833333333333339,0.5099999999999999,0.37282793119529456,0.050583325831204985,0.013728186043100513,0.05,-0.95,4.35,4.0,12.0,0,3,2,0,2,44,0,0,9,4
2000424,0.0,0.05,0.75,4.99515625,5.0,0.0048437500000000034,-3,4.84375,1.9375,0.140625,0.09375,0.09375,0.5862068965517246,0.5155172413793103,0.6407436618909388,0.05033644272905425,0.3241249807250315,0.05,-0.5,5.5,2.0,13.0,0,1,2,0,3,43,0,0,9,6
2000425,0.0,0.05,0.75,4.941812499999999,4.949999999999999,0.008187500000000006,-3,8.1875,2.46875,0.125,0.078125,0.015625,0.5777777777777782,0.5142857142857142,0.5197180459796008,0.05001426903291213,0.29163796784201423,0.05,-0.35,5.299999999999999,2.0,11.0,0,2,1,0,5,46,0,0,9,1
2000426,0.0,0.05,0.75,4.64709375,4.6499999999999995,0.002906250000000002,-2,2.90625,1.59375,0.125,0.09375,0.078125,0.5593220338983054,0.5076271186440677,0.5268673840450798,0.05008669077015785,0.17936108404343118,0.05000000000000001,-0.55,5.199999999999999,2.0,12.0,1,4,1,0,6,38,0,0,9,5
2000427,0.0,0.05,0.75,3.19940625,3.2,0.0005937500000000004,-1,0.59375,0.59375,0.09375,0.078125,0.140625,0.5672727272727278,0.519090909090909,0.43616921725340346,0.050018102580525324,0.17412792146382564,0.05000000000000001,-0.75,3.95,3.0,8.0,0,0,2,0,5,39,1,2,6,9
2000428,1.0,0.05,0.75,2.8730625000000005,2.9000000000000004,0.0269375,-4,26.9375,4.71875,0.1875,0.125,0.0625,0.5700000000000004,0.5325,0.7728085887395411,0.06423390860449858,0.38764134340309137,0.05,-1.2000000000000002,4.1,5.0,15.0,0,2,1,0,6,35,0,1,15,4
2000429,0.0,0.05,0.75,4.995515625,5.0,0.004484375000000003,2,4.484375,1.953125,0.171875,0.203125,0.109375,0.5684210526315793,0.5210526315789473,0.6662922984469399,0.1308583421384861,0.014450657373001755,0.05,-0.8,5.8,4.0,20.0,0,1,3,1,4,36,0,2,10,7
2000430,1.0,0.05,0.75,-0.0759843750000016,-0.0500000000000016,0.025984375000000007,-8,25.984375,4.546875,0.171875,0.046875,0.046875,0.5737704918032793,0.5196721311475409,0.8291464144574063,0.05043846020539443,0.8032719871059848,0.05,-0.44999999999999996,0.40000000000000024,3.0,11.0,0,3,0,1,3,43,0,0,11,3
2000431,1.0,0.05,0.75,-1.52965625,-1.5,0.029656249999999995,-9,29.65625,4.1875,0.15625,0.015625,0.0625,0.5800000000000004,0.5199999999999999,0.9361789467177865,0.05012761490943356,0.9331402522562,0.05,-0.3999999999999999,-1.0999999999999996,2.0,9.0,0,4,1,0,1,41,0,1,12,4
2000432,1.0,0.05,0.75,0.7441406249999991,0.7499999999999991,0.005859375000000004,-4,5.859375,2.265625,0.109375,0.046875,0.109375,0.5824561403508777,0.5105263157894736,0.6533462952526136,0.05002423420908961,0.5263583246329299,0.05,-0.3999999999999999,1.1500000000000001,2.0,8.0,0,2,1,0,3,44,0,0,7,7
2000433,1.0,0.05,0.75,-0.25059374999999934,-0.1999999999999993,0.05059375000000003,-10,50.59375,6.5,0.203125,0.046875,0.140625,0.5890909090909096,0.5381818181818181,0.9366760479790984,0.07881251369075228,0.9241828093404227,0.05,-0.25,0.05000000000000049,2.0,14.0,0,2,0,0,1,36,0,0,16,9
2000434,1.0,0.05,0.75,-0.2395468749999993,-0.1999999999999993,0.039546875000000016,-11,39.546875,5.203125,0.21875,0.046875,0.09375,0.5896551724137936,0.5439655172413791,0.9960326140358337,0.17225108894034705,0.9915381689178189,0.049999999999999996,-0.10000000000000009,-0.09999999999999987,2.0,15.0,0,0,2,0,3,34,0,0,19,6
2000435,0.0,0.05,0.75,6.143656249999999,6.1499999999999995,0.006343750000000002,-5,6.34375,1.78125,0.15625,0.078125,0.09375,0.5620689655172416,0.5051724137931033,0.23128555281386898,0.050094141733667025,0.13212999430132194,0.05,-0.4,6.55,2.0,13.0,1,4,3,0,5,35,0,0,10,6
2000436,0.0,0.05,0.75,6.779687499999999,6.799999999999999,0.020312500000000004,-4,20.3125,3.875,0.171875,0.109375,0.078125,0.5796610169491531,0.5203389830508475,0.5011295038442726,0.05251360621530274,0.2180910387903832,0.05,-0.95,7.749999999999999,4.0,14.0,1,2,3,0,1,38,0,1,13,5
2000437,1.0,0.05,0.75,0.029906249999998923,0.049999999999998934,0.02009375000000001,-6,20.09375,4.125,0.125,0.03125,0.125,0.5785714285714291,0.5187499999999999,0.8095423369232811,0.05009327533784397,0.7804244266889703,0.05000000000000001,-0.050000000000000044,0.10000000000000031,1.0,9.0,0,3,2,1,1,37,0,0,12,8
2000438,1.0,0.05,0.75,2.045046874999999,2.049999999999999,0.0049531250000000035,-4,4.953125,1.953125,0.140625,0.078125,0.0625,0.5733333333333339,0.5125,0.6796728794128265,0.05029543111478636,0.4240165005902151,0.05,-0.25,2.3,2.0,12.0,1,1,1,0,4,45,0,1,7,4
2000439,0.0,0.05,0.75,4.097874999999999,4.1,0.0021250000000000015,-2,2.125,1.28125,0.109375,0.078125,0.0625,0.5866666666666673,0.5175,0.46479960832512507,0.05001074103470188,0.2296077697033051,0.05,-0.3,4.3999999999999995,1.0,11.0,0,1,1,0,3,46,0,0,9,4
2000440,1.0,0.05,0.75,0.6426562499999986,0.6499999999999986,0.007343750000000003,-6,7.34375,1.96875,0.15625,0.0625,0.0625,0.5866666666666673,0.5299999999999998,0.6739676468146943,0.050155236771660276,0.6157563590158496,0.05,-0.19999999999999996,0.8500000000000003,1.0,13.0,0,1,0,0,2,44,0,1,12,4
2000441,1.0,0.05,0.75,0.6154843750000021,0.6500000000000021,0.03451562500000001,-12,34.515625,4.515625,0.265625,0.078125,0.078125,0.5864406779661023,0.5457627118644066,0.9987864762635963,0.28657505441723174,0.9747051322491752,0.049999999999999996,-0.7,1.3500000000000003,5.0,17.0,1,1,0,0,1,36,0,0,20,5
2000442,1.0,0.05,0.75,-1.9392343750000003,-1.9000000000000004,0.03923437500000001,-11,39.234375,5.234375,0.1875,0.015625,0.078125,0.5864406779661023,0.5279661016949151,0.9814569057425767,0.051998193728071754,0.9808555603948786,0.05000000000000001,-0.44999999999999996,-1.4500000000000002,3.0,10.0,0,1,3,0,3,37,0,0,15,5
2000443,1.0,0.05,0.75,-1.7817187499999994,-1.6999999999999993,0.08171874999999998,-13,81.71875,8.28125,0.234375,0.03125,0.078125,0.5830508474576276,0.5330508474576271,0.9908122360323379,0.10328388444061568,0.9880460246600796,0.05,-1.2999999999999998,-0.3999999999999999,8.0,9.0,0,2,1,0,3,37,0,0,16,5
2000444,1.0,0.05,0.75,-0.1302656250000014,-0.10000000000000142,0.030265624999999997,-8,30.265625,4.953125,0.171875,0.046875,0.015625,0.5841269841269847,0.519047619047619,0.8241763366708135,0.05020570041572661,0.8006159401750925,0.05000000000000001,-0.050000000000000044,-0.0499999999999996,1.0,13.0,0,3,1,0,2,45,0,0,12,1
2000445,0.0,0.05,0.75,5.779515625,5.8,0.020484375000000006,-6,20.484375,4.296875,0.125,0.03125,0.109375,0.571929824561404,0.5157894736842106,0.7348921022140905,0.05003542249695617,0.6989385807137771,0.05,-0.2,6.000000000000001,1.0,9.0,1,2,1,0,1,42,0,3,7,7
2000446,1.0,0.05,0.75,-2.587781250000001,-2.5500000000000007,0.03778125000000002,-10,37.78125,5.1875,0.15625,0.0,0.078125,0.5898305084745769,0.5228813559322033,0.9325999745149536,0.05005651440892058,0.9318636710744834,0.05000000000000001,-0.8499999999999999,-1.7,3.0,7.0,0,1,3,0,1,41,0,1,12,5
2000447,1.0,0.05,0.75,0.2813281249999998,0.2999999999999998,0.018671875000000008,-7,18.671875,3.484375,0.171875,0.0625,0.109375,0.5859649122807024,0.5263157894736841,0.8537741266364909,0.05233993726946131,0.8143714334200908,0.049999999999999996,-0.25,0.55,2.0,13.0,0,1,2,0,1,40,0,2,11,7
2000448,0.0,0.05,0.75,4.447203125,4.449999999999999,0.002796875000000002,-2,2.796875,1.421875,0.125,0.09375,0.09375,0.5758620689655176,0.5077586206896553,0.34555708127307727,0.05005364078111282,0.11683671710553051,0.05,-0.35000000000000003,4.8,1.0,13.0,0,3,2,0,4,41,0,0,8,6
2000449,0.0,0.05,0.75,3.948390624999999,3.9499999999999993,0.001609375000000001,-2,1.609375,1.078125,0.109375,0.078125,0.046875,0.5803278688524596,0.5122950819672131,0.3868098212548491,0.0500055576836097,0.17453438650078443,0.05,-0.4,4.35,2.0,10.0,0,3,2,0,2,44,0,1,9,3
2000450,1.0,0.05,0.75,1.7928281249999998,1.7999999999999998,0.007171875000000005,-5,7.171875,2.046875,0.15625,0.078125,0.0625,0.5766666666666672,0.5224999999999999,0.7809732699732543,0.05117792762700896,0.6300774653910949,0.05,-0.44999999999999996,2.25,3.0,12.0,0,1,2,1,1,43,0,3,9,4
2000451,0.0,0.05,0.75,3.1376406249999995,3.1499999999999995,0.012359375000000008,2,12.359375,3.359375,0.125,0.15625,0.078125,0.5864406779661022,0.5127118644067796,0.5576737042758843,0.050781970154397,0.02340797500705252,0.049999999999999996,-0.4,3.55,2.0,16.0,0,1,2,0,2,46,0,1,7,5
2000452,1.0,0.05,0.75,-0.6558281249999961,-0.5999999999999961,0.05582812500000001,-13,55.828125,6.484375,0.25,0.046875,0.078125,0.5898305084745769,0.5457627118644066,0.9980403836834427,0.23674937443326077,0.9919887706500478,0.05000000000000002,-0.44999999999999996,-0.1499999999999997,3.0,16.0,0,0,0,0,2,39,0,1,17,5
2000453,0.0,0.05,0.75,4.146765625,4.1499999999999995,0.0032343750000000024,-2,3.234375,1.484375,0.109375,0.078125,0.09375,0.5620689655172417,0.518103448275862,0.681689024805307,0.05004769834410729,0.3715556316983961,0.04999999999999999,-0.2,4.35,1.0,11.0,1,1,2,1,6,36,0,0,11,6
2000454,0.0,0.05,0.75,4.24925,4.25,0.0007500000000000004,-1,0.75,0.65625,0.125,0.109375,0.0625,0.5866666666666672,0.5224999999999999,0.33277014505679453,0.050065973047091504,0.07733257802545743,0.05000000000000002,-0.4,4.6499999999999995,2.0,13.0,0,0,1,1,2,46,0,0,10,4
2000455,0.0,0.05,0.75,7.334359375,7.35,0.01564062500000001,-7,15.640625,3.328125,0.171875,0.0625,0.078125,0.5728813559322038,0.5203389830508474,0.7368514199494466,0.050668427655780786,0.6831699789084437,0.05,-0.4,7.75,2.0,13.0,1,2,2,0,4,37,0,0,13,5
2000456,0.0,0.05,0.75,4.897609374999999,4.8999999999999995,0.0023906250000000013,-3,2.390625,1.234375,0.140625,0.09375,0.09375,0.5724137931034486,0.5232758620689654,0.6201516766660669,0.05023918094068537,0.33101376550256756,0.05000000000000001,-0.55,5.45,2.0,13.0,0,2,2,1,3,37,0,1,12,6
2000457,1.0,0.05,0.75,0.38640624999999945,0.39999999999999947,0.01359375000000001,-6,13.59375,3.1875,0.140625,0.046875,0.203125,0.5725490196078437,0.5352941176470588,0.8107688718802903,0.051413622364607885,0.7746334420212347,0.05,-0.8499999999999999,1.25,5.0,7.0,0,0,0,1,4,34,0,1,11,13
2000458,1.0,0.05,0.75,-1.9879687499999994,-1.9499999999999993,0.03796875000000001,-12,37.96875,4.8125,0.203125,0.015625,0.03125,0.5741935483870972,0.5362903225806449,0.9809494106240142,0.05209965402432722,0.9804866951513956,0.05,-0.5499999999999998,-1.4,3.0,11.0,0,0,1,0,6,39,0,2,14,2
2000459,1.0,0.05,0.75,-0.8179374999999999,-0.7999999999999998,0.01793750000000001,-7,17.9375,3.875,0.125,0.015625,0.0625,0.5833333333333339,0.5149999999999999,0.9043833487004649,0.05002467755032174,0.8952072903441729,0.05,-0.6499999999999999,-0.1499999999999999,4.0,5.0,0,2,3,0,3,41,0,0,11,4
2000460,0.0,0.05,0.75,2.93340625,2.95,0.016593750000000008,4,16.59375,3.71875,0.109375,0.171875,0.078125,0.5762711864406783,0.5076271186440678,0.5057036843149731,0.05596271034993435,0.004880234237595621,0.049999999999999996,-1.2,4.15,6.0,12.0,0,4,1,0,3,43,0,0,8,5
2000461,1.0,0.05,0.75,-0.5890624999999989,-0.5499999999999989,0.0390625,-9,39.0625,5.75,0.203125,0.0625,0.078125,0.5728813559322038,0.5228813559322033,0.7933869342281473,0.052282777156733296,0.7702770073814805,0.05000000000000001,-1.7499999999999998,1.1999999999999997,8.0,9.0,1,3,2,0,3,35,0,0,15,5
2000462,0.0,0.05,0.75,5.237203124999999,5.249999999999999,0.012796875000000006,-2,12.796875,3.265625,0.125,0.09375,0.046875,0.5868852459016399,0.5147540983606557,0.6584519339816364,0.05013535597689872,0.2413917614812902,0.05,-0.4,5.6499999999999995,2.0,12.0,0,2,2,0,1,46,0,1,9,3
2000463,1.0,0.05,0.75,1.9945625,2.0,0.005437500000000002,-5,5.4375,1.65625,0.171875,0.09375,0.03125,0.583870967741936,0.529032258064516,0.7710386533358101,0.05183405036830636,0.5794748285690527,0.05,-0.19999999999999996,2.1999999999999993,1.0,16.0,0,1,0,0,4,44,0,0,13,2
2000464,1.0,0.05,0.75,-2.362062499999999,-2.299999999999999,0.062062500000000034,-13,62.0625,6.90625,0.21875,0.015625,0.125,0.5750000000000004,0.5348214285714283,0.985582335696059,0.07608478366875661,0.9836925561493824,0.05,-0.5999999999999999,-1.7,4.0,11.0,0,1,2,0,5,32,0,1,15,8
2000465,1.0,0.05,0.75,0.4433281250000002,0.4500000000000002,0.006671875000000004,-6,6.671875,1.890625,0.15625,0.0625,0.140625,0.5781818181818186,0.5163636363636362,0.5622488707996384,0.05038016109753921,0.4817834803831909,0.05,-0.8999999999999999,1.3499999999999994,4.0,10.0,0,0,6,0,4,33,0,2,10,9
2000466,0.0,0.05,0.75,5.998421875,6.0,0.001578125000000001,-2,1.578125,0.984375,0.140625,0.109375,0.125,0.5821428571428575,0.5107142857142856,0.5414291417235331,0.05288684023720033,0.09430963927011463,0.05000000000000001,-0.25,6.25,2.0,14.0,0,2,2,0,3,41,0,0,8,8
2000467,1.0,0.05,0.75,2.3451093750000007,2.3500000000000005,0.0048906250000000035,-4,4.890625,1.890625,0.171875,0.109375,0.125,0.5678571428571432,0.5241071428571428,0.545937236240058,0.05465502930973596,0.24071330181161427,0.05,-0.3999999999999999,2.75,2.0,16.0,0,1,2,1,4,36,0,2,10,8
2000468,1.0,0.05,0.75,0.07064062499999962,0.09999999999999964,0.029359375000000014,-9,29.359375,4.671875,0.1875,0.046875,0.046875,0.570491803278689,0.5245901639344261,0.9552509582562857,0.05474670967431682,0.946902899541674,0.049999999999999996,-0.5,0.6000000000000001,4.0,11.0,1,1,2,0,4,39,0,2,12,3
2000469,1.0,0.05,0.75,0.243140625,0.25,0.006859375000000003,-6,6.859375,1.765625,0.140625,0.046875,0.09375,0.5827586206896556,0.5258620689655171,0.8296837682746526,0.05016155051963923,0.7945646427826273,0.05,-0.19999999999999996,0.44999999999999973,1.0,11.0,0,1,1,0,4,40,0,0,12,6
2000470,0.0,0.05,0.75,7.890171874999999,7.8999999999999995,0.009828125000000002,-7,9.828125,2.171875,0.1875,0.078125,0.109375,0.5789473684210531,0.5210526315789473,0.918171304246488,0.073338531571285,0.8514451782282642,0.05,-0.95,8.85,4.0,13.0,1,2,2,0,2,37,0,0,13,7
2000471,1.0,0.05,0.75,2.390203125,2.4000000000000004,0.009796875000000003,-6,9.796875,2.265625,0.203125,0.109375,0.0625,0.5766666666666673,0.5249999999999999,0.8369683406038795,0.09499432038253738,0.5860617632513944,0.05,-0.44999999999999996,2.8499999999999996,3.0,17.0,1,1,2,0,4,38,0,0,14,4
2000472,0.0,0.05,0.75,2.6988749999999997,2.6999999999999997,0.0011250000000000006,1,1.125,0.78125,0.078125,0.09375,0.140625,0.596363636363637,0.5054545454545455,0.45437123144129127,0.05003910163565267,0.06176911437830143,0.05,-0.55,3.2499999999999996,3.0,8.0,0,1,4,0,0,43,0,0,7,9
2000473,1.0,0.05,0.75,0.39054687499999946,0.39999999999999947,0.009453125000000007,-5,9.453125,2.640625,0.125,0.046875,0.109375,0.5859649122807022,0.5131578947368421,0.5655946332356685,0.05002634150601893,0.4937039971867692,0.05,-0.8499999999999999,1.2500000000000002,3.0,8.0,0,1,2,0,3,43,0,0,8,7
2000474,1.0,0.05,0.75,4.989359375,5.0,0.010640625000000008,1,10.640625,3.015625,0.125,0.140625,0.109375,0.5859649122807022,0.5184210526315789,0.5655869442989151,0.051338499082997785,0.036799915496982694,0.05,-0.6499999999999999,5.6499999999999995,4.0,13.0,1,1,1,0,1,43,0,0,10,7
2000475,1.0,0.05,0.75,-1.3707812499999996,-1.3499999999999996,0.020781250000000005,-7,20.78125,3.90625,0.125,0.015625,0.15625,0.5925925925925931,0.5111111111111112,0.8435378377505629,0.05004872353885418,0.8332031201887711,0.05,-1.05,-0.30000000000000004,4.0,5.0,0,0,4,0,2,40,0,0,8,10
2000476,1.0,0.05,0.75,-2.319578125,-2.25,0.06957812500000003,-12,69.578125,7.390625,0.203125,0.015625,0.03125,0.5967741935483878,0.5314516129032256,0.9614691377505812,0.05082316302443253,0.9609406745294629,0.05000000000000001,-0.55,-1.6999999999999995,2.0,12.0,0,0,2,0,1,44,0,0,15,2
2000477,0.0,0.05,0.75,2.396296875,2.4,0.0037031250000000016,3,3.703125,1.390625,0.078125,0.125,0.09375,0.5793103448275866,0.5051724137931034,0.49618215417283995,0.05020591741320413,0.019470331450112455,0.049999999999999996,-0.6499999999999999,3.05,3.0,10.0,0,2,3,0,4,42,0,0,7,6
2000478,0.0,0.05,0.75,2.49925,2.5,0.0007500000000000004,0,0.75,0.625,0.078125,0.078125,0.15625,0.5814814814814819,0.5194444444444444,0.5124487564866596,0.05001371348414581,0.18263741825183719,0.05,-0.3,2.8,1.0,9.0,0,0,2,0,5,38,0,0,9,10
2000479,1.0,0.05,0.75,-0.825984374999999,-0.7999999999999989,0.025984375000000018,-9,25.984375,4.484375,0.171875,0.03125,0.078125,0.5796610169491531,0.530508474576271,0.9364233675904229,0.05083320583930934,0.9322391712380683,0.05,-0.6499999999999999,-0.1499999999999997,4.0,9.0,0,1,1,0,1,42,1,2,11,5
2000480,1.0,0.05,0.75,-0.11378125000000054,-0.10000000000000053,0.013781250000000009,-7,13.78125,2.71875,0.15625,0.046875,0.09375,0.5793103448275867,0.5129310344827587,0.7570868028196264,0.05022204781092693,0.7198915889150448,0.05,-0.25,0.15000000000000013,2.0,11.0,0,2,2,0,2,43,0,2,7,6
2000481,0.0,0.05,0.75,1.59096875,1.6,0.009031250000000006,5,9.03125,2.75,0.078125,0.15625,0.046875,0.58688524590164,0.5000000000000001,0.35240390498942603,0.05052430500442726,0.003702226192387403,0.05000000000000002,-1.2,2.8,6.0,9.0,0,4,2,0,0,49,0,0,6,3
2000482,1.0,0.05,0.75,-0.6834218750000004,-0.6500000000000004,0.03342187500000001,-9,33.421875,5.296875,0.171875,0.03125,0.0625,0.5800000000000004,0.525,0.9416643161757066,0.050893771043317944,0.9362480777578557,0.05,-0.25,-0.3999999999999997,2.0,11.0,0,1,1,0,3,43,0,2,10,4
2000483,1.0,0.05,0.75,-0.2749062500000009,-0.2500000000000009,0.024906250000000005,-6,24.90625,4.46875,0.125,0.03125,0.046875,0.5737704918032791,0.5172131147540983,0.7112331400937989,0.050007721861990866,0.6811829186967746,0.05,-0.3999999999999999,0.15000000000000013,2.0,8.0,0,2,2,1,3,42,0,1,10,3
2000484,0.0,0.05,0.75,1.193703125,1.2000000000000002,0.006296875000000004,6,6.296875,2.109375,0.078125,0.171875,0.046875,0.5836065573770498,0.5073770491803279,0.21568607945783413,0.05290298304590065,0.0016852354683356417,0.05,-0.8,1.9999999999999993,4.0,12.0,0,1,4,1,1,46,0,1,7,3
2000485,1.0,0.05,0.75,-0.6830156250000012,-0.6500000000000012,0.03301562499999999,-7,33.015625,5.421875,0.125,0.015625,0.046875,0.5836065573770498,0.5221311475409836,0.912804038356349,0.05002214646526894,0.9057733508754091,0.05,-0.7999999999999998,0.15000000000000013,4.0,5.0,0,0,0,0,5,47,0,0,9,3
2000486,0.0,0.05,0.75,6.133859374999999,6.1499999999999995,0.016140625000000013,-4,16.140625,3.703125,0.15625,0.09375,0.125,0.5607142857142862,0.5133928571428571,0.5783990695623372,0.051591195442677214,0.30373061244049454,0.05,-0.4,6.549999999999999,2.0,14.0,1,4,2,0,4,33,0,1,11,8
2000487,1.0,0.05,0.75,-0.76590625,-0.75,0.01590625000000001,-7,15.90625,3.4375,0.125,0.015625,0.109375,0.5894736842105268,0.5315789473684209,0.9033913382679305,0.05005519154582138,0.8977551086364242,0.05,-0.19999999999999996,-0.5499999999999998,1.0,8.0,0,0,0,0,3,42,0,0,12,7
2000488,1.0,0.05,0.75,2.4952031249999993,2.499999999999999,0.004796875000000003,-2,4.796875,2.015625,0.109375,0.078125,0.078125,0.5898305084745769,0.5152542372881356,0.6705418844166073,0.05004836206268903,0.3193982231105001,0.05,-0.7,3.2,3.0,9.0,0,1,1,0,2,47,0,0,8,5
2000489,1.0,0.05,0.75,-1.1416718750000014,-1.1000000000000014,0.041671875000000004,-8,41.671875,5.953125,0.140625,0.015625,0.109375,0.5894736842105268,0.5342105263157894,0.9165018893920057,0.050114926268997995,0.913351862194129,0.05,-0.25,-0.8499999999999999,2.0,8.0,0,1,1,0,2,38,0,0,15,7
2000490,0.0,0.05,0.75,1.8469375000000003,1.8500000000000003,0.003062500000000002,-1,3.0625,1.375,0.0625,0.046875,0.140625,0.5818181818181823,0.5054545454545455,0.4789044183871644,0.05000088416066773,0.3035647272911617,0.05,-0.5,2.35,2.0,5.0,0,2,2,0,3,42,0,0,6,9
2000491,0.0,0.05,0.75,5.935999999999999,5.949999999999999,0.014000000000000009,-5,14.0,3.25,0.140625,0.0625,0.09375,0.5655172413793109,0.5103448275862069,0.76193563013298,0.050331731329156366,0.6188518426784795,0.05,-0.4,6.35,2.0,11.0,0,3,3,2,2,38,0,1,9,6
2000492,1.0,0.05,0.75,-0.23371875000000109,-0.20000000000000107,0.033718750000000006,-9,33.71875,4.875,0.203125,0.0625,0.078125,0.569491525423729,0.5406779661016947,0.73571333654069,0.05181811453806627,0.7193283174437154,0.05,-0.7999999999999998,0.6000000000000003,4.0,13.0,0,1,0,0,7,34,0,1,16,5
2000493,0.0,0.05,0.75,4.898640625,4.8999999999999995,0.001359375000000001,-1,1.359375,0.890625,0.140625,0.125,0.109375,0.578947368421053,0.5078947368421052,0.45272218758325256,0.05093409858874238,0.05605760791163633,0.05,-0.75,5.6499999999999995,3.0,14.0,0,4,3,1,0,39,0,0,10,7
2000494,1.0,0.05,0.75,-0.11446875000000054,-0.10000000000000053,0.01446875000000001,-6,14.46875,3.0625,0.125,0.03125,0.0625,0.5933333333333339,0.5125,0.7941704976360503,0.05002291948773573,0.7604686996446728,0.05,-0.19999999999999996,0.10000000000000031,1.0,9.0,0,0,4,0,2,45,0,0,9,4
2000495,1.0,0.05,0.75,0.13534374999999857,0.14999999999999858,0.01465625000000001,-8,14.65625,2.84375,0.1875,0.0625,0.09375,0.5793103448275867,0.5232758620689654,0.8156945619434693,0.052887216712586546,0.7821586557310037,0.05,-0.85,1.0000000000000004,4.0,12.0,0,3,1,1,1,39,0,0,13,6
2000496,1.0,0.05,0.75,0.11809374999999855,0.14999999999999858,0.03190625000000002,-9,31.90625,5.09375,0.1875,0.046875,0.078125,0.5932203389830515,0.5330508474576271,0.8944400635930456,0.05367941845930447,0.883691034934822,0.05000000000000001,-0.6499999999999999,0.8000000000000005,4.0,11.0,0,1,0,0,0,44,0,1,13,5
2000497,1.0,0.05,0.75,-1.1900937499999986,-1.1499999999999986,0.04009375000000002,-11,40.09375,5.5,0.21875,0.046875,0.078125,0.5694915254237292,0.5279661016949152,0.9596065651528932,0.06509848032760428,0.9542157561203044,0.05000000000000001,-0.8499999999999999,-0.30000000000000004,5.0,12.0,0,1,2,1,5,36,0,1,13,5
2000498,1.0,0.05,0.75,0.32117187499999966,0.34999999999999964,0.02882812500000001,-9,28.828125,4.578125,0.203125,0.0625,0.09375,0.5862068965517246,0.5336206896551723,0.8687988785095615,0.06262849833601364,0.8457739663885543,0.05000000000000001,-0.25,0.6000000000000005,2.0,15.0,0,1,0,0,2,41,0,1,13,6
2000499,0.0,0.05,0.75,3.69884375,3.7,0.0011562500000000006,-1,1.15625,0.875,0.125,0.109375,0.03125,0.5741935483870972,0.5120967741935484,0.4670397674941958,0.05002615943212643,0.11523422927368127,0.05,-1.0,4.699999999999999,3.0,12.0,0,3,2,0,4,43,0,1,9,2
2000500,0.0,0.05,0.75,7.825031249999998,7.849999999999998,0.024968750000000005,-7,24.96875,4.625,0.171875,0.0625,0.046875,0.5868852459016399,0.5245901639344261,0.8064381346776611,0.050976271003733926,0.7573389302343029,0.05,-0.2,8.049999999999999,1.0,14.0,0,1,1,1,1,45,0,0,12,3
2000501,0.0,0.05,0.75,7.377578124999999,7.3999999999999995,0.022421875000000018,-8,22.421875,4.015625,0.171875,0.046875,0.09375,0.5793103448275868,0.5232758620689654,0.8575622530266842,0.05069190810085994,0.8387655085927888,0.05,-0.7000000000000001,8.1,2.0,12.0,0,3,2,0,2,37,0,1,13,6
2000502,1.0,0.05,0.75,0.6529843750000046,0.7000000000000046,0.047015625000000026,-10,47.015625,5.890625,0.21875,0.0625,0.03125,0.5935483870967748,0.5338709677419353,0.9399609561033718,0.08039779850774205,0.9231842044890869,0.05000000000000001,-0.7,1.4000000000000006,5.0,13.0,0,1,1,0,1,43,0,0,16,2
2000503,0.0,0.05,0.75,2.4871093750000006,2.5000000000000004,0.01289062500000001,4,12.890625,3.171875,0.109375,0.171875,0.140625,0.5818181818181823,0.5163636363636364,0.28232310615277634,0.0719045634812464,0.004351302555644126,0.049999999999999996,-1.15,3.6499999999999995,5.0,13.0,0,3,1,0,2,39,0,0,10,9
2000504,0.0,0.05,0.75,2.094937499999998,2.0999999999999983,0.005062500000000004,3,5.0625,2.0,0.078125,0.125,0.0625,0.5766666666666672,0.51,0.4867446140326723,0.050052259413879495,0.022913446744336416,0.05,-0.2,2.2999999999999985,1.0,12.0,0,3,0,0,2,48,1,0,6,4
2000505,0.0,0.05,0.75,5.545687499999999,5.549999999999999,0.004312500000000003,-3,4.3125,1.8125,0.15625,0.109375,0.0625,0.5733333333333338,0.505,0.3066635658422052,0.05020500271474004,0.08701228772180636,0.05,-0.6000000000000001,6.15,3.0,14.0,1,2,4,0,4,40,0,0,9,4
2000506,0.0,0.05,0.75,3.0479374999999997,3.05,0.0020625000000000014,-2,2.0625,1.28125,0.078125,0.046875,0.109375,0.5824561403508778,0.5078947368421052,0.43982461188598804,0.050001346726692174,0.2868515013542533,0.05,-0.6000000000000001,3.6499999999999995,3.0,5.0,0,0,4,1,3,42,0,0,7,7
2000507,0.0,0.05,0.75,1.8480468750000003,1.8500000000000003,0.0019531250000000013,2,1.953125,1.234375,0.0625,0.09375,0.125,0.5821428571428575,0.5053571428571428,0.4688830809393813,0.05001602517725959,0.0539856352575162,0.05000000000000001,-1.15,3.0,5.0,5.0,0,1,2,0,3,45,0,1,4,8
2000508,0.0,0.05,0.75,3.544578124999999,3.549999999999999,0.005421875000000003,-1,5.421875,1.953125,0.09375,0.078125,0.0625,0.5833333333333338,0.5225,0.3468729030377644,0.050004724045513926,0.1516599868322518,0.05,-0.6000000000000001,4.1499999999999995,3.0,8.0,0,0,2,0,4,43,0,1,10,4
2000509,0.0,0.05,0.75,2.7986874999999998,2.8,0.0013125000000000007,-1,1.3125,0.90625,0.078125,0.0625,0.0625,0.5866666666666672,0.5025000000000001,0.3797213640656354,0.050001075975804686,0.16157299903540703,0.05000000000000001,-0.4,3.2,2.0,7.0,0,1,5,1,1,45,0,0,7,4
2000510,1.0,0.05,0.75,-1.3474687500000024,-1.3000000000000025,0.04746875,-10,47.46875,6.1875,0.1875,0.03125,0.078125,0.5694915254237292,0.5127118644067796,0.9366983411865095,0.05158500919380093,0.932154679580734,0.05,-0.5,-0.7999999999999998,4.0,10.0,1,3,4,0,2,36,0,2,11,5
2000511,1.0,0.05,0.75,-2.099656249999999,-2.049999999999999,0.049656250000000006,-12,49.65625,6.09375,0.21875,0.03125,0.078125,0.5694915254237293,0.5279661016949151,0.9554050399660576,0.055966038132838465,0.9532561823900086,0.05,-0.7999999999999998,-1.2499999999999998,4.0,12.0,1,1,0,0,5,39,0,1,12,5
2000512,0.0,0.05,0.75,5.697515624999999,5.699999999999999,0.0024843750000000018,-2,2.484375,1.328125,0.171875,0.140625,0.0625,0.5700000000000004,0.5100000000000001,0.3042112214113709,0.051532340286620605,0.04661879887092694,0.05,-0.5,6.199999999999998,2.0,18.0,1,3,3,0,3,39,0,1,10,4
2000513,1.0,0.05,0.75,0.3135937499999996,0.34999999999999964,0.036406250000000015,-11,36.40625,5.125,0.265625,0.09375,0.078125,0.5593220338983056,0.530508474576271,0.9887631505162693,0.2652402090575418,0.900974104835729,0.05,-0.5,0.8500000000000001,4.0,19.0,2,2,1,0,3,34,1,1,15,5
2000514,0.0,0.05,0.75,4.992078124999999,4.999999999999999,0.007921875000000005,-1,7.921875,2.609375,0.140625,0.125,0.09375,0.5793103448275867,0.5129310344827588,0.4829952701340782,0.05081154117581905,0.06760531557172964,0.04999999999999999,-1.2,6.199999999999999,6.0,11.0,0,2,4,0,2,39,0,2,9,6
2000515,1.0,0.05,0.75,0.7360937499999982,0.7499999999999982,0.01390625000000001,-7,13.90625,3.375,0.171875,0.0625,0.03125,0.583870967741936,0.5169354838709677,0.6200426060712211,0.05025657518038675,0.5555770182913107,0.05,-0.3999999999999999,1.1500000000000004,2.0,13.0,0,1,2,0,4,45,0,0,10,2
2000516,1.0,0.05,0.75,0.26957812499999895,0.29999999999999893,0.030421875,-11,30.421875,3.765625,0.234375,0.0625,0.109375,0.5859649122807022,0.5447368421052629,0.9977817939806235,0.25504520381777246,0.9860022738641137,0.05000000000000001,-0.40000000000000013,0.7000000000000002,5.0,14.0,0,1,1,0,3,33,0,0,19,7
2000517,1.0,0.05,0.75,0.07200000000000141,0.10000000000000142,0.02800000000000001,-10,28.0,4.25,0.21875,0.0625,0.125,0.5785714285714291,0.5401785714285713,0.9336021166033535,0.11128776769612499,0.9042520862019018,0.05,-0.44999999999999996,0.5500000000000005,3.0,15.0,0,1,2,0,2,33,0,3,15,8
2000518,1.0,0.05,0.75,0.1908906249999993,0.1999999999999993,0.009109375000000006,-5,9.109375,2.578125,0.125,0.046875,0.0,0.5843750000000006,0.5140625,0.6119922587148264,0.05000314151872078,0.5372203960104456,0.05,-0.5,0.7000000000000001,2.0,9.0,0,2,1,1,1,50,0,0,9,0
2000519,1.0,0.05,0.75,1.3924062500000003,1.4000000000000004,0.007593750000000003,-6,7.59375,2.0,0.171875,0.078125,0.015625,0.558730158730159,0.519047619047619,0.5693033002737831,0.05031155717743737,0.45249343445036544,0.05,-0.3999999999999999,1.7999999999999998,2.0,14.0,0,2,1,1,6,42,1,1,9,1
2000520,1.0,0.05,0.75,-2.242343750000001,-2.200000000000001,0.04234375,-12,42.34375,5.65625,0.203125,0.015625,0.0625,0.576666666666667,0.5249999999999999,0.9627735510130282,0.05173128642061402,0.9619582355263615,0.049999999999999996,-0.7999999999999998,-1.4,4.0,10.0,0,0,2,0,5,41,0,2,10,4
2000521,0.0,0.05,0.75,6.5364218749999985,6.549999999999999,0.01357812500000001,-5,13.578125,3.515625,0.15625,0.078125,0.125,0.5678571428571433,0.5294642857142856,0.5504378387075288,0.050808892025965814,0.417377503100359,0.05,-0.7,7.249999999999999,3.0,12.0,1,1,0,0,6,35,0,0,13,8
2000522,0.0,0.05,0.75,4.845984375,4.85,0.004015625000000002,-2,4.015625,1.484375,0.109375,0.078125,0.140625,0.5781818181818185,0.5054545454545455,0.8411489438790122,0.05049318318265732,0.42352308241959136,0.05,-0.75,5.6,4.0,8.0,0,3,2,0,3,40,0,0,7,9
2000523,0.0,0.05,0.75,4.59703125,4.6,0.002968750000000001,-1,2.96875,1.1875,0.125,0.109375,0.140625,0.5818181818181822,0.5136363636363636,0.5238650526954187,0.05055350371922634,0.10620931221320956,0.05000000000000001,-0.95,5.55,4.0,11.0,0,0,3,1,3,40,0,0,8,9
2000524,1.0,0.05,0.75,0.017906249999998923,0.049999999999998934,0.03209375000000001,-9,32.09375,5.0,0.203125,0.0625,0.0625,0.5766666666666672,0.5249999999999998,0.8838225296533658,0.056753944489220616,0.86251882012451,0.05000000000000001,-0.95,1.0,4.0,13.0,0,1,4,1,4,35,0,0,15,4
2000525,1.0,0.05,0.75,-1.353265624999999,-1.299999999999999,0.05326562500000001,-11,53.265625,6.484375,0.203125,0.03125,0.140625,0.5818181818181823,0.5218181818181818,0.9621980893705857,0.06688322814008181,0.957556095638419,0.049999999999999996,-0.10000000000000009,-1.2,2.0,13.0,0,0,4,0,5,34,0,0,12,9
2000526,0.0,0.05,0.75,3.8489687499999996,3.8499999999999996,0.0010312500000000007,-2,1.03125,0.8125,0.09375,0.0625,0.0625,0.5933333333333339,0.515,0.5334351581805326,0.05000439261608835,0.3049605644772396,0.04999999999999999,-0.75,4.6,3.0,7.0,0,0,1,0,2,50,0,0,7,4
2000527,0.0,0.05,0.75,4.942093749999999,4.949999999999999,0.007906250000000005,-2,7.90625,2.375,0.125,0.09375,0.0625,0.5900000000000005,0.5175000000000001,0.3355457404140822,0.05004375362700225,0.11259158225208417,0.049999999999999996,-1.0,5.949999999999999,5.0,9.0,0,3,1,0,0,45,0,0,11,4
2000528,1.0,0.05,0.75,-1.2767031250000018,-1.2500000000000018,0.02670312500000002,-10,26.703125,4.203125,0.171875,0.015625,0.140625,0.5745454545454549,0.5272727272727271,0.9772442461546974,0.0550655652678821,0.9755279332819782,0.05000000000000001,-1.2999999999999998,0.050000000000000266,7.0,5.0,0,2,2,1,2,34,0,1,13,9
2000529,0.0,0.05,0.75,8.929578125,8.950000000000001,0.020421875000000003,-7,20.421875,4.109375,0.203125,0.09375,0.0625,0.5800000000000004,0.5275000000000001,0.9315697830735379,0.11456251858834962,0.8243501997269588,0.05,-0.95,9.9,4.0,15.0,0,3,1,0,3,38,0,0,15,4
2000530,1.0,0.05,0.75,-0.3808437500000014,-0.3500000000000014,0.030843750000000017,-7,30.84375,5.0,0.15625,0.046875,0.046875,0.570491803278689,0.5147540983606557,0.8753315288870425,0.05018257763187635,0.8469888783729903,0.05000000000000001,-0.75,0.40000000000000013,3.0,10.0,1,0,3,1,4,42,0,1,9,3
2000531,0.0,0.05,0.75,5.343374999999999,5.349999999999999,0.006625000000000004,-3,6.625,2.09375,0.125,0.078125,0.046875,0.5803278688524596,0.5073770491803279,0.42963038803880227,0.05003253662768721,0.19186351976380125,0.05,-0.55,5.899999999999999,3.0,10.0,0,2,2,0,4,46,0,0,7,3
2000532,0.0,0.05,0.75,1.4942656250000002,1.5000000000000002,0.005734375000000003,3,5.734375,1.921875,0.0625,0.109375,0.046875,0.5639344262295085,0.5049180327868852,0.28940668850533735,0.05002132403454821,0.01876126001427994,0.05000000000000001,-0.55,2.05,3.0,8.0,0,4,1,0,5,44,0,2,5,3
2000533,0.0,0.05,0.75,3.04640625,3.05,0.0035937500000000023,-1,3.59375,1.625,0.078125,0.0625,0.03125,0.5806451612903231,0.5072580645161291,0.4170057225603936,0.0500007206257404,0.18381145288625378,0.05000000000000001,-0.6000000000000001,3.6500000000000004,3.0,6.0,0,1,2,1,1,51,0,2,4,2
2000534,1.0,0.05,0.75,0.8783749999999986,0.8999999999999986,0.021625000000000016,-6,21.625,4.09375,0.15625,0.0625,0.109375,0.5859649122807024,0.5236842105263156,0.7348949186769065,0.0509443024170891,0.6519019856433224,0.05,-0.5999999999999999,1.5000000000000002,3.0,11.0,0,2,1,1,0,41,0,0,12,7
2000535,0.0,0.05,0.75,3.599078125,3.6,0.0009218750000000004,0,0.921875,0.703125,0.09375,0.09375,0.109375,0.5859649122807022,0.5026315789473685,0.4838019708380498,0.05004913932716552,0.06091485272291788,0.05,-0.8,4.3999999999999995,4.0,8.0,0,2,4,0,2,42,0,0,7,7
2000536,0.0,0.05,0.75,4.5929062499999995,4.6,0.007093750000000005,-3,7.09375,2.28125,0.109375,0.0625,0.09375,0.5896551724137936,0.5129310344827587,0.4043677065740977,0.050011306454909796,0.25258850760993246,0.05,-0.4,5.0,2.0,9.0,0,3,2,0,0,43,0,0,10,6
2000537,0.0,0.05,0.75,4.099015625,4.1,0.0009843750000000007,0,0.984375,0.734375,0.109375,0.109375,0.125,0.5642857142857147,0.5026785714285714,0.9266355074237476,0.05064696486756522,0.2511654146125974,0.05000000000000001,-0.75,4.85,3.0,11.0,1,2,5,1,4,34,0,0,9,8
2000538,0.0,0.05,0.75,2.6438124999999997,2.6499999999999995,0.006187500000000005,4,6.1875,1.9375,0.109375,0.171875,0.0625,0.5733333333333339,0.5224999999999999,0.21849466496158185,0.057489990800405,0.002805655264039167,0.05000000000000001,-0.8,3.4499999999999993,4.0,14.0,0,2,1,0,1,44,1,3,8,4
2000539,0.0,0.05,0.75,2.1480781250000005,2.1500000000000004,0.0019218750000000013,2,1.921875,1.015625,0.078125,0.109375,0.046875,0.5836065573770497,0.5147540983606558,0.4017305663356988,0.05001599983043501,0.04102262993151194,0.05000000000000001,-0.75,2.9,3.0,9.0,0,1,2,0,3,46,0,1,8,3
2000540,0.0,0.05,0.75,4.9927343749999995,4.999999999999999,0.007265625000000004,-4,7.265625,2.109375,0.125,0.0625,0.140625,0.5781818181818186,0.5272727272727271,0.7645252361507251,0.050210855058863205,0.6476830488670748,0.049999999999999996,-0.65,5.6499999999999995,2.0,10.0,1,1,2,0,2,35,0,1,13,9
2000541,0.0,0.05,0.75,5.435796874999999,5.449999999999999,0.01420312500000001,-3,14.203125,3.234375,0.140625,0.09375,0.078125,0.5864406779661022,0.5152542372881356,0.5001472892092841,0.05021540646883576,0.21079102488359058,0.05,-0.55,5.999999999999999,2.0,13.0,0,1,2,0,3,44,0,0,9,5
2000542,0.0,0.05,0.75,5.397578125,5.3999999999999995,0.0024218750000000017,-1,2.421875,1.328125,0.15625,0.140625,0.09375,0.5793103448275866,0.5129310344827587,0.5171446018061708,0.05323227255260566,0.048966227381668795,0.05000000000000001,-0.95,6.349999999999999,4.0,15.0,1,2,4,0,2,37,0,0,12,6
2000543,1.0,0.05,0.75,-0.36550000000000055,-0.35000000000000053,0.01550000000000001,-8,15.5,3.1875,0.15625,0.03125,0.0625,0.5900000000000005,0.5249999999999999,0.8958502581157826,0.050239083559544255,0.8864430222512902,0.05000000000000001,-0.25,-0.09999999999999964,2.0,10.0,0,0,1,0,3,45,0,0,11,4
2000544,0.0,0.05,0.75,5.188765624999999,5.199999999999999,0.011234375000000007,-5,11.234375,2.765625,0.109375,0.03125,0.0625,0.5833333333333338,0.515,0.7997774771949177,0.05001064403275282,0.7549509294688673,0.05,-0.2,5.3999999999999995,1.0,8.0,0,1,3,1,2,43,0,0,10,4
2000545,1.0,0.05,0.75,3.2969843749999987,3.299999999999999,0.003015625000000002,-3,3.015625,1.453125,0.171875,0.125,0.046875,0.5803278688524596,0.519672131147541,0.3967689436974211,0.05116135114565865,0.10251153450288934,0.05000000000000001,-0.3999999999999999,3.7,2.0,17.0,0,4,1,0,2,41,0,0,13,3
2000546,0.0,0.05,0.75,3.74878125,3.75,0.0012187500000000006,-2,1.21875,0.90625,0.109375,0.078125,0.09375,0.5793103448275866,0.518103448275862,0.37236969221472216,0.05001034618132011,0.18893848006684416,0.05000000000000001,-0.9500000000000002,4.7,4.0,8.0,0,2,2,0,4,39,0,0,11,6
2000547,1.0,0.05,0.75,-1.772968750000001,-1.700000000000001,0.07296875000000001,-13,72.96875,7.5,0.21875,0.015625,0.03125,0.5903225806451617,0.5362903225806449,0.9946241482630516,0.0691395093779003,0.9940705579910417,0.05000000000000001,-0.8499999999999999,-0.8499999999999999,5.0,10.0,0,0,1,0,2,43,0,1,15,2
2000548,0.0,0.05,0.75,6.534484375,6.55,0.015515625000000012,-6,15.515625,3.578125,0.15625,0.0625,0.0625,0.5800000000000005,0.515,0.5877527472466493,0.05011261090622152,0.5037050199546818,0.05,-0.35000000000000003,6.8999999999999995,1.0,13.0,0,2,3,0,4,40,0,0,11,4
2000549,1.0,0.05,0.75,0.72484375,0.75,0.025156250000000012,-8,25.15625,4.625,0.203125,0.078125,0.125,0.5750000000000004,0.5348214285714284,0.6868048334569465,0.06170771484799608,0.6251383120646914,0.05,-1.0,1.7500000000000002,4.0,14.0,0,0,1,0,5,36,0,2,12,8
2000550,0.0,0.05,0.75,5.2431093749999995,5.249999999999999,0.006890625000000004,-1,6.890625,2.421875,0.15625,0.140625,0.109375,0.5684210526315793,0.5210526315789473,0.3502834140940424,0.052877089496820594,0.038856267327024345,0.04999999999999999,-1.0999999999999999,6.35,5.0,14.0,0,2,2,0,7,34,0,0,12,7
2000551,1.0,0.05,0.75,-0.5901718750000007,-0.5500000000000007,0.040171874999999996,-9,40.171875,5.796875,0.171875,0.03125,0.15625,0.5814814814814818,0.5388888888888888,0.918616787456842,0.053559807625139934,0.9133835616771091,0.049999999999999996,-0.7999999999999998,0.2500000000000002,4.0,9.0,0,1,1,0,2,34,0,2,14,10
2000552,0.0,0.05,0.75,3.547359374999999,3.5499999999999994,0.0026406250000000015,1,2.640625,1.328125,0.125,0.140625,0.09375,0.5793103448275866,0.5155172413793103,0.4709455104917662,0.05061244406316724,0.03486562866527809,0.049999999999999996,-0.8999999999999999,4.449999999999999,4.0,13.0,0,3,1,0,2,42,0,1,9,6
2000553,0.0,0.05,0.75,5.147265624999999,5.1499999999999995,0.002734375000000002,-3,2.734375,1.265625,0.125,0.078125,0.09375,0.5862068965517246,0.518103448275862,0.4940399368120562,0.05007727334609651,0.26270428404311713,0.05,-0.6000000000000001,5.749999999999999,3.0,10.0,0,1,3,0,2,41,0,1,10,6
2000554,1.0,0.05,0.75,-2.6432656249999997,-2.5999999999999996,0.04326562500000001,-11,43.265625,5.640625,0.171875,0.0,0.03125,0.5838709677419361,0.5145161290322581,0.954745329043589,0.0500903759282286,0.9541062072776259,0.05,-0.7999999999999998,-1.7999999999999998,4.0,7.0,0,2,2,0,3,45,0,0,10,2
2000555,1.0,0.05,0.75,-0.05949999999999983,-0.04999999999999982,0.009500000000000007,-6,9.5,2.34375,0.125,0.03125,0.09375,0.5793103448275866,0.5155172413793103,0.8289456934910436,0.05005312817353679,0.7962215737085545,0.05,-0.19999999999999996,0.15000000000000013,1.0,9.0,0,1,2,0,4,42,0,1,8,6
2000556,1.0,0.05,0.75,0.4350624999999993,0.4499999999999993,0.01493750000000001,-5,14.9375,3.625,0.125,0.046875,0.109375,0.5824561403508778,0.5131578947368421,0.6695156600835277,0.050054097255103965,0.578282222385678,0.05,-0.5999999999999999,1.05,3.0,8.0,0,3,0,0,2,44,0,0,8,7
2000557,1.0,0.05,0.75,0.13235937499999945,0.14999999999999947,0.017640625000000007,-7,17.640625,3.453125,0.15625,0.046875,0.0625,0.5933333333333339,0.5275,0.7607899659473377,0.050148474928848066,0.7325881296460481,0.05000000000000001,-0.8999999999999999,1.0500000000000003,4.0,9.0,0,0,1,0,1,46,0,1,11,4
2000558,0.0,0.05,0.75,0.19284375000000012,0.20000000000000012,0.007156250000000003,6,7.15625,1.90625,0.078125,0.171875,0.109375,0.5578947368421057,0.5105263157894736,0.3450974753547753,0.05150294146024976,0.0043674116586300705,0.049999999999999996,-1.45,1.6500000000000001,6.0,10.0,1,2,3,1,1,39,1,3,6,7
2000559,1.0,0.05,0.75,1.8968749999999994,1.8999999999999995,0.003125000000000002,-3,3.125,1.53125,0.109375,0.0625,0.09375,0.5758620689655177,0.5232758620689654,0.6936707639670378,0.05005473256372959,0.49459315609375076,0.05,-0.34999999999999987,2.25,2.0,9.0,0,2,1,0,3,40,0,2,10,6
2000560,0.0,0.05,0.75,2.2941249999999997,2.3,0.005875000000000004,2,5.875,2.3125,0.078125,0.109375,0.078125,0.5932203389830515,0.5050847457627118,0.2858183643695183,0.050048340304366556,0.016572457730929878,0.05,-0.65,2.95,4.0,8.0,0,2,2,0,0,49,0,0,6,5
2000561,1.0,0.05,0.75,-0.6283906250000014,-0.6000000000000014,0.02839062500000001,-9,28.390625,4.609375,0.171875,0.03125,0.15625,0.5703703703703707,0.5416666666666665,0.9573031534039483,0.055536238077229,0.9538559733904196,0.05,-0.19999999999999996,-0.3999999999999999,1.0,12.0,0,0,0,1,6,32,0,0,15,10
2000562,0.0,0.05,0.75,6.993734374999998,6.999999999999998,0.006265625000000004,-5,6.265625,2.171875,0.171875,0.09375,0.09375,0.5758620689655177,0.518103448275862,0.3574366586448674,0.05085190833010313,0.2070260178043343,0.05000000000000001,-0.8,7.799999999999999,4.0,13.0,1,3,1,0,2,39,0,0,12,6
2000563,0.0,0.05,0.75,5.043124999999999,5.049999999999999,0.006875000000000005,-4,6.875,2.3125,0.125,0.0625,0.109375,0.571929824561404,0.5210526315789473,0.460070148637588,0.05002682715436307,0.34979299751907517,0.05,-0.8999999999999999,5.949999999999999,4.0,8.0,0,3,0,0,5,38,0,0,11,7
2000564,0.0,0.05,0.75,4.047187499999999,4.049999999999999,0.0028125000000000016,0,2.8125,1.28125,0.109375,0.109375,0.109375,0.596491228070176,0.5157894736842105,0.44519053286270655,0.050156615501282885,0.0641398641757419,0.049999999999999996,-0.8,4.849999999999999,4.0,10.0,0,0,4,0,1,42,0,0,10,7
2000565,0.0,0.05,0.75,1.8969218749999999,1.9,0.0030781250000000023,3,3.078125,1.484375,0.078125,0.125,0.109375,0.5578947368421056,0.5131578947368421,0.2710959406965368,0.05028627555950939,0.012826113340097211,0.05,-0.6000000000000001,2.4999999999999996,3.0,10.0,1,2,1,0,6,38,0,2,7,7
2000566,0.0,0.05,0.75,5.593953124999999,5.599999999999999,0.006046875000000004,-3,6.046875,2.171875,0.140625,0.09375,0.15625,0.5888888888888894,0.5111111111111112,0.4672132189275052,0.051005107431922145,0.17245266190865385,0.049999999999999996,-0.95,6.55,4.0,11.0,0,2,5,0,1,35,0,0,11,10
2000567,1.0,0.05,0.75,-0.41970312500000034,-0.40000000000000036,0.01970312500000001,-8,19.703125,3.953125,0.171875,0.046875,0.109375,0.5789473684210531,0.5263157894736841,0.8376472333740587,0.050830974840580925,0.8205845813830693,0.05,-0.30000000000000004,-0.09999999999999987,1.0,13.0,0,1,1,1,3,39,0,0,12,7
2000568,1.0,0.05,0.75,1.5910468749999989,1.5999999999999988,0.008953125000000004,-4,8.953125,2.765625,0.125,0.0625,0.109375,0.5824561403508777,0.5289473684210526,0.7154102369731442,0.05017022356169733,0.5875624402783127,0.05,-0.19999999999999996,1.8,1.0,11.0,0,0,0,0,4,42,0,1,10,7
2000569,1.0,0.05,0.75,-2.099953124999999,-2.049999999999999,0.04995312500000001,-11,49.953125,6.203125,0.1875,0.015625,0.109375,0.5824561403508778,0.5368421052631578,0.9553407569278097,0.051660324323184785,0.9543693889583772,0.05,-0.34999999999999987,-1.6999999999999997,2.0,11.0,1,0,0,0,0,41,0,3,12,7
2000570,1.0,0.05,0.75,-1.0634531250000008,-1.0500000000000007,0.013453125000000008,-7,13.453125,2.828125,0.125,0.015625,0.03125,0.5806451612903232,0.5193548387096774,0.823415591023359,0.05000482545830238,0.8143211139802483,0.05000000000000001,-0.19999999999999996,-0.8499999999999999,1.0,8.0,0,2,1,1,2,45,0,0,11,2
2000571,1.0,0.05,0.75,1.72953125,1.75,0.020468750000000008,-8,20.46875,3.875,0.21875,0.09375,0.09375,0.5724137931034485,0.5310344827586205,0.969095115361179,0.21028808470075283,0.8589841767482401,0.05000000000000001,-0.30000000000000004,2.0500000000000003,3.0,17.0,0,4,1,0,3,33,0,1,16,6
2000572,0.0,0.05,0.75,2.749296875,2.75,0.0007031250000000004,0,0.703125,0.609375,0.09375,0.09375,0.109375,0.5789473684210531,0.5026315789473683,0.4359167308455849,0.05002052442891201,0.09119868329196641,0.049999999999999996,-1.05,3.8,4.0,8.0,0,2,2,0,3,45,0,1,4,7
2000573,1.0,0.05,0.75,-0.16139062500000037,-0.15000000000000036,0.011390625000000008,-5,11.390625,2.984375,0.109375,0.03125,0.0625,0.5866666666666673,0.5025000000000001,0.9060023526871662,0.050019598886787794,0.8615386284309292,0.049999999999999996,-0.050000000000000044,-0.10000000000000009,1.0,8.0,0,1,6,0,2,43,0,1,7,4
2000574,1.0,0.05,0.75,0.485546875,0.5,0.014453125000000011,-6,14.453125,3.453125,0.15625,0.0625,0.09375,0.5655172413793107,0.518103448275862,0.785522862759599,0.05062227093738351,0.7033336416576473,0.049999999999999996,-0.4,0.9000000000000001,1.0,13.0,1,2,1,1,4,38,0,0,11,6
2000575,0.0,0.05,0.75,6.793125000000001,6.800000000000001,0.006875000000000004,-6,6.875,2.15625,0.15625,0.0625,0.140625,0.5709090909090914,0.5218181818181817,0.8119411983604488,0.052354893428904176,0.7300765683945595,0.05,-0.4,7.199999999999999,2.0,12.0,2,0,2,0,4,35,0,0,12,9
2000576,1.0,0.05,0.75,-1.0240468750000018,-1.0000000000000018,0.024046875000000002,-9,24.046875,4.046875,0.171875,0.03125,0.0625,0.5766666666666672,0.5175,0.8403213853339421,0.050211014459388054,0.8314865825411413,0.05,-0.8499999999999999,-0.1499999999999997,3.0,10.0,1,3,3,0,0,39,0,2,12,4
2000577,1.0,0.05,0.75,-0.7148593750000002,-0.7000000000000002,0.014859375000000011,-7,14.859375,3.359375,0.140625,0.03125,0.09375,0.5793103448275866,0.5129310344827585,0.7952150205565137,0.050057775735887974,0.7716387251424508,0.05,-0.30000000000000004,-0.3999999999999999,1.0,10.0,0,2,5,0,3,36,0,1,11,6
2000578,1.0,0.05,0.75,0.39082812500000036,0.40000000000000036,0.009171875000000006,-5,9.171875,2.671875,0.125,0.046875,0.078125,0.5762711864406784,0.5177966101694915,0.7320047399033668,0.050035409363123305,0.6580159141219257,0.05,-0.5999999999999999,1.0,3.0,8.0,0,0,3,0,6,40,0,1,9,5
2000579,0.0,0.05,0.75,6.197296874999999,6.199999999999999,0.002703125000000002,-3,2.703125,1.453125,0.15625,0.109375,0.109375,0.5754385964912285,0.518421052631579,0.44126216724397044,0.051745763886758195,0.14114894487721347,0.05,-0.95,7.1499999999999995,5.0,12.0,0,2,2,0,5,37,0,0,11,7
2000580,0.0,0.05,0.75,4.597140625,4.6,0.002859375000000002,-3,2.859375,1.296875,0.125,0.078125,0.078125,0.5694915254237292,0.5127118644067796,0.49463128858995603,0.050032895417376176,0.26798067501723005,0.05,-0.75,5.349999999999999,3.0,10.0,0,4,0,0,5,41,0,0,9,5
2000581,1.0,0.05,0.75,-0.4761250000000011,-0.45000000000000107,0.026125,-8,26.125,4.40625,0.15625,0.03125,0.125,0.5821428571428576,0.5294642857142856,0.8904327065024469,0.050662053153615605,0.8814631075008036,0.05,-0.8499999999999999,0.40000000000000024,5.0,7.0,0,0,2,1,2,38,0,1,12,8
2000582,0.0,0.05,0.75,3.7992812499999995,3.7999999999999994,0.0007187500000000004,2,0.71875,0.53125,0.125,0.15625,0.078125,0.5830508474576277,0.502542372881356,0.06342307273740608,0.06186455780349502,0.001235439394532721,0.05,-1.0,4.800000000000001,6.0,12.0,0,2,6,0,2,40,0,1,8,5
2000583,1.0,0.05,0.75,-0.18264062500000036,-0.15000000000000036,0.032640625000000006,-8,32.640625,5.046875,0.171875,0.046875,0.09375,0.5793103448275867,0.5232758620689654,0.9197582483836997,0.05203817201820276,0.9048894884024024,0.05,-0.5999999999999999,0.44999999999999996,3.0,11.0,1,2,2,0,2,37,0,0,14,6
2000584,1.0,0.05,0.75,-0.737781250000001,-0.7000000000000011,0.03778125000000002,-8,37.78125,5.6875,0.15625,0.03125,0.03125,0.5774193548387102,0.5266129032258065,0.906658680972853,0.050094944976376794,0.8988461953479534,0.05,-1.0499999999999998,0.3500000000000001,5.0,7.0,0,1,1,0,3,44,1,1,11,2
2000585,0.0,0.05,0.75,9.1365625,9.15,0.013437500000000008,-7,13.4375,2.84375,0.21875,0.109375,0.09375,0.5793103448275867,0.5336206896551723,0.9039817721057314,0.1808523127934099,0.6374871863484105,0.05,-0.4,9.55,2.0,19.0,0,1,0,0,5,38,0,0,14,6
2000586,1.0,0.05,0.75,-0.3667031250000023,-0.3500000000000023,0.01670312500000001,-8,16.703125,3.890625,0.171875,0.046875,0.03125,0.5741935483870972,0.521774193548387,0.879410658487665,0.050340033723190625,0.862213853523447,0.049999999999999996,-0.3999999999999999,0.05000000000000049,2.0,12.0,0,3,1,0,2,43,0,3,10,2
2000587,0.0,0.05,0.75,4.049640624999999,4.05,0.0003593750000000002,0,0.359375,0.359375,0.109375,0.109375,0.09375,0.5931034482758627,0.518103448275862,0.17963210142202682,0.05018379725968087,0.0234312823144453,0.05,-1.2000000000000002,5.249999999999999,6.0,8.0,0,0,2,0,2,45,0,0,9,6
2000588,1.0,0.05,0.75,2.849296875,2.8499999999999996,0.0007031250000000004,-2,0.703125,0.546875,0.125,0.09375,0.09375,0.5827586206896558,0.5206896551724137,0.7233852656387332,0.05029426292199824,0.32316497041622916,0.05,-0.3999999999999999,3.25,2.0,12.0,0,1,2,0,3,41,0,1,10,6
2000589,1.0,0.05,0.75,1.5661562499999997,1.5999999999999996,0.03384375,-7,33.84375,5.40625,0.1875,0.078125,0.078125,0.5932203389830514,0.530508474576271,0.8590602352565467,0.0647943044688611,0.7851529529333534,0.049999999999999996,-0.44999999999999996,2.05,3.0,14.0,0,1,4,0,1,36,0,0,17,5
2000590,0.0,0.05,0.75,6.044093749999999,6.049999999999999,0.005906250000000004,-5,5.90625,1.96875,0.140625,0.0625,0.0625,0.583333333333334,0.515,0.6195658320437009,0.05009232338394178,0.48484552935262243,0.05,-0.35000000000000003,6.399999999999999,1.0,12.0,1,1,3,1,0,43,0,0,11,4
2000591,1.0,0.05,0.75,-0.07281250000000072,-0.05000000000000071,0.02281250000000001,-7,22.8125,4.15625,0.15625,0.046875,0.09375,0.5827586206896556,0.5258620689655171,0.76934918898025,0.05021335165852029,0.7444568955702295,0.05,-0.3999999999999999,0.3500000000000003,2.0,11.0,0,1,2,0,4,38,0,0,13,6
2000592,1.0,0.05,0.75,-1.02065625,-1.0,0.020656250000000015,-10,20.65625,4.0625,0.1875,0.03125,0.078125,0.5796610169491531,0.5330508474576269,0.9655413239799574,0.05274169889734156,0.9634627319162657,0.05,-0.25,-0.75,2.0,12.0,0,0,1,0,4,40,0,2,12,5
2000593,0.0,0.05,0.75,7.292859375,7.3,0.007140625000000003,-6,7.140625,1.984375,0.171875,0.078125,0.09375,0.5724137931034486,0.5310344827586205,0.6908717115302421,0.052014627490608464,0.5894095021626152,0.05,-0.35000000000000003,7.6499999999999995,1.0,15.0,0,1,2,0,6,34,0,1,14,6
2000594,0.0,0.05,0.75,1.1964531250000001,1.2000000000000002,0.0035468750000000023,3,3.546875,1.421875,0.0625,0.109375,0.046875,0.5836065573770498,0.5,0.5036389270014703,0.05000484995074593,0.036326964628106695,0.05,-1.15,2.3500000000000005,5.0,6.0,0,1,5,0,2,47,1,0,5,3
2000595,1.0,0.05,0.75,0.24392187500000087,0.2500000000000009,0.0060781250000000045,-4,6.078125,2.203125,0.109375,0.046875,0.078125,0.5661016949152547,0.5203389830508474,0.7133639552106054,0.050008462295955784,0.6371582687479183,0.05,-0.19999999999999996,0.4500000000000002,1.0,9.0,0,2,0,1,4,42,0,2,8,5
2000596,0.0,0.05,0.75,2.2939218749999997,2.3,0.006078125000000003,4,6.078125,1.765625,0.09375,0.15625,0.0625,0.5833333333333338,0.5025000000000001,0.5920473440205593,0.05032381787398348,0.010624100657049083,0.049999999999999996,-1.0,3.299999999999999,4.0,12.0,1,1,5,1,0,44,0,0,8,4
2000597,0.0,0.05,0.75,4.548374999999999,4.549999999999999,0.0016250000000000012,-2,1.625,1.03125,0.109375,0.078125,0.125,0.5821428571428575,0.5187499999999999,0.6947896617762144,0.0501406667837786,0.33771279930873505,0.049999999999999996,-0.4,4.949999999999999,2.0,10.0,0,1,3,0,2,39,0,2,9,8
2000598,1.0,0.05,0.75,2.1931093749999993,2.1999999999999993,0.006890625000000005,-4,6.890625,2.453125,0.15625,0.09375,0.203125,0.5686274509803925,0.5323529411764705,0.773268634359569,0.06860711712372863,0.49378388621893815,0.05,-0.8500000000000001,3.05,3.0,13.0,1,1,2,0,2,30,0,3,12,13
2000599,1.0,0.05,0.75,-2.27859375,-2.25,0.028593750000000015,-10,28.59375,4.59375,0.15625,0.0,0.09375,0.5793103448275867,0.5232758620689654,0.9778864556529839,0.05027316671164225,0.9774238644370387,0.049999999999999996,-0.40000000000000013,-1.8499999999999999,2.0,8.0,0,1,2,1,3,39,0,0,12,6
2000600,1.0,0.05,0.75,-0.012421875000000897,-8.881784197001252e-16,0.01242187500000001,-8,12.421875,2.984375,0.171875,0.046875,0.140625,0.5818181818181823,0.519090909090909,0.7546435828293928,0.05178765652334515,0.7250813339522275,0.05000000000000001,-0.3999999999999999,0.40000000000000036,2.0,12.0,0,0,3,0,2,40,1,1,8,9
2000601,1.0,0.05,0.75,0.32923437499999963,0.34999999999999964,0.020765625000000003,-5,20.765625,4.109375,0.125,0.046875,0.09375,0.5827586206896558,0.5284482758620689,0.5246544169993556,0.05001162408957834,0.47794194600130585,0.05,0.0,0.3500000000000003,0.0,11.0,0,1,1,0,3,40,0,1,12,6
2000602,1.0,0.05,0.75,3.4211562500000046,3.4500000000000046,0.028843750000000005,-6,28.84375,4.90625,0.234375,0.140625,0.078125,0.5796610169491532,0.533050847457627,0.9990366237550717,0.29321688271642177,0.7611832840363462,0.05,-0.6499999999999999,4.1,5.0,19.0,1,1,2,0,1,37,0,2,15,5
2000603,0.0,0.05,0.75,4.997796874999999,4.999999999999999,0.002203125000000001,-1,2.203125,1.140625,0.125,0.109375,0.078125,0.5932203389830515,0.5228813559322033,0.6063006085258388,0.05030130368603114,0.14142915200152908,0.05000000000000001,-0.95,5.949999999999999,4.0,11.0,0,0,2,0,2,44,0,0,11,5
2000604,1.0,0.05,0.75,-1.0276406250000019,-1.0000000000000018,0.02764062500000002,-10,27.640625,4.671875,0.1875,0.03125,0.0625,0.576666666666667,0.515,0.9297099616008037,0.051490964204286165,0.924182809340423,0.05000000000000001,-0.8999999999999999,-0.09999999999999964,4.0,10.0,0,4,3,0,2,38,0,1,12,4
2000605,1.0,0.05,0.75,1.8171874999999988,1.8499999999999988,0.03281250000000001,-6,32.8125,5.125,0.1875,0.09375,0.109375,0.578947368421053,0.5263157894736841,0.4601346452623977,0.054301765957393285,0.32489699233138836,0.05,-0.75,2.6000000000000005,3.0,15.0,0,2,2,0,4,35,0,0,14,7
2000606,0.0,0.05,0.75,4.04775,4.05,0.0022500000000000016,-2,2.25,1.1875,0.109375,0.078125,0.09375,0.5862068965517248,0.5155172413793102,0.5117376743835933,0.05002358986875139,0.24052367981412548,0.05,-0.4,4.449999999999999,2.0,10.0,0,2,1,0,2,44,0,0,9,6
2000607,0.0,0.05,0.75,5.539906249999999,5.549999999999999,0.010093750000000007,-5,10.09375,2.96875,0.125,0.046875,0.109375,0.5894736842105268,0.5263157894736841,0.5779439514961163,0.05002796392377464,0.523190756605491,0.05,-0.2,5.749999999999999,1.0,10.0,0,1,3,0,1,38,0,1,13,7
2000608,1.0,0.05,0.75,3.0982343749999997,3.0999999999999996,0.0017656250000000007,-1,1.765625,0.984375,0.109375,0.09375,0.03125,0.583870967741936,0.5169354838709677,0.4855424560957566,0.050014595045970625,0.15113481201523712,0.05000000000000001,-0.5999999999999999,3.7,3.0,10.0,0,1,0,1,2,50,0,0,8,2
2000609,0.0,0.05,0.75,4.394125,4.3999999999999995,0.0058750000000000035,2,5.875,2.1875,0.140625,0.171875,0.046875,0.5868852459016399,0.5221311475409836,0.2069023183235612,0.06391490816589969,0.005004816860803133,0.05000000000000001,-1.55,5.949999999999999,7.0,13.0,0,1,1,0,2,46,0,1,10,3
2000610,1.0,0.05,0.75,-0.4738125000000011,-0.45000000000000107,0.023812499999999997,-9,23.8125,3.78125,0.171875,0.03125,0.125,0.5785714285714291,0.5241071428571428,0.9683525414228257,0.05662274994046311,0.9634056604281216,0.05000000000000001,-0.8499999999999999,0.40000000000000013,5.0,8.0,0,2,4,1,2,32,0,0,15,8
2000611,1.0,0.05,0.75,-0.31287499999999824,-0.24999999999999822,0.06287500000000003,-11,62.875,7.21875,0.21875,0.046875,0.125,0.5964285714285721,0.5401785714285713,0.9945963394459841,0.1833835964731833,0.9875073300805751,0.05,-0.3500000000000001,0.10000000000000009,4.0,13.0,0,0,5,0,1,30,0,0,20,8
2000612,1.0,0.05,0.75,2.643359375000001,2.6500000000000012,0.006640625000000002,-3,6.640625,1.953125,0.15625,0.109375,0.125,0.5785714285714291,0.5267857142857142,0.7841415028726307,0.05555419369733973,0.38802096482998905,0.05,-0.25,2.9,2.0,15.0,0,1,2,1,3,36,0,0,13,8
2000613,1.0,0.05,0.75,-0.8289687500000007,-0.8000000000000007,0.028968750000000012,-11,28.96875,4.59375,0.203125,0.03125,0.09375,0.5827586206896556,0.5336206896551722,0.9745683712638129,0.06631727138057152,0.9716219298653606,0.049999999999999996,-0.8499999999999999,0.050000000000000266,5.0,10.0,0,1,1,0,3,38,0,1,14,6
2000614,0.0,0.05,0.75,3.1480624999999995,3.1499999999999995,0.001937500000000001,0,1.9375,1.0625,0.09375,0.09375,0.109375,0.5754385964912286,0.5184210526315789,0.3833878862148649,0.050028030813040025,0.0865902820364121,0.05000000000000001,-0.8500000000000001,3.999999999999999,3.0,9.0,0,2,1,0,3,41,0,2,8,7
2000615,1.0,0.05,0.75,-1.8134374999999983,-1.7499999999999982,0.06343750000000002,-13,63.4375,7.03125,0.234375,0.03125,0.09375,0.5724137931034486,0.525862068965517,0.9930141817003527,0.13001452902593844,0.9893444524170497,0.049999999999999996,-1.25,-0.4999999999999998,7.0,10.0,0,5,2,0,2,32,0,1,16,6
2000616,1.0,0.05,0.75,-0.79234375,-0.75,0.04234375000000001,-10,42.34375,5.84375,0.21875,0.0625,0.046875,0.5803278688524595,0.5295081967213114,0.8960286135651732,0.05546303350735385,0.8850911865062034,0.05,-1.1999999999999997,0.4500000000000002,6.0,12.0,0,2,0,0,3,42,0,1,13,3
2000617,1.0,0.05,0.75,0.4448593749999993,0.4499999999999993,0.005140625000000003,-6,5.140625,1.671875,0.140625,0.046875,0.046875,0.5934426229508203,0.5172131147540984,0.7457051129604645,0.050064632210676495,0.6894606529796737,0.049999999999999996,-0.19999999999999996,0.6500000000000004,1.0,11.0,0,1,2,0,0,48,0,1,9,3
2000618,0.0,0.05,0.75,5.598984374999999,5.599999999999999,0.0010156250000000005,-3,1.015625,0.703125,0.140625,0.09375,0.078125,0.5830508474576277,0.5076271186440678,0.5019791198636047,0.050275853119521416,0.18010967855808271,0.05,-0.6000000000000001,6.199999999999999,3.0,12.0,1,2,2,0,1,45,0,0,8,5
2000619,0.0,0.05,0.75,2.6492500000000003,2.6500000000000004,0.0007500000000000003,1,0.75,0.625,0.09375,0.109375,0.078125,0.579661016949153,0.5152542372881355,0.5981334937752173,0.0500265969710287,0.0989655310780882,0.05,-0.9500000000000002,3.6000000000000005,4.0,9.0,0,1,2,0,4,43,0,1,8,5
2000620,1.0,0.05,0.75,0.37914062499999857,0.3999999999999986,0.020859375000000017,-8,20.859375,4.046875,0.1875,0.0625,0.015625,0.5746031746031752,0.5238095238095237,0.8305159382287803,0.05115464795979389,0.7933111740510047,0.05000000000000001,-1.0999999999999999,1.5000000000000004,5.0,11.0,0,3,1,2,0,43,0,1,13,1
2000621,0.0,0.05,0.75,5.148843749999999,5.1499999999999995,0.0011562500000000004,-2,1.15625,0.75,0.140625,0.109375,0.09375,0.5827586206896556,0.5155172413793103,0.3614832218106736,0.05028493491823621,0.09428781710187951,0.05,-0.6000000000000001,5.75,3.0,13.0,0,3,1,0,1,43,0,1,9,6
2000622,0.0,0.05,0.75,4.643624999999998,4.649999999999999,0.006375000000000005,-2,6.375,2.25,0.109375,0.078125,0.09375,0.5827586206896556,0.5181034482758622,0.468980040571157,0.05003697387485366,0.1966604200999292,0.05,-0.8,5.449999999999999,4.0,8.0,0,2,2,1,0,42,0,1,10,6
2000623,1.0,0.05,0.75,2.9953749999999983,2.9999999999999982,0.004625000000000003,-3,4.625,1.875,0.171875,0.125,0.0625,0.5733333333333338,0.52,0.5073746473309376,0.05180644868995639,0.13538076832659462,0.05000000000000001,-0.44999999999999996,3.4499999999999984,1.0,18.0,0,6,0,0,2,38,0,0,14,4
2000624,0.0,0.05,0.75,2.0941874999999994,2.0999999999999996,0.005812500000000003,3,5.8125,2.125,0.09375,0.140625,0.09375,0.5586206896551728,0.5077586206896552,0.2664533013440368,0.05074352595784647,0.009624819612719878,0.05,-1.05,3.1499999999999986,4.0,11.0,0,4,2,2,2,39,0,2,7,6
2000625,0.0,0.05,0.75,6.195281249999999,6.199999999999999,0.004718750000000003,-4,4.71875,1.78125,0.140625,0.078125,0.109375,0.5964912280701761,0.5184210526315789,0.7238476633991678,0.05109836197388789,0.48388787663291644,0.05000000000000001,-0.2,6.3999999999999995,1.0,13.0,0,0,2,0,1,45,0,0,9,7
2000626,1.0,0.05,0.75,-1.0706875000000007,-1.0500000000000007,0.020687500000000008,-9,20.6875,3.875,0.15625,0.015625,0.078125,0.5864406779661022,0.5203389830508474,0.977491399359282,0.05071105694824781,0.9756114230625675,0.049999999999999996,-0.44999999999999996,-0.5999999999999999,3.0,8.0,0,0,3,1,1,43,0,1,10,5
2000627,1.0,0.05,0.75,2.596203124999999,2.5999999999999988,0.0037968750000000016,-2,3.796875,1.484375,0.109375,0.078125,0.078125,0.5966101694915261,0.5203389830508474,0.402799964989796,0.0500194581416067,0.18387156262181859,0.05,-0.19999999999999996,2.8,1.0,11.0,0,0,1,0,1,48,0,0,9,5
2000628,0.0,0.05,0.75,5.386624999999999,5.399999999999999,0.013375000000000008,-4,13.375,3.21875,0.125,0.0625,0.09375,0.5896551724137936,0.518103448275862,0.5505348407459977,0.05005087466313151,0.4076825161905977,0.05,-0.7,6.099999999999999,3.0,9.0,0,1,2,0,2,43,0,0,10,6
2000629,1.0,0.05,0.75,2.841859374999999,2.8499999999999988,0.008140625000000005,-5,8.140625,2.578125,0.1875,0.109375,0.09375,0.5862068965517246,0.5206896551724137,0.7514276693083655,0.07572974917249578,0.4393049253747254,0.05,-0.30000000000000004,3.1499999999999986,3.0,16.0,0,2,2,0,2,40,0,0,12,6
2000630,0.0,0.05,0.75,4.630218749999999,4.6499999999999995,0.01978125,-3,19.78125,4.03125,0.109375,0.0625,0.125,0.5678571428571433,0.5107142857142859,0.7787999294414633,0.05013118844378888,0.5477545864423301,0.05,-0.35,5.0,2.0,9.0,1,2,3,1,3,36,0,0,10,8
2000631,0.0,0.05,0.75,2.7988125,2.8,0.0011875000000000008,1,1.1875,0.78125,0.078125,0.09375,0.140625,0.5781818181818186,0.5027272727272728,0.3247078884413989,0.05005804654303867,0.02947359574025044,0.05,-0.45,3.25,3.0,8.0,0,3,3,0,3,39,0,0,7,9
2000632,1.0,0.05,0.75,-0.41584375000000035,-0.40000000000000036,0.01584375000000001,-7,15.84375,3.0625,0.140625,0.03125,0.078125,0.5762711864406783,0.5203389830508475,0.8234950716574605,0.05006615243323508,0.8054990950885837,0.049999999999999996,0.0,-0.3999999999999997,0.0,11.0,0,2,1,0,4,41,0,1,10,5
2000633,1.0,0.05,0.75,0.7427343749999991,0.7499999999999991,0.007265625000000005,-6,7.265625,2.140625,0.140625,0.046875,0.046875,0.5868852459016399,0.5221311475409836,0.8038473188860672,0.05011475627449204,0.7550250356043648,0.049999999999999996,-0.44999999999999996,1.2000000000000004,3.0,9.0,1,0,1,0,2,46,0,0,11,3
2000634,0.0,0.05,0.75,5.143046875,5.1499999999999995,0.006953125000000003,-1,6.953125,2.078125,0.140625,0.125,0.0625,0.5733333333333338,0.5225,0.5843381782121051,0.05059284804031644,0.0957523658798563,0.05,-0.95,6.1,4.0,13.0,0,3,1,0,5,38,0,0,13,4
2000635,0.0,0.05,0.75,1.9481249999999999,1.95,0.0018750000000000012,2,1.875,1.1875,0.078125,0.109375,0.078125,0.5796610169491531,0.5,0.23522189666098525,0.050048297961533865,0.013871205207135253,0.05,-1.0,2.95,5.0,7.0,1,2,3,0,2,45,0,0,6,5
2000636,0.0,0.05,0.75,3.247203125,3.25,0.0027968750000000016,1,2.796875,1.359375,0.09375,0.109375,0.125,0.5892857142857147,0.5241071428571428,0.3685275625039075,0.050152886716235696,0.048284565816656834,0.05000000000000001,-1.15,4.3999999999999995,5.0,8.0,0,1,0,0,1,44,0,1,9,8
2000637,1.0,0.05,0.75,-0.7324375000000011,-0.7000000000000011,0.03243750000000001,-8,32.4375,5.125,0.15625,0.03125,0.046875,0.5836065573770497,0.519672131147541,0.7749426144614947,0.05005212781699872,0.7622570955274807,0.05,-0.7999999999999998,0.10000000000000031,4.0,8.0,0,2,1,0,3,44,0,0,11,3
2000638,0.0,0.05,0.75,3.6466718750000005,3.6500000000000004,0.0033281250000000017,-1,3.328125,1.484375,0.109375,0.09375,0.046875,0.5868852459016399,0.5147540983606557,0.31570516862138914,0.05001224299168885,0.09130674488923124,0.05,-0.95,4.6,4.0,9.0,1,1,2,0,1,46,0,0,10,3
2000639,0.0,0.05,0.75,6.23340625,6.25,0.01659375000000001,-6,16.59375,3.6875,0.140625,0.046875,0.0625,0.5766666666666672,0.5175,0.614784530530055,0.05003022064981868,0.5622467112806706,0.05,-0.6000000000000001,6.85,3.0,9.0,0,2,2,0,4,41,0,1,10,4
2000640,1.0,0.05,0.75,0.08039062499999963,0.09999999999999964,0.01960937500000001,-7,19.609375,3.796875,0.15625,0.046875,0.046875,0.5737704918032793,0.519672131147541,0.8181204747915124,0.0501893468411287,0.7821588587207956,0.05,-0.3999999999999999,0.5000000000000002,2.0,11.0,1,1,2,0,3,42,0,2,10,3
2000641,0.0,0.05,0.75,1.2360937500000004,1.2500000000000004,0.013906250000000009,6,13.90625,3.21875,0.0625,0.15625,0.15625,0.5814814814814818,0.5111111111111112,0.2352496846846155,0.058075504601266315,0.0021374179367362298,0.05,-1.0,2.25,5.0,9.0,0,2,2,0,2,40,0,1,7,10
2000642,0.0,0.05,0.75,5.34925,5.35,0.0007500000000000004,-1,0.75,0.625,0.15625,0.140625,0.125,0.5642857142857146,0.5294642857142856,0.3796295380574038,0.05418943764105903,0.04564003933886416,0.049999999999999996,-0.9500000000000002,6.3,4.0,15.0,0,1,1,2,4,35,0,1,12,8
2000643,0.0,0.05,0.75,3.747578124999999,3.749999999999999,0.0024218750000000017,-1,2.421875,1.328125,0.109375,0.09375,0.125,0.5892857142857147,0.5187499999999999,0.35797433460290945,0.05005450201594874,0.11428854169833991,0.05000000000000001,-0.4,4.1499999999999995,2.0,11.0,0,1,1,0,2,43,0,0,9,8
2000644,1.0,0.05,0.75,-2.362703124999999,-2.299999999999999,0.06270312500000003,-13,62.703125,7.109375,0.203125,0.0,0.109375,0.5859649122807022,0.5368421052631578,0.9942518501149977,0.06944243751633776,0.9937079411924852,0.05,-0.8999999999999999,-1.3999999999999997,6.0,7.0,0,0,1,0,4,37,0,0,15,7
2000645,0.0,0.05,0.75,0.7946562500000003,0.8000000000000003,0.005343750000000003,5,5.34375,1.96875,0.0625,0.140625,0.15625,0.5814814814814819,0.5083333333333333,0.26948958881097496,0.05110068405192627,0.006182444024148182,0.05000000000000001,-0.8999999999999999,1.7000000000000002,4.0,9.0,0,2,2,0,3,40,0,0,7,10
2000646,1.0,0.05,0.75,0.8404999999999997,0.8499999999999996,0.009500000000000007,-6,9.5,2.40625,0.171875,0.078125,0.078125,0.555932203389831,0.5254237288135591,0.6555166422420352,0.05087188391688016,0.5386101049223897,0.05,-0.3999999999999999,1.2500000000000004,2.0,14.0,0,2,0,1,8,36,0,1,11,5
2000647,1.0,0.05,0.75,-1.2303906250000012,-1.200000000000001,0.03039062500000001,-9,30.390625,5.078125,0.1875,0.046875,0.09375,0.5724137931034486,0.518103448275862,0.7894244340647765,0.05052864043518696,0.7753373843542178,0.05,-0.6499999999999999,-0.5499999999999998,2.0,13.0,0,4,1,0,4,37,0,0,12,6
2000648,0.0,0.05,0.75,6.846546875,6.85,0.003453125000000002,-4,3.453125,1.328125,0.15625,0.09375,0.140625,0.585454545454546,0.5218181818181817,0.8944202085690608,0.07126303460881195,0.6256678371832606,0.05,-0.75,7.6,3.0,13.0,0,2,2,0,0,39,0,2,10,9
2000649,1.0,0.05,0.75,0.2749999999999989,0.29999999999999893,0.02500000000000001,-8,25.0,4.625,0.1875,0.0625,0.125,0.5821428571428576,0.5294642857142856,0.8005437635376196,0.05524160969715618,0.7671886326125882,0.05,-0.19999999999999996,0.5000000000000002,1.0,15.0,0,1,2,0,4,35,0,0,14,8
2000650,0.0,0.05,0.75,3.592125,3.5999999999999996,0.007875000000000005,4,7.875,2.1875,0.125,0.1875,0.09375,0.5862068965517246,0.507758620689655,0.18880325312066026,0.1125550767242505,0.001096567441586416,0.049999999999999996,-1.2,4.799999999999999,6.0,14.0,0,3,3,0,1,42,0,0,9,6
2000651,0.0,0.05,0.75,3.745328125,3.75,0.004671875000000003,-3,4.671875,1.796875,0.09375,0.046875,0.078125,0.5864406779661022,0.5177966101694915,0.4276087453308029,0.05000125178139851,0.33407804824478227,0.05,-0.6000000000000001,4.35,3.0,6.0,0,1,0,0,3,47,0,0,8,5
2000652,0.0,0.05,0.75,3.1972968749999993,3.1999999999999993,0.002703125000000002,1,2.703125,1.421875,0.109375,0.125,0.125,0.5857142857142862,0.5214285714285714,0.5573174204000654,0.05031976940661575,0.06348285166445272,0.049999999999999996,-0.95,4.15,4.0,11.0,0,2,1,0,2,40,0,0,11,8
2000653,1.0,0.05,0.75,0.8412812499999988,0.8499999999999988,0.008718750000000006,-4,8.71875,2.71875,0.109375,0.046875,0.078125,0.5864406779661023,0.5228813559322033,0.6350327394505157,0.0500106658985333,0.548866195127523,0.05000000000000002,0.0,0.8500000000000003,0.0,10.0,0,0,1,0,2,46,1,0,9,5
2000654,0.0,0.05,0.75,4.39903125,4.4,0.0009687500000000004,-1,0.96875,0.8125,0.125,0.109375,0.109375,0.5894736842105269,0.5184210526315788,0.6558714907013924,0.050411662599615874,0.16313196508345257,0.05,0.0,4.4,0.0,15.0,0,0,2,1,1,44,0,0,9,7
2000655,0.0,0.05,0.75,3.049171875,3.05,0.0008281250000000005,-1,0.828125,0.671875,0.078125,0.0625,0.078125,0.5796610169491531,0.5254237288135593,0.44140600053440043,0.05000174211345349,0.2451700819040304,0.05,-0.55,3.5999999999999996,2.0,7.0,0,0,0,2,2,45,0,0,10,5
2000656,1.0,0.05,0.75,1.0476562499999997,1.0499999999999998,0.002343750000000001,-3,2.34375,0.875,0.09375,0.046875,0.046875,0.5868852459016399,0.519672131147541,0.7955312605390742,0.050005508175965524,0.6725391206434508,0.05,-0.25,1.3,2.0,7.0,0,0,0,1,2,50,0,0,8,3
2000657,1.0,0.05,0.75,0.04076562499999982,0.04999999999999982,0.009234375000000006,-5,9.234375,2.734375,0.140625,0.0625,0.109375,0.5719298245614041,0.5131578947368421,0.6026679698028325,0.05006398682581465,0.4916635842556315,0.05,-0.19999999999999996,0.24999999999999978,1.0,12.0,1,1,3,0,4,38,0,1,9,7
2000658,0.0,0.05,0.75,3.998078125,4.0,0.0019218750000000013,0,1.921875,1.203125,0.125,0.125,0.078125,0.5762711864406785,0.5203389830508474,0.6062416623599949,0.0502521723684536,0.09269436769577938,0.049999999999999996,-1.45,5.45,6.0,10.0,0,1,3,0,3,40,0,3,9,5
2000659,1.0,0.05,0.75,-0.9275156249999995,-0.8999999999999995,0.027515625000000023,-8,27.515625,4.640625,0.15625,0.03125,0.078125,0.5864406779661023,0.5279661016949151,0.9188918066078818,0.050200915476961795,0.912351980341219,0.05,-0.3500000000000001,-0.55,2.0,10.0,0,0,2,0,3,41,0,1,12,5
2000660,0.0,0.05,0.75,4.694765625,4.699999999999999,0.005234375000000004,2,5.234375,1.921875,0.15625,0.1875,0.03125,0.5580645161290327,0.5024193548387097,0.4463269466128341,0.06290946687548521,0.005082926528145439,0.05,-1.7,6.3999999999999995,7.0,15.0,1,7,1,0,4,39,0,0,10,2
2000661,0.0,0.05,0.75,5.045765625,5.05,0.004234375000000002,-3,4.234375,1.328125,0.125,0.078125,0.046875,0.5803278688524596,0.5122950819672131,0.5384674884219377,0.050032589570857225,0.2865724306501483,0.05000000000000002,-0.2,5.25,1.0,12.0,1,1,2,0,3,45,0,0,9,3
2000662,0.0,0.05,0.75,3.6486875,3.65,0.0013125000000000007,0,1.3125,0.84375,0.125,0.125,0.140625,0.5745454545454549,0.5163636363636364,0.2734999568378962,0.050909870463061925,0.03412744242348514,0.05,-0.6000000000000001,4.250000000000001,3.0,13.0,1,3,0,0,1,40,0,1,9,9
2000663,1.0,0.05,0.75,1.5217656250000007,1.5500000000000007,0.028234375000000003,-7,28.234375,4.390625,0.1875,0.078125,0.0625,0.5800000000000004,0.5299999999999999,0.2582439684544935,0.05051313618647427,0.2167846488901817,0.05,-0.7999999999999998,2.3500000000000005,4.0,13.0,0,1,2,1,3,38,0,0,15,4
2000664,1.0,0.05,0.75,1.2398281249999992,1.2499999999999991,0.010171875000000007,-5,10.171875,2.609375,0.15625,0.078125,0.0625,0.5833333333333338,0.5149999999999999,0.727420687580798,0.05051065575424225,0.5516170706009857,0.049999999999999996,-1.15,2.3999999999999995,4.0,11.0,0,3,3,0,1,41,0,1,11,4
2000665,1.0,0.05,0.75,0.4829531249999991,0.4999999999999991,0.01704687500000001,-6,17.046875,3.953125,0.15625,0.0625,0.09375,0.5724137931034486,0.5258620689655171,0.7590313583176505,0.050442459528018666,0.6972522487132449,0.05,-0.3999999999999999,0.9000000000000001,2.0,12.0,1,3,1,0,1,37,0,2,13,6
2000666,0.0,0.05,0.75,4.447343749999999,4.449999999999999,0.002656250000000002,-2,2.65625,1.34375,0.109375,0.078125,0.03125,0.5870967741935489,0.5096774193548387,0.41067784765888493,0.05000722091368428,0.16681792741195775,0.05,-0.6000000000000001,5.049999999999999,3.0,9.0,0,1,2,0,2,50,0,1,6,2
2000667,0.0,0.05,0.75,3.3993125,3.4000000000000004,0.0006875000000000004,-2,0.6875,0.65625,0.09375,0.0625,0.203125,0.5725490196078434,0.5088235294117647,0.5023084922224299,0.05004100925575842,0.2722914476211748,0.05,-0.2,3.5999999999999996,1.0,9.0,0,3,2,0,3,35,0,1,7,13
2000668,1.0,0.05,0.75,2.1245156249999977,2.1499999999999977,0.025484375000000004,-5,25.484375,4.609375,0.171875,0.09375,0.0625,0.576666666666667,0.5225000000000001,0.495096740481104,0.051140645159097456,0.3187622077830778,0.05000000000000002,-0.7999999999999998,2.95,4.0,13.0,0,2,2,0,4,39,0,1,12,4
2000669,1.0,0.05,0.75,-1.4473750000000003,-1.4000000000000004,0.047375000000000014,-10,47.375,6.125,0.1875,0.03125,0.078125,0.5661016949152547,0.5228813559322033,0.9275342639000181,0.05097074863111714,0.9244746173204654,0.049999999999999996,-0.44999999999999996,-0.9499999999999997,3.0,11.0,0,2,2,0,6,36,0,2,11,5
2000670,0.0,0.05,0.75,7.342781250000001,7.3500000000000005,0.0072187500000000055,-3,7.21875,2.4375,0.21875,0.171875,0.125,0.5535714285714289,0.5241071428571428,0.8596577867804015,0.22367416888571623,0.07532283119980232,0.05,-0.6000000000000001,7.950000000000001,3.0,22.0,0,3,3,1,5,29,0,3,12,8
2000671,1.0,0.05,0.75,0.497140625,0.5,0.002859375000000002,-3,2.859375,1.390625,0.078125,0.03125,0.109375,0.578947368421053,0.5157894736842105,0.5778460629044906,0.05000139978698967,0.49374179161668347,0.05,-0.19999999999999996,0.7000000000000002,1.0,6.0,0,1,1,0,5,42,0,0,8,7
2000672,0.0,0.05,0.75,2.8497812500000004,2.8500000000000005,0.00021875000000000009,0,0.21875,0.21875,0.078125,0.078125,0.171875,0.5735849056603776,0.5141509433962265,0.47766499565536996,0.050025904203437284,0.13661865933755685,0.05,-0.6000000000000001,3.45,3.0,7.0,0,2,1,0,4,38,0,1,7,11
2000673,0.0,0.05,0.75,0.8339062500000001,0.8500000000000001,0.01609375000000001,7,16.09375,3.625,0.078125,0.1875,0.046875,0.5803278688524596,0.5073770491803279,0.3387321904809439,0.05263988509501423,0.0016419102608535305,0.049999999999999996,-0.8999999999999999,1.75,4.0,13.0,0,2,4,0,4,42,0,0,9,3
2000674,0.0,0.05,0.75,5.347828124999999,5.349999999999999,0.0021718750000000015,-2,2.171875,1.328125,0.140625,0.109375,0.046875,0.5803278688524595,0.5098360655737704,0.7845481932900873,0.05069242501187343,0.24520124848783734,0.05,-1.1,6.449999999999999,4.0,12.0,0,3,3,1,1,43,0,0,10,3
2000675,0.0,0.05,0.75,6.839625,6.85,0.010375000000000007,-6,10.375,2.75,0.15625,0.0625,0.046875,0.5803278688524596,0.519672131147541,0.43378163566271394,0.0500802090779306,0.36044360449096385,0.05,-0.8999999999999999,7.75,4.0,10.0,0,0,3,0,6,41,0,0,11,3
2000676,1.0,0.05,0.75,2.3671562499999985,2.3999999999999986,0.03284375000000001,-6,32.84375,5.4375,0.1875,0.09375,0.03125,0.5935483870967748,0.5314516129032257,0.8620400915376936,0.06505434603033595,0.7197101092813756,0.05,-0.8499999999999999,3.25,5.0,13.0,0,1,1,0,1,44,0,0,15,2
2000677,1.0,0.05,0.75,1.483125,1.5,0.016875000000000008,-5,16.875,3.40625,0.140625,0.0625,0.078125,0.5864406779661022,0.5203389830508474,0.7308349525121771,0.050336412527674256,0.598434849274482,0.05000000000000002,-0.44999999999999996,1.9500000000000004,3.0,10.0,0,2,1,0,1,44,0,1,10,5
2000678,1.0,0.05,0.75,0.37032812500000034,0.40000000000000036,0.029671875,-9,29.671875,4.171875,0.203125,0.0625,0.078125,0.5762711864406784,0.5330508474576269,0.8969830016661889,0.06319607115957963,0.8759443001033209,0.05000000000000001,-1.0499999999999998,1.4500000000000002,6.0,11.0,0,1,1,0,6,36,0,0,15,5
2000679,0.0,0.05,0.75,3.54740625,3.55,0.0025937500000000014,3,2.59375,1.25,0.125,0.171875,0.046875,0.58688524590164,0.5122950819672131,0.2828126923351354,0.057390453215309355,0.004322392669250913,0.05,-1.75,5.3,8.0,11.0,0,3,2,0,1,45,0,0,10,3
2000680,1.0,0.05,0.75,-0.21435937500000107,-0.20000000000000107,0.014359375000000008,-7,14.359375,2.859375,0.140625,0.03125,0.125,0.5714285714285718,0.5187499999999999,0.8028675766313011,0.05019739666806231,0.7804930691475497,0.05,-0.5999999999999999,0.40000000000000036,3.0,8.0,1,0,1,1,4,40,0,0,9,8
2000681,0.0,0.05,0.75,6.0900156249999995,6.1,0.009984375000000007,-5,9.984375,2.921875,0.140625,0.0625,0.0625,0.5866666666666672,0.5225,0.6880766907466828,0.05012194882343619,0.5809455028404447,0.05,-0.4,6.5,2.0,11.0,0,0,1,0,4,45,0,0,10,4
2000682,1.0,0.05,0.75,-0.2707968750000009,-0.2500000000000009,0.020796875000000003,-7,20.796875,3.859375,0.140625,0.03125,0.046875,0.5737704918032791,0.5147540983606557,0.7590216005331671,0.05003211498957733,0.7350067802459718,0.05,-0.5999999999999999,0.3500000000000003,3.0,8.0,0,1,2,0,7,42,0,0,9,3
2000683,1.0,0.05,0.75,-0.06734375000000073,-0.05000000000000071,0.017343750000000012,-6,17.34375,3.625,0.125,0.03125,0.109375,0.578947368421053,0.5263157894736842,0.8360760347491987,0.05006750103425403,0.8132340965964264,0.05,-0.5999999999999999,0.5500000000000003,3.0,7.0,0,2,0,0,2,41,0,2,10,7
2000684,0.0,0.05,0.75,3.7480468749999987,3.7499999999999987,0.001953125000000001,1,1.953125,1.078125,0.109375,0.125,0.078125,0.5728813559322038,0.5203389830508475,0.3487963301875497,0.050275146497612194,0.029595743169716675,0.05000000000000001,-0.55,4.299999999999999,2.0,13.0,0,0,1,1,5,43,0,1,8,5
2000685,1.0,0.05,0.75,2.443656250000001,2.450000000000001,0.006343750000000001,-8,6.34375,1.625,0.234375,0.109375,0.125,0.5785714285714291,0.5348214285714283,0.9926747216319085,0.283441563596929,0.8014254824248517,0.05,-1.2,3.6499999999999995,7.0,15.0,0,1,1,0,3,36,0,2,13,8
2000686,1.0,0.05,0.75,1.0376249999999998,1.0499999999999998,0.012375000000000008,-6,12.375,2.8125,0.15625,0.0625,0.0625,0.5966666666666673,0.5199999999999999,0.9361738655010314,0.052337703507665846,0.8836996083999809,0.05000000000000001,-0.6499999999999999,1.7,4.0,10.0,0,1,1,0,0,48,0,0,10,4
2000687,0.0,0.05,0.75,5.245640624999999,5.249999999999999,0.004359375000000002,-3,4.359375,1.640625,0.140625,0.09375,0.09375,0.5827586206896556,0.5129310344827586,0.6339486019420087,0.050396148143125284,0.28400965829217295,0.049999999999999996,-0.2,5.449999999999999,1.0,14.0,1,2,4,0,1,38,0,0,12,6
2000688,0.0,0.05,0.75,4.797484375,4.8,0.0025156250000000014,-3,2.515625,1.140625,0.125,0.078125,0.109375,0.5614035087719302,0.5026315789473684,0.5077378946670984,0.05007942337511652,0.2518999456813349,0.05,-1.0,5.799999999999999,4.0,9.0,0,3,5,0,6,34,0,2,7,7
2000689,0.0,0.05,0.75,3.296390625,3.3,0.0036093750000000023,4,3.609375,1.546875,0.125,0.1875,0.109375,0.5684210526315793,0.5052631578947367,0.3882102030476258,0.09433740493092169,0.0034328675221946213,0.049999999999999996,-1.5,4.799999999999999,7.0,13.0,0,5,3,0,3,36,0,1,9,7
2000690,1.0,0.05,0.75,1.29034375,1.2999999999999998,0.009656250000000007,-4,9.65625,2.6875,0.109375,0.046875,0.09375,0.5862068965517246,0.518103448275862,0.8497410476951309,0.050080541290229215,0.7503092092452359,0.05000000000000001,-0.19999999999999996,1.5000000000000002,1.0,9.0,0,0,2,0,4,43,0,0,9,6
2000691,1.0,0.05,0.75,-1.1374843749999997,-1.0999999999999996,0.037484375000000014,-11,37.484375,5.453125,0.203125,0.03125,0.078125,0.5932203389830515,0.5406779661016947,0.9594109078963985,0.055338789520279104,0.9575959543336997,0.05,-0.8499999999999999,-0.24999999999999978,5.0,10.0,0,0,1,0,2,39,0,0,17,5
2000692,1.0,0.05,0.75,1.8437499999999987,1.8499999999999988,0.006250000000000004,-4,6.25,1.96875,0.140625,0.078125,0.03125,0.5870967741935489,0.514516129032258,0.5140682921136536,0.050061852468719456,0.305389027486983,0.05000000000000001,-0.3999999999999999,2.25,2.0,12.0,0,1,2,0,3,47,0,0,9,2
2000693,0.0,0.05,0.75,5.695687499999999,5.699999999999999,0.004312500000000003,-4,4.3125,1.71875,0.140625,0.078125,0.078125,0.5593220338983055,0.5101694915254238,0.5624382858202882,0.05015979858725829,0.3267342770829057,0.05,-0.8,6.5,4.0,10.0,1,1,3,2,4,39,0,1,8,5
2000694,1.0,0.05,0.75,-0.592624999999999,-0.5499999999999989,0.042625000000000024,-10,42.625,5.6875,0.203125,0.046875,0.078125,0.5661016949152549,0.5254237288135593,0.9244899587220501,0.05708090495769468,0.9157516168823948,0.05,-0.3999999999999999,-0.1499999999999997,2.0,14.0,1,2,2,0,3,36,0,3,12,5
2000695,1.0,0.05,0.75,-1.4789843749999994,-1.4499999999999993,0.02898437500000001,-10,28.984375,4.546875,0.171875,0.015625,0.109375,0.5719298245614041,0.5289473684210525,0.9827803993355506,0.05268603097933791,0.9817701658415375,0.05,-0.8,-0.6499999999999997,5.0,7.0,0,2,1,1,3,36,0,1,13,7
2000696,1.0,0.05,0.75,-2.1648437499999997,-2.0999999999999996,0.06484375000000002,-12,64.84375,7.1875,0.1875,0.0,0.0625,0.5900000000000005,0.525,0.9917684236252092,0.05309859080006819,0.9915189252673814,0.05000000000000001,-0.30000000000000004,-1.7999999999999996,3.0,9.0,0,0,2,0,2,44,0,1,11,4
2000697,1.0,0.05,0.75,0.4934843749999991,0.4999999999999991,0.006515625000000004,-6,6.515625,2.109375,0.140625,0.046875,0.125,0.5785714285714291,0.5160714285714285,0.7820865197795949,0.050370928956981,0.7250715163947369,0.049999999999999996,-0.8499999999999999,1.35,5.0,7.0,0,2,4,0,2,36,1,0,11,8
2000698,0.0,0.05,0.75,4.3479062499999985,4.349999999999999,0.0020937500000000014,1,2.09375,1.15625,0.140625,0.15625,0.09375,0.5724137931034486,0.518103448275862,0.517311675728289,0.053935243635205056,0.025915107928857577,0.05000000000000001,-0.75,5.099999999999999,3.0,16.0,0,2,1,0,5,40,0,1,9,6
2000699,1.0,0.05,0.75,1.1865624999999993,1.1999999999999993,0.01343750000000001,-5,13.4375,3.34375,0.140625,0.0625,0.125,0.5857142857142862,0.5267857142857142,0.8921791632263641,0.051597065373988345,0.8139072276366367,0.05,-0.30000000000000004,1.5000000000000002,3.0,10.0,0,1,0,0,2,42,0,1,10,8
2000700,1.0,0.05,0.75,0.15532812499999926,0.1999999999999993,0.044671875000000014,-11,44.671875,5.703125,0.265625,0.09375,0.0625,0.5600000000000003,0.5374999999999999,0.9649656862957854,0.21974854554861534,0.8737261241699578,0.05000000000000001,-0.75,0.95,4.0,19.0,0,0,4,2,5,30,0,3,16,4
2000701,0.0,0.05,0.75,3.888093749999999,3.899999999999999,0.011906250000000007,2,11.90625,3.15625,0.140625,0.171875,0.09375,0.5689655172413798,0.5155172413793102,0.3901358324360085,0.060134593254458114,0.010641405922709832,0.05,-2.6000000000000005,6.5,10.0,10.0,1,1,5,1,2,35,0,2,11,6
2000702,0.0,0.05,0.75,3.1982500000000003,3.2,0.0017500000000000011,2,1.75,1.15625,0.109375,0.140625,0.09375,0.5689655172413798,0.518103448275862,0.3328694647177444,0.05109899936686979,0.016113511849109852,0.05,-1.25,4.45,5.0,11.0,1,0,1,1,5,41,0,0,9,6
2000703,0.0,0.05,0.75,4.298359375,4.300000000000001,0.001640625000000001,0,1.640625,0.984375,0.125,0.125,0.0625,0.5733333333333338,0.515,0.6159700834745768,0.050240369015747764,0.07441223928614293,0.049999999999999996,-1.15,5.45,5.0,11.0,0,3,1,0,5,41,0,0,10,4
2000704,1.0,0.05,0.75,-1.2107031249999987,-1.1499999999999986,0.06070312500000002,-12,60.703125,5.984375,0.21875,0.03125,0.015625,0.5841269841269847,0.5285714285714284,0.9894629499120513,0.06307753038803326,0.9884821473208812,0.05,-0.8999999999999999,-0.25,6.0,10.0,0,1,2,0,3,42,0,1,14,1
2000705,1.0,0.05,0.75,0.18720312499999928,0.1999999999999993,0.01279687500000001,-5,12.796875,3.265625,0.109375,0.03125,0.078125,0.579661016949153,0.5127118644067796,0.8027005381507514,0.050015258599719774,0.7549509294688665,0.05,-0.5999999999999999,0.8,3.0,6.0,0,0,4,1,4,41,0,0,9,5
2000706,0.0,0.05,0.75,0.84396875,0.8500000000000001,0.0060312500000000045,5,6.03125,1.875,0.0625,0.140625,0.109375,0.5859649122807022,0.5105263157894736,0.24012302266236954,0.0505880586763981,0.005671775974661489,0.05,-1.3499999999999999,2.1999999999999997,7.0,6.0,0,1,3,0,3,42,0,0,8,7
2000707,1.0,0.05,0.75,-1.1971249999999987,-1.1499999999999986,0.047125000000000014,-11,47.125,6.25,0.203125,0.03125,0.078125,0.5830508474576276,0.5279661016949151,0.9743111851517716,0.059527823410306366,0.9719166569745811,0.05,-0.7999999999999998,-0.34999999999999987,4.0,11.0,1,1,0,0,2,42,0,0,13,5
2000708,0.0,0.05,0.75,2.7989374999999996,2.8,0.0010625000000000007,-2,1.0625,0.84375,0.0625,0.03125,0.09375,0.5758620689655177,0.5051724137931034,0.5886419160493374,0.050000542942243514,0.4414624910782697,0.05,-0.2,3.0,1.0,5.0,0,3,1,0,3,45,0,1,5,6
2000709,0.0,0.05,0.75,3.298046874999999,3.299999999999999,0.001953125000000001,2,1.953125,0.921875,0.109375,0.140625,0.09375,0.5793103448275867,0.5103448275862068,0.5028699965110989,0.05055470808707753,0.02035484229806627,0.05,-0.6000000000000001,3.8999999999999995,3.0,13.0,0,2,1,0,2,46,0,2,5,6
2000710,0.0,0.05,0.75,4.895953124999998,4.899999999999999,0.004046875000000003,-2,4.046875,1.671875,0.125,0.09375,0.109375,0.5824561403508778,0.5236842105263158,0.2816459293752335,0.05008686814846196,0.10152612265329984,0.05000000000000001,-0.6000000000000001,5.499999999999999,3.0,11.0,0,0,2,0,4,40,0,1,10,7
2000711,0.0,0.05,0.75,3.6985625,3.7,0.001437500000000001,-2,1.4375,1.0,0.109375,0.078125,0.09375,0.5827586206896558,0.518103448275862,0.3964894732944631,0.05001080708491127,0.19841888801357466,0.05,-0.9500000000000002,4.6499999999999995,4.0,8.0,0,2,0,1,1,45,0,0,9,6
2000712,1.0,0.05,0.75,1.286578125,1.2999999999999998,0.01342187500000001,-5,13.421875,3.390625,0.140625,0.0625,0.15625,0.5740740740740745,0.5305555555555554,0.9497342392994722,0.054810234961441565,0.9032340526649504,0.05,-0.15000000000000013,1.45,3.0,10.0,0,1,1,0,5,34,0,1,12,10
2000713,0.0,0.05,0.75,2.8467187500000004,2.8500000000000005,0.003281250000000002,2,3.28125,1.5,0.109375,0.140625,0.015625,0.5746031746031751,0.5166666666666666,0.5506588828325081,0.050067218685071885,0.03414231251762191,0.04999999999999999,-1.6,4.449999999999999,6.0,10.0,2,1,0,0,2,48,0,1,9,1
2000714,0.0,0.05,0.75,4.649078124999999,4.6499999999999995,0.0009218750000000006,-2,0.921875,0.703125,0.125,0.09375,0.078125,0.5830508474576276,0.5254237288135593,0.7327038033135562,0.05017943641726236,0.37319360157897025,0.049999999999999996,-0.8500000000000001,5.499999999999999,3.0,11.0,0,2,1,0,2,41,0,1,12,5
2000715,1.0,0.05,0.75,-0.8704843750000005,-0.8500000000000005,0.02048437500000001,-8,20.484375,3.546875,0.140625,0.015625,0.078125,0.5864406779661023,0.5101694915254237,0.9353508076264133,0.05014673393042478,0.9284978285650571,0.05,-1.0499999999999998,0.20000000000000018,6.0,4.0,0,0,5,1,2,42,0,0,9,5
2000716,1.0,0.05,0.75,-0.5036093749999992,-0.4499999999999993,0.053609375000000015,-9,53.609375,6.265625,0.171875,0.03125,0.09375,0.5793103448275867,0.5387931034482757,0.924216021384432,0.05126384843798719,0.9202850171251877,0.05000000000000001,-0.5999999999999999,0.15000000000000036,3.0,10.0,0,1,0,0,3,38,0,2,14,6
2000717,0.0,0.05,0.75,5.246796874999999,5.249999999999999,0.003203125000000002,-2,3.203125,1.421875,0.140625,0.109375,0.09375,0.5862068965517246,0.5129310344827587,0.3458889295493007,0.050286543339320776,0.08275568313281949,0.05,-0.4,5.6499999999999995,2.0,14.0,0,1,5,0,2,39,0,1,10,6
2000718,1.0,0.05,0.75,-0.50853125,-0.5,0.008531250000000006,-5,8.53125,2.65625,0.09375,0.015625,0.0625,0.5966666666666673,0.5175,0.8008301969596199,0.05000186709960471,0.7812328306533608,0.05000000000000001,-0.5999999999999999,0.10000000000000009,3.0,4.0,0,0,2,0,1,48,0,0,9,4
2000719,1.0,0.05,0.75,-2.126812499999999,-2.049999999999999,0.0768125,-14,76.8125,7.65625,0.234375,0.015625,0.03125,0.5967741935483878,0.5387096774193546,0.997168677706055,0.09549076439813019,0.9964978880211796,0.049999999999999996,-0.9000000000000001,-1.1499999999999997,6.0,10.0,0,1,1,0,0,42,0,0,18,2
2000720,1.0,0.05,0.75,-0.37960937499999964,-0.34999999999999964,0.029609375000000018,-10,29.609375,4.859375,0.203125,0.046875,0.03125,0.5870967741935489,0.5241935483870966,0.9288118501033432,0.05387186575592445,0.9212008703729924,0.05,-0.9999999999999998,0.6500000000000001,5.0,11.0,1,1,2,0,1,43,0,0,14,2
2000721,1.0,0.05,0.75,-0.12062499999999965,-0.09999999999999964,0.02062500000000001,-10,20.625,3.59375,0.21875,0.0625,0.140625,0.5709090909090914,0.5327272727272727,0.9264807863590658,0.1118763854339624,0.8916269246830236,0.049999999999999996,-0.44999999999999996,0.3500000000000001,3.0,15.0,0,1,3,1,4,30,0,1,15,9
2000722,0.0,0.05,0.75,7.892546874999999,7.899999999999999,0.007453125000000003,-6,7.453125,1.796875,0.1875,0.09375,0.046875,0.5836065573770497,0.5245901639344261,0.22107521506715433,0.0504671679401637,0.14760945006245776,0.05,-0.8,8.700000000000001,4.0,14.0,0,2,3,0,2,39,0,1,14,3
2000723,1.0,0.05,0.75,0.14807812500000106,0.20000000000000107,0.05192187500000002,-8,51.921875,6.453125,0.1875,0.0625,0.03125,0.5741935483870971,0.5338709677419354,0.7818030413977457,0.05058381177136138,0.7584042972162003,0.05,-1.2,1.4000000000000004,4.0,12.0,0,2,1,1,2,39,0,2,15,2
2000724,1.0,0.05,0.75,-1.0671875000000006,-1.0500000000000007,0.01718750000000001,-7,17.1875,3.53125,0.125,0.015625,0.15625,0.5740740740740745,0.5138888888888888,0.8345283050190683,0.05006957656256817,0.8221635399829893,0.05,-0.19999999999999996,-0.8499999999999996,1.0,8.0,2,2,0,0,1,40,0,0,9,10
2000725,0.0,0.05,0.75,2.8969531249999996,2.8999999999999995,0.003046875000000002,2,3.046875,1.515625,0.109375,0.140625,0.109375,0.5684210526315794,0.5052631578947367,0.25263310657026306,0.051704249297924644,0.010219698701874731,0.05000000000000001,-1.0,3.9000000000000004,5.0,11.0,1,3,3,0,2,39,0,2,7,7
2000726,1.0,0.05,0.75,-2.2027656249999987,-2.1499999999999986,0.05276562500000002,-12,52.765625,6.234375,0.203125,0.015625,0.09375,0.5793103448275866,0.5258620689655171,0.9670835787955231,0.05358089482698304,0.9660952640487482,0.05,-1.1,-1.0499999999999998,5.0,9.0,0,0,3,0,6,36,0,0,13,6
2000727,1.0,0.05,0.75,-0.5429843750000001,-0.5,0.04298437500000002,-10,42.984375,6.046875,0.203125,0.046875,0.03125,0.5838709677419361,0.536290322580645,0.9709978819497821,0.05555827875067336,0.967937800236181,0.049999999999999996,-0.8999999999999999,0.3999999999999999,6.0,10.0,0,0,2,0,3,40,0,2,15,2
2000728,1.0,0.05,0.75,0.18432812500000018,0.20000000000000018,0.01567187500000001,-5,15.671875,3.546875,0.109375,0.03125,0.1875,0.5769230769230773,0.5086538461538461,0.8904840449253055,0.05024601325910196,0.8480030511116797,0.05000000000000001,-0.050000000000000044,0.25,1.0,8.0,1,2,2,0,2,37,0,0,8,12
2000729,1.0,0.05,0.75,-0.4799062499999993,-0.4499999999999993,0.029906250000000013,-11,29.90625,4.6875,0.234375,0.0625,0.046875,0.5836065573770497,0.5368852459016393,0.8949330723772779,0.06645004818261514,0.8818180134754265,0.05000000000000001,-0.3999999999999999,-0.0499999999999996,2.0,17.0,0,1,2,0,2,38,0,2,16,3
2000730,1.0,0.05,0.75,-0.17768750000000036,-0.15000000000000036,0.0276875,-7,27.6875,4.875,0.140625,0.03125,0.109375,0.5964912280701761,0.5289473684210526,0.8955943818986501,0.0502522877425673,0.8841346380650579,0.05,-0.5999999999999999,0.4500000000000002,3.0,8.0,0,0,1,0,1,43,0,0,12,7
2000731,1.0,0.05,0.75,0.32964062499999963,0.34999999999999964,0.02035937500000001,-7,20.359375,4.078125,0.171875,0.0625,0.0625,0.5800000000000004,0.5199999999999999,0.8082704185483391,0.05077832128923357,0.7576667203220561,0.05,-0.25,0.6000000000000001,2.0,13.0,0,1,4,0,3,39,0,2,11,4
2000732,0.0,0.05,0.75,1.0921093750000002,1.1,0.007890625000000005,3,7.890625,2.484375,0.046875,0.09375,0.09375,0.5827586206896558,0.5051724137931034,0.3232541923610737,0.05001036994097417,0.029226052506062444,0.05,-0.6000000000000001,1.7000000000000002,3.0,6.0,0,1,2,0,4,46,0,0,5,6
2000733,0.0,0.05,0.75,5.991671874999999,5.999999999999999,0.008328125000000006,-5,8.328125,2.328125,0.140625,0.0625,0.078125,0.5864406779661022,0.5177966101694915,0.6803995036746254,0.0501529994531975,0.5587514454006766,0.049999999999999996,-0.4,6.3999999999999995,2.0,11.0,0,0,3,0,3,43,0,1,9,5
2000734,0.0,0.05,0.75,3.5486718749999997,3.55,0.0013281250000000005,0,1.328125,0.921875,0.109375,0.109375,0.078125,0.5694915254237292,0.5177966101694914,0.20814194625548685,0.05010422358711181,0.03785401083137829,0.05,-0.55,4.1,3.0,11.0,1,3,1,0,3,39,0,1,11,5
2000735,1.0,0.05,0.75,0.7229375000000018,0.7500000000000018,0.02706250000000001,-10,27.0625,3.96875,0.234375,0.078125,0.03125,0.5774193548387102,0.5362903225806449,0.9263147283518235,0.10752294225966919,0.8898218795732432,0.05,-1.2499999999999998,2.0000000000000004,7.0,13.0,1,1,0,0,1,42,0,3,14,2
2000736,1.0,0.05,0.75,1.0939999999999996,1.0999999999999996,0.006000000000000004,-6,6.0,1.84375,0.1875,0.09375,0.078125,0.5762711864406784,0.5203389830508474,0.4404248686546632,0.0509493488396449,0.31855205530955366,0.05,0.0,1.0999999999999999,0.0,18.0,0,4,2,0,2,37,0,1,13,5
2000737,1.0,0.05,0.75,0.29228124999999894,0.29999999999999893,0.007718750000000003,-7,7.71875,2.28125,0.15625,0.046875,0.078125,0.579661016949153,0.5101694915254237,0.9240013155666684,0.051351924932473314,0.8904034302715355,0.05,-0.050000000000000044,0.3500000000000003,1.0,12.0,0,5,0,0,1,44,0,0,9,5
2000738,1.0,0.05,0.75,-1.9271093750000003,-1.9000000000000004,0.02710937500000002,-10,27.109375,4.234375,0.15625,0.0,0.078125,0.5830508474576277,0.5254237288135593,0.9899424614553055,0.05060577444199397,0.9895990017308579,0.05,-0.050000000000000044,-1.8499999999999999,1.0,9.0,1,0,0,0,3,44,0,0,11,5
2000739,1.0,0.05,0.75,1.398109375,1.4,0.0018906250000000012,-2,1.890625,1.171875,0.078125,0.046875,0.125,0.5857142857142862,0.5214285714285715,0.6076775492956871,0.05000421753252302,0.4512957499376683,0.05,-0.050000000000000044,1.4500000000000002,1.0,7.0,0,0,2,1,2,41,0,0,10,8
2000740,1.0,0.05,0.75,3.192624999999999,3.1999999999999993,0.007375000000000005,-4,7.375,2.46875,0.1875,0.125,0.046875,0.5737704918032791,0.5245901639344261,0.8443732546132676,0.06940096165211405,0.4455746845912811,0.05,-0.6000000000000001,3.799999999999999,3.0,17.0,0,3,3,0,4,35,0,1,15,3
2000741,1.0,0.05,0.75,-0.16695312499999948,-0.14999999999999947,0.01695312500000001,-7,16.953125,3.171875,0.140625,0.03125,0.09375,0.5793103448275867,0.5387931034482757,0.9364825456174073,0.050268828714396495,0.9294658523614199,0.049999999999999996,-0.55,0.40000000000000013,3.0,8.0,0,1,0,1,3,37,0,0,16,6
2000742,1.0,0.05,0.75,-0.06862500000000071,-0.05000000000000071,0.01862500000000001,-8,18.625,3.75,0.171875,0.046875,0.09375,0.5965517241379317,0.5181034482758621,0.7817329363683163,0.05142848770354084,0.7471235811465824,0.05,-0.5,0.44999999999999996,2.0,12.0,0,0,4,0,1,42,0,0,11,6
2000743,0.0,0.05,0.75,2.698515625,2.7,0.001484375000000001,1,1.484375,1.078125,0.09375,0.109375,0.0625,0.5800000000000004,0.5125,0.47945776335966855,0.05002096262018037,0.07079106355394249,0.05,-1.2,3.8999999999999995,5.0,8.0,0,3,1,0,3,44,0,0,9,4
2000744,0.0,0.05,0.75,5.541484375,5.55,0.008515625000000006,-4,8.515625,2.484375,0.140625,0.078125,0.125,0.5571428571428575,0.5107142857142858,0.48293375988536275,0.05025155313494564,0.27791382729116515,0.05,-0.8,6.349999999999999,4.0,10.0,2,3,1,0,4,36,0,1,9,8
2000745,0.0,0.05,0.75,6.745499999999999,6.749999999999999,0.0045000000000000005,-5,4.5,1.40625,0.1875,0.109375,0.09375,0.5758620689655176,0.528448275862069,0.6250008480406342,0.056377163867938035,0.37777857003304255,0.05,-0.55,7.299999999999999,2.0,17.0,0,2,0,0,4,39,0,1,12,6
2000746,0.0,0.05,0.75,7.884749999999999,7.899999999999999,0.015250000000000008,-7,15.25,2.96875,0.1875,0.078125,0.03125,0.5806451612903231,0.521774193548387,0.5205196080905031,0.05043368822665739,0.44983650387197766,0.05,-0.2,8.1,1.0,16.0,0,2,1,0,4,43,0,0,12,2
2000747,1.0,0.05,0.75,0.9250937499999984,0.9499999999999984,0.024906250000000008,-7,24.90625,4.5,0.171875,0.0625,0.0625,0.5900000000000006,0.5199999999999999,0.6762057507536129,0.05088158499216017,0.6045071233768486,0.05,-0.7499999999999998,1.7000000000000004,4.0,11.0,0,0,4,0,2,42,0,1,11,4
2000748,1.0,0.05,0.75,-0.9274375000000004,-0.9000000000000004,0.027437500000000004,-9,27.4375,4.21875,0.171875,0.03125,0.046875,0.5868852459016399,0.519672131147541,0.9251306636192849,0.050386313356711676,0.9185439964128912,0.05,-0.3999999999999999,-0.5,2.0,11.0,0,0,3,0,4,43,0,0,11,3
2000749,1.0,0.05,0.75,2.23690625,2.25,0.01309375000000001,-6,13.09375,3.34375,0.1875,0.09375,0.109375,0.5824561403508777,0.5289473684210525,0.9349979474775346,0.11744622691104692,0.8051562890274212,0.05,-0.30000000000000004,2.5500000000000007,3.0,15.0,1,1,2,0,2,36,0,0,15,7
2000750,0.0,0.05,0.75,8.043640624999998,8.049999999999999,0.006359375000000003,-7,6.359375,1.921875,0.203125,0.09375,0.09375,0.5827586206896558,0.5336206896551723,0.7182051078363854,0.06421904217047346,0.5995788364501812,0.04999999999999999,-1.2,9.25,4.0,15.0,1,1,0,0,1,40,0,1,14,6
2000751,0.0,0.05,0.75,7.990453124999998,7.999999999999998,0.009546875000000007,-6,9.546875,2.484375,0.1875,0.09375,0.046875,0.5901639344262302,0.5270491803278687,0.3745994449272573,0.05088350559503231,0.2729837167716436,0.05000000000000001,-0.8,8.8,4.0,14.0,0,1,2,1,0,43,0,0,14,3
2000752,1.0,0.05,0.75,1.0950468749999989,1.0999999999999988,0.004953125000000001,-6,4.953125,1.578125,0.171875,0.078125,0.015625,0.5936507936507943,0.5214285714285714,0.5736863672183917,0.05019603719531727,0.47064681478934084,0.05,-0.19999999999999996,1.2999999999999998,1.0,15.0,0,0,3,0,1,47,0,1,11,1
2000753,0.0,0.05,0.75,3.1945468750000003,3.2,0.005453125000000003,0,5.453125,2.078125,0.09375,0.09375,0.109375,0.5894736842105268,0.5184210526315789,0.5191972187480569,0.05002865673941159,0.1271164940514563,0.05,-1.15,4.35,5.0,7.0,0,0,1,0,2,46,0,1,7,7
2000754,0.0,0.05,0.75,2.2951562500000002,2.3000000000000003,0.004843750000000003,4,4.84375,1.96875,0.09375,0.15625,0.109375,0.5789473684210531,0.5105263157894737,0.28758438128483593,0.05409746401077491,0.004564291257590631,0.05,-1.55,3.8499999999999996,7.0,9.0,0,2,3,0,3,40,0,1,8,7
2000755,0.0,0.05,0.75,4.996468750000002,5.000000000000002,0.0035312500000000023,-1,3.53125,1.6875,0.15625,0.140625,0.109375,0.571929824561404,0.5289473684210526,0.554030865480083,0.0533071180411138,0.08473484857347374,0.05000000000000001,-1.2500000000000002,6.250000000000001,4.0,15.0,0,3,1,0,4,34,0,1,14,7
2000756,1.0,0.05,0.75,0.5924062499999997,0.5999999999999996,0.007593750000000006,-4,7.59375,2.4375,0.109375,0.046875,0.109375,0.5894736842105268,0.5263157894736841,0.6677435294938728,0.0500169691334822,0.5875171381788404,0.05,-0.19999999999999996,0.8,1.0,9.0,0,0,1,0,3,42,0,0,11,7
2000757,1.0,0.05,0.75,0.5002968750000025,0.5500000000000025,0.04970312500000001,-10,49.703125,6.078125,0.234375,0.078125,0.0625,0.5800000000000004,0.5324999999999999,0.9309155888343568,0.12991474534342817,0.8802265779207162,0.05,-0.5999999999999999,1.1500000000000001,3.0,17.0,0,2,2,0,4,35,0,0,17,4
2000758,0.0,0.05,0.75,0.2410312500000001,0.2500000000000001,0.008968750000000006,5,8.96875,2.65625,0.0625,0.140625,0.171875,0.5660377358490569,0.5084905660377359,0.6103762457617586,0.050106349777833216,0.02642351573668798,0.05,-1.1,1.35,3.0,10.0,0,2,1,1,2,41,1,1,4,11
2000759,1.0,0.05,0.75,-0.021578125000001783,-1.7763568394002505e-15,0.021578125000000007,-8,21.578125,4.328125,0.171875,0.046875,0.140625,0.5709090909090914,0.5245454545454544,0.8371725943042063,0.05273019447785629,0.8146794991355931,0.05,-1.0999999999999999,1.1000000000000003,5.0,9.0,0,3,0,0,4,36,0,1,11,9
2000760,1.0,0.05,0.75,-0.9473281249999986,-0.8999999999999986,0.047328125000000026,-10,47.328125,6.140625,0.1875,0.03125,0.078125,0.5966101694915261,0.5279661016949152,0.9513564604202253,0.05263024337452796,0.9480733669296011,0.05,-1.0499999999999998,0.15000000000000013,6.0,8.0,0,0,3,0,1,41,0,0,14,5
2000761,1.0,0.05,0.75,-0.6933749999999986,-0.6499999999999986,0.043375000000000004,-10,43.375,5.84375,0.1875,0.03125,0.125,0.5928571428571434,0.5428571428571427,0.975196073043004,0.06250772592634395,0.9726507282290693,0.05,-0.8499999999999999,0.20000000000000018,5.0,9.0,0,0,0,0,2,38,0,0,16,8
2000762,1.0,0.05,0.75,0.12448437499999856,0.14999999999999858,0.025515625000000017,-9,25.515625,4.578125,0.203125,0.0625,0.125,0.5964285714285721,0.532142857142857,0.8914542252489214,0.07102746217359474,0.866437234542204,0.049999999999999996,-0.5999999999999999,0.75,3.0,14.0,0,0,2,0,1,39,0,0,14,8
2000763,0.0,0.05,0.75,6.037109374999999,6.049999999999999,0.012890625000000008,-5,12.890625,2.921875,0.15625,0.078125,0.125,0.5642857142857146,0.5133928571428571,0.33867307787910117,0.05016805046390093,0.23292813586213476,0.05000000000000001,-0.4,6.449999999999998,2.0,13.0,0,3,3,2,2,35,0,1,10,8
2000764,1.0,0.05,0.75,0.28296874999999894,0.29999999999999893,0.017031250000000005,-5,17.03125,3.75,0.125,0.046875,0.078125,0.5830508474576277,0.5203389830508474,0.6253961614361451,0.050015838119075146,0.5622871802254289,0.05,0.0,0.30000000000000027,0.0,11.0,0,1,1,0,3,44,0,1,9,5
2000765,0.0,0.05,0.75,2.996671874999999,2.999999999999999,0.003328125000000002,3,3.328125,1.421875,0.109375,0.15625,0.0625,0.5633333333333338,0.5199999999999999,0.5237229322544374,0.050746553591831126,0.017196012673062273,0.05000000000000001,-1.3,4.3,5.0,12.0,2,0,1,1,2,43,0,3,8,4
2000766,1.0,0.05,0.75,-0.9608593750000002,-0.9500000000000002,0.010859375000000006,-7,10.859375,2.421875,0.140625,0.03125,0.0625,0.5800000000000004,0.5124999999999998,0.846097994046902,0.05003102197217325,0.8281612628152639,0.05,-0.3999999999999999,-0.55,2.0,9.0,0,3,2,0,3,42,0,0,10,4
2000767,1.0,0.05,0.75,1.031593749999999,1.049999999999999,0.018406250000000013,-6,18.40625,3.5,0.15625,0.0625,0.0625,0.5900000000000005,0.52,0.7779429977245164,0.050529680704494526,0.6979154528987187,0.05,-0.44999999999999996,1.5000000000000002,3.0,11.0,0,0,4,0,2,42,0,1,11,4
2000768,0.0,0.05,0.75,1.6962499999999998,1.6999999999999997,0.0037500000000000016,4,3.75,1.25,0.078125,0.140625,0.0625,0.5700000000000004,0.5100000000000001,0.6030392587599777,0.050064625216316425,0.01882996739457356,0.05,-0.7,2.3999999999999995,3.0,11.0,0,4,1,0,3,43,0,2,7,4
2000769,0.0,0.05,0.75,6.538328124999999,6.549999999999999,0.011671875000000007,-4,11.671875,3.265625,0.1875,0.125,0.015625,0.5777777777777782,0.5214285714285714,0.41335883402613366,0.05090440581411857,0.14653774244879247,0.049999999999999996,-1.3,7.8500000000000005,5.0,15.0,0,3,1,0,3,43,0,1,12,1
2000770,1.0,0.05,0.75,-0.534640625,-0.5,0.034640625,-10,34.640625,4.765625,0.203125,0.046875,0.078125,0.5830508474576276,0.5457627118644067,0.965971124160975,0.06093475493234829,0.9622317425933469,0.05,-1.0499999999999998,0.55,4.0,12.0,0,1,1,0,1,36,0,3,17,5
2000771,0.0,0.05,0.75,4.945578125,4.95,0.004421875000000001,-3,4.421875,1.453125,0.125,0.078125,0.140625,0.5890909090909096,0.5245454545454545,0.7488855095068193,0.0504608069902917,0.5032797820180975,0.05,0.0,4.95,0.0,13.0,0,0,3,1,1,38,0,0,12,9
2000772,0.0,0.05,0.75,3.0981249999999996,3.0999999999999996,0.0018750000000000012,1,1.875,1.09375,0.09375,0.109375,0.046875,0.59016393442623,0.5049180327868853,0.44472668663611337,0.050024504646984616,0.04314154223433283,0.05000000000000001,-0.2,3.3,1.0,12.0,0,2,1,0,1,52,0,0,5,3
2000773,0.0,0.05,0.75,3.99909375,4.0,0.0009062500000000004,-1,0.90625,0.71875,0.109375,0.09375,0.078125,0.5830508474576277,0.5101694915254237,0.3011159710574764,0.050029183321396754,0.07703670306083728,0.05,-0.6000000000000001,4.6,3.0,10.0,0,1,3,1,1,45,0,1,7,5
2000774,0.0,0.05,0.75,6.1434375,6.15,0.006562500000000002,-3,6.5625,2.03125,0.15625,0.109375,0.03125,0.5903225806451619,0.5193548387096774,0.6238819549748176,0.05072899819745242,0.24307025329334112,0.049999999999999996,-0.6000000000000001,6.750000000000001,3.0,14.0,0,0,3,0,2,46,0,1,10,2
2000775,1.0,0.05,0.75,0.7746093749999989,0.7999999999999989,0.025390625000000007,-6,25.390625,4.640625,0.15625,0.0625,0.09375,0.5827586206896558,0.5310344827586205,0.7977759819328228,0.05068469984469808,0.7403426101553187,0.05,-0.25,1.0500000000000003,2.0,12.0,0,1,3,1,1,36,0,1,15,6
2000776,1.0,0.05,0.75,1.3903593749999994,1.3999999999999995,0.009640625000000007,-4,9.640625,2.640625,0.125,0.0625,0.078125,0.5830508474576276,0.5127118644067796,0.706752949848491,0.05008189556864303,0.534282481638381,0.04999999999999999,-0.7,2.1000000000000005,3.0,9.0,0,3,2,0,2,42,0,0,10,5
2000777,1.0,0.05,0.75,0.060656250000003194,0.1000000000000032,0.039343750000000004,-10,39.34375,4.5625,0.203125,0.046875,0.125,0.589285714285715,0.5401785714285712,0.9952867775775409,0.170045211349118,0.9895794194698759,0.05,-0.5,0.6000000000000001,4.0,12.0,0,1,1,0,2,35,0,0,17,8
2000778,0.0,0.05,0.75,3.547484375,3.55,0.002515625000000002,0,2.515625,1.296875,0.109375,0.109375,0.125,0.5892857142857147,0.5214285714285712,0.4923645207413192,0.05013588297821237,0.08922346505021482,0.05,-1.1500000000000001,4.7,5.0,9.0,0,0,1,1,1,44,0,0,9,8
2000779,1.0,0.05,0.75,-0.2143281249999993,-0.1999999999999993,0.014328125,-9,14.328125,2.578125,0.1875,0.046875,0.09375,0.5793103448275867,0.5387931034482757,0.9551958295945113,0.05750626140558481,0.9480014686122548,0.05,-0.6499999999999999,0.44999999999999996,3.0,12.0,0,0,0,0,2,41,2,0,13,6
2000780,0.0,0.05,0.75,7.925796874999999,7.949999999999998,0.024203125000000006,-7,24.203125,4.265625,0.171875,0.0625,0.046875,0.5836065573770498,0.5295081967213114,0.7186839072999255,0.05063255010681917,0.6686982257937873,0.05,-0.9000000000000001,8.85,4.0,11.0,0,2,0,0,2,43,0,1,13,3
2000781,0.0,0.05,0.75,8.582046875,8.6,0.01795312500000001,-9,17.953125,3.765625,0.1875,0.046875,0.109375,0.5894736842105268,0.5263157894736841,0.9210067778006304,0.05528159887640946,0.9101642487719939,0.049999999999999996,-0.55,9.15,2.0,13.0,0,0,3,0,2,39,0,1,12,7
2000782,1.0,0.05,0.75,0.38273437499999946,0.39999999999999947,0.01726562500000001,-6,17.265625,3.640625,0.15625,0.0625,0.09375,0.5620689655172416,0.5258620689655171,0.82007940813378,0.05067808357626191,0.7540561298166202,0.05000000000000001,-0.5999999999999999,1.0,3.0,11.0,0,3,1,1,4,35,0,2,12,6
2000783,1.0,0.05,0.75,2.2401718749999993,2.249999999999999,0.009828125000000007,-4,9.828125,2.671875,0.171875,0.109375,0.109375,0.5824561403508778,0.5289473684210526,0.6713193182430638,0.054998630956767505,0.35872707658672515,0.05,-0.75,3.0,2.0,16.0,1,1,2,0,1,37,0,1,14,7
2000784,0.0,0.05,0.75,5.6368125,5.6499999999999995,0.01318750000000001,-5,13.1875,3.375,0.125,0.046875,0.09375,0.5758620689655177,0.5129310344827586,0.7158336576800465,0.050066643487254016,0.6217175757816729,0.05,-0.35000000000000003,5.999999999999999,1.0,10.0,1,2,2,0,2,41,0,1,9,6
2000785,0.0,0.05,0.75,6.140046874999999,6.149999999999999,0.009953125000000005,-5,9.953125,2.796875,0.15625,0.078125,0.03125,0.5806451612903231,0.5193548387096774,0.33952001914135793,0.05002676924112976,0.25151315389508433,0.05,-0.4,6.549999999999999,2.0,13.0,0,3,1,0,2,44,0,1,11,2
2000786,1.0,0.05,0.75,1.0491874999999997,1.0499999999999998,0.0008125000000000004,-3,0.8125,0.65625,0.109375,0.0625,0.15625,0.566666666666667,0.5111111111111112,0.4615113748522406,0.050028336624445724,0.2974359655783527,0.05000000000000001,-0.3999999999999999,1.4500000000000002,2.0,9.0,1,2,0,0,4,40,0,1,6,10
2000787,0.0,0.05,0.75,6.54309375,6.55,0.006906250000000005,-5,6.90625,2.21875,0.15625,0.078125,0.125,0.6000000000000006,0.5241071428571428,0.597029910394166,0.051142189728836614,0.44775946852580334,0.05,-0.55,7.1,2.0,13.0,0,0,3,0,0,41,0,0,12,8
2000788,1.0,0.05,0.75,0.7691718750000007,0.8000000000000007,0.030828125000000015,-8,30.828125,4.640625,0.1875,0.0625,0.015625,0.5841269841269847,0.5214285714285715,0.9372680876572215,0.055692748414293815,0.9099503150081795,0.05,-0.8999999999999999,1.7000000000000002,5.0,11.0,0,0,6,0,4,38,0,1,14,1
2000789,1.0,0.05,0.75,2.547906249999999,2.549999999999999,0.002093750000000001,-4,2.09375,1.15625,0.140625,0.078125,0.015625,0.587301587301588,0.5214285714285714,0.7450623334012146,0.05025428234259248,0.5264049291755944,0.05,-0.25,2.799999999999999,2.0,12.0,0,2,3,0,0,44,1,0,13,1
2000790,1.0,0.05,0.75,1.9344687499999993,1.9499999999999993,0.01553125000000001,-5,15.53125,3.5625,0.15625,0.078125,0.078125,0.5830508474576276,0.5203389830508474,0.8896007199286506,0.053455920569932106,0.7482875979385577,0.05,-0.10000000000000009,2.05,2.0,13.0,0,1,3,0,4,39,0,0,12,5
2000791,0.0,0.05,0.75,2.09159375,2.1,0.008406250000000006,3,8.40625,2.8125,0.078125,0.125,0.03125,0.5741935483870971,0.492741935483871,0.2080254767561966,0.050093132835595765,0.004788246282949433,0.049999999999999996,-0.75,2.8500000000000005,4.0,9.0,0,3,6,0,4,43,0,1,5,2
2000792,1.0,0.05,0.75,-2.65240625,-2.5999999999999996,0.05240625000000002,-13,52.40625,6.21875,0.203125,0.0,0.109375,0.5824561403508778,0.5315789473684208,0.995374937669872,0.06661446989453979,0.9949867407622653,0.05,-0.10000000000000009,-2.5,2.0,11.0,0,1,3,1,2,34,0,0,16,7
2000793,1.0,0.05,0.75,0.08762499999999875,0.09999999999999876,0.012375000000000008,-7,12.375,2.65625,0.140625,0.03125,0.109375,0.5894736842105268,0.5157894736842105,0.9345383709941965,0.05070141015110021,0.9184066917657283,0.05,-0.44999999999999996,0.5500000000000003,3.0,8.0,0,1,4,0,1,40,0,1,10,7
2000794,0.0,0.05,0.75,4.692218749999999,4.699999999999999,0.007781250000000006,-4,7.78125,2.5,0.109375,0.046875,0.09375,0.5862068965517246,0.518103448275862,0.7228844816715373,0.050018272821905053,0.6309364432045168,0.05,-0.4,5.1000000000000005,2.0,8.0,0,1,2,0,3,42,0,0,10,6
2000795,1.0,0.05,0.75,0.39712500000000034,0.40000000000000036,0.002875000000000002,-3,2.875,1.3125,0.078125,0.03125,0.0625,0.5733333333333339,0.5,0.5523488433356095,0.05000054725817523,0.438286985550933,0.049999999999999996,-0.44999999999999996,0.8500000000000003,1.0,6.0,0,4,2,0,3,45,0,1,5,4
2000796,1.0,0.05,0.75,-0.734500000000001,-0.7000000000000011,0.03450000000000001,-9,34.5,5.1875,0.171875,0.03125,0.03125,0.5838709677419361,0.521774193548387,0.9443640422646632,0.0504348298201838,0.939831451946446,0.05,-0.30000000000000004,-0.3999999999999997,3.0,10.0,0,2,1,0,3,44,0,0,12,2
2000797,0.0,0.05,0.75,4.3933124999999995,4.3999999999999995,0.006687500000000005,-4,6.6875,2.25,0.09375,0.03125,0.140625,0.5854545454545459,0.5218181818181817,0.6460164908464463,0.05000883996559225,0.5905596912997227,0.05,0.0,4.3999999999999995,0.0,8.0,0,1,1,0,0,43,1,1,8,9
2000798,1.0,0.05,0.75,-0.6717968750000004,-0.6500000000000004,0.02179687500000001,-7,21.796875,4.265625,0.140625,0.03125,0.078125,0.5864406779661022,0.5228813559322033,0.7855137296344584,0.05003489010141822,0.7702299059104403,0.049999999999999996,-0.19999999999999996,-0.44999999999999973,1.0,10.0,0,1,1,0,3,43,0,0,11,5
2000799,0.0,0.05,0.75,4.192687499999999,4.199999999999999,0.007312500000000002,2,7.3125,2.15625,0.15625,0.1875,0.0625,0.5766666666666672,0.51,0.22808620886643585,0.0818708493959724,0.004430006274729595,0.05,-1.7000000000000002,5.9,7.0,15.0,0,4,5,0,1,37,0,2,11,4
2000800,0.0,0.05,0.75,3.848125,3.85,0.0018750000000000012,1,1.875,1.125,0.125,0.140625,0.046875,0.573770491803279,0.5147540983606557,0.5381098287660827,0.05026455225915956,0.03505380826858002,0.05,-0.75,4.6,3.0,14.0,0,3,0,0,5,44,0,0,9,3
2000801,1.0,0.05,0.75,2.8990624999999994,2.8999999999999995,0.0009375000000000004,0,0.9375,0.71875,0.078125,0.078125,0.15625,0.5851851851851856,0.5166666666666666,0.3543635160707332,0.05002229279640164,0.10134195102504413,0.05,-0.19999999999999996,3.0999999999999996,1.0,9.0,0,0,1,0,4,42,0,0,7,10
2000802,0.0,0.05,0.75,4.246562499999999,4.249999999999999,0.003437500000000002,0,3.4375,1.5,0.125,0.125,0.09375,0.5724137931034486,0.5206896551724136,0.3937551321472866,0.05037870769374708,0.047188313490232524,0.049999999999999996,-1.3499999999999999,5.6,5.0,11.0,0,2,0,0,5,41,0,1,9,6
2000803,0.0,0.05,0.75,1.9978593749999998,1.9999999999999998,0.0021406250000000015,3,2.140625,1.203125,0.078125,0.125,0.15625,0.5814814814814819,0.5138888888888888,0.4316473046431902,0.05037485913462833,0.020971202223208286,0.05,-1.0,2.9999999999999996,5.0,8.0,1,0,1,0,3,42,0,0,7,10
2000804,0.0,0.05,0.75,3.3489999999999998,3.3499999999999996,0.0010000000000000005,0,1.0,0.8125,0.09375,0.09375,0.1875,0.584615384615385,0.5259615384615384,0.4313395917307849,0.05014186798259968,0.11159331283296274,0.05,-0.5,3.8499999999999996,2.0,10.0,0,0,0,0,4,39,0,0,9,12
2000805,1.0,0.05,0.75,-2.592265625000001,-2.5500000000000007,0.042265625000000015,-12,42.265625,5.484375,0.203125,0.015625,0.0625,0.5733333333333337,0.52,0.936237417855742,0.05076990302182439,0.9352594106982536,0.05,-0.19999999999999996,-2.3499999999999996,1.0,13.0,0,4,2,0,2,38,1,0,13,4
2000806,1.0,0.05,0.75,-0.727453125000001,-0.7000000000000011,0.027453125000000005,-9,27.453125,4.390625,0.171875,0.03125,0.078125,0.5932203389830515,0.5203389830508474,0.884583223717069,0.05062284629485219,0.8765787233083182,0.05000000000000001,-0.3999999999999999,-0.2999999999999996,2.0,11.0,0,2,1,0,0,45,0,0,11,5
2000807,1.0,0.05,0.75,0.789937499999999,0.7999999999999989,0.010062500000000005,-5,10.0625,2.40625,0.15625,0.078125,0.140625,0.5490909090909094,0.5163636363636364,0.5816408313178892,0.050658332466629284,0.426878755746936,0.05,-0.30000000000000004,1.1,1.0,14.0,1,3,2,2,5,30,0,0,12,9
2000808,0.0,0.05,0.75,2.098859375,2.1,0.0011406250000000008,2,1.140625,0.765625,0.078125,0.109375,0.078125,0.5898305084745769,0.5076271186440678,0.4116912645007296,0.050027997865742344,0.03731679444069942,0.05,-0.7,2.8,3.0,9.0,0,2,2,0,1,47,0,0,7,5
2000809,0.0,0.05,0.75,6.888828124999999,6.899999999999999,0.011171875000000006,-5,11.171875,2.578125,0.171875,0.09375,0.0625,0.5766666666666672,0.5224999999999999,0.34888565366095226,0.05037043630194046,0.22225500649184252,0.05000000000000001,-0.8,7.699999999999999,4.0,13.0,1,2,0,0,2,43,0,1,11,4
2000810,1.0,0.05,0.75,1.3468906249999997,1.3499999999999996,0.003109375000000002,-4,3.109375,1.484375,0.125,0.0625,0.09375,0.5965517241379317,0.5206896551724137,0.4640891720914105,0.05002991532869412,0.3483515551053867,0.05,-0.5999999999999999,1.9500000000000004,3.0,9.0,0,1,1,0,0,46,0,0,10,6
2000811,0.0,0.05,0.75,2.5934218749999998,2.5999999999999996,0.006578125000000004,3,6.578125,2.265625,0.09375,0.140625,0.03125,0.5870967741935489,0.5096774193548386,0.23305854454755223,0.05044357347041717,0.00709369704619238,0.05,-1.0,3.5999999999999996,5.0,10.0,0,2,1,0,1,51,0,1,6,2
2000812,0.0,0.05,0.75,4.446781249999999,4.449999999999999,0.003218750000000002,-4,3.21875,1.5,0.109375,0.046875,0.0625,0.5766666666666672,0.5075,0.6871037539792372,0.05000841597931167,0.5586526722481964,0.05,-0.35000000000000003,4.8,1.0,9.0,2,1,3,0,2,43,0,0,9,4
2000813,1.0,0.05,0.75,-0.41806250000000034,-0.40000000000000036,0.018062500000000002,-9,18.0625,3.5,0.171875,0.03125,0.09375,0.5758620689655177,0.5232758620689654,0.9807069859370008,0.0558999225077884,0.9771613369228145,0.05,-0.15000000000000013,-0.24999999999999978,3.0,10.0,0,3,0,1,2,40,0,0,12,6
2000814,1.0,0.05,0.75,1.0890312500000006,1.1000000000000005,0.010968750000000008,-5,10.96875,2.96875,0.140625,0.0625,0.125,0.5892857142857147,0.5160714285714285,0.804495481241228,0.05084113893729819,0.6867172520845439,0.05,-0.050000000000000044,1.1500000000000001,1.0,12.0,0,0,2,0,3,43,0,0,8,8
2000815,0.0,0.05,0.75,3.397453125,3.4000000000000004,0.002546875000000001,-1,2.546875,1.109375,0.109375,0.09375,0.09375,0.5793103448275867,0.5129310344827587,0.31507114436598954,0.05002473355192945,0.09723470212983591,0.05,-1.25,4.6499999999999995,5.0,8.0,1,1,2,0,3,42,0,0,9,6
2000816,0.0,0.05,0.75,5.688062499999999,5.699999999999999,0.011937500000000009,-6,11.9375,3.0,0.140625,0.046875,0.140625,0.5709090909090913,0.5218181818181816,0.5627628989747067,0.050046781505617616,0.5251770533858453,0.049999999999999996,-0.2,5.8999999999999995,1.0,11.0,0,1,3,0,5,34,0,2,10,9
2000817,1.0,0.05,0.75,-1.4314375000000013,-1.4000000000000012,0.0314375,-9,31.4375,4.59375,0.15625,0.015625,0.078125,0.5830508474576277,0.5203389830508474,0.8994518850204433,0.050121045732140206,0.8956039140112276,0.049999999999999996,-0.3999999999999999,-0.9999999999999997,2.0,9.0,0,0,3,1,1,43,0,2,9,5
2000818,0.0,0.05,0.75,5.793781249999999,5.8,0.006218750000000003,-2,6.21875,2.0,0.15625,0.125,0.109375,0.5789473684210531,0.5263157894736842,0.4600940835625694,0.052230631064033646,0.10928826154503786,0.05,-1.6500000000000001,7.449999999999998,7.0,11.0,0,1,1,0,5,38,0,0,12,7
2000819,0.0,0.05,0.75,6.944109374999999,6.949999999999999,0.0058906250000000035,-6,5.890625,1.859375,0.15625,0.0625,0.03125,0.5903225806451619,0.5169354838709677,0.7653503681210123,0.05024938630991405,0.6784878975208716,0.05,-0.4,7.35,2.0,12.0,0,1,2,0,1,48,0,1,9,2
2000820,1.0,0.05,0.75,-0.4363125000000004,-0.40000000000000036,0.03631250000000002,-9,36.3125,5.28125,0.1875,0.046875,0.046875,0.5934426229508203,0.531967213114754,0.946868705621564,0.05187428593411517,0.9412436383720211,0.05,-0.6000000000000001,0.19999999999999996,3.0,12.0,0,0,2,0,1,43,0,1,14,3
2000821,0.0,0.05,0.75,9.615578125,9.65,0.034421875000000005,-10,34.421875,5.171875,0.25,0.09375,0.109375,0.5614035087719303,0.531578947368421,0.757939539103338,0.10419426039293077,0.6594130017505841,0.05,-0.45,10.100000000000001,1.0,21.0,0,4,2,1,1,31,1,2,15,7
2000822,0.0,0.05,0.75,6.2472031249999995,6.249999999999999,0.0027968750000000016,-2,2.796875,1.453125,0.171875,0.140625,0.046875,0.5868852459016399,0.5245901639344261,0.4061060838154496,0.05238533278876626,0.0647184406492338,0.05,-1.05,7.299999999999999,4.0,16.0,0,1,1,0,2,45,0,1,11,3
2000823,0.0,0.05,0.75,11.730843750000002,11.800000000000002,0.06915625000000002,-14,69.15625,6.8125,0.234375,0.015625,0.046875,0.5836065573770497,0.5319672131147539,0.9889554252622,0.07462405132244133,0.9876124692881554,0.05000000000000001,0.0,11.800000000000002,0.0,16.0,0,2,3,0,0,38,0,3,15,3
2000824,1.0,0.05,0.75,-1.0832500000000007,-1.0500000000000007,0.03325000000000001,-10,33.25,4.375,0.203125,0.046875,0.03125,0.5806451612903232,0.5290322580645159,0.8887113368277623,0.050920300427005016,0.8829821353934284,0.05,-0.8499999999999999,-0.20000000000000007,5.0,11.0,1,1,3,1,0,39,0,1,16,2
2000825,0.0,0.05,0.75,3.1484687499999984,3.1499999999999986,0.0015312500000000005,1,1.53125,0.71875,0.09375,0.109375,0.078125,0.589830508474577,0.5076271186440677,0.6596524148474059,0.05003908178076015,0.08048023374540927,0.05000000000000001,-0.6000000000000001,3.749999999999999,3.0,10.0,0,1,3,0,1,47,0,1,6,5
2000826,0.0,0.05,0.75,3.8472968749999996,3.8499999999999996,0.0027031250000000015,-2,2.703125,1.359375,0.09375,0.0625,0.09375,0.5689655172413797,0.5155172413793103,0.5295217256441308,0.050007776844020024,0.3049605644772395,0.05,-0.4,4.25,2.0,8.0,0,2,2,0,2,42,1,3,6,6
2000827,0.0,0.05,0.75,1.8949531250000002,1.9000000000000001,0.005046875000000004,1,5.046875,1.890625,0.0625,0.078125,0.078125,0.5661016949152547,0.5050847457627118,0.46261318959897074,0.050002015086132924,0.10652267515177244,0.049999999999999996,-0.8500000000000001,2.75,4.0,5.0,2,0,2,0,4,45,1,0,5,5
2000828,0.0,0.05,0.75,5.197343749999999,5.199999999999999,0.0026562500000000015,-2,2.65625,1.28125,0.15625,0.125,0.125,0.5892857142857147,0.5294642857142856,0.4157259497333407,0.05152629135177611,0.10386937816961127,0.05,-0.75,5.95,3.0,15.0,0,2,1,0,1,38,0,0,14,8
2000829,0.0,0.05,0.75,4.348593749999998,4.349999999999998,0.0014062500000000008,0,1.40625,1.0,0.140625,0.140625,0.078125,0.5728813559322038,0.5152542372881356,0.31162581378921356,0.05101704915827795,0.02754722992488276,0.05,-0.75,5.1,3.0,15.0,0,3,3,0,4,37,0,1,11,5
2000830,0.0,0.05,0.75,4.94896875,4.949999999999999,0.0010312500000000005,0,1.03125,0.6875,0.140625,0.140625,0.09375,0.5689655172413797,0.518103448275862,0.8410874942542476,0.053471133563173186,0.12452555705255687,0.05,-0.95,5.9,4.0,14.0,0,3,1,0,5,38,0,1,10,6
2000831,0.0,0.05,0.75,8.791125,8.799999999999999,0.008875000000000006,-6,8.875,2.375,0.21875,0.125,0.078125,0.5796610169491531,0.5432203389830507,0.9105427444760852,0.18288012362502384,0.607961631568572,0.05,-1.35,10.149999999999999,5.0,17.0,0,0,1,1,3,36,0,1,17,5
2000832,1.0,0.05,0.75,-1.1969531249999967,-1.1499999999999968,0.04695312500000002,-15,46.953125,5.265625,0.28125,0.046875,0.03125,0.5774193548387102,0.536290322580645,0.9998418102476316,0.2841441810737349,0.9974220145547125,0.04999999999999999,-1.45,0.30000000000000027,8.0,13.0,0,3,1,0,2,37,0,2,17,2
2000833,1.0,0.05,0.75,1.5871718750000006,1.6000000000000005,0.01282812500000001,-6,12.828125,2.859375,0.171875,0.078125,0.0625,0.5666666666666671,0.5324999999999999,0.8848237708080839,0.054696247826291004,0.8112719149158153,0.05,-0.3999999999999999,1.9999999999999998,2.0,14.0,0,1,1,0,5,38,0,4,11,4
2000834,0.0,0.05,0.75,8.17175,8.2,0.02825000000000001,-9,28.25,4.65625,0.171875,0.03125,0.03125,0.5612903225806457,0.514516129032258,0.929412146714109,0.05036558151050321,0.9225745909027843,0.05,-0.2,8.4,1.0,12.0,0,4,0,0,8,40,0,0,10,2
2000835,0.0,0.05,0.75,6.48103125,6.5,0.018968750000000006,-7,18.96875,3.90625,0.140625,0.03125,0.078125,0.5864406779661022,0.5127118644067796,0.8144728935726909,0.05006256310974048,0.7909176543789046,0.05000000000000001,0.0,6.5,0.0,11.0,0,1,5,0,2,40,0,1,10,5
2000836,0.0,0.05,0.75,5.8971093749999985,5.899999999999999,0.0028906250000000017,-2,2.890625,1.546875,0.15625,0.125,0.125,0.5678571428571433,0.5187499999999999,0.6087987180039607,0.055842164708513345,0.12217002953790226,0.05,-1.3,7.199999999999998,5.0,13.0,0,2,3,0,6,33,0,1,11,8
2000837,0.0,0.05,0.75,2.289671875,2.3,0.010328125000000007,5,10.328125,2.953125,0.09375,0.171875,0.125,0.5857142857142863,0.5080357142857143,0.15780220111818,0.08168615949225976,0.0010923922166383975,0.04999999999999999,-0.95,3.249999999999999,5.0,12.0,0,1,3,0,2,43,0,1,6,8
2000838,0.0,0.05,0.75,5.994859374999999,5.999999999999999,0.005140625000000003,-3,5.140625,1.859375,0.15625,0.109375,0.140625,0.5818181818181823,0.5436363636363635,0.3653635969195969,0.051446276119938884,0.16510774976423095,0.05,-0.95,6.949999999999999,4.0,13.0,0,1,0,0,4,33,0,0,17,9
2000839,1.0,0.05,0.75,1.5713125000000032,1.6000000000000032,0.02868750000000001,-10,28.6875,4.5,0.25,0.09375,0.0625,0.5800000000000005,0.5399999999999998,0.9994463200001744,0.2905328834397459,0.9782234074808692,0.05000000000000001,-0.3500000000000001,1.9499999999999995,4.0,18.0,0,1,2,1,1,36,0,2,17,4
2000840,1.0,0.05,0.75,-0.7244531250000001,-0.7000000000000002,0.02445312500000002,-8,24.453125,4.265625,0.15625,0.03125,0.0625,0.5866666666666672,0.5175,0.9059052214552938,0.05018526538519353,0.8963788226008031,0.05000000000000001,-0.3999999999999999,-0.30000000000000004,2.0,10.0,0,0,4,0,4,41,0,0,11,4
2000841,1.0,0.05,0.75,-0.7739687500000018,-0.7500000000000018,0.02396875000000001,-11,23.96875,3.875,0.203125,0.03125,0.078125,0.579661016949153,0.5228813559322033,0.9772625999853397,0.06751739197153873,0.9738239413479393,0.05,-1.15,0.40000000000000036,6.0,9.0,0,1,4,0,2,38,0,3,11,5
2000842,1.0,0.05,0.75,4.445656249999998,4.449999999999998,0.004343750000000002,-1,4.34375,1.65625,0.140625,0.125,0.078125,0.5898305084745769,0.5152542372881356,0.6094903243955105,0.05118585413021447,0.08787563340087493,0.05000000000000001,-0.19999999999999996,4.6499999999999995,1.0,16.0,0,3,2,0,0,43,0,0,11,5
2000843,1.0,0.05,0.75,0.4914531249999991,0.4999999999999991,0.008546875000000002,-7,8.546875,1.984375,0.171875,0.0625,0.078125,0.5898305084745769,0.5228813559322033,0.6489907105430054,0.05048392412724812,0.5940782236149966,0.05,-0.19999999999999996,0.6999999999999995,1.0,14.0,0,0,4,0,2,40,0,1,12,5
2000844,0.0,0.05,0.75,5.237859375,5.25,0.012140625000000006,-4,12.140625,2.765625,0.125,0.0625,0.015625,0.5873015873015879,0.5166666666666666,0.5455308118336649,0.05000940362495305,0.4004964579680878,0.05,-0.2,5.45,1.0,11.0,0,1,1,0,2,50,0,1,8,1
2000845,1.0,0.05,0.75,-2.1875624999999963,-2.099999999999996,0.08756250000000003,-16,87.5625,8.125,0.28125,0.03125,0.0625,0.5766666666666673,0.5449999999999998,0.9999100242853083,0.28381502826402943,0.9985924238648197,0.049999999999999996,-0.7,-1.3999999999999997,5.0,15.0,0,2,0,1,2,35,0,1,19,4
2000846,1.0,0.05,0.75,-2.4948125,-2.45,0.04481250000000001,-10,44.8125,5.9375,0.171875,0.015625,0.0625,0.566666666666667,0.515,0.9209003956066263,0.05010092832058678,0.9188342304603836,0.049999999999999996,-0.7,-1.7499999999999998,3.0,9.0,1,4,2,0,4,36,0,0,13,4
2000847,0.0,0.05,0.75,2.6478125000000006,2.6500000000000004,0.0021875000000000015,-1,2.1875,1.21875,0.078125,0.0625,0.09375,0.5620689655172417,0.5,0.5015608107069796,0.050001997878399485,0.2205056948983695,0.05,-0.44999999999999996,3.0999999999999996,2.0,7.0,2,2,1,0,5,43,0,0,5,6
2000848,1.0,0.05,0.75,-1.3950624999999997,-1.3499999999999996,0.0450625,-11,45.0625,5.3125,0.203125,0.03125,0.015625,0.5650793650793654,0.5309523809523807,0.9740682040771023,0.051962979871772626,0.9729651302220973,0.05,-1.05,-0.2999999999999997,5.0,10.0,0,3,0,1,2,41,1,2,13,1
2000849,0.0,0.05,0.75,3.497937500000001,3.500000000000001,0.002062500000000001,0,2.0625,1.03125,0.109375,0.109375,0.078125,0.569491525423729,0.49745762711864416,0.3376658202230771,0.05006880201179012,0.037284856009181036,0.05,-1.3499999999999999,4.85,6.0,8.0,0,5,4,1,2,39,0,0,8,5
2000850,1.0,0.05,0.75,-0.07789062500000071,-0.05000000000000071,0.027890624999999995,-8,27.890625,4.828125,0.171875,0.046875,0.03125,0.5870967741935489,0.5193548387096775,0.8308401500278156,0.0502914028039689,0.8104985112426675,0.05,-0.8999999999999999,0.8500000000000003,4.0,10.0,0,1,2,0,2,46,0,1,10,2
2000851,0.0,0.05,0.75,6.581218749999998,6.599999999999998,0.018781250000000006,-4,18.78125,4.21875,0.15625,0.09375,0.078125,0.5864406779661022,0.5203389830508474,0.5186179517254617,0.0508130778329879,0.2734051770414658,0.05000000000000001,-1.0,7.599999999999999,5.0,11.0,0,1,1,0,2,45,0,1,9,5
2000852,0.0,0.05,0.75,4.196828125000001,4.2,0.003171875000000002,-1,3.171875,1.390625,0.109375,0.09375,0.0625,0.5833333333333339,0.5174999999999998,0.7263733595875577,0.05006009019532938,0.26694543264101134,0.05,-0.7,4.8999999999999995,3.0,10.0,0,1,0,0,4,47,0,0,8,4
2000853,0.0,0.05,0.75,5.298109375000001,5.300000000000001,0.0018906250000000008,-3,1.890625,0.859375,0.140625,0.09375,0.03125,0.5935483870967748,0.5120967741935483,0.476739778600751,0.05006564239235251,0.2001367439669442,0.05000000000000001,-1.1,6.4,4.0,11.0,0,1,5,0,1,44,0,0,11,2
2000854,1.0,0.05,0.75,-0.2624218750000009,-0.2500000000000009,0.01242187500000001,-6,12.421875,3.015625,0.125,0.03125,0.109375,0.5824561403508778,0.5210526315789473,0.7199486715063416,0.05002739958880554,0.6925253710737984,0.05,-0.3999999999999999,0.15000000000000036,2.0,8.0,0,2,1,1,1,41,0,0,11,7
2000855,1.0,0.05,0.75,1.6462812500000004,1.6500000000000004,0.0037187500000000016,-5,3.71875,1.5625,0.15625,0.078125,0.078125,0.5830508474576277,0.5279661016949152,0.8171920655519034,0.051395291042343756,0.6816802541597974,0.05,0.0,1.6499999999999995,0.0,15.0,1,0,2,0,3,39,0,0,14,5
2000856,0.0,0.05,0.75,4.5878125,4.6,0.012187500000000009,-5,12.1875,3.1875,0.109375,0.03125,0.046875,0.59016393442623,0.5098360655737704,0.61162236506912,0.05000151730113829,0.565816598731081,0.05,-0.4,5.0,2.0,7.0,0,2,4,0,1,44,0,0,10,3
2000857,1.0,0.05,0.75,-1.0662031250000008,-1.0500000000000007,0.016203125000000013,-6,16.203125,3.703125,0.109375,0.015625,0.078125,0.5762711864406784,0.5177966101694915,0.7671557082384814,0.05000329196900317,0.7530464788525072,0.05,-0.7,-0.34999999999999987,3.0,5.0,1,0,1,0,5,43,0,0,9,5
2000858,1.0,0.05,0.75,-1.5796718750000007,-1.5500000000000007,0.029671875000000007,-9,29.671875,4.734375,0.171875,0.03125,0.125,0.5785714285714291,0.5133928571428571,0.8757753332144568,0.05049995772002449,0.8680681237716322,0.05,-0.19999999999999996,-1.35,1.0,12.0,0,2,4,0,1,38,1,1,9,8
2000859,0.0,0.05,0.75,6.044078124999999,6.049999999999999,0.005921875000000003,0,5.921875,1.890625,0.15625,0.15625,0.0625,0.5733333333333337,0.5175000000000001,0.7490590208432671,0.06018116391751525,0.05101334479308851,0.05,-1.4,7.449999999999999,6.0,14.0,1,2,1,0,4,41,0,0,11,4
2000860,0.0,0.05,0.75,7.904062499999999,7.949999999999999,0.045937500000000006,-9,45.9375,6.21875,0.171875,0.03125,0.09375,0.5655172413793107,0.5206896551724137,0.8923282196340653,0.050544535699948816,0.8853394479999576,0.05000000000000001,-0.4,8.35,2.0,11.0,0,4,1,1,4,35,0,0,13,6
2000861,1.0,0.05,0.75,-0.6656562500000013,-0.6500000000000012,0.01565625000000001,-8,15.65625,3.15625,0.15625,0.03125,0.078125,0.5796610169491531,0.5177966101694915,0.8626639874877997,0.05020134255898131,0.8490175507836875,0.05,-0.19999999999999996,-0.44999999999999973,1.0,11.0,0,2,2,0,4,40,0,0,11,5
2000862,1.0,0.05,0.75,0.7406093750000009,0.7500000000000009,0.009390625000000007,-6,9.390625,2.765625,0.15625,0.0625,0.125,0.5857142857142863,0.5267857142857142,0.8609647019908818,0.05217116291034842,0.8036542296061563,0.05,-0.25,1.0,2.0,12.0,0,0,0,1,2,43,0,0,10,8
2000863,0.0,0.05,0.75,3.247671875,3.25,0.002328125000000001,1,2.328125,1.234375,0.125,0.140625,0.09375,0.5724137931034486,0.518103448275862,0.3641358795607688,0.05064008042811391,0.02821506758965179,0.05,-0.35,3.5999999999999996,2.0,15.0,0,2,2,0,3,40,1,1,9,6
2000864,0.0,0.05,0.75,1.5981249999999998,1.5999999999999999,0.0018750000000000012,3,1.875,1.09375,0.0625,0.109375,0.046875,0.59016393442623,0.5073770491803279,0.42963876017889735,0.05001159304154726,0.030592916356804122,0.05000000000000001,-0.2,1.8,1.0,10.0,0,0,2,0,3,51,0,0,5,3
2000865,0.0,0.05,0.75,3.9489843749999993,3.9499999999999993,0.0010156250000000005,0,1.015625,0.703125,0.109375,0.109375,0.09375,0.5896551724137936,0.5206896551724137,0.3680421520911641,0.05011157064659964,0.0589137913096759,0.05000000000000001,-0.4,4.35,2.0,12.0,0,0,2,0,2,44,0,1,9,6
2000866,1.0,0.05,0.75,0.38504687499999946,0.39999999999999947,0.01495312500000001,-7,14.953125,2.890625,0.15625,0.046875,0.140625,0.5672727272727276,0.5245454545454544,0.8729016540151086,0.0523254175384878,0.8421786772105712,0.05000000000000001,-0.19999999999999996,0.6000000000000003,1.0,12.0,1,1,1,0,5,35,0,1,11,9
2000867,1.0,0.05,0.75,0.8815468749999995,0.8999999999999995,0.01845312500000001,-6,18.453125,3.578125,0.15625,0.0625,0.109375,0.5964912280701761,0.5263157894736841,0.7279786273368857,0.05084740158800985,0.6519019856433224,0.05,-0.3999999999999999,1.3000000000000003,2.0,12.0,0,1,1,0,0,43,0,0,12,7
2000868,1.0,0.05,0.75,2.19921875,2.2,0.0007812500000000006,0,0.78125,0.78125,0.078125,0.078125,0.0625,0.5733333333333339,0.5025,0.6343417987395679,0.050002014946354464,0.21153854054926627,0.05000000000000001,-0.19999999999999996,2.4,1.0,9.0,0,3,2,0,5,44,0,0,6,4
2000869,0.0,0.05,0.75,7.820140624999999,7.849999999999999,0.029859375,-7,29.859375,4.828125,0.171875,0.0625,0.0625,0.5866666666666672,0.5349999999999999,0.8609971918247729,0.05140795830477096,0.8315014246031411,0.05000000000000001,-0.55,8.4,2.0,13.0,0,0,3,0,3,37,0,1,16,4
2000870,1.0,0.05,0.75,-0.8045312499999998,-0.7999999999999998,0.0045312500000000006,-6,4.53125,1.3125,0.109375,0.015625,0.109375,0.5754385964912285,0.5210526315789473,0.8950016571070616,0.05001859519120965,0.8838487151899713,0.05000000000000001,0.0,-0.8,0.0,8.0,0,0,2,1,4,40,0,1,9,7
2000871,1.0,0.05,0.75,0.5340312500000007,0.5500000000000007,0.01596875000000001,-7,15.96875,3.0,0.171875,0.0625,0.078125,0.5796610169491531,0.5228813559322033,0.9102773735484132,0.05281927177981408,0.8758811208001206,0.05,-0.6499999999999999,1.2,4.0,11.0,1,1,3,0,3,37,0,0,14,5
2000872,1.0,0.05,0.75,0.016031249999998047,0.049999999999998046,0.03396875,-7,33.96875,5.625,0.15625,0.046875,0.0625,0.5633333333333339,0.5149999999999999,0.7759526185136043,0.050201316037328185,0.7340115059754397,0.05,-0.5999999999999999,0.6500000000000004,4.0,9.0,2,4,1,0,1,39,0,2,11,4
2000873,1.0,0.05,0.75,-1.1921718749999968,-1.1499999999999968,0.04217187500000001,-11,42.171875,5.515625,0.203125,0.03125,0.078125,0.5864406779661022,0.5177966101694915,0.9633774877480019,0.057776563797129074,0.9599940474959616,0.05,-0.9999999999999998,-0.1499999999999999,5.0,10.0,0,2,4,0,1,39,0,1,12,5
2000874,0.0,0.05,0.75,8.023734374999998,8.049999999999999,0.026265625000000004,-8,26.265625,4.328125,0.171875,0.046875,0.046875,0.5868852459016399,0.519672131147541,0.7613503051276501,0.05029432081188119,0.7374801975190418,0.05000000000000001,0.0,8.049999999999999,0.0,14.0,0,0,3,0,2,45,0,2,9,3
2000875,0.0,0.05,0.75,6.548687500000001,6.550000000000001,0.0013125000000000005,-1,1.3125,0.90625,0.171875,0.15625,0.046875,0.5770491803278693,0.5147540983606557,0.8354854172348979,0.07822092873390027,0.06816183500191782,0.05,-0.45,7.000000000000001,3.0,18.0,0,4,3,1,0,40,0,1,12,3
2000876,0.0,0.05,0.75,1.3939218750000002,1.4000000000000001,0.0060781250000000045,3,6.078125,2.328125,0.0625,0.109375,0.078125,0.5830508474576277,0.5101694915254237,0.4809547102969512,0.050013520825541016,0.03742297966319928,0.05000000000000001,-0.75,2.1500000000000004,3.0,8.0,0,1,2,0,3,46,0,1,6,5
2000877,1.0,0.05,0.75,0.246953125,0.25,0.003046875000000001,-5,3.046875,1.265625,0.109375,0.03125,0.109375,0.5859649122807024,0.5157894736842104,0.9020121369252643,0.0500591555519666,0.8686223824528264,0.049999999999999996,-0.44999999999999996,0.7,3.0,6.0,0,2,2,0,2,41,0,0,10,7
2000878,1.0,0.05,0.75,-1.108124999999999,-1.049999999999999,0.05812500000000004,-10,58.125,7.125,0.203125,0.046875,0.09375,0.5758620689655178,0.5258620689655172,0.8837600505085056,0.053574481071641526,0.8746359578358547,0.049999999999999996,-0.19999999999999996,-0.8499999999999999,1.0,15.0,1,0,3,0,4,36,0,1,13,6
2000879,0.0,0.05,0.75,5.248109375000001,5.250000000000001,0.0018906250000000008,-3,1.890625,0.984375,0.140625,0.09375,0.046875,0.5803278688524595,0.5270491803278687,0.5042426748300077,0.05008685645755993,0.2535990158619928,0.05,-1.1,6.3500000000000005,4.0,11.0,0,0,1,0,5,43,0,1,11,3
2000880,1.0,0.05,0.75,-1.6182031249999997,-1.5999999999999996,0.018203125000000007,-10,18.203125,3.078125,0.171875,0.015625,0.109375,0.5824561403508777,0.5263157894736842,0.950457776277884,0.0508976508933146,0.9487754553546978,0.05,-0.050000000000000044,-1.5499999999999996,1.0,11.0,1,1,0,0,1,42,0,1,11,7
2000881,1.0,0.05,0.75,0.6752656250000011,0.7000000000000011,0.02473437500000001,-8,24.734375,3.984375,0.1875,0.0625,0.03125,0.5903225806451619,0.5290322580645159,0.6905413331669826,0.0507740362295569,0.6552053336909495,0.05,-0.7999999999999998,1.5000000000000002,4.0,12.0,0,1,1,0,2,44,0,0,14,2
2000882,0.0,0.05,0.75,4.29821875,4.3,0.0017812500000000011,-2,1.78125,1.15625,0.109375,0.078125,0.0625,0.5800000000000004,0.5125,0.5919669828629355,0.05002033288381512,0.27426483449208683,0.05,-0.4,4.7,2.0,10.0,0,3,1,0,3,44,0,0,9,4
2000883,0.0,0.05,0.75,7.0251874999999995,7.05,0.024812500000000005,-6,24.8125,4.53125,0.15625,0.0625,0.140625,0.5781818181818186,0.5327272727272725,0.8283593478267576,0.05291634973647266,0.7691620338309575,0.05,-0.55,7.6,2.0,12.0,0,0,0,0,4,39,0,2,10,9
2000884,1.0,0.05,0.75,1.0310937500000008,1.0500000000000007,0.01890625000000001,-8,18.90625,3.71875,0.203125,0.078125,0.046875,0.573770491803279,0.5245901639344261,0.878089621037861,0.06808860661751141,0.8151200653895033,0.049999999999999996,-0.5999999999999999,1.65,3.0,15.0,0,4,1,0,4,37,0,0,15,3
2000885,1.0,0.05,0.75,0.6880312499999993,0.6999999999999993,0.011968750000000009,-6,11.96875,2.90625,0.15625,0.0625,0.078125,0.5796610169491531,0.5228813559322033,0.7708827010047615,0.050402450496046185,0.704541403998189,0.05,-0.44999999999999996,1.1500000000000001,3.0,11.0,1,1,1,0,3,41,0,0,12,5
2000886,1.0,0.05,0.75,0.3300625000000014,0.3500000000000014,0.019937500000000007,-9,19.9375,3.625,0.203125,0.0625,0.078125,0.579661016949153,0.5330508474576269,0.8917432326928234,0.061007056501911086,0.8729299109297336,0.05,-0.3999999999999999,0.7500000000000002,2.0,15.0,0,1,1,0,3,39,1,0,14,5
2000887,0.0,0.05,0.75,4.447312499999999,4.449999999999999,0.002687500000000002,-3,2.6875,1.4375,0.109375,0.0625,0.125,0.5785714285714291,0.5214285714285714,0.4658234568550868,0.05002026745597371,0.3230950671118004,0.05,-0.8999999999999999,5.35,4.0,7.0,1,1,1,0,3,39,0,0,11,8
2000888,1.0,0.05,0.75,-0.5703750000000019,-0.5000000000000018,0.07037500000000005,-11,70.375,7.53125,0.21875,0.046875,0.109375,0.5649122807017547,0.5473684210526314,0.992422648058059,0.14147111918605065,0.9873362952930603,0.05,-0.75,0.2500000000000002,4.0,13.0,0,1,0,1,4,32,0,3,16,7
2000889,0.0,0.05,0.75,2.1437031249999996,2.1499999999999995,0.006296875000000004,5,6.296875,2.015625,0.09375,0.171875,0.140625,0.5818181818181822,0.5081818181818182,0.6238645416920573,0.05633419323053525,0.0064673852133340015,0.05000000000000002,-1.4000000000000001,3.55,5.0,12.0,0,1,3,0,3,41,0,1,6,9
2000890,0.0,0.05,0.75,4.343562500000001,4.3500000000000005,0.006437500000000005,1,6.4375,2.28125,0.125,0.140625,0.078125,0.589830508474577,0.5152542372881355,0.27981246856048997,0.051725731525080296,0.0144585340375902,0.05000000000000001,-0.8,5.1499999999999995,4.0,13.0,0,1,2,0,2,45,0,0,9,5
2000891,0.0,0.05,0.75,5.196031249999998,5.199999999999998,0.003968750000000003,-3,3.96875,1.8125,0.140625,0.09375,0.09375,0.5793103448275867,0.518103448275862,0.49059156953880123,0.050198728436496025,0.23183529705513395,0.05000000000000001,-0.55,5.749999999999999,2.0,13.0,0,2,2,0,4,39,0,0,11,6
2000892,1.0,0.05,0.75,-0.9270156250000003,-0.9000000000000004,0.027015625000000012,-11,27.015625,4.765625,0.203125,0.03125,0.0625,0.5833333333333339,0.5374999999999999,0.9875192059174938,0.06363074827009464,0.9861721417688024,0.049999999999999996,-0.3999999999999999,-0.5,2.0,13.0,0,0,0,0,5,40,0,0,15,4
2000893,0.0,0.05,0.75,5.247359375,5.25,0.0026406250000000015,-3,2.640625,1.171875,0.125,0.078125,0.09375,0.5862068965517246,0.5129310344827587,0.6625971351187284,0.05029913852766548,0.30993484680365607,0.049999999999999996,-1.1,6.35,4.0,9.0,0,3,2,0,1,42,0,0,10,6
2000894,0.0,0.05,0.75,5.793140624999999,5.799999999999999,0.006859375000000005,-5,6.859375,2.109375,0.140625,0.0625,0.109375,0.5859649122807022,0.5289473684210525,0.6611099045016815,0.0501707439453279,0.5715726235946541,0.05,0.0,5.799999999999999,0.0,13.0,0,0,2,0,2,40,0,2,11,7
2000895,1.0,0.05,0.75,0.4125312499999993,0.4499999999999993,0.03746875000000001,-10,37.46875,5.40625,0.234375,0.078125,0.09375,0.5724137931034486,0.5336206896551722,0.9699410055312288,0.18408862548276306,0.9220475145693874,0.049999999999999996,-0.19999999999999996,0.6500000000000001,2.0,18.0,1,1,2,0,3,34,0,2,15,6
2000896,0.0,0.05,0.75,5.392078124999999,5.3999999999999995,0.007921875000000005,-4,7.921875,2.109375,0.125,0.0625,0.078125,0.5830508474576276,0.5177966101694915,0.63468882798541,0.05005602987531225,0.4812707771389892,0.05,-0.2,5.599999999999999,1.0,11.0,1,1,0,0,1,47,0,1,8,5
2000897,1.0,0.05,0.75,0.7429999999999991,0.7499999999999991,0.007000000000000005,-4,7.0,2.21875,0.109375,0.046875,0.109375,0.5754385964912285,0.518421052631579,0.6291066704883685,0.05001877740904342,0.5263583246329298,0.05,0.0,0.7500000000000002,0.0,10.0,0,2,0,0,5,41,0,0,9,7
2000898,1.0,0.05,0.75,-0.7867187500000018,-0.7500000000000018,0.036718750000000015,-10,36.71875,5.34375,0.1875,0.03125,0.109375,0.5824561403508777,0.5368421052631578,0.9379475105033032,0.05409511695876023,0.9344056099585478,0.05,-0.7999999999999998,0.050000000000000266,4.0,10.0,1,0,1,0,2,37,0,1,15,7
2000899,0.0,0.05,0.75,4.837859375000001,4.8500000000000005,0.012140625000000007,2,12.140625,3.171875,0.15625,0.1875,0.109375,0.5859649122807022,0.5263157894736841,0.11664484766041579,0.16603536701551289,0.003702456637670523,0.05,-0.8,5.6499999999999995,4.0,18.0,0,4,0,0,0,39,0,0,14,7
2000900,1.0,0.05,0.75,3.1969374999999993,3.1999999999999993,0.003062500000000002,-2,3.0625,1.40625,0.125,0.09375,0.0625,0.5966666666666673,0.5175,0.5367564022410993,0.050106198488978695,0.18991812891094528,0.049999999999999996,-0.19999999999999996,3.4000000000000004,1.0,13.0,0,1,2,0,0,47,0,0,10,4
2000901,0.0,0.05,0.75,1.6994218749999999,1.7,0.0005781250000000004,1,0.578125,0.578125,0.0625,0.078125,0.078125,0.5830508474576276,0.5050847457627119,0.5031937597340284,0.05000153054441038,0.13152907818105722,0.05000000000000001,-0.7,2.4,3.0,6.0,0,1,2,0,4,47,0,0,5,5
2000902,0.0,0.05,0.75,4.997031249999999,4.999999999999999,0.002968750000000002,-2,2.96875,1.4375,0.125,0.09375,0.078125,0.5762711864406784,0.5152542372881356,0.4878501841465937,0.050109352581478,0.16625054948371326,0.05,-0.4,5.3999999999999995,2.0,12.0,0,2,1,1,3,43,0,0,9,5
2000903,0.0,0.05,0.75,4.497546874999999,4.499999999999999,0.0024531250000000017,-2,2.453125,1.359375,0.109375,0.078125,0.046875,0.59016393442623,0.5098360655737705,0.5995327186564796,0.05001968185019126,0.2554041580963108,0.04999999999999999,-0.4,4.8999999999999995,2.0,10.0,0,3,2,0,0,47,0,0,9,3
2000904,1.0,0.05,0.75,-0.4632812500000011,-0.45000000000000107,0.013281250000000007,-7,13.28125,2.53125,0.140625,0.03125,0.09375,0.5931034482758627,0.5206896551724137,0.8833009323691577,0.05013074326288278,0.8681068447424236,0.05,-0.19999999999999996,-0.25,1.0,10.0,0,1,2,0,1,43,0,0,11,6
2000905,0.0,0.05,0.75,2.397703125,2.4,0.0022968750000000016,2,2.296875,1.390625,0.09375,0.125,0.109375,0.5859649122807022,0.5052631578947367,0.2894369699466028,0.05030631849750006,0.017954979080943043,0.05,-0.75,3.1499999999999995,3.0,11.0,0,3,3,0,1,42,0,0,8,7
2000906,0.0,0.05,0.75,5.697328124999999,5.699999999999999,0.0026718750000000015,-4,2.671875,1.203125,0.125,0.0625,0.078125,0.5830508474576276,0.5228813559322032,0.6050042031505751,0.05006392583213353,0.4643982250920574,0.05,-0.4,6.1,2.0,10.0,0,1,1,0,4,42,0,0,11,5
2000907,1.0,0.05,0.75,0.6801874999999993,0.6999999999999993,0.019812500000000007,-7,19.8125,3.875,0.171875,0.0625,0.125,0.5750000000000004,0.532142857142857,0.9012432367132385,0.05731560535382446,0.8642260403463589,0.049999999999999996,0.0,0.7000000000000001,0.0,15.0,0,0,0,1,5,38,0,0,12,8
2000908,0.0,0.05,0.75,3.8975781249999994,3.8999999999999995,0.0024218750000000013,1,2.421875,1.328125,0.109375,0.125,0.09375,0.5793103448275867,0.5155172413793103,0.5568111942488849,0.050320102382995516,0.04733204955928006,0.05,-0.8,4.699999999999999,4.0,11.0,1,1,2,0,3,41,0,0,10,6
2000909,0.0,0.05,0.75,5.745765624999998,5.749999999999998,0.004234375000000003,-3,4.234375,1.796875,0.15625,0.109375,0.15625,0.5851851851851856,0.5194444444444444,0.3685735366432482,0.05172369222843219,0.1276583696061292,0.05,-0.6000000000000001,6.349999999999999,3.0,14.0,0,2,4,0,0,35,0,2,11,10
2000910,1.0,0.05,0.75,3.1904999999999992,3.1999999999999993,0.009500000000000007,-3,9.5,2.78125,0.15625,0.109375,0.125,0.5785714285714291,0.51875,0.6689824190202879,0.055632654590120394,0.23823928502473452,0.05,-0.8499999999999999,4.05,5.0,12.0,1,1,2,0,3,38,0,0,11,8
2000911,1.0,0.05,0.75,1.6762187499999992,1.6999999999999993,0.023781250000000007,-9,23.78125,4.15625,0.234375,0.09375,0.09375,0.5896551724137936,0.5284482758620689,0.9844372536354431,0.25955658760012623,0.8525480232429208,0.049999999999999996,-0.7,2.4000000000000004,5.0,16.0,0,1,1,0,2,41,0,0,13,6
2000912,1.0,0.05,0.75,-1.5310781249999983,-1.4999999999999982,0.031078125000000012,-11,31.078125,4.546875,0.1875,0.015625,0.0625,0.576666666666667,0.5249999999999998,0.9850768076726073,0.05303829275434977,0.9843140804637729,0.05,-0.3999999999999999,-1.0999999999999999,2.0,11.0,0,4,0,0,3,39,0,0,14,4
2000913,1.0,0.05,0.75,-1.2327968750000011,-1.200000000000001,0.03279687500000001,-8,32.796875,5.171875,0.140625,0.015625,0.046875,0.59016393442623,0.5221311475409836,0.8646209689841143,0.05002063014727103,0.8589438560619,0.05,-0.19999999999999996,-0.9999999999999998,1.0,9.0,0,0,1,0,3,47,0,0,10,3
2000914,0.0,0.05,0.75,4.996015624999999,4.999999999999999,0.003984375000000003,-1,3.984375,1.671875,0.140625,0.125,0.078125,0.5898305084745769,0.5279661016949152,0.5758616861341437,0.05068043506930655,0.12330377742709778,0.05000000000000002,-0.8,5.800000000000001,4.0,13.0,0,0,2,0,2,42,0,1,12,5
2000915,1.0,0.05,0.75,-0.5253125000000017,-0.5000000000000018,0.025312500000000012,-10,25.3125,4.5625,0.1875,0.03125,0.140625,0.563636363636364,0.5272727272727271,0.982641172100076,0.08099384434021224,0.9781454042049326,0.049999999999999996,-0.95,0.4500000000000002,5.0,9.0,0,0,2,1,7,33,0,1,11,9
2000916,0.0,0.05,0.75,5.197875,5.2,0.002125000000000001,-3,2.125,1.03125,0.125,0.078125,0.109375,0.5754385964912285,0.5184210526315789,0.6174818625011741,0.0501734549039545,0.3585237527779274,0.05,-0.6000000000000001,5.8,3.0,10.0,0,4,0,0,2,40,0,1,10,7
2000917,0.0,0.05,0.75,2.9972031249999995,2.9999999999999996,0.0027968750000000016,0,2.796875,1.390625,0.109375,0.109375,0.203125,0.5803921568627456,0.5058823529411766,0.3470333965172551,0.05048669177191413,0.05773306622594938,0.05,-0.35000000000000003,3.3499999999999996,1.0,13.0,0,4,4,0,1,32,0,0,10,13
2000918,1.0,0.05,0.75,-2.5137968749999984,-2.3999999999999986,0.11379687499999994,-14,113.796875,9.984375,0.234375,0.015625,0.109375,0.571929824561404,0.5447368421052631,0.9863740454000319,0.09186470036122635,0.9835227814410101,0.05000000000000001,-0.44999999999999996,-1.95,3.0,13.0,0,0,1,1,5,32,0,1,17,7
2000919,1.0,0.05,0.75,-1.1684843750000005,-1.1500000000000004,0.018484375000000004,-9,18.484375,3.390625,0.171875,0.03125,0.09375,0.5724137931034486,0.5206896551724138,0.9307015993387219,0.05085133030352545,0.9248627941822767,0.05000000000000001,-0.050000000000000044,-1.0999999999999996,1.0,12.0,1,2,2,0,2,38,0,2,11,6
2000920,0.0,0.05,0.75,5.144484374999999,5.1499999999999995,0.005515625000000003,-3,5.515625,1.890625,0.140625,0.09375,0.078125,0.5796610169491531,0.5203389830508475,0.3663084838431138,0.05007707189066222,0.1734242572880511,0.05000000000000001,-0.2,5.35,1.0,14.0,1,1,2,0,2,41,0,1,11,5
2000921,1.0,0.05,0.75,-0.6242343750000006,-0.6000000000000005,0.024234375000000013,-8,24.234375,4.546875,0.15625,0.03125,0.109375,0.5754385964912284,0.5105263157894737,0.9062223897154775,0.05059695052728846,0.8932484048237291,0.05,-0.8999999999999999,0.30000000000000004,4.0,8.0,0,1,5,0,4,37,0,2,8,7
2000922,0.0,0.05,0.75,7.813562499999999,7.849999999999999,0.036437500000000005,-9,36.4375,5.34375,0.15625,0.015625,0.140625,0.5745454545454551,0.5272727272727271,0.9440073436948622,0.050891483155758324,0.9412564792078187,0.05,0.0,7.849999999999999,0.0,11.0,1,0,1,0,3,38,0,2,10,9
2000923,0.0,0.05,0.75,2.4473437499999995,2.4499999999999993,0.0026562500000000015,3,2.65625,1.46875,0.078125,0.125,0.109375,0.5754385964912285,0.5078947368421053,0.33666910683048923,0.050389246301231885,0.012044642501297007,0.049999999999999996,-0.6000000000000001,3.05,3.0,10.0,0,2,1,0,4,44,0,1,5,7
2000924,1.0,0.05,0.75,-0.7536562499999975,-0.6999999999999975,0.053656250000000016,-12,53.65625,6.625,0.234375,0.046875,0.046875,0.5803278688524596,0.5270491803278687,0.9905654278864138,0.12995632168543794,0.9850814295659396,0.05,-0.3999999999999999,-0.2999999999999998,2.0,16.0,0,0,3,0,6,38,0,0,14,3
2000925,1.0,0.05,0.75,0.5806562499999997,0.5999999999999996,0.019343750000000003,-8,19.34375,3.0625,0.1875,0.0625,0.140625,0.5818181818181822,0.5327272727272725,0.9579567437898024,0.09002398202915479,0.9345213797323777,0.04999999999999999,-1.1,1.7,7.0,9.0,0,0,3,0,3,34,0,2,13,9
2000926,1.0,0.05,0.75,-0.9906406249999975,-0.9499999999999975,0.040640625000000014,-11,40.640625,5.421875,0.203125,0.03125,0.0625,0.5833333333333338,0.5249999999999999,0.9799569748451298,0.06098712610183691,0.977719908798087,0.049999999999999996,-0.050000000000000044,-0.8999999999999997,1.0,14.0,0,1,2,0,4,40,0,0,13,4
2000927,1.0,0.05,0.75,1.9474062499999993,1.9499999999999993,0.002593750000000002,-3,2.59375,1.3125,0.125,0.078125,0.046875,0.59016393442623,0.5172131147540984,0.506369088561568,0.05002556251145325,0.2818999526331921,0.05,-0.7,2.6499999999999995,3.0,10.0,0,0,2,0,3,47,0,0,9,3
2000928,1.0,0.05,0.75,-1.2935781249999982,-1.2499999999999982,0.04357812500000001,-11,43.578125,6.046875,0.21875,0.046875,0.09375,0.5724137931034486,0.5336206896551723,0.9385806677981057,0.061084793491204,0.9329513489528394,0.05,-1.05,-0.19999999999999973,5.0,12.0,0,3,1,0,5,32,0,0,17,6
2000929,0.0,0.05,0.75,4.445499999999998,4.449999999999998,0.004500000000000003,-2,4.5,2.03125,0.125,0.09375,0.09375,0.5896551724137936,0.5206896551724137,0.3909348825595539,0.05005614135696702,0.14678647438542097,0.05,-0.7000000000000001,5.149999999999999,2.0,12.0,0,0,3,1,1,42,0,0,11,6
2000930,0.0,0.05,0.75,6.891328125,6.9,0.008671875000000006,-4,8.671875,2.390625,0.171875,0.109375,0.0625,0.5800000000000004,0.5199999999999999,0.2297365332260848,0.05070733860390682,0.07871787564182539,0.05000000000000001,-0.95,7.85,4.0,14.0,0,1,4,0,4,38,0,1,12,4
2000931,1.0,0.05,0.75,-0.6776562500000004,-0.6500000000000004,0.027656250000000004,-9,27.65625,4.8125,0.171875,0.03125,0.03125,0.583870967741936,0.5266129032258065,0.9006923161531901,0.05026809460179368,0.8947822655258643,0.05,-0.7999999999999998,0.15000000000000036,4.0,9.0,0,1,1,1,1,45,0,1,12,2
2000932,1.0,0.05,0.75,0.786203124999998,0.799999999999998,0.01379687500000001,-6,13.796875,3.421875,0.15625,0.0625,0.09375,0.5827586206896558,0.5232758620689654,0.6611946338593141,0.050385379067219384,0.5862220543022709,0.05,-0.3999999999999999,1.2000000000000004,2.0,12.0,0,2,2,0,1,40,0,2,11,6
2000933,1.0,0.05,0.75,0.38478124999999946,0.39999999999999947,0.015218750000000012,-7,15.21875,3.59375,0.171875,0.0625,0.078125,0.5728813559322037,0.5177966101694914,0.7506476030052542,0.050811404359270444,0.6902290684755743,0.05,-0.30000000000000004,0.7000000000000002,1.0,14.0,0,2,2,0,6,38,0,0,11,5
2000934,1.0,0.05,0.75,2.3777187500000023,2.400000000000002,0.022281250000000002,-8,22.28125,4.34375,0.265625,0.140625,0.03125,0.5774193548387102,0.529032258064516,0.9947225455598321,0.2878826133104554,0.71808050145532,0.05,-1.0999999999999999,3.5,7.0,19.0,0,2,3,1,1,38,0,2,15,2
2000935,0.0,0.05,0.75,7.69478125,7.7,0.005218750000000003,-5,5.21875,1.78125,0.1875,0.109375,0.046875,0.59016393442623,0.5196721311475409,0.5267158364547909,0.05643205603059788,0.2428085359237226,0.05,-0.4,8.1,2.0,17.0,0,2,3,0,0,43,0,1,12,3
2000936,0.0,0.05,0.75,5.3407968750000006,5.3500000000000005,0.009203125000000006,-5,9.203125,2.609375,0.140625,0.0625,0.125,0.5642857142857146,0.5053571428571427,0.5139248228436262,0.05009202072790595,0.38604140420857824,0.05,-0.35000000000000003,5.7,1.0,12.0,2,0,4,0,6,36,0,0,8,8
2000937,1.0,0.05,0.75,-1.2946874999999982,-1.2499999999999982,0.04468750000000002,-11,44.6875,5.90625,0.203125,0.03125,0.078125,0.5762711864406785,0.5279661016949152,0.971570776264166,0.05751202430037954,0.96933635315348,0.05,-1.0499999999999998,-0.19999999999999996,6.0,9.0,0,0,1,1,4,41,0,1,11,5
2000938,0.0,0.05,0.75,4.847484374999999,4.849999999999999,0.0025156250000000014,-2,2.515625,1.296875,0.125,0.09375,0.046875,0.58688524590164,0.5270491803278687,0.30025081600876374,0.05002365365838753,0.12677112865626078,0.049999999999999996,-1.0,5.849999999999999,5.0,9.0,0,1,1,0,3,43,0,0,13,3
2000939,0.0,0.05,0.75,2.644875,2.65,0.005125000000000004,1,5.125,1.96875,0.078125,0.09375,0.078125,0.5762711864406784,0.5050847457627118,0.5133658998313668,0.050009498097107585,0.07157221895934272,0.05000000000000001,-0.6000000000000001,3.25,3.0,8.0,0,4,0,0,2,47,0,1,5,5
2000940,0.0,0.05,0.75,2.848218749999999,2.849999999999999,0.0017812500000000007,4,1.78125,1.03125,0.109375,0.171875,0.03125,0.5870967741935489,0.5120967741935484,0.4322148320198096,0.05201699456486749,0.00527617875639567,0.05000000000000001,-1.4500000000000002,4.3,6.0,12.0,0,1,1,0,3,50,0,0,7,2
2000941,0.0,0.05,0.75,5.9392187499999975,5.9499999999999975,0.010781250000000006,-3,10.78125,2.96875,0.15625,0.109375,0.015625,0.571428571428572,0.5071428571428571,0.5030211060085954,0.05029719521101669,0.1493699958297209,0.05,-0.8500000000000001,6.799999999999999,3.0,14.0,1,1,4,1,3,44,0,1,8,1
2000942,0.0,0.05,0.75,6.782984375,6.8,0.01701562500000001,-6,17.015625,3.078125,0.15625,0.0625,0.046875,0.567213114754099,0.5172131147540983,0.8057109743301017,0.050356223935919035,0.728006130043504,0.05,-0.35,7.15,2.0,12.0,2,1,1,0,4,42,0,1,10,3
2000943,1.0,0.05,0.75,-0.6401874999999997,-0.5999999999999996,0.040187500000000015,-9,40.1875,5.40625,0.171875,0.03125,0.125,0.5857142857142862,0.5187499999999999,0.9479811599227448,0.05342324252345771,0.9419349028568004,0.05,-0.55,-0.04999999999999982,2.0,11.0,1,0,4,0,2,37,0,0,12,8
2000944,0.0,0.05,0.75,2.99853125,3.0,0.001468750000000001,2,1.46875,1.0,0.09375,0.125,0.078125,0.589830508474577,0.5127118644067796,0.11426645572383969,0.05060090557955112,0.00560124862342065,0.05000000000000001,-0.4,3.3999999999999995,2.0,12.0,0,0,3,0,3,45,0,0,8,5
2000945,1.0,0.05,0.75,3.0085625000000045,3.0500000000000043,0.0414375,-7,41.4375,5.8125,0.234375,0.125,0.09375,0.5793103448275867,0.5517241379310343,0.9972451709082278,0.2876528473283252,0.8579813203626795,0.05,-0.5,3.5499999999999994,4.0,19.0,1,0,1,1,0,33,0,2,20,6
2000946,0.0,0.05,0.75,3.049,3.05,0.0010000000000000005,-1,1.0,0.8125,0.078125,0.0625,0.0625,0.5800000000000006,0.5224999999999999,0.4577835415039823,0.05000134359751944,0.24517008190403083,0.05000000000000001,-0.35000000000000003,3.3999999999999995,1.0,8.0,0,1,0,2,1,46,0,0,10,4
2000947,0.0,0.05,0.75,7.380984375,7.3999999999999995,0.019015625000000008,-5,19.015625,3.984375,0.171875,0.09375,0.078125,0.5864406779661022,0.5279661016949152,0.25897749241994605,0.05077436485784432,0.1464626001747546,0.05,-0.8500000000000001,8.25,5.0,12.0,0,2,1,0,1,41,0,1,13,5
2000948,1.0,0.05,0.75,2.8990468749999994,2.8999999999999995,0.0009531250000000005,-1,0.953125,0.828125,0.109375,0.09375,0.046875,0.58688524590164,0.5147540983606557,0.43855361561231376,0.05001497956427324,0.12678933174472745,0.05,-0.19999999999999996,3.0999999999999988,1.0,12.0,0,3,0,0,1,48,0,0,9,3
2000949,0.0,0.05,0.75,7.285749999999999,7.299999999999999,0.014250000000000011,-5,14.25,3.3125,0.171875,0.09375,0.046875,0.5934426229508203,0.5295081967213114,0.7821335802178812,0.05390390374885572,0.5779281724540042,0.049999999999999996,-0.75,8.049999999999999,3.0,14.0,0,1,2,0,1,42,0,0,15,3
2000950,0.0,0.05,0.75,5.197421875,5.2,0.0025781250000000006,-4,2.578125,1.140625,0.140625,0.078125,0.109375,0.571929824561404,0.5210526315789473,0.6182988445154275,0.05022852517510927,0.429039907612825,0.05,-0.4,5.6000000000000005,2.0,12.0,0,2,1,1,2,40,0,2,9,7
2000951,0.0,0.05,0.75,3.09790625,3.0999999999999996,0.002093750000000001,-1,2.09375,1.25,0.078125,0.0625,0.109375,0.5649122807017548,0.5184210526315788,0.38414520371030797,0.050003201432007906,0.18796625047270507,0.05,-0.4,3.499999999999999,2.0,7.0,0,1,2,1,5,38,0,2,8,7
2000952,0.0,0.05,0.75,4.841765625,4.85,0.008234375000000006,-5,8.234375,2.296875,0.109375,0.03125,0.140625,0.5927272727272733,0.5163636363636362,0.6634985623394156,0.05001652305172821,0.6192494432910745,0.049999999999999996,-0.4,5.25,2.0,7.0,1,0,3,0,0,41,0,0,10,9
2000953,0.0,0.05,0.75,5.196281249999999,5.199999999999999,0.0037187500000000024,1,3.71875,1.59375,0.15625,0.171875,0.015625,0.5619047619047622,0.519047619047619,0.5448582854136881,0.05356772454297038,0.017583937461743217,0.05000000000000001,-1.15,6.349999999999999,5.0,16.0,1,3,2,1,3,39,0,2,12,1
2000954,0.0,0.05,0.75,4.14859375,4.1499999999999995,0.0014062500000000004,0,1.40625,0.8125,0.125,0.125,0.0625,0.5733333333333338,0.505,0.5296329067990024,0.05018163163597693,0.053570373281252935,0.05000000000000001,-1.0999999999999999,5.249999999999999,5.0,11.0,0,1,5,0,6,40,0,1,7,4
2000955,0.0,0.05,0.75,1.9494218749999994,1.9499999999999995,0.0005781250000000004,1,0.578125,0.578125,0.0625,0.078125,0.09375,0.5862068965517246,0.507758620689655,0.4443737908803637,0.05000302023310254,0.09665324821953519,0.05,-0.4,2.3499999999999996,2.0,7.0,0,1,3,0,3,44,0,0,7,6
2000956,1.0,0.05,0.75,2.6966406249999983,2.6999999999999984,0.003359375000000002,-3,3.359375,1.515625,0.15625,0.109375,0.0625,0.5833333333333338,0.5125,0.47045721957123154,0.050498187852114476,0.14912387507075514,0.05,-0.19999999999999996,2.8999999999999995,1.0,16.0,1,1,4,0,1,42,0,1,10,4
2000957,1.0,0.05,0.75,-0.004906249999995747,0.05000000000000426,0.05490625000000001,-10,54.90625,6.8125,0.21875,0.0625,0.09375,0.5689655172413797,0.5232758620689654,0.9227654536812689,0.09126878480711437,0.8944770732752103,0.05,-0.75,0.8000000000000003,3.0,15.0,0,3,3,0,4,33,0,2,13,6
2000958,1.0,0.05,0.75,0.5711406249999978,0.5999999999999979,0.028859375000000013,-8,28.859375,4.890625,0.1875,0.0625,0.125,0.5892857142857147,0.532142857142857,0.8164344202460024,0.05759269403741581,0.7837446008015182,0.05,-0.050000000000000044,0.6500000000000004,1.0,15.0,0,0,2,0,3,37,0,0,14,8
2000959,0.0,0.05,0.75,6.884906249999999,6.8999999999999995,0.015093750000000012,-6,15.09375,3.28125,0.15625,0.0625,0.078125,0.5762711864406783,0.5254237288135593,0.668334020631331,0.05028038257482645,0.6023861095713784,0.04999999999999999,-0.5,7.3999999999999995,2.0,12.0,0,0,0,0,6,43,0,1,9,5
2000960,0.0,0.05,0.75,4.0977968749999985,4.099999999999999,0.0022031250000000015,1,2.203125,1.109375,0.125,0.140625,0.046875,0.5803278688524595,0.5122950819672131,0.6946378244225224,0.05034308156788998,0.04917668388182613,0.049999999999999996,-0.8999999999999999,4.999999999999999,4.0,13.0,0,4,1,0,2,44,0,0,10,3
2000961,0.0,0.05,0.75,1.2495,1.25,0.0005000000000000003,-1,0.5,0.5,0.03125,0.015625,0.109375,0.5929824561403515,0.5052631578947369,0.5180217120511524,0.05000004680571605,0.44136371251466044,0.05,-0.2,1.45,1.0,2.0,0,0,2,0,2,49,0,0,4,7
2000962,0.0,0.05,0.75,0.9395312499999999,0.95,0.010468750000000006,5,10.46875,2.6875,0.046875,0.125,0.140625,0.5781818181818187,0.5,0.4126826849476448,0.050221893377978465,0.006978474894776847,0.05,-0.8,1.75,4.0,7.0,0,2,3,0,4,41,0,0,5,9
2000963,0.0,0.05,0.75,0.7371718750000003,0.7500000000000002,0.01282812500000001,3,12.828125,3.109375,0.046875,0.09375,0.078125,0.5762711864406785,0.5025423728813558,0.4865752951941905,0.050002351882193166,0.058366477944623636,0.05,-0.6000000000000001,1.35,3.0,6.0,0,3,2,1,1,46,0,1,5,5
2000964,1.0,0.05,0.75,1.5919687499999988,1.5999999999999988,0.008031250000000005,-3,8.03125,2.53125,0.125,0.078125,0.125,0.5821428571428576,0.5187499999999999,0.4011729661890121,0.05004566477394683,0.24125650524859307,0.049999999999999996,0.0,1.6,0.0,13.0,0,1,3,0,4,37,0,0,11,8
2000965,0.0,0.05,0.75,5.247890625,5.25,0.0021093750000000014,-2,2.109375,1.140625,0.140625,0.109375,0.0625,0.5833333333333338,0.515,0.5989469107095265,0.05041700181416889,0.15801237407542237,0.05,-1.3,6.549999999999999,5.0,11.0,0,2,2,0,3,43,0,0,10,4
2000966,1.0,0.05,0.75,-0.5656874999999982,-0.4999999999999982,0.06568750000000002,-14,65.6875,6.875,0.28125,0.0625,0.078125,0.5457627118644072,0.5330508474576269,0.9997315190052267,0.29291948962540654,0.9897819244197038,0.05,-0.5,2.220446049250313e-16,4.0,18.0,2,1,1,1,7,30,0,2,15,5
2000967,0.0,0.05,0.75,5.821171874999999,5.85,0.028828125,-6,28.828125,5.078125,0.140625,0.046875,0.046875,0.5573770491803284,0.5172131147540984,0.6955003248874901,0.050025171990299974,0.6415918466589039,0.05,-0.65,6.5,2.0,10.0,0,2,1,2,5,41,0,2,8,3
2000968,1.0,0.05,0.75,-1.1803593750000003,-1.1500000000000004,0.03035937500000002,-10,30.359375,4.578125,0.171875,0.015625,0.125,0.5857142857142862,0.5374999999999999,0.98516820142426,0.0549136245710576,0.9842738678899416,0.049999999999999996,-0.55,-0.5999999999999999,5.0,7.0,0,0,1,0,3,37,0,1,14,8
2000969,1.0,0.05,0.75,0.04492187499999982,0.04999999999999982,0.005078125000000002,-5,5.078125,1.671875,0.109375,0.03125,0.0625,0.5966666666666673,0.5249999999999999,0.8271565757478787,0.05000924662599236,0.7979247116545303,0.05,-0.25,0.30000000000000004,2.0,7.0,0,0,2,0,1,45,0,0,12,4
2000970,1.0,0.05,0.75,-0.010140625000000006,0.0,0.010140625000000006,-7,10.140625,2.484375,0.15625,0.046875,0.078125,0.5762711864406784,0.5203389830508474,0.6724704651667529,0.050108622500367114,0.6402208826240214,0.05,0.0,4.440892098500626e-16,0.0,13.0,0,1,3,1,4,38,0,0,12,5
2000971,0.0,0.05,0.75,5.5480624999999995,5.55,0.0019375000000000004,-3,1.9375,0.75,0.140625,0.09375,0.09375,0.5793103448275866,0.518103448275862,0.734503378741566,0.050861031614639306,0.3707338100988797,0.05000000000000001,-0.8500000000000001,6.3999999999999995,3.0,12.0,1,0,2,0,4,41,0,0,10,6
2000972,1.0,0.05,0.75,1.6900000000000002,1.7000000000000002,0.010000000000000005,-6,10.0,2.6875,0.171875,0.078125,0.0625,0.5933333333333339,0.5299999999999999,0.8496940897481048,0.05394624587152394,0.7654259176178967,0.05,-0.6499999999999999,2.3499999999999996,4.0,12.0,0,0,2,0,2,42,0,0,14,4
2000973,1.0,0.05,0.75,-0.7058750000000001,-0.7000000000000002,0.0058750000000000035,-6,5.875,2.09375,0.109375,0.015625,0.0625,0.5700000000000004,0.5075,0.9141825742718666,0.05001285723617735,0.898030638877871,0.05,-0.75,0.050000000000000044,4.0,4.0,0,1,4,0,5,42,0,3,5,4
2000974,0.0,0.05,0.75,2.498734375,2.5,0.001265625000000001,1,1.265625,0.859375,0.078125,0.09375,0.109375,0.5719298245614041,0.5105263157894736,0.4390590463107313,0.050017920855908726,0.0727542307540843,0.05,-1.2,3.6999999999999993,5.0,6.0,1,3,0,0,3,42,0,0,8,7
2000975,1.0,0.05,0.75,-1.0088593749999992,-0.9499999999999993,0.058859375000000026,-12,58.859375,6.578125,0.21875,0.03125,0.125,0.5857142857142862,0.5428571428571426,0.9972449123403376,0.17615086258542711,0.9941999702311777,0.05,-0.8,-0.1499999999999999,7.0,9.0,0,0,2,0,4,32,0,0,18,8
2000976,1.0,0.05,0.75,-0.8771718749999997,-0.8499999999999996,0.027171875000000012,-10,27.171875,4.546875,0.21875,0.0625,0.0625,0.5833333333333339,0.5175,0.9314925881155727,0.06242404992443902,0.917522588321954,0.049999999999999996,-0.5,-0.34999999999999987,2.0,16.0,0,2,4,0,2,39,0,1,12,4
2000977,0.0,0.05,0.75,3.297999999999999,3.299999999999999,0.0020000000000000005,0,2.0,0.875,0.09375,0.09375,0.109375,0.5649122807017548,0.5078947368421053,0.1396548935185122,0.05006653798189397,0.022341291528239632,0.05,-0.8500000000000001,4.1499999999999995,5.0,7.0,0,1,2,0,7,41,0,2,4,7
2000978,1.0,0.05,0.75,-0.4780781250000011,-0.45000000000000107,0.028078125000000013,-9,28.078125,4.609375,0.171875,0.03125,0.09375,0.5758620689655177,0.518103448275862,0.9538279305759014,0.05261206421696472,0.9480628465991723,0.05000000000000001,-0.44999999999999996,2.220446049250313e-16,3.0,10.0,0,1,3,0,5,38,0,1,10,6
2000979,1.0,0.05,0.75,-2.368249999999999,-2.299999999999999,0.06825000000000002,-12,68.25,7.28125,0.21875,0.03125,0.0625,0.5566666666666671,0.5225,0.9697446072102599,0.054739137191612094,0.968196234888997,0.05,-1.0,-1.3,6.0,10.0,2,3,4,1,2,30,0,2,16,4
2000980,0.0,0.05,0.75,4.54925,4.55,0.0007500000000000004,-1,0.75,0.625,0.140625,0.125,0.078125,0.545762711864407,0.5101694915254237,0.5853988294832624,0.050495425165154026,0.09980201989998277,0.05,-1.3,5.8500000000000005,4.0,13.0,1,3,2,0,9,34,0,2,8,5
2000981,0.0,0.05,0.75,3.4483749999999995,3.4499999999999997,0.0016250000000000008,1,1.625,0.875,0.125,0.140625,0.109375,0.5614035087719301,0.5157894736842105,0.6079699172052112,0.05060911392543328,0.052227400322649636,0.05,-1.3,4.75,5.0,12.0,0,3,2,1,5,35,0,1,10,7
2000982,0.0,0.05,0.75,6.971921874999999,6.999999999999999,0.028078125,-7,28.078125,4.640625,0.15625,0.046875,0.203125,0.5882352941176475,0.5352941176470587,0.7454928715578839,0.05163984161224176,0.7196079139170716,0.05,-0.35000000000000003,7.349999999999999,1.0,12.0,0,1,1,0,2,33,0,0,14,13
2000983,1.0,0.05,0.75,-1.6739843750000003,-1.6500000000000004,0.02398437500000001,-9,23.984375,4.296875,0.140625,0.0,0.03125,0.5935483870967748,0.5169354838709677,0.965142107939668,0.050042346990175575,0.9638396905068113,0.05000000000000001,-0.6499999999999999,-0.9999999999999998,4.0,5.0,0,1,1,0,1,50,0,0,9,2
2000984,0.0,0.05,0.75,4.598093749999999,4.6,0.0019062500000000013,-2,1.90625,1.0625,0.109375,0.078125,0.09375,0.5896551724137937,0.5232758620689654,0.38746173134507983,0.0500245758531454,0.1838715626218184,0.05,-0.6000000000000001,5.199999999999999,3.0,9.0,0,0,0,0,3,46,0,0,9,6
2000985,1.0,0.05,0.75,-0.9140156249999961,-0.8499999999999961,0.06401562500000003,-12,64.015625,6.953125,0.234375,0.046875,0.078125,0.5762711864406783,0.5305084745762711,0.9750774089243687,0.10954142761948887,0.9656407132982315,0.049999999999999996,-0.9999999999999998,0.15000000000000013,5.0,13.0,0,0,2,0,5,38,0,2,12,5
2000986,1.0,0.05,0.75,1.1964218749999993,1.1999999999999993,0.0035781250000000023,-3,3.578125,1.421875,0.109375,0.0625,0.125,0.5678571428571433,0.5080357142857143,0.41095270276702556,0.05001477612306616,0.2482967144659948,0.05,-0.3999999999999999,1.5999999999999999,2.0,9.0,2,3,1,0,0,41,0,2,7,8
2000987,1.0,0.05,0.75,-1.5700781250000007,-1.5500000000000007,0.020078125000000006,-9,20.078125,3.546875,0.15625,0.015625,0.078125,0.5796610169491531,0.5177966101694915,0.9440791311401161,0.0501700072413895,0.9414867339917663,0.05,-1.0999999999999999,-0.44999999999999996,5.0,6.0,1,1,3,0,2,40,0,1,11,5
2000988,1.0,0.05,0.75,-0.9239218750000003,-0.9000000000000004,0.02392187500000001,-9,23.921875,4.265625,0.1875,0.046875,0.0625,0.5800000000000004,0.5225,0.932675358035875,0.05133276270762582,0.9251777333580631,0.049999999999999996,-0.8500000000000001,-0.04999999999999982,5.0,10.0,0,3,4,0,2,35,0,1,15,4
2000989,1.0,0.05,0.75,-0.9310624999999995,-0.8999999999999995,0.031062500000000017,-8,31.0625,5.1875,0.15625,0.03125,0.109375,0.5684210526315793,0.5315789473684209,0.8905759985134842,0.05026424566356727,0.8838331919131209,0.05,-0.44999999999999996,-0.44999999999999996,3.0,9.0,0,2,2,1,5,31,0,0,16,7
2000990,1.0,0.05,0.75,2.1442187499999994,2.1499999999999995,0.005781250000000003,-3,5.78125,2.1875,0.125,0.078125,0.140625,0.5854545454545459,0.5245454545454545,0.7713905517224824,0.05065302285153723,0.5175971332516451,0.05,-0.25,2.4000000000000004,2.0,11.0,0,2,0,0,2,40,0,0,11,9
2000991,0.0,0.05,0.75,6.0932499999999985,6.099999999999999,0.006750000000000005,-5,6.75,2.15625,0.15625,0.078125,0.0625,0.5666666666666671,0.5175,0.5209190784639695,0.050148529713354276,0.37585206706658597,0.05,-0.5,6.599999999999999,2.0,13.0,1,1,1,1,4,42,0,1,9,4
2000992,1.0,0.05,0.75,-0.5710937499999998,-0.5499999999999998,0.021093750000000015,-6,21.09375,4.28125,0.109375,0.015625,0.078125,0.5898305084745769,0.5177966101694915,0.8864858656641759,0.05001324637579976,0.8729560554245374,0.05000000000000001,-0.050000000000000044,-0.4999999999999998,1.0,7.0,0,1,2,0,0,46,0,2,8,5
2000993,0.0,0.05,0.75,3.0990312499999995,3.0999999999999996,0.0009687500000000004,-1,0.96875,0.6875,0.09375,0.078125,0.109375,0.5754385964912285,0.5105263157894737,0.31643937743364753,0.050009419380154956,0.11995355759552423,0.049999999999999996,-0.6000000000000001,3.6999999999999993,3.0,8.0,1,1,2,0,2,43,1,0,7,7
2000994,1.0,0.05,0.75,-0.48037500000000105,-0.45000000000000107,0.03037500000000001,-9,30.375,4.71875,0.171875,0.03125,0.15625,0.5925925925925931,0.5388888888888888,0.9254326551086663,0.05436673980745131,0.9202850171251877,0.05,-0.050000000000000044,-0.39999999999999947,1.0,12.0,0,0,0,0,1,39,0,1,13,10
2000995,0.0,0.05,0.75,6.137890625,6.1499999999999995,0.012109375000000007,-6,12.109375,2.578125,0.140625,0.046875,0.0625,0.5900000000000005,0.5199999999999999,0.6811490833226981,0.05003538612078983,0.6368155144969061,0.05,-0.75,6.8999999999999995,3.0,9.0,0,1,3,0,1,43,0,1,11,4
2000996,0.0,0.05,0.75,4.446921874999999,4.449999999999999,0.0030781250000000023,-3,3.078125,1.421875,0.109375,0.0625,0.046875,0.5770491803278693,0.5147540983606557,0.5295337235666957,0.050006744328056234,0.3402579850539586,0.049999999999999996,-0.55,5.0,2.0,9.0,0,2,0,2,1,48,0,0,8,3
2000997,0.0,0.05,0.75,2.746078125,2.75,0.003921875000000003,2,3.921875,1.765625,0.09375,0.125,0.078125,0.5796610169491531,0.5101694915254237,0.44922696427846426,0.050113388201287336,0.026254564094354928,0.05000000000000001,-0.75,3.5,3.0,11.0,0,3,1,0,2,45,0,1,7,5
2000998,0.0,0.05,0.75,8.07815625,8.1,0.021843750000000012,-7,21.84375,4.34375,0.1875,0.078125,0.03125,0.5774193548387101,0.5169354838709677,0.6059088182874788,0.051145065931086225,0.5038051679486754,0.05,-0.55,8.649999999999999,2.0,15.0,0,2,1,0,5,44,0,0,10,2
2000999,1.0,0.05,0.75,-0.12095312500000233,-0.10000000000000231,0.020953125000000013,-8,20.953125,3.890625,0.171875,0.046875,0.140625,0.5890909090909097,0.5381818181818181,0.7971766089428522,0.05144781678569941,0.7826356610704172,0.049999999999999996,-0.7999999999999998,0.7000000000000002,4.0,10.0,0,0,2,0,1,36,0,2,14,9
2001000,0.0,0.05,0.75,5.038968749999999,5.049999999999999,0.011031250000000008,-3,11.03125,2.75,0.125,0.078125,0.15625,0.5814814814814819,0.5111111111111111,0.4028389905977664,0.050163343671264744,0.19216937337172,0.05000000000000001,-0.6000000000000001,5.6499999999999995,3.0,10.0,0,3,1,0,2,40,0,0,8,10
2001001,1.0,0.05,0.75,-0.3105781250000016,-0.3000000000000016,0.010578125000000004,-8,10.578125,2.265625,0.171875,0.046875,0.015625,0.5746031746031752,0.5142857142857141,0.8115684446572877,0.05015576386634721,0.7875806216100477,0.05000000000000002,-0.6000000000000001,0.3000000000000005,3.0,11.0,1,3,2,0,2,43,0,1,11,1
2001002,1.0,0.05,0.75,1.3894531250000004,1.4000000000000004,0.010546875000000006,-6,10.546875,2.484375,0.171875,0.078125,0.109375,0.5964912280701761,0.5263157894736841,0.8736168183706653,0.058652772276851395,0.787985602824543,0.049999999999999996,-0.44999999999999996,1.8499999999999999,3.0,13.0,0,0,2,0,1,42,0,0,12,7
2001003,1.0,0.05,0.75,0.08928124999999965,0.09999999999999964,0.010718750000000006,-7,10.71875,2.6875,0.15625,0.046875,0.046875,0.5868852459016399,0.5319672131147539,0.9235184427749479,0.050325679179825875,0.9102544912942245,0.05,-0.5,0.6000000000000001,4.0,9.0,0,0,1,0,3,43,0,1,13,3
2001004,1.0,0.05,0.75,0.2441875,0.25,0.005812500000000003,-5,5.8125,1.75,0.140625,0.0625,0.09375,0.5724137931034489,0.5206896551724137,0.6585634632836329,0.0500716322933719,0.5645769209370555,0.05,-0.3999999999999999,0.6500000000000001,2.0,11.0,0,4,0,0,2,40,0,2,10,6
2001005,1.0,0.05,0.75,0.08745312499999963,0.09999999999999964,0.01254687500000001,-5,12.546875,3.296875,0.109375,0.03125,0.0625,0.5700000000000004,0.5125,0.6941395486390284,0.050005785528978074,0.64025570936401,0.05,-0.7,0.8000000000000003,3.0,6.0,0,2,2,0,6,41,0,1,8,4
2001006,0.0,0.05,0.75,3.9482500000000003,3.95,0.0017500000000000013,0,1.75,1.15625,0.125,0.125,0.125,0.5928571428571434,0.5241071428571427,0.4939151660348604,0.050504100647299724,0.07157098739247646,0.05,-1.1,5.05,4.0,12.0,0,0,1,0,2,43,0,0,10,8
2001007,0.0,0.05,0.75,4.04696875,4.05,0.0030312500000000023,-2,3.03125,1.53125,0.109375,0.078125,0.09375,0.5793103448275867,0.518103448275862,0.4925510893813542,0.05002159719802222,0.24052367981412576,0.05,-0.35000000000000003,4.3999999999999995,1.0,11.0,0,1,0,0,5,44,0,0,8,6
2001008,1.0,0.05,0.75,-0.11864062500000144,-0.10000000000000142,0.018640625000000015,-8,18.640625,3.578125,0.171875,0.046875,0.03125,0.583870967741936,0.5266129032258063,0.8002086467999289,0.05020419090753813,0.7826356610704174,0.05,-0.7999999999999998,0.7000000000000002,4.0,10.0,0,0,1,0,5,44,0,0,12,2
2001009,1.0,0.05,0.75,-3.0127968749999994,-2.9499999999999993,0.06279687500000002,-12,62.796875,7.046875,0.1875,0.0,0.09375,0.5689655172413797,0.5310344827586205,0.9774680177846856,0.05102619732870855,0.9772051092348105,0.05,-0.5999999999999999,-2.3499999999999996,3.0,9.0,1,1,0,1,3,38,0,1,13,6
2001010,1.0,0.05,0.75,2.747499999999999,2.749999999999999,0.002500000000000002,-3,2.5,1.25,0.140625,0.09375,0.09375,0.5931034482758627,0.5336206896551723,0.6267982221706601,0.05057840435121567,0.3484241100993799,0.05,-0.25,3.0,2.0,13.0,0,0,1,0,1,42,0,1,13,6
2001011,1.0,0.05,0.75,1.6422968749999995,1.6499999999999995,0.007703125000000005,-5,7.703125,2.171875,0.15625,0.078125,0.078125,0.5864406779661022,0.5254237288135593,0.6647303082313389,0.05068413695510962,0.5138997452278041,0.05,-0.6499999999999999,2.3,4.0,11.0,1,1,1,0,1,42,0,0,13,5
2001012,1.0,0.05,0.75,2.997859374999999,2.999999999999999,0.002140625000000001,-1,2.140625,1.078125,0.109375,0.09375,0.109375,0.5824561403508777,0.518421052631579,0.7631463428876631,0.050146311748362114,0.28420006235885126,0.049999999999999996,-0.8,3.8,4.0,9.0,0,1,2,0,2,42,0,2,8,7
2001013,1.0,0.05,0.75,-1.0099531249999991,-0.9999999999999991,0.009953125000000007,-6,9.953125,2.765625,0.109375,0.015625,0.171875,0.5811320754716987,0.5169811320754717,0.8852362830007061,0.05004700038819977,0.8739848574165083,0.05,-0.44999999999999996,-0.55,3.0,5.0,0,1,3,0,2,37,0,2,8,11
2001014,1.0,0.05,0.75,0.8352499999999996,0.8499999999999996,0.01475000000000001,-6,14.75,3.125,0.140625,0.046875,0.0625,0.5766666666666672,0.52,0.9167659186546548,0.05048237206359037,0.877854572146713,0.05,-0.30000000000000004,1.1500000000000004,3.0,9.0,0,2,2,1,2,41,0,1,11,4
2001015,1.0,0.05,0.75,0.4619843749999982,0.4999999999999982,0.03801562500000002,-8,38.015625,5.671875,0.1875,0.0625,0.078125,0.5796610169491531,0.530508474576271,0.8568017337014355,0.05423184061830541,0.826820374421982,0.05,-0.25,0.7500000000000002,2.0,14.0,0,2,1,0,4,37,0,0,15,5
2001016,1.0,0.05,0.75,-0.21924999999999842,-0.1999999999999984,0.019250000000000007,-7,19.25,3.65625,0.15625,0.046875,0.0625,0.5833333333333338,0.5299999999999998,0.9008582075594169,0.050290797836008844,0.8815852049183565,0.05,-0.5999999999999999,0.3999999999999999,3.0,10.0,0,2,2,0,2,38,0,1,15,4
2001017,1.0,0.05,0.75,-2.4535625000000003,-2.4000000000000004,0.05356250000000001,-12,53.5625,6.5625,0.203125,0.015625,0.09375,0.5724137931034489,0.5258620689655171,0.9438590606578686,0.05189424205037709,0.9427534143239337,0.049999999999999996,-0.5999999999999999,-1.7999999999999998,3.0,11.0,1,1,2,0,5,35,0,0,14,6
2001018,0.0,0.05,0.75,3.74678125,3.75,0.003218750000000002,0,3.21875,1.5,0.09375,0.09375,0.09375,0.5965517241379317,0.5284482758620688,0.7521101911533649,0.05005041551037795,0.24793046917757725,0.05,-0.4,4.1499999999999995,2.0,10.0,0,0,1,0,1,44,0,0,12,6
2001019,0.0,0.05,0.75,1.7433437499999995,1.7499999999999996,0.006656250000000005,3,6.65625,2.40625,0.09375,0.140625,0.109375,0.5754385964912285,0.5078947368421053,0.262968158851051,0.05076993542070334,0.010677971130263619,0.05000000000000001,-1.4500000000000002,3.1999999999999997,6.0,9.0,1,2,2,0,3,41,0,0,8,7
2001020,1.0,0.05,0.75,-1.5112812499999992,-1.4499999999999993,0.061281250000000016,-11,61.28125,7.21875,0.1875,0.015625,0.109375,0.5789473684210531,0.5394736842105262,0.970728495354972,0.054190938733993714,0.9697077456531821,0.05000000000000001,-0.44999999999999996,-0.9999999999999996,3.0,10.0,0,0,0,0,4,38,0,2,13,7
2001021,1.0,0.05,0.75,2.783343749999998,2.799999999999998,0.016656250000000008,-4,16.65625,3.75,0.171875,0.109375,0.046875,0.5770491803278693,0.5295081967213114,0.772767236649275,0.05482814408113513,0.4503782960609441,0.05,-1.1999999999999997,3.9999999999999996,6.0,12.0,1,0,1,1,3,41,0,0,14,3
2001022,0.0,0.05,0.75,2.9961875,3.0,0.0038125000000000025,0,3.8125,1.75,0.078125,0.078125,0.09375,0.5931034482758627,0.5025862068965516,0.48058074310379045,0.05000653273324519,0.10989221261707914,0.05,-0.4,3.4000000000000004,2.0,8.0,0,0,4,0,2,47,0,0,5,6
2001023,1.0,0.05,0.75,0.32946874999999964,0.34999999999999964,0.020531250000000004,-8,20.53125,4.125,0.1875,0.0625,0.09375,0.5827586206896554,0.5284482758620688,0.9003333974582424,0.05765854243206528,0.8738303257357414,0.05,-0.44999999999999996,0.8,3.0,13.0,0,0,3,0,3,38,0,2,12,6
