episode,value,alpha,p,objective,profit,penalty,terminal_inventory,mean_q2,mean_abs_inventory,buy_rate,sell_rate,abstain_rate,mean_spread,mean_center,inferred_value,inferred_alpha,correct_value,correct_alpha,informed_profit,uninformed_profit,informed_exec,uninformed_exec,action_0,action_1,action_2,action_3,action_4,action_5,action_6,action_7,action_8,action_9
2000000,0.0,0.05,0.75,5.195359374999997,5.1999999999999975,0.004640625000000003,1,4.640625,1.953125,0.140625,0.15625,0.0,0.6000000000000008,0.5,0.49384210632179626,0.05114524567903626,0.011157321996915907,0.049999999999999996,-1.0,6.199999999999998,5.0,14.0,0,0,0,0,0,64,0,0,0,0
2000001,1.0,0.05,0.75,-2.303781249999994,-2.199999999999994,0.10378124999999998,-17,103.78125,8.84375,0.296875,0.03125,0.0,0.6000000000000008,0.5,0.9964611389307589,0.2343472783263729,0.9862934971294213,0.049999999999999996,-1.1999999999999997,-0.9999999999999993,6.0,15.0,0,0,0,0,0,64,0,0,0,0
2000002,0.0,0.05,0.75,3.5982968749999995,3.5999999999999996,0.001703125000000001,0,1.703125,1.015625,0.09375,0.09375,0.0,0.6000000000000008,0.5,0.5000000000000001,0.05000478619777177,0.07514543856401996,0.05,-0.4,4.0,2.0,10.0,0,0,0,0,0,64,0,0,0,0
2000003,0.0,0.05,0.75,3.598921875,3.5999999999999996,0.0010781250000000005,0,1.078125,0.796875,0.09375,0.09375,0.0,0.6000000000000008,0.5,0.5,0.05000478619777177,0.07514543856401991,0.049999999999999996,-0.6000000000000001,4.199999999999999,3.0,9.0,0,0,0,0,0,64,0,0,0,0
2000004,1.0,0.05,0.75,-1.0729999999999982,-0.9999999999999982,0.07300000000000004,-11,73.0,8.125,0.203125,0.03125,0.0,0.6000000000000008,0.5,0.9285487473296796,0.05170926207952019,0.9221237688883384,0.05000000000000001,-0.7999999999999998,-0.1999999999999995,4.0,11.0,0,0,0,0,0,64,0,0,0,0
2000005,1.0,0.05,0.75,0.5650625000000014,0.6000000000000014,0.03493750000000001,-9,34.9375,5.375,0.203125,0.0625,0.0,0.6000000000000008,0.5,0.798852455928303,0.0548144083598012,0.7375577503853925,0.05,-0.3999999999999999,1.0000000000000007,2.0,15.0,0,0,0,0,0,64,0,0,0,0
2000006,0.0,0.05,0.75,6.198171874999999,6.199999999999999,0.001828125000000001,-4,1.828125,1.015625,0.140625,0.078125,0.0,0.6000000000000008,0.5,0.5820510843804465,0.05008827563996598,0.2913521698257665,0.05,-0.8,6.999999999999999,4.0,10.0,0,0,0,0,0,64,0,0,0,0
2000007,1.0,0.05,0.75,0.9941874999999991,0.9999999999999991,0.005812500000000004,-4,5.8125,2.09375,0.109375,0.046875,0.0,0.6000000000000008,0.5,0.6491845032482676,0.05000436791979214,0.48698071289940525,0.05,0.0,1.0000000000000004,0.0,10.0,0,0,0,0,0,64,0,0,0,0
2000008,0.0,0.05,0.75,5.789624999999998,5.799999999999998,0.010375000000000007,-2,10.375,2.9375,0.140625,0.109375,0.0,0.6000000000000008,0.5,0.5198716207136878,0.05016692045054769,0.08890560802337871,0.05000000000000001,-0.8,6.599999999999999,4.0,12.0,0,0,0,0,0,64,0,0,0,0
2000009,1.0,0.05,0.75,-0.6427499999999979,-0.5999999999999979,0.04275000000000001,-12,42.75,5.15625,0.234375,0.046875,0.0,0.6000000000000008,0.5,0.9271429271556033,0.0695755554861821,0.9132472320601315,0.05,-1.1999999999999997,0.6000000000000005,6.0,12.0,0,0,0,0,0,64,0,0,0,0
2000010,0.0,0.05,0.75,5.598890624999998,5.599999999999999,0.0011093750000000003,-1,1.109375,0.671875,0.140625,0.125,0.0,0.6000000000000008,0.5,0.5074389876674194,0.05024930144343541,0.045382076259176916,0.05,-1.0,6.599999999999999,5.0,12.0,0,0,0,0,0,64,0,0,0,0
2000011,0.0,0.05,0.75,1.392078125,1.4000000000000001,0.007921875000000005,5,7.921875,2.484375,0.0625,0.140625,0.0,0.6000000000000008,0.5,0.35509018152451366,0.05006214701068843,0.005121937537539937,0.049999999999999996,-1.0,2.3999999999999995,5.0,8.0,0,0,0,0,0,64,0,0,0,0
2000012,0.0,0.05,0.75,5.987734374999998,5.999999999999998,0.012265625000000007,-3,12.265625,3.328125,0.140625,0.09375,0.0,0.6000000000000008,0.5,0.5424177906926505,0.050121253330144756,0.16687361614635485,0.05,-0.6000000000000001,6.599999999999999,3.0,12.0,0,0,0,0,0,64,0,0,0,0
2000013,1.0,0.05,0.75,-0.21184375000000108,-0.20000000000000107,0.011843750000000009,-7,11.84375,2.9375,0.140625,0.03125,0.0,0.6000000000000008,0.5,0.8174588959995317,0.050027708982299156,0.7804930691475499,0.05000000000000001,-0.3999999999999999,0.2000000000000004,2.0,9.0,0,0,0,0,0,64,0,0,0,0
2000014,0.0,0.05,0.75,7.578359374999998,7.599999999999998,0.021640625000000004,-5,21.640625,3.796875,0.171875,0.09375,0.0,0.6000000000000008,0.5,0.5817850072266044,0.05130956612497581,0.2676770658910384,0.04999999999999999,-0.6000000000000001,8.2,3.0,14.0,0,0,0,0,0,64,0,0,0,0
2000015,0.0,0.05,0.75,4.395687499999998,4.399999999999999,0.004312500000000003,-1,4.3125,1.8125,0.109375,0.09375,0.0,0.6000000000000008,0.5,0.5146511314643865,0.05001190817662921,0.09890446288834907,0.05,-0.8,5.199999999999999,4.0,9.0,0,0,0,0,0,64,0,0,0,0
2000016,1.0,0.05,0.75,2.353046875000004,2.400000000000004,0.04695312499999999,-9,46.953125,6.453125,0.25,0.109375,0.0,0.6000000000000008,0.5,0.896287579017687,0.22510738334468006,0.4447781353412309,0.05,-0.7999999999999998,3.200000000000001,4.0,19.0,0,0,0,0,0,64,0,0,0,0
2000017,1.0,0.05,0.75,-0.24667187499999577,-0.19999999999999574,0.04667187500000002,-13,46.671875,5.484375,0.265625,0.0625,0.0,0.6000000000000008,0.5,0.959093302181883,0.18213527604842952,0.903464844434331,0.05,-0.5999999999999999,0.4000000000000008,3.0,18.0,0,0,0,0,0,64,0,0,0,0
2000018,0.0,0.05,0.75,16.11160937500001,16.20000000000001,0.08839062499999997,-15,88.390625,8.859375,0.34375,0.109375,0.0,0.6000000000000008,0.5,0.9998852736439467,0.2997969400049837,0.8295911896228152,0.049999999999999996,-0.6000000000000001,16.800000000000008,3.0,26.0,0,0,0,0,0,64,0,0,0,0
2000019,0.0,0.05,0.75,5.398062499999998,5.399999999999999,0.0019375000000000009,0,1.9375,1.125,0.140625,0.140625,0.0,0.6000000000000008,0.5,0.49999999999999994,0.05046155470720612,0.022636021591953062,0.05,-1.2,6.599999999999999,6.0,12.0,0,0,0,0,0,64,0,0,0,0
2000020,1.0,0.05,0.75,-0.22192187500000107,-0.20000000000000107,0.021921874999999997,-7,21.921875,3.671875,0.140625,0.03125,0.0,0.6000000000000008,0.5,0.8174588959995314,0.05002770898229915,0.7804930691475499,0.05,-0.9999999999999998,0.8000000000000003,5.0,6.0,0,0,0,0,0,64,0,0,0,0
2000021,1.0,0.05,0.75,-1.0216093750000008,-1.0000000000000009,0.021609375000000014,-8,21.609375,4.046875,0.140625,0.015625,0.0,0.6000000000000008,0.5,0.8909465390647509,0.050019089348232765,0.8794958569741332,0.05,0.0,-0.9999999999999996,0.0,10.0,0,0,0,0,0,64,0,0,0,0
2000022,1.0,0.05,0.75,0.13164062500000281,0.20000000000000284,0.06835937500000003,-11,68.359375,7.328125,0.234375,0.0625,0.0,0.6000000000000008,0.5,0.8802605334225229,0.08314812725679836,0.836829085280479,0.05,-0.7999999999999998,1.0000000000000007,4.0,15.0,0,0,0,0,0,64,0,0,0,0
2000023,0.0,0.05,0.75,7.593093749999998,7.599999999999998,0.006906250000000004,-5,6.90625,2.28125,0.171875,0.09375,0.0,0.6000000000000008,0.5,0.5817850072266041,0.05130956612497581,0.2676770658910383,0.05,0.0,7.599999999999998,0.0,17.0,0,0,0,0,0,64,0,0,0,0
2000024,0.0,0.05,0.75,9.76075,9.8,0.03925000000000002,-10,39.25,5.71875,0.203125,0.046875,0.0,0.6000000000000008,0.5,0.8738066245602872,0.052810125959977944,0.8522597895823485,0.05000000000000001,-0.4,10.200000000000001,2.0,14.0,0,0,0,0,0,64,0,0,0,0
2000025,0.0,0.05,0.75,6.596828124999999,6.599999999999999,0.003171875000000002,-3,3.171875,1.640625,0.15625,0.109375,0.0,0.6000000000000008,0.5,0.5309316673271756,0.05055259765120857,0.11646736457120152,0.05,-0.8,7.399999999999999,4.0,13.0,0,0,0,0,0,64,0,0,0,0
2000026,0.0,0.05,0.75,6.19578125,6.199999999999999,0.004218750000000002,-4,4.21875,1.59375,0.140625,0.078125,0.0,0.6000000000000008,0.5,0.5820510843804466,0.050088275639965985,0.29135216982576745,0.049999999999999996,-0.8,6.999999999999999,4.0,10.0,0,0,0,0,0,64,0,0,0,0
2000027,0.0,0.05,0.75,10.941921875000002,11.000000000000002,0.05807812500000002,-13,58.078125,6.421875,0.21875,0.015625,0.0,0.6000000000000008,0.5,0.9717207447127014,0.053189554172185086,0.9704430981963797,0.05,-0.2,11.200000000000001,1.0,14.0,0,0,0,0,0,64,0,0,0,0
2000028,0.0,0.05,0.75,11.534562500000002,11.600000000000001,0.06543750000000001,-13,65.4375,7.1875,0.234375,0.03125,0.0,0.6000000000000008,0.5,0.9599239648268093,0.062220852937964415,0.9557680118210874,0.05,-0.2,11.800000000000002,1.0,16.0,0,0,0,0,0,64,0,0,0,0
2000029,0.0,0.05,0.75,6.195687499999998,6.199999999999998,0.004312500000000003,-4,4.3125,1.78125,0.140625,0.078125,0.0,0.6000000000000008,0.5,0.5820510843804471,0.050088275639965985,0.29135216982576706,0.05,-0.4,6.599999999999999,2.0,12.0,0,0,0,0,0,64,0,0,0,0
2000030,1.0,0.05,0.75,-0.8189687500000007,-0.8000000000000007,0.018968750000000006,-7,18.96875,3.40625,0.125,0.015625,0.0,0.6000000000000008,0.5,0.8616799930132595,0.05000666240664717,0.8438174369361429,0.049999999999999996,-0.7999999999999998,2.220446049250313e-16,4.0,5.0,0,0,0,0,0,64,0,0,0,0
2000031,0.0,0.05,0.75,5.793078124999998,5.799999999999998,0.006921875000000003,-2,6.921875,2.265625,0.140625,0.109375,0.0,0.6000000000000008,0.5,0.5198716207136874,0.050166920450547686,0.08890560802337863,0.05000000000000001,-1.0,6.799999999999999,5.0,11.0,0,0,0,0,0,64,0,0,0,0
2000032,1.0,0.05,0.75,-0.8403906250000007,-0.8000000000000007,0.040390625000000006,-10,40.390625,5.734375,0.1875,0.03125,0.0,0.6000000000000008,0.5,0.9075571880204224,0.05062267802940902,0.8975969384928342,0.05000000000000001,-0.19999999999999996,-0.5999999999999994,1.0,13.0,0,0,0,0,0,64,0,0,0,0
2000033,0.0,0.05,0.75,5.199484374999998,5.199999999999998,0.0005156250000000002,1,0.515625,0.484375,0.140625,0.15625,0.0,0.6000000000000008,0.5,0.49384210632179626,0.051145245679036264,0.011157321996915888,0.049999999999999996,-1.9999999999999998,7.199999999999999,10.0,9.0,0,0,0,0,0,64,0,0,0,0
2000034,1.0,0.05,0.75,-1.4552187499999987,-1.3999999999999986,0.055218750000000025,-13,55.21875,6.8125,0.234375,0.03125,0.0,0.6000000000000008,0.5,0.959923964826809,0.06222085293796443,0.9557680118210874,0.05,-0.7999999999999998,-0.5999999999999994,4.0,13.0,0,0,0,0,0,64,0,0,0,0
2000035,1.0,0.05,0.75,3.9957499999999984,3.9999999999999982,0.004250000000000002,-1,4.25,1.46875,0.125,0.109375,0.0,0.6000000000000008,0.5,0.5103289842306697,0.050054352167420955,0.067368950751982,0.05,-0.19999999999999996,4.199999999999999,1.0,14.0,0,0,0,0,0,64,0,0,0,0
2000036,1.0,0.05,0.75,-1.2793281249999975,-1.1999999999999975,0.07932812500000003,-12,79.328125,8.328125,0.21875,0.03125,0.0,0.6000000000000008,0.5,0.945736875849721,0.05462563674246575,0.9411611939940018,0.049999999999999996,-1.1999999999999997,4.440892098500626e-16,6.0,10.0,0,0,0,0,0,64,0,0,0,0
2000037,0.0,0.05,0.75,10.769640625000001,10.8,0.03035937500000001,-9,30.359375,5.078125,0.234375,0.09375,0.0,0.6000000000000008,0.5,0.7951888132057597,0.13083677899142102,0.5489864331480001,0.05,-0.8,11.600000000000003,4.0,17.0,0,0,0,0,0,64,0,0,0,0
2000038,1.0,0.05,0.75,2.5870312499999977,2.599999999999998,0.01296875000000001,-5,12.96875,3.15625,0.171875,0.09375,0.0,0.6000000000000008,0.5,0.5817850072266043,0.05130956612497581,0.2676770658910389,0.05000000000000001,-0.5999999999999999,3.1999999999999993,3.0,14.0,0,0,0,0,0,64,0,0,0,0
2000039,1.0,0.05,0.75,-3.552171874999995,-3.399999999999995,0.152171875,-20,152.171875,10.765625,0.328125,0.015625,0.0,0.6000000000000008,0.5,0.9997858367611072,0.28544423298394805,0.9963036806880905,0.049999999999999996,-0.7999999999999998,-2.5999999999999996,4.0,18.0,0,0,0,0,0,64,0,0,0,0
2000040,1.0,0.05,0.75,2.796578124999998,2.799999999999998,0.003421875000000002,-4,3.421875,1.578125,0.15625,0.09375,0.0,0.6000000000000008,0.5,0.5599104325748355,0.05040260934408089,0.21295669090179656,0.049999999999999996,-0.19999999999999996,2.999999999999999,1.0,15.0,0,0,0,0,0,64,0,0,0,0
2000041,0.0,0.05,0.75,6.595640624999998,6.599999999999998,0.004359375000000003,-3,4.359375,1.703125,0.15625,0.109375,0.0,0.6000000000000008,0.5,0.5309316673271759,0.05055259765120858,0.11646736457120162,0.05,-0.8,7.399999999999999,4.0,13.0,0,0,0,0,0,64,0,0,0,0
2000042,1.0,0.05,0.75,-0.6405312499999979,-0.5999999999999979,0.04053125000000002,-12,40.53125,4.71875,0.234375,0.046875,0.0,0.6000000000000008,0.5,0.9271429271556033,0.06957555548618208,0.9132472320601314,0.05,-0.3999999999999999,-0.1999999999999993,2.0,16.0,0,0,0,0,0,64,0,0,0,0
2000043,0.0,0.05,0.75,5.784734375,5.8,0.01526562500000001,1,15.265625,3.484375,0.15625,0.171875,0.0,0.6000000000000008,0.5,0.4912082397127079,0.05521169939849336,0.007370969272363861,0.05000000000000001,-1.0,6.799999999999999,5.0,16.0,0,0,0,0,0,64,0,0,0,0
2000044,1.0,0.05,0.75,4.596609375,4.6,0.003390625000000002,2,3.390625,1.453125,0.078125,0.109375,0.0,0.6000000000000008,0.5,0.4606497070896937,0.05000809642375341,0.028468156513122234,0.05000000000000001,-0.5999999999999999,5.199999999999999,3.0,9.0,0,0,0,0,0,64,0,0,0,0
2000045,0.0,0.05,0.75,6.395031249999998,6.399999999999998,0.004968750000000003,-2,4.96875,2.03125,0.15625,0.125,0.0,0.6000000000000008,0.5,0.5149674908201576,0.050763423348139616,0.06034471064474152,0.049999999999999996,-0.4,6.799999999999998,2.0,16.0,0,0,0,0,0,64,0,0,0,0
2000046,1.0,0.05,0.75,-1.0361249999999982,-0.9999999999999982,0.036125000000000004,-11,36.125,4.71875,0.203125,0.03125,0.0,0.6000000000000008,0.5,0.9285487473296794,0.05170926207952019,0.9221237688883382,0.049999999999999996,-1.1999999999999997,0.2000000000000004,6.0,9.0,0,0,0,0,0,64,0,0,0,0
2000047,0.0,0.05,0.75,6.794874999999999,6.799999999999999,0.005125000000000004,-4,5.125,1.71875,0.15625,0.09375,0.0,0.6000000000000008,0.5,0.5599104325748353,0.050402609344080904,0.21295669090179736,0.05,-0.6000000000000001,7.399999999999999,3.0,13.0,0,0,0,0,0,64,0,0,0,0
2000048,1.0,0.05,0.75,-1.232640625000001,-1.200000000000001,0.03264062499999999,-9,32.640625,5.109375,0.15625,0.015625,0.0,0.6000000000000008,0.5,0.9150813840118805,0.050053983018575755,0.9079133425013745,0.05000000000000001,-0.7999999999999998,-0.3999999999999997,4.0,7.0,0,0,0,0,0,64,0,0,0,0
2000049,1.0,0.05,0.75,-1.4318437500000003,-1.4000000000000004,0.03184375000000001,-10,31.84375,4.21875,0.171875,0.015625,0.0,0.6000000000000008,0.5,0.9345749610278491,0.05015120353908667,0.9301615151943896,0.05000000000000001,-0.5999999999999999,-0.7999999999999996,3.0,9.0,0,0,0,0,0,64,0,0,0,0
2000050,0.0,0.05,0.75,4.39840625,4.3999999999999995,0.0015937500000000012,-1,1.59375,1.0625,0.109375,0.09375,0.0,0.6000000000000008,0.5,0.514651131464387,0.050011908176629226,0.09890446288834855,0.05,-0.4,4.8,2.0,11.0,0,0,0,0,0,64,0,0,0,0
2000051,0.0,0.05,0.75,1.3768125000000004,1.4000000000000004,0.02318749999999999,5,23.1875,4.375,0.0625,0.140625,0.0,0.6000000000000008,0.5,0.3550901815245137,0.05006214701068844,0.005121937537539955,0.049999999999999996,-0.8,2.2,4.0,9.0,0,0,0,0,0,64,0,0,0,0
2000052,0.0,0.05,0.75,12.539656250000004,12.600000000000003,0.06034375000000002,-12,60.34375,7.21875,0.265625,0.078125,0.0,0.6000000000000008,0.5,0.9525732005511969,0.2204638262007077,0.8201268707009604,0.05,-0.4,13.000000000000005,2.0,20.0,0,0,0,0,0,64,0,0,0,0
2000053,0.0,0.05,0.75,2.3915312499999994,2.3999999999999995,0.008468750000000006,3,8.46875,2.71875,0.078125,0.125,0.0,0.6000000000000008,0.5,0.4408364329403084,0.05002673902936359,0.01407457741548002,0.05000000000000001,-1.2,3.5999999999999996,6.0,7.0,0,0,0,0,0,64,0,0,0,0
2000054,1.0,0.05,0.75,-1.234296875000001,-1.200000000000001,0.03429687499999999,-9,34.296875,4.671875,0.15625,0.015625,0.0,0.6000000000000008,0.5,0.9150813840118804,0.05005398301857576,0.9079133425013741,0.05,-0.5999999999999999,-0.5999999999999996,3.0,8.0,0,0,0,0,0,64,0,0,0,0
2000055,0.0,0.05,0.75,5.395312499999998,5.399999999999999,0.004687500000000003,-3,4.6875,1.90625,0.125,0.078125,0.0,0.6000000000000008,0.5,0.5591635670596921,0.050026739029363596,0.2333340424873628,0.05000000000000002,-0.6000000000000001,5.999999999999999,3.0,10.0,0,0,0,0,0,64,0,0,0,0
2000056,1.0,0.05,0.75,5.193656249999998,5.199999999999998,0.006343750000000003,-1,6.34375,2.125,0.15625,0.140625,0.0,0.6000000000000008,0.5,0.5061578936782042,0.05114524567903628,0.03033753057260736,0.05000000000000001,-0.5999999999999999,5.799999999999998,3.0,16.0,0,0,0,0,0,64,0,0,0,0
2000057,1.0,0.05,0.75,0.18549999999999928,0.1999999999999993,0.01450000000000001,-8,14.5,3.03125,0.171875,0.046875,0.0,0.6000000000000008,0.5,0.8068709521668112,0.050359225407098536,0.7596803231267497,0.05,-0.7999999999999998,1.0000000000000004,4.0,10.0,0,0,0,0,0,64,0,0,0,0
2000058,0.0,0.05,0.75,3.3975781249999994,3.3999999999999995,0.0024218750000000013,4,2.421875,1.296875,0.109375,0.171875,0.0,0.6000000000000008,0.5,0.4542698335361346,0.05183566360287658,0.0030031967513645917,0.049999999999999996,-1.2,4.6,6.0,12.0,0,0,0,0,0,64,0,0,0,0
2000059,1.0,0.05,0.75,-0.0708749999999965,3.552713678800501e-15,0.07087500000000005,-12,70.875,8.03125,0.25,0.0625,0.0,0.6000000000000008,0.5,0.9221537399373088,0.12350420316252439,0.8738652928590375,0.05000000000000001,-0.7999999999999998,0.8000000000000007,4.0,16.0,0,0,0,0,0,64,0,0,0,0
2000060,0.0,0.05,0.75,2.595640625,2.6,0.004359375000000003,2,4.359375,1.828125,0.078125,0.109375,0.0,0.6000000000000008,0.5,0.4606497070896939,0.05000809642375341,0.02846815651312218,0.05,-0.4,2.999999999999999,2.0,10.0,0,0,0,0,0,64,0,0,0,0
2000061,1.0,0.05,0.75,-1.0350625,-1.0,0.03506250000000001,-11,35.0625,5.09375,0.203125,0.03125,0.0,0.6000000000000008,0.5,0.9285487473296795,0.05170926207952019,0.9221237688883385,0.049999999999999996,-0.7999999999999998,-0.1999999999999995,4.0,11.0,0,0,0,0,0,64,0,0,0,0
2000062,1.0,0.05,0.75,3.178140625000003,3.200000000000003,0.02185937500000001,-8,21.859375,4.359375,0.25,0.125,0.0,0.6000000000000008,0.5,0.9125968957565181,0.2463246292668953,0.28071557987231216,0.05000000000000002,-0.3999999999999999,3.5999999999999996,2.0,22.0,0,0,0,0,0,64,0,0,0,0
2000063,1.0,0.05,0.75,-0.8322656250000007,-0.8000000000000007,0.03226562500000001,-10,32.265625,4.703125,0.1875,0.03125,0.0,0.6000000000000008,0.5,0.907557188020423,0.05062267802940902,0.8975969384928342,0.05000000000000001,-0.5999999999999999,-0.1999999999999995,3.0,11.0,0,0,0,0,0,64,0,0,0,0
2000064,0.0,0.05,0.75,5.997718749999998,5.999999999999998,0.0022812500000000016,0,2.28125,1.28125,0.15625,0.15625,0.0,0.6000000000000008,0.5,0.4999999999999997,0.05212110056818719,0.015013396627258986,0.049999999999999996,-1.0,6.999999999999999,5.0,15.0,0,0,0,0,0,64,0,0,0,0
2000065,1.0,0.05,0.75,3.3906406249999987,3.3999999999999986,0.009359375000000005,-4,9.359375,2.484375,0.171875,0.109375,0.0,0.6000000000000008,0.5,0.5457301664638663,0.05183566360287657,0.15115600426096124,0.05,-0.9999999999999998,4.3999999999999995,5.0,13.0,0,0,0,0,0,64,0,0,0,0
2000066,1.0,0.05,0.75,-0.6448906250000015,-0.6000000000000014,0.04489062500000002,-9,44.890625,6.296875,0.171875,0.03125,0.0,0.6000000000000008,0.5,0.8821756833697579,0.05022403420085195,0.8664641044636608,0.05000000000000001,0.0,-0.5999999999999994,0.0,13.0,0,0,0,0,0,64,0,0,0,0
2000067,0.0,0.05,0.75,5.999328124999998,5.999999999999998,0.0006718750000000003,0,0.671875,0.515625,0.15625,0.15625,0.0,0.6000000000000008,0.5,0.5000000000000001,0.052121100568187195,0.015013396627259092,0.05,-1.2,7.199999999999998,6.0,14.0,0,0,0,0,0,64,0,0,0,0
2000068,0.0,0.05,0.75,5.998578124999999,5.999999999999999,0.0014218750000000008,-3,1.421875,0.828125,0.140625,0.09375,0.0,0.6000000000000008,0.5,0.5424177906926512,0.050121253330144756,0.16687361614635396,0.05,-0.6000000000000001,6.599999999999999,3.0,12.0,0,0,0,0,0,64,0,0,0,0
2000069,1.0,0.05,0.75,-2.720046874999996,-2.599999999999996,0.12004687500000001,-16,120.046875,10.171875,0.265625,0.015625,0.0,0.6000000000000008,0.5,0.9905490244281839,0.10359203299050182,0.9877958254356877,0.05,-1.1999999999999997,-1.3999999999999995,6.0,12.0,0,0,0,0,0,64,0,0,0,0
2000070,0.0,0.05,0.75,3.985406249999999,3.999999999999999,0.01459375000000001,4,14.59375,3.53125,0.125,0.1875,0.0,0.6000000000000008,0.5,0.45461299200122446,0.058226494580404346,0.0019784942064103124,0.05000000000000001,-1.5999999999999999,5.599999999999999,8.0,12.0,0,0,0,0,0,64,0,0,0,0
2000071,1.0,0.05,0.75,1.1916562499999992,1.1999999999999993,0.008343750000000006,-6,8.34375,2.5625,0.15625,0.0625,0.0,0.6000000000000008,0.5,0.6811244536400776,0.05019254820704264,0.5327159086609197,0.05,-0.19999999999999996,1.4000000000000004,1.0,13.0,0,0,0,0,0,64,0,0,0,0
2000072,0.0,0.05,0.75,6.193640625,6.199999999999999,0.006359375000000002,-1,6.359375,1.828125,0.15625,0.140625,0.0,0.6000000000000008,0.5,0.5061578936782036,0.05114524567903626,0.030337530572607616,0.05000000000000001,-0.8,6.999999999999999,4.0,15.0,0,0,0,0,0,64,0,0,0,0
2000073,0.0,0.05,0.75,2.5940156250000004,2.6000000000000005,0.005984375000000004,2,5.984375,2.046875,0.078125,0.109375,0.0,0.6000000000000008,0.5,0.4606497070896938,0.05000809642375342,0.028468156513122282,0.049999999999999996,-0.8,3.4000000000000004,4.0,8.0,0,0,0,0,0,64,0,0,0,0
2000074,1.0,0.05,0.75,-0.8470156250000007,-0.8000000000000007,0.047015625000000026,-10,47.015625,6.046875,0.1875,0.03125,0.0,0.6000000000000008,0.5,0.9075571880204228,0.05062267802940903,0.8975969384928342,0.05000000000000001,-0.7999999999999998,4.440892098500626e-16,4.0,10.0,0,0,0,0,0,64,0,0,0,0
2000075,0.0,0.05,0.75,8.386624999999999,8.399999999999999,0.01337500000000001,-6,13.375,3.25,0.1875,0.09375,0.0,0.6000000000000008,0.5,0.6102520760939585,0.054131682550927845,0.33055274228216597,0.05,-1.0,9.4,5.0,13.0,0,0,0,0,0,64,0,0,0,0
2000076,1.0,0.05,0.75,-1.04084375,-1.0,0.04084375000000002,-11,40.84375,5.78125,0.203125,0.03125,0.0,0.6000000000000008,0.5,0.9285487473296795,0.05170926207952019,0.9221237688883385,0.049999999999999996,-0.5999999999999999,-0.39999999999999947,3.0,12.0,0,0,0,0,0,64,0,0,0,0
2000077,0.0,0.05,0.75,4.199078124999999,4.199999999999999,0.0009218750000000004,0,0.921875,0.671875,0.109375,0.109375,0.0,0.6000000000000008,0.5,0.5000000000000002,0.05002184773109631,0.05075871982844281,0.05,-0.4,4.6,2.0,12.0,0,0,0,0,0,64,0,0,0,0
2000078,1.0,0.05,0.75,3.3967812499999988,3.3999999999999986,0.003218750000000002,-4,3.21875,1.5,0.171875,0.109375,0.0,0.6000000000000008,0.5,0.5457301664638657,0.05183566360287657,0.15115600426096104,0.05,-0.3999999999999999,3.799999999999999,2.0,16.0,0,0,0,0,0,64,0,0,0,0
2000079,1.0,0.05,0.75,0.5876093749999988,0.5999999999999988,0.01239062500000001,-6,12.390625,3.234375,0.140625,0.046875,0.0,0.6000000000000008,0.5,0.7287317863791397,0.05004189622333955,0.634000873470428,0.05,-0.9999999999999998,1.6000000000000003,5.0,7.0,0,0,0,0,0,64,0,0,0,0
2000080,1.0,0.05,0.75,1.3865156249999986,1.3999999999999986,0.013484375000000007,-8,13.484375,3.109375,0.203125,0.078125,0.0,0.6000000000000008,0.5,0.7175687662110934,0.0580006670652652,0.5779078245490412,0.05,-0.5999999999999999,1.9999999999999993,3.0,15.0,0,0,0,0,0,64,0,0,0,0
2000081,0.0,0.05,0.75,4.399265624999999,4.3999999999999995,0.0007343750000000005,-1,0.734375,0.734375,0.109375,0.09375,0.0,0.6000000000000008,0.5,0.5146511314643867,0.05001190817662922,0.09890446288834845,0.049999999999999996,-0.2,4.6,1.0,12.0,0,0,0,0,0,64,0,0,0,0
2000082,0.0,0.05,0.75,9.986296875,10.0,0.013703125000000007,-8,13.703125,2.890625,0.21875,0.09375,0.0,0.6000000000000008,0.5,0.7095074221138918,0.0844808632805538,0.47397906818174296,0.05,-0.2,10.200000000000001,1.0,19.0,0,0,0,0,0,64,0,0,0,0
2000083,0.0,0.05,0.75,8.192515624999997,8.199999999999998,0.007484375000000004,-5,7.484375,2.328125,0.1875,0.109375,0.0,0.6000000000000008,0.5,0.5681755402368036,0.05593684684619166,0.1939088189945677,0.05,-1.0,9.2,5.0,14.0,0,0,0,0,0,64,0,0,0,0
2000084,1.0,0.05,0.75,0.5882968749999987,0.5999999999999988,0.011703125000000007,-6,11.703125,2.671875,0.140625,0.046875,0.0,0.6000000000000008,0.5,0.7287317863791395,0.05004189622333955,0.6340008734704273,0.05,-0.3999999999999999,1.0000000000000004,2.0,10.0,0,0,0,0,0,64,0,0,0,0
2000085,1.0,0.05,0.75,-0.6356406249999978,-0.5999999999999979,0.035640625000000016,-12,35.640625,5.046875,0.234375,0.046875,0.0,0.6000000000000008,0.5,0.9271429271556035,0.06957555548618213,0.9132472320601313,0.05,-0.5999999999999999,6.661338147750939e-16,3.0,15.0,0,0,0,0,0,64,0,0,0,0
2000086,1.0,0.05,0.75,1.1636093750000012,1.200000000000001,0.036390624999999996,-9,36.390625,4.859375,0.21875,0.078125,0.0,0.6000000000000008,0.5,0.7679812723882411,0.0720603626821526,0.6490679558475323,0.05000000000000001,-0.3999999999999999,1.6000000000000008,2.0,17.0,0,0,0,0,0,64,0,0,0,0
2000087,1.0,0.05,0.75,0.18259374999999928,0.1999999999999993,0.01740625000000001,-8,17.40625,3.5625,0.171875,0.046875,0.0,0.6000000000000008,0.5,0.8068709521668117,0.050359225407098536,0.7596803231267488,0.05,-0.7999999999999998,1.0000000000000004,4.0,10.0,0,0,0,0,0,64,0,0,0,0
2000088,0.0,0.05,0.75,3.7984687499999987,3.799999999999999,0.001531250000000001,2,1.53125,1.03125,0.109375,0.140625,0.0,0.6000000000000008,0.5,0.48012837928631263,0.050166920450547686,0.012532418200495379,0.05000000000000001,-0.8,4.6,4.0,12.0,0,0,0,0,0,64,0,0,0,0
2000089,0.0,0.05,0.75,2.598921875,2.5999999999999996,0.0010781250000000005,2,1.078125,0.734375,0.078125,0.109375,0.0,0.6000000000000008,0.5,0.4606497070896944,0.050008096423753416,0.028468156513122372,0.05,-1.0,3.5999999999999996,5.0,7.0,0,0,0,0,0,64,0,0,0,0
2000090,1.0,0.05,0.75,-0.8149843750000008,-0.8000000000000007,0.014984375000000003,-10,14.984375,2.984375,0.1875,0.03125,0.0,0.6000000000000008,0.5,0.907557188020423,0.05062267802940903,0.8975969384928341,0.05,-0.19999999999999996,-0.5999999999999994,1.0,13.0,0,0,0,0,0,64,0,0,0,0
2000091,0.0,0.05,0.75,4.799421874999999,4.799999999999999,0.0005781250000000002,0,0.578125,0.453125,0.125,0.125,0.0,0.6000000000000008,0.5,0.5000000000000002,0.050100257504396443,0.0339952447081687,0.05,-1.2,5.999999999999999,6.0,10.0,0,0,0,0,0,64,0,0,0,0
2000092,0.0,0.05,0.75,4.7955468749999985,4.799999999999999,0.004453125000000003,3,4.453125,1.859375,0.140625,0.1875,0.0,0.6000000000000008,0.5,0.4648134713382723,0.061176188211731215,0.00267084857412264,0.05,-1.5999999999999999,6.399999999999999,8.0,13.0,0,0,0,0,0,64,0,0,0,0
2000093,0.0,0.05,0.75,2.998562499999999,2.999999999999999,0.0014375000000000008,0,1.4375,0.96875,0.078125,0.078125,0.0,0.6000000000000008,0.5,0.4999999999999997,0.05000105616558371,0.10989221261708003,0.05,-0.4,3.3999999999999995,2.0,8.0,0,0,0,0,0,64,0,0,0,0
2000094,0.0,0.05,0.75,9.388046874999999,9.399999999999999,0.011953125000000009,-8,11.953125,3.046875,0.203125,0.078125,0.0,0.6000000000000008,0.5,0.7175687662110937,0.058000667065265195,0.5779078245490409,0.05,-0.6000000000000001,10.0,3.0,15.0,0,0,0,0,0,64,0,0,0,0
2000095,0.0,0.05,0.75,4.597312499999998,4.599999999999999,0.002687500000000002,1,2.6875,1.40625,0.125,0.140625,0.0,0.6000000000000008,0.5,0.49256101233258087,0.0502493014434354,0.01685563795369665,0.04999999999999999,-0.8,5.3999999999999995,4.0,13.0,0,0,0,0,0,64,0,0,0,0
2000096,0.0,0.05,0.75,7.786640624999998,7.799999999999998,0.01335937500000001,-6,13.359375,3.296875,0.171875,0.078125,0.0,0.6000000000000008,0.5,0.6399281590248663,0.05089546523590178,0.4286606795091209,0.05,-0.8,8.6,4.0,12.0,0,0,0,0,0,64,0,0,0,0
2000097,0.0,0.05,0.75,6.7891249999999985,6.799999999999999,0.010875000000000006,-1,10.875,2.6875,0.171875,0.15625,0.0,0.6000000000000008,0.5,0.5087917602872918,0.05521169939849339,0.020174976173930766,0.05,-1.4,8.2,7.0,14.0,0,0,0,0,0,64,0,0,0,0
2000098,0.0,0.05,0.75,5.397187499999999,5.3999999999999995,0.0028125000000000016,-3,2.8125,1.21875,0.125,0.078125,0.0,0.6000000000000008,0.5,0.5591635670596918,0.0500267390293636,0.23333404248736359,0.05,-0.6000000000000001,5.999999999999999,3.0,10.0,0,0,0,0,0,64,0,0,0,0
2000099,0.0,0.05,0.75,6.9791406249999985,6.999999999999998,0.020859375000000013,-5,20.859375,4.140625,0.15625,0.078125,0.0,0.6000000000000008,0.5,0.6088383653706763,0.05028505007189022,0.35707739635299124,0.04999999999999999,-0.8,7.799999999999999,4.0,11.0,0,0,0,0,0,64,0,0,0,0
2000100,1.0,0.05,0.75,1.5833437499999978,1.5999999999999979,0.016656250000000008,-7,16.65625,3.34375,0.1875,0.078125,0.0,0.6000000000000008,0.5,0.6757761507604989,0.05272865993452382,0.5033590778162527,0.05000000000000002,-0.5999999999999999,2.2,3.0,14.0,0,0,0,0,0,64,0,0,0,0
2000101,1.0,0.05,0.75,0.1675468749999993,0.1999999999999993,0.032453125000000006,-8,32.453125,4.984375,0.171875,0.046875,0.0,0.6000000000000008,0.5,0.8068709521668115,0.05035922540709852,0.7596803231267494,0.05,-0.3999999999999999,0.6000000000000005,2.0,12.0,0,0,0,0,0,64,0,0,0,0
2000102,1.0,0.05,0.75,-1.4298281250000004,-1.4000000000000004,0.02982812500000002,-10,29.828125,4.671875,0.171875,0.015625,0.0,0.6000000000000008,0.5,0.9345749610278491,0.05015120353908666,0.9301615151943896,0.05000000000000001,-0.3999999999999999,-0.9999999999999996,2.0,10.0,0,0,0,0,0,64,0,0,0,0
2000103,1.0,0.05,0.75,0.1785468749999993,0.1999999999999993,0.021453125,-5,21.453125,3.796875,0.109375,0.03125,0.0,0.6000000000000008,0.5,0.7370439138631398,0.0500031416443533,0.6608386470530988,0.05,-0.19999999999999996,0.40000000000000036,1.0,8.0,0,0,0,0,0,64,0,0,0,0
2000104,1.0,0.05,0.75,2.782453124999998,2.799999999999998,0.017546875000000007,-4,17.546875,3.921875,0.15625,0.09375,0.0,0.6000000000000008,0.5,0.5599104325748346,0.050402609344080904,0.21295669090179656,0.049999999999999996,-0.3999999999999999,3.2,2.0,14.0,0,0,0,0,0,64,0,0,0,0
2000105,1.0,0.05,0.75,-1.0440937499999965,-0.9999999999999964,0.04409375000000002,-14,44.09375,5.875,0.265625,0.046875,0.0,0.6000000000000008,0.5,0.9710539315296709,0.14520714455417766,0.9505205625762088,0.049999999999999996,-0.9999999999999998,6.661338147750939e-16,5.0,15.0,0,0,0,0,0,64,0,0,0,0
2000106,1.0,0.05,0.75,-1.03628125,-1.0,0.036281250000000015,-11,36.28125,5.125,0.203125,0.03125,0.0,0.6000000000000008,0.5,0.9285487473296795,0.051709262079520174,0.9221237688883385,0.05,-0.3999999999999999,-0.5999999999999994,2.0,13.0,0,0,0,0,0,64,0,0,0,0
2000107,0.0,0.05,0.75,4.5954999999999995,4.6,0.004500000000000003,-2,4.5,1.9375,0.109375,0.078125,0.0,0.6000000000000008,0.5,0.5393502929103067,0.050008096423753416,0.18387156262181809,0.05,-0.6000000000000001,5.199999999999999,3.0,9.0,0,0,0,0,0,64,0,0,0,0
2000108,1.0,0.05,0.75,-0.6420156249999979,-0.5999999999999979,0.042015625000000015,-12,42.015625,5.703125,0.234375,0.046875,0.0,0.6000000000000008,0.5,0.9271429271556035,0.06957555548618212,0.9132472320601316,0.05,-0.5999999999999999,6.661338147750939e-16,3.0,15.0,0,0,0,0,0,64,0,0,0,0
2000109,1.0,0.05,0.75,-0.024031250000000007,0.0,0.024031250000000007,-9,24.03125,4.375,0.1875,0.046875,0.0,0.6000000000000008,0.5,0.8421206710105099,0.05101574772905402,0.8102571369822891,0.05,-0.5999999999999999,0.6000000000000005,3.0,12.0,0,0,0,0,0,64,0,0,0,0
2000110,1.0,0.05,0.75,1.3953593749999986,1.3999999999999986,0.004640625000000003,-5,4.640625,1.609375,0.140625,0.0625,0.0,0.6000000000000008,0.5,0.6449098184754866,0.05006214701068844,0.4576757063549412,0.05,-0.3999999999999999,1.8,2.0,11.0,0,0,0,0,0,64,0,0,0,0
2000111,0.0,0.05,0.75,6.38796875,6.3999999999999995,0.012031250000000009,-5,12.03125,3.125,0.140625,0.0625,0.0,0.6000000000000008,0.5,0.6449098184754869,0.05006214701068843,0.45767570635494087,0.05,-0.8,7.199999999999999,4.0,9.0,0,0,0,0,0,64,0,0,0,0
2000112,1.0,0.05,0.75,1.1912187499999984,1.1999999999999984,0.008781250000000006,-6,8.78125,2.4375,0.15625,0.0625,0.0,0.6000000000000008,0.5,0.6811244536400769,0.05019254820704264,0.53271590866092,0.05,-0.3999999999999999,1.6,2.0,12.0,0,0,0,0,0,64,0,0,0,0
2000113,0.0,0.05,0.75,3.7991249999999988,3.799999999999999,0.0008750000000000003,2,0.875,0.59375,0.109375,0.140625,0.0,0.6000000000000008,0.5,0.4801283792863124,0.050166920450547686,0.012532418200495445,0.05000000000000001,-0.8,4.599999999999999,4.0,12.0,0,0,0,0,0,64,0,0,0,0
2000114,0.0,0.05,0.75,5.795265624999998,5.799999999999998,0.0047343750000000025,-2,4.734375,1.921875,0.140625,0.109375,0.0,0.6000000000000008,0.5,0.5198716207136869,0.05016692045054769,0.08890560802337871,0.05000000000000001,-0.6000000000000001,6.399999999999999,3.0,13.0,0,0,0,0,0,64,0,0,0,0
2000115,0.0,0.05,0.75,6.191609374999999,6.199999999999998,0.008390625000000004,-4,8.390625,2.671875,0.140625,0.078125,0.0,0.6000000000000008,0.5,0.5820510843804474,0.050088275639965985,0.29135216982576734,0.049999999999999996,-0.6000000000000001,6.799999999999999,3.0,11.0,0,0,0,0,0,64,0,0,0,0
2000116,0.0,0.05,0.75,6.390374999999999,6.399999999999999,0.009625000000000007,-5,9.625,2.78125,0.140625,0.0625,0.0,0.6000000000000008,0.5,0.6449098184754868,0.05006214701068844,0.45767570635494126,0.05,-0.4,6.799999999999999,2.0,11.0,0,0,0,0,0,64,0,0,0,0
2000117,1.0,0.05,0.75,1.3925624999999986,1.3999999999999986,0.007437500000000006,-5,7.4375,2.1875,0.140625,0.0625,0.0,0.6000000000000008,0.5,0.6449098184754868,0.05006214701068843,0.45767570635494065,0.05,-0.19999999999999996,1.6000000000000005,1.0,12.0,0,0,0,0,0,64,0,0,0,0
2000118,1.0,0.05,0.75,0.5584687500000014,0.6000000000000014,0.04153125,-9,41.53125,5.96875,0.203125,0.0625,0.0,0.6000000000000008,0.5,0.7988524559283035,0.05481440835980121,0.7375577503853923,0.05,-0.9999999999999998,1.6000000000000005,5.0,12.0,0,0,0,0,0,64,0,0,0,0
2000119,0.0,0.05,0.75,2.797296875,2.8,0.002703125000000001,1,2.703125,1.234375,0.078125,0.09375,0.0,0.6000000000000008,0.5,0.4791773933110764,0.05000262782403916,0.05673450365356242,0.05,-0.2,3.0,1.0,10.0,0,0,0,0,0,64,0,0,0,0
2000120,1.0,0.05,0.75,-1.2522968749999976,-1.1999999999999975,0.05229687500000002,-12,52.296875,5.890625,0.21875,0.03125,0.0,0.6000000000000008,0.5,0.945736875849721,0.05462563674246574,0.9411611939940017,0.049999999999999996,-0.3999999999999999,-0.7999999999999994,2.0,14.0,0,0,0,0,0,64,0,0,0,0
2000121,0.0,0.05,0.75,5.982374999999999,5.999999999999999,0.017625000000000012,-6,17.625,3.625,0.125,0.03125,0.0,0.6000000000000008,0.5,0.7787672621316768,0.050009453999646875,0.7246783594825653,0.05,0.0,5.999999999999999,0.0,10.0,0,0,0,0,0,64,0,0,0,0
2000122,1.0,0.05,0.75,0.786749999999999,0.7999999999999989,0.01325000000000001,-5,13.25,3.25,0.125,0.046875,0.0,0.6000000000000008,0.5,0.6884183930425746,0.05001373757809654,0.5618479415883953,0.05,-0.19999999999999996,1.0000000000000004,1.0,10.0,0,0,0,0,0,64,0,0,0,0
2000123,0.0,0.05,0.75,2.7825624999999996,2.8,0.01743750000000001,4,17.4375,3.96875,0.09375,0.15625,0.0,0.6000000000000008,0.5,0.4400895674251648,0.050402609344080904,0.004556190836479374,0.05000000000000001,-1.0,3.8,5.0,11.0,0,0,0,0,0,64,0,0,0,0
2000124,0.0,0.05,0.75,4.799187499999999,4.799999999999999,0.0008125000000000005,0,0.8125,0.71875,0.125,0.125,0.0,0.6000000000000008,0.5,0.5000000000000002,0.05010025750439644,0.0339952447081687,0.05,-1.0,5.799999999999999,5.0,11.0,0,0,0,0,0,64,0,0,0,0
2000125,1.0,0.05,0.75,-0.22746875000000105,-0.20000000000000107,0.02746875,-7,27.46875,4.4375,0.140625,0.03125,0.0,0.6000000000000008,0.5,0.8174588959995315,0.050027708982299156,0.7804930691475505,0.05,-0.19999999999999996,4.440892098500626e-16,1.0,10.0,0,0,0,0,0,64,0,0,0,0
2000126,1.0,0.05,0.75,0.3814218749999986,0.3999999999999986,0.018578125000000008,-7,18.578125,3.609375,0.15625,0.046875,0.0,0.6000000000000008,0.5,0.7686940361844826,0.05012422217297085,0.7006035450357839,0.05,-0.5999999999999999,1.0000000000000004,3.0,10.0,0,0,0,0,0,64,0,0,0,0
2000127,0.0,0.05,0.75,3.3907187500000004,3.4000000000000004,0.009281250000000005,1,9.28125,2.6875,0.09375,0.109375,0.0,0.6000000000000008,0.5,0.4853488685356139,0.050011908176629205,0.03807664237227102,0.049999999999999996,-0.6000000000000001,4.0,3.0,10.0,0,0,0,0,0,64,0,0,0,0
2000128,1.0,0.05,0.75,-1.102562499999993,-0.9999999999999929,0.10256250000000001,-17,102.5625,8.5,0.328125,0.0625,0.0,0.6000000000000008,0.5,0.9994657338806756,0.29553420930108065,0.9689118393521301,0.05,-0.7999999999999998,-0.19999999999999907,4.0,21.0,0,0,0,0,0,64,0,0,0,0
2000129,0.0,0.05,0.75,5.192624999999999,5.199999999999998,0.007375000000000004,-2,7.375,2.25,0.125,0.09375,0.0,0.6000000000000008,0.5,0.5278823433109171,0.0500366330668791,0.12912665937884624,0.05,0.0,5.199999999999998,0.0,14.0,0,0,0,0,0,64,0,0,0,0
2000130,0.0,0.05,0.75,5.995187499999998,5.999999999999998,0.0048125000000000025,-3,4.8125,1.90625,0.140625,0.09375,0.0,0.6000000000000008,0.5,0.5424177906926507,0.05012125333014474,0.16687361614635499,0.05,-0.4,6.399999999999999,2.0,13.0,0,0,0,0,0,64,0,0,0,0
2000131,1.0,0.05,0.75,3.3857499999999976,3.3999999999999977,0.01425000000000001,-4,14.25,3.5,0.171875,0.109375,0.0,0.6000000000000008,0.5,0.5457301664638654,0.05183566360287657,0.1511560042609611,0.05,-0.5999999999999999,3.999999999999999,3.0,15.0,0,0,0,0,0,64,0,0,0,0
2000132,0.0,0.05,0.75,4.793546874999999,4.799999999999999,0.006453125000000005,-3,6.453125,2.265625,0.109375,0.0625,0.0,0.6000000000000008,0.5,0.5820257969747512,0.050005952906432546,0.31621707337247484,0.05,-0.4,5.199999999999999,2.0,9.0,0,0,0,0,0,64,0,0,0,0
2000133,0.0,0.05,0.75,10.964015625000002,11.000000000000002,0.03598437500000001,-10,35.984375,5.046875,0.234375,0.078125,0.0,0.6000000000000008,0.5,0.8298294017290084,0.10425672642405776,0.7141649323606014,0.05,0.0,11.000000000000002,0.0,20.0,0,0,0,0,0,64,0,0,0,0
2000134,0.0,0.05,0.75,3.3962812499999986,3.3999999999999986,0.003718750000000002,1,3.71875,1.625,0.09375,0.109375,0.0,0.6000000000000008,0.5,0.48534886853561443,0.05001190817662922,0.03807664237227122,0.05,-0.4,3.799999999999999,2.0,11.0,0,0,0,0,0,64,0,0,0,0
2000135,1.0,0.05,0.75,1.170078125000001,1.200000000000001,0.02992187500000001,-9,29.921875,4.859375,0.21875,0.078125,0.0,0.6000000000000008,0.5,0.7679812723882415,0.07206036268215259,0.6490679558475329,0.05,-0.7999999999999998,2.0,4.0,15.0,0,0,0,0,0,64,0,0,0,0
2000136,0.0,0.05,0.75,5.397421874999999,5.3999999999999995,0.002578125000000001,-3,2.578125,1.046875,0.125,0.078125,0.0,0.6000000000000008,0.5,0.5591635670596917,0.05002673902936361,0.23333404248736353,0.05,-0.6000000000000001,5.999999999999999,3.0,10.0,0,0,0,0,0,64,0,0,0,0
2000137,0.0,0.05,0.75,3.3984062499999994,3.3999999999999995,0.001593750000000001,1,1.59375,0.96875,0.09375,0.109375,0.0,0.6000000000000008,0.5,0.48534886853561376,0.05001190817662921,0.038076642372271124,0.05,-0.8,4.199999999999999,4.0,9.0,0,0,0,0,0,64,0,0,0,0
2000138,1.0,0.05,0.75,-0.4368437499999986,-0.3999999999999986,0.03684375,-11,36.84375,5.28125,0.21875,0.046875,0.0,0.6000000000000008,0.5,0.9019313154980274,0.05757426507427079,0.8862695695004679,0.05000000000000001,-0.5999999999999999,0.20000000000000062,3.0,14.0,0,0,0,0,0,64,0,0,0,0
2000139,1.0,0.05,0.75,0.3617343749999986,0.3999999999999986,0.038265625,-7,38.265625,5.734375,0.15625,0.046875,0.0,0.6000000000000008,0.5,0.7686940361844828,0.050124222172970835,0.7006035450357829,0.05,-0.5999999999999999,1.0000000000000004,3.0,10.0,0,0,0,0,0,64,0,0,0,0
2000140,0.0,0.05,0.75,9.168203125,9.2,0.031796875,-10,31.796875,4.421875,0.1875,0.03125,0.0,0.6000000000000008,0.5,0.907557188020423,0.05062267802940903,0.8975969384928344,0.05000000000000001,0.0,9.2,0.0,14.0,0,0,0,0,0,64,0,0,0,0
2000141,0.0,0.05,0.75,4.798171874999999,4.799999999999999,0.0018281250000000008,0,1.828125,0.890625,0.125,0.125,0.0,0.6000000000000008,0.5,0.5000000000000001,0.050100257504396443,0.03399524470816876,0.05,-1.2,5.999999999999999,6.0,10.0,0,0,0,0,0,64,0,0,0,0
2000142,0.0,0.05,0.75,5.393531249999999,5.399999999999999,0.006468750000000005,-3,6.46875,2.375,0.125,0.078125,0.0,0.6000000000000008,0.5,0.559163567059692,0.0500267390293636,0.23333404248736359,0.05,-0.2,5.599999999999999,1.0,12.0,0,0,0,0,0,64,0,0,0,0
2000143,1.0,0.05,0.75,-1.654156249999998,-1.5999999999999979,0.05415625000000003,-14,54.15625,5.9375,0.25,0.03125,0.0,0.6000000000000008,0.5,0.9720108749795389,0.08065926193373202,0.9668762872780626,0.05,-1.3999999999999997,-0.1999999999999995,7.0,11.0,0,0,0,0,0,64,0,0,0,0
2000144,0.0,0.05,0.75,3.9985625,4.0,0.0014375000000000008,-2,1.4375,0.96875,0.09375,0.0625,0.0,0.6000000000000008,0.5,0.5552950097849382,0.0500018089846768,0.2550294338457377,0.05,-0.6000000000000001,4.6,3.0,7.0,0,0,0,0,0,64,0,0,0,0
2000145,0.0,0.05,0.75,3.3946406249999996,3.3999999999999995,0.005359375000000004,1,5.359375,1.984375,0.09375,0.109375,0.0,0.6000000000000008,0.5,0.4853488685356135,0.05001190817662922,0.03807664237227109,0.05,-1.0,4.3999999999999995,5.0,8.0,0,0,0,0,0,64,0,0,0,0
2000146,0.0,0.05,0.75,6.794437499999999,6.799999999999999,0.005562500000000004,-4,5.5625,1.8125,0.15625,0.09375,0.0,0.6000000000000008,0.5,0.5599104325748354,0.050402609344080904,0.21295669090179653,0.05,-0.6000000000000001,7.399999999999999,3.0,13.0,0,0,0,0,0,64,0,0,0,0
2000147,1.0,0.05,0.75,-2.231046875000001,-2.200000000000001,0.031046875000000015,-11,31.046875,4.703125,0.171875,0.0,0.0,0.6000000000000008,0.5,0.9658138215572708,0.05011535647711725,0.9647123079431448,0.05,-1.1999999999999997,-0.9999999999999998,6.0,5.0,0,0,0,0,0,64,0,0,0,0
2000148,1.0,0.05,0.75,-1.0415625,-1.0,0.04156250000000001,-11,41.5625,5.0625,0.203125,0.03125,0.0,0.6000000000000008,0.5,0.9285487473296793,0.05170926207952018,0.9221237688883385,0.05,-0.3999999999999999,-0.5999999999999994,2.0,13.0,0,0,0,0,0,64,0,0,0,0
2000149,0.0,0.05,0.75,3.991812499999999,3.999999999999999,0.008187500000000004,1,8.1875,2.5,0.109375,0.125,0.0,0.6000000000000008,0.5,0.4896710157693305,0.050054352167420955,0.025389498606867195,0.049999999999999996,-1.0,4.999999999999999,5.0,10.0,0,0,0,0,0,64,0,0,0,0
2000150,0.0,0.05,0.75,3.998125,4.0,0.001875000000000001,-2,1.875,1.03125,0.09375,0.0625,0.0,0.6000000000000008,0.5,0.5552950097849377,0.0500018089846768,0.2550294338457378,0.05,-0.2,4.2,1.0,9.0,0,0,0,0,0,64,0,0,0,0
2000151,0.0,0.05,0.75,4.399421874999999,4.399999999999999,0.0005781250000000001,2,0.578125,0.421875,0.125,0.15625,0.0,0.6000000000000008,0.5,0.4850325091798424,0.05076342334813962,0.008283321396163962,0.05000000000000001,-1.4,5.799999999999999,7.0,11.0,0,0,0,0,0,64,0,0,0,0
2000152,0.0,0.05,0.75,8.578843749999997,8.599999999999998,0.021156250000000005,-7,21.15625,4.25,0.1875,0.078125,0.0,0.6000000000000008,0.5,0.6757761507604987,0.052728659934523824,0.5033590778162521,0.05000000000000002,-0.2,8.799999999999999,1.0,16.0,0,0,0,0,0,64,0,0,0,0
2000153,1.0,0.05,0.75,-0.8363125000000007,-0.8000000000000007,0.036312500000000025,-10,36.3125,5.4375,0.1875,0.03125,0.0,0.6000000000000008,0.5,0.907557188020423,0.05062267802940902,0.8975969384928342,0.05000000000000001,-0.9999999999999998,0.2000000000000004,5.0,9.0,0,0,0,0,0,64,0,0,0,0
2000154,1.0,0.05,0.75,1.1941718749999992,1.1999999999999993,0.0058281250000000034,-6,5.828125,1.796875,0.15625,0.0625,0.0,0.6000000000000008,0.5,0.6811244536400778,0.05019254820704264,0.5327159086609192,0.05000000000000001,-0.7999999999999998,1.9999999999999993,4.0,10.0,0,0,0,0,0,64,0,0,0,0
2000155,1.0,0.05,0.75,0.16967187500000105,0.20000000000000107,0.030328125000000004,-11,30.328125,4.796875,0.234375,0.0625,0.0,0.6000000000000008,0.5,0.880260533422523,0.08314812725679843,0.8368290852804788,0.05,-0.7999999999999998,1.0000000000000007,4.0,15.0,0,0,0,0,0,64,0,0,0,0
2000156,0.0,0.05,0.75,6.1979687499999985,6.199999999999998,0.002031250000000001,-1,2.03125,1.09375,0.15625,0.140625,0.0,0.6000000000000008,0.5,0.5061578936782035,0.05114524567903628,0.03033753057260748,0.05,-0.6000000000000001,6.799999999999999,3.0,16.0,0,0,0,0,0,64,0,0,0,0
2000157,1.0,0.05,0.75,-2.4830312499999967,-2.399999999999997,0.08303124999999999,-15,83.03125,8.03125,0.25,0.015625,0.0,0.6000000000000008,0.5,0.985335736530502,0.07245430669049101,0.9835839551593994,0.05,-1.1999999999999997,-1.1999999999999995,6.0,11.0,0,0,0,0,0,64,0,0,0,0
2000158,1.0,0.05,0.75,-1.046578125,-1.0,0.046578125000000026,-11,46.578125,6.046875,0.203125,0.03125,0.0,0.6000000000000008,0.5,0.9285487473296795,0.051709262079520195,0.9221237688883385,0.049999999999999996,-0.3999999999999999,-0.5999999999999994,2.0,13.0,0,0,0,0,0,64,0,0,0,0
2000159,0.0,0.05,0.75,2.798171875000001,2.8000000000000007,0.0018281250000000008,1,1.828125,1.078125,0.078125,0.09375,0.0,0.6000000000000008,0.5,0.4791773933110768,0.05000262782403917,0.05673450365356257,0.05,-0.8,3.5999999999999996,4.0,7.0,0,0,0,0,0,64,0,0,0,0
2000160,1.0,0.05,0.75,0.7304687500000042,0.8000000000000043,0.06953125000000002,-11,69.53125,7.65625,0.25,0.078125,0.0,0.6000000000000008,0.5,0.8977448359982743,0.15938236610161835,0.7714387638529551,0.05000000000000001,-0.7999999999999998,1.600000000000001,4.0,17.0,0,0,0,0,0,64,0,0,0,0
2000161,1.0,0.05,0.75,-1.224031250000001,-1.200000000000001,0.024031250000000004,-9,24.03125,3.84375,0.15625,0.015625,0.0,0.6000000000000008,0.5,0.9150813840118805,0.05005398301857577,0.9079133425013745,0.05,-0.5999999999999999,-0.5999999999999996,3.0,8.0,0,0,0,0,0,64,0,0,0,0
2000162,0.0,0.05,0.75,3.197171875,3.2,0.0028281250000000016,2,2.828125,1.265625,0.09375,0.125,0.0,0.6000000000000008,0.5,0.4721176566890828,0.05003663306687911,0.018919592205066196,0.05,-1.0,4.199999999999999,5.0,9.0,0,0,0,0,0,64,0,0,0,0
2000163,1.0,0.05,0.75,2.176421875000001,2.200000000000001,0.023578125000000012,-7,23.578125,3.890625,0.203125,0.09375,0.0,0.6000000000000008,0.5,0.6499613247012317,0.062453150524633246,0.40012795287688896,0.05,-0.3999999999999999,2.600000000000001,2.0,17.0,0,0,0,0,0,64,0,0,0,0
2000164,1.0,0.05,0.75,-1.0514687499999982,-0.9999999999999982,0.051468750000000014,-11,51.46875,6.53125,0.203125,0.03125,0.0,0.6000000000000008,0.5,0.9285487473296794,0.05170926207952018,0.9221237688883382,0.049999999999999996,-0.7999999999999998,-0.1999999999999995,4.0,11.0,0,0,0,0,0,64,0,0,0,0
2000165,1.0,0.05,0.75,0.16914062499999927,0.1999999999999993,0.03085937500000001,-8,30.859375,5.234375,0.171875,0.046875,0.0,0.6000000000000008,0.5,0.8068709521668117,0.050359225407098536,0.759680323126749,0.05,-0.3999999999999999,0.6000000000000005,2.0,12.0,0,0,0,0,0,64,0,0,0,0
2000166,0.0,0.05,0.75,3.5982343749999997,3.5999999999999996,0.0017656250000000011,0,1.765625,1.078125,0.09375,0.09375,0.0,0.6000000000000008,0.5,0.5000000000000001,0.05000478619777177,0.07514543856401987,0.05000000000000001,-0.4,4.0,2.0,10.0,0,0,0,0,0,64,0,0,0,0
2000167,0.0,0.05,0.75,4.792874999999999,4.799999999999999,0.0071250000000000055,-3,7.125,2.59375,0.109375,0.0625,0.0,0.6000000000000008,0.5,0.5820257969747511,0.05000595290643255,0.31621707337247446,0.05,-0.2,4.999999999999999,1.0,10.0,0,0,0,0,0,64,0,0,0,0
2000168,1.0,0.05,0.75,-0.03171875000000002,0.0,0.03171875000000002,-9,31.71875,5.125,0.1875,0.046875,0.0,0.6000000000000008,0.5,0.8421206710105098,0.05101574772905401,0.8102571369822894,0.05,-0.7999999999999998,0.8000000000000005,4.0,11.0,0,0,0,0,0,64,0,0,0,0
2000169,1.0,0.05,0.75,-0.019812500000000007,0.0,0.019812500000000007,-9,19.8125,3.4375,0.1875,0.046875,0.0,0.6000000000000008,0.5,0.8421206710105099,0.05101574772905402,0.8102571369822897,0.05,-0.5999999999999999,0.6000000000000003,3.0,12.0,0,0,0,0,0,64,0,0,0,0
2000170,0.0,0.05,0.75,7.389499999999997,7.399999999999998,0.010500000000000008,-4,10.5,2.84375,0.171875,0.109375,0.0,0.6000000000000008,0.5,0.5457301664638656,0.051835663602876586,0.15115600426096082,0.05,-1.2,8.6,6.0,12.0,0,0,0,0,0,64,0,0,0,0
2000171,1.0,0.05,0.75,1.3764531250000003,1.4000000000000004,0.023546875000000016,-8,23.546875,4.296875,0.203125,0.078125,0.0,0.6000000000000008,0.5,0.7175687662110941,0.05800066706526522,0.577907824549041,0.049999999999999996,-0.9999999999999998,2.4000000000000004,5.0,13.0,0,0,0,0,0,64,0,0,0,0
2000172,0.0,0.05,0.75,4.997937499999999,4.999999999999999,0.0020625000000000014,-1,2.0625,1.28125,0.125,0.109375,0.0,0.6000000000000008,0.5,0.5103289842306697,0.050054352167420955,0.06736895075198188,0.05,-0.8,5.799999999999999,4.0,11.0,0,0,0,0,0,64,0,0,0,0
2000173,1.0,0.05,0.75,0.7774843749999989,0.7999999999999989,0.022515625000000015,-8,22.515625,4.078125,0.1875,0.0625,0.0,0.6000000000000008,0.5,0.7589961892287841,0.05169688933094266,0.6753666156725162,0.05,-0.3999999999999999,1.2000000000000006,2.0,14.0,0,0,0,0,0,64,0,0,0,0
2000174,1.0,0.05,0.75,-0.2356562499999993,-0.1999999999999993,0.035656250000000014,-10,35.65625,5.40625,0.203125,0.046875,0.0,0.6000000000000008,0.5,0.8738066245602876,0.052810125959977944,0.8522597895823483,0.05,-0.19999999999999996,6.661338147750939e-16,1.0,15.0,0,0,0,0,0,64,0,0,0,0
2000175,0.0,0.05,0.75,7.392640624999998,7.399999999999998,0.007359375000000006,-4,7.359375,2.421875,0.171875,0.109375,0.0,0.6000000000000008,0.5,0.5457301664638656,0.051835663602876565,0.151156004260961,0.05,-0.8,8.2,4.0,14.0,0,0,0,0,0,64,0,0,0,0
2000176,1.0,0.05,0.75,-1.6384218749999997,-1.5999999999999996,0.038421875000000015,-11,38.421875,5.203125,0.1875,0.015625,0.0,0.6000000000000008,0.5,0.9500594559374236,0.05042051902125859,0.9473462493875067,0.05,-0.5999999999999999,-0.9999999999999996,3.0,10.0,0,0,0,0,0,64,0,0,0,0
2000177,0.0,0.05,0.75,4.798234374999999,4.799999999999999,0.001765625000000001,0,1.765625,1.015625,0.125,0.125,0.0,0.6000000000000008,0.5,0.5000000000000003,0.05010025750439644,0.03399524470816873,0.05,-0.6000000000000001,5.3999999999999995,3.0,13.0,0,0,0,0,0,64,0,0,0,0
2000178,0.0,0.05,0.75,4.180000000000001,4.2,0.02,3,20.0,4.0625,0.125,0.171875,0.0,0.6000000000000008,0.5,0.47433098375174254,0.05251489179288846,0.004052679473307087,0.05000000000000001,-1.4,5.6,7.0,12.0,0,0,0,0,0,64,0,0,0,0
2000179,1.0,0.05,0.75,1.3866249999999987,1.3999999999999986,0.01337500000000001,-5,13.375,3.28125,0.140625,0.0625,0.0,0.6000000000000008,0.5,0.6449098184754873,0.05006214701068844,0.4576757063549407,0.05,-1.1999999999999997,2.6000000000000005,6.0,7.0,0,0,0,0,0,64,0,0,0,0
2000180,0.0,0.05,0.75,2.994703125,3.0,0.005296875000000004,0,5.296875,2.015625,0.078125,0.078125,0.0,0.6000000000000008,0.5,0.5000000000000003,0.05000105616558371,0.1098922126170791,0.05,-0.2,3.2,1.0,9.0,0,0,0,0,0,64,0,0,0,0
2000181,0.0,0.05,0.75,6.988578124999997,6.999999999999997,0.011421875000000003,-2,11.421875,2.546875,0.171875,0.140625,0.0,0.6000000000000008,0.5,0.5151440983586842,0.053477255326430426,0.04055062695423731,0.05,-1.0,7.999999999999999,5.0,15.0,0,0,0,0,0,64,0,0,0,0
2000182,0.0,0.05,0.75,9.950687500000004,10.000000000000004,0.0493125,-8,49.3125,6.4375,0.21875,0.09375,0.0,0.6000000000000008,0.5,0.7095074221138916,0.08448086328055389,0.4739790681817422,0.049999999999999996,-0.6000000000000001,10.600000000000001,3.0,17.0,0,0,0,0,0,64,0,0,0,0
2000183,1.0,0.05,0.75,2.3914531249999986,2.3999999999999986,0.008546875000000006,-6,8.546875,2.296875,0.1875,0.09375,0.0,0.6000000000000008,0.5,0.6102520760939585,0.05413168255092783,0.33055274228216613,0.05,-0.19999999999999996,2.5999999999999996,1.0,17.0,0,0,0,0,0,64,0,0,0,0
2000184,1.0,0.05,0.75,1.3802968750000004,1.4000000000000004,0.01970312500000001,-8,19.703125,3.953125,0.203125,0.078125,0.0,0.6000000000000008,0.5,0.717568766211094,0.058000667065265195,0.5779078245490415,0.049999999999999996,-0.3999999999999999,1.800000000000001,2.0,16.0,0,0,0,0,0,64,0,0,0,0
2000185,1.0,0.05,0.75,1.3856406249999986,1.3999999999999986,0.01435937500000001,-5,14.359375,3.046875,0.140625,0.0625,0.0,0.6000000000000008,0.5,0.6449098184754872,0.05006214701068844,0.45767570635494065,0.05,-0.5999999999999999,2.0000000000000004,3.0,10.0,0,0,0,0,0,64,0,0,0,0
2000186,0.0,0.05,0.75,4.387671875,4.3999999999999995,0.01232812500000001,-4,12.328125,3.265625,0.09375,0.03125,0.0,0.6000000000000008,0.5,0.6935981495161778,0.0500010122337604,0.5905596912997227,0.05,-0.2,4.6,1.0,7.0,0,0,0,0,0,64,0,0,0,0
2000187,1.0,0.05,0.75,-0.01660937500000001,0.0,0.01660937500000001,-9,16.609375,3.265625,0.1875,0.046875,0.0,0.6000000000000008,0.5,0.8421206710105098,0.051015747729054026,0.8102571369822898,0.05,-0.5999999999999999,0.6000000000000005,3.0,12.0,0,0,0,0,0,64,0,0,0,0
2000188,1.0,0.05,0.75,0.17924999999999927,0.1999999999999993,0.020750000000000008,-8,20.75,4.09375,0.171875,0.046875,0.0,0.6000000000000008,0.5,0.8068709521668115,0.05035922540709853,0.7596803231267492,0.05,-0.5999999999999999,0.8000000000000005,3.0,11.0,0,0,0,0,0,64,0,0,0,0
2000189,1.0,0.05,0.75,2.5846093749999977,2.599999999999998,0.015390625000000012,-5,15.390625,3.484375,0.171875,0.09375,0.0,0.6000000000000008,0.5,0.5817850072266045,0.0513095661249758,0.26767706589103873,0.05,-0.9999999999999998,3.5999999999999996,5.0,12.0,0,0,0,0,0,64,0,0,0,0
2000190,0.0,0.05,0.75,9.76953125,9.8,0.03046875000000001,-10,30.46875,4.78125,0.203125,0.046875,0.0,0.6000000000000008,0.5,0.8738066245602872,0.052810125959977944,0.8522597895823483,0.05,-0.4,10.200000000000001,2.0,14.0,0,0,0,0,0,64,0,0,0,0
2000191,1.0,0.05,0.75,-0.6651562499999997,-0.5999999999999996,0.06515625000000003,-9,65.15625,7.09375,0.171875,0.03125,0.0,0.6000000000000008,0.5,0.882175683369758,0.05022403420085195,0.8664641044636607,0.05,-0.3999999999999999,-0.1999999999999995,2.0,11.0,0,0,0,0,0,64,0,0,0,0
2000192,0.0,0.05,0.75,6.585218749999998,6.599999999999999,0.01478125000000001,-6,14.78125,3.09375,0.140625,0.046875,0.0,0.6000000000000008,0.5,0.7287317863791395,0.05004189622333955,0.6340008734704289,0.049999999999999996,0.0,6.599999999999999,0.0,12.0,0,0,0,0,0,64,0,0,0,0
2000193,0.0,0.05,0.75,4.796796875,4.8,0.003203125000000002,0,3.203125,1.421875,0.125,0.125,0.0,0.6000000000000008,0.5,0.5000000000000002,0.05010025750439644,0.03399524470816882,0.049999999999999996,-0.6000000000000001,5.3999999999999995,3.0,13.0,0,0,0,0,0,64,0,0,0,0
2000194,0.0,0.05,0.75,4.395578124999998,4.399999999999999,0.004421875000000002,-1,4.421875,1.640625,0.109375,0.09375,0.0,0.6000000000000008,0.5,0.5146511314643866,0.05001190817662922,0.09890446288834885,0.05,-0.8,5.199999999999999,4.0,9.0,0,0,0,0,0,64,0,0,0,0
2000195,1.0,0.05,0.75,-2.0331718750000007,-2.000000000000001,0.03317187500000002,-10,33.171875,4.515625,0.15625,0.0,0.0,0.6000000000000008,0.5,0.9547258567466229,0.050040987606633204,0.9529136679184865,0.05,-0.19999999999999996,-1.7999999999999996,1.0,9.0,0,0,0,0,0,64,0,0,0,0
2000196,1.0,0.05,0.75,1.3844843750000004,1.4000000000000004,0.015515625000000009,-8,15.515625,3.265625,0.203125,0.078125,0.0,0.6000000000000008,0.5,0.7175687662110933,0.0580006670652652,0.5779078245490414,0.05,-0.9999999999999998,2.3999999999999995,5.0,13.0,0,0,0,0,0,64,0,0,0,0
2000197,1.0,0.05,0.75,2.3969531249999987,2.3999999999999986,0.0030468750000000023,-3,3.046875,1.546875,0.125,0.078125,0.0,0.6000000000000008,0.5,0.5591635670596918,0.0500267390293636,0.23333404248736359,0.05,0.0,2.3999999999999995,0.0,13.0,0,0,0,0,0,64,0,0,0,0
2000198,1.0,0.05,0.75,-1.2595312499999975,-1.1999999999999975,0.05953125000000002,-12,59.53125,6.46875,0.21875,0.03125,0.0,0.6000000000000008,0.5,0.9457368758497209,0.05462563674246573,0.9411611939940018,0.05,-1.1999999999999997,4.440892098500626e-16,6.0,10.0,0,0,0,0,0,64,0,0,0,0
2000199,0.0,0.05,0.75,5.198171874999999,5.199999999999999,0.0018281250000000012,-2,1.828125,0.953125,0.125,0.09375,0.0,0.6000000000000008,0.5,0.5278823433109173,0.05003663306687911,0.12912665937884618,0.05000000000000001,-0.6000000000000001,5.8,3.0,11.0,0,0,0,0,0,64,0,0,0,0
2000200,1.0,0.05,0.75,-0.852249999999999,-0.7999999999999989,0.05225000000000002,-10,52.25,6.125,0.1875,0.03125,0.0,0.6000000000000008,0.5,0.9075571880204227,0.05062267802940901,0.8975969384928338,0.05,-0.5999999999999999,-0.1999999999999995,3.0,11.0,0,0,0,0,0,64,0,0,0,0
2000201,0.0,0.05,0.75,7.177640624999999,7.199999999999998,0.022359375,-3,22.359375,4.046875,0.171875,0.125,0.0,0.6000000000000008,0.5,0.5256690162482579,0.052514891792888464,0.07982804756168793,0.049999999999999996,-1.5999999999999999,8.799999999999999,8.0,11.0,0,0,0,0,0,64,0,0,0,0
2000202,1.0,0.05,0.75,0.18335937499999927,0.1999999999999993,0.01664062500000001,-8,16.640625,3.234375,0.171875,0.046875,0.0,0.6000000000000008,0.5,0.8068709521668112,0.05035922540709852,0.7596803231267499,0.05,-0.9999999999999998,1.2000000000000004,5.0,9.0,0,0,0,0,0,64,0,0,0,0
2000203,0.0,0.05,0.75,3.995687499999999,3.999999999999999,0.004312500000000003,1,4.3125,1.90625,0.109375,0.125,0.0,0.6000000000000008,0.5,0.4896710157693306,0.05005435216742095,0.025389498606867296,0.05,-1.0,4.999999999999999,5.0,10.0,0,0,0,0,0,64,0,0,0,0
2000204,0.0,0.05,0.75,7.591609374999999,7.599999999999999,0.008390625000000006,-5,8.390625,2.296875,0.171875,0.09375,0.0,0.6000000000000008,0.5,0.5817850072266043,0.051309566124975794,0.2676770658910392,0.05,-1.0,8.6,5.0,12.0,0,0,0,0,0,64,0,0,0,0
2000205,0.0,0.05,0.75,6.791859374999998,6.799999999999998,0.008140625000000005,-4,8.140625,2.578125,0.15625,0.09375,0.0,0.6000000000000008,0.5,0.5599104325748355,0.0504026093440809,0.212956690901797,0.05000000000000001,-0.6000000000000001,7.399999999999999,3.0,13.0,0,0,0,0,0,64,0,0,0,0
2000206,0.0,0.05,0.75,5.794421874999999,5.8,0.005578125000000004,-5,5.578125,1.828125,0.125,0.046875,0.0,0.6000000000000008,0.5,0.6884183930425739,0.050013737578096525,0.5618479415883972,0.05000000000000001,-0.4,6.199999999999999,2.0,9.0,0,0,0,0,0,64,0,0,0,0
2000207,0.0,0.05,0.75,10.370390625,10.4,0.02960937500000001,-10,29.609375,4.796875,0.21875,0.0625,0.0,0.6000000000000008,0.5,0.8390269582397545,0.06309502399289299,0.7915126491493323,0.05,-0.4,10.8,2.0,16.0,0,0,0,0,0,64,0,0,0,0
2000208,1.0,0.05,0.75,-2.2666562499999974,-2.1999999999999975,0.06665625000000003,-14,66.65625,7.0,0.234375,0.015625,0.0,0.6000000000000008,0.5,0.9792221434647056,0.05862003076816916,0.9779509423448588,0.05,-0.7999999999999998,-1.3999999999999995,4.0,12.0,0,0,0,0,0,64,0,0,0,0
2000209,1.0,0.05,0.75,-0.03889062499999646,3.552713678800501e-15,0.03889062500000001,-12,38.890625,5.171875,0.25,0.0625,0.0,0.6000000000000008,0.5,0.9221537399373088,0.12350420316252436,0.8738652928590376,0.05,-1.7999999999999996,1.8000000000000005,9.0,11.0,0,0,0,0,0,64,0,0,0,0
2000210,0.0,0.05,0.75,7.996843749999998,7.999999999999998,0.003156250000000002,-4,3.15625,1.4375,0.1875,0.125,0.0,0.6000000000000008,0.5,0.5453870079987754,0.05822649458040438,0.10489966582451037,0.05000000000000001,-0.8,8.799999999999999,4.0,16.0,0,0,0,0,0,64,0,0,0,0
2000211,1.0,0.05,0.75,0.36770312500000213,0.40000000000000213,0.03229687500000001,-10,32.296875,4.640625,0.21875,0.0625,0.0,0.6000000000000008,0.5,0.8390269582397542,0.06309502399289302,0.7915126491493328,0.05000000000000001,-0.19999999999999996,0.6000000000000008,1.0,17.0,0,0,0,0,0,64,0,0,0,0
2000212,0.0,0.05,0.75,5.998218749999998,5.999999999999997,0.0017812500000000007,0,1.78125,1.0,0.15625,0.15625,0.0,0.6000000000000008,0.5,0.5000000000000003,0.052121100568187195,0.01501339662725904,0.05,-0.6000000000000001,6.599999999999998,3.0,17.0,0,0,0,0,0,64,0,0,0,0
2000213,0.0,0.05,0.75,4.9976562499999995,4.999999999999999,0.002343750000000001,-1,2.34375,1.1875,0.125,0.109375,0.0,0.6000000000000008,0.5,0.5103289842306694,0.05005435216742094,0.06736895075198208,0.05,-1.0,5.999999999999999,5.0,10.0,0,0,0,0,0,64,0,0,0,0
2000214,0.0,0.05,0.75,7.196109374999997,7.1999999999999975,0.0038906250000000026,-3,3.890625,1.734375,0.171875,0.125,0.0,0.6000000000000008,0.5,0.5256690162482587,0.05251489179288847,0.07982804756168803,0.05000000000000001,-1.0,8.2,5.0,14.0,0,0,0,0,0,64,0,0,0,0
2000215,1.0,0.05,0.75,-0.6737656249999961,-0.5999999999999961,0.07376562500000003,-12,73.765625,7.109375,0.234375,0.046875,0.0,0.6000000000000008,0.5,0.9271429271556035,0.0695755554861821,0.9132472320601313,0.05,-0.3999999999999999,-0.1999999999999993,2.0,16.0,0,0,0,0,0,64,0,0,0,0
2000216,1.0,0.05,0.75,0.37239062500000036,0.40000000000000036,0.027609375000000005,-10,27.609375,4.609375,0.21875,0.0625,0.0,0.6000000000000008,0.5,0.8390269582397545,0.06309502399289306,0.7915126491493323,0.05000000000000001,-0.5999999999999999,1.0000000000000007,3.0,15.0,0,0,0,0,0,64,0,0,0,0
2000217,0.0,0.05,0.75,7.980562499999997,7.999999999999997,0.019437500000000007,-4,19.4375,4.0,0.1875,0.125,0.0,0.6000000000000008,0.5,0.5453870079987758,0.058226494580404346,0.10489966582451031,0.05,-0.8,8.800000000000002,4.0,16.0,0,0,0,0,0,64,0,0,0,0
2000218,1.0,0.05,0.75,-0.6363437499999979,-0.5999999999999979,0.036343750000000015,-12,36.34375,5.03125,0.234375,0.046875,0.0,0.6000000000000008,0.5,0.9271429271556034,0.06957555548618212,0.9132472320601315,0.05,-1.5999999999999996,1.0000000000000004,8.0,10.0,0,0,0,0,0,64,0,0,0,0
2000219,1.0,0.05,0.75,-1.6442812499999997,-1.5999999999999996,0.04428125,-11,44.28125,5.40625,0.1875,0.015625,0.0,0.6000000000000008,0.5,0.9500594559374235,0.05042051902125858,0.9473462493875069,0.05,-0.7999999999999998,-0.7999999999999996,4.0,9.0,0,0,0,0,0,64,0,0,0,0
2000220,1.0,0.05,0.75,0.3859218749999986,0.3999999999999986,0.01407812500000001,-7,14.078125,3.171875,0.15625,0.046875,0.0,0.6000000000000008,0.5,0.7686940361844827,0.050124222172970835,0.7006035450357835,0.05,-0.9999999999999998,1.4000000000000004,5.0,8.0,0,0,0,0,0,64,0,0,0,0
2000221,1.0,0.05,0.75,-0.6305156249999979,-0.5999999999999979,0.03051562500000002,-12,30.515625,4.734375,0.234375,0.046875,0.0,0.6000000000000008,0.5,0.9271429271556036,0.06957555548618208,0.9132472320601314,0.05,-1.1999999999999997,0.6000000000000005,6.0,12.0,0,0,0,0,0,64,0,0,0,0
2000222,0.0,0.05,0.75,8.95571875,9.0,0.04428125,-9,44.28125,6.21875,0.1875,0.046875,0.0,0.6000000000000008,0.5,0.8421206710105101,0.05101574772905401,0.8102571369822894,0.05000000000000001,-0.4,9.4,2.0,13.0,0,0,0,0,0,64,0,0,0,0
2000223,0.0,0.05,0.75,3.3936406249999993,3.3999999999999995,0.006359375000000004,1,6.359375,2.265625,0.09375,0.109375,0.0,0.6000000000000008,0.5,0.4853488685356139,0.050011908176629226,0.03807664237227095,0.05000000000000001,-0.8,4.2,4.0,9.0,0,0,0,0,0,64,0,0,0,0
2000224,0.0,0.05,0.75,3.999234375,4.0,0.0007656250000000005,-2,0.765625,0.609375,0.09375,0.0625,0.0,0.6000000000000008,0.5,0.5552950097849377,0.05000180898467681,0.25502943384573856,0.05,-0.4,4.3999999999999995,2.0,8.0,0,0,0,0,0,64,0,0,0,0
2000225,1.0,0.05,0.75,-2.0438437499999984,-1.9999999999999982,0.04384375000000001,-13,43.84375,5.21875,0.21875,0.015625,0.0,0.6000000000000008,0.5,0.9717207447127014,0.0531895541721851,0.9704430981963795,0.05,-0.19999999999999996,-1.7999999999999994,1.0,14.0,0,0,0,0,0,64,0,0,0,0
2000226,0.0,0.05,0.75,7.198421874999998,7.199999999999998,0.001578125000000001,-3,1.578125,0.828125,0.171875,0.125,0.0,0.6000000000000008,0.5,0.5256690162482585,0.052514891792888464,0.07982804756168789,0.049999999999999996,-1.2,8.399999999999999,6.0,13.0,0,0,0,0,0,64,0,0,0,0
2000227,0.0,0.05,0.75,10.376828125000003,10.400000000000002,0.023171875000000005,-7,23.171875,4.359375,0.234375,0.125,0.0,0.6000000000000008,0.5,0.8025079054059447,0.18453012064960822,0.22414560132124994,0.05,-1.2,11.600000000000003,6.0,17.0,0,0,0,0,0,64,0,0,0,0
2000228,0.0,0.05,0.75,5.596406249999999,5.6,0.0035937500000000023,-4,3.59375,1.4375,0.125,0.0625,0.0,0.6000000000000008,0.5,0.6117405219478509,0.050019482371858624,0.38450798042955625,0.05,-0.6000000000000001,6.199999999999999,3.0,9.0,0,0,0,0,0,64,0,0,0,0
2000229,0.0,0.05,0.75,6.187874999999998,6.199999999999998,0.012125000000000009,-4,12.125,3.15625,0.140625,0.078125,0.0,0.6000000000000008,0.5,0.5820510843804471,0.05008827563996598,0.2913521698257676,0.05,-0.4,6.599999999999999,2.0,12.0,0,0,0,0,0,64,0,0,0,0
2000230,1.0,0.05,0.75,-2.910265624999995,-2.7999999999999954,0.11026562499999999,-17,110.265625,9.203125,0.28125,0.015625,0.0,0.6000000000000008,0.5,0.9948935234511853,0.1575781592254948,0.9909370120010642,0.05,-0.5999999999999999,-2.1999999999999993,3.0,16.0,0,0,0,0,0,64,0,0,0,0
2000231,0.0,0.05,0.75,5.194906249999998,5.199999999999998,0.005093750000000003,-2,5.09375,1.875,0.125,0.09375,0.0,0.6000000000000008,0.5,0.527882343310917,0.05003663306687911,0.1291266593788458,0.05,-0.6000000000000001,5.799999999999999,3.0,11.0,0,0,0,0,0,64,0,0,0,0
2000232,0.0,0.05,0.75,4.599124999999999,4.599999999999999,0.0008750000000000005,1,0.875,0.75,0.125,0.140625,0.0,0.6000000000000008,0.5,0.49256101233258065,0.05024930144343539,0.01685563795369665,0.049999999999999996,-0.8,5.399999999999999,4.0,13.0,0,0,0,0,0,64,0,0,0,0
2000233,0.0,0.05,0.75,8.578171874999997,8.599999999999998,0.021828125000000004,-7,21.828125,4.140625,0.1875,0.078125,0.0,0.6000000000000008,0.5,0.6757761507604996,0.052728659934523824,0.5033590778162512,0.05,-0.4,9.0,2.0,15.0,0,0,0,0,0,64,0,0,0,0
2000234,1.0,0.05,0.75,-0.8298906250000008,-0.8000000000000007,0.02989062500000002,-10,29.890625,4.453125,0.1875,0.03125,0.0,0.6000000000000008,0.5,0.9075571880204227,0.05062267802940901,0.8975969384928342,0.05000000000000001,-0.19999999999999996,-0.5999999999999994,1.0,13.0,0,0,0,0,0,64,0,0,0,0
2000235,1.0,0.05,0.75,2.9851875,3.0,0.014812500000000011,-6,14.8125,3.59375,0.203125,0.109375,0.0,0.6000000000000008,0.5,0.6070683605608682,0.06817840269768383,0.24525995932285458,0.05,-1.1999999999999997,4.199999999999999,6.0,14.0,0,0,0,0,0,64,0,0,0,0
2000236,0.0,0.05,0.75,9.786546875,9.8,0.013453125000000008,-4,13.453125,3.515625,0.234375,0.171875,0.0,0.6000000000000008,0.5,0.8806576784572884,0.24271238238042298,0.03232557356092592,0.04999999999999999,-1.0,10.8,5.0,21.0,0,0,0,0,0,64,0,0,0,0
2000237,1.0,0.05,0.75,2.1940624999999985,2.1999999999999984,0.005937500000000004,-4,5.9375,2.03125,0.140625,0.078125,0.0,0.6000000000000008,0.5,0.5820510843804467,0.05008827563996599,0.291352169825768,0.05,-0.3999999999999999,2.5999999999999996,2.0,12.0,0,0,0,0,0,64,0,0,0,0
2000238,0.0,0.05,0.75,2.78328125,2.8,0.01671875000000001,7,16.71875,3.84375,0.109375,0.21875,0.0,0.6000000000000008,0.5,0.32181643704021307,0.09965191346791379,0.0003481815560190144,0.049999999999999996,-1.7999999999999998,4.599999999999999,9.0,12.0,0,0,0,0,0,64,0,0,0,0
2000239,1.0,0.05,0.75,-1.698609374999996,-1.599999999999996,0.09860937499999997,-14,98.609375,9.046875,0.25,0.03125,0.0,0.6000000000000008,0.5,0.9720108749795389,0.08065926193373216,0.9668762872780624,0.049999999999999996,-0.9999999999999998,-0.5999999999999994,5.0,13.0,0,0,0,0,0,64,0,0,0,0
2000240,1.0,0.05,0.75,-0.07042187499999829,1.7763568394002505e-15,0.07042187500000006,-9,70.421875,7.640625,0.1875,0.046875,0.0,0.6000000000000008,0.5,0.8421206710105098,0.05101574772905401,0.8102571369822891,0.05,-0.5999999999999999,0.6000000000000005,3.0,12.0,0,0,0,0,0,64,0,0,0,0
2000241,1.0,0.05,0.75,-0.42517187500000125,-0.40000000000000124,0.02517187500000001,-8,25.171875,3.796875,0.15625,0.03125,0.0,0.6000000000000008,0.5,0.8521119608729332,0.05007947720364998,0.827683253758043,0.05,0.0,-0.39999999999999947,0.0,12.0,0,0,0,0,0,64,0,0,0,0
2000242,0.0,0.05,0.75,4.1915781249999995,4.199999999999999,0.008421875000000006,-3,8.421875,2.578125,0.09375,0.046875,0.0,0.6000000000000008,0.5,0.6120400225670516,0.050001348687695193,0.41269315257477157,0.05,-0.4,4.6,2.0,7.0,0,0,0,0,0,64,0,0,0,0
2000243,0.0,0.05,0.75,5.596249999999999,5.599999999999999,0.0037500000000000016,-1,3.75,1.5625,0.140625,0.125,0.0,0.6000000000000008,0.5,0.5074389876674197,0.0502493014434354,0.045382076259177,0.05,-0.6000000000000001,6.199999999999998,3.0,14.0,0,0,0,0,0,64,0,0,0,0
2000244,0.0,0.05,0.75,5.994937499999999,5.999999999999999,0.005062500000000004,-3,5.0625,2.09375,0.140625,0.09375,0.0,0.6000000000000008,0.5,0.5424177906926507,0.050121253330144756,0.16687361614635476,0.05,-0.4,6.3999999999999995,2.0,13.0,0,0,0,0,0,64,0,0,0,0
2000245,0.0,0.05,0.75,0.787828125,0.8,0.012171875000000009,5,12.171875,3.109375,0.046875,0.125,0.0,0.6000000000000008,0.5,0.31158160695742676,0.05001373757809653,0.00776203150999777,0.05,-0.6000000000000001,1.4000000000000004,3.0,8.0,0,0,0,0,0,64,0,0,0,0
2000246,0.0,0.05,0.75,1.9960000000000004,2.0000000000000004,0.004000000000000003,2,4.0,1.625,0.0625,0.09375,0.0,0.6000000000000008,0.5,0.44470499021506227,0.05000180898467679,0.042626421896487854,0.05,-0.6000000000000001,2.6000000000000005,3.0,7.0,0,0,0,0,0,64,0,0,0,0
2000247,1.0,0.05,0.75,1.154671875000003,1.2000000000000028,0.04532812500000002,-9,45.328125,6.015625,0.21875,0.078125,0.0,0.6000000000000008,0.5,0.7679812723882421,0.0720603626821525,0.649067955847532,0.05,-0.19999999999999996,1.4000000000000008,1.0,18.0,0,0,0,0,0,64,0,0,0,0
2000248,0.0,0.05,0.75,3.3962499999999993,3.3999999999999995,0.003750000000000003,1,3.75,1.65625,0.09375,0.109375,0.0,0.6000000000000008,0.5,0.48534886853561365,0.05001190817662921,0.03807664237227116,0.05,-0.6000000000000001,3.999999999999999,3.0,10.0,0,0,0,0,0,64,0,0,0,0
2000249,1.0,0.05,0.75,-0.029421875000000007,0.0,0.029421875000000007,-9,29.421875,4.546875,0.1875,0.046875,0.0,0.6000000000000008,0.5,0.84212067101051,0.05101574772905402,0.8102571369822895,0.05,-0.19999999999999996,0.20000000000000062,1.0,14.0,0,0,0,0,0,64,0,0,0,0
2000250,0.0,0.05,0.75,6.594453124999998,6.599999999999998,0.005546875000000004,-3,5.546875,1.984375,0.15625,0.109375,0.0,0.6000000000000008,0.5,0.5309316673271758,0.05055259765120857,0.11646736457120126,0.05,-1.2,7.799999999999999,6.0,11.0,0,0,0,0,0,64,0,0,0,0
2000251,1.0,0.05,0.75,0.9865624999999982,0.9999999999999982,0.01343750000000001,-7,13.4375,3.15625,0.171875,0.0625,0.0,0.6000000000000008,0.5,0.7194971713361435,0.05057975214322689,0.606304609587044,0.05,0.0,1.0000000000000007,0.0,15.0,0,0,0,0,0,64,0,0,0,0
2000252,0.0,0.05,0.75,6.396171874999998,6.399999999999998,0.0038281250000000017,-2,3.828125,1.578125,0.15625,0.125,0.0,0.6000000000000008,0.5,0.5149674908201576,0.05076342334813962,0.06034471064474157,0.05,-0.8,7.199999999999998,4.0,14.0,0,0,0,0,0,64,0,0,0,0
2000253,0.0,0.05,0.75,0.7659375000000003,0.8000000000000003,0.03406250000000001,8,34.0625,5.5,0.0625,0.1875,0.0,0.6000000000000008,0.5,0.2410038107712162,0.05169688933094267,0.0005949396987295975,0.049999999999999996,-1.7999999999999998,2.6000000000000005,9.0,7.0,0,0,0,0,0,64,0,0,0,0
2000254,0.0,0.05,0.75,8.596484374999998,8.599999999999998,0.0035156250000000023,-4,3.515625,1.421875,0.203125,0.140625,0.0,0.6000000000000008,0.5,0.5850736324824345,0.0839138622769729,0.07160449373558225,0.05,-1.0,9.6,5.0,17.0,0,0,0,0,0,64,0,0,0,0
2000255,1.0,0.05,0.75,1.1940156249999985,1.1999999999999984,0.005984375000000004,-6,5.984375,2.078125,0.15625,0.0625,0.0,0.6000000000000008,0.5,0.6811244536400773,0.05019254820704264,0.5327159086609199,0.05,0.0,1.2000000000000006,0.0,14.0,0,0,0,0,0,64,0,0,0,0
2000256,1.0,0.05,0.75,-2.466078124999997,-2.399999999999997,0.06607812500000003,-15,66.078125,7.109375,0.25,0.015625,0.0,0.6000000000000008,0.5,0.9853357365305022,0.07245430669049102,0.9835839551593993,0.05,-0.5999999999999999,-1.7999999999999994,3.0,14.0,0,0,0,0,0,64,0,0,0,0
2000257,1.0,0.05,0.75,-0.017546875000000902,-8.881784197001252e-16,0.017546875000000014,-6,17.546875,3.765625,0.125,0.03125,0.0,0.6000000000000008,0.5,0.7787672621316772,0.05000945399964688,0.7246783594825659,0.05,-0.5999999999999999,0.6000000000000003,3.0,7.0,0,0,0,0,0,64,0,0,0,0
2000258,1.0,0.05,0.75,-1.4777656249999969,-1.3999999999999968,0.07776562499999999,-13,77.765625,7.953125,0.234375,0.03125,0.0,0.6000000000000008,0.5,0.9599239648268092,0.06222085293796448,0.9557680118210874,0.049999999999999996,-0.9999999999999998,-0.39999999999999947,5.0,12.0,0,0,0,0,0,64,0,0,0,0
2000259,0.0,0.05,0.75,5.798109374999999,5.799999999999999,0.001890625000000001,-2,1.890625,1.109375,0.140625,0.109375,0.0,0.6000000000000008,0.5,0.5198716207136878,0.05016692045054768,0.08890560802337812,0.05,-0.2,5.999999999999999,1.0,15.0,0,0,0,0,0,64,0,0,0,0
2000260,0.0,0.05,0.75,5.395921874999999,5.3999999999999995,0.004078125000000003,-3,4.078125,1.859375,0.125,0.078125,0.0,0.6000000000000008,0.5,0.5591635670596926,0.050026739029363616,0.2333340424873624,0.05000000000000001,-0.2,5.6,1.0,12.0,0,0,0,0,0,64,0,0,0,0
2000261,0.0,0.05,0.75,2.7731093749999998,2.8,0.026890625000000015,4,26.890625,4.890625,0.09375,0.15625,0.0,0.6000000000000008,0.5,0.44008956742516436,0.050402609344080904,0.004556190836479362,0.05000000000000002,-0.4,3.2,2.0,14.0,0,0,0,0,0,64,0,0,0,0
2000262,0.0,0.05,0.75,5.198499999999999,5.199999999999999,0.0015000000000000005,-2,1.5,0.8125,0.125,0.09375,0.0,0.6000000000000008,0.5,0.527882343310917,0.050036633066879097,0.12912665937884618,0.05,-0.4,5.6,2.0,12.0,0,0,0,0,0,64,0,0,0,0
2000263,0.0,0.05,0.75,6.398281249999998,6.399999999999999,0.001718750000000001,-2,1.71875,1.0,0.15625,0.125,0.0,0.6000000000000008,0.5,0.514967490820158,0.05076342334813961,0.06034471064474152,0.049999999999999996,-0.6000000000000001,6.999999999999999,3.0,15.0,0,0,0,0,0,64,0,0,0,0
2000264,0.0,0.05,0.75,1.1975937500000005,1.2000000000000004,0.0024062500000000017,3,2.40625,1.34375,0.046875,0.09375,0.0,0.6000000000000008,0.5,0.3879599774329491,0.050001348687695193,0.03190790184174749,0.049999999999999996,-0.6000000000000001,1.8,3.0,6.0,0,0,0,0,0,64,0,0,0,0
2000265,1.0,0.05,0.75,-3.0787187499999984,-2.9999999999999982,0.07871874999999999,-15,78.71875,7.78125,0.234375,0.0,0.0,0.6000000000000008,0.5,0.9895602547247766,0.056930764177345536,0.9891353019870371,0.05,-0.7999999999999998,-2.1999999999999993,4.0,11.0,0,0,0,0,0,64,0,0,0,0
2000266,0.0,0.05,0.75,6.788140624999997,6.799999999999997,0.011859375000000007,-1,11.859375,3.109375,0.171875,0.15625,0.0,0.6000000000000008,0.5,0.5087917602872918,0.05521169939849338,0.020174976173930836,0.05,-1.2,7.999999999999999,6.0,15.0,0,0,0,0,0,64,0,0,0,0
2000267,1.0,0.05,0.75,0.5761874999999987,0.5999999999999988,0.0238125,-6,23.8125,4.0625,0.140625,0.046875,0.0,0.6000000000000008,0.5,0.7287317863791395,0.05004189622333955,0.634000873470428,0.05,0.0,0.6000000000000005,0.0,12.0,0,0,0,0,0,64,0,0,0,0
2000268,0.0,0.05,0.75,2.5982031249999995,2.5999999999999996,0.0017968750000000012,2,1.796875,1.046875,0.078125,0.109375,0.0,0.6000000000000008,0.5,0.460649707089694,0.0500080964237534,0.028468156513122258,0.049999999999999996,-0.6000000000000001,3.1999999999999993,3.0,9.0,0,0,0,0,0,64,0,0,0,0
2000269,1.0,0.05,0.75,-2.234531250000001,-2.200000000000001,0.034531250000000006,-11,34.53125,4.6875,0.171875,0.0,0.0,0.6000000000000008,0.5,0.9658138215572707,0.05011535647711725,0.9647123079431447,0.049999999999999996,-0.7999999999999998,-1.3999999999999997,4.0,7.0,0,0,0,0,0,64,0,0,0,0
2000270,0.0,0.05,0.75,5.196374999999999,5.199999999999999,0.0036250000000000024,-2,3.625,1.6875,0.125,0.09375,0.0,0.6000000000000008,0.5,0.5278823433109168,0.0500366330668791,0.12912665937884568,0.05,-1.0,6.199999999999999,5.0,9.0,0,0,0,0,0,64,0,0,0,0
2000271,0.0,0.05,0.75,5.990109374999999,5.999999999999999,0.009890625000000005,-6,9.890625,2.390625,0.125,0.03125,0.0,0.6000000000000008,0.5,0.7787672621316767,0.050009453999646875,0.7246783594825653,0.05,0.0,5.999999999999999,0.0,10.0,0,0,0,0,0,64,0,0,0,0
2000272,0.0,0.05,0.75,3.5979687499999997,3.5999999999999996,0.0020312500000000014,0,2.03125,1.28125,0.09375,0.09375,0.0,0.6000000000000008,0.5,0.4999999999999999,0.050004786197771774,0.07514543856402008,0.049999999999999996,-0.2,3.8,1.0,11.0,0,0,0,0,0,64,0,0,0,0
2000273,1.0,0.05,0.75,1.1847187499999985,1.1999999999999984,0.015281250000000012,-6,15.28125,3.3125,0.15625,0.0625,0.0,0.6000000000000008,0.5,0.6811244536400776,0.05019254820704262,0.5327159086609196,0.05,-0.19999999999999996,1.4000000000000006,1.0,13.0,0,0,0,0,0,64,0,0,0,0
2000274,1.0,0.05,0.75,0.5662812500000014,0.6000000000000014,0.03371875000000001,-9,33.71875,5.34375,0.203125,0.0625,0.0,0.6000000000000008,0.5,0.7988524559283033,0.05481440835980122,0.7375577503853923,0.05000000000000001,-0.5999999999999999,1.2000000000000006,3.0,14.0,0,0,0,0,0,64,0,0,0,0
2000275,1.0,0.05,0.75,-1.687968749999996,-1.599999999999996,0.08796874999999997,-14,87.96875,7.90625,0.25,0.03125,0.0,0.6000000000000008,0.5,0.972010874979539,0.08065926193373202,0.9668762872780626,0.05000000000000001,-0.9999999999999998,-0.5999999999999992,5.0,13.0,0,0,0,0,0,64,0,0,0,0
2000276,1.0,0.05,0.75,-1.4459062499999968,-1.3999999999999968,0.04590625000000001,-13,45.90625,5.5,0.234375,0.03125,0.0,0.6000000000000008,0.5,0.9599239648268093,0.06222085293796438,0.9557680118210874,0.05,-0.7999999999999998,-0.5999999999999994,4.0,13.0,0,0,0,0,0,64,0,0,0,0
2000277,1.0,0.05,0.75,-0.6165156250000015,-0.6000000000000014,0.016515625000000006,-9,16.515625,3.140625,0.171875,0.03125,0.0,0.6000000000000008,0.5,0.8821756833697578,0.05022403420085195,0.8664641044636614,0.05,-0.9999999999999998,0.40000000000000036,5.0,8.0,0,0,0,0,0,64,0,0,0,0
2000278,1.0,0.05,0.75,1.585124999999998,1.5999999999999979,0.014875000000000011,-7,14.875,3.5,0.1875,0.078125,0.0,0.6000000000000008,0.5,0.6757761507604987,0.05272865993452384,0.5033590778162518,0.05000000000000001,-0.3999999999999999,2.0,2.0,15.0,0,0,0,0,0,64,0,0,0,0
2000279,0.0,0.05,0.75,4.998796874999999,4.999999999999999,0.0012031250000000006,-1,1.203125,0.828125,0.125,0.109375,0.0,0.6000000000000008,0.5,0.5103289842306693,0.05005435216742094,0.06736895075198182,0.05000000000000001,-0.4,5.3999999999999995,2.0,13.0,0,0,0,0,0,64,0,0,0,0
2000280,1.0,0.05,0.75,1.1831406249999983,1.1999999999999984,0.016859375000000013,-6,16.859375,3.609375,0.15625,0.0625,0.0,0.6000000000000008,0.5,0.6811244536400776,0.05019254820704264,0.5327159086609197,0.05,-0.5999999999999999,1.8000000000000005,3.0,11.0,0,0,0,0,0,64,0,0,0,0
2000281,1.0,0.05,0.75,-0.4569062499999951,-0.399999999999995,0.056906250000000026,-14,56.90625,6.375,0.28125,0.0625,0.0,0.6000000000000008,0.5,0.9831054218729529,0.2373443642230449,0.9267010069988763,0.05,-0.5999999999999999,0.20000000000000084,3.0,19.0,0,0,0,0,0,64,0,0,0,0
2000282,1.0,0.05,0.75,-1.679140624999996,-1.599999999999996,0.079140625,-14,79.140625,7.734375,0.25,0.03125,0.0,0.6000000000000008,0.5,0.9720108749795389,0.08065926193373203,0.9668762872780624,0.049999999999999996,-1.3999999999999997,-0.1999999999999995,7.0,11.0,0,0,0,0,0,64,0,0,0,0
2000283,0.0,0.05,0.75,1.7930937499999997,1.7999999999999998,0.006906250000000004,6,6.90625,2.1875,0.078125,0.171875,0.0,0.6000000000000008,0.5,0.36007184097513445,0.05089546523590178,0.0016479422869921613,0.05000000000000001,-1.4,3.2,7.0,9.0,0,0,0,0,0,64,0,0,0,0
2000284,1.0,0.05,0.75,-1.4695468749999967,-1.3999999999999968,0.06954687500000001,-13,69.546875,7.515625,0.234375,0.03125,0.0,0.6000000000000008,0.5,0.9599239648268091,0.062220852937964415,0.9557680118210874,0.05,-0.19999999999999996,-1.1999999999999993,1.0,16.0,0,0,0,0,0,64,0,0,0,0
2000285,1.0,0.05,0.75,-0.23681249999999932,-0.1999999999999993,0.03681250000000002,-10,36.8125,5.4375,0.203125,0.046875,0.0,0.6000000000000008,0.5,0.8738066245602872,0.052810125959977944,0.8522597895823483,0.05,-0.7999999999999998,0.6000000000000005,4.0,12.0,0,0,0,0,0,64,0,0,0,0
2000286,0.0,0.05,0.75,8.181734375,8.2,0.01826562500000001,-8,18.265625,3.296875,0.171875,0.046875,0.0,0.6000000000000008,0.5,0.8068709521668116,0.050359225407098536,0.7596803231267497,0.05,-0.4,8.6,2.0,12.0,0,0,0,0,0,64,0,0,0,0
2000287,1.0,0.05,0.75,2.193078124999998,2.1999999999999984,0.006921875000000005,-4,6.921875,2.203125,0.140625,0.078125,0.0,0.6000000000000008,0.5,0.5820510843804472,0.05008827563996599,0.2913521698257676,0.05,-0.3999999999999999,2.6000000000000005,2.0,12.0,0,0,0,0,0,64,0,0,0,0
2000288,1.0,0.05,0.75,-0.6611874999999979,-0.5999999999999979,0.06118750000000002,-12,61.1875,6.90625,0.234375,0.046875,0.0,0.6000000000000008,0.5,0.9271429271556034,0.06957555548618216,0.9132472320601315,0.05,-0.9999999999999998,0.4000000000000006,5.0,13.0,0,0,0,0,0,64,0,0,0,0
2000289,1.0,0.05,0.75,-1.4361406250000004,-1.4000000000000004,0.036140625000000016,-10,36.140625,5.390625,0.171875,0.015625,0.0,0.6000000000000008,0.5,0.934574961027849,0.05015120353908666,0.9301615151943894,0.05,-0.9999999999999998,-0.3999999999999997,5.0,7.0,0,0,0,0,0,64,0,0,0,0
2000290,0.0,0.05,0.75,4.587906249999998,4.599999999999998,0.012093750000000007,4,12.09375,3.0625,0.140625,0.203125,0.0,0.6000000000000008,0.5,0.41492636751756573,0.08391386227697298,0.0013029672685578894,0.05,-0.8,5.399999999999999,4.0,18.0,0,0,0,0,0,64,0,0,0,0
2000291,0.0,0.05,0.75,5.19840625,5.199999999999999,0.0015937500000000008,-2,1.59375,0.90625,0.125,0.09375,0.0,0.6000000000000008,0.5,0.5278823433109174,0.05003663306687912,0.1291266593788458,0.05,-0.6000000000000001,5.799999999999999,3.0,11.0,0,0,0,0,0,64,0,0,0,0
2000292,0.0,0.05,0.75,7.1910937499999985,7.199999999999998,0.008906250000000006,-6,8.90625,2.53125,0.15625,0.0625,0.0,0.6000000000000008,0.5,0.6811244536400773,0.05019254820704263,0.5327159086609199,0.04999999999999999,-0.2,7.399999999999999,1.0,13.0,0,0,0,0,0,64,0,0,0,0
2000293,1.0,0.05,0.75,-0.2185468749999993,-0.1999999999999993,0.018546875000000008,-10,18.546875,3.234375,0.203125,0.046875,0.0,0.6000000000000008,0.5,0.8738066245602871,0.052810125959977944,0.8522597895823485,0.05000000000000001,-0.3999999999999999,0.20000000000000062,2.0,14.0,0,0,0,0,0,64,0,0,0,0
2000294,1.0,0.05,0.75,0.39439062499999944,0.39999999999999947,0.005609375000000004,-4,5.609375,2.046875,0.09375,0.03125,0.0,0.6000000000000008,0.5,0.6935981495161776,0.050001012233760404,0.5905596912997234,0.05000000000000002,-0.19999999999999996,0.6000000000000003,1.0,7.0,0,0,0,0,0,64,0,0,0,0
2000295,1.0,0.05,0.75,0.9763281250000018,1.0000000000000018,0.023671875000000016,-10,23.671875,3.953125,0.234375,0.078125,0.0,0.6000000000000008,0.5,0.8298294017290077,0.10425672642405781,0.7141649323606013,0.05000000000000001,-0.5999999999999999,1.6000000000000003,3.0,17.0,0,0,0,0,0,64,0,0,0,0
2000296,0.0,0.05,0.75,6.9964218749999985,6.999999999999998,0.0035781250000000027,-2,3.578125,1.609375,0.171875,0.140625,0.0,0.6000000000000008,0.5,0.515144098358685,0.05347725532643044,0.040550626954236994,0.05000000000000001,-0.2,7.199999999999998,1.0,19.0,0,0,0,0,0,64,0,0,0,0
2000297,0.0,0.05,0.75,3.99896875,4.0,0.0010312500000000005,-2,1.03125,0.6875,0.09375,0.0625,0.0,0.6000000000000008,0.5,0.5552950097849378,0.05000180898467681,0.25502943384573834,0.049999999999999996,-0.6000000000000001,4.6,3.0,7.0,0,0,0,0,0,64,0,0,0,0
2000298,1.0,0.05,0.75,0.5836718749999996,0.5999999999999996,0.016328125000000006,-9,16.328125,3.359375,0.203125,0.0625,0.0,0.6000000000000008,0.5,0.7988524559283031,0.054814408359801205,0.7375577503853933,0.05,-0.3999999999999999,1.0000000000000007,2.0,15.0,0,0,0,0,0,64,0,0,0,0
2000299,1.0,0.05,0.75,0.7843906249999989,0.7999999999999989,0.015609375000000009,-8,15.609375,3.265625,0.1875,0.0625,0.0,0.6000000000000008,0.5,0.7589961892287839,0.05169688933094265,0.6753666156725161,0.05,-0.7999999999999998,1.6,4.0,12.0,0,0,0,0,0,64,0,0,0,0
2000300,0.0,0.05,0.75,5.196249999999999,5.199999999999999,0.003750000000000003,-2,3.75,1.6875,0.125,0.09375,0.0,0.6000000000000008,0.5,0.5278823433109168,0.050036633066879097,0.1291266593788465,0.05000000000000001,-1.0,6.199999999999999,5.0,9.0,0,0,0,0,0,64,0,0,0,0
2000301,0.0,0.05,0.75,5.996578124999998,5.999999999999998,0.003421875000000002,-3,3.421875,1.546875,0.140625,0.09375,0.0,0.6000000000000008,0.5,0.5424177906926505,0.05012125333014475,0.16687361614635454,0.049999999999999996,-0.8,6.799999999999999,4.0,11.0,0,0,0,0,0,64,0,0,0,0
2000302,0.0,0.05,0.75,3.796937499999999,3.799999999999999,0.003062500000000002,-1,3.0625,1.65625,0.09375,0.078125,0.0,0.6000000000000008,0.5,0.5208226066889234,0.05000262782403917,0.14293933298391054,0.05000000000000001,-0.4,4.199999999999999,2.0,9.0,0,0,0,0,0,64,0,0,0,0
2000303,1.0,0.05,0.75,0.38145312499999856,0.3999999999999986,0.018546875000000004,-7,18.546875,3.171875,0.15625,0.046875,0.0,0.6000000000000008,0.5,0.7686940361844824,0.05012422217297084,0.7006035450357833,0.05,-0.3999999999999999,0.8000000000000005,2.0,11.0,0,0,0,0,0,64,0,0,0,0
2000304,0.0,0.05,0.75,4.399078124999998,4.399999999999999,0.0009218750000000006,2,0.921875,0.703125,0.125,0.15625,0.0,0.6000000000000008,0.5,0.48503250917984225,0.05076342334813962,0.008283321396163933,0.05,-0.8,5.199999999999998,4.0,14.0,0,0,0,0,0,64,0,0,0,0
2000305,0.0,0.05,0.75,4.399484374999999,4.3999999999999995,0.0005156250000000003,-1,0.515625,0.515625,0.109375,0.09375,0.0,0.6000000000000008,0.5,0.5146511314643861,0.050011908176629205,0.09890446288834845,0.049999999999999996,-0.8,5.199999999999999,4.0,9.0,0,0,0,0,0,64,0,0,0,0
2000306,0.0,0.05,0.75,5.193718749999999,5.199999999999998,0.006281250000000004,-2,6.28125,2.125,0.125,0.09375,0.0,0.6000000000000008,0.5,0.5278823433109169,0.05003663306687911,0.12912665937884618,0.05,-1.0,6.199999999999999,5.0,9.0,0,0,0,0,0,64,0,0,0,0
2000307,1.0,0.05,0.75,1.5974062499999997,1.5999999999999996,0.0025937500000000014,-4,2.59375,1.21875,0.125,0.0625,0.0,0.6000000000000008,0.5,0.6117405219478507,0.05001948237185863,0.3845079804295564,0.05,-0.19999999999999996,1.8,1.0,11.0,0,0,0,0,0,64,0,0,0,0
2000308,1.0,0.05,0.75,-2.900406249999995,-2.7999999999999954,0.10040624999999999,-17,100.40625,8.46875,0.28125,0.015625,0.0,0.6000000000000008,0.5,0.9948935234511858,0.15757815922549465,0.9909370120010642,0.05,-0.5999999999999999,-2.2,3.0,16.0,0,0,0,0,0,64,0,0,0,0
2000309,1.0,0.05,0.75,3.1854843749999975,3.1999999999999975,0.01451562500000001,-5,14.515625,3.359375,0.1875,0.109375,0.0,0.6000000000000008,0.5,0.5681755402368033,0.05593684684619165,0.1939088189945685,0.05000000000000001,-0.5999999999999999,3.8,3.0,16.0,0,0,0,0,0,64,0,0,0,0
2000310,1.0,0.05,0.75,-3.682749999999996,-3.599999999999996,0.08275000000000002,-18,82.75,7.78125,0.28125,0.0,0.0,0.6000000000000008,0.5,0.9972918534557469,0.14655070390572084,0.9955640813968957,0.05,-0.9999999999999998,-2.5999999999999996,5.0,13.0,0,0,0,0,0,64,0,0,0,0
2000311,1.0,0.05,0.75,-0.2326718749999993,-0.1999999999999993,0.03267187500000002,-10,32.671875,4.765625,0.203125,0.046875,0.0,0.6000000000000008,0.5,0.8738066245602872,0.05281012595997795,0.8522597895823482,0.05,-0.7999999999999998,0.6000000000000005,4.0,12.0,0,0,0,0,0,64,0,0,0,0
2000312,1.0,0.05,0.75,2.1886874999999986,2.1999999999999984,0.011312500000000007,-4,11.3125,2.75,0.140625,0.078125,0.0,0.6000000000000008,0.5,0.582051084380447,0.050088275639965985,0.2913521698257672,0.049999999999999996,-0.7999999999999998,3.0,4.0,10.0,0,0,0,0,0,64,0,0,0,0
2000313,0.0,0.05,0.75,8.367578124999998,8.399999999999999,0.03242187500000002,-9,32.421875,5.171875,0.171875,0.03125,0.0,0.6000000000000008,0.5,0.8821756833697578,0.05022403420085195,0.8664641044636608,0.05000000000000001,-0.4,8.799999999999999,2.0,11.0,0,0,0,0,0,64,0,0,0,0
2000314,1.0,0.05,0.75,-2.036875000000001,-2.000000000000001,0.036875000000000026,-10,36.875,5.25,0.15625,0.0,0.0,0.6000000000000008,0.5,0.954725856746623,0.05004098760663322,0.9529136679184865,0.05,0.0,-1.9999999999999996,0.0,10.0,0,0,0,0,0,64,0,0,0,0
2000315,1.0,0.05,0.75,-2.2488124999999974,-2.1999999999999975,0.04881250000000003,-14,48.8125,5.625,0.234375,0.015625,0.0,0.6000000000000008,0.5,0.9792221434647056,0.05862003076816913,0.9779509423448588,0.05,-0.3999999999999999,-1.7999999999999994,2.0,14.0,0,0,0,0,0,64,0,0,0,0
2000316,1.0,0.05,0.75,-0.21431250000000107,-0.20000000000000107,0.01431250000000001,-7,14.3125,3.09375,0.140625,0.03125,0.0,0.6000000000000008,0.5,0.8174588959995314,0.050027708982299156,0.7804930691475506,0.049999999999999996,-0.19999999999999996,4.440892098500626e-16,1.0,10.0,0,0,0,0,0,64,0,0,0,0
2000317,1.0,0.05,0.75,-0.8250937500000007,-0.8000000000000007,0.025093750000000015,-10,25.09375,4.09375,0.1875,0.03125,0.0,0.6000000000000008,0.5,0.907557188020423,0.05062267802940902,0.8975969384928342,0.05,-0.7999999999999998,4.440892098500626e-16,4.0,10.0,0,0,0,0,0,64,0,0,0,0
2000318,1.0,0.05,0.75,-0.21460937500000107,-0.20000000000000107,0.014609375000000011,-7,14.609375,3.359375,0.140625,0.03125,0.0,0.6000000000000008,0.5,0.8174588959995319,0.050027708982299156,0.7804930691475499,0.049999999999999996,-0.9999999999999998,0.8000000000000003,5.0,6.0,0,0,0,0,0,64,0,0,0,0
2000319,1.0,0.05,0.75,2.189171874999998,2.1999999999999984,0.010828125000000006,-4,10.828125,2.796875,0.140625,0.078125,0.0,0.6000000000000008,0.5,0.5820510843804471,0.05008827563996599,0.29135216982576745,0.05,-0.19999999999999996,2.4000000000000004,1.0,13.0,0,0,0,0,0,64,0,0,0,0
2000320,1.0,0.05,0.75,-0.668421874999998,-0.5999999999999979,0.06842187500000002,-12,68.421875,7.265625,0.234375,0.046875,0.0,0.6000000000000008,0.5,0.9271429271556036,0.06957555548618209,0.9132472320601313,0.05000000000000001,-1.1999999999999997,0.6000000000000005,6.0,12.0,0,0,0,0,0,64,0,0,0,0
2000321,1.0,0.05,0.75,2.9910937499999983,2.9999999999999982,0.008906250000000006,-3,8.90625,2.625,0.140625,0.09375,0.0,0.6000000000000008,0.5,0.542417790692651,0.050121253330144756,0.16687361614635493,0.05,-0.19999999999999996,3.2,1.0,14.0,0,0,0,0,0,64,0,0,0,0
2000322,0.0,0.05,0.75,3.1953906249999995,3.1999999999999993,0.004609375000000003,2,4.609375,1.859375,0.09375,0.125,0.0,0.6000000000000008,0.5,0.47211765668908323,0.05003663306687911,0.018919592205066248,0.05,-0.4,3.5999999999999996,2.0,12.0,0,0,0,0,0,64,0,0,0,0
2000323,1.0,0.05,0.75,-0.8217343750000007,-0.8000000000000007,0.02173437500000001,-10,21.734375,3.640625,0.1875,0.03125,0.0,0.6000000000000008,0.5,0.9075571880204231,0.05062267802940903,0.8975969384928342,0.05000000000000001,-0.5999999999999999,-0.1999999999999995,3.0,11.0,0,0,0,0,0,64,0,0,0,0
2000324,1.0,0.05,0.75,-3.5053593749999967,-3.399999999999997,0.105359375,-17,105.359375,9.265625,0.265625,0.0,0.0,0.6000000000000008,0.5,0.9951465568274829,0.09577429489179394,0.9940169311524397,0.05,-0.5999999999999999,-2.8,3.0,14.0,0,0,0,0,0,64,0,0,0,0
2000325,1.0,0.05,0.75,1.9889687499999982,1.9999999999999982,0.011031250000000008,-5,11.03125,2.9375,0.15625,0.078125,0.0,0.6000000000000008,0.5,0.6088383653706759,0.05028505007189022,0.3570773963529913,0.05,-0.3999999999999999,2.4000000000000004,2.0,13.0,0,0,0,0,0,64,0,0,0,0
2000326,1.0,0.05,0.75,2.3961406249999984,2.3999999999999986,0.0038593750000000026,-3,3.859375,1.546875,0.125,0.078125,0.0,0.6000000000000008,0.5,0.5591635670596923,0.05002673902936361,0.23333404248736359,0.05,-0.3999999999999999,2.8,2.0,11.0,0,0,0,0,0,64,0,0,0,0
2000327,0.0,0.05,0.75,2.5982343750000005,2.6000000000000005,0.0017656250000000011,2,1.765625,1.109375,0.078125,0.109375,0.0,0.6000000000000008,0.5,0.46064970708969377,0.0500080964237534,0.028468156513122234,0.05000000000000001,-0.6000000000000001,3.2,3.0,9.0,0,0,0,0,0,64,0,0,0,0
2000328,0.0,0.05,0.75,5.798296874999998,5.799999999999998,0.001703125000000001,1,1.703125,1.046875,0.15625,0.171875,0.0,0.6000000000000008,0.5,0.49120823971270816,0.05521169939849336,0.007370969272363835,0.05,-1.0,6.799999999999998,5.0,16.0,0,0,0,0,0,64,0,0,0,0
2000329,0.0,0.05,0.75,7.994312499999999,7.999999999999998,0.005687500000000004,-4,5.6875,2.03125,0.1875,0.125,0.0,0.6000000000000008,0.5,0.5453870079987755,0.05822649458040438,0.10489966582450976,0.05,-0.4,8.399999999999999,2.0,18.0,0,0,0,0,0,64,0,0,0,0
2000330,1.0,0.05,0.75,-0.8339062500000007,-0.8000000000000007,0.03390625000000002,-10,33.90625,5.03125,0.1875,0.03125,0.0,0.6000000000000008,0.5,0.9075571880204227,0.05062267802940902,0.8975969384928342,0.05000000000000001,-0.3999999999999999,-0.39999999999999947,2.0,12.0,0,0,0,0,0,64,0,0,0,0
2000331,0.0,0.05,0.75,3.5984843749999986,3.5999999999999988,0.0015156250000000007,0,1.515625,0.921875,0.09375,0.09375,0.0,0.6000000000000008,0.5,0.5000000000000002,0.050004786197771774,0.07514543856402013,0.05,-0.8,4.3999999999999995,4.0,8.0,0,0,0,0,0,64,0,0,0,0
2000332,1.0,0.05,0.75,2.9988281249999984,2.9999999999999982,0.0011718750000000006,-3,1.171875,0.796875,0.140625,0.09375,0.0,0.6000000000000008,0.5,0.5424177906926512,0.05012125333014476,0.1668736161463547,0.04999999999999999,-0.5999999999999999,3.5999999999999996,3.0,12.0,0,0,0,0,0,64,0,0,0,0
2000333,0.0,0.05,0.75,8.19209375,8.2,0.007906250000000004,-5,7.90625,2.0,0.1875,0.109375,0.0,0.6000000000000008,0.5,0.5681755402368025,0.055936846846191636,0.1939088189945685,0.05000000000000001,-0.8,9.000000000000002,4.0,15.0,0,0,0,0,0,64,0,0,0,0
2000334,1.0,0.05,0.75,-1.4485937499999986,-1.3999999999999986,0.04859375000000001,-13,48.59375,6.34375,0.234375,0.03125,0.0,0.6000000000000008,0.5,0.959923964826809,0.06222085293796442,0.9557680118210874,0.049999999999999996,-0.5999999999999999,-0.7999999999999994,3.0,14.0,0,0,0,0,0,64,0,0,0,0
2000335,1.0,0.05,0.75,0.9712968750000017,1.0000000000000018,0.028703125000000006,-10,28.703125,4.859375,0.234375,0.078125,0.0,0.6000000000000008,0.5,0.8298294017290084,0.10425672642405773,0.714164932360601,0.05,-0.3999999999999999,1.4000000000000008,2.0,18.0,0,0,0,0,0,64,0,0,0,0
2000336,0.0,0.05,0.75,3.797484374999999,3.799999999999999,0.0025156250000000014,-1,2.515625,1.359375,0.09375,0.078125,0.0,0.6000000000000008,0.5,0.5208226066889238,0.05000262782403917,0.14293933298391048,0.05,-0.6000000000000001,4.3999999999999995,3.0,8.0,0,0,0,0,0,64,0,0,0,0
2000337,1.0,0.05,0.75,2.999578125,3.0,0.00042187500000000027,0,0.421875,0.421875,0.078125,0.078125,0.0,0.6000000000000008,0.5,0.49999999999999983,0.05000105616558372,0.10989221261707924,0.05,-0.19999999999999996,3.1999999999999993,1.0,9.0,0,0,0,0,0,64,0,0,0,0
2000338,0.0,0.05,0.75,9.561765625000001,9.600000000000001,0.038234375,-9,38.234375,5.484375,0.203125,0.0625,0.0,0.6000000000000008,0.5,0.7988524559283035,0.054814408359801184,0.7375577503853926,0.05,-0.4,10.000000000000002,2.0,15.0,0,0,0,0,0,64,0,0,0,0
2000339,0.0,0.05,0.75,2.5993437499999996,2.5999999999999996,0.0006562500000000004,2,0.65625,0.53125,0.078125,0.109375,0.0,0.6000000000000008,0.5,0.46064970708969416,0.0500080964237534,0.028468156513122372,0.05,-0.2,2.8,1.0,11.0,0,0,0,0,0,64,0,0,0,0
2000340,0.0,0.05,0.75,11.533343750000002,11.600000000000001,0.06665625000000001,-13,66.65625,6.71875,0.234375,0.03125,0.0,0.6000000000000008,0.5,0.9599239648268092,0.062220852937964435,0.9557680118210874,0.05,-0.4,12.000000000000002,2.0,15.0,0,0,0,0,0,64,0,0,0,0
2000341,1.0,0.05,0.75,-0.021078125000000014,0.0,0.021078125000000014,-9,21.078125,3.953125,0.1875,0.046875,0.0,0.6000000000000008,0.5,0.84212067101051,0.051015747729054026,0.8102571369822895,0.049999999999999996,-0.9999999999999998,1.0000000000000002,5.0,10.0,0,0,0,0,0,64,0,0,0,0
2000342,0.0,0.05,0.75,11.370640625000002,11.400000000000002,0.029359375000000007,-12,29.359375,4.015625,0.234375,0.046875,0.0,0.6000000000000008,0.5,0.9271429271556036,0.06957555548618206,0.9132472320601313,0.05,-0.2,11.600000000000001,1.0,17.0,0,0,0,0,0,64,0,0,0,0
2000343,0.0,0.05,0.75,5.392124999999998,5.399999999999999,0.007875000000000004,-3,7.875,2.34375,0.125,0.078125,0.0,0.6000000000000008,0.5,0.5591635670596918,0.0500267390293636,0.23333404248736336,0.05,-0.4,5.799999999999999,2.0,11.0,0,0,0,0,0,64,0,0,0,0
2000344,0.0,0.05,0.75,7.393156249999998,7.399999999999998,0.006843750000000004,-4,6.84375,2.28125,0.171875,0.109375,0.0,0.6000000000000008,0.5,0.5457301664638661,0.05183566360287657,0.15115600426096082,0.05,-1.0,8.399999999999999,5.0,13.0,0,0,0,0,0,64,0,0,0,0
2000345,1.0,0.05,0.75,1.9883749999999982,1.9999999999999982,0.011625000000000009,-5,11.625,3.03125,0.15625,0.078125,0.0,0.6000000000000008,0.5,0.6088383653706761,0.05028505007189021,0.3570773963529911,0.05,-0.7999999999999998,2.8000000000000007,4.0,11.0,0,0,0,0,0,64,0,0,0,0
2000346,0.0,0.05,0.75,5.993765624999998,5.999999999999998,0.006234375000000002,-3,6.234375,2.046875,0.140625,0.09375,0.0,0.6000000000000008,0.5,0.5424177906926511,0.05012125333014478,0.16687361614635476,0.049999999999999996,-0.8,6.799999999999999,4.0,11.0,0,0,0,0,0,64,0,0,0,0
2000347,0.0,0.05,0.75,5.1875624999999985,5.199999999999998,0.012437500000000008,-2,12.4375,2.96875,0.125,0.09375,0.0,0.6000000000000008,0.5,0.5278823433109174,0.05003663306687911,0.1291266593788458,0.05,-1.2,6.3999999999999995,6.0,8.0,0,0,0,0,0,64,0,0,0,0
2000348,0.0,0.05,0.75,6.991578124999999,6.999999999999999,0.008421875000000006,-5,8.421875,2.328125,0.15625,0.078125,0.0,0.6000000000000008,0.5,0.6088383653706759,0.05028505007189021,0.35707739635299135,0.049999999999999996,-0.8,7.799999999999999,4.0,11.0,0,0,0,0,0,64,0,0,0,0
2000349,0.0,0.05,0.75,8.394796874999999,8.399999999999999,0.005203125000000001,-6,5.203125,1.671875,0.1875,0.09375,0.0,0.6000000000000008,0.5,0.6102520760939592,0.05413168255092783,0.3305527422821647,0.049999999999999996,-0.4,8.799999999999999,2.0,16.0,0,0,0,0,0,64,0,0,0,0
2000350,0.0,0.05,0.75,5.3989531249999985,5.399999999999999,0.0010468750000000007,0,1.046875,0.859375,0.140625,0.140625,0.0,0.6000000000000008,0.5,0.5000000000000001,0.0504615547072061,0.0226360215919531,0.05,-0.8,6.199999999999998,4.0,14.0,0,0,0,0,0,64,0,0,0,0
2000351,1.0,0.05,0.75,0.9837187499999982,0.9999999999999982,0.016281250000000008,-7,16.28125,3.375,0.171875,0.0625,0.0,0.6000000000000008,0.5,0.7194971713361433,0.05057975214322688,0.6063046095870437,0.05,-0.19999999999999996,1.2000000000000006,1.0,14.0,0,0,0,0,0,64,0,0,0,0
2000352,0.0,0.05,0.75,9.182218749999999,9.2,0.01778125000000001,-7,17.78125,3.8125,0.203125,0.09375,0.0,0.6000000000000008,0.5,0.6499613247012312,0.06245315052463325,0.40012795287688885,0.05,-1.0,10.200000000000001,5.0,14.0,0,0,0,0,0,64,0,0,0,0
2000353,1.0,0.05,0.75,-0.8471093749999972,-0.7999999999999972,0.047109375000000016,-13,47.109375,5.890625,0.25,0.046875,0.0,0.6000000000000008,0.5,0.9503113273064747,0.09661518560829213,0.9342999879140882,0.05,-0.5999999999999999,-0.1999999999999993,3.0,16.0,0,0,0,0,0,64,0,0,0,0
2000354,0.0,0.05,0.75,7.591906249999998,7.599999999999998,0.008093750000000004,-5,8.09375,2.5,0.171875,0.09375,0.0,0.6000000000000008,0.5,0.581785007226604,0.0513095661249758,0.2676770658910388,0.05,-1.0,8.6,5.0,12.0,0,0,0,0,0,64,0,0,0,0
2000355,1.0,0.05,0.75,1.9914218749999981,1.9999999999999982,0.008578125000000006,-5,8.578125,2.578125,0.15625,0.078125,0.0,0.6000000000000008,0.5,0.6088383653706758,0.05028505007189022,0.3570773963529917,0.05,-0.9999999999999998,3.0,5.0,10.0,0,0,0,0,0,64,0,0,0,0
2000356,0.0,0.05,0.75,2.9979999999999993,2.999999999999999,0.002000000000000001,0,2.0,1.125,0.078125,0.078125,0.0,0.6000000000000008,0.5,0.5000000000000006,0.050001056165583715,0.10989221261707945,0.05,-0.4,3.3999999999999995,2.0,8.0,0,0,0,0,0,64,0,0,0,0
2000357,0.0,0.05,0.75,5.5932499999999985,5.599999999999999,0.006750000000000005,-4,6.75,2.3125,0.125,0.0625,0.0,0.6000000000000008,0.5,0.6117405219478511,0.05001948237185864,0.384507980429556,0.05,-0.2,5.799999999999999,1.0,11.0,0,0,0,0,0,64,0,0,0,0
2000358,1.0,0.05,0.75,0.7816249999999989,0.7999999999999989,0.018375,-5,18.375,4.03125,0.125,0.046875,0.0,0.6000000000000008,0.5,0.6884183930425739,0.050013737578096525,0.5618479415883961,0.05000000000000001,-0.19999999999999996,1.0000000000000004,1.0,10.0,0,0,0,0,0,64,0,0,0,0
2000359,1.0,0.05,0.75,3.1962187499999986,3.1999999999999984,0.003781250000000003,-2,3.78125,1.625,0.125,0.09375,0.0,0.6000000000000008,0.5,0.5278823433109165,0.0500366330668791,0.12912665937884596,0.049999999999999996,-0.19999999999999996,3.4000000000000004,1.0,13.0,0,0,0,0,0,64,0,0,0,0
2000360,1.0,0.05,0.75,-0.6111562500000014,-0.6000000000000014,0.011156250000000003,-9,11.15625,2.3125,0.171875,0.03125,0.0,0.6000000000000008,0.5,0.8821756833697576,0.05022403420085195,0.8664641044636611,0.05000000000000001,-0.19999999999999996,-0.39999999999999947,1.0,12.0,0,0,0,0,0,64,0,0,0,0
2000361,1.0,0.05,0.75,0.15728125000000281,0.20000000000000284,0.042718750000000014,-11,42.71875,5.46875,0.234375,0.0625,0.0,0.6000000000000008,0.5,0.880260533422523,0.08314812725679842,0.8368290852804785,0.05,-0.7999999999999998,1.0000000000000007,4.0,15.0,0,0,0,0,0,64,0,0,0,0
2000362,1.0,0.05,0.75,-1.2431874999999992,-1.1999999999999993,0.043187500000000024,-12,43.1875,5.3125,0.21875,0.03125,0.0,0.6000000000000008,0.5,0.9457368758497209,0.05462563674246576,0.941161193994002,0.05,-0.5999999999999999,-0.5999999999999994,3.0,13.0,0,0,0,0,0,64,0,0,0,0
2000363,0.0,0.05,0.75,6.396406249999997,6.399999999999998,0.003593750000000002,-2,3.59375,1.71875,0.15625,0.125,0.0,0.6000000000000008,0.5,0.514967490820158,0.050763423348139616,0.060344710644741784,0.05,-1.0,7.399999999999999,5.0,13.0,0,0,0,0,0,64,0,0,0,0
2000364,0.0,0.05,0.75,5.39575,5.3999999999999995,0.004250000000000003,0,4.25,1.75,0.140625,0.140625,0.0,0.6000000000000008,0.5,0.5,0.05046155470720611,0.022636021591952982,0.05000000000000001,-1.2,6.599999999999999,6.0,12.0,0,0,0,0,0,64,0,0,0,0
2000365,1.0,0.05,0.75,-1.284671874999994,-1.199999999999994,0.08467187500000002,-15,84.671875,7.796875,0.28125,0.046875,0.0,0.6000000000000008,0.5,0.986574918103623,0.2054911280952117,0.9628955048825688,0.049999999999999996,-1.3999999999999997,0.20000000000000062,7.0,14.0,0,0,0,0,0,64,0,0,0,0
2000366,1.0,0.05,0.75,-1.0399062499999965,-0.9999999999999964,0.03990625000000002,-14,39.90625,5.21875,0.265625,0.046875,0.0,0.6000000000000008,0.5,0.971053931529671,0.14520714455417766,0.9505205625762086,0.04999999999999999,-1.1999999999999997,0.20000000000000062,6.0,14.0,0,0,0,0,0,64,0,0,0,0
2000367,0.0,0.05,0.75,8.389859374999999,8.399999999999999,0.010140625000000007,-6,10.140625,2.796875,0.1875,0.09375,0.0,0.6000000000000008,0.5,0.6102520760939584,0.05413168255092786,0.3305527422821657,0.05,-0.2,8.599999999999998,1.0,17.0,0,0,0,0,0,64,0,0,0,0
2000368,0.0,0.05,0.75,9.581437499999998,9.599999999999998,0.01856250000000001,-6,18.5625,4.15625,0.21875,0.125,0.0,0.6000000000000008,0.5,0.6742381035543717,0.11686267316289402,0.17618329186035261,0.05,-1.2,10.8,6.0,16.0,0,0,0,0,0,64,0,0,0,0
2000369,0.0,0.05,0.75,6.795968749999999,6.799999999999999,0.004031250000000003,-4,4.03125,1.53125,0.15625,0.09375,0.0,0.6000000000000008,0.5,0.5599104325748354,0.050402609344080904,0.21295669090179714,0.05000000000000001,-0.8,7.599999999999999,4.0,12.0,0,0,0,0,0,64,0,0,0,0
2000370,0.0,0.05,0.75,7.3894531249999975,7.399999999999998,0.010546875000000006,-4,10.546875,2.984375,0.171875,0.109375,0.0,0.6000000000000008,0.5,0.5457301664638661,0.051835663602876565,0.15115600426096076,0.05,-0.2,7.599999999999998,1.0,17.0,0,0,0,0,0,64,0,0,0,0
2000371,1.0,0.05,0.75,1.7977343749999999,1.7999999999999998,0.002265625000000001,-3,2.265625,1.171875,0.109375,0.0625,0.0,0.6000000000000008,0.5,0.5820257969747511,0.05000595290643254,0.3162170733724755,0.05,-0.3999999999999999,2.2,2.0,9.0,0,0,0,0,0,64,0,0,0,0
2000372,1.0,0.05,0.75,0.18309374999999928,0.1999999999999993,0.01690625000000001,-8,16.90625,3.375,0.171875,0.046875,0.0,0.6000000000000008,0.5,0.806870952166811,0.050359225407098536,0.7596803231267496,0.05,-0.5999999999999999,0.8000000000000005,3.0,11.0,0,0,0,0,0,64,0,0,0,0
2000373,0.0,0.05,0.75,8.754093750000003,8.800000000000002,0.045906250000000016,-8,45.90625,6.09375,0.1875,0.0625,0.0,0.6000000000000008,0.5,0.7589961892287839,0.05169688933094267,0.6753666156725154,0.05,0.0,8.800000000000002,0.0,16.0,0,0,0,0,0,64,0,0,0,0
2000374,0.0,0.05,0.75,4.995843749999999,4.999999999999999,0.004156250000000003,-1,4.15625,1.71875,0.125,0.109375,0.0,0.6000000000000008,0.5,0.51032898423067,0.05005435216742095,0.06736895075198233,0.049999999999999996,-0.8,5.799999999999999,4.0,11.0,0,0,0,0,0,64,0,0,0,0
2000375,0.0,0.05,0.75,7.797624999999998,7.799999999999998,0.0023750000000000017,-3,2.375,1.25,0.1875,0.140625,0.0,0.6000000000000008,0.5,0.5351865286617296,0.06117618821173125,0.054010440889013626,0.05000000000000001,-1.4,9.2,7.0,14.0,0,0,0,0,0,64,0,0,0,0
2000376,1.0,0.05,0.75,1.5931406249999986,1.5999999999999988,0.006859375000000005,-4,6.859375,2.265625,0.125,0.0625,0.0,0.6000000000000008,0.5,0.6117405219478511,0.05001948237185863,0.38450798042955675,0.05,-0.19999999999999996,1.8,1.0,11.0,0,0,0,0,0,64,0,0,0,0
2000377,0.0,0.05,0.75,3.3976249999999997,3.3999999999999995,0.0023750000000000017,1,2.375,1.375,0.09375,0.109375,0.0,0.6000000000000008,0.5,0.4853488685356137,0.05001190817662922,0.038076642372271055,0.049999999999999996,-0.8,4.199999999999999,4.0,9.0,0,0,0,0,0,64,0,0,0,0
2000378,1.0,0.05,0.75,-0.08459374999999465,5.329070518200751e-15,0.08459374999999998,-12,84.59375,8.46875,0.25,0.0625,0.0,0.6000000000000008,0.5,0.9221537399373088,0.1235042031625243,0.8738652928590376,0.05,-1.1999999999999997,1.2000000000000006,6.0,14.0,0,0,0,0,0,64,0,0,0,0
2000379,1.0,0.05,0.75,0.16351562500000283,0.20000000000000284,0.03648437500000001,-11,36.484375,4.890625,0.234375,0.0625,0.0,0.6000000000000008,0.5,0.8802605334225226,0.08314812725679836,0.836829085280479,0.05,-0.3999999999999999,0.6000000000000008,2.0,17.0,0,0,0,0,0,64,0,0,0,0
2000380,0.0,0.05,0.75,1.3909687500000003,1.4000000000000004,0.009031250000000006,5,9.03125,2.6875,0.0625,0.140625,0.0,0.6000000000000008,0.5,0.3550901815245137,0.05006214701068844,0.005121937537539965,0.049999999999999996,-0.6000000000000001,2.0,3.0,10.0,0,0,0,0,0,64,0,0,0,0
2000381,1.0,0.05,0.75,1.784656249999998,1.799999999999998,0.015343750000000012,-6,15.34375,3.625,0.171875,0.078125,0.0,0.6000000000000008,0.5,0.6399281590248662,0.05089546523590178,0.4286606795091211,0.05,0.0,1.800000000000001,0.0,16.0,0,0,0,0,0,64,0,0,0,0
2000382,1.0,0.05,0.75,-0.8422968749999972,-0.7999999999999972,0.042296875000000025,-13,42.296875,5.609375,0.25,0.046875,0.0,0.6000000000000008,0.5,0.9503113273064746,0.09661518560829224,0.9342999879140881,0.05,-0.5999999999999999,-0.1999999999999993,3.0,16.0,0,0,0,0,0,64,0,0,0,0
2000383,1.0,0.05,0.75,-0.4399062499999986,-0.3999999999999986,0.03990625000000001,-11,39.90625,5.625,0.21875,0.046875,0.0,0.6000000000000008,0.5,0.9019313154980277,0.05757426507427074,0.8862695695004678,0.05,-0.5999999999999999,0.20000000000000062,3.0,14.0,0,0,0,0,0,64,0,0,0,0
2000384,0.0,0.05,0.75,2.996546874999999,2.999999999999999,0.003453125000000002,0,3.453125,1.546875,0.078125,0.078125,0.0,0.6000000000000008,0.5,0.5000000000000002,0.05000105616558372,0.10989221261707949,0.05000000000000001,-0.8,3.8,4.0,6.0,0,0,0,0,0,64,0,0,0,0
2000385,0.0,0.05,0.75,5.595703124999998,5.599999999999998,0.004296875000000002,-1,4.296875,1.578125,0.140625,0.125,0.0,0.6000000000000008,0.5,0.5074389876674191,0.0502493014434354,0.045382076259177,0.05,-1.0,6.599999999999999,5.0,12.0,0,0,0,0,0,64,0,0,0,0
2000386,1.0,0.05,0.75,-1.4511874999999985,-1.3999999999999986,0.05118750000000001,-13,51.1875,5.59375,0.234375,0.03125,0.0,0.6000000000000008,0.5,0.9599239648268093,0.06222085293796448,0.9557680118210874,0.05,-1.1999999999999997,-0.1999999999999995,6.0,11.0,0,0,0,0,0,64,0,0,0,0
2000387,1.0,0.05,0.75,-0.2342187499999993,-0.1999999999999993,0.03421875000000001,-10,34.21875,4.96875,0.203125,0.046875,0.0,0.6000000000000008,0.5,0.8738066245602872,0.052810125959977944,0.8522597895823482,0.05,-0.5999999999999999,0.4000000000000006,3.0,13.0,0,0,0,0,0,64,0,0,0,0
2000388,0.0,0.05,0.75,6.5926093749999986,6.599999999999999,0.007390625000000005,-6,7.390625,2.328125,0.140625,0.046875,0.0,0.6000000000000008,0.5,0.7287317863791396,0.05004189622333955,0.6340008734704282,0.049999999999999996,-0.2,6.799999999999999,1.0,11.0,0,0,0,0,0,64,0,0,0,0
2000389,1.0,0.05,0.75,0.5941874999999996,0.5999999999999996,0.005812500000000002,-6,5.8125,1.78125,0.140625,0.046875,0.0,0.6000000000000008,0.5,0.7287317863791388,0.05004189622333955,0.6340008734704287,0.05,-0.3999999999999999,1.0000000000000002,2.0,10.0,0,0,0,0,0,64,0,0,0,0
2000390,1.0,0.05,0.75,-0.42720312500000124,-0.40000000000000124,0.027203125,-8,27.203125,4.578125,0.15625,0.03125,0.0,0.6000000000000008,0.5,0.8521119608729338,0.05007947720365,0.8276832537580426,0.049999999999999996,0.0,-0.39999999999999947,0.0,12.0,0,0,0,0,0,64,0,0,0,0
2000391,0.0,0.05,0.75,7.5976874999999975,7.599999999999998,0.002312500000000001,-2,2.3125,1.21875,0.1875,0.15625,0.0,0.6000000000000008,0.5,0.5313144579908159,0.06529961506369349,0.027062342510272917,0.05000000000000001,-0.4,7.999999999999998,2.0,20.0,0,0,0,0,0,64,0,0,0,0
2000392,1.0,0.05,0.75,0.9899218749999982,0.9999999999999982,0.010078125000000007,-7,10.078125,2.703125,0.171875,0.0625,0.0,0.6000000000000008,0.5,0.7194971713361433,0.050579752143226867,0.6063046095870435,0.049999999999999996,-0.7999999999999998,1.8,4.0,11.0,0,0,0,0,0,64,0,0,0,0
2000393,1.0,0.05,0.75,-1.0382500000000001,-1.0,0.03825000000000001,-11,38.25,5.21875,0.203125,0.03125,0.0,0.6000000000000008,0.5,0.9285487473296795,0.05170926207952019,0.9221237688883385,0.049999999999999996,-0.5999999999999999,-0.39999999999999947,3.0,12.0,0,0,0,0,0,64,0,0,0,0
2000394,1.0,0.05,0.75,0.5897187499999987,0.5999999999999988,0.010281250000000004,-6,10.28125,2.28125,0.140625,0.046875,0.0,0.6000000000000008,0.5,0.7287317863791395,0.050041896223339544,0.6340008734704287,0.05000000000000002,-0.3999999999999999,1.0000000000000004,2.0,10.0,0,0,0,0,0,64,0,0,0,0
2000395,0.0,0.05,0.75,7.589937499999998,7.599999999999998,0.010062500000000007,-5,10.0625,2.90625,0.171875,0.09375,0.0,0.6000000000000008,0.5,0.5817850072266036,0.05130956612497581,0.2676770658910391,0.05,-0.8,8.399999999999999,4.0,13.0,0,0,0,0,0,64,0,0,0,0
2000396,1.0,0.05,0.75,0.9904218749999991,0.9999999999999991,0.009578125000000003,-7,9.578125,2.203125,0.171875,0.0625,0.0,0.6000000000000008,0.5,0.7194971713361433,0.05057975214322688,0.6063046095870435,0.05,-0.19999999999999996,1.1999999999999995,1.0,14.0,0,0,0,0,0,64,0,0,0,0
2000397,1.0,0.05,0.75,1.3986562499999995,1.3999999999999995,0.001343750000000001,-2,1.34375,0.84375,0.078125,0.046875,0.0,0.6000000000000008,0.5,0.576912698904564,0.05000041158137681,0.3421793680477302,0.05,-0.19999999999999996,1.6000000000000003,1.0,7.0,0,0,0,0,0,64,0,0,0,0
2000398,0.0,0.05,0.75,2.3961406249999992,2.3999999999999995,0.003859375000000003,3,3.859375,1.703125,0.078125,0.125,0.0,0.6000000000000008,0.5,0.4408364329403082,0.05002673902936358,0.01407457741548002,0.05,-0.6000000000000001,3.0,3.0,10.0,0,0,0,0,0,64,0,0,0,0
2000399,0.0,0.05,0.75,8.995,9.0,0.005000000000000003,-3,5.0,1.84375,0.21875,0.171875,0.0,0.6000000000000008,0.5,0.7390515984566974,0.17511321791634574,0.024131938546307893,0.05,-0.6000000000000001,9.6,3.0,22.0,0,0,0,0,0,64,0,0,0,0
2000400,1.0,0.05,0.75,-2.0919374999999945,-1.9999999999999947,0.09193749999999998,-16,91.9375,8.09375,0.28125,0.03125,0.0,0.6000000000000008,0.5,0.9911313210216679,0.17697638562017196,0.9815728197010304,0.049999999999999996,-1.5999999999999996,-0.39999999999999947,8.0,12.0,0,0,0,0,0,64,0,0,0,0
2000401,0.0,0.05,0.75,4.998828124999999,4.999999999999999,0.0011718750000000006,-1,1.171875,0.828125,0.125,0.109375,0.0,0.6000000000000008,0.5,0.5103289842306693,0.05005435216742095,0.06736895075198211,0.049999999999999996,-0.6000000000000001,5.599999999999999,3.0,12.0,0,0,0,0,0,64,0,0,0,0
2000402,1.0,0.05,0.75,-2.2690156249999975,-2.1999999999999975,0.06901562500000001,-14,69.015625,7.453125,0.234375,0.015625,0.0,0.6000000000000008,0.5,0.9792221434647054,0.05862003076816917,0.9779509423448588,0.05,-0.19999999999999996,-1.9999999999999993,1.0,15.0,0,0,0,0,0,64,0,0,0,0
2000403,0.0,0.05,0.75,8.193656249999998,8.199999999999998,0.006343750000000005,-5,6.34375,2.21875,0.1875,0.109375,0.0,0.6000000000000008,0.5,0.5681755402368032,0.05593684684619165,0.19390881899456777,0.05,-0.8,9.0,4.0,15.0,0,0,0,0,0,64,0,0,0,0
2000404,1.0,0.05,0.75,-0.037468750000000016,0.0,0.037468750000000016,-9,37.46875,5.15625,0.1875,0.046875,0.0,0.6000000000000008,0.5,0.8421206710105098,0.051015747729054026,0.8102571369822896,0.05000000000000001,0.0,6.661338147750939e-16,0.0,15.0,0,0,0,0,0,64,0,0,0,0
2000405,0.0,0.05,0.75,7.396281249999998,7.399999999999998,0.0037187500000000024,-4,3.71875,1.59375,0.171875,0.109375,0.0,0.6000000000000008,0.5,0.5457301664638656,0.05183566360287657,0.15115600426096124,0.05,-1.4,8.799999999999999,7.0,11.0,0,0,0,0,0,64,0,0,0,0
2000406,1.0,0.05,0.75,1.3958593749999995,1.3999999999999995,0.004140625000000003,-5,4.140625,1.609375,0.140625,0.0625,0.0,0.6000000000000008,0.5,0.6449098184754866,0.05006214701068844,0.45767570635494104,0.05000000000000001,-0.19999999999999996,1.6000000000000005,1.0,12.0,0,0,0,0,0,64,0,0,0,0
2000407,1.0,0.05,0.75,-2.707234374999996,-2.599999999999996,0.107234375,-16,107.234375,9.203125,0.265625,0.015625,0.0,0.6000000000000008,0.5,0.9905490244281836,0.10359203299050176,0.9877958254356879,0.05,-0.3999999999999999,-2.1999999999999993,2.0,16.0,0,0,0,0,0,64,0,0,0,0
2000408,1.0,0.05,0.75,-0.6246718750000014,-0.6000000000000014,0.024671875000000017,-9,24.671875,4.203125,0.171875,0.03125,0.0,0.6000000000000008,0.5,0.8821756833697578,0.05022403420085194,0.8664641044636606,0.049999999999999996,-0.19999999999999996,-0.39999999999999947,1.0,12.0,0,0,0,0,0,64,0,0,0,0
2000409,0.0,0.05,0.75,6.790718749999998,6.799999999999998,0.009281250000000007,-4,9.28125,2.59375,0.15625,0.09375,0.0,0.6000000000000008,0.5,0.5599104325748356,0.0504026093440809,0.21295669090179709,0.049999999999999996,-0.8,7.599999999999999,4.0,12.0,0,0,0,0,0,64,0,0,0,0
2000410,0.0,0.05,0.75,7.198218749999999,7.199999999999998,0.0017812500000000011,-3,1.78125,1.09375,0.171875,0.125,0.0,0.6000000000000008,0.5,0.5256690162482588,0.05251489179288848,0.07982804756168768,0.049999999999999996,-0.6000000000000001,7.799999999999999,3.0,16.0,0,0,0,0,0,64,0,0,0,0
2000411,1.0,0.05,0.75,0.35693750000000213,0.40000000000000213,0.04306250000000002,-10,43.0625,6.21875,0.21875,0.0625,0.0,0.6000000000000008,0.5,0.8390269582397546,0.06309502399289299,0.7915126491493323,0.05,-0.5999999999999999,1.0000000000000007,3.0,15.0,0,0,0,0,0,64,0,0,0,0
2000412,0.0,0.05,0.75,5.394718749999998,5.399999999999999,0.005281250000000004,-3,5.28125,2.03125,0.125,0.078125,0.0,0.6000000000000008,0.5,0.5591635670596922,0.0500267390293636,0.2333340424873633,0.05,-0.6000000000000001,5.999999999999999,3.0,10.0,0,0,0,0,0,64,0,0,0,0
2000413,1.0,0.05,0.75,1.176265625000001,1.200000000000001,0.023734375000000005,-9,23.734375,3.609375,0.21875,0.078125,0.0,0.6000000000000008,0.5,0.7679812723882412,0.07206036268215255,0.6490679558475327,0.05,-0.3999999999999999,1.6000000000000003,2.0,17.0,0,0,0,0,0,64,0,0,0,0
2000414,0.0,0.05,0.75,5.195968749999999,5.199999999999998,0.004031250000000003,-2,4.03125,1.75,0.125,0.09375,0.0,0.6000000000000008,0.5,0.5278823433109171,0.05003663306687912,0.12912665937884613,0.05,-0.2,5.399999999999999,1.0,13.0,0,0,0,0,0,64,0,0,0,0
2000415,1.0,0.05,0.75,-1.853687499999999,-1.799999999999999,0.05368750000000003,-12,53.6875,6.34375,0.203125,0.015625,0.0,0.6000000000000008,0.5,0.9622162893718675,0.05116251319367383,0.9604820894934692,0.05000000000000001,-0.3999999999999999,-1.3999999999999995,2.0,12.0,0,0,0,0,0,64,0,0,0,0
2000416,1.0,0.05,0.75,0.18274999999999927,0.1999999999999993,0.017250000000000012,-8,17.25,3.4375,0.171875,0.046875,0.0,0.6000000000000008,0.5,0.8068709521668115,0.05035922540709853,0.7596803231267497,0.05,-0.3999999999999999,0.6000000000000005,2.0,12.0,0,0,0,0,0,64,0,0,0,0
2000417,1.0,0.05,0.75,-2.6695937499999998,-2.5999999999999996,0.06959375000000001,-13,69.59375,6.96875,0.203125,0.0,0.0,0.6000000000000008,0.5,0.9807976929853619,0.05090499641307077,0.9803494546284084,0.049999999999999996,-0.5999999999999999,-1.9999999999999996,3.0,10.0,0,0,0,0,0,64,0,0,0,0
2000418,0.0,0.05,0.75,4.3989531249999985,4.399999999999999,0.0010468750000000007,2,1.046875,0.765625,0.125,0.15625,0.0,0.6000000000000008,0.5,0.4850325091798421,0.05076342334813961,0.008283321396163956,0.05,-1.4,5.799999999999999,7.0,11.0,0,0,0,0,0,64,0,0,0,0
2000419,0.0,0.05,0.75,9.789375000000001,9.8,0.010625000000000004,-7,10.625,2.28125,0.21875,0.109375,0.0,0.6000000000000008,0.5,0.6781835629597872,0.0996519134679139,0.3050635021943567,0.05,-0.6000000000000001,10.400000000000002,3.0,18.0,0,0,0,0,0,64,0,0,0,0
2000420,1.0,0.05,0.75,-0.6674843749999961,-0.5999999999999961,0.06748437500000003,-12,67.484375,7.328125,0.234375,0.046875,0.0,0.6000000000000008,0.5,0.9271429271556033,0.06957555548618204,0.9132472320601313,0.05,-0.7999999999999998,0.20000000000000062,4.0,14.0,0,0,0,0,0,64,0,0,0,0
2000421,0.0,0.05,0.75,2.5922656249999996,2.5999999999999996,0.007734375000000003,2,7.734375,2.234375,0.078125,0.109375,0.0,0.6000000000000008,0.5,0.4606497070896941,0.05000809642375341,0.028468156513122206,0.05,-0.4,3.0,2.0,10.0,0,0,0,0,0,64,0,0,0,0
2000422,0.0,0.05,0.75,5.396421874999999,5.399999999999999,0.0035781250000000027,-3,3.578125,1.640625,0.125,0.078125,0.0,0.6000000000000008,0.5,0.5591635670596926,0.05002673902936362,0.23333404248736322,0.05,-0.6000000000000001,5.999999999999999,3.0,10.0,0,0,0,0,0,64,0,0,0,0
2000423,0.0,0.05,0.75,4.597234374999998,4.599999999999999,0.0027656250000000016,1,2.765625,1.328125,0.125,0.140625,0.0,0.6000000000000008,0.5,0.4925610123325806,0.0502493014434354,0.01685563795369674,0.05,-0.8,5.3999999999999995,4.0,13.0,0,0,0,0,0,64,0,0,0,0
2000424,0.0,0.05,0.75,7.184046874999998,7.199999999999998,0.01595312500000001,-6,15.953125,3.265625,0.15625,0.0625,0.0,0.6000000000000008,0.5,0.6811244536400768,0.05019254820704264,0.5327159086609204,0.05,-0.4,7.599999999999999,2.0,12.0,0,0,0,0,0,64,0,0,0,0
2000425,0.0,0.05,0.75,7.179859374999999,7.199999999999998,0.02014062500000001,-6,20.140625,4.109375,0.15625,0.0625,0.0,0.6000000000000008,0.5,0.6811244536400778,0.05019254820704262,0.5327159086609192,0.05000000000000001,-0.4,7.599999999999999,2.0,12.0,0,0,0,0,0,64,0,0,0,0
2000426,0.0,0.05,0.75,6.795734374999998,6.799999999999998,0.004265625000000003,-4,4.265625,1.859375,0.15625,0.09375,0.0,0.6000000000000008,0.5,0.5599104325748354,0.050402609344080904,0.21295669090179634,0.05,-0.4,7.199999999999998,2.0,14.0,0,0,0,0,0,64,0,0,0,0
2000427,0.0,0.05,0.75,5.197171874999999,5.199999999999998,0.0028281250000000016,-2,2.828125,1.328125,0.125,0.09375,0.0,0.6000000000000008,0.5,0.5278823433109169,0.05003663306687911,0.1291266593788458,0.05,-0.8,5.999999999999999,4.0,10.0,0,0,0,0,0,64,0,0,0,0
2000428,1.0,0.05,0.75,3.3771718749999975,3.3999999999999977,0.022828125000000005,-4,22.828125,4.390625,0.171875,0.109375,0.0,0.6000000000000008,0.5,0.545730166463866,0.05183566360287657,0.1511560042609613,0.05,-0.9999999999999998,4.3999999999999995,5.0,13.0,0,0,0,0,0,64,0,0,0,0
2000429,0.0,0.05,0.75,6.595484374999999,6.599999999999999,0.004515625000000002,0,4.515625,1.734375,0.171875,0.171875,0.0,0.6000000000000008,0.5,0.5000000000000001,0.059545123737052064,0.009931588164006355,0.05000000000000001,-0.8,7.399999999999999,4.0,18.0,0,0,0,0,0,64,0,0,0,0
2000430,1.0,0.05,0.75,-0.029546875000000004,0.0,0.029546875000000004,-9,29.546875,4.953125,0.1875,0.046875,0.0,0.6000000000000008,0.5,0.8421206710105101,0.05101574772905401,0.8102571369822893,0.05,-0.5999999999999999,0.6000000000000005,3.0,12.0,0,0,0,0,0,64,0,0,0,0
2000431,1.0,0.05,0.75,-1.228375000000001,-1.200000000000001,0.028374999999999994,-9,28.375,4.125,0.15625,0.015625,0.0,0.6000000000000008,0.5,0.9150813840118802,0.05005398301857576,0.9079133425013742,0.05,-0.3999999999999999,-0.7999999999999996,2.0,9.0,0,0,0,0,0,64,0,0,0,0
2000432,1.0,0.05,0.75,1.3880468749999986,1.3999999999999986,0.011953125000000009,-5,11.953125,3.234375,0.140625,0.0625,0.0,0.6000000000000008,0.5,0.6449098184754872,0.05006214701068843,0.45767570635494054,0.05,-0.5999999999999999,2.0000000000000004,3.0,10.0,0,0,0,0,0,64,0,0,0,0
2000433,1.0,0.05,0.75,-0.8894218749999954,-0.7999999999999954,0.08942187499999997,-13,89.421875,8.578125,0.25,0.046875,0.0,0.6000000000000008,0.5,0.9503113273064748,0.09661518560829233,0.9342999879140877,0.05,-0.7999999999999998,6.661338147750939e-16,4.0,15.0,0,0,0,0,0,64,0,0,0,0
2000434,1.0,0.05,0.75,-0.8470624999999972,-0.7999999999999972,0.047062500000000014,-13,47.0625,5.65625,0.25,0.046875,0.0,0.6000000000000008,0.5,0.9503113273064745,0.0966151856082921,0.934299987914088,0.05,-0.3999999999999999,-0.39999999999999925,2.0,17.0,0,0,0,0,0,64,0,0,0,0
2000435,0.0,0.05,0.75,8.389375,8.399999999999999,0.010625000000000006,-6,10.625,2.5,0.1875,0.09375,0.0,0.6000000000000008,0.5,0.6102520760939588,0.05413168255092782,0.33055274228216625,0.05,-0.6000000000000001,9.0,3.0,15.0,0,0,0,0,0,64,0,0,0,0
2000436,0.0,0.05,0.75,6.774671874999998,6.799999999999998,0.025328125000000007,-4,25.328125,4.359375,0.15625,0.09375,0.0,0.6000000000000008,0.5,0.5599104325748354,0.0504026093440809,0.212956690901797,0.05,-0.8,7.599999999999999,4.0,12.0,0,0,0,0,0,64,0,0,0,0
2000437,1.0,0.05,0.75,-0.6347656250000014,-0.6000000000000014,0.034765625,-9,34.765625,5.203125,0.171875,0.03125,0.0,0.6000000000000008,0.5,0.882175683369758,0.050224034200851954,0.8664641044636611,0.05000000000000001,-0.19999999999999996,-0.39999999999999947,1.0,12.0,0,0,0,0,0,64,0,0,0,0
2000438,1.0,0.05,0.75,2.195046874999999,2.1999999999999993,0.0049531250000000035,-4,4.953125,1.953125,0.140625,0.078125,0.0,0.6000000000000008,0.5,0.5820510843804467,0.05008827563996599,0.2913521698257677,0.05000000000000001,-0.3999999999999999,2.5999999999999996,2.0,12.0,0,0,0,0,0,64,0,0,0,0
2000439,0.0,0.05,0.75,5.396187499999998,5.399999999999999,0.0038125000000000025,-3,3.8125,1.8125,0.125,0.078125,0.0,0.6000000000000008,0.5,0.5591635670596922,0.050026739029363616,0.23333404248736317,0.05,-0.2,5.599999999999999,1.0,12.0,0,0,0,0,0,64,0,0,0,0
2000440,1.0,0.05,0.75,-0.2243749999999993,-0.1999999999999993,0.024375000000000008,-10,24.375,3.78125,0.203125,0.046875,0.0,0.6000000000000008,0.5,0.8738066245602873,0.052810125959977944,0.8522597895823483,0.05,-0.19999999999999996,6.661338147750939e-16,1.0,15.0,0,0,0,0,0,64,0,0,0,0
2000441,1.0,0.05,0.75,-0.8590156249999936,-0.7999999999999936,0.05901562500000003,-16,59.015625,6.234375,0.3125,0.0625,0.0,0.6000000000000008,0.5,0.9981958541951061,0.2885824054235437,0.9584568705223567,0.049999999999999996,-0.9999999999999998,0.20000000000000084,5.0,19.0,0,0,0,0,0,64,0,0,0,0
2000442,1.0,0.05,0.75,-2.2402187500000013,-2.200000000000001,0.040218750000000004,-11,40.21875,5.28125,0.171875,0.0,0.0,0.6000000000000008,0.5,0.9658138215572707,0.05011535647711724,0.9647123079431448,0.05000000000000001,-0.5999999999999999,-1.5999999999999996,3.0,8.0,0,0,0,0,0,64,0,0,0,0
2000443,1.0,0.05,0.75,-2.9397187499999955,-2.7999999999999954,0.13971874999999995,-17,139.71875,10.6875,0.28125,0.015625,0.0,0.6000000000000008,0.5,0.9948935234511855,0.15757815922549512,0.9909370120010642,0.05,-1.7999999999999996,-0.9999999999999996,9.0,10.0,0,0,0,0,0,64,0,0,0,0
2000444,1.0,0.05,0.75,-0.03917187500000001,0.0,0.03917187500000001,-9,39.171875,5.421875,0.1875,0.046875,0.0,0.6000000000000008,0.5,0.8421206710105099,0.05101574772905401,0.8102571369822892,0.05,-0.19999999999999996,0.20000000000000062,1.0,14.0,0,0,0,0,0,64,0,0,0,0
2000445,0.0,0.05,0.75,7.365531249999998,7.399999999999999,0.03446875,-7,34.46875,5.59375,0.15625,0.046875,0.0,0.6000000000000008,0.5,0.7686940361844828,0.05012422217297084,0.7006035450357829,0.05,-0.4,7.799999999999999,2.0,11.0,0,0,0,0,0,64,0,0,0,0
2000446,1.0,0.05,0.75,-2.6580156249999995,-2.5999999999999996,0.05801562500000002,-13,58.015625,6.421875,0.203125,0.0,0.0,0.6000000000000008,0.5,0.9807976929853618,0.050904996413070766,0.9803494546284084,0.049999999999999996,-0.5999999999999999,-1.9999999999999996,3.0,10.0,0,0,0,0,0,64,0,0,0,0
2000447,1.0,0.05,0.75,0.18184374999999928,0.1999999999999993,0.01815625000000001,-8,18.15625,3.28125,0.171875,0.046875,0.0,0.6000000000000008,0.5,0.8068709521668113,0.05035922540709854,0.7596803231267497,0.05,-0.5999999999999999,0.8000000000000005,3.0,11.0,0,0,0,0,0,64,0,0,0,0
2000448,0.0,0.05,0.75,6.195265624999999,6.199999999999999,0.0047343750000000025,-4,4.734375,1.828125,0.140625,0.078125,0.0,0.6000000000000008,0.5,0.5820510843804471,0.05008827563996599,0.29135216982576745,0.049999999999999996,-0.2,6.3999999999999995,1.0,13.0,0,0,0,0,0,64,0,0,0,0
2000449,0.0,0.05,0.75,4.598,4.6,0.0020000000000000013,-2,2.0,1.1875,0.109375,0.078125,0.0,0.6000000000000008,0.5,0.5393502929103066,0.05000809642375342,0.18387156262181883,0.05000000000000001,-0.6000000000000001,5.199999999999999,3.0,9.0,0,0,0,0,0,64,0,0,0,0
2000450,1.0,0.05,0.75,0.17170312500000107,0.20000000000000107,0.028296875000000013,-11,28.296875,4.421875,0.234375,0.0625,0.0,0.6000000000000008,0.5,0.8802605334225226,0.08314812725679847,0.8368290852804793,0.05000000000000001,-0.5999999999999999,0.8000000000000007,3.0,16.0,0,0,0,0,0,64,0,0,0,0
2000451,0.0,0.05,0.75,6.199593749999998,6.199999999999998,0.00040625000000000025,-1,0.40625,0.40625,0.15625,0.140625,0.0,0.6000000000000008,0.5,0.5061578936782035,0.051145245679036264,0.03033753057260741,0.05000000000000001,-0.4,6.599999999999999,2.0,17.0,0,0,0,0,0,64,0,0,0,0
2000452,1.0,0.05,0.75,-2.338906249999992,-2.199999999999992,0.13890625,-20,138.90625,10.5,0.359375,0.046875,0.0,0.6000000000000008,0.5,0.9999629246550756,0.29889618207425617,0.9915069480296356,0.05000000000000001,-0.5999999999999999,-1.599999999999999,3.0,23.0,0,0,0,0,0,64,0,0,0,0
2000453,0.0,0.05,0.75,4.5965,4.6,0.0035000000000000027,-2,3.5,1.53125,0.109375,0.078125,0.0,0.6000000000000008,0.5,0.5393502929103061,0.05000809642375341,0.18387156262181886,0.05000000000000001,-0.2,4.799999999999999,1.0,11.0,0,0,0,0,0,64,0,0,0,0
2000454,0.0,0.05,0.75,6.398078124999999,6.399999999999999,0.0019218750000000013,-2,1.921875,1.046875,0.15625,0.125,0.0,0.6000000000000008,0.5,0.5149674908201585,0.050763423348139616,0.06034471064474135,0.05,-0.4,6.799999999999998,2.0,16.0,0,0,0,0,0,64,0,0,0,0
2000455,0.0,0.05,0.75,5.997328124999999,5.999999999999999,0.002671875000000002,-3,2.671875,1.390625,0.140625,0.09375,0.0,0.6000000000000008,0.5,0.542417790692651,0.05012125333014476,0.1668736161463545,0.05000000000000001,-0.4,6.399999999999999,2.0,13.0,0,0,0,0,0,64,0,0,0,0
2000456,0.0,0.05,0.75,4.9993124999999985,4.999999999999998,0.0006875000000000002,-1,0.6875,0.53125,0.125,0.109375,0.0,0.6000000000000008,0.5,0.5103289842306691,0.05005435216742094,0.06736895075198208,0.05,-0.8,5.799999999999999,4.0,11.0,0,0,0,0,0,64,0,0,0,0
2000457,1.0,0.05,0.75,-0.036921875,0.0,0.036921875,-9,36.921875,5.109375,0.1875,0.046875,0.0,0.6000000000000008,0.5,0.8421206710105098,0.05101574772905401,0.8102571369822895,0.049999999999999996,-1.1999999999999997,1.2000000000000004,6.0,9.0,0,0,0,0,0,64,0,0,0,0
2000458,1.0,0.05,0.75,-3.0651249999999983,-2.9999999999999982,0.06512500000000003,-15,65.125,6.53125,0.234375,0.0,0.0,0.6000000000000008,0.5,0.9895602547247766,0.05693076417734552,0.9891353019870371,0.05,-0.5999999999999999,-2.3999999999999995,3.0,12.0,0,0,0,0,0,64,0,0,0,0
2000459,1.0,0.05,0.75,-0.8243906250000007,-0.8000000000000007,0.024390625000000013,-7,24.390625,4.578125,0.125,0.015625,0.0,0.6000000000000008,0.5,0.8616799930132595,0.05000666240664717,0.8438174369361432,0.05000000000000001,-0.7999999999999998,2.220446049250313e-16,4.0,5.0,0,0,0,0,0,64,0,0,0,0
2000460,0.0,0.05,0.75,3.38340625,3.4000000000000004,0.016593750000000008,4,16.59375,3.71875,0.109375,0.171875,0.0,0.6000000000000008,0.5,0.4542698335361347,0.05183566360287655,0.0030031967513646186,0.05,-1.2,4.6,6.0,12.0,0,0,0,0,0,64,0,0,0,0
2000461,1.0,0.05,0.75,-0.8650468749999953,-0.7999999999999954,0.065046875,-13,65.046875,7.234375,0.25,0.046875,0.0,0.6000000000000008,0.5,0.9503113273064748,0.09661518560829215,0.934299987914088,0.05,-1.7999999999999996,1.0000000000000004,9.0,10.0,0,0,0,0,0,64,0,0,0,0
2000462,0.0,0.05,0.75,5.985437499999998,5.999999999999998,0.014562500000000008,-3,14.5625,3.5,0.140625,0.09375,0.0,0.6000000000000008,0.5,0.5424177906926507,0.05012125333014476,0.1668736161463547,0.05,-0.4,6.399999999999999,2.0,13.0,0,0,0,0,0,64,0,0,0,0
2000463,1.0,0.05,0.75,1.3865000000000003,1.4000000000000004,0.013500000000000009,-8,13.5,2.65625,0.203125,0.078125,0.0,0.6000000000000008,0.5,0.7175687662110937,0.0580006670652652,0.5779078245490415,0.05,-0.19999999999999996,1.6,1.0,17.0,0,0,0,0,0,64,0,0,0,0
2000464,1.0,0.05,0.75,-0.8600156249999972,-0.7999999999999972,0.06001562500000002,-13,60.015625,6.453125,0.25,0.046875,0.0,0.6000000000000008,0.5,0.9503113273064746,0.09661518560829221,0.9342999879140882,0.05000000000000001,-0.7999999999999998,6.661338147750939e-16,4.0,15.0,0,0,0,0,0,64,0,0,0,0
2000465,1.0,0.05,0.75,1.9958593749999982,1.9999999999999982,0.004140625000000001,-5,4.140625,1.484375,0.15625,0.078125,0.0,0.6000000000000008,0.5,0.6088383653706758,0.050285050071890214,0.3570773963529915,0.05,-0.7999999999999998,2.799999999999999,4.0,11.0,0,0,0,0,0,64,0,0,0,0
2000466,0.0,0.05,0.75,8.990734374999999,8.999999999999998,0.009265625000000006,-6,9.265625,2.578125,0.203125,0.109375,0.0,0.6000000000000008,0.5,0.6070683605608682,0.06817840269768388,0.2452599593228548,0.05000000000000001,-0.4,9.399999999999999,2.0,18.0,0,0,0,0,0,64,0,0,0,0
2000467,1.0,0.05,0.75,0.5789687499999997,0.5999999999999996,0.021031249999999998,-9,21.03125,3.6875,0.203125,0.0625,0.0,0.6000000000000008,0.5,0.7988524559283033,0.054814408359801205,0.7375577503853924,0.05,-0.5999999999999999,1.2000000000000006,3.0,14.0,0,0,0,0,0,64,0,0,0,0
2000468,1.0,0.05,0.75,0.1789218749999993,0.1999999999999993,0.021078125000000014,-8,21.078125,3.828125,0.171875,0.046875,0.0,0.6000000000000008,0.5,0.8068709521668117,0.050359225407098536,0.7596803231267499,0.05000000000000001,-0.7999999999999998,1.0000000000000004,4.0,10.0,0,0,0,0,0,64,0,0,0,0
2000469,1.0,0.05,0.75,-0.40948437500000123,-0.40000000000000124,0.009484375000000003,-8,9.484375,2.203125,0.15625,0.03125,0.0,0.6000000000000008,0.5,0.8521119608729332,0.05007947720364999,0.8276832537580431,0.05,-0.19999999999999996,-0.1999999999999995,1.0,11.0,0,0,0,0,0,64,0,0,0,0
2000470,0.0,0.05,0.75,8.1941875,8.2,0.005812500000000002,-5,5.8125,1.40625,0.1875,0.109375,0.0,0.6000000000000008,0.5,0.5681755402368034,0.055936846846191615,0.1939088189945676,0.05,-1.0,9.200000000000001,5.0,14.0,0,0,0,0,0,64,0,0,0,0
2000471,1.0,0.05,0.75,3.777640625000004,3.8000000000000043,0.022359375000000008,-8,22.359375,3.953125,0.265625,0.140625,0.0,0.6000000000000008,0.5,0.9763498253520088,0.2863218570995277,0.20435679578980637,0.049999999999999996,-0.5999999999999999,4.399999999999999,3.0,23.0,0,0,0,0,0,64,0,0,0,0
2000472,0.0,0.05,0.75,3.397906249999999,3.3999999999999986,0.002093750000000001,1,2.09375,0.9375,0.09375,0.109375,0.0,0.6000000000000008,0.5,0.48534886853561365,0.05001190817662922,0.03807664237227122,0.05,-0.6000000000000001,3.999999999999999,3.0,10.0,0,0,0,0,0,64,0,0,0,0
2000473,1.0,0.05,0.75,0.38626562499999856,0.3999999999999986,0.01373437500000001,-7,13.734375,3.078125,0.15625,0.046875,0.0,0.6000000000000008,0.5,0.7686940361844826,0.05012422217297084,0.7006035450357839,0.05,-0.5999999999999999,1.0000000000000004,3.0,10.0,0,0,0,0,0,64,0,0,0,0
2000474,1.0,0.05,0.75,5.38721875,5.3999999999999995,0.012781250000000008,0,12.78125,3.125,0.140625,0.140625,0.0,0.6000000000000008,0.5,0.5000000000000004,0.05046155470720612,0.0226360215919531,0.05,-0.7999999999999998,6.199999999999998,4.0,14.0,0,0,0,0,0,64,0,0,0,0
2000475,1.0,0.05,0.75,-0.8429218749999989,-0.7999999999999989,0.04292187500000001,-10,42.921875,5.703125,0.1875,0.03125,0.0,0.6000000000000008,0.5,0.907557188020423,0.05062267802940902,0.8975969384928338,0.05000000000000001,-0.9999999999999998,0.2000000000000004,5.0,9.0,0,0,0,0,0,64,0,0,0,0
2000476,1.0,0.05,0.75,-2.6782187499999996,-2.5999999999999996,0.07821874999999998,-13,78.21875,7.75,0.203125,0.0,0.0,0.6000000000000008,0.5,0.9807976929853618,0.050904996413070766,0.9803494546284084,0.049999999999999996,-0.3999999999999999,-2.1999999999999993,2.0,11.0,0,0,0,0,0,64,0,0,0,0
2000477,0.0,0.05,0.75,3.99859375,4.0,0.0014062500000000004,1,1.40625,0.71875,0.109375,0.125,0.0,0.6000000000000008,0.5,0.4896710157693307,0.05005435216742095,0.025389498606867386,0.05000000000000001,-0.6000000000000001,4.6,3.0,12.0,0,0,0,0,0,64,0,0,0,0
2000478,0.0,0.05,0.75,6.9942812499999985,6.999999999999998,0.005718750000000004,-5,5.71875,2.21875,0.15625,0.078125,0.0,0.6000000000000008,0.5,0.6088383653706756,0.05028505007189022,0.3570773963529906,0.05,-0.4,7.399999999999999,2.0,13.0,0,0,0,0,0,64,0,0,0,0
2000479,1.0,0.05,0.75,-0.8358281250000007,-0.8000000000000007,0.035828125,-10,35.828125,5.390625,0.1875,0.03125,0.0,0.6000000000000008,0.5,0.9075571880204225,0.05062267802940901,0.8975969384928341,0.05,-0.7999999999999998,4.440892098500626e-16,4.0,10.0,0,0,0,0,0,64,0,0,0,0
2000480,1.0,0.05,0.75,1.99884375,2.0,0.0011562500000000006,-2,1.15625,0.9375,0.09375,0.0625,0.0,0.6000000000000008,0.5,0.5552950097849374,0.050001808984676786,0.2550294338457383,0.05,-0.3999999999999999,2.4000000000000004,2.0,8.0,0,0,0,0,0,64,0,0,0,0
2000481,0.0,0.05,0.75,3.798218749999999,3.799999999999999,0.0017812500000000011,2,1.78125,1.125,0.109375,0.140625,0.0,0.6000000000000008,0.5,0.48012837928631286,0.05016692045054769,0.012532418200495422,0.05000000000000001,-1.2,4.999999999999999,6.0,10.0,0,0,0,0,0,64,0,0,0,0
2000482,1.0,0.05,0.75,-0.03715625,0.0,0.03715625,-9,37.15625,5.53125,0.1875,0.046875,0.0,0.6000000000000008,0.5,0.8421206710105099,0.05101574772905402,0.8102571369822894,0.05,-0.3999999999999999,0.4000000000000006,2.0,13.0,0,0,0,0,0,64,0,0,0,0
2000483,1.0,0.05,0.75,-0.024906250000000893,-8.881784197001252e-16,0.024906250000000005,-6,24.90625,4.46875,0.125,0.03125,0.0,0.6000000000000008,0.5,0.7787672621316768,0.050009453999646875,0.7246783594825653,0.05,-0.3999999999999999,0.40000000000000036,2.0,8.0,0,0,0,0,0,64,0,0,0,0
2000484,0.0,0.05,0.75,1.7939062499999994,1.7999999999999994,0.006093750000000004,6,6.09375,2.0,0.078125,0.171875,0.0,0.6000000000000008,0.5,0.3600718409751343,0.05089546523590178,0.0016479422869921613,0.05000000000000001,-0.8,2.5999999999999988,4.0,12.0,0,0,0,0,0,64,0,0,0,0
2000485,1.0,0.05,0.75,-0.8330156250000007,-0.8000000000000007,0.03301562499999999,-7,33.015625,5.421875,0.125,0.015625,0.0,0.6000000000000008,0.5,0.8616799930132594,0.050006662406647175,0.8438174369361426,0.05,-0.7999999999999998,2.220446049250313e-16,4.0,5.0,0,0,0,0,0,64,0,0,0,0
2000486,0.0,0.05,0.75,8.180625,8.2,0.019375000000000003,-5,19.375,3.9375,0.1875,0.109375,0.0,0.6000000000000008,0.5,0.5681755402368034,0.05593684684619163,0.1939088189945681,0.05,-0.4,8.600000000000001,2.0,17.0,0,0,0,0,0,64,0,0,0,0
2000487,1.0,0.05,0.75,-0.41864062500000127,-0.40000000000000124,0.01864062500000001,-8,18.640625,3.609375,0.15625,0.03125,0.0,0.6000000000000008,0.5,0.8521119608729335,0.05007947720364999,0.8276832537580429,0.05000000000000001,-0.3999999999999999,4.440892098500626e-16,2.0,10.0,0,0,0,0,0,64,0,0,0,0
2000488,1.0,0.05,0.75,1.9886718749999983,1.9999999999999982,0.011328125000000007,-5,11.328125,2.921875,0.15625,0.078125,0.0,0.6000000000000008,0.5,0.608838365370676,0.050285050071890214,0.35707739635299135,0.049999999999999996,-0.5999999999999999,2.6000000000000005,3.0,12.0,0,0,0,0,0,64,0,0,0,0
2000489,1.0,0.05,0.75,-1.4605937500000004,-1.4000000000000004,0.06059375000000003,-10,60.59375,7.25,0.171875,0.015625,0.0,0.6000000000000008,0.5,0.9345749610278491,0.05015120353908666,0.9301615151943894,0.05,-0.3999999999999999,-0.9999999999999996,2.0,10.0,0,0,0,0,0,64,0,0,0,0
2000490,0.0,0.05,0.75,2.79259375,2.8,0.007406250000000006,-2,7.40625,2.3125,0.0625,0.03125,0.0,0.6000000000000008,0.5,0.6051897993754838,0.050000096711123564,0.44146249107827024,0.05,-0.4,3.2,2.0,4.0,0,0,0,0,0,64,0,0,0,0
2000491,0.0,0.05,0.75,6.990734374999998,6.999999999999998,0.009265625000000005,-5,9.265625,2.640625,0.15625,0.078125,0.0,0.6000000000000008,0.5,0.6088383653706756,0.050285050071890214,0.3570773963529917,0.05,-0.4,7.399999999999999,2.0,13.0,0,0,0,0,0,64,0,0,0,0
2000492,1.0,0.05,0.75,0.35582812500000216,0.40000000000000213,0.044171875,-10,44.171875,5.546875,0.21875,0.0625,0.0,0.6000000000000008,0.5,0.8390269582397544,0.06309502399289306,0.7915126491493325,0.05000000000000001,-0.7999999999999998,1.2000000000000006,4.0,14.0,0,0,0,0,0,64,0,0,0,0
2000493,0.0,0.05,0.75,5.597578124999999,5.599999999999999,0.0024218750000000013,-1,2.421875,1.109375,0.140625,0.125,0.0,0.6000000000000008,0.5,0.5074389876674198,0.050249301443435396,0.045382076259177,0.05,-0.8,6.399999999999999,4.0,13.0,0,0,0,0,0,64,0,0,0,0
2000494,1.0,0.05,0.75,0.5804999999999988,0.5999999999999988,0.019500000000000007,-6,19.5,3.53125,0.140625,0.046875,0.0,0.6000000000000008,0.5,0.7287317863791398,0.050041896223339544,0.6340008734704276,0.05,-0.19999999999999996,0.8000000000000005,1.0,11.0,0,0,0,0,0,64,0,0,0,0
2000495,1.0,0.05,0.75,1.9947499999999991,1.9999999999999991,0.005250000000000004,-5,5.25,2.0,0.15625,0.078125,0.0,0.6000000000000008,0.5,0.6088383653706761,0.05028505007189021,0.3570773963529913,0.05,-0.7999999999999998,2.799999999999999,4.0,11.0,0,0,0,0,0,64,0,0,0,0
2000496,1.0,0.05,0.75,-0.6602968749999961,-0.5999999999999961,0.06029687500000001,-12,60.296875,6.828125,0.234375,0.046875,0.0,0.6000000000000008,0.5,0.9271429271556038,0.06957555548618212,0.9132472320601313,0.05000000000000001,-0.7999999999999998,0.20000000000000062,4.0,14.0,0,0,0,0,0,64,0,0,0,0
2000497,1.0,0.05,0.75,-1.459406249999997,-1.3999999999999968,0.05940625000000002,-13,59.40625,6.78125,0.234375,0.03125,0.0,0.6000000000000008,0.5,0.959923964826809,0.06222085293796443,0.9557680118210874,0.049999999999999996,-1.1999999999999997,-0.1999999999999995,6.0,11.0,0,0,0,0,0,64,0,0,0,0
2000498,1.0,0.05,0.75,-1.0628437499999965,-0.9999999999999964,0.06284375000000002,-14,62.84375,6.78125,0.265625,0.046875,0.0,0.6000000000000008,0.5,0.9710539315296709,0.14520714455417766,0.9505205625762086,0.049999999999999996,-0.5999999999999999,-0.39999999999999925,3.0,17.0,0,0,0,0,0,64,0,0,0,0
2000499,0.0,0.05,0.75,4.197875,4.2,0.002125000000000001,0,2.125,1.09375,0.109375,0.109375,0.0,0.6000000000000008,0.5,0.4999999999999999,0.05002184773109632,0.05075871982844281,0.05,-0.6000000000000001,4.799999999999999,3.0,11.0,0,0,0,0,0,64,0,0,0,0
2000500,0.0,0.05,0.75,7.785624999999998,7.799999999999998,0.014375000000000011,-6,14.375,3.375,0.171875,0.078125,0.0,0.6000000000000008,0.5,0.6399281590248663,0.05089546523590177,0.428660679509121,0.05,-0.4,8.2,2.0,14.0,0,0,0,0,0,64,0,0,0,0
2000501,0.0,0.05,0.75,7.577515624999998,7.599999999999999,0.022484375000000018,-8,22.484375,4.046875,0.15625,0.03125,0.0,0.6000000000000008,0.5,0.8521119608729336,0.05007947720364998,0.8276832537580432,0.05,-0.4,7.999999999999999,2.0,10.0,0,0,0,0,0,64,0,0,0,0
2000502,1.0,0.05,0.75,-0.267718749999994,-0.19999999999999396,0.06771875000000002,-13,67.71875,7.25,0.265625,0.0625,0.0,0.6000000000000008,0.5,0.9590933021818829,0.18213527604842933,0.9034648444343306,0.049999999999999996,-0.9999999999999998,0.8000000000000007,5.0,16.0,0,0,0,0,0,64,0,0,0,0
2000503,0.0,0.05,0.75,3.990953124999999,3.999999999999999,0.009046875000000006,4,9.046875,2.453125,0.125,0.1875,0.0,0.6000000000000008,0.5,0.4546129920012251,0.05822649458040434,0.0019784942064103015,0.05000000000000001,-1.0,4.999999999999999,5.0,15.0,0,0,0,0,0,64,0,0,0,0
2000504,0.0,0.05,0.75,3.5939531249999987,3.5999999999999988,0.006046875000000004,0,6.046875,1.984375,0.09375,0.09375,0.0,0.6000000000000008,0.5,0.4999999999999995,0.05000478619777176,0.0751454385640203,0.05,-0.2,3.799999999999999,1.0,11.0,0,0,0,0,0,64,0,0,0,0
2000505,0.0,0.05,0.75,5.795828124999999,5.799999999999999,0.004171875000000003,-2,4.171875,1.859375,0.140625,0.109375,0.0,0.6000000000000008,0.5,0.5198716207136882,0.05016692045054768,0.08890560802337848,0.05,-0.6000000000000001,6.399999999999999,3.0,13.0,0,0,0,0,0,64,0,0,0,0
2000506,0.0,0.05,0.75,3.3964062500000005,3.4000000000000004,0.0035937500000000028,-2,3.59375,1.71875,0.078125,0.046875,0.0,0.6000000000000008,0.5,0.5769126989045642,0.050000411581376816,0.34217936804772964,0.05,-0.6000000000000001,4.0,3.0,5.0,0,0,0,0,0,64,0,0,0,0
2000507,0.0,0.05,0.75,3.199046874999999,3.1999999999999993,0.0009531250000000006,2,0.953125,0.703125,0.09375,0.125,0.0,0.6000000000000008,0.5,0.4721176566890831,0.05003663306687911,0.018919592205066196,0.05,-1.4,4.6,7.0,7.0,0,0,0,0,0,64,0,0,0,0
2000508,0.0,0.05,0.75,5.586671874999999,5.599999999999999,0.013328125000000008,-4,13.328125,3.421875,0.125,0.0625,0.0,0.6000000000000008,0.5,0.6117405219478514,0.05001948237185864,0.3845079804295561,0.05,-0.6000000000000001,6.199999999999999,3.0,9.0,0,0,0,0,0,64,0,0,0,0
2000509,0.0,0.05,0.75,2.998890625,3.0,0.0011093750000000006,0,1.109375,0.765625,0.078125,0.078125,0.0,0.6000000000000008,0.5,0.4999999999999997,0.05000105616558372,0.10989221261707945,0.05,-0.4,3.4000000000000004,2.0,8.0,0,0,0,0,0,64,0,0,0,0
2000510,1.0,0.05,0.75,-0.43193750000000125,-0.40000000000000124,0.03193750000000002,-8,31.9375,4.9375,0.15625,0.03125,0.0,0.6000000000000008,0.5,0.8521119608729332,0.05007947720364999,0.8276832537580425,0.05,-0.7999999999999998,0.40000000000000036,4.0,8.0,0,0,0,0,0,64,0,0,0,0
2000511,1.0,0.05,0.75,-1.4621718749999968,-1.3999999999999968,0.062171875000000015,-13,62.171875,6.671875,0.234375,0.03125,0.0,0.6000000000000008,0.5,0.959923964826809,0.06222085293796443,0.9557680118210874,0.05,-0.9999999999999998,-0.39999999999999947,5.0,12.0,0,0,0,0,0,64,0,0,0,0
2000512,0.0,0.05,0.75,6.395640624999998,6.399999999999998,0.004359375000000002,-2,4.359375,1.828125,0.15625,0.125,0.0,0.6000000000000008,0.5,0.5149674908201576,0.050763423348139616,0.06034471064474171,0.05000000000000001,-0.4,6.799999999999998,2.0,16.0,0,0,0,0,0,64,0,0,0,0
2000513,1.0,0.05,0.75,0.5559687500000032,0.6000000000000032,0.04403125000000001,-12,44.03125,5.65625,0.265625,0.078125,0.0,0.6000000000000008,0.5,0.9525732005511965,0.2204638262007074,0.82012687070096,0.05,-0.7999999999999998,1.4000000000000001,4.0,18.0,0,0,0,0,0,64,0,0,0,0
2000514,0.0,0.05,0.75,5.389234374999997,5.399999999999998,0.010765625000000006,0,10.765625,2.953125,0.140625,0.140625,0.0,0.6000000000000008,0.5,0.5000000000000006,0.05046155470720612,0.022636021591953142,0.05,-1.4,6.799999999999999,7.0,11.0,0,0,0,0,0,64,0,0,0,0
2000515,1.0,0.05,0.75,0.5738593749999996,0.5999999999999996,0.026140625000000015,-9,26.140625,4.578125,0.203125,0.0625,0.0,0.6000000000000008,0.5,0.7988524559283032,0.05481440835980119,0.7375577503853925,0.05,-0.3999999999999999,1.0000000000000007,2.0,15.0,0,0,0,0,0,64,0,0,0,0
2000516,1.0,0.05,0.75,-0.6380781249999978,-0.5999999999999979,0.038078125000000004,-12,38.078125,4.453125,0.234375,0.046875,0.0,0.6000000000000008,0.5,0.9271429271556034,0.06957555548618216,0.9132472320601316,0.05,-0.9999999999999998,0.4000000000000006,5.0,13.0,0,0,0,0,0,64,0,0,0,0
2000517,1.0,0.05,0.75,-0.04049999999999647,3.552713678800501e-15,0.04050000000000002,-12,40.5,5.28125,0.25,0.0625,0.0,0.6000000000000008,0.5,0.9221537399373084,0.12350420316252428,0.8738652928590377,0.05000000000000001,-0.5999999999999999,0.6000000000000008,3.0,17.0,0,0,0,0,0,64,0,0,0,0
2000518,1.0,0.05,0.75,0.788499999999999,0.7999999999999989,0.011500000000000007,-5,11.5,2.71875,0.125,0.046875,0.0,0.6000000000000008,0.5,0.6884183930425741,0.050013737578096525,0.5618479415883963,0.05,-0.3999999999999999,1.2000000000000004,2.0,9.0,0,0,0,0,0,64,0,0,0,0
2000519,1.0,0.05,0.75,0.18071874999999926,0.1999999999999993,0.019281250000000014,-8,19.28125,3.59375,0.171875,0.046875,0.0,0.6000000000000008,0.5,0.8068709521668113,0.05035922540709853,0.7596803231267496,0.05,-0.3999999999999999,0.6000000000000005,2.0,12.0,0,0,0,0,0,64,0,0,0,0
2000520,1.0,0.05,0.75,-1.8413749999999989,-1.799999999999999,0.041375,-12,41.375,5.53125,0.203125,0.015625,0.0,0.6000000000000008,0.5,0.9622162893718675,0.05116251319367383,0.960482089493469,0.049999999999999996,-0.7999999999999998,-0.9999999999999996,4.0,10.0,0,0,0,0,0,64,0,0,0,0
2000521,0.0,0.05,0.75,11.933406250000004,12.000000000000004,0.06659375000000001,-12,66.59375,7.53125,0.25,0.0625,0.0,0.6000000000000008,0.5,0.9221537399373085,0.12350420316252425,0.8738652928590374,0.049999999999999996,-0.6000000000000001,12.600000000000003,3.0,17.0,0,0,0,0,0,64,0,0,0,0
2000522,0.0,0.05,0.75,5.395531249999999,5.399999999999999,0.004468750000000002,-3,4.46875,1.5625,0.125,0.078125,0.0,0.6000000000000008,0.5,0.5591635670596925,0.05002673902936361,0.2333340424873633,0.05,-0.8,6.199999999999999,4.0,9.0,0,0,0,0,0,64,0,0,0,0
2000523,0.0,0.05,0.75,4.194359375,4.2,0.005640625000000002,0,5.640625,1.765625,0.109375,0.109375,0.0,0.6000000000000008,0.5,0.5000000000000002,0.0500218477310963,0.05075871982844292,0.05,-0.8,5.0,4.0,10.0,0,0,0,0,0,64,0,0,0,0
2000524,1.0,0.05,0.75,-1.2699218749999956,-1.1999999999999957,0.06992187500000002,-15,69.921875,7.171875,0.28125,0.046875,0.0,0.6000000000000008,0.5,0.9865749181036227,0.2054911280952117,0.9628955048825689,0.05,-0.7999999999999998,-0.39999999999999925,4.0,17.0,0,0,0,0,0,64,0,0,0,0
2000525,1.0,0.05,0.75,-1.2652187499999976,-1.1999999999999975,0.06521875000000003,-12,65.21875,7.15625,0.21875,0.03125,0.0,0.6000000000000008,0.5,0.9457368758497209,0.05462563674246575,0.9411611939940019,0.05,-0.3999999999999999,-0.7999999999999994,2.0,14.0,0,0,0,0,0,64,0,0,0,0
2000526,0.0,0.05,0.75,3.998968749999999,3.999999999999999,0.0010312500000000007,-2,1.03125,0.8125,0.09375,0.0625,0.0,0.6000000000000008,0.5,0.5552950097849377,0.050001808984676786,0.2550294338457383,0.05,-0.6000000000000001,4.6,3.0,7.0,0,0,0,0,0,64,0,0,0,0
2000527,0.0,0.05,0.75,5.793812499999998,5.799999999999998,0.006187500000000003,-2,6.1875,1.90625,0.140625,0.109375,0.0,0.6000000000000008,0.5,0.5198716207136882,0.050166920450547686,0.08890560802337871,0.05000000000000001,-1.0,6.799999999999999,5.0,11.0,0,0,0,0,0,64,0,0,0,0
2000528,1.0,0.05,0.75,-2.046203124999998,-1.9999999999999982,0.04620312500000002,-13,46.203125,5.609375,0.21875,0.015625,0.0,0.6000000000000008,0.5,0.9717207447127014,0.053189554172185086,0.9704430981963795,0.05,-1.3999999999999997,-0.5999999999999996,7.0,8.0,0,0,0,0,0,64,0,0,0,0
2000529,0.0,0.05,0.75,8.980125,9.0,0.019875000000000007,-6,19.875,4.03125,0.203125,0.109375,0.0,0.6000000000000008,0.5,0.6070683605608687,0.06817840269768387,0.24525995932285502,0.05000000000000001,-0.8,9.8,4.0,16.0,0,0,0,0,0,64,0,0,0,0
2000530,1.0,0.05,0.75,-0.4315468750000013,-0.40000000000000124,0.03154687500000002,-8,31.546875,5.046875,0.15625,0.03125,0.0,0.6000000000000008,0.5,0.8521119608729332,0.05007947720364998,0.8276832537580429,0.05000000000000001,-0.5999999999999999,0.2000000000000004,3.0,9.0,0,0,0,0,0,64,0,0,0,0
2000531,0.0,0.05,0.75,7.584718749999998,7.599999999999998,0.01528125000000001,-5,15.28125,3.34375,0.171875,0.09375,0.0,0.6000000000000008,0.5,0.5817850072266041,0.05130956612497581,0.2676770658910387,0.049999999999999996,-0.8,8.399999999999999,4.0,13.0,0,0,0,0,0,64,0,0,0,0
2000532,0.0,0.05,0.75,3.196625,3.2,0.0033750000000000017,2,3.375,1.4375,0.09375,0.125,0.0,0.6000000000000008,0.5,0.47211765668908323,0.05003663306687911,0.018919592205066213,0.05,-0.6000000000000001,3.8,3.0,11.0,0,0,0,0,0,64,0,0,0,0
2000533,0.0,0.05,0.75,3.9924062499999993,3.999999999999999,0.007593750000000005,-2,7.59375,2.4375,0.09375,0.0625,0.0,0.6000000000000008,0.5,0.5552950097849383,0.050001808984676814,0.2550294338457388,0.05,-0.6000000000000001,4.6,3.0,7.0,0,0,0,0,0,64,0,0,0,0
2000534,1.0,0.05,0.75,-1.2751249999999976,-1.1999999999999975,0.07512500000000003,-12,75.125,7.75,0.21875,0.03125,0.0,0.6000000000000008,0.5,0.9457368758497208,0.05462563674246573,0.9411611939940018,0.05,-0.5999999999999999,-0.5999999999999994,3.0,13.0,0,0,0,0,0,64,0,0,0,0
2000535,0.0,0.05,0.75,4.197687499999999,4.199999999999999,0.002312500000000001,0,2.3125,1.1875,0.109375,0.109375,0.0,0.6000000000000008,0.5,0.5000000000000002,0.05002184773109631,0.05075871982844277,0.049999999999999996,-1.0,5.199999999999999,5.0,9.0,0,0,0,0,0,64,0,0,0,0
2000536,0.0,0.05,0.75,5.588359374999999,5.599999999999999,0.011640625000000009,-4,11.640625,2.890625,0.125,0.0625,0.0,0.6000000000000008,0.5,0.6117405219478517,0.05001948237185863,0.384507980429556,0.05,-0.4,5.999999999999999,2.0,10.0,0,0,0,0,0,64,0,0,0,0
2000537,0.0,0.05,0.75,4.797546874999998,4.799999999999998,0.0024531250000000017,0,2.453125,1.265625,0.125,0.125,0.0,0.6000000000000008,0.5,0.49999999999999983,0.05010025750439643,0.03399524470816882,0.049999999999999996,-0.6000000000000001,5.399999999999999,3.0,13.0,0,0,0,0,0,64,0,0,0,0
2000538,0.0,0.05,0.75,3.1930156249999984,3.1999999999999984,0.0069843750000000045,5,6.984375,2.015625,0.109375,0.1875,0.0,0.6000000000000008,0.5,0.43182445976319644,0.05593684684619165,0.0014653526441522587,0.05,-0.8,3.999999999999999,4.0,15.0,0,0,0,0,0,64,0,0,0,0
2000539,0.0,0.05,0.75,5.792671874999998,5.799999999999998,0.007328125000000005,-2,7.328125,2.546875,0.140625,0.109375,0.0,0.6000000000000008,0.5,0.5198716207136874,0.050166920450547686,0.08890560802337855,0.05,-0.6000000000000001,6.399999999999999,3.0,13.0,0,0,0,0,0,64,0,0,0,0
2000540,0.0,0.05,0.75,8.584343749999999,8.599999999999998,0.015656250000000007,-7,15.65625,3.25,0.1875,0.078125,0.0,0.6000000000000008,0.5,0.6757761507604997,0.05272865993452384,0.5033590778162513,0.05,-0.6000000000000001,9.2,3.0,14.0,0,0,0,0,0,64,0,0,0,0
2000541,0.0,0.05,0.75,7.375656249999999,7.399999999999999,0.024343749999999997,-4,24.34375,4.125,0.171875,0.109375,0.0,0.6000000000000008,0.5,0.5457301664638663,0.05183566360287656,0.15115600426096082,0.05,-0.4,7.799999999999999,2.0,16.0,0,0,0,0,0,64,0,0,0,0
2000542,0.0,0.05,0.75,5.1947343749999995,5.199999999999999,0.005265625000000004,1,5.265625,1.953125,0.140625,0.15625,0.0,0.6000000000000008,0.5,0.4938421063217968,0.05114524567903626,0.011157321996915867,0.049999999999999996,-0.8,5.999999999999998,4.0,15.0,0,0,0,0,0,64,0,0,0,0
2000543,1.0,0.05,0.75,-1.4498124999999968,-1.3999999999999968,0.049812500000000016,-13,49.8125,5.96875,0.234375,0.03125,0.0,0.6000000000000008,0.5,0.9599239648268092,0.062220852937964435,0.9557680118210874,0.05,-0.5999999999999999,-0.7999999999999994,3.0,14.0,0,0,0,0,0,64,0,0,0,0
2000544,0.0,0.05,0.75,5.188624999999999,5.199999999999999,0.011375000000000007,-5,11.375,2.90625,0.109375,0.03125,0.0,0.6000000000000008,0.5,0.7370439138631403,0.05000314164435329,0.6608386470530978,0.05,-0.2,5.3999999999999995,1.0,8.0,0,0,0,0,0,64,0,0,0,0
2000545,1.0,0.05,0.75,2.179406249999999,2.1999999999999993,0.020593750000000008,-7,20.59375,4.09375,0.203125,0.09375,0.0,0.6000000000000008,0.5,0.6499613247012314,0.06245315052463325,0.4001279528768885,0.05,-0.3999999999999999,2.6,2.0,17.0,0,0,0,0,0,64,0,0,0,0
2000546,0.0,0.05,0.75,2.7984375,2.8,0.001562500000000001,1,1.5625,1.125,0.078125,0.09375,0.0,0.6000000000000008,0.5,0.47917739331107667,0.05000262782403916,0.05673450365356267,0.049999999999999996,-1.0,3.8,5.0,6.0,0,0,0,0,0,64,0,0,0,0
2000547,1.0,0.05,0.75,-2.2802187499999977,-2.1999999999999975,0.08021875,-14,80.21875,7.78125,0.234375,0.015625,0.0,0.6000000000000008,0.5,0.9792221434647056,0.05862003076816916,0.9779509423448588,0.049999999999999996,-0.9999999999999998,-1.1999999999999995,5.0,11.0,0,0,0,0,0,64,0,0,0,0
2000548,0.0,0.05,0.75,8.387984374999998,8.399999999999999,0.012015625000000009,-6,12.015625,3.109375,0.1875,0.09375,0.0,0.6000000000000008,0.5,0.6102520760939587,0.054131682550927845,0.33055274228216613,0.05,-0.4,8.799999999999999,2.0,16.0,0,0,0,0,0,64,0,0,0,0
2000549,1.0,0.05,0.75,-0.8544218749999972,-0.7999999999999972,0.054421875000000015,-13,54.421875,6.578125,0.25,0.046875,0.0,0.6000000000000008,0.5,0.9503113273064747,0.09661518560829212,0.9342999879140882,0.05000000000000001,-0.7999999999999998,6.661338147750939e-16,4.0,15.0,0,0,0,0,0,64,0,0,0,0
2000550,0.0,0.05,0.75,6.394015624999998,6.399999999999998,0.0059843750000000044,-2,5.984375,2.171875,0.15625,0.125,0.0,0.6000000000000008,0.5,0.5149674908201577,0.050763423348139596,0.060344710644741756,0.05,-1.0,7.399999999999999,5.0,13.0,0,0,0,0,0,64,0,0,0,0
2000551,1.0,0.05,0.75,-1.2649999999999975,-1.1999999999999975,0.065,-12,65.0,7.28125,0.21875,0.03125,0.0,0.6000000000000008,0.5,0.9457368758497209,0.05462563674246573,0.9411611939940019,0.05,-0.7999999999999998,-0.39999999999999947,4.0,12.0,0,0,0,0,0,64,0,0,0,0
2000552,0.0,0.05,0.75,5.398437499999998,5.399999999999999,0.001562500000000001,0,1.5625,0.9375,0.140625,0.140625,0.0,0.6000000000000008,0.5,0.49999999999999983,0.05046155470720612,0.022636021591953083,0.05,-0.8,6.199999999999998,4.0,14.0,0,0,0,0,0,64,0,0,0,0
2000553,0.0,0.05,0.75,7.595281249999998,7.599999999999999,0.004718750000000003,-5,4.71875,1.5625,0.171875,0.09375,0.0,0.6000000000000008,0.5,0.5817850072266038,0.051309566124975794,0.2676770658910384,0.049999999999999996,-0.6000000000000001,8.2,3.0,14.0,0,0,0,0,0,64,0,0,0,0
2000554,1.0,0.05,0.75,-1.6522343749999997,-1.5999999999999996,0.05223437500000002,-11,52.234375,6.203125,0.1875,0.015625,0.0,0.6000000000000008,0.5,0.9500594559374237,0.05042051902125859,0.9473462493875067,0.05,-0.7999999999999998,-0.7999999999999996,4.0,9.0,0,0,0,0,0,64,0,0,0,0
2000555,1.0,0.05,0.75,0.5886562499999988,0.5999999999999988,0.011343750000000008,-6,11.34375,2.96875,0.140625,0.046875,0.0,0.6000000000000008,0.5,0.7287317863791399,0.05004189622333955,0.634000873470428,0.05,-0.19999999999999996,0.8000000000000005,1.0,11.0,0,0,0,0,0,64,0,0,0,0
2000556,1.0,0.05,0.75,1.3851093749999985,1.3999999999999986,0.01489062500000001,-5,14.890625,3.578125,0.140625,0.0625,0.0,0.6000000000000008,0.5,0.644909818475487,0.05006214701068844,0.4576757063549402,0.05,-0.5999999999999999,2.0,3.0,10.0,0,0,0,0,0,64,0,0,0,0
2000557,1.0,0.05,0.75,-1.4659843749999968,-1.3999999999999968,0.06598437500000001,-13,65.984375,6.796875,0.234375,0.03125,0.0,0.6000000000000008,0.5,0.9599239648268092,0.06222085293796445,0.9557680118210874,0.05,-0.7999999999999998,-0.5999999999999994,4.0,13.0,0,0,0,0,0,64,0,0,0,0
2000558,0.0,0.05,0.75,4.598781249999998,4.599999999999998,0.0012187500000000006,1,1.21875,0.78125,0.125,0.140625,0.0,0.6000000000000008,0.5,0.49256101233258065,0.05024930144343539,0.01685563795369668,0.05000000000000001,-1.2,5.799999999999999,6.0,11.0,0,0,0,0,0,64,0,0,0,0
2000559,1.0,0.05,0.75,0.5894999999999988,0.5999999999999988,0.010500000000000008,-6,10.5,2.6875,0.140625,0.046875,0.0,0.6000000000000008,0.5,0.7287317863791397,0.05004189622333955,0.6340008734704281,0.05,-0.3999999999999999,1.0000000000000004,2.0,10.0,0,0,0,0,0,64,0,0,0,0
2000560,0.0,0.05,0.75,2.59515625,2.6,0.0048437500000000034,2,4.84375,2.09375,0.078125,0.109375,0.0,0.6000000000000008,0.5,0.46064970708969416,0.05000809642375341,0.028468156513122234,0.05000000000000001,-1.0,3.5999999999999996,5.0,7.0,0,0,0,0,0,64,0,0,0,0
2000561,1.0,0.05,0.75,-0.8385625000000008,-0.8000000000000007,0.03856250000000001,-10,38.5625,5.59375,0.1875,0.03125,0.0,0.6000000000000008,0.5,0.9075571880204227,0.05062267802940901,0.897596938492834,0.05,-0.19999999999999996,-0.5999999999999994,1.0,13.0,0,0,0,0,0,64,0,0,0,0
2000562,0.0,0.05,0.75,8.395234375,8.399999999999999,0.0047656250000000025,-6,4.765625,1.640625,0.1875,0.09375,0.0,0.6000000000000008,0.5,0.6102520760939584,0.05413168255092786,0.33055274228216547,0.05,-0.8,9.2,4.0,14.0,0,0,0,0,0,64,0,0,0,0
2000563,0.0,0.05,0.75,4.796234374999999,4.799999999999999,0.0037656250000000025,-3,3.765625,1.640625,0.109375,0.0625,0.0,0.6000000000000008,0.5,0.5820257969747509,0.050005952906432546,0.3162170733724755,0.05,-0.8,5.6,4.0,7.0,0,0,0,0,0,64,0,0,0,0
2000564,0.0,0.05,0.75,6.991906249999999,6.999999999999998,0.008093750000000004,-2,8.09375,2.25,0.171875,0.140625,0.0,0.6000000000000008,0.5,0.515144098358685,0.05347725532643044,0.04055062695423734,0.049999999999999996,-1.0,7.999999999999999,5.0,15.0,0,0,0,0,0,64,0,0,0,0
2000565,0.0,0.05,0.75,3.3988437499999993,3.3999999999999995,0.0011562500000000008,1,1.15625,0.90625,0.09375,0.109375,0.0,0.6000000000000008,0.5,0.48534886853561365,0.05001190817662922,0.03807664237227122,0.05,-0.6000000000000001,3.999999999999999,3.0,10.0,0,0,0,0,0,64,0,0,0,0
2000566,0.0,0.05,0.75,7.9922187499999975,7.999999999999997,0.007781250000000005,-4,7.78125,2.4375,0.1875,0.125,0.0,0.6000000000000008,0.5,0.5453870079987752,0.05822649458040435,0.1048996658245105,0.04999999999999999,-1.0,9.0,5.0,15.0,0,0,0,0,0,64,0,0,0,0
2000567,1.0,0.05,0.75,-0.8469843749999972,-0.7999999999999972,0.04698437500000003,-13,46.984375,5.953125,0.25,0.046875,0.0,0.6000000000000008,0.5,0.9503113273064747,0.09661518560829224,0.9342999879140882,0.05000000000000001,-0.7999999999999998,6.661338147750939e-16,4.0,15.0,0,0,0,0,0,64,0,0,0,0
2000568,1.0,0.05,0.75,0.9848437499999982,0.9999999999999982,0.01515625000000001,-7,15.15625,3.5625,0.171875,0.0625,0.0,0.6000000000000008,0.5,0.7194971713361438,0.05057975214322688,0.6063046095870438,0.05,-0.3999999999999999,1.4000000000000006,2.0,13.0,0,0,0,0,0,64,0,0,0,0
2000569,1.0,0.05,0.75,-2.075687499999998,-1.9999999999999982,0.07568749999999998,-13,75.6875,7.65625,0.21875,0.015625,0.0,0.6000000000000008,0.5,0.9717207447127015,0.053189554172185106,0.9704430981963795,0.05,-0.3999999999999999,-1.5999999999999994,2.0,13.0,0,0,0,0,0,64,0,0,0,0
2000570,1.0,0.05,0.75,-1.2219218750000012,-1.200000000000001,0.021921875000000014,-9,21.921875,3.734375,0.15625,0.015625,0.0,0.6000000000000008,0.5,0.9150813840118804,0.05005398301857576,0.9079133425013745,0.05,-0.19999999999999996,-0.9999999999999996,1.0,10.0,0,0,0,0,0,64,0,0,0,0
2000571,1.0,0.05,0.75,1.1637031250000027,1.2000000000000028,0.03629687500000001,-9,36.296875,5.328125,0.21875,0.078125,0.0,0.6000000000000008,0.5,0.767981272388242,0.0720603626821526,0.6490679558475325,0.05,-0.5999999999999999,1.8000000000000007,3.0,16.0,0,0,0,0,0,64,0,0,0,0
2000572,0.0,0.05,0.75,3.1993749999999994,3.1999999999999993,0.0006250000000000001,2,0.625,0.4375,0.09375,0.125,0.0,0.6000000000000008,0.5,0.47211765668908307,0.050036633066879097,0.018919592205066265,0.05,-0.8,3.999999999999999,4.0,10.0,0,0,0,0,0,64,0,0,0,0
2000573,1.0,0.05,0.75,-0.41525000000000034,-0.40000000000000036,0.015250000000000012,-5,15.25,3.5,0.09375,0.015625,0.0,0.6000000000000008,0.5,0.7871951511376599,0.05000076549905086,0.7475149483256291,0.05000000000000001,-0.19999999999999996,-0.19999999999999973,1.0,6.0,0,0,0,0,0,64,0,0,0,0
2000574,1.0,0.05,0.75,0.17818749999999928,0.1999999999999993,0.021812500000000012,-8,21.8125,4.09375,0.171875,0.046875,0.0,0.6000000000000008,0.5,0.806870952166811,0.05035922540709853,0.7596803231267495,0.05,-0.19999999999999996,0.4000000000000006,1.0,13.0,0,0,0,0,0,64,0,0,0,0
2000575,0.0,0.05,0.75,6.395843749999998,6.399999999999999,0.004156250000000003,-5,4.15625,1.71875,0.140625,0.0625,0.0,0.6000000000000008,0.5,0.6449098184754865,0.05006214701068843,0.4576757063549413,0.04999999999999999,-0.4,6.799999999999999,2.0,11.0,0,0,0,0,0,64,0,0,0,0
2000576,1.0,0.05,0.75,-0.4367187499999986,-0.3999999999999986,0.03671875000000001,-11,36.71875,5.03125,0.21875,0.046875,0.0,0.6000000000000008,0.5,0.9019313154980275,0.05757426507427075,0.886269569500468,0.05,-0.5999999999999999,0.20000000000000062,3.0,14.0,0,0,0,0,0,64,0,0,0,0
2000577,1.0,0.05,0.75,-1.0324375,-1.0,0.03243750000000001,-11,32.4375,4.875,0.203125,0.03125,0.0,0.6000000000000008,0.5,0.9285487473296795,0.05170926207952019,0.9221237688883385,0.05,-0.19999999999999996,-0.7999999999999994,1.0,14.0,0,0,0,0,0,64,0,0,0,0
2000578,1.0,0.05,0.75,0.3821562499999986,0.3999999999999986,0.01784375000000001,-7,17.84375,3.8125,0.15625,0.046875,0.0,0.6000000000000008,0.5,0.7686940361844826,0.050124222172970835,0.7006035450357837,0.05,-0.5999999999999999,1.0000000000000004,3.0,10.0,0,0,0,0,0,64,0,0,0,0
2000579,0.0,0.05,0.75,7.394546874999999,7.399999999999999,0.005453125000000004,-4,5.453125,2.046875,0.171875,0.109375,0.0,0.6000000000000008,0.5,0.545730166463866,0.05183566360287657,0.151156004260961,0.05,-1.0,8.399999999999999,5.0,13.0,0,0,0,0,0,64,0,0,0,0
2000580,0.0,0.05,0.75,7.988437499999999,7.999999999999999,0.011562500000000009,-7,11.5625,2.71875,0.171875,0.0625,0.0,0.6000000000000008,0.5,0.7194971713361435,0.05057975214322688,0.606304609587044,0.05,-0.6000000000000001,8.6,3.0,12.0,0,0,0,0,0,64,0,0,0,0
2000581,1.0,0.05,0.75,0.16596874999999928,0.1999999999999993,0.03403125000000002,-8,34.03125,5.0625,0.171875,0.046875,0.0,0.6000000000000008,0.5,0.8068709521668114,0.05035922540709853,0.7596803231267497,0.05,-0.9999999999999998,1.2000000000000004,5.0,9.0,0,0,0,0,0,64,0,0,0,0
2000582,0.0,0.05,0.75,3.5983281249999988,3.5999999999999988,0.001671875000000001,3,1.671875,1.046875,0.109375,0.15625,0.0,0.6000000000000008,0.5,0.46906833267282444,0.05055259765120857,0.006145030452283841,0.049999999999999996,-1.2,4.799999999999999,6.0,11.0,0,0,0,0,0,64,0,0,0,0
2000583,1.0,0.05,0.75,-0.041109375000000004,0.0,0.041109375000000004,-9,41.109375,5.640625,0.1875,0.046875,0.0,0.6000000000000008,0.5,0.8421206710105099,0.05101574772905402,0.8102571369822896,0.05,-0.5999999999999999,0.6000000000000005,3.0,12.0,0,0,0,0,0,64,0,0,0,0
2000584,1.0,0.05,0.75,-0.8446874999999989,-0.7999999999999989,0.04468750000000002,-10,44.6875,5.9375,0.1875,0.03125,0.0,0.6000000000000008,0.5,0.907557188020423,0.050622678029409014,0.8975969384928338,0.05000000000000001,-0.9999999999999998,0.2000000000000004,5.0,9.0,0,0,0,0,0,64,0,0,0,0
2000585,0.0,0.05,0.75,11.171515625000001,11.200000000000001,0.028484375000000013,-11,28.484375,4.390625,0.234375,0.0625,0.0,0.6000000000000008,0.5,0.8802605334225226,0.08314812725679852,0.8368290852804791,0.05000000000000001,-0.4,11.600000000000001,2.0,17.0,0,0,0,0,0,64,0,0,0,0
2000586,1.0,0.05,0.75,-0.22359374999999931,-0.1999999999999993,0.02359375000000001,-10,23.59375,4.59375,0.203125,0.046875,0.0,0.6000000000000008,0.5,0.8738066245602871,0.05281012595997796,0.8522597895823482,0.05000000000000001,-0.3999999999999999,0.20000000000000062,2.0,14.0,0,0,0,0,0,64,0,0,0,0
2000587,0.0,0.05,0.75,3.3995624999999996,3.3999999999999995,0.0004375000000000003,1,0.4375,0.4375,0.09375,0.109375,0.0,0.6000000000000008,0.5,0.48534886853561343,0.050011908176629205,0.03807664237227109,0.05,-1.2,4.6,6.0,7.0,0,0,0,0,0,64,0,0,0,0
2000588,1.0,0.05,0.75,3.998343749999999,3.999999999999999,0.001656250000000001,-1,1.65625,1.125,0.125,0.109375,0.0,0.6000000000000008,0.5,0.5103289842306696,0.050054352167420955,0.06736895075198188,0.05000000000000001,-0.3999999999999999,4.399999999999999,2.0,13.0,0,0,0,0,0,64,0,0,0,0
2000589,1.0,0.05,0.75,0.3482187500000039,0.4000000000000039,0.051781250000000015,-10,51.78125,6.625,0.21875,0.0625,0.0,0.6000000000000008,0.5,0.839026958239755,0.06309502399289302,0.7915126491493318,0.05,-0.5999999999999999,1.0000000000000007,3.0,15.0,0,0,0,0,0,64,0,0,0,0
2000590,0.0,0.05,0.75,6.990203124999998,6.999999999999998,0.009796875000000007,-5,9.796875,2.640625,0.15625,0.078125,0.0,0.6000000000000008,0.5,0.6088383653706759,0.050285050071890214,0.3570773963529917,0.05,-0.4,7.399999999999999,2.0,13.0,0,0,0,0,0,64,0,0,0,0
2000591,1.0,0.05,0.75,-0.8316875000000007,-0.8000000000000007,0.03168750000000001,-10,31.6875,4.84375,0.1875,0.03125,0.0,0.6000000000000008,0.5,0.9075571880204231,0.050622678029409014,0.8975969384928345,0.05,-0.3999999999999999,-0.39999999999999947,2.0,12.0,0,0,0,0,0,64,0,0,0,0
2000592,1.0,0.05,0.75,-1.8298437499999989,-1.799999999999999,0.02984375000000001,-12,29.84375,4.71875,0.203125,0.015625,0.0,0.6000000000000008,0.5,0.9622162893718675,0.051162513193673834,0.9604820894934692,0.05,-0.3999999999999999,-1.3999999999999995,2.0,12.0,0,0,0,0,0,64,0,0,0,0
2000593,0.0,0.05,0.75,10.568421875000002,10.600000000000001,0.03157812500000001,-11,31.578125,4.890625,0.21875,0.046875,0.0,0.6000000000000008,0.5,0.9019313154980277,0.057574265074270804,0.8862695695004678,0.05,-0.2,10.8,1.0,16.0,0,0,0,0,0,64,0,0,0,0
2000594,0.0,0.05,0.75,0.7925937500000002,0.8000000000000003,0.007406250000000003,5,7.40625,1.90625,0.046875,0.125,0.0,0.6000000000000008,0.5,0.3115816069574265,0.050013737578096525,0.007762031509997811,0.05000000000000001,-1.0,1.8,5.0,6.0,0,0,0,0,0,64,0,0,0,0
2000595,1.0,0.05,0.75,-0.8178125000000007,-0.8000000000000007,0.01781250000000001,-7,17.8125,3.75,0.125,0.015625,0.0,0.6000000000000008,0.5,0.8616799930132595,0.050006662406647175,0.8438174369361426,0.05,-0.3999999999999999,-0.3999999999999997,2.0,7.0,0,0,0,0,0,64,0,0,0,0
2000596,0.0,0.05,0.75,2.7937499999999984,2.7999999999999985,0.006250000000000003,4,6.25,1.875,0.09375,0.15625,0.0,0.6000000000000008,0.5,0.4400895674251651,0.0504026093440809,0.004556190836479358,0.05000000000000001,-0.8,3.5999999999999988,4.0,12.0,0,0,0,0,0,64,0,0,0,0
2000597,0.0,0.05,0.75,6.390234374999999,6.399999999999999,0.009765625000000005,-5,9.765625,2.609375,0.140625,0.0625,0.0,0.6000000000000008,0.5,0.6449098184754872,0.050062147010688444,0.45767570635494054,0.05,-0.4,6.799999999999999,2.0,11.0,0,0,0,0,0,64,0,0,0,0
2000598,1.0,0.05,0.75,1.986421875,2.0,0.01357812500000001,-8,13.578125,3.171875,0.21875,0.09375,0.0,0.6000000000000008,0.5,0.7095074221138916,0.08448086328055385,0.4739790681817421,0.05,-0.7999999999999998,2.8,4.0,16.0,0,0,0,0,0,64,0,0,0,0
2000599,1.0,0.05,0.75,-2.6471875,-2.5999999999999996,0.04718750000000003,-13,47.1875,6.0625,0.203125,0.0,0.0,0.6000000000000008,0.5,0.9807976929853618,0.050904996413070766,0.9803494546284086,0.05,-0.3999999999999999,-2.1999999999999993,2.0,11.0,0,0,0,0,0,64,0,0,0,0
2000600,1.0,0.05,0.75,-0.2223124999999993,-0.1999999999999993,0.022312500000000013,-10,22.3125,4.03125,0.203125,0.046875,0.0,0.6000000000000008,0.5,0.8738066245602875,0.052810125959977944,0.8522597895823482,0.04999999999999999,-0.7999999999999998,0.6000000000000005,4.0,12.0,0,0,0,0,0,64,0,0,0,0
2000601,1.0,0.05,0.75,0.16728124999999927,0.1999999999999993,0.032718750000000005,-8,32.71875,4.96875,0.171875,0.046875,0.0,0.6000000000000008,0.5,0.8068709521668114,0.05035922540709853,0.759680323126749,0.05,-0.19999999999999996,0.4000000000000006,1.0,13.0,0,0,0,0,0,64,0,0,0,0
2000602,1.0,0.05,0.75,1.7569218750000024,1.8000000000000025,0.043078125,-9,43.078125,5.890625,0.234375,0.09375,0.0,0.6000000000000008,0.5,0.7951888132057593,0.130836778991421,0.5489864331479999,0.05000000000000001,-0.9999999999999998,2.8,5.0,16.0,0,0,0,0,0,64,0,0,0,0
2000603,0.0,0.05,0.75,8.184765624999997,8.199999999999998,0.01523437500000001,-5,15.234375,3.390625,0.1875,0.109375,0.0,0.6000000000000008,0.5,0.5681755402368033,0.05593684684619163,0.19390881899456838,0.05,-0.8,9.0,4.0,15.0,0,0,0,0,0,64,0,0,0,0
2000604,1.0,0.05,0.75,-0.027234374999999998,0.0,0.027234374999999998,-9,27.234375,4.671875,0.1875,0.046875,0.0,0.6000000000000008,0.5,0.8421206710105099,0.05101574772905401,0.8102571369822893,0.05,-0.7999999999999998,0.8000000000000005,4.0,11.0,0,0,0,0,0,64,0,0,0,0
2000605,1.0,0.05,0.75,1.8983750000000088,2.000000000000009,0.101625,-11,101.625,8.9375,0.28125,0.109375,0.0,0.6000000000000008,0.5,0.9869936216612458,0.2883308973917295,0.5938046287505696,0.05,-0.5999999999999999,2.600000000000001,3.0,22.0,0,0,0,0,0,64,0,0,0,0
2000606,0.0,0.05,0.75,4.797109375,4.8,0.0028906250000000017,-3,2.890625,1.296875,0.109375,0.0625,0.0,0.6000000000000008,0.5,0.5820257969747505,0.050005952906432546,0.31621707337247573,0.05,-0.4,5.199999999999999,2.0,9.0,0,0,0,0,0,64,0,0,0,0
2000607,0.0,0.05,0.75,4.994296874999999,4.999999999999999,0.005703125000000004,-4,5.703125,2.234375,0.109375,0.046875,0.0,0.6000000000000008,0.5,0.6491845032482676,0.05000436791979214,0.486980712899406,0.05,-0.2,5.199999999999999,1.0,9.0,0,0,0,0,0,64,0,0,0,0
2000608,1.0,0.05,0.75,2.3947968749999986,2.3999999999999986,0.005203125000000003,-3,5.203125,1.984375,0.125,0.078125,0.0,0.6000000000000008,0.5,0.5591635670596916,0.05002673902936361,0.23333404248736372,0.05,-0.5999999999999999,2.999999999999999,3.0,10.0,0,0,0,0,0,64,0,0,0,0
2000609,0.0,0.05,0.75,5.384421874999998,5.399999999999999,0.01557812500000001,3,15.578125,3.640625,0.15625,0.203125,0.0,0.6000000000000008,0.5,0.4079027719406614,0.09444539936557238,0.0017593444265775304,0.05,-1.5999999999999999,6.999999999999998,8.0,15.0,0,0,0,0,0,64,0,0,0,0
2000610,1.0,0.05,0.75,-0.4460312499999986,-0.3999999999999986,0.04603125000000001,-11,46.03125,5.625,0.21875,0.046875,0.0,0.6000000000000008,0.5,0.9019313154980275,0.057574265074270756,0.8862695695004676,0.05,-1.1999999999999997,0.8000000000000005,6.0,11.0,0,0,0,0,0,64,0,0,0,0
2000611,1.0,0.05,0.75,-1.2637812499999994,-1.1999999999999993,0.06378125000000003,-12,63.78125,7.125,0.21875,0.03125,0.0,0.6000000000000008,0.5,0.9457368758497209,0.05462563674246577,0.9411611939940018,0.049999999999999996,-0.7999999999999998,-0.39999999999999947,4.0,12.0,0,0,0,0,0,64,0,0,0,0
2000612,1.0,0.05,0.75,3.3930937499999976,3.3999999999999977,0.006906250000000004,-4,6.90625,2.25,0.171875,0.109375,0.0,0.6000000000000008,0.5,0.5457301664638659,0.05183566360287657,0.15115600426096104,0.05,-0.3999999999999999,3.8,2.0,16.0,0,0,0,0,0,64,0,0,0,0
2000613,1.0,0.05,0.75,-1.6597187499999961,-1.599999999999996,0.05971875000000003,-14,59.71875,6.90625,0.25,0.03125,0.0,0.6000000000000008,0.5,0.9720108749795388,0.08065926193373202,0.9668762872780626,0.05,-0.9999999999999998,-0.5999999999999994,5.0,13.0,0,0,0,0,0,64,0,0,0,0
2000614,0.0,0.05,0.75,4.198093749999999,4.199999999999999,0.0019062500000000008,0,1.90625,1.03125,0.109375,0.109375,0.0,0.6000000000000008,0.5,0.5000000000000002,0.05002184773109632,0.05075871982844279,0.049999999999999996,-0.8,4.999999999999999,4.0,10.0,0,0,0,0,0,64,0,0,0,0
2000615,1.0,0.05,0.75,-2.0844531249999965,-1.9999999999999964,0.08445312500000002,-16,84.453125,8.171875,0.28125,0.03125,0.0,0.6000000000000008,0.5,0.9911313210216681,0.17697638562017196,0.9815728197010305,0.05,-1.3999999999999997,-0.5999999999999994,7.0,13.0,0,0,0,0,0,64,0,0,0,0
2000616,1.0,0.05,0.75,-2.9299218749999953,-2.7999999999999954,0.129921875,-17,129.921875,10.296875,0.28125,0.015625,0.0,0.6000000000000008,0.5,0.9948935234511855,0.15757815922549512,0.9909370120010642,0.05,-1.3999999999999997,-1.3999999999999995,7.0,12.0,0,0,0,0,0,64,0,0,0,0
2000617,1.0,0.05,0.75,-1.018546875,-1.0,0.018546875000000004,-11,18.546875,3.015625,0.203125,0.03125,0.0,0.6000000000000008,0.5,0.9285487473296794,0.051709262079520195,0.9221237688883387,0.05000000000000001,-0.19999999999999996,-0.7999999999999994,1.0,14.0,0,0,0,0,0,64,0,0,0,0
2000618,0.0,0.05,0.75,7.793843749999998,7.799999999999998,0.006156250000000004,-6,6.15625,1.96875,0.171875,0.078125,0.0,0.6000000000000008,0.5,0.639928159024866,0.05089546523590177,0.42866067950912146,0.049999999999999996,-0.6000000000000001,8.399999999999999,3.0,13.0,0,0,0,0,0,64,0,0,0,0
2000619,0.0,0.05,0.75,1.997734375,2.0,0.0022656250000000016,2,2.265625,1.328125,0.0625,0.09375,0.0,0.6000000000000008,0.5,0.4447049902150623,0.0500018089846768,0.042626421896487875,0.05000000000000001,-0.8,2.8,4.0,6.0,0,0,0,0,0,64,0,0,0,0
2000620,1.0,0.05,0.75,0.5764687499999996,0.5999999999999996,0.023531250000000007,-9,23.53125,4.21875,0.203125,0.0625,0.0,0.6000000000000008,0.5,0.7988524559283035,0.05481440835980121,0.7375577503853924,0.049999999999999996,-0.9999999999999998,1.6,5.0,12.0,0,0,0,0,0,64,0,0,0,0
2000621,0.0,0.05,0.75,7.394265624999997,7.399999999999998,0.005734375000000004,-4,5.734375,2.046875,0.171875,0.109375,0.0,0.6000000000000008,0.5,0.5457301664638657,0.05183566360287658,0.15115600426096096,0.05,-0.6000000000000001,7.999999999999998,3.0,15.0,0,0,0,0,0,64,0,0,0,0
2000622,0.0,0.05,0.75,6.189203124999999,6.199999999999998,0.010796875000000006,-4,10.796875,2.890625,0.140625,0.078125,0.0,0.6000000000000008,0.5,0.5820510843804467,0.05008827563996597,0.29135216982576784,0.05,-0.8,6.999999999999999,4.0,10.0,0,0,0,0,0,64,0,0,0,0
2000623,1.0,0.05,0.75,2.790031249999998,2.799999999999998,0.009968750000000007,-4,9.96875,2.8125,0.15625,0.09375,0.0,0.6000000000000008,0.5,0.5599104325748356,0.0504026093440809,0.21295669090179734,0.05,-0.19999999999999996,3.0,1.0,15.0,0,0,0,0,0,64,0,0,0,0
2000624,0.0,0.05,0.75,1.3892031250000003,1.4000000000000004,0.010796875000000008,5,10.796875,2.453125,0.0625,0.140625,0.0,0.6000000000000008,0.5,0.3550901815245137,0.05006214701068844,0.0051219375375399735,0.049999999999999996,-0.8,2.2,4.0,9.0,0,0,0,0,0,64,0,0,0,0
2000625,0.0,0.05,0.75,9.98675,10.0,0.013250000000000008,-8,13.25,2.8125,0.21875,0.09375,0.0,0.6000000000000008,0.5,0.7095074221138916,0.0844808632805538,0.4739790681817419,0.04999999999999999,-0.2,10.200000000000001,1.0,19.0,0,0,0,0,0,64,0,0,0,0
2000626,1.0,0.05,0.75,-2.0482031249999983,-1.9999999999999982,0.04820312500000003,-13,48.203125,6.109375,0.21875,0.015625,0.0,0.6000000000000008,0.5,0.9717207447127014,0.0531895541721851,0.9704430981963795,0.05,-0.7999999999999998,-1.1999999999999995,4.0,11.0,0,0,0,0,0,64,0,0,0,0
2000627,1.0,0.05,0.75,2.5843437499999977,2.599999999999998,0.015656250000000007,-5,15.65625,3.25,0.171875,0.09375,0.0,0.6000000000000008,0.5,0.5817850072266044,0.051309566124975794,0.2676770658910386,0.05,-0.19999999999999996,2.8,1.0,16.0,0,0,0,0,0,64,0,0,0,0
2000628,0.0,0.05,0.75,6.787781249999998,6.799999999999998,0.012218750000000007,-4,12.21875,3.0,0.15625,0.09375,0.0,0.6000000000000008,0.5,0.5599104325748356,0.050402609344080904,0.2129566909017969,0.05,-0.6000000000000001,7.399999999999999,3.0,13.0,0,0,0,0,0,64,0,0,0,0
2000629,1.0,0.05,0.75,3.3926249999999984,3.3999999999999986,0.007375000000000005,-4,7.375,2.46875,0.171875,0.109375,0.0,0.6000000000000008,0.5,0.5457301664638659,0.051835663602876565,0.1511560042609609,0.05,-0.5999999999999999,3.9999999999999982,3.0,15.0,0,0,0,0,0,64,0,0,0,0
2000630,0.0,0.05,0.75,6.9689999999999985,6.999999999999998,0.03099999999999998,-5,31.0,5.21875,0.15625,0.078125,0.0,0.6000000000000008,0.5,0.6088383653706763,0.05028505007189023,0.35707739635299096,0.05,-0.6000000000000001,7.599999999999999,3.0,12.0,0,0,0,0,0,64,0,0,0,0
2000631,0.0,0.05,0.75,5.596374999999997,5.599999999999998,0.0036250000000000024,-1,3.625,1.6875,0.140625,0.125,0.0,0.6000000000000008,0.5,0.5074389876674198,0.05024930144343539,0.045382076259177,0.05,-0.8,6.399999999999999,4.0,13.0,0,0,0,0,0,64,0,0,0,0
2000632,1.0,0.05,0.75,-0.4256093750000013,-0.40000000000000124,0.025609375000000018,-8,25.609375,3.953125,0.15625,0.03125,0.0,0.6000000000000008,0.5,0.8521119608729333,0.05007947720364998,0.8276832537580431,0.05000000000000001,0.0,-0.39999999999999947,0.0,12.0,0,0,0,0,0,64,0,0,0,0
2000633,1.0,0.05,0.75,1.1939374999999983,1.1999999999999984,0.006062500000000004,-6,6.0625,1.84375,0.15625,0.0625,0.0,0.6000000000000008,0.5,0.6811244536400769,0.05019254820704263,0.5327159086609199,0.05,-0.5999999999999999,1.8,3.0,11.0,0,0,0,0,0,64,0,0,0,0
2000634,0.0,0.05,0.75,7.188046874999998,7.1999999999999975,0.011953125000000005,-3,11.953125,3.109375,0.171875,0.125,0.0,0.6000000000000008,0.5,0.5256690162482581,0.05251489179288846,0.07982804756168768,0.049999999999999996,-0.8,7.999999999999999,4.0,15.0,0,0,0,0,0,64,0,0,0,0
2000635,0.0,0.05,0.75,1.1952656250000002,1.2000000000000002,0.004734375000000003,3,4.734375,1.921875,0.046875,0.09375,0.0,0.6000000000000008,0.5,0.38795997743294935,0.05000134868769517,0.03190790184174757,0.05,-1.0,2.2,5.0,4.0,0,0,0,0,0,64,0,0,0,0
2000636,0.0,0.05,0.75,5.598062499999998,5.599999999999999,0.0019375000000000009,-1,1.9375,0.96875,0.140625,0.125,0.0,0.6000000000000008,0.5,0.5074389876674195,0.0502493014434354,0.045382076259176896,0.05,-1.2,6.799999999999999,6.0,11.0,0,0,0,0,0,64,0,0,0,0
2000637,1.0,0.05,0.75,-0.43243750000000125,-0.40000000000000124,0.03243750000000001,-8,32.4375,5.125,0.15625,0.03125,0.0,0.6000000000000008,0.5,0.8521119608729334,0.05007947720364999,0.8276832537580431,0.05000000000000001,-0.7999999999999998,0.40000000000000036,4.0,8.0,0,0,0,0,0,64,0,0,0,0
2000638,0.0,0.05,0.75,4.99578125,5.0,0.004218750000000002,-1,4.21875,1.65625,0.125,0.109375,0.0,0.6000000000000008,0.5,0.5103289842306695,0.05005435216742094,0.06736895075198182,0.05000000000000001,-1.0,5.999999999999999,5.0,10.0,0,0,0,0,0,64,0,0,0,0
2000639,0.0,0.05,0.75,8.774328124999998,8.799999999999999,0.025671875000000007,-8,25.671875,4.609375,0.1875,0.0625,0.0,0.6000000000000008,0.5,0.7589961892287839,0.05169688933094265,0.6753666156725154,0.05,-0.6000000000000001,9.4,3.0,13.0,0,0,0,0,0,64,0,0,0,0
2000640,1.0,0.05,0.75,-1.4344531250000003,-1.4000000000000004,0.03445312500000002,-10,34.453125,4.984375,0.171875,0.015625,0.0,0.6000000000000008,0.5,0.9345749610278491,0.05015120353908666,0.9301615151943896,0.05,-0.3999999999999999,-0.9999999999999996,2.0,10.0,0,0,0,0,0,64,0,0,0,0
2000641,0.0,0.05,0.75,4.395390624999999,4.3999999999999995,0.004609375000000002,2,4.609375,1.796875,0.125,0.15625,0.0,0.6000000000000008,0.5,0.4850325091798425,0.05076342334813961,0.00828332139616397,0.05,-1.0,5.3999999999999995,5.0,13.0,0,0,0,0,0,64,0,0,0,0
2000642,0.0,0.05,0.75,7.396828124999998,7.399999999999998,0.003171875000000002,-4,3.171875,1.578125,0.171875,0.109375,0.0,0.6000000000000008,0.5,0.5457301664638664,0.05183566360287658,0.1511560042609607,0.049999999999999996,-0.8,8.2,4.0,14.0,0,0,0,0,0,64,0,0,0,0
2000643,0.0,0.05,0.75,5.3959062499999995,5.3999999999999995,0.004093750000000003,-3,4.09375,1.75,0.125,0.078125,0.0,0.6000000000000008,0.5,0.559163567059692,0.0500267390293636,0.233334042487363,0.05,-0.4,5.799999999999999,2.0,11.0,0,0,0,0,0,64,0,0,0,0
2000644,1.0,0.05,0.75,-2.2774531249999974,-2.1999999999999975,0.077453125,-14,77.453125,7.984375,0.234375,0.015625,0.0,0.6000000000000008,0.5,0.9792221434647055,0.05862003076816919,0.9779509423448588,0.05,-1.1999999999999997,-0.9999999999999996,6.0,10.0,0,0,0,0,0,64,0,0,0,0
2000645,0.0,0.05,0.75,1.5963906250000002,1.6,0.0036093750000000023,4,3.609375,1.640625,0.0625,0.125,0.0,0.6000000000000008,0.5,0.38825947805214883,0.05001948237185864,0.010457071297046122,0.05000000000000001,-0.8,2.3999999999999995,4.0,8.0,0,0,0,0,0,64,0,0,0,0
2000646,1.0,0.05,0.75,1.3876249999999986,1.3999999999999986,0.012375000000000004,-8,12.375,2.46875,0.203125,0.078125,0.0,0.6000000000000008,0.5,0.7175687662110934,0.05800066706526522,0.5779078245490413,0.05,-0.5999999999999999,1.9999999999999993,3.0,15.0,0,0,0,0,0,64,0,0,0,0
2000647,1.0,0.05,0.75,-0.6300781250000014,-0.6000000000000014,0.030078125000000004,-9,30.078125,4.859375,0.171875,0.03125,0.0,0.6000000000000008,0.5,0.8821756833697578,0.05022403420085195,0.8664641044636608,0.05000000000000001,-0.3999999999999999,-0.1999999999999995,2.0,11.0,0,0,0,0,0,64,0,0,0,0
2000648,0.0,0.05,0.75,7.397312499999998,7.399999999999999,0.0026875000000000015,-4,2.6875,1.1875,0.171875,0.109375,0.0,0.6000000000000008,0.5,0.5457301664638656,0.051835663602876565,0.15115600426096062,0.05000000000000001,-0.6000000000000001,7.999999999999998,3.0,15.0,0,0,0,0,0,64,0,0,0,0
2000649,1.0,0.05,0.75,-0.6530468749999979,-0.5999999999999979,0.05304687500000002,-12,53.046875,6.546875,0.234375,0.046875,0.0,0.6000000000000008,0.5,0.9271429271556036,0.06957555548618206,0.9132472320601314,0.05,-0.19999999999999996,-0.39999999999999925,1.0,17.0,0,0,0,0,0,64,0,0,0,0
2000650,0.0,0.05,0.75,4.594203124999997,4.599999999999997,0.005796875000000004,4,5.796875,2.015625,0.140625,0.203125,0.0,0.6000000000000008,0.5,0.4149263675175655,0.08391386227697284,0.0013029672685578894,0.05,-1.4,5.999999999999998,7.0,15.0,0,0,0,0,0,64,0,0,0,0
2000651,0.0,0.05,0.75,5.788171874999999,5.799999999999999,0.011828125000000009,-5,11.828125,2.828125,0.125,0.046875,0.0,0.6000000000000008,0.5,0.688418393042574,0.050013737578096525,0.5618479415883962,0.05,-0.6000000000000001,6.3999999999999995,3.0,8.0,0,0,0,0,0,64,0,0,0,0
2000652,0.0,0.05,0.75,4.397515625,4.3999999999999995,0.0024843750000000018,-1,2.484375,1.203125,0.109375,0.09375,0.0,0.6000000000000008,0.5,0.5146511314643866,0.05001190817662922,0.09890446288834837,0.05000000000000001,-0.8,5.199999999999999,4.0,9.0,0,0,0,0,0,64,0,0,0,0
2000653,1.0,0.05,0.75,0.787031249999999,0.7999999999999989,0.012968750000000008,-5,12.96875,3.25,0.125,0.046875,0.0,0.6000000000000008,0.5,0.6884183930425744,0.050013737578096525,0.5618479415883959,0.05,0.0,0.8000000000000005,0.0,11.0,0,0,0,0,0,64,0,0,0,0
2000654,0.0,0.05,0.75,4.998843749999999,4.999999999999999,0.0011562500000000006,-1,1.15625,0.9375,0.125,0.109375,0.0,0.6000000000000008,0.5,0.5103289842306694,0.050054352167420955,0.06736895075198218,0.05,-0.2,5.199999999999999,1.0,14.0,0,0,0,0,0,64,0,0,0,0
2000655,0.0,0.05,0.75,4.79884375,4.8,0.0011562500000000006,-3,1.15625,0.71875,0.109375,0.0625,0.0,0.6000000000000008,0.5,0.5820257969747508,0.05000595290643254,0.31621707337247573,0.05,-0.4,5.199999999999999,2.0,9.0,0,0,0,0,0,64,0,0,0,0
2000656,1.0,0.05,0.75,0.791546874999999,0.7999999999999989,0.008453125000000004,-5,8.453125,2.109375,0.125,0.046875,0.0,0.6000000000000008,0.5,0.6884183930425738,0.05001373757809654,0.5618479415883962,0.05,-0.3999999999999999,1.2000000000000004,2.0,9.0,0,0,0,0,0,64,0,0,0,0
2000657,1.0,0.05,0.75,0.5958593749999996,0.5999999999999996,0.004140625000000003,-3,4.140625,1.765625,0.078125,0.03125,0.0,0.6000000000000008,0.5,0.6496086617470688,0.05000031582283139,0.5163755003310243,0.05,-0.19999999999999996,0.8000000000000003,1.0,6.0,0,0,0,0,0,64,0,0,0,0
2000658,0.0,0.05,0.75,4.797890624999998,4.799999999999998,0.0021093750000000014,0,2.109375,1.265625,0.125,0.125,0.0,0.6000000000000008,0.5,0.5,0.05010025750439644,0.03399524470816882,0.049999999999999996,-1.4,6.199999999999999,7.0,9.0,0,0,0,0,0,64,0,0,0,0
2000659,1.0,0.05,0.75,-1.0285468750000009,-1.0000000000000009,0.028546875000000024,-8,28.546875,4.765625,0.140625,0.015625,0.0,0.6000000000000008,0.5,0.8909465390647507,0.050019089348232765,0.8794958569741332,0.05,-0.3999999999999999,-0.5999999999999996,2.0,8.0,0,0,0,0,0,64,0,0,0,0
2000660,0.0,0.05,0.75,5.595140624999998,5.599999999999998,0.0048593750000000034,2,4.859375,1.828125,0.15625,0.1875,0.0,0.6000000000000008,0.5,0.4686855420091846,0.06529961506369339,0.0036046104006397894,0.049999999999999996,-1.4,6.999999999999998,7.0,15.0,0,0,0,0,0,64,0,0,0,0
2000661,0.0,0.05,0.75,7.591999999999999,7.599999999999999,0.008000000000000004,-5,8.0,1.71875,0.171875,0.09375,0.0,0.6000000000000008,0.5,0.5817850072266042,0.0513095661249758,0.26767706589103896,0.049999999999999996,-0.2,7.799999999999999,1.0,16.0,0,0,0,0,0,64,0,0,0,0
2000662,0.0,0.05,0.75,2.998031249999999,2.999999999999999,0.0019687500000000013,3,1.96875,1.15625,0.09375,0.140625,0.0,0.6000000000000008,0.5,0.45758220930734916,0.05012125333014475,0.009307542307539999,0.05,-1.0,3.999999999999999,5.0,10.0,0,0,0,0,0,64,0,0,0,0
2000663,1.0,0.05,0.75,0.9603750000000035,1.0000000000000036,0.039625000000000014,-10,39.625,4.9375,0.234375,0.078125,0.0,0.6000000000000008,0.5,0.8298294017290083,0.10425672642405771,0.714164932360601,0.05,-0.9999999999999998,2.000000000000001,5.0,15.0,0,0,0,0,0,64,0,0,0,0
2000664,1.0,0.05,0.75,1.9898281249999983,1.9999999999999982,0.010171875000000007,-5,10.171875,2.609375,0.15625,0.078125,0.0,0.6000000000000008,0.5,0.6088383653706757,0.05028505007189022,0.3570773963529917,0.05,-0.7999999999999998,2.8,4.0,11.0,0,0,0,0,0,64,0,0,0,0
2000665,1.0,0.05,0.75,0.9841093749999982,0.9999999999999982,0.01589062500000001,-7,15.890625,3.703125,0.171875,0.0625,0.0,0.6000000000000008,0.5,0.7194971713361435,0.05057975214322689,0.6063046095870442,0.05,-0.3999999999999999,1.4000000000000006,2.0,13.0,0,0,0,0,0,64,0,0,0,0
2000666,0.0,0.05,0.75,6.194609374999998,6.199999999999998,0.005390625000000004,-4,5.390625,1.921875,0.140625,0.078125,0.0,0.6000000000000008,0.5,0.5820510843804473,0.050088275639966,0.2913521698257672,0.049999999999999996,-0.6000000000000001,6.799999999999999,3.0,11.0,0,0,0,0,0,64,0,0,0,0
2000667,0.0,0.05,0.75,3.3989843750000004,3.4000000000000004,0.0010156250000000005,-2,1.015625,0.765625,0.078125,0.046875,0.0,0.6000000000000008,0.5,0.5769126989045638,0.0500004115813768,0.3421793680477306,0.05,-0.2,3.5999999999999996,1.0,7.0,0,0,0,0,0,64,0,0,0,0
2000668,1.0,0.05,0.75,1.5528906250000014,1.6000000000000014,0.04710937500000001,-7,47.109375,6.265625,0.1875,0.078125,0.0,0.6000000000000008,0.5,0.6757761507604987,0.052728659934523824,0.503359077816251,0.05,-0.7999999999999998,2.4000000000000004,4.0,13.0,0,0,0,0,0,64,0,0,0,0
2000669,1.0,0.05,0.75,-0.840531249999999,-0.7999999999999989,0.04053125000000001,-10,40.53125,5.53125,0.1875,0.03125,0.0,0.6000000000000008,0.5,0.9075571880204228,0.05062267802940903,0.897596938492834,0.05,-0.5999999999999999,-0.1999999999999995,3.0,11.0,0,0,0,0,0,64,0,0,0,0
2000670,0.0,0.05,0.75,7.591984374999997,7.599999999999997,0.008015625000000005,-2,8.015625,2.546875,0.1875,0.15625,0.0,0.6000000000000008,0.5,0.5313144579908154,0.06529961506369342,0.02706234251027304,0.049999999999999996,-0.6000000000000001,8.2,3.0,19.0,0,0,0,0,0,64,0,0,0,0
2000671,1.0,0.05,0.75,0.39349999999999946,0.39999999999999947,0.006500000000000005,-4,6.5,2.25,0.09375,0.03125,0.0,0.6000000000000008,0.5,0.6935981495161776,0.0500010122337604,0.5905596912997241,0.05,-0.19999999999999996,0.6000000000000003,1.0,7.0,0,0,0,0,0,64,0,0,0,0
2000672,0.0,0.05,0.75,4.199187499999999,4.199999999999999,0.0008125000000000005,0,0.8125,0.6875,0.109375,0.109375,0.0,0.6000000000000008,0.5,0.4999999999999997,0.050021847731096324,0.05075871982844288,0.05,-0.6000000000000001,4.799999999999999,3.0,11.0,0,0,0,0,0,64,0,0,0,0
2000673,0.0,0.05,0.75,1.5842968750000004,1.6000000000000003,0.015703125000000012,7,15.703125,3.546875,0.078125,0.1875,0.0,0.6000000000000008,0.5,0.3242238492395011,0.052728659934523824,0.0008035227342229918,0.050000000000000024,-0.8,2.3999999999999995,4.0,13.0,0,0,0,0,0,64,0,0,0,0
2000674,0.0,0.05,0.75,5.598390624999999,5.599999999999999,0.001609375000000001,-1,1.609375,1.046875,0.140625,0.125,0.0,0.6000000000000008,0.5,0.5074389876674196,0.05024930144343539,0.045382076259176674,0.05,-0.8,6.399999999999999,4.0,13.0,0,0,0,0,0,64,0,0,0,0
2000675,0.0,0.05,0.75,8.777874999999998,8.799999999999999,0.022125000000000013,-8,22.125,4.1875,0.1875,0.0625,0.0,0.6000000000000008,0.5,0.7589961892287836,0.051696889330942665,0.6753666156725162,0.05,-0.8,9.6,4.0,12.0,0,0,0,0,0,64,0,0,0,0
2000676,1.0,0.05,0.75,1.9446718750000036,2.0000000000000036,0.05532812500000001,-8,55.328125,6.984375,0.21875,0.09375,0.0,0.6000000000000008,0.5,0.7095074221138925,0.08448086328055385,0.4739790681817416,0.05,-0.9999999999999998,3.0,5.0,15.0,0,0,0,0,0,64,0,0,0,0
2000677,1.0,0.05,0.75,0.5610312500000014,0.6000000000000014,0.03896875,-9,38.96875,4.90625,0.203125,0.0625,0.0,0.6000000000000008,0.5,0.798852455928303,0.05481440835980122,0.7375577503853925,0.05,-0.5999999999999999,1.2000000000000006,3.0,14.0,0,0,0,0,0,64,0,0,0,0
2000678,1.0,0.05,0.75,-0.04728124999999646,3.552713678800501e-15,0.04728125000000001,-12,47.28125,5.03125,0.25,0.0625,0.0,0.6000000000000008,0.5,0.9221537399373084,0.12350420316252439,0.873865292859038,0.05000000000000001,-1.1999999999999997,1.2000000000000006,6.0,14.0,0,0,0,0,0,64,0,0,0,0
2000679,0.0,0.05,0.75,3.3942031249999984,3.3999999999999986,0.005796875000000003,4,5.796875,2.140625,0.109375,0.171875,0.0,0.6000000000000008,0.5,0.45426983353613465,0.051835663602876565,0.0030031967513646026,0.049999999999999996,-1.5999999999999999,4.999999999999999,8.0,10.0,0,0,0,0,0,64,0,0,0,0
2000680,1.0,0.05,0.75,-1.2455781249999993,-1.1999999999999993,0.04557812500000002,-12,45.578125,5.203125,0.21875,0.03125,0.0,0.6000000000000008,0.5,0.9457368758497209,0.05462563674246575,0.941161193994002,0.05,-0.9999999999999998,-0.1999999999999995,5.0,11.0,0,0,0,0,0,64,0,0,0,0
2000681,0.0,0.05,0.75,7.984609374999998,7.999999999999998,0.015390625000000012,-7,15.390625,3.578125,0.171875,0.0625,0.0,0.6000000000000008,0.5,0.7194971713361435,0.05057975214322688,0.6063046095870437,0.05,-0.4,8.399999999999999,2.0,13.0,0,0,0,0,0,64,0,0,0,0
2000682,1.0,0.05,0.75,0.17474999999999927,0.1999999999999993,0.025250000000000015,-8,25.25,4.09375,0.171875,0.046875,0.0,0.6000000000000008,0.5,0.8068709521668115,0.050359225407098536,0.7596803231267496,0.049999999999999996,-0.5999999999999999,0.8000000000000005,3.0,11.0,0,0,0,0,0,64,0,0,0,0
2000683,1.0,0.05,0.75,-0.6304531250000014,-0.6000000000000014,0.03045312500000001,-9,30.453125,4.640625,0.171875,0.03125,0.0,0.6000000000000008,0.5,0.882175683369758,0.05022403420085195,0.8664641044636608,0.05000000000000001,-0.5999999999999999,4.440892098500626e-16,3.0,10.0,0,0,0,0,0,64,0,0,0,0
2000684,0.0,0.05,0.75,7.194140624999998,7.199999999999998,0.005859375000000004,-3,5.859375,2.203125,0.171875,0.125,0.0,0.6000000000000008,0.5,0.5256690162482578,0.05251489179288846,0.07982804756168775,0.049999999999999996,-0.4,7.599999999999999,2.0,17.0,0,0,0,0,0,64,0,0,0,0
2000685,1.0,0.05,0.75,0.9713750000000035,1.0000000000000036,0.02862500000000001,-13,28.625,4.03125,0.296875,0.09375,0.0,0.6000000000000008,0.5,0.9949661045303946,0.2921649959657901,0.8021192838917369,0.049999999999999996,-1.3999999999999997,2.3999999999999995,7.0,18.0,0,0,0,0,0,64,0,0,0,0
2000686,1.0,0.05,0.75,1.7886718749999981,1.799999999999998,0.011328125000000007,-6,11.328125,2.609375,0.171875,0.078125,0.0,0.6000000000000008,0.5,0.6399281590248663,0.05089546523590177,0.4286606795091212,0.05,-0.9999999999999998,2.8,5.0,11.0,0,0,0,0,0,64,0,0,0,0
2000687,0.0,0.05,0.75,5.1985624999999995,5.199999999999999,0.001437500000000001,-2,1.4375,0.9375,0.125,0.09375,0.0,0.6000000000000008,0.5,0.5278823433109167,0.05003663306687911,0.12912665937884613,0.05,-0.2,5.3999999999999995,1.0,13.0,0,0,0,0,0,64,0,0,0,0
2000688,0.0,0.05,0.75,5.1975156249999985,5.199999999999998,0.0024843750000000013,-2,2.484375,1.140625,0.125,0.09375,0.0,0.6000000000000008,0.5,0.527882343310917,0.05003663306687911,0.1291266593788459,0.05000000000000001,-0.8,5.999999999999999,4.0,10.0,0,0,0,0,0,64,0,0,0,0
2000689,0.0,0.05,0.75,2.783562499999999,2.799999999999999,0.016437500000000008,7,16.4375,3.59375,0.109375,0.21875,0.0,0.6000000000000008,0.5,0.321816437040213,0.09965191346791369,0.00034818155601901347,0.05,-1.5999999999999999,4.3999999999999995,8.0,13.0,0,0,0,0,0,64,0,0,0,0
2000690,1.0,0.05,0.75,0.9903437499999991,0.9999999999999991,0.009656250000000007,-4,9.65625,2.6875,0.109375,0.046875,0.0,0.6000000000000008,0.5,0.6491845032482674,0.050004367919792125,0.48698071289940525,0.05,-0.19999999999999996,1.2000000000000004,1.0,9.0,0,0,0,0,0,64,0,0,0,0
2000691,1.0,0.05,0.75,-1.8953281249999971,-1.7999999999999972,0.09532812499999997,-15,95.328125,9.046875,0.265625,0.03125,0.0,0.6000000000000008,0.5,0.9825865781813468,0.11881307366696447,0.9752670576271563,0.05,-0.9999999999999998,-0.7999999999999994,5.0,14.0,0,0,0,0,0,64,0,0,0,0
2000692,1.0,0.05,0.75,1.776734374999998,1.799999999999998,0.023265625000000012,-6,23.265625,4.421875,0.171875,0.078125,0.0,0.6000000000000008,0.5,0.6399281590248665,0.05089546523590179,0.4286606795091211,0.05,-0.5999999999999999,2.4000000000000004,3.0,13.0,0,0,0,0,0,64,0,0,0,0
2000693,0.0,0.05,0.75,4.39875,4.3999999999999995,0.0012500000000000007,-1,1.25,0.84375,0.109375,0.09375,0.0,0.6000000000000008,0.5,0.5146511314643868,0.05001190817662921,0.09890446288834871,0.05,-1.0,5.3999999999999995,5.0,8.0,0,0,0,0,0,64,0,0,0,0
2000694,1.0,0.05,0.75,-0.2386718749999993,-0.1999999999999993,0.03867187500000002,-10,38.671875,5.171875,0.203125,0.046875,0.0,0.6000000000000008,0.5,0.8738066245602872,0.052810125959977944,0.8522597895823482,0.05,-0.3999999999999999,0.20000000000000062,2.0,14.0,0,0,0,0,0,64,0,0,0,0
2000695,1.0,0.05,0.75,-2.2625468749999977,-2.1999999999999975,0.06254687500000002,-14,62.546875,6.484375,0.234375,0.015625,0.0,0.6000000000000008,0.5,0.9792221434647055,0.05862003076816916,0.9779509423448588,0.05,-0.9999999999999998,-1.1999999999999995,5.0,11.0,0,0,0,0,0,64,0,0,0,0
2000696,1.0,0.05,0.75,-3.0885624999999983,-2.9999999999999982,0.08856249999999997,-15,88.5625,8.15625,0.234375,0.0,0.0,0.6000000000000008,0.5,0.9895602547247766,0.05693076417734553,0.9891353019870371,0.05,-0.5999999999999999,-2.3999999999999995,3.0,12.0,0,0,0,0,0,64,0,0,0,0
2000697,1.0,0.05,0.75,0.17987499999999929,0.1999999999999993,0.020125000000000014,-8,20.125,3.90625,0.171875,0.046875,0.0,0.6000000000000008,0.5,0.8068709521668115,0.05035922540709854,0.7596803231267499,0.05000000000000001,-0.9999999999999998,1.2000000000000004,5.0,9.0,0,0,0,0,0,64,0,0,0,0
2000698,0.0,0.05,0.75,3.1913125,3.2,0.008687500000000004,5,8.6875,2.3125,0.109375,0.1875,0.0,0.6000000000000008,0.5,0.4318244597631969,0.05593684684619164,0.0014653526441522522,0.05,-0.8,3.999999999999999,4.0,15.0,0,0,0,0,0,64,0,0,0,0
2000699,1.0,0.05,0.75,0.3620000000000021,0.40000000000000213,0.03800000000000002,-10,38.0,5.3125,0.21875,0.0625,0.0,0.6000000000000008,0.5,0.8390269582397546,0.06309502399289302,0.7915126491493326,0.05,-0.7999999999999998,1.2000000000000006,4.0,14.0,0,0,0,0,0,64,0,0,0,0
2000700,1.0,0.05,0.75,0.3542656250000039,0.4000000000000039,0.045734375000000015,-13,45.734375,5.453125,0.28125,0.078125,0.0,0.6000000000000008,0.5,0.9823779111260618,0.26329597746657213,0.8603213358658758,0.05,-0.7999999999999998,1.2000000000000008,4.0,19.0,0,0,0,0,0,64,0,0,0,0
2000701,0.0,0.05,0.75,4.992640624999999,4.999999999999999,0.007359375000000005,2,7.359375,2.453125,0.140625,0.171875,0.0,0.6000000000000008,0.5,0.4848559016413147,0.05347725532643043,0.005466898380835647,0.05,-1.9999999999999998,6.999999999999999,10.0,10.0,0,0,0,0,0,64,0,0,0,0
2000702,0.0,0.05,0.75,4.399046874999999,4.399999999999999,0.0009531250000000006,2,0.953125,0.796875,0.125,0.15625,0.0,0.6000000000000008,0.5,0.4850325091798423,0.05076342334813961,0.00828332139616394,0.05,-1.2,5.599999999999999,6.0,12.0,0,0,0,0,0,64,0,0,0,0
2000703,0.0,0.05,0.75,6.3976406249999975,6.399999999999998,0.0023593750000000012,-2,2.359375,1.203125,0.15625,0.125,0.0,0.6000000000000008,0.5,0.5149674908201578,0.05076342334813961,0.06034471064474149,0.05000000000000001,-1.0,7.399999999999999,5.0,13.0,0,0,0,0,0,64,0,0,0,0
2000704,1.0,0.05,0.75,-1.6825937499999961,-1.599999999999996,0.08259374999999998,-14,82.59375,6.90625,0.25,0.03125,0.0,0.6000000000000008,0.5,0.9720108749795388,0.08065926193373193,0.9668762872780626,0.05,-1.1999999999999997,-0.39999999999999947,6.0,12.0,0,0,0,0,0,64,0,0,0,0
2000705,1.0,0.05,0.75,-0.020015625000000897,-8.881784197001252e-16,0.02001562500000001,-6,20.015625,4.109375,0.125,0.03125,0.0,0.6000000000000008,0.5,0.7787672621316767,0.05000945399964688,0.7246783594825661,0.049999999999999996,-0.5999999999999999,0.6000000000000003,3.0,7.0,0,0,0,0,0,64,0,0,0,0
2000706,0.0,0.05,0.75,1.1917656250000002,1.2000000000000002,0.008234375000000004,6,8.234375,2.109375,0.0625,0.15625,0.0,0.6000000000000008,0.5,0.31887554635992305,0.05019254820704264,0.0025018744128884863,0.05,-1.4,2.5999999999999996,7.0,7.0,0,0,0,0,0,64,0,0,0,0
2000707,1.0,0.05,0.75,-1.4502031249999967,-1.3999999999999968,0.05020312500000001,-13,50.203125,6.390625,0.234375,0.03125,0.0,0.6000000000000008,0.5,0.959923964826809,0.06222085293796443,0.9557680118210874,0.05,-0.7999999999999998,-0.5999999999999994,4.0,13.0,0,0,0,0,0,64,0,0,0,0
2000708,0.0,0.05,0.75,3.3991562500000003,3.4000000000000004,0.0008437500000000005,-2,0.84375,0.625,0.078125,0.046875,0.0,0.6000000000000008,0.5,0.5769126989045629,0.05000041158137681,0.3421793680477298,0.05,-0.4,3.8,2.0,6.0,0,0,0,0,0,64,0,0,0,0
2000709,0.0,0.05,0.75,5.1978906249999985,5.199999999999998,0.002109375000000001,1,2.109375,1.109375,0.140625,0.15625,0.0,0.6000000000000008,0.5,0.49384210632179637,0.05114524567903625,0.011157321996915867,0.049999999999999996,-0.8,5.999999999999999,4.0,15.0,0,0,0,0,0,64,0,0,0,0
2000710,0.0,0.05,0.75,6.594171874999998,6.599999999999998,0.0058281250000000034,-3,5.828125,1.953125,0.15625,0.109375,0.0,0.6000000000000008,0.5,0.530931667327175,0.050552597651208564,0.11646736457120203,0.05000000000000001,-0.8,7.399999999999999,4.0,13.0,0,0,0,0,0,64,0,0,0,0
2000711,0.0,0.05,0.75,7.1915468749999985,7.199999999999998,0.008453125000000006,-6,8.453125,2.265625,0.15625,0.0625,0.0,0.6000000000000008,0.5,0.6811244536400771,0.05019254820704264,0.5327159086609202,0.05000000000000001,-0.8,7.999999999999999,4.0,10.0,0,0,0,0,0,64,0,0,0,0
2000712,1.0,0.05,0.75,0.17559374999999927,0.1999999999999993,0.02440625000000001,-8,24.40625,4.5,0.171875,0.046875,0.0,0.6000000000000008,0.5,0.8068709521668116,0.050359225407098536,0.759680323126749,0.05,-0.7999999999999998,1.0000000000000004,4.0,10.0,0,0,0,0,0,64,0,0,0,0
2000713,0.0,0.05,0.75,3.797109375,3.8,0.0028906250000000017,2,2.890625,1.421875,0.109375,0.140625,0.0,0.6000000000000008,0.5,0.4801283792863128,0.050166920450547686,0.012532418200495379,0.05000000000000001,-1.2,4.999999999999999,6.0,10.0,0,0,0,0,0,64,0,0,0,0
2000714,0.0,0.05,0.75,5.199187499999999,5.199999999999999,0.0008125000000000005,-2,0.8125,0.5625,0.125,0.09375,0.0,0.6000000000000008,0.5,0.5278823433109167,0.05003663306687911,0.1291266593788458,0.05,-0.6000000000000001,5.799999999999999,3.0,11.0,0,0,0,0,0,64,0,0,0,0
2000715,1.0,0.05,0.75,-1.4347187500000003,-1.4000000000000004,0.034718750000000013,-10,34.71875,4.65625,0.171875,0.015625,0.0,0.6000000000000008,0.5,0.9345749610278492,0.05015120353908667,0.9301615151943893,0.049999999999999996,-1.1999999999999997,-0.19999999999999973,6.0,6.0,0,0,0,0,0,64,0,0,0,0
2000716,1.0,0.05,0.75,-0.865234374999999,-0.7999999999999989,0.06523437500000002,-10,65.234375,6.890625,0.1875,0.03125,0.0,0.6000000000000008,0.5,0.907557188020423,0.050622678029409014,0.8975969384928338,0.05,-0.7999999999999998,4.440892098500626e-16,4.0,10.0,0,0,0,0,0,64,0,0,0,0
2000717,0.0,0.05,0.75,7.391984374999998,7.399999999999998,0.008015625000000004,-4,8.015625,2.234375,0.171875,0.109375,0.0,0.6000000000000008,0.5,0.5457301664638656,0.051835663602876586,0.1511560042609611,0.05,-0.4,7.799999999999998,2.0,16.0,0,0,0,0,0,64,0,0,0,0
2000718,1.0,0.05,0.75,-0.6123125000000006,-0.6000000000000005,0.01231250000000001,-6,12.3125,3.125,0.109375,0.015625,0.0,0.6000000000000008,0.5,0.8270510600783095,0.05000228461528733,0.7999779270946832,0.05,-0.5999999999999999,2.220446049250313e-16,3.0,5.0,0,0,0,0,0,64,0,0,0,0
2000719,1.0,0.05,0.75,-2.9083281249999953,-2.7999999999999954,0.10832812499999998,-17,108.328125,9.203125,0.28125,0.015625,0.0,0.6000000000000008,0.5,0.9948935234511855,0.15757815922549478,0.9909370120010642,0.05,-1.1999999999999997,-1.5999999999999994,6.0,13.0,0,0,0,0,0,64,0,0,0,0
2000720,1.0,0.05,0.75,-0.04731249999999647,3.552713678800501e-15,0.04731250000000002,-12,47.3125,6.09375,0.25,0.0625,0.0,0.6000000000000008,0.5,0.9221537399373085,0.12350420316252408,0.8738652928590377,0.05,-0.9999999999999998,1.0000000000000007,5.0,15.0,0,0,0,0,0,64,0,0,0,0
2000721,1.0,0.05,0.75,-1.0396249999999965,-0.9999999999999964,0.039625000000000014,-14,39.625,4.46875,0.265625,0.046875,0.0,0.6000000000000008,0.5,0.971053931529671,0.14520714455417771,0.9505205625762086,0.049999999999999996,-0.7999999999999998,-0.1999999999999993,4.0,16.0,0,0,0,0,0,64,0,0,0,0
2000722,0.0,0.05,0.75,8.992703125,9.0,0.007296875000000003,-6,7.296875,1.796875,0.203125,0.109375,0.0,0.6000000000000008,0.5,0.6070683605608683,0.0681784026976838,0.2452599593228548,0.05,-0.8,9.8,4.0,16.0,0,0,0,0,0,64,0,0,0,0
2000723,1.0,0.05,0.75,-0.6911874999999961,-0.5999999999999961,0.0911875,-12,91.1875,8.6875,0.234375,0.046875,0.0,0.6000000000000008,0.5,0.9271429271556041,0.0695755554861821,0.913247232060131,0.049999999999999996,-0.7999999999999998,0.20000000000000084,4.0,14.0,0,0,0,0,0,64,0,0,0,0
2000724,1.0,0.05,0.75,-1.0218906250000008,-1.0000000000000009,0.021890625,-8,21.890625,3.890625,0.140625,0.015625,0.0,0.6000000000000008,0.5,0.890946539064751,0.05001908934823277,0.8794958569741329,0.04999999999999999,-0.19999999999999996,-0.7999999999999996,1.0,9.0,0,0,0,0,0,64,0,0,0,0
2000725,0.0,0.05,0.75,3.197390625,3.2,0.0026093750000000015,2,2.609375,1.328125,0.09375,0.125,0.0,0.6000000000000008,0.5,0.4721176566890829,0.05003663306687911,0.01891959220506618,0.05,-1.0,4.199999999999999,5.0,9.0,0,0,0,0,0,64,0,0,0,0
2000726,1.0,0.05,0.75,-1.6446093749999997,-1.5999999999999996,0.04460937500000003,-11,44.609375,5.796875,0.1875,0.015625,0.0,0.6000000000000008,0.5,0.9500594559374235,0.050420519021258575,0.9473462493875067,0.05,-0.9999999999999998,-0.5999999999999996,5.0,8.0,0,0,0,0,0,64,0,0,0,0
2000727,1.0,0.05,0.75,-1.04553125,-1.0,0.04553125000000001,-11,45.53125,6.15625,0.203125,0.03125,0.0,0.6000000000000008,0.5,0.9285487473296793,0.05170926207952018,0.9221237688883385,0.05,-1.1999999999999997,0.2000000000000004,6.0,9.0,0,0,0,0,0,64,0,0,0,0
2000728,1.0,0.05,0.75,0.9867187499999991,0.9999999999999991,0.01328125000000001,-4,13.28125,3.28125,0.109375,0.046875,0.0,0.6000000000000008,0.5,0.6491845032482674,0.050004367919792146,0.48698071289940537,0.05,-0.19999999999999996,1.2000000000000004,1.0,9.0,0,0,0,0,0,64,0,0,0,0
2000729,1.0,0.05,0.75,-1.0484843749999966,-0.9999999999999964,0.048484375000000024,-14,48.484375,5.703125,0.265625,0.046875,0.0,0.6000000000000008,0.5,0.9710539315296709,0.14520714455417777,0.9505205625762086,0.049999999999999996,-0.3999999999999999,-0.5999999999999992,2.0,18.0,0,0,0,0,0,64,0,0,0,0
2000730,1.0,0.05,0.75,-1.6446249999999996,-1.5999999999999996,0.04462500000000001,-11,44.625,6.125,0.1875,0.015625,0.0,0.6000000000000008,0.5,0.9500594559374237,0.05042051902125859,0.9473462493875067,0.05,-0.7999999999999998,-0.7999999999999996,4.0,9.0,0,0,0,0,0,64,0,0,0,0
2000731,1.0,0.05,0.75,0.5856562499999988,0.5999999999999988,0.014343750000000011,-6,14.34375,3.40625,0.140625,0.046875,0.0,0.6000000000000008,0.5,0.7287317863791397,0.050041896223339544,0.6340008734704287,0.05,-0.3999999999999999,1.0000000000000004,2.0,10.0,0,0,0,0,0,64,0,0,0,0
2000732,0.0,0.05,0.75,-0.020984374999999843,1.6653345369377348e-16,0.02098437500000001,6,20.984375,4.046875,0.03125,0.125,0.0,0.6000000000000008,0.5,0.22123273786832412,0.050009453999646875,0.005757527249720974,0.05,-0.8,0.8,4.0,6.0,0,0,0,0,0,64,0,0,0,0
2000733,0.0,0.05,0.75,7.189265624999998,7.199999999999998,0.010734375000000008,-6,10.734375,2.578125,0.15625,0.0625,0.0,0.6000000000000008,0.5,0.6811244536400776,0.05019254820704264,0.5327159086609196,0.05,-0.4,7.599999999999999,2.0,12.0,0,0,0,0,0,64,0,0,0,0
2000734,0.0,0.05,0.75,3.3977812499999995,3.3999999999999995,0.002218750000000001,1,2.21875,1.28125,0.09375,0.109375,0.0,0.6000000000000008,0.5,0.48534886853561343,0.05001190817662922,0.038076642372270986,0.05000000000000001,-0.6000000000000001,3.999999999999999,3.0,10.0,0,0,0,0,0,64,0,0,0,0
2000735,1.0,0.05,0.75,0.7655781250000024,0.8000000000000025,0.03442187500000001,-11,34.421875,4.453125,0.25,0.078125,0.0,0.6000000000000008,0.5,0.8977448359982735,0.15938236610161813,0.7714387638529551,0.05000000000000001,-1.3999999999999997,2.2,7.0,14.0,0,0,0,0,0,64,0,0,0,0
2000736,1.0,0.05,0.75,1.182265625000001,1.200000000000001,0.017734375000000007,-9,17.734375,3.390625,0.21875,0.078125,0.0,0.6000000000000008,0.5,0.7679812723882421,0.07206036268215257,0.6490679558475325,0.05,0.0,1.2000000000000002,0.0,19.0,0,0,0,0,0,64,0,0,0,0
2000737,1.0,0.05,0.75,-0.4244374999999986,-0.3999999999999986,0.02443750000000001,-11,24.4375,3.78125,0.21875,0.046875,0.0,0.6000000000000008,0.5,0.9019313154980273,0.0575742650742708,0.886269569500468,0.049999999999999996,-0.3999999999999999,6.661338147750939e-16,2.0,15.0,0,0,0,0,0,64,0,0,0,0
2000738,1.0,0.05,0.75,-2.4462187500000003,-2.4000000000000004,0.04621875000000003,-12,46.21875,5.9375,0.1875,0.0,0.0,0.6000000000000008,0.5,0.9743141255523954,0.05032359391894424,0.9736363022310681,0.049999999999999996,-0.19999999999999996,-2.1999999999999993,1.0,11.0,0,0,0,0,0,64,0,0,0,0
2000739,1.0,0.05,0.75,1.9968124999999992,1.9999999999999991,0.003187500000000002,-2,3.1875,1.5625,0.09375,0.0625,0.0,0.6000000000000008,0.5,0.5552950097849381,0.0500018089846768,0.2550294338457388,0.05,-0.19999999999999996,2.2,1.0,9.0,0,0,0,0,0,64,0,0,0,0
2000740,1.0,0.05,0.75,3.786515624999997,3.799999999999997,0.01348437500000001,-5,13.484375,3.484375,0.203125,0.125,0.0,0.6000000000000008,0.5,0.5876296666574865,0.07527007968109985,0.13667594811943415,0.05,-0.5999999999999999,4.399999999999999,3.0,18.0,0,0,0,0,0,64,0,0,0,0
2000741,1.0,0.05,0.75,0.977015624999999,0.9999999999999991,0.022984375000000005,-7,22.984375,3.921875,0.171875,0.0625,0.0,0.6000000000000008,0.5,0.7194971713361435,0.05057975214322689,0.6063046095870432,0.05,-0.5999999999999999,1.6000000000000005,3.0,12.0,0,0,0,0,0,64,0,0,0,0
2000742,1.0,0.05,0.75,-1.036375,-1.0,0.036375000000000005,-11,36.375,5.21875,0.203125,0.03125,0.0,0.6000000000000008,0.5,0.9285487473296795,0.05170926207952018,0.9221237688883385,0.049999999999999996,-0.3999999999999999,-0.5999999999999994,2.0,13.0,0,0,0,0,0,64,0,0,0,0
2000743,0.0,0.05,0.75,6.985796874999998,6.999999999999998,0.014203125000000011,-5,14.203125,3.296875,0.15625,0.078125,0.0,0.6000000000000008,0.5,0.608838365370676,0.05028505007189021,0.3570773963529911,0.05,-1.0,7.999999999999999,5.0,10.0,0,0,0,0,0,64,0,0,0,0
2000744,0.0,0.05,0.75,6.993390624999999,6.999999999999999,0.006609375000000004,-5,6.609375,2.015625,0.15625,0.078125,0.0,0.6000000000000008,0.5,0.6088383653706757,0.05028505007189023,0.3570773963529915,0.05,-0.8,7.799999999999999,4.0,11.0,0,0,0,0,0,64,0,0,0,0
2000745,0.0,0.05,0.75,8.392984375,8.399999999999999,0.007015625000000003,-6,7.015625,1.796875,0.1875,0.09375,0.0,0.6000000000000008,0.5,0.6102520760939587,0.05413168255092783,0.33055274228216525,0.05000000000000001,-0.4,8.799999999999999,2.0,16.0,0,0,0,0,0,64,0,0,0,0
2000746,0.0,0.05,0.75,8.584140625,8.6,0.01585937500000001,-7,15.859375,3.078125,0.1875,0.078125,0.0,0.6000000000000008,0.5,0.6757761507604987,0.052728659934523824,0.5033590778162514,0.05,-0.2,8.799999999999999,1.0,16.0,0,0,0,0,0,64,0,0,0,0
2000747,1.0,0.05,0.75,1.1621875000000028,1.2000000000000028,0.037812500000000006,-9,37.8125,5.625,0.21875,0.078125,0.0,0.6000000000000008,0.5,0.7679812723882415,0.07206036268215252,0.6490679558475326,0.04999999999999999,-0.7999999999999998,2.000000000000001,4.0,15.0,0,0,0,0,0,64,0,0,0,0
2000748,1.0,0.05,0.75,-0.6282812500000015,-0.6000000000000014,0.028281250000000004,-9,28.28125,4.3125,0.171875,0.03125,0.0,0.6000000000000008,0.5,0.8821756833697578,0.05022403420085195,0.8664641044636608,0.05,-0.3999999999999999,-0.1999999999999995,2.0,11.0,0,0,0,0,0,64,0,0,0,0
2000749,1.0,0.05,0.75,2.182671874999999,2.1999999999999993,0.01732812500000001,-7,17.328125,3.703125,0.203125,0.09375,0.0,0.6000000000000008,0.5,0.6499613247012308,0.06245315052463324,0.40012795287688874,0.05,-0.5999999999999999,2.7999999999999994,3.0,16.0,0,0,0,0,0,64,0,0,0,0
2000750,0.0,0.05,0.75,9.191765624999999,9.2,0.008234375000000006,-7,8.234375,2.390625,0.203125,0.09375,0.0,0.6000000000000008,0.5,0.6499613247012317,0.06245315052463325,0.40012795287688757,0.05000000000000001,-0.8,10.0,4.0,15.0,0,0,0,0,0,64,0,0,0,0
2000751,0.0,0.05,0.75,9.182609375,9.200000000000001,0.017390625000000007,-7,17.390625,3.328125,0.203125,0.09375,0.0,0.6000000000000008,0.5,0.6499613247012311,0.06245315052463326,0.4001279528768887,0.05,-0.8,10.0,4.0,15.0,0,0,0,0,0,64,0,0,0,0
2000752,1.0,0.05,0.75,-0.014046875,0.0,0.014046875,-9,14.046875,2.703125,0.1875,0.046875,0.0,0.6000000000000008,0.5,0.8421206710105092,0.05101574772905402,0.8102571369822898,0.05,-0.19999999999999996,0.20000000000000062,1.0,14.0,0,0,0,0,0,64,0,0,0,0
2000753,0.0,0.05,0.75,3.796484375,3.8,0.0035156250000000014,-1,3.515625,1.546875,0.09375,0.078125,0.0,0.6000000000000008,0.5,0.5208226066889236,0.05000262782403916,0.14293933298390965,0.05,-1.0,4.8,5.0,6.0,0,0,0,0,0,64,0,0,0,0
2000754,0.0,0.05,0.75,3.59771875,3.5999999999999996,0.002281250000000001,3,2.28125,1.3125,0.109375,0.15625,0.0,0.6000000000000008,0.5,0.46906833267282494,0.050552597651208564,0.006145030452283808,0.05,-1.4,4.999999999999999,7.0,10.0,0,0,0,0,0,64,0,0,0,0
2000755,0.0,0.05,0.75,8.389312499999999,8.399999999999999,0.010687500000000006,-3,10.6875,3.0,0.203125,0.15625,0.0,0.6000000000000008,0.5,0.5920972280593395,0.09444539936557271,0.03621402884639748,0.05,-0.8,9.2,4.0,19.0,0,0,0,0,0,64,0,0,0,0
2000756,1.0,0.05,0.75,-1.228234375000001,-1.200000000000001,0.02823437500000001,-9,28.234375,4.359375,0.15625,0.015625,0.0,0.6000000000000008,0.5,0.9150813840118802,0.05005398301857576,0.9079133425013745,0.05000000000000001,-0.19999999999999996,-0.9999999999999996,1.0,10.0,0,0,0,0,0,64,0,0,0,0
2000757,1.0,0.05,0.75,0.730953125000006,0.800000000000006,0.06904687500000004,-11,69.046875,7.265625,0.25,0.078125,0.0,0.6000000000000008,0.5,0.8977448359982739,0.1593823661016182,0.7714387638529548,0.05,-0.5999999999999999,1.4000000000000008,3.0,18.0,0,0,0,0,0,64,0,0,0,0
2000758,0.0,0.05,0.75,1.3833125000000002,1.4000000000000001,0.016687500000000008,5,16.6875,3.90625,0.0625,0.140625,0.0,0.6000000000000008,0.5,0.3550901815245135,0.05006214701068844,0.005121937537539955,0.049999999999999996,-0.8,2.2,4.0,9.0,0,0,0,0,0,64,0,0,0,0
2000759,1.0,0.05,0.75,-0.23878124999999928,-0.1999999999999993,0.03878125,-10,38.78125,5.78125,0.203125,0.046875,0.0,0.6000000000000008,0.5,0.8738066245602872,0.052810125959977944,0.8522597895823485,0.05000000000000001,-0.9999999999999998,0.8000000000000005,5.0,11.0,0,0,0,0,0,64,0,0,0,0
2000760,1.0,0.05,0.75,-1.0549218749999982,-0.9999999999999982,0.054921875000000016,-11,54.921875,6.546875,0.203125,0.03125,0.0,0.6000000000000008,0.5,0.9285487473296794,0.05170926207952018,0.9221237688883384,0.05,-1.1999999999999997,0.2000000000000004,6.0,9.0,0,0,0,0,0,64,0,0,0,0
2000761,1.0,0.05,0.75,-0.6682968749999979,-0.5999999999999979,0.068296875,-12,68.296875,7.390625,0.234375,0.046875,0.0,0.6000000000000008,0.5,0.9271429271556034,0.06957555548618208,0.9132472320601313,0.05,-1.1999999999999997,0.6000000000000005,6.0,12.0,0,0,0,0,0,64,0,0,0,0
2000762,1.0,0.05,0.75,-0.04493749999999825,1.7763568394002505e-15,0.044937500000000026,-12,44.9375,6.09375,0.25,0.0625,0.0,0.6000000000000008,0.5,0.9221537399373083,0.1235042031625242,0.8738652928590378,0.05,-0.7999999999999998,0.8000000000000007,4.0,16.0,0,0,0,0,0,64,0,0,0,0
2000763,0.0,0.05,0.75,5.988843749999998,5.999999999999998,0.011156250000000006,-3,11.15625,2.65625,0.140625,0.09375,0.0,0.6000000000000008,0.5,0.5424177906926513,0.050121253330144756,0.1668736161463547,0.05,-0.4,6.399999999999999,2.0,13.0,0,0,0,0,0,64,0,0,0,0
2000764,1.0,0.05,0.75,1.3810781249999986,1.3999999999999986,0.018921874999999998,-5,18.921875,3.953125,0.140625,0.0625,0.0,0.6000000000000008,0.5,0.6449098184754868,0.05006214701068844,0.4576757063549403,0.05,0.0,1.4000000000000006,0.0,13.0,0,0,0,0,0,64,0,0,0,0
2000765,0.0,0.05,0.75,4.997109374999997,4.999999999999997,0.0028906250000000013,2,2.890625,1.359375,0.140625,0.171875,0.0,0.6000000000000008,0.5,0.4848559016413155,0.05347725532643046,0.005466898380835647,0.05,-1.2,6.199999999999998,6.0,14.0,0,0,0,0,0,64,0,0,0,0
2000766,1.0,0.05,0.75,0.997453125,1.0,0.0025468750000000014,-4,2.546875,1.203125,0.109375,0.046875,0.0,0.6000000000000008,0.5,0.6491845032482669,0.05000436791979214,0.48698071289940625,0.05,-0.3999999999999999,1.4000000000000001,2.0,8.0,0,0,0,0,0,64,0,0,0,0
2000767,1.0,0.05,0.75,0.7682343750000007,0.8000000000000007,0.031765625000000006,-8,31.765625,4.828125,0.1875,0.0625,0.0,0.6000000000000008,0.5,0.7589961892287839,0.05169688933094268,0.6753666156725158,0.05,-0.7999999999999998,1.6000000000000005,4.0,12.0,0,0,0,0,0,64,0,0,0,0
2000768,0.0,0.05,0.75,2.1969999999999983,2.1999999999999984,0.003000000000000002,4,3.0,1.21875,0.078125,0.140625,0.0,0.6000000000000008,0.5,0.4179489156195535,0.050088275639965985,0.0069066960889720575,0.05,-0.8,2.999999999999999,4.0,10.0,0,0,0,0,0,64,0,0,0,0
2000769,0.0,0.05,0.75,6.395812499999998,6.399999999999998,0.004187500000000003,-2,4.1875,1.90625,0.15625,0.125,0.0,0.6000000000000008,0.5,0.5149674908201576,0.050763423348139616,0.06034471064474144,0.05000000000000001,-1.2,7.599999999999999,6.0,12.0,0,0,0,0,0,64,0,0,0,0
2000770,1.0,0.05,0.75,-1.4810156249999968,-1.3999999999999968,0.08101562499999998,-13,81.015625,7.578125,0.234375,0.03125,0.0,0.6000000000000008,0.5,0.9599239648268092,0.06222085293796442,0.9557680118210874,0.05,-0.9999999999999998,-0.39999999999999947,5.0,12.0,0,0,0,0,0,64,0,0,0,0
2000771,0.0,0.05,0.75,8.18084375,8.2,0.019156250000000014,-8,19.15625,3.65625,0.171875,0.046875,0.0,0.6000000000000008,0.5,0.8068709521668113,0.05035922540709853,0.7596803231267496,0.05,0.0,8.2,0.0,14.0,0,0,0,0,0,64,0,0,0,0
2000772,0.0,0.05,0.75,2.3942187500000003,2.4000000000000004,0.005781250000000004,3,5.78125,2.0625,0.078125,0.125,0.0,0.6000000000000008,0.5,0.44083643294030833,0.05002673902936358,0.014074577415480034,0.049999999999999996,-0.2,2.6,1.0,12.0,0,0,0,0,0,64,0,0,0,0
2000773,0.0,0.05,0.75,3.7917031249999997,3.8,0.008296875000000006,2,8.296875,2.515625,0.109375,0.140625,0.0,0.6000000000000008,0.5,0.4801283792863123,0.050166920450547686,0.012532418200495435,0.05000000000000001,-1.0,4.799999999999999,5.0,11.0,0,0,0,0,0,64,0,0,0,0
2000774,0.0,0.05,0.75,6.790093749999999,6.799999999999999,0.009906250000000005,-4,9.90625,2.28125,0.15625,0.09375,0.0,0.6000000000000008,0.5,0.5599104325748351,0.0504026093440809,0.21295669090179709,0.049999999999999996,-0.6000000000000001,7.399999999999999,3.0,13.0,0,0,0,0,0,64,0,0,0,0
2000775,1.0,0.05,0.75,1.1751093749999983,1.1999999999999984,0.024890625000000006,-6,24.890625,4.578125,0.15625,0.0625,0.0,0.6000000000000008,0.5,0.6811244536400778,0.050192548207042643,0.532715908660919,0.05,-0.3999999999999999,1.6000000000000005,2.0,12.0,0,0,0,0,0,64,0,0,0,0
2000776,1.0,0.05,0.75,1.5857499999999987,1.5999999999999988,0.014250000000000011,-4,14.25,3.25,0.125,0.0625,0.0,0.6000000000000008,0.5,0.6117405219478513,0.05001948237185864,0.3845079804295553,0.049999999999999996,-0.5999999999999999,2.2,3.0,9.0,0,0,0,0,0,64,0,0,0,0
2000777,1.0,0.05,0.75,-2.0812656249999946,-1.9999999999999947,0.08126562500000001,-16,81.265625,7.109375,0.28125,0.03125,0.0,0.6000000000000008,0.5,0.991131321021668,0.17697638562017182,0.9815728197010305,0.05,-0.7999999999999998,-1.1999999999999993,4.0,16.0,0,0,0,0,0,64,0,0,0,0
2000778,0.0,0.05,0.75,3.3971562499999997,3.3999999999999995,0.002843750000000002,1,2.84375,1.5,0.09375,0.109375,0.0,0.6000000000000008,0.5,0.4853488685356137,0.050011908176629205,0.03807664237227116,0.05,-1.0,4.3999999999999995,5.0,8.0,0,0,0,0,0,64,0,0,0,0
2000779,1.0,0.05,0.75,-1.022796875,-1.0,0.022796875000000008,-11,22.796875,3.671875,0.203125,0.03125,0.0,0.6000000000000008,0.5,0.9285487473296794,0.05170926207952018,0.9221237688883382,0.049999999999999996,-0.5999999999999999,-0.39999999999999947,3.0,12.0,0,0,0,0,0,64,0,0,0,0
2000780,0.0,0.05,0.75,10.777250000000002,10.800000000000002,0.02275000000000001,-9,22.75,4.0,0.234375,0.09375,0.0,0.6000000000000008,0.5,0.795188813205759,0.13083677899142093,0.5489864331479994,0.05,-0.8,11.600000000000001,4.0,17.0,0,0,0,0,0,64,0,0,0,0
2000781,0.0,0.05,0.75,9.3784375,9.4,0.021562500000000016,-8,21.5625,4.25,0.203125,0.078125,0.0,0.6000000000000008,0.5,0.7175687662110937,0.05800066706526524,0.5779078245490411,0.05,-0.6000000000000001,10.000000000000002,3.0,15.0,0,0,0,0,0,64,0,0,0,0
2000782,1.0,0.05,0.75,0.770406249999999,0.7999999999999989,0.02959375000000001,-8,29.59375,4.625,0.1875,0.0625,0.0,0.6000000000000008,0.5,0.7589961892287839,0.05169688933094267,0.6753666156725158,0.05,-0.5999999999999999,1.4000000000000006,3.0,13.0,0,0,0,0,0,64,0,0,0,0
2000783,1.0,0.05,0.75,3.3900156249999975,3.3999999999999977,0.009984375000000007,-4,9.984375,2.828125,0.171875,0.109375,0.0,0.6000000000000008,0.5,0.5457301664638661,0.05183566360287657,0.1511560042609607,0.05000000000000001,-0.3999999999999999,3.799999999999999,2.0,16.0,0,0,0,0,0,64,0,0,0,0
2000784,0.0,0.05,0.75,6.581874999999998,6.599999999999999,0.01812500000000001,-6,18.125,3.875,0.140625,0.046875,0.0,0.6000000000000008,0.5,0.7287317863791399,0.05004189622333955,0.634000873470428,0.05,-0.2,6.799999999999999,1.0,11.0,0,0,0,0,0,64,0,0,0,0
2000785,0.0,0.05,0.75,7.778124999999998,7.799999999999998,0.021875,-6,21.875,4.4375,0.171875,0.078125,0.0,0.6000000000000008,0.5,0.6399281590248662,0.05089546523590177,0.4286606795091206,0.05,-0.4,8.2,2.0,14.0,0,0,0,0,0,64,0,0,0,0
2000786,1.0,0.05,0.75,1.5947499999999997,1.5999999999999996,0.005250000000000004,-4,5.25,1.90625,0.125,0.0625,0.0,0.6000000000000008,0.5,0.611740521947851,0.05001948237185863,0.3845079804295564,0.05,-0.5999999999999999,2.2,3.0,9.0,0,0,0,0,0,64,0,0,0,0
2000787,0.0,0.05,0.75,11.161078125000001,11.200000000000001,0.038921875,-11,38.921875,5.171875,0.234375,0.0625,0.0,0.6000000000000008,0.5,0.8802605334225228,0.08314812725679838,0.8368290852804791,0.05,-0.4,11.600000000000003,2.0,17.0,0,0,0,0,0,64,0,0,0,0
2000788,1.0,0.05,0.75,-1.4913124999999967,-1.3999999999999968,0.09131249999999996,-13,91.3125,8.28125,0.234375,0.03125,0.0,0.6000000000000008,0.5,0.9599239648268091,0.06222085293796449,0.9557680118210874,0.05,-0.9999999999999998,-0.39999999999999947,5.0,12.0,0,0,0,0,0,64,0,0,0,0
2000789,1.0,0.05,0.75,1.997093749999999,1.9999999999999991,0.0029062500000000013,-5,2.90625,1.28125,0.15625,0.078125,0.0,0.6000000000000008,0.5,0.6088383653706758,0.050285050071890214,0.3570773963529909,0.05,-0.3999999999999999,2.3999999999999986,2.0,13.0,0,0,0,0,0,64,0,0,0,0
2000790,1.0,0.05,0.75,3.3803593749999976,3.3999999999999977,0.01964062500000001,-4,19.640625,3.953125,0.171875,0.109375,0.0,0.6000000000000008,0.5,0.5457301664638659,0.05183566360287657,0.1511560042609611,0.05,-0.3999999999999999,3.8,2.0,16.0,0,0,0,0,0,64,0,0,0,0
2000791,0.0,0.05,0.75,2.393171875,2.4000000000000004,0.006828125000000005,3,6.828125,2.453125,0.078125,0.125,0.0,0.6000000000000008,0.5,0.4408364329403085,0.05002673902936359,0.01407457741548002,0.05,-0.8,3.2,4.0,9.0,0,0,0,0,0,64,0,0,0,0
2000792,1.0,0.05,0.75,-3.086937499999998,-2.9999999999999982,0.08693749999999999,-15,86.9375,8.3125,0.234375,0.0,0.0,0.6000000000000008,0.5,0.9895602547247766,0.05693076417734555,0.9891353019870371,0.05,-0.3999999999999999,-2.5999999999999996,2.0,13.0,0,0,0,0,0,64,0,0,0,0
2000793,1.0,0.05,0.75,0.3846562499999986,0.3999999999999986,0.01534375000000001,-7,15.34375,3.34375,0.15625,0.046875,0.0,0.6000000000000008,0.5,0.7686940361844827,0.050124222172970835,0.7006035450357829,0.05,-0.5999999999999999,1.0000000000000004,3.0,10.0,0,0,0,0,0,64,0,0,0,0
2000794,0.0,0.05,0.75,4.19596875,4.199999999999999,0.004031250000000003,-3,4.03125,1.75,0.09375,0.046875,0.0,0.6000000000000008,0.5,0.6120400225670516,0.05000134868769521,0.41269315257477096,0.05,-0.4,4.6,2.0,7.0,0,0,0,0,0,64,0,0,0,0
2000795,1.0,0.05,0.75,0.19221874999999927,0.1999999999999993,0.0077812500000000034,-5,7.78125,2.03125,0.109375,0.03125,0.0,0.6000000000000008,0.5,0.7370439138631399,0.0500031416443533,0.6608386470530995,0.05,-0.19999999999999996,0.40000000000000036,1.0,8.0,0,0,0,0,0,64,0,0,0,0
2000796,1.0,0.05,0.75,-0.6345000000000014,-0.6000000000000014,0.03450000000000001,-9,34.5,5.1875,0.171875,0.03125,0.0,0.6000000000000008,0.5,0.8821756833697578,0.05022403420085194,0.8664641044636607,0.05,-0.5999999999999999,4.440892098500626e-16,3.0,10.0,0,0,0,0,0,64,0,0,0,0
2000797,0.0,0.05,0.75,5.987859374999999,5.999999999999999,0.012140625000000009,-6,12.140625,2.921875,0.125,0.03125,0.0,0.6000000000000008,0.5,0.7787672621316771,0.05000945399964688,0.7246783594825656,0.05,0.0,5.999999999999999,0.0,10.0,0,0,0,0,0,64,0,0,0,0
2000798,1.0,0.05,0.75,-1.2296406250000012,-1.200000000000001,0.029640625000000014,-9,29.640625,4.828125,0.15625,0.015625,0.0,0.6000000000000008,0.5,0.9150813840118805,0.05005398301857576,0.9079133425013745,0.05,-0.19999999999999996,-0.9999999999999996,1.0,10.0,0,0,0,0,0,64,0,0,0,0
2000799,0.0,0.05,0.75,4.995406249999999,4.999999999999999,0.004593750000000002,2,4.59375,1.6875,0.140625,0.171875,0.0,0.6000000000000008,0.5,0.48485590164131526,0.053477255326430446,0.005466898380835647,0.05,-1.4,6.3999999999999995,7.0,13.0,0,0,0,0,0,64,0,0,0,0
2000800,0.0,0.05,0.75,4.798999999999999,4.799999999999999,0.0010000000000000007,0,1.0,0.71875,0.125,0.125,0.0,0.6000000000000008,0.5,0.4999999999999997,0.05010025750439644,0.0339952447081687,0.05,-0.6000000000000001,5.3999999999999995,3.0,13.0,0,0,0,0,0,64,0,0,0,0
2000801,1.0,0.05,0.75,2.1882656249999983,2.1999999999999984,0.011734375000000009,-4,11.734375,3.171875,0.140625,0.078125,0.0,0.6000000000000008,0.5,0.5820510843804472,0.05008827563996599,0.2913521698257674,0.05,-0.5999999999999999,2.8,3.0,11.0,0,0,0,0,0,64,0,0,0,0
2000802,0.0,0.05,0.75,5.994937499999999,5.999999999999999,0.005062500000000004,0,5.0625,1.90625,0.15625,0.15625,0.0,0.6000000000000008,0.5,0.5000000000000007,0.052121100568187195,0.015013396627259012,0.05000000000000001,-1.2,7.199999999999999,6.0,14.0,0,0,0,0,0,64,0,0,0,0
2000803,0.0,0.05,0.75,3.797921874999999,3.799999999999999,0.0020781250000000014,2,2.078125,1.203125,0.109375,0.140625,0.0,0.6000000000000008,0.5,0.4801283792863129,0.0501669204505477,0.012532418200495412,0.05000000000000001,-1.2,4.999999999999999,6.0,10.0,0,0,0,0,0,64,0,0,0,0
2000804,0.0,0.05,0.75,6.994281249999999,6.999999999999999,0.005718750000000004,-5,5.71875,1.90625,0.15625,0.078125,0.0,0.6000000000000008,0.5,0.6088383653706754,0.0502850500718902,0.35707739635299185,0.05,-0.4,7.399999999999999,2.0,13.0,0,0,0,0,0,64,0,0,0,0
2000805,1.0,0.05,0.75,-2.2680468749999974,-2.1999999999999975,0.068046875,-14,68.046875,7.046875,0.234375,0.015625,0.0,0.6000000000000008,0.5,0.9792221434647055,0.05862003076816916,0.9779509423448588,0.05,-0.5999999999999999,-1.5999999999999994,3.0,13.0,0,0,0,0,0,64,0,0,0,0
2000806,1.0,0.05,0.75,-1.4645156249999987,-1.3999999999999986,0.06451562500000002,-13,64.515625,6.859375,0.234375,0.03125,0.0,0.6000000000000008,0.5,0.9599239648268093,0.06222085293796443,0.9557680118210874,0.05,-0.7999999999999998,-0.5999999999999994,4.0,13.0,0,0,0,0,0,64,0,0,0,0
2000807,1.0,0.05,0.75,-0.02181250000000001,0.0,0.02181250000000001,-9,21.8125,3.625,0.1875,0.046875,0.0,0.6000000000000008,0.5,0.8421206710105096,0.05101574772905402,0.8102571369822893,0.049999999999999996,-0.19999999999999996,0.20000000000000062,1.0,14.0,0,0,0,0,0,64,0,0,0,0
2000808,0.0,0.05,0.75,1.99871875,2.0,0.001281250000000001,2,1.28125,0.90625,0.0625,0.09375,0.0,0.6000000000000008,0.5,0.4447049902150623,0.05000180898467679,0.042626421896487895,0.049999999999999996,-0.6000000000000001,2.5999999999999996,3.0,7.0,0,0,0,0,0,64,0,0,0,0
2000809,0.0,0.05,0.75,7.390546874999998,7.399999999999999,0.009453125000000005,-4,9.453125,2.453125,0.171875,0.109375,0.0,0.6000000000000008,0.5,0.5457301664638662,0.051835663602876565,0.1511560042609613,0.05,-1.0,8.4,5.0,13.0,0,0,0,0,0,64,0,0,0,0
2000810,1.0,0.05,0.75,1.785203124999998,1.799999999999998,0.014796875000000011,-6,14.796875,3.453125,0.171875,0.078125,0.0,0.6000000000000008,0.5,0.6399281590248661,0.05089546523590178,0.42866067950912123,0.05,-0.5999999999999999,2.4000000000000004,3.0,13.0,0,0,0,0,0,64,0,0,0,0
2000811,0.0,0.05,0.75,2.1885000000000003,2.2,0.011500000000000007,4,11.5,3.0625,0.078125,0.140625,0.0,0.6000000000000008,0.5,0.4179489156195532,0.05008827563996597,0.0069066960889720575,0.05,-1.0,3.2,5.0,9.0,0,0,0,0,0,64,0,0,0,0
2000812,0.0,0.05,0.75,6.588296874999998,6.599999999999999,0.011703125000000009,-6,11.703125,3.046875,0.140625,0.046875,0.0,0.6000000000000008,0.5,0.7287317863791398,0.05004189622333955,0.6340008734704283,0.05,-0.2,6.799999999999999,1.0,11.0,0,0,0,0,0,64,0,0,0,0
2000813,1.0,0.05,0.75,-0.8262187500000008,-0.8000000000000007,0.02621875000000002,-10,26.21875,4.34375,0.1875,0.03125,0.0,0.6000000000000008,0.5,0.9075571880204228,0.05062267802940902,0.897596938492834,0.05,-0.7999999999999998,4.440892098500626e-16,4.0,10.0,0,0,0,0,0,64,0,0,0,0
2000814,1.0,0.05,0.75,0.9779687499999982,0.9999999999999982,0.022031250000000006,-7,22.03125,4.15625,0.171875,0.0625,0.0,0.6000000000000008,0.5,0.7194971713361438,0.05057975214322688,0.6063046095870435,0.05,-0.3999999999999999,1.4000000000000006,2.0,13.0,0,0,0,0,0,64,0,0,0,0
2000815,0.0,0.05,0.75,4.398453125,4.3999999999999995,0.001546875000000001,-1,1.546875,0.828125,0.109375,0.09375,0.0,0.6000000000000008,0.5,0.5146511314643868,0.050011908176629205,0.09890446288834828,0.05,-1.0,5.3999999999999995,5.0,8.0,0,0,0,0,0,64,0,0,0,0
2000816,0.0,0.05,0.75,3.797953125,3.8,0.002046875000000001,-1,2.046875,1.140625,0.09375,0.078125,0.0,0.6000000000000008,0.5,0.5208226066889236,0.05000262782403917,0.14293933298390998,0.05000000000000001,-0.2,4.0,1.0,10.0,0,0,0,0,0,64,0,0,0,0
2000817,1.0,0.05,0.75,-0.8394375000000007,-0.8000000000000007,0.03943750000000002,-10,39.4375,5.09375,0.1875,0.03125,0.0,0.6000000000000008,0.5,0.9075571880204227,0.05062267802940902,0.8975969384928342,0.05000000000000001,-0.5999999999999999,-0.1999999999999995,3.0,11.0,0,0,0,0,0,64,0,0,0,0
2000818,0.0,0.05,0.75,7.7856562500000015,7.800000000000002,0.01434375000000001,-3,14.34375,3.09375,0.1875,0.140625,0.0,0.6000000000000008,0.5,0.5351865286617282,0.06117618821173131,0.05401044088901386,0.05,-1.4,9.200000000000001,7.0,14.0,0,0,0,0,0,64,0,0,0,0
2000819,0.0,0.05,0.75,7.194109374999999,7.199999999999999,0.0058906250000000035,-6,5.890625,1.859375,0.15625,0.0625,0.0,0.6000000000000008,0.5,0.6811244536400771,0.05019254820704264,0.5327159086609204,0.05,-0.4,7.599999999999999,2.0,12.0,0,0,0,0,0,64,0,0,0,0
2000820,1.0,0.05,0.75,0.3330156250000039,0.4000000000000039,0.066984375,-10,66.984375,7.296875,0.21875,0.0625,0.0,0.6000000000000008,0.5,0.8390269582397544,0.06309502399289306,0.7915126491493321,0.05000000000000001,-0.5999999999999999,1.0000000000000007,3.0,15.0,0,0,0,0,0,64,0,0,0,0
2000821,0.0,0.05,0.75,13.154937500000004,13.200000000000005,0.04506250000000002,-12,45.0625,5.875,0.28125,0.09375,0.0,0.6000000000000008,0.5,0.9841197635458137,0.27955072395878605,0.7500424629512459,0.05,-0.2,13.400000000000006,1.0,23.0,0,0,0,0,0,64,0,0,0,0
2000822,0.0,0.05,0.75,6.996578124999999,6.999999999999999,0.0034218750000000017,-2,3.421875,1.578125,0.171875,0.140625,0.0,0.6000000000000008,0.5,0.5151440983586848,0.05347725532643045,0.040550626954237216,0.05,-0.8,7.799999999999999,4.0,16.0,0,0,0,0,0,64,0,0,0,0
2000823,0.0,0.05,0.75,12.504203125000004,12.600000000000003,0.09579687499999999,-15,95.796875,8.296875,0.25,0.015625,0.0,0.6000000000000008,0.5,0.9853357365305022,0.07245430669049094,0.9835839551593994,0.05,0.0,12.600000000000003,0.0,17.0,0,0,0,0,0,64,0,0,0,0
2000824,1.0,0.05,0.75,-0.8558437499999971,-0.7999999999999972,0.05584375000000001,-13,55.84375,5.78125,0.25,0.046875,0.0,0.6000000000000008,0.5,0.9503113273064744,0.09661518560829208,0.934299987914088,0.05000000000000001,-0.9999999999999998,0.20000000000000062,5.0,14.0,0,0,0,0,0,64,0,0,0,0
2000825,0.0,0.05,0.75,4.996796874999999,4.999999999999999,0.0032031250000000024,-1,3.203125,1.671875,0.125,0.109375,0.0,0.6000000000000008,0.5,0.5103289842306697,0.05005435216742094,0.06736895075198208,0.05000000000000002,-0.6000000000000001,5.599999999999999,3.0,12.0,0,0,0,0,0,64,0,0,0,0
2000826,0.0,0.05,0.75,3.5980937499999985,3.5999999999999988,0.0019062500000000008,0,1.90625,0.96875,0.09375,0.09375,0.0,0.6000000000000008,0.5,0.5,0.050004786197771774,0.0751454385640201,0.05,-0.4,3.999999999999999,2.0,10.0,0,0,0,0,0,64,0,0,0,0
2000827,0.0,0.05,0.75,2.3976562500000003,2.4000000000000004,0.0023437500000000016,0,2.34375,1.1875,0.0625,0.0625,0.0,0.6000000000000008,0.5,0.5000000000000001,0.05000023552136511,0.15796154701066883,0.05,-0.8,3.2,4.0,4.0,0,0,0,0,0,64,0,0,0,0
2000828,0.0,0.05,0.75,6.398437499999998,6.399999999999999,0.0015625000000000007,-2,1.5625,0.875,0.15625,0.125,0.0,0.6000000000000008,0.5,0.514967490820158,0.05076342334813962,0.06034471064474165,0.05,-0.8,7.199999999999998,4.0,14.0,0,0,0,0,0,64,0,0,0,0
2000829,0.0,0.05,0.75,3.797890624999998,3.799999999999998,0.0021093750000000014,2,2.109375,1.203125,0.109375,0.140625,0.0,0.6000000000000008,0.5,0.48012837928631225,0.050166920450547686,0.012532418200495422,0.05000000000000001,-0.8,4.599999999999999,4.0,12.0,0,0,0,0,0,64,0,0,0,0
2000830,0.0,0.05,0.75,5.398515624999997,5.399999999999998,0.0014843750000000007,0,1.484375,0.859375,0.140625,0.140625,0.0,0.6000000000000008,0.5,0.4999999999999998,0.05046155470720611,0.02263602159195302,0.049999999999999996,-1.2,6.599999999999999,6.0,12.0,0,0,0,0,0,64,0,0,0,0
2000831,0.0,0.05,0.75,9.968265625,10.0,0.03173437500000001,-8,31.734375,5.328125,0.21875,0.09375,0.0,0.6000000000000008,0.5,0.7095074221138915,0.0844808632805539,0.47397906818174196,0.049999999999999996,-1.0,11.000000000000002,5.0,15.0,0,0,0,0,0,64,0,0,0,0
2000832,1.0,0.05,0.75,-1.6637031249999943,-1.5999999999999943,0.06370312500000001,-17,63.703125,6.078125,0.3125,0.046875,0.0,0.6000000000000008,0.5,0.9984176480300232,0.28037079171386997,0.9793204794861523,0.05000000000000001,-1.5999999999999996,6.661338147750939e-16,8.0,15.0,0,0,0,0,0,64,0,0,0,0
2000833,1.0,0.05,0.75,0.5705156250000014,0.6000000000000014,0.029484375000000004,-9,29.484375,4.546875,0.203125,0.0625,0.0,0.6000000000000008,0.5,0.7988524559283031,0.054814408359801205,0.7375577503853932,0.05,-0.3999999999999999,1.0000000000000007,2.0,15.0,0,0,0,0,0,64,0,0,0,0
2000834,0.0,0.05,0.75,9.168390624999999,9.2,0.031609375000000016,-10,31.609375,4.671875,0.1875,0.03125,0.0,0.6000000000000008,0.5,0.907557188020423,0.05062267802940902,0.8975969384928342,0.05000000000000001,-0.2,9.4,1.0,13.0,0,0,0,0,0,64,0,0,0,0
2000835,0.0,0.05,0.75,7.574171874999998,7.599999999999999,0.025828125000000018,-8,25.828125,4.484375,0.15625,0.03125,0.0,0.6000000000000008,0.5,0.8521119608729334,0.05007947720364998,0.827683253758043,0.05,0.0,7.599999999999999,0.0,12.0,0,0,0,0,0,64,0,0,0,0
2000836,0.0,0.05,0.75,5.9985624999999985,5.999999999999998,0.0014375000000000006,0,1.4375,0.9375,0.15625,0.15625,0.0,0.6000000000000008,0.5,0.5,0.0521211005681872,0.015013396627259066,0.05,-1.2,7.199999999999998,6.0,14.0,0,0,0,0,0,64,0,0,0,0
2000837,0.0,0.05,0.75,3.3901718749999996,3.3999999999999995,0.009828125000000007,4,9.828125,2.953125,0.109375,0.171875,0.0,0.6000000000000008,0.5,0.454269833536135,0.05183566360287658,0.003003196751364605,0.049999999999999996,-1.0,4.3999999999999995,5.0,13.0,0,0,0,0,0,64,0,0,0,0
2000838,0.0,0.05,0.75,6.196968749999997,6.1999999999999975,0.003031250000000002,-1,3.03125,1.4375,0.15625,0.140625,0.0,0.6000000000000008,0.5,0.5061578936782033,0.051145245679036264,0.030337530572607466,0.05,-0.8,6.999999999999998,4.0,15.0,0,0,0,0,0,64,0,0,0,0
2000839,1.0,0.05,0.75,-0.45587499999999503,-0.399999999999995,0.05587500000000002,-14,55.875,5.96875,0.28125,0.0625,0.0,0.6000000000000008,0.5,0.9831054218729531,0.23734436422304467,0.9267010069988763,0.05,-0.9999999999999998,0.6000000000000008,5.0,17.0,0,0,0,0,0,64,0,0,0,0
2000840,1.0,0.05,0.75,-0.8298125000000007,-0.8000000000000007,0.029812500000000013,-10,29.8125,4.59375,0.1875,0.03125,0.0,0.6000000000000008,0.5,0.9075571880204228,0.050622678029409014,0.8975969384928342,0.05000000000000001,-0.5999999999999999,-0.1999999999999995,3.0,11.0,0,0,0,0,0,64,0,0,0,0
2000841,1.0,0.05,0.75,-0.6325781249999979,-0.5999999999999979,0.03257812500000001,-12,32.578125,4.515625,0.234375,0.046875,0.0,0.6000000000000008,0.5,0.9271429271556033,0.06957555548618209,0.9132472320601315,0.05,-1.1999999999999997,0.6000000000000005,6.0,12.0,0,0,0,0,0,64,0,0,0,0
2000842,1.0,0.05,0.75,4.188749999999998,4.199999999999998,0.011250000000000005,-3,11.25,2.75,0.171875,0.125,0.0,0.6000000000000008,0.5,0.5256690162482582,0.05251489179288846,0.07982804756168803,0.05,-0.19999999999999996,4.3999999999999995,1.0,18.0,0,0,0,0,0,64,0,0,0,0
2000843,1.0,0.05,0.75,0.17381250000000106,0.20000000000000107,0.026187500000000013,-11,26.1875,4.0625,0.234375,0.0625,0.0,0.6000000000000008,0.5,0.8802605334225224,0.08314812725679854,0.8368290852804794,0.05,-0.19999999999999996,0.40000000000000036,1.0,18.0,0,0,0,0,0,64,0,0,0,0
2000844,0.0,0.05,0.75,4.7922812499999985,4.799999999999999,0.007718750000000005,-3,7.71875,2.25,0.109375,0.0625,0.0,0.6000000000000008,0.5,0.5820257969747509,0.050005952906432526,0.31621707337247495,0.05,-0.2,4.999999999999999,1.0,10.0,0,0,0,0,0,64,0,0,0,0
2000845,1.0,0.05,0.75,-2.9429374999999935,-2.7999999999999936,0.1429375,-20,142.9375,10.3125,0.34375,0.03125,0.0,0.6000000000000008,0.5,0.9999043818746194,0.2957036688973059,0.9943942787264757,0.05000000000000001,-1.1999999999999997,-1.5999999999999992,6.0,18.0,0,0,0,0,0,64,0,0,0,0
2000846,1.0,0.05,0.75,-1.852015624999999,-1.799999999999999,0.052015625000000024,-12,52.015625,6.453125,0.203125,0.015625,0.0,0.6000000000000008,0.5,0.9622162893718675,0.05116251319367383,0.9604820894934692,0.05000000000000001,-0.7999999999999998,-0.9999999999999996,4.0,10.0,0,0,0,0,0,64,0,0,0,0
2000847,0.0,0.05,0.75,3.7982968749999997,3.8,0.001703125000000001,-1,1.703125,1.078125,0.09375,0.078125,0.0,0.6000000000000008,0.5,0.5208226066889237,0.050002627824039164,0.14293933298391007,0.05,-0.6000000000000001,4.3999999999999995,3.0,8.0,0,0,0,0,0,64,0,0,0,0
2000848,1.0,0.05,0.75,-2.0605781249999984,-1.9999999999999982,0.06057812500000001,-13,60.578125,6.359375,0.21875,0.015625,0.0,0.6000000000000008,0.5,0.9717207447127016,0.05318955417218509,0.9704430981963795,0.05,-0.9999999999999998,-0.9999999999999996,5.0,10.0,0,0,0,0,0,64,0,0,0,0
2000849,0.0,0.05,0.75,6.398531249999999,6.399999999999999,0.0014687500000000009,-2,1.46875,0.96875,0.15625,0.125,0.0,0.6000000000000008,0.5,0.5149674908201581,0.05076342334813962,0.06034471064474171,0.05,-1.2,7.599999999999999,6.0,12.0,0,0,0,0,0,64,0,0,0,0
2000850,1.0,0.05,0.75,-0.03803125000000002,0.0,0.03803125000000002,-9,38.03125,5.6875,0.1875,0.046875,0.0,0.6000000000000008,0.5,0.8421206710105096,0.05101574772905402,0.8102571369822891,0.05,-0.7999999999999998,0.8000000000000005,4.0,11.0,0,0,0,0,0,64,0,0,0,0
2000851,0.0,0.05,0.75,5.190312499999998,5.199999999999998,0.009687500000000007,-2,9.6875,3.0,0.125,0.09375,0.0,0.6000000000000008,0.5,0.5278823433109172,0.0500366330668791,0.1291266593788459,0.049999999999999996,-1.0,6.199999999999999,5.0,9.0,0,0,0,0,0,64,0,0,0,0
2000852,0.0,0.05,0.75,4.195187499999999,4.199999999999999,0.004812500000000003,0,4.8125,1.75,0.109375,0.109375,0.0,0.6000000000000008,0.5,0.5000000000000003,0.05002184773109632,0.0507587198284427,0.05000000000000001,-1.0,5.199999999999999,5.0,9.0,0,0,0,0,0,64,0,0,0,0
2000853,0.0,0.05,0.75,8.990109374999998,8.999999999999998,0.009890625000000007,-6,9.890625,2.453125,0.203125,0.109375,0.0,0.6000000000000008,0.5,0.6070683605608681,0.06817840269768387,0.2452599593228549,0.05,-0.8,9.8,4.0,16.0,0,0,0,0,0,64,0,0,0,0
2000854,1.0,0.05,0.75,-0.42467187500000125,-0.40000000000000124,0.024671875000000006,-8,24.671875,4.234375,0.15625,0.03125,0.0,0.6000000000000008,0.5,0.8521119608729334,0.05007947720365,0.8276832537580429,0.05,-0.3999999999999999,4.440892098500626e-16,2.0,10.0,0,0,0,0,0,64,0,0,0,0
2000855,1.0,0.05,0.75,0.9816093749999982,0.9999999999999982,0.018390625000000008,-7,18.390625,3.953125,0.171875,0.0625,0.0,0.6000000000000008,0.5,0.7194971713361431,0.05057975214322688,0.606304609587044,0.05,0.0,1.0000000000000007,0.0,15.0,0,0,0,0,0,64,0,0,0,0
2000856,0.0,0.05,0.75,3.59584375,3.5999999999999996,0.004156250000000003,-3,4.15625,1.84375,0.078125,0.03125,0.0,0.6000000000000008,0.5,0.6496086617470691,0.05000031582283139,0.5163755003310231,0.049999999999999996,-0.4,4.0,2.0,5.0,0,0,0,0,0,64,0,0,0,0
2000857,1.0,0.05,0.75,-1.2311250000000011,-1.200000000000001,0.031125,-9,31.125,5.0,0.15625,0.015625,0.0,0.6000000000000008,0.5,0.9150813840118805,0.05005398301857577,0.9079133425013741,0.049999999999999996,-0.5999999999999999,-0.5999999999999996,3.0,8.0,0,0,0,0,0,64,0,0,0,0
2000858,1.0,0.05,0.75,-0.6296875000000014,-0.6000000000000014,0.02968750000000001,-9,29.6875,4.75,0.171875,0.03125,0.0,0.6000000000000008,0.5,0.8821756833697576,0.05022403420085195,0.8664641044636608,0.05,-0.19999999999999996,-0.39999999999999947,1.0,12.0,0,0,0,0,0,64,0,0,0,0
2000859,0.0,0.05,0.75,9.174671875000005,9.200000000000005,0.025328125000000003,-4,25.328125,4.171875,0.21875,0.15625,0.0,0.6000000000000008,0.5,0.7150828772322466,0.15513712384700873,0.04830688565198249,0.049999999999999996,-1.2,10.400000000000002,6.0,18.0,0,0,0,0,0,64,0,0,0,0
2000860,0.0,0.05,0.75,9.148156250000001,9.200000000000001,0.05184375000000001,-10,51.84375,6.53125,0.1875,0.03125,0.0,0.6000000000000008,0.5,0.9075571880204228,0.05062267802940901,0.8975969384928338,0.05,-0.4,9.6,2.0,12.0,0,0,0,0,0,64,0,0,0,0
2000861,1.0,0.05,0.75,-2.055953124999998,-1.9999999999999982,0.05595312500000003,-13,55.953125,6.515625,0.21875,0.015625,0.0,0.6000000000000008,0.5,0.9717207447127014,0.0531895541721851,0.9704430981963795,0.05,-0.3999999999999999,-1.5999999999999994,2.0,13.0,0,0,0,0,0,64,0,0,0,0
2000862,1.0,0.05,0.75,0.9838593749999982,0.9999999999999982,0.016140625000000013,-7,16.140625,3.796875,0.171875,0.0625,0.0,0.6000000000000008,0.5,0.7194971713361437,0.05057975214322688,0.6063046095870438,0.049999999999999996,-0.5999999999999999,1.6000000000000005,3.0,12.0,0,0,0,0,0,64,0,0,0,0
2000863,0.0,0.05,0.75,5.795374999999998,5.799999999999998,0.004625000000000003,-2,4.625,1.90625,0.140625,0.109375,0.0,0.6000000000000008,0.5,0.5198716207136869,0.05016692045054769,0.08890560802337831,0.05,-0.4,6.199999999999998,2.0,14.0,0,0,0,0,0,64,0,0,0,0
2000864,0.0,0.05,0.75,3.599015625,3.5999999999999996,0.0009843750000000007,0,0.984375,0.734375,0.09375,0.09375,0.0,0.6000000000000008,0.5,0.5,0.05000478619777176,0.07514543856402013,0.05,-0.2,3.799999999999999,1.0,11.0,0,0,0,0,0,64,0,0,0,0
2000865,0.0,0.05,0.75,7.393656249999998,7.399999999999998,0.006343750000000005,-4,6.34375,2.25,0.171875,0.109375,0.0,0.6000000000000008,0.5,0.5457301664638657,0.05183566360287657,0.1511560042609611,0.049999999999999996,-0.4,7.799999999999998,2.0,16.0,0,0,0,0,0,64,0,0,0,0
2000866,1.0,0.05,0.75,-0.4335312499999986,-0.3999999999999986,0.033531250000000005,-11,33.53125,4.34375,0.21875,0.046875,0.0,0.6000000000000008,0.5,0.9019313154980272,0.05757426507427074,0.886269569500468,0.049999999999999996,-0.5999999999999999,0.20000000000000062,3.0,14.0,0,0,0,0,0,64,0,0,0,0
2000867,1.0,0.05,0.75,0.5622968750000014,0.6000000000000014,0.03770312500000001,-9,37.703125,4.984375,0.203125,0.0625,0.0,0.6000000000000008,0.5,0.798852455928303,0.05481440835980122,0.7375577503853932,0.05000000000000001,-0.5999999999999999,1.2000000000000006,3.0,14.0,0,0,0,0,0,64,0,0,0,0
2000868,1.0,0.05,0.75,2.592843749999999,2.5999999999999988,0.007156250000000004,-2,7.15625,2.3125,0.109375,0.078125,0.0,0.6000000000000008,0.5,0.5393502929103057,0.050008096423753416,0.1838715626218191,0.05,-0.19999999999999996,2.8000000000000007,1.0,11.0,0,0,0,0,0,64,0,0,0,0
2000869,0.0,0.05,0.75,8.75965625,8.8,0.04034375000000001,-8,40.34375,5.6875,0.1875,0.0625,0.0,0.6000000000000008,0.5,0.7589961892287841,0.05169688933094267,0.6753666156725155,0.05,-0.4,9.2,2.0,14.0,0,0,0,0,0,64,0,0,0,0
2000870,1.0,0.05,0.75,-1.4129531250000003,-1.4000000000000004,0.012953125000000001,-10,12.953125,2.390625,0.171875,0.015625,0.0,0.6000000000000008,0.5,0.9345749610278491,0.05015120353908667,0.9301615151943896,0.05,-0.19999999999999996,-1.1999999999999995,1.0,11.0,0,0,0,0,0,64,0,0,0,0
2000871,1.0,0.05,0.75,-0.4382187499999986,-0.3999999999999986,0.03821875,-11,38.21875,4.71875,0.21875,0.046875,0.0,0.6000000000000008,0.5,0.9019313154980271,0.05757426507427078,0.8862695695004678,0.05,-0.7999999999999998,0.4000000000000006,4.0,13.0,0,0,0,0,0,64,0,0,0,0
2000872,1.0,0.05,0.75,0.37482812499999857,0.3999999999999986,0.025171875000000003,-7,25.171875,4.796875,0.15625,0.046875,0.0,0.6000000000000008,0.5,0.7686940361844827,0.050124222172970835,0.7006035450357837,0.05,-0.7999999999999998,1.2000000000000004,4.0,9.0,0,0,0,0,0,64,0,0,0,0
2000873,1.0,0.05,0.75,-1.4566874999999968,-1.3999999999999968,0.056687500000000016,-13,56.6875,6.53125,0.234375,0.03125,0.0,0.6000000000000008,0.5,0.9599239648268089,0.062220852937964415,0.9557680118210874,0.05,-1.1999999999999997,-0.1999999999999995,6.0,11.0,0,0,0,0,0,64,0,0,0,0
2000874,0.0,0.05,0.75,8.964703125,9.0,0.03529687500000001,-9,35.296875,5.234375,0.1875,0.046875,0.0,0.6000000000000008,0.5,0.8421206710105099,0.05101574772905401,0.8102571369822895,0.05,0.0,9.0,0.0,15.0,0,0,0,0,0,64,0,0,0,0
2000875,0.0,0.05,0.75,8.786000000000001,8.8,0.014000000000000009,-5,14.0,3.375,0.203125,0.125,0.0,0.6000000000000008,0.5,0.5876296666574865,0.07527007968109987,0.13667594811943432,0.05,-0.6000000000000001,9.4,3.0,18.0,0,0,0,0,0,64,0,0,0,0
2000876,0.0,0.05,0.75,4.399187499999999,4.3999999999999995,0.0008125000000000006,-1,0.8125,0.8125,0.109375,0.09375,0.0,0.6000000000000008,0.5,0.5146511314643861,0.050011908176629205,0.09890446288834875,0.05,-0.6000000000000001,4.999999999999999,3.0,10.0,0,0,0,0,0,64,0,0,0,0
2000877,1.0,0.05,0.75,0.19665624999999928,0.1999999999999993,0.0033437500000000012,-5,3.34375,1.40625,0.109375,0.03125,0.0,0.6000000000000008,0.5,0.7370439138631404,0.0500031416443533,0.6608386470530991,0.05,-0.5999999999999999,0.8000000000000003,3.0,6.0,0,0,0,0,0,64,0,0,0,0
2000878,1.0,0.05,0.75,-0.8651406249999989,-0.7999999999999989,0.06514062500000001,-10,65.140625,7.484375,0.1875,0.03125,0.0,0.6000000000000008,0.5,0.907557188020423,0.05062267802940903,0.8975969384928338,0.05,-0.3999999999999999,-0.39999999999999947,2.0,12.0,0,0,0,0,0,64,0,0,0,0
2000879,0.0,0.05,0.75,6.794093749999998,6.799999999999998,0.0059062500000000035,-4,5.90625,1.96875,0.15625,0.09375,0.0,0.6000000000000008,0.5,0.559910432574835,0.05040260934408089,0.21295669090179675,0.05,-0.8,7.599999999999999,4.0,12.0,0,0,0,0,0,64,0,0,0,0
2000880,1.0,0.05,0.75,-1.833078124999999,-1.799999999999999,0.033078125000000014,-12,33.078125,4.265625,0.203125,0.015625,0.0,0.6000000000000008,0.5,0.9622162893718674,0.05116251319367383,0.9604820894934695,0.05000000000000001,-0.19999999999999996,-1.5999999999999994,1.0,13.0,0,0,0,0,0,64,0,0,0,0
2000881,1.0,0.05,0.75,0.5676406250000015,0.6000000000000014,0.03235937500000001,-9,32.359375,4.609375,0.203125,0.0625,0.0,0.6000000000000008,0.5,0.7988524559283037,0.05481440835980121,0.7375577503853925,0.05,-0.9999999999999998,1.6000000000000003,5.0,12.0,0,0,0,0,0,64,0,0,0,0
2000882,0.0,0.05,0.75,6.191953124999999,6.199999999999998,0.008046875000000004,-4,8.046875,2.484375,0.140625,0.078125,0.0,0.6000000000000008,0.5,0.5820510843804473,0.05008827563996598,0.29135216982576706,0.05,-0.4,6.599999999999999,2.0,12.0,0,0,0,0,0,64,0,0,0,0
2000883,0.0,0.05,0.75,9.551406250000003,9.600000000000003,0.04859375000000002,-9,48.59375,6.1875,0.203125,0.0625,0.0,0.6000000000000008,0.5,0.7988524559283036,0.0548144083598012,0.7375577503853925,0.05,-0.6000000000000001,10.200000000000001,3.0,14.0,0,0,0,0,0,64,0,0,0,0
2000884,1.0,0.05,0.75,0.15631250000000105,0.20000000000000107,0.04368750000000002,-11,43.6875,5.84375,0.234375,0.0625,0.0,0.6000000000000008,0.5,0.8802605334225228,0.08314812725679852,0.8368290852804791,0.049999999999999996,-0.5999999999999999,0.8000000000000007,3.0,16.0,0,0,0,0,0,64,0,0,0,0
2000885,1.0,0.05,0.75,2.1949687499999984,2.1999999999999984,0.005031250000000004,-4,5.03125,1.875,0.140625,0.078125,0.0,0.6000000000000008,0.5,0.5820510843804471,0.050088275639965985,0.2913521698257672,0.049999999999999996,-0.5999999999999999,2.8,3.0,11.0,0,0,0,0,0,64,0,0,0,0
2000886,1.0,0.05,0.75,-0.6461093749999979,-0.5999999999999979,0.046109375000000015,-12,46.109375,5.796875,0.234375,0.046875,0.0,0.6000000000000008,0.5,0.9271429271556033,0.06957555548618209,0.9132472320601314,0.05,-0.3999999999999999,-0.1999999999999993,2.0,16.0,0,0,0,0,0,64,0,0,0,0
2000887,0.0,0.05,0.75,6.794249999999999,6.799999999999999,0.005750000000000003,-4,5.75,1.9375,0.15625,0.09375,0.0,0.6000000000000008,0.5,0.5599104325748351,0.05040260934408089,0.21295669090179722,0.05,-0.8,7.599999999999999,4.0,12.0,0,0,0,0,0,64,0,0,0,0
2000888,1.0,0.05,0.75,0.33739062500000394,0.4000000000000039,0.062609375,-10,62.609375,7.171875,0.21875,0.0625,0.0,0.6000000000000008,0.5,0.8390269582397546,0.06309502399289299,0.7915126491493326,0.05000000000000001,-0.7999999999999998,1.2000000000000006,4.0,14.0,0,0,0,0,0,64,0,0,0,0
2000889,0.0,0.05,0.75,4.397593749999998,4.399999999999998,0.0024062500000000013,2,2.40625,1.21875,0.125,0.15625,0.0,0.6000000000000008,0.5,0.48503250917984264,0.050763423348139596,0.00828332139616394,0.05000000000000001,-1.0,5.399999999999999,5.0,13.0,0,0,0,0,0,64,0,0,0,0
2000890,0.0,0.05,0.75,7.5974999999999975,7.599999999999998,0.0025000000000000014,-2,2.5,1.21875,0.1875,0.15625,0.0,0.6000000000000008,0.5,0.5313144579908161,0.0652996150636934,0.027062342510272966,0.05000000000000001,-1.0,8.6,5.0,17.0,0,0,0,0,0,64,0,0,0,0
2000891,0.0,0.05,0.75,4.398906249999999,4.399999999999999,0.0010937500000000008,2,1.09375,0.84375,0.125,0.15625,0.0,0.6000000000000008,0.5,0.48503250917984275,0.05076342334813961,0.00828332139616394,0.05,-0.8,5.199999999999998,4.0,14.0,0,0,0,0,0,64,0,0,0,0
2000892,1.0,0.05,0.75,-1.2293906249999993,-1.1999999999999993,0.029390625000000017,-12,29.390625,4.703125,0.21875,0.03125,0.0,0.6000000000000008,0.5,0.9457368758497208,0.054625636742465726,0.9411611939940021,0.05000000000000002,-0.3999999999999999,-0.7999999999999994,2.0,14.0,0,0,0,0,0,64,0,0,0,0
2000893,0.0,0.05,0.75,6.993062499999998,6.999999999999998,0.006937500000000004,-5,6.9375,2.15625,0.15625,0.078125,0.0,0.6000000000000008,0.5,0.6088383653706757,0.050285050071890214,0.357077396352992,0.05,-0.8,7.799999999999999,4.0,11.0,0,0,0,0,0,64,0,0,0,0
2000894,0.0,0.05,0.75,5.396156249999999,5.399999999999999,0.0038437500000000025,-3,3.84375,1.71875,0.125,0.078125,0.0,0.6000000000000008,0.5,0.559163567059692,0.0500267390293636,0.23333404248736342,0.05,0.0,5.399999999999999,0.0,13.0,0,0,0,0,0,64,0,0,0,0
2000895,1.0,0.05,0.75,-0.24912499999999754,-0.1999999999999975,0.049125000000000016,-13,49.125,5.71875,0.265625,0.0625,0.0,0.6000000000000008,0.5,0.959093302181883,0.18213527604842958,0.9034648444343313,0.05,-0.5999999999999999,0.4000000000000008,3.0,18.0,0,0,0,0,0,64,0,0,0,0
2000896,0.0,0.05,0.75,4.795437499999999,4.799999999999999,0.004562500000000003,-3,4.5625,1.59375,0.109375,0.0625,0.0,0.6000000000000008,0.5,0.5820257969747509,0.050005952906432546,0.3162170733724755,0.05,-0.2,4.999999999999999,1.0,10.0,0,0,0,0,0,64,0,0,0,0
2000897,1.0,0.05,0.75,-0.6347812500000014,-0.6000000000000014,0.03478125,-9,34.78125,4.90625,0.171875,0.03125,0.0,0.6000000000000008,0.5,0.8821756833697577,0.05022403420085195,0.8664641044636608,0.05000000000000001,-0.19999999999999996,-0.39999999999999947,1.0,12.0,0,0,0,0,0,64,0,0,0,0
2000898,1.0,0.05,0.75,-0.4353437499999986,-0.3999999999999986,0.035343750000000014,-11,35.34375,5.21875,0.21875,0.046875,0.0,0.6000000000000008,0.5,0.9019313154980275,0.05757426507427078,0.886269569500468,0.04999999999999999,-0.9999999999999998,0.6000000000000005,5.0,12.0,0,0,0,0,0,64,0,0,0,0
2000899,0.0,0.05,0.75,6.38740625,6.3999999999999995,0.012593750000000008,1,12.59375,3.0,0.171875,0.1875,0.0,0.6000000000000008,0.5,0.4743418570884025,0.07247238131978682,0.004863235078848174,0.05,-0.8,7.199999999999998,4.0,19.0,0,0,0,0,0,64,0,0,0,0
2000900,1.0,0.05,0.75,3.798078124999999,3.799999999999999,0.0019218750000000013,-2,1.921875,1.109375,0.140625,0.109375,0.0,0.6000000000000008,0.5,0.5198716207136871,0.050166920450547686,0.08890560802337852,0.05000000000000001,-0.19999999999999996,3.999999999999999,1.0,15.0,0,0,0,0,0,64,0,0,0,0
2000901,0.0,0.05,0.75,3.1992656250000002,3.2,0.0007343750000000002,-1,0.734375,0.578125,0.078125,0.0625,0.0,0.6000000000000008,0.5,0.5295152447918334,0.05000058599876548,0.2021807614513763,0.05,-0.6000000000000001,3.8,3.0,6.0,0,0,0,0,0,64,0,0,0,0
2000902,0.0,0.05,0.75,6.9936718749999995,6.999999999999999,0.006328125000000005,-5,6.328125,2.015625,0.15625,0.078125,0.0,0.6000000000000008,0.5,0.608838365370676,0.05028505007189021,0.35707739635299096,0.05,-0.4,7.399999999999999,2.0,13.0,0,0,0,0,0,64,0,0,0,0
2000903,0.0,0.05,0.75,3.797875,3.8,0.0021250000000000015,-1,2.125,1.25,0.09375,0.078125,0.0,0.6000000000000008,0.5,0.5208226066889243,0.050002627824039164,0.1429393329839099,0.05,-0.4,4.2,2.0,9.0,0,0,0,0,0,64,0,0,0,0
2000904,1.0,0.05,0.75,-0.024953125,0.0,0.024953125,-9,24.953125,3.859375,0.1875,0.046875,0.0,0.6000000000000008,0.5,0.8421206710105102,0.051015747729054026,0.8102571369822897,0.049999999999999996,-0.3999999999999999,0.4000000000000006,2.0,13.0,0,0,0,0,0,64,0,0,0,0
2000905,0.0,0.05,0.75,2.3965937499999996,2.3999999999999995,0.0034062500000000026,3,3.40625,1.59375,0.078125,0.125,0.0,0.6000000000000008,0.5,0.4408364329403082,0.05002673902936359,0.014074577415480046,0.049999999999999996,-0.8,3.2,4.0,9.0,0,0,0,0,0,64,0,0,0,0
2000906,0.0,0.05,0.75,5.998140624999999,5.999999999999999,0.0018593750000000012,-3,1.859375,1.015625,0.140625,0.09375,0.0,0.6000000000000008,0.5,0.5424177906926508,0.050121253330144756,0.1668736161463547,0.05,-0.8,6.799999999999999,4.0,11.0,0,0,0,0,0,64,0,0,0,0
2000907,1.0,0.05,0.75,0.17829687499999927,0.1999999999999993,0.021703125000000014,-8,21.703125,4.015625,0.171875,0.046875,0.0,0.6000000000000008,0.5,0.8068709521668115,0.050359225407098536,0.759680323126749,0.05,0.0,0.20000000000000062,0.0,14.0,0,0,0,0,0,64,0,0,0,0
2000908,0.0,0.05,0.75,6.398828124999998,6.399999999999998,0.0011718750000000006,-2,1.171875,0.765625,0.15625,0.125,0.0,0.6000000000000008,0.5,0.5149674908201581,0.05076342334813961,0.060344710644741624,0.05,-0.8,7.199999999999998,4.0,14.0,0,0,0,0,0,64,0,0,0,0
2000909,0.0,0.05,0.75,8.991078125,9.0,0.008921875000000004,-6,8.921875,2.265625,0.203125,0.109375,0.0,0.6000000000000008,0.5,0.607068360560868,0.06817840269768385,0.24525995932285485,0.05,-0.6000000000000001,9.600000000000001,3.0,17.0,0,0,0,0,0,64,0,0,0,0
2000910,1.0,0.05,0.75,3.177171874999999,3.1999999999999993,0.022828124999999998,-5,22.828125,4.453125,0.1875,0.109375,0.0,0.6000000000000008,0.5,0.5681755402368033,0.05593684684619165,0.19390881899456824,0.05,-0.9999999999999998,4.2,5.0,14.0,0,0,0,0,0,64,0,0,0,0
2000911,1.0,0.05,0.75,1.98321875,2.0,0.01678125000000001,-8,16.78125,3.46875,0.21875,0.09375,0.0,0.6000000000000008,0.5,0.7095074221138915,0.08448086328055386,0.4739790681817423,0.05000000000000001,-0.9999999999999998,3.0,5.0,15.0,0,0,0,0,0,64,0,0,0,0
2000912,1.0,0.05,0.75,-1.8413749999999989,-1.799999999999999,0.041375000000000016,-12,41.375,5.28125,0.203125,0.015625,0.0,0.6000000000000008,0.5,0.9622162893718677,0.051162513193673834,0.9604820894934692,0.05,-0.3999999999999999,-1.3999999999999995,2.0,12.0,0,0,0,0,0,64,0,0,0,0
2000913,1.0,0.05,0.75,-1.241062500000001,-1.200000000000001,0.041062500000000016,-9,41.0625,5.78125,0.15625,0.015625,0.0,0.6000000000000008,0.5,0.9150813840118804,0.050053983018575755,0.9079133425013742,0.05,-0.19999999999999996,-0.9999999999999996,1.0,10.0,0,0,0,0,0,64,0,0,0,0
2000914,0.0,0.05,0.75,6.996078124999999,6.999999999999998,0.003921875000000003,-2,3.921875,1.703125,0.171875,0.140625,0.0,0.6000000000000008,0.5,0.5151440983586855,0.05347725532643045,0.04055062695423716,0.049999999999999996,-0.8,7.799999999999999,4.0,16.0,0,0,0,0,0,64,0,0,0,0
2000915,1.0,0.05,0.75,-0.4253593749999986,-0.3999999999999986,0.02535937500000001,-11,25.359375,4.453125,0.21875,0.046875,0.0,0.6000000000000008,0.5,0.9019313154980274,0.057574265074270756,0.886269569500468,0.05,-0.9999999999999998,0.6000000000000005,5.0,12.0,0,0,0,0,0,64,0,0,0,0
2000916,0.0,0.05,0.75,5.997531249999999,5.999999999999999,0.0024687500000000013,-3,2.46875,1.21875,0.140625,0.09375,0.0,0.6000000000000008,0.5,0.5424177906926515,0.05012125333014476,0.16687361614635396,0.05,-0.8,6.799999999999999,4.0,11.0,0,0,0,0,0,64,0,0,0,0
2000917,0.0,0.05,0.75,3.795078124999998,3.799999999999998,0.004921875000000003,2,4.921875,1.984375,0.109375,0.140625,0.0,0.6000000000000008,0.5,0.48012837928631275,0.050166920450547686,0.012532418200495422,0.05000000000000001,-0.4,4.199999999999998,2.0,14.0,0,0,0,0,0,64,0,0,0,0
2000918,1.0,0.05,0.75,-2.9714218749999954,-2.7999999999999954,0.17142187499999997,-17,171.421875,12.203125,0.28125,0.015625,0.0,0.6000000000000008,0.5,0.9948935234511855,0.15757815922549429,0.9909370120010642,0.05,-0.5999999999999999,-2.1999999999999993,3.0,16.0,0,0,0,0,0,64,0,0,0,0
2000919,1.0,0.05,0.75,-0.8258437500000008,-0.8000000000000007,0.025843750000000016,-10,25.84375,4.1875,0.1875,0.03125,0.0,0.6000000000000008,0.5,0.9075571880204226,0.05062267802940902,0.8975969384928343,0.05,-0.3999999999999999,-0.39999999999999947,2.0,12.0,0,0,0,0,0,64,0,0,0,0
2000920,0.0,0.05,0.75,7.786749999999998,7.799999999999998,0.013250000000000007,-6,13.25,3.03125,0.171875,0.078125,0.0,0.6000000000000008,0.5,0.6399281590248659,0.05089546523590178,0.4286606795091214,0.05,-0.2,7.999999999999998,1.0,15.0,0,0,0,0,0,64,0,0,0,0
2000921,1.0,0.05,0.75,0.7779062499999989,0.7999999999999989,0.022093750000000013,-8,22.09375,4.3125,0.1875,0.0625,0.0,0.6000000000000008,0.5,0.7589961892287846,0.05169688933094267,0.675366615672516,0.05,-0.7999999999999998,1.6,4.0,12.0,0,0,0,0,0,64,0,0,0,0
2000922,0.0,0.05,0.75,11.727843750000002,11.800000000000002,0.07215625000000002,-14,72.15625,7.625,0.234375,0.015625,0.0,0.6000000000000008,0.5,0.9792221434647054,0.05862003076816917,0.9779509423448588,0.05,0.0,11.800000000000002,0.0,16.0,0,0,0,0,0,64,0,0,0,0
2000923,0.0,0.05,0.75,3.5929843749999977,3.599999999999998,0.0070156250000000045,3,7.015625,2.359375,0.109375,0.15625,0.0,0.6000000000000008,0.5,0.46906833267282466,0.05055259765120857,0.006145030452283841,0.05,-1.0,4.599999999999999,5.0,12.0,0,0,0,0,0,64,0,0,0,0
2000924,1.0,0.05,0.75,-1.8892499999999972,-1.7999999999999972,0.08924999999999997,-15,89.25,8.65625,0.265625,0.03125,0.0,0.6000000000000008,0.5,0.9825865781813465,0.11881307366696447,0.9752670576271563,0.05,-0.3999999999999999,-1.3999999999999992,2.0,17.0,0,0,0,0,0,64,0,0,0,0
2000925,1.0,0.05,0.75,0.3720000000000021,0.40000000000000213,0.028,-10,28.0,3.78125,0.21875,0.0625,0.0,0.6000000000000008,0.5,0.8390269582397543,0.06309502399289306,0.7915126491493323,0.05,-1.5999999999999996,2.0000000000000004,8.0,10.0,0,0,0,0,0,64,0,0,0,0
2000926,1.0,0.05,0.75,-1.847765624999999,-1.799999999999999,0.04776562500000002,-12,47.765625,6.015625,0.203125,0.015625,0.0,0.6000000000000008,0.5,0.9622162893718677,0.051162513193673834,0.9604820894934692,0.05,-0.19999999999999996,-1.5999999999999994,1.0,13.0,0,0,0,0,0,64,0,0,0,0
2000927,1.0,0.05,0.75,1.993140624999999,1.9999999999999991,0.0068593750000000035,-5,6.859375,1.828125,0.15625,0.078125,0.0,0.6000000000000008,0.5,0.6088383653706754,0.05028505007189021,0.3570773963529913,0.05,-0.5999999999999999,2.5999999999999996,3.0,12.0,0,0,0,0,0,64,0,0,0,0
2000928,1.0,0.05,0.75,1.7645312500000025,1.8000000000000025,0.03546875,-9,35.46875,5.59375,0.234375,0.09375,0.0,0.6000000000000008,0.5,0.7951888132057593,0.13083677899142088,0.5489864331479998,0.05,-0.9999999999999998,2.8,5.0,16.0,0,0,0,0,0,64,0,0,0,0
2000929,0.0,0.05,0.75,6.792499999999998,6.799999999999998,0.007500000000000006,-4,7.5,2.5,0.15625,0.09375,0.0,0.6000000000000008,0.5,0.5599104325748353,0.050402609344080904,0.21295669090179703,0.05,-0.4,7.199999999999998,2.0,14.0,0,0,0,0,0,64,0,0,0,0
2000930,0.0,0.05,0.75,7.389703124999999,7.399999999999999,0.010296875000000007,-4,10.296875,2.734375,0.171875,0.109375,0.0,0.6000000000000008,0.5,0.5457301664638665,0.051835663602876565,0.1511560042609611,0.05,-0.8,8.2,4.0,14.0,0,0,0,0,0,64,0,0,0,0
2000931,1.0,0.05,0.75,-1.0479375,-1.0,0.0479375,-11,47.9375,6.375,0.203125,0.03125,0.0,0.6000000000000008,0.5,0.9285487473296795,0.051709262079520195,0.9221237688883385,0.05,-0.7999999999999998,-0.1999999999999995,4.0,11.0,0,0,0,0,0,64,0,0,0,0
2000932,1.0,0.05,0.75,-0.23499999999999932,-0.1999999999999993,0.03500000000000002,-10,35.0,5.15625,0.203125,0.046875,0.0,0.6000000000000008,0.5,0.8738066245602872,0.05281012595997794,0.8522597895823483,0.05,-0.5999999999999999,0.4000000000000006,3.0,13.0,0,0,0,0,0,64,0,0,0,0
2000933,1.0,0.05,0.75,0.5772812499999996,0.5999999999999996,0.022718750000000013,-9,22.71875,4.1875,0.203125,0.0625,0.0,0.6000000000000008,0.5,0.7988524559283031,0.0548144083598012,0.7375577503853924,0.049999999999999996,-0.19999999999999996,0.8000000000000007,1.0,16.0,0,0,0,0,0,64,0,0,0,0
2000934,1.0,0.05,0.75,0.32834375000000743,0.40000000000000746,0.07165625000000002,-13,71.65625,7.90625,0.28125,0.078125,0.0,0.6000000000000008,0.5,0.9823779111260624,0.26329597746657246,0.8603213358658758,0.05,-1.3999999999999997,1.8,7.0,16.0,0,0,0,0,0,64,0,0,0,0
2000935,0.0,0.05,0.75,8.795359374999999,8.799999999999999,0.004640625000000001,-5,4.640625,1.578125,0.203125,0.125,0.0,0.6000000000000008,0.5,0.5876296666574867,0.07527007968109975,0.1366759481194337,0.05,-0.4,9.2,2.0,19.0,0,0,0,0,0,64,0,0,0,0
2000936,0.0,0.05,0.75,6.988453124999999,6.999999999999998,0.011546875000000009,-5,11.546875,3.078125,0.15625,0.078125,0.0,0.6000000000000008,0.5,0.6088383653706757,0.050285050071890214,0.35707739635299135,0.049999999999999996,-0.2,7.199999999999998,1.0,14.0,0,0,0,0,0,64,0,0,0,0
2000937,1.0,0.05,0.75,-1.2534999999999976,-1.1999999999999975,0.05350000000000002,-12,53.5,6.53125,0.21875,0.03125,0.0,0.6000000000000008,0.5,0.9457368758497209,0.054625636742465726,0.941161193994002,0.05,-1.1999999999999997,4.440892098500626e-16,6.0,10.0,0,0,0,0,0,64,0,0,0,0
2000938,0.0,0.05,0.75,4.199062499999999,4.199999999999999,0.0009375000000000004,0,0.9375,0.65625,0.109375,0.109375,0.0,0.6000000000000008,0.5,0.5000000000000001,0.05002184773109632,0.05075871982844281,0.05,-1.0,5.199999999999999,5.0,9.0,0,0,0,0,0,64,0,0,0,0
2000939,0.0,0.05,0.75,3.5952656249999997,3.5999999999999996,0.004734375000000003,0,4.734375,1.765625,0.09375,0.09375,0.0,0.6000000000000008,0.5,0.5000000000000001,0.05000478619777176,0.07514543856401991,0.049999999999999996,-0.6000000000000001,4.2,3.0,9.0,0,0,0,0,0,64,0,0,0,0
2000940,0.0,0.05,0.75,3.597843749999998,3.599999999999998,0.0021562500000000015,3,2.15625,1.0625,0.109375,0.15625,0.0,0.6000000000000008,0.5,0.4690683326728243,0.050552597651208564,0.006145030452283818,0.05,-1.2,4.799999999999999,6.0,11.0,0,0,0,0,0,64,0,0,0,0
2000941,0.0,0.05,0.75,5.988859374999998,5.999999999999998,0.011140625000000006,-3,11.140625,3.078125,0.140625,0.09375,0.0,0.6000000000000008,0.5,0.542417790692651,0.050121253330144756,0.1668736161463544,0.05,-0.6000000000000001,6.599999999999999,3.0,12.0,0,0,0,0,0,64,0,0,0,0
2000942,0.0,0.05,0.75,7.378828124999998,7.399999999999999,0.021171875,-7,21.171875,3.484375,0.15625,0.046875,0.0,0.6000000000000008,0.5,0.7686940361844826,0.05012422217297084,0.7006035450357836,0.05,-0.4,7.799999999999999,2.0,11.0,0,0,0,0,0,64,0,0,0,0
2000943,1.0,0.05,0.75,-0.845187499999999,-0.7999999999999989,0.04518750000000002,-10,45.1875,5.65625,0.1875,0.03125,0.0,0.6000000000000008,0.5,0.907557188020423,0.05062267802940902,0.8975969384928338,0.05,-0.7999999999999998,4.440892098500626e-16,4.0,10.0,0,0,0,0,0,64,0,0,0,0
2000944,0.0,0.05,0.75,2.997453125,3.0,0.002546875000000002,3,2.546875,1.265625,0.09375,0.140625,0.0,0.6000000000000008,0.5,0.45758220930734916,0.050121253330144756,0.009307542307539999,0.05,-0.4,3.3999999999999986,2.0,13.0,0,0,0,0,0,64,0,0,0,0
2000945,1.0,0.05,0.75,1.7514062500000043,1.8000000000000043,0.04859375000000001,-9,48.59375,6.25,0.234375,0.09375,0.0,0.6000000000000008,0.5,0.7951888132057594,0.1308367789914212,0.5489864331480002,0.05,-0.7999999999999998,2.600000000000001,4.0,17.0,0,0,0,0,0,64,0,0,0,0
2000946,0.0,0.05,0.75,6.391296874999998,6.399999999999999,0.008703125000000006,-5,8.703125,2.515625,0.140625,0.0625,0.0,0.6000000000000008,0.5,0.644909818475487,0.05006214701068844,0.4576757063549412,0.05,-0.2,6.599999999999999,1.0,12.0,0,0,0,0,0,64,0,0,0,0
2000947,0.0,0.05,0.75,6.589156249999998,6.599999999999998,0.010843750000000006,-3,10.84375,2.96875,0.15625,0.109375,0.0,0.6000000000000008,0.5,0.5309316673271754,0.050552597651208564,0.11646736457120177,0.049999999999999996,-1.0,7.599999999999999,5.0,12.0,0,0,0,0,0,64,0,0,0,0
2000948,1.0,0.05,0.75,1.5941874999999988,1.5999999999999988,0.005812500000000004,-4,5.8125,1.9375,0.125,0.0625,0.0,0.6000000000000008,0.5,0.6117405219478513,0.050019482371858645,0.38450798042955614,0.05000000000000001,-0.19999999999999996,1.8000000000000005,1.0,11.0,0,0,0,0,0,64,0,0,0,0
2000949,0.0,0.05,0.75,9.368484375000001,9.400000000000002,0.031515625000000005,-8,31.515625,4.890625,0.203125,0.078125,0.0,0.6000000000000008,0.5,0.7175687662110937,0.05800066706526517,0.5779078245490409,0.05,-0.6000000000000001,10.000000000000002,3.0,15.0,0,0,0,0,0,64,0,0,0,0
2000950,0.0,0.05,0.75,5.598281249999999,5.6,0.0017187500000000007,-4,1.71875,0.9375,0.125,0.0625,0.0,0.6000000000000008,0.5,0.6117405219478506,0.05001948237185863,0.38450798042955614,0.05,-0.6000000000000001,6.199999999999999,3.0,9.0,0,0,0,0,0,64,0,0,0,0
2000951,0.0,0.05,0.75,4.796812499999999,4.799999999999999,0.003187500000000002,-3,3.1875,1.5625,0.109375,0.0625,0.0,0.6000000000000008,0.5,0.5820257969747511,0.05000595290643255,0.31621707337247523,0.05,-0.4,5.199999999999999,2.0,9.0,0,0,0,0,0,64,0,0,0,0
2000952,0.0,0.05,0.75,4.995359374999999,4.999999999999999,0.004640625000000002,-4,4.640625,1.734375,0.109375,0.046875,0.0,0.6000000000000008,0.5,0.6491845032482667,0.050004367919792125,0.4869807128994057,0.05,-0.6000000000000001,5.6,3.0,7.0,0,0,0,0,0,64,0,0,0,0
2000953,0.0,0.05,0.75,6.597546874999998,6.599999999999998,0.0024531250000000017,0,2.453125,1.265625,0.171875,0.171875,0.0,0.6000000000000008,0.5,0.49999999999999983,0.059545123737052036,0.009931588164006338,0.05000000000000001,-1.0,7.599999999999999,5.0,17.0,0,0,0,0,0,64,0,0,0,0
2000954,0.0,0.05,0.75,4.997703124999998,4.999999999999998,0.002296875000000001,-1,2.296875,1.140625,0.125,0.109375,0.0,0.6000000000000008,0.5,0.5103289842306694,0.050054352167420955,0.06736895075198211,0.049999999999999996,-1.0,5.999999999999999,5.0,10.0,0,0,0,0,0,64,0,0,0,0
2000955,0.0,0.05,0.75,2.199218749999999,2.1999999999999993,0.0007812500000000005,1,0.78125,0.75,0.0625,0.078125,0.0,0.6000000000000008,0.5,0.47048475520816646,0.05000058599876551,0.08373897859714617,0.05,-0.6000000000000001,2.8,3.0,6.0,0,0,0,0,0,64,0,0,0,0
2000956,1.0,0.05,0.75,3.1877031249999974,3.1999999999999975,0.012296875000000007,-5,12.296875,3.140625,0.1875,0.109375,0.0,0.6000000000000008,0.5,0.5681755402368034,0.055936846846191636,0.1939088189945676,0.05,-0.19999999999999996,3.3999999999999995,1.0,18.0,0,0,0,0,0,64,0,0,0,0
2000957,1.0,0.05,0.75,1.5418281250000068,1.6000000000000068,0.05817187500000001,-10,58.171875,6.984375,0.25,0.09375,0.0,0.6000000000000008,0.5,0.8888067726416816,0.19571233856450584,0.6218317752043137,0.05,-0.5999999999999999,2.2,3.0,19.0,0,0,0,0,0,64,0,0,0,0
2000958,1.0,0.05,0.75,0.14450000000000282,0.20000000000000284,0.05550000000000002,-11,55.5,6.625,0.234375,0.0625,0.0,0.6000000000000008,0.5,0.880260533422523,0.0831481272567984,0.8368290852804786,0.05,-0.19999999999999996,0.4000000000000008,1.0,18.0,0,0,0,0,0,64,0,0,0,0
2000959,0.0,0.05,0.75,8.585171874999999,8.599999999999998,0.01482812500000001,-7,14.828125,3.078125,0.1875,0.078125,0.0,0.6000000000000008,0.5,0.6757761507604988,0.05272865993452383,0.5033590778162522,0.05,-0.6000000000000001,9.2,3.0,14.0,0,0,0,0,0,64,0,0,0,0
2000960,0.0,0.05,0.75,5.594328124999998,5.599999999999998,0.005671875000000004,-1,5.671875,2.140625,0.140625,0.125,0.0,0.6000000000000008,0.5,0.5074389876674195,0.05024930144343538,0.045382076259177055,0.049999999999999996,-0.8,6.399999999999999,4.0,13.0,0,0,0,0,0,64,0,0,0,0
2000961,0.0,0.05,0.75,1.99865625,2.0,0.0013437500000000008,-1,1.34375,0.90625,0.046875,0.03125,0.0,0.6000000000000008,0.5,0.5577304227371773,0.050000031017017506,0.3691225624713998,0.049999999999999996,-0.4,2.4000000000000004,2.0,3.0,0,0,0,0,0,64,0,0,0,0
2000962,0.0,0.05,0.75,1.1888906250000004,1.2000000000000004,0.011109375000000006,6,11.109375,2.515625,0.0625,0.15625,0.0,0.6000000000000008,0.5,0.3188755463599231,0.05019254820704265,0.0025018744128884906,0.05,-1.0,2.2,5.0,9.0,0,0,0,0,0,64,0,0,0,0
2000963,0.0,0.05,0.75,1.596046875,1.6,0.003953125000000003,1,3.953125,1.640625,0.046875,0.0625,0.0,0.6000000000000008,0.5,0.45845486091972026,0.05000013288180928,0.12193546050851736,0.05,-0.6000000000000001,2.2,3.0,4.0,0,0,0,0,0,64,0,0,0,0
2000964,1.0,0.05,0.75,1.775703124999998,1.799999999999998,0.024296875000000002,-6,24.296875,4.546875,0.171875,0.078125,0.0,0.6000000000000008,0.5,0.6399281590248672,0.05089546523590178,0.4286606795091208,0.05,0.0,1.800000000000001,0.0,16.0,0,0,0,0,0,64,0,0,0,0
2000965,0.0,0.05,0.75,7.392953124999998,7.399999999999999,0.0070468750000000045,-4,7.046875,2.234375,0.171875,0.109375,0.0,0.6000000000000008,0.5,0.5457301664638656,0.05183566360287657,0.15115600426096037,0.05000000000000001,-1.0,8.399999999999999,5.0,13.0,0,0,0,0,0,64,0,0,0,0
2000966,1.0,0.05,0.75,-1.6816562499999943,-1.5999999999999943,0.08165625,-17,81.65625,7.5625,0.3125,0.046875,0.0,0.6000000000000008,0.5,0.9984176480300235,0.28037079171387,0.9793204794861522,0.05,-0.7999999999999998,-0.7999999999999992,4.0,19.0,0,0,0,0,0,64,0,0,0,0
2000967,0.0,0.05,0.75,6.574765624999999,6.599999999999999,0.025234374999999996,-6,25.234375,4.765625,0.140625,0.046875,0.0,0.6000000000000008,0.5,0.7287317863791397,0.050041896223339544,0.6340008734704273,0.05,-0.4,6.999999999999999,2.0,10.0,0,0,0,0,0,64,0,0,0,0
2000968,1.0,0.05,0.75,-1.2449687499999975,-1.1999999999999975,0.04496875000000002,-12,44.96875,5.3125,0.21875,0.03125,0.0,0.6000000000000008,0.5,0.9457368758497209,0.05462563674246573,0.941161193994002,0.05,-0.9999999999999998,-0.1999999999999995,5.0,11.0,0,0,0,0,0,64,0,0,0,0
2000969,1.0,0.05,0.75,-0.41732812500000127,-0.40000000000000124,0.017328125000000014,-8,17.328125,3.265625,0.15625,0.03125,0.0,0.6000000000000008,0.5,0.8521119608729334,0.05007947720364998,0.8276832537580432,0.05,-0.3999999999999999,4.440892098500626e-16,2.0,10.0,0,0,0,0,0,64,0,0,0,0
2000970,1.0,0.05,0.75,-0.42801562499999857,-0.3999999999999986,0.028015625000000016,-11,28.015625,4.328125,0.21875,0.046875,0.0,0.6000000000000008,0.5,0.9019313154980275,0.057574265074270735,0.886269569500468,0.04999999999999999,0.0,-0.39999999999999925,0.0,17.0,0,0,0,0,0,64,0,0,0,0
2000971,0.0,0.05,0.75,6.596999999999999,6.599999999999999,0.003000000000000002,-3,3.0,1.25,0.15625,0.109375,0.0,0.6000000000000008,0.5,0.5309316673271757,0.05055259765120857,0.11646736457120162,0.05000000000000001,-0.6000000000000001,7.199999999999998,3.0,14.0,0,0,0,0,0,64,0,0,0,0
2000972,1.0,0.05,0.75,1.1903124999999983,1.1999999999999984,0.009687500000000005,-6,9.6875,2.59375,0.15625,0.0625,0.0,0.6000000000000008,0.5,0.6811244536400771,0.05019254820704264,0.5327159086609199,0.04999999999999999,-0.7999999999999998,2.0,4.0,10.0,0,0,0,0,0,64,0,0,0,0
2000973,1.0,0.05,0.75,-1.010296875000001,-1.0000000000000009,0.010296875000000007,-8,10.296875,2.578125,0.140625,0.015625,0.0,0.6000000000000008,0.5,0.8909465390647507,0.050019089348232765,0.8794958569741331,0.049999999999999996,-0.9999999999999998,2.220446049250313e-16,5.0,5.0,0,0,0,0,0,64,0,0,0,0
2000974,0.0,0.05,0.75,4.198437499999999,4.199999999999999,0.001562500000000001,0,1.5625,1.03125,0.109375,0.109375,0.0,0.6000000000000008,0.5,0.5000000000000004,0.05002184773109632,0.05075871982844292,0.049999999999999996,-1.2,5.3999999999999995,6.0,8.0,0,0,0,0,0,64,0,0,0,0
2000975,1.0,0.05,0.75,-0.6723437499999961,-0.5999999999999961,0.07234375000000004,-12,72.34375,7.84375,0.234375,0.046875,0.0,0.6000000000000008,0.5,0.9271429271556035,0.06957555548618209,0.9132472320601313,0.05000000000000001,-1.5999999999999996,1.0000000000000004,8.0,10.0,0,0,0,0,0,64,0,0,0,0
2000976,1.0,0.05,0.75,-1.0346875,-1.0,0.03468750000000001,-11,34.6875,5.125,0.203125,0.03125,0.0,0.6000000000000008,0.5,0.9285487473296791,0.05170926207952019,0.9221237688883385,0.05,-0.3999999999999999,-0.5999999999999994,2.0,13.0,0,0,0,0,0,64,0,0,0,0
2000977,0.0,0.05,0.75,2.5963906249999997,2.5999999999999996,0.0036093750000000028,2,3.609375,1.546875,0.078125,0.109375,0.0,0.6000000000000008,0.5,0.4606497070896943,0.050008096423753416,0.028468156513122282,0.049999999999999996,-1.2,3.8,6.0,6.0,0,0,0,0,0,64,0,0,0,0
2000978,1.0,0.05,0.75,-0.6343437500000014,-0.6000000000000014,0.03434375000000001,-9,34.34375,5.21875,0.171875,0.03125,0.0,0.6000000000000008,0.5,0.8821756833697577,0.05022403420085195,0.8664641044636608,0.05000000000000001,-0.7999999999999998,0.2000000000000004,4.0,9.0,0,0,0,0,0,64,0,0,0,0
2000979,1.0,0.05,0.75,-1.057390625,-1.0,0.05739062500000002,-11,57.390625,6.734375,0.203125,0.03125,0.0,0.6000000000000008,0.5,0.9285487473296795,0.0517092620795202,0.9221237688883384,0.05,-1.1999999999999997,0.2000000000000004,6.0,9.0,0,0,0,0,0,64,0,0,0,0
2000980,0.0,0.05,0.75,7.395796874999998,7.399999999999998,0.004203125000000003,-4,4.203125,1.609375,0.171875,0.109375,0.0,0.6000000000000008,0.5,0.5457301664638656,0.05183566360287658,0.1511560042609607,0.049999999999999996,-0.8,8.2,4.0,14.0,0,0,0,0,0,64,0,0,0,0
2000981,0.0,0.05,0.75,5.7954374999999985,5.799999999999998,0.004562500000000003,-2,4.5625,1.9375,0.140625,0.109375,0.0,0.6000000000000008,0.5,0.5198716207136873,0.05016692045054769,0.08890560802337899,0.05,-1.0,6.799999999999999,5.0,11.0,0,0,0,0,0,64,0,0,0,0
2000982,0.0,0.05,0.75,10.152296875000003,10.200000000000003,0.04770312500000001,-9,47.703125,5.890625,0.21875,0.078125,0.0,0.6000000000000008,0.5,0.7679812723882418,0.07206036268215256,0.6490679558475321,0.05,-0.6000000000000001,10.800000000000002,3.0,16.0,0,0,0,0,0,64,0,0,0,0
2000983,1.0,0.05,0.75,-2.033500000000001,-2.000000000000001,0.03350000000000001,-10,33.5,5.25,0.15625,0.0,0.0,0.6000000000000008,0.5,0.954725856746623,0.05004098760663322,0.9529136679184865,0.05,-0.7999999999999998,-1.1999999999999997,4.0,6.0,0,0,0,0,0,64,0,0,0,0
2000984,0.0,0.05,0.75,5.395484374999999,5.399999999999999,0.004515625000000003,-3,4.515625,1.734375,0.125,0.078125,0.0,0.6000000000000008,0.5,0.5591635670596921,0.0500267390293636,0.23333404248736328,0.05,-0.6000000000000001,5.999999999999999,3.0,10.0,0,0,0,0,0,64,0,0,0,0
2000985,1.0,0.05,0.75,-1.0881718749999965,-0.9999999999999964,0.088171875,-14,88.171875,8.109375,0.265625,0.046875,0.0,0.6000000000000008,0.5,0.9710539315296713,0.14520714455417782,0.9505205625762085,0.05,-0.9999999999999998,6.661338147750939e-16,5.0,15.0,0,0,0,0,0,64,0,0,0,0
2000986,1.0,0.05,0.75,1.9967187499999992,1.9999999999999991,0.003281250000000002,-2,3.28125,1.46875,0.09375,0.0625,0.0,0.6000000000000008,0.5,0.5552950097849383,0.050001808984676814,0.25502943384573884,0.05,-0.3999999999999999,2.4000000000000004,2.0,8.0,0,0,0,0,0,64,0,0,0,0
2000987,1.0,0.05,0.75,-1.6374062499999997,-1.5999999999999996,0.03740625,-11,37.40625,4.84375,0.1875,0.015625,0.0,0.6000000000000008,0.5,0.9500594559374236,0.05042051902125858,0.9473462493875067,0.05,-0.9999999999999998,-0.5999999999999996,5.0,8.0,0,0,0,0,0,64,0,0,0,0
2000988,1.0,0.05,0.75,-1.2494999999999976,-1.1999999999999975,0.049500000000000016,-12,49.5,6.1875,0.21875,0.03125,0.0,0.6000000000000008,0.5,0.9457368758497209,0.05462563674246574,0.941161193994002,0.05,-0.9999999999999998,-0.1999999999999995,5.0,11.0,0,0,0,0,0,64,0,0,0,0
2000989,1.0,0.05,0.75,-1.0458906249999982,-0.9999999999999982,0.04589062500000001,-11,45.890625,6.046875,0.203125,0.03125,0.0,0.6000000000000008,0.5,0.9285487473296794,0.05170926207952019,0.9221237688883385,0.05,-0.5999999999999999,-0.39999999999999947,3.0,12.0,0,0,0,0,0,64,0,0,0,0
2000990,1.0,0.05,0.75,1.3869218749999985,1.3999999999999986,0.01307812500000001,-5,13.078125,3.234375,0.140625,0.0625,0.0,0.6000000000000008,0.5,0.6449098184754873,0.05006214701068844,0.45767570635494054,0.05,-0.3999999999999999,1.8000000000000005,2.0,11.0,0,0,0,0,0,64,0,0,0,0
2000991,0.0,0.05,0.75,6.195359374999999,6.199999999999999,0.004640625000000003,-4,4.640625,1.765625,0.140625,0.078125,0.0,0.6000000000000008,0.5,0.5820510843804467,0.050088275639965985,0.29135216982576745,0.05,-0.4,6.599999999999999,2.0,12.0,0,0,0,0,0,64,0,0,0,0
2000992,1.0,0.05,0.75,-0.21984375000000106,-0.20000000000000107,0.019843750000000007,-7,19.84375,4.0,0.140625,0.03125,0.0,0.6000000000000008,0.5,0.8174588959995317,0.05002770898229915,0.7804930691475499,0.05,-0.3999999999999999,0.2000000000000004,2.0,9.0,0,0,0,0,0,64,0,0,0,0
2000993,0.0,0.05,0.75,3.797703124999999,3.799999999999999,0.0022968750000000016,-1,2.296875,1.328125,0.09375,0.078125,0.0,0.6000000000000008,0.5,0.5208226066889238,0.05000262782403917,0.1429393329839101,0.05,-0.8,4.6,4.0,7.0,0,0,0,0,0,64,0,0,0,0
2000994,1.0,0.05,0.75,-1.4653437499999968,-1.3999999999999968,0.06534375000000002,-13,65.34375,6.84375,0.234375,0.03125,0.0,0.6000000000000008,0.5,0.9599239648268092,0.06222085293796445,0.9557680118210874,0.049999999999999996,-0.19999999999999996,-1.1999999999999993,1.0,16.0,0,0,0,0,0,64,0,0,0,0
2000995,0.0,0.05,0.75,6.58790625,6.6,0.012093750000000007,-6,12.09375,2.5625,0.140625,0.046875,0.0,0.6000000000000008,0.5,0.728731786379139,0.050041896223339544,0.6340008734704288,0.05,-0.6000000000000001,7.199999999999999,3.0,9.0,0,0,0,0,0,64,0,0,0,0
2000996,0.0,0.05,0.75,3.998609375,4.0,0.001390625000000001,-2,1.390625,0.890625,0.09375,0.0625,0.0,0.6000000000000008,0.5,0.5552950097849377,0.0500018089846768,0.25502943384573895,0.05,-0.4,4.3999999999999995,2.0,8.0,0,0,0,0,0,64,0,0,0,0
2000997,0.0,0.05,0.75,3.99675,4.0,0.0032500000000000025,1,3.25,1.53125,0.109375,0.125,0.0,0.6000000000000008,0.5,0.48967101576933036,0.05005435216742094,0.02538949860686724,0.05,-0.6000000000000001,4.6,3.0,12.0,0,0,0,0,0,64,0,0,0,0
2000998,0.0,0.05,0.75,6.789234374999998,6.799999999999998,0.010765625000000008,-4,10.765625,3.109375,0.15625,0.09375,0.0,0.6000000000000008,0.5,0.559910432574836,0.05040260934408091,0.2129566909017969,0.05,-0.4,7.199999999999998,2.0,14.0,0,0,0,0,0,64,0,0,0,0
2000999,1.0,0.05,0.75,0.17904687499999927,0.1999999999999993,0.020953125000000013,-8,20.953125,3.890625,0.171875,0.046875,0.0,0.6000000000000008,0.5,0.8068709521668115,0.050359225407098536,0.75968032312675,0.05000000000000001,-0.7999999999999998,1.0000000000000004,4.0,10.0,0,0,0,0,0,64,0,0,0,0
2001000,0.0,0.05,0.75,5.789484374999998,5.799999999999998,0.010515625000000006,-2,10.515625,2.671875,0.140625,0.109375,0.0,0.6000000000000008,0.5,0.5198716207136872,0.05016692045054768,0.08890560802337875,0.05,-0.6000000000000001,6.399999999999999,3.0,13.0,0,0,0,0,0,64,0,0,0,0
2001001,1.0,0.05,0.75,0.39218749999999947,0.39999999999999947,0.007812500000000003,-7,7.8125,2.03125,0.15625,0.046875,0.0,0.6000000000000008,0.5,0.7686940361844827,0.05012422217297084,0.7006035450357837,0.05,-0.5999999999999999,1.0000000000000002,3.0,10.0,0,0,0,0,0,64,0,0,0,0
2001002,1.0,0.05,0.75,1.3798125000000003,1.4000000000000004,0.020187500000000004,-8,20.1875,3.5,0.203125,0.078125,0.0,0.6000000000000008,0.5,0.7175687662110932,0.058000667065265195,0.5779078245490415,0.05,-0.7999999999999998,2.2,4.0,14.0,0,0,0,0,0,64,0,0,0,0
2001003,1.0,0.05,0.75,-1.216328125000001,-1.200000000000001,0.016328125,-9,16.328125,3.015625,0.15625,0.015625,0.0,0.6000000000000008,0.5,0.9150813840118803,0.05005398301857576,0.9079133425013746,0.05000000000000001,-0.7999999999999998,-0.3999999999999997,4.0,7.0,0,0,0,0,0,64,0,0,0,0
2001004,1.0,0.05,0.75,2.1947343749999995,2.1999999999999993,0.005265625000000003,-4,5.265625,1.703125,0.140625,0.078125,0.0,0.6000000000000008,0.5,0.582051084380447,0.050088275639965985,0.2913521698257676,0.05,-0.3999999999999999,2.5999999999999996,2.0,12.0,0,0,0,0,0,64,0,0,0,0
2001005,1.0,0.05,0.75,1.1876093749999983,1.1999999999999984,0.01239062500000001,-6,12.390625,3.203125,0.15625,0.0625,0.0,0.6000000000000008,0.5,0.6811244536400771,0.05019254820704263,0.5327159086609194,0.05,-0.7999999999999998,2.0,4.0,10.0,0,0,0,0,0,64,0,0,0,0
2001006,0.0,0.05,0.75,5.997562499999999,5.999999999999999,0.0024375000000000013,-3,2.4375,1.15625,0.140625,0.09375,0.0,0.6000000000000008,0.5,0.5424177906926507,0.05012125333014474,0.16687361614635418,0.05000000000000001,-0.8,6.799999999999999,4.0,11.0,0,0,0,0,0,64,0,0,0,0
2001007,0.0,0.05,0.75,5.3979687499999995,5.3999999999999995,0.002031250000000001,-3,2.03125,0.9375,0.125,0.078125,0.0,0.6000000000000008,0.5,0.5591635670596916,0.0500267390293636,0.23333404248736322,0.05,-0.2,5.599999999999999,1.0,12.0,0,0,0,0,0,64,0,0,0,0
2001008,1.0,0.05,0.75,-0.024734375000000013,0.0,0.024734375000000013,-9,24.734375,4.078125,0.1875,0.046875,0.0,0.6000000000000008,0.5,0.8421206710105101,0.05101574772905401,0.8102571369822892,0.05,-0.7999999999999998,0.8000000000000005,4.0,11.0,0,0,0,0,0,64,0,0,0,0
2001009,1.0,0.05,0.75,-1.863156249999999,-1.799999999999999,0.06315625000000002,-12,63.15625,7.0625,0.203125,0.015625,0.0,0.6000000000000008,0.5,0.9622162893718674,0.05116251319367381,0.9604820894934692,0.05000000000000001,-0.7999999999999998,-0.9999999999999996,4.0,10.0,0,0,0,0,0,64,0,0,0,0
2001010,1.0,0.05,0.75,1.7693750000000008,1.8000000000000007,0.030625000000000006,-9,30.625,4.78125,0.234375,0.09375,0.0,0.6000000000000008,0.5,0.795188813205759,0.13083677899142107,0.5489864331479998,0.05,-0.7999999999999998,2.5999999999999996,4.0,17.0,0,0,0,0,0,64,0,0,0,0
2001011,1.0,0.05,0.75,1.5811562499999978,1.5999999999999979,0.018843750000000006,-7,18.84375,3.75,0.1875,0.078125,0.0,0.6000000000000008,0.5,0.6757761507604987,0.05272865993452382,0.5033590778162509,0.05,-0.7999999999999998,2.4000000000000004,4.0,13.0,0,0,0,0,0,64,0,0,0,0
2001012,1.0,0.05,0.75,3.796124999999999,3.799999999999999,0.0038750000000000017,-2,3.875,1.625,0.140625,0.109375,0.0,0.6000000000000008,0.5,0.5198716207136876,0.05016692045054769,0.08890560802337871,0.05,-0.7999999999999998,4.6,4.0,12.0,0,0,0,0,0,64,0,0,0,0
2001013,1.0,0.05,0.75,0.3813749999999986,0.3999999999999986,0.01862500000000001,-7,18.625,3.96875,0.15625,0.046875,0.0,0.6000000000000008,0.5,0.7686940361844824,0.05012422217297083,0.7006035450357828,0.05,-0.7999999999999998,1.2000000000000004,4.0,9.0,0,0,0,0,0,64,0,0,0,0
2001014,1.0,0.05,0.75,-0.42717187500000126,-0.40000000000000124,0.027171875000000015,-8,27.171875,4.171875,0.15625,0.03125,0.0,0.6000000000000008,0.5,0.8521119608729332,0.05007947720364998,0.8276832537580427,0.05,-0.5999999999999999,0.2000000000000004,3.0,9.0,0,0,0,0,0,64,0,0,0,0
2001015,1.0,0.05,0.75,-0.8993437499999918,-0.7999999999999918,0.09934375,-16,99.34375,8.8125,0.3125,0.0625,0.0,0.6000000000000008,0.5,0.9981958541951059,0.28858240542354374,0.9584568705223567,0.049999999999999996,-0.7999999999999998,8.881784197001252e-16,4.0,20.0,0,0,0,0,0,64,0,0,0,0
2001016,1.0,0.05,0.75,-1.4272343750000003,-1.4000000000000004,0.027234375000000012,-10,27.234375,4.203125,0.171875,0.015625,0.0,0.6000000000000008,0.5,0.9345749610278493,0.05015120353908667,0.9301615151943896,0.05,-0.5999999999999999,-0.7999999999999996,3.0,9.0,0,0,0,0,0,64,0,0,0,0
2001017,1.0,0.05,0.75,-1.683234374999996,-1.599999999999996,0.08323437500000001,-14,83.234375,8.421875,0.25,0.03125,0.0,0.6000000000000008,0.5,0.9720108749795389,0.08065926193373203,0.9668762872780626,0.05000000000000001,-0.5999999999999999,-0.9999999999999993,3.0,15.0,0,0,0,0,0,64,0,0,0,0
2001018,0.0,0.05,0.75,4.197203125,4.199999999999999,0.0027968750000000016,0,2.796875,1.453125,0.109375,0.109375,0.0,0.6000000000000008,0.5,0.5000000000000001,0.0500218477310963,0.05075871982844265,0.05,-0.6000000000000001,4.8,3.0,11.0,0,0,0,0,0,64,0,0,0,0
2001019,0.0,0.05,0.75,3.594078125,3.5999999999999996,0.0059218750000000035,3,5.921875,2.171875,0.109375,0.15625,0.0,0.6000000000000008,0.5,0.469068332672825,0.05055259765120857,0.006145030452283841,0.05,-1.2,4.8,6.0,11.0,0,0,0,0,0,64,0,0,0,0
2001020,1.0,0.05,0.75,-1.865531249999999,-1.799999999999999,0.06553125000000003,-12,65.53125,7.40625,0.203125,0.015625,0.0,0.6000000000000008,0.5,0.9622162893718675,0.05116251319367382,0.960482089493469,0.049999999999999996,-0.5999999999999999,-1.1999999999999995,3.0,11.0,0,0,0,0,0,64,0,0,0,0
2001021,1.0,0.05,0.75,2.1787031249999993,2.1999999999999993,0.021296875000000003,-7,21.296875,4.234375,0.203125,0.09375,0.0,0.6000000000000008,0.5,0.6499613247012316,0.062453150524633246,0.40012795287688874,0.05,-1.1999999999999997,3.3999999999999995,6.0,13.0,0,0,0,0,0,64,0,0,0,0
2001022,0.0,0.05,0.75,3.7964374999999997,3.8,0.0035625000000000023,-1,3.5625,1.5625,0.09375,0.078125,0.0,0.6000000000000008,0.5,0.520822606688924,0.05000262782403916,0.14293933298391007,0.05,-0.4,4.2,2.0,9.0,0,0,0,0,0,64,0,0,0,0
2001023,1.0,0.05,0.75,-1.2408906249999994,-1.1999999999999993,0.04089062500000001,-12,40.890625,5.484375,0.21875,0.03125,0.0,0.6000000000000008,0.5,0.9457368758497208,0.05462563674246575,0.9411611939940021,0.05000000000000001,-0.7999999999999998,-0.39999999999999947,4.0,12.0,0,0,0,0,0,64,0,0,0,0
