episode,value,alpha,p,objective,profit,penalty,terminal_inventory,mean_q2,mean_abs_inventory,buy_rate,sell_rate,abstain_rate,mean_spread,mean_center,inferred_value,inferred_alpha,correct_value,correct_alpha,informed_profit,uninformed_profit,informed_exec,uninformed_exec,action_0,action_1,action_2,action_3,action_4,action_5,action_6,action_7,action_8,action_9
2000000,0.0,0.05,0.75,4.2976874999999986,4.299999999999999,0.0023125000000000016,-2,2.3125,1.25,0.171875,0.140625,0.0,0.5562500000000005,0.5304687499999998,0.35675346966208255,0.050104765874675154,0.09965352210330486,0.05,-1.6500000000000001,5.950000000000001,5.0,15.0,0,1,15,4,4,11,0,1,28,0
2000001,1.0,0.05,0.75,-2.1864375000000034,-2.100000000000003,0.08643749999999999,-14,86.4375,8.28125,0.265625,0.046875,0.015625,0.5460317460317464,0.5666666666666661,0.9982711449056627,0.1558001114014516,0.9969732646090171,0.05,-0.9500000000000002,-1.1500000000000004,6.0,14.0,4,0,7,3,1,9,1,0,38,1
2000002,0.0,0.05,0.75,3.798921874999999,3.799999999999999,0.0010781250000000005,-2,1.078125,0.765625,0.140625,0.109375,0.0,0.5406250000000005,0.4859374999999998,0.31219694231627737,0.05001454436669631,0.057133319547356363,0.05,-0.65,4.449999999999999,2.0,14.0,2,0,26,5,2,7,1,1,20,0
2000003,0.0,0.05,0.75,2.047609374999999,2.049999999999999,0.0023906250000000013,1,2.390625,1.234375,0.109375,0.125,0.0,0.5375000000000004,0.5117187499999999,0.24848198576402944,0.05001676872078571,0.026364685936008554,0.05,-0.75,2.7999999999999994,3.0,12.0,0,1,18,9,1,11,0,0,24,0
2000004,1.0,0.05,0.75,-2.383796875,-2.3499999999999996,0.03379687500000001,-11,33.796875,5.171875,0.203125,0.03125,0.0,0.5625000000000006,0.5398437500000001,0.9647354380629214,0.050313497539621735,0.9641537541212363,0.05,-0.8500000000000002,-1.5000000000000004,4.0,11.0,1,1,15,4,1,8,0,0,34,0
2000005,1.0,0.05,0.75,-0.37204687500000144,-0.3500000000000014,0.022046875000000007,-7,22.046875,4.203125,0.171875,0.0625,0.0,0.5593750000000004,0.5187499999999997,0.8058444296435754,0.05007109394839751,0.7695319647174569,0.05000000000000001,-0.40000000000000013,0.04999999999999927,2.0,13.0,0,2,22,4,0,4,1,1,30,0
2000006,0.0,0.05,0.75,5.995499999999999,5.999999999999999,0.004500000000000002,-5,4.5,1.53125,0.171875,0.09375,0.0,0.5343750000000004,0.4156250000000001,0.3739995707113195,0.05033241727768846,0.019006437135646533,0.05000000000000001,-0.5,6.499999999999999,4.0,13.0,0,2,41,9,0,5,0,1,6,0
2000007,1.0,0.05,0.75,-0.8060937500000007,-0.8000000000000007,0.006093750000000004,-6,6.09375,1.6875,0.140625,0.046875,0.0,0.5500000000000005,0.5046875,0.707465664347917,0.050003842913479084,0.6585269149018022,0.05,0.0,-0.8000000000000008,0.0,12.0,0,0,22,6,2,10,1,0,23,0
2000008,0.0,0.05,0.75,4.043203124999999,4.049999999999999,0.006796875000000005,-2,6.796875,2.234375,0.125,0.09375,0.0,0.5468750000000004,0.4578125000000002,0.18755813973171676,0.050007135345933935,0.01773277142639086,0.049999999999999996,-0.7,4.749999999999998,4.0,10.0,1,2,31,6,1,7,0,0,16,0
2000009,1.0,0.05,0.75,-2.5078124999999973,-2.4499999999999975,0.05781250000000003,-13,57.8125,6.3125,0.25,0.046875,0.0,0.5750000000000006,0.5093749999999999,0.9430910945704198,0.05438427740483836,0.9403736294614878,0.049999999999999996,-1.6,-0.8500000000000002,6.0,13.0,1,2,16,1,2,19,0,0,23,0
2000010,0.0,0.05,0.75,2.7479843749999997,2.7499999999999996,0.0020156250000000005,1,2.015625,0.921875,0.109375,0.125,0.03125,0.47741935483870973,0.5266129032258062,0.8086192963565956,0.05004074417132408,0.17592696716642128,0.05,-1.4000000000000001,4.15,5.0,10.0,0,2,12,14,4,5,2,0,23,2
2000011,0.0,0.05,0.75,3.048171875,3.05,0.001828125000000001,1,1.828125,1.046875,0.125,0.140625,0.0,0.5281250000000005,0.49531249999999966,0.2797985804342788,0.05011460822510023,0.010016117524129915,0.05,-1.05,4.099999999999999,5.0,12.0,0,1,24,7,1,8,3,1,19,0
2000012,0.0,0.05,0.75,7.421703125000001,7.450000000000001,0.028296875,-8,28.296875,4.890625,0.171875,0.046875,0.0,0.5562500000000005,0.5,0.8321775290508017,0.05020497720525853,0.7815000072175439,0.049999999999999996,-0.6000000000000001,8.049999999999999,3.0,11.0,0,1,25,5,1,6,1,0,25,0
2000013,1.0,0.05,0.75,-1.2227031250000002,-1.2000000000000002,0.022703125000000005,-7,22.703125,4.359375,0.171875,0.0625,0.0,0.5343750000000005,0.4742187500000001,0.41334014073014047,0.050016266056831224,0.29556033136172855,0.049999999999999996,-0.7500000000000001,-0.45000000000000073,2.0,13.0,0,3,30,6,0,3,3,0,19,0
2000014,0.0,0.05,0.75,3.83709375,3.85,0.012906250000000008,-3,12.90625,3.28125,0.140625,0.09375,0.0,0.5250000000000004,0.5304687499999997,0.5837423413807068,0.0500077155506318,0.3609584920643746,0.05,-1.05,4.9,3.0,12.0,2,1,16,8,1,4,1,0,31,0
2000015,0.0,0.05,0.75,1.0958437499999987,1.0999999999999988,0.004156250000000003,3,4.15625,1.71875,0.125,0.171875,0.0,0.5375000000000005,0.5140624999999998,0.41088310683310075,0.05012040296605399,0.019125099075039894,0.05000000000000001,-1.2,2.2999999999999994,4.0,15.0,1,1,20,7,1,6,1,0,27,0
2000016,1.0,0.05,0.75,-0.8850312499999996,-0.8499999999999996,0.03503125000000001,-8,35.03125,5.5625,0.203125,0.078125,0.0,0.5468750000000003,0.48828125000000033,0.22364681630644778,0.050054013301459296,0.17061239533605213,0.05,-1.6000000000000003,0.7499999999999991,4.0,14.0,1,2,27,3,2,4,2,1,22,0
2000017,1.0,0.05,0.75,0.1812031249999975,0.1999999999999975,0.018796875000000008,-9,18.796875,3.421875,0.234375,0.09375,0.0,0.5656250000000005,0.5632812499999997,0.9577735940048213,0.07242259232944429,0.947350254469511,0.05,-0.30000000000000004,0.49999999999999956,3.0,18.0,1,0,10,2,0,13,2,1,35,0
2000018,0.0,0.05,0.75,2.9466406249999992,2.9499999999999993,0.003359375000000002,2,3.359375,1.484375,0.125,0.15625,0.0,0.5687500000000005,0.6031249999999996,0.6308211331622865,0.0501710198360036,0.2381702575973016,0.05,-1.15,4.099999999999999,3.0,15.0,0,0,3,3,2,9,1,0,46,0
2000019,0.0,0.05,0.75,6.347812500000001,6.3500000000000005,0.002187500000000001,-3,2.1875,1.0625,0.15625,0.109375,0.0,0.5625000000000006,0.44375000000000014,0.1065828674566863,0.05020888640465297,0.0021249538418437286,0.05,-0.6000000000000001,6.95,6.0,11.0,0,0,38,6,0,6,0,0,14,0
2000020,1.0,0.05,0.75,-2.6458281249999995,-2.5999999999999996,0.045828125000000004,-11,45.828125,5.359375,0.203125,0.03125,0.0,0.5500000000000004,0.48828125,0.9271143267406539,0.05025088694678462,0.920277293027474,0.05,-1.1,-1.5000000000000009,5.0,10.0,0,2,23,5,3,11,0,1,19,0
2000021,1.0,0.05,0.75,-3.445171875,-3.4000000000000004,0.04517187500000002,-10,45.171875,5.796875,0.171875,0.015625,0.0,0.5406250000000002,0.4929687499999999,0.8154571775368707,0.050003918337311215,0.8114059502022732,0.05,0.0,-3.4000000000000004,0.0,12.0,1,3,25,5,0,4,1,2,23,0
2000022,1.0,0.05,0.75,1.989640625000001,2.000000000000001,0.010359375000000007,-4,10.359375,2.765625,0.15625,0.09375,0.0,0.5656250000000004,0.5726562499999999,0.8825755785224817,0.050472006908809576,0.817409649338785,0.05,-0.20000000000000018,2.2,4.0,12.0,0,2,9,2,3,6,1,0,41,0
2000023,0.0,0.05,0.75,4.044749999999999,4.049999999999999,0.005250000000000003,0,5.25,1.90625,0.15625,0.15625,0.0,0.5531250000000005,0.5749999999999996,0.746633690031611,0.050334052897039086,0.2798051426791009,0.05000000000000001,0.0,4.049999999999999,0.0,20.0,1,1,9,4,2,4,1,0,42,0
2000024,0.0,0.05,0.75,10.013953125,10.05,0.03604687500000002,-14,36.046875,4.890625,0.265625,0.046875,0.0,0.5562500000000006,0.44609375000000046,0.5787678780431054,0.050666983670948657,0.5617049838813396,0.05,-0.4,10.450000000000001,2.0,18.0,2,0,36,5,0,6,0,0,15,0
2000025,0.0,0.05,0.75,9.378671875,9.4,0.02132812500000001,-9,21.328125,3.828125,0.25,0.109375,0.0,0.5718750000000006,0.40390625000000024,0.014081189660710432,0.05058907335689249,0.0018234645545466346,0.05000000000000001,-0.55,9.950000000000001,4.0,19.0,0,2,48,3,1,1,0,0,9,0
2000026,0.0,0.05,0.75,5.146046874999999,5.149999999999999,0.003953125000000001,-4,3.953125,1.515625,0.171875,0.109375,0.0,0.5343750000000005,0.48593749999999986,0.6726002165262426,0.050242415446733454,0.2740025626302902,0.049999999999999996,-1.35,6.499999999999998,4.0,14.0,0,1,25,9,1,8,0,1,19,0
2000027,0.0,0.05,0.75,9.734921875000001,9.8,0.06507812500000001,-13,65.078125,7.328125,0.234375,0.03125,0.0,0.5500000000000004,0.5304687499999999,0.9658323314996795,0.05089645295530119,0.9653793529442508,0.05,-0.35000000000000003,10.15,1.0,16.0,1,2,17,4,1,6,1,1,31,0
2000028,0.0,0.05,0.75,7.471781250000001,7.500000000000001,0.028218750000000004,-8,28.21875,4.875,0.203125,0.078125,0.0,0.5593750000000005,0.5234375,0.7417171975737864,0.05025711794916242,0.7048955339954271,0.05,-0.2,7.7,1.0,17.0,2,1,18,3,0,9,1,0,30,0
2000029,0.0,0.05,0.75,6.487953125000001,6.500000000000001,0.012046875000000005,-7,12.046875,2.734375,0.171875,0.0625,0.0,0.5531250000000004,0.5210937500000001,0.6145635560211354,0.050031355998220485,0.5795164486405722,0.05,-0.6000000000000001,7.100000000000001,2.0,13.0,1,0,22,3,1,5,3,0,29,0
2000030,1.0,0.05,0.75,-3.032734375,-3.0,0.03273437500000001,-9,32.734375,4.953125,0.140625,0.0,0.0,0.5437500000000003,0.4765625,0.9126252080162977,0.0500028002814524,0.9072007032484105,0.05,-1.1500000000000001,-1.8500000000000003,4.0,5.0,2,2,26,4,4,6,0,0,20,0
2000031,0.0,0.05,0.75,5.980375,6.0,0.019624999999999997,-5,19.625,4.15625,0.171875,0.09375,0.015625,0.5587301587301591,0.48571428571428604,0.19519970808142806,0.05003699382241948,0.07664295433208415,0.05,-1.2,7.2,5.0,12.0,0,1,27,3,3,7,1,1,20,1
2000032,1.0,0.05,0.75,-0.52240625,-0.5,0.02240625000000001,-9,22.40625,4.09375,0.1875,0.046875,0.0,0.5687500000000004,0.5562499999999998,0.9934329092622295,0.05242922432393742,0.9928595873897186,0.05000000000000001,-0.050000000000000044,-0.45000000000000084,1.0,14.0,0,1,14,2,4,4,0,1,38,0
2000033,0.0,0.05,0.75,3.998515625,4.0,0.0014843750000000009,0,1.484375,1.015625,0.15625,0.15625,0.0,0.5500000000000005,0.50234375,0.07159872187664161,0.05119866723904238,0.0033724429098151835,0.05,-2.6,6.6,10.0,10.0,0,1,22,6,2,9,0,1,23,0
2000034,1.0,0.05,0.75,-1.9338750000000013,-1.9000000000000012,0.033875000000000016,-9,33.875,5.34375,0.171875,0.03125,0.0,0.5906250000000006,0.528125,0.8866209504153321,0.05002230187977541,0.8834918389114416,0.049999999999999996,-0.9500000000000002,-0.9500000000000006,4.0,9.0,0,0,21,1,1,8,0,0,33,0
2000035,1.0,0.05,0.75,1.1942500000000003,1.2000000000000002,0.005750000000000003,-3,5.75,2.09375,0.140625,0.09375,0.0,0.5531250000000006,0.5468749999999999,0.7199564012449625,0.05001663898159372,0.5719284717935065,0.05,-0.050000000000000044,1.2499999999999993,1.0,14.0,2,0,14,4,1,7,1,0,35,0
2000036,1.0,0.05,0.75,-0.8366874999999989,-0.7999999999999989,0.03668750000000001,-8,36.6875,5.75,0.15625,0.03125,0.015625,0.5587301587301591,0.5761904761904759,0.9903289232233208,0.05028201806924728,0.9900504232661669,0.05,-0.6000000000000002,-0.2000000000000004,5.0,7.0,0,0,8,4,1,10,2,0,38,1
2000037,0.0,0.05,0.75,6.738046875000001,6.750000000000001,0.011953125000000007,-6,11.953125,3.046875,0.203125,0.109375,0.0,0.5406250000000004,0.46484375000000006,0.3283749989872217,0.05084486482674715,0.0755832130470877,0.05,-0.8,7.550000000000001,4.0,16.0,2,2,29,5,1,7,1,0,17,0
2000038,1.0,0.05,0.75,-0.07528124999999894,-0.049999999999998934,0.025281249999999998,-7,25.28125,4.71875,0.203125,0.09375,0.0,0.5531250000000004,0.4929687500000003,0.2144464708837375,0.05006389123512548,0.14268689750555527,0.05,-0.7500000000000002,0.6999999999999991,3.0,16.0,1,3,22,3,2,10,0,2,21,0
2000039,1.0,0.05,0.75,-3.356281249999999,-3.299999999999999,0.05628125000000001,-13,56.28125,6.28125,0.21875,0.015625,0.0,0.5625000000000006,0.5539062499999997,0.9774224226667562,0.05051978838512459,0.9773064499534831,0.05000000000000001,-1.1500000000000001,-2.1500000000000004,4.0,11.0,0,1,14,2,5,4,1,0,37,0
2000040,1.0,0.05,0.75,2.8957343749999995,2.8999999999999995,0.004265625000000002,-2,4.265625,1.734375,0.15625,0.125,0.0,0.5281250000000003,0.5749999999999997,0.8757632996649745,0.050395805524137575,0.647473395953616,0.05,-0.050000000000000044,2.95,1.0,17.0,3,0,3,6,3,11,1,0,37,0
2000041,0.0,0.05,0.75,4.4895000000000005,4.500000000000001,0.010500000000000008,-3,10.5,2.96875,0.140625,0.09375,0.015625,0.5746031746031752,0.4785714285714286,0.2949635833060794,0.05001952908952441,0.06232440563157228,0.05,-1.15,5.650000000000001,4.0,11.0,0,1,32,3,0,3,0,1,23,1
2000042,1.0,0.05,0.75,-3.368749999999999,-3.299999999999999,0.06875000000000002,-14,68.75,6.5,0.28125,0.0625,0.0,0.5656250000000004,0.46484375000000017,0.5773881836651613,0.0523372427537219,0.5599349127829826,0.05,-0.7000000000000002,-2.6000000000000014,2.0,20.0,0,2,33,3,1,5,1,0,19,0
2000043,0.0,0.05,0.75,9.83390625,9.85,0.016093750000000004,-9,16.09375,3.09375,0.265625,0.125,0.0,0.5625000000000006,0.3898437500000001,0.19052628710189423,0.08441511961959283,0.0029840057421444883,0.049999999999999996,-0.6000000000000001,10.450000000000001,5.0,20.0,0,0,51,6,0,3,0,0,4,0
2000044,1.0,0.05,0.75,-0.3090781250000007,-0.3000000000000007,0.009078125000000006,-6,9.078125,2.734375,0.15625,0.0625,0.0,0.5562500000000005,0.5210937500000001,0.8033181322185635,0.05002802420012409,0.7472500188199774,0.05,-0.55,0.24999999999999956,3.0,11.0,0,3,19,4,1,6,1,0,30,0
2000045,0.0,0.05,0.75,6.12653125,6.15,0.02346875000000001,-6,23.46875,4.34375,0.203125,0.109375,0.0,0.5468750000000004,0.47421875000000036,0.37287616204674967,0.05035288717454332,0.1401273588410911,0.05,-0.35,6.5,2.0,18.0,1,1,29,3,2,8,3,0,17,0
2000046,1.0,0.05,0.75,-2.022609374999999,-1.9999999999999991,0.022609375000000004,-8,22.609375,4.171875,0.140625,0.015625,0.0,0.5281250000000005,0.51640625,0.9342903901500028,0.05000674173789522,0.9306264720049472,0.05,-1.8500000000000003,-0.15000000000000024,6.0,4.0,3,0,19,7,1,5,1,0,28,0
2000047,0.0,0.05,0.75,4.592484375,4.6,0.007515625000000006,-4,7.515625,2.390625,0.125,0.0625,0.0,0.5718750000000006,0.4718750000000004,0.21372460606401364,0.05000194559008414,0.06994723924968484,0.049999999999999996,-0.45,5.050000000000001,3.0,9.0,0,1,31,3,2,7,0,0,20,0
2000048,1.0,0.05,0.75,-0.5687812500000007,-0.5500000000000007,0.018781250000000003,-6,18.78125,4.0,0.140625,0.046875,0.015625,0.5523809523809527,0.5214285714285714,0.7252695470550886,0.05000596969556279,0.6949373919561577,0.05,-1.3500000000000003,0.7999999999999996,4.0,8.0,0,0,18,6,1,11,0,2,25,1
2000049,1.0,0.05,0.75,-1.1198593749999997,-1.0999999999999996,0.019859375000000005,-7,19.859375,3.484375,0.125,0.015625,0.0,0.5468750000000004,0.5046874999999997,0.9669437668867671,0.0500135861448065,0.9605153059319453,0.05,-0.4500000000000002,-0.6500000000000004,3.0,6.0,0,1,26,7,0,1,1,0,28,0
2000050,0.0,0.05,0.75,2.249546874999999,2.249999999999999,0.0004531250000000003,-1,0.453125,0.453125,0.109375,0.09375,0.0,0.5437500000000003,0.5093749999999997,0.4701050591443604,0.05000126766543558,0.19440941225562616,0.05,-0.8,3.05,2.0,11.0,1,2,19,5,1,10,1,1,24,0
2000051,0.0,0.05,0.75,3.896718749999999,3.899999999999999,0.0032812500000000016,-2,3.28125,1.5,0.171875,0.140625,0.0,0.5093750000000002,0.48359374999999993,0.4541466602533878,0.050116992671965385,0.07258935502139963,0.049999999999999996,-1.35,5.249999999999998,4.0,16.0,1,0,23,12,3,8,0,0,17,0
2000052,0.0,0.05,0.75,6.941812499999999,6.949999999999999,0.008187500000000006,-5,8.1875,2.5,0.171875,0.09375,0.0,0.5750000000000005,0.5796874999999996,0.9809073081580629,0.05305535985161845,0.9711316663757515,0.049999999999999996,-0.75,7.700000000000001,2.0,15.0,1,1,9,2,0,6,0,1,44,0
2000053,0.0,0.05,0.75,8.188156249999999,8.2,0.011843750000000005,-6,11.84375,2.59375,0.203125,0.109375,0.0,0.5937500000000007,0.39687500000000026,0.00320449044922136,0.050478232470065956,0.00011004757223060123,0.05,-0.29999999999999993,8.500000000000002,6.0,14.0,0,0,52,0,0,4,1,0,7,0
2000054,1.0,0.05,0.75,-2.056406250000001,-2.000000000000001,0.05640625000000001,-10,56.40625,6.53125,0.203125,0.046875,0.0,0.5468750000000006,0.5140624999999998,0.9178049071997082,0.05026530397557559,0.9114935465346976,0.05,-0.7500000000000002,-1.2500000000000002,3.0,13.0,1,0,18,4,4,12,1,1,23,0
2000055,0.0,0.05,0.75,5.392906249999999,5.3999999999999995,0.0070937500000000046,-5,7.09375,2.21875,0.140625,0.0625,0.0,0.5500000000000004,0.5281249999999998,0.8277708890333316,0.05002550106396195,0.7464482039877361,0.049999999999999996,-0.9000000000000001,6.3,3.0,10.0,0,3,18,3,3,4,2,0,31,0
2000056,1.0,0.05,0.75,1.7377968749999981,1.7499999999999982,0.012203125000000009,-5,12.203125,3.046875,0.1875,0.109375,0.0,0.5531250000000003,0.5328124999999998,0.748843514914597,0.051325932726558846,0.5263661321454084,0.05000000000000001,-0.25,1.9999999999999998,3.0,16.0,0,3,14,4,2,10,0,2,29,0
2000057,1.0,0.05,0.75,-3.595687500000001,-3.5500000000000007,0.04568750000000002,-12,45.6875,5.84375,0.1875,0.0,0.0,0.5625000000000004,0.4929687500000001,0.977159195438476,0.05008994932688673,0.9766499274746705,0.04999999999999999,-0.6500000000000001,-2.900000000000001,4.0,8.0,1,3,23,2,0,11,1,1,22,0
2000058,0.0,0.05,0.75,-0.006921875000001503,-1.4988010832439613e-15,0.006921875000000004,6,6.921875,2.296875,0.140625,0.234375,0.0,0.4906250000000001,0.5328124999999999,0.6606133234173179,0.051721037120557735,0.012097817284255947,0.05,-2.3500000000000005,2.349999999999999,6.0,18.0,2,2,13,9,2,5,4,1,26,0
2000059,1.0,0.05,0.75,1.3852500000000003,1.4000000000000004,0.014750000000000011,-6,14.75,3.65625,0.1875,0.09375,0.0,0.5437500000000005,0.5867187499999997,0.9572560937936425,0.05216339786651909,0.9487787395197179,0.05,-0.7000000000000001,2.0999999999999996,4.0,14.0,1,0,6,7,0,6,1,0,43,0
2000060,0.0,0.05,0.75,4.738625,4.75,0.011375000000000007,-3,11.375,2.96875,0.140625,0.09375,0.015625,0.5714285714285718,0.45952380952380933,0.3496891852886284,0.05003393868355024,0.04246962829801118,0.05,-0.25,5.0,2.0,13.0,0,0,36,3,1,4,1,0,18,1
2000061,1.0,0.05,0.75,-1.7362812500000029,-1.7000000000000028,0.03628125,-11,36.28125,5.125,0.203125,0.03125,0.015625,0.5523809523809527,0.5119047619047616,0.9616519951092694,0.05197496789848519,0.9582502311159314,0.05,-0.7000000000000001,-1.0000000000000004,4.0,11.0,0,2,23,4,1,3,2,0,28,1
2000062,1.0,0.05,0.75,3.0934062499999997,3.0999999999999996,0.006593750000000002,-4,6.59375,2.1875,0.21875,0.15625,0.0,0.5531250000000005,0.5749999999999995,0.9518776066637747,0.09732807451188663,0.796078314393848,0.05000000000000001,-0.40000000000000013,3.499999999999999,2.0,22.0,0,0,9,5,5,4,0,0,41,0
2000063,1.0,0.05,0.75,-1.279015625,-1.25,0.029015625000000007,-9,29.015625,4.328125,0.1875,0.046875,0.0,0.5281250000000004,0.49531249999999977,0.8769494447236438,0.0504348642818033,0.8422334846119639,0.049999999999999996,-0.5000000000000001,-0.7500000000000009,3.0,12.0,2,2,22,7,1,6,1,0,23,0
2000064,0.0,0.05,0.75,10.370359375000001,10.400000000000002,0.029640625000000018,-9,29.640625,4.734375,0.265625,0.125,0.0,0.5968750000000006,0.3640625000000003,0.007100381145476465,0.053250078864625475,0.00010051095438167907,0.05000000000000001,-0.39999999999999997,10.800000000000002,5.0,20.0,0,1,59,0,0,2,0,0,2,0
2000065,1.0,0.05,0.75,1.171765625000001,1.200000000000001,0.028234375000000016,-8,28.234375,4.640625,0.234375,0.109375,0.0,0.5687500000000006,0.5679687499999995,0.9895853200537487,0.13680231527195152,0.9771613487285473,0.05000000000000002,-0.4500000000000002,1.6499999999999988,5.0,17.0,0,0,11,2,2,9,2,0,38,0
2000066,1.0,0.05,0.75,-1.4237187500000013,-1.4000000000000012,0.02371875000000001,-8,23.71875,4.375,0.171875,0.046875,0.0,0.5562500000000005,0.5445312499999999,0.8347549608725554,0.05001999757547414,0.8293969024660784,0.05,0.0,-1.4000000000000006,0.0,14.0,0,2,15,3,1,7,2,1,33,0
2000067,0.0,0.05,0.75,7.942250000000001,7.950000000000001,0.007750000000000003,-7,7.75,2.09375,0.21875,0.109375,0.015625,0.5269841269841272,0.42380952380952375,0.1317107539375108,0.05183206877278127,0.015120478647103518,0.05,-0.8999999999999999,8.85,6.0,15.0,3,1,39,4,3,2,2,1,8,1
2000068,0.0,0.05,0.75,4.398468749999999,4.3999999999999995,0.001531250000000001,-3,1.53125,0.96875,0.15625,0.109375,0.0,0.4562500000000001,0.4906249999999998,0.537108390891199,0.05006561125937221,0.15981510958841347,0.05,-0.8,5.199999999999999,3.0,14.0,1,1,19,19,2,5,1,1,15,0
2000069,1.0,0.05,0.75,-0.08287499999999895,-0.049999999999998934,0.03287500000000001,-8,32.875,5.3125,0.171875,0.046875,0.0,0.5656250000000006,0.5867187499999996,0.9877345332188036,0.050742769527641333,0.987230642935183,0.05,-0.6000000000000003,0.5499999999999997,6.0,8.0,0,0,6,3,3,9,1,0,42,0
2000070,0.0,0.05,0.75,8.3400625,8.35,0.009937500000000007,-5,9.9375,2.59375,0.234375,0.15625,0.0,0.5906250000000007,0.36875000000000024,0.011334225924318849,0.06473184318571298,3.574237025840095e-05,0.05,-0.9500000000000002,9.300000000000002,8.0,17.0,0,0,58,1,1,2,0,0,2,0
2000071,1.0,0.05,0.75,-2.984656249999999,-2.9499999999999993,0.03465625000000001,-12,34.65625,4.375,0.21875,0.03125,0.0,0.5750000000000005,0.42734375000000024,0.40859389512056327,0.050200685240447684,0.35349254122101725,0.049999999999999996,-0.3500000000000001,-2.600000000000001,1.0,15.0,0,5,37,1,1,9,0,0,11,0
2000072,0.0,0.05,0.75,11.136390625,11.15,0.013609375,-10,13.609375,2.421875,0.265625,0.109375,0.0,0.5812500000000005,0.3828125000000002,0.06846362709370911,0.0643507796924882,0.0008178569442123641,0.05,-0.19999999999999996,11.350000000000001,4.0,20.0,0,2,53,1,2,1,0,0,5,0
2000073,0.0,0.05,0.75,4.847203125,4.85,0.002796875000000002,-3,2.796875,1.328125,0.140625,0.09375,0.0,0.5562500000000005,0.44140624999999983,0.12393112150619619,0.05001448922424873,0.008517461652857964,0.05,-0.6500000000000001,5.5,4.0,11.0,0,2,37,5,1,5,0,1,13,0
2000074,1.0,0.05,0.75,-0.4805312500000002,-0.4500000000000002,0.030531250000000024,-8,30.53125,4.9375,0.15625,0.03125,0.0,0.5687500000000004,0.5562499999999997,0.9632549870645962,0.05018393451946052,0.9615465294892782,0.05,-0.20000000000000018,-0.2500000000000002,4.0,8.0,0,3,12,2,1,7,0,2,37,0
2000075,0.0,0.05,0.75,5.838875000000001,5.8500000000000005,0.011125000000000008,-5,11.125,2.71875,0.15625,0.078125,0.0,0.5593750000000005,0.42734375000000036,0.03624377237580096,0.05000787180581812,0.0046514691368532285,0.05000000000000001,-0.49999999999999994,6.35,5.0,10.0,0,2,40,4,3,4,0,0,11,0
2000076,1.0,0.05,0.75,-2.6253906250000014,-2.6000000000000014,0.02539062500000001,-11,25.390625,4.140625,0.203125,0.03125,0.015625,0.5746031746031751,0.5023809523809524,0.8981459850226586,0.05016162982054359,0.8944514848580648,0.05,-0.6000000000000001,-2.0000000000000004,3.0,12.0,0,3,22,2,1,9,0,0,26,1
2000077,0.0,0.05,0.75,3.9884843749999983,3.9999999999999982,0.011515625000000007,-2,11.515625,3.015625,0.140625,0.109375,0.0,0.5437500000000004,0.5281249999999997,0.7932301727784509,0.05005402336624808,0.3957469317799739,0.049999999999999996,-0.7000000000000001,4.699999999999999,2.0,14.0,0,0,18,6,3,7,1,1,28,0
2000078,1.0,0.05,0.75,0.8427343749999996,0.8499999999999996,0.007265625000000006,-4,7.265625,2.421875,0.15625,0.09375,0.0,0.5656250000000005,0.5257812499999998,0.5632817033898367,0.0500261690611071,0.35987043619717873,0.05,-0.7000000000000002,1.5499999999999994,2.0,14.0,0,1,19,4,1,8,0,1,30,0
2000079,1.0,0.05,0.75,0.227015625,0.25,0.022984375000000005,-7,22.984375,4.015625,0.1875,0.078125,0.0,0.5312500000000004,0.55390625,0.88794979576198,0.05035013909377227,0.8755995573338149,0.049999999999999996,-0.7000000000000002,0.9499999999999993,5.0,12.0,0,1,15,5,1,3,4,2,33,0
2000080,1.0,0.05,0.75,-1.281875,-1.25,0.031875,-12,31.875,4.875,0.25,0.0625,0.0,0.5531250000000004,0.51171875,0.9823060357167983,0.08449173767098724,0.9774031981158272,0.049999999999999996,-0.9500000000000002,-0.3000000000000006,3.0,17.0,1,2,18,4,1,12,1,0,25,0
2000081,0.0,0.05,0.75,4.045453125,4.05,0.004546875000000003,-3,4.546875,2.046875,0.140625,0.09375,0.0,0.5500000000000005,0.49765624999999986,0.29426384892117996,0.0500060681624349,0.10328033033466057,0.05,-0.04999999999999999,4.1,1.0,14.0,0,1,24,7,1,7,0,0,24,0
2000082,0.0,0.05,0.75,8.856000000000002,8.900000000000002,0.044000000000000025,-12,44.0,5.59375,0.25,0.0625,0.0,0.5406250000000005,0.4906250000000001,0.8009830966189877,0.050671433038154655,0.7902615790109608,0.05,-0.4,9.300000000000002,1.0,19.0,1,1,25,7,0,7,1,0,22,0
2000083,0.0,0.05,0.75,5.8436875,5.85,0.006312500000000005,-5,6.3125,2.28125,0.171875,0.09375,0.03125,0.5677419354838713,0.48548387096774226,0.19736426449940037,0.05003697807373835,0.09123424462366854,0.05000000000000001,-1.2500000000000002,7.1,5.0,12.0,1,1,24,2,3,11,0,0,20,2
2000084,1.0,0.05,0.75,-0.9144218749999995,-0.8999999999999995,0.014421875000000008,-6,14.421875,2.640625,0.15625,0.0625,0.0,0.5343750000000004,0.49062500000000003,0.6279490549127171,0.050009258991267555,0.5195544603299499,0.05,-0.7500000000000001,-0.15000000000000058,2.0,12.0,1,1,25,6,4,4,1,0,22,0
2000085,1.0,0.05,0.75,0.38268749999999857,0.3999999999999986,0.01731250000000001,-9,17.3125,3.3125,0.21875,0.078125,0.0,0.5718750000000006,0.5867187499999997,0.9919506334020426,0.07166676055000153,0.9906238537593843,0.05,-0.15000000000000013,0.5499999999999989,3.0,16.0,1,1,5,1,2,10,1,0,43,0
2000086,1.0,0.05,0.75,1.0779531250000014,1.1000000000000014,0.022046875000000007,-7,22.046875,3.984375,0.203125,0.09375,0.0,0.5531250000000005,0.5773437499999996,0.9425447522834974,0.05409487084474484,0.9313411009106153,0.05000000000000001,-0.10000000000000009,1.1999999999999993,2.0,17.0,2,0,7,2,1,10,2,2,38,0
2000087,1.0,0.05,0.75,-3.1897499999999988,-3.1499999999999986,0.039750000000000014,-12,39.75,5.46875,0.234375,0.046875,0.0,0.5500000000000006,0.47187500000000043,0.6142855083055423,0.05023815136698048,0.5932816339136603,0.05,-1.4000000000000004,-1.7500000000000009,4.0,14.0,1,1,30,4,3,5,1,0,19,0
2000088,0.0,0.05,0.75,4.098999999999998,4.099999999999999,0.0010000000000000007,-1,1.0,0.78125,0.140625,0.125,0.015625,0.5460317460317463,0.4619047619047619,0.031706797477333765,0.05022939440244014,0.0011584714293391707,0.05,-0.5,4.6,4.0,13.0,1,2,30,5,0,8,1,1,15,1
2000089,0.0,0.05,0.75,3.5497031249999993,3.5499999999999994,0.00029687500000000016,0,0.296875,0.296875,0.109375,0.109375,0.0,0.5500000000000005,0.38984375000000027,0.10945271412894039,0.05002622131260154,0.0003850807263201714,0.049999999999999996,-0.24999999999999994,3.7999999999999994,5.0,9.0,2,0,50,5,2,0,0,0,5,0
2000090,1.0,0.05,0.75,-2.537312500000002,-2.5000000000000018,0.037312500000000005,-11,37.3125,5.3125,0.1875,0.015625,0.0,0.5812500000000006,0.5374999999999998,0.9808134249722685,0.050184406727917706,0.9805928072158264,0.05000000000000001,-0.050000000000000044,-2.4500000000000006,1.0,12.0,1,0,19,1,0,7,1,0,35,0
2000091,0.0,0.05,0.75,2.4991718749999983,2.4999999999999982,0.0008281250000000003,1,0.828125,0.671875,0.140625,0.15625,0.0,0.5406250000000004,0.5398437499999998,0.48529618872999397,0.05012731237156805,0.07455575036851168,0.05,-2.0,4.5,6.0,13.0,1,0,15,6,2,7,1,1,31,0
2000092,0.0,0.05,0.75,4.048562500000001,4.050000000000001,0.0014375000000000008,1,1.4375,0.875,0.140625,0.15625,0.0,0.5250000000000002,0.4648437499999999,0.14363383591686385,0.05116820987622568,0.0009371700103370424,0.05,-1.6,5.649999999999999,8.0,11.0,0,0,31,9,1,7,2,1,13,0
2000093,0.0,0.05,0.75,2.9447031249999993,2.9499999999999993,0.005296875000000003,-1,5.296875,1.984375,0.109375,0.09375,0.0,0.5750000000000005,0.5679687499999996,0.6812017960172105,0.050003109873896535,0.5214030976929701,0.05,-0.7000000000000001,3.65,2.0,11.0,0,0,13,1,0,8,3,0,39,0
2000094,0.0,0.05,0.75,4.7431875,4.75,0.006812500000000005,-5,6.8125,2.25,0.15625,0.078125,0.0,0.5468750000000004,0.5398437499999997,0.5860908251443392,0.050005815453032315,0.5284290968108735,0.05,-1.05,5.799999999999999,3.0,12.0,1,1,16,5,2,4,1,0,34,0
2000095,0.0,0.05,0.75,4.9943125,5.0,0.005687500000000003,-3,5.6875,1.84375,0.1875,0.140625,0.0,0.5531250000000005,0.4671874999999999,0.3567593447128113,0.050433338709920734,0.028718158923420636,0.05,-1.05,6.049999999999999,4.0,17.0,3,0,29,4,1,9,0,0,18,0
2000096,0.0,0.05,0.75,6.792734375000001,6.800000000000001,0.007265625000000005,-5,7.265625,2.171875,0.21875,0.140625,0.0,0.5468750000000003,0.4671875000000003,0.16348895382484904,0.052102843608676536,0.014295559756793494,0.05,-0.5,7.3,4.0,19.0,0,4,30,5,1,4,1,0,19,0
2000097,0.0,0.05,0.75,9.830421875,9.850000000000001,0.019578125000000005,-7,19.578125,3.828125,0.25,0.140625,0.0,0.5906250000000006,0.35234375000000023,0.0038875186826006075,0.06439889955078075,1.4252702926177231e-05,0.049999999999999996,-0.3499999999999999,10.200000000000001,7.0,18.0,0,1,62,1,0,0,0,0,0,0
2000098,0.0,0.05,0.75,5.238859375,5.25,0.011140625000000008,-6,11.140625,2.640625,0.15625,0.0625,0.0,0.5593750000000005,0.4976562499999999,0.6123280982296928,0.05000975610584694,0.500573365117585,0.05,-1.0,6.25,3.0,11.0,0,1,26,3,2,6,2,0,24,0
2000099,0.0,0.05,0.75,6.43078125,6.45,0.01921875000000001,-6,19.21875,4.0625,0.1875,0.09375,0.0,0.5625000000000004,0.4648437500000004,0.07062043134686347,0.05002157536929441,0.025046949426609774,0.05000000000000002,-0.6500000000000001,7.1,4.0,14.0,0,1,33,5,1,5,0,0,19,0
2000100,1.0,0.05,0.75,0.43943749999999926,0.4499999999999993,0.010562500000000008,-7,10.5625,2.75,0.21875,0.109375,0.0,0.5593750000000004,0.5070312499999998,0.5117822457502801,0.050807797749665866,0.38151489490366236,0.05,-0.7500000000000002,1.199999999999999,3.0,18.0,0,0,23,5,2,8,0,1,25,0
2000101,1.0,0.05,0.75,-1.8192031250000007,-1.8000000000000007,0.019203125000000005,-7,19.203125,3.765625,0.15625,0.046875,0.0,0.5562500000000005,0.49531249999999993,0.6996757527604037,0.05000448751967766,0.6611887085496942,0.05,-0.7000000000000002,-1.1000000000000005,2.0,11.0,0,4,23,4,0,8,1,0,24,0
2000102,1.0,0.05,0.75,-4.573312500000002,-4.500000000000002,0.07331250000000002,-15,73.3125,7.6875,0.25,0.015625,0.0,0.5500000000000003,0.51171875,0.9748679305280109,0.05128735729073064,0.9746202131795678,0.05,-0.40000000000000013,-4.1,2.0,15.0,3,3,17,0,4,9,1,1,26,0
2000103,1.0,0.05,0.75,-2.4024062500000016,-2.3500000000000014,0.052406250000000015,-9,52.40625,6.1875,0.171875,0.03125,0.015625,0.574603174603175,0.45952380952380967,0.7887042037509316,0.05002578979303002,0.7550154769661948,0.05,-0.3500000000000001,-2.000000000000001,1.0,12.0,0,1,32,2,3,9,0,0,16,1
2000104,1.0,0.05,0.75,1.6937031249999983,1.6999999999999984,0.006296875000000005,-3,6.296875,2.203125,0.15625,0.109375,0.0,0.5437500000000004,0.5,0.5621277782810797,0.05006583368854164,0.21264532459316673,0.05,-0.7000000000000002,2.3999999999999995,2.0,15.0,1,1,20,4,1,15,3,0,19,0
2000105,1.0,0.05,0.75,-2.1476093749999996,-2.0999999999999996,0.04760937500000001,-13,47.609375,6.078125,0.25,0.046875,0.0,0.5531250000000004,0.5398437499999998,0.9730162922882153,0.05882959919895968,0.9715743883432497,0.05,-0.55,-1.55,5.0,14.0,1,5,10,2,2,11,1,0,32,0
2000106,1.0,0.05,0.75,-2.539093750000002,-2.5000000000000018,0.03909375000000001,-11,39.09375,5.21875,0.21875,0.046875,0.0,0.5468750000000003,0.51640625,0.9016488989324986,0.05031188957403843,0.8972997341029388,0.05,-0.44999999999999996,-2.0500000000000007,2.0,15.0,0,2,19,5,2,8,1,1,26,0
2000107,0.0,0.05,0.75,6.539640624999999,6.549999999999999,0.010359375000000004,-7,10.359375,2.296875,0.15625,0.046875,0.0,0.5375000000000004,0.4156249999999999,0.3491154864956094,0.0500603006395574,0.07779746739439201,0.05,-0.14999999999999997,6.699999999999999,3.0,10.0,3,0,41,6,2,4,0,0,8,0
2000108,1.0,0.05,0.75,-1.5678437500000006,-1.5500000000000007,0.017843750000000005,-10,17.84375,3.375,0.203125,0.046875,0.0,0.5625000000000004,0.5539062499999999,0.9493716777489365,0.0504164282246674,0.947967943489857,0.049999999999999996,-0.5000000000000001,-1.0500000000000007,3.0,13.0,1,0,13,2,3,8,1,1,35,0
2000109,1.0,0.05,0.75,-0.4143281250000004,-0.40000000000000036,0.014328125000000011,-6,14.328125,3.421875,0.140625,0.046875,0.0,0.5781250000000006,0.5281250000000001,0.8850922332387472,0.05001642576947429,0.8598492864007266,0.05,-0.65,0.24999999999999944,3.0,9.0,0,1,19,3,0,9,0,0,32,0
2000110,1.0,0.05,0.75,0.18979687499999928,0.1999999999999993,0.010203125000000007,-5,10.203125,2.796875,0.15625,0.078125,0.0,0.5593750000000005,0.49062500000000003,0.38304208461571126,0.05001674839521915,0.1813130932742424,0.05,-0.55,0.7499999999999994,2.0,13.0,0,1,27,4,2,6,1,0,23,0
2000111,0.0,0.05,0.75,9.00375,9.05,0.04625000000000001,-11,46.25,6.0,0.234375,0.0625,0.0,0.5812500000000006,0.41328125000000027,0.08140271131300594,0.05016535730519634,0.04514624502054105,0.049999999999999996,-0.35,9.400000000000002,4.0,15.0,1,2,45,1,0,4,0,0,11,0
2000112,1.0,0.05,0.75,-0.05271875000000071,-0.05000000000000071,0.0027187500000000015,-4,2.71875,1.21875,0.125,0.0625,0.015625,0.5809523809523814,0.5214285714285714,0.6516322141270343,0.050002284440525485,0.5701828790403122,0.05,-0.40000000000000013,0.3499999999999994,2.0,10.0,0,1,21,2,1,7,0,0,31,1
2000113,0.0,0.05,0.75,2.1994531249999993,2.1999999999999993,0.0005468750000000003,1,0.546875,0.453125,0.125,0.140625,0.0,0.4968750000000003,0.47656249999999994,0.3159548739355429,0.05003288492020462,0.014696493630441669,0.05,-1.05,3.25,4.0,13.0,0,1,23,14,2,10,1,0,13,0
2000114,0.0,0.05,0.75,9.700609375,9.75,0.04939062500000001,-11,49.390625,6.328125,0.25,0.078125,0.0,0.5687500000000005,0.42968750000000056,0.11960958196103237,0.051909521441454574,0.05761878101131161,0.05,-0.14999999999999997,9.900000000000002,3.0,18.0,0,0,44,3,1,2,1,1,12,0
2000115,0.0,0.05,0.75,3.1422499999999993,3.1499999999999995,0.007750000000000004,-2,7.75,2.5625,0.109375,0.078125,0.0,0.5812500000000006,0.5281249999999998,0.6438473561418611,0.05000176684281673,0.4411867421876716,0.05,-1.1,4.249999999999999,3.0,9.0,1,0,17,2,0,14,0,0,30,0
2000116,0.0,0.05,0.75,9.462375000000002,9.500000000000002,0.03762500000000001,-11,37.625,5.28125,0.234375,0.0625,0.0,0.5625000000000006,0.43906250000000047,0.07453107898002388,0.05010370081836826,0.05555833210586225,0.05000000000000001,-0.09999999999999998,9.600000000000001,2.0,17.0,0,1,39,5,0,5,0,1,13,0
2000117,1.0,0.05,0.75,1.6490781249999995,1.6499999999999995,0.0009218750000000006,-2,0.921875,0.703125,0.140625,0.109375,0.015625,0.5365079365079369,0.519047619047619,0.6874723989217222,0.050033684770412305,0.34521834940865875,0.04999999999999999,-0.19999999999999996,1.8499999999999994,1.0,15.0,1,1,18,7,2,6,0,1,27,1
2000118,1.0,0.05,0.75,-0.6316562499999997,-0.5999999999999996,0.03165625000000001,-10,31.65625,5.21875,0.234375,0.078125,0.0,0.5343750000000005,0.5375000000000001,0.8007433282623599,0.05396750285968437,0.7803315747579503,0.049999999999999996,-1.1,0.49999999999999956,5.0,15.0,1,1,16,6,0,6,3,0,31,0
2000119,0.0,0.05,0.75,3.446296875,3.4499999999999997,0.003703125000000003,-1,3.703125,1.671875,0.125,0.109375,0.015625,0.5650793650793655,0.457142857142857,0.3426760873978037,0.05001837743617855,0.021375273757466083,0.05000000000000001,-0.04999999999999999,3.5000000000000004,1.0,14.0,0,0,34,3,3,7,1,0,15,1
2000120,1.0,0.05,0.75,1.5052031249999989,1.549999999999999,0.044796875000000014,-8,44.796875,5.984375,0.203125,0.078125,0.0,0.5562500000000005,0.5867187499999995,0.9878483390924223,0.08376570625290534,0.9841728725762111,0.049999999999999996,-0.25,1.7999999999999994,2.0,16.0,1,0,7,4,2,5,1,0,44,0
2000121,0.0,0.05,0.75,5.721296875,5.75,0.02870312500000001,-7,28.703125,4.734375,0.15625,0.046875,0.015625,0.555555555555556,0.5047619047619046,0.6876131344011683,0.050008518089642164,0.6508437947218334,0.05,0.0,5.75,0.0,13.0,1,2,20,4,2,9,0,0,25,1
2000122,1.0,0.05,0.75,1.8984531249999994,1.8999999999999995,0.001546875000000001,-2,1.546875,1.046875,0.140625,0.109375,0.0,0.5625000000000006,0.5328124999999999,0.4766825249894633,0.050013620118077196,0.20676636285635036,0.05000000000000001,-0.050000000000000044,1.9499999999999997,1.0,15.0,1,1,17,3,0,9,1,1,31,0
2000123,0.0,0.05,0.75,4.044906249999999,4.049999999999999,0.005093750000000004,-1,5.09375,2.03125,0.125,0.109375,0.0,0.5687500000000005,0.38749999999999996,0.19094399803328038,0.0500219850654225,0.001165158170547221,0.05000000000000001,-1.05,5.1,5.0,10.0,0,1,51,4,1,3,0,0,4,0
2000124,0.0,0.05,0.75,5.449031249999999,5.449999999999999,0.0009687500000000004,-1,0.96875,0.65625,0.15625,0.140625,0.0,0.5406250000000002,0.44609374999999984,0.5578604591474301,0.05118802620746316,0.004648997654106593,0.05,-0.8,6.249999999999999,5.0,14.0,0,0,36,6,2,7,2,1,10,0
2000125,1.0,0.05,0.75,-3.051578125,-3.0,0.05157812500000003,-10,51.578125,6.109375,0.171875,0.015625,0.0,0.5656250000000005,0.43437500000000023,0.6342887791790558,0.05001385589422251,0.5786549969046133,0.05,-0.3500000000000001,-2.650000000000001,1.0,11.0,0,1,40,4,2,4,0,0,13,0
2000126,1.0,0.05,0.75,0.18810937499999927,0.1999999999999993,0.011890625000000007,-6,11.890625,2.671875,0.171875,0.078125,0.0,0.5656250000000006,0.5281249999999996,0.6901285220708472,0.05006698302674114,0.6124174986254519,0.05,-0.7500000000000002,0.9499999999999995,3.0,13.0,1,0,19,3,1,8,1,0,31,0
2000127,0.0,0.05,0.75,8.476046875,8.5,0.023953125000000006,-11,23.953125,3.453125,0.21875,0.046875,0.0,0.5531250000000005,0.49062500000000003,0.6775823978373845,0.050155387726822355,0.6622050774117746,0.05,-0.75,9.25,3.0,14.0,1,0,28,5,1,4,1,0,24,0
2000128,1.0,0.05,0.75,1.6433593749999995,1.6499999999999995,0.006640625000000003,-5,6.640625,1.796875,0.171875,0.09375,0.0,0.5687500000000004,0.5492187499999998,0.863302148206894,0.05061528617395544,0.7849721760323252,0.05,-0.6000000000000001,2.249999999999999,4.0,13.0,1,1,13,3,0,10,0,1,35,0
2000129,0.0,0.05,0.75,2.0456406249999994,2.0499999999999994,0.004359375000000002,1,4.359375,1.640625,0.125,0.140625,0.015625,0.5301587301587306,0.48095238095238063,0.6314965950200776,0.05002456419779548,0.05832859789731167,0.05,0.0,2.0499999999999994,0.0,17.0,1,0,27,8,1,6,1,1,18,1
2000130,0.0,0.05,0.75,7.3759218749999995,7.3999999999999995,0.02407812500000001,-8,24.078125,4.265625,0.1875,0.0625,0.015625,0.5523809523809525,0.4595238095238099,0.1304618503178083,0.050024448789363136,0.07991796249288417,0.05000000000000001,-0.25,7.6499999999999995,2.0,14.0,0,4,29,3,4,7,0,1,15,1
2000131,1.0,0.05,0.75,2.8807187499999984,2.8999999999999986,0.019281250000000007,-4,19.28125,4.125,0.1875,0.125,0.0,0.5843750000000005,0.4742187500000003,0.19603874435222282,0.050672305112398064,0.020857227107655286,0.049999999999999996,-0.7500000000000002,3.6499999999999995,3.0,17.0,0,2,31,1,1,7,0,0,22,0
2000132,0.0,0.05,0.75,2.848859374999999,2.849999999999999,0.0011406250000000006,-2,1.140625,0.859375,0.09375,0.0625,0.0,0.5531250000000005,0.4999999999999999,0.2840180584919794,0.050000295809677686,0.12747136337683138,0.05,-0.4,3.2499999999999996,2.0,8.0,1,0,26,4,1,5,2,0,25,0
2000133,0.0,0.05,0.75,5.78403125,5.8,0.01596875000000001,-7,15.96875,3.53125,0.15625,0.046875,0.0,0.5625000000000006,0.48359375000000016,0.8379595147504085,0.050026065676038345,0.7779494521249861,0.05,0.0,5.8,0.0,13.0,1,1,30,3,1,3,1,0,24,0
2000134,0.0,0.05,0.75,1.1959687499999996,1.1999999999999995,0.004031250000000002,3,4.03125,1.78125,0.09375,0.140625,0.0,0.5625000000000004,0.53984375,0.5627760033147128,0.050011253285059155,0.0734575265305572,0.05,-0.7000000000000001,1.8999999999999992,2.0,13.0,0,2,15,4,1,8,0,1,33,0
2000135,1.0,0.05,0.75,0.6307343750000012,0.6500000000000012,0.019265625000000012,-6,19.265625,4.046875,0.15625,0.0625,0.015625,0.5682539682539688,0.5880952380952377,0.973006625573946,0.050325329278644554,0.9704131343637957,0.05,-0.5000000000000002,1.1499999999999995,4.0,10.0,0,0,7,4,0,8,1,0,43,1
2000136,0.0,0.05,0.75,6.240828124999999,6.249999999999999,0.009171875000000005,-6,9.171875,2.390625,0.203125,0.109375,0.0,0.5406250000000004,0.47187500000000016,0.24012958010901087,0.05013739368649791,0.0862945628410877,0.05000000000000001,-0.6000000000000001,6.8500000000000005,3.0,17.0,0,2,30,7,1,4,1,0,19,0
2000137,0.0,0.05,0.75,6.023968749999999,6.049999999999999,0.026031249999999995,-7,26.03125,4.46875,0.1875,0.078125,0.0,0.5562500000000006,0.47421875000000024,0.30629285700851144,0.05002399028078247,0.20318316790607666,0.05,-1.1500000000000001,7.199999999999999,4.0,13.0,1,1,30,4,1,6,1,0,20,0
2000138,1.0,0.05,0.75,-0.6634062500000004,-0.6500000000000004,0.013406250000000008,-9,13.40625,3.28125,0.203125,0.0625,0.015625,0.53968253968254,0.5452380952380952,0.968225201638901,0.05210422465331158,0.9649220963989664,0.05,-0.15000000000000013,-0.5000000000000007,3.0,14.0,1,1,14,6,1,5,1,1,33,1
2000139,1.0,0.05,0.75,-2.093484374999998,-2.049999999999998,0.04348437500000001,-8,43.484375,6.015625,0.15625,0.03125,0.015625,0.555555555555556,0.5047619047619049,0.8349613788282318,0.05000859733036408,0.8215867905753332,0.05,-1.0500000000000003,-1.0000000000000004,3.0,9.0,0,2,21,4,3,8,0,1,24,1
2000140,0.0,0.05,0.75,9.101937499999998,9.149999999999999,0.048062500000000015,-13,48.0625,5.3125,0.234375,0.03125,0.0,0.5500000000000005,0.4859375,0.8811375509168934,0.05020138031466823,0.8785674898352436,0.05,0.0,9.149999999999999,0.0,17.0,1,2,25,4,3,7,0,1,21,0
2000141,0.0,0.05,0.75,5.737687500000002,5.750000000000002,0.012312500000000007,-3,12.3125,2.8125,0.15625,0.109375,0.0,0.5812500000000006,0.44375000000000003,0.010828953058336525,0.0501554599102478,0.0005309779529332934,0.05,-0.44999999999999996,6.200000000000001,6.0,11.0,0,0,40,2,0,6,1,0,15,0
2000142,0.0,0.05,0.75,6.680078125,6.699999999999999,0.01992187500000001,-8,19.921875,4.109375,0.1875,0.0625,0.03125,0.5677419354838713,0.4927419354838714,0.4878407728861947,0.050057534312025184,0.43120780862663516,0.05,-0.35000000000000003,7.049999999999999,1.0,15.0,2,3,25,0,2,3,0,1,26,2
2000143,1.0,0.05,0.75,-1.03175,-1.0,0.031750000000000014,-10,31.75,4.8125,0.203125,0.046875,0.0,0.5781250000000006,0.5257812499999999,0.9783132310153629,0.05209983451916986,0.9760207420278251,0.05,-1.2500000000000004,0.24999999999999967,7.0,9.0,0,0,20,3,1,9,0,0,31,0
2000144,0.0,0.05,0.75,6.831796874999998,6.849999999999999,0.018203125000000007,-7,18.203125,3.484375,0.171875,0.0625,0.0,0.5687500000000005,0.4578125000000001,0.38799537827909564,0.05011756283167056,0.17372357011801728,0.05,-0.3,7.1499999999999995,3.0,12.0,0,1,32,3,0,13,1,1,13,0
2000145,0.0,0.05,0.75,8.3428125,8.350000000000001,0.007187500000000004,-7,7.1875,2.15625,0.234375,0.125,0.0,0.5593750000000004,0.4250000000000001,0.12324331478264428,0.05571014060489321,0.006099604235832416,0.05,-0.55,8.9,5.0,18.0,1,1,42,5,0,3,0,0,12,0
2000146,0.0,0.05,0.75,5.144484374999999,5.1499999999999995,0.005515625000000003,-5,5.515625,1.828125,0.171875,0.09375,0.0,0.5656250000000006,0.5234374999999998,0.514576051666481,0.05002641056781095,0.3873328801717103,0.05,-1.25,6.4,3.0,14.0,0,0,23,2,3,3,2,0,31,0
2000147,1.0,0.05,0.75,-3.6584375000000016,-3.6000000000000014,0.058437500000000024,-15,58.4375,6.34375,0.25,0.015625,0.0,0.5531250000000004,0.5140624999999998,0.9958227638118899,0.06192738427341436,0.9955620496713975,0.05,-0.7500000000000002,-2.8500000000000005,6.0,11.0,1,1,19,4,2,10,1,0,26,0
2000148,1.0,0.05,0.75,-2.6361562499999978,-2.599999999999998,0.03615625,-11,36.15625,4.53125,0.21875,0.046875,0.0,0.5593750000000004,0.48359375000000016,0.6567886112746606,0.05014219832122151,0.6361882496885858,0.049999999999999996,-0.40000000000000013,-2.200000000000001,2.0,15.0,0,2,28,4,3,4,0,0,23,0
2000149,0.0,0.05,0.75,7.432890625000001,7.450000000000001,0.017109375000000013,-6,17.109375,3.765625,0.203125,0.109375,0.0,0.5750000000000005,0.38515625000000003,0.04442664221918208,0.05038114045179892,0.0011445541504876734,0.05000000000000001,-0.55,8.000000000000002,5.0,15.0,0,2,51,3,0,4,0,0,4,0
2000150,0.0,0.05,0.75,4.3433593749999995,4.35,0.006640625000000005,-5,6.640625,2.046875,0.125,0.046875,0.015625,0.5714285714285718,0.469047619047619,0.38386329472181874,0.05000135475498638,0.24905378689443086,0.05,-0.4,4.75,1.0,10.0,0,0,34,4,1,3,0,0,21,1
2000151,0.0,0.05,0.75,4.148250000000001,4.150000000000001,0.0017500000000000011,1,1.75,1.125,0.171875,0.1875,0.0,0.5218750000000003,0.5070312499999999,0.29178455204209774,0.05572283059750643,0.00584124840131094,0.05,-2.1,6.249999999999998,7.0,16.0,1,1,19,9,2,8,1,0,23,0
2000152,0.0,0.05,0.75,5.14703125,5.15,0.0029687500000000018,-3,2.96875,1.40625,0.1875,0.140625,0.015625,0.5587301587301592,0.5285714285714286,0.3375221740364423,0.050390209148602795,0.095177938242627,0.049999999999999996,-0.35000000000000003,5.5,1.0,20.0,0,1,17,6,0,9,0,0,30,1
2000153,1.0,0.05,0.75,-1.1282500000000006,-1.1000000000000005,0.028250000000000018,-8,28.25,4.96875,0.171875,0.046875,0.0,0.5468750000000004,0.51171875,0.7341867481016832,0.05002413923220636,0.7118154010842748,0.05,-1.25,0.14999999999999947,5.0,9.0,1,1,22,5,1,5,1,1,27,0
2000154,1.0,0.05,0.75,1.8469062499999997,1.8499999999999996,0.003093750000000002,-3,3.09375,1.46875,0.140625,0.09375,0.0,0.5406250000000004,0.5351562499999997,0.9335410721776791,0.05018586662601682,0.7983208635626573,0.05,-0.6000000000000001,2.45,4.0,11.0,0,0,14,7,4,10,0,1,28,0
2000155,1.0,0.05,0.75,-0.9800156250000028,-0.9500000000000028,0.03001562500000001,-12,30.015625,4.546875,0.25,0.0625,0.015625,0.5682539682539688,0.5238095238095237,0.9546996200851319,0.09288702580924393,0.9411667656197733,0.05,-0.5,-0.45000000000000084,4.0,16.0,1,0,18,2,2,11,1,0,28,1
2000156,0.0,0.05,0.75,2.0436562499999997,2.05,0.006343750000000004,3,6.34375,2.09375,0.125,0.171875,0.015625,0.5650793650793656,0.5499999999999996,0.6554442295938933,0.050365012442368774,0.0664124539253528,0.05000000000000001,-1.05,3.1,3.0,16.0,1,0,14,3,2,7,0,1,35,1
2000157,1.0,0.05,0.75,-2.4498906249999988,-2.3999999999999986,0.04989062500000002,-13,49.890625,6.171875,0.265625,0.0625,0.0,0.5625000000000003,0.5304687499999997,0.9870735577237726,0.07644750029096242,0.9850364896229424,0.05,-1.0500000000000003,-1.3500000000000008,6.0,15.0,2,2,18,1,1,5,1,1,33,0
2000158,1.0,0.05,0.75,-1.9444531249999986,-1.8999999999999986,0.044453125,-10,44.453125,6.015625,0.234375,0.078125,0.0,0.5531250000000004,0.5140625000000001,0.6611770706672154,0.05035258374269038,0.6328281066183267,0.05,-0.55,-1.350000000000001,2.0,18.0,0,2,19,6,1,9,0,0,27,0
2000159,0.0,0.05,0.75,3.4984062499999995,3.4999999999999996,0.0015937500000000008,0,1.59375,0.96875,0.140625,0.140625,0.0,0.5562500000000006,0.47890625000000014,0.16523047610326497,0.05013926492820434,0.006327599242926881,0.05000000000000001,-0.8,4.3,4.0,14.0,0,1,27,6,1,10,0,0,19,0
2000160,1.0,0.05,0.75,-1.2343124999999993,-1.1999999999999993,0.0343125,-9,34.3125,5.375,0.203125,0.0625,0.0,0.5218750000000003,0.5398437500000001,0.9331236336604611,0.050594077073022485,0.9262057116117455,0.05000000000000001,-1.0,-0.20000000000000062,4.0,13.0,2,2,12,6,1,8,3,0,30,0
2000161,1.0,0.05,0.75,-2.1824375000000003,-2.1500000000000004,0.03243750000000002,-10,32.4375,4.75,0.1875,0.03125,0.0,0.5250000000000004,0.5,0.8122961329133067,0.050064314679617805,0.8016014616085655,0.049999999999999996,-0.7500000000000002,-1.4000000000000006,3.0,11.0,2,0,24,6,1,5,2,3,21,0
2000162,0.0,0.05,0.75,3.448953124999999,3.4499999999999993,0.0010468750000000007,-1,1.046875,0.828125,0.15625,0.140625,0.0,0.5375000000000003,0.4859374999999999,0.2525647791715463,0.05009175777594126,0.018501395026568234,0.05,-1.3000000000000003,4.750000000000002,5.0,14.0,1,0,22,8,2,14,0,0,17,0
2000163,1.0,0.05,0.75,0.7921562499999985,0.7999999999999985,0.007843750000000005,-3,7.84375,2.53125,0.125,0.078125,0.015625,0.5460317460317464,0.5,0.4220259901858326,0.05000278613630263,0.21192819628293988,0.05000000000000001,-0.7000000000000002,1.4999999999999996,2.0,11.0,2,0,23,4,1,8,1,2,22,1
2000164,1.0,0.05,0.75,-2.994468750000001,-2.950000000000001,0.04446875000000001,-11,44.46875,5.875,0.203125,0.03125,0.015625,0.5682539682539688,0.5119047619047619,0.9439692642424897,0.05016915644017738,0.9422852406570568,0.05,-1.1500000000000001,-1.8000000000000007,4.0,11.0,1,0,23,3,2,5,0,0,29,1
2000165,1.0,0.05,0.75,-2.4385156249999986,-2.3999999999999986,0.03851562500000001,-10,38.515625,5.578125,0.203125,0.046875,0.015625,0.5396825396825401,0.5071428571428573,0.8866809677144725,0.050198706376636454,0.8772015664744611,0.05000000000000001,-0.6,-1.8000000000000005,2.0,14.0,1,2,19,6,1,9,1,0,24,1
2000166,0.0,0.05,0.75,7.074546874999999,7.1,0.02545312500000001,-9,25.453125,4.328125,0.171875,0.03125,0.0,0.5812500000000006,0.4390625000000001,0.3019895206711873,0.050012657878522104,0.22310553750498754,0.05,-0.09999999999999998,7.199999999999999,2.0,11.0,0,0,40,2,0,8,1,0,13,0
2000167,0.0,0.05,0.75,7.801406249999999,7.85,0.04859375,-10,48.59375,6.375,0.21875,0.0625,0.0,0.5437500000000005,0.5000000000000002,0.6881399100574873,0.05014355881961935,0.6640692690150789,0.05,-0.35000000000000003,8.2,1.0,17.0,1,1,23,6,1,7,1,0,24,0
2000168,1.0,0.05,0.75,-3.297640625,-3.25,0.04764062500000003,-12,47.640625,5.765625,0.234375,0.046875,0.0,0.5468750000000004,0.4906250000000002,0.7791329907880357,0.050136923125408295,0.7747532034863978,0.05,-1.4000000000000004,-1.8500000000000005,4.0,14.0,0,2,27,3,2,5,3,1,21,0
2000169,1.0,0.05,0.75,-1.9699375000000001,-1.9500000000000002,0.019937500000000007,-9,19.9375,3.28125,0.171875,0.03125,0.0,0.5312500000000004,0.5257812499999998,0.9293392237320457,0.05003911088089511,0.9253737176692056,0.05,-0.8000000000000002,-1.1500000000000004,3.0,10.0,0,2,15,8,2,9,1,0,27,0
2000170,0.0,0.05,0.75,6.542281249999999,6.55,0.007718750000000005,-4,7.71875,2.1875,0.1875,0.125,0.0,0.5375000000000005,0.5656249999999996,0.8602122841183417,0.054466757297232375,0.6806353264049263,0.05,-1.8500000000000003,8.399999999999999,6.0,14.0,1,0,9,6,2,8,2,0,36,0
2000171,1.0,0.05,0.75,1.74353125,1.75,0.006468750000000004,-4,6.46875,2.1875,0.171875,0.109375,0.0,0.5437500000000005,0.5820312499999997,0.9392635431581051,0.050864452844616305,0.9030133230142994,0.05,-0.7500000000000002,2.4999999999999996,5.0,13.0,2,0,5,6,0,9,1,0,41,0
2000172,0.0,0.05,0.75,2.3458281249999997,2.3499999999999996,0.004171875000000003,2,4.171875,1.828125,0.125,0.15625,0.0,0.5406250000000005,0.4812500000000003,0.16745463243745506,0.050245761463516274,0.003730046939734469,0.05,-0.8500000000000001,3.1999999999999993,4.0,14.0,1,0,28,8,1,5,0,0,21,0
2000173,1.0,0.05,0.75,-1.9266406250000003,-1.9000000000000004,0.02664062500000001,-9,26.640625,4.296875,0.1875,0.046875,0.0,0.5281250000000004,0.51171875,0.8357482766701542,0.050042890810722426,0.8249210755766728,0.049999999999999996,-0.40000000000000013,-1.5000000000000009,2.0,13.0,0,3,20,7,0,6,3,0,25,0
2000174,1.0,0.05,0.75,-4.509437499999999,-4.449999999999999,0.05943750000000002,-13,59.4375,6.75,0.234375,0.03125,0.0,0.5468750000000004,0.48593750000000013,0.836791514737921,0.050074026448091905,0.8340123240607871,0.05000000000000001,-0.44999999999999996,-4.0,1.0,16.0,1,3,26,5,0,5,1,0,23,0
2000175,0.0,0.05,0.75,6.390953125,6.4,0.009046875000000006,-6,9.046875,2.484375,0.1875,0.09375,0.0,0.5625000000000006,0.4625000000000003,0.15825120962043673,0.050055709728607484,0.051760633979927806,0.05000000000000001,-1.1,7.500000000000002,4.0,14.0,0,1,34,5,1,4,0,0,19,0
2000176,1.0,0.05,0.75,-3.4886874999999993,-3.4499999999999993,0.03868750000000002,-12,38.6875,5.125,0.1875,0.0,0.0,0.5500000000000005,0.4953124999999998,0.9776929652380479,0.05010080546868781,0.9771119788643677,0.05,-0.65,-2.8000000000000003,3.0,9.0,1,1,24,6,1,7,0,0,24,0
2000177,0.0,0.05,0.75,6.7956875000000005,6.800000000000001,0.004312500000000001,-6,4.3125,1.4375,0.203125,0.109375,0.0,0.5500000000000004,0.45078125000000024,0.06571083048495119,0.05010851192449229,0.012646152366632898,0.05,-0.45,7.25,3.0,17.0,0,0,36,7,2,4,0,0,15,0
2000178,0.0,0.05,0.75,5.448656249999999,5.449999999999999,0.001343750000000001,-1,1.34375,0.96875,0.15625,0.140625,0.0,0.5812500000000006,0.40390625,0.013327651288976824,0.05240615297806636,4.604332134027545e-05,0.05000000000000001,-0.8,6.25,7.0,12.0,0,0,49,3,0,4,0,0,8,0
2000179,1.0,0.05,0.75,-2.9042031249999996,-2.8499999999999996,0.05420312500000001,-11,54.203125,6.578125,0.203125,0.03125,0.015625,0.5619047619047625,0.4976190476190476,0.8685550280182467,0.0500806186472503,0.8651379174461931,0.05000000000000001,-1.8000000000000005,-1.0500000000000005,6.0,9.0,0,0,26,3,2,7,2,0,23,1
2000180,0.0,0.05,0.75,5.09446875,5.1,0.005531250000000003,-4,5.53125,1.875,0.1875,0.125,0.0,0.5531250000000005,0.5093749999999999,0.3961650823442561,0.05010420580001525,0.16099247181979193,0.05,-0.2,5.299999999999999,1.0,19.0,1,0,21,6,1,9,0,0,26,0
2000181,0.0,0.05,0.75,9.256593749999997,9.299999999999997,0.043406250000000014,-9,43.40625,5.625,0.25,0.109375,0.0,0.5375000000000004,0.4906250000000001,0.06984669298648037,0.050714789787021625,0.04488657188485146,0.049999999999999996,-0.9000000000000001,10.2,5.0,18.0,0,0,26,7,2,7,2,0,20,0
2000182,0.0,0.05,0.75,4.591796874999999,4.599999999999999,0.008203125000000006,-3,8.203125,2.671875,0.140625,0.09375,0.015625,0.5746031746031751,0.5523809523809523,0.3385230705194318,0.05001036245127668,0.23584028327307463,0.05,-0.6499999999999999,5.25,3.0,12.0,1,0,15,3,0,6,0,0,38,1
2000183,1.0,0.05,0.75,1.99246875,2.0,0.007531250000000005,-2,7.53125,2.3125,0.140625,0.109375,0.0,0.5437500000000006,0.5492187499999996,0.5367700657689186,0.0500172402514665,0.2746286458506621,0.049999999999999996,-0.050000000000000044,2.05,1.0,15.0,0,0,13,7,2,8,0,2,32,0
2000184,1.0,0.05,0.75,-1.515500000000001,-1.5000000000000009,0.015500000000000007,-9,15.5,3.125,0.203125,0.0625,0.0,0.5656250000000006,0.4859375000000003,0.4676878433104966,0.05007406408354549,0.41417306341572896,0.05000000000000001,-0.7000000000000002,-0.800000000000001,2.0,15.0,1,1,29,4,0,4,0,0,25,0
2000185,1.0,0.05,0.75,0.43689062499999837,0.4499999999999984,0.013109375000000008,-5,13.109375,2.796875,0.171875,0.09375,0.0,0.5406250000000002,0.5093750000000002,0.5221868857489922,0.050039046347499457,0.36268732176542423,0.05,-1.0500000000000003,1.4999999999999993,3.0,14.0,0,2,18,7,3,10,0,0,24,0
2000186,0.0,0.05,0.75,5.569718749999999,5.599999999999999,0.030281250000000016,-6,30.28125,5.125,0.15625,0.0625,0.0,0.5437500000000003,0.509375,0.4452934716887584,0.05000599279610516,0.3903704476483556,0.05000000000000001,-0.04999999999999999,5.649999999999999,1.0,13.0,0,3,20,7,1,6,0,0,27,0
2000187,1.0,0.05,0.75,-3.8958593749999997,-3.8499999999999996,0.045859375000000015,-14,45.859375,5.390625,0.28125,0.0625,0.0,0.5468750000000006,0.47890625000000026,0.7863334593772504,0.051481307719239235,0.7798513185863645,0.05,-1.1,-2.7500000000000018,3.0,19.0,0,1,31,6,2,1,1,0,22,0
2000188,1.0,0.05,0.75,-1.4265937500000003,-1.4000000000000004,0.02659375000000001,-8,26.59375,4.59375,0.171875,0.046875,0.0,0.5656250000000005,0.5046874999999998,0.8365857004191387,0.050033974528323526,0.8155177047302858,0.05,-0.7000000000000002,-0.7000000000000005,3.0,11.0,0,1,23,3,2,9,0,2,24,0
2000189,1.0,0.05,0.75,-0.6834843750000021,-0.6500000000000021,0.033484375000000004,-9,33.484375,4.921875,0.21875,0.078125,0.0,0.5593750000000006,0.44609375000000046,0.053899095137149494,0.05005892754436924,0.028037860332151773,0.05,-1.6000000000000003,0.9499999999999993,5.0,14.0,0,1,37,5,2,4,0,0,15,0
2000190,0.0,0.05,0.75,8.527937499999998,8.549999999999999,0.022062500000000016,-10,22.0625,4.09375,0.21875,0.0625,0.0,0.5406250000000005,0.5328124999999999,0.926771144899133,0.05100104476479084,0.9216707169663665,0.05,-0.75,9.3,2.0,16.0,1,2,14,5,3,8,1,0,30,0
2000191,1.0,0.05,0.75,-2.302453125,-2.25,0.052453125,-10,52.453125,6.453125,0.203125,0.046875,0.0,0.5468750000000004,0.5257812499999999,0.9484270718304482,0.05023763836898099,0.945890810155262,0.05,-0.40000000000000013,-1.8500000000000005,2.0,14.0,2,2,15,5,1,9,0,0,30,0
2000192,0.0,0.05,0.75,9.009875000000001,9.05,0.040125,-11,40.125,5.28125,0.234375,0.0625,0.0,0.5437500000000005,0.5210937500000001,0.6399296546768192,0.05031783877401668,0.6327951602602215,0.049999999999999996,0.0,9.05,0.0,19.0,0,0,21,7,2,4,1,0,29,0
2000193,0.0,0.05,0.75,2.2972499999999996,2.2999999999999994,0.0027500000000000016,1,2.75,1.46875,0.125,0.140625,0.0,0.5375000000000003,0.49062500000000003,0.24262175582258164,0.05005183883314208,0.014998486790954297,0.05,-1.15,3.4499999999999993,3.0,14.0,0,3,22,8,1,9,0,0,21,0
2000194,0.0,0.05,0.75,4.591296874999999,4.6,0.008703125000000006,-4,8.703125,2.390625,0.140625,0.078125,0.0,0.5625000000000004,0.4742187499999999,0.13791653435473314,0.05000287722505891,0.04262583008494309,0.049999999999999996,-0.8,5.4,4.0,10.0,0,1,32,5,1,3,0,0,22,0
2000195,1.0,0.05,0.75,-4.394984375000001,-4.3500000000000005,0.044984375000000014,-12,44.984375,5.203125,0.1875,0.0,0.0,0.5593750000000005,0.46953125000000007,0.9065725209667922,0.05001279760758281,0.9046715818611459,0.05,-0.3500000000000001,-4.000000000000001,1.0,11.0,2,0,32,3,1,5,1,0,20,0
2000196,1.0,0.05,0.75,0.33168749999999964,0.34999999999999964,0.01831250000000001,-8,18.3125,3.875,0.203125,0.078125,0.015625,0.5777777777777784,0.4738095238095238,0.5883849466195535,0.053506603944469155,0.37655657898941364,0.05000000000000001,-0.8500000000000003,1.1999999999999988,5.0,13.0,0,1,32,2,1,5,0,1,21,1
2000197,1.0,0.05,0.75,-1.3176562500000006,-1.3000000000000007,0.017656250000000012,-8,17.65625,3.84375,0.1875,0.0625,0.0,0.5656250000000005,0.5210937499999999,0.7866017600317055,0.050053402438342505,0.7668600753055179,0.05,0.0,-1.3000000000000007,0.0,16.0,0,2,19,4,1,8,0,0,30,0
2000198,1.0,0.05,0.75,1.9383437499999994,1.9499999999999993,0.011656250000000009,-5,11.65625,2.84375,0.171875,0.09375,0.0,0.5625000000000007,0.5984374999999994,0.9840909341515792,0.0537242736469007,0.9771339285636576,0.05,-0.8000000000000002,2.7499999999999996,6.0,11.0,1,0,4,2,0,10,3,0,44,0
2000199,0.0,0.05,0.75,4.695046874999998,4.699999999999998,0.0049531250000000035,-3,4.953125,1.921875,0.140625,0.09375,0.0,0.5593750000000004,0.47421875000000013,0.12973774703424668,0.050013146735435915,0.016247681418701563,0.049999999999999996,-0.14999999999999997,4.85,3.0,12.0,1,1,30,4,2,5,0,0,21,0
2000200,1.0,0.05,0.75,-3.075796875000001,-3.000000000000001,0.07579687500000007,-11,75.796875,7.671875,0.1875,0.015625,0.0,0.5593750000000005,0.5164062499999998,0.96775783447159,0.05008614392926964,0.967122328024154,0.05,-0.4500000000000002,-2.5500000000000007,3.0,10.0,0,2,19,3,2,10,1,1,26,0
2000201,0.0,0.05,0.75,7.4680625,7.5,0.03193750000000001,-4,31.9375,5.0,0.1875,0.125,0.0,0.5718750000000005,0.43203125000000053,0.0008421783572322032,0.05327016901320272,3.0480205369826786e-05,0.049999999999999996,-0.3999999999999999,7.8999999999999995,8.0,12.0,0,2,42,2,1,2,1,0,14,0
2000202,1.0,0.05,0.75,-2.2487343749999993,-2.1999999999999993,0.04873437500000002,-12,48.734375,5.890625,0.21875,0.03125,0.0,0.5625000000000006,0.5515624999999997,0.9937754399598214,0.05350054207402417,0.9936011601719191,0.05000000000000001,-0.8500000000000003,-1.3500000000000005,5.0,11.0,0,0,16,5,2,3,0,0,38,0
2000203,0.0,0.05,0.75,8.187031249999999,8.2,0.012968750000000008,-7,12.96875,3.1875,0.234375,0.125,0.0,0.5718750000000006,0.40859375000000026,0.01673231658260447,0.05074264287777276,0.0010190225617370838,0.05,-0.24999999999999994,8.45,5.0,18.0,0,1,46,4,0,5,0,0,8,0
2000204,0.0,0.05,0.75,11.643937500000002,11.700000000000001,0.056062500000000015,-13,56.0625,6.15625,0.296875,0.09375,0.0,0.5875000000000006,0.37812500000000027,0.053885289559793006,0.05927130041337126,0.005100004558839796,0.05,-0.55,12.250000000000004,5.0,20.0,0,0,57,1,1,0,0,1,4,0
2000205,0.0,0.05,0.75,6.738640625000001,6.750000000000001,0.011359375000000007,-7,11.359375,2.796875,0.1875,0.078125,0.015625,0.5809523809523814,0.4642857142857146,0.1083431379040794,0.05002021016034641,0.05783435392170596,0.049999999999999996,-0.3,7.050000000000001,3.0,14.0,0,0,33,2,2,8,0,0,18,1
2000206,0.0,0.05,0.75,5.92840625,5.95,0.021593750000000005,-6,21.59375,4.0625,0.15625,0.0625,0.0,0.5468750000000007,0.44843750000000016,0.45673211028212596,0.05005589201057679,0.17513338002390932,0.05,-0.09999999999999998,6.05,2.0,12.0,0,0,36,7,0,7,1,1,12,0
2000207,0.0,0.05,0.75,7.281687499999999,7.3,0.018312500000000013,-8,18.3125,3.75,0.1875,0.0625,0.0,0.5656250000000005,0.5023437500000001,0.5702628311942638,0.05009449698700117,0.5092146123276082,0.05,-0.7000000000000001,8.000000000000002,2.0,14.0,0,1,23,3,3,9,0,1,24,0
2000208,1.0,0.05,0.75,-4.487156249999998,-4.399999999999999,0.08715625000000003,-16,87.15625,8.15625,0.265625,0.015625,0.0,0.5656250000000005,0.5210937499999998,0.9871794635049566,0.05541191952838724,0.9868634135883267,0.05,-0.9500000000000002,-3.450000000000001,4.0,14.0,0,1,21,3,1,7,1,1,29,0
2000209,1.0,0.05,0.75,1.5697343750000015,1.6000000000000014,0.030265625000000015,-9,30.265625,4.859375,0.21875,0.078125,0.0,0.5500000000000005,0.5820312499999996,0.9993676914617733,0.21361198013364824,0.9977431549684551,0.05000000000000001,-0.8500000000000003,2.4499999999999997,9.0,10.0,2,0,5,3,3,9,1,1,40,0
2000210,0.0,0.05,0.75,7.288843750000001,7.300000000000001,0.011156250000000008,-5,11.15625,3.09375,0.234375,0.15625,0.0,0.5687500000000004,0.50234375,0.35583950570931805,0.059653406105989785,0.056307671386165416,0.049999999999999996,-1.0,8.300000000000002,4.0,21.0,0,2,25,2,1,6,1,1,26,0
2000211,1.0,0.05,0.75,-3.256156250000001,-3.200000000000001,0.056156250000000026,-13,56.15625,6.28125,0.25,0.046875,0.0,0.5500000000000004,0.5000000000000001,0.8886907989850396,0.05091824848363801,0.8855612121615642,0.049999999999999996,-0.050000000000000044,-3.1500000000000012,1.0,18.0,1,2,23,4,4,4,0,0,26,0
2000212,0.0,0.05,0.75,8.089703125,8.1,0.010296875000000004,-8,10.296875,2.390625,0.234375,0.109375,0.0,0.5562500000000006,0.42500000000000027,0.10836696513114258,0.05130360180602134,0.020426701037181045,0.05000000000000001,-0.8500000000000001,8.950000000000001,3.0,19.0,0,1,42,5,1,4,1,0,10,0
2000213,0.0,0.05,0.75,4.9908125,5.0,0.009187500000000005,-2,9.1875,2.625,0.15625,0.125,0.0,0.5562500000000007,0.5328124999999998,0.719599372468672,0.0503934694993675,0.2321164004800094,0.05,-1.4000000000000001,6.400000000000001,5.0,13.0,1,1,17,2,2,8,2,1,30,0
2000214,0.0,0.05,0.75,11.056703125,11.1,0.04329687500000001,-10,43.296875,5.828125,0.28125,0.125,0.0,0.5781250000000006,0.38515625000000026,0.0007507056690486226,0.05357218920735634,4.5772423955172145e-05,0.05000000000000002,-0.24999999999999994,11.350000000000001,5.0,21.0,0,3,52,1,0,2,1,0,5,0
2000215,1.0,0.05,0.75,-3.470640625,-3.4000000000000004,0.070640625,-13,70.640625,6.953125,0.234375,0.03125,0.0,0.5375000000000005,0.5023437499999999,0.8957678851340396,0.05032779544077192,0.8941938959945755,0.049999999999999996,-0.55,-2.85,2.0,15.0,1,4,19,5,1,9,1,1,23,0
2000216,1.0,0.05,0.75,-3.083515625,-3.05,0.033515625,-11,33.515625,4.890625,0.203125,0.03125,0.0,0.5625000000000004,0.5000000000000001,0.849783016227025,0.05004690848985668,0.8457646841554602,0.049999999999999996,-1.0999999999999999,-1.9500000000000006,3.0,12.0,0,4,23,3,1,6,0,1,26,0
2000217,0.0,0.05,0.75,3.647359374999999,3.649999999999999,0.0026406250000000015,0,2.640625,1.328125,0.140625,0.140625,0.0,0.5218750000000002,0.5328124999999997,0.762562045532989,0.05013001117257687,0.1674463098062177,0.05,-1.1500000000000001,4.8,4.0,14.0,2,1,13,5,3,10,3,1,26,0
2000218,1.0,0.05,0.75,2.3825156250000004,2.4000000000000004,0.01748437500000001,-7,17.484375,3.640625,0.203125,0.09375,0.0,0.5406250000000004,0.5914062499999995,0.999765008423372,0.22587269042209368,0.998596911339091,0.049999999999999996,-0.40000000000000036,2.7999999999999994,8.0,11.0,2,1,5,4,0,5,3,0,44,0
2000219,1.0,0.05,0.75,-1.584374999999999,-1.549999999999999,0.03437500000000002,-10,34.375,5.0,0.203125,0.046875,0.0,0.5656250000000006,0.5398437499999997,0.966099658176222,0.050697493405437666,0.9642412274443743,0.05000000000000001,-0.6500000000000001,-0.9000000000000006,4.0,12.0,2,0,17,3,1,5,0,0,36,0
2000220,1.0,0.05,0.75,-0.8224531250000007,-0.8000000000000007,0.022453125000000004,-7,22.453125,3.890625,0.171875,0.0625,0.0,0.5250000000000002,0.5046874999999997,0.8785385909372097,0.050122422000304916,0.8191416390580994,0.05000000000000001,-1.2500000000000002,0.4499999999999996,5.0,10.0,0,2,21,8,2,6,2,0,23,0
2000221,1.0,0.05,0.75,-3.796718750000002,-3.7500000000000018,0.046718750000000024,-14,46.71875,5.5625,0.25,0.03125,0.0,0.5718750000000007,0.5117187500000001,0.9567964482917645,0.0512744738439371,0.9561424664417699,0.05,-1.8500000000000003,-1.9000000000000006,6.0,12.0,1,0,24,2,1,6,1,0,29,0
2000222,0.0,0.05,0.75,6.134250000000001,6.15,0.01575000000000001,-7,15.75,3.4375,0.171875,0.0625,0.0,0.5406250000000005,0.509375,0.3720354586153505,0.05000802646386873,0.3244673246171386,0.05,-0.25,6.400000000000002,2.0,13.0,2,1,22,5,1,4,1,1,27,0
2000223,0.0,0.05,0.75,7.442890624999998,7.4499999999999975,0.0071093750000000054,-5,7.109375,2.234375,0.1875,0.109375,0.015625,0.5619047619047625,0.4071428571428571,0.04303180144708351,0.05044544395501624,0.00087032726458886,0.049999999999999996,-0.6,8.049999999999997,4.0,15.0,0,1,46,4,0,4,1,1,6,1
2000224,0.0,0.05,0.75,6.789437499999999,6.799999999999999,0.010562500000000006,-7,10.5625,2.4375,0.171875,0.0625,0.03125,0.5612903225806458,0.4540322580645161,0.3487735730538846,0.05015272359448604,0.1502828305510661,0.05,-0.09999999999999998,6.8999999999999995,2.0,13.0,1,1,32,4,1,8,0,0,15,2
2000225,1.0,0.05,0.75,-4.259531250000001,-4.200000000000001,0.059531250000000015,-14,59.53125,6.34375,0.234375,0.015625,0.0,0.5500000000000004,0.4929687499999999,0.9630946814588763,0.05057489888068125,0.9625082572587287,0.05,-0.3500000000000001,-3.8500000000000005,1.0,15.0,2,5,22,3,1,5,0,0,26,0
2000226,0.0,0.05,0.75,8.491296875,8.5,0.008703125000000004,-6,8.703125,2.265625,0.234375,0.140625,0.0,0.5718750000000005,0.4085937500000004,0.0016625665714213307,0.05595567438978919,5.796204849205637e-05,0.049999999999999996,-0.6000000000000001,9.100000000000001,6.0,18.0,0,2,46,2,2,3,0,1,8,0
2000227,0.0,0.05,0.75,7.595671875,7.6,0.004328125000000002,-5,4.328125,1.765625,0.21875,0.140625,0.0,0.5687500000000004,0.4695312500000007,0.010995831195816368,0.05201232660320816,0.0009933044056350457,0.05000000000000001,-0.9000000000000001,8.499999999999998,6.0,17.0,1,2,33,2,2,1,0,0,23,0
2000228,0.0,0.05,0.75,3.3993437499999994,3.3999999999999995,0.0006562500000000004,-2,0.65625,0.53125,0.109375,0.078125,0.0,0.5593750000000005,0.4882812500000001,0.29588825851590983,0.05000192474636145,0.06684647469534095,0.05,-0.45,3.8499999999999996,3.0,9.0,0,1,28,5,0,6,1,0,23,0
2000229,0.0,0.05,0.75,8.864093750000002,8.900000000000002,0.03590625000000002,-10,35.90625,5.21875,0.234375,0.078125,0.0,0.5531250000000004,0.48125000000000034,0.2971650378468527,0.0506866486333294,0.24049145122213153,0.05,-0.09999999999999998,9.000000000000002,2.0,18.0,0,3,26,3,4,7,1,0,20,0
2000230,1.0,0.05,0.75,-4.019031249999999,-3.9499999999999993,0.06903125000000003,-14,69.03125,6.96875,0.25,0.03125,0.015625,0.5555555555555559,0.5261904761904761,0.9510070461405286,0.0511791696844595,0.9505786734760201,0.049999999999999996,-0.75,-3.2000000000000006,3.0,15.0,1,1,18,3,2,7,1,1,29,1
2000231,0.0,0.05,0.75,4.945124999999999,4.949999999999999,0.0048750000000000035,-4,4.875,1.96875,0.140625,0.078125,0.0,0.5562500000000005,0.49062500000000037,0.261679203245126,0.050007968765368865,0.09433583074661826,0.05,-0.5,5.449999999999999,3.0,11.0,0,2,25,5,2,7,0,0,23,0
2000232,0.0,0.05,0.75,8.33153125,8.35,0.01846875000000001,-7,18.46875,3.53125,0.234375,0.125,0.0,0.5562500000000005,0.4671875,0.2691025061422251,0.05755762535271989,0.049690529890234765,0.05,-0.8500000000000001,9.200000000000001,4.0,19.0,0,1,33,5,1,4,1,0,19,0
2000233,0.0,0.05,0.75,7.810375,7.85,0.039625,-9,39.625,5.625,0.203125,0.0625,0.0,0.5625000000000004,0.44843750000000027,0.3667817872482272,0.05026022974484324,0.2411363391829542,0.049999999999999996,-0.4,8.25,2.0,15.0,0,1,37,2,5,3,1,0,15,0
2000234,1.0,0.05,0.75,-2.7799062500000007,-2.750000000000001,0.029906250000000013,-10,29.90625,5.0,0.171875,0.015625,0.015625,0.5428571428571434,0.5333333333333331,0.9290900016829393,0.05002488486821811,0.9283457893932705,0.05000000000000001,-0.050000000000000044,-2.7000000000000006,1.0,11.0,0,2,15,6,1,8,1,1,29,1
2000235,1.0,0.05,0.75,4.0986562499999994,4.1,0.0013437500000000008,-2,1.34375,0.90625,0.1875,0.15625,0.0,0.5468750000000003,0.5843749999999996,0.9673587484146082,0.06958204419050365,0.7882364235784826,0.05,-0.7500000000000002,4.849999999999998,6.0,16.0,0,1,5,6,2,8,1,0,41,0
2000236,0.0,0.05,0.75,3.4456093749999983,3.4499999999999984,0.004390625000000002,2,4.390625,1.734375,0.140625,0.171875,0.015625,0.5777777777777783,0.5976190476190473,0.774940053430023,0.05067646874129478,0.20288140172883531,0.05,-1.7500000000000002,5.2,5.0,15.0,0,0,6,3,1,6,0,0,47,1
2000237,1.0,0.05,0.75,-2.6525312500000013,-2.6000000000000014,0.052531250000000015,-12,52.53125,6.09375,0.25,0.0625,0.0,0.5468750000000004,0.4578125000000004,0.6421257580122358,0.05088265349815756,0.6104198355264826,0.05,-0.55,-2.0500000000000007,2.0,18.0,0,2,31,7,1,8,0,0,15,0
2000238,0.0,0.05,0.75,5.997953125000001,6.000000000000001,0.002046875000000001,0,2.046875,1.171875,0.1875,0.1875,0.015625,0.5714285714285718,0.38809523809523816,0.003392506302194243,0.15896015845189576,2.7039143590305543e-06,0.05000000000000001,-1.0500000000000003,7.050000000000001,9.0,15.0,0,1,51,3,2,1,0,0,5,1
2000239,1.0,0.05,0.75,-2.5892500000000007,-2.5500000000000007,0.039250000000000014,-11,39.25,5.5,0.21875,0.046875,0.0,0.5500000000000004,0.4695312500000002,0.6327869628895535,0.0502266526255642,0.6005503230004823,0.05,-1.3499999999999999,-1.2000000000000008,5.0,12.0,1,2,29,4,1,8,1,1,17,0
2000240,1.0,0.05,0.75,-0.5010312499999993,-0.4499999999999993,0.05103124999999999,-7,51.03125,6.625,0.1875,0.078125,0.0,0.5187500000000004,0.5257812499999998,0.7740735838355783,0.05011941220286295,0.731293828411904,0.05,-0.4500000000000002,-8.881784197001252e-16,3.0,14.0,2,3,12,9,1,9,0,0,28,0
2000241,1.0,0.05,0.75,-3.5550781249999983,-3.4999999999999982,0.05507812500000001,-13,55.078125,5.703125,0.25,0.046875,0.0,0.5625000000000006,0.45078125000000024,0.519127685216979,0.05031761180700017,0.4972405776291892,0.05,0.0,-3.5000000000000004,0.0,19.0,2,2,33,1,3,7,0,1,15,0
2000242,0.0,0.05,0.75,3.993703125,4.0,0.006296875000000004,-4,6.296875,2.109375,0.140625,0.078125,0.0,0.5375000000000003,0.5093749999999999,0.4654421240066144,0.05000259571385422,0.318965256595429,0.049999999999999996,-0.75,4.75,2.0,12.0,0,2,21,8,2,4,0,0,27,0
2000243,0.0,0.05,0.75,6.972625,7.0,0.027374999999999993,-7,27.375,4.6875,0.234375,0.125,0.0,0.5593750000000005,0.44843750000000016,0.18310369786660702,0.05146484841200766,0.03123360819461251,0.05,-0.6000000000000001,7.6,3.0,20.0,2,1,35,1,2,7,2,0,14,0
2000244,0.0,0.05,0.75,5.394109375,5.4,0.005890625000000004,-3,5.890625,2.234375,0.15625,0.109375,0.0,0.5687500000000005,0.49062500000000003,0.39822698939163076,0.05012584145455272,0.06403632112119058,0.05,-0.09999999999999998,5.5,2.0,15.0,0,0,29,3,1,6,1,1,23,0
2000245,0.0,0.05,0.75,4.2484062499999995,4.249999999999999,0.001593750000000001,-3,1.59375,0.875,0.140625,0.09375,0.0,0.5406250000000005,0.4367187500000002,0.2633687558385115,0.050012680809402583,0.021948313868987476,0.05,-0.8,5.05,3.0,12.0,1,1,36,7,2,6,0,0,11,0
2000246,0.0,0.05,0.75,5.789375,5.8,0.010625000000000008,-6,10.625,2.6875,0.15625,0.0625,0.0,0.5625000000000004,0.4625,0.317977178849951,0.05001589663964344,0.15026836210415576,0.05,-0.8,6.6,3.0,11.0,1,1,36,4,0,0,0,1,21,0
2000247,1.0,0.05,0.75,-0.293671875,-0.25,0.043671875000000006,-7,43.671875,6.171875,0.203125,0.09375,0.015625,0.5428571428571433,0.5476190476190472,0.7544781716626929,0.05034638551652224,0.7180427288250929,0.05,0.0,-0.2500000000000011,0.0,19.0,3,1,12,4,1,6,1,0,35,1
2000248,0.0,0.05,0.75,6.3975937499999995,6.3999999999999995,0.0024062500000000004,-5,2.40625,0.96875,0.15625,0.078125,0.0,0.5625000000000006,0.4085937500000001,0.03146337191811387,0.05001469752288387,0.001818364885536642,0.05,-0.14999999999999997,6.55,3.0,12.0,1,0,47,5,0,2,0,0,9,0
2000249,1.0,0.05,0.75,-0.8658906250000006,-0.8500000000000005,0.01589062500000001,-8,15.890625,3.171875,0.171875,0.046875,0.015625,0.5460317460317464,0.5333333333333333,0.853507912311171,0.0500686120141675,0.8442443925565033,0.05,-0.19999999999999996,-0.6500000000000006,1.0,13.0,1,3,14,5,1,7,0,1,31,1
2000250,0.0,0.05,0.75,7.689593749999999,7.699999999999999,0.010406250000000008,-6,10.40625,3.0,0.203125,0.109375,0.0,0.5500000000000004,0.44609375000000057,0.022409155003727203,0.05016435737022617,0.0030077750395661393,0.05,-0.7,8.4,6.0,14.0,0,3,34,6,1,6,0,0,14,0
2000251,1.0,0.05,0.75,-2.9383593749999988,-2.8999999999999986,0.038359375000000015,-13,38.359375,5.015625,0.25,0.046875,0.0,0.5437500000000004,0.49531250000000016,0.9583493851545729,0.05352308766296988,0.9559125057337714,0.049999999999999996,0.0,-2.9000000000000017,0.0,19.0,0,2,22,5,3,10,1,1,20,0
2000252,0.0,0.05,0.75,6.445812499999999,6.449999999999998,0.004187500000000003,-5,4.1875,1.875,0.203125,0.125,0.0,0.5656250000000005,0.4648437500000001,0.14126974429513453,0.05031626184604979,0.02074296673023723,0.05,-0.8,7.249999999999999,4.0,17.0,0,2,31,4,1,8,0,0,18,0
2000253,0.0,0.05,0.75,2.844609374999999,2.849999999999999,0.005390625000000004,3,5.390625,2.171875,0.09375,0.140625,0.015625,0.5936507936507943,0.373809523809524,0.031059433913328428,0.05058989798665625,2.2168001508747586e-05,0.049999999999999996,-1.05,3.8999999999999995,9.0,6.0,0,0,56,1,0,3,0,0,3,1
2000254,0.0,0.05,0.75,8.992828125,9.0,0.007171875000000003,-6,7.171875,1.828125,0.25,0.15625,0.0,0.5812500000000006,0.4484375000000007,0.045970240173902395,0.06256211394607371,0.0011468665146624286,0.05,-1.1,10.100000000000001,5.0,21.0,0,2,37,1,1,6,0,1,16,0
2000255,1.0,0.05,0.75,-1.766515625,-1.75,0.01651562500000001,-8,16.515625,3.328125,0.1875,0.0625,0.015625,0.5523809523809527,0.49523809523809537,0.6450106061473471,0.05002733746476781,0.6100789541530576,0.05,0.0,-1.7500000000000009,0.0,16.0,0,2,24,6,1,6,0,0,24,1
2000256,1.0,0.05,0.75,-2.43521875,-2.4000000000000004,0.03521875000000001,-11,35.21875,5.03125,0.203125,0.03125,0.0,0.5406250000000005,0.52109375,0.9558556928486089,0.05025993571133625,0.9544964644727271,0.05000000000000001,-0.4500000000000002,-1.9500000000000006,3.0,12.0,0,0,20,7,3,5,1,0,28,0
2000257,1.0,0.05,0.75,-1.5974687500000007,-1.5500000000000007,0.04746875000000001,-10,47.46875,6.125,0.1875,0.03125,0.015625,0.574603174603175,0.5452380952380953,0.9541073731879846,0.05028190943070325,0.9532163339977394,0.05,-0.5000000000000001,-1.0500000000000003,3.0,11.0,0,2,13,2,0,12,0,2,32,1
2000258,1.0,0.05,0.75,-0.45246875000000214,-0.40000000000000213,0.052468750000000015,-11,52.46875,6.46875,0.203125,0.03125,0.0,0.5781250000000006,0.6195312499999994,0.9994433232597347,0.08931330260464723,0.9993352279917878,0.049999999999999996,-0.40000000000000013,-4.440892098500626e-16,5.0,10.0,0,0,3,1,1,5,2,0,52,0
2000259,0.0,0.05,0.75,2.9972499999999993,2.999999999999999,0.0027500000000000016,-1,2.75,1.125,0.125,0.109375,0.0,0.5750000000000005,0.49999999999999994,0.23747218065606607,0.05000746033985918,0.04896991975739397,0.05,-0.04999999999999999,3.049999999999999,1.0,14.0,0,3,27,1,0,3,1,1,28,0
2000260,0.0,0.05,0.75,7.242500000000001,7.250000000000001,0.0075000000000000015,-7,7.5,2.09375,0.203125,0.09375,0.0,0.5500000000000004,0.4765624999999999,0.42509039056110065,0.05051874522329059,0.23586557191008167,0.05,-0.4,7.6499999999999995,1.0,18.0,1,2,29,4,2,4,1,0,21,0
2000261,0.0,0.05,0.75,8.781125000000001,8.8,0.01887500000000001,-9,18.875,3.5625,0.234375,0.09375,0.0,0.5718750000000006,0.38515625,0.05068040194541032,0.050907143145272275,0.004936020708502693,0.049999999999999996,-0.19999999999999996,9.000000000000002,2.0,19.0,0,3,50,3,0,4,0,0,4,0
2000262,0.0,0.05,0.75,4.941390625000001,4.950000000000001,0.008609375000000006,-3,8.609375,2.546875,0.15625,0.109375,0.0,0.5406250000000004,0.5257812499999996,0.9469538060296931,0.050505331237527186,0.749152819613629,0.05,-0.6,5.550000000000001,2.0,15.0,4,3,16,3,0,4,1,0,33,0
2000263,0.0,0.05,0.75,6.192390624999999,6.199999999999999,0.007609375000000006,-5,7.609375,2.453125,0.171875,0.09375,0.015625,0.5873015873015879,0.4500000000000003,0.06207669079857207,0.05003271976100146,0.01169512420050483,0.049999999999999996,-0.3,6.5,3.0,14.0,0,0,38,2,0,6,0,0,17,1
2000264,0.0,0.05,0.75,1.3493281249999989,1.349999999999999,0.0006718750000000004,1,0.671875,0.578125,0.09375,0.109375,0.0,0.5218750000000003,0.4999999999999999,0.47218366935454514,0.05000163997288355,0.0950558151392926,0.05000000000000001,-0.9000000000000001,2.249999999999999,3.0,10.0,0,3,22,9,1,4,1,1,23,0
2000265,1.0,0.05,0.75,-0.8295468749999989,-0.7999999999999989,0.029546875000000004,-10,29.546875,4.671875,0.203125,0.046875,0.0,0.5781250000000006,0.5656249999999997,0.9949810023722713,0.05591744581536283,0.9946061959614396,0.049999999999999996,-1.0000000000000002,0.1999999999999994,4.0,12.0,1,1,10,1,2,9,0,0,40,0
2000266,0.0,0.05,0.75,6.545015625000001,6.550000000000002,0.0049843750000000036,-2,4.984375,2.109375,0.171875,0.140625,0.0,0.5718750000000006,0.4835937500000005,0.006083175678639785,0.05419395270609674,0.0003227526562067205,0.05,-0.7500000000000002,7.300000000000002,6.0,14.0,0,1,28,4,0,9,0,0,22,0
2000267,1.0,0.05,0.75,-0.3321718750000007,-0.3000000000000007,0.032171875,-7,32.171875,5.015625,0.203125,0.09375,0.0,0.5468750000000006,0.5257812499999998,0.6291073060953807,0.05019007845002186,0.5531338224809578,0.05,0.0,-0.3000000000000008,0.0,19.0,2,0,18,6,1,6,0,0,31,0
2000268,0.0,0.05,0.75,3.4460468749999995,3.4499999999999997,0.003953125000000002,-1,3.953125,1.609375,0.125,0.109375,0.0,0.5500000000000005,0.49531249999999993,0.17224796955245975,0.05001502013345316,0.02518112774178139,0.049999999999999996,-0.75,4.2,3.0,12.0,0,0,26,6,1,7,1,1,22,0
2000269,1.0,0.05,0.75,-2.234749999999999,-2.1999999999999993,0.03475,-10,34.75,4.78125,0.1875,0.03125,0.0,0.5343750000000004,0.5117187499999998,0.9821851049970797,0.05032654601740451,0.9807238860573255,0.05,-1.0000000000000002,-1.2000000000000006,4.0,10.0,2,1,19,8,0,7,0,0,27,0
2000270,0.0,0.05,0.75,5.496265625,5.5,0.0037343750000000024,-4,3.734375,1.453125,0.1875,0.125,0.03125,0.5354838709677423,0.4854838709677419,0.31732494083804924,0.050660563744455975,0.051931859862926574,0.05,-1.2500000000000002,6.75,5.0,15.0,1,1,26,7,1,4,1,0,21,2
2000271,0.0,0.05,0.75,3.547265624999999,3.5499999999999994,0.0027343750000000016,-4,2.734375,1.140625,0.109375,0.046875,0.015625,0.5365079365079369,0.5119047619047616,0.6359613265494034,0.05000078702749353,0.5567859084245789,0.05,0.0,3.5499999999999994,0.0,10.0,1,0,21,7,0,7,2,0,25,1
2000272,0.0,0.05,0.75,1.6945000000000001,1.7000000000000002,0.005500000000000004,1,5.5,2.0,0.09375,0.109375,0.0,0.5625000000000004,0.5164062499999998,0.5040726033055997,0.050002149357353844,0.12689669719183994,0.05,-0.4,2.1,1.0,12.0,0,1,19,5,1,11,0,0,27,0
2000273,1.0,0.05,0.75,-1.6384218749999997,-1.5999999999999996,0.038421875000000015,-11,38.421875,5.171875,0.203125,0.03125,0.0,0.5906250000000006,0.4929687500000001,0.7935739028788884,0.050529848554829344,0.7815691277373674,0.05000000000000001,-0.3500000000000001,-1.2500000000000009,1.0,14.0,0,0,30,1,0,6,0,1,26,0
2000274,1.0,0.05,0.75,-0.16843750000000213,-0.15000000000000213,0.01843750000000001,-7,18.4375,4.03125,0.171875,0.0625,0.0,0.5562500000000005,0.5351562500000001,0.6631552509798723,0.050054274098006855,0.6292116440199299,0.05,-0.6000000000000001,0.4499999999999992,3.0,12.0,0,1,19,4,1,4,2,0,33,0
2000275,1.0,0.05,0.75,1.3756093750000011,1.4000000000000012,0.024390625000000003,-5,24.390625,4.453125,0.15625,0.078125,0.0,0.5437500000000005,0.5539062499999996,0.9756570576724077,0.05078011161614519,0.9584008173819767,0.05,-0.40000000000000013,1.7999999999999994,5.0,10.0,1,1,11,6,2,7,0,1,35,0
2000276,1.0,0.05,0.75,-2.036281250000002,-2.0000000000000018,0.036281250000000015,-11,36.28125,4.90625,0.21875,0.046875,0.0,0.5593750000000005,0.50703125,0.9240885980467107,0.05076310420715164,0.9195424620340676,0.05,-1.1000000000000003,-0.9000000000000005,4.0,13.0,1,2,23,3,1,5,0,2,27,0
2000277,1.0,0.05,0.75,1.0372812499999997,1.0499999999999998,0.012718750000000008,-6,12.71875,2.5625,0.1875,0.09375,0.0,0.5281250000000003,0.5515624999999996,0.9748363001284678,0.054557161856359844,0.9538286979819672,0.049999999999999996,-0.40000000000000013,1.4499999999999993,5.0,13.0,0,0,11,10,2,8,0,1,32,0
2000278,1.0,0.05,0.75,-0.36359375000000055,-0.35000000000000053,0.013593750000000009,-7,13.59375,3.25,0.203125,0.09375,0.0,0.5531250000000004,0.5187500000000002,0.6863829316143383,0.050325748265182685,0.5883086676865477,0.05,-0.3999999999999999,0.04999999999999927,2.0,17.0,1,2,18,5,1,8,0,0,29,0
2000279,0.0,0.05,0.75,4.546984374999999,4.549999999999999,0.003015625000000002,-4,3.015625,1.234375,0.15625,0.09375,0.015625,0.5238095238095243,0.45714285714285724,0.31122308710867075,0.05002425731850251,0.06737796764852495,0.05,-0.8,5.3500000000000005,2.0,14.0,2,0,28,10,0,11,0,0,12,1
2000280,1.0,0.05,0.75,-0.5834062499999998,-0.5499999999999998,0.033406250000000005,-8,33.40625,5.1875,0.1875,0.0625,0.0,0.5718750000000006,0.4742187499999998,0.6795578882142994,0.050388628188040234,0.544282566286523,0.05,-0.75,0.19999999999999907,3.0,13.0,0,0,32,3,0,8,1,1,19,0
2000281,1.0,0.05,0.75,-4.0024999999999995,-3.9499999999999993,0.05250000000000002,-16,52.5,5.375,0.296875,0.046875,0.015625,0.5492063492063496,0.4690476190476192,0.8640691956677683,0.06722676822371507,0.8512585748241888,0.05,-1.1,-2.8500000000000005,3.0,19.0,0,1,30,5,3,6,1,0,17,1
2000282,1.0,0.05,0.75,-1.622734374999999,-1.549999999999999,0.072734375,-13,72.734375,7.484375,0.234375,0.03125,0.015625,0.5492063492063498,0.5809523809523807,0.999600821674607,0.14985980184883035,0.9993290320643401,0.05,-0.6500000000000004,-0.9000000000000001,7.0,10.0,3,1,4,3,1,9,1,0,41,1
2000283,0.0,0.05,0.75,2.5980312499999996,2.5999999999999996,0.0019687500000000013,3,1.96875,1.15625,0.140625,0.1875,0.015625,0.5142857142857145,0.4452380952380954,0.07775383296218297,0.0549106414773299,0.0001797880211756687,0.05000000000000001,-1.2500000000000002,3.85,6.0,15.0,1,0,36,11,0,1,1,1,12,1
2000284,1.0,0.05,0.75,-1.600093749999999,-1.549999999999999,0.05009375000000001,-11,50.09375,6.5625,0.234375,0.0625,0.015625,0.555555555555556,0.5476190476190472,0.9778044196225031,0.056659582732578,0.9763431718073182,0.05000000000000001,-0.050000000000000044,-1.5000000000000013,1.0,18.0,1,1,14,4,1,6,0,2,34,1
2000285,1.0,0.05,0.75,-3.314515624999998,-3.2499999999999982,0.06451562500000002,-14,64.515625,6.921875,0.28125,0.0625,0.0,0.5687500000000006,0.4882812500000001,0.5161626597174694,0.051134565432969584,0.5080835763721142,0.05,-1.4500000000000002,-1.8000000000000012,4.0,18.0,0,0,28,5,0,8,0,0,23,0
2000286,0.0,0.05,0.75,8.72025,8.75,0.029750000000000013,-11,29.75,4.3125,0.21875,0.046875,0.015625,0.5555555555555559,0.4214285714285715,0.32872196252789687,0.05047138368383434,0.23167921573036127,0.05,-0.09999999999999998,8.85,2.0,15.0,1,0,42,5,2,3,0,0,10,1
2000287,1.0,0.05,0.75,1.3339218750000015,1.3500000000000014,0.01607812500000001,-5,16.078125,3.421875,0.1875,0.109375,0.0,0.5593750000000004,0.4789062499999998,0.7984050128693422,0.052717712378343926,0.31041693194227155,0.05,-0.55,1.8999999999999988,2.0,17.0,0,2,27,5,1,9,0,0,20,0
2000288,1.0,0.05,0.75,0.32193749999999965,0.34999999999999964,0.02806250000000001,-7,28.0625,4.75,0.171875,0.0625,0.0,0.5625000000000004,0.5374999999999998,0.8821084363398106,0.05035482283479811,0.859079984805244,0.05000000000000001,-0.5500000000000003,0.8999999999999995,5.0,10.0,1,1,17,3,3,4,0,0,35,0
2000289,1.0,0.05,0.75,-1.8306093750000008,-1.8000000000000007,0.030609375000000005,-10,30.609375,4.984375,0.171875,0.015625,0.0,0.5656250000000004,0.5562499999999999,0.9888425584237833,0.05021808631015628,0.988657349350923,0.05,-1.0500000000000003,-0.7500000000000004,5.0,7.0,0,2,12,3,3,6,0,0,38,0
2000290,0.0,0.05,0.75,2.8474062499999997,2.8499999999999996,0.002593750000000001,1,2.59375,1.25,0.140625,0.15625,0.015625,0.5111111111111113,0.49285714285714277,0.47041032991614534,0.05021108847214519,0.02147101497773469,0.05000000000000001,-1.1,3.9499999999999993,4.0,15.0,1,0,23,10,4,4,1,0,20,1
2000291,0.0,0.05,0.75,6.244984375,6.25,0.005015625000000002,-5,5.015625,1.734375,0.1875,0.109375,0.0,0.5593750000000005,0.5281249999999997,0.858871120471813,0.051220394443912076,0.6927503293659207,0.05,-1.05,7.3,3.0,16.0,1,1,20,4,0,4,1,0,33,0
2000292,0.0,0.05,0.75,7.525921874999997,7.549999999999997,0.024078125000000013,-10,24.078125,4.296875,0.203125,0.046875,0.0,0.5562500000000004,0.4320312500000002,0.38385202589032735,0.05005789124172845,0.29469051346569475,0.049999999999999996,-0.04999999999999999,7.599999999999998,1.0,15.0,1,3,35,3,3,9,0,0,10,0
2000293,1.0,0.05,0.75,-2.220250000000001,-2.200000000000001,0.02025000000000001,-11,20.25,3.65625,0.234375,0.0625,0.0,0.5312500000000002,0.5351562499999999,0.9132171555247276,0.05093853614346462,0.9091612854216831,0.05,-0.40000000000000013,-1.800000000000001,2.0,17.0,0,4,14,6,4,3,0,2,31,0
2000294,1.0,0.05,0.75,0.5933437500000001,0.6000000000000001,0.006656250000000004,-3,6.65625,2.25,0.109375,0.0625,0.0,0.5500000000000004,0.5281249999999996,0.5647629390976489,0.05000089709227315,0.4471771184092145,0.05000000000000001,-0.1499999999999999,0.7499999999999997,1.0,10.0,0,3,19,4,2,2,1,1,32,0
2000295,1.0,0.05,0.75,-0.77065625,-0.75,0.020656250000000008,-10,20.65625,3.875,0.21875,0.0625,0.015625,0.5619047619047625,0.5666666666666665,0.979925885473028,0.056428505293092575,0.9784111861197805,0.05,-0.6000000000000001,-0.1500000000000007,3.0,15.0,1,1,10,2,1,8,2,0,38,1
2000296,0.0,0.05,0.75,10.177125000000002,10.200000000000003,0.02287500000000001,-10,22.875,3.96875,0.296875,0.140625,0.0,0.5562500000000005,0.4085937500000003,0.1217269072100606,0.07424558421222252,0.0040231905157666935,0.049999999999999996,-0.04999999999999999,10.250000000000004,1.0,27.0,0,2,45,5,0,4,1,0,7,0
2000297,0.0,0.05,0.75,6.093140624999998,6.099999999999999,0.006859375000000004,-6,6.859375,1.859375,0.171875,0.078125,0.0,0.5281250000000002,0.4671874999999998,0.37441561779127497,0.05010012236802142,0.12235073944497607,0.05,-0.5,6.599999999999999,3.0,13.0,0,2,26,9,3,10,0,0,14,0
2000298,1.0,0.05,0.75,1.3922968750000004,1.4000000000000004,0.007703125000000005,-5,7.703125,2.296875,0.171875,0.09375,0.0,0.5656250000000005,0.5749999999999996,0.9186123492704208,0.05052126535072393,0.8894963853950925,0.05000000000000001,-0.3500000000000001,1.7499999999999991,2.0,15.0,2,1,8,2,2,6,0,0,43,0
2000299,1.0,0.05,0.75,-0.5765625000000008,-0.5500000000000007,0.026562499999999996,-9,26.5625,4.40625,0.21875,0.078125,0.0,0.5687500000000005,0.50703125,0.8954088021356152,0.05256566116437451,0.8672617014924798,0.049999999999999996,-0.8000000000000003,0.2499999999999989,4.0,15.0,1,1,26,2,1,2,1,0,30,0
2000300,0.0,0.05,0.75,9.225453125,9.25,0.024546875000000013,-10,24.546875,4.140625,0.25,0.09375,0.0,0.5656250000000006,0.4367187500000004,0.017931228296582377,0.050115868728623836,0.00885813217958051,0.05,-0.8500000000000001,10.100000000000003,5.0,17.0,0,3,40,4,0,1,0,0,16,0
2000301,0.0,0.05,0.75,5.441406249999999,5.449999999999999,0.008593750000000006,-5,8.59375,2.5,0.171875,0.09375,0.0,0.5656250000000005,0.49062500000000014,0.22237939393349354,0.05001519049919747,0.10828472800510283,0.05000000000000001,-1.0,6.449999999999999,4.0,13.0,1,1,29,2,1,3,1,1,25,0
2000302,0.0,0.05,0.75,4.346578125000001,4.3500000000000005,0.003421875000000002,-3,3.421875,1.359375,0.140625,0.09375,0.0,0.5562500000000006,0.4718750000000002,0.21911860793740745,0.05001008690438124,0.033651098601647375,0.05,-0.4,4.75,2.0,13.0,0,1,30,6,1,7,0,0,19,0
2000303,1.0,0.05,0.75,0.74178125,0.75,0.008218750000000004,-4,8.21875,2.34375,0.140625,0.078125,0.015625,0.5619047619047625,0.5214285714285711,0.8996539431077621,0.05006832125819445,0.7954246899268369,0.049999999999999996,-0.10000000000000009,0.8499999999999992,2.0,12.0,1,0,21,3,2,5,1,0,30,1
2000304,0.0,0.05,0.75,5.144234375,5.15,0.005765625000000003,-2,5.765625,1.890625,0.171875,0.140625,0.0,0.5625000000000004,0.47187499999999993,0.34327505153397775,0.050511630756393575,0.017598700208461267,0.05,-0.8500000000000001,5.999999999999999,4.0,16.0,1,0,29,3,2,11,0,2,16,0
2000305,0.0,0.05,0.75,6.138859375000002,6.150000000000002,0.011140625000000005,-3,11.140625,2.828125,0.1875,0.140625,0.0,0.5656250000000005,0.48359374999999966,0.6273393356579012,0.05416077448006571,0.0509928271680504,0.05000000000000001,-0.8,6.950000000000002,4.0,17.0,1,0,29,3,1,7,1,0,22,0
2000306,0.0,0.05,0.75,5.928265625000001,5.950000000000001,0.021734374999999997,-5,21.734375,3.921875,0.1875,0.109375,0.0,0.5593750000000004,0.47656249999999983,0.5325586152159587,0.050539255336616254,0.16653126332312454,0.05000000000000001,-1.3000000000000003,7.25,5.0,14.0,0,2,29,3,1,8,2,0,19,0
2000307,1.0,0.05,0.75,2.4465468749999992,2.4499999999999993,0.0034531250000000026,-2,3.453125,1.671875,0.140625,0.109375,0.0,0.5625000000000004,0.4765624999999997,0.4540349539481705,0.050056642428290166,0.04279642567995141,0.05,-0.19999999999999996,2.649999999999999,1.0,15.0,0,1,30,4,1,7,1,0,20,0
2000308,1.0,0.05,0.75,-3.578031249999998,-3.4999999999999982,0.07803125,-14,78.03125,7.71875,0.25,0.03125,0.0,0.5687500000000006,0.51171875,0.9293864323218498,0.051095700997234886,0.9285927680270398,0.05,-0.9500000000000001,-2.550000000000001,3.0,15.0,0,2,21,4,0,9,0,0,28,0
2000309,1.0,0.05,0.75,6.1481249999999985,6.149999999999999,0.0018750000000000012,3,1.875,1.09375,0.15625,0.203125,0.0,0.5750000000000006,0.5679687499999997,0.8828027090595686,0.052229163952582154,0.110150367101837,0.05,-0.4500000000000002,6.599999999999998,3.0,20.0,0,1,10,2,0,11,1,1,38,0
2000310,1.0,0.05,0.75,-1.9022031249999998,-1.8499999999999996,0.052203125000000024,-14,52.203125,6.265625,0.234375,0.015625,0.015625,0.5682539682539688,0.5714285714285712,0.999861686095379,0.18372266585431002,0.9996994594147909,0.049999999999999996,-0.2500000000000002,-1.6000000000000003,5.0,11.0,0,0,12,2,2,5,2,0,40,1
2000311,1.0,0.05,0.75,2.494,2.5,0.006000000000000004,-3,6.0,2.125,0.15625,0.109375,0.0,0.5656250000000005,0.5374999999999995,0.8360544077356287,0.05048973916468998,0.5266539067516277,0.05,-0.5000000000000002,2.999999999999999,4.0,13.0,1,0,18,3,0,7,1,1,33,0
2000312,1.0,0.05,0.75,1.3362187500000013,1.3500000000000014,0.01378125000000001,-5,13.78125,3.375,0.171875,0.09375,0.0,0.5656250000000005,0.5539062499999998,0.8988538808956067,0.05049226646554573,0.8444813789514515,0.05,-0.5000000000000002,1.8499999999999992,4.0,13.0,1,2,13,2,1,6,1,0,38,0
2000313,0.0,0.05,0.75,6.233578124999999,6.249999999999999,0.01642187500000001,-7,16.421875,3.765625,0.171875,0.0625,0.0,0.5531250000000003,0.4953125000000002,0.5086346598604514,0.050025955356163034,0.4220914034614288,0.05,-0.4,6.6499999999999995,2.0,13.0,1,1,26,5,1,4,0,1,25,0
2000314,1.0,0.05,0.75,-5.170843749999998,-5.099999999999998,0.07084375000000002,-15,70.84375,7.03125,0.25,0.015625,0.0,0.5437500000000004,0.47890625,0.9243491062596177,0.05026580866909496,0.9236423338320642,0.05000000000000001,0.0,-5.100000000000001,0.0,17.0,1,2,28,4,0,7,2,2,18,0
2000315,1.0,0.05,0.75,-4.331671874999998,-4.249999999999998,0.08167187500000002,-16,81.671875,7.796875,0.28125,0.03125,0.0,0.5281250000000004,0.5328124999999998,0.9907037436927402,0.06693334550695608,0.9900003400327777,0.05,-0.7000000000000002,-3.550000000000001,2.0,18.0,2,0,14,8,1,9,1,0,29,0
2000316,1.0,0.05,0.75,-1.76721875,-1.75,0.017218750000000012,-8,17.21875,3.375,0.1875,0.0625,0.0,0.5375000000000004,0.49999999999999983,0.775668371429052,0.05004854755218099,0.7382676234362904,0.05000000000000002,-0.050000000000000044,-1.7000000000000006,1.0,15.0,1,2,20,8,0,10,0,0,23,0
2000317,1.0,0.05,0.75,-1.0628125000000008,-1.0500000000000007,0.01281250000000001,-7,12.8125,3.03125,0.140625,0.03125,0.0,0.5437500000000004,0.5374999999999999,0.948244105037113,0.050016263156198816,0.9436771561683516,0.05,-0.7500000000000002,-0.3000000000000004,4.0,7.0,1,3,14,5,3,4,0,0,34,0
2000318,1.0,0.05,0.75,-1.3668125000000024,-1.3500000000000023,0.01681250000000001,-8,16.8125,3.40625,0.171875,0.046875,0.0,0.5468750000000004,0.5234374999999998,0.9000098443635026,0.05004774330365831,0.8897794732352416,0.049999999999999996,-1.0500000000000003,-0.3000000000000006,5.0,9.0,0,2,19,5,2,5,1,1,29,0
2000319,1.0,0.05,0.75,0.73765625,0.75,0.012343750000000007,-4,12.34375,2.9375,0.15625,0.09375,0.0,0.5312500000000004,0.4953124999999998,0.5106228366511364,0.050038242157994454,0.2127941164017093,0.049999999999999996,-0.050000000000000044,0.7999999999999993,1.0,15.0,4,1,22,6,0,6,0,1,24,0
2000320,1.0,0.05,0.75,0.8908125000000003,0.9000000000000004,0.009187500000000006,-6,9.1875,2.65625,0.171875,0.078125,0.015625,0.5746031746031751,0.5809523809523806,0.9786920759678431,0.05135812330641026,0.9743760156103068,0.05000000000000001,-0.6000000000000003,1.4999999999999998,6.0,10.0,1,1,9,2,1,4,0,0,45,1
2000321,1.0,0.05,0.75,-0.5797812500000007,-0.5500000000000007,0.02978125000000001,-7,29.78125,4.75,0.1875,0.078125,0.0,0.5562500000000005,0.46015625000000016,0.39191184600246987,0.05010486003590272,0.19359940811597515,0.05,-0.19999999999999996,-0.350000000000001,1.0,16.0,1,0,35,5,0,4,0,2,17,0
2000322,0.0,0.05,0.75,3.498937499999999,3.499999999999999,0.0010625000000000007,-1,1.0625,0.78125,0.15625,0.140625,0.0,0.5500000000000004,0.5164062499999997,0.3834749539414011,0.050065096630431946,0.07826295237567903,0.05,-0.75,4.249999999999998,2.0,17.0,0,0,23,5,2,4,2,0,28,0
2000323,1.0,0.05,0.75,0.3760937500000021,0.40000000000000213,0.02390625000000001,-8,23.90625,4.15625,0.21875,0.09375,0.0,0.5406250000000005,0.5328124999999997,0.9657516241188324,0.07258684430967485,0.9337348650707326,0.05,-0.5000000000000001,0.8999999999999992,3.0,17.0,1,1,16,5,2,7,2,0,30,0
2000324,1.0,0.05,0.75,-2.5597968750000035,-2.5000000000000036,0.05979687500000003,-13,59.796875,6.984375,0.25,0.046875,0.0,0.5531250000000005,0.5492187499999998,0.9795034760805602,0.055856299724765524,0.9787719376979136,0.049999999999999996,-0.8000000000000002,-1.700000000000001,3.0,16.0,0,0,15,5,0,8,2,1,33,0
2000325,1.0,0.05,0.75,1.1905468749999992,1.1999999999999993,0.009453125000000007,-5,9.453125,2.640625,0.1875,0.109375,0.0,0.5468750000000003,0.5562499999999999,0.6828135095221762,0.05031227077581315,0.5655334390089272,0.05,-0.25,1.449999999999999,2.0,17.0,0,2,10,5,3,8,1,0,35,0
2000326,1.0,0.05,0.75,1.0920156249999997,1.0999999999999996,0.007984375000000005,-4,7.984375,2.359375,0.15625,0.09375,0.0,0.5656250000000005,0.4648437500000003,0.2564488657923597,0.050026993871295715,0.045377874236051684,0.05000000000000001,-0.5,1.5999999999999992,2.0,14.0,0,4,31,3,0,6,0,1,19,0
2000327,0.0,0.05,0.75,3.1494687499999996,3.1499999999999995,0.0005312500000000004,-1,0.53125,0.53125,0.109375,0.09375,0.0,0.5437500000000004,0.4531250000000001,0.1201193709503899,0.05000526669918652,0.006996924963742357,0.05000000000000001,-0.45,3.6000000000000005,3.0,10.0,1,0,34,8,0,6,0,0,15,0
2000328,0.0,0.05,0.75,6.09875,6.1,0.0012500000000000007,-2,1.25,0.875,0.203125,0.171875,0.015625,0.5492063492063496,0.41666666666666685,0.021018746876108226,0.06756266820692985,0.00012863887892480683,0.05,-1.0,7.100000000000001,5.0,19.0,0,0,42,6,4,4,0,0,7,1
2000329,0.0,0.05,0.75,4.786781250000001,4.800000000000001,0.01321875000000001,-3,13.21875,3.21875,0.15625,0.109375,0.0,0.5468750000000004,0.5328125,0.4740741501732596,0.050056946655449436,0.21060612735795567,0.05,-0.4,5.200000000000001,2.0,15.0,1,0,18,4,3,5,2,0,31,0
2000330,1.0,0.05,0.75,-5.775593750000001,-5.700000000000001,0.07559375000000004,-16,75.59375,7.375,0.25,0.0,0.0,0.5250000000000002,0.4835937500000001,0.9756522753932824,0.05055799799500295,0.9754690538361207,0.05,-0.55,-5.150000000000001,2.0,14.0,3,3,23,5,1,7,2,0,20,0
2000331,0.0,0.05,0.75,2.948109374999999,2.9499999999999993,0.0018906250000000012,-1,1.890625,1.234375,0.109375,0.09375,0.0,0.5375000000000004,0.49531250000000004,0.25816925119144307,0.05000271645966129,0.05575607825609582,0.049999999999999996,-1.0,3.9499999999999997,4.0,9.0,0,1,24,9,1,6,0,0,23,0
2000332,1.0,0.05,0.75,1.6973749999999992,1.6999999999999993,0.002625000000000001,-2,2.625,1.1875,0.140625,0.109375,0.0,0.5218750000000003,0.5187499999999997,0.7581894274281364,0.05004120137805711,0.384060732080235,0.05,-0.7,2.3999999999999995,3.0,13.0,0,0,20,10,2,4,1,1,26,0
2000333,0.0,0.05,0.75,11.458859375000003,11.500000000000004,0.041140625000000014,-13,41.140625,5.140625,0.296875,0.09375,0.0,0.5625000000000004,0.39453125000000044,0.0670967241030212,0.05917708353263368,0.012580581514964058,0.05,-0.19999999999999996,11.700000000000005,4.0,21.0,0,1,50,5,1,1,0,0,6,0
2000334,1.0,0.05,0.75,-3.237390625000001,-3.200000000000001,0.03739062500000002,-12,37.390625,5.328125,0.203125,0.015625,0.0,0.5500000000000006,0.49296874999999996,0.9708441317783689,0.050275663334179564,0.9694287613635497,0.05,-0.4500000000000002,-2.750000000000001,3.0,11.0,2,1,25,2,3,6,2,0,23,0
2000335,1.0,0.05,0.75,-2.0342187500000017,-2.0000000000000018,0.03421875000000001,-11,34.21875,5.21875,0.21875,0.046875,0.0,0.5718750000000006,0.509375,0.953099422360169,0.05132309609168523,0.9489333721696288,0.05000000000000001,-0.40000000000000013,-1.6000000000000008,2.0,15.0,2,1,22,2,0,8,0,0,29,0
2000336,0.0,0.05,0.75,6.335,6.35,0.015000000000000012,-7,15.0,3.375,0.171875,0.0625,0.0,0.5468750000000004,0.43906250000000047,0.2226678210615933,0.050022098326701535,0.08989388092038546,0.05,-0.39999999999999997,6.75,3.0,12.0,3,0,37,3,3,4,1,0,13,0
2000337,1.0,0.05,0.75,1.1442187499999985,1.1499999999999986,0.005781250000000004,-2,5.78125,2.25,0.109375,0.078125,0.0,0.5437500000000004,0.5304687499999998,0.8465973623277173,0.05000558532641905,0.6736095348372974,0.05,-0.050000000000000044,1.1999999999999993,1.0,11.0,0,0,21,6,0,3,3,0,31,0
2000338,0.0,0.05,0.75,10.130328125000004,10.200000000000003,0.06967187500000001,-13,69.671875,7.453125,0.265625,0.0625,0.015625,0.5523809523809527,0.5404761904761904,0.9083659482626221,0.05365814497459078,0.9061469118378964,0.05,-0.7000000000000001,10.900000000000002,2.0,19.0,1,1,13,4,3,9,0,1,31,1
2000339,0.0,0.05,0.75,2.6468437499999995,2.6499999999999995,0.0031562500000000024,-1,3.15625,1.46875,0.109375,0.09375,0.0,0.5531250000000004,0.49531249999999993,0.38756671514798713,0.050001784285130114,0.12491682240523537,0.05,-0.35000000000000003,2.9999999999999996,1.0,12.0,0,0,23,7,1,12,0,0,21,0
2000340,0.0,0.05,0.75,6.02084375,6.05,0.02915625000000001,-7,29.15625,4.5,0.15625,0.046875,0.0,0.5687500000000005,0.5164062499999998,0.8276358873747415,0.05001631580973792,0.8053893141306904,0.05,-0.7000000000000001,6.749999999999999,2.0,11.0,1,0,23,3,2,4,0,0,31,0
2000341,1.0,0.05,0.75,-1.7213906249999993,-1.6999999999999993,0.021390625000000007,-9,21.390625,3.953125,0.203125,0.0625,0.03125,0.5645161290322586,0.5,0.7994409596345787,0.050289993963988366,0.7695441120131584,0.05,-1.4000000000000004,-0.30000000000000093,5.0,12.0,1,1,21,2,4,10,0,0,23,2
2000342,0.0,0.05,0.75,7.0797500000000015,7.100000000000001,0.02025000000000001,-8,20.25,3.84375,0.1875,0.0625,0.0,0.5625000000000004,0.4882812499999998,0.7389927343643006,0.05023798751746395,0.660291103393731,0.05,-0.04999999999999999,7.15,1.0,15.0,0,2,28,3,2,4,1,0,24,0
2000343,0.0,0.05,0.75,7.269031250000002,7.3000000000000025,0.030968750000000003,-8,30.96875,4.875,0.21875,0.09375,0.015625,0.571428571428572,0.4404761904761905,0.25774707082697923,0.050495975865549866,0.09772276461087336,0.05,-0.4,7.700000000000001,2.0,18.0,1,2,37,2,1,5,0,0,15,1
2000344,0.0,0.05,0.75,5.231437499999999,5.249999999999999,0.018562500000000003,-5,18.5625,3.6875,0.1875,0.109375,0.015625,0.5269841269841274,0.49999999999999983,0.22008471124634252,0.05004672852656714,0.08997964166034368,0.049999999999999996,-1.55,6.799999999999999,5.0,14.0,1,0,22,10,1,6,0,0,23,1
2000345,1.0,0.05,0.75,1.5919687500000015,1.6000000000000014,0.008031250000000005,-3,8.03125,2.40625,0.15625,0.109375,0.0,0.5281250000000004,0.5281249999999997,0.723406055765642,0.050089817991101696,0.409259344963161,0.05,-0.9000000000000001,2.499999999999999,4.0,13.0,0,1,18,8,0,6,2,2,27,0
2000346,0.0,0.05,0.75,2.7962968749999995,2.7999999999999994,0.0037031250000000016,0,3.703125,1.515625,0.125,0.125,0.015625,0.5333333333333337,0.495238095238095,0.3807249973923048,0.05002260983669074,0.044578113218186534,0.05,-0.9500000000000002,3.7499999999999996,4.0,12.0,0,1,23,7,4,6,1,0,21,1
2000347,0.0,0.05,0.75,4.49290625,4.5,0.007093750000000002,-3,7.09375,2.125,0.15625,0.109375,0.0,0.5062500000000002,0.5093749999999999,0.45262671894900686,0.05004454523777145,0.13102325314411645,0.05,-1.8500000000000003,6.35,6.0,11.0,1,2,21,10,2,0,2,0,26,0
2000348,0.0,0.05,0.75,5.139187499999999,5.1499999999999995,0.010812500000000008,-5,10.8125,2.8125,0.140625,0.0625,0.046875,0.5475409836065577,0.4926229508196721,0.5788432058393534,0.05003589724009211,0.37982978701512093,0.05,-1.1500000000000001,6.3,4.0,9.0,0,0,24,6,2,8,0,2,19,3
2000349,0.0,0.05,0.75,5.846093749999999,5.849999999999999,0.003906250000000003,-4,3.90625,1.53125,0.1875,0.125,0.0,0.5000000000000001,0.49531250000000004,0.9470792348194793,0.05709689586286186,0.5737750202389713,0.05,-0.75,6.599999999999999,2.0,18.0,4,1,18,8,7,5,0,0,21,0
2000350,0.0,0.05,0.75,3.548609375,3.55,0.0013906250000000008,1,1.390625,0.984375,0.140625,0.15625,0.0,0.5593750000000003,0.5117187500000001,0.2141636560487358,0.05060394594513462,0.007939892573333163,0.05000000000000001,-0.8,4.35,4.0,15.0,0,2,23,3,2,4,1,1,28,0
2000351,1.0,0.05,0.75,-0.7266562500000002,-0.7000000000000002,0.02665625000000001,-8,26.65625,4.625,0.203125,0.078125,0.015625,0.53968253968254,0.5214285714285714,0.6629930099174591,0.050384898760895934,0.6192088504309893,0.049999999999999996,-0.19999999999999996,-0.5000000000000011,1.0,17.0,1,1,20,4,1,5,3,1,27,1
2000352,0.0,0.05,0.75,6.242578125,6.25,0.007421875000000006,-5,7.421875,2.484375,0.171875,0.09375,0.0,0.5593750000000005,0.4906250000000001,0.4690707305053662,0.05028824215408679,0.18979363534347848,0.05,-1.3,7.549999999999999,5.0,12.0,0,2,27,2,3,5,1,2,22,0
2000353,1.0,0.05,0.75,-1.4762343749999993,-1.4499999999999993,0.026234375000000018,-10,26.234375,4.359375,0.203125,0.046875,0.0,0.5843750000000006,0.53984375,0.9666711536508181,0.050647882855362425,0.9654260100198374,0.05000000000000001,-0.4500000000000002,-1.0000000000000009,3.0,13.0,1,0,16,1,1,11,0,0,34,0
2000354,0.0,0.05,0.75,9.423937500000001,9.450000000000001,0.026062500000000016,-10,26.0625,4.21875,0.28125,0.125,0.0,0.5656250000000006,0.45546875000000053,0.12691699579314886,0.05629060460531926,0.0457545318820784,0.049999999999999996,-1.2000000000000002,10.650000000000002,5.0,21.0,0,3,34,4,0,5,0,0,18,0
2000355,1.0,0.05,0.75,-1.4298906250000003,-1.4000000000000004,0.029890625000000018,-9,29.890625,4.765625,0.203125,0.0625,0.015625,0.5269841269841273,0.4738095238095241,0.4914207700349252,0.0502145859857352,0.40345989865027493,0.05,-1.6000000000000003,0.1999999999999993,5.0,12.0,2,0,28,6,3,5,1,2,16,1
2000356,0.0,0.05,0.75,3.9325156249999997,3.9499999999999997,0.01748437500000001,-4,17.484375,3.578125,0.125,0.0625,0.015625,0.5269841269841271,0.45476190476190514,0.39011104236404365,0.050003374337060244,0.12741328222813894,0.05,-0.19999999999999996,4.1499999999999995,2.0,10.0,0,7,29,6,1,3,1,1,15,1
2000357,0.0,0.05,0.75,5.679703125,5.699999999999999,0.020296875000000013,-6,20.296875,3.984375,0.171875,0.078125,0.015625,0.5650793650793655,0.4595238095238095,0.4174655217372391,0.05006116126688861,0.1984450168077584,0.05,-0.04999999999999999,5.75,1.0,15.0,0,2,33,3,0,7,1,1,16,1
2000358,1.0,0.05,0.75,2.3487499999999994,2.3499999999999996,0.0012500000000000007,1,1.25,0.8125,0.0625,0.078125,0.015625,0.5428571428571433,0.5452380952380951,0.5332251268908106,0.05000038860754572,0.24937876311662505,0.04999999999999999,-0.050000000000000044,2.3999999999999995,1.0,8.0,2,0,12,6,2,8,0,0,33,1
2000359,1.0,0.05,0.75,0.6972343749999993,0.6999999999999993,0.0027656250000000016,-4,2.765625,1.234375,0.15625,0.09375,0.0,0.5281250000000003,0.4906250000000001,0.08998265702728965,0.050006845659192195,0.032702606171684315,0.05,-0.3500000000000001,1.049999999999999,1.0,15.0,1,0,26,8,3,3,1,0,22,0
2000360,1.0,0.05,0.75,-0.8560781250000015,-0.8500000000000014,0.006078125000000004,-6,6.078125,2.015625,0.125,0.03125,0.015625,0.5873015873015878,0.5261904761904762,0.8864257394992691,0.05000484872130102,0.8738970258068921,0.05,-0.050000000000000044,-0.8000000000000007,1.0,9.0,0,0,23,0,3,3,0,1,33,1
2000361,1.0,0.05,0.75,-1.2216718750000002,-1.2000000000000002,0.021671875000000004,-8,21.671875,3.484375,0.203125,0.078125,0.0,0.5312500000000003,0.509375,0.6129421229137854,0.050086063328928995,0.5601366856715596,0.05,-1.3000000000000003,0.0999999999999992,4.0,14.0,0,4,18,7,2,7,0,2,24,0
2000362,1.0,0.05,0.75,-3.2177343750000005,-3.1500000000000004,0.06773437500000001,-14,67.734375,7.328125,0.265625,0.046875,0.015625,0.5206349206349209,0.5476190476190472,0.9709391908557177,0.05820495296684526,0.969710920687221,0.05,-0.8000000000000002,-2.350000000000001,3.0,17.0,2,1,11,6,4,5,2,0,32,1
2000363,0.0,0.05,0.75,8.279734375,8.3,0.02026562500000001,-8,20.265625,4.015625,0.234375,0.109375,0.0,0.5656250000000006,0.4437500000000002,0.24540435536142846,0.054102242133738605,0.05625525892134538,0.05000000000000001,-1.0000000000000002,9.3,5.0,17.0,0,2,37,3,0,7,1,1,13,0
2000364,0.0,0.05,0.75,5.945390624999999,5.949999999999999,0.004609375000000003,-4,4.609375,1.921875,0.171875,0.109375,0.0,0.5500000000000004,0.45078124999999986,0.0998078415412108,0.05008367839297404,0.007539516678295536,0.05000000000000001,-1.05,6.999999999999998,6.0,12.0,0,0,36,7,1,5,0,1,14,0
2000365,1.0,0.05,0.75,-0.8439062500000007,-0.8000000000000007,0.04390625000000001,-11,43.90625,5.53125,0.25,0.078125,0.0,0.5656250000000005,0.5351562499999998,0.9820196376313408,0.09005384770302852,0.9758968958148289,0.05,-1.3500000000000003,0.5499999999999992,7.0,14.0,0,0,17,4,1,10,1,0,31,0
2000366,1.0,0.05,0.75,-2.734203124999999,-2.6999999999999993,0.034203125000000015,-13,34.203125,5.078125,0.265625,0.0625,0.0,0.5375000000000002,0.5187500000000002,0.965916327092302,0.06125159532575687,0.9630156318654741,0.05,-2.0500000000000007,-0.6500000000000004,6.0,15.0,1,2,16,6,2,10,1,0,26,0
2000367,0.0,0.05,0.75,5.443218749999999,5.449999999999999,0.006781250000000004,-5,6.78125,2.28125,0.171875,0.09375,0.0,0.5625000000000004,0.5281250000000001,0.4493376227370821,0.05002490868656516,0.3332225268764577,0.05000000000000001,-0.2,5.649999999999999,1.0,16.0,0,4,18,3,0,5,1,0,33,0
2000368,0.0,0.05,0.75,9.561421875,9.600000000000001,0.03857812500000002,-10,38.578125,5.859375,0.28125,0.125,0.0,0.5593750000000004,0.4882812500000003,0.32337195697057064,0.0677414807302877,0.17042608488385697,0.05,-1.7000000000000002,11.300000000000002,6.0,20.0,0,0,27,5,2,8,0,1,21,0
2000369,0.0,0.05,0.75,6.293499999999999,6.299999999999999,0.006500000000000004,-6,6.5,2.0,0.1875,0.09375,0.0,0.5500000000000004,0.45078125000000024,0.1266043889143647,0.05004436572022762,0.0344687660950067,0.049999999999999996,-0.8500000000000001,7.149999999999999,4.0,14.0,1,2,35,6,0,3,0,0,17,0
2000370,0.0,0.05,0.75,3.997781249999999,3.999999999999999,0.002218750000000001,0,2.21875,1.125,0.140625,0.140625,0.0,0.5406250000000004,0.5656249999999997,0.8040545280900708,0.05024326068008994,0.28179803541980397,0.05,-0.35000000000000003,4.349999999999999,1.0,17.0,2,0,7,7,1,10,0,0,37,0
2000371,1.0,0.05,0.75,-1.8741406250000006,-1.8500000000000005,0.02414062500000001,-9,24.140625,4.015625,0.1875,0.046875,0.0,0.5437500000000003,0.4999999999999999,0.8326774803420008,0.050054795312708185,0.8159783146575489,0.05,-0.45000000000000007,-1.4000000000000006,2.0,13.0,0,2,24,6,2,4,1,0,25,0
2000372,1.0,0.05,0.75,-0.7131250000000002,-0.7000000000000002,0.013125000000000005,-8,13.125,2.78125,0.1875,0.0625,0.0,0.5562500000000005,0.5351562499999999,0.9342479057348235,0.05036064709317518,0.9234802496365115,0.05,-0.4500000000000002,-0.2500000000000008,3.0,13.0,1,0,18,4,1,6,1,1,32,0
2000373,0.0,0.05,0.75,7.95128125,8.0,0.04871875000000002,-10,48.71875,6.25,0.203125,0.046875,0.0,0.5781250000000006,0.4648437500000001,0.4774473271310358,0.05007089662014945,0.4284872678162801,0.05,0.0,8.0,0.0,16.0,0,5,29,1,0,10,0,0,19,0
2000374,0.0,0.05,0.75,4.093796875,4.1,0.006203125000000004,-2,6.203125,2.140625,0.140625,0.109375,0.015625,0.5460317460317464,0.47619047619047616,0.09346369378164601,0.050033979149607694,0.010739906885301501,0.05,-0.5,4.6,4.0,12.0,0,0,29,7,3,5,0,0,19,1
2000375,0.0,0.05,0.75,7.894015624999999,7.899999999999999,0.005984375000000004,-5,5.984375,1.953125,0.203125,0.125,0.0,0.5843750000000008,0.36875000000000013,0.006370662536411187,0.05183656164579049,4.202582432848364e-05,0.05,-0.3499999999999999,8.25,7.0,14.0,0,1,57,2,0,2,0,0,2,0
2000376,1.0,0.05,0.75,-2.18475,-2.1500000000000004,0.03475,-9,34.75,5.1875,0.203125,0.0625,0.015625,0.5460317460317464,0.4976190476190477,0.6541529921244266,0.05006126039839558,0.618669235049206,0.05,-0.3500000000000001,-1.8000000000000012,1.0,16.0,2,2,22,5,1,6,0,0,25,1
2000377,0.0,0.05,0.75,5.197921875,5.199999999999999,0.0020781250000000014,-3,2.078125,1.203125,0.15625,0.109375,0.0,0.5468750000000004,0.41328124999999993,0.07397432237729122,0.05005618501635828,0.0016882658556663663,0.05,-0.35,5.549999999999999,4.0,13.0,1,0,41,7,1,9,0,0,5,0
2000378,1.0,0.05,0.75,-1.3943281249999997,-1.3499999999999996,0.04432812500000002,-10,44.328125,6.046875,0.21875,0.0625,0.015625,0.5777777777777783,0.5095238095238094,0.6898990259455257,0.05048595263810248,0.6730815236547294,0.04999999999999999,-1.5500000000000003,0.19999999999999907,6.0,12.0,1,1,23,2,0,7,0,0,29,1
2000379,1.0,0.05,0.75,-2.286140625,-2.25,0.03614062500000001,-11,36.140625,5.109375,0.21875,0.046875,0.015625,0.5682539682539689,0.5071428571428571,0.9391413855756324,0.05095687093713921,0.9344819038383797,0.049999999999999996,-0.45000000000000007,-1.800000000000001,2.0,15.0,1,2,22,2,0,8,1,0,27,1
2000380,0.0,0.05,0.75,1.548109375,1.5499999999999998,0.0018906250000000012,0,1.890625,1.109375,0.078125,0.078125,0.015625,0.5428571428571431,0.48095238095238096,0.5482749096057942,0.05000040511393653,0.1566530121980164,0.049999999999999996,-1.1,2.6499999999999995,3.0,7.0,0,1,26,5,3,9,2,0,17,1
2000381,1.0,0.05,0.75,-1.1743750000000022,-1.1500000000000021,0.024375000000000008,-7,24.375,4.5,0.171875,0.0625,0.0,0.5062500000000003,0.48593749999999974,0.6235134588190097,0.050018484792968464,0.5480458716641413,0.05,0.0,-1.1500000000000006,0.0,15.0,3,2,23,8,0,6,3,0,19,0
2000382,1.0,0.05,0.75,-2.534640625,-2.5,0.034640625000000015,-12,34.640625,4.671875,0.25,0.0625,0.0,0.5562500000000005,0.5023437500000001,0.9319872711477095,0.05356995551862351,0.9255925555497546,0.05,-0.8500000000000001,-1.6500000000000008,3.0,17.0,0,1,24,6,1,6,0,0,26,0
2000383,1.0,0.05,0.75,-3.090765625000001,-3.0500000000000007,0.040765625000000014,-11,40.765625,5.296875,0.203125,0.03125,0.0,0.5468750000000004,0.5117187499999999,0.9445819340621578,0.05011266429215838,0.9431485567479543,0.05,-0.7500000000000002,-2.3000000000000007,3.0,12.0,2,3,20,4,1,4,0,1,29,0
2000384,0.0,0.05,0.75,2.5838281250000006,2.6000000000000005,0.016171875000000002,-1,16.171875,3.484375,0.125,0.109375,0.0,0.5468750000000004,0.5046874999999998,0.4676751023685533,0.050004865060247906,0.1298064773480598,0.05,-1.5,4.100000000000001,4.0,11.0,1,0,22,5,3,8,1,0,24,0
2000385,0.0,0.05,0.75,7.58496875,7.6,0.01503125000000001,-7,15.03125,3.4375,0.21875,0.109375,0.015625,0.5746031746031751,0.45238095238095277,0.06326841375792118,0.05030121274235274,0.01578999310444604,0.049999999999999996,-0.8500000000000001,8.450000000000001,5.0,16.0,0,0,36,3,2,6,0,0,16,1
2000386,1.0,0.05,0.75,-1.79234375,-1.75,0.042343750000000006,-12,42.34375,5.625,0.234375,0.046875,0.0,0.5562500000000005,0.5515624999999997,0.9960183123581156,0.06802314040413679,0.995574805990883,0.05,-0.5500000000000003,-1.2000000000000008,6.0,12.0,1,0,15,4,3,3,0,1,37,0
2000387,1.0,0.05,0.75,-0.41400000000000126,-0.40000000000000124,0.01400000000000001,-6,14.0,3.25,0.140625,0.046875,0.0,0.5468750000000003,0.5398437499999997,0.9123874572428096,0.05001964709791501,0.8981893171771664,0.05000000000000001,-0.5000000000000001,0.09999999999999987,3.0,9.0,1,2,12,4,3,10,0,2,30,0
2000388,0.0,0.05,0.75,6.83084375,6.85,0.01915625000000001,-9,19.15625,3.53125,0.1875,0.046875,0.0,0.5656250000000004,0.5070312500000002,0.8192743705437578,0.050032041648288735,0.8066934781621964,0.05000000000000001,-0.35000000000000003,7.199999999999999,1.0,14.0,1,2,23,1,3,5,1,0,28,0
2000389,1.0,0.05,0.75,-0.9598906250000011,-0.9500000000000011,0.009890625000000007,-6,9.890625,2.609375,0.125,0.03125,0.0,0.5562500000000005,0.528125,0.8850105100636185,0.05000294567841824,0.8761530770823005,0.05,-0.40000000000000013,-0.5500000000000005,2.0,8.0,0,1,21,3,1,4,3,0,31,0
2000390,1.0,0.05,0.75,-1.813640625,-1.7999999999999998,0.01364062500000001,-6,13.640625,3.390625,0.109375,0.015625,0.0,0.5843750000000005,0.49296875,0.7280275910031391,0.050000283771420156,0.704189353045915,0.05,0.0,-1.8000000000000003,0.0,8.0,0,2,26,1,1,9,0,0,25,0
2000391,0.0,0.05,0.75,6.443812499999997,6.4499999999999975,0.006187500000000004,-3,6.1875,1.78125,0.203125,0.15625,0.0,0.5500000000000005,0.46015625000000004,0.18832279597973633,0.05362060763960683,0.00481913979325895,0.049999999999999996,-0.4,6.849999999999998,2.0,21.0,1,2,33,5,0,4,1,0,18,0
2000392,1.0,0.05,0.75,-0.15942187500000124,-0.15000000000000124,0.009421875000000007,-6,9.421875,2.578125,0.171875,0.078125,0.0,0.5781250000000006,0.5257812499999998,0.7120003001608142,0.050051262761463586,0.6276954129331904,0.05000000000000001,-0.9500000000000002,0.7999999999999993,4.0,12.0,0,1,22,3,0,4,0,0,34,0
2000393,1.0,0.05,0.75,-0.787015625,-0.75,0.03701562500000002,-10,37.015625,5.453125,0.21875,0.0625,0.0,0.5718750000000006,0.5562499999999997,0.9874727538498675,0.05638069091328447,0.9864874550054731,0.049999999999999996,-0.30000000000000004,-0.4500000000000012,3.0,15.0,0,0,13,3,1,10,0,2,35,0
2000394,1.0,0.05,0.75,0.5944374999999996,0.5999999999999996,0.0055625000000000015,-4,5.5625,1.53125,0.140625,0.078125,0.0,0.5062500000000002,0.4906249999999998,0.6381293701085731,0.05001706652653125,0.37100634579967245,0.049999999999999996,-0.55,1.1499999999999995,2.0,12.0,0,1,21,12,4,8,0,1,17,0
2000395,0.0,0.05,0.75,3.1992499999999997,3.1999999999999997,0.0007500000000000004,0,0.75,0.59375,0.125,0.125,0.0,0.5218750000000003,0.4929687499999999,0.41853848204662153,0.050023351183028426,0.04118349908996031,0.049999999999999996,-1.05,4.25,4.0,12.0,1,0,22,10,3,8,0,0,20,0
2000396,1.0,0.05,0.75,-1.0178906250000008,-1.0000000000000009,0.01789062500000001,-7,17.890625,3.484375,0.171875,0.0625,0.0,0.5375000000000003,0.4882812499999999,0.7189460208040164,0.05003462457786361,0.6368081937171485,0.05,-0.3500000000000001,-0.6500000000000008,1.0,14.0,0,3,25,7,1,5,1,0,22,0
2000397,1.0,0.05,0.75,-0.05510937500000072,-0.05000000000000071,0.005109375000000004,-3,5.109375,1.921875,0.09375,0.046875,0.0,0.5375000000000004,0.48828124999999956,0.5868452853275006,0.05000030809743211,0.4176527258964985,0.05,-0.3500000000000001,0.2999999999999998,1.0,8.0,0,1,26,8,2,5,0,1,21,0
2000398,0.0,0.05,0.75,5.642015624999999,5.6499999999999995,0.007984375000000005,-6,7.984375,2.171875,0.15625,0.0625,0.0,0.5250000000000002,0.4625,0.428191985594082,0.05002164635150622,0.20518869263816666,0.05000000000000001,-0.75,6.3999999999999995,3.0,11.0,0,2,27,8,2,12,2,0,11,0
2000399,0.0,0.05,0.75,9.324546875,9.35,0.025453125,-9,25.453125,4.078125,0.25,0.109375,0.0,0.5625000000000006,0.4718750000000005,0.11715256200679684,0.052819975143611426,0.05318952265674533,0.05,-0.14999999999999997,9.500000000000002,3.0,20.0,0,1,33,4,1,3,1,0,21,0
2000400,1.0,0.05,0.75,0.2608593750000007,0.3000000000000007,0.039140625000000005,-10,39.140625,5.328125,0.21875,0.0625,0.0,0.5562500000000006,0.5914062499999994,0.9981594426981437,0.10692370299395688,0.9975158885942863,0.049999999999999996,-0.8500000000000001,1.1499999999999995,8.0,10.0,1,0,5,4,2,7,1,0,44,0
2000401,0.0,0.05,0.75,8.069671875000001,8.100000000000001,0.030328125000000008,-9,30.328125,4.546875,0.203125,0.0625,0.0,0.5718750000000006,0.43906250000000024,0.34263271412146307,0.05038243066654711,0.1915499051997524,0.05,-0.3,8.4,3.0,14.0,0,4,38,2,1,3,0,0,16,0
2000402,1.0,0.05,0.75,-2.954796874999997,-2.899999999999997,0.054796875000000016,-12,54.796875,6.828125,0.21875,0.03125,0.015625,0.5587301587301592,0.49285714285714327,0.8561032654545024,0.050365447272036935,0.8518852243758256,0.05,-0.3500000000000001,-2.5500000000000007,1.0,15.0,1,3,23,4,0,8,0,0,24,1
2000403,0.0,0.05,0.75,7.086828124999999,7.1,0.01317187500000001,-6,13.171875,3.265625,0.1875,0.09375,0.015625,0.587301587301588,0.4595238095238098,0.03818011855924471,0.05005481814256511,0.010247762472808779,0.05,-0.19999999999999996,7.300000000000001,4.0,14.0,0,0,38,1,1,2,0,1,20,1
2000404,1.0,0.05,0.75,-1.1430156250000014,-1.1000000000000014,0.04301562500000001,-9,43.015625,5.609375,0.203125,0.0625,0.0,0.5343750000000004,0.5164062499999998,0.9059116119304478,0.050554889959683214,0.8918103844606746,0.05000000000000001,0.0,-1.100000000000001,0.0,17.0,1,1,20,5,4,4,2,0,27,0
2000405,0.0,0.05,0.75,8.977875,9.0,0.02212500000000001,-8,22.125,4.09375,0.234375,0.109375,0.0,0.5812500000000006,0.39921875000000023,0.006386793848550775,0.05038483990119584,0.00046354834729986924,0.05,-0.6499999999999999,9.650000000000002,7.0,15.0,0,2,49,2,0,3,0,0,8,0
2000406,1.0,0.05,0.75,0.1955468749999993,0.1999999999999993,0.004453125000000003,-5,4.453125,1.546875,0.140625,0.0625,0.015625,0.5333333333333335,0.4880952380952378,0.5846170607806186,0.050022248490234886,0.36643176296778807,0.05,-0.19999999999999996,0.39999999999999936,1.0,12.0,1,2,23,7,2,7,0,1,20,1
2000407,1.0,0.05,0.75,-2.303156249999998,-2.2499999999999982,0.05315625,-11,53.15625,6.53125,0.203125,0.03125,0.0,0.5812500000000006,0.5585937499999999,0.9378823588794691,0.0501885586297,0.9374749866626502,0.05,-0.40000000000000013,-1.8500000000000003,2.0,13.0,0,1,13,1,2,8,0,1,38,0
2000408,1.0,0.05,0.75,-2.3720781250000016,-2.3500000000000014,0.022078125000000014,-9,22.078125,3.984375,0.1875,0.046875,0.0,0.5562500000000004,0.49062500000000026,0.7152179086420649,0.05001786606437258,0.6930257191795208,0.049999999999999996,-0.4,-1.950000000000001,1.0,14.0,1,1,26,4,1,7,1,0,23,0
2000409,0.0,0.05,0.75,5.4918125,5.5,0.008187500000000006,-4,8.1875,2.59375,0.1875,0.125,0.0,0.5500000000000004,0.51171875,0.45495726176677204,0.05021200399198052,0.17423818371889582,0.04999999999999999,-1.2,6.699999999999999,4.0,16.0,1,1,21,4,3,6,1,0,27,0
2000410,0.0,0.05,0.75,4.349187499999999,4.35,0.0008125000000000005,-2,0.8125,0.65625,0.15625,0.125,0.0,0.5656250000000005,0.5515624999999995,0.5942699882275477,0.05006259554373902,0.3010828301242352,0.05,-1.05,5.399999999999999,3.0,15.0,0,1,16,4,1,3,0,1,38,0
2000411,1.0,0.05,0.75,0.9421562499999984,0.9499999999999984,0.007843750000000005,-5,7.84375,2.59375,0.171875,0.09375,0.015625,0.5333333333333335,0.5809523809523808,0.899729047102656,0.050359377549308165,0.8716335997757175,0.05,-0.8500000000000001,1.7999999999999994,3.0,14.0,2,2,3,7,1,7,0,0,41,1
2000412,0.0,0.05,0.75,3.5958749999999986,3.5999999999999988,0.004125000000000003,-3,4.125,1.8125,0.109375,0.0625,0.0,0.5531250000000003,0.47890625,0.29626882632056617,0.05000067532721547,0.11648376278998226,0.05000000000000001,-0.6000000000000001,4.199999999999999,3.0,8.0,0,3,26,3,4,8,0,2,18,0
2000413,1.0,0.05,0.75,-2.5489375,-2.5,0.048937500000000016,-12,48.9375,5.9375,0.265625,0.078125,0.0,0.5812500000000006,0.4531250000000001,0.45464301265693047,0.052547338088152,0.3871400305774134,0.05,-0.7000000000000002,-1.8000000000000016,2.0,20.0,0,2,36,1,2,5,0,0,18,0
2000414,0.0,0.05,0.75,5.842296875,5.85,0.007703125000000006,-4,7.703125,2.453125,0.171875,0.109375,0.015625,0.5523809523809527,0.5047619047619044,0.6824724072629474,0.050751861435038736,0.2941058576439279,0.049999999999999996,-0.04999999999999999,5.9,1.0,17.0,0,0,24,6,1,6,1,0,25,1
2000415,1.0,0.05,0.75,-1.318609374999999,-1.299999999999999,0.018609375000000015,-8,18.609375,3.703125,0.140625,0.015625,0.03125,0.5548387096774198,0.5217741935483869,0.9835380878605662,0.05008640750469779,0.9816087872585938,0.049999999999999996,-0.10000000000000009,-1.2000000000000004,2.0,8.0,1,4,19,2,0,3,2,0,31,2
2000416,1.0,0.05,0.75,-3.7034531249999985,-3.6499999999999986,0.05345312500000002,-14,53.453125,6.546875,0.25,0.03125,0.0,0.5406250000000004,0.4859375,0.9378273028252677,0.05131905928398024,0.936151097542128,0.05,-0.55,-3.1000000000000014,2.0,16.0,1,3,23,6,2,8,0,0,21,0
2000417,1.0,0.05,0.75,-1.7774375,-1.75,0.027437500000000007,-10,27.4375,4.25,0.1875,0.03125,0.0,0.5500000000000005,0.5304687499999998,0.9918248333327739,0.050872921549777746,0.991238981581494,0.049999999999999996,-0.30000000000000004,-1.4500000000000004,3.0,11.0,2,2,16,4,2,5,0,0,33,0
2000418,0.0,0.05,0.75,4.945578124999999,4.949999999999999,0.004421875000000002,-1,4.421875,1.765625,0.171875,0.15625,0.0,0.5468750000000003,0.45078125000000013,0.04450256395161741,0.052352521817066046,0.000699203745066692,0.049999999999999996,-1.2000000000000002,6.1499999999999995,7.0,14.0,0,1,35,7,1,5,0,1,14,0
2000419,0.0,0.05,0.75,6.287703125,6.3,0.01229687500000001,-4,12.296875,3.109375,0.1875,0.125,0.0,0.5437500000000004,0.5421874999999997,0.8413268209164606,0.052439407665879643,0.5514349330911439,0.049999999999999996,-0.9000000000000001,7.2,3.0,17.0,0,1,15,6,3,5,1,0,33,0
2000420,1.0,0.05,0.75,-1.1869375000000013,-1.1500000000000012,0.036937500000000005,-9,36.9375,5.40625,0.1875,0.046875,0.0,0.5468750000000004,0.5609374999999998,0.972990316154621,0.05036845192319292,0.9718445705136174,0.05,-0.5500000000000002,-0.6000000000000008,4.0,11.0,2,1,10,4,1,7,1,1,37,0
2000421,0.0,0.05,0.75,5.193109375,5.199999999999999,0.006890625000000005,-4,6.890625,2.140625,0.140625,0.078125,0.015625,0.571428571428572,0.43809523809523804,0.1671275215990593,0.05001506425081636,0.018230549786060507,0.05,-0.04999999999999999,5.25,1.0,13.0,0,1,36,4,0,11,0,0,11,1
2000422,0.0,0.05,0.75,2.1981562499999994,2.1999999999999993,0.001843750000000001,1,1.84375,1.21875,0.09375,0.109375,0.015625,0.5428571428571433,0.4476190476190479,0.14307353622101182,0.05001194696789489,0.003455574020258017,0.05,-0.14999999999999997,2.3499999999999996,3.0,10.0,0,0,36,8,0,5,1,0,13,1
2000423,0.0,0.05,0.75,3.198609374999999,3.199999999999999,0.0013906250000000006,0,1.390625,0.734375,0.140625,0.140625,0.015625,0.5460317460317463,0.49999999999999983,0.5969216771941733,0.050085491758886075,0.07235000760677791,0.049999999999999996,-0.95,4.1499999999999995,4.0,14.0,0,1,23,5,0,10,2,2,20,1
2000424,0.0,0.05,0.75,4.8376562499999975,4.849999999999998,0.01234375000000001,-4,12.34375,2.96875,0.140625,0.078125,0.015625,0.5587301587301592,0.47142857142857125,0.43398778742894756,0.05002105967523922,0.14917216217915774,0.05,-0.8,5.649999999999999,2.0,12.0,1,1,29,4,0,9,1,0,18,1
2000425,0.0,0.05,0.75,2.193640625,2.2,0.006359375000000004,0,6.359375,2.265625,0.125,0.125,0.0,0.5156250000000004,0.5070312499999998,0.6784092115472355,0.05001152688523064,0.1734442171213172,0.05,-0.65,2.8500000000000005,2.0,14.0,1,2,19,10,1,6,1,0,24,0
2000426,0.0,0.05,0.75,4.84390625,4.85,0.0060937500000000045,-3,6.09375,2.3125,0.140625,0.09375,0.0,0.5468750000000003,0.5070312499999998,0.4953456865724149,0.050030700809571345,0.18558929272957603,0.049999999999999996,-0.4,5.25,2.0,13.0,2,2,19,3,4,8,0,1,25,0
2000427,0.0,0.05,0.75,4.796999999999999,4.799999999999999,0.003000000000000002,-3,3.0,1.28125,0.140625,0.09375,0.015625,0.5746031746031752,0.4547619047619049,0.09583448204548292,0.050015798539467846,0.009930108563401412,0.049999999999999996,-0.5,5.299999999999999,4.0,11.0,0,0,35,3,2,7,0,0,16,1
2000428,1.0,0.05,0.75,-2.050953125000001,-2.000000000000001,0.05095312500000001,-10,50.953125,6.328125,0.21875,0.0625,0.0,0.5500000000000004,0.48593750000000024,0.6088225199973499,0.05026508457027008,0.5634714555300266,0.05,-1.8500000000000003,-0.15000000000000036,5.0,13.0,0,2,28,5,0,5,1,2,21,0
2000429,0.0,0.05,0.75,5.345500000000001,5.350000000000001,0.004500000000000002,-3,4.5,1.6875,0.171875,0.125,0.0,0.5468750000000004,0.4671875,0.37967230940500407,0.050354941575403246,0.031292810505512664,0.05,-0.7,6.050000000000001,4.0,15.0,0,1,31,7,0,7,0,2,16,0
2000430,1.0,0.05,0.75,-1.273234375,-1.25,0.02323437500000001,-8,23.234375,4.046875,0.171875,0.046875,0.0,0.5281250000000005,0.5351562499999998,0.9361885116029249,0.05006979523552236,0.9315239786540938,0.05,-0.15000000000000013,-1.1000000000000005,3.0,11.0,1,2,14,4,3,8,4,0,28,0
2000431,1.0,0.05,0.75,-2.1374687499999987,-2.0999999999999988,0.037468750000000016,-10,37.46875,4.5625,0.203125,0.046875,0.0,0.5281250000000004,0.5140624999999998,0.9585072109487558,0.050446404413735005,0.9545204832120489,0.05000000000000001,-0.25,-1.850000000000001,2.0,14.0,3,0,20,7,3,2,0,0,29,0
2000432,1.0,0.05,0.75,1.793031249999999,1.799999999999999,0.0069687500000000045,-1,6.96875,2.1875,0.109375,0.09375,0.015625,0.5269841269841274,0.5214285714285712,0.8399699143711892,0.05000933591173749,0.49191314676450376,0.05,-0.4500000000000002,2.249999999999999,3.0,10.0,0,1,18,7,3,6,2,1,25,1
2000433,1.0,0.05,0.75,-0.9517968750000004,-0.9000000000000004,0.05179687500000003,-10,51.796875,6.609375,0.1875,0.03125,0.0,0.5718750000000006,0.5960937499999995,0.9964275788352175,0.052719250169296066,0.9963521443256467,0.05000000000000001,-0.20000000000000018,-0.7000000000000004,4.0,10.0,0,0,5,4,0,9,0,1,45,0
2000434,1.0,0.05,0.75,-0.9846406249999993,-0.9499999999999993,0.03464062500000001,-10,34.640625,5.234375,0.203125,0.046875,0.0,0.5625000000000004,0.5609374999999996,0.9851944681587081,0.05209052917398555,0.9845644255980086,0.05,-0.10000000000000009,-0.8500000000000006,2.0,14.0,0,1,11,5,0,9,0,1,37,0
2000435,0.0,0.05,0.75,9.226781249999998,9.249999999999998,0.023218750000000007,-9,23.21875,4.0,0.25,0.109375,0.0,0.5625000000000004,0.4250000000000002,0.1354463977892502,0.05597336147803519,0.02238309900269787,0.05000000000000001,-0.6000000000000001,9.849999999999998,3.0,20.0,2,1,41,3,1,4,0,0,12,0
2000436,0.0,0.05,0.75,5.169265625,5.2,0.030734375000000005,-4,30.734375,4.734375,0.140625,0.078125,0.015625,0.5523809523809527,0.4690476190476193,0.03884274871398147,0.05000633289334472,0.009946470993891,0.05,-0.5,5.699999999999999,4.0,10.0,0,3,30,5,0,5,1,0,19,1
2000437,1.0,0.05,0.75,-2.1544375000000016,-2.1000000000000014,0.054437500000000014,-11,54.4375,6.5625,0.234375,0.0625,0.015625,0.5174603174603178,0.4976190476190475,0.7855692230469025,0.05106202098600141,0.7677819580630744,0.05,-0.050000000000000044,-2.0500000000000003,1.0,18.0,0,5,20,7,1,6,3,0,21,1
2000438,1.0,0.05,0.75,2.094640625,2.0999999999999996,0.005359375000000004,0,5.359375,1.953125,0.125,0.125,0.0,0.5187500000000003,0.49999999999999994,0.5457118238046742,0.050008352202700106,0.1134223437593802,0.05,-0.7000000000000002,2.799999999999999,2.0,14.0,1,0,20,9,2,11,2,0,19,0
2000439,0.0,0.05,0.75,6.288624999999998,6.299999999999998,0.011375000000000005,-7,11.375,2.71875,0.1875,0.078125,0.0,0.5250000000000002,0.46250000000000013,0.33275688531446435,0.05005446206324761,0.17807736217173278,0.05000000000000001,-0.04999999999999999,6.349999999999999,1.0,16.0,0,1,30,10,2,6,0,1,14,0
2000440,1.0,0.05,0.75,-2.275437500000002,-2.2500000000000018,0.025437500000000016,-10,25.4375,4.25,0.203125,0.046875,0.0,0.5718750000000007,0.48593750000000013,0.7338778299687136,0.05006796562167872,0.712679786897245,0.05,-0.4,-1.850000000000001,1.0,15.0,0,0,28,3,3,8,0,0,22,0
2000441,1.0,0.05,0.75,-3.333203124999999,-3.299999999999999,0.033203125000000014,-13,33.203125,4.515625,0.234375,0.03125,0.0,0.5437500000000004,0.5046875000000002,0.9254912154264608,0.0505206680849455,0.9240115550015722,0.05,-1.3000000000000003,-2.0,5.0,12.0,1,1,20,6,2,10,0,1,23,0
2000442,1.0,0.05,0.75,-3.507343749999999,-3.4499999999999993,0.05734375000000002,-13,57.34375,6.46875,0.234375,0.03125,0.0,0.5625000000000004,0.4906249999999999,0.9659575702761785,0.05101857502554294,0.9647062875376669,0.049999999999999996,-0.55,-2.9000000000000004,3.0,14.0,1,1,25,3,3,8,0,0,23,0
2000443,1.0,0.05,0.75,-1.794578125000001,-1.700000000000001,0.09457812499999997,-14,94.578125,9.015625,0.25,0.03125,0.0,0.5406250000000004,0.6031249999999996,0.999911376763059,0.22234760993238142,0.9997137083687391,0.049999999999999996,-0.6000000000000003,-1.1000000000000003,9.0,9.0,4,0,1,3,0,7,2,1,46,0
2000444,1.0,0.05,0.75,-1.7420781249999993,-1.6999999999999993,0.04207812500000001,-10,42.078125,5.765625,0.234375,0.078125,0.0,0.5343750000000004,0.47656249999999994,0.5973903525586637,0.051307059454013294,0.5161457725606095,0.05,-0.3500000000000001,-1.350000000000001,1.0,19.0,1,2,25,7,2,9,0,1,17,0
2000445,0.0,0.05,0.75,6.0244375,6.050000000000001,0.02556250000000001,-7,25.5625,4.71875,0.171875,0.0625,0.015625,0.53968253968254,0.49047619047619057,0.5448731117891418,0.05004197546892672,0.43934987311277335,0.05,-0.55,6.6,1.0,14.0,3,1,24,4,1,6,1,1,22,1
2000446,1.0,0.05,0.75,-5.375890624999999,-5.299999999999999,0.07589062500000002,-16,75.890625,7.359375,0.265625,0.015625,0.0,0.5593750000000004,0.50703125,0.9623699494606842,0.05091040656095399,0.9621556810871431,0.05,-0.9500000000000002,-4.350000000000001,3.0,15.0,1,2,20,2,4,9,0,1,25,0
2000447,1.0,0.05,0.75,-0.7308281250000002,-0.7000000000000002,0.030828125000000012,-8,30.828125,4.546875,0.1875,0.0625,0.015625,0.5777777777777783,0.507142857142857,0.9180635910264394,0.05060653980550947,0.8917063311654111,0.049999999999999996,-0.15000000000000013,-0.5500000000000009,3.0,13.0,1,0,25,1,2,5,0,1,28,1
2000448,0.0,0.05,0.75,8.959078125000001,9.000000000000002,0.04092187500000002,-11,40.921875,5.265625,0.21875,0.046875,0.0,0.5687500000000004,0.4203125000000001,0.2828263015356031,0.05039327994814479,0.19110727583401935,0.05,-0.04999999999999999,9.050000000000002,1.0,16.0,1,3,40,2,1,7,0,0,10,0
2000449,0.0,0.05,0.75,5.842062499999999,5.849999999999999,0.007937500000000005,-6,7.9375,2.25,0.171875,0.078125,0.0,0.5500000000000004,0.4343750000000001,0.22237608356054087,0.05003497740691495,0.0535241824722052,0.05,-0.65,6.499999999999998,3.0,13.0,0,4,36,6,0,6,0,0,12,0
2000450,1.0,0.05,0.75,-0.5694531249999998,-0.5499999999999998,0.01945312500000001,-8,19.453125,3.765625,0.171875,0.046875,0.0,0.5687500000000006,0.5164062499999997,0.9458817662770397,0.050248536540806236,0.9350950095375767,0.05,-0.4500000000000002,-0.10000000000000053,3.0,11.0,1,0,22,3,1,7,0,1,29,0
2000451,0.0,0.05,0.75,4.697890624999999,4.699999999999999,0.0021093750000000014,-2,2.109375,1.203125,0.15625,0.125,0.0,0.5437500000000004,0.4906250000000001,0.3586963670288863,0.05012788559013822,0.03313176425982431,0.05000000000000001,-0.75,5.45,2.0,16.0,0,0,28,5,2,5,3,0,21,0
2000452,1.0,0.05,0.75,0.7284531249999983,0.7499999999999982,0.02154687500000001,-9,21.546875,4.109375,0.21875,0.078125,0.015625,0.5650793650793655,0.59047619047619,0.996095051360035,0.10898024307934251,0.9943216551392032,0.05,-0.15000000000000013,0.8999999999999995,3.0,16.0,0,0,8,2,3,4,2,0,44,1
2000453,0.0,0.05,0.75,3.2924843749999995,3.2999999999999994,0.007515625000000003,-2,7.515625,2.171875,0.125,0.09375,0.0,0.5250000000000004,0.5070312499999999,0.569742505603874,0.050005097711245554,0.23687116370187203,0.05,-0.35000000000000003,3.6499999999999995,1.0,13.0,1,1,21,9,0,6,1,1,24,0
2000454,0.0,0.05,0.75,4.4981093749999985,4.499999999999998,0.0018906250000000012,-3,1.890625,1.171875,0.15625,0.109375,0.0,0.5843750000000006,0.51171875,0.20003125956670284,0.05001560129518091,0.07371795930175265,0.05,-0.4,4.899999999999999,2.0,15.0,0,0,24,2,1,8,0,0,29,0
2000455,0.0,0.05,0.75,7.574796874999999,7.599999999999999,0.02520312500000001,-8,25.203125,4.171875,0.21875,0.09375,0.0,0.5437500000000004,0.45078125000000024,0.5295594158593473,0.05238799201562832,0.22691973885085404,0.05,-0.25,7.85,2.0,18.0,1,2,33,6,2,5,0,0,15,0
2000456,0.0,0.05,0.75,5.787390625,5.8,0.01260937500000001,-3,12.609375,3.203125,0.203125,0.15625,0.015625,0.5682539682539689,0.5595238095238092,0.629349044673945,0.05286820329679184,0.2799156781569087,0.049999999999999996,-1.2500000000000002,7.05,4.0,19.0,0,0,15,3,1,4,1,1,38,1
2000457,1.0,0.05,0.75,0.07601562499999964,0.09999999999999964,0.023984375,-7,23.984375,4.296875,0.15625,0.046875,0.03125,0.5677419354838714,0.5532258064516127,0.9492152984610822,0.05023909351215531,0.9428487976973866,0.049999999999999996,-1.35,1.4499999999999997,6.0,7.0,0,0,16,3,0,5,2,0,36,2
2000458,1.0,0.05,0.75,-5.311531250000002,-5.250000000000002,0.06153125000000003,-15,61.53125,6.15625,0.234375,0.0,0.0,0.5625000000000004,0.48124999999999996,0.9460817786480485,0.05013530234423303,0.945796438269609,0.05000000000000001,-1.1500000000000001,-4.1000000000000005,3.0,12.0,0,4,28,2,0,6,2,0,22,0
2000459,1.0,0.05,0.75,-0.31531249999999983,-0.2999999999999998,0.015312500000000012,-5,15.3125,3.5625,0.125,0.046875,0.0,0.5281250000000003,0.5023437500000001,0.7706789165694481,0.05000394546050447,0.6897504633288839,0.05000000000000001,-0.9500000000000002,0.6499999999999998,4.0,7.0,2,1,20,4,6,7,2,0,22,0
2000460,0.0,0.05,0.75,4.197203125000001,4.2,0.002796875000000002,0,2.796875,1.421875,0.140625,0.140625,0.0,0.5500000000000004,0.38750000000000007,0.042652497874742304,0.0505967429840452,6.402930708427812e-05,0.05,-0.6500000000000001,4.85,6.0,12.0,0,1,50,7,1,2,0,0,3,0
2000461,1.0,0.05,0.75,1.5634374999999996,1.5999999999999996,0.036562500000000005,-8,36.5625,5.6875,0.21875,0.09375,0.015625,0.5523809523809527,0.6047619047619043,0.9953132151999093,0.13286175940336117,0.9920804869522002,0.05000000000000001,-1.0500000000000005,2.6499999999999995,9.0,11.0,2,0,3,3,1,5,2,0,47,1
2000462,0.0,0.05,0.75,2.7421562500000003,2.7500000000000004,0.007843750000000002,0,7.84375,2.34375,0.09375,0.09375,0.0,0.5375000000000004,0.5304687499999998,0.5556514423712592,0.05000273436944241,0.1996941252933053,0.05,-0.75,3.5000000000000004,2.0,10.0,0,0,18,6,2,7,3,0,28,0
2000463,1.0,0.05,0.75,-2.2310468749999974,-2.1999999999999975,0.031046875000000012,-11,31.046875,4.421875,0.21875,0.046875,0.0,0.5812500000000006,0.4765625000000004,0.6231971096157987,0.05018201735105357,0.6015175918054656,0.05000000000000001,-0.3500000000000001,-1.8500000000000012,1.0,16.0,1,1,32,1,1,4,0,0,24,0
2000464,1.0,0.05,0.75,-1.292234375,-1.25,0.042234375000000025,-10,42.234375,5.609375,0.203125,0.046875,0.0,0.5750000000000004,0.5445312499999997,0.981508689116754,0.05140217339811602,0.9804809754674011,0.05,-0.8000000000000003,-0.4500000000000005,4.0,12.0,0,3,15,1,1,7,1,0,36,0
2000465,1.0,0.05,0.75,-0.4555156250000011,-0.45000000000000107,0.005515625000000003,-6,5.515625,1.671875,0.171875,0.078125,0.0,0.5406250000000005,0.47187500000000016,0.25440967501025435,0.050010577067595284,0.13929539254196432,0.05,-1.4000000000000004,0.95,4.0,12.0,0,2,30,8,1,3,0,0,20,0
2000466,0.0,0.05,0.75,7.579015624999999,7.6,0.020984375000000013,-8,20.984375,3.859375,0.21875,0.09375,0.0,0.5437500000000005,0.45546875000000003,0.35873883051598787,0.0508961974190115,0.16412695824968707,0.05,-0.5,8.099999999999998,2.0,18.0,1,4,31,5,2,4,0,0,17,0
2000467,1.0,0.05,0.75,0.1770156249999975,0.1999999999999975,0.022984375,-9,22.984375,3.859375,0.21875,0.078125,0.015625,0.5492063492063496,0.5761904761904757,0.9904132247610915,0.07417982332694346,0.9880936420770643,0.049999999999999996,-0.15000000000000013,0.34999999999999887,3.0,16.0,1,1,9,5,1,3,1,0,42,1
2000468,1.0,0.05,0.75,-2.4919687499999994,-2.4499999999999993,0.04196875000000003,-12,41.96875,5.5,0.234375,0.046875,0.0,0.5531250000000003,0.5375,0.9735518594027436,0.052104226803373524,0.9728039082156733,0.05000000000000001,-0.6500000000000001,-1.8000000000000007,4.0,14.0,1,2,16,4,3,3,0,0,35,0
2000469,1.0,0.05,0.75,-1.7144843750000012,-1.700000000000001,0.014484375000000011,-8,14.484375,2.953125,0.15625,0.03125,0.015625,0.5714285714285721,0.5238095238095242,0.9080201787511814,0.050017456952916046,0.9034418263487392,0.05000000000000001,-0.3500000000000001,-1.3500000000000008,1.0,11.0,1,1,21,1,1,5,1,1,31,1
2000470,0.0,0.05,0.75,11.062906250000001,11.100000000000001,0.03709375000000001,-13,37.09375,4.28125,0.296875,0.09375,0.015625,0.5492063492063496,0.40952380952381,0.04242833819643048,0.05375222608122722,0.01583875983564551,0.05,-0.6000000000000001,11.700000000000001,5.0,20.0,1,2,45,5,0,0,1,0,9,1
2000471,1.0,0.05,0.75,2.784187499999999,2.799999999999999,0.01581250000000001,-6,15.8125,3.40625,0.234375,0.140625,0.0,0.5718750000000006,0.5492187499999996,0.9843548199555558,0.21886467805363494,0.8375839613792875,0.05,-0.15000000000000013,2.949999999999999,3.0,21.0,2,0,15,1,1,7,1,0,37,0
2000472,0.0,0.05,0.75,4.588328124999999,4.6,0.011671875000000007,-3,11.671875,2.953125,0.140625,0.09375,0.015625,0.53968253968254,0.473809523809524,0.09502277236659482,0.05001360611213836,0.014566319623511225,0.05000000000000001,-0.24999999999999994,4.8500000000000005,3.0,12.0,0,2,29,6,1,5,2,0,18,1
2000473,1.0,0.05,0.75,0.037515625000000705,0.05000000000000071,0.01248437500000001,-6,12.484375,2.953125,0.15625,0.0625,0.0,0.5562500000000006,0.5328125,0.876997957877123,0.050114572818277296,0.8362695904223169,0.05,-0.6500000000000001,0.6999999999999994,3.0,11.0,1,1,17,4,1,7,1,0,32,0
2000474,1.0,0.05,0.75,2.4465000000000003,2.45,0.0035000000000000022,-4,3.5,1.46875,0.1875,0.125,0.0,0.5406250000000004,0.44140624999999983,0.29291122020639837,0.051539396547241496,0.010808525033742654,0.049999999999999996,-1.0,3.4499999999999993,4.0,16.0,1,2,33,6,1,10,1,0,10,0
2000475,1.0,0.05,0.75,-0.16162500000000035,-0.15000000000000036,0.011625000000000009,-6,11.625,2.875,0.15625,0.0625,0.015625,0.5809523809523816,0.5285714285714284,0.7509076804397394,0.050025596475316084,0.7119587265068286,0.04999999999999999,-1.4500000000000002,1.2999999999999994,4.0,10.0,0,1,19,2,1,8,0,0,32,1
2000476,1.0,0.05,0.75,-1.476031250000001,-1.450000000000001,0.02603125000000002,-8,26.03125,4.59375,0.15625,0.03125,0.0,0.5625000000000004,0.5445312499999998,0.9621174921421325,0.050037744128644326,0.9606503004073744,0.05000000000000001,-0.5,-0.9500000000000006,2.0,10.0,0,2,17,2,1,4,2,1,35,0
2000477,0.0,0.05,0.75,5.796109374999999,5.799999999999999,0.0038906250000000017,-4,3.890625,1.421875,0.15625,0.09375,0.0,0.5468750000000006,0.4226562499999999,0.3334453574216578,0.05013328905512367,0.017998294704828027,0.05,-0.7,6.499999999999999,3.0,13.0,2,0,39,6,0,9,0,1,7,0
2000478,0.0,0.05,0.75,3.198187499999999,3.1999999999999993,0.0018125000000000012,-1,1.8125,1.09375,0.109375,0.09375,0.015625,0.5428571428571433,0.5071428571428571,0.4123112421999018,0.05000502421427029,0.10078309948611672,0.05,-0.4,3.5999999999999996,2.0,11.0,0,0,21,6,4,8,1,0,23,1
2000479,1.0,0.05,0.75,-2.2781875,-2.25,0.028187500000000008,-10,28.1875,4.625,0.203125,0.046875,0.0,0.5500000000000004,0.49296875,0.8236980840103044,0.050108294705289526,0.8079003604041591,0.05,-0.9500000000000002,-1.3000000000000003,4.0,12.0,0,2,23,3,5,9,1,1,20,0
2000480,1.0,0.05,0.75,-2.0320468750000016,-2.0000000000000018,0.032046874999999996,-11,32.046875,4.421875,0.25,0.078125,0.0,0.5406250000000005,0.48125000000000007,0.8029396232215923,0.0535128958641331,0.7650387813206616,0.049999999999999996,-0.19999999999999996,-1.8000000000000014,2.0,19.0,1,1,26,7,1,8,0,1,19,0
2000481,0.0,0.05,0.75,6.347312499999999,6.35,0.0026875000000000015,-2,2.6875,1.21875,0.1875,0.15625,0.0,0.5437500000000005,0.38984375000000004,0.00735159883921158,0.06031694699220596,2.1676300884287263e-05,0.049999999999999996,-0.6500000000000001,7.000000000000001,6.0,16.0,0,1,49,7,2,2,0,1,2,0
2000482,1.0,0.05,0.75,-1.785437500000001,-1.7500000000000009,0.0354375,-9,35.4375,5.40625,0.1875,0.046875,0.0,0.5593750000000004,0.5117187499999999,0.8680468401700018,0.05006808003407227,0.8585820145018597,0.049999999999999996,-0.55,-1.2000000000000006,2.0,13.0,0,4,21,2,1,6,1,2,27,0
2000483,1.0,0.05,0.75,-0.7241406250000002,-0.7000000000000002,0.024140625,-5,24.140625,4.640625,0.125,0.046875,0.0,0.5468750000000006,0.5070312499999999,0.6811828133230639,0.05000169953316778,0.6128766406026546,0.05,-0.55,-0.15000000000000058,2.0,9.0,1,2,19,4,3,10,1,0,24,0
2000484,0.0,0.05,0.75,4.242265625,4.25,0.007734375000000005,-2,7.734375,2.203125,0.125,0.09375,0.0,0.5656250000000004,0.48125,0.270830318125518,0.05000981740343121,0.039841459810646,0.05000000000000001,-0.6500000000000001,4.8999999999999995,4.0,10.0,0,2,27,3,3,8,0,0,21,0
2000485,1.0,0.05,0.75,-2.29590625,-2.25,0.04590625000000002,-11,45.90625,6.0625,0.203125,0.03125,0.0,0.5531250000000004,0.5539062499999998,0.9862639214769843,0.05069140451606777,0.9860571767849989,0.05000000000000001,-0.7000000000000001,-1.5500000000000003,4.0,11.0,0,2,12,5,0,8,1,1,35,0
2000486,0.0,0.05,0.75,6.384046875,6.4,0.01595312500000001,-4,15.953125,3.609375,0.171875,0.109375,0.0,0.5625000000000004,0.5164062500000001,0.22965584686903057,0.050136245198348285,0.08085558845497819,0.049999999999999996,-0.4,6.800000000000001,2.0,16.0,2,2,20,2,2,5,0,0,31,0
2000487,1.0,0.05,0.75,-1.9149062500000003,-1.9000000000000004,0.014906250000000003,-9,14.90625,3.0,0.1875,0.046875,0.0,0.5531250000000006,0.5070312499999999,0.8382450414503677,0.05004903454713603,0.8249210755766729,0.049999999999999996,-0.40000000000000013,-1.5000000000000009,2.0,13.0,0,1,21,5,4,8,0,0,25,0
2000488,1.0,0.05,0.75,-0.4199999999999995,-0.39999999999999947,0.020000000000000007,-7,20.0,3.84375,0.171875,0.0625,0.0,0.5312500000000003,0.5164062499999997,0.9388982678247259,0.05029507212872109,0.9098445158230027,0.05000000000000001,-0.7500000000000002,0.34999999999999953,3.0,12.0,1,1,18,9,1,7,0,0,27,0
2000489,1.0,0.05,0.75,-1.0281562499999992,-0.9999999999999991,0.028156250000000018,-7,28.15625,4.875,0.140625,0.03125,0.0,0.5656250000000005,0.5515625,0.9134219424592815,0.05000949043555082,0.9102598814703053,0.05,-0.40000000000000013,-0.6000000000000003,2.0,9.0,1,1,14,1,3,6,1,1,36,0
2000490,0.0,0.05,0.75,5.333500000000001,5.3500000000000005,0.016500000000000008,-5,16.5,3.6875,0.15625,0.078125,0.0,0.5843750000000005,0.4882812500000001,0.11912729093869699,0.050003999159932644,0.06001638792463468,0.05,-0.09999999999999998,5.449999999999999,2.0,13.0,1,1,29,0,1,6,0,1,25,0
2000491,0.0,0.05,0.75,6.087609374999999,6.099999999999999,0.01239062500000001,-6,12.390625,3.015625,0.15625,0.0625,0.0,0.5406250000000004,0.5117187499999999,0.9141547743990549,0.050130998397951654,0.8561607747963679,0.049999999999999996,-0.55,6.6499999999999995,2.0,12.0,0,3,20,4,1,8,3,1,24,0
2000492,1.0,0.05,0.75,-2.280828125,-2.25,0.030828125000000015,-9,30.828125,4.671875,0.1875,0.046875,0.0,0.5562500000000004,0.49062500000000003,0.7231998979190599,0.0500205508980769,0.7005399070332237,0.05,-1.4000000000000004,-0.8500000000000005,4.0,11.0,0,3,27,4,1,3,0,2,24,0
2000493,0.0,0.05,0.75,5.342874999999998,5.349999999999998,0.007125000000000003,-3,7.125,2.0625,0.171875,0.125,0.015625,0.5174603174603177,0.4619047619047618,0.4962461316187407,0.050852463130950376,0.04127598767903499,0.05,-0.5,5.849999999999998,3.0,16.0,0,3,27,10,3,6,0,0,14,1
2000494,1.0,0.05,0.75,-1.6802187499999994,-1.6499999999999995,0.030218750000000013,-9,30.21875,4.5,0.15625,0.015625,0.015625,0.5650793650793655,0.5023809523809522,0.9307530366808212,0.05004044352513093,0.9260954878462269,0.05,-0.050000000000000044,-1.5999999999999999,1.0,10.0,1,1,19,3,2,15,0,0,22,1
2000495,1.0,0.05,0.75,0.492515625,0.5,0.007484375000000005,-6,7.484375,2.234375,0.1875,0.09375,0.0,0.5531250000000004,0.5351562499999996,0.9398192494002013,0.05131909399523362,0.8952970350632594,0.049999999999999996,-0.7500000000000002,1.2499999999999993,4.0,14.0,1,1,18,5,2,2,0,0,35,0
2000496,1.0,0.05,0.75,-0.5803749999999999,-0.5499999999999998,0.030375000000000013,-7,30.375,4.96875,0.15625,0.046875,0.015625,0.5555555555555561,0.5523809523809521,0.9307613798944676,0.050065749073129696,0.9255442971593754,0.05000000000000001,-0.6500000000000001,0.09999999999999953,4.0,9.0,1,0,12,4,2,9,1,0,34,1
2000497,1.0,0.05,0.75,-3.141984375,-3.0999999999999996,0.04198437500000001,-12,41.984375,5.453125,0.203125,0.015625,0.0,0.5468750000000004,0.49765625,0.9830377193867565,0.05041124518937307,0.9823896258912073,0.05,-1.2500000000000004,-1.8500000000000005,6.0,8.0,1,2,23,5,1,7,1,0,24,0
2000498,1.0,0.05,0.75,-0.16712500000000124,-0.15000000000000124,0.017125000000000012,-8,17.125,3.21875,0.1875,0.0625,0.0,0.5500000000000004,0.5351562499999997,0.9715486075971554,0.05154317562081961,0.9642718818963484,0.05,-0.15000000000000013,-5.551115123125783e-16,3.0,13.0,1,1,15,6,1,8,0,0,32,0
2000499,0.0,0.05,0.75,4.944859374999999,4.949999999999999,0.005140625000000004,-4,5.140625,1.921875,0.15625,0.09375,0.0,0.5531250000000006,0.48828125,0.4533651892383337,0.05003761981981582,0.15832514836439807,0.05000000000000001,-0.75,5.699999999999999,3.0,13.0,1,1,25,6,0,9,0,0,22,0
2000500,0.0,0.05,0.75,5.595109375,5.6,0.0048906250000000035,-4,4.890625,1.890625,0.15625,0.09375,0.0,0.5906250000000006,0.5234375000000002,0.48166633775417234,0.05005216815678809,0.28500110205661733,0.049999999999999996,-0.4,6.0,2.0,14.0,1,0,20,0,1,11,0,0,31,0
2000501,0.0,0.05,0.75,8.698953125000001,8.750000000000002,0.05104687500000003,-12,51.046875,6.140625,0.21875,0.03125,0.0,0.5468750000000003,0.45312500000000033,0.6401541505385288,0.050108958215993725,0.6178177171059208,0.05000000000000001,-0.4,9.15,2.0,14.0,0,2,34,5,2,5,1,1,14,0
2000502,1.0,0.05,0.75,1.078249999999998,1.0999999999999979,0.02175000000000001,-8,21.75,4.125,0.234375,0.109375,0.0,0.5687500000000005,0.54921875,0.6165331029781473,0.05700920567915685,0.5525295056230666,0.05,-1.0000000000000002,2.099999999999999,5.0,17.0,0,0,15,5,0,8,0,0,36,0
2000503,0.0,0.05,0.75,0.897859374999999,0.899999999999999,0.0021406250000000015,3,2.140625,1.109375,0.109375,0.15625,0.0,0.5500000000000004,0.5585937499999997,0.46204675961226827,0.05006903096817682,0.06458742739319655,0.05,-1.7500000000000002,2.6499999999999995,5.0,12.0,1,0,11,4,2,9,2,0,35,0
2000504,0.0,0.05,0.75,1.1451562499999992,1.1499999999999992,0.0048437500000000034,3,4.84375,1.96875,0.109375,0.15625,0.0,0.5281250000000003,0.528125,0.1761784272254133,0.050149030655500366,0.009706541858882074,0.05000000000000001,-0.04999999999999999,1.1999999999999993,1.0,16.0,1,0,18,9,1,4,0,2,29,0
2000505,0.0,0.05,0.75,9.506765625,9.55,0.04323437500000001,-12,43.234375,5.046875,0.265625,0.078125,0.0,0.5593750000000005,0.42031250000000026,0.1816138167234714,0.05153493601851482,0.11589191329979837,0.049999999999999996,-0.45,10.000000000000002,3.0,19.0,1,5,39,1,2,5,1,0,10,0
2000506,0.0,0.05,0.75,5.78921875,5.8,0.010781250000000008,-7,10.78125,2.40625,0.15625,0.046875,0.0,0.5562500000000005,0.4437500000000001,0.2338115596077949,0.05000486935195307,0.12823249579724885,0.05,-0.55,6.3500000000000005,3.0,10.0,0,1,38,6,0,4,0,1,14,0
2000507,0.0,0.05,0.75,4.547843749999999,4.549999999999999,0.0021562500000000015,-2,2.15625,1.25,0.15625,0.125,0.015625,0.5111111111111115,0.44523809523809516,0.08471233723910948,0.050150000223956014,0.0023424188012034913,0.05,-1.1,5.649999999999999,6.0,12.0,0,2,33,13,0,3,0,0,12,1
2000508,0.0,0.05,0.75,2.344859374999999,2.349999999999999,0.005140625000000003,-1,5.140625,1.953125,0.09375,0.078125,0.0,0.5468750000000006,0.5234374999999997,0.6176490914324738,0.050000668017034136,0.3688621582168488,0.05,-1.05,3.4,3.0,8.0,0,0,20,6,3,5,1,0,29,0
2000509,0.0,0.05,0.75,5.537765624999999,5.549999999999999,0.012234375000000009,-6,12.234375,3.015625,0.15625,0.0625,0.0,0.5468750000000004,0.48828125000000006,0.4632488308010721,0.05001088559709589,0.33566773011550805,0.05,-0.4,5.95,2.0,12.0,0,2,25,6,2,7,0,1,21,0
2000510,1.0,0.05,0.75,-3.7619843750000013,-3.700000000000001,0.06198437500000002,-12,61.984375,6.984375,0.21875,0.03125,0.0,0.5562500000000006,0.48359374999999993,0.8713950947393923,0.05008912530659858,0.8674093828819457,0.05,-1.1500000000000004,-2.5500000000000007,4.0,12.0,3,1,27,3,0,6,0,1,23,0
2000511,1.0,0.05,0.75,-5.141687500000001,-5.050000000000001,0.09168750000000002,-18,91.6875,7.96875,0.3125,0.03125,0.0,0.5562500000000007,0.5234374999999999,0.9968723577696011,0.12951293944727119,0.9954019466601074,0.049999999999999996,-0.8500000000000003,-4.200000000000002,5.0,17.0,4,0,19,2,0,6,1,0,32,0
2000512,0.0,0.05,0.75,5.981046874999999,5.999999999999999,0.01895312500000001,-6,18.953125,3.921875,0.1875,0.09375,0.0,0.5531250000000004,0.44609375000000023,0.19751960743974747,0.050073787696168166,0.05118566176539155,0.049999999999999996,-0.09999999999999998,6.099999999999999,2.0,16.0,2,2,36,3,1,3,1,0,16,0
2000513,1.0,0.05,0.75,-3.8297499999999967,-3.7499999999999964,0.07975000000000003,-17,79.75,7.75,0.34375,0.078125,0.0,0.5562500000000006,0.44609375000000046,0.176455051094962,0.06266440470952986,0.127950223978744,0.05,-1.5000000000000002,-2.2500000000000018,4.0,23.0,2,0,38,3,2,2,1,0,16,0
2000514,0.0,0.05,0.75,6.2855468750000005,6.300000000000001,0.01445312500000001,-3,14.453125,3.296875,0.171875,0.125,0.0,0.5687500000000004,0.4531250000000005,0.010786841522499351,0.05074221160407042,0.0005822631085939468,0.04999999999999999,-0.8500000000000001,7.149999999999999,7.0,12.0,0,2,35,3,1,6,0,1,16,0
2000515,1.0,0.05,0.75,-0.766234375,-0.75,0.01623437500000001,-9,16.234375,3.265625,0.203125,0.0625,0.0,0.5312500000000004,0.50703125,0.7486908985867338,0.0506542823178208,0.6995006108675517,0.049999999999999996,-0.30000000000000004,-0.45000000000000073,2.0,15.0,1,1,20,6,3,8,2,0,23,0
2000516,1.0,0.05,0.75,-1.2355468750000012,-1.200000000000001,0.03554687500000001,-11,35.546875,4.703125,0.21875,0.046875,0.015625,0.5460317460317464,0.5071428571428569,0.9716367724725903,0.06367401970866148,0.9649847173472866,0.05000000000000001,-0.2500000000000002,-0.9500000000000002,5.0,12.0,1,0,23,6,1,5,0,2,25,1
2000517,1.0,0.05,0.75,-0.22531250000000286,-0.20000000000000284,0.02531250000000001,-9,25.3125,4.375,0.1875,0.046875,0.015625,0.558730158730159,0.5499999999999998,0.9396613128572942,0.05085088464598304,0.9368512377066484,0.05000000000000001,-0.15000000000000013,-0.050000000000000266,3.0,12.0,0,4,12,2,3,5,0,2,35,1
2000518,1.0,0.05,0.75,-2.3367187500000015,-2.3000000000000016,0.03671875000000001,-10,36.71875,4.90625,0.203125,0.046875,0.0,0.5468750000000004,0.47890625000000014,0.7623313715292125,0.05010539803805081,0.7341180821955879,0.05,-0.55,-1.7500000000000002,2.0,14.0,1,1,23,5,2,16,1,0,15,0
2000519,1.0,0.05,0.75,-2.742296874999999,-2.6999999999999993,0.04229687500000002,-12,42.296875,5.390625,0.234375,0.046875,0.0,0.5625000000000004,0.4578125000000002,0.8147369834489658,0.050818773222252936,0.7936690280868648,0.05,-0.40000000000000013,-2.300000000000001,2.0,16.0,0,5,30,3,1,8,0,0,17,0
2000520,1.0,0.05,0.75,-3.854749999999999,-3.799999999999999,0.05475000000000003,-14,54.75,6.4375,0.25,0.03125,0.0,0.5437500000000004,0.5,0.9704144070190773,0.051934338120197446,0.9696365101743014,0.05,-1.0,-2.8000000000000007,4.0,14.0,1,3,19,6,1,11,0,0,23,0
2000521,0.0,0.05,0.75,8.516593749999998,8.549999999999999,0.03340625000000001,-10,33.40625,5.375,0.234375,0.078125,0.015625,0.5619047619047624,0.48571428571428604,0.3371158023347713,0.050362005961047125,0.2948470879752864,0.049999999999999996,-0.75,9.3,3.0,17.0,0,2,28,3,2,4,0,2,22,1
2000522,0.0,0.05,0.75,4.893437499999998,4.899999999999999,0.006562500000000003,-4,6.5625,2.09375,0.125,0.0625,0.0,0.5718750000000005,0.4085937500000003,0.16236783550171155,0.05000315517894946,0.012529523907424215,0.05,-0.29999999999999993,5.199999999999999,4.0,8.0,0,2,46,3,0,4,0,1,8,0
2000523,0.0,0.05,0.75,4.747484374999998,4.749999999999998,0.002515625000000002,-3,2.515625,1.328125,0.15625,0.109375,0.015625,0.5333333333333337,0.514285714285714,0.6798043725089696,0.05012472769334863,0.32459705016191653,0.05,-1.3,6.049999999999999,4.0,13.0,0,0,19,8,1,10,2,0,23,1
2000524,1.0,0.05,0.75,-0.4331874999999986,-0.3999999999999986,0.033187500000000016,-10,33.1875,5.03125,0.234375,0.078125,0.0,0.5531250000000005,0.5257812500000001,0.9315784032119083,0.061110659287284076,0.9171937102034267,0.05,-0.6500000000000001,0.24999999999999944,4.0,16.0,1,1,19,3,0,8,2,2,28,0
2000525,1.0,0.05,0.75,-2.763218750000001,-2.700000000000001,0.06321875000000002,-13,63.21875,6.8125,0.234375,0.03125,0.0,0.5843750000000005,0.528125,0.9903891173579314,0.05415852153652476,0.9900818277549678,0.049999999999999996,-0.10000000000000009,-2.600000000000001,2.0,15.0,0,1,20,1,2,7,0,0,33,0
2000526,0.0,0.05,0.75,4.1446250000000004,4.15,0.005375000000000004,-4,5.375,2.09375,0.125,0.0625,0.0,0.5406250000000004,0.5070312499999999,0.534905899941565,0.05000182378447846,0.40115318642688685,0.05,-0.9500000000000002,5.1,3.0,9.0,0,0,18,7,2,16,0,3,18,0
2000527,0.0,0.05,0.75,6.42634375,6.45,0.02365625,-5,23.65625,4.46875,0.171875,0.09375,0.0,0.5687500000000004,0.43437500000000023,0.03530552450148581,0.05003431675959462,0.003347773843135682,0.049999999999999996,-0.39999999999999997,6.85,5.0,12.0,0,2,39,3,1,6,0,1,12,0
2000528,1.0,0.05,0.75,-2.543328124999998,-2.4999999999999982,0.04332812500000002,-12,43.328125,5.453125,0.234375,0.046875,0.0,0.5437500000000004,0.49531249999999977,0.7945473060775908,0.05084293499087718,0.7841081958883307,0.05,-2.0,-0.5000000000000006,7.0,11.0,2,0,28,2,1,3,3,3,22,0
2000529,0.0,0.05,0.75,3.5493749999999995,3.5499999999999994,0.0006250000000000003,1,0.625,0.5625,0.125,0.140625,0.0,0.5218750000000003,0.5703124999999998,0.839849666056989,0.0500997311329574,0.32585220641621243,0.05,-1.25,4.800000000000001,4.0,13.0,1,0,6,8,3,9,2,0,35,0
2000530,1.0,0.05,0.75,-3.262062500000001,-3.200000000000001,0.06206250000000003,-12,62.0625,6.75,0.234375,0.046875,0.0,0.5500000000000005,0.46484375000000017,0.57525110927692,0.05016780204990136,0.5546773810649664,0.05,-1.1,-2.1000000000000005,3.0,15.0,0,4,29,5,2,6,0,0,18,0
2000531,0.0,0.05,0.75,4.984328125,5.0,0.01567187500000001,-3,15.671875,3.484375,0.15625,0.109375,0.0,0.5625000000000004,0.5374999999999996,0.4939607258875915,0.05006107766607997,0.2549717137664037,0.05,-1.1500000000000001,6.15,4.0,13.0,1,1,19,3,1,2,1,0,36,0
2000532,0.0,0.05,0.75,1.0979843749999996,1.0999999999999996,0.002015625000000001,2,2.015625,1.109375,0.078125,0.109375,0.0,0.5312500000000004,0.5164062499999998,0.5752324866664705,0.050001660707380054,0.10856013019877907,0.05,-0.8500000000000001,1.9499999999999993,3.0,9.0,0,2,20,8,2,3,0,2,27,0
2000533,0.0,0.05,0.75,3.6930312499999998,3.6999999999999997,0.006968750000000005,-3,6.96875,2.34375,0.109375,0.0625,0.0,0.5500000000000004,0.5257812499999996,0.838653604221932,0.0500038921788463,0.7081861206603035,0.05,-1.1,4.8,3.0,8.0,1,0,20,5,1,5,0,3,29,0
2000534,1.0,0.05,0.75,-1.1755156250000003,-1.1500000000000004,0.025515625,-8,25.515625,4.515625,0.1875,0.0625,0.015625,0.5396825396825401,0.5190476190476192,0.7454121633670847,0.05006886990687382,0.7220304926400523,0.049999999999999996,-1.0000000000000002,-0.15000000000000058,3.0,13.0,1,2,17,6,2,7,0,1,27,1
2000535,0.0,0.05,0.75,4.741875,4.75,0.008125000000000005,-3,8.125,2.625,0.140625,0.09375,0.015625,0.5587301587301591,0.4571428571428575,0.04719907934214926,0.050018855512519396,0.005661429283654541,0.05,-0.6499999999999999,5.399999999999999,5.0,10.0,0,2,33,4,1,6,1,0,16,1
2000536,0.0,0.05,0.75,5.188515624999999,5.199999999999999,0.011484375000000008,-5,11.484375,3.015625,0.140625,0.0625,0.0,0.5656250000000005,0.4976562500000002,0.4741026677961192,0.05000684456907196,0.3343743147859575,0.05,-0.7000000000000001,5.9,2.0,11.0,0,1,26,3,2,6,1,0,25,0
2000537,0.0,0.05,0.75,3.4959375,3.5,0.004062500000000003,0,4.0625,1.59375,0.125,0.125,0.0,0.5312500000000006,0.47890624999999976,0.39631155823496894,0.05004021409815049,0.01649868040664958,0.05000000000000001,-0.9500000000000001,4.45,3.0,13.0,2,0,27,7,2,6,1,0,19,0
2000538,0.0,0.05,0.75,5.095828124999999,5.099999999999999,0.004171875000000003,-2,4.171875,1.734375,0.171875,0.140625,0.0,0.5468750000000006,0.4601562499999999,0.05168012767065749,0.050539953623078296,0.0021048601550430522,0.05,-0.65,5.749999999999999,4.0,16.0,1,0,31,7,1,9,0,0,15,0
2000539,0.0,0.05,0.75,1.6962968749999994,1.6999999999999993,0.0037031250000000016,2,3.703125,1.421875,0.125,0.15625,0.0,0.5156250000000003,0.5421874999999997,0.5119159226870705,0.050074196931521056,0.06774999774956246,0.05,-1.1,2.7999999999999994,3.0,15.0,1,0,14,9,1,6,3,0,30,0
2000540,0.0,0.05,0.75,3.6982187499999997,3.6999999999999997,0.0017812500000000014,-1,1.78125,1.125,0.140625,0.125,0.0,0.5406250000000005,0.5257812499999996,0.7311036978912752,0.0500611695097104,0.24624325218110077,0.049999999999999996,-1.1,4.799999999999999,3.0,14.0,1,1,18,4,4,5,1,2,28,0
2000541,0.0,0.05,0.75,7.30390625,7.35,0.046093749999999996,-8,46.09375,6.03125,0.1875,0.0625,0.0,0.5593750000000005,0.4718750000000001,0.354393007578536,0.05006251196583403,0.25823742211266504,0.05,-0.25,7.6,2.0,14.0,0,0,28,5,1,14,1,0,15,0
2000542,0.0,0.05,0.75,5.897578125000001,5.9,0.0024218750000000013,-4,2.421875,1.109375,0.171875,0.109375,0.0,0.5687500000000005,0.43203124999999987,0.05622050012328497,0.05007874662966504,0.0026086117053410606,0.049999999999999996,-0.5,6.4,4.0,14.0,1,2,40,2,1,4,0,1,13,0
2000543,1.0,0.05,0.75,-1.4472656249999987,-1.3999999999999986,0.047265625,-10,47.265625,6.203125,0.203125,0.046875,0.0,0.5187500000000004,0.5210937499999997,0.9824503702296545,0.05155176096162925,0.9807844273560703,0.05,-0.4500000000000002,-0.9500000000000005,3.0,13.0,0,2,18,9,2,4,2,0,27,0
2000544,0.0,0.05,0.75,4.195265624999999,4.199999999999999,0.004734375000000003,-3,4.734375,1.890625,0.125,0.078125,0.0,0.5531250000000004,0.5210937499999998,0.6587321360984322,0.050006756886635584,0.4597239442492508,0.05000000000000001,-0.35000000000000003,4.549999999999999,1.0,12.0,0,2,16,3,4,12,1,1,25,0
2000545,1.0,0.05,0.75,3.3462968749999993,3.349999999999999,0.0037031250000000016,0,3.703125,1.546875,0.140625,0.140625,0.015625,0.5206349206349209,0.5690476190476188,0.5995579936764893,0.05009163656124788,0.24773731627287884,0.05,-0.25,3.599999999999999,2.0,16.0,3,0,5,8,1,9,1,0,36,1
2000546,0.0,0.05,0.75,4.242343749999999,4.249999999999999,0.007656250000000006,-5,7.65625,2.5,0.15625,0.078125,0.015625,0.5587301587301591,0.4976190476190475,0.48045255990239194,0.05000618598878609,0.33534760879587644,0.05,-1.7500000000000002,6.0,5.0,10.0,2,1,24,2,4,4,0,0,26,1
2000547,1.0,0.05,0.75,-2.272187500000001,-2.200000000000001,0.07218750000000002,-13,72.1875,7.46875,0.21875,0.015625,0.0,0.5531250000000004,0.5914062499999997,0.9987353345929433,0.06592516149748903,0.9986455909764661,0.05,-0.55,-1.6500000000000001,5.0,10.0,1,1,2,5,2,10,0,0,43,0
2000548,0.0,0.05,0.75,6.8787031249999995,6.8999999999999995,0.021296875000000003,-7,21.296875,4.296875,0.203125,0.09375,0.0,0.5531250000000004,0.5374999999999999,0.7890538710048307,0.050515880008033864,0.7276413146006466,0.05,-0.7000000000000001,7.6000000000000005,2.0,17.0,1,2,15,4,1,7,1,0,33,0
2000549,1.0,0.05,0.75,-0.819312499999999,-0.7999999999999989,0.01931250000000001,-7,19.3125,3.9375,0.1875,0.078125,0.015625,0.5841269841269847,0.4952380952380955,0.5815996125284398,0.05006785068821559,0.4890442419229257,0.05,-1.4000000000000004,0.599999999999999,4.0,13.0,0,0,28,2,1,6,0,0,26,1
2000550,0.0,0.05,0.75,5.291953125,5.3,0.008046875000000005,-2,8.046875,2.578125,0.15625,0.125,0.0,0.5656250000000005,0.4648437500000002,0.08820174261392141,0.05023406406792365,0.003910859285485527,0.05,-1.0000000000000002,6.299999999999999,5.0,13.0,0,2,32,3,1,7,1,0,18,0
2000551,1.0,0.05,0.75,-2.3394375000000016,-2.3000000000000016,0.039437500000000014,-10,39.4375,5.6875,0.203125,0.046875,0.0,0.5687500000000005,0.5164062500000001,0.8175377606327762,0.05005891919095062,0.8126681619815219,0.049999999999999996,-1.4500000000000002,-0.8500000000000004,4.0,12.0,0,1,21,4,1,8,0,0,29,0
2000552,0.0,0.05,0.75,4.448781249999999,4.449999999999998,0.0012187500000000006,-1,1.21875,0.78125,0.15625,0.140625,0.015625,0.5428571428571434,0.42142857142857126,0.09512370916236774,0.05039426473451941,0.0007792170984229253,0.05000000000000001,-0.7,5.149999999999999,4.0,15.0,0,1,43,6,0,2,2,1,8,1
2000553,0.0,0.05,0.75,5.295984374999998,5.299999999999998,0.004015625000000003,-3,4.015625,1.640625,0.140625,0.09375,0.0,0.5593750000000004,0.5492187499999998,0.7931012115070574,0.05007414570223071,0.6411870143590656,0.05,-0.75,6.05,3.0,12.0,1,0,13,3,1,11,1,2,32,0
2000554,1.0,0.05,0.75,-1.1250937499999996,-1.0999999999999996,0.02509375,-8,25.09375,4.28125,0.171875,0.046875,0.0,0.5375000000000004,0.5187499999999998,0.9470072456240209,0.05013490514815537,0.9378556065090387,0.049999999999999996,-0.5000000000000002,-0.6000000000000008,4.0,10.0,2,0,18,7,0,9,1,0,27,0
2000555,1.0,0.05,0.75,-0.53225,-0.5,0.032250000000000015,-9,32.25,5.15625,0.1875,0.046875,0.0,0.5750000000000004,0.5492187499999996,0.984937201602855,0.051355495765137864,0.983693185484983,0.05000000000000001,-0.050000000000000044,-0.45000000000000073,1.0,14.0,0,3,14,1,2,6,0,1,37,0
2000556,1.0,0.05,0.75,-1.8862968750000015,-1.8500000000000014,0.036296875000000006,-9,36.296875,5.328125,0.1875,0.046875,0.0,0.5250000000000002,0.4835937500000001,0.7863994521407537,0.05005631979918138,0.7545706100830114,0.049999999999999996,-0.7500000000000002,-1.1000000000000005,3.0,12.0,2,1,26,6,5,2,1,0,21,0
2000557,1.0,0.05,0.75,-1.999109375000001,-1.950000000000001,0.049109375,-11,49.109375,5.953125,0.21875,0.046875,0.0,0.5343750000000004,0.528125,0.9682412830960634,0.051293357633246016,0.9666603235225977,0.05,-0.8500000000000002,-1.1000000000000008,4.0,13.0,0,0,19,8,2,4,1,1,29,0
2000558,0.0,0.05,0.75,2.39671875,2.4,0.003281250000000002,2,3.28125,1.5,0.125,0.15625,0.0,0.5281250000000003,0.46484375000000017,0.10390504684071954,0.05043258680686817,0.0009278725652804398,0.05000000000000001,-1.4000000000000001,3.8000000000000003,6.0,12.0,1,1,30,8,1,6,1,1,15,0
2000559,1.0,0.05,0.75,0.7937031250000003,0.8000000000000003,0.006296875000000005,-3,6.296875,2.328125,0.09375,0.046875,0.0,0.5500000000000005,0.5187499999999998,0.9128872985156912,0.050002900239338094,0.8327318584968217,0.05000000000000002,-0.10000000000000009,0.8999999999999996,2.0,7.0,2,1,20,4,1,5,1,0,30,0
2000560,0.0,0.05,0.75,6.392234374999999,6.3999999999999995,0.007765625000000005,-6,7.765625,2.046875,0.1875,0.09375,0.015625,0.5428571428571431,0.42142857142857154,0.15234013375061659,0.05019412358381195,0.01816825150302883,0.05000000000000001,-0.9,7.299999999999998,4.0,14.0,0,2,39,7,2,5,0,0,8,1
2000561,1.0,0.05,0.75,-2.987468750000002,-2.950000000000002,0.03746875000000001,-10,37.46875,5.4375,0.171875,0.015625,0.0,0.5687500000000005,0.5023437500000001,0.8165381396165906,0.05000686932843899,0.8121608114303204,0.05,-0.30000000000000004,-2.6500000000000004,1.0,11.0,0,2,24,3,2,6,0,0,27,0
2000562,0.0,0.05,0.75,10.61371875,10.65,0.036281250000000015,-12,36.28125,5.34375,0.296875,0.109375,0.0,0.5687500000000004,0.45078125000000036,0.15405267612437967,0.060679350051684636,0.07735911546930031,0.05,-0.75,11.400000000000002,4.0,22.0,3,1,32,1,0,12,0,1,14,0
2000563,0.0,0.05,0.75,6.97728125,7.0,0.02271875,-7,22.71875,4.15625,0.171875,0.0625,0.0,0.5687500000000005,0.4601562500000004,0.14952728747081795,0.050027138463563776,0.06710010623400722,0.05,-0.5,7.5,4.0,11.0,0,2,33,3,2,6,0,0,18,0
2000564,0.0,0.05,0.75,8.216062500000001,8.250000000000002,0.033937499999999995,-8,33.9375,4.8125,0.21875,0.09375,0.0,0.5781250000000007,0.42031250000000014,0.0271428682812544,0.050117702040358245,0.005083613769986607,0.05,-0.7,8.95,5.0,15.0,0,0,46,3,1,2,0,0,12,0
2000565,0.0,0.05,0.75,6.534062500000001,6.550000000000001,0.01593750000000001,-6,15.9375,3.5,0.203125,0.109375,0.015625,0.5428571428571433,0.4666666666666666,0.5133814919211935,0.05146769557335778,0.16787790973558392,0.05,-0.65,7.200000000000001,3.0,17.0,1,1,28,7,1,9,0,0,16,1
2000566,0.0,0.05,0.75,5.294968749999999,5.299999999999999,0.005031250000000003,-2,5.03125,1.9375,0.1875,0.15625,0.0,0.5375000000000003,0.4625,0.05653775814691965,0.05166968306429947,0.0016124055071754532,0.049999999999999996,-0.9000000000000001,6.199999999999999,5.0,17.0,1,2,32,7,1,2,0,1,18,0
2000567,1.0,0.05,0.75,-0.6812656250000003,-0.6500000000000004,0.031265625,-9,31.265625,4.796875,0.21875,0.078125,0.015625,0.5587301587301592,0.5476190476190472,0.9572421747415987,0.05386500437467584,0.9514743658563977,0.049999999999999996,-0.5000000000000002,-0.15000000000000102,4.0,15.0,0,1,15,5,2,4,0,0,36,1
2000568,1.0,0.05,0.75,-1.07721875,-1.0499999999999998,0.027218750000000014,-9,27.21875,4.40625,0.203125,0.0625,0.0,0.5656250000000005,0.4859375,0.7429861756318186,0.050515824792799965,0.6848221099754922,0.05,-0.3500000000000001,-0.7000000000000012,2.0,15.0,0,1,28,4,1,7,0,1,22,0
2000569,1.0,0.05,0.75,-2.766562499999999,-2.6999999999999993,0.06656250000000002,-14,66.5625,7.125,0.234375,0.015625,0.015625,0.5492063492063497,0.5785714285714283,0.9988333333730046,0.0814689640404333,0.9986617054309612,0.049999999999999996,-0.10000000000000009,-2.6000000000000005,2.0,14.0,1,0,8,6,1,5,0,1,41,1
2000570,1.0,0.05,0.75,-4.452078125000001,-4.4,0.05207812500000003,-13,52.078125,5.921875,0.203125,0.0,0.0,0.5531250000000004,0.48125000000000007,0.9536012675470794,0.05004955713580586,0.9530632969022387,0.05000000000000002,-0.3500000000000001,-4.050000000000001,1.0,12.0,0,2,29,6,1,3,0,0,23,0
2000571,1.0,0.05,0.75,1.7887031250000007,1.8000000000000007,0.011296875000000008,-4,11.296875,3.109375,0.15625,0.09375,0.015625,0.5523809523809527,0.5452380952380951,0.8907514780399274,0.050424277019189785,0.7809161315057309,0.05,-0.40000000000000013,2.1999999999999997,3.0,13.0,1,1,13,5,2,7,0,0,34,1
2000572,0.0,0.05,0.75,4.8462187499999985,4.849999999999999,0.0037812500000000016,-2,3.78125,1.4375,0.171875,0.140625,0.0,0.5562500000000005,0.43906249999999986,0.1627985000269022,0.05028761934011339,0.003469092414469419,0.049999999999999996,-0.5,5.35,4.0,16.0,0,1,38,6,1,5,0,0,13,0
2000573,1.0,0.05,0.75,-1.3692343749999996,-1.3499999999999996,0.01923437500000001,-7,19.234375,3.796875,0.15625,0.046875,0.0,0.5437500000000002,0.49296875000000007,0.7088636214386371,0.05000906181083594,0.6500205593811039,0.05,-0.3500000000000001,-1.0000000000000007,1.0,12.0,0,5,22,5,3,5,0,0,24,0
2000574,1.0,0.05,0.75,0.5844687500000032,0.6000000000000032,0.01553125000000001,-6,15.53125,3.6875,0.1875,0.09375,0.0,0.5531250000000004,0.4906250000000001,0.37633838088702276,0.050162279668724385,0.1935033543962932,0.05,-0.3500000000000001,0.9499999999999991,1.0,17.0,1,4,24,4,1,5,0,0,25,0
2000575,0.0,0.05,0.75,5.943140624999999,5.949999999999999,0.0068593750000000035,-7,6.859375,1.953125,0.15625,0.046875,0.0,0.5406250000000004,0.4906250000000002,0.41603046290463547,0.05000419762670091,0.36193724031226515,0.05,-0.4,6.35,2.0,11.0,2,1,24,6,1,7,0,1,22,0
2000576,1.0,0.05,0.75,-2.6765000000000003,-2.6500000000000004,0.02650000000000001,-10,26.5,4.4375,0.1875,0.03125,0.0,0.5343750000000004,0.4906249999999999,0.9367207900705037,0.050085234804297885,0.9304312760430996,0.05,-1.25,-1.4000000000000006,3.0,11.0,4,1,22,4,4,6,0,0,23,0
2000577,1.0,0.05,0.75,-0.60759375,-0.6000000000000001,0.007593750000000006,-4,7.59375,2.5625,0.09375,0.03125,0.0,0.5687500000000005,0.4999999999999999,0.6163857701908488,0.05000016797927421,0.5527646379754261,0.05,-0.3500000000000001,-0.25000000000000044,1.0,7.0,1,1,24,3,1,8,0,0,26,0
2000578,1.0,0.05,0.75,-0.7080937500000002,-0.7000000000000002,0.008093750000000005,-5,8.09375,2.5,0.109375,0.03125,0.0,0.5687500000000005,0.5164062499999998,0.8010374977212312,0.05000093188760058,0.7729484410210166,0.05,-0.6000000000000001,-0.10000000000000042,3.0,6.0,0,1,19,4,1,12,0,0,27,0
2000579,0.0,0.05,0.75,12.489609375000002,12.550000000000002,0.06039062500000003,-15,60.390625,6.703125,0.328125,0.09375,0.0,0.5718750000000005,0.4226562500000004,0.11220069214561872,0.06386918132355066,0.0490417299528239,0.049999999999999996,-0.6499999999999999,13.200000000000003,5.0,22.0,0,3,43,2,1,2,0,1,12,0
2000580,0.0,0.05,0.75,6.843671875,6.85,0.006328125000000002,-5,6.328125,1.765625,0.1875,0.109375,0.015625,0.5746031746031752,0.42857142857142844,0.2915727201282145,0.051497901165089566,0.016644043291027893,0.04999999999999999,-0.14999999999999997,7.0,3.0,16.0,0,2,41,2,0,5,1,0,12,1
2000581,1.0,0.05,0.75,-0.713828125000001,-0.7000000000000011,0.013828125000000009,-6,13.828125,3.140625,0.140625,0.046875,0.0,0.5468750000000003,0.5281249999999997,0.8674496244038825,0.05000932564066161,0.8463543752864608,0.05,-1.2500000000000002,0.5499999999999997,5.0,7.0,0,2,16,6,1,9,1,0,29,0
2000582,0.0,0.05,0.75,10.50746875,10.549999999999999,0.04253125000000002,-9,42.53125,5.5,0.28125,0.140625,0.0,0.5843750000000006,0.3898437500000002,0.012139104220437322,0.05765022252370556,0.00012797096500759763,0.05,-0.29999999999999993,10.850000000000003,6.0,21.0,0,0,53,1,1,3,1,0,5,0
2000583,1.0,0.05,0.75,0.22040625000000177,0.2500000000000018,0.02959375000000001,-8,29.59375,5.0625,0.203125,0.078125,0.0,0.5531250000000004,0.5609374999999996,0.9547281477712489,0.052361789352717576,0.9489459517149992,0.05,-0.7500000000000002,0.9999999999999993,3.0,15.0,1,4,9,4,1,5,0,0,40,0
2000584,1.0,0.05,0.75,-0.5916562499999999,-0.5499999999999998,0.04165625000000001,-8,41.65625,6.03125,0.171875,0.046875,0.0,0.5187500000000004,0.5445312499999998,0.9863773764865238,0.0506092225567437,0.9842220992384196,0.05,-0.6000000000000002,0.04999999999999949,5.0,9.0,1,1,11,9,4,6,0,1,31,0
2000585,0.0,0.05,0.75,10.501249999999999,10.549999999999999,0.04875000000000002,-13,48.75,5.875,0.265625,0.0625,0.015625,0.5777777777777782,0.4285714285714286,0.3233079435266647,0.05518519957190933,0.25414457731951995,0.05,-0.25,10.8,2.0,19.0,0,1,42,2,0,5,0,2,11,1
2000586,1.0,0.05,0.75,-2.324624999999999,-2.299999999999999,0.024625000000000008,-11,24.625,4.59375,0.234375,0.0625,0.0,0.5625000000000006,0.5257812500000001,0.906095145096314,0.05077287896560657,0.9021230759667892,0.05,-0.45000000000000007,-1.8500000000000012,2.0,17.0,1,2,17,2,2,9,1,0,30,0
2000587,0.0,0.05,0.75,7.337437500000001,7.3500000000000005,0.01256250000000001,-6,12.5625,3.0,0.1875,0.09375,0.0,0.5812500000000006,0.43906250000000047,0.008518365542144284,0.05004412472082951,0.0016366558264951155,0.049999999999999996,-0.6000000000000001,7.950000000000001,6.0,12.0,0,0,41,2,0,6,1,0,14,0
2000588,1.0,0.05,0.75,2.297406249999998,2.299999999999998,0.0025937500000000014,-3,2.59375,1.375,0.15625,0.109375,0.0,0.5468750000000004,0.48828125,0.2801741196953837,0.050074439786459826,0.03958786046120449,0.05,-0.55,2.8499999999999996,2.0,15.0,0,2,26,6,1,6,1,0,22,0
2000589,1.0,0.05,0.75,-2.69675,-2.6500000000000004,0.04675000000000001,-11,46.75,6.1875,0.21875,0.046875,0.0,0.5437500000000004,0.48359375,0.7891182022805573,0.050172969818659374,0.7722638757745784,0.05,-1.0500000000000003,-1.6000000000000008,3.0,14.0,0,5,25,5,1,5,1,0,22,0
2000590,0.0,0.05,0.75,3.9941249999999995,3.9999999999999996,0.005875000000000004,-4,5.875,2.15625,0.125,0.0625,0.0,0.5375000000000003,0.5070312499999998,0.6945703736236468,0.05000331147511715,0.5561241113021502,0.05,-0.75,4.75,2.0,10.0,1,1,21,7,1,7,1,0,25,0
2000591,1.0,0.05,0.75,-1.1826093749999986,-1.1499999999999986,0.03260937500000002,-10,32.609375,4.921875,0.1875,0.03125,0.0,0.5656250000000005,0.54921875,0.9590697836089034,0.05062368349303088,0.9579691553272877,0.049999999999999996,-0.40000000000000013,-0.7500000000000002,2.0,12.0,1,3,11,2,0,11,1,0,35,0
2000592,1.0,0.05,0.75,-2.8946406249999996,-2.8499999999999996,0.044640625000000024,-14,44.640625,5.796875,0.265625,0.046875,0.015625,0.5492063492063496,0.5119047619047618,0.9772608337537751,0.06764882775737119,0.974870246459379,0.05,-0.10000000000000009,-2.750000000000001,2.0,18.0,0,1,21,5,1,8,2,0,25,1
2000593,0.0,0.05,0.75,3.8490624999999996,3.8499999999999996,0.0009375000000000004,-2,0.9375,0.78125,0.109375,0.078125,0.0,0.5562500000000004,0.53984375,0.8610302374987084,0.050009350792492364,0.682483474252258,0.05,-0.35000000000000003,4.2,1.0,11.0,0,1,15,5,3,7,0,0,33,0
2000594,0.0,0.05,0.75,1.7461562499999992,1.7499999999999991,0.003843750000000003,2,3.84375,1.71875,0.09375,0.125,0.0,0.5437500000000005,0.46015625000000004,0.36583062216426926,0.050007390807306276,0.012033873083804682,0.05000000000000001,-1.2500000000000002,2.999999999999999,5.0,9.0,0,1,31,5,4,8,1,1,13,0
2000595,1.0,0.05,0.75,-2.883515625,-2.8499999999999996,0.03351562500000001,-10,33.515625,5.078125,0.15625,0.0,0.0,0.5593750000000004,0.5023437499999999,0.9471908878073588,0.050011841783372826,0.9457172750057699,0.049999999999999996,-0.40000000000000013,-2.4499999999999997,2.0,8.0,0,3,22,3,3,7,0,1,25,0
2000596,0.0,0.05,0.75,1.3458749999999993,1.3499999999999992,0.004125000000000003,3,4.125,1.625,0.125,0.171875,0.0,0.5187500000000004,0.45546875000000026,0.5044960101612849,0.0500544313960035,0.008424487059415479,0.05,-1.5500000000000003,2.8999999999999995,4.0,15.0,1,0,35,10,0,1,2,0,15,0
2000597,0.0,0.05,0.75,7.876453125000001,7.900000000000001,0.023546875000000005,-9,23.546875,3.828125,0.21875,0.078125,0.0,0.5437500000000004,0.44609375000000034,0.19733697523779747,0.05022103689260577,0.10896096160815025,0.05,-0.09999999999999998,8.0,2.0,17.0,0,2,36,6,2,3,1,0,14,0
2000598,1.0,0.05,0.75,2.19484375,2.2,0.005156250000000004,-5,5.15625,2.03125,0.171875,0.09375,0.0,0.5343750000000004,0.5820312499999996,0.9791444700293543,0.054140418887847076,0.9657283372550027,0.05,-0.6500000000000001,2.8499999999999996,4.0,13.0,2,0,7,6,1,4,2,0,42,0
2000599,1.0,0.05,0.75,-2.1744687500000004,-2.1500000000000004,0.02446875000000001,-9,24.46875,4.34375,0.140625,0.0,0.015625,0.5682539682539688,0.5214285714285714,0.9876649086361287,0.05003712779584798,0.9872043688349844,0.05,-0.8,-1.3500000000000003,2.0,7.0,0,2,20,4,0,6,0,0,31,1
2000600,1.0,0.05,0.75,-0.7159375000000002,-0.7000000000000002,0.01593750000000001,-8,15.9375,3.5625,0.171875,0.046875,0.015625,0.5492063492063497,0.5476190476190473,0.9622491284856656,0.050316212123630896,0.9578092396641547,0.049999999999999996,-0.30000000000000004,-0.40000000000000024,3.0,11.0,0,1,12,5,2,10,1,1,31,1
2000601,1.0,0.05,0.75,-1.404281249999998,-1.3499999999999979,0.05428125000000001,-9,54.28125,6.5,0.1875,0.046875,0.0,0.5468750000000006,0.5187499999999998,0.8933652374129042,0.05011892108265749,0.885402354438585,0.05,-0.050000000000000044,-1.300000000000001,1.0,14.0,1,0,20,3,3,8,3,0,26,0
2000602,1.0,0.05,0.75,3.933656250000003,3.950000000000003,0.016343750000000004,-2,16.34375,3.46875,0.171875,0.140625,0.0,0.5593750000000005,0.5984374999999995,0.9521937095437571,0.055121072620892914,0.8441725611495561,0.049999999999999996,-0.6000000000000002,4.549999999999999,5.0,15.0,1,1,3,3,2,7,1,0,46,0
2000603,0.0,0.05,0.75,5.6428281249999985,5.649999999999999,0.007171875000000004,-3,7.171875,2.265625,0.171875,0.125,0.0,0.5562500000000005,0.47187500000000016,0.12441611997547093,0.05020037587661046,0.009206245536146044,0.05000000000000001,-0.8500000000000001,6.499999999999998,4.0,15.0,0,0,30,7,0,9,0,0,18,0
2000604,1.0,0.05,0.75,-1.3701093750000006,-1.3500000000000005,0.02010937500000001,-9,20.109375,3.984375,0.1875,0.046875,0.0,0.5562500000000005,0.5375,0.9738564238894536,0.05042505981283882,0.9714853998367248,0.05,-1.3000000000000003,-0.0500000000000006,4.0,11.0,4,1,14,2,1,7,0,0,35,0
2000605,1.0,0.05,0.75,1.860750000000003,1.900000000000003,0.03925,-5,39.25,5.625,0.21875,0.140625,0.03125,0.5677419354838713,0.5459677419354836,0.8915878831281786,0.07873769491529471,0.6366994459561763,0.05,-1.1,2.9999999999999987,3.0,20.0,2,0,13,2,2,9,0,0,34,2
2000606,0.0,0.05,0.75,4.7431874999999994,4.749999999999999,0.006812500000000004,-4,6.8125,2.21875,0.140625,0.078125,0.0,0.5500000000000004,0.46015625000000004,0.27724698296747585,0.050006390870196614,0.07254384327254673,0.05,-0.4,5.1499999999999995,2.0,12.0,0,2,30,6,2,9,0,0,15,0
2000607,0.0,0.05,0.75,4.84171875,4.85,0.008281250000000006,-6,8.28125,2.65625,0.15625,0.0625,0.03125,0.5354838709677422,0.5024193548387098,0.634801694755205,0.05001108972977328,0.5681017981903175,0.05,-0.4,5.249999999999999,1.0,13.0,1,3,21,4,1,6,3,0,23,2
2000608,1.0,0.05,0.75,-0.5691875000000025,-0.5500000000000025,0.019187500000000007,-7,19.1875,3.8125,0.15625,0.046875,0.0,0.5812500000000006,0.5281250000000001,0.869949322999853,0.050030279253134954,0.8544198785697861,0.05,-0.30000000000000004,-0.25000000000000056,3.0,10.0,0,0,20,2,0,10,1,0,31,0
2000609,0.0,0.05,0.75,11.187968750000003,11.200000000000003,0.012031250000000007,-8,12.03125,2.875,0.28125,0.15625,0.0,0.5937500000000007,0.35468750000000027,0.0009513643064233621,0.14469061040947867,1.8184878046840874e-06,0.04999999999999999,-0.3999999999999999,11.600000000000003,8.0,20.0,0,0,62,1,0,1,0,0,0,0
2000610,1.0,0.05,0.75,0.1533437499999975,0.1999999999999975,0.04665625000000002,-10,46.65625,5.96875,0.234375,0.078125,0.0,0.5593750000000005,0.5585937499999996,0.9968562083473688,0.1322689447929271,0.9946731033650372,0.05,-0.4500000000000002,0.6499999999999991,6.0,14.0,1,1,13,4,1,4,0,1,39,0
2000611,1.0,0.05,0.75,-1.1442968749999998,-1.0999999999999996,0.04429687500000002,-10,44.296875,6.109375,0.203125,0.046875,0.0,0.5718750000000005,0.5632812499999996,0.98962259255162,0.05230013951563557,0.9891914236095681,0.05,-0.3500000000000001,-0.7500000000000009,4.0,12.0,2,1,12,1,2,4,0,0,42,0
2000612,1.0,0.05,0.75,-0.7867500000000001,-0.75,0.03675000000000002,-10,36.75,5.375,0.25,0.09375,0.0,0.5593750000000005,0.44609375000000034,0.07239133831772102,0.050672889593291214,0.03592679140685632,0.05,-0.7000000000000002,-0.050000000000001266,2.0,20.0,0,0,39,5,1,3,1,0,15,0
2000613,1.0,0.05,0.75,-2.3385000000000007,-2.3000000000000007,0.03850000000000001,-13,38.5,4.84375,0.234375,0.03125,0.015625,0.5555555555555561,0.5214285714285715,0.9948429176767216,0.06773636797839994,0.9942520851357197,0.05,-0.8500000000000003,-1.4500000000000004,5.0,12.0,1,1,19,4,1,7,1,0,29,1
2000614,0.0,0.05,0.75,2.048499999999999,2.049999999999999,0.001500000000000001,2,1.5,1.0,0.140625,0.171875,0.0,0.5062500000000003,0.5304687499999997,0.5730897331309518,0.05022062154481024,0.052439066964029564,0.05000000000000001,-1.4500000000000002,3.5,4.0,16.0,1,0,15,8,3,8,4,1,24,0
2000615,1.0,0.05,0.75,-3.3240781249999984,-3.2499999999999982,0.07407812500000001,-13,74.078125,7.703125,0.265625,0.0625,0.0,0.5437500000000004,0.49296875000000007,0.887657981690778,0.05267586424494507,0.8815644814876051,0.05000000000000001,-1.9500000000000004,-1.3,7.0,14.0,3,3,23,2,3,4,1,0,25,0
2000616,1.0,0.05,0.75,-0.034796875000000005,0.0,0.034796875000000005,-9,34.796875,5.421875,0.203125,0.0625,0.015625,0.5587301587301591,0.5761904761904758,0.9937547399631632,0.061168604926837136,0.993091598010416,0.05,-0.6500000000000004,0.6499999999999996,7.0,10.0,0,0,8,5,2,8,0,1,39,1
2000617,1.0,0.05,0.75,-1.666718750000002,-1.6500000000000021,0.016718750000000004,-10,16.71875,3.375,0.21875,0.0625,0.0,0.5406250000000004,0.5445312499999999,0.9410189834957597,0.05073534121959626,0.9382453775173202,0.05,-0.4,-1.2500000000000013,1.0,17.0,0,3,13,7,1,5,0,1,34,0
2000618,0.0,0.05,0.75,6.588656249999999,6.599999999999999,0.011343750000000008,-6,11.34375,3.0,0.1875,0.09375,0.0,0.5375000000000003,0.4742187499999999,0.34627962975471605,0.05031361235803278,0.1077642761749845,0.049999999999999996,-0.45,7.049999999999999,3.0,15.0,1,3,27,5,3,5,1,0,19,0
2000619,0.0,0.05,0.75,7.933203125,7.95,0.016796875000000003,-7,16.796875,3.171875,0.21875,0.109375,0.0,0.5687500000000004,0.4929687500000002,0.25623664505062155,0.051211695750693724,0.12146550009868345,0.05,-0.9500000000000002,8.9,4.0,17.0,0,1,25,3,3,9,0,0,23,0
2000620,1.0,0.05,0.75,-3.166921874999998,-3.099999999999998,0.06692187500000002,-15,66.921875,7.015625,0.28125,0.046875,0.0,0.5718750000000006,0.42968750000000033,0.22676327843336685,0.052913564630842735,0.20050577611536355,0.05,-1.6000000000000003,-1.5000000000000009,5.0,16.0,0,3,38,1,2,9,1,0,10,0
2000621,0.0,0.05,0.75,3.6492656249999995,3.6499999999999995,0.0007343750000000004,0,0.734375,0.671875,0.140625,0.140625,0.015625,0.5206349206349211,0.5380952380952381,0.39957703352722246,0.05014832093178614,0.05183990336586497,0.05000000000000001,-1.05,4.699999999999999,3.0,15.0,0,0,12,10,2,11,1,1,26,1
2000622,0.0,0.05,0.75,4.3845624999999995,4.3999999999999995,0.01543750000000001,-4,15.4375,3.4375,0.125,0.0625,0.0,0.5781250000000004,0.5070312499999999,0.664825981759364,0.050003865668610904,0.515083575254074,0.05,-1.2000000000000002,5.6000000000000005,4.0,8.0,0,1,24,2,2,7,0,0,28,0
2000623,1.0,0.05,0.75,2.498328124999999,2.499999999999999,0.001671875000000001,-2,1.671875,0.984375,0.1875,0.15625,0.0,0.5562500000000005,0.5328124999999998,0.4159310323311828,0.05037697067038639,0.0890758689133728,0.05,-0.3500000000000001,2.8499999999999988,1.0,21.0,2,0,17,3,1,8,1,1,31,0
2000624,0.0,0.05,0.75,3.2972968750000007,3.3000000000000007,0.002703125000000001,1,2.703125,1.296875,0.125,0.140625,0.0,0.5531250000000004,0.45078125000000024,0.08513200701958976,0.05036971303314044,0.0003945185338420185,0.05,-0.5,3.8,4.0,13.0,1,3,34,3,1,5,1,1,15,0
2000625,0.0,0.05,0.75,5.444796874999999,5.449999999999999,0.005203125000000003,-4,5.203125,1.921875,0.15625,0.09375,0.015625,0.5650793650793655,0.5285714285714281,0.5463666879987907,0.050081737556588186,0.33956108999576556,0.05,-0.35000000000000003,5.8,1.0,15.0,0,0,18,3,3,9,1,0,29,1
2000626,1.0,0.05,0.75,2.747234375,2.75,0.0027656250000000016,-3,2.765625,1.265625,0.140625,0.09375,0.015625,0.5650793650793655,0.5880952380952378,0.9888903813663742,0.05149744097387012,0.9759978295233125,0.05,-0.20000000000000018,2.9499999999999997,4.0,11.0,0,0,5,4,3,9,0,0,42,1
2000627,1.0,0.05,0.75,0.07071875000000052,0.10000000000000053,0.029281250000000016,-6,29.28125,5.0,0.140625,0.046875,0.0,0.5656250000000005,0.5304687499999999,0.9141183127390733,0.05003285812746754,0.8957592926712096,0.05,-0.3500000000000001,0.4499999999999995,1.0,11.0,0,0,20,4,3,4,0,0,33,0
2000628,0.0,0.05,0.75,5.290421875000001,5.300000000000001,0.009578125000000005,-4,9.578125,2.609375,0.15625,0.09375,0.0,0.5656250000000006,0.4695312500000003,0.1517390084154663,0.05001675206666685,0.029841796542768827,0.05,-0.45,5.75,3.0,13.0,0,1,30,4,2,9,0,0,18,0
2000629,1.0,0.05,0.75,2.635750000000001,2.6500000000000012,0.01425000000000001,-4,14.25,3.25,0.21875,0.15625,0.0,0.5531250000000005,0.5796874999999994,0.9412030287640523,0.08440848459050615,0.806377648625909,0.05,-0.15000000000000013,2.799999999999999,3.0,21.0,1,0,8,3,3,6,2,0,41,0
2000630,0.0,0.05,0.75,6.2793125,6.3,0.02068750000000001,-6,20.6875,4.28125,0.171875,0.078125,0.0,0.5593750000000005,0.4531250000000005,0.14383470248661542,0.050019461397200114,0.05002345359209436,0.05,-0.55,6.849999999999999,3.0,13.0,1,4,33,2,2,4,0,1,17,0
2000631,0.0,0.05,0.75,2.847296874999999,2.849999999999999,0.002703125000000002,0,2.703125,1.421875,0.109375,0.109375,0.0,0.5312500000000003,0.5140625,0.11186449684394735,0.05001457077049428,0.014253252353651909,0.05,-0.8,3.65,4.0,10.0,0,2,20,8,2,4,1,0,27,0
2000632,1.0,0.05,0.75,-2.572890625,-2.55,0.022890625000000005,-9,22.890625,3.359375,0.171875,0.03125,0.0,0.5281250000000004,0.48828125000000017,0.7870881955532109,0.05001002609006482,0.7703266817905231,0.05,0.0,-2.5500000000000007,0.0,13.0,2,2,22,7,1,9,1,0,20,0
2000633,1.0,0.05,0.75,-0.7148593750000011,-0.7000000000000011,0.014859375000000011,-8,14.859375,3.171875,0.171875,0.046875,0.0,0.5250000000000004,0.5117187499999997,0.9346095253726123,0.05027830762162802,0.9168261488378616,0.05,-0.44999999999999996,-0.25000000000000033,3.0,11.0,1,0,19,8,0,11,3,0,22,0
2000634,0.0,0.05,0.75,5.143312500000001,5.150000000000001,0.0066875000000000025,-1,6.6875,2.0625,0.171875,0.15625,0.015625,0.5523809523809529,0.5547619047619042,0.888800641311183,0.055805766197229247,0.3334979700663755,0.05,-1.3,6.45,4.0,17.0,1,1,14,2,1,5,3,1,35,1
2000635,0.0,0.05,0.75,5.894765625,5.8999999999999995,0.005234375000000002,-4,5.234375,1.734375,0.15625,0.09375,0.0,0.5656250000000005,0.41796875000000006,0.006075024321911109,0.05006456988273486,0.0002796913555840827,0.05,-0.24999999999999994,6.149999999999999,5.0,11.0,1,0,43,4,1,6,0,0,9,0
2000636,0.0,0.05,0.75,8.673406250000001,8.700000000000001,0.026593749999999992,-7,26.59375,4.0,0.21875,0.109375,0.0,0.5843750000000006,0.38750000000000007,0.01977250246504486,0.05074070739069603,0.0004993281461522572,0.05,-0.6,9.3,6.0,15.0,0,1,52,2,0,4,0,0,5,0
2000637,1.0,0.05,0.75,-1.745562500000001,-1.700000000000001,0.04556250000000001,-9,45.5625,6.28125,0.171875,0.03125,0.015625,0.5873015873015879,0.5023809523809524,0.9012426463299262,0.05006141474259345,0.8938641180473844,0.05,-0.9500000000000002,-0.7500000000000004,4.0,9.0,0,2,24,0,1,9,0,1,26,1
2000638,0.0,0.05,0.75,7.1872187499999995,7.199999999999999,0.01278125000000001,-6,12.78125,3.03125,0.203125,0.109375,0.0,0.5718750000000005,0.3898437500000001,0.032503340510939095,0.05023677763677499,0.0009867005559482324,0.05000000000000001,-0.55,7.75,5.0,15.0,1,1,51,2,2,1,0,0,6,0
2000639,0.0,0.05,0.75,7.028468749999999,7.049999999999999,0.02153125000000001,-7,21.53125,4.3125,0.1875,0.078125,0.0,0.5593750000000005,0.5164062500000001,0.7446905281648724,0.05024257386074201,0.6734279871656906,0.05,-0.9500000000000002,8.0,3.0,14.0,1,1,20,4,1,8,0,1,28,0
2000640,1.0,0.05,0.75,-2.6977500000000005,-2.6500000000000004,0.04775000000000001,-11,47.75,6.03125,0.1875,0.015625,0.0,0.5500000000000004,0.49531250000000004,0.9633264653928009,0.050141346919194314,0.9609464221238541,0.05,-0.10000000000000009,-2.5500000000000007,2.0,11.0,1,0,26,3,6,3,1,0,24,0
2000641,0.0,0.05,0.75,3.1491406250000002,3.1500000000000004,0.0008593750000000003,1,0.859375,0.703125,0.109375,0.125,0.015625,0.5523809523809527,0.4523809523809524,0.10013787763244338,0.0501106825401044,0.001425825472929372,0.05,-0.75,3.9,5.0,10.0,0,0,34,6,2,7,0,1,13,1
2000642,0.0,0.05,0.75,5.99825,6.0,0.001750000000000001,-4,1.75,0.90625,0.1875,0.125,0.0,0.5437500000000005,0.49765625000000013,0.08717633168343797,0.05012863056234417,0.0204617489783809,0.049999999999999996,-0.7000000000000002,6.700000000000001,4.0,16.0,0,0,26,6,1,6,2,1,22,0
2000643,0.0,0.05,0.75,4.296265624999999,4.299999999999999,0.003734375000000003,-3,3.734375,1.609375,0.140625,0.09375,0.0,0.5437500000000004,0.4554687500000001,0.19290955242113567,0.050008441212115,0.027272911997377993,0.05,-0.09999999999999998,4.3999999999999995,2.0,13.0,0,1,34,6,3,4,1,0,15,0
2000644,1.0,0.05,0.75,-3.665515625,-3.5999999999999996,0.06551562500000002,-13,65.515625,7.140625,0.21875,0.015625,0.03125,0.5580645161290327,0.5048387096774195,0.972825605975926,0.05070808347518823,0.9722927633988269,0.05,-1.4500000000000004,-2.1500000000000004,6.0,9.0,1,0,23,4,1,7,1,0,25,2
2000645,0.0,0.05,0.75,2.449421874999999,2.4499999999999993,0.0005781250000000004,1,0.578125,0.578125,0.109375,0.125,0.0,0.5312500000000003,0.4718749999999999,0.07539010963306646,0.05005332752877556,0.0021870286007985903,0.05,-0.7000000000000002,3.1499999999999995,4.0,11.0,0,1,30,9,1,4,1,0,18,0
2000646,1.0,0.05,0.75,-1.5864531250000007,-1.5500000000000007,0.036453125,-11,36.453125,5.328125,0.25,0.078125,0.0,0.5375000000000004,0.5164062499999997,0.8975970910072467,0.05542113686641376,0.8864196136460301,0.05,-0.6000000000000001,-0.9500000000000008,3.0,18.0,2,0,19,6,1,8,1,1,26,0
2000647,1.0,0.05,0.75,-3.31765625,-3.25,0.06765625000000001,-13,67.65625,7.40625,0.25,0.046875,0.015625,0.53968253968254,0.5023809523809526,0.6997805489983348,0.050625127503989314,0.6952514940002972,0.05000000000000001,-0.6000000000000001,-2.6500000000000004,2.0,17.0,2,4,18,3,3,8,1,0,24,1
2000648,0.0,0.05,0.75,4.394906249999999,4.3999999999999995,0.005093750000000004,-3,5.09375,2.03125,0.15625,0.109375,0.015625,0.5460317460317464,0.5285714285714282,0.6898054954343196,0.05008440470230264,0.40619900729087305,0.05,-1.1,5.5,3.0,14.0,0,1,19,4,3,4,2,1,29,1
2000649,1.0,0.05,0.75,-3.556937500000002,-3.5000000000000018,0.05693750000000001,-12,56.9375,6.875,0.203125,0.015625,0.0,0.5375000000000003,0.51171875,0.9426143903067743,0.05008108909636593,0.9418357338698634,0.05,-0.3500000000000001,-3.1500000000000004,1.0,13.0,0,2,22,5,1,5,3,1,25,0
2000650,0.0,0.05,0.75,4.095828125,4.1,0.004171875000000002,2,4.171875,1.671875,0.15625,0.1875,0.015625,0.5619047619047625,0.41666666666666713,0.014550021352030226,0.08661663702248217,1.65969882112003e-05,0.049999999999999996,-1.1500000000000001,5.249999999999998,7.0,15.0,0,1,44,4,2,2,0,1,9,1
2000651,0.0,0.05,0.75,4.74090625,4.75,0.009093750000000006,-4,9.09375,2.65625,0.140625,0.078125,0.0,0.5437500000000004,0.46718750000000003,0.14979331977234367,0.050003537599718255,0.04733675742032548,0.05,-0.45,5.2,3.0,11.0,0,1,30,6,1,9,1,2,14,0
2000652,0.0,0.05,0.75,6.791874999999999,6.799999999999999,0.008125000000000005,-4,8.125,2.75,0.171875,0.109375,0.0,0.5906250000000005,0.4953125000000005,0.01162293478428701,0.050154365158117165,0.003028126372715084,0.05,-0.19999999999999996,7.0,4.0,14.0,0,1,27,0,2,8,0,0,26,0
2000653,1.0,0.05,0.75,0.8926875000000012,0.9000000000000012,0.007312500000000005,-3,7.3125,2.28125,0.140625,0.09375,0.0,0.5187500000000003,0.5421874999999997,0.815018906124599,0.05002799355978481,0.6406056138527938,0.05,0.0,0.8999999999999992,0.0,15.0,0,1,15,6,4,4,4,1,29,0
2000654,0.0,0.05,0.75,1.7480624999999994,1.7499999999999993,0.0019375000000000013,1,1.9375,1.21875,0.109375,0.125,0.015625,0.5428571428571431,0.526190476190476,0.4567666254968793,0.05000920625762484,0.086423541060782,0.05,-0.35000000000000003,2.0999999999999996,1.0,14.0,0,0,14,7,4,13,0,0,25,1
2000655,0.0,0.05,0.75,4.33925,4.35,0.010750000000000008,-5,10.75,3.0625,0.140625,0.0625,0.0,0.5375000000000004,0.51640625,0.5210020463656432,0.050001766561171196,0.4356484288129779,0.05,-0.7000000000000001,5.05,2.0,11.0,0,0,18,9,0,12,1,0,24,0
2000656,1.0,0.05,0.75,1.245765625,1.25,0.004234375000000003,-3,4.234375,1.578125,0.140625,0.09375,0.0,0.5281250000000003,0.49999999999999967,0.49134883783473937,0.0500166721919139,0.18010162919955564,0.049999999999999996,-0.40000000000000013,1.6499999999999992,2.0,13.0,0,0,24,10,2,4,0,1,23,0
2000657,1.0,0.05,0.75,-1.3679843749999996,-1.3499999999999996,0.017984375000000007,-7,17.984375,3.796875,0.171875,0.0625,0.0,0.5468750000000004,0.5046875,0.755162430900101,0.05002247105443054,0.7085451587996153,0.05,-0.19999999999999996,-1.150000000000001,1.0,14.0,2,2,21,5,0,7,0,1,26,0
2000658,0.0,0.05,0.75,3.8432031250000005,3.8500000000000005,0.0067968750000000034,-1,6.796875,2.109375,0.140625,0.125,0.0,0.5343750000000004,0.5562499999999997,0.7463410647026686,0.05006208390078706,0.3846528868907482,0.05,-2.5000000000000004,6.35,7.0,10.0,0,1,12,7,1,6,2,1,34,0
2000659,1.0,0.05,0.75,0.2921406249999998,0.2999999999999998,0.007859375000000005,-4,7.859375,2.609375,0.109375,0.046875,0.015625,0.5809523809523814,0.5404761904761902,0.8461407762656015,0.05000351538443561,0.8108858219652566,0.05,-0.40000000000000013,0.6999999999999995,2.0,8.0,0,0,16,1,2,11,0,2,31,1
2000660,0.0,0.05,0.75,8.7186875,8.75,0.0313125,-7,31.3125,5.0625,0.265625,0.15625,0.0,0.5625000000000006,0.46484375,0.21251380429975955,0.07357610226958763,0.015091323544868593,0.049999999999999996,-1.3499999999999999,10.1,7.0,20.0,2,2,32,3,0,4,0,0,21,0
2000661,0.0,0.05,0.75,9.742046875000002,9.8,0.05795312500000002,-12,57.953125,6.390625,0.25,0.0625,0.0,0.5656250000000006,0.43906250000000036,0.3645661557088382,0.0524144413535224,0.2787228789201028,0.05000000000000001,-0.04999999999999999,9.850000000000001,1.0,19.0,3,0,36,2,1,9,0,0,13,0
2000662,0.0,0.05,0.75,2.845437499999999,2.849999999999999,0.004562500000000003,0,4.5625,1.71875,0.140625,0.140625,0.0,0.5593750000000006,0.5257812499999998,0.6327819071372093,0.050044801562015455,0.13592643248215278,0.05000000000000001,-1.8000000000000003,4.650000000000001,5.0,13.0,1,0,19,4,1,8,1,0,30,0
2000663,1.0,0.05,0.75,0.15924999999999928,0.1999999999999993,0.040750000000000015,-8,40.75,5.5625,0.203125,0.078125,0.0,0.5500000000000004,0.5492187499999996,0.9462036564323835,0.05196720817633575,0.9382745276674336,0.05,-0.5500000000000003,0.7499999999999992,5.0,13.0,1,0,12,5,3,9,0,1,33,0
2000664,1.0,0.05,0.75,-1.585156249999999,-1.549999999999999,0.03515625,-9,35.15625,5.09375,0.171875,0.03125,0.0,0.5625000000000006,0.51875,0.9797588001590675,0.05019171159181467,0.9777378087590459,0.05000000000000001,-1.3000000000000003,-0.25000000000000067,4.0,9.0,1,2,21,4,0,4,0,0,32,0
2000665,1.0,0.05,0.75,-3.6292343750000016,-3.6000000000000014,0.029234375000000014,-12,29.234375,4.671875,0.1875,0.0,0.0,0.5750000000000005,0.51875,0.9851068164784093,0.050106003948115214,0.9849516393455214,0.05,-0.45000000000000007,-3.1500000000000004,2.0,10.0,1,2,21,1,2,5,0,0,32,0
2000666,0.0,0.05,0.75,6.388734375,6.4,0.011265625000000008,-6,11.265625,2.796875,0.15625,0.0625,0.015625,0.5682539682539688,0.44285714285714306,0.03120083444317183,0.05000418268140856,0.009932540584289532,0.05,-0.14999999999999997,6.549999999999999,3.0,11.0,1,0,37,2,2,7,1,0,13,1
2000667,0.0,0.05,0.75,10.305921875,10.35,0.04407812500000002,-13,44.078125,5.515625,0.25,0.046875,0.0,0.5500000000000004,0.48593749999999997,0.9240436975772612,0.05537647301110045,0.9178684390643251,0.04999999999999999,-0.4,10.75,1.0,18.0,1,4,26,3,2,3,1,0,24,0
2000668,1.0,0.05,0.75,-0.8824062500000014,-0.8500000000000014,0.03240625000000001,-10,32.40625,5.3125,0.203125,0.046875,0.0,0.5656250000000005,0.5562499999999999,0.9891227137598232,0.05363687451703255,0.988522708129977,0.05,-0.30000000000000004,-0.5500000000000005,4.0,12.0,0,3,14,2,0,4,1,2,38,0
2000669,1.0,0.05,0.75,-0.6760937500000004,-0.6500000000000004,0.02609375,-7,26.09375,4.625,0.15625,0.046875,0.015625,0.5523809523809527,0.538095238095238,0.9758263711105254,0.050177754811127226,0.9721752288502767,0.05,-0.15000000000000013,-0.5000000000000003,3.0,10.0,0,3,15,1,1,9,4,1,29,1
2000670,0.0,0.05,0.75,9.5790625,9.6,0.020937500000000015,-8,20.9375,3.875,0.265625,0.140625,0.0,0.5562500000000006,0.4554687500000004,0.012559866532206124,0.05236364726438301,0.002273375561998273,0.05,-0.6000000000000001,10.2,3.0,23.0,1,1,33,5,0,8,0,1,15,0
2000671,1.0,0.05,0.75,-0.3089374999999998,-0.2999999999999998,0.008937500000000004,-5,8.9375,2.3125,0.125,0.046875,0.0,0.5437500000000004,0.4976562499999998,0.8834552137961509,0.05000938311178999,0.8047683166730227,0.05000000000000001,-0.050000000000000044,-0.25000000000000067,1.0,10.0,1,1,24,6,1,6,1,0,24,0
2000672,0.0,0.05,0.75,3.298437499999999,3.299999999999999,0.001562500000000001,0,1.5625,0.9375,0.125,0.125,0.03125,0.5548387096774199,0.4322580645161291,0.1996254752165938,0.050059454742706726,0.00288642963918203,0.05,-0.14999999999999997,3.449999999999999,3.0,13.0,0,0,39,5,4,3,0,0,11,2
2000673,0.0,0.05,0.75,7.738734375000001,7.750000000000001,0.011265625000000007,-5,11.265625,2.578125,0.203125,0.125,0.0,0.5812500000000005,0.38281250000000017,0.0067299704231303025,0.051350280181414944,7.323094447140702e-05,0.049999999999999996,-0.55,8.300000000000002,4.0,17.0,0,1,53,1,2,3,0,1,3,0
2000674,0.0,0.05,0.75,3.8949218749999996,3.8999999999999995,0.005078125000000004,-3,5.078125,2.015625,0.171875,0.125,0.0,0.5281250000000003,0.5046875000000001,0.4865881964249848,0.05004634597784118,0.18116122754449543,0.05,-1.5,5.3999999999999995,4.0,15.0,1,1,24,7,2,1,2,0,26,0
2000675,0.0,0.05,0.75,11.502203125000001,11.55,0.047796875000000016,-13,47.796875,5.953125,0.28125,0.078125,0.0,0.5687500000000004,0.4554687500000004,0.14143919119151277,0.054376877068637766,0.10795012847111178,0.05,-0.29999999999999993,11.850000000000001,4.0,19.0,0,3,34,2,1,6,1,0,17,0
2000676,1.0,0.05,0.75,3.435609375000002,3.450000000000002,0.01439062500000001,-2,14.390625,3.578125,0.140625,0.109375,0.0,0.5812500000000005,0.6124999999999995,0.9797432216456267,0.05093795769346583,0.9628692045798388,0.05,-0.2500000000000002,3.6999999999999993,5.0,11.0,0,1,5,1,1,2,1,0,53,0
2000677,1.0,0.05,0.75,0.6195781249999985,0.6499999999999986,0.030421875000000004,-8,30.421875,4.421875,0.1875,0.0625,0.015625,0.5523809523809529,0.5452380952380949,0.9901952512180213,0.06014776900245952,0.9865927560778209,0.04999999999999999,-0.15000000000000013,0.7999999999999996,3.0,13.0,1,1,11,4,4,10,0,0,32,1
2000678,1.0,0.05,0.75,0.98103125,1.0,0.01896875000000001,-7,18.96875,3.78125,0.1875,0.078125,0.015625,0.5492063492063497,0.5738095238095235,0.988727844192141,0.058210285938632485,0.9852726481454054,0.05,-0.4500000000000002,1.4499999999999993,6.0,11.0,1,1,7,5,3,6,0,0,40,1
2000679,0.0,0.05,0.75,5.0981250000000005,5.1000000000000005,0.0018750000000000012,1,1.875,1.125,0.15625,0.171875,0.0,0.5718750000000005,0.40390625,0.002867656936237885,0.09765252726012116,2.4352113339409417e-06,0.05,-0.3999999999999999,5.5,8.0,13.0,0,0,47,1,4,6,1,1,4,0
2000680,1.0,0.05,0.75,0.8883437499999985,0.8999999999999986,0.011656250000000009,-6,11.65625,2.96875,0.171875,0.078125,0.0,0.5500000000000005,0.5398437499999997,0.9672959017833899,0.05146052191806935,0.942248143044307,0.05,-0.8500000000000001,1.7499999999999996,5.0,11.0,1,0,16,5,2,6,1,0,33,0
2000681,0.0,0.05,0.75,5.284812499999999,5.299999999999999,0.015187500000000012,-7,15.1875,3.53125,0.140625,0.03125,0.015625,0.5460317460317463,0.49285714285714294,0.7265277473805994,0.05000291947337801,0.6957496659999989,0.049999999999999996,-0.7000000000000001,6.0,2.0,9.0,0,1,24,6,3,7,0,1,21,1
2000682,1.0,0.05,0.75,-1.02434375,-1.0,0.024343750000000015,-6,24.34375,4.21875,0.140625,0.046875,0.0,0.5468750000000004,0.4765625,0.5799549746801386,0.05000325589817938,0.47126505039033995,0.05,-1.0500000000000003,0.04999999999999971,3.0,9.0,0,4,25,5,3,8,0,0,19,0
2000683,1.0,0.05,0.75,-0.8830156249999996,-0.8499999999999996,0.033015625,-9,33.015625,4.921875,0.21875,0.078125,0.0,0.5750000000000006,0.48359375000000004,0.518675701862064,0.050816490626761995,0.40818851911747556,0.05,-1.1,0.24999999999999922,3.0,16.0,1,0,29,2,1,8,0,1,22,0
2000684,0.0,0.05,0.75,6.029515625000001,6.050000000000001,0.020484375000000003,-5,20.484375,3.890625,0.171875,0.09375,0.0,0.5562500000000005,0.4718749999999998,0.5099371854134818,0.05021768054470742,0.15104770335247658,0.05,-0.7000000000000001,6.75,2.0,15.0,0,0,31,5,2,7,1,0,18,0
2000685,1.0,0.05,0.75,-1.1819374999999985,-1.1499999999999986,0.03193750000000001,-11,31.9375,4.96875,0.25,0.078125,0.0,0.5500000000000005,0.5398437499999996,0.9525844638943483,0.06215660588612195,0.9464119915656896,0.05,-1.75,0.599999999999999,7.0,14.0,0,1,13,6,3,10,0,0,31,0
2000686,1.0,0.05,0.75,1.3902031250000013,1.4000000000000012,0.009796875000000007,-6,9.796875,2.609375,0.203125,0.109375,0.0,0.5312500000000004,0.5281249999999996,0.9209449850857102,0.05988267485391288,0.798548730544566,0.05,-0.9500000000000002,2.35,5.0,15.0,1,0,14,8,3,11,0,1,26,0
2000687,0.0,0.05,0.75,4.991124999999999,4.999999999999999,0.008875000000000006,-3,8.875,2.6875,0.171875,0.125,0.0,0.5343750000000004,0.5421874999999998,0.8635834738081154,0.0505808393286018,0.5913830466001812,0.05,-0.35000000000000003,5.349999999999999,1.0,18.0,2,1,13,8,0,6,0,0,34,0
2000688,0.0,0.05,0.75,4.794250000000001,4.800000000000001,0.0057500000000000025,-4,5.75,1.8125,0.15625,0.09375,0.015625,0.523809523809524,0.4666666666666667,0.12839933757264224,0.050014226052329906,0.025176910700778144,0.05000000000000001,-0.7000000000000002,5.499999999999999,4.0,12.0,1,3,25,8,3,8,0,0,15,1
2000689,0.0,0.05,0.75,4.998578124999999,4.999999999999999,0.0014218750000000006,0,1.421875,0.921875,0.171875,0.171875,0.0,0.5687500000000006,0.415625,0.04410740407083357,0.05766348062736704,0.00013619857154557156,0.05,-1.25,6.25,8.0,14.0,0,2,44,4,0,4,0,0,10,0
2000690,1.0,0.05,0.75,-0.9798906250000002,-0.9500000000000002,0.029890625000000007,-8,29.890625,4.828125,0.171875,0.046875,0.015625,0.5523809523809527,0.4952380952380952,0.6525559321958717,0.05005788583179405,0.6053909240375905,0.05,-0.3500000000000001,-0.6000000000000005,1.0,13.0,0,2,25,3,3,5,2,0,23,1
2000691,1.0,0.05,0.75,-1.0205625,-1.0,0.02056250000000001,-9,20.5625,3.90625,0.1875,0.046875,0.0,0.5500000000000004,0.5749999999999997,0.9687543185623518,0.050392586753260575,0.9680983184614617,0.05,-1.0500000000000003,0.04999999999999982,5.0,10.0,0,1,7,4,2,10,2,1,37,0
2000692,1.0,0.05,0.75,3.744609375,3.75,0.005390625000000003,-1,5.390625,2.078125,0.140625,0.125,0.0,0.5750000000000006,0.5726562499999998,0.921507591633115,0.0503511506048461,0.7326288035159265,0.05000000000000001,-0.15000000000000013,3.899999999999999,3.0,14.0,1,0,10,3,0,8,0,0,42,0
2000693,0.0,0.05,0.75,3.3466874999999994,3.349999999999999,0.003312500000000002,-2,3.3125,1.5625,0.140625,0.109375,0.0,0.5218750000000003,0.528125,0.5590105250404839,0.05001052815390478,0.26609568698546604,0.05,-1.8000000000000003,5.15,5.0,11.0,2,1,15,10,0,6,0,0,30,0
2000694,1.0,0.05,0.75,-3.355312499999999,-3.299999999999999,0.05531250000000002,-13,55.3125,6.1875,0.234375,0.03125,0.0,0.5312500000000004,0.48125000000000023,0.8468840463413377,0.05034494625933361,0.8420802271815364,0.05,-0.7500000000000001,-2.5500000000000003,2.0,15.0,2,1,25,6,1,9,2,0,18,0
2000695,1.0,0.05,0.75,-2.217968750000001,-2.200000000000001,0.017968750000000006,-9,17.96875,3.25,0.171875,0.03125,0.0,0.5625000000000004,0.5000000000000002,0.8728372099095514,0.050020903846144056,0.8627421635383501,0.05,-1.4500000000000004,-0.7500000000000004,5.0,8.0,1,2,24,3,1,6,0,1,26,0
2000696,1.0,0.05,0.75,-2.8995781249999997,-2.8499999999999996,0.04957812500000003,-13,49.578125,6.109375,0.234375,0.03125,0.015625,0.5333333333333335,0.5404761904761904,0.9905053028920547,0.054868072234626614,0.9902013825057874,0.05000000000000001,-0.15000000000000013,-2.7000000000000006,3.0,14.0,0,2,11,8,3,9,0,0,30,1
2000697,1.0,0.05,0.75,1.3365312500000015,1.3500000000000014,0.013468750000000008,-5,13.46875,3.3125,0.15625,0.078125,0.0,0.5406250000000004,0.5515624999999996,0.9891814575181999,0.051617414545500916,0.9776715762814654,0.049999999999999996,-0.2500000000000002,1.5999999999999994,5.0,10.0,2,1,13,5,2,3,1,0,37,0
2000698,0.0,0.05,0.75,2.598390624999999,2.599999999999999,0.001609375000000001,2,1.609375,0.984375,0.140625,0.171875,0.0,0.5468750000000003,0.4882812500000002,0.04139162698055472,0.05275464770953061,0.0006320711724307565,0.049999999999999996,-1.1,3.7000000000000006,4.0,16.0,0,2,25,7,1,7,0,0,22,0
2000699,1.0,0.05,0.75,-0.9851718749999993,-0.9499999999999993,0.03517187500000001,-9,35.171875,5.296875,0.1875,0.046875,0.03125,0.5645161290322587,0.5169354838709675,0.9690092484851544,0.05122274799309762,0.963998374050503,0.05000000000000001,-0.5000000000000002,-0.4500000000000006,4.0,11.0,0,0,21,5,1,7,0,0,28,2
2000700,1.0,0.05,0.75,-3.053031250000002,-3.0000000000000018,0.053031250000000016,-13,53.03125,6.1875,0.25,0.046875,0.0,0.5625000000000006,0.4648437500000002,0.7783329033788112,0.0516052885171061,0.7632270235718167,0.05,-1.1000000000000003,-1.9000000000000004,4.0,15.0,0,2,34,5,0,2,0,0,21,0
2000701,0.0,0.05,0.75,10.49075,10.5,0.009250000000000006,-7,9.25,2.25,0.265625,0.15625,0.0,0.5875000000000006,0.35234375000000023,0.0008373924686829335,0.14022521230407065,1.4831505942367237e-06,0.05,-0.4999999999999999,11.000000000000004,10.0,17.0,0,2,61,1,0,0,0,0,0,0
2000702,0.0,0.05,0.75,2.7994062499999997,2.8,0.0005937500000000003,1,0.59375,0.5625,0.109375,0.125,0.0,0.5500000000000004,0.44140625000000017,0.07700155946227126,0.05006656846146932,0.0008616588692900341,0.049999999999999996,-0.9500000000000002,3.7499999999999996,6.0,9.0,1,0,40,5,0,2,2,0,14,0
2000703,0.0,0.05,0.75,6.937078124999999,6.949999999999999,0.012921875000000008,-7,12.921875,3.140625,0.203125,0.09375,0.015625,0.5365079365079368,0.46190476190476226,0.12798530715189863,0.05010817679420724,0.047755975578744746,0.05,-1.05,8.000000000000002,5.0,14.0,0,3,30,6,4,3,0,1,16,1
2000704,1.0,0.05,0.75,-5.160765625000001,-5.050000000000001,0.11076562500000006,-17,110.765625,8.546875,0.265625,0.0,0.0,0.5375000000000003,0.49296874999999984,0.9918278797383643,0.05567883006444599,0.991595437383562,0.05,-1.6500000000000004,-3.4000000000000004,6.0,11.0,0,2,23,6,4,7,1,0,21,0
2000705,1.0,0.05,0.75,-2.6418593749999997,-2.5999999999999996,0.041859375000000004,-11,41.859375,6.015625,0.1875,0.015625,0.0,0.5468750000000006,0.5421874999999999,0.9776448010690665,0.05014694127117834,0.9773847344886134,0.05000000000000001,-0.5000000000000001,-2.1000000000000005,3.0,10.0,1,2,16,5,1,2,1,0,36,0
2000706,0.0,0.05,0.75,8.12609375,8.15,0.023906249999999997,-5,23.90625,4.40625,0.21875,0.140625,0.0,0.5812500000000006,0.39687500000000026,0.0028699292034310864,0.056599620195732996,3.978266460553742e-05,0.049999999999999996,-0.3499999999999999,8.5,7.0,16.0,0,0,50,2,2,4,0,0,6,0
2000707,1.0,0.05,0.75,0.5916093749999997,0.5999999999999996,0.008390625000000006,-6,8.390625,2.609375,0.15625,0.0625,0.015625,0.5079365079365081,0.5714285714285711,0.9818373478186073,0.05056482545576081,0.978635758426505,0.05000000000000002,-0.5,1.0999999999999992,4.0,10.0,2,0,6,6,4,7,4,1,33,1
2000708,0.0,0.05,0.75,2.7480781249999997,2.7499999999999996,0.0019218750000000013,-2,1.921875,1.203125,0.09375,0.0625,0.0,0.5343750000000004,0.46015624999999977,0.45220608621492586,0.05000052003516083,0.12045031302812104,0.05,-0.4,3.1499999999999995,2.0,8.0,1,1,31,8,1,6,0,1,15,0
2000709,0.0,0.05,0.75,5.7911874999999995,5.8,0.008812500000000006,-5,8.8125,2.3125,0.171875,0.09375,0.015625,0.555555555555556,0.44047619047619047,0.3227301714193283,0.05021199789272517,0.04383501098286418,0.05,-1.1500000000000001,6.949999999999999,4.0,13.0,0,1,37,4,1,7,2,0,11,1
2000710,0.0,0.05,0.75,3.095624999999999,3.099999999999999,0.004375000000000003,-1,4.375,1.75,0.109375,0.09375,0.0,0.5562500000000006,0.49062499999999987,0.3576534066647511,0.050002801757731724,0.08361611137238406,0.049999999999999996,-0.95,4.05,4.0,9.0,0,0,27,7,0,7,0,0,23,0
2000711,0.0,0.05,0.75,4.646828125,4.6499999999999995,0.0031718750000000024,-3,3.171875,1.515625,0.140625,0.09375,0.0,0.5437500000000004,0.45546874999999987,0.22713379968833577,0.05001959944609603,0.019428896740944814,0.05,-0.5,5.1499999999999995,4.0,11.0,0,0,35,6,1,6,2,1,13,0
2000712,1.0,0.05,0.75,-0.5245156250000009,-0.5000000000000009,0.024515625000000006,-8,24.515625,4.703125,0.171875,0.046875,0.015625,0.5523809523809527,0.5619047619047618,0.9856651623609397,0.0505969723537195,0.9847946260231077,0.04999999999999999,-0.20000000000000018,-0.3000000000000007,4.0,10.0,0,1,12,4,2,5,2,0,37,1
2000713,0.0,0.05,0.75,4.248296874999999,4.249999999999999,0.001703125000000001,0,1.703125,1.078125,0.15625,0.15625,0.0,0.5375000000000003,0.4507812499999998,0.3405013295933523,0.05055125208500294,0.0031903450786973844,0.05000000000000001,-1.05,5.299999999999999,6.0,14.0,1,2,31,6,3,8,0,1,12,0
2000714,0.0,0.05,0.75,7.241343749999999,7.249999999999998,0.008656250000000004,-7,8.65625,2.34375,0.203125,0.09375,0.0,0.5562500000000005,0.44609375000000023,0.06388942987496636,0.05007809337221598,0.014180031926906637,0.05000000000000001,-0.3,7.549999999999999,3.0,16.0,0,3,33,5,1,9,0,0,13,0
2000715,1.0,0.05,0.75,-1.775421875,-1.75,0.02542187500000001,-9,25.421875,4.203125,0.171875,0.03125,0.0,0.5562500000000004,0.5140625,0.936764735717531,0.050060599000307134,0.9314036742840403,0.05000000000000001,-1.3,-0.4500000000000006,6.0,7.0,1,3,17,3,3,10,0,0,27,0
2000716,1.0,0.05,0.75,0.05462500000000318,0.1000000000000032,0.04537500000000002,-9,45.375,5.90625,0.1875,0.046875,0.0,0.5625000000000006,0.5726562499999996,0.9911918411100045,0.05346063271240198,0.9906571464068893,0.05,-0.3500000000000001,0.4499999999999996,4.0,11.0,1,0,9,5,0,8,0,0,41,0
2000717,0.0,0.05,0.75,6.133718750000001,6.15,0.01628125000000001,-6,16.28125,3.46875,0.171875,0.078125,0.0,0.5687500000000005,0.4718750000000002,0.1560076012204496,0.0500139569696714,0.07512513120434622,0.05,-0.45,6.6,2.0,14.0,0,1,31,2,3,7,1,0,19,0
2000718,1.0,0.05,0.75,-1.0665312500000008,-1.0500000000000007,0.01653125000000001,-7,16.53125,3.5625,0.15625,0.046875,0.0,0.5281250000000005,0.49296875,0.5943760956723448,0.05001220774632957,0.517715201252425,0.05,-0.9500000000000001,-0.10000000000000064,3.0,10.0,0,0,26,9,3,3,0,2,21,0
2000719,1.0,0.05,0.75,-3.0039687499999994,-2.9499999999999993,0.05396875000000002,-13,53.96875,6.34375,0.234375,0.03125,0.0,0.5656250000000005,0.5468749999999999,0.9819992202647916,0.051848371876192775,0.9817477811030598,0.05,-1.3500000000000003,-1.6000000000000008,6.0,11.0,1,0,13,3,3,10,0,0,34,0
2000720,1.0,0.05,0.75,0.8312500000000014,0.8500000000000014,0.01875000000000001,-7,18.75,3.84375,0.1875,0.078125,0.0,0.5625000000000006,0.5562499999999996,0.9773559170617158,0.053434161675015086,0.9700232015112316,0.049999999999999996,-0.5500000000000003,1.3999999999999992,5.0,12.0,1,1,14,0,3,5,2,2,36,0
2000721,1.0,0.05,0.75,0.22945312499999998,0.25,0.020546875000000006,-9,20.546875,3.765625,0.21875,0.078125,0.0,0.5625000000000007,0.5749999999999996,0.9895570140687324,0.06975055240985097,0.9875845413473702,0.05,-0.20000000000000018,0.4499999999999995,4.0,15.0,3,0,9,2,0,6,1,0,43,0
2000722,0.0,0.05,0.75,6.244984374999999,6.249999999999999,0.005015625000000001,-5,5.015625,1.515625,0.1875,0.109375,0.0,0.5500000000000004,0.5164062500000001,0.5538714345305594,0.05046233275269401,0.29880455184886084,0.05,-1.1500000000000001,7.3999999999999995,4.0,15.0,0,1,20,7,1,7,0,0,28,0
2000723,1.0,0.05,0.75,-1.1981406250000013,-1.1500000000000012,0.048140625000000006,-9,48.140625,6.015625,0.234375,0.09375,0.0,0.5625000000000004,0.49296875000000007,0.5815686128526566,0.050705572256245765,0.5099420336988,0.05,-1.5000000000000002,0.3499999999999992,4.0,17.0,1,1,26,3,1,7,1,0,24,0
2000724,1.0,0.05,0.75,-3.337749999999999,-3.299999999999999,0.03775000000000002,-11,37.75,5.4375,0.203125,0.03125,0.0,0.5562500000000005,0.5,0.8174377952772707,0.05002649035953516,0.8133189744904598,0.05,-0.19999999999999996,-3.100000000000001,1.0,14.0,2,2,22,4,0,8,0,0,26,0
2000725,0.0,0.05,0.75,5.797578124999999,5.799999999999999,0.0024218750000000013,-3,2.421875,1.234375,0.15625,0.109375,0.0,0.5468750000000004,0.43671875000000027,0.005402571871876697,0.05023039036211699,0.00020631110607536278,0.049999999999999996,-0.24999999999999994,6.050000000000001,5.0,12.0,1,1,38,4,4,3,0,2,11,0
2000726,1.0,0.05,0.75,-4.978390625,-4.9,0.07839062499999999,-14,78.390625,7.734375,0.21875,0.0,0.0,0.5656250000000005,0.4929687500000001,0.9585349984822876,0.050085288910182234,0.9583016919567224,0.049999999999999996,-1.6500000000000001,-3.2500000000000004,5.0,9.0,0,4,25,3,1,5,0,0,26,0
2000727,1.0,0.05,0.75,-0.024781250000000015,0.0,0.024781250000000015,-8,24.78125,4.46875,0.171875,0.046875,0.0,0.5843750000000006,0.5515624999999997,0.958325197471384,0.05059860341168115,0.9549814628184744,0.049999999999999996,-0.7500000000000002,0.7499999999999996,6.0,8.0,0,1,15,2,0,8,0,0,38,0
2000728,1.0,0.05,0.75,-0.9246562500000004,-0.9000000000000004,0.02465625,-7,24.65625,4.46875,0.15625,0.046875,0.0,0.5656250000000005,0.5257812499999999,0.8608275970753078,0.05001794700218495,0.8479145746089183,0.05,-0.050000000000000044,-0.8500000000000008,1.0,12.0,3,1,16,0,1,12,1,1,29,0
2000729,1.0,0.05,0.75,-2.530515625,-2.5,0.03051562500000001,-12,30.515625,4.515625,0.21875,0.03125,0.0,0.5281250000000003,0.5210937500000002,0.9812857250131295,0.05142792446458703,0.9805395072447338,0.05,-0.10000000000000009,-2.4000000000000004,2.0,14.0,0,3,16,7,3,7,1,1,26,0
2000730,1.0,0.05,0.75,-2.0282343750000007,-2.000000000000001,0.028234375000000016,-10,28.234375,4.734375,0.171875,0.015625,0.015625,0.5523809523809527,0.5142857142857142,0.970157930763827,0.05014625428023936,0.9686083387025,0.05,-0.8,-1.2000000000000004,4.0,8.0,0,2,20,5,0,8,1,1,26,1
2000731,1.0,0.05,0.75,-0.6707343750000012,-0.6500000000000012,0.02073437500000001,-8,20.734375,3.921875,0.203125,0.078125,0.0,0.5406250000000005,0.5140625,0.8600925531650684,0.05057737596621648,0.8255308135189561,0.05,-0.10000000000000009,-0.5500000000000013,2.0,16.0,0,1,21,6,2,6,2,0,26,0
2000732,0.0,0.05,0.75,3.446984374999999,3.4499999999999993,0.003015625000000002,0,3.015625,1.390625,0.109375,0.109375,0.0,0.5593750000000005,0.3945312500000003,0.15787214493732335,0.050018135127764124,0.0008525954217511929,0.05,-0.5,3.9499999999999997,4.0,10.0,0,1,49,5,2,2,0,0,5,0
2000733,0.0,0.05,0.75,10.904640625,10.950000000000001,0.045359375000000014,-13,45.359375,5.453125,0.28125,0.078125,0.015625,0.5650793650793655,0.4238095238095243,0.029968488659081895,0.050524557833362585,0.021984377830887348,0.05,-0.09999999999999998,11.05,2.0,21.0,0,1,42,3,3,3,0,1,10,1
2000734,0.0,0.05,0.75,8.867375,8.899999999999999,0.032625,-9,32.625,4.53125,0.234375,0.09375,0.0,0.5593750000000005,0.4296875000000004,0.02251360429915928,0.05016832881357188,0.006410862410212063,0.05000000000000001,-0.6000000000000001,9.5,3.0,18.0,1,1,40,3,2,5,1,0,11,0
2000735,1.0,0.05,0.75,-2.7121093749999985,-2.6499999999999986,0.06210937500000003,-14,62.109375,6.546875,0.3125,0.09375,0.0,0.5500000000000006,0.46015625000000004,0.32249548900953307,0.059145401702150144,0.2769239803770323,0.05000000000000001,-2.5500000000000003,-0.10000000000000075,7.0,19.0,1,2,28,6,0,13,0,0,14,0
2000736,1.0,0.05,0.75,-0.8176875000000025,-0.8000000000000025,0.017687500000000005,-9,17.6875,3.5,0.234375,0.09375,0.0,0.5343750000000004,0.47890625,0.4970165645055081,0.05212492094932061,0.349734463708579,0.05,0.0,-0.8000000000000008,0.0,21.0,0,1,27,7,4,6,1,0,18,0
2000737,1.0,0.05,0.75,-0.6140781250000006,-0.6000000000000005,0.01407812500000001,-8,14.078125,3.078125,0.171875,0.046875,0.0,0.5375000000000004,0.5093749999999999,0.7545146145290782,0.05010082761339162,0.715227297699936,0.05,-0.25,-0.3500000000000004,2.0,12.0,0,5,17,5,2,9,1,1,24,0
2000738,1.0,0.05,0.75,-3.7022500000000003,-3.6500000000000004,0.052250000000000026,-13,52.25,6.28125,0.21875,0.015625,0.0,0.5625000000000004,0.5046875000000002,0.9726800671927701,0.05035633727817951,0.9723099572720424,0.049999999999999996,-0.050000000000000044,-3.600000000000001,1.0,14.0,1,0,22,3,3,10,0,1,24,0
2000739,1.0,0.05,0.75,1.6477343749999993,1.6499999999999992,0.002265625000000001,0,2.265625,1.046875,0.09375,0.09375,0.0,0.5250000000000002,0.5187499999999998,0.48155273680020716,0.05000078463399804,0.19195307220123692,0.05,-0.4,2.049999999999999,1.0,11.0,0,0,19,8,4,6,2,0,25,0
2000740,1.0,0.05,0.75,4.19528125,4.2,0.004718750000000003,-1,4.71875,2.0,0.171875,0.15625,0.0,0.5562500000000005,0.6007812499999995,0.8961591785799912,0.05225329445401527,0.6495238032023365,0.05,-0.4500000000000002,4.649999999999999,3.0,18.0,2,0,5,4,2,1,0,0,50,0
2000741,1.0,0.05,0.75,0.040359374999999816,0.04999999999999982,0.009640625000000005,-5,9.640625,2.515625,0.15625,0.078125,0.0,0.5468750000000004,0.5281249999999998,0.6675560937377824,0.05001505188295974,0.5827483741570556,0.049999999999999996,-0.7000000000000002,0.7499999999999992,3.0,12.0,0,1,16,5,4,9,1,0,28,0
2000742,1.0,0.05,0.75,-3.7915156249999984,-3.7499999999999982,0.04151562500000002,-12,41.515625,5.171875,0.21875,0.03125,0.0,0.5468750000000003,0.4648437500000002,0.7562673240866044,0.050046668499975834,0.7481749651247235,0.049999999999999996,-0.8,-2.950000000000001,2.0,14.0,1,3,29,4,1,8,1,1,16,0
2000743,0.0,0.05,0.75,4.697515624999999,4.699999999999999,0.0024843750000000018,-2,2.484375,1.390625,0.140625,0.109375,0.0,0.5500000000000004,0.43671875000000004,0.07869537424188691,0.05004205555197674,0.002028473422288666,0.049999999999999996,-0.55,5.249999999999999,5.0,11.0,0,2,38,6,1,4,0,1,12,0
2000744,0.0,0.05,0.75,8.27959375,8.3,0.020406250000000004,-9,20.40625,3.4375,0.21875,0.078125,0.015625,0.5460317460317464,0.43333333333333374,0.20328082821990082,0.05128881787111703,0.06701421418891992,0.05,-0.55,8.85,4.0,15.0,2,1,39,4,2,1,1,0,13,1
2000745,0.0,0.05,0.75,10.352343750000001,10.4,0.04765625000000002,-13,47.65625,5.65625,0.265625,0.0625,0.0,0.5687500000000004,0.4085937500000003,0.12697652792092293,0.05139437677775417,0.08507273006948138,0.049999999999999996,-0.09999999999999998,10.5,2.0,19.0,0,3,45,2,1,4,1,0,8,0
2000746,0.0,0.05,0.75,9.241593749999998,9.299999999999999,0.05840625000000003,-13,58.40625,6.21875,0.234375,0.03125,0.0,0.5562500000000005,0.47187500000000016,0.6656451017140674,0.05012161507367684,0.6586901414868328,0.05,-0.04999999999999999,9.35,1.0,16.0,0,2,29,5,1,8,0,1,18,0
2000747,1.0,0.05,0.75,-2.7571874999999992,-2.6999999999999993,0.05718750000000002,-14,57.1875,6.375,0.28125,0.0625,0.0,0.5781250000000006,0.42968750000000033,0.14311044417630792,0.052087009974797024,0.1160472998779962,0.05,-1.4000000000000004,-1.3000000000000012,4.0,18.0,0,0,43,2,2,4,0,1,12,0
2000748,1.0,0.05,0.75,-2.1245468750000005,-2.1000000000000005,0.024546875000000003,-9,24.546875,3.859375,0.15625,0.015625,0.015625,0.5460317460317463,0.5071428571428572,0.9486752845144989,0.05002746898136668,0.9459788561940485,0.05,-0.40000000000000013,-1.7000000000000006,2.0,9.0,0,3,20,5,4,5,0,0,26,1
2000749,1.0,0.05,0.75,0.43789062499999926,0.4499999999999993,0.012109375000000007,-5,12.109375,3.265625,0.15625,0.078125,0.0,0.5687500000000004,0.5375,0.7499716303929908,0.05002883131181134,0.6857206406813797,0.05,-0.8000000000000002,1.2499999999999993,3.0,12.0,1,1,18,1,3,4,0,2,34,0
2000750,0.0,0.05,0.75,9.568781249999999,9.6,0.03121875000000001,-12,31.21875,4.21875,0.25,0.0625,0.0,0.5468750000000004,0.4390625000000003,0.2095808131834882,0.05040440509140908,0.17507741955368475,0.04999999999999999,-0.6500000000000001,10.25,4.0,16.0,1,1,35,7,0,9,0,0,11,0
2000751,0.0,0.05,0.75,6.787218750000001,6.800000000000001,0.012781250000000008,-6,12.78125,3.0,0.203125,0.109375,0.0,0.5531250000000004,0.4742187499999999,0.17745256887744212,0.05025971090460049,0.05269159529127515,0.05,-0.8500000000000001,7.6499999999999995,4.0,16.0,0,2,29,6,0,7,0,1,19,0
2000752,1.0,0.05,0.75,-0.15434375000000036,-0.15000000000000036,0.004343750000000002,-5,4.34375,1.46875,0.140625,0.0625,0.0,0.5093750000000002,0.5234374999999997,0.8769574141265585,0.05002187137043887,0.8246677838530083,0.049999999999999996,-0.050000000000000044,-0.10000000000000031,1.0,12.0,0,1,17,11,2,5,2,0,26,0
2000753,0.0,0.05,0.75,3.5479531249999994,3.5499999999999994,0.002046875000000001,-1,2.046875,1.140625,0.125,0.109375,0.0,0.5781250000000006,0.42734374999999986,0.1964307949217568,0.050013441637001596,0.005078090503596226,0.05,-0.8500000000000001,4.3999999999999995,5.0,10.0,0,0,45,3,1,1,0,0,14,0
2000754,0.0,0.05,0.75,5.148234375,5.15,0.0017656250000000011,-1,1.765625,1.140625,0.140625,0.125,0.0,0.5687500000000005,0.41328125,0.0063588743714514204,0.05100534897580576,3.1211306097193894e-05,0.05000000000000001,-0.6499999999999999,5.799999999999999,7.0,10.0,0,0,47,4,2,1,0,0,10,0
2000755,0.0,0.05,0.75,5.395281250000002,5.400000000000002,0.004718750000000002,-2,4.71875,1.78125,0.203125,0.171875,0.0,0.5593750000000004,0.5539062499999998,0.4905462523152419,0.05223455990867829,0.12135709479294829,0.05000000000000001,-1.35,6.75,4.0,20.0,0,1,13,4,4,5,0,0,37,0
2000756,1.0,0.05,0.75,0.1938281249999993,0.1999999999999993,0.006171875000000005,-4,6.171875,2.109375,0.125,0.0625,0.015625,0.555555555555556,0.5238095238095236,0.8537114933186251,0.05001173672504882,0.7694184193437162,0.05000000000000001,-0.25,0.4499999999999993,1.0,11.0,0,0,20,4,2,7,2,0,28,1
2000757,1.0,0.05,0.75,1.5742968750000015,1.6000000000000014,0.025703125000000007,-7,25.703125,4.296875,0.203125,0.09375,0.0,0.5625000000000004,0.5703124999999997,0.9487801691101742,0.058652575542156214,0.9340031964371683,0.05,-0.4500000000000002,2.05,3.0,16.0,1,2,7,2,1,11,0,3,37,0
2000758,0.0,0.05,0.75,4.9956875,5.0,0.004312500000000003,-2,4.3125,1.875,0.140625,0.109375,0.0,0.5718750000000006,0.41796875,0.026029200429804767,0.050103831299396474,0.000401494453691812,0.05,-0.19999999999999996,5.199999999999999,4.0,12.0,1,1,45,1,0,4,2,0,10,0
2000759,1.0,0.05,0.75,-2.0733906249999983,-2.049999999999998,0.023390625000000012,-10,23.390625,4.296875,0.203125,0.046875,0.015625,0.5523809523809527,0.5428571428571428,0.9594346850509679,0.05040976807746644,0.9582449812190972,0.05,-1.2000000000000004,-0.8500000000000008,5.0,11.0,1,1,17,4,1,2,1,1,35,1
2000760,1.0,0.05,0.75,-1.4003437499999996,-1.3499999999999996,0.050343750000000013,-9,50.34375,6.46875,0.171875,0.03125,0.015625,0.5809523809523814,0.5595238095238094,0.9795033772910344,0.05021269322987828,0.9790615395758657,0.049999999999999996,-0.9000000000000004,-0.4500000000000006,6.0,7.0,0,2,15,1,1,2,0,1,41,1
2000761,1.0,0.05,0.75,0.471734375,0.5,0.02826562500000001,-7,28.265625,4.890625,0.171875,0.0625,0.015625,0.5619047619047625,0.5809523809523806,0.9763273649337487,0.05097300634440275,0.9741717693471272,0.05000000000000001,-0.9000000000000001,1.4,6.0,9.0,0,0,7,4,1,10,1,1,39,1
2000762,1.0,0.05,0.75,-0.12693750000000142,-0.10000000000000142,0.026937500000000017,-9,26.9375,4.65625,0.21875,0.078125,0.0,0.5750000000000005,0.5257812500000002,0.8282393900760378,0.051686480260153066,0.8082206461355675,0.05,-0.9500000000000002,0.8499999999999994,4.0,15.0,0,0,20,3,2,8,0,0,31,0
2000763,0.0,0.05,0.75,6.219234375,6.25,0.030765624999999994,-6,30.765625,4.390625,0.171875,0.078125,0.0,0.5812500000000006,0.471875,0.5717566668611587,0.05015245875133114,0.3134736087914217,0.05,-0.25,6.500000000000001,2.0,14.0,0,2,33,2,0,4,0,0,23,0
2000764,1.0,0.05,0.75,0.6232656250000013,0.6500000000000012,0.026734375000000005,-5,26.734375,4.796875,0.203125,0.125,0.0,0.5406250000000005,0.5187499999999999,0.4791915812675437,0.05028194117577956,0.26923994638737797,0.05,0.0,0.649999999999999,0.0,21.0,2,0,18,7,1,8,0,0,28,0
2000765,0.0,0.05,0.75,2.846921874999999,2.849999999999999,0.0030781250000000014,2,3.078125,1.296875,0.15625,0.1875,0.0,0.5312500000000004,0.5351562499999998,0.6185529299646282,0.05090827512141168,0.03949031017962285,0.05000000000000002,-2.0500000000000003,4.9,6.0,16.0,1,1,14,8,3,6,0,0,31,0
2000766,1.0,0.05,0.75,-0.6137656250000014,-0.6000000000000014,0.013765625000000009,-6,13.765625,2.984375,0.171875,0.078125,0.015625,0.5301587301587306,0.4571428571428571,0.41004292859262936,0.05004645358031966,0.19283266652602704,0.049999999999999996,-0.7500000000000001,0.14999999999999925,2.0,14.0,1,2,30,7,0,8,2,0,13,1
2000767,1.0,0.05,0.75,2.6839531250000013,2.700000000000001,0.01604687500000001,-5,16.046875,3.484375,0.171875,0.09375,0.0,0.5843750000000005,0.6078124999999994,0.9930487631514885,0.061687082943611936,0.9899166389869959,0.05,-0.20000000000000018,2.9,4.0,13.0,1,1,3,1,0,7,0,0,51,0
2000768,0.0,0.05,0.75,2.097968749999999,2.0999999999999988,0.0020312500000000014,2,2.03125,1.21875,0.109375,0.140625,0.0,0.5531250000000005,0.46718750000000014,0.10088077403907622,0.050100258476561195,0.00158663833262867,0.049999999999999996,-0.5,2.5999999999999996,4.0,12.0,0,0,35,6,0,2,1,1,19,0
2000769,0.0,0.05,0.75,4.695156249999999,4.699999999999999,0.0048437500000000034,-3,4.84375,1.84375,0.15625,0.109375,0.0,0.5312500000000002,0.49531250000000016,0.290105564829206,0.05003114040458347,0.06737362476712508,0.05,-1.7000000000000004,6.4,6.0,11.0,0,1,20,8,4,12,0,1,18,0
2000770,1.0,0.05,0.75,-1.1844999999999986,-1.1499999999999986,0.0345,-10,34.5,5.03125,0.203125,0.046875,0.0,0.5500000000000004,0.5656249999999996,0.985570792700759,0.05177387370438061,0.9850554613815716,0.05,-1.0500000000000003,-0.10000000000000031,5.0,11.0,1,1,8,5,2,9,0,1,37,0
2000771,0.0,0.05,0.75,5.040921874999999,5.049999999999999,0.009078125000000003,-6,9.078125,2.328125,0.171875,0.078125,0.0,0.5500000000000005,0.49531250000000027,0.5114429170980246,0.050010964028900776,0.4009883366130786,0.05,0.0,5.049999999999999,0.0,16.0,1,0,26,5,0,7,2,0,23,0
2000772,0.0,0.05,0.75,5.4441250000000005,5.45,0.005875000000000004,-4,5.875,1.90625,0.15625,0.09375,0.0,0.5312500000000003,0.4390625000000002,0.06724837359513033,0.050022398511616786,0.0043403464278723505,0.05,-0.04999999999999999,5.500000000000001,1.0,15.0,0,3,35,7,1,6,2,0,10,0
2000773,0.0,0.05,0.75,6.190046874999999,6.199999999999999,0.009953125000000007,-6,9.953125,2.734375,0.1875,0.09375,0.0,0.5500000000000004,0.49296875,0.6962262217582925,0.050295081313686874,0.48955804857037943,0.05000000000000001,-1.6500000000000004,7.85,5.0,13.0,0,0,26,6,2,7,0,2,21,0
2000774,0.0,0.05,0.75,7.1192031249999985,7.149999999999999,0.030796875,-8,30.796875,4.140625,0.1875,0.0625,0.0,0.5500000000000005,0.4320312500000001,0.3446023037980887,0.05019645858597734,0.1408246934990036,0.05,-0.5,7.649999999999999,3.0,13.0,0,0,39,8,0,7,0,0,10,0
2000775,1.0,0.05,0.75,-1.826828124999999,-1.799999999999999,0.026828125000000015,-9,26.828125,4.421875,0.203125,0.0625,0.0,0.5468750000000004,0.49296875,0.8052734865939605,0.05017224976349541,0.7682179106548174,0.05,-0.7500000000000001,-1.0500000000000012,2.0,15.0,0,1,26,6,2,5,1,0,23,0
2000776,1.0,0.05,0.75,-0.7780156249999991,-0.7499999999999991,0.02801562500000001,-7,28.015625,4.671875,0.171875,0.0625,0.015625,0.5365079365079369,0.5047619047619047,0.783780404758521,0.050077873125247904,0.7192043147282428,0.04999999999999999,-0.4500000000000002,-0.3000000000000005,3.0,12.0,3,0,20,7,0,8,0,0,25,1
2000777,1.0,0.05,0.75,-0.2602968750000011,-0.20000000000000107,0.06029687500000003,-10,60.296875,6.390625,0.234375,0.078125,0.0,0.5687500000000005,0.5609374999999996,0.9924918843190468,0.08608163748534628,0.9903720898756749,0.049999999999999996,-0.20000000000000018,-1.1102230246251565e-15,4.0,16.0,0,0,13,3,2,7,1,0,38,0
2000778,0.0,0.05,0.75,5.6916093750000005,5.7,0.008390625000000004,-3,8.390625,2.359375,0.1875,0.140625,0.0,0.5406250000000004,0.5023437499999996,0.7613172488198557,0.05407652449124426,0.15773209810156147,0.05,-1.35,7.05,5.0,16.0,0,0,21,6,5,10,1,0,21,0
2000779,1.0,0.05,0.75,-3.089718749999999,-3.049999999999999,0.03971875000000002,-14,39.71875,5.0625,0.25,0.03125,0.0,0.5687500000000005,0.5328125000000001,0.9924771758735724,0.059256006496039376,0.9921122242209394,0.05,-0.15000000000000013,-2.9000000000000012,3.0,15.0,0,0,19,4,1,7,0,1,32,0
2000780,0.0,0.05,0.75,4.940656249999999,4.949999999999999,0.009343750000000007,-3,9.34375,2.75,0.15625,0.109375,0.0,0.5375000000000004,0.4882812499999998,0.35968423842542224,0.050084511286988175,0.05337178144980256,0.05000000000000001,-0.75,5.7,4.0,13.0,1,0,27,7,2,4,1,0,22,0
2000781,0.0,0.05,0.75,11.058703125000003,11.100000000000003,0.04129687500000002,-14,41.296875,5.078125,0.28125,0.0625,0.0,0.5437500000000003,0.5257812500000002,0.8436190750828801,0.05666548106465001,0.8377810304246549,0.05000000000000001,-0.75,11.850000000000003,3.0,19.0,0,3,17,5,1,7,2,0,29,0
2000782,1.0,0.05,0.75,0.23028125000000088,0.2500000000000009,0.019718750000000007,-6,19.71875,3.96875,0.15625,0.0625,0.0,0.5468750000000003,0.5164062499999998,0.9181602842038226,0.05015381903341105,0.8670275285705882,0.05,-0.6000000000000001,0.8499999999999993,3.0,11.0,3,1,16,4,2,11,0,0,27,0
2000783,1.0,0.05,0.75,1.0434218749999997,1.0499999999999998,0.006578125000000002,-5,6.578125,1.890625,0.171875,0.09375,0.015625,0.5333333333333337,0.5095238095238094,0.5097692500207087,0.05016796806138256,0.2969334117634854,0.05000000000000001,-0.8,1.8499999999999992,2.0,15.0,1,1,21,7,2,4,1,0,26,1
2000784,0.0,0.05,0.75,3.5971562499999994,3.599999999999999,0.002843750000000002,-2,2.84375,1.46875,0.109375,0.078125,0.0,0.5437500000000005,0.5328124999999997,0.7594327886678883,0.050004403452087585,0.5442379189879797,0.05,-0.35000000000000003,3.9499999999999997,1.0,11.0,3,0,15,5,0,9,1,0,31,0
2000785,0.0,0.05,0.75,7.966640625,8.0,0.03335937500000002,-10,33.359375,5.140625,0.21875,0.0625,0.0,0.5500000000000004,0.4578125000000003,0.1680713643977826,0.05003221505492294,0.1399907630696418,0.05,-0.09999999999999998,8.1,2.0,16.0,0,2,31,5,2,9,1,0,14,0
2000786,1.0,0.05,0.75,0.24846875,0.25,0.001531250000000001,-3,1.53125,0.90625,0.109375,0.0625,0.0,0.5343750000000006,0.5140624999999999,0.7878421157728516,0.050002188173252804,0.6308921616500467,0.05,-0.4500000000000002,0.6999999999999995,3.0,8.0,2,0,18,5,3,10,2,0,24,0
2000787,0.0,0.05,0.75,8.28528125,8.3,0.014718750000000001,-10,14.71875,3.03125,0.234375,0.078125,0.015625,0.5619047619047625,0.4833333333333337,0.3231528294269599,0.050227240889368995,0.2856857628636645,0.05000000000000002,-0.4,8.700000000000003,2.0,18.0,1,1,28,3,0,7,1,1,21,1
2000788,1.0,0.05,0.75,-0.289421875,-0.25,0.039421875000000016,-8,39.421875,5.890625,0.171875,0.046875,0.015625,0.5492063492063497,0.5523809523809522,0.9818336690125916,0.050803248282766,0.979663585140263,0.05,-0.7000000000000002,0.4499999999999996,5.0,9.0,0,2,8,6,0,15,1,0,31,1
2000789,1.0,0.05,0.75,2.7496718749999998,2.7499999999999996,0.0003281250000000002,0,0.328125,0.328125,0.09375,0.09375,0.0,0.5375000000000003,0.5281249999999998,0.7134291170522543,0.050002869637425576,0.30961519320676645,0.05000000000000001,-0.45000000000000007,3.1999999999999993,2.0,10.0,0,2,13,8,2,12,0,0,27,0
2000790,1.0,0.05,0.75,-1.3424843750000006,-1.3000000000000007,0.04248437500000001,-9,42.484375,5.609375,0.203125,0.0625,0.0,0.5468750000000003,0.5187500000000002,0.8562391254068137,0.05027141114829895,0.8387476533707121,0.05,-0.40000000000000013,-0.9000000000000008,2.0,15.0,1,2,19,6,0,6,0,1,29,0
2000791,0.0,0.05,0.75,4.399015625,4.3999999999999995,0.0009843750000000002,-2,0.984375,0.578125,0.125,0.09375,0.0,0.5718750000000004,0.3734375000000003,0.19916250733385474,0.050011799975237164,0.0014619758920431682,0.05000000000000002,-0.29999999999999993,4.699999999999999,4.0,10.0,0,3,54,2,2,0,0,0,3,0
2000792,1.0,0.05,0.75,-4.366296874999999,-4.299999999999999,0.06629687500000002,-15,66.296875,6.921875,0.234375,0.0,0.0,0.5656250000000006,0.5492187499999999,0.9930846543418638,0.05177580204461372,0.9930260489961485,0.05,-0.40000000000000013,-3.9000000000000004,2.0,13.0,0,2,15,4,1,4,0,0,38,0
2000793,1.0,0.05,0.75,0.48696875,0.5,0.013031250000000008,-5,13.03125,3.0,0.125,0.046875,0.0,0.5593750000000004,0.5140624999999999,0.8830674375155384,0.05002204844261328,0.8149409557129917,0.05,-0.30000000000000004,0.8,3.0,8.0,1,2,19,2,3,9,1,0,27,0
2000794,0.0,0.05,0.75,5.92784375,5.95,0.022156250000000013,-8,22.15625,3.78125,0.15625,0.03125,0.0,0.5281250000000003,0.4882812500000001,0.43483797360004245,0.05000139832138027,0.4126186278217956,0.05,-0.4,6.35,2.0,10.0,1,2,23,7,3,7,1,0,20,0
2000795,1.0,0.05,0.75,1.3474218749999995,1.3499999999999996,0.002578125000000002,-1,2.578125,1.453125,0.09375,0.078125,0.0,0.5375000000000004,0.5234374999999998,0.5596517994810704,0.05000059360259007,0.3134429504971558,0.05,-0.44999999999999996,1.7999999999999994,1.0,10.0,2,1,18,5,1,6,1,2,28,0
2000796,1.0,0.05,0.75,-3.149749999999998,-3.099999999999998,0.049750000000000016,-11,49.75,6.3125,0.203125,0.03125,0.015625,0.5650793650793655,0.44285714285714295,0.5870550330362345,0.05006269148055398,0.5486126960088877,0.05,-1.1,-2.000000000000001,3.0,12.0,1,1,39,2,0,3,1,2,14,1
2000797,0.0,0.05,0.75,4.183937499999999,4.199999999999999,0.01606250000000001,-6,16.0625,3.65625,0.109375,0.015625,0.0,0.5406250000000004,0.51640625,0.7150875241065305,0.05000020691757133,0.7032771912805891,0.05,0.0,4.199999999999999,0.0,8.0,0,2,20,7,1,5,1,0,28,0
2000798,1.0,0.05,0.75,-2.573390625000002,-2.5500000000000016,0.023390625000000005,-9,23.390625,4.390625,0.15625,0.015625,0.0,0.5250000000000002,0.5304687499999999,0.933807486336801,0.050008761105211345,0.9325787162434852,0.05,-0.050000000000000044,-2.5,1.0,10.0,0,3,14,9,1,7,1,0,29,0
2000799,0.0,0.05,0.75,3.848124999999999,3.849999999999999,0.0018750000000000008,-1,1.875,1.03125,0.140625,0.125,0.0,0.5281250000000002,0.43437499999999996,0.07129180754126999,0.050077689898151576,0.0014127938435531768,0.05,-1.6,5.449999999999999,7.0,10.0,1,1,39,6,2,2,3,0,10,0
2000800,0.0,0.05,0.75,4.396953124999999,4.399999999999999,0.0030468750000000014,-2,3.046875,1.484375,0.171875,0.140625,0.0,0.5312500000000003,0.4671874999999999,0.13003683679343248,0.05021339238689723,0.007973769878861968,0.05,-0.6000000000000001,4.999999999999999,3.0,17.0,2,0,28,7,2,9,1,0,15,0
2000801,1.0,0.05,0.75,1.740859375000001,1.7500000000000009,0.009140625000000006,-3,9.140625,2.640625,0.140625,0.09375,0.015625,0.520634920634921,0.5619047619047615,0.9042114869212001,0.05010884958284651,0.8274866747681812,0.05000000000000002,-0.4500000000000002,2.1999999999999993,3.0,12.0,0,0,10,10,2,5,1,1,34,1
2000802,0.0,0.05,0.75,8.9880625,9.0,0.011937500000000009,-6,11.9375,2.75,0.234375,0.140625,0.0,0.5906250000000006,0.3734375000000002,0.002867485180922948,0.059884059258885604,1.7931301925831448e-05,0.05000000000000001,-0.29999999999999993,9.299999999999999,6.0,18.0,0,0,56,1,1,4,0,0,2,0
2000803,0.0,0.05,0.75,1.6982656249999994,1.6999999999999995,0.001734375000000001,1,1.734375,1.046875,0.09375,0.109375,0.0,0.5500000000000004,0.5093749999999998,0.4472080726744194,0.050002404846150234,0.0926041658018257,0.05000000000000001,-2.0000000000000004,3.699999999999999,6.0,7.0,0,1,22,5,2,7,1,1,25,0
2000804,0.0,0.05,0.75,6.935499999999999,6.949999999999999,0.01450000000000001,-7,14.5,3.15625,0.171875,0.0625,0.0,0.5625000000000004,0.5046875000000001,0.6657845294647695,0.05012271340474569,0.5645278289978392,0.05,-0.25,7.199999999999999,2.0,13.0,0,0,25,4,1,7,1,1,25,0
2000805,1.0,0.05,0.75,-2.0407499999999983,-1.9999999999999982,0.040750000000000015,-11,40.75,5.375,0.203125,0.03125,0.0,0.5250000000000002,0.528125,0.9896942931561549,0.051481194978604615,0.9891624906446338,0.05,-0.40000000000000013,-1.6000000000000003,3.0,12.0,3,1,12,6,4,10,0,1,27,0
2000806,1.0,0.05,0.75,0.04404687499999804,0.049999999999998046,0.005953125000000001,-7,5.953125,1.671875,0.171875,0.0625,0.015625,0.5460317460317466,0.5642857142857141,0.9815017404873445,0.05096115132153829,0.9780948163860025,0.049999999999999996,-0.20000000000000018,0.24999999999999956,4.0,11.0,0,1,9,6,2,8,1,0,36,1
2000807,1.0,0.05,0.75,0.8458906249999997,0.8499999999999996,0.004109375000000002,-4,4.109375,1.546875,0.15625,0.09375,0.0,0.5156250000000003,0.48593749999999986,0.42953737905260153,0.05002740370766113,0.16033873028014647,0.05,-0.3500000000000001,1.1999999999999988,1.0,15.0,3,1,23,8,0,8,2,0,19,0
2000808,0.0,0.05,0.75,3.4991718749999996,3.4999999999999996,0.0008281250000000003,-1,0.828125,0.671875,0.140625,0.125,0.0,0.5250000000000002,0.46249999999999997,0.22328706062654327,0.050035504438789194,0.010662315722688526,0.05,-0.5,3.999999999999999,3.0,14.0,1,1,30,9,1,6,0,2,14,0
2000809,0.0,0.05,0.75,12.528609375000002,12.600000000000001,0.071390625,-14,71.390625,6.765625,0.328125,0.109375,0.0,0.5750000000000006,0.38515625000000014,0.025287990270611828,0.0554345488260959,0.002084108049449287,0.05000000000000001,-0.39999999999999997,13.000000000000002,5.0,23.0,1,3,49,1,1,5,0,0,4,0
2000810,1.0,0.05,0.75,1.8471249999999997,1.8499999999999996,0.002875000000000002,-3,2.875,1.46875,0.140625,0.09375,0.0,0.5406250000000005,0.5679687499999997,0.8590710241039846,0.05006373194302892,0.7846316696625127,0.05,-0.44999999999999996,2.3,3.0,12.0,0,1,6,6,2,13,2,0,34,0
2000811,0.0,0.05,0.75,8.092749999999999,8.1,0.007250000000000005,-6,7.25,1.96875,0.203125,0.109375,0.0,0.5812500000000006,0.3921875,0.013378103042045248,0.05038915732159512,0.0003134221217870695,0.05000000000000001,-0.39999999999999997,8.5,5.0,15.0,0,0,53,2,1,1,0,1,6,0
2000812,0.0,0.05,0.75,3.0477499999999997,3.05,0.002250000000000001,-2,2.25,1.15625,0.125,0.09375,0.0,0.47187499999999993,0.490625,0.6036180992230598,0.05000528251381903,0.23374335629020956,0.05,-0.3,3.3499999999999996,1.0,13.0,2,3,16,12,6,8,2,0,15,0
2000813,1.0,0.05,0.75,-2.770312500000002,-2.7500000000000018,0.020312500000000004,-11,20.3125,3.40625,0.203125,0.03125,0.015625,0.5333333333333337,0.5142857142857143,0.9556758479750711,0.050278384156079894,0.9540031740063136,0.05,-0.8500000000000002,-1.9000000000000001,4.0,11.0,1,2,17,8,1,8,0,0,26,1
2000814,1.0,0.05,0.75,-0.9187968749999986,-0.8999999999999986,0.01879687500000001,-8,18.796875,3.671875,0.1875,0.0625,0.015625,0.5428571428571433,0.5166666666666667,0.7707116866113025,0.05028223605387941,0.7320947612307434,0.049999999999999996,-0.10000000000000009,-0.8000000000000007,2.0,14.0,0,2,18,5,2,9,2,0,25,1
2000815,0.0,0.05,0.75,7.685953125000001,7.700000000000001,0.01404687500000001,-8,14.046875,2.953125,0.203125,0.078125,0.0,0.5906250000000005,0.40156250000000016,0.0525876337297547,0.05008810256245535,0.008378285259927629,0.05,-0.55,8.25,5.0,13.0,0,2,49,0,1,3,0,0,9,0
2000816,0.0,0.05,0.75,6.334625,6.35,0.01537500000000001,-8,15.375,3.28125,0.1875,0.0625,0.0,0.5656250000000006,0.49531249999999993,0.6189423563094303,0.050021469133226866,0.5749846519679397,0.05,-0.3,6.65,1.0,15.0,0,2,27,3,1,4,1,0,26,0
2000817,1.0,0.05,0.75,-0.9864999999999993,-0.9499999999999993,0.03650000000000001,-9,36.5,5.375,0.21875,0.078125,0.015625,0.5428571428571435,0.5476190476190471,0.9311127676907331,0.051978484090557206,0.9240372614282205,0.049999999999999996,-0.8000000000000002,-0.1500000000000008,3.0,16.0,0,1,13,6,1,8,2,0,32,1
2000818,0.0,0.05,0.75,7.386859375,7.4,0.013140625000000006,-5,13.140625,2.859375,0.203125,0.125,0.015625,0.5587301587301592,0.4238095238095241,0.004030636605075585,0.05113120338558633,0.0002371135717511298,0.05000000000000001,-1.05,8.450000000000001,7.0,14.0,0,0,42,5,3,3,0,0,10,1
2000819,0.0,0.05,0.75,5.0459218749999994,5.05,0.004078125000000003,-5,4.078125,1.609375,0.140625,0.0625,0.0,0.5343750000000004,0.5093749999999996,0.8229419845103566,0.05001837577084361,0.7412765605209451,0.05000000000000001,-0.6000000000000001,5.6499999999999995,2.0,11.0,1,0,21,8,2,6,0,1,25,0
2000820,1.0,0.05,0.75,-1.4002968749999978,-1.3499999999999979,0.05029687500000001,-10,50.296875,6.328125,0.21875,0.0625,0.0,0.5562500000000005,0.4835937500000002,0.17515035591374803,0.050046591063266824,0.1576559942454362,0.05,-1.0,-0.35000000000000053,3.0,15.0,0,2,25,4,2,11,0,2,18,0
2000821,0.0,0.05,0.75,11.392468749999997,11.449999999999998,0.05753125000000002,-14,57.53125,6.53125,0.3125,0.09375,0.0,0.5531250000000005,0.49531249999999993,0.8093560136781308,0.11693084084617297,0.7245496771055443,0.049999999999999996,-0.04999999999999999,11.499999999999996,1.0,25.0,2,2,25,3,0,5,1,1,25,0
2000822,0.0,0.05,0.75,9.217031250000002,9.250000000000002,0.032968750000000005,-10,32.96875,4.28125,0.25,0.09375,0.0,0.5406250000000006,0.4109375000000005,0.03893815556810827,0.050702040163938575,0.010071692237550115,0.05,-0.55,9.800000000000002,4.0,18.0,0,0,45,8,3,1,0,0,7,0
2000823,0.0,0.05,0.75,8.105640625,8.15,0.04435937500000002,-11,44.359375,5.515625,0.203125,0.03125,0.0,0.5500000000000006,0.49765625,0.9222078058549331,0.05012492202071517,0.9190544880227676,0.05,0.0,8.15,0.0,15.0,2,2,21,5,0,10,0,0,24,0
2000824,1.0,0.05,0.75,-3.8197031249999984,-3.7499999999999982,0.06970312499999999,-15,69.703125,6.265625,0.28125,0.046875,0.0,0.5593750000000005,0.4789062500000001,0.8277528206759353,0.05452934796321109,0.8214911589939626,0.05,-1.3000000000000003,-2.450000000000001,5.0,16.0,2,1,29,3,0,6,1,0,22,0
2000825,0.0,0.05,0.75,7.778031250000001,7.800000000000001,0.021968750000000006,-6,21.96875,4.09375,0.1875,0.09375,0.0,0.5781250000000007,0.4109375000000003,0.014873144353447207,0.05010248556330722,0.0008956859851346148,0.049999999999999996,-0.14999999999999997,7.950000000000002,3.0,15.0,0,2,45,2,0,6,0,1,8,0
2000826,0.0,0.05,0.75,2.0958281249999997,2.0999999999999996,0.004171875000000003,0,4.171875,1.578125,0.109375,0.109375,0.0,0.5406250000000004,0.5093749999999999,0.53396573660288,0.050002943529868865,0.13156817474980448,0.049999999999999996,-0.75,2.8499999999999996,2.0,12.0,0,0,23,7,2,5,1,1,25,0
2000827,0.0,0.05,0.75,7.286406249999999,7.299999999999999,0.013593750000000005,-8,13.59375,2.78125,0.1875,0.0625,0.0,0.5562500000000004,0.42031250000000014,0.08811382818321042,0.05002395501838143,0.032049413488625764,0.049999999999999996,-0.39999999999999997,7.699999999999999,4.0,12.0,2,2,41,3,2,3,0,0,11,0
2000828,0.0,0.05,0.75,6.4928125,6.5,0.007187500000000004,-4,7.1875,2.21875,0.234375,0.171875,0.0,0.5343750000000004,0.4859374999999996,0.3449653789447129,0.06352358928196772,0.024742699265337405,0.05,-0.8500000000000001,7.35,4.0,22.0,0,2,27,6,1,5,3,0,20,0
2000829,0.0,0.05,0.75,7.978484375,8.0,0.021515625000000007,-9,21.515625,3.984375,0.234375,0.09375,0.0,0.5437500000000005,0.44140625000000033,0.14764117895328965,0.050467716193985865,0.05896212116393141,0.05,-0.9500000000000002,8.950000000000001,4.0,17.0,2,1,35,6,1,6,0,0,13,0
2000830,0.0,0.05,0.75,5.0963906250000015,5.100000000000001,0.0036093750000000023,-1,3.609375,1.640625,0.171875,0.15625,0.015625,0.555555555555556,0.5214285714285711,0.5654122381695602,0.05161965749756041,0.05709055487232924,0.05000000000000001,-1.9500000000000004,7.049999999999999,6.0,15.0,0,0,21,5,0,7,2,0,28,1
2000831,0.0,0.05,0.75,8.421656250000002,8.450000000000001,0.028343750000000015,-9,28.34375,4.59375,0.234375,0.09375,0.03125,0.545161290322581,0.47822580645161294,0.41868102932702167,0.05335841710998157,0.2846761809137406,0.05,-1.25,9.700000000000001,5.0,16.0,0,2,28,6,0,5,1,1,19,2
2000832,1.0,0.05,0.75,-2.517093750000003,-2.450000000000003,0.06709375000000001,-15,67.09375,6.65625,0.25,0.015625,0.0,0.5500000000000006,0.5445312499999995,0.9989110530364549,0.145637261492227,0.998218164046321,0.05000000000000001,-1.4000000000000004,-1.0500000000000003,8.0,9.0,2,0,16,4,0,5,2,0,35,0
2000833,1.0,0.05,0.75,-0.6719531250000004,-0.6500000000000004,0.021953125000000007,-7,21.953125,3.953125,0.171875,0.0625,0.0,0.5437500000000004,0.5234374999999997,0.8687545003826199,0.05008211798268317,0.8382145284691369,0.05,-0.40000000000000013,-0.25000000000000067,2.0,13.0,0,0,19,7,2,7,1,0,28,0
2000834,0.0,0.05,0.75,6.85825,6.9,0.041749999999999995,-9,41.75,5.875,0.1875,0.046875,0.0,0.5312500000000003,0.46015625000000027,0.48395177270476475,0.05003132330163224,0.40455230400722747,0.05,-0.35000000000000003,7.25,1.0,14.0,1,3,30,8,1,4,0,0,17,0
2000835,0.0,0.05,0.75,8.229906249999999,8.299999999999999,0.07009375,-13,70.09375,7.40625,0.203125,0.0,0.0,0.5500000000000003,0.4859375000000002,0.9107765672776009,0.05001884139422091,0.9102499698895111,0.049999999999999996,0.0,8.299999999999999,0.0,13.0,1,4,27,2,1,3,2,1,23,0
2000836,0.0,0.05,0.75,5.447734375,5.449999999999999,0.002265625000000001,-3,2.265625,1.140625,0.203125,0.15625,0.0,0.5093750000000002,0.5164062500000001,0.31481916979725333,0.05106443483117661,0.0433550016792908,0.05,-1.9500000000000002,7.399999999999999,6.0,17.0,0,0,18,12,3,6,1,0,24,0
2000837,0.0,0.05,0.75,4.599078125,4.6000000000000005,0.0009218750000000004,0,0.921875,0.796875,0.140625,0.140625,0.0,0.5687500000000006,0.4226562500000003,0.012546870303482026,0.05173672246217738,5.190738434648568e-05,0.049999999999999996,-0.24999999999999994,4.849999999999999,5.0,13.0,0,0,43,4,1,6,0,1,9,0
2000838,0.0,0.05,0.75,4.695812499999999,4.699999999999998,0.004187500000000002,-2,4.1875,1.59375,0.1875,0.15625,0.0,0.5000000000000002,0.4835937499999999,0.09755208945271854,0.050905775219870046,0.00457929180265001,0.05000000000000001,-1.1500000000000001,5.849999999999998,4.0,18.0,0,1,23,15,1,7,0,0,17,0
2000839,1.0,0.05,0.75,0.06746874999999963,0.09999999999999964,0.032531250000000005,-8,32.53125,4.9375,0.203125,0.078125,0.0,0.5625000000000004,0.5281249999999998,0.9468849932520523,0.05272193746947421,0.9319502450488332,0.049999999999999996,-0.8500000000000003,0.9499999999999994,5.0,13.0,1,2,15,1,3,12,1,1,28,0
2000840,1.0,0.05,0.75,-2.786671875000002,-2.7500000000000018,0.03667187500000001,-11,36.671875,5.015625,0.1875,0.015625,0.0,0.5781250000000006,0.48593749999999997,0.9813736585802879,0.05023198407581083,0.9799967053256319,0.049999999999999996,-0.4500000000000002,-2.3000000000000007,3.0,10.0,0,1,30,2,1,5,0,1,24,0
2000841,1.0,0.05,0.75,1.5952499999999996,1.5999999999999996,0.0047500000000000025,-5,4.75,1.65625,0.171875,0.09375,0.0,0.5250000000000004,0.5468749999999998,0.9746355408835584,0.05255188779995863,0.9426989739271024,0.05,-0.6000000000000003,2.1999999999999993,6.0,11.0,1,0,15,9,0,3,2,0,34,0
2000842,1.0,0.05,0.75,-0.586906249999999,-0.5499999999999989,0.03690625,-8,36.90625,5.125,0.203125,0.078125,0.0,0.5843750000000006,0.4554687500000002,0.553215272475729,0.050678978796920474,0.3289731915966159,0.05,-0.3500000000000001,-0.2000000000000013,1.0,17.0,1,1,37,0,0,5,1,0,19,0
2000843,1.0,0.05,0.75,-1.1634062500000013,-1.1500000000000012,0.013406250000000001,-8,13.40625,2.5,0.203125,0.078125,0.015625,0.5365079365079369,0.46190476190476204,0.3911630904506173,0.05018464069580294,0.251715909752776,0.049999999999999996,-0.3500000000000001,-0.800000000000001,1.0,17.0,0,3,30,8,1,4,0,0,17,1
2000844,0.0,0.05,0.75,9.689109375000001,9.750000000000002,0.060890625000000025,-12,60.890625,6.828125,0.25,0.0625,0.0,0.5656250000000005,0.4601562500000001,0.3176349500654451,0.05031148308927792,0.29362051975748127,0.05,-0.04999999999999999,9.800000000000002,1.0,19.0,0,0,34,5,1,7,0,0,17,0
2000845,1.0,0.05,0.75,-3.102171874999999,-3.049999999999999,0.05217187500000003,-13,52.171875,6.265625,0.234375,0.03125,0.0,0.5562500000000005,0.5304687499999998,0.9854867394672469,0.052362456532608605,0.9851885228028986,0.05,-1.1500000000000001,-1.9000000000000001,6.0,11.0,1,3,17,3,1,5,1,0,33,0
2000846,1.0,0.05,0.75,-3.2639062499999993,-3.1999999999999993,0.06390625000000003,-12,63.90625,7.09375,0.203125,0.015625,0.0,0.5375000000000004,0.5210937499999999,0.979063683739173,0.05032070201980431,0.9787412059227094,0.05,-0.7000000000000002,-2.5,4.0,10.0,4,3,14,1,0,12,3,1,26,0
2000847,0.0,0.05,0.75,4.795593749999999,4.799999999999999,0.004406250000000002,-4,4.40625,1.53125,0.140625,0.078125,0.0,0.5312500000000004,0.4226562499999999,0.7432169144998376,0.0500651624121429,0.13219301113595378,0.05,-0.55,5.35,3.0,11.0,2,3,38,7,1,3,0,0,10,0
2000848,1.0,0.05,0.75,-3.7555156249999975,-3.6999999999999975,0.055515625000000006,-13,55.515625,5.828125,0.21875,0.015625,0.0,0.5468750000000003,0.5234375000000002,0.973026890659496,0.05032910949919296,0.9728078084887152,0.05,-1.25,-2.4500000000000006,5.0,10.0,1,4,15,4,3,7,0,0,30,0
2000849,0.0,0.05,0.75,5.497546874999999,5.499999999999999,0.0024531250000000013,-4,2.453125,1.171875,0.171875,0.109375,0.0,0.509375,0.4437500000000001,0.8791283026410833,0.051402757342535105,0.2655817356353458,0.05000000000000001,-2.0,7.499999999999999,6.0,12.0,1,3,29,10,4,8,0,0,9,0
2000850,1.0,0.05,0.75,-2.234578125000001,-2.200000000000001,0.03457812500000002,-9,34.578125,5.203125,0.1875,0.046875,0.0,0.5437500000000003,0.49296875000000007,0.7699681625776688,0.05002981320225134,0.7471331900416729,0.049999999999999996,-1.35,-0.8500000000000006,4.0,11.0,1,2,23,4,5,6,0,1,22,0
2000851,0.0,0.05,0.75,6.931500000000001,6.950000000000001,0.01850000000000001,-6,18.5,4.03125,0.1875,0.09375,0.0,0.5531250000000005,0.43437500000000046,0.008806191565055643,0.050041902047486035,0.0013150149822950489,0.05,-0.24999999999999994,7.200000000000001,5.0,13.0,0,1,41,7,0,1,0,0,14,0
2000852,0.0,0.05,0.75,5.544046874999999,5.549999999999999,0.005953125000000002,-5,5.953125,1.671875,0.171875,0.09375,0.0,0.5437500000000004,0.43906249999999986,0.31466808047709216,0.050108288832281744,0.03638484236823933,0.05,-1.1,6.649999999999999,5.0,12.0,0,1,38,7,1,4,1,0,12,0
2000853,0.0,0.05,0.75,6.5928125,6.6,0.007187500000000003,-6,7.1875,2.0,0.1875,0.09375,0.015625,0.5269841269841272,0.48809523809523814,0.4819059533510092,0.050448197403071354,0.24178143683484185,0.05000000000000001,-1.1,7.699999999999999,4.0,14.0,0,3,21,9,2,9,0,0,19,1
2000854,1.0,0.05,0.75,-1.7802187500000017,-1.7500000000000018,0.030218750000000016,-10,30.21875,4.5625,0.203125,0.046875,0.0,0.5562500000000005,0.5046874999999998,0.9240645303187867,0.05039973788518196,0.9171802140465513,0.05,-0.40000000000000013,-1.3500000000000005,2.0,14.0,1,2,21,4,0,10,0,2,24,0
2000855,1.0,0.05,0.75,-0.36460937500000057,-0.35000000000000053,0.014609375000000008,-8,14.609375,3.453125,0.203125,0.078125,0.0,0.5531250000000004,0.5093750000000002,0.687065567771698,0.0507289522879529,0.5958425467513305,0.05,0.0,-0.35000000000000075,0.0,18.0,2,0,22,4,1,7,1,0,27,0
2000856,0.0,0.05,0.75,6.0747656249999995,6.1,0.025234375000000017,-8,25.234375,4.578125,0.15625,0.03125,0.0,0.5687500000000005,0.4554687500000003,0.4219444113012156,0.05000328054749114,0.3540394266328423,0.05,-0.25,6.35,2.0,10.0,0,2,35,4,0,5,0,0,18,0
2000857,1.0,0.05,0.75,-1.277359375000001,-1.2500000000000009,0.027359375,-7,27.359375,4.640625,0.15625,0.046875,0.0,0.5343750000000004,0.5117187499999998,0.8738849243854008,0.050017366467823565,0.8541187062759492,0.05,-0.7500000000000002,-0.5000000000000006,3.0,10.0,1,1,20,7,0,8,2,0,25,0
2000858,1.0,0.05,0.75,-1.3381093749999988,-1.299999999999999,0.038109375,-10,38.109375,5.640625,0.203125,0.046875,0.0,0.5468750000000004,0.5539062499999999,0.9899779478207474,0.05224733949568544,0.9894308726473692,0.05,-0.050000000000000044,-1.2500000000000007,1.0,15.0,3,1,11,3,2,6,1,0,37,0
2000859,0.0,0.05,0.75,7.68353125,7.699999999999999,0.01646875000000001,-6,16.46875,3.5,0.203125,0.109375,0.0,0.5718750000000005,0.43671875000000054,0.052417381846421425,0.050332550149550334,0.004747483391776164,0.05,-0.7,8.400000000000002,6.0,14.0,0,2,41,2,2,1,0,1,15,0
2000860,0.0,0.05,0.75,8.444390624999999,8.499999999999998,0.05560937500000003,-11,55.609375,6.640625,0.203125,0.03125,0.0,0.5375000000000003,0.49296875000000007,0.9525274790765826,0.050331719250760375,0.94869996796227,0.05,-0.65,9.149999999999997,2.0,13.0,1,4,22,5,1,7,1,1,22,0
2000861,1.0,0.05,0.75,-2.78090625,-2.75,0.030906250000000014,-10,30.90625,4.34375,0.1875,0.03125,0.0,0.5625000000000004,0.4929687500000002,0.8818455274124891,0.050037166540146706,0.874002731858097,0.05,-0.40000000000000013,-2.3500000000000005,2.0,12.0,1,3,24,1,3,7,1,0,24,0
2000862,1.0,0.05,0.75,1.6899999999999993,1.6999999999999993,0.010000000000000007,-4,10.0,2.96875,0.15625,0.09375,0.0,0.5812500000000006,0.5445312499999996,0.9458741356515289,0.05049719082698703,0.8670833230875351,0.05000000000000001,-0.15000000000000013,1.8499999999999992,3.0,13.0,0,0,18,3,0,6,0,0,37,0
2000863,0.0,0.05,0.75,8.872359375000002,8.900000000000002,0.027640625000000016,-10,27.640625,4.296875,0.234375,0.078125,0.0,0.5718750000000005,0.4484375000000003,0.34033468641916753,0.051812407593934566,0.21773536819278302,0.05,-0.09999999999999998,9.000000000000002,2.0,18.0,0,1,37,3,2,5,0,0,16,0
2000864,0.0,0.05,0.75,3.8429531249999993,3.849999999999999,0.007046875000000003,-3,7.046875,2.015625,0.125,0.078125,0.015625,0.558730158730159,0.47142857142857125,0.46780523547976477,0.05000727436376422,0.12856742364332566,0.05,-0.04999999999999999,3.9,1.0,12.0,0,1,30,4,1,8,0,3,16,1
2000865,0.0,0.05,0.75,3.94721875,3.95,0.0027812500000000016,-2,2.78125,1.28125,0.140625,0.109375,0.015625,0.53968253968254,0.49999999999999994,0.3344282584542964,0.050017000180609665,0.09677869081653201,0.05000000000000001,-0.6,4.549999999999999,2.0,14.0,0,0,23,7,4,6,0,1,22,1
2000866,1.0,0.05,0.75,0.3757968749999995,0.39999999999999947,0.024203125000000016,-7,24.203125,4.265625,0.15625,0.046875,0.0,0.5687500000000005,0.5328124999999998,0.9852674823929376,0.05070620476064907,0.9796350615549099,0.05,-0.4500000000000002,0.8499999999999996,3.0,10.0,2,1,17,2,0,8,0,1,33,0
2000867,1.0,0.05,0.75,0.8362968749999996,0.8499999999999996,0.01370312500000001,-4,13.703125,3.265625,0.125,0.0625,0.015625,0.5460317460317465,0.5428571428571425,0.9042842399653757,0.050030820280268465,0.8523582247232991,0.04999999999999999,-0.30000000000000004,1.1499999999999997,3.0,9.0,1,0,12,4,1,14,3,0,28,1
2000868,1.0,0.05,0.75,3.4490156249999995,3.4499999999999993,0.0009843750000000007,2,0.984375,0.703125,0.125,0.15625,0.0,0.4937500000000002,0.4742187499999999,0.6499531949461079,0.0500189059002255,0.0360643412674041,0.05000000000000001,-0.4,3.849999999999999,1.0,17.0,0,3,23,13,5,5,0,0,15,0
2000869,0.0,0.05,0.75,6.824999999999999,6.85,0.02500000000000001,-7,25.0,4.5625,0.171875,0.0625,0.0,0.5500000000000004,0.52578125,0.779647318196573,0.050073601895517475,0.7449552204971036,0.05,-0.7000000000000001,7.550000000000001,2.0,13.0,0,0,17,6,4,9,0,0,28,0
2000870,1.0,0.05,0.75,-3.221921874999999,-3.1999999999999993,0.02192187500000001,-10,21.921875,3.734375,0.15625,0.0,0.015625,0.5523809523809527,0.5000000000000001,0.9589864120479202,0.05001400334087117,0.9577771928065186,0.05000000000000001,-0.050000000000000044,-3.1500000000000004,1.0,9.0,1,3,23,4,2,3,0,0,27,1
2000871,1.0,0.05,0.75,-2.4510781250000004,-2.4000000000000004,0.05107812500000001,-12,51.078125,6.078125,0.203125,0.015625,0.015625,0.5587301587301591,0.5285714285714282,0.9962621122662116,0.05361102723592408,0.9960936946731243,0.05,-0.4500000000000002,-1.9500000000000004,4.0,10.0,2,0,16,3,2,10,0,1,29,1
2000872,1.0,0.05,0.75,0.01773437500000071,0.05000000000000071,0.032265625,-6,32.265625,5.515625,0.171875,0.078125,0.0,0.5406250000000004,0.5539062499999999,0.7664471083207601,0.050049171724211756,0.7392368683355399,0.049999999999999996,-0.6500000000000001,0.6999999999999993,4.0,12.0,6,0,11,0,2,5,2,1,37,0
2000873,1.0,0.05,0.75,-1.7444218750000011,-1.700000000000001,0.044421875000000006,-12,44.421875,5.609375,0.25,0.0625,0.0,0.5531250000000003,0.5140624999999999,0.9887468260960508,0.09045880409627663,0.9845401678257706,0.05,-1.2500000000000002,-0.45000000000000073,6.0,14.0,0,3,22,2,2,4,2,2,27,0
2000874,0.0,0.05,0.75,7.225953125,7.25,0.024046875000000002,-8,24.046875,4.078125,0.1875,0.0625,0.0,0.5468750000000004,0.5304687499999999,0.9236119675038,0.0502781108186169,0.9141883625071273,0.049999999999999996,0.0,7.25,0.0,16.0,1,0,18,5,2,6,1,1,30,0
2000875,0.0,0.05,0.75,5.8454375,5.85,0.004562500000000003,-2,4.5625,1.9375,0.203125,0.171875,0.0,0.5562500000000005,0.5328124999999998,0.7628951798999157,0.06251220144117657,0.13720018485926136,0.05,-0.8,6.65,3.0,21.0,0,0,20,6,2,2,0,0,34,0
2000876,0.0,0.05,0.75,3.1477187499999997,3.1499999999999995,0.0022812500000000016,-1,2.28125,1.21875,0.125,0.109375,0.015625,0.5714285714285718,0.5142857142857139,0.6425225136896059,0.050014525425140316,0.2172959738435677,0.05,-0.9000000000000001,4.049999999999999,3.0,12.0,0,1,21,4,0,9,0,0,28,1
2000877,1.0,0.05,0.75,-0.6586718750000004,-0.6500000000000004,0.008671875000000006,-6,8.671875,2.546875,0.125,0.03125,0.0,0.5500000000000005,0.5046874999999997,0.950456774983678,0.05001471744830951,0.9296614825455156,0.05000000000000001,-0.4500000000000002,-0.2000000000000005,3.0,7.0,1,1,22,6,1,7,0,0,26,0
2000878,1.0,0.05,0.75,1.3903125000000003,1.4000000000000004,0.009687500000000007,-5,9.6875,2.90625,0.15625,0.078125,0.015625,0.571428571428572,0.5738095238095235,0.9706663031493405,0.050775204729672826,0.9586898465559383,0.05000000000000001,-0.10000000000000009,1.4999999999999996,2.0,13.0,2,1,7,0,2,10,1,0,40,1
2000879,0.0,0.05,0.75,4.19728125,4.199999999999999,0.002718750000000002,-3,2.71875,1.34375,0.15625,0.109375,0.0,0.5437500000000004,0.5351562499999998,0.5654088469551224,0.0500251566106454,0.32959178417005053,0.05,-1.4500000000000002,5.65,4.0,13.0,0,1,15,8,1,8,0,0,31,0
2000880,1.0,0.05,0.75,-1.8100468749999998,-1.7999999999999998,0.010046875000000004,-8,10.046875,2.265625,0.171875,0.046875,0.0,0.5437500000000005,0.4976562499999999,0.7331082838081662,0.05001473186950793,0.7011072202335372,0.05,-0.30000000000000004,-1.5000000000000007,1.0,13.0,2,1,21,5,2,10,0,1,22,0
2000881,1.0,0.05,0.75,-1.5071406249999992,-1.4499999999999993,0.05714062500000002,-11,57.140625,6.390625,0.1875,0.015625,0.0,0.5718750000000005,0.5539062499999996,0.9967492404657576,0.05259745660814494,0.9966230939740058,0.05,-0.40000000000000013,-1.05,5.0,8.0,0,0,16,3,0,6,1,1,37,0
2000882,0.0,0.05,0.75,2.597640624999999,2.599999999999999,0.0023593750000000017,0,2.359375,1.203125,0.125,0.125,0.0,0.5437500000000004,0.5679687499999998,0.571342848467467,0.05001362549188933,0.2837515158567946,0.05000000000000001,-0.7000000000000001,3.2999999999999994,2.0,14.0,2,0,7,5,2,10,1,0,37,0
2000883,0.0,0.05,0.75,7.862078125000001,7.900000000000001,0.03792187500000001,-8,37.921875,5.703125,0.203125,0.078125,0.015625,0.5650793650793655,0.5142857142857141,0.7829379023185695,0.051504196833121504,0.7266357442422585,0.04999999999999999,-0.75,8.649999999999999,3.0,15.0,0,0,24,4,2,3,0,1,29,1
2000884,1.0,0.05,0.75,-0.16154687499999948,-0.14999999999999947,0.011546875000000005,-7,11.546875,2.484375,0.171875,0.0625,0.0,0.5468750000000003,0.5421874999999999,0.9335443421772532,0.05020571053243766,0.9227395830216963,0.05,-0.6000000000000001,0.4499999999999993,3.0,12.0,1,0,18,4,2,2,1,3,33,0
2000885,1.0,0.05,0.75,0.7908906249999998,0.7999999999999998,0.009109375000000005,-4,9.109375,2.671875,0.140625,0.078125,0.0,0.5437500000000004,0.5117187499999997,0.7186887924114106,0.050022626407363185,0.5197799061106101,0.05,-0.65,1.4499999999999997,3.0,11.0,1,1,16,6,3,14,0,0,23,0
2000886,1.0,0.05,0.75,-0.4693281250000011,-0.45000000000000107,0.019328125000000012,-9,19.328125,3.609375,0.1875,0.046875,0.0,0.5843750000000005,0.5234374999999999,0.9663641372526445,0.05178282554938523,0.9608168176420366,0.05000000000000001,-0.40000000000000013,-0.05000000000000071,2.0,13.0,0,2,20,1,1,8,0,0,32,0
2000887,0.0,0.05,0.75,7.62790625,7.6499999999999995,0.022093750000000006,-7,22.09375,4.25,0.21875,0.109375,0.0,0.5562500000000005,0.4437500000000003,0.023505989913154567,0.05014034692625315,0.003946928787517269,0.05000000000000001,-0.19999999999999996,7.8500000000000005,4.0,17.0,1,1,38,5,1,2,0,0,16,0
2000888,1.0,0.05,0.75,-0.4036718749999997,-0.34999999999999964,0.053671875000000015,-9,53.671875,6.640625,0.203125,0.0625,0.0,0.5750000000000005,0.5749999999999997,0.9806386734146529,0.052317798331635745,0.9798057802546564,0.05,-0.8000000000000003,0.4499999999999995,4.0,13.0,0,1,10,2,0,8,1,1,41,0
2000889,0.0,0.05,0.75,3.1452499999999994,3.1499999999999995,0.004750000000000003,3,4.75,1.9375,0.15625,0.203125,0.0,0.5406250000000006,0.5867187499999996,0.7365357397512519,0.054542442122581865,0.0772046139155676,0.049999999999999996,-1.6,4.749999999999999,5.0,18.0,1,0,4,6,1,10,2,0,40,0
2000890,0.0,0.05,0.75,7.644921874999999,7.649999999999999,0.005078125000000003,-5,5.078125,1.765625,0.203125,0.125,0.0,0.5718750000000006,0.4671875000000001,0.24219634316364377,0.05347953077966785,0.022398492939966357,0.049999999999999996,-0.8500000000000001,8.499999999999998,5.0,16.0,0,0,30,4,0,14,0,1,15,0
2000891,0.0,0.05,0.75,3.4492031249999995,3.4499999999999993,0.0007968750000000005,0,0.796875,0.703125,0.171875,0.171875,0.0,0.5125000000000002,0.5257812499999996,0.40470523386528423,0.050547217183140675,0.03789499663182223,0.049999999999999996,-1.4000000000000001,4.85,4.0,18.0,1,0,16,11,4,4,0,0,28,0
2000892,1.0,0.05,0.75,-3.3007031249999983,-3.2499999999999982,0.05070312500000003,-13,50.703125,6.515625,0.234375,0.03125,0.0,0.5625000000000006,0.5375000000000001,0.9650391306698122,0.05081410369252286,0.964667254766138,0.05,-0.6000000000000001,-2.650000000000001,2.0,15.0,0,0,19,4,0,6,2,0,33,0
2000893,0.0,0.05,0.75,4.787749999999999,4.799999999999999,0.012250000000000007,-3,12.25,3.09375,0.15625,0.109375,0.0,0.5375000000000004,0.46953125000000007,0.4409951118044959,0.05007935645844757,0.05877057704358439,0.05,-0.8999999999999999,5.699999999999999,4.0,13.0,1,2,28,7,0,8,1,0,17,0
2000894,0.0,0.05,0.75,4.889984374999999,4.8999999999999995,0.010015625000000007,-6,10.015625,2.484375,0.140625,0.046875,0.015625,0.5365079365079369,0.4857142857142856,0.6818247514504336,0.050005231323229586,0.5997160780740958,0.05,0.0,4.8999999999999995,0.0,12.0,0,0,28,8,2,3,1,0,21,1
2000895,1.0,0.05,0.75,-1.588234374999999,-1.549999999999999,0.038234375000000015,-11,38.234375,5.546875,0.25,0.078125,0.0,0.5406250000000005,0.5515624999999998,0.9429435243599278,0.05502990323622362,0.939580725815703,0.05,-0.4500000000000002,-1.1000000000000008,3.0,18.0,1,2,11,7,1,6,0,0,36,0
2000896,0.0,0.05,0.75,6.223656250000001,6.250000000000001,0.026343750000000006,-7,26.34375,4.375,0.1875,0.078125,0.0,0.5593750000000006,0.4484375000000002,0.35503261581858575,0.050074606077767654,0.15795605158155945,0.05,-0.04999999999999999,6.300000000000002,1.0,16.0,1,0,36,5,0,7,0,1,14,0
2000897,1.0,0.05,0.75,-1.2805312499999992,-1.2499999999999991,0.030531250000000024,-8,30.53125,4.84375,0.15625,0.03125,0.0,0.5562500000000006,0.5281249999999997,0.958406871384085,0.050048105099981456,0.9545182874166841,0.05,-0.050000000000000044,-1.2000000000000006,1.0,11.0,1,1,18,4,1,7,1,0,31,0
2000898,1.0,0.05,0.75,-2.627687500000003,-2.600000000000003,0.027687500000000018,-11,27.6875,4.46875,0.21875,0.046875,0.0,0.5250000000000004,0.52109375,0.9642761055251057,0.05073876813548998,0.9620074342848843,0.05,-1.2500000000000002,-1.3500000000000005,5.0,12.0,1,1,19,8,3,2,1,0,29,0
2000899,0.0,0.05,0.75,8.3325625,8.35,0.01743750000000001,-8,17.4375,3.09375,0.234375,0.109375,0.015625,0.5555555555555559,0.44523809523809543,0.38016999449651223,0.062184370595246063,0.07689239799342273,0.05,-0.6500000000000001,9.0,4.0,18.0,0,2,35,3,4,5,0,2,12,1
2000900,1.0,0.05,0.75,2.8986874999999994,2.8999999999999995,0.0013125000000000007,1,1.3125,0.90625,0.125,0.140625,0.0,0.5156250000000003,0.5468749999999997,0.5022095392407226,0.050027332263342654,0.1149307066072348,0.05,-0.30000000000000004,3.1999999999999993,1.0,16.0,0,1,10,8,4,10,3,0,28,0
2000901,0.0,0.05,0.75,2.998906249999999,2.999999999999999,0.0010937500000000005,0,1.09375,0.8125,0.109375,0.109375,0.0,0.5406250000000004,0.5140625,0.6283183541766775,0.05000968475052578,0.1071434830241415,0.05,-0.6000000000000001,3.5999999999999996,3.0,11.0,0,1,20,7,2,7,1,0,26,0
2000902,0.0,0.05,0.75,7.189859374999999,7.199999999999999,0.010140625000000006,-7,10.140625,2.359375,0.1875,0.078125,0.0,0.5687500000000005,0.45078125000000013,0.08032169392307278,0.05003441241040853,0.027439708089212565,0.05000000000000001,-0.09999999999999998,7.299999999999999,2.0,15.0,0,0,37,4,1,6,0,1,15,0
2000903,0.0,0.05,0.75,6.731671875,6.75,0.01832812500000001,-8,18.328125,3.484375,0.171875,0.046875,0.0,0.5593750000000005,0.41562500000000024,0.12452283703137808,0.05001210503182198,0.046279810806544044,0.05,-0.09999999999999998,6.85,2.0,12.0,1,2,40,4,1,9,0,0,7,0
2000904,1.0,0.05,0.75,-0.5776093750000008,-0.5500000000000007,0.027609375000000002,-9,27.609375,3.984375,0.203125,0.0625,0.0,0.5593750000000005,0.5515624999999997,0.9549284547482046,0.051178099768017946,0.9519613247771321,0.05,-0.10000000000000009,-0.4500000000000006,2.0,15.0,1,1,13,5,0,7,0,0,37,0
2000905,0.0,0.05,0.75,3.2490468749999994,3.2499999999999996,0.0009531250000000004,0,0.953125,0.671875,0.125,0.125,0.0,0.5343750000000004,0.5070312499999998,0.1926640012738088,0.05004321591861171,0.018970811531913476,0.049999999999999996,-1.1,4.35,4.0,12.0,1,1,18,8,2,11,0,0,23,0
2000906,0.0,0.05,0.75,6.594078124999999,6.6,0.005921875000000003,-5,5.921875,1.734375,0.1875,0.109375,0.0,0.5562500000000004,0.46015624999999993,0.2976825015190154,0.05052457608937109,0.04123878719264164,0.049999999999999996,-0.9500000000000002,7.549999999999999,4.0,15.0,0,0,33,4,4,7,1,0,15,0
2000907,1.0,0.05,0.75,-2.487968750000001,-2.450000000000001,0.03796875000000001,-10,37.96875,5.28125,0.1875,0.03125,0.0,0.5531250000000004,0.4929687500000002,0.613872544607932,0.050016460557226375,0.601664746048006,0.05,0.0,-2.450000000000001,0.0,14.0,1,1,25,5,0,8,1,0,23,0
2000908,0.0,0.05,0.75,4.948390624999998,4.949999999999998,0.0016093750000000008,-2,1.609375,1.078125,0.171875,0.140625,0.0,0.5406250000000005,0.4953125000000002,0.30742688272316765,0.050382332792111226,0.01968864336210687,0.05,-1.1,6.049999999999998,4.0,16.0,1,2,25,4,1,5,3,0,23,0
2000909,0.0,0.05,0.75,5.63609375,5.6499999999999995,0.01390625000000001,-5,13.90625,3.4375,0.171875,0.09375,0.0,0.5718750000000005,0.4578125000000001,0.13367129958741653,0.0500206272780867,0.033957175078270604,0.05000000000000001,-0.8,6.45,3.0,14.0,0,2,33,3,0,9,0,1,16,0
2000910,1.0,0.05,0.75,2.1407343750000005,2.1500000000000004,0.009265625000000006,-4,9.265625,2.578125,0.171875,0.109375,0.0,0.5625000000000004,0.5210937499999998,0.3442895462223853,0.050192435778903456,0.1391477690438433,0.05,-1.2000000000000002,3.349999999999999,5.0,13.0,1,2,18,3,1,9,0,1,29,0
2000911,1.0,0.05,0.75,3.3929687500000005,3.4000000000000004,0.0070312500000000045,-4,7.03125,2.25,0.203125,0.140625,0.015625,0.5619047619047625,0.578571428571428,0.9728336725495216,0.10733259464066908,0.8771885419956272,0.05000000000000001,-0.40000000000000013,3.799999999999999,5.0,17.0,1,1,8,2,2,6,1,1,41,1
2000912,1.0,0.05,0.75,-3.086031250000001,-3.0500000000000007,0.03603125000000001,-11,36.03125,4.96875,0.171875,0.0,0.0,0.5312500000000003,0.49531249999999993,0.9736346110877868,0.050051742569469045,0.9725206272790033,0.049999999999999996,-0.10000000000000009,-2.95,2.0,9.0,1,2,23,7,2,5,1,0,23,0
2000913,1.0,0.05,0.75,-3.1367187499999996,-3.0999999999999996,0.03671875000000001,-11,36.71875,5.1875,0.1875,0.015625,0.0,0.5500000000000004,0.48359375000000004,0.8990505540843275,0.05003243164987241,0.8958101354175896,0.049999999999999996,-0.19999999999999996,-2.900000000000001,1.0,12.0,0,0,29,6,2,5,0,2,20,0
2000914,0.0,0.05,0.75,6.743281249999998,6.749999999999998,0.006718750000000005,-4,6.71875,2.1875,0.203125,0.140625,0.0,0.5593750000000005,0.4531249999999999,0.1814960884186141,0.05157909161044672,0.009604778497980087,0.05000000000000001,-0.8500000000000001,7.599999999999999,4.0,18.0,0,1,32,5,2,11,0,0,13,0
2000915,1.0,0.05,0.75,-2.641468749999998,-2.599999999999998,0.04146875000000002,-13,41.46875,5.65625,0.234375,0.03125,0.0,0.5656250000000006,0.5210937499999999,0.9812706336794901,0.053171984451116434,0.9807105661740423,0.05,-0.8500000000000003,-1.7500000000000002,5.0,12.0,0,2,18,2,1,12,2,0,27,0
2000916,0.0,0.05,0.75,10.075359375000001,10.100000000000001,0.024640625000000006,-12,24.640625,4.015625,0.25,0.0625,0.0,0.5625000000000004,0.41796875000000033,0.22078429293989407,0.052903657547160365,0.13672178670887444,0.05,-0.5,10.600000000000001,4.0,16.0,0,3,41,4,1,6,0,0,9,0
2000917,0.0,0.05,0.75,6.83334375,6.85,0.016656250000000008,-5,16.65625,3.8125,0.21875,0.140625,0.0,0.5593750000000004,0.4695312500000003,0.06203591021539725,0.05074702338955805,0.008329394208498113,0.05,-0.4,7.249999999999998,2.0,21.0,0,5,27,3,2,8,0,0,19,0
2000918,1.0,0.05,0.75,-1.378203124999999,-1.299999999999999,0.07820312500000007,-11,78.203125,8.390625,0.1875,0.015625,0.0,0.5781250000000004,0.6031249999999996,0.9969947260193348,0.05280416445500101,0.9969492486227655,0.049999999999999996,-0.30000000000000004,-1.0,3.0,10.0,1,0,2,1,2,11,0,1,46,0
2000919,1.0,0.05,0.75,-3.4357187500000004,-3.4000000000000004,0.035718750000000014,-12,35.71875,5.0625,0.203125,0.015625,0.0,0.5437500000000004,0.49062500000000014,0.9526154623777793,0.05013101698203045,0.9510828123706507,0.05,-0.3500000000000001,-3.0500000000000003,2.0,12.0,2,3,21,3,3,10,1,0,21,0
2000920,0.0,0.05,0.75,8.516343749999999,8.549999999999999,0.03365625000000001,-10,33.65625,4.90625,0.25,0.09375,0.0,0.5343750000000005,0.5000000000000001,0.7637753686159172,0.05360718398285907,0.7121603234327755,0.05,-0.35000000000000003,8.899999999999999,1.0,21.0,0,3,21,7,2,7,1,0,23,0
2000921,1.0,0.05,0.75,0.33984374999999967,0.34999999999999964,0.010156250000000006,-5,10.15625,2.84375,0.15625,0.078125,0.0,0.5468750000000004,0.528125,0.7537597212178985,0.050031074731032556,0.6634922224828325,0.05,-1.4500000000000002,1.7999999999999994,4.0,11.0,2,1,18,6,0,4,0,0,33,0
2000922,0.0,0.05,0.75,9.351781249999998,9.399999999999999,0.04821875000000002,-12,48.21875,5.9375,0.203125,0.015625,0.0,0.5593750000000005,0.52578125,0.9918463889367171,0.05098138693051377,0.991660233830996,0.05000000000000001,0.0,9.399999999999999,0.0,14.0,1,1,19,4,0,7,1,0,31,0
2000923,0.0,0.05,0.75,1.045546874999999,1.049999999999999,0.004453125000000003,4,4.453125,1.953125,0.09375,0.15625,0.0,0.5687500000000005,0.5515624999999997,0.47968182627232403,0.05008664647048459,0.038789891200161776,0.049999999999999996,-1.7500000000000002,2.8,5.0,11.0,2,1,13,2,1,7,0,0,38,0
2000924,1.0,0.05,0.75,-0.43212500000000037,-0.40000000000000036,0.032125000000000015,-11,32.125,5.09375,0.234375,0.0625,0.0,0.5718750000000005,0.5609374999999999,0.9944884325571572,0.09729085176891797,0.9927490370929973,0.05000000000000001,-0.10000000000000009,-0.30000000000000027,2.0,17.0,1,3,8,1,2,11,0,0,38,0
2000925,1.0,0.05,0.75,-1.535921875,-1.5,0.035921875000000006,-11,35.921875,4.484375,0.21875,0.046875,0.0,0.5531250000000006,0.5210937499999998,0.9852648086389098,0.05450480332225294,0.9837769367046675,0.049999999999999996,-1.3500000000000003,-0.1500000000000008,8.0,9.0,0,1,20,4,2,7,2,0,28,0
2000926,1.0,0.05,0.75,-3.3940937499999997,-3.3499999999999996,0.044093750000000015,-13,44.09375,5.59375,0.234375,0.03125,0.0,0.5687500000000005,0.49296874999999996,0.9420741760249465,0.05071073133824521,0.9400203052456934,0.05,-0.25,-3.100000000000001,1.0,16.0,0,3,26,2,0,7,1,1,24,0
2000927,1.0,0.05,0.75,-0.3087500000000007,-0.3000000000000007,0.008750000000000004,-7,8.75,2.3125,0.1875,0.078125,0.0,0.5625000000000004,0.5234374999999999,0.7222960684693307,0.05010974839705984,0.671288006625421,0.05,-0.9000000000000001,0.5999999999999994,3.0,14.0,0,0,22,3,2,5,1,2,29,0
2000928,1.0,0.05,0.75,-0.53859375,-0.5,0.03859375000000002,-10,38.59375,5.4375,0.25,0.09375,0.0,0.5437500000000004,0.5117187499999998,0.8053545196266988,0.06957595208267171,0.734606010813628,0.05000000000000001,-1.0000000000000002,0.4999999999999991,5.0,17.0,1,1,20,5,2,8,1,1,25,0
2000929,0.0,0.05,0.75,6.733203125000001,6.750000000000001,0.016796875000000013,-6,16.796875,3.765625,0.1875,0.09375,0.0,0.5562500000000007,0.5281249999999998,0.670246611951157,0.050237267770941806,0.5733259691556407,0.05,-0.55,7.300000000000002,2.0,16.0,0,1,18,6,1,7,0,0,31,0
2000930,0.0,0.05,0.75,8.563343750000001,8.600000000000001,0.03665625000000001,-9,36.65625,5.0,0.21875,0.078125,0.015625,0.571428571428572,0.46666666666666673,0.6540297177746582,0.054315999027541154,0.48584693151301694,0.05,-1.1,9.700000000000001,4.0,15.0,1,0,32,2,2,7,0,1,18,1
2000931,1.0,0.05,0.75,-2.740328125000001,-2.700000000000001,0.04032812500000001,-11,40.328125,5.734375,0.203125,0.03125,0.0,0.5562500000000006,0.528125,0.9440591790209476,0.050133526794381156,0.943072464122116,0.05,-0.8000000000000003,-1.9000000000000008,4.0,11.0,0,1,20,5,1,4,1,0,32,0
2000932,1.0,0.05,0.75,-1.737046875000001,-1.700000000000001,0.03704687500000002,-10,37.046875,5.328125,0.1875,0.03125,0.03125,0.5419354838709682,0.5024193548387097,0.8829752585015851,0.05021652168547115,0.8751982080614638,0.049999999999999996,-0.6500000000000001,-1.05,3.0,11.0,0,4,18,6,0,11,1,0,22,2
2000933,1.0,0.05,0.75,-2.040328124999998,-1.9999999999999982,0.04032812500000002,-10,40.328125,5.859375,0.203125,0.046875,0.0,0.5562500000000006,0.48593750000000013,0.6396032499628322,0.05009345660578048,0.6117121526782276,0.05,-0.3500000000000001,-1.6500000000000006,1.0,15.0,0,3,26,5,1,6,0,0,23,0
2000934,1.0,0.05,0.75,1.5353906250000016,1.5500000000000016,0.01460937500000001,-5,14.609375,3.453125,0.203125,0.125,0.0,0.5750000000000005,0.5562499999999996,0.8307398091676649,0.052527387260069815,0.706410406771918,0.05,-1.3000000000000003,2.8499999999999988,7.0,14.0,0,2,13,3,0,7,0,0,39,0
2000935,0.0,0.05,0.75,7.691718750000001,7.7,0.008281250000000006,-6,8.28125,2.34375,0.21875,0.125,0.0,0.5218750000000004,0.5374999999999998,0.629460809875235,0.05689433304659396,0.40701174786077743,0.049999999999999996,-0.45,8.15,2.0,20.0,0,1,14,9,2,7,2,0,29,0
2000936,0.0,0.05,0.75,7.776453124999999,7.799999999999999,0.023546875,-9,23.546875,3.734375,0.203125,0.0625,0.0,0.5750000000000005,0.4765625,0.7582791083895497,0.05071009487974804,0.6721707726731013,0.05,-0.35000000000000003,8.149999999999999,1.0,16.0,1,1,32,2,1,3,0,0,24,0
2000937,1.0,0.05,0.75,-4.010312499999998,-3.9499999999999975,0.06031250000000001,-13,60.3125,7.03125,0.234375,0.03125,0.0,0.5656250000000005,0.49531250000000016,0.9163775356831736,0.05021894544903221,0.9149441712747564,0.049999999999999996,-1.8500000000000005,-2.1000000000000005,6.0,11.0,0,4,22,2,3,9,0,0,24,0
2000938,0.0,0.05,0.75,5.6404531250000005,5.65,0.009546875000000005,-4,9.546875,2.921875,0.15625,0.09375,0.0,0.5562500000000005,0.5304687500000002,0.40037532713126045,0.050035961752316956,0.24330919900304102,0.05,-1.2,6.85,5.0,11.0,0,0,19,6,1,6,0,1,31,0
2000939,0.0,0.05,0.75,3.698546875,3.6999999999999997,0.0014531250000000009,-2,1.453125,0.828125,0.125,0.09375,0.0,0.5406250000000004,0.4554687499999998,0.1914331517982287,0.050005344326010295,0.018605641236702997,0.05,-0.45,4.1499999999999995,3.0,11.0,0,2,33,6,2,5,1,1,14,0
2000940,0.0,0.05,0.75,5.091906250000001,5.1000000000000005,0.008093750000000004,0,8.09375,2.53125,0.140625,0.140625,0.0,0.5625000000000006,0.4273437500000002,0.0007953408661982226,0.06056987458927576,4.378344627096717e-06,0.05,-0.29999999999999993,5.3999999999999995,6.0,12.0,0,1,41,5,1,5,0,0,11,0
2000941,0.0,0.05,0.75,8.659703125,8.7,0.040296875,-9,40.296875,5.359375,0.21875,0.078125,0.0,0.5687500000000005,0.40625000000000044,0.014748075488533366,0.05005886384017117,0.0031463863941511667,0.049999999999999996,-0.14999999999999997,8.85,3.0,16.0,1,0,47,4,0,4,0,0,8,0
2000942,0.0,0.05,0.75,8.653078124999999,8.7,0.04692187500000001,-10,46.921875,5.578125,0.203125,0.046875,0.0,0.5562500000000006,0.5187499999999997,0.967034421291075,0.051009996627217814,0.9641698589799349,0.05,-0.44999999999999996,9.15,2.0,14.0,2,2,19,4,0,6,0,0,31,0
2000943,1.0,0.05,0.75,-2.4754218750000003,-2.4000000000000004,0.075421875,-13,75.421875,7.234375,0.234375,0.03125,0.0,0.5656250000000006,0.5304687499999996,0.9900230883124775,0.05585617446964745,0.9896314361595395,0.05000000000000001,-0.7000000000000002,-1.7000000000000008,4.0,13.0,1,0,20,3,1,5,1,0,33,0
2000944,0.0,0.05,0.75,2.846249999999999,2.849999999999999,0.0037500000000000025,1,3.75,1.5625,0.109375,0.125,0.0,0.5625000000000004,0.4625000000000001,0.06853862643256582,0.05008065112714757,0.0015989799241780081,0.05,-0.4,3.2499999999999996,2.0,13.0,0,0,35,2,2,6,2,2,15,0
2000945,1.0,0.05,0.75,3.6877500000000003,3.7,0.012250000000000007,-2,12.25,3.15625,0.15625,0.125,0.015625,0.5809523809523816,0.6142857142857138,0.9649407880291438,0.05281285991511451,0.9232968963427836,0.049999999999999996,-0.3500000000000001,4.049999999999999,4.0,14.0,1,0,2,2,0,7,0,0,51,1
2000946,0.0,0.05,0.75,4.0927187499999995,4.1,0.007281250000000006,-4,7.28125,2.3125,0.09375,0.03125,0.0,0.5812500000000005,0.5234374999999999,0.8437990340545422,0.0500009928092389,0.8042017388119176,0.05000000000000001,-0.35000000000000003,4.449999999999999,1.0,7.0,0,3,18,1,1,10,0,0,31,0
2000947,0.0,0.05,0.75,6.4267812499999994,6.449999999999999,0.023218750000000007,-4,23.21875,4.40625,0.203125,0.140625,0.0,0.5531250000000004,0.4296875000000004,0.1028697004480768,0.05105600480655641,0.002885410316395837,0.05,-0.49999999999999994,6.949999999999999,5.0,17.0,0,2,40,6,0,4,0,1,11,0
2000948,1.0,0.05,0.75,0.2389374999999991,0.2499999999999991,0.011062500000000006,-4,11.0625,2.625,0.125,0.0625,0.0,0.5437500000000004,0.46484375,0.5087803261877775,0.05000514680401343,0.20429295549238624,0.05,-0.4,0.6499999999999995,1.0,11.0,0,1,31,7,2,6,0,1,16,0
2000949,0.0,0.05,0.75,7.520296874999999,7.549999999999999,0.029703125,-9,29.703125,4.234375,0.203125,0.0625,0.0,0.5625000000000004,0.47890625000000026,0.15127315650356793,0.05001192687644726,0.12899948814085527,0.05,-0.45,8.000000000000002,3.0,14.0,0,2,30,3,1,5,1,1,21,0
2000950,0.0,0.05,0.75,6.58803125,6.6000000000000005,0.011968750000000004,-8,11.96875,2.59375,0.203125,0.078125,0.0,0.5375000000000003,0.4882812500000001,0.4935728623274476,0.050057837319680734,0.40950682919268006,0.05000000000000002,-0.9000000000000001,7.500000000000001,3.0,15.0,1,2,25,5,2,6,2,0,21,0
2000951,0.0,0.05,0.75,4.798921874999999,4.799999999999999,0.001078125,-3,1.078125,0.671875,0.140625,0.09375,0.0,0.5250000000000005,0.4789062500000001,0.27929462135547983,0.05001892415883112,0.04222649592210982,0.05000000000000001,-0.25,5.049999999999999,2.0,13.0,0,1,26,9,4,6,0,1,17,0
2000952,0.0,0.05,0.75,4.389046874999998,4.399999999999999,0.010953125000000008,-5,10.953125,2.828125,0.125,0.046875,0.015625,0.5174603174603178,0.5357142857142855,0.8303818254459184,0.050003357409564256,0.809980700229425,0.05,-1.15,5.549999999999999,3.0,8.0,1,1,13,10,1,7,1,0,29,1
2000953,0.0,0.05,0.75,3.6970781249999995,3.6999999999999997,0.0029218750000000017,-1,2.921875,1.484375,0.140625,0.125,0.0,0.5500000000000003,0.48124999999999984,0.3764002140797645,0.05004879890081943,0.028812828380657955,0.05,-1.4500000000000002,5.1499999999999995,5.0,12.0,2,1,31,3,1,0,1,2,23,0
2000954,0.0,0.05,0.75,5.787781249999999,5.799999999999999,0.012218750000000007,-4,12.21875,2.875,0.15625,0.09375,0.0,0.5500000000000005,0.44609375000000023,0.06527420186782826,0.050025194184018906,0.0054871614527227785,0.049999999999999996,-0.55,6.349999999999998,5.0,11.0,1,3,33,5,1,7,0,0,14,0
2000955,0.0,0.05,0.75,4.243874999999999,4.249999999999999,0.006125000000000004,-3,6.125,2.09375,0.125,0.078125,0.015625,0.5396825396825401,0.47857142857142865,0.04613171786519258,0.05000384850447524,0.012144388681064816,0.05000000000000001,-0.45,4.7,3.0,10.0,0,1,29,8,1,3,0,1,20,1
2000956,1.0,0.05,0.75,0.18907812500000018,0.20000000000000018,0.010921875000000008,-5,10.921875,2.890625,0.15625,0.078125,0.0,0.5406250000000006,0.5304687499999998,0.7839200162734353,0.05003348550325507,0.696823177826706,0.05,-0.30000000000000004,0.4999999999999991,1.0,14.0,1,0,19,4,3,4,3,0,30,0
2000957,1.0,0.05,0.75,-3.819968750000002,-3.7500000000000018,0.06996875000000004,-12,69.96875,7.25,0.1875,0.0,0.0,0.5781250000000006,0.4906249999999999,0.9534387214716971,0.050034775430918825,0.9528029002496693,0.05,-0.9000000000000001,-2.8500000000000005,3.0,9.0,0,5,26,0,1,5,0,1,26,0
2000958,1.0,0.05,0.75,1.3438437499999996,1.3499999999999996,0.006156250000000005,-4,6.15625,2.21875,0.140625,0.078125,0.0,0.5750000000000005,0.5726562499999999,0.829061851942054,0.05003267475749427,0.7888760033834323,0.05,-0.050000000000000044,1.3999999999999995,1.0,13.0,0,1,10,3,0,8,0,1,41,0
2000959,0.0,0.05,0.75,5.73821875,5.75,0.011781250000000009,-5,11.78125,3.15625,0.15625,0.078125,0.0,0.5343750000000004,0.5023437500000001,0.5394448002732556,0.05004927037891933,0.3192936730222083,0.05,-0.7,6.449999999999999,3.0,12.0,0,1,23,7,2,6,2,0,23,0
2000960,0.0,0.05,0.75,5.644843750000001,5.65,0.005156250000000004,-3,5.15625,2.03125,0.140625,0.09375,0.0,0.5593750000000005,0.45546875000000037,0.015171079638285855,0.05004727106357065,0.0012861927651914888,0.05000000000000001,-0.19999999999999996,5.85,4.0,11.0,0,1,35,5,1,5,0,1,16,0
2000961,0.0,0.05,0.75,7.216640625,7.25,0.033359375000000004,-9,33.359375,5.265625,0.1875,0.046875,0.0,0.5687500000000006,0.50703125,0.7997538253735349,0.05004842638662578,0.781764814559473,0.05,-0.55,7.799999999999999,2.0,13.0,0,1,25,3,1,5,1,0,28,0
2000962,0.0,0.05,0.75,3.299375,3.3,0.0006250000000000003,0,0.625,0.59375,0.125,0.125,0.0,0.5500000000000006,0.4742187500000002,0.049616035119608985,0.050102450604277905,0.0020446198346207524,0.05000000000000001,-0.6499999999999999,3.9499999999999997,5.0,11.0,0,1,30,6,1,6,1,0,19,0
2000963,0.0,0.05,0.75,3.5478124999999996,3.5499999999999994,0.0021875000000000015,-3,2.1875,1.125,0.109375,0.0625,0.0,0.5562500000000006,0.4296874999999998,0.372197061631484,0.05000164735713506,0.05468485607189718,0.05000000000000001,-0.9,4.449999999999999,3.0,8.0,0,1,41,6,0,4,0,1,11,0
2000964,1.0,0.05,0.75,-2.1795625000000003,-2.1500000000000004,0.029562500000000002,-9,29.5625,4.8125,0.171875,0.03125,0.0,0.5812500000000005,0.48359375000000004,0.8860568175223936,0.050029951186871015,0.8730873494271127,0.05,0.0,-2.150000000000001,0.0,13.0,0,1,30,2,1,6,0,0,24,0
2000965,0.0,0.05,0.75,3.597718749999999,3.5999999999999988,0.0022812500000000016,-2,2.28125,1.21875,0.15625,0.125,0.0,0.5375000000000003,0.4624999999999999,0.4575118136146179,0.050060670298263936,0.04795966638742618,0.049999999999999996,-1.5000000000000002,5.1,5.0,13.0,0,0,35,8,0,2,2,0,17,0
2000966,1.0,0.05,0.75,-2.9522031250000005,-2.9000000000000004,0.05220312500000002,-13,52.203125,6.140625,0.234375,0.03125,0.0,0.5531250000000005,0.4976562499999999,0.9905148925694268,0.05477511654115465,0.9899115970583264,0.05,-0.5000000000000002,-2.4000000000000012,4.0,13.0,2,3,24,3,0,4,1,0,27,0
2000967,0.0,0.05,0.75,6.66675,6.7,0.03325000000000001,-9,33.25,5.3125,0.1875,0.046875,0.0,0.5406250000000004,0.4859374999999999,0.7904389309992343,0.050034865347104746,0.7668505591126475,0.05,-0.8500000000000001,7.549999999999998,2.0,13.0,1,2,27,5,1,4,2,0,22,0
2000968,1.0,0.05,0.75,-2.253593750000001,-2.200000000000001,0.05359375000000002,-13,53.59375,5.90625,0.25,0.046875,0.0,0.5781250000000006,0.5562499999999998,0.9936504305898431,0.0676592240254418,0.9930855947227615,0.049999999999999996,-0.8000000000000003,-1.4000000000000008,5.0,14.0,0,0,14,3,1,8,0,0,38,0
2000969,1.0,0.05,0.75,-0.2661718750000009,-0.2500000000000009,0.01617187500000001,-7,16.171875,3.390625,0.15625,0.046875,0.0,0.5593750000000004,0.5562499999999997,0.973327354920682,0.05015334714537027,0.970201483234104,0.05,-0.3500000000000001,0.09999999999999976,2.0,11.0,0,1,14,4,2,4,0,2,37,0
2000970,1.0,0.05,0.75,-0.8598593750000014,-0.8500000000000014,0.009859375000000004,-7,9.859375,2.265625,0.1875,0.078125,0.015625,0.5206349206349208,0.4785714285714285,0.4985708350763623,0.05011054564216167,0.34477908895564296,0.05,0.0,-0.8500000000000008,0.0,17.0,0,4,25,9,1,4,1,0,19,1
2000971,0.0,0.05,0.75,8.334999999999999,8.35,0.01500000000000001,-8,15.0,3.25,0.21875,0.09375,0.0,0.5562500000000005,0.45312500000000044,0.04682858675836804,0.05020289226886433,0.014537910414315144,0.049999999999999996,-0.14999999999999997,8.5,3.0,17.0,1,3,34,3,3,2,0,0,18,0
2000972,1.0,0.05,0.75,0.6857656249999993,0.6999999999999993,0.014234375000000011,-5,14.234375,3.265625,0.171875,0.09375,0.0,0.5843750000000006,0.47890624999999987,0.5903470167652963,0.050195652274474596,0.25050777858483037,0.05,-1.4000000000000004,2.099999999999999,4.0,13.0,0,0,34,1,0,4,1,1,23,0
2000973,1.0,0.05,0.75,-1.0639218750000008,-1.0500000000000007,0.01392187500000001,-8,13.921875,3.234375,0.171875,0.046875,0.0,0.5500000000000003,0.48359374999999993,0.7691174264447656,0.050105668620424,0.6924706941288824,0.05000000000000001,-1.2500000000000002,0.1999999999999994,5.0,9.0,0,2,26,5,2,8,1,0,20,0
2000974,0.0,0.05,0.75,2.5985156250000006,2.6000000000000005,0.0014843750000000009,1,1.484375,0.953125,0.125,0.140625,0.0,0.5156250000000002,0.5281249999999996,0.6369003028122173,0.05003577140912181,0.11235253504519427,0.05000000000000001,-2.0500000000000003,4.65,6.0,11.0,1,2,14,7,4,7,2,1,26,0
2000975,1.0,0.05,0.75,0.8098281249999997,0.8499999999999996,0.04017187500000001,-9,40.171875,5.640625,0.21875,0.078125,0.0,0.5906250000000006,0.5820312499999997,0.9927125595976742,0.08995318634016357,0.9905103293501107,0.05,-0.7000000000000002,1.5499999999999996,8.0,11.0,1,0,7,0,0,13,0,1,42,0
2000976,1.0,0.05,0.75,-1.8950937499999996,-1.8499999999999996,0.045093750000000016,-12,45.09375,5.84375,0.21875,0.03125,0.015625,0.5460317460317463,0.5476190476190476,0.9973834640836975,0.0648982443383232,0.9971399596323982,0.05000000000000001,-0.5,-1.3500000000000008,2.0,14.0,2,2,8,3,5,11,0,0,32,1
2000977,0.0,0.05,0.75,9.772015625000002,9.800000000000002,0.02798437500000001,-10,27.984375,4.234375,0.25,0.09375,0.0,0.5812500000000006,0.3992187500000004,0.019048376927061825,0.05066628213832814,0.0031999213799983263,0.05000000000000001,-0.6000000000000001,10.400000000000004,6.0,16.0,0,1,51,2,0,1,0,1,8,0
2000978,1.0,0.05,0.75,-2.0852343750000006,-2.0500000000000007,0.035234375000000005,-10,35.234375,5.234375,0.1875,0.03125,0.0,0.5468750000000004,0.5140624999999999,0.9560928887320426,0.050166122589115146,0.9531006715111644,0.05,-0.8500000000000002,-1.2000000000000004,4.0,10.0,0,3,19,5,2,7,1,0,27,0
2000979,1.0,0.05,0.75,-2.9305312499999996,-2.8499999999999996,0.08053124999999997,-13,80.53125,8.03125,0.234375,0.03125,0.0,0.5500000000000005,0.5374999999999999,0.9772500820202958,0.0518824011165438,0.9768844798822695,0.05,-1.1500000000000004,-1.7000000000000006,6.0,11.0,3,1,14,3,3,6,0,0,34,0
2000980,0.0,0.05,0.75,8.9248125,8.95,0.025187499999999998,-9,25.1875,4.0,0.25,0.109375,0.0,0.5437500000000006,0.4343750000000004,0.13440571709126,0.055004934437876254,0.024335912185779848,0.05,-0.8,9.750000000000002,4.0,19.0,3,0,36,6,0,8,0,0,11,0
2000981,0.0,0.05,0.75,3.997671875,4.0,0.002328125000000001,0,2.328125,1.265625,0.125,0.125,0.0,0.5781250000000004,0.4531250000000002,0.01062555931482795,0.05040080193305366,0.00022382695702038356,0.05000000000000001,-0.39999999999999997,4.3999999999999995,5.0,11.0,0,1,36,2,2,6,0,0,17,0
2000982,0.0,0.05,0.75,5.980015625000001,6.000000000000001,0.01998437500000001,-4,19.984375,3.859375,0.171875,0.109375,0.0,0.5812500000000006,0.5726562499999994,0.9539263895642638,0.05155277825954651,0.9058420705854884,0.05,-1.1500000000000001,7.150000000000001,3.0,15.0,1,1,11,0,2,5,0,1,43,0
2000983,1.0,0.05,0.75,-3.1267187500000015,-3.1000000000000014,0.026718750000000013,-11,26.71875,4.4375,0.171875,0.0,0.0,0.5437500000000004,0.4835937500000001,0.9726679790808815,0.050049874324315506,0.9713319352406982,0.05,-0.8000000000000003,-2.3000000000000007,4.0,7.0,2,1,23,4,4,11,0,1,18,0
2000984,0.0,0.05,0.75,3.8988437499999993,3.8999999999999995,0.0011562500000000006,-1,1.15625,0.78125,0.125,0.109375,0.015625,0.5428571428571434,0.4928571428571428,0.39586371007966403,0.05003015652609797,0.04111752810563499,0.05,-0.45,4.35,3.0,12.0,0,0,27,5,2,5,2,2,20,1
2000985,1.0,0.05,0.75,-2.498796874999999,-2.4499999999999993,0.048796875000000024,-12,48.796875,5.765625,0.234375,0.046875,0.0,0.5593750000000004,0.5140624999999999,0.9699523649518456,0.05236559123910253,0.9682187196904022,0.05,-0.8500000000000003,-1.6000000000000008,5.0,13.0,1,3,21,1,2,5,2,0,29,0
2000986,1.0,0.05,0.75,-2.5790937500000006,-2.5500000000000007,0.02909375,-9,29.09375,4.59375,0.171875,0.03125,0.0,0.5500000000000004,0.4882812500000001,0.7169168071897822,0.050006344981675215,0.6992990317880641,0.05000000000000001,-0.5,-2.0500000000000007,2.0,11.0,3,2,22,2,4,9,0,0,22,0
2000987,1.0,0.05,0.75,-3.8344375000000017,-3.8000000000000016,0.03443750000000002,-11,34.4375,5.0625,0.1875,0.015625,0.015625,0.5428571428571434,0.4880952380952382,0.9267108627065992,0.05003337417945843,0.9241762487671343,0.05,-1.7000000000000002,-2.1000000000000005,5.0,8.0,2,3,24,3,1,6,2,0,22,1
2000988,1.0,0.05,0.75,-2.279374999999998,-2.2499999999999982,0.029375000000000012,-11,29.375,4.5,0.21875,0.046875,0.015625,0.5396825396825401,0.49285714285714316,0.8408816077366543,0.05089706565687347,0.8275451889710945,0.05,-1.1500000000000001,-1.1000000000000005,5.0,12.0,3,2,23,5,1,4,0,0,25,1
2000989,1.0,0.05,0.75,-1.79228125,-1.75,0.04228125000000001,-11,42.28125,5.84375,0.234375,0.0625,0.0,0.5593750000000004,0.5328124999999998,0.9824143387307877,0.05687988884035235,0.9806813804485356,0.05,-0.4500000000000002,-1.3000000000000007,3.0,16.0,1,2,16,2,2,8,1,1,31,0
2000990,1.0,0.05,0.75,-1.1780468750000022,-1.1500000000000021,0.02804687500000002,-8,28.046875,4.640625,0.171875,0.046875,0.0,0.5500000000000005,0.5046875000000001,0.5864177309796762,0.05001736601016103,0.5571909819897993,0.05,-0.40000000000000013,-0.7500000000000009,2.0,12.0,1,1,23,5,2,5,0,1,26,0
2000991,0.0,0.05,0.75,6.185624999999998,6.199999999999998,0.014375000000000011,-6,14.375,3.375,0.1875,0.09375,0.0,0.5687500000000005,0.4390625000000004,0.20224572256518505,0.050103438511367664,0.039110232712239394,0.05000000000000001,-0.09999999999999998,6.3,2.0,16.0,0,3,36,2,2,8,0,1,12,0
2000992,1.0,0.05,0.75,-2.9464375000000005,-2.9000000000000004,0.046437500000000013,-12,46.4375,5.90625,0.234375,0.046875,0.0,0.5500000000000006,0.4859375,0.9452990781232466,0.05132655948909547,0.9405650037528646,0.049999999999999996,-0.45000000000000007,-2.4500000000000006,2.0,16.0,1,1,26,4,0,10,2,1,19,0
2000993,0.0,0.05,0.75,2.445984374999999,2.4499999999999993,0.004015625000000003,-1,4.015625,1.796875,0.09375,0.078125,0.015625,0.555555555555556,0.507142857142857,0.48161908554339944,0.050000811160163805,0.20067399662190794,0.05,-1.2500000000000002,3.6999999999999993,4.0,7.0,0,1,23,5,2,5,0,1,26,1
2000994,1.0,0.05,0.75,-1.8184531250000007,-1.8000000000000007,0.018453125000000008,-9,18.453125,3.359375,0.1875,0.046875,0.0,0.5531250000000004,0.5023437500000001,0.7365922133158114,0.05002819162042658,0.7233181524918186,0.049999999999999996,-0.3500000000000001,-1.4500000000000006,1.0,14.0,0,0,26,3,1,7,4,0,23,0
2000995,0.0,0.05,0.75,6.826406249999998,6.849999999999998,0.023593750000000014,-8,23.59375,3.8125,0.171875,0.046875,0.0,0.5625000000000004,0.4015625000000002,0.19961606901540213,0.050043342419348345,0.04767621208059256,0.05,-0.14999999999999997,6.999999999999998,3.0,11.0,0,3,45,4,1,5,0,0,6,0
2000996,0.0,0.05,0.75,6.982765625,7.0,0.01723437500000001,-8,17.234375,3.359375,0.1875,0.0625,0.0,0.5562500000000006,0.43437500000000034,0.28415237764940465,0.05008901131255585,0.13501945539622331,0.05,-0.45,7.449999999999999,2.0,14.0,0,2,38,5,2,5,0,0,12,0
2000997,0.0,0.05,0.75,2.699124999999998,2.6999999999999984,0.0008750000000000003,1,0.875,0.6875,0.125,0.140625,0.0,0.5406250000000006,0.5,0.6644850037900091,0.05004531397264128,0.055663679476609176,0.05,-0.8,3.499999999999999,3.0,14.0,0,0,21,6,1,15,3,0,18,0
2000998,0.0,0.05,0.75,5.8842656249999985,5.899999999999999,0.015734375000000012,-6,15.734375,3.609375,0.1875,0.09375,0.0,0.5281250000000003,0.48828125000000006,0.2735391510288918,0.050048348914379,0.12991089702419947,0.05000000000000001,-0.4,6.299999999999999,2.0,16.0,2,2,25,5,2,4,2,1,21,0
2000999,1.0,0.05,0.75,-0.9746093750000011,-0.9500000000000011,0.024609375000000006,-9,24.609375,4.140625,0.1875,0.046875,0.03125,0.545161290322581,0.536290322580645,0.9510649228941935,0.050789064367954787,0.94644669551597,0.05000000000000001,-0.7000000000000001,-0.25,4.0,11.0,0,2,12,5,3,11,1,0,28,2
2001000,0.0,0.05,0.75,4.829796875,4.8500000000000005,0.020203125000000002,-4,20.203125,3.859375,0.171875,0.109375,0.0,0.5625000000000004,0.4789062500000001,0.21655036479992995,0.05002956285249047,0.05480308125636803,0.05,-0.8,5.6499999999999995,3.0,15.0,0,1,29,4,1,8,1,0,20,0
2001001,1.0,0.05,0.75,-3.3394375000000007,-3.3000000000000007,0.03943750000000001,-14,39.4375,4.1875,0.25,0.03125,0.0,0.5218750000000004,0.42265625000000007,0.5536245396989811,0.05277156482011933,0.5036271253155644,0.05,-0.9000000000000001,-2.4000000000000004,3.0,15.0,0,4,36,9,2,6,0,1,6,0
2001002,1.0,0.05,0.75,-1.0537812499999983,-0.9999999999999982,0.05378125000000001,-12,53.78125,6.0625,0.25,0.0625,0.0,0.5656250000000005,0.5351562499999998,0.963178899059627,0.07817363356052143,0.9566495778154818,0.05,-0.20000000000000018,-0.8000000000000007,4.0,16.0,0,0,17,4,3,8,0,0,32,0
2001003,1.0,0.05,0.75,-4.495578124999999,-4.449999999999999,0.04557812500000002,-14,45.578125,5.328125,0.234375,0.015625,0.0,0.5531250000000004,0.4812500000000001,0.9486749048283792,0.050259874070727004,0.947897905922668,0.05,-1.1500000000000004,-3.3000000000000007,4.0,12.0,0,1,27,6,1,9,0,1,19,0
2001004,1.0,0.05,0.75,0.08637499999999963,0.09999999999999964,0.01362500000000001,-7,13.625,3.3125,0.171875,0.0625,0.0,0.5843750000000005,0.5468749999999996,0.9429073318974743,0.050259619211430434,0.9343148812263251,0.05000000000000001,-0.10000000000000009,0.19999999999999907,2.0,13.0,1,1,16,1,0,7,0,0,38,0
2001005,1.0,0.05,0.75,1.4439374999999992,1.4499999999999993,0.0060625000000000045,-3,6.0625,2.21875,0.140625,0.09375,0.0,0.5156250000000003,0.5187499999999998,0.859723493643139,0.05007752539603262,0.5692477826490752,0.05,-0.8500000000000002,2.3,4.0,11.0,1,1,17,10,0,8,2,0,25,0
2001006,0.0,0.05,0.75,5.596,5.6,0.004,-4,4.0,1.21875,0.15625,0.09375,0.0,0.5500000000000005,0.4203124999999999,0.21459656788035955,0.050061246245144124,0.01009323439002649,0.049999999999999996,-0.6500000000000001,6.249999999999999,4.0,12.0,0,0,42,7,2,5,0,0,8,0
2001007,0.0,0.05,0.75,6.377921874999999,6.3999999999999995,0.022078125000000007,-7,22.078125,4.015625,0.1875,0.078125,0.0,0.5500000000000005,0.49765625000000013,0.7634676823886117,0.05022071811520136,0.6348773800685413,0.05,-0.35000000000000003,6.749999999999999,1.0,16.0,0,2,22,5,2,10,1,0,22,0
2001008,1.0,0.05,0.75,-2.883234375,-2.8499999999999996,0.03323437500000002,-11,33.234375,4.609375,0.21875,0.046875,0.0,0.5437500000000003,0.4812500000000001,0.8062322557730695,0.050154207529573606,0.7916777567035461,0.05000000000000001,-1.1500000000000001,-1.7000000000000008,4.0,13.0,0,2,26,6,3,7,0,1,19,0
2001009,1.0,0.05,0.75,-4.3387031249999986,-4.249999999999998,0.08870312500000001,-16,88.703125,7.953125,0.265625,0.015625,0.0,0.5750000000000005,0.5468749999999997,0.9960175687445114,0.06531640293467923,0.9957508266703143,0.05,-0.3500000000000001,-3.9000000000000012,4.0,14.0,1,2,16,0,0,6,2,0,37,0
2001010,1.0,0.05,0.75,3.946578125000001,3.950000000000001,0.0034218750000000017,-1,3.421875,1.609375,0.140625,0.125,0.015625,0.5936507936507943,0.5952380952380948,0.932579419558786,0.05067038546956132,0.8090925591039757,0.049999999999999996,-0.20000000000000018,4.1499999999999995,4.0,13.0,1,0,6,0,0,9,0,0,47,1
2001011,1.0,0.05,0.75,-0.36718750000000056,-0.35000000000000053,0.017187500000000012,-8,17.1875,3.46875,0.1875,0.0625,0.0,0.5718750000000005,0.5046875,0.8467504173307209,0.0507240595225894,0.7895478828856833,0.049999999999999996,-0.6000000000000001,0.2499999999999991,4.0,12.0,1,1,22,1,3,10,0,1,25,0
2001012,1.0,0.05,0.75,3.0973124999999992,3.099999999999999,0.0026875000000000015,0,2.6875,1.21875,0.125,0.125,0.0,0.5500000000000005,0.5210937499999998,0.601201849849996,0.05002635067109684,0.12197842266135629,0.05,-1.1500000000000004,4.249999999999999,4.0,12.0,0,1,23,6,0,1,1,1,31,0
2001013,1.0,0.05,0.75,-1.0585937499999998,-1.0499999999999998,0.008593750000000006,-6,8.59375,2.65625,0.140625,0.046875,0.0,0.5187500000000004,0.5164062500000001,0.8528770300131553,0.05000685023116835,0.822933774734979,0.05000000000000001,-0.7500000000000002,-0.30000000000000027,4.0,8.0,1,3,17,8,2,5,1,1,26,0
2001014,1.0,0.05,0.75,-1.983015625000001,-1.950000000000001,0.033015625000000014,-10,33.015625,4.796875,0.203125,0.046875,0.0,0.5343750000000003,0.5070312500000002,0.9343259125085774,0.05035236626428869,0.9279261617850068,0.05,-0.5000000000000001,-1.4500000000000006,3.0,13.0,1,3,20,4,4,5,2,0,25,0
2001015,1.0,0.05,0.75,-2.6234375000000005,-2.5500000000000007,0.07343750000000002,-14,73.4375,7.6875,0.265625,0.046875,0.0,0.5562500000000005,0.48828124999999983,0.929244850164928,0.06634552298381433,0.9206831703997269,0.05000000000000001,-0.5000000000000002,-2.0500000000000016,4.0,16.0,0,2,27,4,2,5,1,0,23,0
2001016,1.0,0.05,0.75,0.8319062500000005,0.8500000000000005,0.018093750000000006,-5,18.09375,4.0,0.15625,0.078125,0.0,0.5593750000000005,0.5328125,0.9177555718636946,0.05019536937707472,0.8603579733127846,0.05,-0.30000000000000004,1.1499999999999995,3.0,12.0,0,0,19,4,1,7,2,0,31,0
2001017,1.0,0.05,0.75,-3.076187500000002,-3.0000000000000018,0.0761875,-13,76.1875,8.0,0.234375,0.03125,0.015625,0.5555555555555559,0.533333333333333,0.9873425059167033,0.05408749176114237,0.9869569513222602,0.05000000000000001,-0.30000000000000004,-2.700000000000001,3.0,14.0,2,1,16,1,3,7,1,2,30,1
2001018,0.0,0.05,0.75,1.893374999999999,1.899999999999999,0.006625000000000003,3,6.625,2.0625,0.109375,0.15625,0.0,0.5687500000000006,0.53515625,0.4787611793160007,0.050109344795906924,0.024106514085255416,0.05000000000000001,-0.75,2.649999999999999,3.0,14.0,0,0,15,4,2,13,0,0,30,0
2001019,0.0,0.05,0.75,7.542921875000001,7.550000000000001,0.007078125000000004,-5,7.078125,2.015625,0.21875,0.140625,0.0,0.5718750000000006,0.38281250000000017,0.017687555297141503,0.05236122119226568,0.0001665224203882405,0.05,-0.6500000000000001,8.200000000000001,6.0,17.0,0,2,52,3,1,2,0,0,4,0
2001020,1.0,0.05,0.75,-0.8358125000000007,-0.8000000000000007,0.03581250000000001,-10,35.8125,5.4375,0.203125,0.046875,0.0,0.5250000000000005,0.5468749999999999,0.9869553232550817,0.05357269837697967,0.9857138473247371,0.049999999999999996,-0.6000000000000001,-0.2000000000000004,3.0,13.0,0,0,12,11,0,9,1,0,31,0
2001021,1.0,0.05,0.75,3.9953125000000007,4.000000000000001,0.004687500000000003,-1,4.6875,1.8125,0.140625,0.125,0.0,0.5656250000000006,0.5890624999999995,0.990330575817604,0.05201460109962866,0.943883644848472,0.05000000000000002,-0.6000000000000003,4.599999999999999,6.0,11.0,1,0,7,2,1,7,2,0,44,0
2001022,0.0,0.05,0.75,8.438984375,8.450000000000001,0.011015625000000005,-8,11.015625,2.390625,0.203125,0.078125,0.0,0.5718750000000005,0.4296875,0.16861894862676988,0.05105990309808599,0.03453041570307896,0.05000000000000001,-0.09999999999999998,8.549999999999999,2.0,16.0,0,0,43,3,2,3,0,1,12,0
2001023,1.0,0.05,0.75,0.026250000000000707,0.05000000000000071,0.023750000000000004,-9,23.75,4.28125,0.203125,0.0625,0.015625,0.5492063492063497,0.5738095238095234,0.989858402620095,0.0583900214184489,0.9888446688604098,0.05,-0.20000000000000018,0.24999999999999944,4.0,13.0,0,1,9,5,0,7,2,1,38,1
