seed,episode,eligible,matched,conflict,peer_gap_sum
11,14000000,55,0,0,0.0
11,14000001,55,0,0,0.0
11,14000002,55,0,0,0.0
11,14000003,55,2,0,0.0
11,14000004,55,0,0,0.0
11,14000005,55,4,2,0.058794753272174156
11,14000006,55,0,0,0.0
11,14000007,55,0,0,0.0
11,14000008,55,0,0,0.0
11,14000009,55,5,0,0.0
11,14000010,55,0,0,0.0
11,14000011,55,1,0,0.0
11,14000012,55,0,0,0.0
11,14000013,55,0,0,0.0
11,14000014,55,0,0,0.0
11,14000015,55,0,0,0.0
11,14000016,55,0,0,0.0
11,14000017,55,1,1,0.012827410353296806
11,14000018,55,1,0,0.0
11,14000019,55,0,0,0.0
11,14000020,55,0,0,0.0
11,14000021,55,0,0,0.0
11,14000022,55,0,0,0.0
11,14000023,55,0,0,0.0
11,14000024,55,0,0,0.0
11,14000025,55,0,0,0.0
11,14000026,55,0,0,0.0
11,14000027,55,0,0,0.0
11,14000028,55,1,0,0.0
11,14000029,55,0,0,0.0
11,14000030,55,0,0,0.0
11,14000031,55,0,0,0.0
11,14000032,55,1,0,0.0
11,14000033,55,0,0,0.0
11,14000034,55,0,0,0.0
11,14000035,55,0,0,0.0
11,14000036,55,0,0,0.0
11,14000037,55,0,0,0.0
11,14000038,55,0,0,0.0
11,14000039,55,0,0,0.0
11,14000040,55,0,0,0.0
11,14000041,55,0,0,0.0
11,14000042,55,0,0,0.0
11,14000043,55,0,0,0.0
11,14000044,55,0,0,0.0
11,14000045,55,0,0,0.0
11,14000046,55,0,0,0.0
11,14000047,55,0,0,0.0
11,14000048,55,7,2,0.03022516157738484
11,14000049,55,0,0,0.0
11,14000050,55,0,0,0.0
11,14000051,55,0,0,0.0
11,14000052,55,1,0,0.0
11,14000053,55,0,0,0.0
11,14000054,55,0,0,0.0
11,14000055,55,0,0,0.0
11,14000056,55,0,0,0.0
11,14000057,55,0,0,0.0
11,14000058,55,0,0,0.0
11,14000059,55,0,0,0.0
11,14000060,55,0,0,0.0
11,14000061,55,0,0,0.0
11,14000062,55,0,0,0.0
11,14000063,55,0,0,0.0
11,14000064,55,0,0,0.0
11,14000065,55,0,0,0.0
11,14000066,55,0,0,0.0
11,14000067,55,1,0,0.0
11,14000068,55,0,0,0.0
11,14000069,55,0,0,0.0
11,14000070,55,0,0,0.0
11,14000071,55,0,0,0.0
11,14000072,55,0,0,0.0
11,14000073,55,0,0,0.0
11,14000074,55,0,0,0.0
11,14000075,55,1,0,0.0
11,14000076,55,3,3,0.010643188746932408
11,14000077,55,0,0,0.0
11,14000078,55,0,0,0.0
11,14000079,55,0,0,0.0
11,14000080,55,0,0,0.0
11,14000081,55,0,0,0.0
11,14000082,55,0,0,0.0
11,14000083,55,12,0,0.0
11,14000084,55,0,0,0.0
11,14000085,55,0,0,0.0
11,14000086,55,1,0,0.0
11,14000087,55,1,0,0.0
11,14000088,55,0,0,0.0
11,14000089,55,0,0,0.0
11,14000090,55,3,3,0.17208624272216133
11,14000091,55,0,0,0.0
11,14000092,55,0,0,0.0
11,14000093,55,0,0,0.0
11,14000094,55,0,0,0.0
11,14000095,55,0,0,0.0
11,14000096,55,0,0,0.0
11,14000097,55,0,0,0.0
11,14000098,55,0,0,0.0
11,14000099,55,0,0,0.0
11,14000100,55,0,0,0.0
11,14000101,55,0,0,0.0
11,14000102,55,1,0,0.0
11,14000103,55,0,0,0.0
11,14000104,55,3,0,0.0
11,14000105,55,1,0,0.0
11,14000106,55,5,5,0.03943686699992999
11,14000107,55,0,0,0.0
11,14000108,55,0,0,0.0
11,14000109,55,0,0,0.0
11,14000110,55,0,0,0.0
11,14000111,55,0,0,0.0
11,14000112,55,0,0,0.0
11,14000113,55,0,0,0.0
11,14000114,55,4,0,0.0
11,14000115,55,0,0,0.0
11,14000116,55,3,0,0.0
11,14000117,55,0,0,0.0
11,14000118,55,0,0,0.0
11,14000119,55,0,0,0.0
11,14000120,55,0,0,0.0
11,14000121,55,0,0,0.0
11,14000122,55,0,0,0.0
11,14000123,55,0,0,0.0
11,14000124,55,0,0,0.0
11,14000125,55,0,0,0.0
11,14000126,55,0,0,0.0
11,14000127,55,0,0,0.0
11,14000128,55,2,0,0.0
11,14000129,55,0,0,0.0
11,14000130,55,2,2,0.04661795394871894
11,14000131,55,2,0,0.0
11,14000132,55,0,0,0.0
11,14000133,55,0,0,0.0
11,14000134,55,0,0,0.0
11,14000135,55,0,0,0.0
11,14000136,55,0,0,0.0
11,14000137,55,0,0,0.0
11,14000138,55,0,0,0.0
11,14000139,55,0,0,0.0
11,14000140,55,0,0,0.0
11,14000141,55,1,0,0.0
11,14000142,55,0,0,0.0
11,14000143,55,0,0,0.0
11,14000144,55,0,0,0.0
11,14000145,55,0,0,0.0
11,14000146,55,0,0,0.0
11,14000147,55,0,0,0.0
11,14000148,55,0,0,0.0
11,14000149,55,1,0,0.0
11,14000150,55,0,0,0.0
11,14000151,55,0,0,0.0
11,14000152,55,0,0,0.0
11,14000153,55,0,0,0.0
11,14000154,55,0,0,0.0
11,14000155,55,0,0,0.0
11,14000156,55,1,0,0.0
11,14000157,55,0,0,0.0
11,14000158,55,1,0,0.0
11,14000159,55,0,0,0.0
11,14000160,55,2,1,0.0020090127172697897
11,14000161,55,0,0,0.0
11,14000162,55,0,0,0.0
11,14000163,55,0,0,0.0
11,14000164,55,0,0,0.0
11,14000165,55,3,0,0.0
11,14000166,55,0,0,0.0
11,14000167,55,0,0,0.0
11,14000168,55,4,0,0.0
11,14000169,55,0,0,0.0
11,14000170,55,0,0,0.0
11,14000171,55,0,0,0.0
11,14000172,55,4,0,0.0
11,14000173,55,0,0,0.0
11,14000174,55,1,0,0.0
11,14000175,55,0,0,0.0
11,14000176,55,0,0,0.0
11,14000177,55,0,0,0.0
11,14000178,55,0,0,0.0
11,14000179,55,0,0,0.0
11,14000180,55,4,2,0.09199507960053355
11,14000181,55,0,0,0.0
11,14000182,55,1,0,0.0
11,14000183,55,0,0,0.0
11,14000184,55,0,0,0.0
11,14000185,55,0,0,0.0
11,14000186,55,0,0,0.0
11,14000187,55,0,0,0.0
11,14000188,55,2,0,0.0
11,14000189,55,0,0,0.0
11,14000190,55,0,0,0.0
11,14000191,55,0,0,0.0
11,14000192,55,1,1,0.010735346137783791
11,14000193,55,0,0,0.0
11,14000194,55,1,0,0.0
11,14000195,55,0,0,0.0
11,14000196,55,0,0,0.0
11,14000197,55,1,0,0.0
11,14000198,55,0,0,0.0
11,14000199,55,0,0,0.0
11,14000200,55,0,0,0.0
11,14000201,55,0,0,0.0
11,14000202,55,0,0,0.0
11,14000203,55,4,0,0.0
11,14000204,55,0,0,0.0
11,14000205,55,0,0,0.0
11,14000206,55,0,0,0.0
11,14000207,55,0,0,0.0
11,14000208,55,0,0,0.0
11,14000209,55,1,0,0.0
11,14000210,55,2,0,0.0
11,14000211,55,0,0,0.0
11,14000212,55,0,0,0.0
11,14000213,55,0,0,0.0
11,14000214,55,0,0,0.0
11,14000215,55,4,0,0.0
11,14000216,55,0,0,0.0
11,14000217,55,0,0,0.0
11,14000218,55,0,0,0.0
11,14000219,55,0,0,0.0
11,14000220,55,2,0,0.0
11,14000221,55,2,0,0.0
11,14000222,55,0,0,0.0
11,14000223,55,0,0,0.0
11,14000224,55,0,0,0.0
11,14000225,55,0,0,0.0
11,14000226,55,0,0,0.0
11,14000227,55,0,0,0.0
11,14000228,55,0,0,0.0
11,14000229,55,2,2,0.19818290593386265
11,14000230,55,0,0,0.0
11,14000231,55,0,0,0.0
11,14000232,55,0,0,0.0
11,14000233,55,0,0,0.0
11,14000234,55,0,0,0.0
11,14000235,55,0,0,0.0
11,14000236,55,0,0,0.0
11,14000237,55,0,0,0.0
11,14000238,55,0,0,0.0
11,14000239,55,0,0,0.0
11,14000240,55,2,0,0.0
11,14000241,55,2,0,0.0
11,14000242,55,0,0,0.0
11,14000243,55,0,0,0.0
11,14000244,55,0,0,0.0
11,14000245,55,0,0,0.0
11,14000246,55,0,0,0.0
11,14000247,55,0,0,0.0
11,14000248,55,0,0,0.0
11,14000249,55,2,0,0.0
11,14000250,55,0,0,0.0
11,14000251,55,0,0,0.0
11,14000252,55,0,0,0.0
11,14000253,55,0,0,0.0
11,14000254,55,1,0,0.0
11,14000255,55,0,0,0.0
11,14000256,55,0,0,0.0
11,14000257,55,0,0,0.0
11,14000258,55,0,0,0.0
11,14000259,55,3,0,0.0
11,14000260,55,0,0,0.0
11,14000261,55,0,0,0.0
11,14000262,55,0,0,0.0
11,14000263,55,0,0,0.0
11,14000264,55,3,0,0.0
11,14000265,55,1,0,0.0
11,14000266,55,0,0,0.0
11,14000267,55,0,0,0.0
11,14000268,55,0,0,0.0
11,14000269,55,0,0,0.0
11,14000270,55,1,0,0.0
11,14000271,55,0,0,0.0
11,14000272,55,8,0,0.0
11,14000273,55,0,0,0.0
11,14000274,55,0,0,0.0
11,14000275,55,0,0,0.0
11,14000276,55,0,0,0.0
11,14000277,55,3,0,0.0
11,14000278,55,0,0,0.0
11,14000279,55,0,0,0.0
11,14000280,55,0,0,0.0
11,14000281,55,0,0,0.0
11,14000282,55,0,0,0.0
11,14000283,55,0,0,0.0
11,14000284,55,0,0,0.0
11,14000285,55,1,0,0.0
11,14000286,55,0,0,0.0
11,14000287,55,0,0,0.0
11,14000288,55,0,0,0.0
11,14000289,55,0,0,0.0
11,14000290,55,0,0,0.0
11,14000291,55,0,0,0.0
11,14000292,55,0,0,0.0
11,14000293,55,0,0,0.0
11,14000294,55,0,0,0.0
11,14000295,55,0,0,0.0
11,14000296,55,0,0,0.0
11,14000297,55,0,0,0.0
11,14000298,55,0,0,0.0
11,14000299,55,0,0,0.0
11,14000300,55,0,0,0.0
11,14000301,55,0,0,0.0
11,14000302,55,0,0,0.0
11,14000303,55,2,0,0.0
11,14000304,55,0,0,0.0
11,14000305,55,0,0,0.0
11,14000306,55,0,0,0.0
11,14000307,55,1,0,0.0
11,14000308,55,1,0,0.0
11,14000309,55,0,0,0.0
11,14000310,55,0,0,0.0
11,14000311,55,0,0,0.0
11,14000312,55,0,0,0.0
11,14000313,55,6,0,0.0
11,14000314,55,0,0,0.0
11,14000315,55,0,0,0.0
11,14000316,55,0,0,0.0
11,14000317,55,0,0,0.0
11,14000318,55,1,0,0.0
11,14000319,55,0,0,0.0
11,14000320,55,0,0,0.0
11,14000321,55,0,0,0.0
11,14000322,55,0,0,0.0
11,14000323,55,0,0,0.0
11,14000324,55,0,0,0.0
11,14000325,55,0,0,0.0
11,14000326,55,0,0,0.0
11,14000327,55,0,0,0.0
11,14000328,55,0,0,0.0
11,14000329,55,0,0,0.0
11,14000330,55,0,0,0.0
11,14000331,55,0,0,0.0
11,14000332,55,0,0,0.0
11,14000333,55,0,0,0.0
11,14000334,55,0,0,0.0
11,14000335,55,0,0,0.0
11,14000336,55,0,0,0.0
11,14000337,55,0,0,0.0
11,14000338,55,0,0,0.0
11,14000339,55,1,0,0.0
11,14000340,55,0,0,0.0
11,14000341,55,0,0,0.0
11,14000342,55,0,0,0.0
11,14000343,55,0,0,0.0
11,14000344,55,0,0,0.0
11,14000345,55,0,0,0.0
11,14000346,55,0,0,0.0
11,14000347,55,0,0,0.0
11,14000348,55,0,0,0.0
11,14000349,55,0,0,0.0
11,14000350,55,0,0,0.0
11,14000351,55,0,0,0.0
11,14000352,55,2,0,0.0
11,14000353,55,0,0,0.0
11,14000354,55,0,0,0.0
11,14000355,55,0,0,0.0
11,14000356,55,2,0,0.0
11,14000357,55,0,0,0.0
11,14000358,55,5,0,0.0
11,14000359,55,0,0,0.0
11,14000360,55,0,0,0.0
11,14000361,55,0,0,0.0
11,14000362,55,1,0,0.0
11,14000363,55,0,0,0.0
11,14000364,55,1,0,0.0
11,14000365,55,0,0,0.0
11,14000366,55,0,0,0.0
11,14000367,55,3,0,0.0
11,14000368,55,0,0,0.0
11,14000369,55,0,0,0.0
11,14000370,55,0,0,0.0
11,14000371,55,0,0,0.0
11,14000372,55,0,0,0.0
11,14000373,55,11,0,0.0
11,14000374,55,0,0,0.0
11,14000375,55,0,0,0.0
11,14000376,55,3,0,0.0
11,14000377,55,2,0,0.0
11,14000378,55,0,0,0.0
11,14000379,55,0,0,0.0
11,14000380,55,0,0,0.0
11,14000381,55,0,0,0.0
11,14000382,55,0,0,0.0
11,14000383,55,0,0,0.0
11,14000384,55,0,0,0.0
11,14000385,55,1,1,0.0005274166447899326
11,14000386,55,0,0,0.0
11,14000387,55,0,0,0.0
11,14000388,55,0,0,0.0
11,14000389,55,0,0,0.0
11,14000390,55,0,0,0.0
11,14000391,55,1,0,0.0
11,14000392,55,0,0,0.0
11,14000393,55,1,0,0.0
11,14000394,55,0,0,0.0
11,14000395,55,0,0,0.0
11,14000396,55,0,0,0.0
11,14000397,55,0,0,0.0
11,14000398,55,0,0,0.0
11,14000399,55,0,0,0.0
11,14000400,55,0,0,0.0
11,14000401,55,0,0,0.0
11,14000402,55,0,0,0.0
11,14000403,55,1,0,0.0
11,14000404,55,0,0,0.0
11,14000405,55,0,0,0.0
11,14000406,55,0,0,0.0
11,14000407,55,0,0,0.0
11,14000408,55,0,0,0.0
11,14000409,55,0,0,0.0
11,14000410,55,0,0,0.0
11,14000411,55,0,0,0.0
11,14000412,55,0,0,0.0
11,14000413,55,1,0,0.0
11,14000414,55,1,1,0.08305150084274678
11,14000415,55,0,0,0.0
11,14000416,55,0,0,0.0
11,14000417,55,0,0,0.0
11,14000418,55,0,0,0.0
11,14000419,55,0,0,0.0
11,14000420,55,0,0,0.0
11,14000421,55,0,0,0.0
11,14000422,55,0,0,0.0
11,14000423,55,0,0,0.0
11,14000424,55,4,0,0.0
11,14000425,55,0,0,0.0
11,14000426,55,0,0,0.0
11,14000427,55,0,0,0.0
11,14000428,55,0,0,0.0
11,14000429,55,0,0,0.0
11,14000430,55,0,0,0.0
11,14000431,55,0,0,0.0
11,14000432,55,0,0,0.0
11,14000433,55,0,0,0.0
11,14000434,55,0,0,0.0
11,14000435,55,0,0,0.0
11,14000436,55,4,0,0.0
11,14000437,55,0,0,0.0
11,14000438,55,7,0,0.0
11,14000439,55,0,0,0.0
11,14000440,55,0,0,0.0
11,14000441,55,0,0,0.0
11,14000442,55,0,0,0.0
11,14000443,55,5,1,0.0016672381726604568
11,14000444,55,0,0,0.0
11,14000445,55,0,0,0.0
11,14000446,55,0,0,0.0
11,14000447,55,0,0,0.0
11,14000448,55,0,0,0.0
11,14000449,55,0,0,0.0
11,14000450,55,0,0,0.0
11,14000451,55,0,0,0.0
11,14000452,55,0,0,0.0
11,14000453,55,4,0,0.0
11,14000454,55,0,0,0.0
11,14000455,55,0,0,0.0
11,14000456,55,2,0,0.0
11,14000457,55,0,0,0.0
11,14000458,55,0,0,0.0
11,14000459,55,0,0,0.0
11,14000460,55,0,0,0.0
11,14000461,55,0,0,0.0
11,14000462,55,0,0,0.0
11,14000463,55,0,0,0.0
11,14000464,55,0,0,0.0
11,14000465,55,0,0,0.0
11,14000466,55,0,0,0.0
11,14000467,55,0,0,0.0
11,14000468,55,0,0,0.0
11,14000469,55,4,0,0.0
11,14000470,55,0,0,0.0
11,14000471,55,4,0,0.0
11,14000472,55,0,0,0.0
11,14000473,55,2,2,0.0013311434350062787
11,14000474,55,0,0,0.0
11,14000475,55,0,0,0.0
11,14000476,55,0,0,0.0
11,14000477,55,0,0,0.0
11,14000478,55,0,0,0.0
11,14000479,55,0,0,0.0
11,14000480,55,1,0,0.0
11,14000481,55,0,0,0.0
11,14000482,55,0,0,0.0
11,14000483,55,0,0,0.0
11,14000484,55,2,0,0.0
11,14000485,55,2,0,0.0
11,14000486,55,0,0,0.0
11,14000487,55,0,0,0.0
11,14000488,55,0,0,0.0
11,14000489,55,0,0,0.0
11,14000490,55,0,0,0.0
11,14000491,55,0,0,0.0
11,14000492,55,0,0,0.0
11,14000493,55,0,0,0.0
11,14000494,55,0,0,0.0
11,14000495,55,0,0,0.0
11,14000496,55,0,0,0.0
11,14000497,55,1,0,0.0
11,14000498,55,0,0,0.0
11,14000499,55,1,0,0.0
11,14000500,55,0,0,0.0
11,14000501,55,2,0,0.0
11,14000502,55,0,0,0.0
11,14000503,55,0,0,0.0
11,14000504,55,0,0,0.0
11,14000505,55,0,0,0.0
11,14000506,55,0,0,0.0
11,14000507,55,2,0,0.0
11,14000508,55,0,0,0.0
11,14000509,55,0,0,0.0
11,14000510,55,0,0,0.0
11,14000511,55,0,0,0.0
11,14000512,55,0,0,0.0
11,14000513,55,0,0,0.0
11,14000514,55,7,0,0.0
11,14000515,55,0,0,0.0
11,14000516,55,0,0,0.0
11,14000517,55,0,0,0.0
11,14000518,55,0,0,0.0
11,14000519,55,0,0,0.0
11,14000520,55,0,0,0.0
11,14000521,55,0,0,0.0
11,14000522,55,0,0,0.0
11,14000523,55,0,0,0.0
11,14000524,55,0,0,0.0
11,14000525,55,0,0,0.0
11,14000526,55,0,0,0.0
11,14000527,55,0,0,0.0
11,14000528,55,0,0,0.0
11,14000529,55,1,0,0.0
11,14000530,55,3,0,0.0
11,14000531,55,0,0,0.0
11,14000532,55,0,0,0.0
11,14000533,55,0,0,0.0
11,14000534,55,0,0,0.0
11,14000535,55,0,0,0.0
11,14000536,55,0,0,0.0
11,14000537,55,0,0,0.0
11,14000538,55,0,0,0.0
11,14000539,55,0,0,0.0
11,14000540,55,0,0,0.0
11,14000541,55,0,0,0.0
11,14000542,55,0,0,0.0
11,14000543,55,0,0,0.0
11,14000544,55,0,0,0.0
11,14000545,55,0,0,0.0
11,14000546,55,0,0,0.0
11,14000547,55,0,0,0.0
11,14000548,55,5,0,0.0
11,14000549,55,0,0,0.0
11,14000550,55,0,0,0.0
11,14000551,55,2,0,0.0
11,14000552,55,4,0,0.0
11,14000553,55,0,0,0.0
11,14000554,55,0,0,0.0
11,14000555,55,0,0,0.0
11,14000556,55,0,0,0.0
11,14000557,55,0,0,0.0
11,14000558,55,1,0,0.0
11,14000559,55,0,0,0.0
11,14000560,55,3,0,0.0
11,14000561,55,0,0,0.0
11,14000562,55,0,0,0.0
11,14000563,55,0,0,0.0
11,14000564,55,0,0,0.0
11,14000565,55,0,0,0.0
11,14000566,55,0,0,0.0
11,14000567,55,0,0,0.0
11,14000568,55,0,0,0.0
11,14000569,55,8,4,0.00831072451777931
11,14000570,55,0,0,0.0
11,14000571,55,2,0,0.0
11,14000572,55,0,0,0.0
11,14000573,55,2,0,0.0
11,14000574,55,0,0,0.0
11,14000575,55,0,0,0.0
11,14000576,55,0,0,0.0
11,14000577,55,0,0,0.0
11,14000578,55,4,1,0.0033192917233564137
11,14000579,55,0,0,0.0
11,14000580,55,0,0,0.0
11,14000581,55,1,0,0.0
11,14000582,55,0,0,0.0
11,14000583,55,0,0,0.0
11,14000584,55,10,8,0.11493873333609073
11,14000585,55,0,0,0.0
11,14000586,55,0,0,0.0
11,14000587,55,0,0,0.0
11,14000588,55,0,0,0.0
11,14000589,55,0,0,0.0
11,14000590,55,0,0,0.0
11,14000591,55,0,0,0.0
11,14000592,55,0,0,0.0
11,14000593,55,0,0,0.0
11,14000594,55,0,0,0.0
11,14000595,55,0,0,0.0
11,14000596,55,0,0,0.0
11,14000597,55,0,0,0.0
11,14000598,55,0,0,0.0
11,14000599,55,1,1,3.368675501717877e-05
11,14000600,55,0,0,0.0
11,14000601,55,4,2,0.012305945616110911
11,14000602,55,0,0,0.0
11,14000603,55,0,0,0.0
11,14000604,55,0,0,0.0
11,14000605,55,2,2,0.040797486922630924
11,14000606,55,0,0,0.0
11,14000607,55,0,0,0.0
11,14000608,55,0,0,0.0
11,14000609,55,0,0,0.0
11,14000610,55,0,0,0.0
11,14000611,55,13,0,0.0
11,14000612,55,0,0,0.0
11,14000613,55,0,0,0.0
11,14000614,55,0,0,0.0
11,14000615,55,0,0,0.0
11,14000616,55,0,0,0.0
11,14000617,55,5,0,0.0
11,14000618,55,0,0,0.0
11,14000619,55,0,0,0.0
11,14000620,55,0,0,0.0
11,14000621,55,4,0,0.0
11,14000622,55,0,0,0.0
11,14000623,55,0,0,0.0
11,14000624,55,0,0,0.0
11,14000625,55,0,0,0.0
11,14000626,55,1,0,0.0
11,14000627,55,0,0,0.0
11,14000628,55,0,0,0.0
11,14000629,55,0,0,0.0
11,14000630,55,0,0,0.0
11,14000631,55,0,0,0.0
11,14000632,55,1,0,0.0
11,14000633,55,0,0,0.0
11,14000634,55,0,0,0.0
11,14000635,55,0,0,0.0
11,14000636,55,0,0,0.0
11,14000637,55,0,0,0.0
11,14000638,55,0,0,0.0
11,14000639,55,1,1,0.019666759227606148
11,14000640,55,1,0,0.0
11,14000641,55,0,0,0.0
11,14000642,55,0,0,0.0
11,14000643,55,1,0,0.0
11,14000644,55,1,0,0.0
11,14000645,55,0,0,0.0
11,14000646,55,0,0,0.0
11,14000647,55,0,0,0.0
11,14000648,55,0,0,0.0
11,14000649,55,0,0,0.0
11,14000650,55,2,0,0.0
11,14000651,55,0,0,0.0
11,14000652,55,0,0,0.0
11,14000653,55,0,0,0.0
11,14000654,55,0,0,0.0
11,14000655,55,0,0,0.0
11,14000656,55,3,0,0.0
11,14000657,55,0,0,0.0
11,14000658,55,1,0,0.0
11,14000659,55,0,0,0.0
11,14000660,55,0,0,0.0
11,14000661,55,0,0,0.0
11,14000662,55,1,0,0.0
11,14000663,55,0,0,0.0
11,14000664,55,0,0,0.0
11,14000665,55,0,0,0.0
11,14000666,55,0,0,0.0
11,14000667,55,0,0,0.0
11,14000668,55,0,0,0.0
11,14000669,55,6,0,0.0
11,14000670,55,0,0,0.0
11,14000671,55,0,0,0.0
11,14000672,55,2,2,0.02402483160219586
11,14000673,55,0,0,0.0
11,14000674,55,0,0,0.0
11,14000675,55,0,0,0.0
11,14000676,55,0,0,0.0
11,14000677,55,0,0,0.0
11,14000678,55,0,0,0.0
11,14000679,55,2,0,0.0
11,14000680,55,0,0,0.0
11,14000681,55,0,0,0.0
11,14000682,55,2,0,0.0
11,14000683,55,0,0,0.0
11,14000684,55,0,0,0.0
11,14000685,55,0,0,0.0
11,14000686,55,0,0,0.0
11,14000687,55,0,0,0.0
11,14000688,55,0,0,0.0
11,14000689,55,0,0,0.0
11,14000690,55,0,0,0.0
11,14000691,55,0,0,0.0
11,14000692,55,0,0,0.0
11,14000693,55,0,0,0.0
11,14000694,55,0,0,0.0
11,14000695,55,1,0,0.0
11,14000696,55,0,0,0.0
11,14000697,55,0,0,0.0
11,14000698,55,0,0,0.0
11,14000699,55,0,0,0.0
11,14000700,55,0,0,0.0
11,14000701,55,0,0,0.0
11,14000702,55,0,0,0.0
11,14000703,55,0,0,0.0
11,14000704,55,3,2,0.009823942721915092
11,14000705,55,0,0,0.0
11,14000706,55,0,0,0.0
11,14000707,55,0,0,0.0
11,14000708,55,0,0,0.0
11,14000709,55,0,0,0.0
11,14000710,55,0,0,0.0
11,14000711,55,0,0,0.0
11,14000712,55,0,0,0.0
11,14000713,55,0,0,0.0
11,14000714,55,0,0,0.0
11,14000715,55,0,0,0.0
11,14000716,55,0,0,0.0
11,14000717,55,6,0,0.0
11,14000718,55,0,0,0.0
11,14000719,55,0,0,0.0
11,14000720,55,0,0,0.0
11,14000721,55,0,0,0.0
11,14000722,55,0,0,0.0
11,14000723,55,0,0,0.0
11,14000724,55,0,0,0.0
11,14000725,55,0,0,0.0
11,14000726,55,0,0,0.0
11,14000727,55,0,0,0.0
11,14000728,55,0,0,0.0
11,14000729,55,1,0,0.0
11,14000730,55,0,0,0.0
11,14000731,55,0,0,0.0
11,14000732,55,0,0,0.0
11,14000733,55,2,1,0.005860350230272537
11,14000734,55,0,0,0.0
11,14000735,55,0,0,0.0
11,14000736,55,0,0,0.0
11,14000737,55,0,0,0.0
11,14000738,55,0,0,0.0
11,14000739,55,0,0,0.0
11,14000740,55,0,0,0.0
11,14000741,55,0,0,0.0
11,14000742,55,0,0,0.0
11,14000743,55,0,0,0.0
11,14000744,55,0,0,0.0
11,14000745,55,0,0,0.0
11,14000746,55,0,0,0.0
11,14000747,55,0,0,0.0
11,14000748,55,0,0,0.0
11,14000749,55,0,0,0.0
11,14000750,55,0,0,0.0
11,14000751,55,0,0,0.0
11,14000752,55,0,0,0.0
11,14000753,55,0,0,0.0
11,14000754,55,0,0,0.0
11,14000755,55,12,0,0.0
11,14000756,55,0,0,0.0
11,14000757,55,0,0,0.0
11,14000758,55,0,0,0.0
11,14000759,55,0,0,0.0
11,14000760,55,0,0,0.0
11,14000761,55,0,0,0.0
11,14000762,55,2,0,0.0
11,14000763,55,0,0,0.0
11,14000764,55,5,0,0.0
11,14000765,55,0,0,0.0
11,14000766,55,1,0,0.0
11,14000767,55,0,0,0.0
11,14000768,55,0,0,0.0
11,14000769,55,0,0,0.0
11,14000770,55,3,0,0.0
11,14000771,55,0,0,0.0
11,14000772,55,0,0,0.0
11,14000773,55,0,0,0.0
11,14000774,55,0,0,0.0
11,14000775,55,0,0,0.0
11,14000776,55,5,0,0.0
11,14000777,55,0,0,0.0
11,14000778,55,0,0,0.0
11,14000779,55,0,0,0.0
11,14000780,55,1,0,0.0
11,14000781,55,2,0,0.0
11,14000782,55,0,0,0.0
11,14000783,55,0,0,0.0
11,14000784,55,0,0,0.0
11,14000785,55,0,0,0.0
11,14000786,55,0,0,0.0
11,14000787,55,0,0,0.0
11,14000788,55,0,0,0.0
11,14000789,55,0,0,0.0
11,14000790,55,0,0,0.0
11,14000791,55,0,0,0.0
11,14000792,55,0,0,0.0
11,14000793,55,0,0,0.0
11,14000794,55,3,0,0.0
11,14000795,55,0,0,0.0
11,14000796,55,0,0,0.0
11,14000797,55,0,0,0.0
11,14000798,55,0,0,0.0
11,14000799,55,3,2,0.040816313564699364
11,14000800,55,0,0,0.0
11,14000801,55,0,0,0.0
11,14000802,55,0,0,0.0
11,14000803,55,0,0,0.0
11,14000804,55,0,0,0.0
11,14000805,55,3,0,0.0
11,14000806,55,0,0,0.0
11,14000807,55,0,0,0.0
11,14000808,55,0,0,0.0
11,14000809,55,0,0,0.0
11,14000810,55,0,0,0.0
11,14000811,55,0,0,0.0
11,14000812,55,0,0,0.0
11,14000813,55,0,0,0.0
11,14000814,55,0,0,0.0
11,14000815,55,0,0,0.0
11,14000816,55,0,0,0.0
11,14000817,55,0,0,0.0
11,14000818,55,0,0,0.0
11,14000819,55,1,0,0.0
11,14000820,55,0,0,0.0
11,14000821,55,0,0,0.0
11,14000822,55,1,0,0.0
11,14000823,55,1,0,0.0
11,14000824,55,0,0,0.0
11,14000825,55,0,0,0.0
11,14000826,55,0,0,0.0
11,14000827,55,0,0,0.0
11,14000828,55,6,0,0.0
11,14000829,55,0,0,0.0
11,14000830,55,1,0,0.0
11,14000831,55,0,0,0.0
11,14000832,55,0,0,0.0
11,14000833,55,2,0,0.0
11,14000834,55,1,0,0.0
11,14000835,55,3,0,0.0
11,14000836,55,0,0,0.0
11,14000837,55,9,0,0.0
11,14000838,55,0,0,0.0
11,14000839,55,0,0,0.0
11,14000840,55,0,0,0.0
11,14000841,55,0,0,0.0
11,14000842,55,0,0,0.0
11,14000843,55,0,0,0.0
11,14000844,55,2,0,0.0
11,14000845,55,0,0,0.0
11,14000846,55,0,0,0.0
11,14000847,55,0,0,0.0
11,14000848,55,0,0,0.0
11,14000849,55,0,0,0.0
11,14000850,55,0,0,0.0
11,14000851,55,0,0,0.0
11,14000852,55,0,0,0.0
11,14000853,55,0,0,0.0
11,14000854,55,0,0,0.0
11,14000855,55,0,0,0.0
11,14000856,55,0,0,0.0
11,14000857,55,0,0,0.0
11,14000858,55,0,0,0.0
11,14000859,55,0,0,0.0
11,14000860,55,1,0,0.0
11,14000861,55,0,0,0.0
11,14000862,55,0,0,0.0
11,14000863,55,0,0,0.0
11,14000864,55,0,0,0.0
11,14000865,55,0,0,0.0
11,14000866,55,0,0,0.0
11,14000867,55,0,0,0.0
11,14000868,55,0,0,0.0
11,14000869,55,0,0,0.0
11,14000870,55,0,0,0.0
11,14000871,55,2,0,0.0
11,14000872,55,2,0,0.0
11,14000873,55,0,0,0.0
11,14000874,55,0,0,0.0
11,14000875,55,1,0,0.0
11,14000876,55,0,0,0.0
11,14000877,55,0,0,0.0
11,14000878,55,0,0,0.0
11,14000879,55,4,0,0.0
11,14000880,55,0,0,0.0
11,14000881,55,0,0,0.0
11,14000882,55,3,0,0.0
11,14000883,55,0,0,0.0
11,14000884,55,0,0,0.0
11,14000885,55,0,0,0.0
11,14000886,55,0,0,0.0
11,14000887,55,0,0,0.0
11,14000888,55,0,0,0.0
11,14000889,55,0,0,0.0
11,14000890,55,0,0,0.0
11,14000891,55,0,0,0.0
11,14000892,55,4,0,0.0
11,14000893,55,0,0,0.0
11,14000894,55,0,0,0.0
11,14000895,55,2,0,0.0
11,14000896,55,0,0,0.0
11,14000897,55,0,0,0.0
11,14000898,55,1,0,0.0
11,14000899,55,0,0,0.0
11,14000900,55,0,0,0.0
11,14000901,55,0,0,0.0
11,14000902,55,0,0,0.0
11,14000903,55,2,0,0.0
11,14000904,55,0,0,0.0
11,14000905,55,2,0,0.0
11,14000906,55,0,0,0.0
11,14000907,55,0,0,0.0
11,14000908,55,1,0,0.0
11,14000909,55,0,0,0.0
11,14000910,55,0,0,0.0
11,14000911,55,0,0,0.0
11,14000912,55,0,0,0.0
11,14000913,55,0,0,0.0
11,14000914,55,1,0,0.0
11,14000915,55,0,0,0.0
11,14000916,55,0,0,0.0
11,14000917,55,0,0,0.0
11,14000918,55,0,0,0.0
11,14000919,55,0,0,0.0
11,14000920,55,3,0,0.0
11,14000921,55,0,0,0.0
11,14000922,55,0,0,0.0
11,14000923,55,0,0,0.0
11,14000924,55,2,0,0.0
11,14000925,55,0,0,0.0
11,14000926,55,0,0,0.0
11,14000927,55,0,0,0.0
11,14000928,55,0,0,0.0
11,14000929,55,0,0,0.0
11,14000930,55,1,0,0.0
11,14000931,55,2,0,0.0
11,14000932,55,0,0,0.0
11,14000933,55,0,0,0.0
11,14000934,55,0,0,0.0
11,14000935,55,0,0,0.0
11,14000936,55,0,0,0.0
11,14000937,55,0,0,0.0
11,14000938,55,0,0,0.0
11,14000939,55,0,0,0.0
11,14000940,55,0,0,0.0
11,14000941,55,0,0,0.0
11,14000942,55,0,0,0.0
11,14000943,55,0,0,0.0
11,14000944,55,0,0,0.0
11,14000945,55,0,0,0.0
11,14000946,55,0,0,0.0
11,14000947,55,0,0,0.0
11,14000948,55,0,0,0.0
11,14000949,55,0,0,0.0
11,14000950,55,3,0,0.0
11,14000951,55,0,0,0.0
11,14000952,55,0,0,0.0
11,14000953,55,0,0,0.0
11,14000954,55,0,0,0.0
11,14000955,55,4,4,0.013856522693048929
11,14000956,55,0,0,0.0
11,14000957,55,0,0,0.0
11,14000958,55,0,0,0.0
11,14000959,55,0,0,0.0
11,14000960,55,0,0,0.0
11,14000961,55,0,0,0.0
11,14000962,55,9,0,0.0
11,14000963,55,0,0,0.0
11,14000964,55,0,0,0.0
11,14000965,55,0,0,0.0
11,14000966,55,0,0,0.0
11,14000967,55,0,0,0.0
11,14000968,55,0,0,0.0
11,14000969,55,1,0,0.0
11,14000970,55,0,0,0.0
11,14000971,55,1,0,0.0
11,14000972,55,0,0,0.0
11,14000973,55,0,0,0.0
11,14000974,55,0,0,0.0
11,14000975,55,1,0,0.0
11,14000976,55,0,0,0.0
11,14000977,55,0,0,0.0
11,14000978,55,3,1,0.02142055252606949
11,14000979,55,0,0,0.0
11,14000980,55,0,0,0.0
11,14000981,55,0,0,0.0
11,14000982,55,0,0,0.0
11,14000983,55,1,0,0.0
11,14000984,55,0,0,0.0
11,14000985,55,0,0,0.0
11,14000986,55,1,1,0.0014127588253168843
11,14000987,55,0,0,0.0
11,14000988,55,0,0,0.0
11,14000989,55,0,0,0.0
11,14000990,55,0,0,0.0
11,14000991,55,0,0,0.0
11,14000992,55,1,0,0.0
11,14000993,55,0,0,0.0
11,14000994,55,0,0,0.0
11,14000995,55,0,0,0.0
11,14000996,55,0,0,0.0
11,14000997,55,0,0,0.0
11,14000998,55,1,0,0.0
11,14000999,55,0,0,0.0
11,14001000,55,2,0,0.0
11,14001001,55,0,0,0.0
11,14001002,55,0,0,0.0
11,14001003,55,0,0,0.0
11,14001004,55,0,0,0.0
11,14001005,55,0,0,0.0
11,14001006,55,0,0,0.0
11,14001007,55,1,0,0.0
11,14001008,55,0,0,0.0
11,14001009,55,0,0,0.0
11,14001010,55,9,0,0.0
11,14001011,55,0,0,0.0
11,14001012,55,0,0,0.0
11,14001013,55,0,0,0.0
11,14001014,55,0,0,0.0
11,14001015,55,0,0,0.0
11,14001016,55,0,0,0.0
11,14001017,55,0,0,0.0
11,14001018,55,0,0,0.0
11,14001019,55,0,0,0.0
11,14001020,55,0,0,0.0
11,14001021,55,2,0,0.0
11,14001022,55,0,0,0.0
11,14001023,55,0,0,0.0
12,14000000,55,0,0,0.0
12,14000001,55,0,0,0.0
12,14000002,55,0,0,0.0
12,14000003,55,1,0,0.0
12,14000004,55,1,0,0.0
12,14000005,55,4,2,0.013280494868977644
12,14000006,55,2,0,0.0
12,14000007,55,2,0,0.0
12,14000008,55,1,0,0.0
12,14000009,55,4,0,0.0
12,14000010,55,0,0,0.0
12,14000011,55,0,0,0.0
12,14000012,55,2,0,0.0
12,14000013,55,7,4,0.004400750202677578
12,14000014,55,3,0,0.0
12,14000015,55,2,0,0.0
12,14000016,55,0,0,0.0
12,14000017,55,0,0,0.0
12,14000018,55,6,4,0.1533711677179373
12,14000019,55,0,0,0.0
12,14000020,55,0,0,0.0
12,14000021,55,0,0,0.0
12,14000022,55,0,0,0.0
12,14000023,55,6,6,0.1601026852962934
12,14000024,55,0,0,0.0
12,14000025,55,0,0,0.0
12,14000026,55,1,0,0.0
12,14000027,55,0,0,0.0
12,14000028,55,2,0,0.0
12,14000029,55,0,0,0.0
12,14000030,55,0,0,0.0
12,14000031,55,0,0,0.0
12,14000032,55,0,0,0.0
12,14000033,55,0,0,0.0
12,14000034,55,0,0,0.0
12,14000035,55,0,0,0.0
12,14000036,55,0,0,0.0
12,14000037,55,6,0,0.0
12,14000038,55,4,0,0.0
12,14000039,55,0,0,0.0
12,14000040,55,1,0,0.0
12,14000041,55,6,0,0.0
12,14000042,55,0,0,0.0
12,14000043,55,0,0,0.0
12,14000044,55,0,0,0.0
12,14000045,55,1,0,0.0
12,14000046,55,2,2,0.005042495395972457
12,14000047,55,9,0,0.0
12,14000048,55,0,0,0.0
12,14000049,55,0,0,0.0
12,14000050,55,0,0,0.0
12,14000051,55,0,0,0.0
12,14000052,55,3,0,0.0
12,14000053,55,1,1,0.03073015173129709
12,14000054,55,0,0,0.0
12,14000055,55,0,0,0.0
12,14000056,55,0,0,0.0
12,14000057,55,0,0,0.0
12,14000058,55,0,0,0.0
12,14000059,55,0,0,0.0
12,14000060,55,0,0,0.0
12,14000061,55,4,0,0.0
12,14000062,55,0,0,0.0
12,14000063,55,0,0,0.0
12,14000064,55,0,0,0.0
12,14000065,55,0,0,0.0
12,14000066,55,0,0,0.0
12,14000067,55,1,0,0.0
12,14000068,55,1,0,0.0
12,14000069,55,2,0,0.0
12,14000070,55,3,0,0.0
12,14000071,55,0,0,0.0
12,14000072,55,0,0,0.0
12,14000073,55,0,0,0.0
12,14000074,55,0,0,0.0
12,14000075,55,0,0,0.0
12,14000076,55,1,0,0.0
12,14000077,55,0,0,0.0
12,14000078,55,4,1,0.00042714667433425835
12,14000079,55,1,0,0.0
12,14000080,55,2,0,0.0
12,14000081,55,1,0,0.0
12,14000082,55,0,0,0.0
12,14000083,55,1,0,0.0
12,14000084,55,1,1,0.00537352603572952
12,14000085,55,2,0,0.0
12,14000086,55,0,0,0.0
12,14000087,55,2,0,0.0
12,14000088,55,4,0,0.0
12,14000089,55,0,0,0.0
12,14000090,55,0,0,0.0
12,14000091,55,0,0,0.0
12,14000092,55,0,0,0.0
12,14000093,55,0,0,0.0
12,14000094,55,0,0,0.0
12,14000095,55,0,0,0.0
12,14000096,55,0,0,0.0
12,14000097,55,0,0,0.0
12,14000098,55,0,0,0.0
12,14000099,55,2,2,0.02332997896725765
12,14000100,55,1,0,0.0
12,14000101,55,1,0,0.0
12,14000102,55,2,0,0.0
12,14000103,55,0,0,0.0
12,14000104,55,1,0,0.0
12,14000105,55,6,2,0.00041959213131163853
12,14000106,55,6,1,0.005911568516954818
12,14000107,55,7,5,0.007374425264073475
12,14000108,55,0,0,0.0
12,14000109,55,0,0,0.0
12,14000110,55,0,0,0.0
12,14000111,55,2,0,0.0
12,14000112,55,3,0,0.0
12,14000113,55,0,0,0.0
12,14000114,55,0,0,0.0
12,14000115,55,0,0,0.0
12,14000116,55,3,0,0.0
12,14000117,55,0,0,0.0
12,14000118,55,0,0,0.0
12,14000119,55,0,0,0.0
12,14000120,55,0,0,0.0
12,14000121,55,0,0,0.0
12,14000122,55,0,0,0.0
12,14000123,55,0,0,0.0
12,14000124,55,0,0,0.0
12,14000125,55,5,1,0.0002135733371671361
12,14000126,55,3,0,0.0
12,14000127,55,0,0,0.0
12,14000128,55,2,0,0.0
12,14000129,55,0,0,0.0
12,14000130,55,0,0,0.0
12,14000131,55,0,0,0.0
12,14000132,55,0,0,0.0
12,14000133,55,0,0,0.0
12,14000134,55,0,0,0.0
12,14000135,55,3,0,0.0
12,14000136,55,0,0,0.0
12,14000137,55,0,0,0.0
12,14000138,55,0,0,0.0
12,14000139,55,0,0,0.0
12,14000140,55,5,0,0.0
12,14000141,55,2,1,8.542933486685444e-05
12,14000142,55,0,0,0.0
12,14000143,55,0,0,0.0
12,14000144,55,3,0,0.0
12,14000145,55,3,2,0.005425442246384235
12,14000146,55,1,0,0.0
12,14000147,55,0,0,0.0
12,14000148,55,0,0,0.0
12,14000149,55,6,2,0.00022577403597898787
12,14000150,55,1,0,0.0
12,14000151,55,6,1,0.0076898636216297805
12,14000152,55,0,0,0.0
12,14000153,55,4,1,8.542933486685444e-05
12,14000154,55,0,0,0.0
12,14000155,55,4,2,0.00046632230358065185
12,14000156,55,0,0,0.0
12,14000157,55,4,3,0.007364247447693831
12,14000158,55,2,0,0.0
12,14000159,55,5,4,0.0170615314476643
12,14000160,55,4,2,0.03143551523798724
12,14000161,55,0,0,0.0
12,14000162,55,0,0,0.0
12,14000163,55,0,0,0.0
12,14000164,55,0,0,0.0
12,14000165,55,1,0,0.0
12,14000166,55,0,0,0.0
12,14000167,55,0,0,0.0
12,14000168,55,1,0,0.0
12,14000169,55,0,0,0.0
12,14000170,55,1,0,0.0
12,14000171,55,7,0,0.0
12,14000172,55,0,0,0.0
12,14000173,55,0,0,0.0
12,14000174,55,0,0,0.0
12,14000175,55,0,0,0.0
12,14000176,55,0,0,0.0
12,14000177,55,2,0,0.0
12,14000178,55,0,0,0.0
12,14000179,55,0,0,0.0
12,14000180,55,1,0,0.0
12,14000181,55,0,0,0.0
12,14000182,55,0,0,0.0
12,14000183,55,2,0,0.0
12,14000184,55,0,0,0.0
12,14000185,55,3,3,0.07429602519419051
12,14000186,55,0,0,0.0
12,14000187,55,1,1,0.0033581386986875905
12,14000188,55,0,0,0.0
12,14000189,55,1,0,0.0
12,14000190,55,0,0,0.0
12,14000191,55,0,0,0.0
12,14000192,55,0,0,0.0
12,14000193,55,0,0,0.0
12,14000194,55,1,0,0.0
12,14000195,55,0,0,0.0
12,14000196,55,0,0,0.0
12,14000197,55,0,0,0.0
12,14000198,55,0,0,0.0
12,14000199,55,0,0,0.0
12,14000200,55,0,0,0.0
12,14000201,55,0,0,0.0
12,14000202,55,0,0,0.0
12,14000203,55,0,0,0.0
12,14000204,55,2,2,0.048631734674762894
12,14000205,55,0,0,0.0
12,14000206,55,0,0,0.0
12,14000207,55,0,0,0.0
12,14000208,55,0,0,0.0
12,14000209,55,3,2,0.004473146419748719
12,14000210,55,1,0,0.0
12,14000211,55,2,0,0.0
12,14000212,55,0,0,0.0
12,14000213,55,0,0,0.0
12,14000214,55,0,0,0.0
12,14000215,55,4,3,0.0007793975759391817
12,14000216,55,0,0,0.0
12,14000217,55,0,0,0.0
12,14000218,55,0,0,0.0
12,14000219,55,0,0,0.0
12,14000220,55,0,0,0.0
12,14000221,55,0,0,0.0
12,14000222,55,1,1,2.5182371947277127e-05
12,14000223,55,0,0,0.0
12,14000224,55,0,0,0.0
12,14000225,55,0,0,0.0
12,14000226,55,1,0,0.0
12,14000227,55,0,0,0.0
12,14000228,55,0,0,0.0
12,14000229,55,0,0,0.0
12,14000230,55,0,0,0.0
12,14000231,55,0,0,0.0
12,14000232,55,5,5,0.04154356253452954
12,14000233,55,0,0,0.0
12,14000234,55,0,0,0.0
12,14000235,55,0,0,0.0
12,14000236,55,0,0,0.0
12,14000237,55,0,0,0.0
12,14000238,55,0,0,0.0
12,14000239,55,1,1,0.0008178335202256165
12,14000240,55,7,0,0.0
12,14000241,55,2,1,0.0008542933486685306
12,14000242,55,1,1,0.021132885413454483
12,14000243,55,0,0,0.0
12,14000244,55,0,0,0.0
12,14000245,55,0,0,0.0
12,14000246,55,4,0,0.0
12,14000247,55,0,0,0.0
12,14000248,55,1,0,0.0
12,14000249,55,0,0,0.0
12,14000250,55,0,0,0.0
12,14000251,55,8,3,0.0013283942585888924
12,14000252,55,0,0,0.0
12,14000253,55,0,0,0.0
12,14000254,55,0,0,0.0
12,14000255,55,0,0,0.0
12,14000256,55,0,0,0.0
12,14000257,55,0,0,0.0
12,14000258,55,1,1,0.010790651582487876
12,14000259,55,4,2,0.000637015351161094
12,14000260,55,0,0,0.0
12,14000261,55,3,0,0.0
12,14000262,55,0,0,0.0
12,14000263,55,3,0,0.0
12,14000264,55,2,0,0.0
12,14000265,55,4,3,0.08705504032597466
12,14000266,55,0,0,0.0
12,14000267,55,0,0,0.0
12,14000268,55,7,0,0.0
12,14000269,55,0,0,0.0
12,14000270,55,0,0,0.0
12,14000271,55,1,0,0.0
12,14000272,55,0,0,0.0
12,14000273,55,0,0,0.0
12,14000274,55,0,0,0.0
12,14000275,55,1,1,0.03801032448272798
12,14000276,55,0,0,0.0
12,14000277,55,5,0,0.0
12,14000278,55,0,0,0.0
12,14000279,55,4,0,0.0
12,14000280,55,0,0,0.0
12,14000281,55,0,0,0.0
12,14000282,55,0,0,0.0
12,14000283,55,0,0,0.0
12,14000284,55,1,1,0.017211173758604332
12,14000285,55,0,0,0.0
12,14000286,55,0,0,0.0
12,14000287,55,1,0,0.0
12,14000288,55,0,0,0.0
12,14000289,55,1,1,0.000464839023918133
12,14000290,55,1,0,0.0
12,14000291,55,0,0,0.0
12,14000292,55,0,0,0.0
12,14000293,55,0,0,0.0
12,14000294,55,0,0,0.0
12,14000295,55,0,0,0.0
12,14000296,55,5,0,0.0
12,14000297,55,0,0,0.0
12,14000298,55,0,0,0.0
12,14000299,55,0,0,0.0
12,14000300,55,0,0,0.0
12,14000301,55,0,0,0.0
12,14000302,55,0,0,0.0
12,14000303,55,0,0,0.0
12,14000304,55,0,0,0.0
12,14000305,55,0,0,0.0
12,14000306,55,0,0,0.0
12,14000307,55,0,0,0.0
12,14000308,55,0,0,0.0
12,14000309,55,0,0,0.0
12,14000310,55,1,0,0.0
12,14000311,55,2,1,0.0018572353362948935
12,14000312,55,0,0,0.0
12,14000313,55,5,1,0.009067617903849717
12,14000314,55,2,0,0.0
12,14000315,55,0,0,0.0
12,14000316,55,0,0,0.0
12,14000317,55,0,0,0.0
12,14000318,55,2,0,0.0
12,14000319,55,0,0,0.0
12,14000320,55,0,0,0.0
12,14000321,55,3,1,0.013905756555562254
12,14000322,55,4,1,0.004288463542688498
12,14000323,55,0,0,0.0
12,14000324,55,0,0,0.0
12,14000325,55,0,0,0.0
12,14000326,55,0,0,0.0
12,14000327,55,8,0,0.0
12,14000328,55,1,0,0.0
12,14000329,55,1,0,0.0
12,14000330,55,1,0,0.0
12,14000331,55,1,0,0.0
12,14000332,55,0,0,0.0
12,14000333,55,0,0,0.0
12,14000334,55,1,0,0.0
12,14000335,55,0,0,0.0
12,14000336,55,0,0,0.0
12,14000337,55,1,0,0.0
12,14000338,55,0,0,0.0
12,14000339,55,0,0,0.0
12,14000340,55,1,0,0.0
12,14000341,55,4,1,8.542933486685444e-05
12,14000342,55,1,0,0.0
12,14000343,55,0,0,0.0
12,14000344,55,0,0,0.0
12,14000345,55,3,0,0.0
12,14000346,55,1,0,0.0
12,14000347,55,0,0,0.0
12,14000348,55,0,0,0.0
12,14000349,55,0,0,0.0
12,14000350,55,1,0,0.0
12,14000351,55,0,0,0.0
12,14000352,55,5,1,0.0008682850339984949
12,14000353,55,2,2,0.03137039486142987
12,14000354,55,0,0,0.0
12,14000355,55,0,0,0.0
12,14000356,55,2,0,0.0
12,14000357,55,1,0,0.0
12,14000358,55,0,0,0.0
12,14000359,55,0,0,0.0
12,14000360,55,4,1,0.01469955291637838
12,14000361,55,0,0,0.0
12,14000362,55,1,0,0.0
12,14000363,55,0,0,0.0
12,14000364,55,3,0,0.0
12,14000365,55,1,0,0.0
12,14000366,55,2,0,0.0
12,14000367,55,5,3,0.04806265049737146
12,14000368,55,0,0,0.0
12,14000369,55,0,0,0.0
12,14000370,55,0,0,0.0
12,14000371,55,0,0,0.0
12,14000372,55,0,0,0.0
12,14000373,55,0,0,0.0
12,14000374,55,0,0,0.0
12,14000375,55,0,0,0.0
12,14000376,55,0,0,0.0
12,14000377,55,3,0,0.0
12,14000378,55,0,0,0.0
12,14000379,55,4,0,0.0
12,14000380,55,4,4,0.13209234023349264
12,14000381,55,0,0,0.0
12,14000382,55,2,0,0.0
12,14000383,55,1,0,0.0
12,14000384,55,0,0,0.0
12,14000385,55,13,4,0.013870452532529567
12,14000386,55,0,0,0.0
12,14000387,55,0,0,0.0
12,14000388,55,2,0,0.0
12,14000389,55,1,0,0.0
12,14000390,55,2,0,0.0
12,14000391,55,4,0,0.0
12,14000392,55,0,0,0.0
12,14000393,55,0,0,0.0
12,14000394,55,0,0,0.0
12,14000395,55,0,0,0.0
12,14000396,55,0,0,0.0
12,14000397,55,4,1,8.542933486685444e-05
12,14000398,55,3,0,0.0
12,14000399,55,0,0,0.0
12,14000400,55,0,0,0.0
12,14000401,55,0,0,0.0
12,14000402,55,0,0,0.0
12,14000403,55,0,0,0.0
12,14000404,55,0,0,0.0
12,14000405,55,0,0,0.0
12,14000406,55,0,0,0.0
12,14000407,55,0,0,0.0
12,14000408,55,0,0,0.0
12,14000409,55,1,0,0.0
12,14000410,55,0,0,0.0
12,14000411,55,5,0,0.0
12,14000412,55,0,0,0.0
12,14000413,55,4,3,0.0004576705307485496
12,14000414,55,0,0,0.0
12,14000415,55,0,0,0.0
12,14000416,55,0,0,0.0
12,14000417,55,9,0,0.0
12,14000418,55,5,0,0.0
12,14000419,55,3,0,0.0
12,14000420,55,0,0,0.0
12,14000421,55,0,0,0.0
12,14000422,55,0,0,0.0
12,14000423,55,0,0,0.0
12,14000424,55,12,6,0.007681009248072116
12,14000425,55,0,0,0.0
12,14000426,55,0,0,0.0
12,14000427,55,2,1,0.05498966007044476
12,14000428,55,1,0,0.0
12,14000429,55,0,0,0.0
12,14000430,55,0,0,0.0
12,14000431,55,0,0,0.0
12,14000432,55,1,0,0.0
12,14000433,55,0,0,0.0
12,14000434,55,0,0,0.0
12,14000435,55,0,0,0.0
12,14000436,55,3,0,0.0
12,14000437,55,1,0,0.0
12,14000438,55,0,0,0.0
12,14000439,55,4,3,0.021528172093978254
12,14000440,55,0,0,0.0
12,14000441,55,0,0,0.0
12,14000442,55,4,0,0.0
12,14000443,55,0,0,0.0
12,14000444,55,0,0,0.0
12,14000445,55,1,0,0.0
12,14000446,55,6,4,0.009268658040681388
12,14000447,55,1,0,0.0
12,14000448,55,0,0,0.0
12,14000449,55,2,0,0.0
12,14000450,55,0,0,0.0
12,14000451,55,0,0,0.0
12,14000452,55,2,0,0.0
12,14000453,55,0,0,0.0
12,14000454,55,0,0,0.0
12,14000455,55,0,0,0.0
12,14000456,55,1,0,0.0
12,14000457,55,0,0,0.0
12,14000458,55,0,0,0.0
12,14000459,55,1,0,0.0
12,14000460,55,0,0,0.0
12,14000461,55,1,1,0.0019833180276547097
12,14000462,55,1,0,0.0
12,14000463,55,0,0,0.0
12,14000464,55,0,0,0.0
12,14000465,55,0,0,0.0
12,14000466,55,0,0,0.0
12,14000467,55,0,0,0.0
12,14000468,55,0,0,0.0
12,14000469,55,2,0,0.0
12,14000470,55,0,0,0.0
12,14000471,55,0,0,0.0
12,14000472,55,0,0,0.0
12,14000473,55,5,5,0.06880510471036495
12,14000474,55,0,0,0.0
12,14000475,55,0,0,0.0
12,14000476,55,0,0,0.0
12,14000477,55,0,0,0.0
12,14000478,55,0,0,0.0
12,14000479,55,0,0,0.0
12,14000480,55,9,6,0.024751841910312045
12,14000481,55,0,0,0.0
12,14000482,55,0,0,0.0
12,14000483,55,1,0,0.0
12,14000484,55,1,0,0.0
12,14000485,55,0,0,0.0
12,14000486,55,0,0,0.0
12,14000487,55,1,1,0.025213576937888976
12,14000488,55,2,0,0.0
12,14000489,55,0,0,0.0
12,14000490,55,2,0,0.0
12,14000491,55,0,0,0.0
12,14000492,55,0,0,0.0
12,14000493,55,0,0,0.0
12,14000494,55,0,0,0.0
12,14000495,55,2,0,0.0
12,14000496,55,0,0,0.0
12,14000497,55,0,0,0.0
12,14000498,55,0,0,0.0
12,14000499,55,0,0,0.0
12,14000500,55,5,2,0.00046632230358065185
12,14000501,55,4,0,0.0
12,14000502,55,5,2,0.00046632230358065185
12,14000503,55,1,0,0.0
12,14000504,55,0,0,0.0
12,14000505,55,3,3,0.04297126206331618
12,14000506,55,0,0,0.0
12,14000507,55,4,3,0.02035858546305626
12,14000508,55,5,0,0.0
12,14000509,55,0,0,0.0
12,14000510,55,0,0,0.0
12,14000511,55,1,0,0.0
12,14000512,55,2,1,0.0011094806256392586
12,14000513,55,0,0,0.0
12,14000514,55,2,2,0.01572383676872309
12,14000515,55,0,0,0.0
12,14000516,55,0,0,0.0
12,14000517,55,0,0,0.0
12,14000518,55,2,2,0.03845450553763416
12,14000519,55,0,0,0.0
12,14000520,55,0,0,0.0
12,14000521,55,0,0,0.0
12,14000522,55,1,1,0.0012536483760801215
12,14000523,55,0,0,0.0
12,14000524,55,0,0,0.0
12,14000525,55,0,0,0.0
12,14000526,55,1,0,0.0
12,14000527,55,0,0,0.0
12,14000528,55,0,0,0.0
12,14000529,55,1,0,0.0
12,14000530,55,0,0,0.0
12,14000531,55,0,0,0.0
12,14000532,55,6,1,0.0002135733371671361
12,14000533,55,0,0,0.0
12,14000534,55,0,0,0.0
12,14000535,55,1,0,0.0
12,14000536,55,0,0,0.0
12,14000537,55,0,0,0.0
12,14000538,55,5,1,0.001074711135834433
12,14000539,55,0,0,0.0
12,14000540,55,0,0,0.0
12,14000541,55,1,0,0.0
12,14000542,55,0,0,0.0
12,14000543,55,1,0,0.0
12,14000544,55,0,0,0.0
12,14000545,55,0,0,0.0
12,14000546,55,1,0,0.0
12,14000547,55,0,0,0.0
12,14000548,55,0,0,0.0
12,14000549,55,0,0,0.0
12,14000550,55,3,0,0.0
12,14000551,55,1,0,0.0
12,14000552,55,0,0,0.0
12,14000553,55,0,0,0.0
12,14000554,55,3,3,0.0016362345365672493
12,14000555,55,4,0,0.0
12,14000556,55,0,0,0.0
12,14000557,55,0,0,0.0
12,14000558,55,0,0,0.0
12,14000559,55,0,0,0.0
12,14000560,55,0,0,0.0
12,14000561,55,0,0,0.0
12,14000562,55,0,0,0.0
12,14000563,55,1,0,0.0
12,14000564,55,0,0,0.0
12,14000565,55,0,0,0.0
12,14000566,55,0,0,0.0
12,14000567,55,4,0,0.0
12,14000568,55,0,0,0.0
12,14000569,55,11,6,0.09178810524685538
12,14000570,55,0,0,0.0
12,14000571,55,1,0,0.0
12,14000572,55,0,0,0.0
12,14000573,55,3,0,0.0
12,14000574,55,0,0,0.0
12,14000575,55,1,0,0.0
12,14000576,55,0,0,0.0
12,14000577,55,0,0,0.0
12,14000578,55,0,0,0.0
12,14000579,55,0,0,0.0
12,14000580,55,0,0,0.0
12,14000581,55,0,0,0.0
12,14000582,55,0,0,0.0
12,14000583,55,0,0,0.0
12,14000584,55,0,0,0.0
12,14000585,55,0,0,0.0
12,14000586,55,1,0,0.0
12,14000587,55,0,0,0.0
12,14000588,55,0,0,0.0
12,14000589,55,4,0,0.0
12,14000590,55,4,2,0.004000838849136559
12,14000591,55,0,0,0.0
12,14000592,55,0,0,0.0
12,14000593,55,0,0,0.0
12,14000594,55,0,0,0.0
12,14000595,55,3,0,0.0
12,14000596,55,0,0,0.0
12,14000597,55,0,0,0.0
12,14000598,55,1,1,0.00015800581033359462
12,14000599,55,3,0,0.0
12,14000600,55,0,0,0.0
12,14000601,55,1,1,0.02670013093278298
12,14000602,55,0,0,0.0
12,14000603,55,0,0,0.0
12,14000604,55,0,0,0.0
12,14000605,55,0,0,0.0
12,14000606,55,5,2,0.00046632230358065185
12,14000607,55,1,1,0.00012831511067092072
12,14000608,55,1,0,0.0
12,14000609,55,2,0,0.0
12,14000610,55,1,0,0.0
12,14000611,55,0,0,0.0
12,14000612,55,0,0,0.0
12,14000613,55,0,0,0.0
12,14000614,55,0,0,0.0
12,14000615,55,0,0,0.0
12,14000616,55,0,0,0.0
12,14000617,55,4,0,0.0
12,14000618,55,0,0,0.0
12,14000619,55,2,0,0.0
12,14000620,55,0,0,0.0
12,14000621,55,5,0,0.0
12,14000622,55,1,0,0.0
12,14000623,55,0,0,0.0
12,14000624,55,0,0,0.0
12,14000625,55,0,0,0.0
12,14000626,55,2,1,0.023506639101148516
12,14000627,55,0,0,0.0
12,14000628,55,0,0,0.0
12,14000629,55,0,0,0.0
12,14000630,55,1,0,0.0
12,14000631,55,0,0,0.0
12,14000632,55,0,0,0.0
12,14000633,55,1,0,0.0
12,14000634,55,0,0,0.0
12,14000635,55,0,0,0.0
12,14000636,55,0,0,0.0
12,14000637,55,0,0,0.0
12,14000638,55,0,0,0.0
12,14000639,55,1,1,0.0167869529055443
12,14000640,55,1,1,0.021310541490994456
12,14000641,55,2,1,0.007037001018445593
12,14000642,55,0,0,0.0
12,14000643,55,0,0,0.0
12,14000644,55,0,0,0.0
12,14000645,55,0,0,0.0
12,14000646,55,0,0,0.0
12,14000647,55,0,0,0.0
12,14000648,55,0,0,0.0
12,14000649,55,3,0,0.0
12,14000650,55,2,0,0.0
12,14000651,55,2,1,0.0001423822247780815
12,14000652,55,0,0,0.0
12,14000653,55,0,0,0.0
12,14000654,55,0,0,0.0
12,14000655,55,3,3,0.04867112298349073
12,14000656,55,0,0,0.0
12,14000657,55,0,0,0.0
12,14000658,55,0,0,0.0
12,14000659,55,0,0,0.0
12,14000660,55,0,0,0.0
12,14000661,55,0,0,0.0
12,14000662,55,0,0,0.0
12,14000663,55,0,0,0.0
12,14000664,55,1,0,0.0
12,14000665,55,0,0,0.0
12,14000666,55,3,3,0.013437636709107123
12,14000667,55,0,0,0.0
12,14000668,55,3,0,0.0
12,14000669,55,0,0,0.0
12,14000670,55,1,0,0.0
12,14000671,55,1,1,0.008757907449878088
12,14000672,55,4,0,0.0
12,14000673,55,0,0,0.0
12,14000674,55,0,0,0.0
12,14000675,55,2,0,0.0
12,14000676,55,0,0,0.0
12,14000677,55,5,0,0.0
12,14000678,55,3,1,0.01431615341342593
12,14000679,55,1,0,0.0
12,14000680,55,0,0,0.0
12,14000681,55,2,0,0.0
12,14000682,55,0,0,0.0
12,14000683,55,0,0,0.0
12,14000684,55,1,0,0.0
12,14000685,55,0,0,0.0
12,14000686,55,0,0,0.0
12,14000687,55,0,0,0.0
12,14000688,55,0,0,0.0
12,14000689,55,0,0,0.0
12,14000690,55,1,0,0.0
12,14000691,55,0,0,0.0
12,14000692,55,0,0,0.0
12,14000693,55,1,0,0.0
12,14000694,55,0,0,0.0
12,14000695,55,0,0,0.0
12,14000696,55,0,0,0.0
12,14000697,55,0,0,0.0
12,14000698,55,0,0,0.0
12,14000699,55,1,0,0.0
12,14000700,55,5,2,0.00046632230358065185
12,14000701,55,0,0,0.0
12,14000702,55,1,0,0.0
12,14000703,55,0,0,0.0
12,14000704,55,3,0,0.0
12,14000705,55,0,0,0.0
12,14000706,55,1,0,0.0
12,14000707,55,5,4,0.022989120817449762
12,14000708,55,0,0,0.0
12,14000709,55,0,0,0.0
12,14000710,55,1,0,0.0
12,14000711,55,2,0,0.0
12,14000712,55,0,0,0.0
12,14000713,55,0,0,0.0
12,14000714,55,0,0,0.0
12,14000715,55,2,0,0.0
12,14000716,55,0,0,0.0
12,14000717,55,0,0,0.0
12,14000718,55,0,0,0.0
12,14000719,55,0,0,0.0
12,14000720,55,0,0,0.0
12,14000721,55,4,3,0.0007793975759391817
12,14000722,55,4,0,0.0
12,14000723,55,1,0,0.0
12,14000724,55,0,0,0.0
12,14000725,55,0,0,0.0
12,14000726,55,0,0,0.0
12,14000727,55,10,6,0.016269431785408944
12,14000728,55,2,0,0.0
12,14000729,55,0,0,0.0
12,14000730,55,2,0,0.0
12,14000731,55,0,0,0.0
12,14000732,55,0,0,0.0
12,14000733,55,5,0,0.0
12,14000734,55,2,0,0.0
12,14000735,55,0,0,0.0
12,14000736,55,0,0,0.0
12,14000737,55,0,0,0.0
12,14000738,55,0,0,0.0
12,14000739,55,0,0,0.0
12,14000740,55,1,0,0.0
12,14000741,55,0,0,0.0
12,14000742,55,1,1,0.00543987765727362
12,14000743,55,0,0,0.0
12,14000744,55,3,1,0.0008542933486685167
12,14000745,55,0,0,0.0
12,14000746,55,0,0,0.0
12,14000747,55,0,0,0.0
12,14000748,55,3,0,0.0
12,14000749,55,1,1,0.0019459617498841786
12,14000750,55,0,0,0.0
12,14000751,55,0,0,0.0
12,14000752,55,0,0,0.0
12,14000753,55,0,0,0.0
12,14000754,55,0,0,0.0
12,14000755,55,0,0,0.0
12,14000756,55,0,0,0.0
12,14000757,55,0,0,0.0
12,14000758,55,0,0,0.0
12,14000759,55,0,0,0.0
12,14000760,55,5,0,0.0
12,14000761,55,3,0,0.0
12,14000762,55,1,0,0.0
12,14000763,55,8,1,0.00025612238244730284
12,14000764,55,0,0,0.0
12,14000765,55,0,0,0.0
12,14000766,55,1,0,0.0
12,14000767,55,0,0,0.0
12,14000768,55,0,0,0.0
12,14000769,55,6,0,0.0
12,14000770,55,2,0,0.0
12,14000771,55,0,0,0.0
12,14000772,55,0,0,0.0
12,14000773,55,0,0,0.0
12,14000774,55,2,0,0.0
12,14000775,55,0,0,0.0
12,14000776,55,0,0,0.0
12,14000777,55,2,0,0.0
12,14000778,55,0,0,0.0
12,14000779,55,0,0,0.0
12,14000780,55,1,0,0.0
12,14000781,55,0,0,0.0
12,14000782,55,0,0,0.0
12,14000783,55,1,0,0.0
12,14000784,55,1,0,0.0
12,14000785,55,0,0,0.0
12,14000786,55,1,1,0.007445262411991546
12,14000787,55,0,0,0.0
12,14000788,55,0,0,0.0
12,14000789,55,0,0,0.0
12,14000790,55,1,0,0.0
12,14000791,55,0,0,0.0
12,14000792,55,0,0,0.0
12,14000793,55,0,0,0.0
12,14000794,55,0,0,0.0
12,14000795,55,0,0,0.0
12,14000796,55,6,1,0.0004271466743342653
12,14000797,55,0,0,0.0
12,14000798,55,0,0,0.0
12,14000799,55,0,0,0.0
12,14000800,55,1,0,0.0
12,14000801,55,1,0,0.0
12,14000802,55,0,0,0.0
12,14000803,55,0,0,0.0
12,14000804,55,0,0,0.0
12,14000805,55,0,0,0.0
12,14000806,55,2,0,0.0
12,14000807,55,0,0,0.0
12,14000808,55,0,0,0.0
12,14000809,55,1,1,0.0005033509190394136
12,14000810,55,0,0,0.0
12,14000811,55,0,0,0.0
12,14000812,55,0,0,0.0
12,14000813,55,0,0,0.0
12,14000814,55,1,1,0.03489389245468629
12,14000815,55,0,0,0.0
12,14000816,55,0,0,0.0
12,14000817,55,1,1,0.00015200185139534195
12,14000818,55,0,0,0.0
12,14000819,55,0,0,0.0
12,14000820,55,0,0,0.0
12,14000821,55,0,0,0.0
12,14000822,55,0,0,0.0
12,14000823,55,0,0,0.0
12,14000824,55,0,0,0.0
12,14000825,55,9,1,6.986590723659925e-05
12,14000826,55,4,0,0.0
12,14000827,55,0,0,0.0
12,14000828,55,7,0,0.0
12,14000829,55,5,2,0.00039850460722539664
12,14000830,55,0,0,0.0
12,14000831,55,4,0,0.0
12,14000832,55,0,0,0.0
12,14000833,55,0,0,0.0
12,14000834,55,0,0,0.0
12,14000835,55,2,0,0.0
12,14000836,55,0,0,0.0
12,14000837,55,2,0,0.0
12,14000838,55,6,1,0.0026809252927671168
12,14000839,55,0,0,0.0
12,14000840,55,0,0,0.0
12,14000841,55,0,0,0.0
12,14000842,55,0,0,0.0
12,14000843,55,0,0,0.0
12,14000844,55,5,0,0.0
12,14000845,55,1,0,0.0
12,14000846,55,0,0,0.0
12,14000847,55,5,1,0.01493871269976968
12,14000848,55,0,0,0.0
12,14000849,55,4,0,0.0
12,14000850,55,1,0,0.0
12,14000851,55,0,0,0.0
12,14000852,55,0,0,0.0
12,14000853,55,2,0,0.0
12,14000854,55,0,0,0.0
12,14000855,55,2,0,0.0
12,14000856,55,0,0,0.0
12,14000857,55,0,0,0.0
12,14000858,55,0,0,0.0
12,14000859,55,5,3,0.007865838259756869
12,14000860,55,5,0,0.0
12,14000861,55,5,2,0.00039850460722539664
12,14000862,55,0,0,0.0
12,14000863,55,0,0,0.0
12,14000864,55,0,0,0.0
12,14000865,55,0,0,0.0
12,14000866,55,9,0,0.0
12,14000867,55,0,0,0.0
12,14000868,55,0,0,0.0
12,14000869,55,0,0,0.0
12,14000870,55,3,0,0.0
12,14000871,55,2,2,0.003952615792667813
12,14000872,55,2,0,0.0
12,14000873,55,0,0,0.0
12,14000874,55,2,0,0.0
12,14000875,55,0,0,0.0
12,14000876,55,0,0,0.0
12,14000877,55,0,0,0.0
12,14000878,55,1,0,0.0
12,14000879,55,8,0,0.0
12,14000880,55,0,0,0.0
12,14000881,55,1,1,0.004994666507700404
12,14000882,55,0,0,0.0
12,14000883,55,3,0,0.0
12,14000884,55,0,0,0.0
12,14000885,55,0,0,0.0
12,14000886,55,1,1,0.007895778104623746
12,14000887,55,0,0,0.0
12,14000888,55,0,0,0.0
12,14000889,55,1,0,0.0
12,14000890,55,0,0,0.0
12,14000891,55,0,0,0.0
12,14000892,55,3,1,0.0007523840928995579
12,14000893,55,0,0,0.0
12,14000894,55,4,0,0.0
12,14000895,55,5,2,0.000826255244596927
12,14000896,55,0,0,0.0
12,14000897,55,2,0,0.0
12,14000898,55,0,0,0.0
12,14000899,55,0,0,0.0
12,14000900,55,1,0,0.0
12,14000901,55,0,0,0.0
12,14000902,55,0,0,0.0
12,14000903,55,3,0,0.0
12,14000904,55,0,0,0.0
12,14000905,55,0,0,0.0
12,14000906,55,3,3,0.02458218161545342
12,14000907,55,0,0,0.0
12,14000908,55,0,0,0.0
12,14000909,55,0,0,0.0
12,14000910,55,0,0,0.0
12,14000911,55,4,0,0.0
12,14000912,55,1,0,0.0
12,14000913,55,1,0,0.0
12,14000914,55,0,0,0.0
12,14000915,55,0,0,0.0
12,14000916,55,4,0,0.0
12,14000917,55,5,1,0.0023754863480145807
12,14000918,55,1,0,0.0
12,14000919,55,1,0,0.0
12,14000920,55,2,0,0.0
12,14000921,55,0,0,0.0
12,14000922,55,0,0,0.0
12,14000923,55,0,0,0.0
12,14000924,55,5,0,0.0
12,14000925,55,3,0,0.0
12,14000926,55,0,0,0.0
12,14000927,55,0,0,0.0
12,14000928,55,0,0,0.0
12,14000929,55,0,0,0.0
12,14000930,55,3,1,0.007037001018445663
12,14000931,55,0,0,0.0
12,14000932,55,2,2,0.008474713565965283
12,14000933,55,1,1,0.007037001018445635
12,14000934,55,1,0,0.0
12,14000935,55,0,0,0.0
12,14000936,55,0,0,0.0
12,14000937,55,0,0,0.0
12,14000938,55,3,0,0.0
12,14000939,55,0,0,0.0
12,14000940,55,0,0,0.0
12,14000941,55,0,0,0.0
12,14000942,55,0,0,0.0
12,14000943,55,0,0,0.0
12,14000944,55,0,0,0.0
12,14000945,55,0,0,0.0
12,14000946,55,0,0,0.0
12,14000947,55,0,0,0.0
12,14000948,55,0,0,0.0
12,14000949,55,0,0,0.0
12,14000950,55,4,0,0.0
12,14000951,55,2,0,0.0
12,14000952,55,0,0,0.0
12,14000953,55,3,1,0.0054767946730117645
12,14000954,55,0,0,0.0
12,14000955,55,5,3,0.09109283542869238
12,14000956,55,0,0,0.0
12,14000957,55,4,4,0.08448480603157166
12,14000958,55,0,0,0.0
12,14000959,55,0,0,0.0
12,14000960,55,4,0,0.0
12,14000961,55,0,0,0.0
12,14000962,55,3,0,0.0
12,14000963,55,0,0,0.0
12,14000964,55,0,0,0.0
12,14000965,55,0,0,0.0
12,14000966,55,0,0,0.0
12,14000967,55,0,0,0.0
12,14000968,55,0,0,0.0
12,14000969,55,1,0,0.0
12,14000970,55,0,0,0.0
12,14000971,55,1,0,0.0
12,14000972,55,0,0,0.0
12,14000973,55,0,0,0.0
12,14000974,55,0,0,0.0
12,14000975,55,0,0,0.0
12,14000976,55,1,0,0.0
12,14000977,55,0,0,0.0
12,14000978,55,3,0,0.0
12,14000979,55,0,0,0.0
12,14000980,55,0,0,0.0
12,14000981,55,1,0,0.0
12,14000982,55,0,0,0.0
12,14000983,55,0,0,0.0
12,14000984,55,0,0,0.0
12,14000985,55,1,0,0.0
12,14000986,55,7,0,0.0
12,14000987,55,0,0,0.0
12,14000988,55,0,0,0.0
12,14000989,55,0,0,0.0
12,14000990,55,0,0,0.0
12,14000991,55,0,0,0.0
12,14000992,55,0,0,0.0
12,14000993,55,0,0,0.0
12,14000994,55,0,0,0.0
12,14000995,55,0,0,0.0
12,14000996,55,4,0,0.0
12,14000997,55,0,0,0.0
12,14000998,55,3,0,0.0
12,14000999,55,0,0,0.0
12,14001000,55,0,0,0.0
12,14001001,55,1,0,0.0
12,14001002,55,0,0,0.0
12,14001003,55,0,0,0.0
12,14001004,55,1,0,0.0
12,14001005,55,0,0,0.0
12,14001006,55,2,0,0.0
12,14001007,55,3,0,0.0
12,14001008,55,3,0,0.0
12,14001009,55,0,0,0.0
12,14001010,55,18,3,0.0327608739684358
12,14001011,55,0,0,0.0
12,14001012,55,0,0,0.0
12,14001013,55,0,0,0.0
12,14001014,55,0,0,0.0
12,14001015,55,0,0,0.0
12,14001016,55,0,0,0.0
12,14001017,55,0,0,0.0
12,14001018,55,2,0,0.0
12,14001019,55,0,0,0.0
12,14001020,55,1,1,0.0751959484006295
12,14001021,55,4,1,6.986590723660757e-05
12,14001022,55,2,0,0.0
12,14001023,55,0,0,0.0
13,14000000,55,0,0,0.0
13,14000001,55,0,0,0.0
13,14000002,55,0,0,0.0
13,14000003,55,2,0,0.0
13,14000004,55,0,0,0.0
13,14000005,55,2,1,0.0055006526112170535
13,14000006,55,0,0,0.0
13,14000007,55,0,0,0.0
13,14000008,55,1,0,0.0
13,14000009,55,1,0,0.0
13,14000010,55,0,0,0.0
13,14000011,55,1,0,0.0
13,14000012,55,3,0,0.0
13,14000013,55,1,0,0.0
13,14000014,55,2,0,0.0
13,14000015,55,0,0,0.0
13,14000016,55,0,0,0.0
13,14000017,55,1,0,0.0
13,14000018,55,0,0,0.0
13,14000019,55,0,0,0.0
13,14000020,55,0,0,0.0
13,14000021,55,0,0,0.0
13,14000022,55,0,0,0.0
13,14000023,55,0,0,0.0
13,14000024,55,0,0,0.0
13,14000025,55,0,0,0.0
13,14000026,55,0,0,0.0
13,14000027,55,0,0,0.0
13,14000028,55,0,0,0.0
13,14000029,55,0,0,0.0
13,14000030,55,0,0,0.0
13,14000031,55,0,0,0.0
13,14000032,55,0,0,0.0
13,14000033,55,0,0,0.0
13,14000034,55,0,0,0.0
13,14000035,55,1,1,0.0011917158328213773
13,14000036,55,0,0,0.0
13,14000037,55,1,0,0.0
13,14000038,55,0,0,0.0
13,14000039,55,0,0,0.0
13,14000040,55,1,0,0.0
13,14000041,55,0,0,0.0
13,14000042,55,0,0,0.0
13,14000043,55,0,0,0.0
13,14000044,55,0,0,0.0
13,14000045,55,0,0,0.0
13,14000046,55,2,0,0.0
13,14000047,55,0,0,0.0
13,14000048,55,0,0,0.0
13,14000049,55,0,0,0.0
13,14000050,55,0,0,0.0
13,14000051,55,0,0,0.0
13,14000052,55,1,1,0.0003303314845513698
13,14000053,55,0,0,0.0
13,14000054,55,0,0,0.0
13,14000055,55,0,0,0.0
13,14000056,55,0,0,0.0
13,14000057,55,0,0,0.0
13,14000058,55,0,0,0.0
13,14000059,55,0,0,0.0
13,14000060,55,0,0,0.0
13,14000061,55,0,0,0.0
13,14000062,55,0,0,0.0
13,14000063,55,0,0,0.0
13,14000064,55,0,0,0.0
13,14000065,55,0,0,0.0
13,14000066,55,0,0,0.0
13,14000067,55,0,0,0.0
13,14000068,55,0,0,0.0
13,14000069,55,0,0,0.0
13,14000070,55,1,0,0.0
13,14000071,55,0,0,0.0
13,14000072,55,0,0,0.0
13,14000073,55,0,0,0.0
13,14000074,55,0,0,0.0
13,14000075,55,0,0,0.0
13,14000076,55,0,0,0.0
13,14000077,55,0,0,0.0
13,14000078,55,0,0,0.0
13,14000079,55,0,0,0.0
13,14000080,55,0,0,0.0
13,14000081,55,2,0,0.0
13,14000082,55,0,0,0.0
13,14000083,55,0,0,0.0
13,14000084,55,1,1,0.003543839450806621
13,14000085,55,0,0,0.0
13,14000086,55,0,0,0.0
13,14000087,55,1,0,0.0
13,14000088,55,0,0,0.0
13,14000089,55,0,0,0.0
13,14000090,55,0,0,0.0
13,14000091,55,0,0,0.0
13,14000092,55,0,0,0.0
13,14000093,55,0,0,0.0
13,14000094,55,0,0,0.0
13,14000095,55,0,0,0.0
13,14000096,55,0,0,0.0
13,14000097,55,0,0,0.0
13,14000098,55,0,0,0.0
13,14000099,55,0,0,0.0
13,14000100,55,0,0,0.0
13,14000101,55,2,0,0.0
13,14000102,55,4,0,0.0
13,14000103,55,0,0,0.0
13,14000104,55,0,0,0.0
13,14000105,55,0,0,0.0
13,14000106,55,0,0,0.0
13,14000107,55,0,0,0.0
13,14000108,55,0,0,0.0
13,14000109,55,4,0,0.0
13,14000110,55,0,0,0.0
13,14000111,55,0,0,0.0
13,14000112,55,0,0,0.0
13,14000113,55,0,0,0.0
13,14000114,55,0,0,0.0
13,14000115,55,0,0,0.0
13,14000116,55,0,0,0.0
13,14000117,55,0,0,0.0
13,14000118,55,0,0,0.0
13,14000119,55,0,0,0.0
13,14000120,55,0,0,0.0
13,14000121,55,0,0,0.0
13,14000122,55,0,0,0.0
13,14000123,55,0,0,0.0
13,14000124,55,0,0,0.0
13,14000125,55,3,0,0.0
13,14000126,55,0,0,0.0
13,14000127,55,0,0,0.0
13,14000128,55,0,0,0.0
13,14000129,55,0,0,0.0
13,14000130,55,0,0,0.0
13,14000131,55,0,0,0.0
13,14000132,55,0,0,0.0
13,14000133,55,0,0,0.0
13,14000134,55,0,0,0.0
13,14000135,55,0,0,0.0
13,14000136,55,0,0,0.0
13,14000137,55,0,0,0.0
13,14000138,55,0,0,0.0
13,14000139,55,0,0,0.0
13,14000140,55,3,0,0.0
13,14000141,55,1,1,0.0007284236729566407
13,14000142,55,0,0,0.0
13,14000143,55,0,0,0.0
13,14000144,55,0,0,0.0
13,14000145,55,1,0,0.0
13,14000146,55,0,0,0.0
13,14000147,55,1,0,0.0
13,14000148,55,0,0,0.0
13,14000149,55,4,1,0.00020548212777574126
13,14000150,55,2,0,0.0
13,14000151,55,0,0,0.0
13,14000152,55,0,0,0.0
13,14000153,55,1,1,0.00020548212777568575
13,14000154,55,2,0,0.0
13,14000155,55,4,1,0.00028476444955618147
13,14000156,55,0,0,0.0
13,14000157,55,0,0,0.0
13,14000158,55,0,0,0.0
13,14000159,55,0,0,0.0
13,14000160,55,0,0,0.0
13,14000161,55,0,0,0.0
13,14000162,55,0,0,0.0
13,14000163,55,0,0,0.0
13,14000164,55,0,0,0.0
13,14000165,55,0,0,0.0
13,14000166,55,0,0,0.0
13,14000167,55,0,0,0.0
13,14000168,55,0,0,0.0
13,14000169,55,0,0,0.0
13,14000170,55,3,0,0.0
13,14000171,55,0,0,0.0
13,14000172,55,0,0,0.0
13,14000173,55,0,0,0.0
13,14000174,55,0,0,0.0
13,14000175,55,0,0,0.0
13,14000176,55,0,0,0.0
13,14000177,55,0,0,0.0
13,14000178,55,0,0,0.0
13,14000179,55,0,0,0.0
13,14000180,55,0,0,0.0
13,14000181,55,0,0,0.0
13,14000182,55,0,0,0.0
13,14000183,55,0,0,0.0
13,14000184,55,0,0,0.0
13,14000185,55,0,0,0.0
13,14000186,55,5,1,0.001152550721012932
13,14000187,55,1,1,0.018538994993602648
13,14000188,55,0,0,0.0
13,14000189,55,1,0,0.0
13,14000190,55,0,0,0.0
13,14000191,55,0,0,0.0
13,14000192,55,0,0,0.0
13,14000193,55,0,0,0.0
13,14000194,55,0,0,0.0
13,14000195,55,0,0,0.0
13,14000196,55,0,0,0.0
13,14000197,55,0,0,0.0
13,14000198,55,0,0,0.0
13,14000199,55,0,0,0.0
13,14000200,55,0,0,0.0
13,14000201,55,0,0,0.0
13,14000202,55,0,0,0.0
13,14000203,55,0,0,0.0
13,14000204,55,0,0,0.0
13,14000205,55,0,0,0.0
13,14000206,55,0,0,0.0
13,14000207,55,0,0,0.0
13,14000208,55,0,0,0.0
13,14000209,55,0,0,0.0
13,14000210,55,0,0,0.0
13,14000211,55,0,0,0.0
13,14000212,55,0,0,0.0
13,14000213,55,0,0,0.0
13,14000214,55,0,0,0.0
13,14000215,55,3,1,0.0003303314845513698
13,14000216,55,0,0,0.0
13,14000217,55,0,0,0.0
13,14000218,55,1,1,0.001642599085237291
13,14000219,55,0,0,0.0
13,14000220,55,0,0,0.0
13,14000221,55,0,0,0.0
13,14000222,55,0,0,0.0
13,14000223,55,0,0,0.0
13,14000224,55,0,0,0.0
13,14000225,55,0,0,0.0
13,14000226,55,1,0,0.0
13,14000227,55,0,0,0.0
13,14000228,55,5,0,0.0
13,14000229,55,0,0,0.0
13,14000230,55,0,0,0.0
13,14000231,55,0,0,0.0
13,14000232,55,0,0,0.0
13,14000233,55,0,0,0.0
13,14000234,55,0,0,0.0
13,14000235,55,0,0,0.0
13,14000236,55,0,0,0.0
13,14000237,55,3,0,0.0
13,14000238,55,0,0,0.0
13,14000239,55,0,0,0.0
13,14000240,55,2,0,0.0
13,14000241,55,0,0,0.0
13,14000242,55,0,0,0.0
13,14000243,55,0,0,0.0
13,14000244,55,0,0,0.0
13,14000245,55,0,0,0.0
13,14000246,55,0,0,0.0
13,14000247,55,0,0,0.0
13,14000248,55,1,0,0.0
13,14000249,55,0,0,0.0
13,14000250,55,0,0,0.0
13,14000251,55,4,0,0.0
13,14000252,55,0,0,0.0
13,14000253,55,0,0,0.0
13,14000254,55,0,0,0.0
13,14000255,55,0,0,0.0
13,14000256,55,0,0,0.0
13,14000257,55,0,0,0.0
13,14000258,55,0,0,0.0
13,14000259,55,0,0,0.0
13,14000260,55,1,0,0.0
13,14000261,55,0,0,0.0
13,14000262,55,0,0,0.0
13,14000263,55,0,0,0.0
13,14000264,55,2,0,0.0
13,14000265,55,0,0,0.0
13,14000266,55,1,0,0.0
13,14000267,55,0,0,0.0
13,14000268,55,0,0,0.0
13,14000269,55,0,0,0.0
13,14000270,55,0,0,0.0
13,14000271,55,0,0,0.0
13,14000272,55,0,0,0.0
13,14000273,55,0,0,0.0
13,14000274,55,0,0,0.0
13,14000275,55,2,0,0.0
13,14000276,55,0,0,0.0
13,14000277,55,0,0,0.0
13,14000278,55,2,2,0.010580696061626704
13,14000279,55,0,0,0.0
13,14000280,55,1,0,0.0
13,14000281,55,0,0,0.0
13,14000282,55,0,0,0.0
13,14000283,55,0,0,0.0
13,14000284,55,0,0,0.0
13,14000285,55,0,0,0.0
13,14000286,55,0,0,0.0
13,14000287,55,0,0,0.0
13,14000288,55,0,0,0.0
13,14000289,55,0,0,0.0
13,14000290,55,3,0,0.0
13,14000291,55,0,0,0.0
13,14000292,55,0,0,0.0
13,14000293,55,0,0,0.0
13,14000294,55,0,0,0.0
13,14000295,55,0,0,0.0
13,14000296,55,0,0,0.0
13,14000297,55,0,0,0.0
13,14000298,55,0,0,0.0
13,14000299,55,1,0,0.0
13,14000300,55,0,0,0.0
13,14000301,55,0,0,0.0
13,14000302,55,0,0,0.0
13,14000303,55,0,0,0.0
13,14000304,55,0,0,0.0
13,14000305,55,0,0,0.0
13,14000306,55,0,0,0.0
13,14000307,55,1,0,0.0
13,14000308,55,0,0,0.0
13,14000309,55,1,0,0.0
13,14000310,55,6,1,0.001152550721012932
13,14000311,55,2,0,0.0
13,14000312,55,0,0,0.0
13,14000313,55,0,0,0.0
13,14000314,55,0,0,0.0
13,14000315,55,0,0,0.0
13,14000316,55,0,0,0.0
13,14000317,55,0,0,0.0
13,14000318,55,0,0,0.0
13,14000319,55,0,0,0.0
13,14000320,55,0,0,0.0
13,14000321,55,0,0,0.0
13,14000322,55,0,0,0.0
13,14000323,55,0,0,0.0
13,14000324,55,0,0,0.0
13,14000325,55,0,0,0.0
13,14000326,55,0,0,0.0
13,14000327,55,3,0,0.0
13,14000328,55,0,0,0.0
13,14000329,55,0,0,0.0
13,14000330,55,0,0,0.0
13,14000331,55,0,0,0.0
13,14000332,55,1,0,0.0
13,14000333,55,0,0,0.0
13,14000334,55,0,0,0.0
13,14000335,55,0,0,0.0
13,14000336,55,0,0,0.0
13,14000337,55,0,0,0.0
13,14000338,55,0,0,0.0
13,14000339,55,0,0,0.0
13,14000340,55,0,0,0.0
13,14000341,55,0,0,0.0
13,14000342,55,0,0,0.0
13,14000343,55,0,0,0.0
13,14000344,55,0,0,0.0
13,14000345,55,0,0,0.0
13,14000346,55,0,0,0.0
13,14000347,55,0,0,0.0
13,14000348,55,0,0,0.0
13,14000349,55,0,0,0.0
13,14000350,55,0,0,0.0
13,14000351,55,0,0,0.0
13,14000352,55,0,0,0.0
13,14000353,55,0,0,0.0
13,14000354,55,0,0,0.0
13,14000355,55,0,0,0.0
13,14000356,55,0,0,0.0
13,14000357,55,0,0,0.0
13,14000358,55,0,0,0.0
13,14000359,55,0,0,0.0
13,14000360,55,2,0,0.0
13,14000361,55,0,0,0.0
13,14000362,55,0,0,0.0
13,14000363,55,0,0,0.0
13,14000364,55,0,0,0.0
13,14000365,55,0,0,0.0
13,14000366,55,6,0,0.0
13,14000367,55,4,1,3.1626557116304355e-05
13,14000368,55,0,0,0.0
13,14000369,55,0,0,0.0
13,14000370,55,2,0,0.0
13,14000371,55,0,0,0.0
13,14000372,55,0,0,0.0
13,14000373,55,3,0,0.0
13,14000374,55,0,0,0.0
13,14000375,55,0,0,0.0
13,14000376,55,0,0,0.0
13,14000377,55,5,0,0.0
13,14000378,55,0,0,0.0
13,14000379,55,0,0,0.0
13,14000380,55,0,0,0.0
13,14000381,55,2,2,0.03439459679751361
13,14000382,55,0,0,0.0
13,14000383,55,0,0,0.0
13,14000384,55,0,0,0.0
13,14000385,55,0,0,0.0
13,14000386,55,0,0,0.0
13,14000387,55,0,0,0.0
13,14000388,55,0,0,0.0
13,14000389,55,0,0,0.0
13,14000390,55,0,0,0.0
13,14000391,55,0,0,0.0
13,14000392,55,0,0,0.0
13,14000393,55,0,0,0.0
13,14000394,55,1,0,0.0
13,14000395,55,0,0,0.0
13,14000396,55,0,0,0.0
13,14000397,55,0,0,0.0
13,14000398,55,3,0,0.0
13,14000399,55,0,0,0.0
13,14000400,55,0,0,0.0
13,14000401,55,0,0,0.0
13,14000402,55,0,0,0.0
13,14000403,55,0,0,0.0
13,14000404,55,0,0,0.0
13,14000405,55,0,0,0.0
13,14000406,55,0,0,0.0
13,14000407,55,0,0,0.0
13,14000408,55,0,0,0.0
13,14000409,55,0,0,0.0
13,14000410,55,0,0,0.0
13,14000411,55,0,0,0.0
13,14000412,55,1,0,0.0
13,14000413,55,0,0,0.0
13,14000414,55,0,0,0.0
13,14000415,55,0,0,0.0
13,14000416,55,0,0,0.0
13,14000417,55,3,2,0.0031593947906944503
13,14000418,55,0,0,0.0
13,14000419,55,0,0,0.0
13,14000420,55,0,0,0.0
13,14000421,55,0,0,0.0
13,14000422,55,0,0,0.0
13,14000423,55,0,0,0.0
13,14000424,55,0,0,0.0
13,14000425,55,0,0,0.0
13,14000426,55,0,0,0.0
13,14000427,55,0,0,0.0
13,14000428,55,0,0,0.0
13,14000429,55,1,0,0.0
13,14000430,55,0,0,0.0
13,14000431,55,0,0,0.0
13,14000432,55,1,0,0.0
13,14000433,55,0,0,0.0
13,14000434,55,0,0,0.0
13,14000435,55,0,0,0.0
13,14000436,55,0,0,0.0
13,14000437,55,0,0,0.0
13,14000438,55,0,0,0.0
13,14000439,55,2,2,0.004288386381839704
13,14000440,55,0,0,0.0
13,14000441,55,2,0,0.0
13,14000442,55,0,0,0.0
13,14000443,55,0,0,0.0
13,14000444,55,1,1,0.005496712914998897
13,14000445,55,1,0,0.0
13,14000446,55,2,0,0.0
13,14000447,55,0,0,0.0
13,14000448,55,0,0,0.0
13,14000449,55,0,0,0.0
13,14000450,55,0,0,0.0
13,14000451,55,0,0,0.0
13,14000452,55,0,0,0.0
13,14000453,55,0,0,0.0
13,14000454,55,0,0,0.0
13,14000455,55,0,0,0.0
13,14000456,55,0,0,0.0
13,14000457,55,0,0,0.0
13,14000458,55,0,0,0.0
13,14000459,55,0,0,0.0
13,14000460,55,0,0,0.0
13,14000461,55,0,0,0.0
13,14000462,55,0,0,0.0
13,14000463,55,0,0,0.0
13,14000464,55,0,0,0.0
13,14000465,55,0,0,0.0
13,14000466,55,0,0,0.0
13,14000467,55,0,0,0.0
13,14000468,55,0,0,0.0
13,14000469,55,0,0,0.0
13,14000470,55,0,0,0.0
13,14000471,55,0,0,0.0
13,14000472,55,0,0,0.0
13,14000473,55,0,0,0.0
13,14000474,55,0,0,0.0
13,14000475,55,0,0,0.0
13,14000476,55,0,0,0.0
13,14000477,55,0,0,0.0
13,14000478,55,0,0,0.0
13,14000479,55,0,0,0.0
13,14000480,55,2,1,0.0008542933486685306
13,14000481,55,0,0,0.0
13,14000482,55,0,0,0.0
13,14000483,55,0,0,0.0
13,14000484,55,0,0,0.0
13,14000485,55,0,0,0.0
13,14000486,55,0,0,0.0
13,14000487,55,0,0,0.0
13,14000488,55,0,0,0.0
13,14000489,55,0,0,0.0
13,14000490,55,0,0,0.0
13,14000491,55,1,0,0.0
13,14000492,55,0,0,0.0
13,14000493,55,0,0,0.0
13,14000494,55,0,0,0.0
13,14000495,55,0,0,0.0
13,14000496,55,0,0,0.0
13,14000497,55,0,0,0.0
13,14000498,55,0,0,0.0
13,14000499,55,0,0,0.0
13,14000500,55,3,0,0.0
13,14000501,55,3,0,0.0
13,14000502,55,0,0,0.0
13,14000503,55,0,0,0.0
13,14000504,55,0,0,0.0
13,14000505,55,0,0,0.0
13,14000506,55,0,0,0.0
13,14000507,55,1,1,0.0025144083693336844
13,14000508,55,0,0,0.0
13,14000509,55,0,0,0.0
13,14000510,55,0,0,0.0
13,14000511,55,0,0,0.0
13,14000512,55,0,0,0.0
13,14000513,55,0,0,0.0
13,14000514,55,0,0,0.0
13,14000515,55,0,0,0.0
13,14000516,55,0,0,0.0
13,14000517,55,0,0,0.0
13,14000518,55,0,0,0.0
13,14000519,55,0,0,0.0
13,14000520,55,0,0,0.0
13,14000521,55,0,0,0.0
13,14000522,55,1,0,0.0
13,14000523,55,0,0,0.0
13,14000524,55,0,0,0.0
13,14000525,55,0,0,0.0
13,14000526,55,0,0,0.0
13,14000527,55,0,0,0.0
13,14000528,55,0,0,0.0
13,14000529,55,0,0,0.0
13,14000530,55,0,0,0.0
13,14000531,55,0,0,0.0
13,14000532,55,4,0,0.0
13,14000533,55,0,0,0.0
13,14000534,55,0,0,0.0
13,14000535,55,0,0,0.0
13,14000536,55,0,0,0.0
13,14000537,55,0,0,0.0
13,14000538,55,0,0,0.0
13,14000539,55,0,0,0.0
13,14000540,55,0,0,0.0
13,14000541,55,0,0,0.0
13,14000542,55,1,0,0.0
13,14000543,55,5,0,0.0
13,14000544,55,3,0,0.0
13,14000545,55,0,0,0.0
13,14000546,55,3,2,0.006920435741462551
13,14000547,55,0,0,0.0
13,14000548,55,0,0,0.0
13,14000549,55,0,0,0.0
13,14000550,55,0,0,0.0
13,14000551,55,0,0,0.0
13,14000552,55,0,0,0.0
13,14000553,55,0,0,0.0
13,14000554,55,0,0,0.0
13,14000555,55,0,0,0.0
13,14000556,55,0,0,0.0
13,14000557,55,0,0,0.0
13,14000558,55,0,0,0.0
13,14000559,55,0,0,0.0
13,14000560,55,0,0,0.0
13,14000561,55,0,0,0.0
13,14000562,55,0,0,0.0
13,14000563,55,0,0,0.0
13,14000564,55,0,0,0.0
13,14000565,55,0,0,0.0
13,14000566,55,0,0,0.0
13,14000567,55,0,0,0.0
13,14000568,55,0,0,0.0
13,14000569,55,0,0,0.0
13,14000570,55,0,0,0.0
13,14000571,55,0,0,0.0
13,14000572,55,0,0,0.0
13,14000573,55,1,0,0.0
13,14000574,55,0,0,0.0
13,14000575,55,0,0,0.0
13,14000576,55,0,0,0.0
13,14000577,55,0,0,0.0
13,14000578,55,0,0,0.0
13,14000579,55,0,0,0.0
13,14000580,55,0,0,0.0
13,14000581,55,1,1,0.0004954972268270963
13,14000582,55,0,0,0.0
13,14000583,55,0,0,0.0
13,14000584,55,0,0,0.0
13,14000585,55,0,0,0.0
13,14000586,55,0,0,0.0
13,14000587,55,4,3,0.02250779730814735
13,14000588,55,0,0,0.0
13,14000589,55,0,0,0.0
13,14000590,55,1,1,0.004919178492436629
13,14000591,55,0,0,0.0
13,14000592,55,0,0,0.0
13,14000593,55,0,0,0.0
13,14000594,55,0,0,0.0
13,14000595,55,0,0,0.0
13,14000596,55,0,0,0.0
13,14000597,55,0,0,0.0
13,14000598,55,0,0,0.0
13,14000599,55,0,0,0.0
13,14000600,55,0,0,0.0
13,14000601,55,0,0,0.0
13,14000602,55,1,0,0.0
13,14000603,55,0,0,0.0
13,14000604,55,0,0,0.0
13,14000605,55,0,0,0.0
13,14000606,55,5,1,0.00028476444955618147
13,14000607,55,0,0,0.0
13,14000608,55,2,0,0.0
13,14000609,55,1,0,0.0
13,14000610,55,0,0,0.0
13,14000611,55,0,0,0.0
13,14000612,55,0,0,0.0
13,14000613,55,0,0,0.0
13,14000614,55,0,0,0.0
13,14000615,55,0,0,0.0
13,14000616,55,2,0,0.0
13,14000617,55,0,0,0.0
13,14000618,55,0,0,0.0
13,14000619,55,0,0,0.0
13,14000620,55,4,0,0.0
13,14000621,55,2,0,0.0
13,14000622,55,1,0,0.0
13,14000623,55,0,0,0.0
13,14000624,55,0,0,0.0
13,14000625,55,0,0,0.0
13,14000626,55,0,0,0.0
13,14000627,55,0,0,0.0
13,14000628,55,1,0,0.0
13,14000629,55,0,0,0.0
13,14000630,55,0,0,0.0
13,14000631,55,0,0,0.0
13,14000632,55,2,1,0.0004954972268270963
13,14000633,55,0,0,0.0
13,14000634,55,0,0,0.0
13,14000635,55,0,0,0.0
13,14000636,55,0,0,0.0
13,14000637,55,0,0,0.0
13,14000638,55,0,0,0.0
13,14000639,55,0,0,0.0
13,14000640,55,3,0,0.0
13,14000641,55,0,0,0.0
13,14000642,55,0,0,0.0
13,14000643,55,0,0,0.0
13,14000644,55,0,0,0.0
13,14000645,55,0,0,0.0
13,14000646,55,0,0,0.0
13,14000647,55,0,0,0.0
13,14000648,55,0,0,0.0
13,14000649,55,1,0,0.0
13,14000650,55,0,0,0.0
13,14000651,55,0,0,0.0
13,14000652,55,0,0,0.0
13,14000653,55,0,0,0.0
13,14000654,55,0,0,0.0
13,14000655,55,0,0,0.0
13,14000656,55,0,0,0.0
13,14000657,55,0,0,0.0
13,14000658,55,0,0,0.0
13,14000659,55,1,0,0.0
13,14000660,55,0,0,0.0
13,14000661,55,0,0,0.0
13,14000662,55,0,0,0.0
13,14000663,55,0,0,0.0
13,14000664,55,0,0,0.0
13,14000665,55,0,0,0.0
13,14000666,55,0,0,0.0
13,14000667,55,0,0,0.0
13,14000668,55,0,0,0.0
13,14000669,55,0,0,0.0
13,14000670,55,1,0,0.0
13,14000671,55,0,0,0.0
13,14000672,55,0,0,0.0
13,14000673,55,0,0,0.0
13,14000674,55,0,0,0.0
13,14000675,55,0,0,0.0
13,14000676,55,0,0,0.0
13,14000677,55,0,0,0.0
13,14000678,55,0,0,0.0
13,14000679,55,0,0,0.0
13,14000680,55,0,0,0.0
13,14000681,55,0,0,0.0
13,14000682,55,1,0,0.0
13,14000683,55,0,0,0.0
13,14000684,55,0,0,0.0
13,14000685,55,1,1,0.0035438394508065657
13,14000686,55,0,0,0.0
13,14000687,55,0,0,0.0
13,14000688,55,0,0,0.0
13,14000689,55,1,0,0.0
13,14000690,55,0,0,0.0
13,14000691,55,0,0,0.0
13,14000692,55,0,0,0.0
13,14000693,55,0,0,0.0
13,14000694,55,0,0,0.0
13,14000695,55,0,0,0.0
13,14000696,55,0,0,0.0
13,14000697,55,0,0,0.0
13,14000698,55,0,0,0.0
13,14000699,55,0,0,0.0
13,14000700,55,5,1,0.00028476444955618147
13,14000701,55,0,0,0.0
13,14000702,55,0,0,0.0
13,14000703,55,0,0,0.0
13,14000704,55,0,0,0.0
13,14000705,55,0,0,0.0
13,14000706,55,0,0,0.0
13,14000707,55,0,0,0.0
13,14000708,55,0,0,0.0
13,14000709,55,0,0,0.0
13,14000710,55,1,0,0.0
13,14000711,55,0,0,0.0
13,14000712,55,0,0,0.0
13,14000713,55,0,0,0.0
13,14000714,55,0,0,0.0
13,14000715,55,0,0,0.0
13,14000716,55,0,0,0.0
13,14000717,55,0,0,0.0
13,14000718,55,0,0,0.0
13,14000719,55,0,0,0.0
13,14000720,55,0,0,0.0
13,14000721,55,0,0,0.0
13,14000722,55,1,0,0.0
13,14000723,55,0,0,0.0
13,14000724,55,0,0,0.0
13,14000725,55,0,0,0.0
13,14000726,55,0,0,0.0
13,14000727,55,0,0,0.0
13,14000728,55,2,0,0.0
13,14000729,55,0,0,0.0
13,14000730,55,0,0,0.0
13,14000731,55,0,0,0.0
13,14000732,55,1,0,0.0
13,14000733,55,0,0,0.0
13,14000734,55,2,0,0.0
13,14000735,55,0,0,0.0
13,14000736,55,0,0,0.0
13,14000737,55,0,0,0.0
13,14000738,55,0,0,0.0
13,14000739,55,0,0,0.0
13,14000740,55,0,0,0.0
13,14000741,55,0,0,0.0
13,14000742,55,0,0,0.0
13,14000743,55,0,0,0.0
13,14000744,55,1,0,0.0
13,14000745,55,0,0,0.0
13,14000746,55,0,0,0.0
13,14000747,55,0,0,0.0
13,14000748,55,0,0,0.0
13,14000749,55,0,0,0.0
13,14000750,55,0,0,0.0
13,14000751,55,0,0,0.0
13,14000752,55,3,2,0.0025898658915819626
13,14000753,55,0,0,0.0
13,14000754,55,0,0,0.0
13,14000755,55,0,0,0.0
13,14000756,55,1,0,0.0
13,14000757,55,0,0,0.0
13,14000758,55,0,0,0.0
13,14000759,55,0,0,0.0
13,14000760,55,0,0,0.0
13,14000761,55,0,0,0.0
13,14000762,55,0,0,0.0
13,14000763,55,0,0,0.0
13,14000764,55,0,0,0.0
13,14000765,55,0,0,0.0
13,14000766,55,0,0,0.0
13,14000767,55,0,0,0.0
13,14000768,55,0,0,0.0
13,14000769,55,3,3,0.010288574449523233
13,14000770,55,0,0,0.0
13,14000771,55,0,0,0.0
13,14000772,55,0,0,0.0
13,14000773,55,0,0,0.0
13,14000774,55,1,0,0.0
13,14000775,55,2,0,0.0
13,14000776,55,3,0,0.0
13,14000777,55,1,0,0.0
13,14000778,55,0,0,0.0
13,14000779,55,0,0,0.0
13,14000780,55,0,0,0.0
13,14000781,55,2,1,0.00028476444955618147
13,14000782,55,0,0,0.0
13,14000783,55,0,0,0.0
13,14000784,55,0,0,0.0
13,14000785,55,0,0,0.0
13,14000786,55,0,0,0.0
13,14000787,55,0,0,0.0
13,14000788,55,1,0,0.0
13,14000789,55,0,0,0.0
13,14000790,55,0,0,0.0
13,14000791,55,0,0,0.0
13,14000792,55,0,0,0.0
13,14000793,55,0,0,0.0
13,14000794,55,0,0,0.0
13,14000795,55,0,0,0.0
13,14000796,55,1,1,0.0008542933486685306
13,14000797,55,2,1,0.00015460124777028073
13,14000798,55,0,0,0.0
13,14000799,55,0,0,0.0
13,14000800,55,2,0,0.0
13,14000801,55,0,0,0.0
13,14000802,55,0,0,0.0
13,14000803,55,0,0,0.0
13,14000804,55,0,0,0.0
13,14000805,55,0,0,0.0
13,14000806,55,0,0,0.0
13,14000807,55,0,0,0.0
13,14000808,55,0,0,0.0
13,14000809,55,0,0,0.0
13,14000810,55,0,0,0.0
13,14000811,55,0,0,0.0
13,14000812,55,0,0,0.0
13,14000813,55,0,0,0.0
13,14000814,55,0,0,0.0
13,14000815,55,1,0,0.0
13,14000816,55,0,0,0.0
13,14000817,55,5,0,0.0
13,14000818,55,0,0,0.0
13,14000819,55,0,0,0.0
13,14000820,55,0,0,0.0
13,14000821,55,0,0,0.0
13,14000822,55,0,0,0.0
13,14000823,55,0,0,0.0
13,14000824,55,0,0,0.0
13,14000825,55,0,0,0.0
13,14000826,55,3,3,0.0050613914011722605
13,14000827,55,0,0,0.0
13,14000828,55,0,0,0.0
13,14000829,55,0,0,0.0
13,14000830,55,0,0,0.0
13,14000831,55,0,0,0.0
13,14000832,55,0,0,0.0
13,14000833,55,0,0,0.0
13,14000834,55,0,0,0.0
13,14000835,55,8,0,0.0
13,14000836,55,1,0,0.0
13,14000837,55,0,0,0.0
13,14000838,55,1,0,0.0
13,14000839,55,0,0,0.0
13,14000840,55,0,0,0.0
13,14000841,55,0,0,0.0
13,14000842,55,0,0,0.0
13,14000843,55,0,0,0.0
13,14000844,55,2,0,0.0
13,14000845,55,3,1,0.0015827531106135662
13,14000846,55,0,0,0.0
13,14000847,55,3,1,0.0004980434329435734
13,14000848,55,1,0,0.0
13,14000849,55,3,0,0.0
13,14000850,55,0,0,0.0
13,14000851,55,0,0,0.0
13,14000852,55,0,0,0.0
13,14000853,55,0,0,0.0
13,14000854,55,0,0,0.0
13,14000855,55,1,0,0.0
13,14000856,55,0,0,0.0
13,14000857,55,0,0,0.0
13,14000858,55,0,0,0.0
13,14000859,55,0,0,0.0
13,14000860,55,0,0,0.0
13,14000861,55,3,1,0.0008542933486685583
13,14000862,55,2,0,0.0
13,14000863,55,0,0,0.0
13,14000864,55,3,0,0.0
13,14000865,55,0,0,0.0
13,14000866,55,0,0,0.0
13,14000867,55,0,0,0.0
13,14000868,55,0,0,0.0
13,14000869,55,0,0,0.0
13,14000870,55,0,0,0.0
13,14000871,55,4,0,0.0
13,14000872,55,2,1,0.0003303314845513698
13,14000873,55,0,0,0.0
13,14000874,55,0,0,0.0
13,14000875,55,0,0,0.0
13,14000876,55,0,0,0.0
13,14000877,55,0,0,0.0
13,14000878,55,2,0,0.0
13,14000879,55,0,0,0.0
13,14000880,55,0,0,0.0
13,14000881,55,0,0,0.0
13,14000882,55,0,0,0.0
13,14000883,55,3,0,0.0
13,14000884,55,0,0,0.0
13,14000885,55,0,0,0.0
13,14000886,55,0,0,0.0
13,14000887,55,0,0,0.0
13,14000888,55,3,0,0.0
13,14000889,55,2,0,0.0
13,14000890,55,0,0,0.0
13,14000891,55,0,0,0.0
13,14000892,55,0,0,0.0
13,14000893,55,0,0,0.0
13,14000894,55,0,0,0.0
13,14000895,55,2,0,0.0
13,14000896,55,0,0,0.0
13,14000897,55,0,0,0.0
13,14000898,55,0,0,0.0
13,14000899,55,0,0,0.0
13,14000900,55,0,0,0.0
13,14000901,55,0,0,0.0
13,14000902,55,0,0,0.0
13,14000903,55,0,0,0.0
13,14000904,55,0,0,0.0
13,14000905,55,0,0,0.0
13,14000906,55,0,0,0.0
13,14000907,55,0,0,0.0
13,14000908,55,0,0,0.0
13,14000909,55,0,0,0.0
13,14000910,55,0,0,0.0
13,14000911,55,0,0,0.0
13,14000912,55,0,0,0.0
13,14000913,55,0,0,0.0
13,14000914,55,0,0,0.0
13,14000915,55,0,0,0.0
13,14000916,55,2,0,0.0
13,14000917,55,0,0,0.0
13,14000918,55,0,0,0.0
13,14000919,55,0,0,0.0
13,14000920,55,0,0,0.0
13,14000921,55,0,0,0.0
13,14000922,55,0,0,0.0
13,14000923,55,0,0,0.0
13,14000924,55,0,0,0.0
13,14000925,55,0,0,0.0
13,14000926,55,0,0,0.0
13,14000927,55,0,0,0.0
13,14000928,55,0,0,0.0
13,14000929,55,0,0,0.0
13,14000930,55,1,1,0.007037001018445663
13,14000931,55,0,0,0.0
13,14000932,55,3,0,0.0
13,14000933,55,1,1,0.007037001018445635
13,14000934,55,0,0,0.0
13,14000935,55,0,0,0.0
13,14000936,55,0,0,0.0
13,14000937,55,0,0,0.0
13,14000938,55,2,0,0.0
13,14000939,55,0,0,0.0
13,14000940,55,0,0,0.0
13,14000941,55,0,0,0.0
13,14000942,55,1,0,0.0
13,14000943,55,0,0,0.0
13,14000944,55,0,0,0.0
13,14000945,55,0,0,0.0
13,14000946,55,0,0,0.0
13,14000947,55,0,0,0.0
13,14000948,55,0,0,0.0
13,14000949,55,2,0,0.0
13,14000950,55,7,0,0.0
13,14000951,55,0,0,0.0
13,14000952,55,0,0,0.0
13,14000953,55,0,0,0.0
13,14000954,55,0,0,0.0
13,14000955,55,0,0,0.0
13,14000956,55,0,0,0.0
13,14000957,55,0,0,0.0
13,14000958,55,0,0,0.0
13,14000959,55,0,0,0.0
13,14000960,55,0,0,0.0
13,14000961,55,0,0,0.0
13,14000962,55,0,0,0.0
13,14000963,55,0,0,0.0
13,14000964,55,0,0,0.0
13,14000965,55,0,0,0.0
13,14000966,55,0,0,0.0
13,14000967,55,0,0,0.0
13,14000968,55,0,0,0.0
13,14000969,55,1,0,0.0
13,14000970,55,0,0,0.0
13,14000971,55,0,0,0.0
13,14000972,55,0,0,0.0
13,14000973,55,0,0,0.0
13,14000974,55,0,0,0.0
13,14000975,55,0,0,0.0
13,14000976,55,0,0,0.0
13,14000977,55,0,0,0.0
13,14000978,55,0,0,0.0
13,14000979,55,0,0,0.0
13,14000980,55,0,0,0.0
13,14000981,55,0,0,0.0
13,14000982,55,0,0,0.0
13,14000983,55,0,0,0.0
13,14000984,55,0,0,0.0
13,14000985,55,0,0,0.0
13,14000986,55,0,0,0.0
13,14000987,55,0,0,0.0
13,14000988,55,0,0,0.0
13,14000989,55,0,0,0.0
13,14000990,55,0,0,0.0
13,14000991,55,1,0,0.0
13,14000992,55,0,0,0.0
13,14000993,55,0,0,0.0
13,14000994,55,0,0,0.0
13,14000995,55,0,0,0.0
13,14000996,55,0,0,0.0
13,14000997,55,0,0,0.0
13,14000998,55,3,0,0.0
13,14000999,55,0,0,0.0
13,14001000,55,0,0,0.0
13,14001001,55,0,0,0.0
13,14001002,55,0,0,0.0
13,14001003,55,0,0,0.0
13,14001004,55,0,0,0.0
13,14001005,55,0,0,0.0
13,14001006,55,1,0,0.0
13,14001007,55,1,0,0.0
13,14001008,55,0,0,0.0
13,14001009,55,1,0,0.0
13,14001010,55,0,0,0.0
13,14001011,55,1,0,0.0
13,14001012,55,0,0,0.0
13,14001013,55,1,0,0.0
13,14001014,55,0,0,0.0
13,14001015,55,0,0,0.0
13,14001016,55,0,0,0.0
13,14001017,55,0,0,0.0
13,14001018,55,0,0,0.0
13,14001019,55,0,0,0.0
13,14001020,55,0,0,0.0
13,14001021,55,0,0,0.0
13,14001022,55,0,0,0.0
13,14001023,55,0,0,0.0
14,14000000,55,11,0,0.0
14,14000001,55,9,0,0.0
14,14000002,55,9,0,0.0
14,14000003,55,8,0,0.0
14,14000004,55,13,0,0.0
14,14000005,55,9,0,0.0
14,14000006,55,11,0,0.0
14,14000007,55,12,0,0.0
14,14000008,55,7,0,0.0
14,14000009,55,16,0,0.0
14,14000010,55,8,0,0.0
14,14000011,55,9,0,0.0
14,14000012,55,12,0,0.0
14,14000013,55,8,0,0.0
14,14000014,55,13,0,0.0
14,14000015,55,12,0,0.0
14,14000016,55,12,0,0.0
14,14000017,55,11,0,0.0
14,14000018,55,14,1,0.011031397487562142
14,14000019,55,13,0,0.0
14,14000020,55,7,2,0.016733536575585878
14,14000021,55,18,0,0.0
14,14000022,55,12,0,0.0
14,14000023,55,7,0,0.0
14,14000024,55,15,0,0.0
14,14000025,55,7,0,0.0
14,14000026,55,9,0,0.0
14,14000027,55,10,0,0.0
14,14000028,55,12,0,0.0
14,14000029,55,8,0,0.0
14,14000030,55,10,0,0.0
14,14000031,55,6,0,0.0
14,14000032,55,5,0,0.0
14,14000033,55,6,0,0.0
14,14000034,55,15,0,0.0
14,14000035,55,10,0,0.0
14,14000036,55,3,0,0.0
14,14000037,55,13,0,0.0
14,14000038,55,12,0,0.0
14,14000039,55,1,0,0.0
14,14000040,55,14,0,0.0
14,14000041,55,8,0,0.0
14,14000042,55,11,0,0.0
14,14000043,55,9,0,0.0
14,14000044,55,12,0,0.0
14,14000045,55,9,0,0.0
14,14000046,55,13,0,0.0
14,14000047,55,12,0,0.0
14,14000048,55,1,0,0.0
14,14000049,55,10,0,0.0
14,14000050,55,3,0,0.0
14,14000051,55,17,0,0.0
14,14000052,55,11,0,0.0
14,14000053,55,3,0,0.0
14,14000054,55,10,0,0.0
14,14000055,55,12,0,0.0
14,14000056,55,11,0,0.0
14,14000057,55,6,0,0.0
14,14000058,55,8,0,0.0
14,14000059,55,11,0,0.0
14,14000060,55,9,0,0.0
14,14000061,55,10,0,0.0
14,14000062,55,12,0,0.0
14,14000063,55,12,0,0.0
14,14000064,55,11,0,0.0
14,14000065,55,12,0,0.0
14,14000066,55,8,0,0.0
14,14000067,55,5,0,0.0
14,14000068,55,10,0,0.0
14,14000069,55,12,0,0.0
14,14000070,55,11,0,0.0
14,14000071,55,14,0,0.0
14,14000072,55,16,0,0.0
14,14000073,55,12,0,0.0
14,14000074,55,11,0,0.0
14,14000075,55,11,0,0.0
14,14000076,55,11,0,0.0
14,14000077,55,7,0,0.0
14,14000078,55,9,0,0.0
14,14000079,55,14,0,0.0
14,14000080,55,9,0,0.0
14,14000081,55,9,0,0.0
14,14000082,55,8,0,0.0
14,14000083,55,8,0,0.0
14,14000084,55,13,0,0.0
14,14000085,55,8,0,0.0
14,14000086,55,12,0,0.0
14,14000087,55,12,2,0.00020223058848142794
14,14000088,55,11,0,0.0
14,14000089,55,12,0,0.0
14,14000090,55,10,0,0.0
14,14000091,55,8,0,0.0
14,14000092,55,10,0,0.0
14,14000093,55,9,0,0.0
14,14000094,55,8,0,0.0
14,14000095,55,7,0,0.0
14,14000096,55,14,0,0.0
14,14000097,55,8,0,0.0
14,14000098,55,13,0,0.0
14,14000099,55,11,0,0.0
14,14000100,55,10,0,0.0
14,14000101,55,6,0,0.0
14,14000102,55,12,1,0.03784416860445809
14,14000103,55,9,0,0.0
14,14000104,55,9,0,0.0
14,14000105,55,15,0,0.0
14,14000106,55,15,0,0.0
14,14000107,55,10,0,0.0
14,14000108,55,0,0,0.0
14,14000109,55,13,0,0.0
14,14000110,55,1,0,0.0
14,14000111,55,10,0,0.0
14,14000112,55,10,0,0.0
14,14000113,55,13,0,0.0
14,14000114,55,15,0,0.0
14,14000115,55,10,0,0.0
14,14000116,55,7,0,0.0
14,14000117,55,11,0,0.0
14,14000118,55,11,0,0.0
14,14000119,55,7,0,0.0
14,14000120,55,8,0,0.0
14,14000121,55,12,0,0.0
14,14000122,55,9,0,0.0
14,14000123,55,8,0,0.0
14,14000124,55,14,0,0.0
14,14000125,55,12,0,0.0
14,14000126,55,11,0,0.0
14,14000127,55,11,0,0.0
14,14000128,55,14,0,0.0
14,14000129,55,11,0,0.0
14,14000130,55,11,0,0.0
14,14000131,55,9,0,0.0
14,14000132,55,12,0,0.0
14,14000133,55,7,0,0.0
14,14000134,55,12,0,0.0
14,14000135,55,10,0,0.0
14,14000136,55,9,0,0.0
14,14000137,55,13,0,0.0
14,14000138,55,9,0,0.0
14,14000139,55,9,0,0.0
14,14000140,55,14,0,0.0
14,14000141,55,12,0,0.0
14,14000142,55,8,0,0.0
14,14000143,55,7,0,0.0
14,14000144,55,6,0,0.0
14,14000145,55,12,0,0.0
14,14000146,55,13,2,0.000654814499996284
14,14000147,55,6,0,0.0
14,14000148,55,10,0,0.0
14,14000149,55,11,0,0.0
14,14000150,55,7,0,0.0
14,14000151,55,14,0,0.0
14,14000152,55,13,0,0.0
14,14000153,55,8,0,0.0
14,14000154,55,8,0,0.0
14,14000155,55,7,0,0.0
14,14000156,55,10,0,0.0
14,14000157,55,13,0,0.0
14,14000158,55,10,0,0.0
14,14000159,55,10,0,0.0
14,14000160,55,9,0,0.0
14,14000161,55,7,0,0.0
14,14000162,55,12,0,0.0
14,14000163,55,5,0,0.0
14,14000164,55,9,0,0.0
14,14000165,55,5,0,0.0
14,14000166,55,7,0,0.0
14,14000167,55,10,0,0.0
14,14000168,55,14,0,0.0
14,14000169,55,10,0,0.0
14,14000170,55,16,0,0.0
14,14000171,55,7,0,0.0
14,14000172,55,3,0,0.0
14,14000173,55,2,0,0.0
14,14000174,55,6,0,0.0
14,14000175,55,17,0,0.0
14,14000176,55,12,0,0.0
14,14000177,55,12,0,0.0
14,14000178,55,5,0,0.0
14,14000179,55,10,0,0.0
14,14000180,55,9,0,0.0
14,14000181,55,9,0,0.0
14,14000182,55,9,0,0.0
14,14000183,55,6,0,0.0
14,14000184,55,9,0,0.0
14,14000185,55,11,0,0.0
14,14000186,55,12,0,0.0
14,14000187,55,7,0,0.0
14,14000188,55,7,0,0.0
14,14000189,55,8,0,0.0
14,14000190,55,11,0,0.0
14,14000191,55,6,0,0.0
14,14000192,55,13,0,0.0
14,14000193,55,13,0,0.0
14,14000194,55,11,0,0.0
14,14000195,55,13,0,0.0
14,14000196,55,9,0,0.0
14,14000197,55,9,0,0.0
14,14000198,55,12,0,0.0
14,14000199,55,10,0,0.0
14,14000200,55,2,0,0.0
14,14000201,55,15,0,0.0
14,14000202,55,8,0,0.0
14,14000203,55,7,0,0.0
14,14000204,55,12,2,0.009804243129469689
14,14000205,55,10,0,0.0
14,14000206,55,12,0,0.0
14,14000207,55,13,0,0.0
14,14000208,55,10,0,0.0
14,14000209,55,7,0,0.0
14,14000210,55,11,0,0.0
14,14000211,55,10,0,0.0
14,14000212,55,6,0,0.0
14,14000213,55,11,0,0.0
14,14000214,55,4,0,0.0
14,14000215,55,8,0,0.0
14,14000216,55,12,0,0.0
14,14000217,55,11,0,0.0
14,14000218,55,13,0,0.0
14,14000219,55,9,0,0.0
14,14000220,55,11,0,0.0
14,14000221,55,7,0,0.0
14,14000222,55,7,0,0.0
14,14000223,55,3,0,0.0
14,14000224,55,2,0,0.0
14,14000225,55,13,0,0.0
14,14000226,55,8,0,0.0
14,14000227,55,14,0,0.0
14,14000228,55,8,0,0.0
14,14000229,55,12,0,0.0
14,14000230,55,8,0,0.0
14,14000231,55,5,0,0.0
14,14000232,55,8,0,0.0
14,14000233,55,13,0,0.0
14,14000234,55,10,0,0.0
14,14000235,55,12,0,0.0
14,14000236,55,1,0,0.0
14,14000237,55,12,0,0.0
14,14000238,55,9,0,0.0
14,14000239,55,8,0,0.0
14,14000240,55,6,0,0.0
14,14000241,55,13,0,0.0
14,14000242,55,9,0,0.0
14,14000243,55,2,0,0.0
14,14000244,55,11,0,0.0
14,14000245,55,17,1,0.04176352400990688
14,14000246,55,13,0,0.0
14,14000247,55,11,0,0.0
14,14000248,55,14,0,0.0
14,14000249,55,11,0,0.0
14,14000250,55,11,0,0.0
14,14000251,55,14,0,0.0
14,14000252,55,12,0,0.0
14,14000253,55,8,0,0.0
14,14000254,55,13,0,0.0
14,14000255,55,5,0,0.0
14,14000256,55,11,0,0.0
14,14000257,55,12,0,0.0
14,14000258,55,12,0,0.0
14,14000259,55,7,0,0.0
14,14000260,55,8,0,0.0
14,14000261,55,10,0,0.0
14,14000262,55,9,0,0.0
14,14000263,55,9,0,0.0
14,14000264,55,12,0,0.0
14,14000265,55,13,1,0.0021101285442624435
14,14000266,55,11,0,0.0
14,14000267,55,9,0,0.0
14,14000268,55,10,0,0.0
14,14000269,55,10,0,0.0
14,14000270,55,15,0,0.0
14,14000271,55,11,0,0.0
14,14000272,55,9,0,0.0
14,14000273,55,15,1,0.00145074702577766
14,14000274,55,10,0,0.0
14,14000275,55,16,0,0.0
14,14000276,55,9,0,0.0
14,14000277,55,9,0,0.0
14,14000278,55,14,0,0.0
14,14000279,55,7,0,0.0
14,14000280,55,15,0,0.0
14,14000281,55,9,0,0.0
14,14000282,55,13,0,0.0
14,14000283,55,11,0,0.0
14,14000284,55,4,0,0.0
14,14000285,55,11,0,0.0
14,14000286,55,9,0,0.0
14,14000287,55,9,0,0.0
14,14000288,55,14,0,0.0
14,14000289,55,13,2,0.001863392572730202
14,14000290,55,16,0,0.0
14,14000291,55,0,0,0.0
14,14000292,55,9,0,0.0
14,14000293,55,4,0,0.0
14,14000294,55,14,0,0.0
14,14000295,55,2,0,0.0
14,14000296,55,8,0,0.0
14,14000297,55,9,0,0.0
14,14000298,55,8,0,0.0
14,14000299,55,16,0,0.0
14,14000300,55,10,1,0.00879890546569995
14,14000301,55,8,0,0.0
14,14000302,55,9,0,0.0
14,14000303,55,14,0,0.0
14,14000304,55,16,0,0.0
14,14000305,55,11,0,0.0
14,14000306,55,10,0,0.0
14,14000307,55,12,0,0.0
14,14000308,55,13,0,0.0
14,14000309,55,12,0,0.0
14,14000310,55,12,0,0.0
14,14000311,55,12,0,0.0
14,14000312,55,14,0,0.0
14,14000313,55,9,0,0.0
14,14000314,55,10,0,0.0
14,14000315,55,13,0,0.0
14,14000316,55,11,0,0.0
14,14000317,55,14,0,0.0
14,14000318,55,8,0,0.0
14,14000319,55,12,0,0.0
14,14000320,55,8,0,0.0
14,14000321,55,13,0,0.0
14,14000322,55,15,0,0.0
14,14000323,55,12,0,0.0
14,14000324,55,5,0,0.0
14,14000325,55,11,0,0.0
14,14000326,55,11,0,0.0
14,14000327,55,13,0,0.0
14,14000328,55,13,0,0.0
14,14000329,55,9,0,0.0
14,14000330,55,7,0,0.0
14,14000331,55,12,0,0.0
14,14000332,55,12,0,0.0
14,14000333,55,12,0,0.0
14,14000334,55,7,0,0.0
14,14000335,55,7,0,0.0
14,14000336,55,12,0,0.0
14,14000337,55,12,0,0.0
14,14000338,55,14,0,0.0
14,14000339,55,7,0,0.0
14,14000340,55,11,0,0.0
14,14000341,55,12,0,0.0
14,14000342,55,19,0,0.0
14,14000343,55,14,0,0.0
14,14000344,55,12,2,0.01548026704927502
14,14000345,55,7,0,0.0
14,14000346,55,7,0,0.0
14,14000347,55,5,0,0.0
14,14000348,55,12,0,0.0
14,14000349,55,6,0,0.0
14,14000350,55,11,0,0.0
14,14000351,55,11,0,0.0
14,14000352,55,15,0,0.0
14,14000353,55,15,0,0.0
14,14000354,55,10,0,0.0
14,14000355,55,13,0,0.0
14,14000356,55,10,0,0.0
14,14000357,55,13,0,0.0
14,14000358,55,9,0,0.0
14,14000359,55,8,0,0.0
14,14000360,55,13,0,0.0
14,14000361,55,11,0,0.0
14,14000362,55,9,0,0.0
14,14000363,55,1,0,0.0
14,14000364,55,10,0,0.0
14,14000365,55,12,0,0.0
14,14000366,55,12,0,0.0
14,14000367,55,14,0,0.0
14,14000368,55,11,0,0.0
14,14000369,55,12,0,0.0
14,14000370,55,12,0,0.0
14,14000371,55,11,0,0.0
14,14000372,55,14,0,0.0
14,14000373,55,7,0,0.0
14,14000374,55,8,0,0.0
14,14000375,55,7,0,0.0
14,14000376,55,8,0,0.0
14,14000377,55,8,0,0.0
14,14000378,55,9,0,0.0
14,14000379,55,14,0,0.0
14,14000380,55,9,0,0.0
14,14000381,55,5,0,0.0
14,14000382,55,13,0,0.0
14,14000383,55,14,0,0.0
14,14000384,55,12,0,0.0
14,14000385,55,12,0,0.0
14,14000386,55,12,0,0.0
14,14000387,55,1,0,0.0
14,14000388,55,13,0,0.0
14,14000389,55,11,1,0.05048251299990097
14,14000390,55,10,0,0.0
14,14000391,55,10,0,0.0
14,14000392,55,8,0,0.0
14,14000393,55,11,0,0.0
14,14000394,55,13,0,0.0
14,14000395,55,9,0,0.0
14,14000396,55,10,0,0.0
14,14000397,55,13,0,0.0
14,14000398,55,12,0,0.0
14,14000399,55,8,0,0.0
14,14000400,55,8,1,0.004924367625819159
14,14000401,55,10,0,0.0
14,14000402,55,8,0,0.0
14,14000403,55,11,0,0.0
14,14000404,55,11,0,0.0
14,14000405,55,11,0,0.0
14,14000406,55,9,0,0.0
14,14000407,55,5,1,0.007697850686506597
14,14000408,55,9,0,0.0
14,14000409,55,1,0,0.0
14,14000410,55,11,0,0.0
14,14000411,55,14,0,0.0
14,14000412,55,11,0,0.0
14,14000413,55,10,0,0.0
14,14000414,55,9,0,0.0
14,14000415,55,8,0,0.0
14,14000416,55,4,0,0.0
14,14000417,55,7,0,0.0
14,14000418,55,9,0,0.0
14,14000419,55,12,0,0.0
14,14000420,55,10,0,0.0
14,14000421,55,8,0,0.0
14,14000422,55,9,0,0.0
14,14000423,55,10,0,0.0
14,14000424,55,12,0,0.0
14,14000425,55,12,0,0.0
14,14000426,55,9,0,0.0
14,14000427,55,8,0,0.0
14,14000428,55,7,0,0.0
14,14000429,55,10,0,0.0
14,14000430,55,8,0,0.0
14,14000431,55,6,0,0.0
14,14000432,55,11,0,0.0
14,14000433,55,13,0,0.0
14,14000434,55,3,0,0.0
14,14000435,55,13,0,0.0
14,14000436,55,9,0,0.0
14,14000437,55,13,0,0.0
14,14000438,55,10,0,0.0
14,14000439,55,17,2,0.0015802851939478585
14,14000440,55,14,0,0.0
14,14000441,55,5,0,0.0
14,14000442,55,12,0,0.0
14,14000443,55,10,0,0.0
14,14000444,55,9,0,0.0
14,14000445,55,6,0,0.0
14,14000446,55,11,0,0.0
14,14000447,55,13,0,0.0
14,14000448,55,9,0,0.0
14,14000449,55,11,0,0.0
14,14000450,55,11,0,0.0
14,14000451,55,10,0,0.0
14,14000452,55,4,0,0.0
14,14000453,55,12,0,0.0
14,14000454,55,14,0,0.0
14,14000455,55,8,0,0.0
14,14000456,55,10,0,0.0
14,14000457,55,13,0,0.0
14,14000458,55,9,0,0.0
14,14000459,55,12,0,0.0
14,14000460,55,8,0,0.0
14,14000461,55,13,0,0.0
14,14000462,55,11,0,0.0
14,14000463,55,13,0,0.0
14,14000464,55,11,0,0.0
14,14000465,55,10,0,0.0
14,14000466,55,7,0,0.0
14,14000467,55,15,0,0.0
14,14000468,55,10,0,0.0
14,14000469,55,7,0,0.0
14,14000470,55,11,0,0.0
14,14000471,55,15,0,0.0
14,14000472,55,9,0,0.0
14,14000473,55,17,2,0.0018355762212188126
14,14000474,55,13,0,0.0
14,14000475,55,11,0,0.0
14,14000476,55,13,0,0.0
14,14000477,55,14,0,0.0
14,14000478,55,11,0,0.0
14,14000479,55,4,0,0.0
14,14000480,55,12,0,0.0
14,14000481,55,6,0,0.0
14,14000482,55,13,0,0.0
14,14000483,55,12,0,0.0
14,14000484,55,11,0,0.0
14,14000485,55,13,0,0.0
14,14000486,55,14,0,0.0
14,14000487,55,13,0,0.0
14,14000488,55,6,0,0.0
14,14000489,55,3,0,0.0
14,14000490,55,8,0,0.0
14,14000491,55,10,0,0.0
14,14000492,55,13,0,0.0
14,14000493,55,5,0,0.0
14,14000494,55,12,0,0.0
14,14000495,55,8,0,0.0
14,14000496,55,12,0,0.0
14,14000497,55,9,0,0.0
14,14000498,55,10,0,0.0
14,14000499,55,11,0,0.0
14,14000500,55,11,0,0.0
14,14000501,55,13,0,0.0
14,14000502,55,13,0,0.0
14,14000503,55,9,0,0.0
14,14000504,55,9,0,0.0
14,14000505,55,11,0,0.0
14,14000506,55,5,0,0.0
14,14000507,55,12,0,0.0
14,14000508,55,9,0,0.0
14,14000509,55,14,0,0.0
14,14000510,55,8,0,0.0
14,14000511,55,13,0,0.0
14,14000512,55,12,0,0.0
14,14000513,55,7,0,0.0
14,14000514,55,6,0,0.0
14,14000515,55,0,0,0.0
14,14000516,55,8,0,0.0
14,14000517,55,6,0,0.0
14,14000518,55,10,0,0.0
14,14000519,55,11,0,0.0
14,14000520,55,11,0,0.0
14,14000521,55,9,0,0.0
14,14000522,55,8,0,0.0
14,14000523,55,11,0,0.0
14,14000524,55,14,0,0.0
14,14000525,55,8,0,0.0
14,14000526,55,16,0,0.0
14,14000527,55,10,0,0.0
14,14000528,55,13,0,0.0
14,14000529,55,10,0,0.0
14,14000530,55,7,0,0.0
14,14000531,55,7,0,0.0
14,14000532,55,10,0,0.0
14,14000533,55,11,0,0.0
14,14000534,55,9,0,0.0
14,14000535,55,9,0,0.0
14,14000536,55,7,0,0.0
14,14000537,55,9,0,0.0
14,14000538,55,8,0,0.0
14,14000539,55,7,0,0.0
14,14000540,55,6,0,0.0
14,14000541,55,9,0,0.0
14,14000542,55,8,0,0.0
14,14000543,55,1,0,0.0
14,14000544,55,12,0,0.0
14,14000545,55,9,0,0.0
14,14000546,55,7,0,0.0
14,14000547,55,13,0,0.0
14,14000548,55,8,0,0.0
14,14000549,55,14,0,0.0
14,14000550,55,11,0,0.0
14,14000551,55,13,0,0.0
14,14000552,55,8,0,0.0
14,14000553,55,9,0,0.0
14,14000554,55,7,0,0.0
14,14000555,55,10,0,0.0
14,14000556,55,9,0,0.0
14,14000557,55,9,0,0.0
14,14000558,55,12,0,0.0
14,14000559,55,11,1,0.008111163364800791
14,14000560,55,8,0,0.0
14,14000561,55,6,0,0.0
14,14000562,55,9,0,0.0
14,14000563,55,12,0,0.0
14,14000564,55,9,0,0.0
14,14000565,55,9,0,0.0
14,14000566,55,15,0,0.0
14,14000567,55,10,0,0.0
14,14000568,55,12,0,0.0
14,14000569,55,17,0,0.0
14,14000570,55,3,0,0.0
14,14000571,55,7,0,0.0
14,14000572,55,8,0,0.0
14,14000573,55,12,0,0.0
14,14000574,55,9,0,0.0
14,14000575,55,9,0,0.0
14,14000576,55,15,0,0.0
14,14000577,55,13,0,0.0
14,14000578,55,2,0,0.0
14,14000579,55,11,0,0.0
14,14000580,55,11,0,0.0
14,14000581,55,4,0,0.0
14,14000582,55,9,0,0.0
14,14000583,55,11,0,0.0
14,14000584,55,12,0,0.0
14,14000585,55,3,0,0.0
14,14000586,55,12,0,0.0
14,14000587,55,6,0,0.0
14,14000588,55,10,0,0.0
14,14000589,55,12,0,0.0
14,14000590,55,14,0,0.0
14,14000591,55,9,0,0.0
14,14000592,55,9,0,0.0
14,14000593,55,6,0,0.0
14,14000594,55,14,0,0.0
14,14000595,55,5,0,0.0
14,14000596,55,13,0,0.0
14,14000597,55,11,0,0.0
14,14000598,55,5,0,0.0
14,14000599,55,14,0,0.0
14,14000600,55,11,0,0.0
14,14000601,55,8,0,0.0
14,14000602,55,12,0,0.0
14,14000603,55,9,0,0.0
14,14000604,55,8,0,0.0
14,14000605,55,8,0,0.0
14,14000606,55,8,0,0.0
14,14000607,55,12,0,0.0
14,14000608,55,9,0,0.0
14,14000609,55,9,0,0.0
14,14000610,55,14,0,0.0
14,14000611,55,10,0,0.0
14,14000612,55,11,0,0.0
14,14000613,55,9,0,0.0
14,14000614,55,4,0,0.0
14,14000615,55,13,0,0.0
14,14000616,55,17,0,0.0
14,14000617,55,9,0,0.0
14,14000618,55,10,0,0.0
14,14000619,55,9,0,0.0
14,14000620,55,10,0,0.0
14,14000621,55,8,0,0.0
14,14000622,55,12,1,0.0026522915589105023
14,14000623,55,12,0,0.0
14,14000624,55,11,0,0.0
14,14000625,55,6,0,0.0
14,14000626,55,13,0,0.0
14,14000627,55,10,0,0.0
14,14000628,55,13,0,0.0
14,14000629,55,7,0,0.0
14,14000630,55,11,0,0.0
14,14000631,55,13,0,0.0
14,14000632,55,10,0,0.0
14,14000633,55,13,0,0.0
14,14000634,55,11,0,0.0
14,14000635,55,8,0,0.0
14,14000636,55,12,0,0.0
14,14000637,55,9,0,0.0
14,14000638,55,12,0,0.0
14,14000639,55,9,0,0.0
14,14000640,55,9,0,0.0
14,14000641,55,13,0,0.0
14,14000642,55,7,0,0.0
14,14000643,55,11,0,0.0
14,14000644,55,10,0,0.0
14,14000645,55,7,0,0.0
14,14000646,55,9,0,0.0
14,14000647,55,11,0,0.0
14,14000648,55,9,0,0.0
14,14000649,55,11,0,0.0
14,14000650,55,10,0,0.0
14,14000651,55,6,0,0.0
14,14000652,55,11,0,0.0
14,14000653,55,10,0,0.0
14,14000654,55,10,0,0.0
14,14000655,55,9,0,0.0
14,14000656,55,14,0,0.0
14,14000657,55,8,0,0.0
14,14000658,55,8,0,0.0
14,14000659,55,9,0,0.0
14,14000660,55,8,1,0.0052046143559300595
14,14000661,55,2,0,0.0
14,14000662,55,7,0,0.0
14,14000663,55,11,0,0.0
14,14000664,55,15,0,0.0
14,14000665,55,12,0,0.0
14,14000666,55,2,0,0.0
14,14000667,55,12,0,0.0
14,14000668,55,9,1,0.007694036815391145
14,14000669,55,11,0,0.0
14,14000670,55,14,0,0.0
14,14000671,55,12,0,0.0
14,14000672,55,5,0,0.0
14,14000673,55,5,0,0.0
14,14000674,55,15,0,0.0
14,14000675,55,13,0,0.0
14,14000676,55,11,0,0.0
14,14000677,55,6,0,0.0
14,14000678,55,15,0,0.0
14,14000679,55,5,0,0.0
14,14000680,55,7,0,0.0
14,14000681,55,9,0,0.0
14,14000682,55,7,0,0.0
14,14000683,55,9,0,0.0
14,14000684,55,9,0,0.0
14,14000685,55,13,0,0.0
14,14000686,55,7,0,0.0
14,14000687,55,11,0,0.0
14,14000688,55,11,0,0.0
14,14000689,55,11,0,0.0
14,14000690,55,6,0,0.0
14,14000691,55,6,0,0.0
14,14000692,55,7,0,0.0
14,14000693,55,10,0,0.0
14,14000694,55,15,0,0.0
14,14000695,55,13,0,0.0
14,14000696,55,8,0,0.0
14,14000697,55,6,0,0.0
14,14000698,55,15,0,0.0
14,14000699,55,8,0,0.0
14,14000700,55,10,0,0.0
14,14000701,55,10,0,0.0
14,14000702,55,11,0,0.0
14,14000703,55,10,0,0.0
14,14000704,55,7,0,0.0
14,14000705,55,9,0,0.0
14,14000706,55,14,0,0.0
14,14000707,55,10,0,0.0
14,14000708,55,12,0,0.0
14,14000709,55,14,0,0.0
14,14000710,55,16,0,0.0
14,14000711,55,15,0,0.0
14,14000712,55,8,0,0.0
14,14000713,55,11,0,0.0
14,14000714,55,10,0,0.0
14,14000715,55,12,0,0.0
14,14000716,55,11,0,0.0
14,14000717,55,12,0,0.0
14,14000718,55,10,0,0.0
14,14000719,55,14,0,0.0
14,14000720,55,11,0,0.0
14,14000721,55,7,0,0.0
14,14000722,55,10,0,0.0
14,14000723,55,12,0,0.0
14,14000724,55,9,0,0.0
14,14000725,55,14,0,0.0
14,14000726,55,8,0,0.0
14,14000727,55,8,0,0.0
14,14000728,55,12,0,0.0
14,14000729,55,9,0,0.0
14,14000730,55,14,0,0.0
14,14000731,55,10,0,0.0
14,14000732,55,4,0,0.0
14,14000733,55,7,0,0.0
14,14000734,55,11,0,0.0
14,14000735,55,2,0,0.0
14,14000736,55,0,0,0.0
14,14000737,55,11,0,0.0
14,14000738,55,8,0,0.0
14,14000739,55,10,0,0.0
14,14000740,55,12,0,0.0
14,14000741,55,12,0,0.0
14,14000742,55,12,0,0.0
14,14000743,55,10,0,0.0
14,14000744,55,12,0,0.0
14,14000745,55,9,0,0.0
14,14000746,55,16,1,0.010186826467928942
14,14000747,55,7,0,0.0
14,14000748,55,11,0,0.0
14,14000749,55,11,0,0.0
14,14000750,55,13,0,0.0
14,14000751,55,10,0,0.0
14,14000752,55,13,0,0.0
14,14000753,55,12,0,0.0
14,14000754,55,10,0,0.0
14,14000755,55,14,0,0.0
14,14000756,55,11,0,0.0
14,14000757,55,10,0,0.0
14,14000758,55,6,0,0.0
14,14000759,55,7,0,0.0
14,14000760,55,8,0,0.0
14,14000761,55,10,0,0.0
14,14000762,55,11,0,0.0
14,14000763,55,13,0,0.0
14,14000764,55,14,0,0.0
14,14000765,55,8,0,0.0
14,14000766,55,13,0,0.0
14,14000767,55,14,0,0.0
14,14000768,55,4,0,0.0
14,14000769,55,14,0,0.0
14,14000770,55,13,0,0.0
14,14000771,55,7,0,0.0
14,14000772,55,9,0,0.0
14,14000773,55,10,0,0.0
14,14000774,55,9,0,0.0
14,14000775,55,12,0,0.0
14,14000776,55,15,0,0.0
14,14000777,55,10,0,0.0
14,14000778,55,13,0,0.0
14,14000779,55,4,0,0.0
14,14000780,55,6,0,0.0
14,14000781,55,7,0,0.0
14,14000782,55,12,0,0.0
14,14000783,55,13,0,0.0
14,14000784,55,11,0,0.0
14,14000785,55,10,0,0.0
14,14000786,55,11,0,0.0
14,14000787,55,6,0,0.0
14,14000788,55,9,0,0.0
14,14000789,55,15,0,0.0
14,14000790,55,11,0,0.0
14,14000791,55,10,0,0.0
14,14000792,55,11,0,0.0
14,14000793,55,12,0,0.0
14,14000794,55,7,0,0.0
14,14000795,55,5,0,0.0
14,14000796,55,12,0,0.0
14,14000797,55,13,0,0.0
14,14000798,55,10,0,0.0
14,14000799,55,12,0,0.0
14,14000800,55,7,0,0.0
14,14000801,55,14,0,0.0
14,14000802,55,13,0,0.0
14,14000803,55,7,0,0.0
14,14000804,55,11,0,0.0
14,14000805,55,11,0,0.0
14,14000806,55,8,0,0.0
14,14000807,55,8,0,0.0
14,14000808,55,5,0,0.0
14,14000809,55,10,0,0.0
14,14000810,55,11,0,0.0
14,14000811,55,9,0,0.0
14,14000812,55,2,0,0.0
14,14000813,55,11,0,0.0
14,14000814,55,9,0,0.0
14,14000815,55,13,0,0.0
14,14000816,55,11,0,0.0
14,14000817,55,8,0,0.0
14,14000818,55,8,0,0.0
14,14000819,55,14,0,0.0
14,14000820,55,9,0,0.0
14,14000821,55,4,0,0.0
14,14000822,55,8,0,0.0
14,14000823,55,10,0,0.0
14,14000824,55,9,0,0.0
14,14000825,55,12,0,0.0
14,14000826,55,11,0,0.0
14,14000827,55,15,0,0.0
14,14000828,55,14,2,0.005961552768193934
14,14000829,55,5,0,0.0
14,14000830,55,12,0,0.0
14,14000831,55,13,0,0.0
14,14000832,55,15,0,0.0
14,14000833,55,11,0,0.0
14,14000834,55,14,1,0.004924299112627692
14,14000835,55,12,0,0.0
14,14000836,55,7,0,0.0
14,14000837,55,12,0,0.0
14,14000838,55,12,0,0.0
14,14000839,55,13,0,0.0
14,14000840,55,11,0,0.0
14,14000841,55,8,0,0.0
14,14000842,55,5,0,0.0
14,14000843,55,11,0,0.0
14,14000844,55,9,0,0.0
14,14000845,55,8,0,0.0
14,14000846,55,14,0,0.0
14,14000847,55,7,0,0.0
14,14000848,55,12,0,0.0
14,14000849,55,10,0,0.0
14,14000850,55,8,0,0.0
14,14000851,55,5,0,0.0
14,14000852,55,11,0,0.0
14,14000853,55,9,0,0.0
14,14000854,55,15,0,0.0
14,14000855,55,15,0,0.0
14,14000856,55,8,0,0.0
14,14000857,55,12,0,0.0
14,14000858,55,6,0,0.0
14,14000859,55,9,0,0.0
14,14000860,55,12,0,0.0
14,14000861,55,10,0,0.0
14,14000862,55,14,0,0.0
14,14000863,55,14,0,0.0
14,14000864,55,12,0,0.0
14,14000865,55,11,0,0.0
14,14000866,55,1,0,0.0
14,14000867,55,9,0,0.0
14,14000868,55,8,0,0.0
14,14000869,55,8,0,0.0
14,14000870,55,12,0,0.0
14,14000871,55,10,0,0.0
14,14000872,55,11,0,0.0
14,14000873,55,10,0,0.0
14,14000874,55,7,0,0.0
14,14000875,55,9,0,0.0
14,14000876,55,9,0,0.0
14,14000877,55,12,0,0.0
14,14000878,55,12,0,0.0
14,14000879,55,13,0,0.0
14,14000880,55,7,0,0.0
14,14000881,55,8,0,0.0
14,14000882,55,10,0,0.0
14,14000883,55,13,0,0.0
14,14000884,55,7,0,0.0
14,14000885,55,12,0,0.0
14,14000886,55,4,0,0.0
14,14000887,55,15,0,0.0
14,14000888,55,9,0,0.0
14,14000889,55,10,0,0.0
14,14000890,55,6,0,0.0
14,14000891,55,9,0,0.0
14,14000892,55,10,0,0.0
14,14000893,55,8,0,0.0
14,14000894,55,8,0,0.0
14,14000895,55,8,0,0.0
14,14000896,55,8,0,0.0
14,14000897,55,11,0,0.0
14,14000898,55,13,0,0.0
14,14000899,55,8,0,0.0
14,14000900,55,7,0,0.0
14,14000901,55,11,0,0.0
14,14000902,55,11,0,0.0
14,14000903,55,8,0,0.0
14,14000904,55,9,0,0.0
14,14000905,55,12,0,0.0
14,14000906,55,13,0,0.0
14,14000907,55,6,0,0.0
14,14000908,55,12,0,0.0
14,14000909,55,6,0,0.0
14,14000910,55,11,0,0.0
14,14000911,55,8,0,0.0
14,14000912,55,11,0,0.0
14,14000913,55,14,0,0.0
14,14000914,55,5,0,0.0
14,14000915,55,14,0,0.0
14,14000916,55,11,0,0.0
14,14000917,55,9,0,0.0
14,14000918,55,12,0,0.0
14,14000919,55,13,0,0.0
14,14000920,55,12,0,0.0
14,14000921,55,7,0,0.0
14,14000922,55,1,0,0.0
14,14000923,55,14,0,0.0
14,14000924,55,10,0,0.0
14,14000925,55,12,0,0.0
14,14000926,55,12,0,0.0
14,14000927,55,7,0,0.0
14,14000928,55,11,0,0.0
14,14000929,55,9,0,0.0
14,14000930,55,9,0,0.0
14,14000931,55,11,0,0.0
14,14000932,55,12,0,0.0
14,14000933,55,11,0,0.0
14,14000934,55,13,0,0.0
14,14000935,55,13,0,0.0
14,14000936,55,5,0,0.0
14,14000937,55,10,0,0.0
14,14000938,55,14,0,0.0
14,14000939,55,8,0,0.0
14,14000940,55,12,0,0.0
14,14000941,55,9,0,0.0
14,14000942,55,13,0,0.0
14,14000943,55,12,0,0.0
14,14000944,55,4,0,0.0
14,14000945,55,7,0,0.0
14,14000946,55,4,0,0.0
14,14000947,55,9,0,0.0
14,14000948,55,11,0,0.0
14,14000949,55,7,0,0.0
14,14000950,55,12,0,0.0
14,14000951,55,9,0,0.0
14,14000952,55,9,0,0.0
14,14000953,55,8,0,0.0
14,14000954,55,11,0,0.0
14,14000955,55,9,0,0.0
14,14000956,55,11,0,0.0
14,14000957,55,14,0,0.0
14,14000958,55,8,0,0.0
14,14000959,55,8,0,0.0
14,14000960,55,10,0,0.0
14,14000961,55,15,0,0.0
14,14000962,55,12,0,0.0
14,14000963,55,13,0,0.0
14,14000964,55,13,0,0.0
14,14000965,55,13,0,0.0
14,14000966,55,7,0,0.0
14,14000967,55,10,0,0.0
14,14000968,55,13,0,0.0
14,14000969,55,7,0,0.0
14,14000970,55,11,0,0.0
14,14000971,55,15,0,0.0
14,14000972,55,8,0,0.0
14,14000973,55,12,0,0.0
14,14000974,55,11,0,0.0
14,14000975,55,10,0,0.0
14,14000976,55,11,0,0.0
14,14000977,55,13,0,0.0
14,14000978,55,17,0,0.0
14,14000979,55,11,0,0.0
14,14000980,55,14,0,0.0
14,14000981,55,11,0,0.0
14,14000982,55,13,0,0.0
14,14000983,55,12,0,0.0
14,14000984,55,4,0,0.0
14,14000985,55,10,0,0.0
14,14000986,55,11,0,0.0
14,14000987,55,7,0,0.0
14,14000988,55,17,0,0.0
14,14000989,55,14,0,0.0
14,14000990,55,3,0,0.0
14,14000991,55,14,0,0.0
14,14000992,55,18,0,0.0
14,14000993,55,10,0,0.0
14,14000994,55,8,0,0.0
14,14000995,55,16,0,0.0
14,14000996,55,11,0,0.0
14,14000997,55,0,0,0.0
14,14000998,55,11,0,0.0
14,14000999,55,9,0,0.0
14,14001000,55,11,0,0.0
14,14001001,55,11,0,0.0
14,14001002,55,8,0,0.0
14,14001003,55,5,0,0.0
14,14001004,55,10,0,0.0
14,14001005,55,9,0,0.0
14,14001006,55,16,2,0.001709974958674157
14,14001007,55,17,0,0.0
14,14001008,55,13,0,0.0
14,14001009,55,13,0,0.0
14,14001010,55,11,0,0.0
14,14001011,55,11,0,0.0
14,14001012,55,7,0,0.0
14,14001013,55,8,0,0.0
14,14001014,55,13,0,0.0
14,14001015,55,10,0,0.0
14,14001016,55,9,0,0.0
14,14001017,55,6,0,0.0
14,14001018,55,11,0,0.0
14,14001019,55,13,0,0.0
14,14001020,55,8,0,0.0
14,14001021,55,10,0,0.0
14,14001022,55,11,0,0.0
14,14001023,55,13,0,0.0
15,14000000,55,5,2,0.00188589466617127
15,14000001,55,0,0,0.0
15,14000002,55,0,0,0.0
15,14000003,55,2,0,0.0
15,14000004,55,3,0,0.0
15,14000005,55,5,1,0.005500652611217051
15,14000006,55,4,3,0.0060897160086089
15,14000007,55,4,0,0.0
15,14000008,55,4,2,0.0015175519503656115
15,14000009,55,7,2,0.0014836212599484908
15,14000010,55,0,0,0.0
15,14000011,55,3,0,0.0
15,14000012,55,22,7,0.031115626598817264
15,14000013,55,11,7,0.016969514762638683
15,14000014,55,1,0,0.0
15,14000015,55,2,0,0.0
15,14000016,55,7,0,0.0
15,14000017,55,4,3,0.0017958134384684354
15,14000018,55,6,0,0.0
15,14000019,55,0,0,0.0
15,14000020,55,8,8,0.11256221917711595
15,14000021,55,6,0,0.0
15,14000022,55,2,0,0.0
15,14000023,55,6,6,0.17986807916653821
15,14000024,55,0,0,0.0
15,14000025,55,5,4,0.016800883447665532
15,14000026,55,1,0,0.0
15,14000027,55,1,0,0.0
15,14000028,55,2,0,0.0
15,14000029,55,0,0,0.0
15,14000030,55,2,0,0.0
15,14000031,55,0,0,0.0
15,14000032,55,5,0,0.0
15,14000033,55,1,1,0.009373775903908602
15,14000034,55,0,0,0.0
15,14000035,55,2,0,0.0
15,14000036,55,0,0,0.0
15,14000037,55,12,6,0.028434589025954388
15,14000038,55,10,2,0.0053063429086929875
15,14000039,55,0,0,0.0
15,14000040,55,13,11,0.010941854692566422
15,14000041,55,6,2,0.0163709571732642
15,14000042,55,0,0,0.0
15,14000043,55,0,0,0.0
15,14000044,55,0,0,0.0
15,14000045,55,0,0,0.0
15,14000046,55,3,0,0.0
15,14000047,55,10,1,0.000996889667401385
15,14000048,55,0,0,0.0
15,14000049,55,0,0,0.0
15,14000050,55,0,0,0.0
15,14000051,55,18,9,0.016677896630720775
15,14000052,55,1,1,0.00024774861341352733
15,14000053,55,8,7,0.017973901411470716
15,14000054,55,0,0,0.0
15,14000055,55,0,0,0.0
15,14000056,55,0,0,0.0
15,14000057,55,1,0,0.0
15,14000058,55,0,0,0.0
15,14000059,55,0,0,0.0
15,14000060,55,3,0,0.0
15,14000061,55,4,0,0.0
15,14000062,55,0,0,0.0
15,14000063,55,5,0,0.0
15,14000064,55,2,0,0.0
15,14000065,55,4,0,0.0
15,14000066,55,0,0,0.0
15,14000067,55,1,1,2.747293166100821e-05
15,14000068,55,1,1,1.3894902584493662e-06
15,14000069,55,2,0,0.0
15,14000070,55,3,1,0.00373441000862898
15,14000071,55,5,0,0.0
15,14000072,55,1,0,0.0
15,14000073,55,0,0,0.0
15,14000074,55,9,0,0.0
15,14000075,55,5,0,0.0
15,14000076,55,0,0,0.0
15,14000077,55,0,0,0.0
15,14000078,55,7,2,0.0016493610863307126
15,14000079,55,5,1,0.0004995713286424369
15,14000080,55,3,1,0.006766984924194155
15,14000081,55,1,0,0.0
15,14000082,55,10,9,0.029122042618166144
15,14000083,55,3,0,0.0
15,14000084,55,3,1,0.010141200739995818
15,14000085,55,0,0,0.0
15,14000086,55,1,0,0.0
15,14000087,55,8,4,0.009068321291701528
15,14000088,55,0,0,0.0
15,14000089,55,0,0,0.0
15,14000090,55,7,5,0.0030492775429896333
15,14000091,55,1,0,0.0
15,14000092,55,0,0,0.0
15,14000093,55,1,0,0.0
15,14000094,55,11,2,0.0026283063379014676
15,14000095,55,0,0,0.0
15,14000096,55,1,0,0.0
15,14000097,55,1,0,0.0
15,14000098,55,1,0,0.0
15,14000099,55,4,0,0.0
15,14000100,55,1,0,0.0
15,14000101,55,8,6,0.010779114457978656
15,14000102,55,17,5,0.013036208593151799
15,14000103,55,14,4,0.023555580753603558
15,14000104,55,2,0,0.0
15,14000105,55,7,3,0.0013792823649175778
15,14000106,55,16,0,0.0
15,14000107,55,3,0,0.0
15,14000108,55,0,0,0.0
15,14000109,55,4,0,0.0
15,14000110,55,1,0,0.0
15,14000111,55,0,0,0.0
15,14000112,55,11,0,0.0
15,14000113,55,1,0,0.0
15,14000114,55,4,0,0.0
15,14000115,55,0,0,0.0
15,14000116,55,3,0,0.0
15,14000117,55,13,0,0.0
15,14000118,55,1,0,0.0
15,14000119,55,0,0,0.0
15,14000120,55,13,6,0.05473868466203765
15,14000121,55,1,0,0.0
15,14000122,55,0,0,0.0
15,14000123,55,0,0,0.0
15,14000124,55,0,0,0.0
15,14000125,55,10,4,0.05662785463966969
15,14000126,55,7,0,0.0
15,14000127,55,1,0,0.0
15,14000128,55,3,2,0.0030613446283692764
15,14000129,55,0,0,0.0
15,14000130,55,1,0,0.0
15,14000131,55,0,0,0.0
15,14000132,55,1,0,0.0
15,14000133,55,3,0,0.0
15,14000134,55,1,0,0.0
15,14000135,55,4,0,0.0
15,14000136,55,7,0,0.0
15,14000137,55,9,0,0.0
15,14000138,55,4,0,0.0
15,14000139,55,0,0,0.0
15,14000140,55,13,12,0.048994019643074246
15,14000141,55,3,0,0.0
15,14000142,55,3,2,0.00943025547973389
15,14000143,55,1,0,0.0
15,14000144,55,0,0,0.0
15,14000145,55,11,0,0.0
15,14000146,55,4,3,0.012745632441962154
15,14000147,55,5,0,0.0
15,14000148,55,8,6,0.06761325586237586
15,14000149,55,20,8,0.012396140091212414
15,14000150,55,3,0,0.0
15,14000151,55,17,7,0.021974049260602157
15,14000152,55,0,0,0.0
15,14000153,55,7,1,5.239943042745221e-05
15,14000154,55,5,2,0.004574523204526809
15,14000155,55,6,2,0.0007413532288682301
15,14000156,55,4,0,0.0
15,14000157,55,6,3,0.011945577901395235
15,14000158,55,14,1,0.000117706137132495
15,14000159,55,2,0,0.0
15,14000160,55,4,2,0.004626937973218281
15,14000161,55,0,0,0.0
15,14000162,55,2,0,0.0
15,14000163,55,0,0,0.0
15,14000164,55,2,0,0.0
15,14000165,55,0,0,0.0
15,14000166,55,6,0,0.0
15,14000167,55,1,0,0.0
15,14000168,55,4,2,0.0007947662658349767
15,14000169,55,7,0,0.0
15,14000170,55,20,13,0.014050339845403468
15,14000171,55,11,2,0.0038573715233149036
15,14000172,55,0,0,0.0
15,14000173,55,0,0,0.0
15,14000174,55,2,0,0.0
15,14000175,55,0,0,0.0
15,14000176,55,1,0,0.0
15,14000177,55,5,2,0.000817277512525881
15,14000178,55,0,0,0.0
15,14000179,55,10,9,0.11330083295342532
15,14000180,55,2,0,0.0
15,14000181,55,1,0,0.0
15,14000182,55,3,0,0.0
15,14000183,55,0,0,0.0
15,14000184,55,0,0,0.0
15,14000185,55,16,11,0.10750391798822082
15,14000186,55,2,0,0.0
15,14000187,55,0,0,0.0
15,14000188,55,0,0,0.0
15,14000189,55,5,1,0.0004954972268270755
15,14000190,55,0,0,0.0
15,14000191,55,0,0,0.0
15,14000192,55,0,0,0.0
15,14000193,55,0,0,0.0
15,14000194,55,0,0,0.0
15,14000195,55,0,0,0.0
15,14000196,55,0,0,0.0
15,14000197,55,1,0,0.0
15,14000198,55,0,0,0.0
15,14000199,55,0,0,0.0
15,14000200,55,5,0,0.0
15,14000201,55,0,0,0.0
15,14000202,55,1,0,0.0
15,14000203,55,2,0,0.0
15,14000204,55,0,0,0.0
15,14000205,55,9,0,0.0
15,14000206,55,0,0,0.0
15,14000207,55,2,0,0.0
15,14000208,55,0,0,0.0
15,14000209,55,1,0,0.0
15,14000210,55,9,0,0.0
15,14000211,55,6,6,0.0011970083464666603
15,14000212,55,1,0,0.0
15,14000213,55,0,0,0.0
15,14000214,55,0,0,0.0
15,14000215,55,13,5,0.010445150639615076
15,14000216,55,6,0,0.0
15,14000217,55,9,1,0.010263279359581587
15,14000218,55,8,7,0.00593879517383028
15,14000219,55,1,0,0.0
15,14000220,55,0,0,0.0
15,14000221,55,0,0,0.0
15,14000222,55,5,1,0.0021898487913774994
15,14000223,55,7,7,0.054370043545669336
15,14000224,55,6,6,0.0405340463081272
15,14000225,55,2,0,0.0
15,14000226,55,7,0,0.0
15,14000227,55,7,1,0.0014234404289644315
15,14000228,55,4,0,0.0
15,14000229,55,0,0,0.0
15,14000230,55,0,0,0.0
15,14000231,55,3,1,0.0005117762749059507
15,14000232,55,9,1,0.001887349742418859
15,14000233,55,5,0,0.0
15,14000234,55,0,0,0.0
15,14000235,55,0,0,0.0
15,14000236,55,0,0,0.0
15,14000237,55,2,0,0.0
15,14000238,55,0,0,0.0
15,14000239,55,7,6,0.0013527554728642625
15,14000240,55,6,1,0.00033033148455139755
15,14000241,55,3,1,0.0008542933486685167
15,14000242,55,3,0,0.0
15,14000243,55,3,2,0.0008973877137749969
15,14000244,55,0,0,0.0
15,14000245,55,1,0,0.0
15,14000246,55,1,1,0.00486431621194007
15,14000247,55,5,3,0.00687435792324112
15,14000248,55,0,0,0.0
15,14000249,55,1,0,0.0
15,14000250,55,2,1,0.010642325009984521
15,14000251,55,12,7,0.015748097840789854
15,14000252,55,0,0,0.0
15,14000253,55,1,0,0.0
15,14000254,55,2,0,0.0
15,14000255,55,0,0,0.0
15,14000256,55,0,0,0.0
15,14000257,55,0,0,0.0
15,14000258,55,9,1,0.0005567174917946727
15,14000259,55,8,2,0.0014836212599484908
15,14000260,55,11,4,0.008202079075520577
15,14000261,55,3,0,0.0
15,14000262,55,0,0,0.0
15,14000263,55,3,0,0.0
15,14000264,55,9,0,0.0
15,14000265,55,10,3,0.011144766171483522
15,14000266,55,3,0,0.0
15,14000267,55,1,0,0.0
15,14000268,55,2,0,0.0
15,14000269,55,1,0,0.0
15,14000270,55,0,0,0.0
15,14000271,55,7,5,0.023546247316034084
15,14000272,55,3,0,0.0
15,14000273,55,1,0,0.0
15,14000274,55,0,0,0.0
15,14000275,55,11,1,0.00013766382994437332
15,14000276,55,0,0,0.0
15,14000277,55,8,0,0.0
15,14000278,55,4,0,0.0
15,14000279,55,1,0,0.0
15,14000280,55,9,0,0.0
15,14000281,55,3,0,0.0
15,14000282,55,9,1,2.1084371410851066e-05
15,14000283,55,0,0,0.0
15,14000284,55,5,5,0.011552415435228475
15,14000285,55,2,0,0.0
15,14000286,55,2,0,0.0
15,14000287,55,5,0,0.0
15,14000288,55,0,0,0.0
15,14000289,55,6,1,0.0009909944536541648
15,14000290,55,6,2,0.0032608526410818073
15,14000291,55,0,0,0.0
15,14000292,55,0,0,0.0
15,14000293,55,3,0,0.0
15,14000294,55,0,0,0.0
15,14000295,55,1,0,0.0
15,14000296,55,9,0,0.0
15,14000297,55,6,5,0.006096096695295761
15,14000298,55,3,0,0.0
15,14000299,55,0,0,0.0
15,14000300,55,0,0,0.0
15,14000301,55,6,2,0.008479145363325563
15,14000302,55,7,1,0.001299164273024317
15,14000303,55,1,0,0.0
15,14000304,55,0,0,0.0
15,14000305,55,3,0,0.0
15,14000306,55,1,0,0.0
15,14000307,55,2,0,0.0
15,14000308,55,4,4,0.025926070101605372
15,14000309,55,2,0,0.0
15,14000310,55,12,3,0.016198582679908577
15,14000311,55,9,4,0.017899548947357763
15,14000312,55,1,0,0.0
15,14000313,55,0,0,0.0
15,14000314,55,0,0,0.0
15,14000315,55,1,0,0.0
15,14000316,55,9,8,0.005444528581467059
15,14000317,55,1,0,0.0
15,14000318,55,0,0,0.0
15,14000319,55,0,0,0.0
15,14000320,55,0,0,0.0
15,14000321,55,10,9,0.014014443565198105
15,14000322,55,1,1,0.0002115401253528701
15,14000323,55,0,0,0.0
15,14000324,55,0,0,0.0
15,14000325,55,0,0,0.0
15,14000326,55,0,0,0.0
15,14000327,55,3,0,0.0
15,14000328,55,2,0,0.0
15,14000329,55,0,0,0.0
15,14000330,55,0,0,0.0
15,14000331,55,6,0,0.0
15,14000332,55,2,0,0.0
15,14000333,55,0,0,0.0
15,14000334,55,14,0,0.0
15,14000335,55,1,0,0.0
15,14000336,55,0,0,0.0
15,14000337,55,3,0,0.0
15,14000338,55,6,2,0.0010492459201075083
15,14000339,55,0,0,0.0
15,14000340,55,11,3,0.0015359262987094252
15,14000341,55,5,3,0.0008300983697787969
15,14000342,55,14,4,0.005476573914081004
15,14000343,55,0,0,0.0
15,14000344,55,0,0,0.0
15,14000345,55,4,0,0.0
15,14000346,55,0,0,0.0
15,14000347,55,0,0,0.0
15,14000348,55,0,0,0.0
15,14000349,55,0,0,0.0
15,14000350,55,0,0,0.0
15,14000351,55,2,1,0.00023538104057538312
15,14000352,55,8,4,0.003121133731657714
15,14000353,55,4,0,0.0
15,14000354,55,0,0,0.0
15,14000355,55,0,0,0.0
15,14000356,55,0,0,0.0
15,14000357,55,1,0,0.0
15,14000358,55,0,0,0.0
15,14000359,55,0,0,0.0
15,14000360,55,10,5,0.01002441255948984
15,14000361,55,0,0,0.0
15,14000362,55,1,0,0.0
15,14000363,55,2,0,0.0
15,14000364,55,3,0,0.0
15,14000365,55,8,3,0.0018499366912554938
15,14000366,55,5,0,0.0
15,14000367,55,9,3,0.0052605765314100855
15,14000368,55,0,0,0.0
15,14000369,55,0,0,0.0
15,14000370,55,8,1,0.0007963587704666042
15,14000371,55,0,0,0.0
15,14000372,55,2,0,0.0
15,14000373,55,0,0,0.0
15,14000374,55,3,2,0.004841048946339327
15,14000375,55,5,0,0.0
15,14000376,55,0,0,0.0
15,14000377,55,19,9,0.025339202033966154
15,14000378,55,0,0,0.0
15,14000379,55,3,0,0.0
15,14000380,55,5,5,0.034553817130352646
15,14000381,55,3,0,0.0
15,14000382,55,8,3,0.024552609141703565
15,14000383,55,4,0,0.0
15,14000384,55,3,0,0.0
15,14000385,55,9,4,0.0026963077380093917
15,14000386,55,0,0,0.0
15,14000387,55,3,0,0.0
15,14000388,55,2,0,0.0
15,14000389,55,2,0,0.0
15,14000390,55,5,0,0.0
15,14000391,55,4,1,0.009701465700902509
15,14000392,55,3,0,0.0
15,14000393,55,4,0,0.0
15,14000394,55,0,0,0.0
15,14000395,55,1,0,0.0
15,14000396,55,0,0,0.0
15,14000397,55,2,1,0.0024688748725371287
15,14000398,55,7,0,0.0
15,14000399,55,1,0,0.0
15,14000400,55,0,0,0.0
15,14000401,55,3,0,0.0
15,14000402,55,0,0,0.0
15,14000403,55,10,2,0.0031343476177570035
15,14000404,55,17,16,0.04319215093381807
15,14000405,55,15,3,0.014846599091907511
15,14000406,55,2,0,0.0
15,14000407,55,4,4,0.13115161953923354
15,14000408,55,0,0,0.0
15,14000409,55,2,2,0.01130802700636016
15,14000410,55,2,0,0.0
15,14000411,55,9,6,0.009615859002037208
15,14000412,55,1,0,0.0
15,14000413,55,5,5,0.007570142551309458
15,14000414,55,8,8,0.006620397506628961
15,14000415,55,15,3,0.003267235339321458
15,14000416,55,2,0,0.0
15,14000417,55,3,1,0.0008542933486685861
15,14000418,55,15,3,3.915128902182476e-05
15,14000419,55,5,3,0.005846644328746292
15,14000420,55,2,2,0.027510990914600672
15,14000421,55,0,0,0.0
15,14000422,55,0,0,0.0
15,14000423,55,1,0,0.0
15,14000424,55,8,6,0.012885255393522546
15,14000425,55,0,0,0.0
15,14000426,55,0,0,0.0
15,14000427,55,1,0,0.0
15,14000428,55,2,0,0.0
15,14000429,55,4,0,0.0
15,14000430,55,0,0,0.0
15,14000431,55,1,0,0.0
15,14000432,55,3,1,0.00025211719163334423
15,14000433,55,5,3,0.003539320427258491
15,14000434,55,1,1,0.0032643747914790078
15,14000435,55,6,0,0.0
15,14000436,55,3,0,0.0
15,14000437,55,11,3,0.007016356985952224
15,14000438,55,2,0,0.0
15,14000439,55,8,5,0.0047381809276081785
15,14000440,55,3,3,0.003100683834912646
15,14000441,55,2,0,0.0
15,14000442,55,4,0,0.0
15,14000443,55,1,1,0.002505862447716972
15,14000444,55,4,4,0.01525643452396376
15,14000445,55,1,0,0.0
15,14000446,55,6,0,0.0
15,14000447,55,8,0,0.0
15,14000448,55,0,0,0.0
15,14000449,55,1,0,0.0
15,14000450,55,3,0,0.0
15,14000451,55,1,0,0.0
15,14000452,55,0,0,0.0
15,14000453,55,0,0,0.0
15,14000454,55,0,0,0.0
15,14000455,55,0,0,0.0
15,14000456,55,2,0,0.0
15,14000457,55,3,0,0.0
15,14000458,55,0,0,0.0
15,14000459,55,0,0,0.0
15,14000460,55,0,0,0.0
15,14000461,55,7,0,0.0
15,14000462,55,0,0,0.0
15,14000463,55,0,0,0.0
15,14000464,55,1,0,0.0
15,14000465,55,0,0,0.0
15,14000466,55,1,0,0.0
15,14000467,55,6,2,0.0017990261687987202
15,14000468,55,1,0,0.0
15,14000469,55,0,0,0.0
15,14000470,55,0,0,0.0
15,14000471,55,1,0,0.0
15,14000472,55,6,4,0.03163581297541469
15,14000473,55,14,14,0.08177209081996993
15,14000474,55,0,0,0.0
15,14000475,55,0,0,0.0
15,14000476,55,6,3,0.044804821631125605
15,14000477,55,3,1,0.0005506172756904043
15,14000478,55,8,1,0.0008542933486685444
15,14000479,55,1,0,0.0
15,14000480,55,12,6,0.005435711496415177
15,14000481,55,1,0,0.0
15,14000482,55,0,0,0.0
15,14000483,55,2,2,0.010820785973130187
15,14000484,55,2,0,0.0
15,14000485,55,1,0,0.0
15,14000486,55,0,0,0.0
15,14000487,55,0,0,0.0
15,14000488,55,0,0,0.0
15,14000489,55,0,0,0.0
15,14000490,55,0,0,0.0
15,14000491,55,12,6,0.02666360761036926
15,14000492,55,0,0,0.0
15,14000493,55,4,4,0.05133438091300284
15,14000494,55,9,4,0.018562725845645667
15,14000495,55,0,0,0.0
15,14000496,55,3,0,0.0
15,14000497,55,5,0,0.0
15,14000498,55,1,0,0.0
15,14000499,55,0,0,0.0
15,14000500,55,10,4,0.0035655700215171163
15,14000501,55,19,2,0.0353137236395482
15,14000502,55,10,2,0.0012918847008043847
15,14000503,55,5,1,0.0021419083561586144
15,14000504,55,4,0,0.0
15,14000505,55,13,2,0.0003074794839251771
15,14000506,55,0,0,0.0
15,14000507,55,19,9,0.016841204702125395
15,14000508,55,1,0,0.0
15,14000509,55,0,0,0.0
15,14000510,55,0,0,0.0
15,14000511,55,0,0,0.0
15,14000512,55,6,0,0.0
15,14000513,55,0,0,0.0
15,14000514,55,1,1,0.0004326424820738223
15,14000515,55,0,0,0.0
15,14000516,55,0,0,0.0
15,14000517,55,2,0,0.0
15,14000518,55,5,1,0.0009816430166555423
15,14000519,55,2,1,0.009059664538429352
15,14000520,55,2,0,0.0
15,14000521,55,0,0,0.0
15,14000522,55,12,10,0.023511746899957636
15,14000523,55,1,0,0.0
15,14000524,55,0,0,0.0
15,14000525,55,3,1,0.00027700686821391374
15,14000526,55,9,7,0.011782604915703774
15,14000527,55,3,0,0.0
15,14000528,55,0,0,0.0
15,14000529,55,1,0,0.0
15,14000530,55,6,0,0.0
15,14000531,55,1,1,0.0034750251474901794
15,14000532,55,9,1,0.0024686121760749413
15,14000533,55,3,1,0.006000755886596136
15,14000534,55,0,0,0.0
15,14000535,55,0,0,0.0
15,14000536,55,10,3,0.0019492372826764304
15,14000537,55,13,7,0.03384903203426955
15,14000538,55,3,2,0.013988829041955517
15,14000539,55,2,0,0.0
15,14000540,55,0,0,0.0
15,14000541,55,2,0,0.0
15,14000542,55,3,1,0.010642325009984535
15,14000543,55,20,11,0.010768745444705454
15,14000544,55,2,0,0.0
15,14000545,55,3,0,0.0
15,14000546,55,9,6,0.12620229208674882
15,14000547,55,0,0,0.0
15,14000548,55,1,0,0.0
15,14000549,55,6,1,0.0001819197666846073
15,14000550,55,20,4,0.010434757343472451
15,14000551,55,3,0,0.0
15,14000552,55,0,0,0.0
15,14000553,55,1,0,0.0
15,14000554,55,2,0,0.0
15,14000555,55,3,0,0.0
15,14000556,55,6,3,0.021479793749063808
15,14000557,55,4,0,0.0
15,14000558,55,0,0,0.0
15,14000559,55,12,8,0.026938240641990574
15,14000560,55,0,0,0.0
15,14000561,55,0,0,0.0
15,14000562,55,0,0,0.0
15,14000563,55,6,4,0.02300945998205145
15,14000564,55,0,0,0.0
15,14000565,55,2,0,0.0
15,14000566,55,0,0,0.0
15,14000567,55,14,8,0.014625342991971386
15,14000568,55,6,3,0.02800291631313985
15,14000569,55,24,10,0.034657429158839625
15,14000570,55,0,0,0.0
15,14000571,55,9,3,0.002091747011023766
15,14000572,55,0,0,0.0
15,14000573,55,3,1,4.4094692991053507e-05
15,14000574,55,0,0,0.0
15,14000575,55,0,0,0.0
15,14000576,55,1,1,0.020454355008539066
15,14000577,55,12,2,0.0031963665320865107
15,14000578,55,0,0,0.0
15,14000579,55,2,0,0.0
15,14000580,55,3,0,0.0
15,14000581,55,10,4,0.023703561693560887
15,14000582,55,0,0,0.0
15,14000583,55,0,0,0.0
15,14000584,55,0,0,0.0
15,14000585,55,0,0,0.0
15,14000586,55,18,6,0.0035745133282004543
15,14000587,55,20,13,0.015030150758634484
15,14000588,55,8,7,0.014349389986342442
15,14000589,55,0,0,0.0
15,14000590,55,8,6,0.015446790547055103
15,14000591,55,0,0,0.0
15,14000592,55,0,0,0.0
15,14000593,55,11,7,0.0203170017296826
15,14000594,55,0,0,0.0
15,14000595,55,0,0,0.0
15,14000596,55,0,0,0.0
15,14000597,55,0,0,0.0
15,14000598,55,7,4,0.025370111482580823
15,14000599,55,1,1,0.0009970453954873764
15,14000600,55,2,1,0.0029236541937927574
15,14000601,55,1,0,0.0
15,14000602,55,3,0,0.0
15,14000603,55,2,0,0.0
15,14000604,55,0,0,0.0
15,14000605,55,3,3,0.0031305826014339233
15,14000606,55,19,14,0.09507247480315652
15,14000607,55,9,4,0.05711001522555166
15,14000608,55,2,0,0.0
15,14000609,55,1,0,0.0
15,14000610,55,9,8,0.006007001187173002
15,14000611,55,1,0,0.0
15,14000612,55,2,0,0.0
15,14000613,55,0,0,0.0
15,14000614,55,10,7,0.004386756446446349
15,14000615,55,3,0,0.0
15,14000616,55,7,3,0.014132531401251255
15,14000617,55,0,0,0.0
15,14000618,55,2,0,0.0
15,14000619,55,5,0,0.0
15,14000620,55,0,0,0.0
15,14000621,55,3,0,0.0
15,14000622,55,13,6,0.031470938390978954
15,14000623,55,6,2,0.0019511025811893429
15,14000624,55,3,1,0.0008542933486685306
15,14000625,55,0,0,0.0
15,14000626,55,12,6,0.010905666085250787
15,14000627,55,0,0,0.0
15,14000628,55,14,8,0.16450981229240697
15,14000629,55,0,0,0.0
15,14000630,55,4,0,0.0
15,14000631,55,0,0,0.0
15,14000632,55,8,0,0.0
15,14000633,55,1,0,0.0
15,14000634,55,2,0,0.0
15,14000635,55,0,0,0.0
15,14000636,55,0,0,0.0
15,14000637,55,0,0,0.0
15,14000638,55,0,0,0.0
15,14000639,55,22,10,0.032129835386294645
15,14000640,55,0,0,0.0
15,14000641,55,1,0,0.0
15,14000642,55,7,7,0.04497983125656088
15,14000643,55,0,0,0.0
15,14000644,55,0,0,0.0
15,14000645,55,1,0,0.0
15,14000646,55,1,0,0.0
15,14000647,55,0,0,0.0
15,14000648,55,12,7,0.016762462730661877
15,14000649,55,9,6,0.006032553134066348
15,14000650,55,3,3,0.012771626115427676
15,14000651,55,4,0,0.0
15,14000652,55,0,0,0.0
15,14000653,55,0,0,0.0
15,14000654,55,2,0,0.0
15,14000655,55,5,0,0.0
15,14000656,55,2,0,0.0
15,14000657,55,4,0,0.0
15,14000658,55,5,3,0.0011783591962286307
15,14000659,55,1,0,0.0
15,14000660,55,5,5,0.06170301758761615
15,14000661,55,0,0,0.0
15,14000662,55,0,0,0.0
15,14000663,55,2,0,0.0
15,14000664,55,2,2,0.01784044053796996
15,14000665,55,0,0,0.0
15,14000666,55,1,1,0.048098199857578114
15,14000667,55,0,0,0.0
15,14000668,55,1,1,0.009936125655388373
15,14000669,55,0,0,0.0
15,14000670,55,0,0,0.0
15,14000671,55,7,6,0.007181346026807765
15,14000672,55,6,6,0.034652814004345
15,14000673,55,0,0,0.0
15,14000674,55,0,0,0.0
15,14000675,55,4,1,0.0009191703213132785
15,14000676,55,0,0,0.0
15,14000677,55,7,2,0.008687916678175334
15,14000678,55,15,10,0.0672420156201734
15,14000679,55,0,0,0.0
15,14000680,55,0,0,0.0
15,14000681,55,0,0,0.0
15,14000682,55,8,4,0.00829235697849566
15,14000683,55,0,0,0.0
15,14000684,55,8,0,0.0
15,14000685,55,3,2,0.004094456726496956
15,14000686,55,0,0,0.0
15,14000687,55,0,0,0.0
15,14000688,55,0,0,0.0
15,14000689,55,5,0,0.0
15,14000690,55,2,0,0.0
15,14000691,55,6,4,0.02470381129942155
15,14000692,55,0,0,0.0
15,14000693,55,5,1,0.00018662286239434778
15,14000694,55,0,0,0.0
15,14000695,55,0,0,0.0
15,14000696,55,0,0,0.0
15,14000697,55,2,2,0.045694167398021915
15,14000698,55,13,2,0.0035666008252058165
15,14000699,55,1,0,0.0
15,14000700,55,17,8,0.00807402499602814
15,14000701,55,3,0,0.0
15,14000702,55,0,0,0.0
15,14000703,55,1,0,0.0
15,14000704,55,6,0,0.0
15,14000705,55,0,0,0.0
15,14000706,55,1,0,0.0
15,14000707,55,10,3,0.0019816257029395892
15,14000708,55,1,1,0.0031271926986854715
15,14000709,55,1,0,0.0
15,14000710,55,1,0,0.0
15,14000711,55,4,2,0.01525726202709346
15,14000712,55,21,1,0.0024738586858817357
15,14000713,55,1,0,0.0
15,14000714,55,9,1,0.002676534794643054
15,14000715,55,15,1,0.0008597168644515762
15,14000716,55,0,0,0.0
15,14000717,55,2,0,0.0
15,14000718,55,0,0,0.0
15,14000719,55,1,0,0.0
15,14000720,55,0,0,0.0
15,14000721,55,2,0,0.0
15,14000722,55,11,0,0.0
15,14000723,55,1,0,0.0
15,14000724,55,2,0,0.0
15,14000725,55,2,2,0.024894947170414475
15,14000726,55,0,0,0.0
15,14000727,55,5,1,0.0007549099344240501
15,14000728,55,1,1,0.00033033148455139755
15,14000729,55,2,0,0.0
15,14000730,55,4,0,0.0
15,14000731,55,17,5,0.012894588974174104
15,14000732,55,2,1,0.0010030423996844479
15,14000733,55,6,2,0.00020707431505455803
15,14000734,55,9,8,0.014251378031213008
15,14000735,55,1,0,0.0
15,14000736,55,0,0,0.0
15,14000737,55,1,0,0.0
15,14000738,55,1,0,0.0
15,14000739,55,7,7,0.07291089988488629
15,14000740,55,0,0,0.0
15,14000741,55,5,2,0.0013930843761599068
15,14000742,55,4,2,0.0072456436791818735
15,14000743,55,0,0,0.0
15,14000744,55,10,0,0.0
15,14000745,55,9,0,0.0
15,14000746,55,4,4,0.005284557389266457
15,14000747,55,0,0,0.0
15,14000748,55,1,1,0.015818874253816312
15,14000749,55,9,3,0.0020797744555766454
15,14000750,55,3,0,0.0
15,14000751,55,0,0,0.0
15,14000752,55,6,4,0.020515295483138997
15,14000753,55,0,0,0.0
15,14000754,55,0,0,0.0
15,14000755,55,4,0,0.0
15,14000756,55,0,0,0.0
15,14000757,55,1,0,0.0
15,14000758,55,1,0,0.0
15,14000759,55,0,0,0.0
15,14000760,55,12,0,0.0
15,14000761,55,2,0,0.0
15,14000762,55,0,0,0.0
15,14000763,55,16,6,0.015656035543792593
15,14000764,55,0,0,0.0
15,14000765,55,0,0,0.0
15,14000766,55,0,0,0.0
15,14000767,55,0,0,0.0
15,14000768,55,6,1,0.001054397786114783
15,14000769,55,8,4,0.004306858019138077
15,14000770,55,4,1,0.0022160703974702565
15,14000771,55,0,0,0.0
15,14000772,55,1,0,0.0
15,14000773,55,0,0,0.0
15,14000774,55,7,4,0.0026378523309337695
15,14000775,55,3,0,0.0
15,14000776,55,6,0,0.0
15,14000777,55,9,1,0.0006532846466609324
15,14000778,55,1,0,0.0
15,14000779,55,0,0,0.0
15,14000780,55,1,0,0.0
15,14000781,55,3,1,0.00028476444955618147
15,14000782,55,3,0,0.0
15,14000783,55,0,0,0.0
15,14000784,55,8,3,0.008989103372917168
15,14000785,55,0,0,0.0
15,14000786,55,3,1,0.0016274297364826246
15,14000787,55,3,0,0.0
15,14000788,55,0,0,0.0
15,14000789,55,5,4,0.07681554284627509
15,14000790,55,1,0,0.0
15,14000791,55,2,0,0.0
15,14000792,55,0,0,0.0
15,14000793,55,0,0,0.0
15,14000794,55,1,0,0.0
15,14000795,55,0,0,0.0
15,14000796,55,4,0,0.0
15,14000797,55,3,2,0.00020257610369470158
15,14000798,55,0,0,0.0
15,14000799,55,10,7,0.004367727071973981
15,14000800,55,0,0,0.0
15,14000801,55,0,0,0.0
15,14000802,55,0,0,0.0
15,14000803,55,2,0,0.0
15,14000804,55,2,1,0.018482129871193353
15,14000805,55,9,7,0.018936529310488545
15,14000806,55,3,0,0.0
15,14000807,55,0,0,0.0
15,14000808,55,0,0,0.0
15,14000809,55,5,1,0.00017122407983856391
15,14000810,55,2,0,0.0
15,14000811,55,0,0,0.0
15,14000812,55,0,0,0.0
15,14000813,55,4,0,0.0
15,14000814,55,10,4,0.0090287022476345
15,14000815,55,1,0,0.0
15,14000816,55,0,0,0.0
15,14000817,55,20,5,0.00812229815601083
15,14000818,55,0,0,0.0
15,14000819,55,2,0,0.0
15,14000820,55,5,0,0.0
15,14000821,55,0,0,0.0
15,14000822,55,2,0,0.0
15,14000823,55,2,0,0.0
15,14000824,55,0,0,0.0
15,14000825,55,7,0,0.0
15,14000826,55,3,2,0.004094456726497019
15,14000827,55,0,0,0.0
15,14000828,55,9,0,0.0
15,14000829,55,0,0,0.0
15,14000830,55,2,1,0.0013729936146740368
15,14000831,55,0,0,0.0
15,14000832,55,8,0,0.0
15,14000833,55,0,0,0.0
15,14000834,55,2,0,0.0
15,14000835,55,19,11,0.014837519018567311
15,14000836,55,0,0,0.0
15,14000837,55,3,0,0.0
15,14000838,55,14,4,0.002139281694460077
15,14000839,55,0,0,0.0
15,14000840,55,0,0,0.0
15,14000841,55,1,0,0.0
15,14000842,55,1,0,0.0
15,14000843,55,0,0,0.0
15,14000844,55,2,1,0.0008542933486685537
15,14000845,55,11,9,0.008920335750462118
15,14000846,55,17,2,0.0007679599773589285
15,14000847,55,15,3,0.003956707693107736
15,14000848,55,9,1,0.004301117144345265
15,14000849,55,2,0,0.0
15,14000850,55,1,0,0.0
15,14000851,55,0,0,0.0
15,14000852,55,0,0,0.0
15,14000853,55,1,0,0.0
15,14000854,55,0,0,0.0
15,14000855,55,1,0,0.0
15,14000856,55,2,0,0.0
15,14000857,55,0,0,0.0
15,14000858,55,4,0,0.0
15,14000859,55,1,1,0.0011954419727587678
15,14000860,55,5,1,3.4932953618303786e-05
15,14000861,55,4,1,0.0009909944536541232
15,14000862,55,8,0,0.0
15,14000863,55,0,0,0.0
15,14000864,55,3,0,0.0
15,14000865,55,1,0,0.0
15,14000866,55,8,0,0.0
15,14000867,55,2,0,0.0
15,14000868,55,0,0,0.0
15,14000869,55,0,0,0.0
15,14000870,55,8,0,0.0
15,14000871,55,9,2,0.0025161782008471293
15,14000872,55,5,3,0.008252751452450961
15,14000873,55,4,1,0.03055664416105794
15,14000874,55,5,1,0.0020792250382670463
15,14000875,55,0,0,0.0
15,14000876,55,2,0,0.0
15,14000877,55,0,0,0.0
15,14000878,55,10,0,0.0
15,14000879,55,8,0,0.0
15,14000880,55,0,0,0.0
15,14000881,55,10,0,0.0
15,14000882,55,0,0,0.0
15,14000883,55,5,3,0.025138354820559993
15,14000884,55,0,0,0.0
15,14000885,55,1,1,0.0003477847628332309
15,14000886,55,4,2,0.0033122125600292818
15,14000887,55,14,5,0.03683691895833684
15,14000888,55,4,3,0.004236184138828744
15,14000889,55,8,0,0.0
15,14000890,55,0,0,0.0
15,14000891,55,0,0,0.0
15,14000892,55,5,1,0.0005915249933869798
15,14000893,55,0,0,0.0
15,14000894,55,0,0,0.0
15,14000895,55,4,1,0.0009909944536541232
15,14000896,55,0,0,0.0
15,14000897,55,2,0,0.0
15,14000898,55,0,0,0.0
15,14000899,55,0,0,0.0
15,14000900,55,0,0,0.0
15,14000901,55,1,0,0.0
15,14000902,55,0,0,0.0
15,14000903,55,5,1,0.00042358690302082835
15,14000904,55,5,0,0.0
15,14000905,55,0,0,0.0
15,14000906,55,3,0,0.0
15,14000907,55,2,1,0.0004954972268270824
15,14000908,55,1,0,0.0
15,14000909,55,7,4,0.0019413950021915094
15,14000910,55,6,0,0.0
15,14000911,55,9,0,0.0
15,14000912,55,1,0,0.0
15,14000913,55,2,0,0.0
15,14000914,55,1,0,0.0
15,14000915,55,0,0,0.0
15,14000916,55,4,2,0.0026273453217384953
15,14000917,55,5,0,0.0
15,14000918,55,1,0,0.0
15,14000919,55,0,0,0.0
15,14000920,55,5,4,0.03859800009047417
15,14000921,55,1,0,0.0
15,14000922,55,0,0,0.0
15,14000923,55,0,0,0.0
15,14000924,55,11,0,0.0
15,14000925,55,10,0,0.0
15,14000926,55,1,0,0.0
15,14000927,55,0,0,0.0
15,14000928,55,6,0,0.0
15,14000929,55,0,0,0.0
15,14000930,55,1,0,0.0
15,14000931,55,0,0,0.0
15,14000932,55,13,3,0.02407130958609313
15,14000933,55,1,0,0.0
15,14000934,55,5,0,0.0
15,14000935,55,1,0,0.0
15,14000936,55,0,0,0.0
15,14000937,55,0,0,0.0
15,14000938,55,13,4,0.01562479909684698
15,14000939,55,0,0,0.0
15,14000940,55,15,5,0.005291606159176626
15,14000941,55,0,0,0.0
15,14000942,55,9,2,0.017510102691674634
15,14000943,55,0,0,0.0
15,14000944,55,0,0,0.0
15,14000945,55,3,0,0.0
15,14000946,55,3,2,0.00962934792803001
15,14000947,55,0,0,0.0
15,14000948,55,4,0,0.0
15,14000949,55,6,4,0.0017858747597950114
15,14000950,55,9,8,0.002710375547479197
15,14000951,55,1,0,0.0
15,14000952,55,5,0,0.0
15,14000953,55,7,2,0.007704426826248015
15,14000954,55,0,0,0.0
15,14000955,55,8,7,0.016435251785554952
15,14000956,55,5,3,0.005352896415170658
15,14000957,55,13,10,0.011321133375249575
15,14000958,55,0,0,0.0
15,14000959,55,8,4,0.01309395917773605
15,14000960,55,6,0,0.0
15,14000961,55,1,0,0.0
15,14000962,55,4,0,0.0
15,14000963,55,2,0,0.0
15,14000964,55,0,0,0.0
15,14000965,55,9,4,0.008369630817866833
15,14000966,55,1,0,0.0
15,14000967,55,4,3,0.005876974718569798
15,14000968,55,0,0,0.0
15,14000969,55,1,1,0.0008229582908457142
15,14000970,55,0,0,0.0
15,14000971,55,1,0,0.0
15,14000972,55,4,0,0.0
15,14000973,55,2,0,0.0
15,14000974,55,2,1,0.00017356504759090396
15,14000975,55,0,0,0.0
15,14000976,55,0,0,0.0
15,14000977,55,0,0,0.0
15,14000978,55,22,20,0.054884046806912896
15,14000979,55,1,0,0.0
15,14000980,55,0,0,0.0
15,14000981,55,5,0,0.0
15,14000982,55,0,0,0.0
15,14000983,55,1,0,0.0
15,14000984,55,0,0,0.0
15,14000985,55,0,0,0.0
15,14000986,55,1,0,0.0
15,14000987,55,0,0,0.0
15,14000988,55,0,0,0.0
15,14000989,55,1,0,0.0
15,14000990,55,0,0,0.0
15,14000991,55,5,0,0.0
15,14000992,55,4,0,0.0
15,14000993,55,2,0,0.0
15,14000994,55,4,0,0.0
15,14000995,55,9,3,0.0037254885880466104
15,14000996,55,8,0,0.0
15,14000997,55,0,0,0.0
15,14000998,55,10,1,0.0017140183592120745
15,14000999,55,0,0,0.0
15,14001000,55,0,0,0.0
15,14001001,55,7,4,0.017588032356021008
15,14001002,55,0,0,0.0
15,14001003,55,0,0,0.0
15,14001004,55,0,0,0.0
15,14001005,55,3,0,0.0
15,14001006,55,3,0,0.0
15,14001007,55,17,5,0.0001928540619131937
15,14001008,55,6,0,0.0
15,14001009,55,3,2,0.0025825826876891694
15,14001010,55,7,0,0.0
15,14001011,55,4,0,0.0
15,14001012,55,0,0,0.0
15,14001013,55,0,0,0.0
15,14001014,55,1,0,0.0
15,14001015,55,2,1,0.0034280367184241906
15,14001016,55,0,0,0.0
15,14001017,55,0,0,0.0
15,14001018,55,0,0,0.0
15,14001019,55,1,1,0.019277327819683814
15,14001020,55,0,0,0.0
15,14001021,55,9,8,0.02379866156192298
15,14001022,55,2,1,0.0002174615704455679
15,14001023,55,0,0,0.0
