episode,value,alpha,p,objective,profit,penalty,terminal_inventory,mean_q2,mean_abs_inventory,buy_rate,sell_rate,abstain_rate,mean_spread,mean_center,inferred_value,inferred_alpha,correct_value,correct_alpha,informed_profit,uninformed_profit,informed_exec,uninformed_exec,action_0,action_1,action_2,action_3,action_4,action_5,action_6,action_7,action_8,action_9
2000000,0.0,0.05,0.75,5.4954375,5.5,0.004562500000000003,-4,4.5625,1.8125,0.1875,0.125,0.0,0.4937500000000002,0.5164062500000001,0.31308833272838726,0.05016742258181466,0.11548081355805788,0.05,-1.6500000000000001,7.15,5.0,15.0,0,1,24,0,7,0,2,22,8,0
2000001,1.0,0.05,0.75,-0.8588281250000007,-0.8000000000000007,0.05882812500000002,-12,58.828125,6.796875,0.25,0.0625,0.0,0.4406249999999999,0.6265624999999994,0.996658786184566,0.1233983292562899,0.9952472341251615,0.05000000000000001,-0.7,-0.09999999999999998,6.0,14.0,0,0,4,2,0,0,6,35,17,0
2000002,0.0,0.05,0.75,4.798906249999999,4.799999999999999,0.0010937500000000003,-3,1.09375,0.6875,0.15625,0.109375,0.0,0.5312500000000002,0.4203125000000002,0.11631034770349614,0.050038676254451554,0.00460287717569549,0.05,-0.19999999999999996,5.0,2.0,15.0,0,6,40,1,5,0,0,9,3,0
2000003,0.0,0.05,0.75,1.5976093749999993,1.5999999999999994,0.0023906250000000013,1,2.390625,1.234375,0.109375,0.125,0.0,0.5250000000000001,0.47890625000000026,0.37903853768457124,0.05000604905161077,0.031736692757309455,0.049999999999999996,-0.8500000000000001,2.4499999999999993,3.0,12.0,0,2,29,0,11,0,0,11,11,0
2000004,1.0,0.05,0.75,0.16112500000000105,0.20000000000000107,0.03887500000000002,-8,38.875,6.0,0.203125,0.078125,0.0,0.4187499999999998,0.6406249999999993,0.9403126741662249,0.05139321453342255,0.9394857117806821,0.049999999999999996,-0.6999999999999997,0.9000000000000004,4.0,14.0,0,0,1,0,2,0,5,46,10,0
2000005,1.0,0.05,0.75,0.13265624999999945,0.14999999999999947,0.01734375000000001,-7,17.34375,3.59375,0.1875,0.078125,0.0,0.47187499999999977,0.5679687499999995,0.841899755479947,0.050258405166634275,0.8276566457307419,0.05000000000000001,-0.5999999999999999,0.7499999999999998,2.0,15.0,0,1,14,0,5,0,4,27,13,0
2000006,0.0,0.05,0.75,6.9449687499999975,6.9499999999999975,0.005031250000000001,-6,5.03125,1.65625,0.1875,0.09375,0.0,0.5281250000000004,0.4367187500000004,0.22192328561196564,0.05048569024711001,0.02560573519694463,0.05000000000000001,-0.55,7.499999999999998,4.0,14.0,1,4,37,2,4,1,0,9,6,0
2000007,1.0,0.05,0.75,0.4975156249999996,0.49999999999999956,0.0024843750000000013,-3,2.484375,1.171875,0.125,0.078125,0.0,0.4718750000000001,0.5632812499999997,0.578597672035313,0.050001266052684894,0.5413668962354203,0.05000000000000001,0.0,0.49999999999999944,0.0,13.0,0,0,12,1,12,0,3,21,15,0
2000008,0.0,0.05,0.75,3.144624999999999,3.149999999999999,0.005375000000000004,0,5.375,1.90625,0.140625,0.140625,0.0,0.48124999999999996,0.50703125,0.4291236716755836,0.0500647543244133,0.043877860367806415,0.05000000000000001,-0.95,4.1,4.0,14.0,1,2,20,1,14,0,0,18,8,0
2000009,1.0,0.05,0.75,-0.4254062500000039,-0.4000000000000039,0.02540625,-9,25.40625,3.90625,0.234375,0.09375,0.0,0.41874999999999973,0.5843749999999995,0.9199054350742331,0.05665604835416942,0.9134757330850192,0.05,-1.5999999999999999,1.2000000000000004,6.0,15.0,0,2,10,0,4,0,6,40,2,0
2000010,0.0,0.05,0.75,2.498109375,2.5,0.0018906250000000012,2,1.890625,1.046875,0.109375,0.140625,0.0,0.48437500000000017,0.5609374999999995,0.7634785109034536,0.050042532428040125,0.15331702730529986,0.049999999999999996,-1.75,4.250000000000001,5.0,11.0,0,2,13,0,8,0,4,19,18,0
2000011,0.0,0.05,0.75,4.2971875,4.3,0.0028125000000000016,-1,2.8125,1.375,0.125,0.109375,0.0,0.5593750000000004,0.3945312500000002,0.2099640139660646,0.05002888456173336,0.0011905619456149487,0.05000000000000001,-0.3499999999999999,4.6499999999999995,5.0,10.0,0,1,50,1,6,0,0,4,2,0
2000012,0.0,0.05,0.75,2.0958906250000005,2.1000000000000005,0.004109375000000003,3,4.109375,1.671875,0.140625,0.1875,0.0,0.44374999999999987,0.5960937499999994,0.8885556972157561,0.05043515558999908,0.2695504453299242,0.05000000000000001,-1.1,3.2,3.0,18.0,0,0,8,1,6,0,3,36,10,0
2000013,1.0,0.05,0.75,0.39281250000000034,0.40000000000000036,0.0071875000000000055,-4,7.1875,2.5,0.140625,0.078125,0.0,0.4968750000000001,0.5374999999999998,0.47471094134032094,0.05000265155647962,0.4036087388257342,0.05,-0.6500000000000001,1.0499999999999994,2.0,12.0,0,1,18,1,9,0,3,15,17,0
2000014,0.0,0.05,0.75,5.138453125000002,5.150000000000001,0.011546875000000007,-3,11.546875,2.953125,0.171875,0.125,0.0,0.4812499999999998,0.5703124999999994,0.8211312876222668,0.05071335079424461,0.6206726337159316,0.05,-1.25,6.400000000000001,3.0,16.0,1,1,13,0,4,0,1,29,15,0
2000015,0.0,0.05,0.75,1.3962187499999992,1.3999999999999992,0.0037812500000000025,3,3.78125,1.5625,0.125,0.171875,0.0,0.47499999999999976,0.5374999999999998,0.539866763661487,0.0501108165176108,0.04089947392793039,0.05000000000000001,-1.4,2.799999999999999,4.0,15.0,0,3,16,1,9,0,1,24,10,0
2000016,1.0,0.05,0.75,-0.12406249999999965,-0.09999999999999964,0.0240625,-7,24.0625,4.65625,0.21875,0.109375,0.0,0.4593749999999999,0.5726562499999996,0.6000767686436499,0.05030207927472736,0.5745915050488809,0.05,-1.4500000000000002,1.3499999999999999,4.0,17.0,0,1,12,1,6,0,2,32,10,0
2000017,1.0,0.05,0.75,-1.1835937500000004,-1.1500000000000004,0.03359375000000001,-11,33.59375,4.71875,0.234375,0.0625,0.0,0.46249999999999986,0.5679687499999995,0.953631630100205,0.054693035966871556,0.9516905364023994,0.049999999999999996,-0.34999999999999987,-0.8,3.0,16.0,0,1,12,0,9,0,3,28,11,0
2000018,0.0,0.05,0.75,8.116671875000002,8.150000000000002,0.033328124999999986,-4,33.328125,5.515625,0.25,0.1875,0.0,0.4531249999999997,0.6359374999999993,0.9874210909281806,0.2660388237440832,0.7666136563964009,0.05000000000000001,-1.3,9.450000000000003,3.0,25.0,0,0,2,1,1,0,1,42,17,0
2000019,0.0,0.05,0.75,6.8453124999999995,6.85,0.004687500000000003,-4,4.6875,1.625,0.171875,0.109375,0.0,0.5500000000000004,0.43906250000000024,0.12055210853057105,0.050422055151957905,0.0029516443048778086,0.05,-0.7000000000000002,7.549999999999999,6.0,12.0,0,0,44,0,2,0,1,12,5,0
2000020,1.0,0.05,0.75,1.537171874999999,1.549999999999999,0.012828125000000008,-4,12.828125,2.890625,0.171875,0.109375,0.0,0.4499999999999995,0.5867187499999993,0.8843651105038091,0.050809027781064754,0.8176168705933695,0.05,-0.7499999999999998,2.3000000000000003,5.0,13.0,0,1,11,0,3,0,6,32,11,0
2000021,1.0,0.05,0.75,-1.4691562500000002,-1.4500000000000002,0.019156250000000007,-7,19.15625,3.65625,0.140625,0.03125,0.0,0.4687499999999998,0.5679687499999995,0.7798481072544747,0.050002079041819546,0.7778686781928972,0.05,0.0,-1.4500000000000004,0.0,11.0,0,2,12,1,6,0,2,28,13,0
2000022,1.0,0.05,0.75,4.291625000000001,4.300000000000001,0.008375000000000006,-1,8.375,2.5,0.171875,0.15625,0.0,0.43749999999999983,0.6312499999999993,0.8170377785449239,0.05257467563374031,0.6433756892830111,0.05,-0.3999999999999999,4.7,4.0,17.0,0,0,2,0,4,0,4,40,14,0
2000023,0.0,0.05,0.75,2.8436406249999986,2.8499999999999988,0.006359375000000004,1,6.359375,2.234375,0.140625,0.15625,0.0,0.47187500000000004,0.5984374999999995,0.8047448406044212,0.050145916508813004,0.41373096577713675,0.05,0.0,2.8499999999999988,0.0,19.0,0,2,7,0,4,0,3,29,19,0
2000024,0.0,0.05,0.75,8.02621875,8.05,0.023781250000000004,-10,23.78125,3.8125,0.203125,0.046875,0.0,0.49687500000000007,0.5023437500000001,0.5134079551689119,0.050035263693655636,0.5024942546611558,0.05,-0.4,8.45,2.0,14.0,2,1,24,0,9,0,1,17,10,0
2000025,0.0,0.05,0.75,10.4800625,10.5,0.019937500000000007,-9,19.9375,3.40625,0.265625,0.125,0.0,0.5718750000000005,0.39218750000000024,0.0029936434585392563,0.05231878110297918,0.00013301056921749617,0.05000000000000001,-0.19999999999999996,10.700000000000001,4.0,21.0,0,2,51,0,4,0,0,3,4,0
2000026,0.0,0.05,0.75,4.69528125,4.7,0.004718750000000002,-4,4.71875,1.5625,0.15625,0.09375,0.0,0.5218750000000002,0.4976562499999999,0.576037884653836,0.050028038595446814,0.3150563379547978,0.05,-1.4000000000000001,6.1,4.0,12.0,0,2,25,1,9,1,0,12,14,0
2000027,0.0,0.05,0.75,9.591,9.649999999999999,0.059000000000000004,-11,59.0,7.09375,0.21875,0.046875,0.0,0.41562499999999974,0.6171874999999993,0.9744415606401375,0.0525404291793876,0.9741209586677844,0.05,-0.45,10.099999999999998,1.0,16.0,0,0,5,1,3,0,6,42,7,0
2000028,0.0,0.05,0.75,7.177390624999999,7.199999999999999,0.022609375,-6,22.609375,4.328125,0.1875,0.09375,0.0,0.45312499999999983,0.6148437499999994,0.9354960210488269,0.05134612688119881,0.9307786778636025,0.05,-0.45,7.649999999999999,1.0,17.0,0,1,5,1,2,0,2,38,15,0
2000029,0.0,0.05,0.75,3.995125,4.0,0.004875000000000003,-2,4.875,1.875,0.140625,0.109375,0.0,0.44999999999999984,0.6007812499999995,0.5937048584873266,0.05001510135126653,0.527857969460324,0.05,-0.9000000000000001,4.9,2.0,14.0,0,1,6,1,6,0,4,31,15,0
2000030,1.0,0.05,0.75,-0.265484375,-0.25,0.015484375000000012,-5,15.484375,3.546875,0.125,0.046875,0.0,0.4343749999999996,0.5796874999999994,0.854217224603548,0.05000394031236287,0.849700289914229,0.05000000000000001,-0.5999999999999999,0.34999999999999987,4.0,7.0,0,2,10,0,6,0,7,31,8,0
2000031,0.0,0.05,0.75,4.046265624999999,4.049999999999999,0.0037343750000000024,-2,3.734375,1.734375,0.140625,0.109375,0.0,0.4843750000000001,0.5820312499999997,0.6754737964602155,0.050026084495342876,0.560488158141679,0.05,-2.0,6.05,5.0,11.0,0,0,11,1,6,0,1,27,18,0
2000032,1.0,0.05,0.75,-0.6034218750000025,-0.5500000000000025,0.05342187500000002,-11,53.421875,6.828125,0.21875,0.046875,0.0,0.46874999999999994,0.6335937499999993,0.9974841661944707,0.0779672288679317,0.9971588441348963,0.05,-0.050000000000000044,-0.5,1.0,16.0,0,0,3,0,1,0,5,31,24,0
2000033,0.0,0.05,0.75,4.748062499999998,4.749999999999998,0.0019375000000000009,-2,1.9375,1.15625,0.1875,0.15625,0.0,0.5000000000000002,0.50703125,0.1202312515562402,0.050617436268877145,0.012266626424738905,0.05000000000000001,-3.4,8.15,10.0,12.0,0,1,26,0,7,0,1,22,7,0
2000034,1.0,0.05,0.75,1.5858593749999996,1.5999999999999996,0.01414062500000001,-4,14.140625,3.671875,0.171875,0.109375,0.0,0.46249999999999986,0.6312499999999993,0.7868149306229323,0.05017095877897399,0.7727832803923292,0.05000000000000001,-0.4999999999999998,2.0999999999999996,4.0,14.0,0,0,2,0,4,0,4,32,22,0
2000035,1.0,0.05,0.75,2.1431562499999988,2.1499999999999986,0.006843750000000003,-2,6.84375,1.875,0.15625,0.125,0.0,0.478125,0.5773437499999997,0.49040059817330817,0.05003854697307781,0.33264837220408844,0.05,-0.1499999999999999,2.3,1.0,17.0,0,1,13,0,3,0,1,33,13,0
2000036,1.0,0.05,0.75,1.0483437499999997,1.0999999999999996,0.05165625,-8,51.65625,6.8125,0.21875,0.09375,0.0,0.46875000000000006,0.6406249999999992,0.9935460713051012,0.08911620581693827,0.9921057644778388,0.05,-0.6000000000000001,1.7000000000000002,6.0,14.0,0,0,2,0,0,0,5,32,25,0
2000037,0.0,0.05,0.75,5.144187499999999,5.1499999999999995,0.005812500000000004,-3,5.8125,2.34375,0.171875,0.125,0.0,0.46562500000000007,0.5656249999999998,0.6130008146135317,0.05017228923823427,0.4341021231150664,0.05,-1.4000000000000001,6.55,4.0,15.0,1,2,10,0,10,0,0,29,12,0
2000038,1.0,0.05,0.75,1.1784687499999993,1.1999999999999993,0.02153124999999999,-5,21.53125,4.3125,0.1875,0.109375,0.0,0.45625,0.6054687499999994,0.7730620329583837,0.05044088402169056,0.745911469138359,0.05,-0.44999999999999973,1.6500000000000004,3.0,16.0,0,1,8,0,1,0,1,42,11,0
2000039,1.0,0.05,0.75,1.3312031250000005,1.3500000000000005,0.018796875000000005,-5,18.796875,4.078125,0.171875,0.09375,0.0,0.45624999999999993,0.6289062499999993,0.7857060299258847,0.050151511583089704,0.7773504327805374,0.05,-0.7499999999999998,2.1000000000000005,4.0,13.0,0,0,1,0,7,0,2,35,19,0
2000040,1.0,0.05,0.75,3.0476875,3.05,0.002312500000000001,1,2.3125,1.21875,0.140625,0.15625,0.0,0.45624999999999993,0.5515624999999997,0.716595988126218,0.05006278506911325,0.19481466721658455,0.05,-0.3500000000000001,3.4000000000000004,1.0,18.0,1,4,13,2,4,0,5,22,13,0
2000041,0.0,0.05,0.75,2.243281249999999,2.249999999999999,0.006718750000000004,2,6.71875,2.375,0.140625,0.171875,0.0,0.4781249999999999,0.5890624999999995,0.6907832955002567,0.050180504112890364,0.15690763451846063,0.05,-1.6,3.8500000000000005,4.0,16.0,0,0,10,0,6,0,2,29,17,0
2000042,1.0,0.05,0.75,-1.293703125,-1.25,0.04370312500000001,-11,43.703125,5.140625,0.25,0.078125,0.0,0.4999999999999997,0.5234374999999997,0.6792031863689065,0.05416303133868251,0.6523820260359225,0.05,-0.6500000000000001,-0.6000000000000003,2.0,19.0,0,0,23,2,6,0,1,20,12,0
2000043,0.0,0.05,0.75,10.930328125000003,10.950000000000003,0.019671875000000002,-10,19.671875,3.328125,0.28125,0.125,0.0,0.5781250000000007,0.3734375000000002,0.07208837278687824,0.06622125660320959,0.0005685160389939208,0.049999999999999996,-0.49999999999999994,11.450000000000003,5.0,21.0,0,3,54,0,3,1,0,1,2,0
2000044,1.0,0.05,0.75,1.7975156249999988,1.799999999999999,0.0024843750000000018,-2,2.484375,1.265625,0.15625,0.125,0.0,0.48749999999999993,0.5515624999999997,0.6650452654810883,0.05005998590352429,0.4032307395947379,0.05,-0.55,2.3499999999999996,3.0,15.0,0,2,15,0,7,1,2,23,14,0
2000045,0.0,0.05,0.75,3.1442343749999995,3.1499999999999995,0.005765625000000003,1,5.765625,2.109375,0.171875,0.1875,0.0,0.44375,0.5937499999999997,0.4350288921054056,0.05130626264268677,0.0910256213337066,0.05,-0.75,3.8999999999999995,2.0,21.0,1,0,6,1,8,1,1,36,10,0
2000046,1.0,0.05,0.75,-0.6645624999999995,-0.6499999999999995,0.014562500000000011,-6,14.5625,3.3125,0.125,0.03125,0.0,0.4406249999999999,0.5890624999999995,0.8494371216225768,0.05000324248644259,0.8475741584156179,0.05000000000000001,-1.4499999999999997,0.8,6.0,4.0,0,1,8,3,5,0,4,31,12,0
2000047,0.0,0.05,0.75,5.9897656249999995,5.999999999999999,0.010234375000000006,-6,10.234375,2.453125,0.15625,0.0625,0.0,0.5156250000000003,0.4882812500000002,0.20275838656556347,0.05000634496787781,0.1290357103355014,0.05,-0.45,6.45,3.0,11.0,0,2,29,1,6,0,0,17,9,0
2000048,1.0,0.05,0.75,0.6399531249999995,0.6499999999999995,0.010046875000000005,-3,10.046875,2.859375,0.140625,0.09375,0.0,0.4562499999999999,0.5867187499999994,0.5152337877703898,0.050003030643515516,0.4808327635691327,0.05,-1.2500000000000002,1.9000000000000001,4.0,11.0,0,0,10,1,6,0,3,32,12,0
2000049,1.0,0.05,0.75,-0.9740312499999993,-0.9499999999999993,0.024031250000000007,-7,24.03125,4.1875,0.140625,0.03125,0.0,0.47187499999999993,0.5703124999999993,0.9087710134625718,0.05001062590357776,0.9069828139921403,0.05,-0.5499999999999998,-0.3999999999999999,3.0,8.0,0,2,13,0,4,0,6,23,16,0
2000050,0.0,0.05,0.75,1.3987656249999998,1.3999999999999997,0.0012343750000000007,0,1.234375,0.859375,0.109375,0.109375,0.0,0.49999999999999994,0.5023437499999999,0.5372173531467176,0.05000184759107153,0.16371199407742962,0.05000000000000002,-0.65,2.05,2.0,12.0,0,4,20,1,13,1,1,11,13,0
2000051,0.0,0.05,0.75,5.145312499999998,5.149999999999999,0.004687500000000001,-5,4.6875,1.3125,0.15625,0.078125,0.0,0.5343750000000003,0.4507812499999998,0.3587358916298969,0.05001480423775829,0.13691828938812112,0.05,-1.0499999999999998,6.200000000000001,4.0,11.0,0,2,37,2,5,0,1,8,9,0
2000052,0.0,0.05,0.75,10.015281249999997,10.049999999999997,0.03471875000000001,-9,34.71875,5.40625,0.25,0.109375,0.0,0.4281249999999998,0.6265624999999994,0.9944449177240123,0.18863498072893017,0.9867262100379554,0.05,-0.9,10.949999999999998,2.0,21.0,0,0,4,0,2,0,4,45,9,0
2000053,0.0,0.05,0.75,8.18828125,8.2,0.011718750000000005,-6,11.71875,2.5,0.21875,0.125,0.0,0.5750000000000005,0.38046875000000024,0.011291518448125818,0.05118798216004413,0.0001828876288933487,0.05,-0.3999999999999999,8.600000000000001,6.0,16.0,0,2,53,0,5,0,0,1,3,0
2000054,1.0,0.05,0.75,1.0769218749999996,1.0999999999999996,0.023078124999999998,-4,23.078125,4.328125,0.15625,0.09375,0.0,0.42812499999999964,0.6054687499999993,0.8595591392422895,0.05007325768881481,0.8449413524454601,0.05,-0.6500000000000001,1.7500000000000002,3.0,13.0,1,0,6,0,5,0,4,40,8,0
2000055,0.0,0.05,0.75,2.699390625,2.6999999999999997,0.0006093750000000003,0,0.609375,0.546875,0.109375,0.109375,0.0,0.45312499999999983,0.5914062499999994,0.7601657396434778,0.05000793160347625,0.6075108626110289,0.04999999999999999,-1.25,3.95,3.0,11.0,0,0,10,2,3,0,4,32,13,0
2000056,1.0,0.05,0.75,2.9452812500000003,2.95,0.0047187500000000025,-2,4.71875,1.8125,0.15625,0.125,0.0,0.46562499999999973,0.5749999999999994,0.859919782983964,0.05063904940041509,0.630984115616179,0.04999999999999999,-0.34999999999999987,3.3,3.0,15.0,0,1,12,1,5,0,1,33,11,0
2000057,1.0,0.05,0.75,-1.7375000000000012,-1.700000000000001,0.037500000000000006,-10,37.5,5.40625,0.1875,0.03125,0.0,0.42812499999999964,0.5820312499999994,0.9609411643517192,0.05021249269794176,0.9606743855593631,0.05000000000000001,-0.7,-0.9999999999999998,4.0,10.0,0,2,9,2,5,0,3,38,5,0
2000058,0.0,0.05,0.75,4.740609375,4.75,0.009390625000000005,-2,9.390625,2.703125,0.171875,0.140625,0.0,0.5187500000000002,0.4250000000000001,0.2027350229666492,0.05029950638506397,0.003419491602509101,0.05,-1.05,5.8,6.0,14.0,2,4,38,0,8,0,0,10,2,0
2000059,1.0,0.05,0.75,1.4270468749999994,1.4499999999999993,0.022953125000000005,-7,22.953125,4.453125,0.21875,0.109375,0.0,0.4437499999999997,0.6335937499999993,0.9157473702239034,0.05855957332871085,0.9083190362134249,0.05,-0.5999999999999996,2.05,4.0,17.0,0,0,2,0,3,0,6,35,18,0
2000060,0.0,0.05,0.75,5.185250000000001,5.200000000000001,0.01475000000000001,-4,14.75,3.34375,0.171875,0.109375,0.0,0.5343750000000002,0.4554687499999998,0.30777844798624204,0.0501309333652436,0.03587020599433849,0.05,-0.5,5.700000000000001,2.0,16.0,0,3,36,1,4,0,1,10,9,0
2000061,1.0,0.05,0.75,0.3325781249999996,0.34999999999999964,0.01742187500000001,-9,17.421875,3.546875,0.21875,0.078125,0.0,0.5031249999999999,0.5562499999999995,0.9523747685498436,0.06591944573906842,0.9424179127304732,0.05,-0.6000000000000001,0.95,4.0,15.0,0,1,16,0,6,0,0,24,17,0
2000062,1.0,0.05,0.75,3.24275,3.25,0.007250000000000003,-4,7.25,2.4375,0.234375,0.171875,0.0,0.44062499999999993,0.6265624999999994,0.9677077991606338,0.17542726312598816,0.864181122317245,0.05,-0.30000000000000004,3.5500000000000003,2.0,24.0,0,0,3,0,4,0,4,39,14,0
2000063,1.0,0.05,0.75,0.8283593749999997,0.8499999999999996,0.021640625000000014,-8,21.640625,3.671875,0.21875,0.09375,0.0,0.4281249999999998,0.6218749999999994,0.9528148760220566,0.06008682243196426,0.9486669132157907,0.05,-0.44999999999999973,1.3000000000000007,3.0,17.0,0,0,3,2,4,0,4,39,12,0
2000064,0.0,0.05,0.75,10.370359375000001,10.400000000000002,0.029640625000000018,-9,29.640625,4.734375,0.265625,0.125,0.0,0.5875000000000006,0.36640625000000027,0.006062468622246057,0.053086092222259705,0.00010051095438167835,0.05000000000000001,-0.39999999999999997,10.800000000000002,5.0,20.0,0,1,58,0,2,1,0,1,1,0
2000065,1.0,0.05,0.75,0.9180468749999993,0.9499999999999993,0.031953125,-8,31.953125,4.953125,0.234375,0.109375,0.0,0.4124999999999996,0.6078124999999993,0.8533013094217673,0.058675120544482276,0.8404279921505622,0.049999999999999996,-0.7499999999999996,1.7,5.0,17.0,0,1,6,1,3,0,7,40,6,0
2000066,1.0,0.05,0.75,1.6444687499999995,1.6499999999999995,0.005531250000000004,-2,5.53125,2.15625,0.125,0.09375,0.0,0.45625,0.6265624999999994,0.7512826860592368,0.050008594107313696,0.7321322788966224,0.05,0.0,1.6500000000000006,0.0,14.0,0,0,4,0,2,0,2,40,16,0
2000067,0.0,0.05,0.75,8.093796874999999,8.1,0.006203125000000004,-6,6.203125,1.921875,0.21875,0.125,0.0,0.5531250000000003,0.38046875000000013,0.11377244102872568,0.05529159016997385,0.0011050107926599579,0.05,-0.75,8.850000000000001,6.0,16.0,1,3,49,1,8,0,0,0,2,0
2000068,0.0,0.05,0.75,7.23609375,7.25,0.013906250000000009,-8,13.90625,2.96875,0.1875,0.0625,0.0,0.5500000000000003,0.40156250000000004,0.23215157862376418,0.050234552888310066,0.04273144673460428,0.05,-0.55,7.800000000000001,3.0,13.0,1,1,47,1,7,0,0,4,3,0
2000069,1.0,0.05,0.75,0.6688906250000002,0.7000000000000002,0.031109375000000005,-6,31.109375,5.421875,0.171875,0.078125,0.0,0.4406249999999998,0.6406249999999993,0.905688286924833,0.05020532466928221,0.904446491650384,0.05000000000000001,-0.9499999999999997,1.6500000000000004,6.0,10.0,0,0,1,0,2,0,2,45,14,0
2000070,0.0,0.05,0.75,8.88565625,8.9,0.01434375000000001,-6,14.34375,3.15625,0.25,0.15625,0.0,0.5750000000000005,0.36875000000000024,0.009225045782290286,0.0698196973349851,3.5681486012891925e-05,0.05000000000000001,-0.9500000000000002,9.850000000000001,8.0,18.0,0,3,55,0,4,0,0,1,1,0
2000071,1.0,0.05,0.75,-1.8818593750000014,-1.8500000000000014,0.031859374999999995,-11,31.859375,4.234375,0.21875,0.046875,0.0,0.51875,0.46015624999999977,0.55283590477278,0.050866922530560285,0.4871922583662722,0.05,-0.3500000000000001,-1.5000000000000004,1.0,16.0,0,5,33,1,4,0,1,13,7,0
2000072,0.0,0.05,0.75,10.98259375,11.0,0.017406249999999998,-11,17.40625,2.75,0.28125,0.109375,0.0,0.5625000000000003,0.37343750000000026,0.012157345316006204,0.0522373995946848,0.0005147272494400144,0.049999999999999996,-0.29999999999999993,11.300000000000002,4.0,21.0,0,5,51,1,5,0,0,0,2,0
2000073,0.0,0.05,0.75,6.1429687500000005,6.15,0.007031250000000004,-5,7.03125,1.9375,0.171875,0.09375,0.0,0.5593750000000005,0.38984375000000016,0.13634848992908777,0.050105318196705266,0.00399620135954241,0.049999999999999996,-0.44999999999999996,6.6,4.0,13.0,1,3,49,0,5,0,0,3,3,0
2000074,1.0,0.05,0.75,-0.5961562500000007,-0.5500000000000007,0.04615625000000002,-9,46.15625,5.9375,0.1875,0.046875,0.0,0.4499999999999997,0.6007812499999994,0.9500148957157737,0.05042803899695996,0.9495725048855438,0.05,-0.5999999999999996,0.04999999999999982,4.0,11.0,0,0,8,0,5,0,2,39,10,0
2000075,0.0,0.05,0.75,3.5956093749999996,3.5999999999999996,0.004390625000000003,-2,4.390625,1.671875,0.140625,0.109375,0.0,0.5062500000000001,0.5000000000000001,0.3891463286865048,0.05001535256009191,0.10151271673830838,0.05000000000000001,-1.55,5.1499999999999995,5.0,11.0,0,2,26,1,7,0,2,15,11,0
2000076,1.0,0.05,0.75,-0.2615468750000009,-0.2500000000000009,0.011546875000000009,-6,11.546875,3.078125,0.171875,0.078125,0.0,0.42499999999999993,0.6101562499999995,0.8158499548780078,0.05004803403375793,0.8118133046961146,0.05,-0.6999999999999998,0.45000000000000007,3.0,13.0,0,0,5,3,4,0,4,38,10,0
2000077,0.0,0.05,0.75,2.195593749999999,2.1999999999999993,0.004406250000000002,1,4.40625,1.6875,0.125,0.140625,0.0,0.471875,0.5585937499999997,0.756525746791867,0.050029093754488906,0.2713386843444627,0.05,-0.8,2.999999999999999,2.0,15.0,0,1,14,0,9,0,1,29,10,0
2000078,1.0,0.05,0.75,1.3932812499999994,1.3999999999999995,0.006718750000000005,-3,6.71875,2.34375,0.15625,0.109375,0.0,0.4968749999999999,0.5492187499999996,0.5449700372703926,0.05002915780634145,0.3720925634629143,0.04999999999999999,-0.7000000000000002,2.0999999999999996,2.0,15.0,0,1,17,0,6,1,0,26,13,0
2000079,1.0,0.05,0.75,0.7416874999999999,0.75,0.008312500000000006,-4,8.3125,2.5625,0.140625,0.078125,0.0,0.4531249999999998,0.6031249999999995,0.747097826075642,0.05000900512071101,0.7365313721434151,0.05,-0.7499999999999998,1.4999999999999998,5.0,9.0,0,0,7,0,6,0,3,35,13,0
2000080,1.0,0.05,0.75,0.4346093750000011,0.45000000000000107,0.015390625000000008,-9,15.390625,3.453125,0.21875,0.078125,0.0,0.4624999999999997,0.5843749999999995,0.9150237587354465,0.05893561130241241,0.9077323653431308,0.05000000000000001,-0.6499999999999999,1.1,3.0,16.0,0,0,11,0,5,1,4,31,12,0
2000081,0.0,0.05,0.75,4.196874999999999,4.199999999999998,0.003125000000000002,-3,3.125,1.625,0.15625,0.109375,0.0,0.521875,0.47421874999999997,0.34945998028345143,0.050025956100772324,0.0771678620905008,0.05,-0.04999999999999999,4.249999999999999,1.0,16.0,0,2,31,0,8,1,0,15,7,0
2000082,0.0,0.05,0.75,7.779531249999999,7.799999999999999,0.020468750000000004,-9,20.46875,3.625,0.21875,0.078125,0.0,0.44687499999999986,0.5679687499999995,0.826918133061256,0.05039751694124887,0.821809714513452,0.05,-0.45,8.249999999999998,1.0,18.0,1,0,12,2,7,0,3,30,9,0
2000083,0.0,0.05,0.75,3.3442343749999988,3.3499999999999988,0.005765625000000004,-2,5.765625,2.109375,0.15625,0.125,0.0,0.4843749999999999,0.5515624999999998,0.3313033997345827,0.05001504529399121,0.20002017900093189,0.049999999999999996,-2.0,5.35,5.0,13.0,0,2,16,2,4,0,1,25,14,0
2000084,1.0,0.05,0.75,-0.818124999999999,-0.7999999999999989,0.018125000000000013,-6,18.125,3.6875,0.15625,0.0625,0.0,0.459375,0.5609374999999996,0.6605172386809672,0.05000454192959649,0.6486089414325832,0.05,-0.5,-0.30000000000000027,2.0,12.0,1,1,14,1,5,0,5,25,12,0
2000085,1.0,0.05,0.75,-0.0707187500000025,-0.05000000000000249,0.02071875000000001,-11,20.71875,3.8125,0.265625,0.09375,0.0,0.42812499999999987,0.6265624999999994,0.9857930252481151,0.1413280527968825,0.9773455343464084,0.049999999999999996,-0.44999999999999973,0.4000000000000006,3.0,20.0,0,0,3,0,4,0,5,41,11,0
2000086,1.0,0.05,0.75,0.758499999999999,0.7999999999999989,0.0415,-9,41.5,5.75,0.234375,0.09375,0.0,0.4406249999999998,0.6335937499999993,0.9622908926145162,0.07375006384644528,0.9575246556983744,0.05000000000000001,-0.2999999999999998,1.1000000000000005,2.0,19.0,0,0,2,1,2,0,2,43,14,0
2000087,1.0,0.05,0.75,0.08654687499999875,0.09999999999999876,0.013453125000000008,-5,13.453125,3.265625,0.15625,0.078125,0.0,0.4656249999999998,0.5820312499999996,0.6385998131464877,0.05000799089455277,0.6240579052861922,0.05,-1.0,1.0999999999999999,4.0,11.0,0,2,9,0,7,0,3,28,15,0
2000088,0.0,0.05,0.75,3.7991875,3.8,0.0008125000000000005,-1,0.8125,0.625,0.140625,0.125,0.0,0.5312500000000002,0.41562500000000024,0.16782887712709665,0.05005118612563237,0.002313704640238021,0.05,-0.6,4.3999999999999995,4.0,13.0,1,5,40,1,7,0,0,6,4,0
2000089,0.0,0.05,0.75,4.946640625,4.949999999999999,0.003359375000000002,-3,3.359375,1.390625,0.125,0.078125,0.0,0.5531250000000003,0.3851562500000002,0.10232238088403003,0.05000784633841657,0.0011413508668649192,0.05000000000000001,-0.24999999999999994,5.199999999999999,5.0,8.0,1,4,47,0,7,2,0,2,1,0
2000090,1.0,0.05,0.75,-0.36515625000000057,-0.35000000000000053,0.015156250000000012,-7,15.15625,3.34375,0.15625,0.046875,0.0,0.475,0.5773437499999995,0.9238941435198817,0.05004555699974913,0.9217484847395608,0.05,-0.050000000000000044,-0.30000000000000016,1.0,12.0,0,1,11,1,6,0,1,29,15,0
2000091,0.0,0.05,0.75,0.393671875,0.4,0.006328125000000005,4,6.328125,2.046875,0.125,0.1875,0.0,0.446875,0.5796874999999997,0.6130037146361199,0.05026124136920455,0.08369782832588377,0.05000000000000001,-2.45,2.8499999999999996,6.0,14.0,1,3,8,0,6,0,2,34,10,0
2000092,0.0,0.05,0.75,6.098609374999999,6.099999999999999,0.0013906250000000008,-1,1.390625,0.984375,0.1875,0.171875,0.0,0.5718750000000006,0.37578125000000034,0.011837278763259273,0.07445941627150632,9.751652343889646e-06,0.05,-0.9000000000000001,7.0,8.0,15.0,0,1,55,0,5,0,0,3,0,0
2000093,0.0,0.05,0.75,0.7465468749999995,0.7499999999999996,0.0034531250000000026,3,3.453125,1.640625,0.09375,0.140625,0.0,0.47812499999999997,0.5914062499999995,0.5234548771604942,0.0500158610412721,0.1922143181001069,0.05,-0.8,1.5499999999999996,2.0,13.0,0,0,12,0,1,0,0,38,13,0
2000094,0.0,0.05,0.75,3.8979218749999993,3.8999999999999995,0.002078125000000001,-3,2.078125,1.109375,0.140625,0.09375,0.0,0.5,0.5585937499999997,0.44195564088850536,0.05000356221335258,0.363299747725449,0.05,-1.1500000000000001,5.05,3.0,12.0,1,1,14,0,7,0,0,22,19,0
2000095,0.0,0.05,0.75,5.7400625,5.75,0.009937500000000005,-5,9.9375,2.4375,0.203125,0.125,0.0,0.5343750000000002,0.42500000000000016,0.29830670218112604,0.050807071992203204,0.0238493798431061,0.049999999999999996,-0.7,6.449999999999999,4.0,17.0,2,2,42,0,4,0,0,11,3,0
2000096,0.0,0.05,0.75,8.073687499999997,8.099999999999996,0.026312500000000016,-8,26.3125,4.4375,0.25,0.125,0.0,0.5281250000000003,0.44609375000000034,0.2543168950469186,0.05737039478526035,0.056020100891619615,0.05,-0.8500000000000001,8.949999999999998,4.0,20.0,0,3,37,1,6,0,0,12,5,0
2000097,0.0,0.05,0.75,9.830421875,9.850000000000001,0.019578125000000005,-7,19.578125,3.828125,0.25,0.140625,0.0,0.5937500000000007,0.35234375000000023,0.003887518682600614,0.06439889955078079,1.4252702926177231e-05,0.049999999999999996,-0.3499999999999999,10.200000000000001,7.0,18.0,0,1,62,0,1,0,0,0,0,0
2000098,0.0,0.05,0.75,3.1984062499999997,3.1999999999999997,0.001593750000000001,-2,1.59375,1.0,0.109375,0.078125,0.0,0.5062500000000001,0.5374999999999998,0.5138696717983121,0.05000116712751371,0.3513317288602534,0.05,-1.1500000000000001,4.35,3.0,9.0,0,1,16,1,12,1,0,15,18,0
2000099,0.0,0.05,0.75,6.38896875,6.4,0.011031250000000008,-5,11.03125,3.0,0.171875,0.09375,0.0,0.5125000000000004,0.5070312500000004,0.04084626885416241,0.05001511266354623,0.020533808590946397,0.05000000000000002,-0.44999999999999996,6.8500000000000005,4.0,13.0,0,0,26,1,8,0,0,18,11,0
2000100,1.0,0.05,0.75,3.1458749999999984,3.1499999999999986,0.004125000000000003,-3,4.125,1.71875,0.21875,0.171875,0.0,0.4468749999999998,0.6124999999999994,0.7995209194468617,0.0704826671503873,0.5614622088879251,0.05,-0.34999999999999987,3.5,3.0,22.0,0,0,6,0,4,0,4,37,13,0
2000101,1.0,0.05,0.75,0.2329375,0.25,0.017062500000000008,-4,17.0625,3.71875,0.140625,0.078125,0.0,0.44374999999999987,0.5820312499999994,0.7125029178542833,0.05000702567115151,0.6881387602224367,0.05,-0.5,0.7500000000000003,2.0,12.0,0,2,9,2,5,0,5,29,12,0
2000102,1.0,0.05,0.75,-1.8396093750000007,-1.8000000000000007,0.03960937500000001,-10,39.609375,5.734375,0.1875,0.03125,0.0,0.4281249999999997,0.5984374999999994,0.9434495227956152,0.050146562235136236,0.9432603647293449,0.05,-0.5,-1.2999999999999998,2.0,12.0,0,3,5,0,6,0,5,36,9,0
2000103,1.0,0.05,0.75,-1.3850312500000015,-1.3500000000000014,0.03503125000000001,-7,35.03125,5.125,0.140625,0.03125,0.0,0.44999999999999957,0.5679687499999995,0.8257507207054164,0.05000328383188396,0.8241749644594061,0.05,-0.3500000000000001,-1.0,1.0,10.0,0,0,16,1,2,0,5,34,6,0
2000104,1.0,0.05,0.75,1.8396093750000004,1.8500000000000005,0.010390625000000006,-3,10.390625,2.984375,0.15625,0.109375,0.0,0.4218749999999996,0.6124999999999994,0.7022525675561241,0.05005018252883998,0.6725833847461044,0.05,-0.5,2.3500000000000005,2.0,15.0,0,0,5,2,4,0,3,43,7,0
2000105,1.0,0.05,0.75,-1.0418750000000037,-1.0000000000000036,0.041875000000000016,-13,41.875,5.75,0.25,0.046875,0.0,0.44687499999999974,0.6148437499999994,0.9982931526543073,0.15483067510019272,0.9970449355360935,0.05,-0.44999999999999996,-0.5499999999999994,5.0,14.0,0,1,5,0,3,0,2,41,12,0
2000106,1.0,0.05,0.75,1.2885156250000016,1.3000000000000016,0.011484375000000007,-5,11.484375,3.046875,0.171875,0.09375,0.0,0.4437499999999998,0.6078124999999993,0.9031922468404701,0.050509453796461073,0.8906248059986214,0.05000000000000001,-0.2999999999999998,1.6000000000000008,2.0,15.0,0,1,6,0,4,0,3,39,11,0
2000107,0.0,0.05,0.75,6.0910625,6.1,0.008937500000000006,-6,8.9375,2.1875,0.140625,0.046875,0.0,0.5437500000000003,0.41093749999999984,0.4583611640426796,0.050045943765576174,0.07187161159321394,0.05,-0.14999999999999997,6.25,3.0,9.0,2,3,43,0,6,0,2,1,7,0
2000108,1.0,0.05,0.75,-0.36089062499999963,-0.34999999999999964,0.010890625000000004,-8,10.890625,2.703125,0.1875,0.0625,0.0,0.4343749999999999,0.6171874999999993,0.9308426280221638,0.05032029094523914,0.9298882530064332,0.05,-0.5,0.15000000000000047,3.0,13.0,0,0,4,1,5,0,5,36,13,0
2000109,1.0,0.05,0.75,0.2855937499999998,0.2999999999999998,0.014406250000000011,-6,14.40625,3.4375,0.15625,0.0625,0.0,0.4156249999999998,0.6242187499999994,0.922878104156655,0.05006773826580816,0.9219174397744849,0.05000000000000001,-0.44999999999999996,0.7500000000000001,3.0,11.0,0,0,3,2,3,0,5,42,9,0
2000110,1.0,0.05,0.75,2.3481093750000004,2.3500000000000005,0.0018906250000000008,0,1.890625,1.015625,0.125,0.125,0.0,0.49374999999999986,0.5374999999999996,0.6152898180813339,0.050011710485198924,0.21787456552522452,0.05,-0.5,2.8499999999999996,2.0,14.0,0,1,20,1,5,0,2,22,13,0
2000111,0.0,0.05,0.75,7.959609375,8.0,0.04039062500000001,-10,40.390625,5.671875,0.21875,0.0625,0.0,0.5406250000000002,0.43671875000000016,0.21495102054770118,0.0501050153036818,0.15039803801922877,0.05000000000000001,-0.8500000000000001,8.85,4.0,14.0,1,2,40,0,5,0,0,10,6,0
2000112,1.0,0.05,0.75,0.8473281249999997,0.8499999999999996,0.0026718750000000015,-3,2.671875,1.265625,0.125,0.078125,0.0,0.4656249999999999,0.5914062499999996,0.6645465084181138,0.05000255540827735,0.6432081986478205,0.05,-0.30000000000000004,1.1499999999999997,2.0,11.0,0,0,10,2,3,0,3,30,16,0
2000113,0.0,0.05,0.75,1.9493437500000002,1.9500000000000002,0.0006562500000000004,2,0.65625,0.53125,0.109375,0.140625,0.0,0.5250000000000001,0.49531249999999993,0.5302455208958786,0.05001796051514816,0.027398997906059003,0.05,-1.05,3.0,4.0,12.0,0,1,27,0,10,0,0,13,13,0
2000114,0.0,0.05,0.75,6.484546875,6.5,0.01545312500000001,-5,15.453125,3.609375,0.203125,0.125,0.0,0.4718749999999999,0.5515624999999997,0.554061928005238,0.05163789191861772,0.3672568013380802,0.05,-1.05,7.549999999999998,3.0,18.0,0,0,17,2,6,0,3,25,11,0
2000115,0.0,0.05,0.75,2.248578124999999,2.249999999999999,0.0014218750000000006,0,1.421875,0.984375,0.109375,0.109375,0.0,0.4875,0.5445312499999999,0.37703545387042264,0.05000361097878018,0.16139630655935552,0.049999999999999996,-1.1500000000000001,3.3999999999999995,3.0,11.0,1,0,16,0,11,0,1,21,14,0
2000116,0.0,0.05,0.75,5.726218749999998,5.749999999999998,0.023781250000000004,-7,23.78125,4.375,0.171875,0.0625,0.0,0.48125,0.5703124999999997,0.5630043340942833,0.050003775943915744,0.5592508253750403,0.05,-0.65,6.399999999999999,2.0,13.0,0,0,13,1,6,1,2,26,15,0
2000117,1.0,0.05,0.75,1.3490781249999997,1.3499999999999996,0.0009218750000000006,-2,0.921875,0.703125,0.140625,0.109375,0.0,0.4781249999999999,0.5492187499999999,0.5034368097983012,0.050007357723323445,0.3423655851603924,0.05,-0.30000000000000004,1.6499999999999997,1.0,15.0,0,1,15,2,9,0,1,23,13,0
2000118,1.0,0.05,0.75,0.9120156250000029,0.9500000000000028,0.03798437499999999,-7,37.984375,5.796875,0.234375,0.125,0.0,0.4499999999999995,0.6054687499999994,0.8497456736490038,0.058765933062727274,0.828670464941176,0.05,-0.95,1.9000000000000001,5.0,18.0,0,0,7,1,4,0,3,36,13,0
2000119,0.0,0.05,0.75,3.7447343749999997,3.7499999999999996,0.005265625000000004,-2,5.265625,1.984375,0.125,0.09375,0.015625,0.5301587301587302,0.4285714285714285,0.36503740190606526,0.05001137578918269,0.023429643906136,0.05,-0.04999999999999999,3.7999999999999994,1.0,13.0,0,5,38,1,6,0,0,9,4,1
2000120,1.0,0.05,0.75,-0.4035468750000014,-0.3500000000000014,0.053546875000000015,-10,53.546875,6.453125,0.234375,0.078125,0.0,0.434375,0.6078124999999994,0.9785811929806163,0.06662930714404133,0.9764646813781324,0.05000000000000002,-0.3999999999999999,0.050000000000000044,2.0,18.0,1,0,5,1,4,1,5,35,12,0
2000121,0.0,0.05,0.75,4.436890624999999,4.449999999999999,0.01310937500000001,-3,13.109375,3.296875,0.140625,0.09375,0.0,0.45937499999999976,0.5867187499999994,0.4580439361243721,0.050004858023321865,0.42126727632951483,0.05,0.0,4.449999999999999,0.0,15.0,0,0,11,1,4,0,1,37,10,0
2000122,1.0,0.05,0.75,1.898093749999999,1.899999999999999,0.0019062500000000013,-1,1.90625,1.125,0.125,0.109375,0.0,0.4937499999999999,0.5210937499999999,0.4615246296403437,0.05000548217280131,0.1797638005804902,0.05000000000000001,-0.1499999999999999,2.0499999999999994,1.0,14.0,1,1,20,0,10,1,0,21,10,0
2000123,0.0,0.05,0.75,5.093859375,5.1,0.006140625000000005,-2,6.140625,2.234375,0.140625,0.109375,0.0,0.5656250000000006,0.3710937500000001,0.0732910281292158,0.050081292220782475,0.00018108306358906223,0.05,-0.6500000000000001,5.75,5.0,11.0,1,2,56,1,0,0,2,1,1,0
2000124,0.0,0.05,0.75,5.796937499999999,5.8,0.003062500000000002,-3,3.0625,1.25,0.15625,0.109375,0.0,0.5687500000000003,0.3851562500000001,0.1225973162840548,0.05010084749002871,0.000662522224820997,0.05000000000000001,-0.49999999999999994,6.3,5.0,12.0,0,1,51,0,9,0,0,0,3,0
2000125,1.0,0.05,0.75,1.4324374999999994,1.4499999999999993,0.017562499999999998,-3,17.5625,3.78125,0.140625,0.09375,0.0,0.42812499999999964,0.6124999999999994,0.7452596417804817,0.050023848606556884,0.7177505091879717,0.05,-0.25,1.7000000000000006,1.0,14.0,0,0,6,1,3,0,4,42,8,0
2000126,1.0,0.05,0.75,1.8980624999999998,1.8999999999999997,0.0019375000000000009,0,1.9375,1.0,0.109375,0.109375,0.0,0.49374999999999974,0.5585937499999994,0.613484714486383,0.050002715652382734,0.3746988504310892,0.05,-0.7500000000000002,2.65,3.0,11.0,0,2,16,0,3,0,0,29,14,0
2000127,0.0,0.05,0.75,7.778421874999999,7.8,0.021578125000000004,-9,21.578125,3.515625,0.203125,0.0625,0.0,0.48124999999999973,0.5351562499999996,0.5521752850343278,0.050081188724682785,0.5377264127333693,0.049999999999999996,-0.8500000000000001,8.649999999999999,3.0,14.0,0,2,18,1,8,0,3,20,12,0
2000128,1.0,0.05,0.75,2.2890937500000006,2.3000000000000007,0.010906250000000006,-6,10.90625,2.65625,0.21875,0.125,0.0,0.4343749999999998,0.6359374999999993,0.9317710674811155,0.07813318163345168,0.911978091864508,0.05,-0.4999999999999998,2.8000000000000003,4.0,18.0,0,0,1,0,4,0,2,45,12,0
2000129,0.0,0.05,0.75,0.5466249999999994,0.5499999999999994,0.0033750000000000017,3,3.375,1.40625,0.09375,0.140625,0.015625,0.5079365079365079,0.502380952380952,0.5845515068092867,0.05000631205329032,0.05916494026691273,0.049999999999999996,0.0,0.5499999999999994,0.0,15.0,1,2,24,2,6,0,0,15,13,1
2000130,0.0,0.05,0.75,5.145390624999999,5.1499999999999995,0.004609375000000002,-4,4.609375,1.765625,0.171875,0.109375,0.015625,0.48253968253968266,0.530952380952381,0.4581161203046595,0.05016111843833315,0.22414828075773,0.05,-0.5,5.6499999999999995,2.0,16.0,0,4,18,1,5,0,1,24,10,1
2000131,1.0,0.05,0.75,2.1267343749999994,2.1499999999999995,0.023265624999999998,-5,23.265625,4.515625,0.21875,0.140625,0.0,0.5093750000000001,0.47187500000000027,0.10060185564490406,0.051011993829739095,0.012881529837971816,0.05,-0.8500000000000001,2.999999999999999,3.0,20.0,0,4,29,1,9,0,0,14,7,0
2000132,0.0,0.05,0.75,2.2974531249999997,2.3,0.002546875000000002,0,2.546875,1.390625,0.109375,0.109375,0.0,0.5031250000000003,0.528125,0.35706517687551725,0.050004454908261775,0.08847106507671004,0.05,-0.5,2.8000000000000003,2.0,12.0,0,2,22,0,4,0,2,21,13,0
2000133,0.0,0.05,0.75,7.568593750000002,7.600000000000001,0.031406250000000004,-7,31.40625,5.0625,0.203125,0.09375,0.0,0.43124999999999963,0.6007812499999994,0.8542192470126567,0.05115019674240454,0.8448782921796331,0.05000000000000001,0.0,7.600000000000001,0.0,19.0,0,0,8,1,4,0,6,36,9,0
2000134,0.0,0.05,0.75,0.14626562499999923,0.14999999999999925,0.0037343750000000016,4,3.734375,1.484375,0.09375,0.15625,0.0,0.5031250000000003,0.5187500000000003,0.44255690157085054,0.05001797268036717,0.030700034242911345,0.05,-0.9,1.0499999999999992,2.0,14.0,0,2,21,1,8,1,0,19,12,0
2000135,1.0,0.05,0.75,1.3293906250000005,1.3500000000000005,0.02060937500000001,-6,20.609375,4.234375,0.1875,0.09375,0.0,0.45000000000000007,0.6382812499999992,0.9713169749516799,0.05295784247539819,0.969740228140059,0.05000000000000002,-0.3999999999999999,1.7500000000000004,4.0,14.0,0,0,2,0,1,0,3,41,17,0
2000136,0.0,0.05,0.75,6.336546875,6.35,0.01345312500000001,-6,13.453125,2.984375,0.203125,0.109375,0.0,0.509375,0.4882812500000001,0.3533331316965166,0.05030423835698745,0.16191819686987396,0.049999999999999996,-0.7,7.050000000000001,3.0,17.0,0,2,28,1,8,0,0,17,8,0
2000137,0.0,0.05,0.75,3.59615625,3.6,0.0038437500000000025,-1,3.84375,1.59375,0.140625,0.125,0.0,0.4812500000000001,0.5492187499999998,0.3535698443895218,0.05003072549209386,0.1090499467515099,0.05,-1.2000000000000002,4.800000000000001,4.0,13.0,0,3,15,0,7,0,2,24,13,0
2000138,1.0,0.05,0.75,2.58915625,2.5999999999999996,0.010843750000000008,-6,10.84375,2.90625,0.234375,0.140625,0.0,0.42812499999999976,0.6195312499999993,0.9808445768752345,0.1891770890145572,0.9363126430389614,0.05,-0.25,2.850000000000001,3.0,21.0,0,0,4,1,4,0,6,37,12,0
2000139,1.0,0.05,0.75,1.7715156250000017,1.8000000000000016,0.028484375000000003,-4,28.484375,5.078125,0.171875,0.109375,0.0,0.43749999999999983,0.6289062499999993,0.6539424566773133,0.05009947967602451,0.6365914545112635,0.05,-0.44999999999999973,2.25,3.0,15.0,0,0,2,0,5,0,3,41,13,0
2000140,0.0,0.05,0.75,6.424124999999997,6.4499999999999975,0.025875000000000006,-8,25.875,4.15625,0.171875,0.046875,0.0,0.4781249999999998,0.5609374999999994,0.784247743489011,0.05001191147182228,0.781117673267416,0.05,0.0,6.4499999999999975,0.0,14.0,0,0,14,1,9,0,3,22,15,0
2000141,0.0,0.05,0.75,5.142046875,5.15,0.007953125000000002,-3,7.953125,2.234375,0.15625,0.109375,0.0,0.5406250000000001,0.4484375,0.029951997576039554,0.05005768083819993,0.002221652081728898,0.05,-0.9000000000000001,6.05,6.0,11.0,0,0,39,2,6,0,0,9,8,0
2000142,0.0,0.05,0.75,5.488906250000001,5.500000000000001,0.011093750000000006,-4,11.09375,3.1875,0.203125,0.140625,0.015625,0.4476190476190474,0.602380952380952,0.6535937064639031,0.050994286354904515,0.5771271430958304,0.05000000000000001,-0.45,5.949999999999998,1.0,21.0,1,2,4,1,5,0,3,31,16,1
2000143,1.0,0.05,0.75,0.11884375000000036,0.15000000000000036,0.031156250000000003,-9,31.15625,4.9375,0.203125,0.0625,0.0,0.45625,0.6031249999999994,0.9488217206450331,0.05200757079409611,0.9476991454457316,0.05,-1.15,1.3,7.0,10.0,0,1,9,0,0,0,8,29,17,0
2000144,0.0,0.05,0.75,7.869421875,7.8999999999999995,0.03057812500000001,-9,30.578125,4.578125,0.1875,0.046875,0.0,0.5312500000000001,0.45781249999999996,0.39498527202353495,0.050097317554509295,0.3023485307481342,0.05,-0.39999999999999997,8.299999999999999,3.0,12.0,0,1,34,0,12,0,0,9,8,0
2000145,0.0,0.05,0.75,7.3935312500000006,7.4,0.006468750000000003,-7,6.46875,2.0,0.21875,0.109375,0.0,0.5562500000000004,0.3851562500000001,0.14087333378409464,0.052228796230076605,0.0051959745370308,0.05000000000000001,-0.6499999999999999,8.05,5.0,16.0,1,2,52,1,2,0,1,4,1,0
2000146,0.0,0.05,0.75,6.040125000000001,6.050000000000001,0.009875000000000007,-5,9.875,2.5625,0.171875,0.09375,0.0,0.496875,0.5679687499999995,0.7647586237356844,0.05014680250133053,0.7134260458756719,0.05000000000000001,-1.1500000000000001,7.199999999999999,3.0,14.0,0,0,15,1,4,0,2,23,19,0
2000147,1.0,0.05,0.75,-0.8704531249999996,-0.8499999999999996,0.02045312500000001,-9,20.453125,4.015625,0.1875,0.046875,0.0,0.4656249999999997,0.5749999999999995,0.9796570338985112,0.050695256547186145,0.9790983469075694,0.05,-0.75,-0.10000000000000009,6.0,9.0,0,0,14,0,4,0,2,35,9,0
2000148,1.0,0.05,0.75,1.5782656249999987,1.5999999999999988,0.021734375000000007,-6,21.734375,3.890625,0.21875,0.125,0.0,0.4781249999999995,0.5749999999999994,0.6291984740778714,0.05607945843528948,0.5274770331370272,0.05,-0.19999999999999996,1.7999999999999996,2.0,20.0,0,0,14,1,3,0,2,30,14,0
2000149,0.0,0.05,0.75,8.526984375000001,8.55,0.023015625000000012,-8,23.015625,4.234375,0.21875,0.09375,0.0,0.5781250000000004,0.3640625000000001,0.05932413065834408,0.05116184959766289,0.0019720345163172755,0.05,-0.49999999999999994,9.050000000000002,5.0,15.0,0,4,56,0,2,0,0,1,1,0
2000150,0.0,0.05,0.75,6.088234375,6.1,0.011765625000000009,-7,11.765625,2.546875,0.171875,0.0625,0.0,0.5093750000000001,0.4859374999999997,0.3877362656898396,0.050014579913580146,0.29697804581360515,0.05,-0.3,6.399999999999999,1.0,14.0,0,0,27,3,12,1,2,7,12,0
2000151,0.0,0.05,0.75,4.9469062500000005,4.95,0.003093750000000002,-1,3.09375,1.4375,0.1875,0.171875,0.0,0.5125000000000001,0.45781250000000023,0.1868368734179624,0.05253806703649812,0.003261742810305844,0.05,-1.85,6.800000000000001,7.0,16.0,1,4,31,0,9,1,0,13,5,0
2000152,0.0,0.05,0.75,3.747015625,3.75,0.0029843750000000013,-1,2.984375,1.453125,0.171875,0.15625,0.0,0.4343750000000002,0.6124999999999996,0.4688111288143881,0.05016732734017108,0.27320525050328665,0.05000000000000001,-0.45,4.199999999999999,1.0,20.0,0,0,4,3,5,0,4,34,14,0
2000153,1.0,0.05,0.75,0.233828125,0.25,0.01617187500000001,-5,16.171875,3.859375,0.15625,0.078125,0.0,0.45937500000000003,0.5937499999999994,0.6610534344865076,0.05000996657812679,0.6502725717259387,0.05,-1.0999999999999999,1.35,5.0,10.0,1,0,7,3,5,0,1,30,17,0
2000154,1.0,0.05,0.75,1.6460781249999994,1.6499999999999995,0.003921875000000002,-4,3.921875,1.484375,0.171875,0.109375,0.0,0.4874999999999998,0.5445312499999994,0.9010878818099844,0.05132367878326377,0.7457792516279514,0.049999999999999996,-0.7999999999999998,2.45,4.0,14.0,0,0,19,0,7,0,1,27,10,0
2000155,1.0,0.05,0.75,1.076374999999996,1.099999999999996,0.023625000000000007,-8,23.625,4.1875,0.234375,0.109375,0.0,0.46249999999999974,0.5914062499999994,0.8369080627995557,0.06951842578891099,0.8054625973359655,0.05,-0.4999999999999998,1.6,4.0,18.0,0,0,10,2,3,0,1,35,13,0
2000156,0.0,0.05,0.75,2.4432187499999998,2.4499999999999997,0.006781250000000003,1,6.78125,2.0625,0.140625,0.15625,0.015625,0.47301587301587306,0.564285714285714,0.4266963086667644,0.05014748012447245,0.10181580000501929,0.05,-1.35,3.8,3.0,16.0,1,1,13,1,5,0,1,28,13,1
2000157,1.0,0.05,0.75,-0.8872656250000014,-0.8500000000000014,0.03726562500000001,-9,37.265625,5.640625,0.203125,0.0625,0.0,0.45,0.5984374999999994,0.9434931930759112,0.05070032213009355,0.9425605188701045,0.049999999999999996,-1.0499999999999998,0.20000000000000018,6.0,11.0,1,0,7,0,5,1,4,33,13,0
2000158,1.0,0.05,0.75,1.3819531249999994,1.3999999999999995,0.01804687500000001,-4,18.046875,3.953125,0.15625,0.09375,0.0,0.45625,0.6148437499999995,0.6446049160851073,0.05002544713877836,0.6281775865220032,0.05,-0.44999999999999996,1.85,2.0,14.0,0,0,4,0,7,0,0,39,14,0
2000159,0.0,0.05,0.75,3.1991875000000003,3.2,0.0008125000000000003,0,0.8125,0.625,0.140625,0.140625,0.0,0.5187500000000004,0.4742187500000005,0.3054748316054483,0.05006997606117706,0.012333640038494782,0.05000000000000001,-0.8500000000000001,4.050000000000001,4.0,14.0,0,1,32,0,9,0,0,16,6,0
2000160,1.0,0.05,0.75,1.6852343749999992,1.6999999999999993,0.01476562500000001,-5,14.765625,3.609375,0.1875,0.109375,0.0,0.4124999999999998,0.6265624999999995,0.8275228195086447,0.05095559265450635,0.8092482646043401,0.05,-0.8499999999999999,2.550000000000001,4.0,15.0,0,1,2,0,4,0,7,41,9,0
2000161,1.0,0.05,0.75,0.4926093750000009,0.5000000000000009,0.007390625000000006,-5,7.390625,2.328125,0.15625,0.078125,0.0,0.4624999999999997,0.5703124999999996,0.8607425177029056,0.050077961814325896,0.8314403406041647,0.05000000000000001,-0.6000000000000001,1.1,3.0,12.0,0,0,14,2,4,0,4,28,12,0
2000162,0.0,0.05,0.75,3.9981406249999996,3.9999999999999996,0.0018593750000000004,-3,1.859375,0.859375,0.171875,0.125,0.0,0.5156250000000001,0.46953125000000007,0.4252048898964549,0.050097908538966486,0.06864677627319832,0.05,-1.85,5.850000000000001,5.0,14.0,1,1,31,0,11,0,0,13,7,0
2000163,1.0,0.05,0.75,1.2419062499999987,1.2499999999999987,0.008093750000000005,-2,8.09375,2.5625,0.125,0.09375,0.0,0.47499999999999976,0.5679687499999996,0.480361655731041,0.0500023781141161,0.37184589933029566,0.05,-0.6500000000000001,1.9,2.0,12.0,1,1,11,1,8,0,1,25,16,0
2000164,1.0,0.05,0.75,0.6334687500000012,0.6500000000000012,0.016531250000000008,-5,16.53125,3.59375,0.15625,0.078125,0.0,0.4499999999999998,0.6031249999999994,0.9388377711846317,0.050158427873930496,0.9336648285809863,0.05000000000000001,-0.4999999999999998,1.1500000000000001,4.0,11.0,0,2,7,0,2,0,7,30,16,0
2000165,1.0,0.05,0.75,0.6802187499999984,0.6999999999999984,0.01978125,-5,19.78125,4.1875,0.171875,0.09375,0.0,0.4218749999999996,0.6078124999999994,0.7368730257645322,0.05006273727351083,0.7247206091326545,0.05,-0.5,1.2000000000000006,2.0,15.0,0,1,6,1,3,0,6,39,8,0
2000166,0.0,0.05,0.75,1.5484531250000004,1.5500000000000005,0.001546875000000001,2,1.546875,0.921875,0.109375,0.140625,0.0,0.4781250000000001,0.5796874999999996,0.5847863764349558,0.05001553384422193,0.18939736342446312,0.05,-0.75,2.3000000000000007,2.0,14.0,0,0,13,1,3,0,2,30,15,0
2000167,0.0,0.05,0.75,3.439499999999999,3.449999999999999,0.010500000000000008,-2,10.5,3.125,0.140625,0.109375,0.0,0.44375,0.5960937499999995,0.4000437532274192,0.05000495713061297,0.3550396616925805,0.05,-0.45,3.899999999999998,1.0,15.0,0,1,5,1,10,0,2,33,12,0
2000168,1.0,0.05,0.75,0.12490625000000036,0.15000000000000036,0.025093750000000005,-7,25.09375,4.5625,0.1875,0.078125,0.0,0.4312499999999998,0.6265624999999994,0.8358749775931082,0.05018166052828404,0.8338986127480593,0.05,-0.95,1.1000000000000003,4.0,13.0,0,0,3,0,4,0,5,40,12,0
2000169,1.0,0.05,0.75,-1.013671875,-1.0,0.01367187500000001,-7,13.671875,2.796875,0.140625,0.03125,0.0,0.4749999999999997,0.5749999999999994,0.8726333298302004,0.05000723445693142,0.8709944599182885,0.05,-0.8500000000000001,-0.1499999999999997,3.0,8.0,0,1,13,0,4,0,2,31,13,0
2000170,0.0,0.05,0.75,4.894421874999999,4.8999999999999995,0.005578125000000004,-2,5.578125,2.015625,0.15625,0.125,0.0,0.4499999999999999,0.6007812499999994,0.908661909158294,0.05054489260653384,0.8444134261281986,0.05,-2.4,7.3,6.0,12.0,1,0,6,0,7,0,3,33,14,0
2000171,1.0,0.05,0.75,1.2897656249999998,1.2999999999999998,0.010234375000000007,-5,10.234375,2.921875,0.1875,0.109375,0.0,0.44374999999999987,0.6148437499999995,0.8123857094187245,0.050490962638463435,0.7945450762548081,0.05,-0.8999999999999998,2.2,5.0,14.0,0,1,4,2,3,0,3,36,15,0
2000172,0.0,0.05,0.75,5.496921875,5.5,0.003078125000000002,-3,3.078125,1.265625,0.171875,0.125,0.0,0.5281250000000004,0.4625000000000006,0.07394739192229438,0.05015157218165075,0.004580888262267392,0.05,-0.5,5.999999999999998,4.0,15.0,0,2,35,1,5,0,1,12,8,0
2000173,1.0,0.05,0.75,0.6894375000000001,0.7000000000000002,0.010562500000000008,-4,10.5625,2.90625,0.15625,0.09375,0.0,0.4499999999999999,0.5843749999999994,0.7220191454430395,0.050034446342752434,0.675037745271676,0.05,-0.44999999999999996,1.1500000000000004,2.0,14.0,0,2,8,1,7,0,4,29,13,0
2000174,1.0,0.05,0.75,-0.6790781250000004,-0.6500000000000004,0.02907812500000001,-9,29.078125,4.859375,0.203125,0.0625,0.0,0.4562499999999997,0.5890624999999995,0.8908477602732768,0.0504215336889515,0.8891989826589558,0.05,-0.19999999999999996,-0.44999999999999996,1.0,16.0,0,0,10,0,5,1,4,33,11,0
2000175,0.0,0.05,0.75,6.890281249999998,6.899999999999999,0.009718750000000007,-6,9.71875,2.65625,0.1875,0.09375,0.0,0.5250000000000005,0.4742187500000005,0.03553725044449562,0.05001983796700602,0.0164250747252159,0.05,-0.75,7.650000000000002,4.0,14.0,0,2,33,0,5,0,1,15,8,0
2000176,1.0,0.05,0.75,-1.8779062499999997,-1.8499999999999996,0.027906250000000007,-9,27.90625,4.78125,0.140625,0.0,0.0,0.4124999999999998,0.6171874999999993,0.9489603929496794,0.05001196437876688,0.948922371770646,0.05,-0.44999999999999973,-1.4,3.0,6.0,0,1,3,2,4,0,5,41,8,0
2000177,0.0,0.05,0.75,7.640078124999999,7.649999999999999,0.009921875000000004,-8,9.921875,2.234375,0.21875,0.09375,0.0,0.5093750000000002,0.49296875000000007,0.38545261209353543,0.05049181637765019,0.2815854139101956,0.049999999999999996,-0.8,8.45,3.0,17.0,0,0,29,3,6,0,1,15,10,0
2000178,0.0,0.05,0.75,6.847703125000002,6.850000000000001,0.0022968750000000003,-4,2.296875,0.953125,0.1875,0.125,0.0,0.5625000000000004,0.39687500000000014,0.02283469836845088,0.050587290119523176,0.0002067938601513866,0.05,-1.0500000000000003,7.9,7.0,13.0,0,0,49,0,10,0,0,2,3,0
2000179,1.0,0.05,0.75,0.4836249999999991,0.4999999999999991,0.016375000000000008,-5,16.375,3.8125,0.15625,0.078125,0.0,0.43124999999999986,0.6078124999999994,0.7861099094433662,0.05002283872282632,0.7800001938773369,0.05000000000000001,-1.25,1.75,6.0,9.0,0,1,5,0,6,0,4,39,9,0
2000180,0.0,0.05,0.75,3.9969374999999996,3.9999999999999996,0.003062500000000002,-3,3.0625,1.375,0.171875,0.125,0.0,0.49375,0.5515624999999997,0.42839315374229564,0.05003004630255113,0.2730629718388583,0.05,-0.45,4.45,1.0,18.0,1,1,17,0,4,0,2,23,16,0
2000181,0.0,0.05,0.75,4.638624999999999,4.6499999999999995,0.011375000000000005,-2,11.375,2.96875,0.1875,0.15625,0.0,0.4468749999999998,0.6101562499999994,0.7210888998153742,0.05116587009427576,0.5445769420176321,0.05,-2.35,7.0,5.0,17.0,0,0,7,0,3,0,3,40,11,0
2000182,0.0,0.05,0.75,2.9977499999999995,2.9999999999999996,0.0022500000000000007,0,2.25,1.03125,0.125,0.125,0.0,0.4812500000000001,0.5703124999999998,0.14968056691407505,0.05002814713320827,0.06788272020512584,0.05,-0.75,3.7499999999999996,3.0,13.0,1,0,12,1,7,0,0,27,16,0
2000183,1.0,0.05,0.75,3.0468437499999994,3.0499999999999994,0.003156250000000002,1,3.15625,1.46875,0.125,0.140625,0.0,0.49062500000000014,0.5609374999999996,0.4780997060501841,0.050023240057282994,0.13824994297121093,0.05,-0.1499999999999999,3.2,1.0,16.0,0,0,14,0,10,0,1,23,16,0
2000184,1.0,0.05,0.75,0.7921093749999989,0.7999999999999989,0.007890625000000005,-6,7.890625,2.359375,0.203125,0.109375,0.0,0.49375,0.5421875,0.4617166462968143,0.05042412466449499,0.3714839395843471,0.05000000000000002,-0.7000000000000002,1.4999999999999998,2.0,18.0,0,1,18,0,8,0,0,25,12,0
2000185,1.0,0.05,0.75,0.6906406249999992,0.6999999999999993,0.009359375000000005,-3,9.359375,2.609375,0.140625,0.09375,0.0,0.45312499999999994,0.5914062499999997,0.4475570307579387,0.050002195199848595,0.42327976167461345,0.05,-1.1,1.8,3.0,12.0,0,0,9,2,5,0,2,34,12,0
2000186,0.0,0.05,0.75,4.533046875,4.55,0.016953125000000013,-4,16.953125,3.796875,0.15625,0.09375,0.0,0.4968749999999999,0.5796874999999996,0.5945860202206396,0.05000835928358434,0.5678401170296231,0.05,-0.45,5.0,1.0,15.0,0,0,12,0,6,0,0,27,19,0
2000187,1.0,0.05,0.75,-1.5170625000000018,-1.5000000000000018,0.017062500000000008,-9,17.0625,3.46875,0.234375,0.09375,0.0,0.48750000000000016,0.5304687499999999,0.5685877287299196,0.05015571239311428,0.5545910268213353,0.05,-0.8500000000000001,-0.6500000000000011,3.0,18.0,0,1,21,2,5,0,1,24,10,0
2000188,1.0,0.05,0.75,0.8879531249999995,0.8999999999999995,0.012046875000000009,-3,12.046875,3.265625,0.140625,0.09375,0.0,0.4374999999999998,0.6124999999999994,0.7020808724519186,0.050008308131165836,0.6845509207433041,0.05,-0.34999999999999987,1.2499999999999996,3.0,12.0,0,1,5,1,3,0,4,38,12,0
2000189,1.0,0.05,0.75,2.192453125,2.2,0.007546875000000006,-3,7.546875,2.484375,0.1875,0.140625,0.0,0.4812499999999999,0.5773437499999997,0.6837535372192144,0.050720789082063095,0.48034436906410666,0.05,-1.1,3.3,5.0,16.0,0,0,11,1,8,0,0,28,16,0
2000190,0.0,0.05,0.75,6.780406249999999,6.799999999999999,0.019593750000000007,-6,19.59375,4.09375,0.171875,0.078125,0.0,0.4468749999999999,0.6124999999999994,0.942716874032591,0.05041233069430906,0.9399435706578718,0.05,-0.9,7.699999999999999,2.0,14.0,0,0,6,0,4,0,3,39,12,0
2000191,1.0,0.05,0.75,1.7680937500000016,1.8000000000000016,0.03190624999999998,-4,31.90625,5.09375,0.1875,0.125,0.0,0.4406249999999998,0.6148437499999994,0.8682462557736789,0.05169249124950248,0.8326098763584219,0.049999999999999996,-0.40000000000000013,2.2000000000000006,2.0,18.0,0,0,6,1,2,0,4,39,12,0
2000192,0.0,0.05,0.75,6.88503125,6.9,0.01496875000000001,-7,14.96875,3.21875,0.21875,0.109375,0.0,0.4624999999999999,0.5703124999999997,0.5280496509757832,0.050148408511979284,0.5122317377097462,0.05,0.0,6.9,0.0,21.0,0,0,10,1,12,1,0,30,10,0
2000193,0.0,0.05,0.75,4.298921875,4.3,0.0010781250000000007,-2,1.078125,0.796875,0.171875,0.140625,0.0,0.5062500000000003,0.4671875000000005,0.20294962164703662,0.05018751072879773,0.01205430652147658,0.05000000000000001,-0.95,5.25,3.0,17.0,0,5,32,1,3,0,1,18,4,0
2000194,0.0,0.05,0.75,3.34571875,3.35,0.004281250000000002,-2,4.28125,1.625,0.140625,0.109375,0.0,0.4937499999999998,0.5187499999999997,0.527772889450375,0.05001095866824054,0.2190220314772112,0.05000000000000001,-1.5,4.849999999999999,4.0,12.0,0,2,21,1,9,0,2,17,12,0
2000195,1.0,0.05,0.75,-1.730390625000001,-1.700000000000001,0.030390625000000004,-9,30.390625,4.390625,0.171875,0.03125,0.0,0.4624999999999997,0.5609374999999995,0.9171193637515469,0.05004359648360095,0.9160512921080146,0.05,-0.1499999999999999,-1.55,1.0,12.0,0,1,15,0,6,0,8,21,13,0
2000196,1.0,0.05,0.75,-0.06831250000000072,-0.05000000000000071,0.01831250000000001,-8,18.3125,3.875,0.203125,0.078125,0.0,0.503125,0.5093749999999997,0.5582647613948015,0.05044916133313819,0.48201928175230485,0.05,-0.9000000000000001,0.8499999999999995,5.0,13.0,0,1,22,6,7,1,1,9,17,0
2000197,1.0,0.05,0.75,0.24549999999999955,0.24999999999999956,0.004500000000000003,-3,4.5,1.96875,0.109375,0.0625,0.0,0.47500000000000003,0.5703124999999997,0.5080115509774972,0.05000032966858334,0.485091112959894,0.05,0.0,0.2499999999999999,0.0,11.0,0,1,13,1,5,0,3,26,15,0
2000198,1.0,0.05,0.75,1.6352968749999977,1.6499999999999977,0.01470312500000001,-5,14.703125,3.421875,0.171875,0.09375,0.0,0.43124999999999963,0.6242187499999993,0.9425179936765539,0.05093073578418012,0.9372726850800407,0.049999999999999996,-0.8999999999999995,2.5500000000000007,6.0,11.0,0,2,3,1,0,0,2,46,10,0
2000199,0.0,0.05,0.75,4.047484375,4.05,0.0025156250000000014,-1,2.515625,1.296875,0.15625,0.140625,0.0,0.4593749999999998,0.5937499999999996,0.6909283946539533,0.05018016324286664,0.4487007352544687,0.04999999999999998,-1.2,5.25,3.0,16.0,0,1,7,0,8,0,0,36,12,0
2000200,1.0,0.05,0.75,0.08010937500000052,0.10000000000000053,0.019890625000000006,-5,19.890625,4.015625,0.140625,0.0625,0.0,0.4406249999999997,0.5937499999999993,0.782697550897614,0.050006541906335925,0.7788480332358539,0.05,-0.34999999999999987,0.44999999999999973,3.0,10.0,0,1,9,1,3,0,4,37,9,0
2000201,0.0,0.05,0.75,4.5720625,4.6000000000000005,0.027937499999999987,-1,27.9375,4.53125,0.1875,0.171875,0.0,0.4843749999999998,0.5562499999999996,0.4995370616901357,0.05162004382985106,0.09400972888061937,0.05,-2.95,7.55,8.0,15.0,0,0,17,0,5,1,0,32,9,0
2000202,1.0,0.05,0.75,-1.4387812500000003,-1.4000000000000004,0.03878125000000002,-10,38.78125,5.34375,0.1875,0.03125,0.0,0.4374999999999998,0.6031249999999994,0.9750213927945844,0.0503802566990651,0.9749144440006242,0.05,-0.75,-0.6500000000000001,5.0,9.0,0,0,9,0,2,0,7,36,10,0
2000203,0.0,0.05,0.75,9.419,9.450000000000001,0.031000000000000017,-10,31.0,4.8125,0.25,0.09375,0.0,0.5437500000000003,0.4273437500000004,0.030569056068571666,0.050439513008166965,0.011106199788394947,0.049999999999999996,-0.6500000000000001,10.1,5.0,17.0,0,1,42,0,9,0,0,8,4,0
2000204,0.0,0.05,0.75,4.547453124999999,4.549999999999999,0.0025468750000000014,-2,2.546875,1.421875,0.15625,0.125,0.0,0.4531249999999995,0.6124999999999994,0.6017516280538561,0.050061523191632096,0.5335347292291628,0.05,-1.9000000000000001,6.449999999999999,5.0,13.0,0,0,5,0,6,0,2,37,14,0
2000205,0.0,0.05,0.75,4.738359374999999,4.749999999999999,0.011640625000000009,-4,11.640625,3.046875,0.171875,0.109375,0.0,0.4593749999999998,0.5679687499999996,0.3851488861452955,0.05001315939559424,0.33806507121649937,0.05,-1.1,5.849999999999999,3.0,15.0,0,0,12,2,9,0,0,32,9,0
2000206,0.0,0.05,0.75,3.990390625,4.0,0.009609375000000007,-4,9.609375,2.703125,0.125,0.0625,0.0,0.4437499999999998,0.5937499999999994,0.7930474068201384,0.05000281151925227,0.7867877324104581,0.05,-1.0,5.0,2.0,10.0,0,1,7,1,7,0,4,32,12,0
2000207,0.0,0.05,0.75,5.491984375,5.5,0.008015625000000004,-5,8.015625,2.296875,0.171875,0.09375,0.0,0.48437500000000006,0.5445312499999999,0.3972330805574848,0.05002493207290806,0.33029210480353305,0.05,-0.8,6.299999999999999,2.0,15.0,0,1,16,2,9,0,0,23,13,0
2000208,1.0,0.05,0.75,-0.8841875000000015,-0.8500000000000014,0.034187500000000016,-10,34.1875,5.21875,0.21875,0.0625,0.0,0.4468749999999999,0.6195312499999993,0.9733146619437469,0.05315081696924536,0.9728382418439863,0.049999999999999996,-0.8500000000000001,2.220446049250313e-16,4.0,14.0,0,0,4,1,3,1,4,36,15,0
2000209,1.0,0.05,0.75,0.0666562500000014,0.10000000000000142,0.03334375000000002,-10,33.34375,5.03125,0.234375,0.078125,0.0,0.42812499999999953,0.6078124999999993,0.9628243527675933,0.06918478769804808,0.9585346010342436,0.05000000000000001,-1.5499999999999994,1.6500000000000004,9.0,11.0,0,1,7,0,2,0,5,42,7,0
2000210,0.0,0.05,0.75,5.744171874999998,5.749999999999998,0.0058281250000000034,-3,5.828125,2.265625,0.21875,0.171875,0.0,0.5000000000000001,0.5374999999999998,0.5618947077831515,0.06045488891143743,0.10916658095918093,0.049999999999999996,-1.4,7.149999999999999,4.0,21.0,0,2,22,0,0,0,2,26,12,0
2000211,1.0,0.05,0.75,1.2950625000000007,1.3000000000000007,0.0049375000000000035,-4,4.9375,2.03125,0.171875,0.109375,0.0,0.45937499999999976,0.6031249999999996,0.7535668928660432,0.050125418235635176,0.7194179686089741,0.049999999999999996,-0.050000000000000044,1.3500000000000003,1.0,17.0,0,0,7,0,6,0,1,37,13,0
2000212,0.0,0.05,0.75,9.130390625000002,9.150000000000002,0.01960937500000001,-10,19.609375,3.234375,0.25,0.09375,0.0,0.5250000000000004,0.4531250000000005,0.10496263345341635,0.05121615136864131,0.05538849042417091,0.05000000000000001,-0.95,10.100000000000003,3.0,19.0,0,2,38,1,3,0,0,17,3,0
2000213,0.0,0.05,0.75,4.092921875,4.1,0.007078125000000004,-1,7.078125,2.328125,0.15625,0.140625,0.0,0.4656249999999999,0.5749999999999995,0.7208413207500947,0.05020770917922651,0.381604886111916,0.05000000000000002,-1.9000000000000001,6.000000000000001,5.0,14.0,1,1,11,1,5,0,1,31,13,0
2000214,0.0,0.05,0.75,7.228343749999998,7.249999999999998,0.02165625000000001,-7,21.65625,4.25,0.25,0.140625,0.0,0.5000000000000001,0.49296875000000023,0.27498772751968786,0.05301519527109787,0.11090223882362168,0.05,-1.7,8.949999999999998,5.0,20.0,0,3,25,1,10,0,0,17,8,0
2000215,1.0,0.05,0.75,-0.7420468750000011,-0.7000000000000011,0.042046875000000004,-8,42.046875,5.390625,0.171875,0.046875,0.0,0.43437499999999957,0.5843749999999994,0.9063425427770044,0.05008327592254181,0.9050381771027536,0.05000000000000001,-0.5,-0.19999999999999962,2.0,12.0,0,2,9,1,5,0,2,40,5,0
2000216,1.0,0.05,0.75,-0.7164374999999993,-0.6999999999999993,0.01643750000000001,-6,16.4375,3.625,0.171875,0.078125,0.0,0.4531249999999998,0.5609374999999995,0.5841362520043529,0.05000815381419316,0.5685969793670126,0.05,-1.1,0.3999999999999998,3.0,13.0,0,3,11,2,8,0,2,28,10,0
2000217,0.0,0.05,0.75,2.198015625,2.2,0.0019843750000000013,1,1.984375,1.203125,0.125,0.140625,0.0,0.45937499999999976,0.5632812499999997,0.7146733739129333,0.050026751658968714,0.2753402706426185,0.049999999999999996,-1.65,3.8499999999999988,4.0,13.0,0,3,13,0,5,0,1,35,7,0
2000218,1.0,0.05,0.75,2.5381718750000006,2.5500000000000007,0.011828125000000007,-5,11.828125,2.859375,0.21875,0.140625,0.0,0.44062499999999966,0.5937499999999993,0.9661547683454789,0.1358874579903841,0.8818416451613088,0.05,-1.0999999999999994,3.6500000000000004,8.0,15.0,0,0,11,0,2,0,5,39,7,0
2000219,1.0,0.05,0.75,-0.32634374999999893,-0.29999999999999893,0.026343750000000006,-8,26.34375,4.34375,0.1875,0.0625,0.0,0.46562499999999973,0.5843749999999993,0.9145507795368812,0.05036908231367844,0.9113946077013066,0.05,-0.7999999999999998,0.5000000000000004,4.0,12.0,0,0,13,1,1,0,3,34,12,0
2000220,1.0,0.05,0.75,1.5311718750000007,1.5500000000000007,0.018828125000000005,-5,18.828125,3.671875,0.1875,0.109375,0.0,0.4437499999999997,0.6007812499999995,0.8021538653875747,0.05065741562325621,0.773244275889988,0.05000000000000001,-0.7999999999999998,2.3500000000000005,5.0,14.0,0,0,5,0,11,0,2,35,11,0
2000221,1.0,0.05,0.75,-0.7134687499999993,-0.6999999999999993,0.013468750000000008,-8,13.46875,3.1875,0.15625,0.03125,0.0,0.44374999999999976,0.6195312499999994,0.961852351191941,0.05007155980071542,0.9616857895392605,0.049999999999999996,-1.2,0.5,6.0,6.0,0,0,5,0,3,0,6,35,15,0
2000222,0.0,0.05,0.75,4.691171875,4.7,0.008828125000000006,-3,8.828125,2.765625,0.15625,0.109375,0.0,0.4593749999999998,0.6007812499999995,0.5292771165141427,0.05002483161329191,0.4702512353605535,0.05,-0.9,5.6000000000000005,2.0,15.0,1,1,5,1,6,0,1,32,17,0
2000223,0.0,0.05,0.75,6.395593749999999,6.399999999999999,0.004406250000000003,-4,4.40625,1.8125,0.171875,0.109375,0.015625,0.5650793650793654,0.37380952380952387,0.1115550340431746,0.05024619988433591,0.0010576409931928662,0.05,-0.5499999999999999,6.950000000000001,4.0,14.0,0,5,50,0,6,0,0,0,2,1
2000224,0.0,0.05,0.75,5.747125,5.75,0.0028750000000000017,-4,2.875,1.4375,0.171875,0.109375,0.0,0.5125000000000002,0.48359375000000004,0.34252465547262406,0.05019821133051316,0.06578678336652193,0.05000000000000001,-0.09999999999999998,5.85,2.0,16.0,2,1,28,0,9,0,1,12,11,0
2000225,1.0,0.05,0.75,-2.043546875,-2.0,0.043546875000000006,-13,43.546875,5.453125,0.234375,0.03125,0.0,0.4437499999999996,0.5749999999999995,0.9857374417148708,0.05761460586363504,0.9852151533976419,0.049999999999999996,-0.1499999999999999,-1.8499999999999996,1.0,16.0,0,1,11,1,7,0,5,30,9,0
2000226,0.0,0.05,0.75,10.133359375000001,10.150000000000002,0.016640625000000006,-9,16.640625,3.171875,0.265625,0.125,0.0,0.5312500000000003,0.4179687500000004,0.0007028849924230853,0.05193523993279082,0.00012617757243418132,0.05,-0.6000000000000001,10.750000000000002,6.0,19.0,0,4,42,0,7,0,2,7,2,0
2000227,0.0,0.05,0.75,8.379578124999998,8.399999999999999,0.020421875000000013,-6,20.421875,4.203125,0.234375,0.140625,0.0,0.4218749999999998,0.6289062499999994,0.811858422324948,0.07718601008820475,0.7583231218595026,0.05,-2.5,10.9,6.0,18.0,0,1,2,0,3,0,5,43,10,0
2000228,0.0,0.05,0.75,4.746359375,4.75,0.0036406250000000024,-4,3.640625,1.484375,0.125,0.0625,0.0,0.5187500000000003,0.46953125000000023,0.29108406199347964,0.05000396356692708,0.09409539352494387,0.05,-0.55,5.300000000000001,3.0,9.0,0,1,33,0,9,0,1,14,6,0
2000229,0.0,0.05,0.75,5.137562499999999,5.149999999999999,0.012437500000000008,-5,12.4375,3.03125,0.1875,0.109375,0.0,0.46874999999999983,0.5609374999999996,0.43789037013681786,0.05002895727232795,0.38057869082485757,0.05,-0.75,5.899999999999999,2.0,17.0,0,2,10,1,12,1,2,22,14,0
2000230,1.0,0.05,0.75,-1.9294218750000014,-1.8500000000000014,0.07942187499999999,-14,79.421875,7.671875,0.265625,0.046875,0.0,0.46874999999999994,0.6124999999999994,0.9916115651605308,0.103307359059955,0.9893182558421734,0.05000000000000001,-0.44999999999999973,-1.4,3.0,17.0,0,0,7,0,2,0,4,32,19,0
2000231,0.0,0.05,0.75,5.642875,5.65,0.007125000000000005,-5,7.125,2.125,0.15625,0.078125,0.0,0.5343750000000003,0.4531250000000004,0.11660605606110275,0.050011661428594416,0.024744669920754452,0.05,-0.14999999999999997,5.799999999999999,3.0,12.0,0,2,36,0,7,1,0,12,6,0
2000232,0.0,0.05,0.75,3.844890624999999,3.8499999999999988,0.005109375000000003,-1,5.109375,1.828125,0.171875,0.15625,0.0,0.5031249999999998,0.5234374999999996,0.6342417900553678,0.05060477200523114,0.10784221585276185,0.05,-1.3,5.1499999999999995,4.0,17.0,0,1,24,1,3,0,1,23,11,0
2000233,0.0,0.05,0.75,6.720640625000001,6.750000000000001,0.02935937500000002,-7,29.359375,4.796875,0.1875,0.078125,0.0,0.515625,0.48828124999999994,0.2756430894152983,0.05006634773647287,0.17929591785688456,0.049999999999999996,-0.4,7.150000000000001,2.0,15.0,0,2,28,0,8,1,1,15,9,0
2000234,1.0,0.05,0.75,-1.2236874999999994,-1.1999999999999993,0.023687500000000018,-8,23.6875,4.4375,0.171875,0.046875,0.0,0.4562499999999999,0.6078124999999994,0.9113821370859737,0.0500460605355982,0.9109825289295359,0.049999999999999996,-0.050000000000000044,-1.1499999999999997,1.0,13.0,0,1,4,1,7,0,1,34,16,0
2000235,1.0,0.05,0.75,4.998671875,5.0,0.0013281250000000007,0,1.328125,0.890625,0.171875,0.171875,0.0,0.4281249999999998,0.6429687499999993,0.9565323235696779,0.06205324092713557,0.8284552885065752,0.05000000000000001,-0.5999999999999999,5.599999999999999,6.0,16.0,0,0,0,0,3,0,3,46,12,0
2000236,0.0,0.05,0.75,1.1433749999999983,1.1499999999999984,0.006625000000000004,6,6.625,2.1875,0.15625,0.25,0.0,0.4500000000000001,0.6242187499999994,0.8685625186198428,0.05812612393699806,0.0888945313397536,0.05,-2.15,3.2999999999999985,5.0,21.0,0,0,4,0,3,0,2,41,14,0
2000237,1.0,0.05,0.75,-0.36981250000000054,-0.35000000000000053,0.019812500000000007,-8,19.8125,3.625,0.21875,0.09375,0.0,0.46249999999999986,0.5281249999999998,0.4047229830468049,0.050296534828816734,0.3583440721085778,0.05,-0.5,0.14999999999999947,2.0,18.0,0,2,18,2,10,0,1,26,5,0
2000238,0.0,0.05,0.75,6.547359375,6.55,0.0026406250000000015,-1,2.640625,1.484375,0.1875,0.171875,0.015625,0.5746031746031751,0.3666666666666669,0.0024742593817461407,0.12942545537534367,1.3465141189374176e-06,0.049999999999999996,-1.1500000000000004,7.7,9.0,14.0,1,2,55,0,3,0,0,1,1,1
2000239,1.0,0.05,0.75,0.5353750000000016,0.5500000000000016,0.014625000000000011,-6,14.625,3.53125,0.15625,0.0625,0.0,0.4499999999999998,0.6124999999999995,0.8943553347386085,0.05007075841896398,0.8919236915849672,0.05000000000000001,-0.6499999999999997,1.2,5.0,9.0,0,0,5,0,6,0,5,32,16,0
2000240,1.0,0.05,0.75,0.41946875000000017,0.4500000000000002,0.030531249999999985,-5,30.53125,5.15625,0.15625,0.078125,0.0,0.44374999999999976,0.5960937499999994,0.8411043973812494,0.050030730271209994,0.8344156173915337,0.05,-0.40000000000000013,0.8499999999999999,3.0,12.0,0,2,6,2,5,0,2,35,12,0
2000241,1.0,0.05,0.75,-1.733171875000002,-1.700000000000002,0.033171875,-9,33.171875,4.609375,0.21875,0.078125,0.0,0.4687499999999996,0.5187499999999996,0.3481498128981803,0.050037416084278065,0.3314662192757979,0.05,0.0,-1.7000000000000008,0.0,19.0,0,4,18,2,10,0,1,22,7,0
2000242,0.0,0.05,0.75,1.648203125,1.65,0.0017968750000000012,0,1.796875,1.015625,0.09375,0.09375,0.0,0.49687499999999996,0.5468749999999997,0.4194144866912771,0.05000077407593902,0.2401051850763434,0.05000000000000001,-0.9,2.5499999999999994,2.0,10.0,0,2,17,0,6,0,1,23,15,0
2000243,0.0,0.05,0.75,5.778890625,5.8,0.021109375000000003,-5,21.109375,4.140625,0.21875,0.140625,0.0,0.5062500000000001,0.4906249999999999,0.33273186698834634,0.05090809746966188,0.07992272691471534,0.05,-1.3,7.1000000000000005,3.0,20.0,2,1,27,2,5,1,0,16,10,0
2000244,0.0,0.05,0.75,3.1458281250000004,3.1500000000000004,0.004171875000000003,-1,4.171875,1.890625,0.125,0.109375,0.0,0.5031250000000003,0.5374999999999999,0.48188666144613534,0.05000933445566502,0.211609537776828,0.05,-0.5,3.6499999999999995,2.0,13.0,0,1,22,0,2,0,1,26,12,0
2000245,0.0,0.05,0.75,4.347984374999999,4.35,0.002015625,-4,2.015625,0.828125,0.15625,0.09375,0.0,0.5312500000000004,0.4437500000000003,0.23971881712245988,0.050015909438384236,0.039249481666872886,0.05,-0.8,5.15,3.0,13.0,1,2,38,0,6,0,1,10,6,0
2000246,0.0,0.05,0.75,5.79590625,5.8,0.004093750000000002,-5,4.09375,1.65625,0.15625,0.078125,0.0,0.5250000000000002,0.4625000000000003,0.09440775825666385,0.05000916946066657,0.02356767756327558,0.05,-0.45,6.25,3.0,12.0,1,1,35,0,6,0,1,13,7,0
2000247,1.0,0.05,0.75,1.2101874999999982,1.2499999999999982,0.039812499999999994,-5,39.8125,5.90625,0.203125,0.125,0.0,0.4625,0.6101562499999994,0.739388680966911,0.05070603123951191,0.7124300458688143,0.05,-0.050000000000000044,1.3,1.0,20.0,0,1,6,0,3,0,4,32,18,0
2000248,0.0,0.05,0.75,3.8486093749999997,3.8499999999999996,0.0013906250000000006,-2,1.390625,0.859375,0.15625,0.125,0.0,0.5000000000000002,0.4906250000000001,0.4026218429553295,0.05005330431909774,0.07063014126955271,0.05,-0.95,4.799999999999999,3.0,15.0,1,0,27,3,9,0,0,15,9,0
2000249,1.0,0.05,0.75,-0.2289531250000011,-0.20000000000000107,0.02895312500000001,-9,28.953125,4.703125,0.21875,0.078125,0.0,0.4593749999999999,0.6101562499999995,0.9298051463831973,0.052820112708587615,0.9273942996819731,0.05000000000000001,-0.1499999999999999,-0.04999999999999927,1.0,18.0,0,0,6,1,4,0,1,37,15,0
2000250,0.0,0.05,0.75,8.092609375,8.1,0.007390625000000005,-6,7.390625,2.359375,0.234375,0.140625,0.0,0.49062500000000026,0.4929687500000005,0.0534046907485983,0.051555211819968534,0.011326881015988893,0.05000000000000001,-1.05,9.15,6.0,18.0,0,4,26,0,7,0,0,24,3,0
2000251,1.0,0.05,0.75,-0.16770312500000037,-0.15000000000000036,0.017703125000000014,-8,17.703125,3.671875,0.203125,0.078125,0.0,0.4406249999999995,0.5937499999999994,0.8581562453635496,0.05052012582102126,0.8532168562591254,0.05,0.0,-0.1499999999999999,0.0,18.0,0,1,8,0,6,0,4,36,9,0
2000252,0.0,0.05,0.75,5.54815625,5.55,0.001843750000000001,-4,1.84375,1.09375,0.203125,0.140625,0.0,0.5125000000000002,0.4554687500000002,0.2709951974680805,0.0509467123473191,0.021205403866064704,0.05,-1.0,6.55,4.0,18.0,0,4,33,1,7,1,1,13,4,0
2000253,0.0,0.05,0.75,2.345,2.35,0.005000000000000004,3,5.0,2.09375,0.09375,0.140625,0.0625,0.5433333333333334,0.37750000000000017,0.05532043669615957,0.050599772742294484,7.345028219512589e-05,0.049999999999999996,-1.1500000000000001,3.5,8.0,7.0,1,6,45,1,4,0,0,3,0,4
2000254,0.0,0.05,0.75,3.8990937499999996,3.8999999999999995,0.0009062500000000006,1,0.90625,0.78125,0.15625,0.171875,0.0,0.4437499999999999,0.6289062499999993,0.8506379462515054,0.05131602686681834,0.5198054638696159,0.05,-2.15,6.049999999999999,5.0,16.0,0,1,2,0,3,0,2,42,14,0
2000255,1.0,0.05,0.75,-1.0620781250000007,-1.0500000000000007,0.012078125000000009,-7,12.078125,2.953125,0.171875,0.0625,0.0,0.4656249999999999,0.5937499999999996,0.728885110253681,0.05001151378671164,0.7264325672401866,0.05,0.0,-1.0499999999999998,0.0,15.0,0,2,6,1,7,0,1,30,17,0
2000256,1.0,0.05,0.75,-0.05810937500000071,-0.05000000000000071,0.008109375000000005,-6,8.109375,2.453125,0.15625,0.0625,0.0,0.45625,0.6031249999999995,0.8423424245388367,0.05002877108030107,0.8389392702488178,0.05,-0.44999999999999973,0.40000000000000013,3.0,11.0,0,0,9,0,2,0,5,34,14,0
2000257,1.0,0.05,0.75,0.9893749999999991,0.9999999999999991,0.010625000000000008,-4,10.625,3.125,0.140625,0.078125,0.0,0.43124999999999963,0.6289062499999993,0.8760563463411744,0.050026494100338485,0.8726555214637907,0.05000000000000001,-0.34999999999999987,1.35,3.0,11.0,0,0,3,2,1,0,2,45,11,0
2000258,1.0,0.05,0.75,-0.354765624999999,-0.29999999999999893,0.05476562500000003,-10,54.765625,6.859375,0.203125,0.046875,0.0,0.4468749999999999,0.6382812499999992,0.9905693993426031,0.05676969810121108,0.9902734723233496,0.05,-0.6499999999999997,0.35000000000000053,5.0,11.0,0,0,2,0,1,0,3,42,16,0
2000259,0.0,0.05,0.75,3.895171874999999,3.899999999999999,0.004828125000000003,-3,4.828125,1.984375,0.15625,0.109375,0.0,0.5187500000000003,0.4882812500000001,0.3123253099789833,0.05001560470412457,0.09330810767673521,0.049999999999999996,-0.04999999999999999,3.949999999999999,1.0,16.0,0,3,28,0,7,0,1,14,11,0
2000260,0.0,0.05,0.75,8.533328125,8.55,0.016671875000000006,-9,16.671875,3.265625,0.21875,0.078125,0.0,0.5562500000000004,0.40390624999999997,0.23844861465540168,0.052429337849388497,0.04751434977993572,0.05,-0.04999999999999999,8.6,1.0,18.0,1,3,46,1,4,0,0,3,6,0
2000261,0.0,0.05,0.75,7.883859375,7.9,0.016140625000000013,-8,16.140625,3.359375,0.21875,0.09375,0.0,0.5531250000000004,0.3828125,0.11469024531218047,0.05088792788485201,0.009643140906495965,0.05,-0.19999999999999996,8.1,2.0,18.0,1,3,50,0,6,0,1,2,1,0
2000262,0.0,0.05,0.75,3.8969375,3.9,0.0030625000000000023,-1,3.0625,1.5,0.140625,0.125,0.0,0.5125000000000002,0.5351562499999996,0.7010074306103073,0.050071092677551096,0.26293040886408203,0.05,-0.5,4.3999999999999995,2.0,15.0,0,3,20,0,3,0,2,18,18,0
2000263,0.0,0.05,0.75,6.240625000000001,6.250000000000002,0.009375000000000007,-5,9.375,2.75,0.1875,0.109375,0.015625,0.5333333333333338,0.4714285714285717,0.18773317680535487,0.05019815307327245,0.04175810519215198,0.049999999999999996,-0.45,6.700000000000001,3.0,16.0,0,2,32,0,7,0,1,10,11,1
2000264,0.0,0.05,0.75,1.9471718749999996,1.9499999999999995,0.002828125000000002,0,2.828125,1.421875,0.125,0.125,0.0,0.47500000000000014,0.53984375,0.44103083664161624,0.050007282035982696,0.15937016307820007,0.05,-1.25,3.199999999999999,3.0,13.0,0,3,18,3,2,0,1,27,10,0
2000265,1.0,0.05,0.75,1.7934374999999998,1.7999999999999998,0.006562500000000005,-4,6.5625,2.3125,0.15625,0.09375,0.0,0.453125,0.6218749999999993,0.9323406824283155,0.05027645855539163,0.9258981881744239,0.05000000000000001,-0.8000000000000003,2.6000000000000005,4.0,12.0,0,1,5,0,0,0,5,36,17,0
2000266,0.0,0.05,0.75,4.236374999999998,4.249999999999998,0.013625000000000007,0,13.625,3.125,0.1875,0.1875,0.0,0.45937499999999987,0.6031249999999995,0.8960040501133265,0.05784738249010553,0.4720466791925452,0.05000000000000002,-2.5500000000000003,6.800000000000001,6.0,18.0,0,0,7,0,6,0,0,39,12,0
2000267,1.0,0.05,0.75,1.790234374999999,1.799999999999999,0.009765625000000007,-2,9.765625,2.578125,0.15625,0.125,0.0,0.4812499999999998,0.5562499999999995,0.5087879554855066,0.050041635726965614,0.26659887180669883,0.05000000000000001,0.0,1.8,0.0,18.0,0,2,15,1,5,0,1,27,13,0
2000268,0.0,0.05,0.75,2.0479999999999996,2.0499999999999994,0.0020000000000000013,0,2.0,1.03125,0.109375,0.109375,0.0,0.49687500000000034,0.5117187500000002,0.203082054652614,0.050005115690159065,0.05169736438479092,0.05,-1.1,3.15,3.0,11.0,0,0,26,0,7,0,0,26,5,0
2000269,1.0,0.05,0.75,-1.0293437499999991,-0.9999999999999991,0.029343750000000016,-8,29.34375,4.46875,0.171875,0.046875,0.0,0.4718749999999997,0.5609374999999994,0.9058417077061516,0.0500615170100986,0.9024841869306024,0.05,-1.0999999999999999,0.09999999999999987,4.0,10.0,0,1,17,0,2,0,5,28,11,0
2000270,0.0,0.05,0.75,9.42571875,9.45,0.024281250000000015,-10,24.28125,3.8125,0.234375,0.078125,0.0,0.5500000000000003,0.40390625000000013,0.014870162114903744,0.05013054478906524,0.004047534055261425,0.05000000000000001,-0.24999999999999994,9.7,5.0,15.0,1,2,46,0,7,0,0,5,3,0
2000271,0.0,0.05,0.75,2.298421875,2.3,0.001578125000000001,-2,1.578125,0.828125,0.09375,0.0625,0.015625,0.5269841269841274,0.5095238095238092,0.4975316298037456,0.05000027961636009,0.3499400634611862,0.05,0.0,2.3,0.0,10.0,0,2,24,2,5,0,1,10,19,1
2000272,0.0,0.05,0.75,2.547234375,2.55,0.0027656250000000016,0,2.765625,1.359375,0.125,0.125,0.0,0.5125000000000001,0.5093750000000001,0.2359428951594467,0.05001876093554386,0.03554390873969106,0.05,-0.04999999999999999,2.5999999999999996,1.0,15.0,0,2,23,0,10,0,0,16,13,0
2000273,1.0,0.05,0.75,-0.020640624999999115,8.881784197001252e-16,0.020640625000000003,-7,20.640625,3.734375,0.171875,0.0625,0.0,0.509375,0.5374999999999998,0.7402477687039032,0.050099851155632265,0.7120997206755225,0.049999999999999996,-0.30000000000000004,0.2999999999999996,1.0,14.0,0,2,19,0,5,1,2,18,17,0
2000274,1.0,0.05,0.75,0.8452343749999996,0.8499999999999996,0.004765625000000003,-4,4.765625,2.015625,0.15625,0.09375,0.0,0.47500000000000014,0.5609374999999999,0.2706352847091194,0.050006428816682845,0.22426557232192493,0.05,-0.85,1.6999999999999997,3.0,13.0,0,0,15,2,6,0,0,30,11,0
2000275,1.0,0.05,0.75,2.439921875,2.45,0.010078125000000007,-3,10.078125,2.640625,0.171875,0.125,0.0,0.48437499999999994,0.5796874999999994,0.8654215204696414,0.05139971388795175,0.6983796584457785,0.05,-0.6499999999999997,3.1,5.0,14.0,1,1,11,0,4,0,1,28,18,0
2000276,1.0,0.05,0.75,-1.1833437500000004,-1.1500000000000004,0.03334375000000001,-10,33.34375,4.84375,0.203125,0.046875,0.0,0.4562499999999996,0.5820312499999994,0.9558692468926506,0.050740342075767456,0.9551262871786563,0.05000000000000001,-1.0,-0.1499999999999999,4.0,12.0,0,0,11,1,6,0,3,32,11,0
2000277,1.0,0.05,0.75,2.5962500000000004,2.6000000000000005,0.0037500000000000007,-4,3.75,1.40625,0.1875,0.125,0.0,0.4531249999999997,0.6101562499999993,0.9758840187959763,0.06496981802992599,0.9540825952215557,0.05000000000000002,-0.44999999999999996,3.0500000000000007,5.0,15.0,0,0,8,1,0,0,3,39,13,0
2000278,1.0,0.05,0.75,1.4323124999999992,1.4499999999999993,0.01768750000000001,-6,17.6875,4.0,0.21875,0.125,0.0,0.4343749999999999,0.6101562499999995,0.8089611809442602,0.05530852101360345,0.7762846168662786,0.05,-0.2999999999999998,1.7500000000000004,2.0,20.0,0,0,5,1,4,2,4,39,9,0
2000279,0.0,0.05,0.75,4.446953124999999,4.449999999999999,0.003046875000000002,-4,3.046875,1.328125,0.140625,0.078125,0.0,0.5375000000000004,0.41093750000000046,0.15608174724908747,0.050005720202077344,0.012297691070024751,0.05000000000000001,-0.35,4.8,2.0,12.0,2,1,45,0,6,0,0,9,1,0
2000280,1.0,0.05,0.75,1.2869687500000007,1.3000000000000007,0.01303125000000001,-5,13.03125,3.21875,0.203125,0.125,0.0,0.4531249999999998,0.5703124999999996,0.619042534861571,0.050533741840273094,0.5415043679314903,0.05000000000000001,-0.8,2.0999999999999996,3.0,18.0,0,0,12,1,9,0,1,34,7,0
2000281,1.0,0.05,0.75,-0.6714375000000004,-0.6500000000000004,0.021437500000000012,-10,21.4375,3.8125,0.25,0.09375,0.0,0.4624999999999998,0.5890624999999996,0.9053431782791547,0.05668599593118057,0.9003404347330299,0.05,-0.8,0.1499999999999999,3.0,19.0,0,0,8,0,10,0,2,30,14,0
2000282,1.0,0.05,0.75,-0.38448437500000143,-0.3500000000000014,0.034484375000000005,-10,34.484375,5.140625,0.203125,0.046875,0.0,0.4374999999999998,0.6218749999999994,0.9854495251143118,0.054196470812901756,0.9851198211142952,0.049999999999999996,-1.1499999999999995,0.8,7.0,9.0,0,0,3,0,6,0,5,36,14,0
2000283,0.0,0.05,0.75,3.698890625,3.7,0.0011093750000000006,1,1.109375,0.828125,0.140625,0.15625,0.015625,0.5333333333333335,0.4000000000000002,0.07901257395392382,0.051056629244183444,0.00013479607379041317,0.05,-0.7999999999999999,4.499999999999999,6.0,13.0,1,3,44,1,8,0,1,4,1,1
2000284,1.0,0.05,0.75,1.0266406249999989,1.049999999999999,0.023359375000000012,-7,23.359375,4.546875,0.203125,0.09375,0.0,0.45312500000000006,0.6124999999999994,0.9549059180218583,0.053856879856122294,0.9512123949144602,0.049999999999999996,-0.1499999999999999,1.1999999999999997,1.0,18.0,0,0,5,3,3,0,2,34,17,0
2000285,1.0,0.05,0.75,-0.6766562500000004,-0.6500000000000004,0.026656250000000003,-9,26.65625,4.40625,0.234375,0.09375,0.0,0.478125,0.5726562499999998,0.4228695576244517,0.050252218298252146,0.4161912832456127,0.05,-1.2000000000000002,0.5499999999999995,4.0,17.0,0,0,12,1,8,0,0,29,14,0
2000286,0.0,0.05,0.75,9.409578125,9.45,0.040421875,-11,40.421875,5.234375,0.21875,0.046875,0.0,0.5124999999999998,0.4812499999999998,0.4694801304761922,0.050508034946546855,0.43347403974446563,0.05,-0.09999999999999998,9.549999999999999,2.0,15.0,1,0,30,2,8,0,1,12,10,0
2000287,1.0,0.05,0.75,0.9770937500000018,1.0000000000000018,0.02290625000000001,-6,22.90625,4.09375,0.203125,0.109375,0.0,0.5093749999999999,0.5070312499999996,0.6062253215738148,0.05205109284405949,0.3273247286577819,0.05,-0.5,1.4999999999999991,2.0,18.0,0,1,26,0,7,0,2,17,11,0
2000288,1.0,0.05,0.75,0.017984375000002495,0.05000000000000249,0.03201562499999999,-8,32.015625,5.078125,0.203125,0.078125,0.0,0.4875,0.5515624999999996,0.5815809940288637,0.05036765772114684,0.5547980272908549,0.05,-0.9499999999999997,0.9999999999999996,5.0,13.0,1,0,14,0,11,1,1,21,15,0
2000289,1.0,0.05,0.75,0.17981249999999926,0.1999999999999993,0.02018750000000001,-6,20.1875,4.0625,0.15625,0.0625,0.0,0.43124999999999986,0.6242187499999993,0.8909822102067781,0.05005963436766431,0.88940706145081,0.049999999999999996,-1.0499999999999998,1.2500000000000004,5.0,9.0,0,0,4,0,3,0,4,43,10,0
2000290,0.0,0.05,0.75,1.2420781249999995,1.2499999999999996,0.007921875000000004,3,7.921875,2.359375,0.125,0.171875,0.0,0.49375000000000024,0.5234374999999998,0.5356667809122453,0.050137212230436635,0.028065981450496196,0.05000000000000001,-1.4000000000000001,2.6499999999999995,4.0,15.0,1,1,19,2,8,2,3,13,15,0
2000291,0.0,0.05,0.75,6.092281249999998,6.099999999999999,0.007718750000000003,-6,7.71875,2.15625,0.1875,0.09375,0.0,0.4968749999999998,0.5328124999999997,0.828539708861777,0.050316663295483885,0.7611844654662684,0.05,-1.1500000000000001,7.249999999999999,3.0,15.0,0,1,22,1,3,0,1,25,11,0
2000292,0.0,0.05,0.75,6.127749999999999,6.149999999999999,0.022250000000000013,-8,22.25,4.1875,0.171875,0.046875,0.0,0.5187499999999999,0.47187499999999993,0.44782234066017385,0.05000689736622334,0.396877207358809,0.05,-0.04999999999999999,6.199999999999999,1.0,13.0,0,1,34,0,6,0,1,17,5,0
2000293,1.0,0.05,0.75,-0.008625000000000892,-8.881784197001252e-16,0.008625000000000004,-7,8.625,2.4375,0.1875,0.078125,0.0,0.4718749999999998,0.5890624999999995,0.8679477739793605,0.05021721526311099,0.8620231330289585,0.05,-0.5,0.5,2.0,15.0,0,0,10,0,6,0,3,29,16,0
2000294,1.0,0.05,0.75,1.3453906249999996,1.3499999999999996,0.004609375000000003,-2,4.609375,1.953125,0.109375,0.078125,0.0,0.48125000000000007,0.5796874999999995,0.6173018585216188,0.05000136172253737,0.5686646526818578,0.05,-0.1499999999999999,1.4999999999999998,1.0,11.0,0,0,11,0,8,0,1,28,16,0
2000295,1.0,0.05,0.75,1.6940156250000011,1.700000000000001,0.0059843750000000044,-4,5.984375,2.234375,0.1875,0.125,0.0,0.4406249999999999,0.6007812499999995,0.6748164604283365,0.05041767947900575,0.6151916755037586,0.05,-0.6499999999999999,2.35,3.0,17.0,0,1,7,0,5,0,2,41,8,0
2000296,0.0,0.05,0.75,10.469265625000002,10.500000000000002,0.030734375000000008,-11,30.734375,4.671875,0.296875,0.125,0.0,0.5531250000000004,0.4039062500000002,0.14033509538976516,0.07605212784643277,0.0070822496600697225,0.05,-0.04999999999999999,10.550000000000002,1.0,26.0,0,3,46,2,4,1,0,4,4,0
2000297,0.0,0.05,0.75,8.287062500000001,8.3,0.012937499999999998,-9,12.9375,2.34375,0.21875,0.078125,0.0,0.5468750000000001,0.41093750000000007,0.17939807570363944,0.051132307763366615,0.04046310031765062,0.05,-0.14999999999999997,8.450000000000001,3.0,16.0,0,2,43,0,12,0,0,3,4,0
2000298,1.0,0.05,0.75,2.346687499999999,2.3499999999999988,0.0033125000000000016,-2,3.3125,1.5,0.171875,0.140625,0.0,0.46249999999999986,0.5796874999999995,0.79067475133441,0.05053783035315806,0.5365701335681934,0.05,-0.30000000000000004,2.6500000000000004,2.0,18.0,0,4,9,0,4,0,1,34,12,0
2000299,1.0,0.05,0.75,0.0370468750000007,0.05000000000000071,0.01295312500000001,-6,12.953125,3.203125,0.171875,0.078125,0.0,0.4406249999999998,0.5820312499999994,0.8970195940621084,0.05011360328776965,0.8897703579883061,0.049999999999999996,-0.7500000000000002,0.8,4.0,12.0,0,0,11,1,6,0,7,29,10,0
2000300,0.0,0.05,0.75,8.975453125,9.0,0.024546875000000013,-10,24.546875,4.140625,0.25,0.09375,0.0,0.5250000000000004,0.46015625000000043,0.05079008597899344,0.05016332493904783,0.034866859607217644,0.05,-1.3,10.300000000000002,5.0,17.0,0,3,34,0,7,0,1,12,7,0
2000301,0.0,0.05,0.75,4.6452656249999995,4.6499999999999995,0.004734375000000003,-4,4.734375,1.734375,0.171875,0.109375,0.0,0.4968750000000001,0.52578125,0.3924405789121456,0.050020166334131554,0.2580545191826457,0.05,-1.35,5.999999999999999,4.0,14.0,1,2,19,1,8,0,1,17,15,0
2000302,0.0,0.05,0.75,2.999,3.0,0.0010000000000000005,0,1.0,0.875,0.125,0.125,0.0,0.5156250000000004,0.4695312500000004,0.3829836526427744,0.0500226275114705,0.015966293883806902,0.05,-0.4,3.4,2.0,14.0,0,2,32,2,7,0,0,14,7,0
2000303,1.0,0.05,0.75,1.9449531250000003,1.9500000000000002,0.005046875000000003,-3,5.046875,1.703125,0.171875,0.125,0.0,0.4906249999999998,0.5492187499999995,0.6963324444124133,0.05025026334691564,0.44597319546144004,0.05,-0.2999999999999998,2.2499999999999996,2.0,17.0,0,2,17,0,4,1,2,25,13,0
2000304,0.0,0.05,0.75,5.291265624999999,5.3,0.008734375000000006,-2,8.734375,2.359375,0.1875,0.15625,0.0,0.5156250000000001,0.4695312499999998,0.3046973006023701,0.05140452486097252,0.011903321050573491,0.05000000000000001,-0.95,6.25,4.0,18.0,1,0,33,1,8,0,1,13,7,0
2000305,0.0,0.05,0.75,5.139828124999999,5.1499999999999995,0.010171875000000006,-2,10.171875,2.671875,0.171875,0.140625,0.0,0.53125,0.4882812499999995,0.7440607840305401,0.051943538284630254,0.08767680524536167,0.05,-1.15,6.300000000000001,4.0,16.0,0,3,30,0,3,0,1,14,13,0
2000306,0.0,0.05,0.75,5.085093749999999,5.099999999999999,0.01490625000000001,-4,14.90625,3.34375,0.171875,0.109375,0.0,0.509375,0.5164062499999996,0.47493775516284426,0.05009899966734664,0.23054034449612154,0.05000000000000001,-1.6500000000000001,6.75,5.0,13.0,0,1,24,1,6,0,1,18,13,0
2000307,1.0,0.05,0.75,1.3930937499999994,1.3999999999999995,0.006906250000000005,-3,6.90625,2.28125,0.140625,0.09375,0.0,0.53125,0.4367187499999998,0.33003062540057004,0.05001955842444507,0.028464630437881406,0.05,-0.3500000000000001,1.7499999999999993,1.0,14.0,0,2,37,2,10,1,0,6,6,0
2000308,1.0,0.05,0.75,-1.766703125000003,-1.7000000000000028,0.06670312500000003,-12,66.703125,7.171875,0.234375,0.046875,0.0,0.4406249999999997,0.6031249999999994,0.9669373575159295,0.05418360521452626,0.9662653584756766,0.049999999999999996,-0.5499999999999998,-1.15,3.0,15.0,0,0,8,0,4,0,6,35,11,0
2000309,1.0,0.05,0.75,5.048312499999999,5.049999999999999,0.001687500000000001,3,1.6875,1.0625,0.171875,0.21875,0.0,0.45624999999999977,0.5890624999999995,0.6294957007346598,0.05359550949625716,0.06127930136958749,0.05,-0.8,5.8500000000000005,3.0,22.0,0,1,11,0,2,0,4,35,11,0
2000310,1.0,0.05,0.75,-1.7467656250000028,-1.7000000000000028,0.046765625000000026,-14,46.765625,5.859375,0.234375,0.015625,0.0,0.4156249999999998,0.6382812499999994,0.9988087418508578,0.1124116842909818,0.9984114257962964,0.05,-0.5499999999999998,-1.1499999999999995,5.0,11.0,0,0,0,0,5,0,8,38,13,0
2000311,1.0,0.05,0.75,1.994,2.0,0.006000000000000004,-3,6.0,2.125,0.15625,0.109375,0.0,0.5031249999999997,0.5421874999999994,0.75588273100076,0.050222018448666035,0.4932313467755296,0.05,-0.5000000000000002,2.5,4.0,13.0,1,1,19,0,4,0,0,24,15,0
2000312,1.0,0.05,0.75,2.3861562499999995,2.3999999999999995,0.01384375000000001,-3,13.84375,3.46875,0.171875,0.125,0.0,0.4406249999999998,0.6078124999999994,0.7329302195515619,0.05034708276403458,0.6593040619391619,0.05,-0.4999999999999998,2.9000000000000004,4.0,15.0,0,1,5,1,5,0,2,39,11,0
2000313,0.0,0.05,0.75,5.085812499999999,5.1,0.01418750000000001,-5,14.1875,3.625,0.15625,0.078125,0.0,0.4656249999999998,0.5984374999999995,0.7257368629839461,0.05001012802017713,0.7201160880402171,0.05,-0.9,6.0,2.0,13.0,0,0,8,0,6,0,2,33,15,0
2000314,1.0,0.05,0.75,-1.479250000000001,-1.450000000000001,0.029250000000000005,-8,29.25,4.6875,0.171875,0.046875,0.0,0.4374999999999998,0.5773437499999995,0.8392469047704783,0.05002046488796169,0.8376966414904954,0.05000000000000001,0.0,-1.4500000000000006,0.0,14.0,0,1,10,1,8,0,7,27,10,0
2000315,1.0,0.05,0.75,-1.1838125000000004,-1.1500000000000004,0.033812500000000016,-11,33.8125,5.0625,0.25,0.078125,0.0,0.4343749999999999,0.5984374999999994,0.9690475769613329,0.06199264597582588,0.9671086828624011,0.05,-0.7000000000000002,-0.44999999999999996,2.0,19.0,0,1,7,0,6,0,7,32,11,0
2000316,1.0,0.05,0.75,-0.7156250000000011,-0.7000000000000011,0.01562500000000001,-7,15.625,3.28125,0.171875,0.0625,0.0,0.4781249999999996,0.5585937499999994,0.7841033139293014,0.05003046953932821,0.773088520228465,0.05,-0.1499999999999999,-0.5500000000000002,1.0,14.0,0,0,15,3,6,0,0,27,13,0
2000317,1.0,0.05,0.75,0.34509374999999964,0.34999999999999964,0.0049062500000000035,-4,4.90625,1.78125,0.109375,0.046875,0.0,0.44999999999999984,0.5960937499999994,0.8855226021214433,0.050003023662298404,0.8818859300022472,0.05,-0.7,1.05,4.0,6.0,0,0,9,1,4,0,6,30,14,0
2000318,1.0,0.05,0.75,1.0410468749999988,1.049999999999999,0.008953125000000006,-5,8.953125,2.765625,0.171875,0.09375,0.0,0.4343749999999999,0.6124999999999994,0.8463706710917301,0.05017620074314392,0.8368999160798972,0.05,-0.8499999999999999,1.9000000000000001,5.0,12.0,0,0,5,1,5,0,5,36,12,0
2000319,1.0,0.05,0.75,0.8876562500000013,0.9000000000000012,0.012343750000000007,-4,12.34375,2.9375,0.15625,0.09375,0.0,0.5031250000000002,0.4976562499999999,0.2787725293863361,0.05001260194565637,0.11943274719503964,0.049999999999999996,-0.1499999999999999,1.0499999999999992,1.0,15.0,2,4,24,1,4,0,1,15,13,0
2000320,1.0,0.05,0.75,1.2921562500000008,1.3000000000000007,0.007843750000000005,-4,7.84375,2.46875,0.140625,0.078125,0.0,0.4875,0.5984374999999994,0.939314890645003,0.05009402192072598,0.9298913287618715,0.049999999999999996,-0.8999999999999999,2.2,6.0,8.0,0,2,7,0,4,0,1,28,22,0
2000321,1.0,0.05,0.75,2.546171874999999,2.549999999999999,0.003828125000000002,0,3.828125,1.640625,0.109375,0.109375,0.0,0.4749999999999998,0.5562499999999998,0.45972504025070904,0.05000412558106259,0.2232557140214125,0.05000000000000001,-0.1499999999999999,2.6999999999999993,1.0,13.0,1,0,14,0,10,0,0,28,11,0
2000322,0.0,0.05,0.75,3.1991875,3.1999999999999997,0.0008125000000000003,-1,0.8125,0.59375,0.15625,0.140625,0.0,0.5062499999999999,0.5351562499999996,0.6527620363249607,0.050090368618814676,0.20685137862125497,0.05000000000000001,-1.0,4.199999999999999,2.0,17.0,0,2,20,0,5,0,2,19,16,0
2000323,1.0,0.05,0.75,2.0883281249999994,2.0999999999999996,0.011671875000000009,-5,11.671875,3.015625,0.203125,0.125,0.0,0.4562499999999998,0.5960937499999994,0.9209325205628844,0.06161671869435267,0.8678937212644715,0.05,-0.44999999999999996,2.5500000000000003,3.0,18.0,0,1,8,0,5,0,4,32,14,0
2000324,1.0,0.05,0.75,-0.7589375000000028,-0.7000000000000028,0.058937500000000025,-13,58.9375,7.03125,0.265625,0.0625,0.0,0.4593749999999999,0.6289062499999992,0.9968545712472039,0.17923033894694104,0.9934680073083243,0.05,-0.6499999999999999,-0.0499999999999996,3.0,18.0,0,0,4,0,1,0,2,40,17,0
2000325,1.0,0.05,0.75,2.6479687500000004,2.6500000000000004,0.0020312500000000014,-2,2.03125,1.09375,0.15625,0.125,0.0,0.4812500000000001,0.5937499999999996,0.8194755949148139,0.05025734042190318,0.6880877601726682,0.049999999999999996,-0.19999999999999996,2.8499999999999996,2.0,16.0,0,1,9,1,3,0,0,32,18,0
2000326,1.0,0.05,0.75,-0.06607812499999895,-0.049999999999998934,0.01607812500000001,-6,16.078125,3.453125,0.1875,0.09375,0.0,0.4937500000000003,0.4812500000000004,0.2175491903749291,0.050064904134566116,0.09382014196058139,0.05,-0.5999999999999999,0.5499999999999996,2.0,16.0,0,6,28,0,4,0,2,20,4,0
2000327,0.0,0.05,0.75,4.9977656249999995,4.999999999999999,0.002234375000000001,-4,2.234375,1.140625,0.15625,0.09375,0.0,0.5250000000000004,0.4507812500000005,0.13552607210049644,0.05001930446401708,0.01597645666901395,0.05,-0.55,5.550000000000001,3.0,13.0,1,1,37,0,7,0,0,14,4,0
2000328,0.0,0.05,0.75,9.393015624999999,9.399999999999999,0.0069843750000000045,-6,6.984375,2.015625,0.25,0.15625,0.0,0.5656250000000005,0.3945312500000004,0.0031999902399869173,0.08196569640103044,1.8124784333149143e-05,0.05,-0.9500000000000002,10.35,5.0,21.0,0,2,51,0,3,0,0,6,2,0
2000329,0.0,0.05,0.75,4.832515625,4.8500000000000005,0.017484375000000003,-3,17.484375,3.796875,0.15625,0.109375,0.0,0.4625,0.5539062499999997,0.2772971474766897,0.05002307824189641,0.16461393088742365,0.05,-0.4,5.250000000000001,2.0,15.0,1,0,15,1,8,0,4,24,11,0
2000330,1.0,0.05,0.75,1.3887187499999996,1.3999999999999995,0.011281250000000008,-5,11.28125,3.0,0.203125,0.125,0.0,0.4374999999999998,0.5843749999999998,0.5980647736398225,0.050588316576617616,0.5385557629737281,0.05,-0.5,1.9000000000000001,2.0,19.0,0,2,8,0,8,0,2,38,6,0
2000331,0.0,0.05,0.75,1.3990468749999994,1.3999999999999995,0.0009531250000000006,2,0.953125,0.640625,0.109375,0.140625,0.0,0.49999999999999983,0.5398437499999997,0.5006462506303156,0.0500158068050007,0.0959655893509042,0.05,-1.55,2.9499999999999997,4.0,12.0,0,2,19,0,5,0,1,23,14,0
2000332,1.0,0.05,0.75,1.6975000000000002,1.7000000000000002,0.0025000000000000014,-1,2.5,1.1875,0.125,0.109375,0.0,0.4874999999999999,0.5140624999999999,0.4951392501975872,0.050005013282390855,0.16851643605460323,0.049999999999999996,-1.0500000000000003,2.75,3.0,12.0,0,1,22,3,9,0,1,18,10,0
2000333,0.0,0.05,0.75,9.61884375,9.65,0.03115625000000001,-9,31.15625,4.65625,0.265625,0.125,0.0,0.5375,0.4414062499999999,0.4525932742637729,0.11977979356579103,0.04273777277640264,0.05000000000000001,-0.44999999999999996,10.1,4.0,21.0,0,2,39,0,7,0,1,9,6,0
2000334,1.0,0.05,0.75,-0.8749843750000015,-0.8500000000000014,0.02498437500000001,-10,24.984375,4.578125,0.203125,0.046875,0.0,0.4281249999999999,0.6195312499999993,0.9791948396853569,0.05178236645383646,0.9789588562506304,0.05,-0.25,-0.5999999999999998,3.0,13.0,0,0,4,2,3,0,6,36,13,0
2000335,1.0,0.05,0.75,-0.4732656249999993,-0.4499999999999993,0.02326562500000001,-9,23.265625,4.359375,0.203125,0.0625,0.0,0.4687499999999999,0.5890624999999995,0.9742804703901203,0.05223806166763531,0.9733606068003382,0.049999999999999996,-0.19999999999999996,-0.24999999999999956,2.0,15.0,0,1,11,0,2,0,2,35,13,0
2000336,0.0,0.05,0.75,3.746984374999999,3.749999999999999,0.003015625000000002,-3,3.015625,1.421875,0.171875,0.125,0.0,0.4687499999999999,0.51640625,0.5251090566820091,0.05004693450101581,0.23608918003628543,0.05000000000000001,-1.2,4.949999999999999,3.0,16.0,3,0,20,2,9,0,0,23,7,0
2000337,1.0,0.05,0.75,1.2942187499999993,1.2999999999999994,0.005781250000000004,-2,5.78125,2.25,0.109375,0.078125,0.0,0.4968749999999999,0.5632812499999995,0.7577456743611543,0.05000264451703955,0.684677326846689,0.05,-0.050000000000000044,1.3499999999999996,1.0,11.0,0,0,14,0,8,1,2,21,18,0
2000338,0.0,0.05,0.75,7.209312500000002,7.250000000000002,0.0406875,-8,40.6875,5.78125,0.203125,0.078125,0.0,0.4531249999999997,0.6007812499999995,0.7938786751477318,0.05014127640910826,0.7919859210758542,0.05,-0.9,8.15,2.0,16.0,0,1,8,0,3,0,2,39,11,0
2000339,0.0,0.05,0.75,0.4487968749999999,0.4499999999999999,0.0012031250000000009,2,1.203125,0.859375,0.078125,0.109375,0.0,0.4718750000000001,0.5468749999999999,0.3962538017094707,0.05000146159474693,0.15191626402042147,0.05000000000000001,-0.45,0.8999999999999999,1.0,11.0,0,0,17,1,9,0,1,28,8,0
2000340,0.0,0.05,0.75,4.878187499999998,4.899999999999999,0.021812500000000002,-5,21.8125,4.0,0.140625,0.0625,0.0,0.46874999999999983,0.5726562499999994,0.7321126720917215,0.050005127854463385,0.7193321557878904,0.05000000000000001,-0.9,5.799999999999999,2.0,11.0,1,1,13,0,3,0,4,28,14,0
2000341,1.0,0.05,0.75,1.338843749999998,1.3499999999999979,0.011156250000000008,-6,11.15625,2.90625,0.203125,0.109375,0.0,0.4374999999999997,0.5960937499999994,0.9378820517509494,0.056567967900794915,0.9198683177988259,0.05,-0.8499999999999999,2.2,5.0,15.0,0,0,10,0,3,0,6,37,8,0
2000342,0.0,0.05,0.75,6.535609375000001,6.550000000000001,0.014390625000000011,-7,14.390625,3.234375,0.1875,0.078125,0.0,0.5125000000000003,0.5023437499999998,0.6502650246622393,0.05025855530473743,0.5230712017199681,0.05,-0.04999999999999999,6.6,1.0,16.0,0,3,25,1,6,0,2,13,14,0
2000343,0.0,0.05,0.75,8.258765625,8.3,0.04123437500000002,-9,41.234375,5.703125,0.234375,0.09375,0.0,0.5187500000000003,0.4953124999999998,0.24110260017837878,0.050307817824536714,0.1905556008085334,0.05000000000000001,-0.4,8.700000000000001,2.0,19.0,0,3,26,1,6,1,2,11,14,0
2000344,0.0,0.05,0.75,5.78496875,5.8,0.01503125000000001,-5,15.03125,3.34375,0.1875,0.109375,0.015625,0.5460317460317463,0.4523809523809525,0.06617290645130296,0.05006788174257245,0.010298793135789608,0.05000000000000001,-0.8500000000000001,6.649999999999997,5.0,14.0,0,3,37,1,2,0,0,10,10,1
2000345,1.0,0.05,0.75,1.7897968750000006,1.8000000000000007,0.010203125000000007,-3,10.203125,2.859375,0.171875,0.125,0.0,0.4468749999999998,0.5890624999999995,0.5891081750975624,0.05011682277005121,0.47821948268657355,0.05,-1.0,2.8000000000000003,4.0,15.0,0,1,9,0,6,0,4,34,10,0
2000346,0.0,0.05,0.75,1.9482187499999994,1.9499999999999995,0.0017812500000000007,1,1.78125,0.9375,0.125,0.140625,0.0,0.50625,0.5398437499999996,0.6080366640240238,0.050018788342088186,0.14226047430152292,0.05,-1.7000000000000002,3.6499999999999995,4.0,13.0,0,1,19,0,6,1,0,23,14,0
2000347,0.0,0.05,0.75,3.44615625,3.45,0.0038437500000000017,-1,3.84375,1.5,0.125,0.109375,0.0,0.48125000000000023,0.5421874999999999,0.5472018404661264,0.050016398516734256,0.20220898910575996,0.05,-2.2,5.65,6.0,9.0,0,1,17,2,8,0,0,25,11,0
2000348,0.0,0.05,0.75,5.740062499999999,5.749999999999999,0.009937500000000007,-5,9.9375,2.6875,0.171875,0.09375,0.03125,0.535483870967742,0.4395161290322581,0.3865411581751748,0.05039061457875627,0.05590625994256221,0.05,-0.75,6.499999999999999,4.0,13.0,0,0,37,1,11,1,0,7,5,2
2000349,0.0,0.05,0.75,6.596390625,6.6,0.003609375000000001,-5,3.609375,1.421875,0.1875,0.109375,0.0,0.49999999999999983,0.5164062499999996,0.7829447341187449,0.053637818115694895,0.39528871138254296,0.05,-0.5,7.1,2.0,17.0,0,4,21,1,6,0,1,18,13,0
2000350,0.0,0.05,0.75,0.8429062499999999,0.8499999999999999,0.0070937500000000046,6,7.09375,2.09375,0.125,0.21875,0.0,0.47812499999999997,0.5773437499999996,0.7357860924287789,0.05192670266470262,0.03182988025553534,0.05,-1.65,2.4999999999999996,4.0,18.0,0,2,10,2,5,0,1,26,18,0
2000351,1.0,0.05,0.75,0.5739531249999996,0.5999999999999996,0.02604687500000001,-6,26.046875,4.609375,0.171875,0.078125,0.0,0.4968749999999999,0.5703124999999994,0.5998517161981749,0.05006743807587552,0.5744912141617111,0.05000000000000001,-0.1499999999999999,0.7499999999999998,1.0,15.0,0,1,15,0,2,0,2,26,18,0
2000352,0.0,0.05,0.75,7.338187499999999,7.35,0.011812500000000009,-7,11.8125,3.0,0.203125,0.09375,0.0,0.5000000000000002,0.5046875000000002,0.2898596616188844,0.05028311161560851,0.2016149812193087,0.05,-1.4000000000000001,8.75,5.0,14.0,0,1,27,2,4,0,1,21,8,0
2000353,1.0,0.05,0.75,-1.0684687499999999,-1.0499999999999998,0.018468750000000013,-8,18.46875,3.8125,0.15625,0.03125,0.0,0.44999999999999984,0.6078124999999993,0.9559191940924585,0.05004383117733232,0.9557125892458422,0.049999999999999996,-0.44999999999999996,-0.6000000000000001,3.0,9.0,0,1,7,0,2,0,5,35,14,0
2000354,0.0,0.05,0.75,9.569703125000002,9.600000000000001,0.03029687500000001,-10,30.296875,4.671875,0.28125,0.125,0.0,0.5468750000000003,0.43437500000000023,0.07212223832111504,0.05489559677087837,0.01730673284780229,0.05000000000000001,-0.8500000000000001,10.450000000000001,5.0,21.0,0,3,41,0,4,0,0,10,6,0
2000355,1.0,0.05,0.75,1.3370156249999996,1.3499999999999996,0.012984375000000008,-3,12.984375,3.203125,0.140625,0.09375,0.0,0.45937499999999987,0.5843749999999995,0.7610724850600823,0.05002402320371644,0.7042797408453572,0.05,-1.05,2.4000000000000004,5.0,10.0,0,1,9,1,6,1,1,34,11,0
2000356,0.0,0.05,0.75,0.8982187499999997,0.8999999999999997,0.0017812500000000011,1,1.78125,1.09375,0.0625,0.078125,0.015625,0.4857142857142856,0.5023809523809524,0.22400034329529572,0.050000495033948274,0.061356980542634866,0.05000000000000001,-0.5,1.3999999999999997,2.0,7.0,0,7,21,0,6,0,1,21,7,1
2000357,0.0,0.05,0.75,4.5342343750000005,4.550000000000001,0.015765625000000012,-4,15.765625,3.578125,0.171875,0.109375,0.0,0.5281250000000002,0.4742187499999999,0.3225666425318424,0.05003616696231247,0.0895244015777544,0.049999999999999996,-0.04999999999999999,4.6,1.0,17.0,0,3,30,1,8,0,0,10,12,0
2000358,1.0,0.05,0.75,2.8472968749999996,2.8499999999999996,0.002703125000000001,1,2.703125,1.078125,0.09375,0.109375,0.0,0.4531250000000001,0.5937499999999996,0.5235513408219155,0.05000248159377294,0.33805066488373836,0.05000000000000001,-0.1499999999999999,3.0000000000000004,1.0,12.0,0,2,8,0,4,0,2,37,11,0
2000359,1.0,0.05,0.75,1.5985937499999996,1.5999999999999996,0.0014062500000000008,-2,1.40625,0.875,0.140625,0.109375,0.0,0.5000000000000001,0.5187499999999999,0.29732168954066207,0.050010578122930735,0.10184525886696011,0.049999999999999996,-0.3500000000000001,1.9499999999999997,1.0,15.0,1,0,24,0,6,0,1,22,10,0
2000360,1.0,0.05,0.75,1.996890625000001,2.000000000000001,0.0031093750000000023,-2,3.109375,1.515625,0.15625,0.125,0.0,0.4531249999999997,0.6007812499999994,0.7032306141370817,0.05010720442785043,0.5675364133932747,0.05,-0.1499999999999999,2.1500000000000004,1.0,17.0,0,0,10,0,1,0,6,34,13,0
2000361,1.0,0.05,0.75,1.7393749999999981,1.7499999999999982,0.010625000000000006,-4,10.625,2.34375,0.171875,0.109375,0.0,0.47499999999999987,0.5773437499999996,0.7169887176987937,0.050285597864370875,0.6085857407275773,0.05,-0.7499999999999998,2.5,4.0,14.0,0,2,10,1,5,1,0,31,14,0
2000362,1.0,0.05,0.75,-1.535515625,-1.5,0.035515625000000016,-10,35.515625,5.390625,0.203125,0.046875,0.0,0.4218749999999998,0.6124999999999994,0.9663187920502382,0.05056147786256278,0.9661528847471644,0.05,-0.6,-0.9000000000000001,3.0,13.0,0,1,5,2,2,0,4,42,8,0
2000363,0.0,0.05,0.75,2.996984374999999,2.999999999999999,0.0030156250000000014,1,3.015625,1.515625,0.15625,0.171875,0.0,0.45937500000000003,0.5726562499999996,0.623430647604265,0.050339040512591283,0.1336049594747446,0.05000000000000001,-1.9000000000000001,4.899999999999999,5.0,16.0,0,2,10,1,8,0,1,31,11,0
2000364,0.0,0.05,0.75,5.395390624999998,5.399999999999999,0.004609375000000003,-4,4.609375,1.921875,0.171875,0.109375,0.0,0.5468750000000001,0.44375,0.2543072414345424,0.050107365137850086,0.0259493980490032,0.05,-1.4000000000000001,6.799999999999999,6.0,12.0,0,0,39,0,10,0,0,7,8,0
2000365,1.0,0.05,0.75,2.3889687500000014,2.4000000000000012,0.011031250000000008,-5,11.03125,2.90625,0.21875,0.140625,0.0,0.45312499999999994,0.6195312499999993,0.8886587684855802,0.06787223491715473,0.8481112229599472,0.05,-1.0999999999999996,3.5000000000000004,7.0,16.0,0,0,4,0,5,0,2,38,15,0
2000366,1.0,0.05,0.75,-1.4875156250000028,-1.4500000000000028,0.03751562500000002,-14,37.515625,4.984375,0.28125,0.0625,0.0,0.42499999999999966,0.6148437499999994,0.9944722976673862,0.17060938876158196,0.9892822593046489,0.049999999999999996,-1.6,0.15000000000000058,6.0,16.0,0,0,4,1,6,0,1,46,6,0
2000367,0.0,0.05,0.75,3.799093749999998,3.799999999999998,0.0009062500000000006,-1,0.90625,0.65625,0.171875,0.15625,0.0,0.48437500000000017,0.5773437499999996,0.5381917879844493,0.050225417738872305,0.2308220602449404,0.05,-0.45,4.249999999999999,1.0,20.0,0,0,13,1,4,0,2,27,17,0
2000368,0.0,0.05,0.75,6.1812812500000005,6.2,0.018718750000000003,-4,18.71875,4.21875,0.203125,0.140625,0.0,0.4281249999999998,0.6265624999999994,0.6317921667148061,0.05112078637174325,0.5828539084895986,0.05,-2.5000000000000004,8.699999999999998,6.0,16.0,0,0,3,1,3,0,4,42,11,0
2000369,0.0,0.05,0.75,6.3935,6.4,0.006500000000000004,-6,6.5,2.0,0.1875,0.09375,0.0,0.5437500000000003,0.4320312500000004,0.05324043995141403,0.05003047162368013,0.009355492823121819,0.05,-0.44999999999999996,6.85,4.0,14.0,1,4,39,0,5,0,0,7,8,0
2000370,0.0,0.05,0.75,3.946421875,3.95,0.0035781250000000014,-1,3.578125,1.421875,0.15625,0.140625,0.0,0.4406249999999999,0.6171874999999996,0.5834110707967423,0.05009019605357744,0.4623187911704653,0.05,-0.45,4.4,1.0,18.0,0,2,3,1,3,0,5,34,16,0
2000371,1.0,0.05,0.75,-0.2126875000000002,-0.20000000000000018,0.01268750000000001,-6,12.6875,2.96875,0.171875,0.078125,0.0,0.47499999999999976,0.5492187499999995,0.7101788940031658,0.050037875833033894,0.6740940524876121,0.05,-0.2999999999999998,0.09999999999999964,2.0,14.0,0,1,16,0,9,0,3,24,11,0
2000372,1.0,0.05,0.75,1.5975781249999996,1.5999999999999996,0.0024218750000000017,-3,2.421875,1.171875,0.15625,0.109375,0.0,0.46874999999999983,0.5703124999999997,0.8168323768299299,0.050113262804986916,0.7107793027641577,0.05,-0.5000000000000001,2.0999999999999996,3.0,14.0,0,1,14,1,3,0,2,32,11,0
2000373,0.0,0.05,0.75,3.2899687499999994,3.2999999999999994,0.010031250000000007,-2,10.03125,2.8125,0.140625,0.109375,0.0,0.4624999999999998,0.5562499999999996,0.5451725092075779,0.05000989334719484,0.37756210533123097,0.05,0.0,3.2999999999999994,0.0,16.0,0,1,14,2,8,0,2,27,10,0
2000374,0.0,0.05,0.75,4.7867812500000015,4.800000000000002,0.013218750000000008,-4,13.21875,3.03125,0.15625,0.09375,0.0,0.5218750000000002,0.4929687499999996,0.3266742648096324,0.05001625569042164,0.12406081977284364,0.049999999999999996,-1.05,5.8500000000000005,4.0,12.0,0,2,27,2,7,0,1,10,15,0
2000375,0.0,0.05,0.75,7.746828125000002,7.750000000000002,0.0031718750000000015,-5,3.171875,1.203125,0.203125,0.125,0.0,0.5750000000000006,0.3898437500000003,0.015409987330707628,0.051051652666934316,0.00018626670720625673,0.049999999999999996,-0.7500000000000002,8.500000000000002,7.0,14.0,0,2,53,0,1,0,0,5,3,0
2000376,1.0,0.05,0.75,3.5451406249999997,3.55,0.004859375000000003,1,4.859375,1.765625,0.15625,0.171875,0.015625,0.45079365079365064,0.5928571428571423,0.6636307928298726,0.05033145728760442,0.20565431512028198,0.05,-0.1499999999999999,3.7,1.0,20.0,1,1,8,1,3,0,2,35,12,1
2000377,0.0,0.05,0.75,6.894312500000001,6.9,0.005687500000000003,-6,5.6875,1.75,0.1875,0.09375,0.0,0.5468750000000002,0.38281250000000006,0.2326709620669724,0.05056073200597363,0.009075463238020113,0.049999999999999996,-0.5499999999999999,7.449999999999999,4.0,14.0,1,3,48,1,9,0,0,1,1,0
2000378,1.0,0.05,0.75,0.6755156250000002,0.7000000000000002,0.024484375000000003,-6,24.484375,4.640625,0.1875,0.09375,0.0,0.4468749999999997,0.6031249999999994,0.8712941089603988,0.050346852585672584,0.8645227132769924,0.05,-1.0,1.6999999999999997,6.0,12.0,0,0,8,0,4,0,5,35,12,0
2000379,1.0,0.05,0.75,0.2758281249999989,0.29999999999999893,0.024171875000000006,-7,24.171875,4.421875,0.203125,0.09375,0.0,0.4562499999999997,0.5960937499999993,0.8140649751281681,0.05052144972804703,0.8054208958657263,0.05,-0.2999999999999998,0.6000000000000001,2.0,17.0,1,1,9,0,1,0,4,34,14,0
2000380,0.0,0.05,0.75,0.6492343749999999,0.6499999999999999,0.0007656250000000005,1,0.765625,0.609375,0.078125,0.09375,0.015625,0.5111111111111112,0.5023809523809522,0.6345269706633482,0.050000479990615805,0.22213502695206935,0.05,-1.25,1.9,3.0,8.0,0,2,27,3,0,1,1,18,11,1
2000381,1.0,0.05,0.75,0.5868124999999996,0.5999999999999996,0.01318750000000001,-5,13.1875,3.4375,0.15625,0.078125,0.0,0.4312499999999999,0.5984374999999995,0.6458778664783985,0.050017290882442444,0.6334258456104548,0.05,0.0,0.6000000000000006,0.0,15.0,1,2,4,1,6,1,2,38,9,0
2000382,1.0,0.05,0.75,-0.6654687500000004,-0.6500000000000004,0.015468750000000003,-9,15.46875,2.96875,0.21875,0.078125,0.0,0.4874999999999998,0.5492187499999996,0.9059187508696236,0.05129143672865492,0.8993543807752445,0.05,-0.5,-0.1500000000000008,3.0,16.0,0,0,17,0,9,0,2,23,13,0
2000383,1.0,0.05,0.75,-0.06646874999999983,-0.04999999999999982,0.01646875000000001,-6,16.46875,3.59375,0.203125,0.109375,0.0,0.46562499999999984,0.5820312499999996,0.6858183214986093,0.05015305721836121,0.6637635608580955,0.05,-0.6500000000000001,0.5999999999999999,3.0,17.0,1,2,8,1,6,0,0,31,15,0
2000384,0.0,0.05,0.75,2.5964062499999994,2.599999999999999,0.0035937500000000028,0,3.59375,1.5625,0.125,0.125,0.0,0.49062500000000014,0.52578125,0.06453235944756826,0.0500426033345577,0.013253724460495058,0.05000000000000001,-0.9000000000000001,3.499999999999999,4.0,12.0,1,0,22,1,5,1,2,22,10,0
2000385,0.0,0.05,0.75,4.243859374999998,4.249999999999997,0.006140625000000003,-2,6.140625,2.109375,0.203125,0.171875,0.015625,0.4825396825396825,0.5595238095238092,0.49845490129998576,0.05117294315833098,0.15820811604156548,0.049999999999999996,-2.15,6.4,5.0,19.0,0,1,13,3,7,0,0,23,16,1
2000386,1.0,0.05,0.75,-0.8724374999999996,-0.8499999999999996,0.02243750000000001,-10,22.4375,3.6875,0.21875,0.0625,0.0,0.4531249999999998,0.5960937499999995,0.9650242571140293,0.05243044351002173,0.9643195366414429,0.05,-0.8999999999999999,0.04999999999999982,6.0,12.0,0,1,8,1,4,0,3,34,13,0
2000387,1.0,0.05,0.75,0.17756250000000107,0.20000000000000107,0.022437500000000006,-7,22.4375,4.25,0.171875,0.0625,0.0,0.4624999999999997,0.6124999999999994,0.9631573181617387,0.0504221169824567,0.9621487902809451,0.049999999999999996,-0.34999999999999987,0.5500000000000005,3.0,12.0,1,0,6,0,2,0,2,36,17,0
2000388,0.0,0.05,0.75,5.0915156249999995,5.1,0.008484375000000006,-5,8.484375,2.609375,0.171875,0.09375,0.0,0.46562499999999996,0.5679687499999996,0.6131965159291023,0.050024922907909226,0.5745026653618722,0.05,-0.45,5.550000000000001,1.0,16.0,0,2,12,4,3,0,2,26,15,0
2000389,1.0,0.05,0.75,-0.7602656250000001,-0.75,0.010265625000000007,-6,10.265625,2.734375,0.125,0.03125,0.0,0.45624999999999993,0.5867187499999995,0.8163722574520896,0.05000177480786079,0.815159327116658,0.049999999999999996,-0.5,-0.25000000000000044,2.0,8.0,0,0,10,0,7,0,5,29,13,0
2000390,1.0,0.05,0.75,1.8970156249999994,1.8999999999999995,0.002984375000000002,-1,2.984375,1.328125,0.109375,0.09375,0.0,0.4812500000000002,0.5515624999999998,0.4152657821892411,0.050001808864149885,0.27111029541308096,0.05,0.0,1.9000000000000001,0.0,13.0,0,2,14,0,10,0,1,24,13,0
2000391,0.0,0.05,0.75,6.938437499999999,6.949999999999999,0.011562500000000007,-4,11.5625,2.90625,0.21875,0.15625,0.0,0.49374999999999974,0.4953124999999997,0.3374938851035916,0.059911401530708654,0.02888489854436946,0.05,-0.5,7.449999999999999,2.0,22.0,1,3,25,2,6,0,0,19,8,0
2000392,1.0,0.05,0.75,0.2940312499999989,0.29999999999999893,0.0059687500000000044,-5,5.96875,2.0625,0.15625,0.078125,0.0,0.5,0.5539062499999995,0.645277593589235,0.05001673553956608,0.5862820413227846,0.04999999999999999,-0.95,1.2499999999999996,4.0,11.0,0,2,15,2,5,0,1,19,20,0
2000393,1.0,0.05,0.75,-1.04634375,-1.0,0.04634375000000001,-10,46.34375,6.15625,0.234375,0.078125,0.0,0.41562499999999986,0.6171874999999993,0.98076105054563,0.05819185277107089,0.9799320895414678,0.05,-0.34999999999999987,-0.6499999999999999,3.0,17.0,0,2,3,1,3,0,9,34,12,0
2000394,1.0,0.05,0.75,1.2474375,1.25,0.002562500000000001,-2,2.5625,1.0625,0.140625,0.109375,0.0,0.4687499999999997,0.5351562499999996,0.6733922102223062,0.05002111750182539,0.38933491809769305,0.05,-0.5,1.75,2.0,14.0,0,2,18,1,8,0,4,22,9,0
2000395,0.0,0.05,0.75,3.7971874999999993,3.7999999999999994,0.002812500000000002,-2,2.8125,1.46875,0.140625,0.109375,0.0,0.5218750000000003,0.4671875000000001,0.37986305684455973,0.050020035111079254,0.049521312304241054,0.05,-1.0,4.8,4.0,12.0,0,3,31,1,9,0,0,11,9,0
2000396,1.0,0.05,0.75,0.4399062499999997,0.44999999999999973,0.010093750000000007,-3,10.09375,2.71875,0.125,0.078125,0.0,0.48749999999999993,0.5374999999999995,0.6122802085760701,0.050001939335327164,0.5223065253614724,0.04999999999999999,-0.3500000000000001,0.7999999999999994,1.0,12.0,0,1,17,2,10,0,2,17,15,0
2000397,1.0,0.05,0.75,0.29601562499999984,0.2999999999999998,0.003984375000000003,-3,3.984375,1.734375,0.109375,0.0625,0.0,0.525,0.5093749999999995,0.7447468075415355,0.05000246267134501,0.5592802557421219,0.05,-0.3500000000000001,0.6500000000000001,1.0,10.0,0,2,27,0,2,0,2,16,15,0
2000398,0.0,0.05,0.75,5.391187499999998,5.399999999999999,0.008812500000000004,-5,8.8125,2.34375,0.1875,0.109375,0.0,0.47812499999999997,0.48124999999999984,0.44472383754868744,0.05024216352968491,0.13413261119381767,0.049999999999999996,-0.8,6.2,3.0,16.0,0,1,28,2,12,0,4,14,3,0
2000399,0.0,0.05,0.75,9.763953125,9.8,0.036046875000000006,-10,36.046875,4.796875,0.265625,0.109375,0.0,0.5250000000000002,0.43906250000000013,0.12836777406876104,0.058208901566627766,0.03409700900681888,0.05,-0.39999999999999997,10.200000000000001,3.0,21.0,0,1,39,1,9,0,0,12,2,0
2000400,1.0,0.05,0.75,-1.04165625,-1.0,0.04165625000000001,-11,41.65625,5.4375,0.234375,0.0625,0.0,0.44374999999999987,0.6054687499999993,0.9913618491785088,0.06974179582456168,0.9905161713870069,0.05000000000000001,-1.0999999999999999,0.10000000000000009,8.0,11.0,1,0,7,0,3,0,4,37,12,0
2000401,0.0,0.05,0.75,6.827374999999999,6.849999999999999,0.02262500000000001,-7,22.625,4.0,0.1875,0.078125,0.0,0.5312500000000001,0.48124999999999996,0.3551648754310601,0.05015975488901571,0.20787690881910462,0.049999999999999996,-0.55,7.3999999999999995,3.0,14.0,0,2,32,1,3,0,1,13,12,0
2000402,1.0,0.05,0.75,-1.6898437499999985,-1.6499999999999986,0.039843750000000004,-10,39.84375,5.96875,0.1875,0.03125,0.0,0.4156249999999998,0.6124999999999994,0.934965590107939,0.050139744782049835,0.9348328182290184,0.049999999999999996,-0.25,-1.3999999999999997,1.0,13.0,0,1,6,1,1,0,8,39,8,0
2000403,0.0,0.05,0.75,6.886828125,6.9,0.01317187500000001,-6,13.171875,3.265625,0.1875,0.09375,0.015625,0.5333333333333338,0.46428571428571463,0.01898030124236005,0.05003014684398679,0.006851708988240891,0.05,-0.19999999999999996,7.100000000000001,4.0,14.0,0,1,36,0,4,0,0,16,6,1
2000404,1.0,0.05,0.75,1.1840625000000011,1.200000000000001,0.01593750000000001,-5,15.9375,3.4375,0.1875,0.109375,0.0,0.45312499999999967,0.5960937499999994,0.8993111405317838,0.05104780048184333,0.8794390467568649,0.05,0.0,1.2000000000000002,0.0,19.0,0,1,10,0,1,0,4,37,11,0
2000405,0.0,0.05,0.75,8.639515625,8.65,0.010484375000000008,-7,10.484375,2.765625,0.234375,0.125,0.0,0.5625000000000003,0.37578125000000007,0.0203331553502324,0.05176625510573259,0.00031357366187629123,0.05000000000000001,-0.6499999999999999,9.3,7.0,16.0,0,4,52,2,3,0,0,1,2,0
2000406,1.0,0.05,0.75,1.1983437499999998,1.1999999999999997,0.001656250000000001,-2,1.65625,1.03125,0.125,0.09375,0.0,0.4843749999999997,0.5070312499999997,0.5292860698494466,0.05000439088226874,0.23472667852199372,0.049999999999999996,-0.1499999999999999,1.3499999999999999,1.0,13.0,1,5,21,0,7,0,3,17,10,0
2000407,1.0,0.05,0.75,-0.07759375000000071,-0.05000000000000071,0.02759375,-9,27.59375,4.5625,0.203125,0.0625,0.0,0.4468749999999998,0.6289062499999993,0.9654051591778068,0.05229395289472187,0.9648331480801541,0.05,-0.19999999999999996,0.15000000000000058,2.0,15.0,0,0,3,0,3,0,2,42,14,0
2000408,1.0,0.05,0.75,0.18903125000000107,0.20000000000000107,0.010968750000000008,-6,10.96875,2.96875,0.203125,0.109375,0.0,0.44062499999999977,0.5960937499999995,0.6535834478309163,0.05015617555847515,0.6376746039555079,0.05,-0.1499999999999999,0.3500000000000001,1.0,19.0,0,2,6,0,7,0,2,38,9,0
2000409,0.0,0.05,0.75,3.7467656249999997,3.7499999999999996,0.003234375000000002,-1,3.234375,1.640625,0.171875,0.15625,0.0,0.48749999999999993,0.5585937499999998,0.5089521964097624,0.05020612536390955,0.16707676154887433,0.05,-1.7,5.449999999999999,4.0,17.0,1,0,15,0,7,0,0,27,14,0
2000410,0.0,0.05,0.75,3.499437499999999,3.499999999999999,0.0005625000000000004,-1,0.5625,0.5625,0.171875,0.15625,0.0,0.5093750000000001,0.5539062499999995,0.5860000548304712,0.05018880539785709,0.20208454233607018,0.05000000000000001,-1.25,4.749999999999998,3.0,18.0,0,1,17,1,3,1,0,23,18,0
2000411,1.0,0.05,0.75,1.433031250000001,1.450000000000001,0.01696875000000001,-6,16.96875,4.0,0.203125,0.109375,0.0,0.4374999999999997,0.6289062499999994,0.860567214320049,0.05184137913758418,0.8514039224507458,0.049999999999999996,-0.6000000000000001,2.0500000000000003,3.0,17.0,0,0,3,1,2,0,4,40,14,0
2000412,0.0,0.05,0.75,3.8466406249999987,3.8499999999999988,0.0033593750000000026,-3,3.359375,1.640625,0.125,0.078125,0.0,0.5125,0.4835937499999999,0.4018810808016028,0.05000352683385289,0.15053088027320322,0.049999999999999996,-0.8500000000000001,4.699999999999999,3.0,10.0,0,3,28,1,8,0,0,15,9,0
2000413,1.0,0.05,0.75,-1.2933906250000018,-1.2500000000000018,0.04339062500000001,-10,43.390625,5.796875,0.234375,0.078125,0.0,0.47812499999999963,0.5445312499999996,0.5156139645020047,0.050317031608915055,0.5071590521188745,0.05,-0.6500000000000001,-0.6000000000000005,2.0,18.0,0,1,17,1,8,0,0,28,9,0
2000414,0.0,0.05,0.75,4.545921875,4.550000000000001,0.004078125000000003,-2,4.078125,1.765625,0.15625,0.125,0.0,0.5062500000000001,0.5304687499999995,0.6473180532574667,0.050129273867364155,0.2551010929919952,0.05,-0.14999999999999997,4.699999999999999,1.0,17.0,0,2,20,0,7,0,2,17,16,0
2000415,1.0,0.05,0.75,-0.6190312500000006,-0.6000000000000005,0.019031250000000013,-8,19.03125,3.84375,0.15625,0.03125,0.0,0.44999999999999973,0.6007812499999994,0.9876139957247381,0.0502040693696477,0.9874822803435818,0.049999999999999996,-0.10000000000000009,-0.5,2.0,10.0,0,0,8,2,3,0,4,33,14,0
2000416,1.0,0.05,0.75,0.5730625000000005,0.6000000000000005,0.026937500000000007,-7,26.9375,4.84375,0.203125,0.09375,0.0,0.41874999999999996,0.6078124999999993,0.8884520390970395,0.05117239036163707,0.8834934386232944,0.05,-0.5,1.1000000000000003,2.0,17.0,0,2,3,0,8,0,6,36,9,0
2000417,1.0,0.05,0.75,-0.8984999999999996,-0.8499999999999996,0.04850000000000001,-10,48.5,6.03125,0.203125,0.046875,0.0,0.4531249999999998,0.5914062499999994,0.9827405245758211,0.0523941876750916,0.9823631789922156,0.05,-0.34999999999999987,-0.5,3.0,13.0,1,0,10,0,3,0,6,30,14,0
2000418,0.0,0.05,0.75,4.546031249999999,4.549999999999999,0.003968750000000002,-1,3.96875,1.6875,0.171875,0.15625,0.0,0.5468750000000002,0.44375000000000026,0.15488961971308665,0.050676706267794976,0.0020730705505663167,0.05000000000000001,-1.55,6.099999999999999,7.0,14.0,0,2,40,1,3,0,0,10,8,0
2000419,0.0,0.05,0.75,4.648515624999998,4.649999999999999,0.0014843750000000009,-1,1.484375,1.046875,0.171875,0.15625,0.0,0.4968749999999999,0.5562499999999996,0.9264229026769846,0.053287083902267364,0.5052170924196177,0.05,-1.35,6.0,3.0,18.0,0,1,17,0,4,0,1,26,15,0
2000420,1.0,0.05,0.75,-0.08814062499999983,-0.04999999999999982,0.038140625000000004,-7,38.140625,5.640625,0.15625,0.046875,0.0,0.4656249999999999,0.6171874999999993,0.9370278947772473,0.05008096742204697,0.9364584954458953,0.05,-0.5999999999999996,0.55,4.0,9.0,0,1,5,0,2,0,2,36,18,0
2000421,0.0,0.05,0.75,7.282750000000001,7.300000000000001,0.017250000000000005,-7,17.25,2.96875,0.1875,0.078125,0.0,0.5625000000000003,0.4109374999999999,0.28370788559796084,0.050660939565753724,0.031748630871627624,0.049999999999999996,-0.4,7.700000000000001,2.0,15.0,0,1,47,0,6,0,0,5,5,0
2000422,0.0,0.05,0.75,4.046249999999999,4.049999999999999,0.003750000000000002,-2,3.75,1.65625,0.125,0.09375,0.015625,0.526984126984127,0.4452380952380955,0.11150846597010279,0.05001096588896142,0.007057479591641786,0.05,-0.14999999999999997,4.199999999999999,3.0,11.0,0,1,36,2,10,0,0,8,6,1
2000423,0.0,0.05,0.75,2.249109375,2.25,0.0008906250000000004,0,0.890625,0.609375,0.140625,0.140625,0.0,0.49374999999999986,0.5351562499999997,0.7311667724600446,0.05003586961978464,0.26252320365337956,0.05,-1.8,4.049999999999999,4.0,14.0,0,1,22,0,3,0,2,26,10,0
2000424,0.0,0.05,0.75,5.230546875,5.25,0.019453124999999998,-5,19.453125,3.671875,0.15625,0.078125,0.0,0.4906249999999997,0.5140624999999995,0.45494993148143564,0.05002061262381005,0.31509733744752927,0.05,-1.0,6.25,2.0,13.0,1,0,24,2,6,0,4,15,12,0
2000425,0.0,0.05,0.75,3.345296875,3.3499999999999996,0.004703125000000003,-2,4.703125,1.859375,0.125,0.09375,0.0,0.49062499999999987,0.5093749999999998,0.4062528520266759,0.0500050505708401,0.14592341341447812,0.05000000000000001,-0.5,3.8499999999999996,2.0,12.0,0,1,23,0,12,0,2,18,8,0
2000426,0.0,0.05,0.75,4.04703125,4.05,0.002968750000000002,-2,2.96875,1.4375,0.15625,0.125,0.0,0.48124999999999996,0.4953125000000001,0.3130833626861908,0.050045467354352,0.055062016987309205,0.05,-0.5,4.55,2.0,16.0,1,4,20,0,15,1,1,15,7,0
2000427,0.0,0.05,0.75,5.941937499999999,5.949999999999999,0.008062500000000005,-5,8.0625,2.46875,0.171875,0.09375,0.0,0.5625000000000003,0.4296875000000004,0.12396901167899431,0.05004597324619173,0.013375717540810418,0.05000000000000001,-0.5,6.449999999999999,4.0,13.0,0,1,44,0,4,0,0,7,8,0
2000428,1.0,0.05,0.75,1.2148750000000017,1.2500000000000018,0.03512499999999999,-4,35.125,5.40625,0.1875,0.125,0.0,0.4406249999999998,0.6124999999999994,0.6543676685866233,0.05021373350584111,0.6142799840069431,0.05,-1.25,2.5,5.0,15.0,0,1,5,0,4,0,5,36,13,0
2000429,0.0,0.05,0.75,7.385187500000002,7.400000000000001,0.01481250000000001,-6,14.8125,2.90625,0.21875,0.125,0.0,0.5343750000000004,0.42031250000000014,0.2285025396897732,0.054836644331726234,0.01110703934762806,0.05000000000000001,-0.8,8.200000000000001,4.0,18.0,0,2,41,2,10,0,0,5,4,0
2000430,1.0,0.05,0.75,0.2874999999999998,0.2999999999999998,0.01250000000000001,-5,12.5,3.25,0.140625,0.0625,0.0,0.42499999999999977,0.6148437499999994,0.8604738265402646,0.050015218247528435,0.857974937714732,0.05000000000000001,-0.34999999999999987,0.6500000000000004,3.0,10.0,0,3,1,1,6,0,1,43,9,0
2000431,1.0,0.05,0.75,-1.0753281250000006,-1.0500000000000007,0.025328125000000014,-8,25.328125,3.671875,0.203125,0.078125,0.0,0.47812499999999974,0.5398437499999995,0.887949272920523,0.05050107238285656,0.8719088728155446,0.05,-0.2999999999999998,-0.7500000000000004,2.0,16.0,0,3,18,2,3,0,4,21,13,0
2000432,1.0,0.05,0.75,3.646453125,3.65,0.0035468750000000023,1,3.546875,1.578125,0.109375,0.125,0.0,0.45312499999999983,0.5984374999999995,0.6081853594533616,0.05001275524230371,0.3398755642866102,0.05,-0.55,4.199999999999999,3.0,12.0,0,1,7,2,4,0,1,36,13,0
2000433,1.0,0.05,0.75,0.3930624999999975,0.4499999999999975,0.05693750000000003,-10,56.9375,6.96875,0.234375,0.078125,0.0,0.4624999999999999,0.6335937499999993,0.9913542510133637,0.09971069169085531,0.9890779388233818,0.049999999999999996,-0.3999999999999999,0.8500000000000005,4.0,16.0,0,1,2,0,1,0,2,38,20,0
2000434,1.0,0.05,0.75,-0.6894687500000022,-0.6500000000000021,0.03946875000000002,-11,39.46875,5.25,0.234375,0.0625,0.0,0.4531249999999998,0.6148437499999994,0.9878605424396351,0.07039641946020249,0.9866736232847294,0.049999999999999996,-0.10000000000000009,-0.5499999999999996,2.0,17.0,0,0,7,0,1,0,5,36,15,0
2000435,0.0,0.05,0.75,6.9844375,7.0,0.015562500000000009,-7,15.5625,3.09375,0.234375,0.125,0.0,0.503125,0.46718749999999987,0.5150205946742773,0.05571474880271566,0.17433036609399688,0.05,-0.8500000000000001,7.849999999999999,3.0,20.0,2,5,28,0,8,0,0,14,7,0
2000436,0.0,0.05,0.75,2.7944375000000004,2.8000000000000003,0.005562500000000004,0,5.5625,1.96875,0.125,0.125,0.0,0.44687499999999963,0.5703124999999996,0.38698231475761496,0.05001419410993298,0.18327724072183857,0.05,-1.4000000000000001,4.2,4.0,12.0,1,1,9,1,11,0,2,29,10,0
2000437,1.0,0.05,0.75,-0.22553125000000107,-0.20000000000000107,0.025531250000000016,-8,25.53125,4.5,0.1875,0.0625,0.0,0.4499999999999999,0.5984374999999995,0.937936642425212,0.05046377281410611,0.9363858109687625,0.05,-0.050000000000000044,-0.14999999999999947,1.0,15.0,0,3,4,0,8,0,1,35,13,0
2000438,1.0,0.05,0.75,1.6942656249999992,1.6999999999999993,0.005734375000000004,-2,5.734375,2.203125,0.171875,0.140625,0.0,0.4593750000000001,0.53984375,0.4713302332679611,0.05007671910431808,0.1747417683757839,0.05000000000000001,-0.6500000000000001,2.3499999999999996,2.0,18.0,1,1,16,2,9,0,5,19,11,0
2000439,0.0,0.05,0.75,6.834546874999998,6.849999999999998,0.01545312500000001,-7,15.453125,3.390625,0.1875,0.078125,0.0,0.4968749999999998,0.4953124999999999,0.47297364982537615,0.05014041495293324,0.3549419139195577,0.05,-0.04999999999999999,6.899999999999999,1.0,16.0,0,0,27,1,11,0,1,18,6,0
2000440,1.0,0.05,0.75,-1.0620312500000006,-1.0500000000000007,0.012031250000000009,-7,12.03125,2.96875,0.171875,0.0625,0.0,0.4749999999999999,0.5539062499999997,0.7399771229663716,0.050014810195199044,0.73040013683406,0.049999999999999996,-0.1499999999999999,-0.9000000000000004,1.0,14.0,0,0,17,1,6,0,1,30,9,0
2000441,1.0,0.05,0.75,-0.5843906250000025,-0.5500000000000025,0.034390625000000015,-12,34.390625,4.609375,0.28125,0.09375,0.0,0.4562499999999997,0.5914062499999994,0.9888627492212936,0.20265360483530429,0.9700924522848979,0.05,-1.15,0.6000000000000008,5.0,19.0,0,0,12,0,1,0,4,37,10,0
2000442,1.0,0.05,0.75,0.8337343749999996,0.8499999999999996,0.01626562500000001,-5,16.265625,3.453125,0.171875,0.09375,0.0,0.46249999999999963,0.5867187499999993,0.9229036003383696,0.05047820155151273,0.9044146967932754,0.049999999999999996,-0.34999999999999987,1.2000000000000002,3.0,14.0,0,2,10,0,3,0,3,33,13,0
2000443,1.0,0.05,0.75,-2.4410156250000026,-2.3000000000000025,0.14101562500000003,-16,141.015625,10.953125,0.265625,0.015625,0.0,0.4937500000000002,0.6218749999999995,0.9998301632899145,0.23291563532765833,0.9993666799963905,0.05000000000000001,-0.9499999999999997,-1.3499999999999999,9.0,9.0,0,0,4,0,4,0,0,30,26,0
2000444,1.0,0.05,0.75,1.0774374999999987,1.0999999999999988,0.02256249999999999,-5,22.5625,4.28125,0.1875,0.109375,0.0,0.44062499999999966,0.5937499999999993,0.825279772127207,0.05058223491058025,0.7899723458643378,0.05,-0.30000000000000004,1.4000000000000006,1.0,18.0,0,2,9,0,2,0,3,41,7,0
2000445,0.0,0.05,0.75,4.388953125,4.3999999999999995,0.011046875000000006,-3,11.046875,3.015625,0.140625,0.09375,0.0,0.44687499999999986,0.6007812499999995,0.6632192553762328,0.050010360618855616,0.6335127264787739,0.05,-0.8,5.2,2.0,13.0,0,2,6,0,5,0,3,36,12,0
2000446,1.0,0.05,0.75,-1.1897656249999995,-1.1499999999999995,0.03976562500000002,-9,39.765625,5.578125,0.1875,0.046875,0.0,0.43124999999999974,0.6171874999999993,0.94113029519334,0.050195745999356466,0.9409440061423772,0.05,-0.7000000000000002,-0.44999999999999996,3.0,12.0,0,0,5,0,4,0,5,40,10,0
2000447,1.0,0.05,0.75,0.12964062500000034,0.15000000000000036,0.020359375000000002,-6,20.359375,3.671875,0.171875,0.078125,0.0,0.47499999999999964,0.5632812499999994,0.908753056377974,0.050191500427409115,0.8934319857405365,0.049999999999999996,-0.25,0.3999999999999999,3.0,13.0,0,0,18,1,0,0,4,30,11,0
2000448,0.0,0.05,0.75,8.019109375000001,8.05,0.03089062500000001,-9,30.890625,4.703125,0.21875,0.078125,0.0,0.5406250000000001,0.4273437499999999,0.24877135575989162,0.05075910845492097,0.09759016473761344,0.05,-0.04999999999999999,8.100000000000001,1.0,18.0,1,4,40,0,5,0,0,8,6,0
2000449,0.0,0.05,0.75,5.690343749999999,5.699999999999999,0.009656250000000007,-6,9.65625,2.5625,0.15625,0.0625,0.0,0.540625,0.3945312500000002,0.23634860568909558,0.05002748643219981,0.02574295589809162,0.05,-0.5,6.199999999999999,3.0,11.0,0,5,44,1,9,1,0,3,1,0
2000450,1.0,0.05,0.75,-0.2655156250000009,-0.2500000000000009,0.015515625000000012,-7,15.515625,3.390625,0.171875,0.0625,0.0,0.4718749999999999,0.5820312499999994,0.9072983876417005,0.05011253038947736,0.9037047696252344,0.05,-0.6499999999999999,0.40000000000000013,3.0,12.0,0,0,12,0,4,1,3,31,13,0
2000451,0.0,0.05,0.75,5.74521875,5.75,0.004781250000000003,-4,4.78125,1.71875,0.171875,0.109375,0.0,0.5312500000000004,0.4343750000000003,0.22675654374733079,0.050215295329387157,0.012482921483306488,0.05000000000000001,-0.35,6.1,2.0,16.0,0,1,41,1,7,0,1,10,3,0
2000452,1.0,0.05,0.75,0.2812500000000007,0.3000000000000007,0.01875000000000001,-8,18.75,3.84375,0.203125,0.078125,0.0,0.4374999999999997,0.6124999999999993,0.9355027268102816,0.051701563419746605,0.9332426563869136,0.05,-0.34999999999999987,0.6500000000000001,3.0,15.0,0,0,6,0,4,0,5,38,11,0
2000453,0.0,0.05,0.75,3.3430156249999996,3.3499999999999996,0.006984375000000003,-2,6.984375,2.046875,0.125,0.09375,0.0,0.46874999999999956,0.5398437499999996,0.5535833466846543,0.050004158796895994,0.35027805270078993,0.049999999999999996,-0.45,3.8,1.0,13.0,1,0,16,2,11,0,0,25,9,0
2000454,0.0,0.05,0.75,4.29784375,4.3,0.002156250000000001,-3,2.15625,1.125,0.1875,0.140625,0.0,0.47812499999999986,0.5328124999999999,0.4783938825709419,0.050148232182766,0.21964197718594702,0.049999999999999996,-0.75,5.05,2.0,19.0,0,0,20,2,8,0,3,21,10,0
2000455,0.0,0.05,0.75,6.131359375,6.1499999999999995,0.018640625000000008,-6,18.640625,3.515625,0.21875,0.125,0.0,0.5125000000000001,0.4671874999999998,0.6014989185499916,0.05305307585252074,0.1988127059348801,0.05,-0.35,6.500000000000001,2.0,20.0,1,2,32,0,8,0,2,12,7,0
2000456,0.0,0.05,0.75,4.7873906250000005,4.800000000000001,0.012609375000000008,-2,12.609375,3.171875,0.203125,0.171875,0.0,0.47187499999999993,0.5820312499999996,0.5570958890251914,0.051439185640329045,0.25085943085340656,0.05,-1.6,6.4,4.0,20.0,0,1,11,3,2,0,2,28,17,0
2000457,1.0,0.05,0.75,2.3419375000000016,2.3500000000000014,0.008062500000000005,-3,8.0625,2.46875,0.171875,0.125,0.0,0.47187499999999977,0.5937499999999993,0.9575229492448148,0.05320177205998587,0.9012953771218006,0.05,-0.9999999999999998,3.3500000000000005,6.0,13.0,0,1,11,0,0,0,4,32,16,0
2000458,1.0,0.05,0.75,-2.089843750000001,-2.0500000000000007,0.03984375,-12,39.84375,5.03125,0.21875,0.03125,0.0,0.4281249999999998,0.6007812499999994,0.9685484685365602,0.051372648542960864,0.9683109954728925,0.049999999999999996,-0.8,-1.2499999999999996,3.0,13.0,0,0,8,2,3,0,7,34,10,0
2000459,1.0,0.05,0.75,0.6453593749999995,0.6499999999999995,0.004640625000000003,-2,4.640625,1.890625,0.109375,0.078125,0.0,0.47499999999999987,0.5281249999999997,0.4988626580468967,0.0500007028710229,0.3525858826179141,0.05,-1.25,1.8999999999999995,4.0,8.0,0,2,18,2,9,1,2,21,9,0
2000460,0.0,0.05,0.75,3.8975625000000003,3.9000000000000004,0.0024375000000000017,0,2.4375,1.21875,0.125,0.125,0.015625,0.5682539682539689,0.3714285714285716,0.054514514906318826,0.05023004473713725,7.936499727244367e-05,0.05,-0.5499999999999999,4.449999999999999,6.0,10.0,1,1,55,2,1,0,0,2,1,1
2000461,1.0,0.05,0.75,0.4666250000000018,0.5000000000000018,0.03337500000000001,-8,33.375,5.4375,0.21875,0.09375,0.0,0.42499999999999977,0.6218749999999994,0.9495383615377415,0.05533915947605139,0.9469550614833746,0.05000000000000001,-1.3999999999999997,1.9,9.0,11.0,0,1,4,0,2,0,8,37,12,0
2000462,0.0,0.05,0.75,2.4416562499999994,2.4499999999999993,0.008343750000000002,0,8.34375,2.40625,0.109375,0.109375,0.0,0.4468749999999998,0.5820312499999996,0.5735827135285099,0.05000408437474253,0.391462723848002,0.04999999999999999,-0.9,3.349999999999999,2.0,12.0,0,0,11,2,5,0,1,38,7,0
2000463,1.0,0.05,0.75,0.08721874999999875,0.09999999999999876,0.01278125000000001,-6,12.78125,3.15625,0.171875,0.078125,0.0,0.4624999999999999,0.5726562499999996,0.7298609236615154,0.050040543693479114,0.7151318153141549,0.049999999999999996,-0.1499999999999999,0.25,1.0,15.0,0,1,11,0,8,1,1,33,9,0
2000464,1.0,0.05,0.75,1.0358593750000007,1.0500000000000007,0.014140625000000006,-6,14.140625,2.796875,0.21875,0.125,0.0,0.4749999999999998,0.5656249999999995,0.8486224116298725,0.05514602762543611,0.7893648329801559,0.049999999999999996,-0.9000000000000001,1.9499999999999995,4.0,18.0,0,1,15,1,3,0,1,32,11,0
2000465,1.0,0.05,0.75,-0.5569375000000008,-0.5500000000000007,0.006937500000000002,-7,6.9375,1.8125,0.1875,0.078125,0.0,0.5312500000000004,0.46718750000000014,0.3433390170042058,0.050053241083361656,0.20790382043030903,0.05,-1.4000000000000004,0.8499999999999999,4.0,13.0,0,3,31,0,10,0,1,7,12,0
2000466,0.0,0.05,0.75,6.932515624999999,6.949999999999999,0.017484375000000007,-7,17.484375,3.609375,0.203125,0.09375,0.0,0.5281250000000001,0.46718749999999987,0.38483332220652056,0.050458453703741295,0.17093704716516342,0.05000000000000001,-0.5,7.4499999999999975,2.0,17.0,0,5,30,1,7,0,0,9,12,0
2000467,1.0,0.05,0.75,2.2442499999999983,2.2499999999999982,0.0057500000000000025,-5,5.75,1.78125,0.21875,0.140625,0.0,0.4281249999999998,0.6171874999999993,0.8655550294930137,0.06807482984270408,0.7985583522458698,0.05000000000000001,-0.34999999999999987,2.6,3.0,20.0,0,0,5,0,4,0,7,37,11,0
2000468,1.0,0.05,0.75,0.8799531250000021,0.9000000000000021,0.02004687500000001,-6,20.046875,3.953125,0.1875,0.09375,0.0,0.4468750000000001,0.6007812499999995,0.8874850901357122,0.05071157781036017,0.8769166322214713,0.05,-0.7499999999999998,1.6500000000000001,4.0,14.0,0,1,7,0,4,1,4,36,11,0
2000469,1.0,0.05,0.75,-1.0099375000000008,-1.0000000000000009,0.009937500000000005,-7,9.9375,2.375,0.15625,0.046875,0.0,0.45937499999999987,0.5796874999999998,0.7431935605256114,0.050005460544430766,0.7409384603283455,0.05,-0.25,-0.7500000000000004,1.0,12.0,0,0,11,0,7,1,5,28,12,0
2000470,0.0,0.05,0.75,11.806203125,11.85,0.04379687500000001,-14,43.796875,4.609375,0.3125,0.09375,0.0,0.5375000000000003,0.4179687500000003,0.048014260474924006,0.0550131332853226,0.019789879468674235,0.05,-0.49999999999999994,12.35,5.0,21.0,1,2,42,1,8,0,0,6,4,0
2000471,1.0,0.05,0.75,1.2274062499999983,1.2499999999999982,0.022593750000000006,-8,22.59375,3.9375,0.25,0.125,0.0,0.49374999999999986,0.5539062499999996,0.8676607822376099,0.1348314194800724,0.7128929879840106,0.049999999999999996,-0.34999999999999987,1.5999999999999996,3.0,21.0,0,1,17,0,5,0,0,28,13,0
2000472,0.0,0.05,0.75,2.1969062499999987,2.199999999999999,0.003093750000000001,1,3.09375,1.125,0.109375,0.125,0.0,0.4999999999999999,0.5304687499999995,0.6104260851309167,0.050009573920913264,0.131392724040755,0.05,-1.05,3.2500000000000013,3.0,12.0,0,2,20,0,7,0,2,19,14,0
2000473,1.0,0.05,0.75,2.6945625,2.7,0.005437500000000003,-2,5.4375,1.875,0.15625,0.125,0.0,0.4562499999999998,0.5984374999999994,0.7058346983371365,0.05014959864459104,0.5894828155051285,0.05,-0.6499999999999999,3.3499999999999996,3.0,15.0,0,0,9,0,4,0,4,34,13,0
2000474,1.0,0.05,0.75,-0.5680000000000007,-0.5500000000000007,0.018000000000000006,-9,18.0,3.21875,0.21875,0.078125,0.0,0.5593750000000003,0.38281250000000006,0.11748054459794431,0.051280026040441726,0.011996465943745533,0.049999999999999996,-1.3500000000000003,0.7999999999999992,4.0,15.0,1,2,51,1,5,0,0,2,2,0
2000475,1.0,0.05,0.75,1.2874375000000016,1.3000000000000016,0.01256250000000001,-5,12.5625,3.0,0.171875,0.09375,0.0,0.4718749999999998,0.6007812499999994,0.8354318262438629,0.050173145923212016,0.8241233819738173,0.05000000000000001,-1.2000000000000002,2.5,5.0,12.0,0,0,8,0,5,0,1,34,16,0
2000476,1.0,0.05,0.75,0.17865625000000107,0.20000000000000107,0.02134375000000001,-6,21.34375,4.1875,0.171875,0.078125,0.0,0.428125,0.6195312499999993,0.7796949855781103,0.05004880418825412,0.7761791781606718,0.05000000000000002,-0.5499999999999999,0.7500000000000004,2.0,14.0,0,2,2,1,4,0,5,37,13,0
2000477,0.0,0.05,0.75,6.594343749999999,6.6,0.005656250000000003,-5,5.65625,1.6875,0.171875,0.09375,0.0,0.5687500000000004,0.38281250000000017,0.07297445356059734,0.050075148105179,0.0017318753830286794,0.05,-0.24999999999999994,6.85,3.0,14.0,0,5,51,0,2,0,0,3,3,0
2000478,0.0,0.05,0.75,3.8979218749999998,3.9,0.0020781250000000014,-2,2.078125,1.140625,0.140625,0.109375,0.015625,0.4793650793650796,0.5428571428571427,0.39270854240595804,0.050024581938913994,0.1661045177261207,0.05000000000000002,-0.4,4.300000000000001,2.0,14.0,0,0,18,1,8,0,3,22,11,1
2000479,1.0,0.05,0.75,0.08364062500000052,0.10000000000000053,0.016359375000000013,-7,16.359375,3.546875,0.1875,0.078125,0.0,0.4374999999999998,0.5984374999999994,0.904205744334071,0.05036853412309927,0.9003627814327018,0.05,-0.5999999999999999,0.7000000000000002,4.0,13.0,0,1,7,0,6,0,4,37,9,0
2000480,1.0,0.05,0.75,-1.1200781250000014,-1.1000000000000014,0.020078125000000006,-9,20.078125,3.421875,0.234375,0.09375,0.0,0.4906249999999998,0.5328124999999996,0.7781973986318008,0.050926726038022,0.760145778737516,0.04999999999999999,-0.19999999999999996,-0.900000000000001,2.0,19.0,0,1,19,1,9,0,2,19,13,0
2000481,0.0,0.05,0.75,7.0435625,7.05,0.006437500000000004,-4,6.4375,1.9375,0.1875,0.125,0.0,0.5843750000000006,0.3640625000000002,0.013298209412539752,0.05105738827527735,4.8622464976968823e-05,0.05000000000000001,-0.5499999999999999,7.600000000000001,6.0,14.0,0,3,57,0,2,0,0,0,2,0
2000482,1.0,0.05,0.75,0.5865937499999996,0.5999999999999996,0.013406250000000008,-6,13.40625,3.28125,0.1875,0.09375,0.0,0.4531249999999998,0.5914062499999995,0.838400350981754,0.0503056368464548,0.8259702503198068,0.05,-0.2999999999999998,0.8999999999999999,2.0,16.0,0,0,10,2,3,0,2,36,11,0
2000483,1.0,0.05,0.75,0.5736875000000006,0.6000000000000005,0.026312499999999996,-3,26.3125,4.8125,0.125,0.078125,0.0,0.45312499999999967,0.5937499999999994,0.6089707248379811,0.05000180626783945,0.5886312103656856,0.05,-0.5,1.1,2.0,11.0,0,1,9,1,3,0,3,35,12,0
2000484,0.0,0.05,0.75,4.440828125,4.45,0.009171875000000005,-2,9.171875,2.390625,0.140625,0.109375,0.0,0.5031249999999998,0.4789062499999999,0.1876477102128849,0.05002533898577452,0.02241396352425978,0.05000000000000002,-0.8500000000000001,5.3,4.0,12.0,0,2,28,0,13,0,0,16,5,0
2000485,1.0,0.05,0.75,0.32729687500000054,0.35000000000000053,0.022703124999999994,-5,22.703125,4.640625,0.140625,0.0625,0.0,0.4218749999999999,0.6265624999999994,0.830490093971078,0.05001403110006018,0.8287144297864462,0.05,-0.5999999999999996,0.9500000000000002,4.0,9.0,0,0,3,1,3,0,5,42,10,0
2000486,0.0,0.05,0.75,3.941046874999999,3.9499999999999993,0.008953125000000006,-2,8.953125,2.796875,0.140625,0.109375,0.0,0.48437499999999994,0.5515624999999998,0.3031857684660816,0.05000851100001478,0.1983500609442678,0.05,-0.65,4.600000000000001,2.0,14.0,1,2,13,0,10,0,0,23,15,0
2000487,1.0,0.05,0.75,-0.6699062499999986,-0.6499999999999986,0.019906250000000014,-8,19.90625,3.90625,0.1875,0.0625,0.0,0.4624999999999998,0.6031249999999994,0.9079607113901554,0.05017323070057833,0.906842940885374,0.05,-0.3500000000000001,-0.30000000000000004,2.0,14.0,0,0,7,0,6,0,2,34,15,0
2000488,1.0,0.05,0.75,0.43326562499999927,0.4499999999999993,0.01673437500000001,-6,16.734375,3.546875,0.15625,0.0625,0.0,0.4531249999999997,0.5679687499999995,0.917658735231749,0.050098821936128815,0.9092657786078889,0.049999999999999996,-0.6499999999999999,1.0999999999999999,3.0,11.0,0,0,13,3,6,0,3,29,10,0
2000489,1.0,0.05,0.75,0.38021874999999944,0.39999999999999947,0.01978125000000001,-5,19.78125,4.1875,0.140625,0.0625,0.0,0.4437499999999999,0.6265624999999994,0.8191687684702139,0.05001319112215095,0.8169395506302551,0.05000000000000001,-0.2999999999999998,0.7000000000000005,2.0,11.0,0,0,3,2,2,0,4,36,17,0
2000490,0.0,0.05,0.75,4.04409375,4.05,0.005906250000000004,-2,5.90625,2.25,0.140625,0.109375,0.0,0.49062500000000014,0.5445312499999999,0.08300126302401285,0.05001628751960511,0.0375592862786264,0.05,-0.09999999999999998,4.1499999999999995,2.0,14.0,0,2,16,2,7,0,0,22,15,0
2000491,0.0,0.05,0.75,5.542921875000001,5.550000000000001,0.007078125000000003,-3,7.078125,2.140625,0.171875,0.125,0.0,0.4687499999999998,0.5492187499999995,0.7935834927074489,0.05086356494931101,0.5121962090935943,0.05,-0.65,6.200000000000001,2.0,17.0,0,1,15,1,10,0,1,27,9,0
2000492,1.0,0.05,0.75,-0.4393593750000004,-0.40000000000000036,0.039359375000000016,-9,39.359375,5.515625,0.1875,0.046875,0.0,0.4343749999999998,0.6171874999999993,0.9413956586072417,0.05046492209768828,0.9409647478478275,0.05,-0.7499999999999998,0.3500000000000003,4.0,11.0,0,0,5,0,4,0,8,33,14,0
2000493,0.0,0.05,0.75,2.5487187500000004,2.5500000000000003,0.001281250000000001,2,1.28125,0.84375,0.15625,0.1875,0.0,0.4468749999999999,0.5890624999999996,0.8547106389241054,0.05085469020957647,0.22148681230745781,0.05,-1.8000000000000003,4.35,4.0,18.0,0,3,5,1,9,0,3,29,14,0
2000494,1.0,0.05,0.75,0.8371249999999997,0.8499999999999996,0.012875000000000008,-4,12.875,3.09375,0.125,0.0625,0.0,0.4656249999999996,0.5796874999999995,0.7669646693010688,0.05000667563188842,0.7448830190864026,0.05,-0.1499999999999999,1.0000000000000004,1.0,11.0,0,0,13,1,3,0,1,36,10,0
2000495,1.0,0.05,0.75,0.3390781250000005,0.35000000000000053,0.010921875000000008,-7,10.921875,2.609375,0.203125,0.09375,0.0,0.49374999999999974,0.5398437499999995,0.7853522587025705,0.050899379149289124,0.7297456025873225,0.05,-0.8500000000000001,1.1999999999999997,4.0,15.0,0,3,17,1,6,0,1,21,15,0
2000496,1.0,0.05,0.75,1.9794687499999999,2.0,0.02053125000000001,-4,20.53125,4.03125,0.171875,0.109375,0.0,0.4531249999999998,0.6265624999999992,0.9058641586274792,0.05072491732988881,0.8927685399243969,0.05,-0.7,2.7,4.0,14.0,0,0,3,1,3,0,2,38,17,0
2000497,1.0,0.05,0.75,-0.78040625,-0.75,0.030406250000000013,-9,30.40625,4.84375,0.203125,0.0625,0.0,0.44062499999999977,0.5867187499999995,0.9492826367193483,0.050943013453799514,0.9479709543492755,0.05,-1.0999999999999999,0.34999999999999987,6.0,11.0,0,0,11,0,5,0,7,32,9,0
2000498,1.0,0.05,0.75,-0.37214062500000145,-0.3500000000000014,0.022140625000000004,-9,22.140625,3.609375,0.203125,0.0625,0.0,0.46875,0.5773437499999995,0.9806890865139704,0.05316583020200077,0.9795271225936124,0.05000000000000001,-0.15000000000000013,-0.19999999999999973,3.0,14.0,0,1,11,0,7,0,5,24,16,0
2000499,0.0,0.05,0.75,5.894125,5.8999999999999995,0.005875000000000004,-5,5.875,1.96875,0.171875,0.09375,0.0,0.5156250000000003,0.47421875000000047,0.027779653394458162,0.05001368117330424,0.01150640826110919,0.05000000000000001,-0.7,6.6000000000000005,3.0,14.0,0,2,32,1,6,0,0,17,6,0
2000500,0.0,0.05,0.75,3.647703125,3.65,0.0022968750000000016,-1,2.296875,1.296875,0.15625,0.140625,0.0,0.47187499999999993,0.5656249999999997,0.48686717761963516,0.05006693374580356,0.23051489050698884,0.05,-0.65,4.3,2.0,17.0,0,0,16,0,4,0,1,35,8,0
2000501,0.0,0.05,0.75,7.363249999999999,7.399999999999999,0.036750000000000005,-9,36.75,5.34375,0.1875,0.046875,0.0,0.4656249999999998,0.5585937499999996,0.5931777773677601,0.05002098665833236,0.5908295879957836,0.05,-0.5,7.9,2.0,13.0,0,4,14,0,2,1,3,31,9,0
2000502,1.0,0.05,0.75,2.4814062499999983,2.4999999999999982,0.018593750000000006,-6,18.59375,3.78125,0.234375,0.140625,0.0,0.4374999999999998,0.6265624999999992,0.9814465009594816,0.18504841776270126,0.9420101206737392,0.05000000000000001,-0.6499999999999997,3.1500000000000004,5.0,19.0,0,0,4,0,2,0,5,40,13,0
2000503,0.0,0.05,0.75,0.49651562499999996,0.49999999999999994,0.0034843750000000022,4,3.484375,1.390625,0.125,0.1875,0.0,0.45624999999999993,0.6031249999999995,0.5608563479593542,0.05036859469807379,0.10001304874775184,0.05000000000000001,-2.1500000000000004,2.6499999999999995,5.0,15.0,1,0,7,0,4,0,3,34,15,0
2000504,0.0,0.05,0.75,1.2459374999999997,1.2499999999999998,0.004062500000000003,3,4.0625,1.75,0.109375,0.15625,0.0,0.4937500000000003,0.5257812500000001,0.3977612070403875,0.05005496909468405,0.023701434155238506,0.05,-0.04999999999999999,1.2999999999999998,1.0,16.0,0,1,22,1,6,0,1,23,10,0
2000505,0.0,0.05,0.75,8.26875,8.3,0.03125,-10,31.25,4.375,0.25,0.09375,0.0,0.5375000000000001,0.4250000000000002,0.17207954299037725,0.05097529991107411,0.07519318556431362,0.049999999999999996,-0.55,8.850000000000001,3.0,19.0,1,6,38,0,6,0,0,6,7,0
2000506,0.0,0.05,0.75,6.5844531250000005,6.6000000000000005,0.015546875000000009,-8,15.546875,2.921875,0.171875,0.046875,0.0,0.5375000000000001,0.43203125,0.23589586945559365,0.05001314297381096,0.13341723201627959,0.05,-0.39999999999999997,7.000000000000001,3.0,11.0,0,3,38,0,11,0,0,6,6,0
2000507,0.0,0.05,0.75,5.597468750000001,5.6000000000000005,0.002531250000000002,-2,2.53125,1.34375,0.171875,0.140625,0.0,0.5656250000000005,0.3687500000000002,0.06788881577072445,0.05071403268885165,0.00010287338271860266,0.05,-0.6499999999999999,6.25,7.0,13.0,0,5,53,1,3,0,0,1,1,0
2000508,0.0,0.05,0.75,2.4919843749999995,2.4999999999999996,0.008015625000000004,-1,8.015625,2.359375,0.09375,0.078125,0.0,0.4499999999999999,0.5960937499999994,0.6097573895330631,0.05000058076143264,0.5742910865548759,0.05,-1.35,3.85,3.0,8.0,0,0,7,1,7,1,2,35,11,0
2000509,0.0,0.05,0.75,4.34178125,4.3500000000000005,0.008218750000000006,-4,8.21875,2.46875,0.140625,0.078125,0.0,0.4656249999999998,0.5539062499999996,0.6542127136918846,0.050005178980693,0.6083184689221168,0.05,-0.75,5.1000000000000005,2.0,12.0,0,4,12,0,9,0,1,28,10,0
2000510,1.0,0.05,0.75,-1.1355156250000014,-1.1000000000000014,0.035515625000000016,-8,35.515625,5.421875,0.203125,0.078125,0.0,0.4906249999999999,0.5539062499999996,0.747023323849474,0.05010653773331444,0.7363312355236235,0.049999999999999996,-1.0,-0.09999999999999987,4.0,14.0,0,3,16,0,3,0,0,29,13,0
2000511,1.0,0.05,0.75,0.7858281250000007,0.8000000000000007,0.01417187500000001,-7,14.171875,3.171875,0.21875,0.109375,0.0,0.41874999999999984,0.6031249999999995,0.890025775428312,0.053600518482187665,0.8789119067428975,0.05,-0.95,1.75,5.0,16.0,0,1,5,2,6,0,6,35,9,0
2000512,0.0,0.05,0.75,6.682203125,6.7,0.01779687500000001,-6,17.796875,3.796875,0.203125,0.109375,0.0,0.5250000000000002,0.4390625000000003,0.18400229944748286,0.05031226401854321,0.028962186161182995,0.05,-0.09999999999999998,6.800000000000002,2.0,18.0,2,4,36,2,4,0,0,8,8,0
2000513,1.0,0.05,0.75,1.6289843749999986,1.6499999999999986,0.021015625000000007,-7,21.015625,4.265625,0.234375,0.125,0.0,0.4187499999999999,0.6265624999999994,0.9362096054186111,0.08910974026668984,0.9152761632156304,0.05,-0.5999999999999996,2.25,4.0,19.0,0,1,3,1,1,0,9,36,13,0
2000514,0.0,0.05,0.75,5.839,5.8500000000000005,0.011000000000000008,-2,11.0,2.84375,0.203125,0.171875,0.0,0.4906250000000001,0.5281250000000001,0.06678183188516339,0.054664838226139184,0.005385115280048281,0.05000000000000001,-1.5500000000000003,7.4,7.0,17.0,0,2,20,0,8,0,0,25,9,0
2000515,1.0,0.05,0.75,0.4421406249999993,0.4499999999999993,0.007859375000000005,-6,7.859375,2.359375,0.1875,0.09375,0.0,0.44374999999999976,0.5867187499999996,0.7688905951257886,0.05018643964172592,0.752553633037879,0.05,-0.2999999999999998,0.7500000000000002,2.0,16.0,0,2,8,1,6,0,1,38,8,0
2000516,1.0,0.05,0.75,-1.0947343750000007,-1.0500000000000007,0.04473437500000002,-12,44.734375,5.359375,0.234375,0.046875,0.0,0.475,0.5820312499999993,0.9968785957167238,0.09375389102164132,0.9961492757004206,0.05000000000000001,-0.3500000000000001,-0.7,5.0,13.0,0,1,10,1,6,0,4,23,19,0
2000517,1.0,0.05,0.75,1.438218750000001,1.450000000000001,0.011781250000000009,-5,11.78125,3.15625,0.171875,0.09375,0.0,0.4562499999999999,0.6218749999999994,0.9299974775442964,0.050644008330259095,0.9242893280640113,0.05000000000000001,-0.34999999999999987,1.8,3.0,14.0,0,0,4,0,4,0,3,36,17,0
2000518,1.0,0.05,0.75,-0.5685781250000016,-0.5500000000000016,0.018578125000000008,-7,18.578125,3.578125,0.171875,0.0625,0.0,0.4343749999999996,0.5796874999999994,0.8435340908883165,0.050050089561387706,0.8388655871697872,0.05,-0.5,-0.04999999999999949,2.0,13.0,0,1,11,2,3,1,3,39,4,0
2000519,1.0,0.05,0.75,-0.4726406250000002,-0.4500000000000002,0.022640625000000015,-8,22.640625,4.046875,0.203125,0.078125,0.0,0.44687499999999974,0.5773437499999997,0.870830657051908,0.05038656616307133,0.8651847374535867,0.05,-0.40000000000000013,-0.050000000000000044,2.0,16.0,0,0,8,1,13,1,2,30,9,0
2000520,1.0,0.05,0.75,-1.6202500000000015,-1.6000000000000014,0.020250000000000008,-10,20.25,3.8125,0.21875,0.0625,0.0,0.4562499999999998,0.5726562499999995,0.9230720109402248,0.05060108201839276,0.9217929065389683,0.05000000000000001,-0.75,-0.8500000000000001,4.0,14.0,0,1,14,1,2,0,4,33,9,0
2000521,0.0,0.05,0.75,5.489687499999998,5.499999999999998,0.010312500000000007,-5,10.3125,3.03125,0.1875,0.109375,0.0,0.5000000000000001,0.5398437499999998,0.19428525061408242,0.050019097307188724,0.15363790461657054,0.05,-0.8500000000000001,6.35,3.0,16.0,0,1,20,0,4,1,1,25,12,0
2000522,0.0,0.05,0.75,5.590078125,5.6,0.009921875000000005,-5,9.921875,2.546875,0.140625,0.0625,0.0,0.5781250000000004,0.38750000000000023,0.26923236064455136,0.05001879155551493,0.015415226470890614,0.05,-0.29999999999999993,5.9,4.0,9.0,0,2,52,0,4,0,0,1,5,0
2000523,0.0,0.05,0.75,6.395843749999998,6.399999999999999,0.00415625,-6,4.15625,1.40625,0.203125,0.109375,0.0,0.5250000000000004,0.46953125000000023,0.19937432804482824,0.05022996933160094,0.054711333043315255,0.05,-1.0,7.399999999999999,4.0,16.0,0,1,35,1,4,0,1,15,7,0
2000524,1.0,0.05,0.75,1.4311718749999993,1.4499999999999993,0.018828125000000008,-7,18.828125,3.796875,0.21875,0.109375,0.0,0.42187499999999983,0.6242187499999994,0.9243826571809228,0.06093548919778555,0.9151793240926446,0.05000000000000001,-0.7,2.1500000000000004,4.0,17.0,0,0,4,1,2,0,5,43,9,0
2000525,1.0,0.05,0.75,-1.6949531250000003,-1.6500000000000004,0.04495312500000002,-11,44.953125,5.953125,0.203125,0.03125,0.0,0.43124999999999986,0.6101562499999994,0.9729596922857013,0.050822964504511035,0.9728156978624866,0.049999999999999996,-0.2999999999999998,-1.3499999999999999,2.0,13.0,0,1,6,0,3,0,8,34,12,0
2000526,0.0,0.05,0.75,3.0992812499999998,3.0999999999999996,0.0007187500000000004,-2,0.71875,0.6875,0.109375,0.078125,0.0,0.4812499999999997,0.5328124999999997,0.4322485733861036,0.050000821457538105,0.2981257975757884,0.05000000000000001,-1.0,4.1,3.0,9.0,0,0,20,1,8,1,2,24,8,0
2000527,0.0,0.05,0.75,5.530312499999999,5.549999999999999,0.019687500000000004,-4,19.6875,4.0,0.171875,0.109375,0.0,0.5343750000000002,0.4250000000000002,0.053227672694494625,0.05005801085188731,0.0029563217328779897,0.05,-0.6000000000000001,6.149999999999999,5.0,13.0,0,2,42,2,6,0,0,9,3,0
2000528,1.0,0.05,0.75,-1.7865,-1.75,0.036500000000000005,-11,36.5,5.0625,0.21875,0.046875,0.0,0.503125,0.5328124999999996,0.8209516592569915,0.05058647231378329,0.815371410346047,0.05,-1.7000000000000002,-0.050000000000000266,7.0,10.0,0,2,21,0,4,0,3,19,15,0
2000529,0.0,0.05,0.75,4.198249999999999,4.199999999999999,0.0017500000000000007,1,1.75,0.96875,0.1875,0.203125,0.0,0.4156249999999997,0.6289062499999993,0.8610304792794271,0.06515286629719504,0.3365246123651764,0.05,-1.7,5.900000000000002,4.0,21.0,0,0,3,1,2,0,3,49,6,0
2000530,1.0,0.05,0.75,0.3363124999999996,0.34999999999999964,0.01368750000000001,-4,13.6875,3.28125,0.1875,0.125,0.0,0.49062500000000003,0.5351562499999998,0.4624963007698601,0.0500586198834528,0.3003852872062577,0.05,-1.1,1.4499999999999997,3.0,17.0,0,2,19,2,5,0,1,22,13,0
2000531,0.0,0.05,0.75,5.57925,5.6,0.020749999999999994,-4,20.75,4.03125,0.171875,0.109375,0.0,0.4687499999999998,0.5749999999999994,0.6460889823393968,0.050142100811427386,0.558526551375745,0.05,-1.55,7.15,4.0,14.0,0,0,14,0,4,0,2,34,10,0
2000532,0.0,0.05,0.75,1.1992343749999999,1.2,0.0007656250000000002,1,0.765625,0.578125,0.078125,0.09375,0.0,0.5281250000000005,0.49531250000000004,0.520905866330183,0.05000053816645902,0.12412056310307701,0.05,-1.05,2.2499999999999996,3.0,8.0,0,2,28,1,5,0,0,14,14,0
2000533,0.0,0.05,0.75,1.4474375,1.45,0.0025625000000000014,1,2.5625,1.0625,0.078125,0.09375,0.0,0.4468749999999998,0.5843749999999995,0.7216899945598244,0.05000080605544326,0.5634809616553214,0.05,-1.35,2.8,3.0,8.0,0,2,9,0,6,0,2,37,8,0
2000534,1.0,0.05,0.75,2.0872812499999998,2.0999999999999996,0.012718750000000008,-2,12.71875,3.25,0.140625,0.109375,0.015625,0.4603174603174601,0.6119047619047613,0.6010483645333985,0.05002546894425885,0.5354264133620743,0.05,-0.75,2.8500000000000005,3.0,13.0,0,0,6,0,4,0,2,36,15,1
2000535,0.0,0.05,0.75,2.9979687499999996,2.9999999999999996,0.002031250000000001,0,2.03125,1.09375,0.125,0.125,0.0,0.5000000000000001,0.49296875000000023,0.07446063552156947,0.0500615836393846,0.007212450262227294,0.049999999999999996,-1.0,3.9999999999999996,5.0,11.0,0,3,27,2,4,1,1,19,7,0
2000536,0.0,0.05,0.75,4.044796874999999,4.05,0.005203125000000003,-2,5.203125,1.953125,0.140625,0.109375,0.0,0.4843750000000001,0.5374999999999999,0.31753534025325547,0.050014538223262586,0.13173242793078654,0.05000000000000001,-0.8,4.85,2.0,14.0,0,2,18,1,7,0,2,22,12,0
2000537,0.0,0.05,0.75,3.8431718750000003,3.8500000000000005,0.006828125000000004,-1,6.828125,2.171875,0.15625,0.140625,0.0,0.503125,0.46953124999999984,0.280225140912798,0.05012936972138126,0.012400849932944946,0.05,-0.7,4.55,3.0,16.0,1,2,30,3,8,0,1,11,8,0
2000538,0.0,0.05,0.75,6.934812500000001,6.950000000000001,0.01518750000000001,-6,15.1875,3.4375,0.203125,0.109375,0.0,0.5312500000000001,0.415625,0.1154927125178152,0.05038672056623427,0.008556433344165388,0.05000000000000001,-0.6,7.550000000000001,4.0,16.0,0,2,40,2,13,1,0,3,3,0
2000539,0.0,0.05,0.75,1.242578125,1.25,0.007421875000000003,3,7.421875,2.203125,0.125,0.171875,0.0,0.4468750000000001,0.6078124999999996,0.5769642479678834,0.05015422347109915,0.15866443998026036,0.05,-1.25,2.5,3.0,16.0,1,1,5,1,3,0,0,41,12,0
2000540,0.0,0.05,0.75,2.8483593750000007,2.8500000000000005,0.001640625000000001,-1,1.640625,0.984375,0.125,0.109375,0.0,0.503125,0.5421874999999996,0.7759402515457403,0.05001545045592669,0.4437783722759632,0.05,-1.35,4.2,3.0,12.0,0,4,17,0,4,0,2,19,18,0
2000541,0.0,0.05,0.75,4.1865625,4.2,0.013437500000000008,-2,13.4375,3.21875,0.171875,0.140625,0.0,0.45624999999999966,0.5773437499999994,0.5935561401948471,0.05018896123729842,0.37124087095429076,0.05,-1.0,5.199999999999999,2.0,18.0,0,0,13,1,4,0,3,34,9,0
2000542,0.0,0.05,0.75,7.842453125,7.85,0.0075468750000000015,-7,7.546875,1.859375,0.21875,0.109375,0.0,0.5406250000000004,0.3875000000000001,0.04829067053298059,0.05083997461891,0.0015100555378004283,0.05,-0.19999999999999996,8.05,4.0,17.0,1,4,47,2,6,0,0,3,1,0
2000543,1.0,0.05,0.75,-0.52159375,-0.5,0.02159375000000001,-8,21.59375,4.1875,0.1875,0.0625,0.0,0.4468749999999997,0.5960937499999993,0.9494416701310769,0.05035136662313663,0.9485811932535457,0.04999999999999999,-0.4500000000000002,-0.04999999999999982,3.0,13.0,0,0,9,1,4,0,5,33,12,0
2000544,0.0,0.05,0.75,2.54871875,2.55,0.0012812500000000007,-1,1.28125,0.875,0.109375,0.09375,0.0,0.4562499999999998,0.5656249999999998,0.5525171270796934,0.05000167892311077,0.4096286730271873,0.05000000000000002,-0.45,3.0,1.0,12.0,0,2,13,1,5,0,0,37,6,0
2000545,1.0,0.05,0.75,2.5899531249999987,2.5999999999999988,0.010046875000000007,-3,10.046875,2.953125,0.1875,0.140625,0.0,0.4406249999999997,0.6171874999999993,0.6437686872753673,0.05077937853678948,0.5499120692941994,0.05,-0.2999999999999998,2.9,2.0,19.0,0,1,5,1,1,0,1,45,10,0
2000546,0.0,0.05,0.75,4.391046875,4.3999999999999995,0.008953125000000006,-4,8.953125,2.671875,0.15625,0.09375,0.0,0.4749999999999999,0.5562499999999997,0.5229158011489476,0.05000877590397272,0.4492719209790641,0.04999999999999999,-2.0500000000000003,6.449999999999999,5.0,11.0,0,2,14,1,7,0,1,27,12,0
2000547,1.0,0.05,0.75,-1.0089687500000029,-0.9500000000000028,0.05896875,-11,58.96875,6.8125,0.203125,0.03125,0.0,0.4250000000000001,0.6429687499999993,0.9966621712364921,0.058726409766234285,0.9965368939172925,0.049999999999999996,-0.6499999999999999,-0.2999999999999997,5.0,10.0,0,0,0,1,2,0,8,36,17,0
2000548,0.0,0.05,0.75,5.645406250000001,5.65,0.004593750000000003,-4,4.59375,1.90625,0.1875,0.125,0.0,0.47812500000000013,0.5726562499999996,0.5422146028163926,0.05024840523213836,0.40370776657061336,0.05,-0.8,6.450000000000001,2.0,18.0,0,2,13,0,3,0,3,28,15,0
2000549,1.0,0.05,0.75,2.8410781249999997,2.8499999999999996,0.008921875000000006,-3,8.921875,2.890625,0.1875,0.140625,0.0,0.4468749999999997,0.6218749999999994,0.6031254840869779,0.05075146531245704,0.5133626954477476,0.05,-0.95,3.8000000000000003,4.0,17.0,0,0,3,0,6,0,2,39,14,0
2000550,0.0,0.05,0.75,5.542671875,5.55,0.007328125000000006,-3,7.328125,2.421875,0.171875,0.125,0.0,0.5218750000000002,0.4718750000000002,0.12118292001832047,0.050164552701357286,0.009016979412171684,0.05,-1.3,6.8500000000000005,5.0,14.0,0,1,33,1,7,0,0,15,7,0
2000551,1.0,0.05,0.75,-0.38293749999999965,-0.34999999999999964,0.0329375,-8,32.9375,5.3125,0.1875,0.0625,0.0,0.4749999999999998,0.6054687499999993,0.8792312729273146,0.05018938798423611,0.8778369792734285,0.05,-0.7499999999999998,0.40000000000000013,4.0,12.0,0,0,6,1,6,0,0,32,19,0
2000552,0.0,0.05,0.75,5.547281249999999,5.549999999999999,0.0027187500000000015,-2,2.71875,1.21875,0.171875,0.140625,0.015625,0.5650793650793654,0.3880952380952382,0.033695252935410584,0.0513298299092333,9.963243299659627e-05,0.05,-0.19999999999999996,5.749999999999999,4.0,16.0,0,3,49,0,6,0,0,2,3,1
2000553,0.0,0.05,0.75,4.445093750000001,4.450000000000001,0.0049062500000000035,-2,4.90625,1.75,0.15625,0.125,0.0,0.4437499999999999,0.6124999999999994,0.870855425643132,0.050353852341676955,0.7961214038559883,0.05,-1.35,5.800000000000001,3.0,15.0,0,0,6,1,3,0,4,37,13,0
2000554,1.0,0.05,0.75,-0.736734375000001,-0.7000000000000011,0.03673437500000002,-9,36.734375,5.203125,0.203125,0.0625,0.0,0.4531249999999996,0.5796874999999994,0.9072044901243338,0.05054356770713354,0.9048895432176076,0.05,-0.7999999999999998,0.10000000000000009,4.0,13.0,0,0,13,1,3,0,4,34,9,0
2000555,1.0,0.05,0.75,-0.2694531249999991,-0.2499999999999991,0.019453125000000005,-7,19.453125,4.109375,0.15625,0.046875,0.0,0.45625,0.5960937499999995,0.9455345409824464,0.05006934008724356,0.9446094499312463,0.049999999999999996,-0.050000000000000044,-0.19999999999999996,1.0,12.0,0,0,7,2,7,0,1,33,14,0
2000556,1.0,0.05,0.75,0.7384374999999991,0.7499999999999991,0.011562500000000007,-3,11.5625,3.03125,0.140625,0.09375,0.0,0.4562499999999996,0.5703124999999996,0.4791929406357537,0.05000307538268558,0.4284381954573242,0.05,-0.6499999999999999,1.3999999999999997,3.0,12.0,0,2,11,0,8,0,4,28,11,0
2000557,1.0,0.05,0.75,0.469546875,0.5,0.030453125000000008,-7,30.453125,4.703125,0.1875,0.078125,0.0,0.4531249999999997,0.6031249999999994,0.9093709515895974,0.05056148646111412,0.9059201349973638,0.05,-0.7999999999999998,1.3,4.0,13.0,0,0,8,0,3,1,4,36,12,0
2000558,0.0,0.05,0.75,2.348078125,2.3499999999999996,0.001921875000000001,1,1.921875,1.109375,0.125,0.140625,0.0,0.4968750000000002,0.47421875000000024,0.2982865786222381,0.050041509771280655,0.008861053199015792,0.05000000000000002,-2.0999999999999996,4.449999999999999,6.0,11.0,1,4,27,1,9,1,2,12,7,0
2000559,1.0,0.05,0.75,1.0466406249999998,1.0499999999999998,0.003359375000000002,-2,3.359375,1.734375,0.09375,0.0625,0.0,0.49375,0.5515624999999996,0.6905168572894254,0.050000713902048015,0.6125168601556351,0.04999999999999999,-0.19999999999999996,1.25,2.0,8.0,1,2,14,0,8,0,1,20,18,0
2000560,0.0,0.05,0.75,8.083296875,8.1,0.01670312500000001,-8,16.703125,3.015625,0.203125,0.078125,0.015625,0.5714285714285718,0.373809523809524,0.038338155500333086,0.05020611391605042,0.0026897446828626995,0.05,-0.19999999999999996,8.3,4.0,14.0,0,3,53,0,4,0,0,2,1,1
2000561,1.0,0.05,0.75,0.5348437499999998,0.5499999999999998,0.01515625000000001,-5,15.15625,3.625,0.15625,0.078125,0.0,0.4562499999999999,0.6171874999999993,0.7095024997423897,0.05001672620691673,0.7035598347380324,0.05,-0.1499999999999999,0.7000000000000004,1.0,14.0,0,0,4,1,5,0,3,33,18,0
2000562,0.0,0.05,0.75,8.029046875,8.05,0.020953125000000006,-8,20.953125,4.109375,0.265625,0.140625,0.0,0.4968750000000002,0.50703125,0.3016937709753504,0.05725090842569151,0.15879442359881968,0.05,-1.25,9.3,4.0,22.0,2,2,23,2,5,0,0,18,12,0
2000563,0.0,0.05,0.75,5.538765625000001,5.550000000000001,0.011234375000000007,-5,11.234375,2.953125,0.140625,0.0625,0.0,0.5125000000000003,0.5046875000000002,0.1343345104756476,0.05000146683634223,0.09711002704806684,0.05000000000000001,-0.75,6.300000000000001,4.0,9.0,0,1,28,0,4,0,1,21,9,0
2000564,0.0,0.05,0.75,7.716531250000001,7.750000000000001,0.03346874999999999,-7,33.46875,4.78125,0.21875,0.109375,0.0,0.5531250000000002,0.42968749999999994,0.0728394490372161,0.05035871663231767,0.011749089693026687,0.05,-0.8,8.549999999999999,5.0,16.0,0,1,42,0,8,0,1,4,8,0
2000565,0.0,0.05,0.75,6.881890625000002,6.900000000000002,0.018109375000000007,-6,18.109375,3.734375,0.21875,0.125,0.0,0.5250000000000001,0.4835937499999998,0.47225269575306544,0.0523277799290005,0.1698122630686019,0.05,-0.8,7.700000000000003,3.0,19.0,1,0,31,0,7,0,0,15,10,0
2000566,0.0,0.05,0.75,7.338187499999999,7.35,0.011812500000000009,-5,11.8125,2.96875,0.21875,0.140625,0.0,0.5343750000000002,0.4203125000000002,0.06227896181223668,0.052119996567127805,0.0014999818603018632,0.05000000000000002,-0.6499999999999999,8.0,5.0,18.0,0,6,38,0,10,0,0,5,5,0
2000567,1.0,0.05,0.75,0.1791562499999993,0.1999999999999993,0.020843750000000005,-7,20.84375,4.0625,0.1875,0.078125,0.0,0.4437499999999999,0.6148437499999994,0.9551967755968275,0.05063841423668866,0.9539406440550614,0.049999999999999996,-0.4500000000000002,0.65,4.0,13.0,0,0,5,2,3,0,4,35,15,0
2000568,1.0,0.05,0.75,1.293171874999999,1.299999999999999,0.006828125000000004,-5,6.828125,2.328125,0.171875,0.09375,0.0,0.4374999999999998,0.6171874999999993,0.9174444193772304,0.050417884802460414,0.911293532540854,0.05,-0.19999999999999996,1.5000000000000004,2.0,15.0,0,0,4,0,6,0,1,44,9,0
2000569,1.0,0.05,0.75,-2.1621718750000016,-2.1000000000000014,0.062171875000000036,-12,62.171875,7.015625,0.203125,0.015625,0.0,0.43124999999999974,0.6148437499999994,0.9856319522647392,0.05117114697892213,0.9855527681640524,0.05000000000000001,-0.2999999999999998,-1.7999999999999998,2.0,12.0,0,1,6,1,0,0,7,37,12,0
2000570,1.0,0.05,0.75,-1.3150781249999999,-1.2999999999999998,0.015078125000000012,-7,15.078125,3.359375,0.140625,0.03125,0.0,0.4593749999999999,0.5749999999999995,0.8817976873440113,0.050004982189339,0.8808831602732744,0.05,-0.3500000000000001,-0.9500000000000002,1.0,10.0,0,1,13,0,4,0,5,30,11,0
2000571,1.0,0.05,0.75,1.479015625,1.5,0.02098437500000001,-6,20.984375,4.109375,0.203125,0.109375,0.0,0.4374999999999999,0.6031249999999995,0.8583960693967942,0.052848368525630185,0.835452327101101,0.05000000000000001,-0.44999999999999973,1.95,3.0,17.0,0,0,6,2,5,1,6,31,13,0
2000572,0.0,0.05,0.75,2.9984843749999994,2.9999999999999996,0.0015156250000000005,0,1.515625,0.765625,0.140625,0.140625,0.0,0.4906249999999999,0.5351562499999996,0.2629044319306362,0.05007149508682192,0.04185685366851928,0.05000000000000002,-1.3,4.3,4.0,14.0,0,4,19,0,3,0,3,22,13,0
2000573,1.0,0.05,0.75,-0.8656406249999996,-0.8499999999999996,0.015640625000000012,-6,15.640625,3.515625,0.140625,0.046875,0.0,0.44687499999999963,0.5656249999999996,0.7142836524496133,0.05000218611760083,0.709013442769911,0.05,-0.30000000000000004,-0.5500000000000003,1.0,11.0,0,0,11,4,10,0,2,27,10,0
2000574,1.0,0.05,0.75,1.2404531250000026,1.2500000000000027,0.009546875000000007,-5,9.546875,2.890625,0.1875,0.109375,0.0,0.4781250000000001,0.5468749999999999,0.4543834475155195,0.05014153023659383,0.3417063217297841,0.05,-0.3500000000000001,1.5999999999999999,1.0,18.0,0,4,13,0,10,0,0,25,12,0
2000575,0.0,0.05,0.75,3.3986093749999995,3.3999999999999995,0.0013906250000000008,-3,1.390625,0.859375,0.125,0.078125,0.0,0.48750000000000004,0.5421874999999997,0.5632423528832028,0.050001638339370075,0.476517155613223,0.049999999999999996,-0.8500000000000001,4.25,2.0,11.0,2,1,16,2,6,0,0,21,16,0
2000576,1.0,0.05,0.75,-0.6205781249999996,-0.5999999999999996,0.020578125000000017,-8,20.578125,3.984375,0.1875,0.0625,0.0,0.43749999999999983,0.5796874999999996,0.853953114551403,0.050124844242127646,0.851143618072993,0.05000000000000001,-0.6499999999999999,0.050000000000000044,3.0,13.0,1,1,9,1,7,0,3,34,8,0
2000577,1.0,0.05,0.75,-0.05779687499999983,-0.04999999999999982,0.007796875000000006,-4,7.796875,2.515625,0.125,0.0625,0.0,0.46874999999999983,0.5679687499999995,0.6468741537740895,0.05000129718044717,0.627040498256873,0.05,-0.3500000000000001,0.30000000000000027,1.0,11.0,0,3,11,0,7,0,2,28,13,0
2000578,1.0,0.05,0.75,0.3968281249999999,0.3999999999999999,0.0031718750000000024,-3,3.171875,1.609375,0.109375,0.0625,0.0,0.490625,0.5515624999999996,0.5867093349867727,0.05000064118047206,0.540281606885228,0.05,-0.6499999999999999,1.05,3.0,8.0,0,1,18,0,3,1,1,29,11,0
2000579,0.0,0.05,0.75,10.565828125000001,10.600000000000001,0.034171875000000004,-11,34.171875,5.109375,0.296875,0.125,0.0,0.5593750000000003,0.43203125000000037,0.12379672893090624,0.0683185199767493,0.021063904072974583,0.05,-0.75,11.350000000000001,5.0,22.0,0,2,44,0,1,0,0,10,7,0
2000580,0.0,0.05,0.75,8.583515625000002,8.600000000000001,0.016484375000000002,-9,16.484375,2.796875,0.21875,0.078125,0.0,0.5593750000000003,0.40625,0.4353915522586027,0.05901636461040643,0.07855734778358507,0.05,-0.14999999999999997,8.750000000000002,3.0,16.0,1,1,48,0,4,0,1,4,5,0
2000581,1.0,0.05,0.75,0.2826249999999998,0.2999999999999998,0.01737500000000001,-6,17.375,3.6875,0.15625,0.0625,0.0,0.45624999999999966,0.5984374999999994,0.8294275376083392,0.05003692405434194,0.8251611559763128,0.05,-0.9499999999999997,1.25,5.0,9.0,0,0,9,1,3,0,2,37,12,0
2000582,0.0,0.05,0.75,9.567890625,9.6,0.03210937500000001,-8,32.109375,4.859375,0.265625,0.140625,0.0,0.5750000000000004,0.40625000000000006,0.037469241794501285,0.05741326125031382,0.0008569792163901772,0.049999999999999996,-0.8,10.400000000000002,6.0,20.0,0,1,50,0,2,0,0,5,6,0
2000583,1.0,0.05,0.75,0.9763749999999982,0.9999999999999982,0.023625,-4,23.625,4.53125,0.15625,0.09375,0.0,0.4468749999999999,0.6031249999999994,0.8043810540342599,0.05003789491781533,0.7910138494589739,0.05,-0.8500000000000001,1.85,3.0,13.0,0,1,6,2,4,0,3,34,14,0
2000584,1.0,0.05,0.75,1.3293124999999997,1.3499999999999996,0.020687500000000008,-4,20.6875,4.3125,0.15625,0.09375,0.0,0.43437499999999973,0.6054687499999993,0.8827509702582361,0.050126580736514534,0.8676645897660153,0.05,-0.7,2.0500000000000003,5.0,11.0,0,1,4,0,9,0,3,37,10,0
2000585,0.0,0.05,0.75,7.617765625,7.6499999999999995,0.03223437500000002,-9,32.234375,4.921875,0.21875,0.078125,0.0,0.5375,0.49999999999999967,0.3694419156322551,0.05008625264988865,0.3380874438374139,0.05,-0.4,8.049999999999999,2.0,17.0,0,1,29,0,4,0,0,15,15,0
2000586,1.0,0.05,0.75,-0.3191562499999998,-0.2999999999999998,0.01915625000000001,-8,19.15625,4.15625,0.21875,0.09375,0.0,0.4406249999999998,0.6031249999999995,0.8264557390448102,0.05060676617331089,0.8222156960839277,0.049999999999999996,-0.2999999999999998,-3.3306690738754696e-16,2.0,18.0,0,1,5,1,6,1,3,36,11,0
2000587,0.0,0.05,0.75,4.796578125000001,4.800000000000001,0.003421875000000002,-3,3.421875,1.671875,0.140625,0.09375,0.0,0.5031250000000003,0.5117187500000002,0.027740304292851653,0.05001014157662417,0.012733955444777354,0.05,-1.35,6.150000000000001,6.0,9.0,0,0,24,1,10,0,0,19,10,0
2000588,1.0,0.05,0.75,2.6485468749999996,2.6499999999999995,0.0014531250000000006,-2,1.453125,0.859375,0.15625,0.125,0.0,0.53125,0.46718750000000014,0.346635685271162,0.05013157452547962,0.02284821012625349,0.05000000000000001,-0.7000000000000002,3.3499999999999996,2.0,16.0,0,3,32,0,8,0,0,11,10,0
2000589,1.0,0.05,0.75,1.3368593749999997,1.3499999999999996,0.01314062500000001,-4,13.140625,3.421875,0.171875,0.109375,0.0,0.4406249999999999,0.5984374999999995,0.7647375359885374,0.050171566107545314,0.7124018097935061,0.05,-0.75,2.1000000000000005,3.0,15.0,0,0,6,1,9,0,4,32,12,0
2000590,0.0,0.05,0.75,4.59175,4.6000000000000005,0.008250000000000006,-4,8.25,2.53125,0.140625,0.078125,0.0,0.4437499999999998,0.5749999999999995,0.6870564520904976,0.05000685645577033,0.6540526691637705,0.05000000000000001,-0.8,5.3999999999999995,2.0,12.0,1,2,9,2,6,0,2,32,10,0
2000591,1.0,0.05,0.75,0.8759218749999995,0.8999999999999995,0.024078125000000006,-6,24.078125,4.453125,0.171875,0.078125,0.0,0.44687499999999986,0.6195312499999993,0.9437296479456128,0.0504730147537158,0.941455792043155,0.05,-0.19999999999999996,1.1000000000000005,2.0,14.0,0,0,3,2,5,0,3,34,17,0
2000592,1.0,0.05,0.75,-0.763765625,-0.75,0.013765625000000007,-9,13.765625,3.234375,0.203125,0.0625,0.0,0.4624999999999999,0.5867187499999995,0.9672532885647828,0.051261942163741976,0.9663804456711429,0.05000000000000001,-0.19999999999999996,-0.55,2.0,15.0,0,0,11,0,5,0,4,31,13,0
2000593,0.0,0.05,0.75,5.148703125,5.15,0.0012968750000000007,-2,1.296875,0.890625,0.15625,0.125,0.0,0.4499999999999998,0.5984374999999996,0.8538783178519315,0.0507132961016284,0.6954371710843432,0.05000000000000002,-0.35000000000000003,5.499999999999999,1.0,17.0,0,0,8,2,4,0,0,40,10,0
2000594,0.0,0.05,0.75,2.498484375,2.5,0.001515625000000001,1,1.515625,1.078125,0.109375,0.125,0.0,0.5218750000000001,0.40156250000000004,0.45905417234466606,0.050007574332757286,0.005977792990859565,0.05,-1.0,3.5,5.0,10.0,1,5,41,4,8,0,1,0,4,0
2000595,1.0,0.05,0.75,0.5891093749999996,0.5999999999999996,0.010890625000000008,-4,10.890625,3.078125,0.125,0.0625,0.0,0.4531249999999998,0.5937499999999994,0.805031799759473,0.0500053671464644,0.7964786181659702,0.05,-0.40000000000000013,1.0000000000000002,2.0,10.0,0,0,7,1,9,0,2,32,13,0
2000596,0.0,0.05,0.75,3.4987968749999996,3.4999999999999996,0.0012031250000000006,-1,1.203125,0.765625,0.140625,0.125,0.0,0.5312500000000003,0.42265625000000034,0.37855063348237694,0.05003559786817802,0.010492326108638875,0.049999999999999996,-1.05,4.549999999999999,4.0,13.0,1,2,40,1,10,0,0,6,4,0
2000597,0.0,0.05,0.75,3.6942656249999994,3.6999999999999993,0.005734375000000004,-3,5.734375,2.109375,0.140625,0.09375,0.0,0.503125,0.5351562499999997,0.5356208878330827,0.05000581935462975,0.3938134866871458,0.049999999999999996,-1.0,4.699999999999998,2.0,13.0,0,1,19,1,8,0,2,16,17,0
2000598,1.0,0.05,0.75,2.1966718750000003,2.2,0.003328125000000002,-4,3.328125,1.578125,0.171875,0.109375,0.0,0.4624999999999999,0.6101562499999994,0.9432354185484434,0.05179315128521939,0.9208251943748951,0.05,-0.7000000000000002,2.9000000000000004,4.0,14.0,0,1,6,1,2,0,3,33,18,0
2000599,1.0,0.05,0.75,-1.6742968749999996,-1.6499999999999995,0.024296875000000013,-9,24.296875,4.328125,0.15625,0.015625,0.0,0.4562499999999998,0.5937499999999994,0.9462280590127468,0.05002738437524117,0.946065574098471,0.05,-0.65,-0.9999999999999998,2.0,9.0,0,1,8,1,5,0,3,32,14,0
2000600,1.0,0.05,0.75,1.1387031250000004,1.1500000000000004,0.011296875000000008,-7,11.296875,2.953125,0.203125,0.09375,0.0,0.4531249999999999,0.6195312499999993,0.9646932424643675,0.05701768047582643,0.9607963873374914,0.05,-0.3999999999999999,1.5500000000000007,4.0,15.0,0,0,4,0,5,0,3,36,16,0
2000601,1.0,0.05,0.75,0.7728593750000007,0.8000000000000007,0.027140625,-5,27.140625,4.796875,0.15625,0.078125,0.0,0.43124999999999974,0.6148437499999994,0.9009160340359577,0.05008016281682236,0.897126272655193,0.05000000000000001,-0.050000000000000044,0.8500000000000001,1.0,14.0,0,0,5,1,4,0,5,38,11,0
2000602,1.0,0.05,0.75,2.273625,2.3,0.026374999999999985,-5,26.375,4.6875,0.21875,0.140625,0.0,0.4437499999999999,0.6218749999999993,0.8815896804053934,0.07027329125605125,0.8285004145419864,0.05000000000000001,-0.7999999999999998,3.1000000000000005,5.0,18.0,0,1,4,0,2,0,3,41,13,0
2000603,0.0,0.05,0.75,4.445531249999999,4.449999999999999,0.004468750000000003,-2,4.46875,1.8125,0.15625,0.125,0.0,0.4499999999999999,0.6195312499999993,0.6964949300748026,0.05012796832034076,0.6112645250331222,0.05,-1.9000000000000001,6.350000000000001,4.0,14.0,0,0,5,0,3,0,2,41,13,0
2000604,1.0,0.05,0.75,0.490796875,0.5,0.009203125000000006,-6,9.203125,2.703125,0.171875,0.078125,0.0,0.47500000000000014,0.5726562499999998,0.7580222593909793,0.05008643706813678,0.7347541479726246,0.05,-1.0499999999999998,1.55,4.0,12.0,0,1,13,1,4,0,2,29,14,0
2000605,1.0,0.05,0.75,3.037125000000003,3.100000000000003,0.062875,-6,62.875,7.28125,0.234375,0.140625,0.0,0.46875000000000006,0.6218749999999994,0.9894770337965964,0.22005962844669297,0.949992849064758,0.049999999999999996,-0.6499999999999999,3.75,3.0,21.0,0,0,4,0,4,0,2,34,20,0
2000606,0.0,0.05,0.75,4.189156249999999,4.199999999999999,0.010843750000000008,-4,10.84375,2.875,0.140625,0.078125,0.0,0.525,0.46484374999999994,0.4036132908424489,0.05000711946161323,0.14677289179132388,0.05,-0.75,4.949999999999999,2.0,12.0,0,3,31,0,10,1,1,9,9,0
2000607,0.0,0.05,0.75,3.3980625,3.4,0.0019375000000000013,-3,1.9375,1.15625,0.140625,0.09375,0.0,0.4906249999999999,0.53515625,0.4908343100111469,0.050003386276331795,0.3648088744153906,0.05,-0.45,3.8499999999999996,1.0,14.0,0,3,17,1,7,1,2,19,14,0
2000608,1.0,0.05,0.75,1.3953593749999995,1.3999999999999995,0.004640625000000003,-3,4.640625,1.921875,0.140625,0.09375,0.0,0.4374999999999998,0.5843749999999996,0.5283366045788607,0.05000673677073329,0.48319200316073513,0.05,-0.44999999999999973,1.8499999999999999,3.0,12.0,0,0,8,1,11,0,1,37,6,0
2000609,0.0,0.05,0.75,10.637968750000004,10.650000000000004,0.012031250000000007,-8,12.03125,2.875,0.28125,0.15625,0.0,0.5843750000000006,0.3546875000000002,0.0031393426875671007,0.10781003206222785,5.755662246204989e-06,0.049999999999999996,-0.3999999999999999,11.050000000000002,8.0,20.0,0,2,60,1,1,0,0,0,0,0
2000610,1.0,0.05,0.75,0.4181093749999975,0.4499999999999975,0.031890625000000006,-9,31.890625,4.859375,0.21875,0.078125,0.0,0.44999999999999973,0.6031249999999994,0.9931671323887757,0.08185270926155402,0.9918054545552103,0.05,-0.5999999999999999,1.05,6.0,13.0,0,1,7,0,4,0,4,35,13,0
2000611,1.0,0.05,0.75,-0.23582812500000105,-0.20000000000000107,0.035828124999999995,-7,35.828125,5.578125,0.171875,0.0625,0.0,0.44687499999999986,0.6124999999999994,0.9174206271932337,0.050121757940925674,0.9161311507431342,0.05,-0.5999999999999996,0.3999999999999999,4.0,11.0,0,0,6,1,3,0,5,34,15,0
2000612,1.0,0.05,0.75,1.1354687499999994,1.1499999999999995,0.014531250000000011,-4,14.53125,3.375,0.1875,0.125,0.0,0.515625,0.5070312499999998,0.4520255555893344,0.05034690817923347,0.1358153655000652,0.05,-0.5499999999999999,1.699999999999999,2.0,18.0,0,2,25,1,6,0,2,13,15,0
2000613,1.0,0.05,0.75,0.33212499999999784,0.34999999999999787,0.017875000000000012,-8,17.875,3.84375,0.203125,0.078125,0.0,0.42187499999999967,0.6242187499999995,0.978680082220215,0.05434269136344206,0.9778622649055819,0.05,-1.0,1.35,5.0,13.0,0,0,3,2,3,0,5,40,11,0
2000614,0.0,0.05,0.75,1.7478593749999984,1.7499999999999984,0.0021406250000000015,3,2.140625,1.171875,0.140625,0.1875,0.0,0.49687499999999996,0.5609374999999995,0.7200575660488663,0.0503124421118787,0.08838152282047416,0.05,-1.4500000000000002,3.2,4.0,17.0,0,1,15,0,6,0,1,24,17,0
2000615,1.0,0.05,0.75,-0.34671875000000074,-0.3000000000000007,0.04671875000000002,-10,46.71875,6.1875,0.234375,0.078125,0.0,0.44687499999999986,0.6007812499999995,0.9702419169173125,0.06528412549395095,0.9673856149943606,0.05000000000000001,-1.3499999999999999,1.0500000000000005,7.0,13.0,0,2,7,0,3,0,5,34,13,0
2000616,1.0,0.05,0.75,0.1585624999999975,0.1999999999999975,0.0414375,-9,41.4375,6.0,0.21875,0.078125,0.0,0.43124999999999986,0.6171874999999993,0.9556958926632708,0.055544694984760216,0.9540159532382271,0.05,-1.0499999999999996,1.25,7.0,12.0,0,0,5,0,4,0,4,42,9,0
2000617,1.0,0.05,0.75,-0.36254687500000055,-0.35000000000000053,0.01254687500000001,-8,12.546875,2.921875,0.1875,0.0625,0.0,0.4406249999999998,0.6101562499999994,0.9420009078625918,0.050328340892683024,0.9412432029557062,0.05,-0.25,-0.10000000000000009,1.0,15.0,0,0,5,1,6,0,3,37,12,0
2000618,0.0,0.05,0.75,8.986312499999999,8.999999999999998,0.013687500000000009,-9,13.6875,3.03125,0.25,0.109375,0.0,0.5281250000000003,0.4343750000000003,0.04421851554459035,0.05129137455363206,0.008742237953361452,0.049999999999999996,-0.14999999999999997,9.149999999999997,3.0,20.0,1,4,37,0,8,0,0,9,5,0
2000619,0.0,0.05,0.75,5.5945,5.6,0.005500000000000003,-4,5.5,1.65625,0.1875,0.125,0.0,0.5000000000000001,0.5117187499999999,0.5706148522139729,0.05073990737315645,0.21495900793614225,0.05000000000000001,-1.1500000000000001,6.749999999999998,4.0,16.0,0,2,24,1,6,0,1,20,10,0
2000620,1.0,0.05,0.75,0.37407812500000037,0.40000000000000036,0.025921875000000004,-7,25.921875,4.640625,0.203125,0.09375,0.0,0.4374999999999998,0.5914062499999994,0.7896206454179446,0.050369713764895255,0.7825339250774933,0.05,-0.95,1.3499999999999996,5.0,14.0,0,1,8,1,5,1,4,36,8,0
2000621,0.0,0.05,0.75,2.44878125,2.45,0.0012187500000000009,1,1.21875,0.90625,0.125,0.140625,0.0,0.4406249999999999,0.6078124999999995,0.6850308072269414,0.05003203109009946,0.41267576649335636,0.05,-1.35,3.8000000000000007,3.0,14.0,0,1,5,3,3,0,0,41,11,0
2000622,0.0,0.05,0.75,3.8383437500000004,3.8500000000000005,0.011656250000000009,-3,11.65625,3.1875,0.140625,0.09375,0.0,0.43437499999999984,0.6007812499999994,0.593699121399434,0.05000515151148104,0.568221894693355,0.05,-1.9000000000000001,5.749999999999999,4.0,11.0,0,0,6,3,5,1,4,34,11,0
2000623,1.0,0.05,0.75,3.7986406249999995,3.7999999999999994,0.0013593750000000008,2,1.359375,0.921875,0.140625,0.171875,0.0,0.4718750000000002,0.5773437499999996,0.6121141457048144,0.05013455960693278,0.13153661876273934,0.05,-0.3500000000000001,4.15,1.0,19.0,0,3,11,0,3,0,1,33,13,0
2000624,0.0,0.05,0.75,0.5929531249999994,0.5999999999999994,0.0070468750000000045,4,7.046875,2.234375,0.09375,0.15625,0.0,0.4968750000000002,0.5164062500000001,0.3989607526530807,0.050036919881661084,0.016077625524082886,0.05,-1.3,1.8999999999999995,4.0,12.0,1,3,22,0,5,0,1,21,11,0
2000625,0.0,0.05,0.75,4.794796874999999,4.8,0.005203125000000003,-4,5.203125,1.921875,0.15625,0.09375,0.0,0.5031249999999999,0.5164062499999996,0.3634312251414707,0.05001749920557012,0.20223584599443417,0.05,-0.45,5.250000000000001,1.0,15.0,0,0,23,0,11,0,0,20,10,0
2000626,1.0,0.05,0.75,2.8459999999999988,2.8499999999999988,0.004000000000000003,-3,4.0,1.78125,0.171875,0.125,0.0,0.4468750000000001,0.6218749999999994,0.9070247174293986,0.05204672322668864,0.8640619078650172,0.049999999999999996,-0.4999999999999998,3.3500000000000014,4.0,15.0,0,0,3,1,4,1,1,41,13,0
2000627,1.0,0.05,0.75,1.5843593749999996,1.5999999999999996,0.015640625000000012,-3,15.640625,3.609375,0.140625,0.09375,0.0,0.46249999999999986,0.6054687499999993,0.6046308610655421,0.05001052007838547,0.5776645805618402,0.05,-0.1499999999999999,1.7500000000000002,1.0,14.0,0,0,8,0,3,0,2,37,14,0
2000628,0.0,0.05,0.75,3.5917500000000016,3.6000000000000014,0.008250000000000004,-1,8.25,2.375,0.125,0.109375,0.0,0.4499999999999999,0.6007812499999994,0.47904526936675684,0.050007848309953376,0.3856906652708489,0.05,-1.1,4.7,3.0,12.0,0,2,6,0,5,0,2,37,12,0
2000629,1.0,0.05,0.75,1.778703124999999,1.799999999999999,0.021296875000000007,-7,21.296875,3.984375,0.25,0.140625,0.0,0.44687499999999963,0.5937499999999993,0.8436371567944444,0.10139378822143169,0.7544156258306194,0.05000000000000001,-0.44999999999999973,2.2499999999999996,3.0,22.0,0,0,9,1,5,0,3,36,10,0
2000630,0.0,0.05,0.75,3.1401249999999994,3.1499999999999995,0.009875000000000005,-1,9.875,2.78125,0.109375,0.09375,0.0,0.4562500000000001,0.55625,0.30498648566832914,0.05000256634691794,0.16786102275763828,0.049999999999999996,-0.8500000000000001,3.9999999999999996,3.0,10.0,1,3,12,2,5,1,3,26,11,0
2000631,0.0,0.05,0.75,4.445796874999999,4.449999999999999,0.004203125000000003,-2,4.203125,1.609375,0.140625,0.109375,0.0,0.5375000000000002,0.4460937500000003,0.12174034133799087,0.05002800343305848,0.005502866824011405,0.05000000000000002,-0.5,4.949999999999999,4.0,12.0,0,2,36,0,11,0,0,7,8,0
2000632,1.0,0.05,0.75,1.0399999999999998,1.0499999999999998,0.010000000000000005,-3,10.0,2.3125,0.140625,0.09375,0.0,0.46562499999999957,0.5703124999999996,0.671300502670933,0.05001428122745073,0.578260264734897,0.05,0.0,1.0500000000000003,0.0,15.0,0,0,13,0,8,0,2,31,10,0
2000633,1.0,0.05,0.75,1.0468749999999998,1.0499999999999998,0.003125000000000002,-4,3.125,1.34375,0.140625,0.078125,0.0,0.46875000000000006,0.5656249999999996,0.8874083886299241,0.05005188050527346,0.8484130230489576,0.05,-0.34999999999999987,1.3999999999999997,3.0,11.0,1,0,16,1,1,0,4,29,12,0
2000634,0.0,0.05,0.75,4.3936875,4.4,0.006312500000000003,-1,6.3125,2.03125,0.171875,0.15625,0.0,0.46874999999999994,0.5539062499999996,0.4715632702824325,0.050580937092849984,0.09137394832054196,0.05,-1.1500000000000001,5.550000000000001,4.0,17.0,0,2,13,0,11,0,2,25,11,0
2000635,0.0,0.05,0.75,6.49171875,6.5,0.008281250000000004,-5,8.28125,2.125,0.1875,0.109375,0.0,0.5562500000000005,0.4015625000000001,0.04513663532020533,0.05012639149313884,0.0017646466183122316,0.05,-0.7,7.200000000000001,5.0,14.0,0,3,48,2,2,0,0,5,4,0
2000636,0.0,0.05,0.75,8.573406250000001,8.600000000000001,0.026593749999999992,-7,26.59375,4.0,0.21875,0.109375,0.0,0.5781250000000004,0.38750000000000007,0.01585936465253145,0.05055053711340118,0.00043736126825581387,0.049999999999999996,-0.6,9.200000000000001,6.0,15.0,0,1,52,0,6,0,0,0,5,0
2000637,1.0,0.05,0.75,0.02564062499999982,0.04999999999999982,0.024359375000000003,-6,24.359375,4.515625,0.15625,0.0625,0.0,0.43437499999999984,0.6054687499999994,0.8598371049425506,0.0500294751072873,0.8576120290622591,0.049999999999999996,-0.6499999999999999,0.7,4.0,10.0,0,0,6,0,6,1,4,39,8,0
2000638,0.0,0.05,0.75,8.033328124999999,8.049999999999999,0.016671875000000006,-7,16.671875,3.359375,0.21875,0.109375,0.0,0.5750000000000003,0.36875000000000013,0.05999495456778698,0.0513058403243027,0.0011743746364176848,0.05,-0.49999999999999994,8.550000000000002,5.0,16.0,0,3,55,0,4,0,0,1,1,0
2000639,0.0,0.05,0.75,5.6300937499999995,5.6499999999999995,0.019906250000000004,-5,19.90625,4.15625,0.171875,0.09375,0.0,0.44062499999999966,0.5984374999999995,0.6223819471999733,0.05002811531213624,0.6092682747804906,0.05000000000000001,-1.35,7.0,3.0,14.0,0,1,6,1,7,0,2,37,10,0
2000640,1.0,0.05,0.75,-0.2717187499999991,-0.2499999999999991,0.02171875000000001,-7,21.71875,4.09375,0.15625,0.046875,0.0,0.44062499999999966,0.5867187499999994,0.9345751753160223,0.050069140676512164,0.9328569306994967,0.05,-0.19999999999999996,-0.0499999999999996,2.0,11.0,0,1,9,0,7,0,6,31,10,0
2000641,0.0,0.05,0.75,6.293484375000001,6.300000000000001,0.006515625000000004,-4,6.515625,1.984375,0.171875,0.109375,0.0,0.5562500000000005,0.42500000000000016,0.0955058500545785,0.05015986663637504,0.002661423617043828,0.05,-0.6500000000000001,6.95,5.0,13.0,0,2,43,0,6,0,0,6,7,0
2000642,0.0,0.05,0.75,7.49396875,7.5,0.006031250000000004,-6,6.03125,2.0625,0.21875,0.125,0.0,0.4937500000000002,0.5328125,0.09545855444632707,0.05025011361203246,0.058991211307957786,0.049999999999999996,-0.8500000000000001,8.350000000000001,4.0,18.0,0,0,21,1,7,0,1,23,11,0
2000643,0.0,0.05,0.75,5.689359375000001,5.700000000000001,0.010640625000000006,-5,10.640625,2.609375,0.171875,0.09375,0.0,0.525,0.44375,0.2973142499197026,0.05010494246400534,0.05062088493581855,0.05,-0.09999999999999998,5.800000000000001,2.0,15.0,0,2,36,1,11,0,1,7,6,0
2000644,1.0,0.05,0.75,-1.1055000000000008,-1.0500000000000007,0.055500000000000015,-11,55.5,6.84375,0.203125,0.03125,0.0,0.44062499999999977,0.6359374999999993,0.987444974105937,0.053336644067073356,0.9872568373966574,0.05,-0.7999999999999996,-0.24999999999999978,6.0,9.0,0,0,2,0,2,0,4,41,15,0
2000645,0.0,0.05,0.75,5.14696875,5.15,0.003031250000000002,-4,3.03125,1.1875,0.15625,0.09375,0.0,0.5281250000000001,0.43203125000000014,0.14569671880702892,0.050023679294515955,0.01204724211108382,0.05000000000000001,-0.6000000000000001,5.75,4.0,12.0,0,4,38,0,9,0,0,10,3,0
2000646,1.0,0.05,0.75,-0.6848125000000022,-0.6500000000000021,0.03481250000000001,-10,34.8125,5.25,0.234375,0.078125,0.0,0.4468749999999998,0.5914062499999994,0.9620702216080197,0.057067099620702263,0.9599164276989017,0.05,-0.34999999999999987,-0.30000000000000004,3.0,17.0,0,1,10,0,3,0,7,31,12,0
2000647,1.0,0.05,0.75,-0.47720312500000106,-0.45000000000000107,0.02720312500000001,-7,27.203125,4.921875,0.1875,0.078125,0.0,0.46562499999999984,0.5726562499999996,0.5292015546959956,0.05003404465349422,0.5206363169933956,0.05,-0.5999999999999999,0.1499999999999997,2.0,15.0,0,2,10,1,8,0,0,31,12,0
2000648,0.0,0.05,0.75,3.9971875,4.0,0.0028125000000000016,-2,2.8125,1.5,0.15625,0.125,0.0,0.4718749999999998,0.5609374999999995,0.6338385792834683,0.050057749758467614,0.39810964354185785,0.05,-1.25,5.250000000000001,3.0,15.0,0,1,14,3,5,0,2,25,14,0
2000649,1.0,0.05,0.75,-0.12609375000000142,-0.10000000000000142,0.02609375,-7,26.09375,4.78125,0.1875,0.078125,0.0,0.45312499999999967,0.6054687499999993,0.8139764182123961,0.050125840654396854,0.8110305064470495,0.05000000000000001,-0.1499999999999999,0.050000000000000044,1.0,16.0,0,0,8,0,3,0,4,36,13,0
2000650,0.0,0.05,0.75,5.99709375,6.0,0.0029062500000000013,-1,2.90625,1.375,0.203125,0.1875,0.0,0.5468750000000006,0.4507812500000006,0.10396749702523149,0.06998712026621924,0.0005018285079565751,0.049999999999999996,-2.25,8.25,7.0,18.0,0,2,39,0,3,0,0,12,8,0
2000651,0.0,0.05,0.75,4.093421875,4.1,0.006578125000000005,-3,6.578125,2.265625,0.15625,0.109375,0.0,0.49999999999999994,0.49062499999999987,0.18853879536434576,0.05001851842794152,0.04268460064848812,0.049999999999999996,-0.45,4.55,3.0,14.0,0,1,27,1,11,0,3,12,9,0
2000652,0.0,0.05,0.75,2.7951875,2.8,0.004812500000000003,2,4.8125,2.0,0.15625,0.1875,0.0,0.4875000000000004,0.5351562500000002,0.07941586308801274,0.055522238457535796,0.002373810965361316,0.049999999999999996,-1.1,3.8999999999999995,4.0,18.0,0,2,21,0,3,0,1,29,8,0
2000653,1.0,0.05,0.75,1.6968437499999998,1.6999999999999997,0.0031562500000000024,-2,3.15625,1.5,0.125,0.09375,0.0,0.4624999999999997,0.6007812499999994,0.720995474778054,0.05000821789717402,0.6730995233580428,0.05,0.0,1.7000000000000004,0.0,14.0,0,0,9,0,3,0,2,37,13,0
2000654,0.0,0.05,0.75,1.1469374999999997,1.1499999999999997,0.003062500000000002,2,3.0625,1.25,0.109375,0.140625,0.015625,0.4984126984126983,0.507142857142857,0.592025440967626,0.05001102950456083,0.07834666393807362,0.05,-0.35000000000000003,1.4999999999999996,1.0,15.0,0,0,23,2,12,0,1,14,11,1
2000655,0.0,0.05,0.75,2.6984843749999996,2.6999999999999997,0.001515625000000001,-1,1.515625,1.078125,0.109375,0.09375,0.0,0.4718749999999998,0.5726562499999998,0.46645333393267546,0.05000144244412168,0.36186853457531204,0.05,-0.8,3.4999999999999996,2.0,11.0,0,0,12,0,8,1,1,31,11,0
2000656,1.0,0.05,0.75,1.14665625,1.15,0.0033437500000000012,-2,3.34375,1.21875,0.109375,0.078125,0.0,0.48437499999999967,0.5093749999999997,0.6959791219412568,0.05000245102260599,0.44118551475871726,0.05000000000000001,-0.40000000000000013,1.5499999999999996,2.0,10.0,0,0,25,1,9,0,3,20,6,0
2000657,1.0,0.05,0.75,-1.0123281250000018,-1.0000000000000018,0.01232812500000001,-6,12.328125,3.171875,0.15625,0.0625,0.0,0.4749999999999997,0.5539062499999996,0.6498026565157786,0.05000366566214468,0.6368264002100429,0.05,-0.1499999999999999,-0.8500000000000003,1.0,13.0,1,1,14,0,9,0,1,26,12,0
2000658,0.0,0.05,0.75,3.4979531249999996,3.4999999999999996,0.002046875000000001,0,2.046875,1.203125,0.15625,0.15625,0.0,0.47187500000000016,0.5703124999999997,0.5082434280392873,0.05016762078962405,0.1533464237825207,0.05,-2.6999999999999997,6.199999999999999,7.0,13.0,0,0,13,0,8,0,0,33,10,0
2000659,1.0,0.05,0.75,0.7876718749999998,0.7999999999999998,0.01232812500000001,-4,12.328125,3.359375,0.140625,0.078125,0.0,0.4562499999999999,0.6031249999999995,0.7537890091193662,0.05001023281023673,0.7438090796076391,0.049999999999999996,-0.5,1.3000000000000003,2.0,12.0,0,1,6,0,6,0,2,35,14,0
2000660,0.0,0.05,0.75,9.377812500000001,9.4,0.022187500000000013,-8,22.1875,4.0625,0.28125,0.15625,0.0,0.5250000000000004,0.4367187500000004,0.04669280923603983,0.06074635248470511,0.002069310746296806,0.05,-1.1500000000000001,10.55,7.0,21.0,2,3,39,0,3,0,0,14,3,0
2000661,0.0,0.05,0.75,7.821218750000001,7.8500000000000005,0.02878125000000001,-9,28.78125,4.25,0.21875,0.078125,0.0,0.44999999999999984,0.5304687499999999,0.6361023940874656,0.050385206469123305,0.6131205443712717,0.05,-0.55,8.4,1.0,18.0,1,2,18,2,7,0,5,23,6,0
2000662,0.0,0.05,0.75,2.445953124999999,2.449999999999999,0.004046875000000002,1,4.046875,1.609375,0.15625,0.171875,0.0,0.4875,0.5421874999999997,0.28094540072871327,0.05047350002477395,0.027739595596610107,0.049999999999999996,-1.6500000000000001,4.099999999999999,5.0,16.0,1,0,19,0,6,0,2,24,12,0
2000663,1.0,0.05,0.75,1.1287968749999977,1.1499999999999977,0.02120312500000001,-6,21.203125,3.734375,0.203125,0.109375,0.0,0.4531249999999996,0.5890624999999994,0.8848922297955033,0.05297462699629386,0.8601127910151871,0.05,-0.6499999999999997,1.8,5.0,15.0,0,0,11,1,3,0,2,38,9,0
2000664,1.0,0.05,0.75,1.2911562499999998,1.2999999999999998,0.008843750000000006,-3,8.84375,2.71875,0.140625,0.09375,0.0,0.44374999999999964,0.5984374999999995,0.7074690435692796,0.05001288177568033,0.677605373396887,0.05,-1.25,2.5500000000000007,4.0,11.0,0,1,8,0,4,0,3,39,9,0
2000665,1.0,0.05,0.75,-0.01279687500000001,0.0,0.01279687500000001,-6,12.796875,3.421875,0.140625,0.046875,0.0,0.46875,0.6078124999999995,0.9408903816186486,0.050031271163155366,0.9399435706578717,0.05000000000000001,-0.19999999999999996,0.20000000000000018,2.0,10.0,0,1,7,0,2,0,4,31,19,0
2000666,0.0,0.05,0.75,4.138015625,4.15,0.011984375000000009,-4,11.984375,2.890625,0.140625,0.078125,0.0,0.5062499999999999,0.4882812499999998,0.39103801969750424,0.050005454019366194,0.19215727443486294,0.05,-0.9,5.049999999999999,3.0,11.0,1,1,28,0,9,0,1,16,8,0
2000667,0.0,0.05,0.75,5.244453124999999,5.249999999999999,0.005546875000000004,-4,5.546875,2.015625,0.15625,0.09375,0.0,0.503125,0.5609374999999995,0.8580481403355612,0.050101455148435885,0.8045561452475699,0.05,-0.3,5.549999999999999,1.0,15.0,0,2,12,1,7,2,0,20,20,0
2000668,1.0,0.05,0.75,2.274515624999999,2.299999999999999,0.025484374999999993,-5,25.484375,4.703125,0.203125,0.125,0.0,0.41874999999999984,0.6242187499999994,0.7954415072074233,0.05380901963768987,0.7631491937773291,0.05,-0.5999999999999996,2.9,4.0,17.0,0,0,2,1,5,1,5,41,9,0
2000669,1.0,0.05,0.75,0.12035937500000124,0.15000000000000124,0.029640624999999997,-7,29.640625,4.953125,0.1875,0.078125,0.0,0.43124999999999974,0.6007812499999994,0.9554939527973348,0.05086491191036268,0.9532404059787265,0.05,-0.34999999999999987,0.5000000000000002,3.0,14.0,0,1,8,0,3,0,7,36,9,0
2000670,0.0,0.05,0.75,6.040796875,6.05,0.009203125000000006,-4,9.203125,2.640625,0.234375,0.171875,0.0,0.5187500000000003,0.5117187499999999,0.6066794504053649,0.05854209654011361,0.16632611325927774,0.05,-1.2,7.250000000000001,3.0,23.0,0,2,23,0,9,0,1,13,16,0
2000671,1.0,0.05,0.75,0.492,0.5,0.008000000000000005,-4,8.0,2.46875,0.125,0.0625,0.0,0.484375,0.5656249999999996,0.8224132291109675,0.05000521639693385,0.8016741039586303,0.05,-0.050000000000000044,0.5499999999999996,1.0,11.0,0,0,13,1,8,1,0,27,14,0
2000672,0.0,0.05,0.75,4.895109375,4.8999999999999995,0.0048906250000000035,-3,4.890625,2.015625,0.15625,0.109375,0.03125,0.5483870967741937,0.3935483870967743,0.3627480206019009,0.050208067064388094,0.006856838094257714,0.049999999999999996,-0.14999999999999997,5.05,3.0,14.0,0,2,46,2,8,0,0,2,2,2
2000673,0.0,0.05,0.75,8.38378125,8.4,0.016218750000000004,-6,16.21875,3.0625,0.21875,0.125,0.0,0.5718750000000006,0.36875000000000024,0.007923678539134399,0.051640592771340345,7.20237568772398e-05,0.05,-0.44999999999999996,8.85,4.0,18.0,0,4,54,0,4,0,0,1,1,0
2000674,0.0,0.05,0.75,2.4465312499999987,2.449999999999999,0.003468750000000002,0,3.46875,1.53125,0.15625,0.15625,0.0,0.4593749999999998,0.5281249999999998,0.5109706205869364,0.05007636971975117,0.1086465486476434,0.05,-1.65,4.099999999999999,4.0,16.0,0,2,18,3,9,0,1,26,5,0
2000675,0.0,0.05,0.75,10.11928125,10.15,0.03071875000000001,-10,30.71875,4.875,0.265625,0.109375,0.0,0.5125,0.4812500000000002,0.15491755303302007,0.05930742060443969,0.0725828014139238,0.05,-0.35,10.500000000000002,4.0,20.0,0,2,29,0,9,1,0,17,6,0
2000676,1.0,0.05,0.75,3.0311718749999987,3.049999999999999,0.018828124999999994,-2,18.828125,4.015625,0.171875,0.140625,0.0,0.4218749999999997,0.6335937499999993,0.6282515341075865,0.05035273777573325,0.5527530734711437,0.05,-0.7499999999999996,3.8,5.0,15.0,0,0,2,1,2,0,3,47,9,0
2000677,1.0,0.05,0.75,0.8810781250000013,0.9000000000000012,0.018921875000000008,-6,18.921875,3.515625,0.171875,0.078125,0.0,0.45312499999999983,0.5960937499999994,0.9507330201315783,0.05066539858717469,0.9458056135770035,0.04999999999999999,-0.44999999999999973,1.35,3.0,13.0,0,0,9,0,5,0,3,36,11,0
2000678,1.0,0.05,0.75,1.773265624999999,1.799999999999999,0.026734375000000005,-7,26.734375,4.328125,0.234375,0.125,0.0,0.4249999999999998,0.6171874999999993,0.962240441191148,0.12690190653961636,0.9334654772577338,0.049999999999999996,-0.7999999999999996,2.6000000000000005,6.0,17.0,0,0,5,1,3,0,6,39,10,0
2000679,0.0,0.05,0.75,7.291953125,7.3,0.008046875000000005,-4,8.046875,2.296875,0.1875,0.125,0.0,0.5625000000000006,0.3734375000000001,0.003825963390148403,0.052257144196180466,1.6154314109886808e-05,0.05,-0.3999999999999999,7.699999999999999,8.0,12.0,0,2,54,3,3,0,0,1,1,0
2000680,1.0,0.05,0.75,0.6330781249999995,0.6499999999999995,0.01692187500000001,-7,16.921875,3.484375,0.1875,0.078125,0.0,0.48437499999999967,0.5703124999999994,0.9671864329372053,0.05334015192302159,0.9582866054985513,0.05,-0.8500000000000001,1.5000000000000007,5.0,12.0,0,0,16,0,2,0,3,29,14,0
2000681,0.0,0.05,0.75,4.245078124999999,4.249999999999999,0.0049218750000000035,-4,4.921875,2.046875,0.140625,0.078125,0.0,0.47812499999999997,0.5539062499999998,0.5026000481324984,0.05000234406351338,0.4521248891550167,0.05,-0.8,5.049999999999999,2.0,12.0,0,0,14,2,11,0,0,24,13,0
2000682,1.0,0.05,0.75,0.04059374999999982,0.04999999999999982,0.009406250000000007,-4,9.40625,2.625,0.140625,0.078125,0.0,0.496875,0.5140624999999998,0.47213129443723717,0.050002930594712176,0.35968085495276386,0.05000000000000001,-1.0500000000000003,1.1,3.0,11.0,0,2,23,1,7,0,1,20,10,0
2000683,1.0,0.05,0.75,2.2800000000000025,2.3000000000000025,0.01999999999999999,-3,20.0,3.90625,0.15625,0.109375,0.0,0.44062499999999977,0.6218749999999993,0.7586724588370337,0.05011733397052733,0.725235452507002,0.05,-0.44999999999999973,2.7500000000000004,3.0,14.0,0,1,3,0,3,1,4,39,13,0
2000684,0.0,0.05,0.75,5.441250000000001,5.450000000000001,0.008750000000000004,-3,8.75,2.46875,0.1875,0.140625,0.0,0.4593749999999997,0.5796874999999994,0.8085965792461828,0.0520741974575812,0.6141878191928299,0.05,-0.7000000000000001,6.15,2.0,19.0,0,0,13,0,4,0,2,37,8,0
2000685,1.0,0.05,0.75,1.8427031249999997,1.8499999999999996,0.007296875000000004,-7,7.296875,2.203125,0.234375,0.125,0.0,0.4593749999999998,0.6007812499999994,0.9495692737098798,0.12739421856762678,0.898897189401335,0.05,-1.2999999999999994,3.15,7.0,16.0,0,0,8,1,4,0,2,35,14,0
2000686,1.0,0.05,0.75,1.3911250000000013,1.4000000000000012,0.008875000000000006,-6,8.875,2.5,0.203125,0.109375,0.0,0.4499999999999997,0.5749999999999995,0.8778909594336392,0.05509967002555632,0.8208506510574821,0.05,-0.95,2.3500000000000005,5.0,15.0,0,1,13,0,4,0,6,31,9,0
2000687,0.0,0.05,0.75,4.495296874999998,4.499999999999998,0.004703125000000003,-2,4.703125,1.859375,0.171875,0.140625,0.0,0.46874999999999994,0.5820312499999996,0.8458121610401113,0.05060421758014486,0.6718539857037584,0.05,-0.45,4.949999999999998,1.0,19.0,1,1,11,0,3,0,3,30,15,0
2000688,0.0,0.05,0.75,3.597671875,3.6,0.002328125000000001,-2,2.328125,1.109375,0.140625,0.109375,0.0,0.5031250000000002,0.4671875000000002,0.21288432566382418,0.0500136217747381,0.021051193254202148,0.05000000000000001,-0.8500000000000001,4.45,4.0,12.0,1,5,27,2,10,0,0,10,9,0
2000689,0.0,0.05,0.75,6.7474687499999995,6.749999999999999,0.0025312500000000014,-3,2.53125,1.3125,0.203125,0.15625,0.0,0.5593750000000005,0.3757812500000002,0.0573094701418326,0.05405850779528546,0.00015285098752199384,0.05,-1.0,7.75,8.0,15.0,1,3,52,0,5,0,1,1,1,0
2000690,1.0,0.05,0.75,-0.07259374999999894,-0.049999999999998934,0.02259375000000001,-5,22.59375,4.28125,0.140625,0.0625,0.0,0.503125,0.5210937499999997,0.3599416254085032,0.05000233161541102,0.29884243192183974,0.05,-0.30000000000000004,0.24999999999999956,1.0,12.0,0,1,22,1,8,0,2,16,14,0
2000691,1.0,0.05,0.75,-0.22701562500000108,-0.20000000000000107,0.027015625000000012,-9,27.015625,4.859375,0.203125,0.0625,0.0,0.4312499999999998,0.6429687499999993,0.9512463227889485,0.05157746534863471,0.9506962277882539,0.049999999999999996,-0.9499999999999997,0.7500000000000008,5.0,12.0,0,0,1,1,0,0,2,48,12,0
2000692,1.0,0.05,0.75,2.290687499999999,2.299999999999999,0.009312500000000005,-3,9.3125,2.75,0.171875,0.125,0.0,0.4531249999999998,0.6101562499999994,0.834852478683939,0.050538299567417136,0.7813839473088883,0.049999999999999996,-0.34999999999999987,2.65,3.0,16.0,0,0,6,0,4,1,2,39,12,0
2000693,0.0,0.05,0.75,3.2964843749999995,3.2999999999999994,0.0035156250000000023,-2,3.515625,1.671875,0.140625,0.109375,0.0,0.50625,0.4859375,0.42243588848164065,0.0500140837882114,0.08748982741677469,0.05000000000000001,-1.6500000000000001,4.949999999999999,5.0,11.0,2,4,26,0,6,0,0,16,10,0
2000694,1.0,0.05,0.75,0.5790468749999979,0.5999999999999979,0.020953125000000013,-6,20.953125,4.140625,0.1875,0.09375,0.0,0.4281249999999997,0.6007812499999994,0.8396550130391408,0.05039418304875495,0.8270110019956525,0.049999999999999996,-0.2999999999999998,0.9000000000000005,2.0,16.0,1,0,7,2,3,0,5,36,10,0
2000695,1.0,0.05,0.75,-1.6902656250000003,-1.6500000000000004,0.04026562500000002,-12,40.265625,4.953125,0.21875,0.03125,0.0,0.4468749999999998,0.5960937499999994,0.9817944963316286,0.0531135891236118,0.9814950833379847,0.05,-1.1,-0.5499999999999996,5.0,11.0,0,0,8,1,5,1,6,30,13,0
2000696,1.0,0.05,0.75,-0.846624999999999,-0.7999999999999989,0.046625000000000014,-11,46.625,6.1875,0.21875,0.046875,0.0,0.42499999999999977,0.6382812499999994,0.9909406045966106,0.06070924366029044,0.990513787124265,0.049999999999999996,-0.44999999999999973,-0.34999999999999953,3.0,14.0,0,0,1,1,2,0,5,42,13,0
2000697,1.0,0.05,0.75,0.43653125000000015,0.4500000000000002,0.013468750000000008,-5,13.46875,3.3125,0.15625,0.078125,0.0,0.47187499999999977,0.5703124999999994,0.8226890922768236,0.0500606392203385,0.7921069451922162,0.05000000000000001,-0.7499999999999996,1.2000000000000002,5.0,10.0,0,1,14,1,3,0,3,29,13,0
2000698,0.0,0.05,0.75,4.0965781250000015,4.100000000000001,0.0034218750000000013,1,3.421875,1.515625,0.1875,0.203125,0.0,0.5250000000000004,0.4718750000000006,0.1407769957527176,0.0649717810575268,0.0008369519279888954,0.049999999999999996,-1.2000000000000002,5.300000000000001,4.0,21.0,0,3,33,0,4,0,0,17,7,0
2000699,1.0,0.05,0.75,0.723640625,0.75,0.026359375000000004,-6,26.359375,4.734375,0.1875,0.09375,0.0,0.4437499999999998,0.6078124999999993,0.9249678435563542,0.050771071457856434,0.9195010593694884,0.05000000000000001,-0.6499999999999999,1.4000000000000001,4.0,14.0,0,0,7,1,3,0,5,35,13,0
2000700,1.0,0.05,0.75,1.1846718749999985,1.1999999999999984,0.015328125000000012,-6,15.328125,3.484375,0.21875,0.125,0.0,0.4468749999999998,0.5960937499999994,0.8501086797017605,0.05634956426818223,0.8063763942064168,0.05,-0.8,2.0000000000000004,4.0,18.0,0,0,8,0,7,0,3,36,10,0
2000701,0.0,0.05,0.75,10.34075,10.35,0.009250000000000006,-7,9.25,2.25,0.265625,0.15625,0.0,0.5812500000000006,0.35000000000000026,0.0018809553020644224,0.12348697038097928,3.1619702857460413e-06,0.05,-0.5999999999999999,10.950000000000003,10.0,17.0,1,4,59,0,0,0,0,0,0,0
2000702,0.0,0.05,0.75,4.347828125,4.3500000000000005,0.0021718750000000015,-1,2.171875,1.171875,0.125,0.109375,0.0,0.5468750000000003,0.41328125000000027,0.06991646567622553,0.0500584753692144,0.000486278276725215,0.049999999999999996,-0.6000000000000001,4.949999999999999,6.0,9.0,1,2,44,1,6,0,0,5,5,0
2000703,0.0,0.05,0.75,2.447921874999999,2.4499999999999993,0.002078125000000001,1,2.078125,1.078125,0.140625,0.15625,0.0,0.44687499999999986,0.5726562499999998,0.6267154423107936,0.050083709141750136,0.18818384395209292,0.049999999999999996,-2.1,4.550000000000002,5.0,14.0,1,2,10,0,7,0,1,36,7,0
2000704,1.0,0.05,0.75,-1.9988750000000057,-1.9000000000000057,0.09887499999999999,-13,98.875,8.25,0.265625,0.0625,0.0,0.44374999999999987,0.5820312499999994,0.9907717021728175,0.10674323458808524,0.987902227374192,0.05,-0.7999999999999996,-1.1,6.0,15.0,0,0,11,1,6,0,7,28,11,0
2000705,1.0,0.05,0.75,-0.6712343750000004,-0.6500000000000004,0.02123437500000001,-6,21.234375,4.328125,0.125,0.03125,0.0,0.4593749999999998,0.6054687499999994,0.8498082164255434,0.05000303927606068,0.8490335512806044,0.05,-0.44999999999999973,-0.19999999999999996,3.0,7.0,0,0,7,1,4,0,1,37,14,0
2000706,0.0,0.05,0.75,3.892546874999999,3.899999999999999,0.007453125000000005,0,7.453125,2.265625,0.15625,0.15625,0.0,0.5281250000000002,0.4742187500000002,0.09602772657298869,0.05070779826393139,0.002408639012486239,0.05,-1.8,5.699999999999999,7.0,13.0,0,0,34,0,6,1,0,17,6,0
2000707,1.0,0.05,0.75,0.12585937499999855,0.14999999999999858,0.024140625000000013,-9,24.140625,4.453125,0.203125,0.0625,0.0,0.4218749999999998,0.6265624999999994,0.9720148172071968,0.05357706798520953,0.9713256739446776,0.05,-0.5999999999999996,0.7500000000000004,4.0,13.0,1,0,4,0,0,0,5,45,9,0
2000708,0.0,0.05,0.75,2.4980781249999997,2.4999999999999996,0.0019218750000000013,-2,1.921875,1.203125,0.09375,0.0625,0.0,0.5250000000000002,0.4578124999999998,0.4576047289368965,0.05000045115764796,0.13816821466776183,0.05,-0.4,2.8999999999999995,2.0,8.0,1,4,33,0,5,1,2,9,9,0
2000709,0.0,0.05,0.75,5.6911875,5.7,0.008812500000000006,-5,8.8125,2.3125,0.171875,0.09375,0.0,0.5625000000000004,0.39687500000000014,0.2635470643955357,0.05015769971280154,0.01366752746386042,0.05,-0.8500000000000001,6.550000000000001,4.0,13.0,0,4,48,0,4,0,0,4,4,0
2000710,0.0,0.05,0.75,1.6980468749999995,1.6999999999999995,0.0019531250000000013,0,1.953125,1.171875,0.109375,0.109375,0.0,0.49374999999999997,0.5374999999999996,0.5318504116841533,0.0500022063021604,0.23525954898134754,0.05000000000000002,-1.8,3.4999999999999996,4.0,10.0,0,1,18,0,10,0,2,19,14,0
2000711,0.0,0.05,0.75,6.588906249999999,6.599999999999999,0.011093750000000008,-5,11.09375,2.625,0.1875,0.109375,0.0,0.5531250000000002,0.42265624999999984,0.4420162028182737,0.052210777402840726,0.0240050032227986,0.049999999999999996,-0.44999999999999996,7.05,4.0,15.0,0,2,43,0,7,0,0,6,6,0
2000712,1.0,0.05,0.75,0.6808124999999993,0.6999999999999993,0.01918750000000001,-6,19.1875,4.09375,0.171875,0.078125,0.0,0.45624999999999993,0.6148437499999994,0.8885144089497894,0.05015135137020851,0.8862195669388968,0.05,-0.3999999999999999,1.0999999999999999,4.0,12.0,0,0,5,0,5,0,3,35,16,0
2000713,0.0,0.05,0.75,6.345015624999999,6.35,0.0049843750000000036,-3,4.984375,1.796875,0.1875,0.140625,0.0,0.5437500000000003,0.3992187500000001,0.06637803643001447,0.051085373094562146,0.0003901388149910054,0.049999999999999996,-0.8,7.15,6.0,15.0,1,3,45,0,9,0,0,4,2,0
2000714,0.0,0.05,0.75,5.847734374999999,5.849999999999999,0.002265625000000001,-4,2.265625,1.109375,0.1875,0.125,0.0,0.5406250000000001,0.43671875000000027,0.18232777076613474,0.05042325221970257,0.008002415363194218,0.05,-0.39999999999999997,6.249999999999999,3.0,17.0,0,4,39,0,5,0,0,10,6,0
2000715,1.0,0.05,0.75,-0.5195468749999991,-0.4999999999999991,0.01954687500000001,-7,19.546875,3.828125,0.140625,0.03125,0.0,0.4437499999999998,0.5960937499999994,0.9303778572960991,0.050020659213694134,0.929660508813827,0.05,-0.9499999999999997,0.44999999999999996,6.0,5.0,0,0,8,2,5,0,3,35,11,0
2000716,1.0,0.05,0.75,0.36387500000000034,0.40000000000000036,0.036125000000000004,-8,36.125,5.25,0.203125,0.078125,0.0,0.44999999999999973,0.6031249999999994,0.9563586964035294,0.05325846682015096,0.9536896896182244,0.05,-0.4999999999999998,0.9000000000000006,4.0,14.0,0,0,8,0,4,0,2,40,10,0
2000717,0.0,0.05,0.75,6.9767031249999985,6.999999999999998,0.023296875,-6,23.296875,4.109375,0.203125,0.109375,0.0,0.4968749999999999,0.4812499999999999,0.13461982384867272,0.050169791364213755,0.048166389627229404,0.05000000000000001,-0.09999999999999998,7.1,2.0,18.0,0,4,26,2,10,0,0,15,7,0
2000718,1.0,0.05,0.75,0.44089062500000015,0.4500000000000002,0.009109375000000006,-4,9.109375,2.703125,0.125,0.0625,0.0,0.43749999999999967,0.6031249999999992,0.7496835865153196,0.050003612853813904,0.7419965337098472,0.049999999999999996,-0.5499999999999998,1.0,3.0,9.0,0,0,8,0,4,0,5,38,9,0
2000719,1.0,0.05,0.75,0.36367187500000214,0.40000000000000213,0.036328124999999996,-9,36.328125,5.640625,0.234375,0.09375,0.0,0.42499999999999993,0.6382812499999994,0.937669550687318,0.061639128591535954,0.9335694985576457,0.05,-1.1499999999999997,1.5500000000000007,6.0,15.0,0,1,1,0,1,0,5,44,12,0
2000720,1.0,0.05,0.75,0.022796875000000705,0.05000000000000071,0.027203125000000005,-8,27.203125,4.734375,0.203125,0.078125,0.0,0.45312499999999994,0.6031249999999995,0.9214898186807502,0.051050936288645175,0.9188477821763449,0.05,-0.7999999999999998,0.8500000000000001,5.0,13.0,0,1,7,0,4,0,3,36,13,0
2000721,1.0,0.05,0.75,0.22131249999999822,0.24999999999999822,0.028687500000000005,-11,28.6875,4.375,0.265625,0.09375,0.0,0.4656249999999997,0.6101562499999993,0.9947403840428455,0.20335758238816887,0.9858654409390768,0.05000000000000001,-0.4999999999999998,0.7500000000000004,4.0,19.0,0,0,7,0,3,0,2,36,16,0
2000722,0.0,0.05,0.75,7.439687499999999,7.449999999999999,0.010312500000000002,-6,10.3125,2.15625,0.203125,0.109375,0.0,0.4749999999999998,0.5609374999999995,0.7520953533701629,0.05205473847903303,0.6844411442563648,0.05,-1.4000000000000001,8.849999999999998,4.0,16.0,0,2,16,0,2,0,3,30,11,0
2000723,1.0,0.05,0.75,1.976515625,2.0,0.023484375000000005,-4,23.484375,4.484375,0.203125,0.140625,0.0,0.4406249999999999,0.6101562499999994,0.7229364117500888,0.051670370687828045,0.6515628094964294,0.05,-1.1,3.0999999999999996,4.0,18.0,0,0,5,1,6,0,4,35,13,0
2000724,1.0,0.05,0.75,0.19009374999999928,0.1999999999999993,0.009906250000000007,-4,9.90625,2.96875,0.140625,0.078125,0.0,0.4562500000000001,0.5914062499999995,0.6166493618608273,0.05000329529566604,0.596003904989872,0.05,-0.1499999999999999,0.3500000000000001,1.0,13.0,1,2,6,0,6,1,4,28,16,0
2000725,0.0,0.05,0.75,6.895640625,6.9,0.004359375000000001,-5,4.359375,1.390625,0.1875,0.109375,0.0,0.5406250000000005,0.41093750000000046,0.008602074493602679,0.05021242554698389,0.00029949480850088655,0.05,-0.24999999999999994,7.15,5.0,14.0,1,3,42,0,10,0,0,4,4,0
2000726,1.0,0.05,0.75,-0.8435312500000007,-0.8000000000000007,0.04353125000000002,-9,43.53125,6.03125,0.203125,0.0625,0.0,0.4374999999999997,0.6007812499999994,0.9130584110178221,0.05050671780908931,0.9120484149174375,0.05,-1.0999999999999999,0.30000000000000004,5.0,12.0,0,0,8,0,5,0,7,33,11,0
2000727,1.0,0.05,0.75,0.8220937500000005,0.8500000000000005,0.02790624999999999,-7,27.90625,4.90625,0.1875,0.078125,0.0,0.42812499999999964,0.6242187499999993,0.9624462848590721,0.05172334234224591,0.9612084121277561,0.049999999999999996,-0.7999999999999996,1.6500000000000001,6.0,11.0,0,1,3,0,3,0,4,43,10,0
2000728,1.0,0.05,0.75,1.24140625,1.25,0.008593750000000006,-3,8.59375,2.65625,0.140625,0.09375,0.0,0.4781249999999999,0.5820312499999996,0.5136995429565029,0.05000576577148649,0.4687914849170214,0.05,-0.1499999999999999,1.4,1.0,14.0,0,4,7,0,7,0,0,28,18,0
2000729,1.0,0.05,0.75,-1.177093750000002,-1.1500000000000021,0.02709375000000001,-11,27.09375,4.4375,0.21875,0.046875,0.0,0.42187499999999967,0.6078124999999994,0.9776418469342911,0.053624765732337265,0.9771890632163792,0.05,-0.19999999999999996,-0.9499999999999995,2.0,15.0,0,0,6,0,6,0,8,35,9,0
2000730,1.0,0.05,0.75,-0.3306718750000007,-0.3000000000000007,0.030671874999999998,-9,30.671875,5.078125,0.171875,0.03125,0.0,0.43437499999999996,0.6335937499999993,0.9846615698400591,0.050740557409473405,0.9845736779227146,0.049999999999999996,-0.4999999999999998,0.2000000000000004,4.0,9.0,0,0,2,1,2,0,4,41,14,0
2000731,1.0,0.05,0.75,0.489921875,0.5,0.010078125000000007,-5,10.078125,2.859375,0.15625,0.078125,0.0,0.4687499999999999,0.5867187499999995,0.8529918770363776,0.05004057222760158,0.8424325895725104,0.05,-0.10000000000000009,0.5999999999999996,2.0,13.0,0,0,11,0,5,0,5,27,16,0
2000732,0.0,0.05,0.75,4.148109375000001,4.15,0.0018906250000000012,-2,1.890625,1.046875,0.125,0.09375,0.0,0.5562500000000004,0.3851562500000003,0.18588535381328256,0.050009619855309315,0.002013092936868761,0.049999999999999996,-0.5,4.65,4.0,10.0,1,4,49,0,5,0,0,3,2,0
2000733,0.0,0.05,0.75,6.134265624999999,6.1499999999999995,0.01573437500000001,-6,15.734375,3.484375,0.1875,0.09375,0.0,0.4531249999999997,0.5820312499999996,0.6675248615002743,0.05007185387884619,0.6475019687543007,0.05,-0.9,7.050000000000001,2.0,16.0,0,0,11,1,6,0,4,31,11,0
2000734,0.0,0.05,0.75,7.131015624999999,7.149999999999999,0.018984375000000008,-6,18.984375,3.484375,0.21875,0.125,0.0,0.5250000000000001,0.4437500000000002,0.0265889929982205,0.05030202426664375,0.0032200052849302926,0.049999999999999996,-0.8,7.949999999999999,3.0,19.0,1,2,38,1,5,0,0,13,4,0
2000735,1.0,0.05,0.75,-1.995484375000001,-1.950000000000001,0.04548437500000003,-12,45.484375,5.796875,0.28125,0.09375,0.0,0.49375,0.49765624999999986,0.43124623882178725,0.052920206523057914,0.4079362986295442,0.05,-2.1000000000000005,0.14999999999999925,7.0,17.0,1,1,27,0,7,0,1,22,5,0
2000736,1.0,0.05,0.75,-0.9789062500000011,-0.9500000000000011,0.028906250000000015,-10,28.90625,4.65625,0.234375,0.078125,0.0,0.4999999999999998,0.5164062499999997,0.6982537307256358,0.053262628585180265,0.657601690210385,0.049999999999999996,0.0,-0.9500000000000002,0.0,20.0,0,0,26,0,5,0,3,21,9,0
2000737,1.0,0.05,0.75,-1.5467343750000018,-1.5000000000000018,0.04673437500000002,-12,46.734375,5.546875,0.25,0.0625,0.0,0.5062499999999998,0.5070312499999997,0.5070252360612798,0.052891885465287766,0.48304109546712853,0.05,-0.44999999999999996,-1.0500000000000003,2.0,18.0,0,2,26,0,5,0,1,21,9,0
2000738,1.0,0.05,0.75,-1.3735468750000006,-1.3500000000000005,0.023546875000000005,-9,23.546875,4.234375,0.15625,0.015625,0.0,0.42499999999999966,0.6242187499999993,0.977401923010503,0.05007801583766606,0.9773685255860955,0.05,-0.050000000000000044,-1.2999999999999998,1.0,10.0,0,1,3,0,3,0,6,40,11,0
2000739,1.0,0.05,0.75,0.8452031249999996,0.8499999999999996,0.004796875000000003,-2,4.796875,2.015625,0.109375,0.078125,0.0,0.4812500000000001,0.5609374999999998,0.4298510757914973,0.05000051307304661,0.3703621346920697,0.05,-0.1499999999999999,0.9999999999999996,1.0,11.0,0,0,15,0,8,0,2,26,13,0
2000740,1.0,0.05,0.75,2.8443750000000003,2.8500000000000005,0.005625000000000004,-2,5.625,2.21875,0.1875,0.15625,0.0,0.45312499999999994,0.6031249999999995,0.7421617633781712,0.051564823674436606,0.5299042264330828,0.05,-0.55,3.4000000000000004,3.0,19.0,0,0,9,1,1,0,3,38,12,0
2000741,1.0,0.05,0.75,1.3385937500000014,1.3500000000000014,0.011406250000000007,-4,11.40625,2.8125,0.15625,0.09375,0.0,0.48124999999999984,0.5796874999999994,0.6466142434670101,0.050037590594288354,0.5941920043005366,0.05,-0.6499999999999999,1.9999999999999998,3.0,13.0,0,1,10,0,8,0,2,25,18,0
2000742,1.0,0.05,0.75,-0.26460937500000004,-0.25,0.01460937500000001,-7,14.609375,3.171875,0.203125,0.09375,0.0,0.48749999999999966,0.5093749999999999,0.32768472349825994,0.05010443896115868,0.24623808495836708,0.05,-0.7000000000000002,0.4499999999999995,2.0,17.0,0,3,21,0,12,0,1,19,8,0
2000743,0.0,0.05,0.75,5.594453124999999,5.6,0.005546875000000004,-4,5.546875,2.015625,0.15625,0.09375,0.0,0.5250000000000002,0.46953125000000023,0.1303782800429892,0.05002793807948146,0.019720840585916135,0.05,-1.05,6.65,5.0,11.0,0,2,32,0,9,0,0,13,8,0
2000744,0.0,0.05,0.75,7.880968750000001,7.900000000000001,0.019031250000000013,-8,19.03125,3.3125,0.203125,0.078125,0.0,0.5406250000000005,0.4132812500000002,0.09313667548372374,0.0502467197886622,0.016233007888949613,0.05,-0.19999999999999996,8.1,4.0,14.0,2,3,43,2,3,0,1,3,7,0
2000745,0.0,0.05,0.75,11.293046875000002,11.350000000000001,0.056953125000000035,-14,56.953125,6.171875,0.28125,0.0625,0.0,0.5375000000000001,0.43671875000000004,0.1447374043848208,0.05152602896492388,0.12531914609709913,0.05,-0.09999999999999998,11.450000000000001,2.0,20.0,0,3,39,1,6,0,0,9,6,0
2000746,0.0,0.05,0.75,7.216109375,7.25,0.03389062500000001,-8,33.890625,4.890625,0.203125,0.078125,0.0,0.4343749999999995,0.5820312499999994,0.8273931209701296,0.05021972182887987,0.8223373760818697,0.05,-0.45,7.699999999999999,1.0,17.0,0,1,11,0,5,0,6,35,6,0
2000747,1.0,0.05,0.75,1.1311249999999986,1.1499999999999986,0.018874999999999996,-5,18.875,4.125,0.171875,0.09375,0.0,0.4624999999999999,0.6101562499999993,0.7868949848517433,0.050142578596323296,0.7735809183243664,0.05,-1.0,2.150000000000001,4.0,13.0,0,0,8,0,1,0,3,37,15,0
2000748,1.0,0.05,0.75,-0.12367187499999964,-0.09999999999999964,0.023671875,-7,23.671875,4.046875,0.171875,0.0625,0.0,0.4406249999999998,0.5984374999999994,0.9070696595511105,0.05011534458211889,0.9050747039097251,0.05000000000000001,-0.44999999999999996,0.3500000000000002,2.0,13.0,0,0,7,1,7,0,1,40,8,0
2000749,1.0,0.05,0.75,0.8927499999999986,0.8999999999999986,0.007250000000000006,-4,7.25,2.5,0.171875,0.109375,0.0,0.4843750000000002,0.5515624999999998,0.44335976536588384,0.050031578556485906,0.3412760265950285,0.049999999999999996,-0.75,1.65,3.0,15.0,0,1,16,0,8,0,1,26,12,0
2000750,0.0,0.05,0.75,9.324453125,9.35,0.02554687500000001,-11,25.546875,3.859375,0.25,0.078125,0.0,0.51875,0.48828124999999983,0.23887237503522046,0.05048051141026158,0.21538223007723228,0.05000000000000002,-0.8500000000000001,10.199999999999996,4.0,17.0,1,1,28,0,8,1,0,15,10,0
2000751,0.0,0.05,0.75,8.964687500000002,9.000000000000002,0.03531250000000001,-10,35.3125,5.0,0.25,0.09375,0.0,0.5375000000000001,0.4273437500000001,0.1787651686602548,0.0518732284266724,0.07915948412418322,0.05000000000000001,-0.7,9.700000000000003,4.0,18.0,0,2,41,1,8,0,0,8,4,0
2000752,1.0,0.05,0.75,0.997359375,1.0,0.002640625000000002,-3,2.640625,1.171875,0.125,0.078125,0.0,0.47187499999999993,0.5726562499999995,0.7297051199464971,0.0500050412220952,0.6858114293349276,0.04999999999999999,-0.050000000000000044,1.05,1.0,12.0,0,0,15,0,3,0,1,36,9,0
2000753,0.0,0.05,0.75,4.8951562499999985,4.899999999999999,0.0048437500000000034,-4,4.84375,1.875,0.140625,0.078125,0.0,0.5562500000000005,0.41093749999999996,0.2837082617447809,0.050020217197319986,0.017805188618818905,0.05000000000000001,-1.05,5.949999999999999,5.0,9.0,0,0,49,1,3,0,2,5,4,0
2000754,0.0,0.05,0.75,7.293750000000001,7.300000000000001,0.006250000000000004,-4,6.25,1.9375,0.1875,0.125,0.0,0.5750000000000005,0.37343750000000014,0.01498735947448385,0.051123318450199136,5.483157822917872e-05,0.05,-0.5999999999999999,7.8999999999999995,7.0,13.0,0,1,55,0,6,0,0,1,1,0
2000755,0.0,0.05,0.75,4.545640625000001,4.550000000000001,0.004359375000000001,0,4.359375,1.734375,0.1875,0.1875,0.0,0.45937499999999987,0.6171874999999993,0.677537373101615,0.05339082794262019,0.2781443650337831,0.05,-1.6,6.15,4.0,20.0,0,0,4,1,5,0,2,34,18,0
2000756,1.0,0.05,0.75,0.243828125,0.25,0.006171875000000005,-4,6.171875,2.109375,0.125,0.0625,0.0,0.48124999999999996,0.5609374999999996,0.6778796328107471,0.05000175701758296,0.6551790823031645,0.05,-0.30000000000000004,0.5499999999999996,1.0,11.0,0,0,14,1,9,0,1,25,14,0
2000757,1.0,0.05,0.75,1.8155781250000032,1.8500000000000032,0.034421875000000005,-8,34.421875,5.328125,0.25,0.125,0.0,0.44062499999999993,0.6242187499999994,0.9841237164163783,0.1908079821973812,0.9587788435450657,0.049999999999999996,-0.55,2.4000000000000004,3.0,21.0,0,0,4,1,2,0,3,41,13,0
2000758,0.0,0.05,0.75,6.2435,6.25,0.006500000000000005,-4,6.5,2.15625,0.171875,0.109375,0.0,0.5500000000000003,0.37343750000000014,0.1003277590653151,0.05016651001237465,0.000768474402467235,0.05,-0.19999999999999996,6.450000000000001,4.0,14.0,1,2,51,2,8,0,0,0,0,0
2000759,1.0,0.05,0.75,1.283718749999999,1.299999999999999,0.01628125000000001,-7,16.28125,3.8125,0.21875,0.109375,0.0,0.4625,0.6265624999999994,0.9234192075876863,0.05897976687960739,0.9153232239495819,0.049999999999999996,-0.7999999999999998,2.1000000000000005,5.0,16.0,0,0,4,0,2,0,4,34,20,0
2000760,1.0,0.05,0.75,-0.6854374999999995,-0.6499999999999995,0.0354375,-7,35.4375,5.40625,0.15625,0.046875,0.0,0.45312499999999983,0.6171874999999993,0.8567590196286474,0.05001893210614506,0.8560861238966716,0.05,-1.2999999999999998,0.6499999999999999,6.0,7.0,0,0,6,0,2,0,5,35,16,0
2000761,1.0,0.05,0.75,0.6616093749999993,0.6999999999999993,0.03839062499999999,-8,38.390625,5.703125,0.203125,0.078125,0.0,0.4468749999999999,0.6265624999999992,0.9800585072652792,0.05606338687158309,0.9790127632910365,0.05000000000000001,-0.7999999999999998,1.5000000000000002,6.0,12.0,0,0,4,0,2,0,4,39,15,0
2000762,1.0,0.05,0.75,1.0281718749999988,1.049999999999999,0.02182812500000001,-7,21.828125,4.453125,0.203125,0.09375,0.0,0.4374999999999999,0.6382812499999992,0.9574247485092107,0.054074984477353615,0.9553239271791922,0.05000000000000001,-0.5999999999999999,1.6500000000000006,4.0,15.0,0,0,2,0,1,0,8,35,18,0
2000763,0.0,0.05,0.75,4.480234375,4.5,0.019765625000000005,-4,19.765625,3.828125,0.171875,0.109375,0.0,0.50625,0.5070312499999997,0.48189678652118945,0.05006647573518434,0.22485646978154983,0.05,-0.6000000000000001,5.1000000000000005,2.0,16.0,0,3,24,0,7,0,3,14,13,0
2000764,1.0,0.05,0.75,2.7367343750000015,2.7500000000000013,0.013265625000000008,-1,13.265625,3.265625,0.171875,0.15625,0.0,0.4406249999999999,0.6101562499999994,0.4205868404769091,0.0501604991330212,0.26269265109775036,0.05000000000000001,0.0,2.7500000000000004,0.0,21.0,1,1,4,0,5,0,1,41,11,0
2000765,0.0,0.05,0.75,2.144062499999999,2.149999999999999,0.005937500000000003,4,5.9375,1.875,0.15625,0.21875,0.0,0.4625000000000003,0.5726562499999998,0.7726103435417111,0.05310354110638601,0.05564074531034538,0.049999999999999996,-2.55,4.699999999999999,6.0,18.0,1,2,11,1,4,0,3,28,14,0
2000766,1.0,0.05,0.75,-1.0157500000000008,-1.0000000000000009,0.015750000000000007,-7,15.75,3.15625,0.1875,0.078125,0.0,0.5218749999999999,0.46953124999999973,0.4505610687987996,0.05008008405917942,0.27586261320417765,0.049999999999999996,-0.7000000000000002,-0.30000000000000027,2.0,15.0,0,4,30,1,8,0,0,11,10,0
2000767,1.0,0.05,0.75,1.2839531250000016,1.3000000000000016,0.01604687500000001,-5,16.046875,3.484375,0.171875,0.09375,0.0,0.4406249999999998,0.6195312499999993,0.9148721227286165,0.05040550758883185,0.9090487889590658,0.05,-0.4999999999999998,1.8,4.0,13.0,0,0,4,1,4,0,4,37,14,0
2000768,0.0,0.05,0.75,1.997234374999999,1.9999999999999991,0.002765625000000002,2,2.765625,1.421875,0.109375,0.140625,0.0,0.5406250000000004,0.4578125000000003,0.2421624172228218,0.05003750371208398,0.0028382987665573384,0.05,-0.5,2.499999999999999,4.0,12.0,0,0,37,0,7,1,0,12,7,0
2000769,0.0,0.05,0.75,3.1986093749999993,3.1999999999999993,0.0013906250000000008,-1,1.390625,0.921875,0.140625,0.125,0.0,0.49062499999999987,0.52109375,0.772121174660656,0.05005297049830447,0.31052016638227165,0.05,-2.35,5.549999999999999,6.0,11.0,0,1,21,0,11,0,0,23,8,0
2000770,1.0,0.05,0.75,-0.7650156249999993,-0.6999999999999993,0.06501562500000002,-11,65.015625,6.890625,0.21875,0.046875,0.0,0.46249999999999986,0.5937499999999993,0.9937587304988666,0.0659899349680089,0.9932383380625852,0.05,-1.0,0.3000000000000005,5.0,12.0,0,1,9,1,3,0,3,32,15,0
2000771,0.0,0.05,0.75,4.989062500000001,5.000000000000001,0.010937500000000006,-5,10.9375,2.59375,0.171875,0.09375,0.0,0.4687499999999997,0.5609374999999996,0.527614994012682,0.05001337229987256,0.48872664050957254,0.05,0.0,5.000000000000001,0.0,17.0,1,0,12,0,12,0,1,26,12,0
2000772,0.0,0.05,0.75,5.445468749999999,5.449999999999999,0.004531250000000002,-4,4.53125,1.71875,0.171875,0.109375,0.0,0.5562500000000004,0.3945312500000002,0.17218406052456364,0.05015846828805704,0.003352706766242784,0.05000000000000001,-0.04999999999999999,5.5,1.0,17.0,0,3,49,0,5,0,1,4,2,0
2000773,0.0,0.05,0.75,4.998124999999999,4.999999999999999,0.0018750000000000012,-3,1.875,1.03125,0.1875,0.140625,0.0,0.4749999999999999,0.5445312499999998,0.7336734464914003,0.05086710211838806,0.4169021352306499,0.049999999999999996,-2.0,6.999999999999999,5.0,16.0,0,1,17,1,8,0,1,27,9,0
2000774,0.0,0.05,0.75,6.522703124999998,6.549999999999998,0.027296874999999995,-7,27.296875,3.921875,0.1875,0.078125,0.0,0.4999999999999997,0.49296874999999946,0.5018496133147052,0.05013089477355281,0.3777548187944199,0.05000000000000001,-1.05,7.599999999999999,3.0,14.0,0,1,31,1,2,0,4,19,6,0
2000775,1.0,0.05,0.75,2.045656249999999,2.049999999999999,0.004343750000000003,-3,4.34375,1.96875,0.15625,0.109375,0.0,0.45937499999999987,0.5914062499999995,0.6306481659129066,0.050056579830633184,0.5552092710021812,0.05,-0.5,2.55,2.0,15.0,0,0,10,1,3,1,2,36,11,0
2000776,1.0,0.05,0.75,0.13373437499999946,0.14999999999999947,0.01626562500000001,-5,16.265625,3.734375,0.140625,0.0625,0.0,0.4562499999999998,0.5867187499999995,0.730208106718371,0.050006010247373264,0.7203346192889358,0.05,-0.5999999999999999,0.75,3.0,10.0,0,1,9,1,6,0,2,33,12,0
2000777,1.0,0.05,0.75,0.8450624999999986,0.8999999999999986,0.05493750000000002,-9,54.9375,6.40625,0.234375,0.09375,0.0,0.4750000000000002,0.6148437499999994,0.9851559323449421,0.1003453330251152,0.9805783582939934,0.05000000000000001,-0.3999999999999999,1.3,4.0,17.0,0,0,6,0,3,0,5,27,23,0
2000778,0.0,0.05,0.75,7.133796875000001,7.15,0.016203125000000006,-7,16.203125,2.921875,0.203125,0.09375,0.0,0.5625000000000006,0.4132812500000002,0.16690092325412628,0.050469380806434726,0.021319832764808522,0.05000000000000001,-1.0,8.15,5.0,14.0,0,0,47,1,6,0,0,4,6,0
2000779,1.0,0.05,0.75,-0.4158593749999986,-0.3999999999999986,0.01585937500000001,-9,15.859375,3.390625,0.203125,0.0625,0.0,0.41249999999999987,0.6335937499999993,0.9845082750153727,0.052999291140292865,0.9842144573332061,0.05,-0.25,-0.1499999999999999,3.0,14.0,0,0,3,0,1,0,11,37,12,0
2000780,0.0,0.05,0.75,6.437249999999998,6.4499999999999975,0.01275000000000001,-5,12.75,3.21875,0.1875,0.109375,0.0,0.534375,0.4765624999999999,0.29361307404324843,0.05045299219671126,0.05871283223609467,0.05,-0.8500000000000001,7.299999999999997,4.0,15.0,1,0,33,0,5,1,0,14,10,0
2000781,0.0,0.05,0.75,7.289578125,7.3,0.010421875000000008,-7,10.421875,2.859375,0.203125,0.09375,0.0,0.4468749999999998,0.6031249999999996,0.6645299635735655,0.05016193189495566,0.6566928128128819,0.05,-1.0,8.3,3.0,16.0,0,0,5,2,8,0,1,35,13,0
2000782,1.0,0.05,0.75,0.33143750000000144,0.3500000000000014,0.018562500000000003,-6,18.5625,3.8125,0.171875,0.078125,0.0,0.46249999999999986,0.5726562499999995,0.8640040286916135,0.050142176908963505,0.8495309939406935,0.05000000000000001,-0.6499999999999999,1.0,3.0,13.0,0,1,13,2,3,0,2,32,11,0
2000783,1.0,0.05,0.75,1.3385937499999987,1.3499999999999988,0.011406250000000008,-5,11.40625,2.84375,0.203125,0.125,0.0,0.5093749999999998,0.5187499999999997,0.6783539811262956,0.053521623645850745,0.35283102033542746,0.05,-0.8,2.1500000000000004,2.0,19.0,0,2,24,2,2,0,1,19,14,0
2000784,0.0,0.05,0.75,5.287906250000001,5.300000000000001,0.012093750000000009,-4,12.09375,3.21875,0.140625,0.078125,0.0,0.4437499999999998,0.5960937499999994,0.8276571872915112,0.05003214745701263,0.810289150545774,0.05,-0.45,5.75,1.0,13.0,0,3,7,1,2,0,3,37,11,0
2000785,0.0,0.05,0.75,6.831171874999998,6.849999999999998,0.018828125000000008,-7,18.828125,4.046875,0.203125,0.09375,0.0,0.4499999999999998,0.5609374999999995,0.5979131831398198,0.05010496045000863,0.5777551494868239,0.05,-0.75,7.6,2.0,17.0,0,2,13,0,8,0,5,28,8,0
2000786,1.0,0.05,0.75,0.34807812500000007,0.3500000000000001,0.0019218750000000013,-3,1.921875,1.109375,0.109375,0.0625,0.0,0.4874999999999997,0.5539062499999996,0.7113600948660854,0.05000107510777149,0.6660779013961029,0.05,-0.55,0.8999999999999999,3.0,8.0,1,0,17,0,5,0,1,27,13,0
2000787,0.0,0.05,0.75,5.793546875,5.8,0.006453125000000005,-4,6.453125,2.296875,0.1875,0.125,0.0,0.4531249999999998,0.6054687499999994,0.7239182426289797,0.05068811686409259,0.6528947291845488,0.05,-0.9,6.699999999999998,2.0,18.0,0,1,8,0,1,0,5,35,14,0
2000788,1.0,0.05,0.75,2.323296874999998,2.349999999999998,0.02670312500000001,-4,26.703125,4.828125,0.203125,0.140625,0.0,0.4124999999999998,0.6289062499999993,0.8656237547776223,0.056793906898396036,0.8241237069013602,0.05,-0.8999999999999997,3.25,5.0,17.0,0,0,3,0,3,0,8,41,9,0
2000789,1.0,0.05,0.75,1.5405468749999998,1.5499999999999998,0.009453125000000005,-4,9.453125,2.328125,0.15625,0.09375,0.0,0.5125,0.47656249999999967,0.4037088104419917,0.050067945716497204,0.10274727374401028,0.05,-0.7000000000000002,2.25,2.0,14.0,0,3,28,0,12,0,1,11,9,0
2000790,1.0,0.05,0.75,2.785140625000001,2.8000000000000007,0.01485937500000001,-2,14.859375,3.484375,0.1875,0.15625,0.0,0.4218749999999997,0.6007812499999995,0.6733222429792717,0.05100741796180572,0.48865971080282333,0.05,-0.2999999999999998,3.0999999999999996,2.0,20.0,0,0,7,2,5,0,5,38,7,0
2000791,0.0,0.05,0.75,4.497671874999998,4.499999999999998,0.002328125000000001,-3,2.328125,1.046875,0.140625,0.09375,0.0,0.5406250000000001,0.3710937500000002,0.3100964793615766,0.05002009870329125,0.004383276325609372,0.05,-0.49999999999999994,4.999999999999998,4.0,11.0,2,8,47,2,3,0,0,0,2,0
2000792,1.0,0.05,0.75,-1.9281250000000003,-1.9000000000000004,0.028125000000000015,-10,28.125,4.375,0.171875,0.015625,0.0,0.45624999999999977,0.6007812499999994,0.9648118476444156,0.05008324091850962,0.9647356527260005,0.05,-0.3999999999999999,-1.5,2.0,10.0,0,0,8,0,5,0,5,31,15,0
2000793,1.0,0.05,0.75,1.3895312500000003,1.4000000000000004,0.010468750000000006,-4,10.46875,2.6875,0.140625,0.078125,0.0,0.48437499999999967,0.5703124999999996,0.8521130660061909,0.05006186309897997,0.8051233678917888,0.05,-0.34999999999999987,1.7500000000000002,3.0,11.0,0,1,14,0,4,0,1,30,14,0
2000794,0.0,0.05,0.75,3.24534375,3.25,0.004656250000000002,-2,4.65625,1.9375,0.125,0.09375,0.0,0.4624999999999999,0.5632812499999998,0.1421689683398835,0.05000227332134383,0.11532722588219653,0.049999999999999996,-0.5,3.75,2.0,12.0,0,2,13,0,7,0,2,31,9,0
2000795,1.0,0.05,0.75,1.4963749999999996,1.4999999999999996,0.003625000000000003,-1,3.625,1.75,0.109375,0.09375,0.0,0.5062500000000001,0.5210937499999997,0.46503908881949707,0.050001700117954864,0.20009240883218032,0.05,-0.44999999999999996,1.9499999999999997,1.0,12.0,0,4,19,0,7,2,1,17,14,0
2000796,1.0,0.05,0.75,-1.6823125000000003,-1.6500000000000004,0.032312500000000015,-8,32.3125,5.1875,0.171875,0.046875,0.0,0.4937499999999998,0.5117187499999998,0.46070793916241154,0.05000475325678216,0.4458522624037935,0.05,-0.8500000000000001,-0.8000000000000005,3.0,11.0,0,2,23,1,8,0,1,20,9,0
2000797,0.0,0.05,0.75,3.4418593750000004,3.45,0.008140625000000005,-4,8.140625,2.578125,0.078125,0.015625,0.0,0.45625,0.5937499999999993,0.7626421980942758,0.050000115366652456,0.7614258304245812,0.05,0.0,3.45,0.0,6.0,0,0,9,2,4,0,4,30,15,0
2000798,1.0,0.05,0.75,-0.42235937500000037,-0.40000000000000036,0.02235937500000001,-7,22.359375,4.390625,0.15625,0.046875,0.0,0.4468749999999998,0.6148437499999995,0.8575346486924263,0.050023830344612365,0.8568494470900869,0.05,-0.1499999999999999,-0.24999999999999978,1.0,12.0,0,0,5,0,5,0,3,38,13,0
2000799,0.0,0.05,0.75,8.036578124999998,8.049999999999999,0.013421875000000008,-6,13.421875,2.953125,0.203125,0.109375,0.0,0.5531250000000003,0.38515625000000026,0.005232359166373356,0.0504566729544355,0.00010385283881757194,0.05,-0.3499999999999999,8.4,7.0,13.0,1,3,49,0,7,0,0,3,1,0
2000800,0.0,0.05,0.75,6.638734375,6.65,0.011265625000000008,-6,11.265625,2.953125,0.203125,0.109375,0.0,0.5500000000000005,0.4039062500000001,0.1889434016615619,0.050749304474689956,0.011025873861211729,0.05000000000000001,-0.7,7.350000000000001,3.0,17.0,2,1,46,0,7,0,0,4,4,0
2000801,1.0,0.05,0.75,2.0468281250000007,2.0500000000000007,0.0031718750000000024,-2,3.171875,1.546875,0.125,0.09375,0.0,0.4499999999999998,0.6007812499999993,0.8400500671998232,0.05001881247325615,0.80458208424574,0.05000000000000001,-0.4500000000000002,2.5,3.0,11.0,0,0,6,1,8,0,5,28,16,0
2000802,0.0,0.05,0.75,8.9880625,9.0,0.011937500000000009,-6,11.9375,2.75,0.234375,0.140625,0.0,0.5843750000000005,0.3640625000000002,0.0036851387087594315,0.05949604225576537,1.7817666101361625e-05,0.05000000000000001,-0.29999999999999993,9.3,6.0,18.0,0,2,57,0,3,1,0,0,1,0
2000803,0.0,0.05,0.75,0.9992968749999993,0.9999999999999993,0.0007031250000000004,2,0.703125,0.578125,0.09375,0.125,0.0,0.4999999999999998,0.5304687499999997,0.4756626755005645,0.050004140727027024,0.10389231387585772,0.05000000000000001,-2.35,3.3499999999999996,6.0,8.0,0,1,22,0,5,0,0,26,10,0
2000804,0.0,0.05,0.75,5.542937499999999,5.549999999999999,0.007062500000000005,-4,7.0625,2.3125,0.171875,0.109375,0.0,0.5000000000000001,0.5351562500000001,0.5044153000385122,0.05016304005147189,0.3088657233337146,0.049999999999999996,-0.35,5.9,2.0,16.0,0,0,20,1,8,0,0,22,13,0
2000805,1.0,0.05,0.75,-1.0532343749999982,-0.9999999999999982,0.05323437500000001,-11,53.234375,6.359375,0.203125,0.03125,0.0,0.4343749999999998,0.6148437499999994,0.9946134416952295,0.056058498373149315,0.9944592972016568,0.05000000000000001,-0.25,-0.7499999999999996,3.0,12.0,0,0,5,3,2,0,2,41,11,0
2000806,1.0,0.05,0.75,0.434343750000001,0.45000000000000107,0.01565625000000001,-7,15.65625,3.28125,0.171875,0.0625,0.0,0.41874999999999973,0.6289062499999993,0.939386675997603,0.05031914417341611,0.9386371384507712,0.05000000000000001,-0.4999999999999998,0.9500000000000002,4.0,11.0,0,0,3,0,3,0,7,41,10,0
2000807,1.0,0.05,0.75,0.492984375,0.5,0.0070156250000000045,-5,7.015625,2.078125,0.171875,0.09375,0.0,0.4999999999999999,0.47890624999999987,0.3012152019840966,0.050058862267254686,0.10502822673103136,0.05,-0.3500000000000001,0.8499999999999994,1.0,16.0,1,4,27,2,7,0,1,13,9,0
2000808,0.0,0.05,0.75,5.796421875000001,5.800000000000001,0.0035781250000000023,-4,3.578125,1.515625,0.171875,0.109375,0.0,0.5406250000000005,0.3851562500000003,0.12344250243750315,0.050118470160732675,0.0018861596372771613,0.05000000000000001,-0.14999999999999997,5.950000000000001,3.0,15.0,2,2,48,2,7,0,0,2,1,0
2000809,0.0,0.05,0.75,12.524125000000003,12.600000000000003,0.07587500000000001,-14,75.875,7.0625,0.328125,0.109375,0.0,0.5500000000000004,0.40390625,0.01784307619622396,0.053462294233850405,0.0028798307309342735,0.05,-0.55,13.15,5.0,23.0,1,3,45,0,7,0,0,4,4,0
2000810,1.0,0.05,0.75,2.8953593750000004,2.9000000000000004,0.004640625000000003,-2,4.640625,1.984375,0.15625,0.125,0.0,0.4437499999999999,0.6359374999999993,0.7510079058623915,0.05019453864945456,0.700051036279369,0.05,-0.44999999999999973,3.3500000000000005,3.0,15.0,0,1,1,0,2,0,3,41,16,0
2000811,0.0,0.05,0.75,7.992750000000002,8.000000000000002,0.007250000000000005,-6,7.25,1.96875,0.203125,0.109375,0.0,0.5812500000000006,0.3664062500000002,0.007625569592286978,0.050444080552242136,9.932862999805204e-05,0.05,-0.24999999999999994,8.250000000000002,5.0,15.0,0,1,58,0,3,0,0,2,0,0
2000812,0.0,0.05,0.75,2.0983281249999997,2.0999999999999996,0.001671875000000001,-1,1.671875,1.109375,0.109375,0.09375,0.0,0.45624999999999966,0.5046875000000001,0.5510785757771113,0.05000140006146366,0.23758704813404377,0.05,-0.3,2.3999999999999995,1.0,12.0,1,6,17,4,10,0,1,18,7,0
2000813,1.0,0.05,0.75,0.43834375000000103,0.45000000000000107,0.011656250000000009,-7,11.65625,3.0625,0.1875,0.078125,0.0,0.4249999999999997,0.6124999999999995,0.9350703870460488,0.050812243402938356,0.9321004303556288,0.05,-0.5999999999999999,1.0500000000000005,4.0,13.0,0,1,4,1,5,0,6,36,11,0
2000814,1.0,0.05,0.75,1.3367343750000005,1.3500000000000005,0.013265625000000008,-3,13.265625,3.296875,0.125,0.078125,0.0,0.45624999999999977,0.5984374999999994,0.7464741369348643,0.05000681386362264,0.7239154914373366,0.05,-0.19999999999999996,1.55,2.0,11.0,0,0,9,3,0,1,2,36,13,0
2000815,0.0,0.05,0.75,7.635953125,7.65,0.01404687500000001,-8,14.046875,2.953125,0.203125,0.078125,0.0,0.5593750000000003,0.3828125000000001,0.07645439227189202,0.05018452466912136,0.007598056435486482,0.05,-0.49999999999999994,8.15,5.0,13.0,0,5,50,0,4,0,0,4,1,0
2000816,0.0,0.05,0.75,5.488624999999999,5.499999999999999,0.011375000000000008,-6,11.375,2.8125,0.1875,0.09375,0.0,0.4875,0.5304687499999996,0.4300872059404858,0.050015986460375146,0.38084381420072305,0.05,-0.3,5.8,1.0,17.0,0,4,16,1,10,0,2,16,15,0
2000817,1.0,0.05,0.75,0.681921875000001,0.7000000000000011,0.01807812500000001,-6,18.078125,3.828125,0.203125,0.109375,0.0,0.45312499999999967,0.5914062499999995,0.7932649807436134,0.05065289519233359,0.7720461417756628,0.05,-0.6500000000000001,1.35,3.0,17.0,0,0,9,0,7,0,3,34,11,0
2000818,0.0,0.05,0.75,8.375390624999998,8.399999999999999,0.024609375000000006,-6,24.609375,3.984375,0.234375,0.140625,0.0,0.5750000000000004,0.3992187500000001,0.0064362015898009346,0.05381789483492742,0.00016081732993884762,0.05,-0.5999999999999999,9.000000000000002,7.0,17.0,0,1,51,0,3,0,0,4,5,0
2000819,0.0,0.05,0.75,5.095921874999999,5.1,0.004078125000000003,-5,4.078125,1.609375,0.140625,0.0625,0.0,0.5062499999999998,0.5117187499999997,0.652432153838462,0.05000746019622786,0.5668559139135403,0.05,-0.6,5.699999999999999,2.0,11.0,0,0,24,0,11,0,0,19,10,0
2000820,1.0,0.05,0.75,0.1825624999999993,0.1999999999999993,0.01743750000000001,-5,17.4375,3.84375,0.171875,0.09375,0.0,0.4468749999999999,0.6124999999999994,0.5963842259769705,0.0500139501534178,0.5903602375194357,0.05,-0.6499999999999999,0.8499999999999996,3.0,14.0,0,0,6,0,4,0,1,43,10,0
2000821,0.0,0.05,0.75,8.977125,9.0,0.02287500000000001,-8,22.875,4.375,0.28125,0.15625,0.0,0.48124999999999996,0.5515624999999997,0.7613388469533602,0.15932053035575683,0.4236972032115761,0.05,-0.04999999999999999,9.049999999999999,1.0,27.0,0,2,15,2,6,0,2,22,15,0
2000822,0.0,0.05,0.75,7.9795,8.0,0.020500000000000004,-8,20.5,3.25,0.21875,0.09375,0.0,0.5468750000000003,0.41796875000000033,0.11801996688377017,0.05063399868137777,0.02218526051247582,0.05,-0.7,8.700000000000003,4.0,16.0,0,0,44,0,11,0,0,6,3,0
2000823,0.0,0.05,0.75,9.251171874999999,9.299999999999999,0.048828125000000014,-11,48.828125,5.765625,0.203125,0.03125,0.0,0.44374999999999964,0.5867187499999994,0.9689196069862848,0.050669077766789916,0.9686904695512086,0.05,0.0,9.299999999999999,0.0,15.0,0,0,10,1,5,1,5,33,9,0
2000824,1.0,0.05,0.75,-0.18585937499999858,-0.14999999999999858,0.035859375000000006,-9,35.859375,4.796875,0.234375,0.09375,0.0,0.44062499999999954,0.5914062499999994,0.8820590397369115,0.054312612833010136,0.8757936777382794,0.05,-0.8499999999999996,0.7000000000000002,5.0,16.0,0,1,9,1,4,0,2,40,7,0
2000825,0.0,0.05,0.75,7.618937499999999,7.649999999999999,0.031062500000000014,-6,31.0625,4.90625,0.21875,0.125,0.0,0.5343750000000005,0.4179687500000002,0.04483168595976045,0.05122157706100725,0.0016557934832740308,0.05000000000000001,-0.14999999999999997,7.799999999999999,3.0,19.0,0,4,43,1,4,0,2,7,3,0
2000826,0.0,0.05,0.75,1.198375,1.2,0.001625000000000001,2,1.625,1.0625,0.09375,0.125,0.0,0.4749999999999999,0.5398437499999996,0.6358776734330913,0.050003594965785825,0.16353052802449305,0.05,-0.9,2.1,2.0,12.0,0,2,20,3,0,0,4,24,11,0
2000827,0.0,0.05,0.75,9.420687500000001,9.450000000000001,0.029312500000000005,-11,29.3125,4.09375,0.234375,0.0625,0.0,0.5281250000000002,0.41093750000000007,0.12704565122265082,0.050725689233190575,0.060647930991391145,0.05,-0.39999999999999997,9.850000000000001,4.0,15.0,2,3,41,0,10,0,1,4,3,0
2000828,0.0,0.05,0.75,8.02675,8.05,0.023250000000000007,-8,23.25,3.875,0.234375,0.109375,0.0,0.5500000000000002,0.41796875000000017,0.10355320283424448,0.05124171498559892,0.01510971100101855,0.05,-0.5,8.55,4.0,18.0,0,3,42,0,9,0,0,4,6,0
2000829,0.0,0.05,0.75,6.091531249999998,6.099999999999998,0.008468750000000006,-5,8.46875,2.4375,0.234375,0.15625,0.0,0.4968750000000004,0.49765625000000036,0.33781063800776634,0.052987293432478835,0.0722429870369802,0.049999999999999996,-1.05,7.149999999999999,4.0,21.0,1,2,25,2,7,0,0,18,9,0
2000830,0.0,0.05,0.75,4.296484375,4.300000000000001,0.0035156250000000023,-1,3.515625,1.578125,0.1875,0.171875,0.0,0.51875,0.5117187499999998,0.4369174122328787,0.05127609122093955,0.034383887724983644,0.05,-2.5,6.800000000000001,6.0,17.0,0,0,26,0,6,1,2,16,13,0
2000831,0.0,0.05,0.75,8.530578125,8.55,0.01942187500000001,-7,19.421875,3.734375,0.21875,0.109375,0.0,0.4687499999999999,0.5960937499999995,0.6101925411622934,0.052572120096056774,0.585707084939756,0.05,-1.5,10.049999999999999,5.0,16.0,0,0,8,1,6,0,1,32,16,0
2000832,1.0,0.05,0.75,-2.007921875000001,-1.950000000000001,0.057921875000000025,-16,57.921875,5.953125,0.28125,0.03125,0.0,0.4624999999999998,0.5703124999999994,0.9996232960829274,0.2501675511728639,0.9980974678583101,0.049999999999999996,-1.3,-0.6499999999999995,8.0,12.0,0,0,13,1,6,1,2,32,9,0
2000833,1.0,0.05,0.75,-0.07964062499999983,-0.04999999999999982,0.029640625000000004,-8,29.640625,4.453125,0.1875,0.0625,0.0,0.4656249999999997,0.5679687499999994,0.9375751756570373,0.05053465697543948,0.9338688764180423,0.05,-0.40000000000000013,0.34999999999999987,2.0,14.0,0,0,14,0,7,0,4,28,11,0
2000834,0.0,0.05,0.75,3.6935625,3.7,0.006437500000000004,-1,6.4375,2.3125,0.140625,0.125,0.0,0.4906249999999999,0.5328124999999999,0.442951997709227,0.05004379258777411,0.109394453681452,0.05,-0.45,4.15,1.0,16.0,0,0,20,1,9,0,1,22,11,0
2000835,0.0,0.05,0.75,5.7783437499999994,5.8,0.021656250000000002,-7,21.65625,4.3125,0.15625,0.046875,0.0,0.4687499999999997,0.5726562499999995,0.797231700236858,0.050007084633964874,0.7948993281918577,0.05,0.0,5.8,0.0,13.0,0,1,13,1,4,0,3,29,13,0
2000836,0.0,0.05,0.75,9.734499999999999,9.749999999999998,0.015500000000000007,-9,15.5,3.25,0.25,0.109375,0.0,0.5687500000000005,0.41796875000000044,0.0292212410986358,0.05208329295473895,0.0028052928747386973,0.05,-1.0000000000000002,10.749999999999998,6.0,17.0,0,0,47,0,5,0,0,5,7,0
2000837,0.0,0.05,0.75,6.446953125000001,6.450000000000001,0.003046875000000002,-4,3.046875,1.359375,0.171875,0.109375,0.0,0.5593750000000005,0.3875000000000004,0.019740896209565952,0.050191413640896916,0.00021234688311147024,0.05000000000000001,-0.24999999999999994,6.700000000000001,5.0,13.0,0,2,50,1,7,0,0,2,2,0
2000838,0.0,0.05,0.75,5.043875,5.05,0.006125000000000005,-2,6.125,2.125,0.1875,0.15625,0.0,0.5562500000000002,0.42734375,0.1532132346358238,0.05087707099515058,0.002484997680292066,0.05,-0.8500000000000001,5.899999999999999,4.0,18.0,1,0,44,0,5,0,0,7,7,0
2000839,1.0,0.05,0.75,1.7802812500000007,1.8000000000000007,0.019718750000000007,-7,19.71875,3.84375,0.234375,0.125,0.0,0.43124999999999974,0.6218749999999994,0.9741289013383679,0.12937998318106753,0.955623515007759,0.05000000000000001,-0.75,2.5500000000000003,5.0,18.0,0,1,3,0,4,0,3,43,10,0
2000840,1.0,0.05,0.75,-0.769484375,-0.75,0.019484375000000012,-8,19.484375,3.578125,0.1875,0.0625,0.0,0.4437499999999997,0.5679687499999994,0.9297992020841793,0.050226995164796576,0.9264418588336666,0.049999999999999996,-0.44999999999999996,-0.30000000000000027,3.0,13.0,0,0,14,1,6,0,9,24,10,0
2000841,1.0,0.05,0.75,0.942375000000002,0.950000000000002,0.007625000000000003,-6,7.625,2.0625,0.1875,0.09375,0.0,0.49374999999999974,0.5609374999999995,0.8668877760501918,0.05117514294342476,0.812355887061646,0.05,-0.9499999999999997,1.8999999999999997,6.0,12.0,0,0,15,1,7,0,1,23,17,0
2000842,1.0,0.05,0.75,3.038875000000001,3.0500000000000007,0.011125000000000006,-1,11.125,2.90625,0.171875,0.15625,0.0,0.43437499999999984,0.6101562499999994,0.7635250256776902,0.05072356481984674,0.5278029547703522,0.05,-0.1499999999999999,3.2000000000000006,1.0,20.0,0,1,6,1,2,0,7,34,13,0
2000843,1.0,0.05,0.75,1.0397343750000008,1.0500000000000007,0.010265625000000006,-6,10.265625,2.421875,0.203125,0.109375,0.0,0.4343749999999998,0.6218749999999994,0.8212291945537742,0.05087797385498254,0.8108340259311849,0.05,-0.1499999999999999,1.2000000000000002,1.0,19.0,0,0,2,3,5,0,0,42,12,0
2000844,0.0,0.05,0.75,4.485562499999999,4.499999999999998,0.01443750000000001,-4,14.4375,3.5625,0.171875,0.109375,0.0,0.4624999999999999,0.5703124999999996,0.3927745004343956,0.05000964357824152,0.35554778797468656,0.05000000000000001,-0.45,4.949999999999999,1.0,17.0,0,0,12,1,9,0,3,27,12,0
2000845,1.0,0.05,0.75,-2.2363593750000037,-2.150000000000004,0.08635937500000002,-16,86.359375,8.046875,0.296875,0.046875,0.0,0.45937499999999987,0.6031249999999994,0.9990438139044462,0.24463827069804536,0.9956711846663348,0.05000000000000001,-0.9499999999999997,-1.1999999999999995,6.0,16.0,0,0,8,0,4,0,2,37,13,0
2000846,1.0,0.05,0.75,-2.767031249999999,-2.6999999999999993,0.06703125000000001,-13,67.03125,7.3125,0.21875,0.015625,0.0,0.44062499999999977,0.5937499999999994,0.9914146181575036,0.05263271810769792,0.9913127291710276,0.05000000000000001,-0.65,-2.05,4.0,11.0,0,2,9,1,1,0,5,36,10,0
2000847,0.0,0.05,0.75,4.49759375,4.5,0.0024062500000000017,-3,2.40625,1.125,0.140625,0.09375,0.0,0.5281250000000001,0.43203125,0.3545134025987099,0.05002558846272279,0.023975624615347975,0.05,-0.55,5.05,3.0,12.0,0,8,35,0,7,0,1,6,7,0
2000848,1.0,0.05,0.75,-2.2006718750000003,-2.1500000000000004,0.050671875000000026,-12,50.671875,5.890625,0.203125,0.015625,0.0,0.4343749999999998,0.6101562499999994,0.9850906298079467,0.0510753120494729,0.9850132150160406,0.05,-1.1,-1.0499999999999996,5.0,9.0,0,0,6,1,4,0,4,39,10,0
2000849,0.0,0.05,0.75,4.7981875,4.8,0.0018125000000000012,-2,1.8125,1.0625,0.171875,0.140625,0.0,0.48749999999999993,0.4976562499999999,0.8613717315873007,0.05175444417697231,0.2622553659412451,0.049999999999999996,-2.45,7.250000000000001,6.0,14.0,0,2,26,1,8,0,3,18,6,0
2000850,1.0,0.05,0.75,-0.16964062500000038,-0.15000000000000036,0.019640625000000012,-7,19.640625,4.015625,0.171875,0.0625,0.0,0.4218749999999998,0.6124999999999994,0.8900965311349238,0.05008670593669068,0.8890277596606858,0.05,-0.7999999999999998,0.6500000000000001,4.0,11.0,0,1,5,1,3,0,4,43,7,0
2000851,0.0,0.05,0.75,6.336937500000001,6.350000000000001,0.01306250000000001,-4,13.0625,3.4375,0.171875,0.109375,0.0,0.5093750000000004,0.4812500000000004,0.006107569502457894,0.05011842660304424,0.0013328301309763033,0.049999999999999996,-0.24999999999999994,6.6,5.0,13.0,0,1,30,0,10,0,0,18,5,0
2000852,0.0,0.05,0.75,6.294390625000001,6.300000000000001,0.0056093750000000015,-5,5.609375,1.578125,0.1875,0.109375,0.0,0.5375000000000002,0.42265624999999996,0.437976888079862,0.05117086038436574,0.03624300003968377,0.05,-1.1,7.4,5.0,14.0,0,2,43,2,5,0,2,5,5,0
2000853,0.0,0.05,0.75,7.638343750000001,7.65,0.011656250000000003,-8,11.65625,2.21875,0.21875,0.09375,0.0,0.5437500000000004,0.43906250000000036,0.06531528019787101,0.05011171099065217,0.021069434998977277,0.05,-0.6000000000000001,8.25,4.0,16.0,0,4,39,0,4,0,0,10,7,0
2000854,1.0,0.05,0.75,-0.5130625000000018,-0.5000000000000018,0.01306250000000001,-7,13.0625,3.03125,0.171875,0.0625,0.0,0.4687499999999998,0.5773437499999994,0.876543438108137,0.05006040062504871,0.872065901596053,0.05,-0.44999999999999996,-0.050000000000000044,2.0,13.0,0,0,12,0,7,0,4,27,14,0
2000855,1.0,0.05,0.75,0.8829531249999995,0.8999999999999995,0.017046875000000006,-7,17.046875,3.796875,0.203125,0.09375,0.0,0.4499999999999997,0.6218749999999994,0.9389394436405334,0.05249313159138741,0.9360718763809757,0.049999999999999996,0.0,0.9000000000000001,0.0,19.0,0,2,2,0,4,0,1,40,15,0
2000856,0.0,0.05,0.75,3.3879218749999995,3.3999999999999995,0.012078125000000009,-4,12.078125,3.328125,0.109375,0.046875,0.0,0.4499999999999998,0.5820312499999997,0.6258570404225284,0.05000025890473305,0.6215666098715634,0.05,-0.9,4.3,2.0,8.0,0,1,10,0,6,1,3,35,8,0
2000857,1.0,0.05,0.75,-0.4274999999999986,-0.3999999999999986,0.027500000000000007,-6,27.5,4.75,0.140625,0.046875,0.0,0.4593749999999997,0.5890624999999994,0.7727576977763978,0.05000491789409697,0.7694019076600966,0.049999999999999996,-0.75,0.3500000000000001,3.0,9.0,0,1,9,0,6,0,3,32,13,0
2000858,1.0,0.05,0.75,-0.12910937500000053,-0.10000000000000053,0.029109375000000003,-7,29.109375,4.953125,0.171875,0.0625,0.0,0.4468749999999999,0.6078124999999994,0.917732605526723,0.050139173908469496,0.9161829481873173,0.05,-0.1499999999999999,0.050000000000000155,1.0,14.0,0,0,7,1,3,0,6,32,15,0
2000859,0.0,0.05,0.75,5.431031249999999,5.449999999999999,0.018968750000000003,-2,18.96875,3.59375,0.1875,0.15625,0.0,0.44062499999999954,0.5749999999999994,0.7473539846260406,0.056322788952930525,0.32026995145763115,0.05,-2.25,7.7,6.0,16.0,0,0,15,1,1,0,6,36,5,0
2000860,0.0,0.05,0.75,7.325796875,7.35,0.024203125000000013,-7,24.203125,4.578125,0.1875,0.078125,0.0,0.42812499999999976,0.6101562499999994,0.9368074279031323,0.05059068718462441,0.9347565658386043,0.05,-0.8,8.149999999999999,2.0,15.0,0,2,4,0,5,0,5,38,10,0
2000861,1.0,0.05,0.75,0.6445468749999994,0.6499999999999995,0.005453125000000003,-3,5.453125,1.890625,0.125,0.078125,0.0,0.47812499999999974,0.5632812499999995,0.6936741387891171,0.05000311557640913,0.6359403394669255,0.05,-0.3500000000000001,1.0,2.0,11.0,0,1,15,0,5,0,2,29,12,0
2000862,1.0,0.05,0.75,2.1930312499999993,2.1999999999999993,0.006968750000000004,-4,6.96875,2.34375,0.1875,0.125,0.0,0.4781249999999998,0.5867187499999994,0.7060879297038188,0.05080410973520841,0.6005789145246989,0.05000000000000001,-0.34999999999999987,2.5499999999999994,3.0,17.0,0,0,10,0,7,0,0,32,15,0
2000863,0.0,0.05,0.75,8.317421875,8.350000000000001,0.03257812500000002,-9,32.578125,4.890625,0.234375,0.09375,0.0,0.5218750000000002,0.4625000000000002,0.18213312656911265,0.05059247874377033,0.10890744089411156,0.05,-0.09999999999999998,8.450000000000001,2.0,19.0,0,1,35,0,8,0,0,16,4,0
2000864,0.0,0.05,0.75,1.54890625,1.5499999999999998,0.0010937500000000008,2,1.09375,0.78125,0.109375,0.140625,0.0,0.45624999999999993,0.5609374999999995,0.6880376225367246,0.05001386822290063,0.18701916921854925,0.049999999999999996,-0.45,2.0,1.0,15.0,0,1,12,3,8,1,2,27,10,0
2000865,0.0,0.05,0.75,3.5475624999999993,3.5499999999999994,0.0024375000000000013,-2,2.4375,1.09375,0.15625,0.125,0.0,0.49999999999999983,0.5328124999999998,0.6028842340302268,0.05004752151300499,0.2766301759907911,0.05,-0.9,4.449999999999999,2.0,16.0,0,0,20,0,10,0,1,20,13,0
2000866,1.0,0.05,0.75,1.2203281249999982,1.2499999999999982,0.029671875,-7,29.671875,4.671875,0.203125,0.09375,0.0,0.4656249999999997,0.5843749999999994,0.991515256320542,0.0874582106136568,0.986470041929008,0.05,-0.4500000000000002,1.7000000000000004,3.0,16.0,0,0,12,1,3,0,3,32,13,0
2000867,1.0,0.05,0.75,2.443296875,2.45,0.006703125000000005,-2,6.703125,2.484375,0.140625,0.109375,0.0,0.44374999999999987,0.6242187499999993,0.7905139757996956,0.050065555942325916,0.7478398095927979,0.04999999999999999,-0.34999999999999987,2.8000000000000007,3.0,13.0,0,0,5,0,1,0,3,43,12,0
2000868,1.0,0.05,0.75,5.144859375,5.15,0.005140625000000004,5,5.140625,1.765625,0.09375,0.171875,0.0,0.48750000000000004,0.5398437499999996,0.6703853311878291,0.050025970363120946,0.04244795440456568,0.05000000000000001,-0.1499999999999999,5.299999999999999,1.0,16.0,0,3,17,0,7,0,3,20,14,0
2000869,0.0,0.05,0.75,7.164562500000001,7.2,0.03543749999999999,-7,35.4375,5.5,0.171875,0.0625,0.0,0.42499999999999977,0.6289062499999993,0.9107218503168141,0.05017884011062923,0.9098562228512616,0.05,-0.9,8.100000000000001,2.0,13.0,0,0,2,0,5,0,2,47,8,0
2000870,1.0,0.05,0.75,-0.6583281250000004,-0.6500000000000004,0.008328125000000004,-7,8.328125,2.078125,0.15625,0.046875,0.0,0.4843750000000001,0.5585937499999997,0.9351145727631208,0.050048823675560586,0.9303735967303286,0.05000000000000001,-0.050000000000000044,-0.6,1.0,12.0,0,0,15,1,8,0,1,25,14,0
2000871,1.0,0.05,0.75,-1.5922968750000006,-1.5500000000000007,0.04229687500000001,-12,42.296875,5.359375,0.21875,0.03125,0.0,0.47187499999999977,0.5749999999999994,0.991392618768402,0.055900359668231765,0.9911161330212166,0.05,-0.3999999999999999,-1.1500000000000001,4.0,12.0,0,0,13,1,5,0,2,30,13,0
2000872,1.0,0.05,0.75,1.889921875,1.9,0.010078125000000007,-2,10.078125,3.078125,0.140625,0.109375,0.0,0.44999999999999996,0.5867187499999996,0.3838085305879333,0.05000841246107528,0.3098381631816575,0.05,-0.95,2.8500000000000005,4.0,12.0,1,2,7,0,7,0,0,37,10,0
2000873,1.0,0.05,0.75,0.4709999999999982,0.4999999999999982,0.02900000000000001,-9,29.0,4.71875,0.234375,0.09375,0.0,0.43124999999999974,0.6054687499999994,0.9720704545842764,0.0778686520834944,0.966701985787636,0.05000000000000001,-1.0499999999999998,1.5500000000000003,6.0,15.0,0,0,7,1,4,0,7,34,11,0
2000874,0.0,0.05,0.75,5.880140624999999,5.8999999999999995,0.019859375000000002,-6,19.859375,3.765625,0.171875,0.078125,0.0,0.4406249999999996,0.5843749999999995,0.7436407798636581,0.050032535601680056,0.7339906178117138,0.049999999999999996,0.0,5.8999999999999995,0.0,16.0,0,0,10,0,8,0,4,35,7,0
2000875,0.0,0.05,0.75,5.6965468749999975,5.6999999999999975,0.003453125000000002,-2,3.453125,1.671875,0.234375,0.203125,0.0,0.45312499999999967,0.5656249999999994,0.7583051504583528,0.1136719262914205,0.12742984693636572,0.05,-1.05,6.749999999999999,3.0,25.0,0,0,15,2,3,1,3,34,6,0
2000876,0.0,0.05,0.75,1.447375,1.4500000000000002,0.0026250000000000015,1,2.625,1.375,0.109375,0.125,0.0,0.5031249999999998,0.5445312499999996,0.5776812284923001,0.05000477176061751,0.18696746939258452,0.049999999999999996,-1.25,2.6999999999999993,3.0,12.0,0,0,20,1,4,0,1,23,15,0
2000877,1.0,0.05,0.75,-0.8586718749999996,-0.8499999999999996,0.008671875000000006,-6,8.671875,2.546875,0.125,0.03125,0.0,0.4718749999999999,0.5445312499999996,0.8559407559002231,0.05000261231016423,0.8495309939406935,0.05000000000000001,-0.55,-0.30000000000000027,3.0,7.0,0,2,16,4,5,0,2,22,13,0
2000878,1.0,0.05,0.75,2.478250000000002,2.5000000000000018,0.021750000000000002,-4,21.75,4.4375,0.1875,0.125,0.0,0.4499999999999998,0.6218749999999994,0.9269458680351239,0.05562861218996625,0.8962792616883298,0.05,-0.19999999999999996,2.7,2.0,18.0,0,0,5,1,1,0,5,35,17,0
2000879,0.0,0.05,0.75,3.7476406249999994,3.7499999999999996,0.0023593750000000017,-2,2.359375,1.234375,0.15625,0.125,0.0,0.48750000000000016,0.5656249999999997,0.6116371532952316,0.05004093091636329,0.4153146258991086,0.04999999999999999,-1.7000000000000002,5.45,4.0,14.0,0,0,16,2,2,0,0,30,14,0
2000880,1.0,0.05,0.75,-1.0611093750000007,-1.0500000000000007,0.011109375000000005,-8,11.109375,2.515625,0.171875,0.046875,0.0,0.4593749999999997,0.5632812499999995,0.8657587587447593,0.05004372025897436,0.861378751859906,0.049999999999999996,-0.1499999999999999,-0.8999999999999999,1.0,13.0,1,0,14,2,5,0,2,30,10,0
2000881,1.0,0.05,0.75,0.9679218750000018,1.0000000000000018,0.03207812500000001,-7,32.078125,4.671875,0.1875,0.078125,0.0,0.4593749999999998,0.5937499999999993,0.981908252410895,0.055629226163401525,0.9787207466436029,0.05000000000000001,-0.44999999999999996,1.4500000000000004,5.0,12.0,0,0,11,0,2,0,5,33,13,0
2000882,0.0,0.05,0.75,5.0936875,5.1,0.006312500000000005,-4,6.3125,2.03125,0.171875,0.109375,0.0,0.47500000000000014,0.5890624999999997,0.544457715751182,0.050035487473633074,0.5021023873466098,0.05,-0.9,6.0,2.0,16.0,0,0,11,0,4,0,2,32,15,0
2000883,0.0,0.05,0.75,7.215375000000001,7.250000000000001,0.034624999999999996,-6,34.625,5.46875,0.1875,0.09375,0.0,0.453125,0.6218749999999993,0.9346589618805512,0.05133985403155953,0.9307785933366001,0.05,-1.2500000000000002,8.5,3.0,15.0,0,0,5,0,2,0,5,35,17,0
2000884,1.0,0.05,0.75,0.9857187499999991,0.9999999999999991,0.01428125000000001,-6,14.28125,3.28125,0.171875,0.078125,0.0,0.4374999999999997,0.6148437499999994,0.9283077888606486,0.05049560332227798,0.9238368294025576,0.05,-0.44999999999999973,1.4500000000000004,3.0,13.0,0,1,6,0,1,0,7,36,13,0
2000885,1.0,0.05,0.75,2.44503125,2.45,0.004968750000000003,-2,4.96875,1.9375,0.140625,0.109375,0.0,0.4562499999999997,0.5820312499999994,0.7060066816993652,0.05004745170602796,0.5749630129205382,0.05,-0.5,2.95,3.0,13.0,0,1,10,0,7,0,2,34,10,0
2000886,1.0,0.05,0.75,0.8394687500000014,0.8500000000000014,0.010531250000000008,-7,10.53125,2.71875,0.203125,0.09375,0.0,0.4593749999999999,0.5937499999999994,0.9797841726716271,0.058593673950839614,0.9762812242318178,0.05,-0.2999999999999998,1.1499999999999997,2.0,17.0,0,0,10,0,4,0,5,31,14,0
2000887,0.0,0.05,0.75,7.9302656250000005,7.95,0.01973437500000001,-7,19.734375,3.953125,0.21875,0.109375,0.0,0.5312500000000002,0.44843750000000027,0.030026316956773144,0.05020689241298391,0.005755026132579393,0.049999999999999996,-0.19999999999999996,8.149999999999999,4.0,17.0,1,1,36,0,10,0,0,9,7,0
2000888,1.0,0.05,0.75,0.9178437500000002,0.9500000000000002,0.032156250000000004,-6,32.15625,5.15625,0.1875,0.09375,0.0,0.434375,0.6242187499999994,0.7440149989681912,0.050184954160862855,0.7381888043946195,0.05,-0.7499999999999998,1.7,4.0,14.0,0,0,2,1,6,0,2,41,12,0
2000889,0.0,0.05,0.75,2.0457812499999988,2.049999999999999,0.004218750000000003,3,4.21875,1.78125,0.140625,0.1875,0.0,0.44999999999999996,0.5867187499999997,0.7308245663165738,0.05054622669249337,0.1416744350773802,0.05,-2.1500000000000004,4.199999999999999,5.0,16.0,1,0,7,1,10,0,1,32,12,0
2000890,0.0,0.05,0.75,2.848171874999999,2.8499999999999988,0.0018281250000000012,1,1.828125,1.171875,0.140625,0.15625,0.0,0.5093749999999999,0.5468749999999994,0.5881334014944155,0.05014711576312749,0.09196173289258412,0.049999999999999996,-1.7,4.549999999999998,5.0,14.0,0,0,20,1,3,0,2,20,18,0
2000891,0.0,0.05,0.75,3.74865625,3.75,0.001343750000000001,-2,1.34375,1.0,0.171875,0.140625,0.0,0.47812499999999986,0.5281249999999996,0.5198344828739779,0.050100113813637104,0.15048936668256171,0.049999999999999996,-1.6,5.35,4.0,16.0,0,2,17,4,10,0,1,17,13,0
2000892,1.0,0.05,0.75,-1.481140625000001,-1.450000000000001,0.03114062500000002,-10,31.140625,5.328125,0.1875,0.03125,0.0,0.42812499999999976,0.6312499999999993,0.9657358394978877,0.050291429041187455,0.9656578814295511,0.05000000000000001,-0.2999999999999998,-1.15,2.0,12.0,0,0,1,0,6,0,5,39,13,0
2000893,0.0,0.05,0.75,5.692234375,5.7,0.007765625000000005,-4,7.765625,2.390625,0.171875,0.109375,0.0,0.5406250000000002,0.42968750000000006,0.22338288191608632,0.05019785751820087,0.011166723034314041,0.05,-0.9000000000000001,6.6,4.0,14.0,1,1,41,1,7,0,1,5,7,0
2000894,0.0,0.05,0.75,4.696296875,4.7,0.0037031250000000024,-3,3.703125,1.578125,0.171875,0.125,0.0,0.48750000000000004,0.5398437499999998,0.41402230395102396,0.0500573192703815,0.21209891850395074,0.05,0.0,4.7,0.0,19.0,0,0,16,1,14,0,1,18,14,0
2000895,1.0,0.05,0.75,-0.6279531250000014,-0.6000000000000014,0.027953125000000006,-10,27.953125,4.703125,0.234375,0.078125,0.0,0.44999999999999996,0.6007812499999995,0.964537321819121,0.057172098781413716,0.9628364978472828,0.05,-0.40000000000000013,-0.19999999999999984,3.0,17.0,0,1,5,1,7,1,2,34,13,0
2000896,0.0,0.05,0.75,5.5304375000000014,5.550000000000002,0.01956250000000001,-6,19.5625,3.78125,0.1875,0.09375,0.0,0.51875,0.46484375,0.34011331753025686,0.050060398229956254,0.1542181425597007,0.05,-0.04999999999999999,5.6000000000000005,1.0,17.0,1,0,32,0,12,1,1,10,7,0
2000897,1.0,0.05,0.75,-0.07228124999999982,-0.04999999999999982,0.022281250000000002,-6,22.28125,4.15625,0.140625,0.046875,0.0,0.4562499999999998,0.5890624999999994,0.9535129417361454,0.050034118562519714,0.952293227847655,0.05000000000000002,-0.050000000000000044,-1.1102230246251565e-16,1.0,11.0,0,1,8,1,7,0,2,32,13,0
2000898,1.0,0.05,0.75,1.190375000000001,1.200000000000001,0.009625000000000007,-7,9.625,2.65625,0.203125,0.09375,0.0,0.4406249999999999,0.6124999999999994,0.9661106624127646,0.058271719308032696,0.9617600010891616,0.049999999999999996,-0.6499999999999997,1.8500000000000003,5.0,14.0,0,1,5,0,3,1,5,37,12,0
2000899,0.0,0.05,0.75,9.684031249999999,9.7,0.015968750000000004,-9,15.96875,2.90625,0.265625,0.125,0.0,0.5656250000000004,0.39687500000000014,0.14590624724146953,0.07443704397578961,0.0031199540407018203,0.04999999999999999,-0.19999999999999996,9.899999999999999,4.0,21.0,0,3,49,0,3,1,1,3,4,0
2000900,1.0,0.05,0.75,2.6965781250000003,2.7,0.0034218750000000026,-2,3.421875,1.609375,0.171875,0.140625,0.0,0.4562499999999998,0.5820312499999996,0.4889521955886986,0.05016785043201201,0.2986238413643371,0.05,-0.30000000000000004,3.0,1.0,19.0,0,0,10,0,9,0,1,35,9,0
2000901,0.0,0.05,0.75,2.5474531249999997,2.55,0.0025468750000000014,0,2.546875,1.234375,0.125,0.125,0.0,0.5000000000000001,0.5023437499999999,0.7236777100176006,0.05001890970098575,0.15459356070512756,0.049999999999999996,-0.8,3.3499999999999996,3.0,13.0,1,4,23,0,7,0,3,13,13,0
2000902,0.0,0.05,0.75,3.19903125,3.2,0.0009687500000000005,-1,0.96875,0.8125,0.125,0.109375,0.0,0.4562499999999998,0.5914062499999995,0.7212201483024492,0.05001415310546703,0.5762973909036301,0.05,-0.9,4.1,2.0,13.0,0,1,8,1,6,0,2,33,13,0
2000903,0.0,0.05,0.75,7.323984374999999,7.35,0.02601562500000001,-9,26.015625,4.328125,0.1875,0.046875,0.0,0.5312500000000001,0.4085937500000001,0.12323843265709215,0.05002409522827753,0.054184730620356614,0.05,-0.09999999999999998,7.449999999999999,2.0,13.0,1,3,43,2,7,0,1,4,3,0
2000904,1.0,0.05,0.75,0.7377499999999991,0.7499999999999991,0.012250000000000004,-6,12.25,2.5,0.171875,0.078125,0.0,0.4875,0.5984374999999994,0.9474470958630797,0.05038754673206337,0.944280126380341,0.05,-0.10000000000000009,0.8500000000000001,2.0,14.0,0,0,10,1,1,0,0,33,19,0
2000905,0.0,0.05,0.75,3.1991249999999996,3.1999999999999997,0.0008750000000000003,-1,0.875,0.625,0.140625,0.125,0.0,0.4968750000000001,0.48828125000000017,0.3684506063166442,0.05002715530223758,0.039505005053514154,0.05,-1.2000000000000002,4.3999999999999995,4.0,13.0,1,4,25,2,7,0,1,14,10,0
2000906,0.0,0.05,0.75,5.144296875,5.15,0.0057031250000000025,-4,5.703125,1.703125,0.15625,0.09375,0.0,0.5312500000000002,0.45546874999999976,0.4056666132201748,0.050051114488268475,0.08395650603096824,0.05000000000000001,-1.1500000000000001,6.299999999999999,4.0,12.0,0,3,33,0,11,0,1,6,10,0
2000907,1.0,0.05,0.75,0.6832656249999993,0.6999999999999993,0.01673437500000001,-6,16.734375,3.734375,0.1875,0.09375,0.0,0.44999999999999984,0.6031249999999995,0.9227894274999596,0.05072967793543345,0.9167031963862962,0.05,0.0,0.7000000000000002,0.0,18.0,0,0,8,1,3,0,3,37,12,0
2000908,0.0,0.05,0.75,4.898375000000001,4.9,0.001625000000000001,-3,1.625,0.90625,0.171875,0.125,0.0,0.5156250000000002,0.4812500000000003,0.39281374056778473,0.050328706690417405,0.04311788777656484,0.049999999999999996,-1.4000000000000001,6.299999999999999,4.0,15.0,0,3,30,0,6,0,1,16,8,0
2000909,0.0,0.05,0.75,6.2801406250000005,6.300000000000001,0.019859375000000012,-6,19.859375,4.078125,0.1875,0.09375,0.0,0.5187500000000002,0.4789062500000002,0.15925489914096239,0.05004715399067462,0.06342549601962683,0.049999999999999996,-0.8,7.1,3.0,15.0,0,2,29,3,8,0,0,10,12,0
2000910,1.0,0.05,0.75,1.431484375000001,1.450000000000001,0.018515625,-5,18.515625,3.640625,0.203125,0.125,0.0,0.49687499999999984,0.5281249999999995,0.3479406053307483,0.050441711637157195,0.19679677131714604,0.05,-1.2500000000000002,2.6999999999999997,5.0,16.0,1,2,20,0,6,0,0,23,12,0
2000911,1.0,0.05,0.75,2.687109375000003,2.700000000000003,0.012890625000000008,-5,12.890625,3.203125,0.234375,0.15625,0.0,0.4593749999999999,0.6007812499999994,0.9598749462010374,0.17335773109088715,0.8206461596679334,0.05,-0.6499999999999997,3.350000000000001,5.0,20.0,0,1,8,0,3,0,1,39,12,0
2000912,1.0,0.05,0.75,-1.027953125000001,-1.0000000000000009,0.027953125000000006,-9,27.953125,4.671875,0.171875,0.03125,0.0,0.4468749999999997,0.5914062499999995,0.9670842915207972,0.050197730024794905,0.9668034579183193,0.05,-0.19999999999999996,-0.7999999999999996,2.0,11.0,0,0,10,1,4,0,3,37,9,0
2000913,1.0,0.05,0.75,-0.6649375000000004,-0.6500000000000004,0.014937500000000012,-6,14.9375,3.53125,0.140625,0.046875,0.0,0.4343749999999997,0.5914062499999994,0.8014089201999037,0.05000484396225918,0.7986043731659012,0.05000000000000001,-0.1499999999999999,-0.5,1.0,11.0,0,0,9,0,7,0,7,32,9,0
2000914,0.0,0.05,0.75,7.039265625,7.05,0.010734375000000006,-5,10.734375,2.703125,0.203125,0.125,0.0,0.5687500000000004,0.38515625000000026,0.017466467064859496,0.05060833373823436,0.00023126942297593077,0.05,-0.19999999999999996,7.249999999999998,4.0,17.0,0,2,52,0,5,0,0,3,2,0
2000915,1.0,0.05,0.75,-0.8226875000000007,-0.8000000000000007,0.022687500000000013,-10,22.6875,4.125,0.234375,0.078125,0.0,0.4374999999999996,0.5984374999999994,0.9286015317440528,0.05397218372566148,0.9261054294134125,0.049999999999999996,-0.9999999999999998,0.20000000000000018,5.0,15.0,0,0,7,0,8,0,6,32,11,0
2000916,0.0,0.05,0.75,10.172703125,10.2,0.027296875000000012,-12,27.296875,4.203125,0.25,0.0625,0.0,0.5562500000000002,0.4156250000000002,0.2616885678331262,0.05555044594861695,0.14333306943927818,0.05,-0.5,10.7,4.0,16.0,0,3,42,0,10,0,0,1,8,0
2000917,0.0,0.05,0.75,4.141796875000001,4.15,0.008203125000000006,-2,8.203125,2.640625,0.171875,0.140625,0.0,0.4937500000000001,0.5515624999999997,0.3214555311222934,0.05008274066107835,0.1392458508044162,0.05,-0.65,4.800000000000001,2.0,18.0,1,3,13,0,8,0,0,21,18,0
2000918,1.0,0.05,0.75,-1.0699531249999983,-0.9999999999999982,0.069953125,-10,69.953125,7.953125,0.203125,0.046875,0.0,0.43124999999999963,0.6335937499999993,0.9615721635550085,0.051084675794278694,0.9613194452356348,0.049999999999999996,-0.44999999999999973,-0.5499999999999996,3.0,13.0,0,0,1,0,5,0,6,37,15,0
2000919,1.0,0.05,0.75,-0.7728281249999991,-0.7499999999999991,0.02282812500000001,-8,22.828125,4.171875,0.171875,0.046875,0.0,0.44999999999999973,0.5820312499999994,0.9580365957539597,0.05015771248430238,0.9571251341827557,0.05000000000000001,-0.19999999999999996,-0.5499999999999998,2.0,12.0,0,2,10,0,5,0,5,31,11,0
2000920,0.0,0.05,0.75,5.791124999999999,5.799999999999999,0.008875000000000004,-5,8.875,2.53125,0.203125,0.125,0.0,0.47499999999999987,0.5585937499999997,0.6752518701586883,0.050513257799776765,0.581826247483816,0.04999999999999999,-0.45,6.249999999999999,1.0,20.0,0,1,16,1,4,0,1,31,10,0
2000921,1.0,0.05,0.75,0.2391093749999991,0.2499999999999991,0.010890625000000006,-6,10.890625,2.921875,0.171875,0.078125,0.0,0.48437499999999994,0.5375,0.5562703121441477,0.05003056878700427,0.5055246822320074,0.05,-1.3000000000000003,1.55,4.0,12.0,0,2,17,0,9,1,0,26,9,0
2000922,0.0,0.05,0.75,9.105031249999998,9.149999999999999,0.04496875000000001,-9,44.96875,6.15625,0.21875,0.078125,0.0,0.41249999999999976,0.6289062499999993,0.9877258303788721,0.06493764781936208,0.9866966153444733,0.05,0.0,9.149999999999999,0.0,19.0,0,1,3,0,1,0,11,36,12,0
2000923,0.0,0.05,0.75,1.0917343749999988,1.0999999999999988,0.008265625000000004,4,8.265625,2.609375,0.09375,0.15625,0.0,0.45937500000000003,0.5914062499999996,0.4770848364946028,0.05010754841670831,0.08525284474178631,0.05,-1.9500000000000002,3.049999999999999,5.0,11.0,0,3,6,1,6,0,1,32,15,0
2000924,1.0,0.05,0.75,0.6708749999999993,0.6999999999999993,0.029125000000000005,-9,29.125,4.9375,0.21875,0.078125,0.0,0.43749999999999983,0.6242187499999994,0.9899393522647203,0.07808853260906104,0.9883906808934458,0.05,-0.10000000000000009,0.8000000000000005,2.0,17.0,0,0,3,0,5,0,4,39,13,0
2000925,1.0,0.05,0.75,-0.16860937499999948,-0.14999999999999947,0.018609375000000008,-8,18.609375,3.203125,0.203125,0.078125,0.0,0.48749999999999977,0.5585937499999994,0.9504164238895161,0.0524797233242458,0.9415073401547321,0.05,-1.4,1.2499999999999998,8.0,10.0,0,0,18,0,3,0,4,25,14,0
2000926,1.0,0.05,0.75,-1.0698281250000008,-1.0500000000000007,0.019828125000000005,-9,19.828125,3.609375,0.1875,0.046875,0.0,0.45624999999999977,0.5703124999999994,0.909063651923396,0.050167616411016254,0.9072263533156135,0.05,-0.1499999999999999,-0.8999999999999999,1.0,14.0,0,1,13,0,6,0,4,31,9,0
2000927,1.0,0.05,0.75,1.5979218749999993,1.5999999999999992,0.0020781250000000014,-2,2.078125,1.203125,0.125,0.09375,0.0,0.46562499999999973,0.5773437499999995,0.6479810293896778,0.05000539060322698,0.5700881774868474,0.05,-0.8500000000000001,2.4499999999999997,3.0,11.0,0,0,13,0,5,0,2,34,10,0
2000928,1.0,0.05,0.75,1.8898593750000012,1.9000000000000012,0.010140625000000007,-5,10.140625,2.984375,0.203125,0.125,0.0,0.45625000000000004,0.6007812499999995,0.9236799141265002,0.05768317362652725,0.8881646027279626,0.05000000000000001,-1.05,2.95,5.0,16.0,0,2,6,1,4,0,3,32,16,0
2000929,0.0,0.05,0.75,4.342578124999998,4.349999999999999,0.007421875000000006,-3,7.421875,2.546875,0.15625,0.109375,0.0,0.48749999999999993,0.5562499999999996,0.5093429424105465,0.050017282439376545,0.39727052481436204,0.05,-0.75,5.1,2.0,15.0,0,1,16,0,6,0,1,27,13,0
2000930,0.0,0.05,0.75,6.27528125,6.3,0.02471875,-6,24.71875,4.1875,0.1875,0.09375,0.0,0.4968749999999998,0.5421874999999996,0.6251801878300459,0.05019169030948182,0.5571895545730939,0.05,-1.8,8.1,4.0,14.0,0,2,18,0,6,0,2,21,15,0
2000931,1.0,0.05,0.75,0.983703125,1.0,0.01629687500000001,-6,16.296875,3.765625,0.1875,0.09375,0.0,0.44687499999999986,0.6101562499999994,0.870243107672707,0.050548679046555064,0.863397993438326,0.05,-0.9000000000000001,1.9000000000000004,4.0,14.0,0,0,6,0,5,0,3,38,12,0
2000932,1.0,0.05,0.75,0.2829531249999989,0.29999999999999893,0.017046875000000013,-6,17.046875,3.953125,0.15625,0.0625,0.015625,0.42857142857142844,0.6238095238095231,0.9090753757527222,0.0500915491655453,0.9075636434431095,0.05,-0.44999999999999996,0.7500000000000007,3.0,11.0,0,1,4,0,1,0,6,40,11,1
2000933,1.0,0.05,0.75,-0.06606250000000072,-0.05000000000000071,0.01606250000000001,-6,16.0625,3.75,0.171875,0.078125,0.0,0.48125000000000007,0.5632812499999998,0.7484711468661123,0.05003437145774218,0.7325035249596125,0.05000000000000001,-0.3500000000000001,0.2999999999999996,1.0,15.0,0,1,14,0,7,0,0,30,12,0
2000934,1.0,0.05,0.75,3.2787031250000007,3.3000000000000007,0.021296875,-6,21.296875,4.328125,0.265625,0.171875,0.0,0.3968749999999997,0.6476562499999993,0.9952441756214547,0.2842737893353111,0.8810611113283747,0.05,-1.0499999999999994,4.35,7.0,21.0,0,0,0,0,1,0,7,50,6,0
2000935,0.0,0.05,0.75,7.29171875,7.3,0.008281250000000006,-6,8.28125,2.34375,0.21875,0.125,0.0,0.484375,0.5562499999999997,0.6018734617062369,0.05337479781495544,0.491821810936736,0.05,-0.35,7.650000000000001,2.0,20.0,0,1,14,0,10,0,1,24,14,0
2000936,0.0,0.05,0.75,5.942328125,5.95,0.007671875000000005,-5,7.671875,2.234375,0.1875,0.109375,0.0,0.4812499999999999,0.5632812499999996,0.868240935015421,0.050943788923940386,0.7929291458954139,0.05,-0.45,6.4,1.0,18.0,1,1,14,0,5,0,2,26,15,0
2000937,1.0,0.05,0.75,-1.5964531250000007,-1.5500000000000007,0.046453125000000026,-11,46.453125,6.171875,0.203125,0.03125,0.0,0.43749999999999983,0.6054687499999993,0.954339819444843,0.05057461267095685,0.954134071944069,0.05000000000000001,-1.0999999999999996,-0.4500000000000002,6.0,9.0,0,0,8,0,3,0,6,37,10,0
2000938,0.0,0.05,0.75,3.6956249999999993,3.6999999999999993,0.004375000000000002,-2,4.375,1.6875,0.140625,0.109375,0.0,0.49375000000000024,0.5421875,0.2566893474476232,0.05000885229212662,0.12576798317482224,0.049999999999999996,-1.85,5.550000000000001,5.0,11.0,0,0,20,0,6,0,0,28,10,0
2000939,0.0,0.05,0.75,4.046999999999999,4.049999999999999,0.003000000000000001,-3,3.0,1.1875,0.125,0.078125,0.0,0.5343750000000003,0.43906249999999997,0.3076884876472349,0.05000480221512683,0.03922654214612418,0.05000000000000001,-0.45,4.5,3.0,10.0,0,2,37,1,11,0,0,6,7,0
2000940,0.0,0.05,0.75,5.2464843750000005,5.250000000000001,0.0035156250000000027,0,3.515625,1.640625,0.171875,0.171875,0.0,0.4968750000000004,0.49062500000000037,0.0020656670497474963,0.08093072642654814,6.0252476083324515e-05,0.05,-0.7000000000000002,5.95,6.0,16.0,0,1,28,0,10,0,0,22,3,0
2000941,0.0,0.05,0.75,3.743984375,3.75,0.0060156250000000045,-1,6.015625,2.234375,0.125,0.109375,0.0,0.4343749999999997,0.5890624999999996,0.5241037595336511,0.05001089628096313,0.39306025243891024,0.05,-1.2,4.95,3.0,12.0,0,1,6,0,12,0,0,40,5,0
2000942,0.0,0.05,0.75,7.46965625,7.5,0.030343750000000013,-7,30.34375,4.90625,0.1875,0.078125,0.0,0.4562499999999999,0.6124999999999994,0.9618812764995867,0.051004123367862496,0.9607477811582085,0.05,-0.8500000000000001,8.350000000000001,2.0,15.0,0,1,6,2,0,0,3,35,17,0
2000943,1.0,0.05,0.75,-1.4428125000000003,-1.4000000000000004,0.04281250000000002,-10,42.8125,5.4375,0.203125,0.046875,0.0,0.4531249999999999,0.5773437499999995,0.95971257869021,0.05053511883828508,0.9593019935923915,0.05,-0.6000000000000001,-0.8000000000000003,4.0,12.0,0,1,11,1,6,0,6,26,13,0
2000944,0.0,0.05,0.75,5.193328125,5.2,0.006671875000000005,-3,6.671875,2.359375,0.15625,0.109375,0.0,0.5468750000000003,0.4437500000000002,0.22695953321539428,0.050089829000367965,0.011066200640209193,0.049999999999999996,-0.5,5.7,2.0,15.0,0,0,40,1,6,1,0,9,7,0
2000945,1.0,0.05,0.75,3.284281249999999,3.299999999999999,0.01571875000000001,-3,15.71875,3.625,0.203125,0.15625,0.0,0.440625,0.6335937499999993,0.847663807652406,0.06391091704094823,0.7347527899016372,0.05,-0.4999999999999998,3.8000000000000003,4.0,19.0,1,0,2,0,1,0,4,40,16,0
2000946,0.0,0.05,0.75,3.794859374999999,3.799999999999999,0.005140625000000004,-2,5.140625,1.984375,0.125,0.09375,0.0,0.4593749999999997,0.5937499999999994,0.7161342831842612,0.050009213983328506,0.6536412967039383,0.05,-0.35000000000000003,4.149999999999999,1.0,13.0,0,0,11,2,0,0,1,39,11,0
2000947,0.0,0.05,0.75,6.2310156249999995,6.249999999999999,0.018984375,-4,18.984375,4.078125,0.203125,0.140625,0.0,0.5062500000000003,0.4835937500000003,0.1333869121765214,0.0506229164220683,0.015609971248539672,0.049999999999999996,-1.0,7.250000000000001,5.0,17.0,0,3,29,1,6,0,0,19,6,0
2000948,1.0,0.05,0.75,0.7925156250000007,0.8000000000000007,0.007484375000000003,-4,7.484375,1.953125,0.140625,0.078125,0.0,0.4812499999999996,0.4929687499999995,0.5948477559868074,0.05003108253119104,0.2969301647988338,0.05,-0.3500000000000001,1.1500000000000001,1.0,13.0,0,2,29,1,4,0,7,16,5,0
2000949,0.0,0.05,0.75,4.643078125,4.6499999999999995,0.006921875000000004,-3,6.921875,2.046875,0.15625,0.109375,0.0,0.46874999999999983,0.5796874999999996,0.6603236156123165,0.05004859646763826,0.550843410987832,0.05,-1.25,5.9,3.0,14.0,0,1,8,0,12,0,2,25,16,0
2000950,0.0,0.05,0.75,4.8945156249999995,4.8999999999999995,0.005484375000000003,-5,5.484375,1.953125,0.171875,0.09375,0.0,0.48437499999999994,0.5398437499999998,0.5421388485106245,0.050017552709603355,0.47178050236465463,0.05,-1.1500000000000001,6.049999999999998,3.0,14.0,0,2,16,0,11,0,0,24,11,0
2000951,0.0,0.05,0.75,5.047625,5.05,0.0023750000000000012,-4,2.375,1.125,0.15625,0.09375,0.0,0.49687500000000023,0.47656250000000044,0.2857863238112653,0.0500282821001585,0.06556616927867362,0.05000000000000001,-0.35,5.399999999999999,2.0,14.0,0,3,29,3,7,0,0,17,5,0
2000952,0.0,0.05,0.75,3.3457343749999997,3.3499999999999996,0.004265625000000003,-3,4.265625,1.828125,0.109375,0.0625,0.0,0.475,0.5937499999999993,0.7493248216508107,0.05000093075913869,0.7402480067732085,0.05000000000000001,-1.25,4.6,3.0,8.0,1,0,10,0,2,0,4,28,19,0
2000953,0.0,0.05,0.75,8.188265625,8.2,0.011734375000000009,-7,11.734375,2.984375,0.21875,0.109375,0.0,0.5343750000000003,0.40859375000000037,0.032574026087546025,0.05058450199422794,0.0015606913211731056,0.049999999999999996,-0.24999999999999994,8.45,5.0,16.0,1,3,43,2,7,0,0,5,3,0
2000954,0.0,0.05,0.75,5.185921874999998,5.199999999999998,0.014078125000000007,-4,14.078125,3.078125,0.171875,0.109375,0.0,0.48124999999999984,0.5023437499999999,0.4116382270912653,0.05010239272178043,0.14484010262569377,0.05,-1.55,6.749999999999998,5.0,13.0,1,2,24,1,8,0,1,22,5,0
2000955,0.0,0.05,0.75,3.5970156249999996,3.5999999999999996,0.0029843750000000013,-2,2.984375,1.328125,0.109375,0.078125,0.0,0.5406250000000004,0.4601562500000001,0.07616201534178103,0.0500022038704937,0.010691038967012631,0.05,-0.45,4.05,3.0,9.0,0,2,36,1,4,0,0,11,10,0
2000956,1.0,0.05,0.75,1.8428906249999997,1.8499999999999996,0.007109375000000005,-5,7.109375,2.265625,0.203125,0.125,0.0,0.4593749999999999,0.5820312499999996,0.7556783006152583,0.052389824778727605,0.6718097403809031,0.05,-0.1499999999999999,1.9999999999999996,1.0,20.0,1,0,9,1,8,0,0,33,12,0
2000957,1.0,0.05,0.75,2.078265625,2.0999999999999996,0.021734374999999993,-4,21.734375,4.328125,0.1875,0.125,0.0,0.4562499999999999,0.6007812499999994,0.781920975383063,0.051171899917682465,0.7123004039170568,0.05,-0.6499999999999999,2.7500000000000004,3.0,17.0,0,0,7,0,7,0,3,33,14,0
2000958,1.0,0.05,0.75,2.94484375,2.95,0.005156250000000003,-1,5.15625,2.125,0.140625,0.125,0.0,0.434375,0.6406249999999993,0.843175889740562,0.050131964004782446,0.7946331414252354,0.05,-0.050000000000000044,3.000000000000001,1.0,16.0,0,0,2,0,0,0,6,41,15,0
2000959,0.0,0.05,0.75,5.588046875,5.6,0.011953125000000007,-4,11.953125,3.234375,0.15625,0.09375,0.0,0.47187500000000004,0.5234375000000001,0.29906397498090176,0.050021984361213016,0.18010708995777672,0.05,-0.7,6.299999999999999,3.0,13.0,0,2,19,3,9,0,0,24,7,0
2000960,0.0,0.05,0.75,2.24915625,2.25,0.0008437500000000003,1,0.84375,0.65625,0.109375,0.125,0.0,0.49062499999999987,0.5117187499999998,0.4871469056546496,0.050012119290115696,0.06150918227626956,0.05,-0.95,3.1999999999999993,4.0,11.0,0,3,19,1,13,1,0,17,10,0
2000961,0.0,0.05,0.75,3.7438906249999993,3.749999999999999,0.0061093750000000046,-4,6.109375,2.203125,0.109375,0.046875,0.0,0.47812499999999997,0.5656249999999996,0.7043049703070955,0.050000491724741906,0.6936435944522219,0.05,-0.8,4.55,2.0,8.0,0,0,13,1,9,0,0,28,13,0
2000962,0.0,0.05,0.75,3.7994687499999995,3.7999999999999994,0.0005312500000000003,0,0.53125,0.5,0.140625,0.140625,0.0,0.5375000000000005,0.4507812500000005,0.028524241242667454,0.050551136721102945,0.0005091360696015828,0.05000000000000001,-0.6499999999999999,4.449999999999999,5.0,13.0,0,2,38,0,5,0,0,13,6,0
2000963,0.0,0.05,0.75,5.745484374999998,5.749999999999998,0.004515625000000002,-5,4.515625,1.640625,0.15625,0.078125,0.0,0.5406250000000004,0.4085937499999999,0.24428481628352192,0.05005205702349761,0.01565769923943674,0.05000000000000001,-0.3,6.05,3.0,12.0,1,6,40,1,5,3,0,4,4,0
2000964,1.0,0.05,0.75,2.6478750000000004,2.6500000000000004,0.0021250000000000015,0,2.125,1.15625,0.125,0.125,0.0,0.47499999999999987,0.5843749999999995,0.7496598912897742,0.05002307381093054,0.4874239788757545,0.05,0.0,2.6500000000000004,0.0,16.0,0,0,11,0,6,0,3,28,16,0
2000965,0.0,0.05,0.75,5.343453125,5.35,0.006546875000000004,-4,6.546875,2.046875,0.171875,0.109375,0.0,0.5343749999999999,0.47656249999999983,0.49623474736889833,0.05021786634004587,0.12091663995009401,0.049999999999999996,-1.45,6.799999999999999,5.0,13.0,0,0,33,1,7,0,0,12,11,0
2000966,1.0,0.05,0.75,-1.8034218750000035,-1.7500000000000036,0.05342187500000002,-12,53.421875,6.171875,0.25,0.0625,0.0,0.4499999999999998,0.5562499999999995,0.9538874089902087,0.05724400989908898,0.9515425107033725,0.05,-0.7499999999999999,-1.0000000000000002,4.0,16.0,0,2,14,2,6,0,6,24,10,0
2000967,0.0,0.05,0.75,4.7833125,4.8,0.016687500000000008,-5,16.6875,3.875,0.140625,0.0625,0.0,0.44375,0.5890624999999996,0.8003942205046771,0.05000587017181459,0.7953705479573056,0.05,-0.9,5.7,2.0,11.0,0,0,10,0,5,1,6,33,9,0
2000968,1.0,0.05,0.75,0.2788125000000007,0.3000000000000007,0.021187499999999998,-9,21.1875,3.1875,0.234375,0.09375,0.0,0.45625000000000004,0.5914062499999995,0.9520012558637115,0.06397665309511452,0.9464330393393847,0.05,-0.8999999999999997,1.1999999999999997,5.0,16.0,0,0,9,0,6,1,5,30,13,0
2000969,1.0,0.05,0.75,1.1443281250000013,1.1500000000000012,0.005671875000000003,-4,5.671875,1.921875,0.140625,0.078125,0.0,0.4468749999999999,0.6054687499999994,0.9092668638222178,0.05005477695838191,0.9008308047832004,0.049999999999999996,-0.2999999999999998,1.4500000000000002,2.0,12.0,0,0,7,0,5,0,2,40,10,0
2000970,1.0,0.05,0.75,-0.7645781249999991,-0.7499999999999991,0.014578125000000011,-8,14.578125,2.984375,0.203125,0.078125,0.0,0.5156249999999999,0.4671875,0.4415420350619928,0.0503195493687894,0.26845140553290103,0.05,0.0,-0.7500000000000004,0.0,18.0,0,3,29,1,13,0,1,7,10,0
2000971,0.0,0.05,0.75,4.09796875,4.1,0.002031250000000001,0,2.03125,1.21875,0.171875,0.171875,0.0,0.46874999999999983,0.5843749999999995,0.8851511169948102,0.052340365293318515,0.4026371848903745,0.04999999999999999,-1.2,5.3,3.0,19.0,1,0,10,2,4,0,1,30,16,0
2000972,1.0,0.05,0.75,0.5861874999999996,0.5999999999999996,0.01381250000000001,-4,13.8125,3.21875,0.171875,0.109375,0.0,0.5343750000000003,0.47890624999999976,0.6157876817355756,0.05017586440717924,0.21175599658761218,0.05,-1.4000000000000004,1.9999999999999996,4.0,14.0,0,1,33,0,5,0,1,13,11,0
2000973,1.0,0.05,0.75,-0.5588593749999998,-0.5499999999999998,0.008859375000000006,-7,8.859375,2.390625,0.171875,0.0625,0.0,0.49687500000000007,0.4999999999999999,0.7063745601185806,0.050078709504018035,0.6286429461304258,0.049999999999999996,-1.1500000000000004,0.5999999999999996,5.0,10.0,0,2,25,2,8,0,0,19,8,0
2000974,0.0,0.05,0.75,2.198515624999999,2.199999999999999,0.0014843750000000009,1,1.484375,0.953125,0.125,0.140625,0.0,0.48437499999999983,0.5609374999999994,0.7147776840641088,0.05003068289178865,0.22126354086580602,0.05,-2.3,4.5,6.0,11.0,0,3,14,1,3,0,3,23,17,0
2000975,1.0,0.05,0.75,0.8178125000000014,0.8500000000000014,0.03218750000000001,-8,32.1875,5.03125,0.21875,0.09375,0.0,0.4593749999999998,0.6171874999999994,0.9727079985306907,0.0658955441074453,0.9693336731589661,0.05000000000000001,-0.9999999999999996,1.85,8.0,12.0,0,0,6,0,2,0,4,35,17,0
2000976,1.0,0.05,0.75,-0.02028125000000001,0.0,0.02028125000000001,-7,20.28125,4.125,0.1875,0.078125,0.0,0.4374999999999998,0.6078124999999993,0.910344854460831,0.050336521902070164,0.9079130732065301,0.04999999999999999,-0.5,0.5000000000000004,2.0,15.0,0,1,7,0,2,0,8,33,13,0
2000977,0.0,0.05,0.75,7.421874999999999,7.449999999999999,0.028124999999999994,-8,28.125,4.40625,0.21875,0.09375,0.0,0.534375,0.4789062499999999,0.3181602635320481,0.05035444231932998,0.20027219901426138,0.05,-1.8,9.25,6.0,14.0,0,1,31,2,6,1,0,10,13,0
2000978,1.0,0.05,0.75,-0.2718593750000009,-0.2500000000000009,0.021859375,-7,21.859375,4.140625,0.15625,0.046875,0.0,0.4406249999999997,0.5984374999999994,0.9528886792923758,0.05008219189042334,0.9520375108310111,0.05,-0.6500000000000001,0.40000000000000036,4.0,9.0,0,1,7,0,6,0,7,30,13,0
2000979,1.0,0.05,0.75,-2.060546875,-2.0,0.060546875,-11,60.546875,6.921875,0.21875,0.046875,0.0,0.43749999999999983,0.5984374999999994,0.9493811954724113,0.05070540898491879,0.9491074664049926,0.05,-1.15,-0.8500000000000001,6.0,11.0,0,2,6,0,6,0,8,28,14,0
2000980,0.0,0.05,0.75,8.964671875,9.0,0.035328125000000016,-10,35.328125,5.046875,0.25,0.09375,0.0,0.5125000000000002,0.4414062500000003,0.09801165399409661,0.05115145855701698,0.04279554862525533,0.049999999999999996,-1.0,9.999999999999998,4.0,18.0,2,2,36,1,8,0,0,12,3,0
2000981,0.0,0.05,0.75,6.289203125,6.3,0.010796875000000006,-3,10.796875,2.890625,0.1875,0.140625,0.0,0.5343750000000004,0.45078125000000024,0.02111845870926107,0.05126975497711309,0.0006164637756053596,0.05,-0.49999999999999994,6.799999999999997,5.0,16.0,0,2,36,1,7,1,0,10,7,0
2000982,0.0,0.05,0.75,5.09078125,5.1,0.009218750000000006,-2,9.21875,2.59375,0.15625,0.125,0.0,0.4812499999999999,0.6031249999999994,0.8481867437503532,0.050494822228352075,0.7316763347065656,0.05000000000000001,-1.1500000000000001,6.249999999999999,3.0,15.0,0,1,9,0,0,0,2,33,19,0
2000983,1.0,0.05,0.75,0.04374999999999982,0.04999999999999982,0.006250000000000005,-5,6.25,2.09375,0.140625,0.0625,0.0,0.4531249999999996,0.5609374999999995,0.8646339348264496,0.050012843607797605,0.8522027634006741,0.05,-0.8000000000000003,0.8500000000000001,4.0,9.0,0,1,15,1,5,0,4,31,7,0
2000984,0.0,0.05,0.75,3.948625,3.9499999999999997,0.0013750000000000008,-2,1.375,0.875,0.140625,0.109375,0.0,0.5218750000000002,0.4695312500000002,0.2126087399627201,0.05001691321344851,0.021112213413017007,0.049999999999999996,-0.45,4.3999999999999995,3.0,13.0,0,0,32,1,10,2,0,13,6,0
2000985,1.0,0.05,0.75,-0.18837500000000035,-0.15000000000000036,0.038375000000000006,-9,38.375,5.375,0.21875,0.078125,0.0,0.44374999999999987,0.6101562499999994,0.9428470945120367,0.05292611104571501,0.9412196897433053,0.05,-0.8499999999999999,0.7000000000000002,5.0,14.0,0,0,5,0,7,0,4,35,13,0
2000986,1.0,0.05,0.75,0.992078125,1.0,0.007921875000000004,-3,7.921875,2.421875,0.125,0.078125,0.0,0.47812499999999986,0.5632812499999995,0.6288816321353872,0.050003881222258566,0.5564461278621659,0.05,-0.2999999999999998,1.2999999999999998,2.0,11.0,0,3,13,0,5,0,2,27,14,0
2000987,1.0,0.05,0.75,-2.4366250000000003,-2.4000000000000004,0.03662500000000002,-11,36.625,5.15625,0.171875,0.0,0.0,0.4312499999999997,0.5890624999999994,0.9787601595589023,0.05010486135969836,0.9787214015825715,0.05,-1.1499999999999997,-1.25,5.0,6.0,0,2,8,0,6,0,8,30,10,0
2000988,1.0,0.05,0.75,-0.17146874999999948,-0.14999999999999947,0.021468750000000005,-6,21.46875,4.28125,0.15625,0.0625,0.0,0.4343749999999997,0.6031249999999995,0.8977137706722831,0.05004166442376789,0.895189607862543,0.05000000000000001,-0.7999999999999998,0.65,5.0,9.0,0,0,6,2,6,0,5,33,12,0
2000989,1.0,0.05,0.75,-0.527,-0.5,0.027000000000000007,-9,27.0,4.5,0.21875,0.078125,0.0,0.4687499999999999,0.5867187499999994,0.9575563894167136,0.05300850661375957,0.9555042929820194,0.05000000000000001,-0.6499999999999999,0.15000000000000002,3.0,16.0,0,0,10,2,5,0,1,31,15,0
2000990,1.0,0.05,0.75,0.5333281250000007,0.5500000000000007,0.016671875000000006,-5,16.671875,3.765625,0.15625,0.078125,0.0,0.45937499999999987,0.6078124999999994,0.7016418660594935,0.05001663612423891,0.6943923497170684,0.05,-0.2999999999999998,0.8499999999999999,2.0,13.0,0,1,5,0,6,0,3,32,17,0
2000991,0.0,0.05,0.75,5.641078124999999,5.6499999999999995,0.008921875000000006,-5,8.921875,2.609375,0.203125,0.125,0.0,0.5218750000000002,0.44609375000000046,0.26532152387153574,0.050530909156163345,0.03153712043195101,0.05,-0.09999999999999998,5.749999999999999,2.0,19.0,0,4,35,0,9,0,0,12,4,0
2000992,1.0,0.05,0.75,-0.7745781249999991,-0.7499999999999991,0.024578125000000006,-8,24.578125,4.484375,0.1875,0.0625,0.0,0.4374999999999997,0.5890624999999995,0.9152047745912737,0.050145732725157474,0.9138783089393104,0.049999999999999996,-0.40000000000000013,-0.3500000000000003,2.0,14.0,0,0,8,1,9,0,4,33,9,0
2000993,0.0,0.05,0.75,1.1965312499999998,1.1999999999999997,0.0034687500000000026,1,3.46875,1.65625,0.09375,0.109375,0.0,0.490625,0.5445312499999997,0.451412515074995,0.05000170525620772,0.18101933352774616,0.05,-1.7,2.8999999999999995,4.0,9.0,0,1,17,0,9,0,4,17,16,0
2000994,1.0,0.05,0.75,1.3404374999999988,1.3499999999999988,0.009562500000000007,-5,9.5625,2.5625,0.171875,0.09375,0.0,0.47812499999999974,0.6031249999999994,0.8526290751026661,0.05040204238797316,0.829419042907833,0.05,-0.25,1.600000000000001,1.0,16.0,0,0,10,0,0,0,4,31,19,0
2000995,0.0,0.05,0.75,6.776406249999999,6.799999999999999,0.023593750000000014,-8,23.59375,3.8125,0.171875,0.046875,0.0,0.5625000000000004,0.3898437500000001,0.21462017919270326,0.05004988303707634,0.04663916247783697,0.05,-0.14999999999999997,6.949999999999999,3.0,11.0,0,4,48,1,5,1,0,1,4,0
2000996,0.0,0.05,0.75,7.529984374999999,7.549999999999999,0.02001562500000001,-8,20.015625,3.578125,0.203125,0.078125,0.0,0.5500000000000003,0.3992187500000001,0.2052683174790411,0.050612896720191286,0.02972691230242365,0.05,-0.09999999999999998,7.65,2.0,16.0,0,2,47,2,7,0,0,3,3,0
2000997,0.0,0.05,0.75,4.147328125,4.1499999999999995,0.0026718750000000015,-1,2.671875,1.328125,0.140625,0.125,0.0,0.5343750000000006,0.42500000000000004,0.5607013288200006,0.05012154229456831,0.009224617352898803,0.05000000000000001,-0.14999999999999997,4.299999999999999,3.0,14.0,0,2,42,1,5,2,4,4,4,0
2000998,0.0,0.05,0.75,4.034859375000001,4.050000000000001,0.015140625000000012,-1,15.140625,3.609375,0.15625,0.140625,0.0,0.4281249999999998,0.6078124999999995,0.6484887048917262,0.050174840089570835,0.44492000923259317,0.05,-0.9000000000000001,4.949999999999999,2.0,17.0,0,1,7,1,1,0,5,41,8,0
2000999,1.0,0.05,0.75,0.4369999999999993,0.4499999999999993,0.01300000000000001,-5,13.0,3.1875,0.140625,0.0625,0.0,0.4468749999999998,0.6124999999999994,0.8252807518176952,0.05001527202383914,0.8210098126543979,0.05,-0.5999999999999996,1.0500000000000003,4.0,9.0,0,0,6,1,3,0,2,40,12,0
2001000,0.0,0.05,0.75,4.483109375,4.5,0.016890625000000003,-3,16.890625,3.546875,0.171875,0.125,0.0,0.4937499999999998,0.5656249999999996,0.46546019437898406,0.05004939822323889,0.33380197414443574,0.05,-1.35,5.85,3.0,16.0,0,0,17,0,2,0,1,30,14,0
2001001,1.0,0.05,0.75,-2.3805937500000014,-2.3500000000000014,0.030593750000000003,-11,30.59375,3.78125,0.203125,0.03125,0.0,0.5250000000000001,0.4414062499999998,0.43223345992948875,0.05014648094255947,0.3671687025661057,0.05,-0.95,-1.4000000000000006,3.0,12.0,0,6,33,0,11,0,0,7,7,0
2001002,1.0,0.05,0.75,0.47495312500000175,0.5000000000000018,0.025046875000000014,-8,25.046875,4.296875,0.203125,0.078125,0.0,0.4499999999999998,0.5984374999999994,0.9642664052425138,0.053043706352180156,0.9623737519248792,0.05000000000000001,-0.30000000000000004,0.8,4.0,14.0,0,0,10,0,2,0,8,30,14,0
2001003,1.0,0.05,0.75,-1.022015625,-1.0,0.02201562500000001,-10,22.015625,3.984375,0.203125,0.046875,0.0,0.41249999999999976,0.6195312499999993,0.952168916048137,0.050697020627790364,0.9519221947504811,0.05,-0.5999999999999999,-0.4,4.0,12.0,0,0,3,1,6,0,7,38,9,0
2001004,1.0,0.05,0.75,1.4874375000000009,1.5000000000000009,0.01256250000000001,-5,12.5625,3.1875,0.171875,0.09375,0.0,0.45000000000000007,0.6148437499999994,0.8968538082848836,0.05040135869554338,0.8882918261792295,0.05,-0.19999999999999996,1.7000000000000002,2.0,15.0,0,1,5,1,2,0,2,39,14,0
2001005,1.0,0.05,0.75,2.3984843749999993,2.3999999999999995,0.001515625000000001,-1,1.515625,1.015625,0.140625,0.125,0.0,0.49375000000000013,0.5117187499999999,0.8406566524656037,0.05010144423848576,0.3351885027951066,0.05,-0.9000000000000001,3.3000000000000003,4.0,13.0,0,1,24,1,8,0,2,19,9,0
2001006,0.0,0.05,0.75,5.994828125,6.0,0.005171875000000001,-4,5.171875,1.640625,0.171875,0.109375,0.0,0.5562500000000001,0.4296874999999999,0.2111825453244885,0.050218747516424155,0.00875231852482014,0.049999999999999996,-0.75,6.75,4.0,14.0,0,1,41,0,9,1,0,4,8,0
2001007,0.0,0.05,0.75,3.795265625,3.8,0.004734375000000003,-3,4.734375,1.890625,0.140625,0.09375,0.0,0.4624999999999997,0.5703124999999996,0.6659228045594572,0.05000771070810669,0.6053582357038321,0.05,-0.45,4.25,1.0,14.0,0,1,11,0,10,0,2,29,11,0
2001008,1.0,0.05,0.75,0.8392187499999988,0.8499999999999988,0.010781250000000006,-6,10.78125,2.75,0.203125,0.109375,0.0,0.45312499999999956,0.5632812499999994,0.7719636398437381,0.05145736252341497,0.7021037970978772,0.05,-0.7499999999999998,1.5999999999999999,4.0,16.0,0,0,14,0,9,0,2,34,5,0
2001009,1.0,0.05,0.75,-1.5643593750000018,-1.5000000000000018,0.06435937500000002,-12,64.359375,7.296875,0.21875,0.03125,0.0,0.4531250000000001,0.6289062499999993,0.9914762909338489,0.05683613225344156,0.9912268460664951,0.049999999999999996,-0.3999999999999999,-1.0999999999999996,4.0,12.0,0,1,2,0,3,0,2,39,17,0
2001010,1.0,0.05,0.75,2.682296875000001,2.700000000000001,0.017703125000000007,-4,17.703125,3.921875,0.1875,0.125,0.0,0.4593749999999998,0.6171874999999993,0.9692315180117791,0.061733978996137924,0.9521662349662668,0.05,-0.30000000000000004,3.0,4.0,16.0,0,0,7,0,0,0,3,39,15,0
2001011,1.0,0.05,0.75,2.3968125000000002,2.4000000000000004,0.003187500000000002,-3,3.1875,1.46875,0.171875,0.125,0.0,0.4624999999999998,0.5890624999999995,0.9269558041196994,0.05183959655217848,0.8534849265355657,0.05000000000000001,-0.3999999999999999,2.8,4.0,15.0,1,0,11,0,2,0,3,34,13,0
2001012,1.0,0.05,0.75,1.042249999999999,1.049999999999999,0.007750000000000005,-4,7.75,2.40625,0.15625,0.09375,0.0,0.5437500000000002,0.46249999999999997,0.35918687339278865,0.05004638390745567,0.06689981267099541,0.04999999999999999,-1.5000000000000002,2.5499999999999994,4.0,12.0,0,2,35,1,5,0,0,9,12,0
2001013,1.0,0.05,0.75,0.7932656249999999,0.7999999999999998,0.006734375000000005,-3,6.734375,2.390625,0.125,0.078125,0.0,0.4531249999999997,0.6031249999999995,0.7309891103711401,0.05000372269789132,0.7142506690938232,0.05,-0.7,1.4999999999999998,4.0,9.0,0,0,7,2,4,0,4,31,16,0
2001014,1.0,0.05,0.75,0.5913281249999996,0.5999999999999996,0.008671875000000004,-4,8.671875,2.546875,0.15625,0.09375,0.0,0.4499999999999997,0.5632812499999996,0.5902036317506053,0.05001420236760928,0.5304619579436608,0.05,-0.6499999999999999,1.2499999999999998,3.0,13.0,0,2,12,1,8,0,2,32,7,0
2001015,1.0,0.05,0.75,-1.1072500000000007,-1.0500000000000007,0.057250000000000016,-12,57.25,6.875,0.25,0.0625,0.0,0.49374999999999986,0.5609374999999994,0.9577477579289437,0.07212006467283483,0.952743821378652,0.05,-0.5000000000000002,-0.5500000000000003,4.0,16.0,0,0,15,0,7,1,0,27,14,0
2001016,1.0,0.05,0.75,2.9448125000000003,2.95,0.005187500000000004,-2,5.1875,2.09375,0.15625,0.125,0.0,0.45312499999999983,0.5914062499999996,0.8540501259972582,0.05048058106860935,0.7095501118767159,0.05,-0.34999999999999987,3.3000000000000003,3.0,15.0,0,0,8,0,9,0,2,34,11,0
2001017,1.0,0.05,0.75,-1.8328125000000017,-1.7500000000000018,0.08281250000000001,-13,82.8125,8.40625,0.234375,0.03125,0.0,0.465625,0.6171874999999993,0.9964095242409403,0.07590019848892293,0.9959889107333628,0.05,-0.25,-1.4999999999999996,3.0,14.0,1,0,5,0,2,0,4,31,21,0
2001018,0.0,0.05,0.75,1.7942812499999994,1.7999999999999994,0.0057187500000000025,2,5.71875,1.90625,0.125,0.15625,0.0,0.5031250000000003,0.5070312500000003,0.3954737994989567,0.05006162874832166,0.020623200381629656,0.05,-0.75,2.55,3.0,15.0,0,1,24,0,11,0,0,19,9,0
2001019,0.0,0.05,0.75,9.338765625,9.350000000000001,0.011234375000000008,-8,11.234375,2.390625,0.25,0.125,0.0,0.5718750000000005,0.3687500000000003,0.006184439679123631,0.05211427249453693,9.975205357878048e-05,0.05000000000000001,-0.29999999999999993,9.65,6.0,18.0,1,4,54,0,2,0,0,1,2,0
2001020,1.0,0.05,0.75,0.2674062499999989,0.29999999999999893,0.03259375000000001,-8,32.59375,5.375,0.1875,0.0625,0.0,0.41874999999999984,0.6312499999999993,0.9590130959395934,0.05106198527997727,0.9584679326513833,0.05,-0.6499999999999999,0.9500000000000006,3.0,13.0,0,0,2,0,4,0,6,42,10,0
2001021,1.0,0.05,0.75,4.24490625,4.25,0.005093750000000003,0,5.09375,1.875,0.171875,0.171875,0.0,0.4437499999999999,0.6124999999999994,0.7437675794999125,0.051688874244240894,0.3458968645695461,0.05,-1.0999999999999996,5.3500000000000005,6.0,16.0,0,2,5,1,1,0,0,45,10,0
2001022,0.0,0.05,0.75,9.380218750000001,9.4,0.019781250000000007,-10,19.78125,3.125,0.234375,0.078125,0.0,0.5437500000000002,0.40156250000000004,0.15238660138437185,0.05453879563297289,0.028061960580710508,0.049999999999999996,-0.09999999999999998,9.5,2.0,18.0,0,3,45,1,9,0,0,4,2,0
2001023,1.0,0.05,0.75,0.980421875,1.0,0.019578125,-6,19.578125,4.078125,0.171875,0.078125,0.0,0.43749999999999994,0.6265624999999994,0.9171345479189676,0.05035080756175039,0.9146117773399156,0.05,-0.4999999999999998,1.5000000000000004,4.0,12.0,0,0,3,0,4,0,5,38,14,0
