episode,value,alpha,p,objective,profit,penalty,terminal_inventory,mean_q2,mean_abs_inventory,buy_rate,sell_rate,abstain_rate,mean_spread,mean_center,inferred_value,inferred_alpha,correct_value,correct_alpha,informed_profit,uninformed_profit,informed_exec,uninformed_exec,action_0,action_1,action_2,action_3,action_4,action_5,action_6,action_7,action_8,action_9
14000000,0.0,0.05,0.75,3.7976875000000008,3.8000000000000007,0.002312500000000001,1,2.3125,1.0625,0.140625,0.15625,0.0,0.5062500000000001,0.52578125,0.21428830448060343,0.05083866306660616,0.21428830448060343,0.05083866306660616,-1.2499999999999998,5.050000000000001,5.0,14.0,2,7,1,5,7,21,0,2,19,0
14000001,1.0,0.3,0.75,-1.2667500000000114,-1.0500000000000114,0.21675000000000003,-25,216.75,12.96875,0.421875,0.03125,0.0,0.5968750000000007,0.6289062499999993,1.0,0.2999999998902229,1.0,0.2999999998902229,-1.8500000000000008,0.7999999999999998,25.0,4.0,0,1,0,0,0,7,0,0,56,0
14000002,1.0,0.3,0.5,5.452390624999986,5.5499999999999865,0.09760937499999997,-13,97.609375,8.890625,0.375,0.171875,0.015625,0.5968253968253975,0.6309523809523803,1.0000000000000002,0.2999999999756933,1.0000000000000002,0.2999999999756933,-1.600000000000001,7.150000000000001,23.0,12.0,0,0,1,0,0,6,0,1,55,1
14000003,1.0,0.05,0.75,0.3372656249999996,0.34999999999999964,0.012734375000000003,-8,12.734375,2.453125,0.203125,0.078125,0.0,0.5625000000000006,0.5914062499999995,0.9769413482463827,0.05367422424984623,0.9769413482463827,0.05367422424984623,-0.15000000000000013,0.49999999999999967,3.0,15.0,0,7,1,1,0,8,1,1,45,0
14000004,0.0,0.3,0.25,-2.1990156249999995,-2.0999999999999996,0.099015625,16,99.015625,8.359375,0.0625,0.3125,0.03125,0.545161290322581,0.4951612903225808,0.0011890313904582527,0.2815539514087937,0.0011890313904582527,0.2815539514087937,-3.3000000000000003,1.2,15.0,9.0,0,4,7,4,2,36,0,3,6,2
14000005,1.0,0.05,0.75,2.0929218750000005,2.1000000000000005,0.007078125000000005,-3,7.078125,2.515625,0.140625,0.09375,0.015625,0.5777777777777783,0.6071428571428565,0.9267781491227376,0.05014301623512425,0.9267781491227376,0.05014301623512425,-0.6000000000000001,2.6999999999999997,4.0,11.0,0,3,0,1,0,11,0,2,46,1
14000006,1.0,0.05,0.25,6.945984375,6.95,0.004015625000000002,5,4.015625,1.578125,0.109375,0.1875,0.015625,0.5523809523809529,0.5499999999999997,0.36005596914872046,0.05558048669184263,0.36005596914872046,0.05558048669184263,-0.25,7.199999999999998,2.0,17.0,0,5,2,3,1,24,1,1,26,1
14000007,1.0,0.3,0.75,-0.8349062500000064,-0.7000000000000064,0.13490625,-19,134.90625,10.03125,0.3125,0.015625,0.0,0.5937500000000007,0.6312499999999993,0.9999999999992543,0.2999985526237652,0.9999999999992543,0.2999985526237652,-0.8500000000000008,0.1499999999999999,17.0,4.0,0,0,1,0,0,6,1,0,56,0
14000008,0.0,0.3,0.75,1.6446874999999996,1.6499999999999997,0.005312500000000001,5,5.3125,1.53125,0.09375,0.171875,0.03125,0.5677419354838713,0.5314516129032257,0.04126717771882803,0.059793518449265434,0.04126717771882803,0.059793518449265434,-2.45,4.1000000000000005,11.0,6.0,1,3,5,1,3,27,0,0,22,2
14000009,1.0,0.05,0.75,0.8965,0.8999999999999999,0.0035000000000000027,-2,3.5,1.59375,0.078125,0.046875,0.03125,0.5870967741935489,0.5967741935483867,0.7434727911291062,0.05000045677288415,0.7434727911291062,0.05000045677288415,0.0,0.8999999999999997,0.0,8.0,0,1,1,0,2,16,0,1,41,2
14000010,0.0,0.3,0.5,-0.6854687500000001,-0.5,0.18546875000000007,20,185.46875,12.09375,0.09375,0.40625,0.03125,0.5774193548387101,0.46612903225806473,1.1589895871292362e-08,0.2999984975958278,1.1589895871292362e-08,0.2999984975958278,-4.200000000000001,3.7,23.0,9.0,0,5,11,1,0,43,0,0,2,2
14000011,0.0,0.3,0.5,-1.571390625,-1.45,0.12139062500000002,20,121.390625,9.203125,0.078125,0.390625,0.0,0.5843750000000006,0.4859375000000002,7.3758730792884e-07,0.2999554739299447,7.3758730792884e-07,0.2999554739299447,-3.8500000000000005,2.3999999999999995,19.0,11.0,1,3,9,0,0,44,0,0,7,0
14000012,0.0,0.05,0.25,-2.2324218749999996,-2.1999999999999997,0.03242187500000001,10,32.421875,5.015625,0.015625,0.171875,0.03125,0.5193548387096775,0.521774193548387,0.03810102009169205,0.05032431384478405,0.03810102009169205,0.05032431384478405,-0.04999999999999999,-2.15,1.0,11.0,0,5,2,4,4,31,2,4,10,2
14000013,1.0,0.05,0.5,5.246187499999999,5.249999999999999,0.0038125000000000017,4,3.8125,1.3125,0.09375,0.15625,0.0,0.5562500000000005,0.5726562499999996,0.8722461296339672,0.05002340260150819,0.8722461296339672,0.05002340260150819,-0.45000000000000007,5.699999999999999,2.0,14.0,0,3,2,2,1,20,3,0,33,0
14000014,1.0,0.3,0.75,2.6973437499999964,2.7499999999999964,0.05265625000000001,-11,52.65625,5.875,0.28125,0.109375,0.015625,0.5777777777777784,0.6095238095238088,0.9999999837928633,0.29995238117432466,0.9999999837928633,0.29995238117432466,-1.7000000000000004,4.449999999999999,17.0,8.0,0,2,0,0,0,13,2,1,45,1
14000015,1.0,0.3,0.25,3.651562499999996,3.6999999999999957,0.048437499999999994,-10,48.4375,6.34375,0.28125,0.125,0.015625,0.5968253968253975,0.6214285714285708,0.9999999986657966,0.2999902819113453,0.9999999986657966,0.2999902819113453,-1.3000000000000005,5.0,17.0,9.0,0,0,0,0,0,12,0,1,50,1
14000016,0.0,0.3,0.25,-2.0903906249999995,-1.9999999999999996,0.090390625,17,90.390625,8.015625,0.046875,0.3125,0.0,0.5593750000000004,0.4648437500000002,0.0005706395696915243,0.27664610587054883,0.0005706395696915243,0.27664610587054883,-3.5500000000000003,1.5500000000000003,16.0,7.0,0,7,11,2,1,40,0,1,2,0
14000017,1.0,0.05,0.75,0.7441875,0.75,0.005812500000000004,-5,5.8125,1.9375,0.125,0.046875,0.015625,0.574603174603175,0.5999999999999995,0.945013666040969,0.050031397553690134,0.945013666040969,0.050031397553690134,0.0,0.7499999999999998,0.0,11.0,0,2,1,1,1,13,0,3,42,1
14000018,1.0,0.05,0.5,2.995109375,3.0,0.004890625000000003,-1,4.890625,1.984375,0.125,0.109375,0.046875,0.5606557377049185,0.5885245901639342,0.8910060760906269,0.05014732582302429,0.8910060760906269,0.05014732582302429,-0.9500000000000002,3.9499999999999997,7.0,8.0,2,0,1,2,1,16,1,1,37,3
14000019,1.0,0.05,0.75,1.5377500000000006,1.5500000000000007,0.01225000000000001,-5,12.25,3.09375,0.15625,0.078125,0.0,0.5718750000000004,0.5820312499999997,0.9651587727150269,0.05054865838522929,0.9651587727150269,0.05054865838522929,-0.20000000000000018,1.75,4.0,11.0,0,8,1,0,0,11,0,1,43,0
14000020,0.0,0.05,0.5,0.44696875000000014,0.4500000000000001,0.0030312500000000005,5,3.03125,1.15625,0.0625,0.140625,0.046875,0.5213114754098362,0.519672131147541,0.24559987219785506,0.05012413389099027,0.24559987219785506,0.05012413389099027,-0.44999999999999996,0.9000000000000001,2.0,11.0,1,7,0,4,3,30,1,2,13,3
14000021,0.0,0.05,0.25,-2.8028750000000002,-2.75,0.05287500000000003,12,52.875,6.5625,0.015625,0.203125,0.015625,0.5333333333333335,0.49523809523809514,0.06840241605708516,0.050258125776137585,0.06840241605708516,0.050258125776137585,-0.5,-2.25,2.0,12.0,0,8,6,5,1,31,0,2,10,1
14000022,1.0,0.3,0.75,2.453515625,2.5,0.04648437500000001,-9,46.484375,6.234375,0.25,0.109375,0.015625,0.5873015873015879,0.6142857142857137,0.9999960904176834,0.29759497140713753,0.9999960904176834,0.29759497140713753,-2.05,4.549999999999999,16.0,7.0,0,2,0,1,0,10,0,0,50,1
14000023,1.0,0.05,0.5,3.248968750000001,3.250000000000001,0.0010312500000000007,-2,1.03125,0.78125,0.1875,0.15625,0.0,0.5187500000000002,0.5562499999999997,0.56194773722138,0.051290858588871585,0.56194773722138,0.051290858588871585,-0.25,3.5,2.0,20.0,0,11,0,1,2,15,4,3,28,0
14000024,1.0,0.3,0.25,4.839390624999991,4.8999999999999915,0.06060937500000003,-13,60.609375,6.609375,0.359375,0.15625,0.0,0.6000000000000008,0.6242187499999994,0.9999999999999852,0.2999999983529544,0.9999999999999852,0.2999999983529544,-1.8500000000000005,6.75,22.0,11.0,0,0,0,0,0,11,0,0,53,0
14000025,1.0,0.05,0.25,7.468640625,7.5,0.03135937500000002,8,31.359375,4.984375,0.0625,0.1875,0.03125,0.5516129032258068,0.5120967741935484,0.4442596879464075,0.05044760442237037,0.4442596879464075,0.05044760442237037,-0.25,7.75,2.0,14.0,0,5,4,4,2,33,0,0,14,2
14000026,1.0,0.05,0.5,6.78953125,6.8,0.010468750000000008,5,10.46875,2.65625,0.09375,0.171875,0.046875,0.5409836065573774,0.5295081967213112,0.2866512422481399,0.0534013375224634,0.2866512422481399,0.0534013375224634,-0.25,7.05,1.0,16.0,0,3,4,2,0,33,4,3,12,3
14000027,1.0,0.3,0.75,0.046484374999985784,0.2499999999999858,0.203515625,-25,203.515625,12.171875,0.4375,0.046875,0.0,0.6000000000000008,0.6359374999999993,1.0000000000000002,0.29999999999789595,1.0000000000000002,0.29999999999789595,-1.350000000000001,1.5999999999999996,24.0,7.0,0,0,0,0,0,6,0,0,58,0
14000028,1.0,0.3,0.5,1.4995937499999936,1.5499999999999936,0.050406250000000014,-16,50.40625,5.875,0.328125,0.078125,0.0,0.5843750000000006,0.6312499999999993,0.9999999999997027,0.2999997826412056,0.9999999999997027,0.2999997826412056,-1.5000000000000007,3.05,19.0,7.0,0,1,0,0,0,6,1,2,54,0
14000029,0.0,0.3,0.75,4.81015625,4.8500000000000005,0.03984375000000001,8,39.84375,5.46875,0.203125,0.328125,0.015625,0.5587301587301591,0.5047619047619047,6.380651582442792e-05,0.299970596261327,6.380651582442792e-05,0.299970596261327,-4.300000000000001,9.149999999999999,19.0,15.0,0,6,2,0,3,42,1,2,7,1
14000030,0.0,0.05,0.25,-0.6613124999999996,-0.5999999999999996,0.061312500000000006,10,61.3125,7.125,0.109375,0.265625,0.0,0.5312500000000004,0.48828125000000017,0.03538192886601217,0.19167956874049416,0.03538192886601217,0.19167956874049416,-0.9000000000000001,0.30000000000000043,3.0,21.0,2,6,4,3,4,38,1,0,6,0
14000031,0.0,0.3,0.25,-5.827031250000002,-5.400000000000002,0.4270312499999999,37,427.03125,17.21875,0.03125,0.609375,0.0,0.5906250000000007,0.47421875000000013,1.6770238948925815e-17,0.2999999999962147,1.6770238948925815e-17,0.2999999999962147,-5.000000000000001,-0.4,29.0,12.0,0,3,9,0,0,51,0,0,1,0
14000032,1.0,0.05,0.75,1.3896093750000003,1.4000000000000004,0.010390625000000007,-2,10.390625,3.078125,0.09375,0.0625,0.03125,0.5806451612903233,0.6112903225806445,0.7193224214253077,0.050001454851923186,0.7193224214253077,0.050001454851923186,-0.050000000000000044,1.4499999999999997,1.0,9.0,0,1,0,1,0,13,1,1,45,2
14000033,0.0,0.05,0.75,5.5975625,5.6000000000000005,0.0024375000000000013,-3,2.4375,1.21875,0.171875,0.125,0.015625,0.536507936507937,0.5833333333333329,0.6571891091084698,0.05046628778939473,0.6571891091084698,0.05046628778939473,-1.05,6.6499999999999995,3.0,16.0,1,2,0,2,4,16,1,6,31,1
14000034,1.0,0.3,0.75,0.23442187499998857,0.44999999999998863,0.21557812500000006,-24,215.578125,13.328125,0.4375,0.0625,0.0,0.6000000000000008,0.6312499999999993,1.0,0.2999999999890287,1.0,0.2999999999890287,-2.1000000000000005,2.55,27.0,5.0,0,0,0,0,0,8,0,0,56,0
14000035,1.0,0.05,0.5,3.3492343750000004,3.3500000000000005,0.0007656250000000005,-2,0.765625,0.609375,0.171875,0.140625,0.0,0.5250000000000002,0.5328124999999999,0.7801298716355961,0.05123363971911566,0.7801298716355961,0.05123363971911566,-0.8,4.15,5.0,15.0,2,11,2,1,3,16,1,2,26,0
14000036,0.0,0.3,0.25,-6.048937500000003,-5.8000000000000025,0.24893749999999998,27,248.9375,13.5,0.0,0.421875,0.015625,0.5777777777777783,0.46904761904761916,3.226944969004517e-08,0.29996528914018233,3.226944969004517e-08,0.29996528914018233,-4.000000000000001,-1.8,20.0,7.0,0,4,11,1,0,45,0,1,1,1
14000037,0.0,0.05,0.5,-0.0028593750000003903,-3.885780586188048e-16,0.0028593750000000017,3,2.859375,1.234375,0.046875,0.09375,0.0625,0.5533333333333338,0.55,0.5506633038578146,0.05000132395545598,0.5506633038578146,0.05000132395545598,-0.35000000000000003,0.34999999999999964,1.0,8.0,1,4,3,2,0,22,1,2,25,4
14000038,1.0,0.05,0.75,2.7494843749999998,2.7499999999999996,0.0005156250000000003,0,0.515625,0.515625,0.09375,0.09375,0.015625,0.5650793650793656,0.5785714285714283,0.3366542017412802,0.05000313665583829,0.3366542017412802,0.05000313665583829,-0.050000000000000044,2.7999999999999994,1.0,11.0,0,3,2,2,0,18,1,2,35,1
14000039,0.0,0.3,0.75,0.6364843750000004,0.7500000000000004,0.113515625,16,113.515625,9.515625,0.125,0.375,0.015625,0.5650793650793655,0.47619047619047633,6.650716797686207e-06,0.2999702999486099,6.650716797686207e-06,0.2999702999486099,-4.850000000000001,5.599999999999999,22.0,10.0,0,5,7,2,2,45,0,0,2,1
14000040,0.0,0.05,0.5,-0.11996874999999987,-0.09999999999999987,0.01996875000000001,6,19.96875,4.0,0.0625,0.15625,0.015625,0.5396825396825398,0.5,0.22332042138377575,0.050093601317483166,0.22332042138377575,0.050093601317483166,-1.0,0.9000000000000004,4.0,10.0,0,8,5,2,1,34,1,4,8,1
14000041,1.0,0.05,0.25,6.53578125,6.550000000000001,0.01421875000000001,8,14.21875,3.28125,0.0625,0.1875,0.015625,0.5174603174603176,0.5309523809523807,0.5304960543149247,0.050098890084521015,0.5304960543149247,0.050098890084521015,-0.050000000000000044,6.6,1.0,15.0,0,10,3,1,3,20,2,7,17,1
14000042,0.0,0.3,0.75,-1.4275625000000005,-1.1500000000000006,0.27756250000000005,25,277.5625,15.3125,0.09375,0.484375,0.015625,0.5809523809523814,0.4666666666666669,2.585266335485475e-12,0.2999999968511673,2.585266335485475e-12,0.2999999968511673,-5.000000000000001,3.85,29.0,8.0,0,6,8,0,0,49,0,0,0,1
14000043,0.0,0.3,0.75,1.7661718750000017,1.8000000000000018,0.03382812500000001,12,33.828125,4.640625,0.125,0.3125,0.03125,0.5419354838709679,0.47580645161290347,6.516656273198657e-05,0.29979714208220637,6.516656273198657e-05,0.29979714208220637,-3.3,5.1,17.0,11.0,1,11,5,2,0,36,0,1,6,2
14000044,1.0,0.3,0.5,2.312796874999998,2.349999999999998,0.03720312500000001,-11,37.203125,5.359375,0.265625,0.09375,0.015625,0.590476190476191,0.6095238095238089,0.9999999431548519,0.29979607171866807,0.9999999431548519,0.29979607171866807,-1.0000000000000004,3.3499999999999996,14.0,9.0,0,3,0,0,0,11,0,0,49,1
14000045,0.0,0.05,0.25,-1.673078125,-1.65,0.023078125000000012,10,23.078125,4.078125,0.046875,0.203125,0.046875,0.5180327868852461,0.5147540983606557,0.11371071618323242,0.05189039000581387,0.11371071618323242,0.05189039000581387,-0.29999999999999993,-1.35,2.0,14.0,0,9,6,2,1,22,3,5,13,3
14000046,1.0,0.05,0.5,4.345,4.35,0.005000000000000004,4,5.0,1.84375,0.078125,0.140625,0.015625,0.49841269841269864,0.5357142857142857,0.3903087395919462,0.05002249744788931,0.3903087395919462,0.05002249744788931,-0.19999999999999996,4.55,1.0,13.0,2,6,1,7,0,23,2,4,18,1
14000047,0.0,0.05,0.25,-0.7860625000000004,-0.7500000000000004,0.03606250000000001,7,36.0625,5.84375,0.0625,0.171875,0.015625,0.542857142857143,0.5023809523809524,0.28125757023213177,0.0500839131763053,0.28125757023213177,0.0500839131763053,-0.6000000000000001,-0.15000000000000013,3.0,12.0,1,5,6,4,0,34,0,3,10,1
14000048,1.0,0.05,0.75,0.5428906249999998,0.5499999999999998,0.007109375000000005,-3,7.109375,2.359375,0.09375,0.046875,0.0,0.5718750000000005,0.6148437499999994,0.8505468022810945,0.05000089296003754,0.8505468022810945,0.05000089296003754,-0.7500000000000001,1.2999999999999996,3.0,6.0,1,1,1,1,2,6,0,2,50,0
14000049,0.0,0.3,0.25,-1.1891250000000002,-1.0500000000000003,0.13912499999999994,17,139.125,10.84375,0.078125,0.34375,0.015625,0.574603174603175,0.47380952380952396,9.264262702602754e-06,0.2995497511938199,9.264262702602754e-06,0.2995497511938199,-3.4500000000000006,2.4,18.0,9.0,0,6,7,0,2,46,0,0,2,1
14000050,1.0,0.3,0.25,2.653343749999993,2.749999999999993,0.09665625,-18,96.65625,8.78125,0.390625,0.109375,0.0,0.5906250000000006,0.6289062499999993,0.9999999999999999,0.29999999982963677,0.9999999999999999,0.29999999982963677,-1.7500000000000009,4.5,24.0,8.0,0,1,0,0,0,7,0,2,54,0
14000051,0.0,0.05,0.25,-2.02621875,-2.0,0.026218750000000016,8,26.21875,4.15625,0.015625,0.140625,0.015625,0.5301587301587305,0.5023809523809526,0.14935182801649477,0.05000476230914891,0.14935182801649477,0.05000476230914891,0.0,-2.0,0.0,10.0,0,7,6,4,1,31,2,2,10,1
14000052,1.0,0.3,0.75,-1.2512187500000056,-1.1500000000000057,0.10121874999999998,-18,101.21875,8.46875,0.28125,0.0,0.0,0.5906250000000006,0.6289062499999992,0.9999999999497852,0.29996907097093733,0.9999999999497852,0.29996907097093733,-1.0500000000000005,-0.10000000000000009,16.0,2.0,0,1,0,0,0,7,0,2,54,0
14000053,1.0,0.05,0.25,5.138890625,5.15,0.011109375000000006,5,11.109375,2.546875,0.09375,0.171875,0.015625,0.5365079365079368,0.5333333333333332,0.555239179305387,0.05006291534071773,0.555239179305387,0.05006291534071773,-0.8499999999999999,6.0,3.0,14.0,0,6,8,1,1,19,3,5,20,1
14000054,1.0,0.3,0.25,5.328484374999998,5.349999999999998,0.021515625000000007,-8,21.515625,3.546875,0.296875,0.171875,0.0,0.5875000000000007,0.6007812499999994,0.9999999997601514,0.29999851562609514,0.9999999997601514,0.29999851562609514,-1.6500000000000006,7.000000000000002,18.0,12.0,0,3,3,0,1,8,0,0,49,0
14000055,1.0,0.3,0.5,4.006703124999991,4.099999999999991,0.09329687499999997,-14,93.296875,8.078125,0.359375,0.140625,0.0,0.5843750000000006,0.6124999999999993,0.9999999999999987,0.2999999992393227,0.9999999999999987,0.2999999992393227,-1.8500000000000008,5.949999999999999,22.0,10.0,0,2,1,1,1,8,0,0,51,0
14000056,1.0,0.3,0.75,0.5863281249999929,0.7499999999999929,0.163671875,-24,163.671875,10.984375,0.453125,0.078125,0.0,0.5906250000000007,0.6289062499999993,1.0000000000000002,0.2999999999952487,1.0000000000000002,0.2999999999952487,-1.1000000000000008,1.8499999999999999,19.0,15.0,0,0,1,0,0,7,1,1,54,0
14000057,1.0,0.3,0.25,4.635687499999996,4.699999999999996,0.06431250000000001,-14,64.3125,7.21875,0.359375,0.140625,0.0,0.6000000000000008,0.6359374999999993,1.0,0.29999999974550484,1.0,0.29999999974550484,-1.300000000000001,6.0,23.0,9.0,0,0,0,0,0,6,0,0,58,0
14000058,0.0,0.3,0.25,-3.7711718750000007,-3.5500000000000007,0.22117187500000007,24,221.171875,12.671875,0.015625,0.390625,0.0,0.5718750000000006,0.45781250000000023,1.5591073367657173e-08,0.2999725002714024,1.5591073367657173e-08,0.2999725002714024,-3.5000000000000004,-0.050000000000000044,20.0,6.0,0,7,12,1,0,43,0,0,1,0
14000059,1.0,0.3,0.25,8.290343749999998,8.299999999999999,0.009656250000000005,4,9.65625,2.875,0.1875,0.25,0.046875,0.5442622950819672,0.5049180327868853,0.8808300914067565,0.14330120447097705,0.8808300914067565,0.14330120447097705,-1.7999999999999998,10.1,8.0,20.0,0,8,6,3,1,27,0,2,14,3
14000060,1.0,0.05,0.25,6.496046875,6.5,0.003953125000000003,4,3.953125,1.609375,0.125,0.1875,0.015625,0.5111111111111111,0.5214285714285714,0.8184606371327212,0.050484369105248915,0.8184606371327212,0.050484369105248915,-1.2999999999999998,7.8,6.0,14.0,0,8,3,5,2,25,1,6,13,1
14000061,1.0,0.3,0.5,0.1976406249999843,0.39999999999998437,0.20235937500000006,-23,202.359375,12.109375,0.421875,0.0625,0.0,0.5968750000000007,0.6312499999999993,1.0,0.2999999999533537,1.0,0.2999999999533537,-1.5000000000000009,1.8999999999999997,24.0,7.0,0,1,0,0,0,6,0,0,57,0
14000062,1.0,0.05,0.25,7.72921875,7.75,0.020781250000000015,6,20.78125,4.21875,0.109375,0.203125,0.046875,0.5409836065573773,0.5073770491803277,0.7475968619051298,0.054266241803295555,0.7475968619051298,0.054266241803295555,-1.4,9.15,6.0,14.0,0,7,7,1,1,28,2,4,11,3
14000063,0.0,0.05,0.25,-2.4584374999999996,-2.3999999999999995,0.05843750000000003,12,58.4375,6.75,0.046875,0.234375,0.015625,0.5555555555555558,0.5047619047619049,0.09335278532550856,0.0526347074144242,0.09335278532550856,0.0526347074144242,-2.1,-0.29999999999999993,6.0,12.0,0,6,4,1,2,38,1,2,9,1
14000064,1.0,0.3,0.75,1.3375937499999921,1.4499999999999922,0.11240625000000001,-17,112.40625,9.375,0.34375,0.078125,0.0,0.5968750000000007,0.6265624999999994,0.999999999999065,0.2999997813840351,0.999999999999065,0.2999997813840351,-1.7500000000000007,3.1999999999999997,21.0,6.0,0,0,0,0,1,9,0,0,54,0
14000065,1.0,0.3,0.75,-1.2902500000000086,-1.1000000000000085,0.19025000000000009,-22,190.25,12.1875,0.359375,0.015625,0.0,0.6000000000000008,0.6312499999999993,0.9999999999999964,0.2999999689722005,0.9999999999999964,0.2999999689722005,-1.3500000000000005,0.24999999999999978,18.0,6.0,0,0,0,0,0,8,0,0,56,0
14000066,0.0,0.3,0.75,-1.0419843749999997,-0.9499999999999997,0.09198437499999998,16,91.984375,8.390625,0.0625,0.3125,0.015625,0.5841269841269846,0.5023809523809524,0.00011087608167775542,0.29719374136732,0.00011087608167775542,0.29719374136732,-3.6000000000000005,2.6500000000000004,17.0,7.0,0,3,5,0,1,45,0,1,8,1
14000067,0.0,0.3,0.5,2.058437500000001,2.100000000000001,0.041562500000000016,13,41.5625,4.9375,0.15625,0.359375,0.015625,0.5523809523809526,0.4690476190476194,4.393997186113404e-06,0.29998597501410473,4.393997186113404e-06,0.29998597501410473,-4.400000000000001,6.499999999999999,20.0,13.0,0,11,11,2,0,30,0,0,9,1
14000068,0.0,0.05,0.25,1.993671875,2.0,0.006328125000000004,4,6.328125,2.171875,0.078125,0.140625,0.0,0.5312500000000002,0.51640625,0.6232883732543505,0.05004386411983966,0.6232883732543505,0.05004386411983966,-0.8,2.8000000000000007,4.0,10.0,0,10,5,1,2,24,2,4,16,0
14000069,1.0,0.3,0.75,1.7579062499999942,1.8499999999999943,0.09209375000000003,-16,92.09375,7.96875,0.34375,0.09375,0.0,0.5843750000000006,0.6265624999999994,0.9999999999978574,0.29999975885249736,0.9999999999978574,0.29999975885249736,-1.8500000000000005,3.6999999999999993,21.0,7.0,0,0,0,0,0,10,2,1,51,0
14000070,0.0,0.05,0.25,-2.4475156250000003,-2.4000000000000004,0.04751562500000001,12,47.515625,6.203125,0.03125,0.21875,0.03125,0.5483870967741938,0.5120967741935485,0.04773552252217658,0.052609381494919547,0.04773552252217658,0.052609381494919547,-0.8,-1.5999999999999999,4.0,12.0,0,4,4,3,3,35,0,3,10,2
14000071,1.0,0.05,0.5,7.0459218749999994,7.05,0.004078125000000001,6,4.078125,1.390625,0.09375,0.1875,0.015625,0.5396825396825399,0.5428571428571428,0.8363777043252213,0.05022140138205067,0.8363777043252213,0.05022140138205067,-0.5,7.549999999999999,4.0,14.0,1,9,1,1,2,20,1,2,26,1
14000072,0.0,0.3,0.25,-1.013734375,-0.9000000000000001,0.113734375,16,113.734375,9.515625,0.0625,0.3125,0.046875,0.5770491803278693,0.4606557377049183,3.874364763258172e-06,0.2992793902010774,3.874364763258172e-06,0.2992793902010774,-3.25,2.3499999999999996,18.0,6.0,1,3,14,0,1,40,0,1,1,3
14000073,0.0,0.3,0.75,-0.6276250000000003,-0.5500000000000003,0.07762500000000001,16,77.625,7.84375,0.078125,0.328125,0.03125,0.5612903225806456,0.4709677419354838,4.3658360366135324e-05,0.2991266434697991,4.3658360366135324e-05,0.2991266434697991,-4.05,3.5,20.0,6.0,0,6,10,2,1,39,0,1,3,2
14000074,0.0,0.05,0.25,-3.175781250000001,-3.100000000000001,0.07578125000000004,16,75.78125,7.34375,0.015625,0.265625,0.03125,0.5774193548387102,0.478225806451613,0.04057882649962602,0.07798437718676424,0.04057882649962602,0.07798437718676424,-1.0,-2.1,5.0,13.0,0,6,9,0,0,41,0,1,5,2
14000075,1.0,0.3,0.75,3.0904218749999988,3.1499999999999986,0.05957812500000002,-9,59.578125,7.265625,0.234375,0.09375,0.03125,0.5935483870967749,0.6233870967741929,0.9999994099535079,0.2989213609431425,0.9999994099535079,0.2989213609431425,-1.0000000000000004,4.15,14.0,7.0,0,0,0,0,0,11,1,0,50,2
14000076,1.0,0.05,0.75,1.4439218750000002,1.4500000000000002,0.0060781250000000045,-5,6.078125,2.171875,0.15625,0.078125,0.015625,0.5555555555555561,0.6047619047619041,0.8403882138922949,0.0501226866197183,0.8403882138922949,0.0501226866197183,-0.9999999999999998,2.45,6.0,9.0,0,1,0,4,0,13,0,5,40,1
14000077,0.0,0.3,0.75,3.015421875,3.1,0.08457812499999998,14,84.578125,7.828125,0.15625,0.375,0.03125,0.5548387096774198,0.47096774193548396,7.65112582554687e-10,0.2999999425232969,7.65112582554687e-10,0.2999999425232969,-3.9500000000000006,7.049999999999999,23.0,11.0,0,6,9,3,2,39,0,0,3,2
14000078,0.0,0.05,0.75,3.2987499999999996,3.3,0.0012500000000000007,0,1.25,0.8125,0.125,0.125,0.03125,0.5258064516129035,0.5653225806451609,0.120621028662523,0.0500918772976815,0.120621028662523,0.0500918772976815,-1.2500000000000002,4.550000000000001,4.0,12.0,1,4,1,5,1,17,1,4,28,2
14000079,0.0,0.05,0.25,0.2819531249999999,0.29999999999999993,0.018046875000000007,5,18.046875,3.703125,0.078125,0.15625,0.0625,0.5133333333333334,0.49749999999999994,0.36820504055012665,0.05012642578287727,0.36820504055012665,0.05012642578287727,-0.4,0.7,2.0,13.0,1,13,5,2,2,19,1,3,14,4
14000080,0.0,0.05,0.25,-0.2749999999999995,-0.2499999999999995,0.025000000000000015,11,25.0,3.84375,0.078125,0.25,0.03125,0.538709677419355,0.5145161290322582,0.027664216432157114,0.22195596685134308,0.027664216432157114,0.22195596685134308,-0.75,0.5000000000000002,4.0,17.0,1,6,4,1,3,30,1,4,12,2
14000081,1.0,0.3,0.5,3.514046874999994,3.5499999999999936,0.035953125000000016,-13,35.953125,4.578125,0.328125,0.125,0.015625,0.587301587301588,0.6095238095238088,0.9999999999986493,0.299999932091844,0.9999999999986493,0.299999932091844,-1.2000000000000006,4.75,17.0,12.0,0,1,0,0,0,15,1,1,45,1
14000082,0.0,0.05,0.5,3.24146875,3.25,0.008531250000000006,3,8.53125,2.75,0.140625,0.1875,0.0,0.503125,0.51640625,0.08463473844878973,0.06631068120342397,0.08463473844878973,0.06631068120342397,-0.39999999999999997,3.6500000000000004,3.0,18.0,0,8,3,6,2,27,2,5,11,0
14000083,1.0,0.05,0.75,-0.3356874999999989,-0.29999999999999893,0.03568749999999998,-7,35.6875,5.6875,0.125,0.015625,0.0,0.5937500000000007,0.6312499999999993,0.9947321105585171,0.05008748313253313,0.9947321105585171,0.05008748313253313,-0.30000000000000004,-2.220446049250313e-16,3.0,6.0,0,1,0,0,0,6,0,1,56,0
14000084,0.0,0.05,0.5,1.6345625000000001,1.6500000000000001,0.015437500000000012,4,15.4375,3.59375,0.109375,0.171875,0.046875,0.5409836065573774,0.5196721311475409,0.26915122833127736,0.051999180748286404,0.26915122833127736,0.051999180748286404,-0.4,2.05,2.0,16.0,1,6,4,2,0,29,2,2,15,3
14000085,0.0,0.05,0.75,4.346765625,4.35,0.0032343750000000024,-3,3.234375,1.515625,0.125,0.078125,0.0625,0.5600000000000004,0.5799999999999996,0.3345325660962204,0.05000472073525206,0.3345325660962204,0.05000472073525206,-0.35000000000000003,4.699999999999999,1.0,12.0,1,3,1,0,1,17,2,2,33,4
14000086,1.0,0.3,0.75,0.7263281249999943,0.8499999999999943,0.12367187499999999,-20,123.671875,9.703125,0.375,0.0625,0.0,0.5968750000000006,0.6312499999999993,0.9999999999999993,0.2999999962122518,0.9999999999999993,0.2999999962122518,-1.5000000000000007,2.3499999999999996,22.0,6.0,0,0,0,0,0,8,0,1,55,0
14000087,1.0,0.05,0.5,3.14859375,3.15,0.0014062500000000008,1,1.40625,0.90625,0.09375,0.109375,0.015625,0.5365079365079369,0.5523809523809521,0.558775236009543,0.05000550941725223,0.558775236009543,0.05000550941725223,-0.3999999999999999,3.55,3.0,10.0,0,4,0,4,2,27,2,2,22,1
14000088,1.0,0.3,0.5,3.064937499999996,3.099999999999996,0.03506250000000001,-11,35.0625,5.1875,0.28125,0.109375,0.0,0.5875000000000006,0.6242187499999993,0.9999999995505212,0.29998875022739574,0.9999999995505212,0.29998875022739574,-1.4500000000000006,4.549999999999999,18.0,7.0,0,2,0,0,0,7,0,2,53,0
14000089,0.0,0.05,0.75,7.346312500000001,7.3500000000000005,0.003687500000000002,-5,3.6875,1.375,0.1875,0.109375,0.015625,0.5460317460317464,0.5666666666666663,0.9097592936436826,0.0571365644092507,0.9097592936436826,0.0571365644092507,-0.5,7.8500000000000005,2.0,17.0,0,5,0,3,1,21,1,3,29,1
14000090,1.0,0.05,0.75,1.747984374999999,1.7499999999999991,0.0020156250000000014,-3,2.015625,1.171875,0.15625,0.109375,0.03125,0.5387096774193552,0.5508064516129029,0.3000396427867564,0.05003130658307319,0.3000396427867564,0.05003130658307319,-0.3999999999999999,2.1499999999999986,2.0,15.0,0,8,2,3,3,15,0,2,29,2
14000091,1.0,0.3,0.75,3.6768437499999993,3.6999999999999993,0.023156250000000003,-7,23.15625,4.4375,0.234375,0.125,0.0,0.5875000000000006,0.6382812499999992,0.9999739800644375,0.29329573377051066,0.9999739800644375,0.29329573377051066,-1.0000000000000002,4.699999999999999,11.0,12.0,0,0,0,0,1,4,0,3,56,0
14000092,0.0,0.05,0.75,4.29696875,4.3,0.0030312500000000023,-1,3.03125,1.5,0.171875,0.15625,0.046875,0.5508196721311479,0.5245901639344261,0.2008390524276153,0.05171007296569229,0.2008390524276153,0.05171007296569229,-1.25,5.549999999999999,5.0,16.0,0,8,6,2,1,20,1,0,23,3
14000093,0.0,0.05,0.75,1.8478124999999992,1.8499999999999992,0.0021875000000000015,3,2.1875,1.09375,0.125,0.171875,0.046875,0.554098360655738,0.5540983606557375,0.4647325669453038,0.051058565080587225,0.4647325669453038,0.051058565080587225,-1.35,3.1999999999999997,4.0,15.0,0,7,3,0,1,18,1,4,27,3
14000094,1.0,0.05,0.75,0.6473281250000004,0.6500000000000004,0.0026718750000000015,-4,2.671875,1.203125,0.140625,0.078125,0.0,0.5531250000000003,0.5703124999999997,0.7233519151945377,0.05000817222670023,0.7233519151945377,0.05000817222670023,-0.7000000000000001,1.3499999999999996,4.0,10.0,0,5,2,3,1,16,0,3,34,0
14000095,0.0,0.3,0.75,2.672390625,2.6999999999999997,0.027609374999999995,7,27.609375,4.890625,0.15625,0.265625,0.03125,0.5258064516129034,0.5096774193548386,0.0006515663125698999,0.2963374791286261,0.0006515663125698999,0.2963374791286261,-3.85,6.549999999999999,16.0,11.0,0,3,8,4,2,30,4,2,9,2
14000096,1.0,0.3,0.75,1.0210312499999978,1.0999999999999979,0.07896875,-15,78.96875,7.6875,0.296875,0.0625,0.0,0.5937500000000007,0.6218749999999993,0.999999999241304,0.29997366130609165,0.999999999241304,0.29997366130609165,-1.3500000000000005,2.45,16.0,7.0,0,1,1,0,0,8,0,1,53,0
14000097,1.0,0.3,0.5,0.12803124999999294,0.2499999999999929,0.12196874999999997,-19,121.96875,9.875,0.34375,0.046875,0.0,0.5968750000000007,0.6289062499999993,0.9999999999999027,0.29999985747778957,0.9999999999999027,0.29999985747778957,-1.7000000000000006,1.9499999999999997,22.0,3.0,0,0,1,0,1,6,0,0,56,0
14000098,0.0,0.05,0.5,2.546828125,2.5500000000000003,0.003171875000000002,2,3.171875,1.359375,0.140625,0.171875,0.0,0.5406250000000002,0.5421874999999999,0.1106194785323882,0.05214733181326878,0.1106194785323882,0.05214733181326878,-0.7,3.2499999999999996,3.0,17.0,0,11,2,2,1,17,0,3,28,0
14000099,0.0,0.05,0.5,0.44309375000000006,0.45000000000000007,0.006906250000000003,5,6.90625,1.875,0.0625,0.140625,0.0,0.5656250000000004,0.53515625,0.18746439036765924,0.05006044851368594,0.18746439036765924,0.05006044851368594,-0.4,0.8500000000000001,2.0,11.0,0,9,2,0,0,27,0,2,24,0
14000100,1.0,0.3,0.25,4.732234374999998,4.749999999999998,0.017765625000000007,-6,17.765625,3.609375,0.25,0.15625,0.015625,0.571428571428572,0.6023809523809519,0.9999995831496369,0.2997121625316249,0.9999995831496369,0.2997121625316249,-1.8000000000000003,6.549999999999999,16.0,10.0,1,3,1,0,1,9,1,1,46,1
14000101,1.0,0.05,0.25,4.491875,4.5,0.008125000000000004,4,8.125,2.28125,0.0625,0.125,0.0625,0.566666666666667,0.5424999999999999,0.14416180994973374,0.0500814218797566,0.14416180994973374,0.0500814218797566,-1.0,5.499999999999999,3.0,9.0,0,4,6,1,2,20,0,2,25,4
14000102,0.0,0.05,0.75,0.1413906249999999,0.1499999999999999,0.008609375000000004,3,8.609375,2.453125,0.046875,0.09375,0.046875,0.5245901639344265,0.5295081967213113,0.4156954556969984,0.05000103416790172,0.4156954556969984,0.05000103416790172,-1.6500000000000004,1.7999999999999998,5.0,4.0,0,7,3,4,2,23,3,0,19,3
14000103,1.0,0.05,0.25,5.6444374999999996,5.6499999999999995,0.005562500000000004,4,5.5625,1.9375,0.109375,0.171875,0.03125,0.5258064516129034,0.529032258064516,0.8674469896514325,0.05009945334284624,0.8674469896514325,0.05009945334284624,-0.25,5.8999999999999995,2.0,16.0,0,9,2,3,0,25,2,4,17,2
14000104,1.0,0.3,0.75,0.1592968749999929,0.2499999999999929,0.09070312500000001,-17,90.703125,7.703125,0.3125,0.046875,0.015625,0.590476190476191,0.616666666666666,0.9999999999975735,0.29999850208760337,0.9999999999975735,0.29999850208760337,-1.3000000000000007,1.5499999999999996,18.0,5.0,0,3,2,0,0,4,0,0,54,1
14000105,0.0,0.05,0.75,1.0983281249999999,1.0999999999999999,0.001671875000000001,1,1.671875,1.140625,0.078125,0.09375,0.0,0.5375000000000002,0.5773437499999997,0.20014701693467815,0.05000140128092256,0.20014701693467815,0.05000140128092256,-1.5,2.5999999999999996,4.0,7.0,1,4,0,2,3,16,2,3,33,0
14000106,1.0,0.05,0.5,0.943156250000001,0.9500000000000011,0.006843750000000004,-5,6.84375,2.0,0.140625,0.0625,0.0,0.5781250000000006,0.5984374999999994,0.9342694573388448,0.050054042750138396,0.9342694573388448,0.050054042750138396,-0.9000000000000001,1.8499999999999999,6.0,7.0,0,2,3,1,1,10,0,2,45,0
14000107,1.0,0.05,0.75,2.7901093750000014,2.8000000000000016,0.009890625000000007,-3,9.890625,2.953125,0.15625,0.109375,0.0,0.5500000000000004,0.6078124999999995,0.6629924757061076,0.05010726583173755,0.6629924757061076,0.05010726583173755,-1.0999999999999999,3.9,7.0,10.0,0,3,0,1,1,10,3,4,42,0
14000108,0.0,0.3,0.5,-1.2486875000000002,-1.05,0.19868750000000007,24,198.6875,12.75,0.09375,0.46875,0.0,0.5875000000000006,0.4671875000000001,2.4414586854723156e-11,0.2999999813392248,2.4414586854723156e-11,0.2999999813392248,-3.950000000000001,2.8999999999999995,23.0,13.0,0,4,10,0,0,50,0,0,0,0
14000109,0.0,0.05,0.25,-1.6266562500000001,-1.6,0.02665625000000001,11,26.65625,4.09375,0.0625,0.234375,0.03125,0.5516129032258068,0.4975806451612904,0.22511595421699662,0.05279151403567582,0.22511595421699662,0.05279151403567582,-0.75,-0.8500000000000001,3.0,16.0,1,3,9,3,0,34,1,2,9,2
14000110,0.0,0.05,0.5,3.24540625,3.25,0.004593750000000003,2,4.59375,1.9375,0.140625,0.171875,0.03125,0.5290322580645165,0.5266129032258062,0.28769599845513466,0.05283843402363213,0.28769599845513466,0.05283843402363213,-1.7000000000000002,4.949999999999999,6.0,14.0,1,7,3,5,1,23,0,2,20,2
14000111,0.0,0.3,0.75,-1.6734687499999996,-1.4499999999999995,0.22346875000000005,26,223.46875,12.9375,0.109375,0.515625,0.015625,0.5777777777777782,0.47380952380952396,4.550168256635865e-12,0.2999999981368236,4.550168256635865e-12,0.2999999981368236,-5.500000000000002,4.05,28.0,12.0,0,4,9,1,0,47,0,1,1,1
14000112,1.0,0.05,0.25,4.846,4.85,0.004000000000000003,2,4.0,1.71875,0.140625,0.171875,0.03125,0.538709677419355,0.5241935483870965,0.550171621044892,0.05100171041467459,0.550171621044892,0.05100171041467459,-1.45,6.299999999999999,5.0,15.0,0,8,3,2,2,26,1,3,17,2
14000113,1.0,0.3,0.75,-0.959515625000005,-0.850000000000005,0.10951562499999999,-19,109.515625,8.421875,0.328125,0.03125,0.0,0.5750000000000006,0.6218749999999993,0.9999999999943908,0.29999753331879936,0.9999999999943908,0.29999753331879936,-1.9000000000000006,1.0499999999999998,18.0,5.0,0,2,0,0,1,7,1,3,50,0
14000114,1.0,0.05,0.75,2.5963593749999996,2.5999999999999996,0.0036406250000000024,-1,3.640625,1.578125,0.09375,0.078125,0.015625,0.5841269841269847,0.6238095238095231,0.819989589718579,0.05000484915999704,0.819989589718579,0.05000484915999704,-0.40000000000000013,3.0,5.0,6.0,0,0,0,1,0,10,1,1,50,1
14000115,0.0,0.3,0.5,-3.8098750000000017,-3.5000000000000018,0.3098750000000001,25,309.875,16.09375,0.03125,0.421875,0.03125,0.5774193548387101,0.478225806451613,2.64326713075784e-09,0.29999699329673113,2.64326713075784e-09,0.29999699329673113,-4.500000000000001,1.0,24.0,5.0,0,4,7,0,1,48,0,2,0,2
14000116,1.0,0.3,0.5,3.706265624999998,3.7499999999999982,0.043734375000000006,-10,43.734375,6.078125,0.28125,0.125,0.0,0.5937500000000007,0.6312499999999993,0.9999999995693722,0.29999196817472557,0.9999999995693722,0.29999196817472557,-1.4500000000000006,5.199999999999999,18.0,8.0,0,1,0,0,1,5,0,0,57,0
14000117,1.0,0.05,0.5,3.7928281249999998,3.8,0.0071718750000000055,4,7.171875,2.515625,0.046875,0.109375,0.03125,0.5193548387096776,0.536290322580645,0.465235278510854,0.050002876484532444,0.465235278510854,0.050002876484532444,-0.5,4.3,2.0,8.0,0,6,5,3,5,17,3,2,21,2
14000118,1.0,0.3,0.25,2.6869374999999964,2.7499999999999964,0.06306250000000002,-11,63.0625,6.53125,0.265625,0.09375,0.03125,0.5935483870967748,0.6161290322580639,0.9999999987348737,0.29997585297383816,0.9999999987348737,0.29997585297383816,-1.1500000000000006,3.8999999999999995,17.0,6.0,0,2,0,0,0,10,0,0,50,2
14000119,1.0,0.05,0.75,2.5896093749999998,2.5999999999999996,0.010390625000000007,-7,10.390625,2.609375,0.203125,0.09375,0.0,0.5687500000000005,0.5890624999999994,0.9994536075628264,0.21361248490739393,0.9994536075628264,0.21361248490739393,-0.20000000000000018,2.8000000000000003,4.0,15.0,0,5,1,1,2,11,0,1,43,0
14000120,1.0,0.05,0.5,3.4469375,3.45,0.0030625000000000023,0,3.0625,1.4375,0.109375,0.109375,0.0,0.5593750000000005,0.5585937499999998,0.5749028201838267,0.050011330693726624,0.5749028201838267,0.050011330693726624,-0.5000000000000001,3.9499999999999993,3.0,11.0,0,4,3,2,1,22,1,2,29,0
14000121,1.0,0.3,0.25,6.579890625000002,6.600000000000001,0.020109374999999985,-3,20.109375,4.171875,0.28125,0.234375,0.015625,0.5587301587301592,0.6047619047619042,0.999984152278085,0.2998444766188365,0.999984152278085,0.2998444766188365,-2.8499999999999996,9.450000000000001,16.0,17.0,0,1,1,2,1,12,3,1,42,1
14000122,1.0,0.3,0.75,-0.14326562500000709,-7.105427357601002e-15,0.14326562499999998,-19,143.265625,10.546875,0.34375,0.046875,0.0,0.5937500000000007,0.6218749999999993,0.999999999999838,0.2999997966881919,0.999999999999838,0.2999997966881919,-1.9000000000000006,1.8999999999999997,21.0,4.0,0,2,0,0,0,8,0,0,54,0
14000123,1.0,0.3,0.75,0.7645312499999922,0.9499999999999922,0.18546874999999996,-17,185.46875,12.25,0.328125,0.0625,0.0,0.6000000000000006,0.6312499999999993,0.9999999999992253,0.29999952881334757,0.9999999999992253,0.29999952881334757,-1.0000000000000007,1.9499999999999995,17.0,8.0,0,0,1,0,0,6,0,0,57,0
14000124,0.0,0.3,0.75,1.0096093750000006,1.1000000000000005,0.09039062499999996,13,90.390625,8.421875,0.109375,0.3125,0.0625,0.5633333333333337,0.4850000000000001,0.0001681757492241465,0.2995690242800067,0.0001681757492241465,0.2995690242800067,-3.5500000000000003,4.65,16.0,11.0,0,8,4,0,0,42,0,3,3,4
14000125,0.0,0.05,0.75,2.04953125,2.05,0.00046875000000000025,0,0.46875,0.40625,0.109375,0.109375,0.03125,0.5129032258064516,0.5629032258064514,0.20713724636516895,0.05001202324755802,0.20713724636516895,0.05001202324755802,-0.55,2.5999999999999996,2.0,12.0,1,6,1,4,1,15,3,4,27,2
14000126,1.0,0.05,0.75,3.04378125,3.05,0.006218750000000005,-1,6.21875,2.34375,0.109375,0.09375,0.0,0.5625000000000006,0.6148437499999995,0.8764741999105302,0.050019947229862936,0.8764741999105302,0.050019947229862936,-0.5,3.55,4.0,9.0,0,2,0,3,0,8,1,2,48,0
14000127,0.0,0.3,0.75,-0.37920312499999986,-0.2999999999999998,0.07920312500000003,16,79.203125,7.640625,0.09375,0.34375,0.015625,0.5746031746031751,0.4880952380952382,1.222502171432809e-05,0.29979500182715096,1.222502171432809e-05,0.29979500182715096,-4.550000000000001,4.25,22.0,6.0,0,7,7,0,1,39,0,0,9,1
14000128,1.0,0.05,0.75,-0.5165624999999991,-0.4999999999999991,0.016562500000000004,-8,16.5625,3.125,0.15625,0.03125,0.0625,0.5700000000000005,0.5999999999999994,0.9939080884926718,0.05126615935864895,0.9939080884926718,0.05126615935864895,-0.40000000000000013,-0.1000000000000002,5.0,7.0,0,2,0,1,0,15,2,1,39,4
14000129,1.0,0.3,0.75,3.9816718749999955,4.049999999999995,0.06832812500000002,-11,68.328125,7.609375,0.3125,0.140625,0.015625,0.590476190476191,0.6309523809523803,0.9999999999936154,0.2999997756670717,0.9999999999936154,0.2999997756670717,-1.3000000000000005,5.35,17.0,12.0,0,0,0,0,0,8,1,1,53,1
14000130,1.0,0.05,0.5,2.999249999999999,2.999999999999999,0.0007500000000000004,-1,0.75,0.65625,0.140625,0.125,0.0625,0.5500000000000006,0.5749999999999997,0.8316828195414475,0.050340455187105206,0.8316828195414475,0.050340455187105206,-1.35,4.35,6.0,11.0,1,3,2,3,1,14,1,1,34,4
14000131,1.0,0.3,0.5,1.5251406249999944,1.5999999999999943,0.07485937500000002,-16,74.859375,7.703125,0.328125,0.078125,0.0,0.6000000000000008,0.6265624999999992,0.9999999999980935,0.2999995300593982,0.9999999999980935,0.2999995300593982,-1.4500000000000006,3.0499999999999994,20.0,6.0,0,0,0,0,0,10,0,0,54,0
14000132,0.0,0.05,0.5,0.3312343750000004,0.4000000000000004,0.068765625,10,68.765625,7.546875,0.09375,0.25,0.015625,0.5269841269841272,0.480952380952381,0.22636823641095077,0.08903115831556993,0.22636823641095077,0.08903115831556993,-1.0,1.4000000000000006,4.0,18.0,1,6,5,4,3,40,1,2,1,1
14000133,1.0,0.05,0.25,4.5365,4.55,0.01350000000000001,5,13.5,3.3125,0.0625,0.140625,0.046875,0.49508196721311465,0.5049180327868852,0.6267393088481018,0.05000666904820228,0.6267393088481018,0.05000666904820228,-0.050000000000000044,4.599999999999999,1.0,12.0,0,14,4,6,0,17,2,2,16,3
14000134,1.0,0.05,0.25,7.22403125,7.25,0.025968750000000016,6,25.96875,4.75,0.078125,0.171875,0.046875,0.5311475409836067,0.5024590163934427,0.47012585126408857,0.05094232471010867,0.47012585126408857,0.05094232471010867,-0.3999999999999999,7.649999999999999,2.0,14.0,0,10,4,2,0,30,2,3,10,3
14000135,1.0,0.05,0.5,4.84896875,4.85,0.0010312500000000005,2,1.03125,0.71875,0.125,0.15625,0.0625,0.5633333333333336,0.5599999999999999,0.6135382366954578,0.05048370780117804,0.6135382366954578,0.05048370780117804,-0.5999999999999999,5.449999999999999,3.0,15.0,0,5,2,1,3,18,0,1,30,4
14000136,0.0,0.05,0.25,-2.0642968749999997,-1.9999999999999996,0.064296875,11,64.296875,7.171875,0.015625,0.1875,0.03125,0.5290322580645166,0.48548387096774176,0.058394074593940075,0.0503699092957155,0.058394074593940075,0.0503699092957155,-0.4,-1.5999999999999996,2.0,11.0,0,9,6,5,1,32,0,2,7,2
14000137,0.0,0.05,0.75,2.9487812499999992,2.9499999999999993,0.0012187500000000006,0,1.21875,0.75,0.109375,0.109375,0.03125,0.5709677419354844,0.5822580645161286,0.30649097859909863,0.05001528225181884,0.30649097859909863,0.05001528225181884,-1.4500000000000002,4.4,5.0,9.0,0,2,4,2,0,14,1,1,38,2
14000138,0.0,0.05,0.25,-1.3110625000000002,-1.3000000000000003,0.011062500000000006,7,11.0625,2.90625,0.078125,0.1875,0.0625,0.5333333333333337,0.5325,0.28048176954693205,0.05050671962449369,0.28048176954693205,0.05050671962449369,-0.4,-0.9000000000000002,1.0,16.0,1,4,2,5,2,26,1,0,19,4
14000139,0.0,0.3,0.25,-2.8015468749999997,-2.5999999999999996,0.20154687500000007,24,201.546875,12.234375,0.046875,0.421875,0.015625,0.5746031746031751,0.4595238095238098,1.4678080099062814e-09,0.29999807259997013,1.4678080099062814e-09,0.29999807259997013,-3.4,0.7999999999999998,19.0,11.0,0,6,13,1,0,41,0,0,2,1
14000140,0.0,0.05,0.5,-1.0651406250000002,-1.0500000000000003,0.015140625000000012,6,15.140625,3.515625,0.03125,0.125,0.015625,0.5714285714285717,0.5357142857142855,0.6202450186129927,0.050001037220622734,0.6202450186129927,0.050001037220622734,-1.0,-0.04999999999999999,3.0,7.0,0,4,4,1,2,29,0,1,22,1
14000141,0.0,0.3,0.75,-1.0823124999999996,-0.9999999999999997,0.08231249999999998,15,82.3125,7.09375,0.09375,0.328125,0.0,0.5625000000000007,0.5000000000000002,0.000539316642444199,0.29691651634174865,0.000539316642444199,0.29691651634174865,-4.4,3.3999999999999995,18.0,9.0,1,5,6,1,0,39,1,1,10,0
14000142,0.0,0.05,0.75,1.345859375,1.35,0.004140625000000002,3,4.140625,1.703125,0.09375,0.140625,0.046875,0.5180327868852461,0.5295081967213113,0.17117720892198277,0.05020162486660886,0.17117720892198277,0.05020162486660886,-1.1500000000000001,2.5,4.0,11.0,1,6,2,8,0,23,0,1,20,3
14000143,1.0,0.3,0.25,6.664203124999998,6.6999999999999975,0.035796875,-8,35.796875,5.546875,0.328125,0.203125,0.015625,0.5968253968253975,0.6142857142857137,0.9999999999984263,0.29999997817078367,0.9999999999984263,0.29999997817078367,-1.9000000000000006,8.600000000000001,20.0,14.0,0,1,1,0,0,11,0,0,50,1
14000144,1.0,0.3,0.25,4.627921874999995,4.649999999999995,0.022078125000000004,-11,22.078125,3.421875,0.328125,0.15625,0.03125,0.5741935483870972,0.5822580645161285,0.9999999999999717,0.29999999478700357,0.9999999999999717,0.29999999478700357,-1.8000000000000007,6.449999999999999,21.0,10.0,0,4,3,0,0,14,1,2,38,2
14000145,1.0,0.05,0.75,2.1931562500000013,2.200000000000001,0.006843750000000005,-4,6.84375,2.46875,0.15625,0.09375,0.015625,0.5587301587301591,0.5952380952380948,0.9603748625981683,0.05098878768847096,0.9603748625981683,0.05098878768847096,-0.10000000000000009,2.3,2.0,14.0,0,2,0,2,2,15,0,5,37,1
14000146,0.0,0.05,0.75,1.3492031249999998,1.3499999999999999,0.0007968750000000005,1,0.796875,0.703125,0.09375,0.109375,0.015625,0.5269841269841271,0.5547619047619046,0.2711818178808883,0.05000558011101568,0.2711818178808883,0.05000558011101568,-0.7000000000000001,2.05,2.0,11.0,1,7,3,2,2,14,2,4,28,1
14000147,0.0,0.3,0.5,-1.266125,-1.15,0.11612499999999999,20,116.125,9.46875,0.0625,0.375,0.03125,0.5580645161290326,0.46612903225806473,4.4275191384472856e-07,0.29996216453165436,4.4275191384472856e-07,0.29996216453165436,-3.6500000000000004,2.5,21.0,7.0,0,10,5,1,1,44,0,0,1,2
14000148,0.0,0.05,0.5,0.9871718750000003,1.0000000000000002,0.012828125000000008,5,12.828125,2.953125,0.09375,0.171875,0.015625,0.5238095238095242,0.5404761904761903,0.28159794475290784,0.05069962860061641,0.28159794475290784,0.05069962860061641,-1.65,2.6500000000000004,6.0,11.0,0,9,3,3,3,16,2,2,25,1
14000149,0.0,0.05,0.5,0.896953125,0.9,0.0030468750000000023,2,3.046875,1.515625,0.078125,0.109375,0.046875,0.521311475409836,0.5418032786885246,0.3946846308795638,0.05000614230655137,0.3946846308795638,0.05000614230655137,-0.45,1.35,1.0,11.0,1,9,3,3,0,15,1,5,24,3
14000150,0.0,0.3,0.5,-1.6749218749999997,-1.5499999999999996,0.12492187499999999,20,124.921875,9.734375,0.078125,0.390625,0.0,0.5812500000000006,0.46718750000000014,4.532966307723674e-08,0.2999840508436967,4.532966307723674e-08,0.2999840508436967,-3.7000000000000006,2.1500000000000004,19.0,11.0,0,4,14,1,0,41,0,0,4,0
14000151,1.0,0.05,0.25,5.14434375,5.15,0.005656250000000004,3,5.65625,2.15625,0.09375,0.140625,0.015625,0.5396825396825398,0.530952380952381,0.4267984278124319,0.05010205470073378,0.4267984278124319,0.05010205470073378,-0.25,5.3999999999999995,2.0,13.0,0,7,4,3,1,24,0,5,19,1
14000152,1.0,0.3,0.25,5.468859375,5.5,0.031140625000000005,-7,31.140625,5.046875,0.28125,0.171875,0.046875,0.5770491803278693,0.6057377049180322,0.9999999998689162,0.29999866732865293,0.9999999998689162,0.29999866732865293,-1.7500000000000004,7.25,18.0,11.0,0,2,1,2,0,10,0,1,45,3
14000153,1.0,0.05,0.25,5.798484375000001,5.800000000000001,0.001515625000000001,2,1.515625,0.984375,0.125,0.15625,0.015625,0.5619047619047624,0.5619047619047616,0.9737613637997274,0.05066429348174639,0.9737613637997274,0.05066429348174639,-0.40000000000000013,6.199999999999999,5.0,13.0,1,5,3,0,2,17,0,3,32,1
14000154,0.0,0.05,0.25,-1.5268125,-1.5,0.026812500000000006,9,26.8125,4.53125,0.0625,0.203125,0.0,0.5343750000000003,0.5070312500000002,0.13520424546233115,0.05066715085986747,0.13520424546233115,0.05066715085986747,-0.8999999999999999,-0.6000000000000001,3.0,14.0,0,8,8,3,3,23,2,0,17,0
14000155,0.0,0.05,0.25,0.1370937499999998,0.1499999999999998,0.012906250000000008,6,12.90625,3.125,0.0625,0.15625,0.03125,0.5483870967741938,0.5024193548387097,0.3028996134667283,0.05009467101606578,0.3028996134667283,0.05009467101606578,-0.2,0.3499999999999999,1.0,13.0,0,12,6,1,0,24,1,0,18,2
14000156,1.0,0.05,0.75,0.6736875000000011,0.7000000000000011,0.02631250000000001,-8,26.3125,4.8125,0.1875,0.0625,0.0,0.5906250000000006,0.6195312499999994,0.9888429952793721,0.05351830857390332,0.9888429952793721,0.05351830857390332,-0.8999999999999999,1.5999999999999996,6.0,10.0,0,2,0,0,0,9,0,1,52,0
14000157,1.0,0.05,0.5,1.5490937500000002,1.5500000000000003,0.0009062500000000006,-1,0.90625,0.65625,0.09375,0.078125,0.0,0.5343750000000003,0.5820312499999997,0.5232633728496785,0.05000051554729124,0.5232633728496785,0.05000051554729124,0.0,1.5499999999999998,0.0,11.0,0,5,2,3,1,11,2,5,35,0
14000158,1.0,0.05,0.75,1.0433906250000007,1.0500000000000007,0.006609375000000005,-3,6.609375,2.359375,0.078125,0.03125,0.015625,0.5746031746031751,0.5952380952380948,0.9714128035522067,0.050004309750725284,0.9714128035522067,0.050004309750725284,-0.15000000000000013,1.1999999999999997,3.0,4.0,0,4,1,0,0,13,1,2,42,1
14000159,0.0,0.05,0.25,-1.8730625,-1.85,0.023062500000000014,9,23.0625,4.0,0.0625,0.203125,0.03125,0.5096774193548388,0.5120967741935484,0.3643879074662152,0.05015460523677275,0.3643879074662152,0.05015460523677275,-0.35000000000000003,-1.5000000000000004,1.0,16.0,0,11,2,5,2,24,2,1,15,2
14000160,1.0,0.05,0.75,2.447640625000001,2.450000000000001,0.0023593750000000017,-2,2.359375,1.296875,0.125,0.09375,0.03125,0.5483870967741942,0.601612903225806,0.8819935202849903,0.05006718309581474,0.8819935202849903,0.05006718309581474,-0.10000000000000009,2.5499999999999994,2.0,12.0,0,2,1,3,2,9,3,0,42,2
14000161,1.0,0.3,0.5,3.785656249999998,3.849999999999998,0.06434375000000003,-9,64.34375,7.21875,0.265625,0.125,0.0,0.5718750000000006,0.6171874999999993,0.9999999640671626,0.2999162960929019,0.9999999640671626,0.2999162960929019,-1.0500000000000005,4.9,15.0,10.0,0,1,0,0,0,12,3,2,46,0
14000162,0.0,0.3,0.75,-0.5178750000000001,-0.45,0.06787500000000005,12,67.875,7.0625,0.09375,0.28125,0.03125,0.5580645161290326,0.4975806451612906,0.012969321278350437,0.262303885639636,0.012969321278350437,0.262303885639636,-4.050000000000002,3.5999999999999996,17.0,7.0,0,7,4,1,2,38,0,2,8,2
14000163,1.0,0.3,0.5,2.7851562499999916,2.8999999999999915,0.11484375000000001,-20,114.84375,9.5,0.421875,0.109375,0.0,0.5968750000000007,0.6242187499999993,1.0,0.29999999999897353,1.0,0.29999999999897353,-1.550000000000001,4.45,25.0,9.0,0,1,1,0,0,7,0,0,55,0
14000164,0.0,0.05,0.25,-1.7090937500000003,-1.6500000000000004,0.05909375000000001,13,59.09375,6.90625,0.046875,0.25,0.0625,0.5700000000000004,0.5125,0.11944389848947613,0.08828106830091138,0.11944389848947613,0.08828106830091138,-1.0,-0.6500000000000001,4.0,15.0,0,2,6,1,2,36,1,1,11,4
14000165,1.0,0.3,0.5,1.2961249999999978,1.3499999999999979,0.05387500000000003,-12,53.875,6.375,0.265625,0.078125,0.0,0.5906250000000006,0.6218749999999993,0.9999999275718956,0.2994474260368457,0.9999999275718956,0.2994474260368457,-1.7000000000000004,3.05,17.0,5.0,0,1,1,0,0,8,0,2,52,0
14000166,0.0,0.05,0.75,-0.017953125000000004,0.0,0.017953125000000004,5,17.953125,4.046875,0.046875,0.125,0.015625,0.5206349206349208,0.5476190476190472,0.3729184766793526,0.0500163874086711,0.3729184766793526,0.0500163874086711,-0.95,0.9500000000000002,4.0,7.0,0,4,2,5,0,26,2,7,17,1
14000167,1.0,0.3,0.5,0.7534531249999943,0.8499999999999943,0.09654687500000005,-16,96.546875,8.171875,0.3125,0.0625,0.0,0.5968750000000007,0.6171874999999993,0.9999999998754324,0.2999922196685176,0.9999999998754324,0.2999922196685176,-1.5000000000000007,2.3499999999999996,18.0,6.0,0,1,1,0,0,10,0,0,52,0
14000168,0.0,0.05,0.5,0.24873437499999973,0.24999999999999972,0.0012656250000000007,3,1.265625,0.859375,0.0625,0.109375,0.0,0.5406250000000002,0.5492187499999998,0.33282334315519313,0.05000206063556631,0.33282334315519313,0.05000206063556631,-0.75,0.9999999999999996,2.0,9.0,0,5,4,4,4,17,0,2,28,0
14000169,1.0,0.05,0.25,5.4468125,5.45,0.003187500000000001,4,3.1875,1.21875,0.09375,0.15625,0.046875,0.5311475409836067,0.5565573770491801,0.17183082870385888,0.051142313366756835,0.17183082870385888,0.051142313366756835,-0.3999999999999999,5.85,2.0,14.0,1,3,1,2,4,22,2,4,22,3
14000170,1.0,0.05,0.75,1.74790625,1.75,0.0020937500000000014,-3,2.09375,1.1875,0.140625,0.09375,0.03125,0.5612903225806456,0.594354838709677,0.7728299393702405,0.05005216664196801,0.7728299393702405,0.05005216664196801,-0.050000000000000044,1.8,1.0,14.0,0,3,1,2,1,12,0,4,39,2
14000171,1.0,0.05,0.75,2.243078125,2.25,0.006921875000000005,-3,6.921875,2.296875,0.125,0.078125,0.015625,0.5746031746031751,0.6047619047619042,0.9368259990833635,0.050085396969830366,0.9368259990833635,0.050085396969830366,-0.15000000000000013,2.3999999999999995,3.0,10.0,1,1,0,0,0,15,1,3,42,1
14000172,1.0,0.3,0.75,0.1728124999999993,0.1999999999999993,0.02718750000000001,-10,27.1875,4.625,0.203125,0.046875,0.015625,0.5904761904761912,0.5999999999999994,0.9985115742653559,0.08951737110488658,0.9985115742653559,0.08951737110488658,-1.75,1.9499999999999997,12.0,4.0,0,2,1,0,1,14,0,0,45,1
14000173,0.0,0.3,0.5,-3.507953125,-3.3499999999999996,0.157953125,21,157.953125,11.296875,0.015625,0.34375,0.015625,0.5650793650793654,0.4714285714285715,6.247287204713312e-06,0.2985448727814638,6.247287204713312e-06,0.2985448727814638,-3.75,0.4,20.0,3.0,0,6,9,1,2,42,0,1,2,1
14000174,1.0,0.3,0.5,2.607765624999996,2.6999999999999957,0.092234375,-16,92.234375,8.859375,0.359375,0.109375,0.0,0.5968750000000007,0.6359374999999993,0.9999999999999668,0.2999999878849717,0.9999999999999668,0.2999999878849717,-1.5500000000000005,4.249999999999999,20.0,10.0,0,0,0,0,0,6,0,1,57,0
14000175,0.0,0.3,0.75,3.313671875,3.3499999999999996,0.03632812500000002,10,36.328125,5.171875,0.171875,0.328125,0.015625,0.555555555555556,0.5000000000000002,0.00012669042974908538,0.2999097032839212,0.00012669042974908538,0.2999097032839212,-4.3500000000000005,7.7,19.0,13.0,1,5,6,1,2,36,1,1,10,1
14000176,1.0,0.3,0.75,2.3416562499999984,2.3999999999999986,0.058343750000000034,-14,58.34375,6.6875,0.328125,0.109375,0.0,0.5906250000000006,0.6242187499999994,0.9999999999830872,0.2999993437616348,0.9999999999830872,0.2999993437616348,-1.7000000000000004,4.1,19.0,9.0,0,0,1,0,0,9,1,1,52,0
14000177,1.0,0.05,0.75,1.743,1.75,0.0070000000000000045,-6,7.0,2.125,0.171875,0.078125,0.03125,0.5838709677419361,0.601612903225806,0.9929552264988916,0.0595048197764199,0.9929552264988916,0.0595048197764199,-0.3500000000000001,2.0999999999999996,4.0,12.0,0,0,1,2,0,16,0,1,42,2
14000178,1.0,0.3,0.75,-0.8263125000000092,-0.6500000000000092,0.1763125,-23,176.3125,11.71875,0.40625,0.046875,0.015625,0.5968253968253975,0.6261904761904754,0.9999999999999998,0.29999999858936577,0.9999999999999998,0.29999999858936577,-1.9500000000000008,1.2999999999999998,22.0,7.0,0,0,1,0,1,7,0,0,54,1
14000179,0.0,0.05,0.5,2.9971093750000004,3.0000000000000004,0.0028906250000000017,-1,2.890625,1.296875,0.09375,0.078125,0.046875,0.5409836065573774,0.5295081967213112,0.20667627040742745,0.05000296547928549,0.20667627040742745,0.05000296547928549,-0.55,3.5500000000000003,3.0,8.0,0,8,1,2,2,27,1,2,18,3
14000180,1.0,0.05,0.75,2.941421875000001,2.950000000000001,0.008578125000000006,-4,8.578125,2.453125,0.171875,0.109375,0.015625,0.5650793650793657,0.5738095238095231,0.8649166923033523,0.052626543143751106,0.8649166923033523,0.052626543143751106,-0.15000000000000013,3.1,3.0,15.0,1,5,3,1,0,13,1,0,39,1
14000181,0.0,0.05,0.5,2.8946093749999995,2.8999999999999995,0.005390625000000004,3,5.390625,2.046875,0.140625,0.1875,0.015625,0.5333333333333335,0.5523809523809522,0.5926240627958254,0.052174564348222964,0.5926240627958254,0.052174564348222964,-1.15,4.050000000000001,5.0,16.0,1,6,1,2,1,22,2,4,24,1
14000182,1.0,0.3,0.5,4.004203124999997,4.049999999999997,0.04579687500000001,-12,45.796875,5.859375,0.328125,0.140625,0.0,0.5843750000000006,0.6242187499999994,0.9999999999978327,0.29999991395943876,0.9999999999978327,0.29999991395943876,-1.7000000000000004,5.749999999999998,19.0,11.0,1,0,0,1,0,8,0,1,53,0
14000183,1.0,0.3,0.75,-1.0127500000000085,-0.8500000000000085,0.16275000000000006,-22,162.75,11.21875,0.375,0.03125,0.0,0.5937500000000007,0.6265624999999992,0.9999999999999992,0.2999999905049985,0.9999999999999992,0.2999999905049985,-1.9500000000000008,1.0999999999999999,22.0,4.0,0,1,2,0,0,4,0,1,56,0
14000184,0.0,0.3,0.25,-3.661359375000001,-3.500000000000001,0.16135937499999994,18,161.359375,11.578125,0.015625,0.296875,0.03125,0.5806451612903231,0.48548387096774215,0.0004980285808477769,0.2504099358563695,0.0004980285808477769,0.2504099358563695,-3.6000000000000005,0.09999999999999987,17.0,3.0,0,2,9,0,1,45,1,1,3,2
14000185,1.0,0.05,0.75,1.6986406249999992,1.6999999999999993,0.001359375000000001,-2,1.359375,0.953125,0.140625,0.109375,0.0,0.5562500000000004,0.5749999999999997,0.37794627786175145,0.05000765269478599,0.37794627786175145,0.05000765269478599,0.0,1.7,0.0,16.0,0,5,2,1,2,15,0,5,34,0
14000186,1.0,0.05,0.25,5.965078124999999,5.999999999999999,0.034921875000000005,6,34.921875,5.359375,0.09375,0.1875,0.015625,0.49523809523809514,0.5047619047619049,0.677652182482647,0.050049733709748245,0.677652182482647,0.050049733709748245,-0.6499999999999999,6.649999999999999,2.0,16.0,0,9,6,6,2,23,3,4,10,1
14000187,1.0,0.3,0.25,4.243609374999994,4.299999999999994,0.05639062500000002,-13,56.390625,5.609375,0.34375,0.140625,0.0,0.5750000000000006,0.5960937499999994,0.9999999999999936,0.29999999775016895,0.9999999999999936,0.29999999775016895,-1.5000000000000007,5.800000000000001,21.0,10.0,0,4,3,1,0,8,0,2,46,0
14000188,1.0,0.3,0.75,-0.5896406250000036,-0.5000000000000036,0.089640625,-18,89.640625,8.171875,0.328125,0.046875,0.0,0.5937500000000007,0.6148437499999994,0.9999999999629177,0.2999947802108223,0.9999999999629177,0.2999947802108223,-2.3499999999999988,1.8499999999999996,19.0,5.0,0,2,0,0,0,11,0,0,51,0
14000189,0.0,0.05,0.25,-1.4350781249999998,-1.3999999999999997,0.035078124999999995,9,35.078125,5.171875,0.0625,0.203125,0.015625,0.5206349206349208,0.5047619047619047,0.15976635214351825,0.0509163335509247,0.15976635214351825,0.0509163335509247,-0.9500000000000001,-0.44999999999999996,4.0,13.0,2,9,1,3,2,32,1,2,11,1
14000190,1.0,0.3,0.25,4.714859374999996,4.7499999999999964,0.03514062500000001,-13,35.140625,4.671875,0.359375,0.15625,0.015625,0.5873015873015879,0.616666666666666,0.9999999999999936,0.2999999989888741,0.9999999999999936,0.2999999989888741,-2.0500000000000007,6.800000000000001,22.0,11.0,0,2,0,0,1,9,0,1,50,1
14000191,1.0,0.05,0.75,-0.40584375000000145,-0.3500000000000014,0.055843750000000025,-11,55.84375,7.0625,0.203125,0.03125,0.015625,0.5936507936507943,0.6285714285714279,0.9997352512248563,0.12410258358470598,0.9997352512248563,0.12410258358470598,-0.2500000000000002,-0.10000000000000031,5.0,10.0,0,1,1,0,1,4,0,0,56,1
14000192,1.0,0.3,0.75,2.0347187499999944,2.0999999999999943,0.06528125000000001,-15,65.28125,6.4375,0.3125,0.078125,0.0,0.5968750000000007,0.6289062499999992,0.9999999999994185,0.2999996500317566,0.9999999999994185,0.2999996500317566,-1.0500000000000007,3.1499999999999995,18.0,7.0,0,1,0,0,0,7,0,0,56,0
14000193,0.0,0.3,0.5,-1.9440000000000002,-1.8,0.14400000000000004,19,144.0,10.8125,0.046875,0.34375,0.03125,0.5741935483870972,0.47822580645161294,1.829974015260716e-06,0.2996833790739168,1.829974015260716e-06,0.2996833790739168,-3.1500000000000004,1.35,18.0,7.0,0,2,9,1,2,46,1,0,1,2
14000194,1.0,0.3,0.75,-0.7973125000000093,-0.6500000000000092,0.14731250000000004,-22,147.3125,10.25,0.375,0.03125,0.015625,0.6000000000000008,0.6309523809523803,0.999999999999999,0.29999999228643265,0.999999999999999,0.29999999228643265,-1.7500000000000007,1.0999999999999999,23.0,3.0,0,0,0,0,0,8,0,0,55,1
14000195,0.0,0.3,0.75,1.8389062500000009,1.9000000000000008,0.06109375,10,61.09375,7.375,0.125,0.28125,0.03125,0.5516129032258067,0.5,0.0023224900251475147,0.296294236739558,0.0023224900251475147,0.296294236739558,-3.45,5.35,16.0,10.0,0,5,4,2,2,40,1,2,6,2
14000196,0.0,0.3,0.75,2.4384687499999997,2.4499999999999997,0.011531250000000009,5,11.53125,3.03125,0.140625,0.21875,0.015625,0.5301587301587304,0.5166666666666665,0.04833340416369714,0.15694481945131003,0.04833340416369714,0.15694481945131003,-2.45,4.8999999999999995,11.0,12.0,2,6,2,5,1,30,0,1,16,1
14000197,1.0,0.3,0.25,3.417874999999992,3.449999999999992,0.032125000000000015,-13,32.125,4.59375,0.375,0.171875,0.0,0.5781250000000006,0.5867187499999994,0.9999999999816295,0.299999972771411,0.9999999999816295,0.299999972771411,-3.299999999999998,6.75,22.0,13.0,0,0,3,1,0,20,2,1,37,0
14000198,1.0,0.3,0.25,6.739203124999999,6.749999999999998,0.010796875000000006,-3,10.796875,2.828125,0.25,0.203125,0.0,0.5687500000000005,0.5843749999999995,0.9999999799809555,0.29992961712841576,0.9999999799809555,0.29992961712841576,-1.5000000000000004,8.25,15.0,14.0,0,2,2,1,0,19,2,2,36,0
14000199,0.0,0.3,0.75,0.6769218750000002,0.7500000000000002,0.073078125,15,73.078125,7.765625,0.109375,0.34375,0.03125,0.5741935483870971,0.485483870967742,1.3230092792188964e-06,0.29997681830242945,1.3230092792188964e-06,0.29997681830242945,-4.2,4.949999999999999,21.0,8.0,0,3,9,1,1,42,0,2,4,2
14000200,0.0,0.3,0.5,-2.7805468750000006,-2.650000000000001,0.130546875,21,130.546875,9.515625,0.046875,0.375,0.0,0.5781250000000006,0.4695312500000001,4.73559074498664e-07,0.29985248186359964,4.73559074498664e-07,0.29985248186359964,-4.300000000000001,1.65,23.0,4.0,0,6,9,0,1,46,0,0,2,0
14000201,0.0,0.3,0.5,-3.267125,-3.1,0.16712500000000005,22,167.125,11.09375,0.046875,0.390625,0.0,0.5843750000000005,0.48593750000000013,1.2394122521627697e-05,0.2995108247573728,1.2394122521627697e-05,0.2995108247573728,-4.550000000000002,1.4500000000000002,21.0,7.0,0,3,6,0,1,51,0,1,2,0
14000202,0.0,0.3,0.25,-1.766703125,-1.6500000000000001,0.11670312499999995,16,116.703125,9.484375,0.0625,0.3125,0.0,0.5500000000000004,0.4789062500000002,0.017220192899606912,0.23048068112916534,0.017220192899606912,0.23048068112916534,-4.050000000000001,2.4000000000000004,17.0,7.0,0,6,7,4,1,42,0,1,3,0
14000203,1.0,0.05,0.75,1.441109375000001,1.450000000000001,0.008890625000000004,-3,8.890625,2.578125,0.109375,0.0625,0.015625,0.5777777777777782,0.5976190476190472,0.8628754435719971,0.05000762549735611,0.8628754435719971,0.05000762549735611,-0.7,2.1499999999999995,3.0,8.0,0,3,0,0,3,13,0,1,43,1
14000204,0.0,0.3,0.75,-0.4283593750000003,-0.4000000000000003,0.02835937500000001,11,28.359375,4.640625,0.109375,0.28125,0.0,0.5468750000000003,0.4929687500000001,0.06360330052893548,0.18798179693383804,0.06360330052893548,0.18798179693383804,-3.8500000000000005,3.4499999999999997,13.0,12.0,0,9,7,2,1,32,0,3,10,0
14000205,0.0,0.05,0.75,2.6936718750000006,2.7000000000000006,0.006328125000000005,-2,6.328125,2.328125,0.078125,0.046875,0.015625,0.5333333333333337,0.6047619047619042,0.42517359987286246,0.05000010005508058,0.42517359987286246,0.05000010005508058,0.0,2.7000000000000006,0.0,8.0,0,3,0,3,0,10,4,4,39,1
14000206,0.0,0.3,0.75,3.6362187499999985,3.6499999999999986,0.013781250000000009,6,13.78125,3.125,0.203125,0.296875,0.0,0.5468750000000003,0.5140625000000001,0.004377766971448417,0.296428553192048,0.004377766971448417,0.296428553192048,-5.000000000000002,8.649999999999999,18.0,14.0,0,8,5,3,0,29,0,3,16,0
14000207,1.0,0.05,0.5,2.793062500000002,2.8000000000000016,0.006937500000000005,-3,6.9375,2.46875,0.171875,0.125,0.03125,0.5645161290322586,0.5870967741935479,0.37568308728174843,0.0502251092553976,0.37568308728174843,0.0502251092553976,-1.45,4.25,7.0,12.0,2,2,2,1,0,13,1,1,40,2
14000208,1.0,0.3,0.25,5.577109374999998,5.599999999999998,0.02289062500000001,-8,22.890625,4.359375,0.328125,0.203125,0.015625,0.5809523809523816,0.6142857142857137,0.999999999886797,0.29999978151830775,0.999999999886797,0.29999978151830775,-2.25,7.85,17.0,17.0,0,0,1,0,1,12,2,1,46,1
14000209,1.0,0.05,0.5,4.2990625,4.3,0.0009375000000000006,2,0.9375,0.8125,0.109375,0.140625,0.046875,0.5409836065573773,0.5393442622950819,0.9110656205785285,0.05008739402280669,0.9110656205785285,0.05008739402280669,-0.5,4.799999999999999,2.0,14.0,1,9,4,1,2,14,1,1,28,3
14000210,1.0,0.05,0.5,5.036859375,5.05,0.013140625000000008,4,13.140625,3.171875,0.0625,0.125,0.015625,0.5460317460317464,0.5285714285714284,0.6013653385475751,0.050009481782959664,0.6013653385475751,0.050009481782959664,0.0,5.049999999999999,0.0,12.0,0,4,4,3,1,31,1,4,15,1
14000211,0.0,0.05,0.75,2.54934375,2.55,0.0006562500000000004,1,0.65625,0.625,0.109375,0.125,0.0,0.5562500000000002,0.5867187499999995,0.2751429372550603,0.05002246820067673,0.2751429372550603,0.05002246820067673,-1.2500000000000002,3.8,4.0,11.0,0,6,0,1,0,14,0,6,37,0
14000212,0.0,0.3,0.5,-0.5165156249999998,-0.4499999999999998,0.06651562500000002,15,66.515625,6.515625,0.0625,0.296875,0.03125,0.5548387096774198,0.46612903225806473,0.00013043047843991888,0.29533466221868726,0.00013043047843991888,0.29533466221868726,-3.1,2.6500000000000004,16.0,7.0,0,9,10,1,1,36,0,2,3,2
14000213,0.0,0.3,0.75,1.3336250000000005,1.4000000000000006,0.06637500000000002,14,66.375,7.09375,0.109375,0.328125,0.03125,0.5612903225806456,0.4685483870967744,3.5616145538653776e-06,0.29994251013188317,3.5616145538653776e-06,0.29994251013188317,-3.3,4.7,18.0,10.0,0,8,8,2,0,41,0,0,3,2
14000214,0.0,0.3,0.75,2.41996875,2.5,0.08003125,10,80.03125,8.40625,0.171875,0.328125,0.015625,0.5396825396825399,0.45952380952380967,0.0003962376501567507,0.2996108240998405,0.0003962376501567507,0.2996108240998405,-3.950000000000001,6.449999999999999,19.0,13.0,1,7,11,3,1,38,1,1,0,1
14000215,0.0,0.05,0.5,1.49284375,1.5,0.007156250000000005,5,7.15625,2.21875,0.09375,0.171875,0.015625,0.5428571428571431,0.5071428571428573,0.40350957148388045,0.05050127377461283,0.40350957148388045,0.05050127377461283,-0.75,2.25,3.0,14.0,0,10,3,2,4,28,0,0,16,1
14000216,0.0,0.3,0.75,-0.585796875,-0.5,0.085796875,18,85.796875,8.046875,0.0625,0.34375,0.03125,0.5709677419354844,0.4830645161290324,3.537022276042928e-07,0.29996273576276217,3.537022276042928e-07,0.29996273576276217,-3.4999999999999996,3.0,21.0,5.0,0,4,8,2,0,43,0,1,4,2
14000217,0.0,0.05,0.75,1.046625,1.0499999999999998,0.003375000000000002,2,3.375,1.59375,0.09375,0.125,0.015625,0.5269841269841271,0.5452380952380952,0.48756193227873507,0.05000623514737061,0.48756193227873507,0.05000623514737061,-1.4500000000000002,2.5,4.0,10.0,1,9,1,2,2,18,2,2,26,1
14000218,0.0,0.05,0.75,1.897296875,1.9000000000000001,0.0027031250000000015,1,2.703125,1.390625,0.078125,0.09375,0.03125,0.5225806451612904,0.5677419354838706,0.5240791799250515,0.0500026579123765,0.5240791799250515,0.0500026579123765,-0.8,2.7,3.0,8.0,0,5,0,3,2,19,3,5,25,2
14000219,1.0,0.3,0.25,6.046875000000001,6.050000000000001,0.0031250000000000023,-2,3.125,1.5625,0.234375,0.203125,0.0,0.5343750000000004,0.5609374999999996,0.9999956768184192,0.29815352006969364,0.9999956768184192,0.29815352006969364,-2.25,8.3,14.0,14.0,1,6,2,2,2,16,2,3,30,0
14000220,1.0,0.3,0.25,3.518234374999998,3.599999999999998,0.08176562500000002,-13,81.765625,8.515625,0.328125,0.125,0.0,0.5968750000000007,0.6382812499999992,0.9999999999995748,0.29999993416229226,0.9999999999995748,0.29999993416229226,-1.2500000000000007,4.8500000000000005,19.0,10.0,0,0,0,0,0,5,0,1,58,0
14000221,1.0,0.3,0.5,2.3968749999999863,2.5499999999999865,0.15312499999999998,-18,153.125,10.5625,0.375,0.09375,0.015625,0.5936507936507943,0.6261904761904754,0.9999999999999998,0.2999999996883035,0.9999999999999998,0.2999999996883035,-1.4500000000000008,3.9999999999999996,23.0,7.0,0,1,0,0,1,7,0,0,54,1
14000222,1.0,0.05,0.75,1.3341875000000014,1.3500000000000014,0.01581250000000001,-6,15.8125,3.625,0.171875,0.078125,0.0,0.5718750000000006,0.6054687499999993,0.9858057538525438,0.05185898569798345,0.9858057538525438,0.05185898569798345,-0.15000000000000013,1.4999999999999996,3.0,13.0,0,3,1,0,1,10,1,3,45,0
14000223,1.0,0.05,0.5,5.946484375,5.95,0.0035156250000000023,2,3.515625,1.609375,0.171875,0.203125,0.015625,0.5333333333333337,0.5595238095238092,0.8190361963578106,0.05821870255909901,0.8190361963578106,0.05821870255909901,-1.15,7.099999999999998,6.0,18.0,0,5,0,0,2,26,5,4,21,1
14000224,1.0,0.05,0.25,3.7966093749999996,3.8,0.003390625000000002,0,3.390625,1.578125,0.140625,0.140625,0.03125,0.5225806451612905,0.5169354838709677,0.7672058341844896,0.05028197038824926,0.7672058341844896,0.05028197038824926,-1.25,5.050000000000001,5.0,13.0,1,10,3,2,1,24,2,3,16,2
14000225,1.0,0.3,0.25,7.115578125000004,7.150000000000004,0.034421875,-4,34.421875,5.671875,0.265625,0.203125,0.03125,0.590322580645162,0.6209677419354833,0.9999999991912543,0.29999514961949286,0.9999999991912543,0.29999514961949286,-1.2500000000000004,8.4,16.0,14.0,1,0,0,0,1,9,0,0,51,2
14000226,0.0,0.05,0.25,-0.33423437500000003,-0.30000000000000004,0.034234375,7,34.234375,5.546875,0.0625,0.171875,0.03125,0.5322580645161292,0.48306451612903223,0.45759523507141375,0.05003918500285274,0.45759523507141375,0.05003918500285274,-0.65,0.35000000000000003,2.0,13.0,0,10,6,3,2,32,1,1,7,2
14000227,0.0,0.05,0.75,2.3431874999999995,2.3499999999999996,0.0068125000000000034,3,6.8125,2.25,0.125,0.171875,0.03125,0.5322580645161294,0.5411290322580641,0.6405088255464443,0.050560601124597905,0.6405088255464443,0.050560601124597905,-1.4000000000000001,3.75,4.0,15.0,1,7,2,1,1,23,3,3,21,2
14000228,1.0,0.05,0.25,5.247453125,5.25,0.0025468750000000014,2,2.546875,1.359375,0.125,0.15625,0.015625,0.53968253968254,0.5428571428571427,0.9452488460134985,0.05026535957400244,0.9452488460134985,0.05026535957400244,-0.6500000000000001,5.899999999999999,5.0,13.0,0,5,3,6,2,21,0,0,26,1
14000229,1.0,0.05,0.5,4.547265624999999,4.549999999999999,0.0027343750000000016,-1,2.734375,1.359375,0.171875,0.15625,0.015625,0.5682539682539687,0.5714285714285711,0.9250187134431102,0.05769377738942812,0.9250187134431102,0.05769377738942812,-0.40000000000000013,4.949999999999999,5.0,16.0,0,3,4,1,2,16,1,1,35,1
14000230,0.0,0.3,0.75,-0.2915468749999999,-0.19999999999999996,0.09154687499999999,13,91.546875,8.765625,0.09375,0.296875,0.03125,0.5580645161290326,0.485483870967742,0.0012039592825425361,0.2924403953178942,0.0012039592825425361,0.2924403953178942,-4.3500000000000005,4.15,19.0,6.0,0,4,8,2,1,41,1,2,3,2
14000231,0.0,0.3,0.25,-2.0619531249999996,-1.9999999999999996,0.06195312500000002,14,61.953125,6.359375,0.046875,0.265625,0.015625,0.5523809523809527,0.49761904761904774,0.07095428683441844,0.07673633456229965,0.07095428683441844,0.07673633456229965,-2.9500000000000006,0.9500000000000002,13.0,7.0,1,8,6,1,0,33,1,1,12,1
14000232,1.0,0.05,0.5,3.898421875,3.9,0.001578125000000001,1,1.578125,0.984375,0.125,0.140625,0.03125,0.5258064516129033,0.5290322580645159,0.8548039303072749,0.050124837848091214,0.8548039303072749,0.050124837848091214,-0.55,4.45,4.0,13.0,0,9,3,1,2,23,2,6,16,2
14000233,0.0,0.05,0.25,-1.0395781250000002,-1.0000000000000002,0.039578125000000006,9,39.578125,5.796875,0.046875,0.1875,0.015625,0.5428571428571431,0.4833333333333335,0.10034257145839573,0.050324893644980995,0.10034257145839573,0.050324893644980995,-0.6000000000000001,-0.4000000000000002,3.0,12.0,0,9,9,2,1,31,1,2,8,1
14000234,0.0,0.3,0.75,1.3366250000000002,1.4000000000000001,0.06337500000000001,14,63.375,6.59375,0.109375,0.328125,0.0,0.5750000000000006,0.4765625000000003,1.4185459683144606e-05,0.2998597863811988,1.4185459683144606e-05,0.2998597863811988,-3.2499999999999996,4.65,19.0,9.0,0,6,11,0,1,39,0,1,6,0
14000235,1.0,0.3,0.5,1.2402343749999913,1.3999999999999915,0.15976562500000005,-19,159.765625,11.171875,0.375,0.078125,0.0,0.5937500000000007,0.6335937499999993,0.9999999999999987,0.29999999625385987,0.9999999999999987,0.29999999625385987,-1.8500000000000008,3.2499999999999996,24.0,5.0,0,0,0,0,0,7,1,0,56,0
14000236,1.0,0.3,0.75,-0.16721875000000713,-7.105427357601002e-15,0.16721875000000003,-23,167.21875,10.9375,0.40625,0.046875,0.0,0.5906250000000006,0.6289062499999993,0.9999999999999999,0.2999999998566351,0.9999999999999999,0.2999999998566351,-1.8500000000000008,1.8499999999999996,24.0,5.0,0,0,0,1,0,8,0,1,54,0
14000237,1.0,0.3,0.25,4.811296874999998,4.849999999999998,0.038703125000000005,-13,38.703125,4.703125,0.359375,0.15625,0.0,0.5843750000000006,0.5984374999999994,0.9999999999999981,0.29999999942965716,0.9999999999999981,0.29999999942965716,-2.000000000000001,6.85,23.0,10.0,0,3,0,1,0,15,0,0,45,0
14000238,0.0,0.3,0.75,-0.9767031249999997,-0.8499999999999996,0.126703125,21,126.703125,9.328125,0.078125,0.40625,0.0,0.5875000000000007,0.48359375000000016,2.1670801217051444e-08,0.29999674022605316,2.1670801217051444e-08,0.29999674022605316,-4.250000000000001,3.3999999999999995,23.0,8.0,0,3,7,0,0,51,0,1,2,0
14000239,1.0,0.05,0.5,4.49275,4.5,0.007250000000000006,2,7.25,2.46875,0.109375,0.140625,0.046875,0.5245901639344264,0.5368852459016392,0.8405009316367481,0.0500811022619059,0.8405009316367481,0.0500811022619059,-0.30000000000000004,4.799999999999999,3.0,13.0,0,6,3,4,1,23,3,2,19,3
14000240,0.0,0.05,0.25,-2.6267187499999998,-2.5999999999999996,0.026718750000000017,11,26.71875,4.125,0.0,0.171875,0.046875,0.5377049180327872,0.5147540983606558,0.014632874019816422,0.05052173392677995,0.014632874019816422,0.05052173392677995,-1.05,-1.55,3.0,8.0,1,9,5,2,0,23,1,2,18,3
14000241,0.0,0.05,0.25,-0.4194843749999997,-0.3999999999999997,0.019484375000000005,7,19.484375,3.515625,0.0625,0.171875,0.03125,0.5258064516129034,0.5145161290322582,0.2526715444236066,0.050298198811725627,0.2526715444236066,0.050298198811725627,-0.55,0.1499999999999999,3.0,12.0,1,11,2,2,2,24,1,2,17,2
14000242,0.0,0.05,0.5,2.0478125,2.05,0.002187500000000001,4,2.1875,1.25,0.109375,0.171875,0.03125,0.5193548387096775,0.5338709677419354,0.12523882283017074,0.05449941510287543,0.12523882283017074,0.05449941510287543,-0.35,2.4000000000000004,2.0,16.0,0,9,2,1,3,22,3,5,17,2
14000243,0.0,0.05,0.5,-1.0256093750000004,-1.0000000000000004,0.025609375000000007,10,25.609375,4.453125,0.078125,0.234375,0.03125,0.5064516129032259,0.5072580645161291,0.3825728839761962,0.05852690712972559,0.3825728839761962,0.05852690712972559,-1.55,0.5499999999999999,5.0,15.0,1,9,3,4,2,27,2,4,10,2
14000244,1.0,0.3,0.25,4.784125,4.800000000000001,0.01587500000000001,-5,15.875,3.625,0.25,0.171875,0.015625,0.5650793650793655,0.5952380952380948,0.9999476299929881,0.2979017173922715,0.9999476299929881,0.2979017173922715,-2.0,6.799999999999999,15.0,12.0,1,2,2,0,0,13,2,3,40,1
14000245,0.0,0.3,0.75,1.0142656250000004,1.0500000000000005,0.03573437500000001,12,35.734375,5.390625,0.109375,0.296875,0.0,0.5562500000000001,0.4789062500000002,0.001177563858546847,0.29530026993050557,0.001177563858546847,0.29530026993050557,-3.4,4.45,17.0,9.0,0,10,9,0,3,32,0,1,9,0
14000246,1.0,0.05,0.25,4.2869062499999995,4.3,0.013093750000000008,4,13.09375,2.9375,0.078125,0.140625,0.03125,0.5322580645161291,0.5096774193548387,0.34817518973016887,0.05002713324896738,0.34817518973016887,0.05002713324896738,-0.6499999999999999,4.949999999999999,2.0,12.0,0,10,3,3,1,28,1,2,14,2
14000247,0.0,0.05,0.25,-1.125984375,-1.1,0.025984375000000007,10,25.984375,4.421875,0.046875,0.203125,0.03125,0.5612903225806455,0.5241935483870968,0.14463802034150525,0.051975061262627416,0.14463802034150525,0.051975061262627416,-0.8,-0.30000000000000004,4.0,12.0,0,5,3,1,1,34,1,2,15,2
14000248,1.0,0.05,0.5,4.1479218750000015,4.150000000000001,0.0020781250000000014,-1,2.078125,1.234375,0.15625,0.140625,0.0,0.5437500000000004,0.5656249999999998,0.8261557938372216,0.050985926703422446,0.8261557938372216,0.050985926703422446,-1.35,5.499999999999999,6.0,13.0,1,4,3,2,1,17,2,3,31,0
14000249,1.0,0.3,0.75,1.1361406249999992,1.1999999999999993,0.06385937500000002,-12,63.859375,7.328125,0.25,0.0625,0.0,0.5968750000000007,0.6265624999999994,0.9999994830176238,0.2974978480023184,0.9999994830176238,0.2974978480023184,-1.3000000000000003,2.4999999999999996,14.0,6.0,0,1,0,0,0,8,0,0,55,0
14000250,0.0,0.3,0.5,-1.5215624999999997,-1.3999999999999997,0.12156249999999999,20,121.5625,9.0,0.0625,0.375,0.015625,0.5841269841269846,0.4857142857142859,2.739009988137291e-07,0.2999589738098835,2.739009988137291e-07,0.2999589738098835,-4.400000000000001,3.0,23.0,5.0,0,4,7,0,1,46,0,0,5,1
14000251,0.0,0.05,0.75,3.197328125,3.1999999999999997,0.002671875000000002,-1,2.671875,1.390625,0.109375,0.09375,0.0,0.5562500000000005,0.5820312499999996,0.8814792327466867,0.05001037831247382,0.8814792327466867,0.05001037831247382,-0.55,3.7499999999999996,1.0,12.0,1,3,0,1,3,17,1,2,36,0
14000252,1.0,0.05,0.75,1.8934843750000003,1.9000000000000004,0.006515625000000004,-5,6.515625,2.078125,0.15625,0.078125,0.015625,0.5619047619047625,0.5666666666666661,0.8693235028023074,0.05038443713603784,0.8693235028023074,0.05038443713603784,-0.30000000000000004,2.2,3.0,12.0,0,5,1,2,1,20,1,0,33,1
14000253,1.0,0.3,0.75,-0.5494687500000093,-0.40000000000000924,0.14946875000000004,-20,149.46875,10.59375,0.359375,0.046875,0.015625,0.6000000000000008,0.6142857142857137,0.9999999999997212,0.2999998454207954,0.9999999999997212,0.2999998454207954,-1.3000000000000005,0.8999999999999997,17.0,9.0,0,0,1,0,0,13,0,0,49,1
14000254,1.0,0.05,0.75,0.44234375000000015,0.4500000000000002,0.007656250000000006,-4,7.65625,2.28125,0.09375,0.03125,0.03125,0.5806451612903233,0.5943548387096769,0.9021192889055977,0.05000319325362324,0.9021192889055977,0.05000319325362324,-0.10000000000000009,0.55,2.0,6.0,0,4,1,0,0,13,1,0,43,2
14000255,0.0,0.3,0.5,-3.7449687500000017,-3.450000000000002,0.29496875,25,294.96875,15.21875,0.03125,0.421875,0.015625,0.590476190476191,0.47380952380952396,4.641623375167508e-09,0.2999952286201146,4.641623375167508e-09,0.2999952286201146,-4.650000000000001,1.2000000000000002,25.0,4.0,0,2,9,0,1,51,0,0,0,1
14000256,0.0,0.3,0.25,-3.502640625000002,-3.200000000000002,0.30264062499999994,26,302.640625,15.640625,0.046875,0.453125,0.03125,0.5903225806451619,0.4758064516129034,2.6957971112119456e-09,0.29999907385174124,2.6957971112119456e-09,0.29999907385174124,-4.450000000000001,1.2500000000000002,23.0,9.0,0,3,7,0,0,52,0,0,0,2
14000257,0.0,0.3,0.75,-2.2323749999999998,-2.05,0.18237500000000004,22,182.375,11.90625,0.0625,0.40625,0.0,0.5843750000000005,0.48125000000000007,1.6505160298597393e-07,0.29997937638952865,1.6505160298597393e-07,0.29997937638952865,-5.100000000000001,3.05,26.0,4.0,0,3,6,1,0,53,0,0,1,0
14000258,0.0,0.05,0.75,1.2461875,1.25,0.0038125000000000025,2,3.8125,1.75,0.078125,0.109375,0.015625,0.5206349206349206,0.5499999999999999,0.5357318024608688,0.0500032669645395,0.5357318024608688,0.0500032669645395,-0.5,1.75,2.0,10.0,1,6,0,4,4,20,1,3,24,1
14000259,0.0,0.05,0.5,-2.9284843750000005,-2.8500000000000005,0.07848437500000001,18,78.484375,6.765625,0.03125,0.3125,0.0,0.5531250000000003,0.5023437500000002,0.0005558677387353009,0.27319879489378995,0.0005558677387353009,0.27319879489378995,-1.2999999999999998,-1.5500000000000003,7.0,15.0,0,7,2,4,0,41,0,0,10,0
14000260,0.0,0.05,0.5,-0.11570312500000013,-0.10000000000000012,0.01570312500000001,10,15.703125,3.078125,0.09375,0.25,0.0,0.5406250000000004,0.5257812499999999,0.2990320084028659,0.07981368001774856,0.2990320084028659,0.07981368001774856,-2.0500000000000003,1.95,7.0,15.0,1,5,3,2,2,31,1,4,15,0
14000261,1.0,0.05,0.75,0.5480937499999978,0.5999999999999979,0.05190625000000002,-10,51.90625,6.09375,0.203125,0.046875,0.0,0.5968750000000007,0.6265624999999992,0.9985974597345226,0.09386190766241288,0.9985974597345226,0.09386190766241288,-0.4500000000000002,1.05,6.0,10.0,0,0,0,0,0,10,0,1,53,0
14000262,1.0,0.05,0.25,7.930843749999999,7.949999999999999,0.01915625000000001,6,19.15625,3.53125,0.125,0.21875,0.015625,0.5269841269841271,0.49761904761904785,0.7957190461536503,0.052046405416234585,0.7957190461536503,0.052046405416234585,-0.8999999999999999,8.850000000000001,4.0,18.0,2,11,4,3,1,26,0,1,15,1
14000263,1.0,0.05,0.5,6.2975625,6.3,0.0024375000000000013,0,2.4375,1.1875,0.1875,0.1875,0.015625,0.542857142857143,0.5547619047619047,0.989446761080696,0.1794532527210156,0.989446761080696,0.1794532527210156,-0.6000000000000001,6.9,5.0,19.0,0,4,4,2,3,19,2,3,26,1
14000264,0.0,0.05,0.75,0.29742187500000006,0.30000000000000004,0.0025781250000000014,4,2.578125,1.359375,0.0625,0.125,0.03125,0.545161290322581,0.5749999999999997,0.11510489166019817,0.05005736111937844,0.11510489166019817,0.05005736111937844,-0.35,0.6499999999999999,2.0,10.0,0,6,0,2,2,15,1,3,33,2
14000265,1.0,0.05,0.5,3.0480312499999997,3.05,0.001968750000000001,-2,1.96875,0.96875,0.140625,0.109375,0.015625,0.571428571428572,0.5785714285714281,0.6418714230382664,0.05008327250308763,0.6418714230382664,0.05008327250308763,-0.25,3.2999999999999994,1.0,15.0,0,2,1,0,0,24,2,3,31,1
14000266,1.0,0.05,0.25,8.99115625,9.0,0.008843750000000006,6,8.84375,2.5,0.15625,0.25,0.015625,0.5460317460317462,0.5309523809523808,0.6569186115171565,0.10584567080506056,0.6569186115171565,0.10584567080506056,-0.30000000000000004,9.299999999999999,3.0,23.0,1,8,2,2,1,25,1,0,23,1
14000267,0.0,0.05,0.25,-0.9720937499999998,-0.9499999999999997,0.022093750000000013,9,22.09375,4.0625,0.0625,0.203125,0.03125,0.5322580645161292,0.48306451612903234,0.17272256440891331,0.05107956224939766,0.17272256440891331,0.05107956224939766,-0.3999999999999999,-0.55,2.0,15.0,2,13,5,0,1,28,1,1,11,2
14000268,0.0,0.05,0.25,-1.6685781249999998,-1.5999999999999996,0.06857812500000005,11,68.578125,7.640625,0.03125,0.203125,0.03125,0.5548387096774197,0.4879032258064516,0.06731760897036412,0.05120841040551613,0.06731760897036412,0.05120841040551613,-0.2,-1.3999999999999995,1.0,14.0,0,6,5,2,2,41,1,0,5,2
14000269,0.0,0.05,0.25,-0.11951562499999988,-0.09999999999999987,0.01951562500000001,6,19.515625,3.984375,0.0625,0.15625,0.0,0.5093750000000001,0.49531250000000004,0.2040126017773113,0.05008416196195464,0.2040126017773113,0.05008416196195464,-0.55,0.4500000000000001,3.0,11.0,1,13,5,3,0,25,2,4,11,0
14000270,1.0,0.3,0.75,1.4603124999999955,1.5499999999999954,0.0896875,-14,89.6875,8.25,0.28125,0.0625,0.0,0.5968750000000007,0.6335937499999993,0.9999999995866019,0.2999714991751611,0.9999999995866019,0.2999714991751611,-0.9000000000000006,2.4499999999999997,15.0,7.0,0,0,0,0,0,7,0,1,56,0
14000271,1.0,0.05,0.5,1.7952968749999998,1.7999999999999998,0.004703125000000003,-2,4.703125,1.828125,0.15625,0.125,0.0625,0.5300000000000002,0.5524999999999999,0.5113878691016855,0.05012178807855086,0.5113878691016855,0.05012178807855086,-1.5,3.3,5.0,13.0,1,7,1,4,0,17,2,0,28,4
14000272,1.0,0.3,0.75,-0.48525000000000496,-0.350000000000005,0.13525,-19,135.25,10.1875,0.328125,0.03125,0.0,0.5937500000000007,0.6265624999999992,0.9999999999991802,0.299999203212116,0.9999999999991802,0.299999203212116,-1.3500000000000005,0.9999999999999998,18.0,5.0,0,1,0,0,0,8,0,1,54,0
14000273,1.0,0.05,0.75,1.1484062500000003,1.1500000000000004,0.001593750000000001,-3,1.59375,0.8125,0.125,0.078125,0.03125,0.541935483870968,0.5677419354838706,0.7613574391703963,0.050013476230865155,0.7613574391703963,0.050013476230865155,-0.10000000000000009,1.2499999999999998,2.0,11.0,1,7,0,2,1,15,1,2,33,2
14000274,0.0,0.3,0.75,1.1179375000000005,1.2000000000000004,0.0820625,16,82.0625,8.03125,0.125,0.375,0.03125,0.5709677419354843,0.46370967741935515,4.228413915327892e-08,0.2999984559264914,4.228413915327892e-08,0.2999984559264914,-3.8500000000000005,5.049999999999999,22.0,10.0,0,8,12,0,0,37,0,1,4,2
14000275,1.0,0.05,0.5,3.7464687499999996,3.7499999999999996,0.0035312500000000023,2,3.53125,1.625,0.09375,0.125,0.046875,0.5377049180327872,0.5491803278688522,0.7609098993760756,0.05001571281819669,0.7609098993760756,0.05001571281819669,-0.30000000000000004,4.049999999999999,3.0,11.0,0,5,1,4,1,24,1,3,22,3
14000276,1.0,0.3,0.25,4.713781249999997,4.7499999999999964,0.03621875000000001,-10,36.21875,4.4375,0.328125,0.171875,0.0,0.5718750000000007,0.6078124999999993,0.999999999984995,0.2999998595669184,0.999999999984995,0.2999998595669184,-2.1499999999999995,6.9,20.0,12.0,0,3,0,2,0,10,0,2,47,0
14000277,1.0,0.05,0.75,2.044156250000001,2.0500000000000007,0.005843750000000004,-3,5.84375,2.125,0.125,0.078125,0.0,0.5625000000000006,0.5914062499999995,0.8716875675432367,0.05002984659285317,0.8716875675432367,0.05002984659285317,-0.65,2.6999999999999997,3.0,10.0,0,3,0,3,1,15,1,0,41,0
14000278,0.0,0.3,0.25,-4.4772500000000015,-4.350000000000001,0.12725,21,127.25,9.4375,0.015625,0.34375,0.0,0.5625000000000003,0.49296875000000007,0.00010434344864120619,0.2891101432318065,0.00010434344864120619,0.2891101432318065,-3.700000000000001,-0.65,15.0,8.0,0,7,4,0,1,44,1,2,5,0
14000279,0.0,0.3,0.25,-4.996234375000001,-4.750000000000001,0.246234375,25,246.234375,13.171875,0.0,0.390625,0.015625,0.5777777777777783,0.47142857142857164,1.9556796163929514e-08,0.2999526620845796,1.9556796163929514e-08,0.2999526620845796,-3.6000000000000005,-1.15,20.0,5.0,0,5,11,1,0,42,0,0,4,1
14000280,0.0,0.3,0.75,1.5421874999999996,1.5999999999999996,0.05781250000000003,12,57.8125,6.65625,0.109375,0.296875,0.03125,0.5741935483870971,0.5000000000000002,4.014004690516096e-06,0.2998884147784035,4.014004690516096e-06,0.2998884147784035,-3.2500000000000004,4.85,18.0,8.0,0,3,10,1,1,34,0,2,11,2
14000281,0.0,0.3,0.75,1.6778281250000004,1.7500000000000004,0.07217187500000001,13,72.171875,7.453125,0.140625,0.34375,0.03125,0.5516129032258068,0.478225806451613,9.164655273138037e-07,0.29999048520381133,9.164655273138037e-07,0.29999048520381133,-4.050000000000001,5.799999999999999,20.0,11.0,0,9,7,1,1,37,0,3,4,2
14000282,1.0,0.05,0.5,3.7472187499999996,3.7499999999999996,0.0027812500000000016,2,2.78125,1.46875,0.09375,0.125,0.03125,0.541935483870968,0.5411290322580642,0.831727622130661,0.05001132572749147,0.831727622130661,0.05001132572749147,-0.30000000000000004,4.049999999999999,3.0,11.0,0,4,2,4,1,28,1,3,19,2
14000283,0.0,0.3,0.5,-2.693296875000001,-2.550000000000001,0.14329687500000002,21,143.296875,10.484375,0.046875,0.375,0.03125,0.5806451612903231,0.47580645161290347,4.394269127800591e-07,0.2999060490966096,4.394269127800591e-07,0.2999060490966096,-3.1,0.55,17.0,10.0,1,4,6,0,0,50,0,0,1,2
14000284,1.0,0.05,0.5,2.2984531249999995,2.2999999999999994,0.001546875000000001,1,1.546875,0.953125,0.0625,0.078125,0.015625,0.5492063492063496,0.5571428571428569,0.6789182221796916,0.050000353080978055,0.6789182221796916,0.050000353080978055,-0.10000000000000009,2.3999999999999995,2.0,7.0,0,6,2,3,2,18,0,2,30,1
14000285,1.0,0.3,0.25,4.8558437499999965,4.899999999999997,0.044156250000000015,-10,44.15625,6.15625,0.3125,0.15625,0.0,0.5968750000000007,0.6359374999999993,0.999999999991162,0.2999997747808215,0.999999999991162,0.2999997747808215,-1.5500000000000005,6.450000000000001,19.0,11.0,0,0,0,0,0,6,0,1,57,0
14000286,0.0,0.05,0.25,-0.5482812500000002,-0.5000000000000001,0.048281250000000026,12,48.28125,6.09375,0.09375,0.28125,0.0,0.5562500000000002,0.4953125000000001,0.05654753463427537,0.19541984000768625,0.05654753463427537,0.19541984000768625,-0.4,-0.10000000000000009,2.0,22.0,0,9,5,0,2,36,0,3,9,0
14000287,1.0,0.05,0.25,5.2870937499999995,5.3,0.01290625000000001,4,12.90625,3.375,0.09375,0.15625,0.015625,0.5333333333333335,0.5047619047619047,0.623770363019174,0.05005422387814179,0.623770363019174,0.05005422387814179,-0.75,6.049999999999999,3.0,13.0,0,11,6,1,1,25,3,1,15,1
14000288,0.0,0.3,0.75,1.32103125,1.4000000000000001,0.07896875,12,78.96875,7.75,0.125,0.3125,0.0625,0.556666666666667,0.47000000000000014,0.0002368940663259353,0.29952125816310843,0.0002368940663259353,0.29952125816310843,-3.9500000000000006,5.35,19.0,9.0,0,9,5,2,0,42,0,0,2,4
14000289,1.0,0.05,0.75,2.296031250000001,2.3000000000000007,0.003968750000000002,-3,3.96875,1.5625,0.15625,0.109375,0.015625,0.5587301587301591,0.5738095238095233,0.9499015506865233,0.05085054667318945,0.9499015506865233,0.05085054667318945,-0.10000000000000009,2.3999999999999995,2.0,15.0,0,6,1,1,3,14,0,2,36,1
14000290,0.0,0.05,0.25,-0.06951562499999989,-0.04999999999999988,0.019515625000000012,6,19.515625,4.046875,0.0625,0.15625,0.03125,0.5096774193548387,0.5072580645161291,0.31287910234470606,0.050071736327626105,0.31287910234470606,0.050071736327626105,-0.55,0.5000000000000002,2.0,12.0,0,10,5,3,5,21,2,3,13,2
14000291,0.0,0.3,0.25,-3.773500000000001,-3.6500000000000012,0.12349999999999997,19,123.5,9.59375,0.0,0.296875,0.015625,0.5682539682539689,0.47857142857142865,0.0002826948130599891,0.25633484765165043,0.0002826948130599891,0.25633484765165043,-3.0500000000000007,-0.6000000000000001,16.0,3.0,0,7,7,0,0,44,1,1,3,1
14000292,0.0,0.3,0.5,1.1568750000000005,1.2500000000000004,0.09312499999999996,13,93.125,8.71875,0.125,0.328125,0.0,0.5656250000000004,0.47421875000000013,8.28761440709195e-05,0.2995748795526084,8.28761440709195e-05,0.2995748795526084,-3.35,4.6,16.0,13.0,0,6,13,0,0,37,1,3,4,0
14000293,0.0,0.3,0.75,-0.011296874999999929,0.10000000000000009,0.11129687500000002,16,111.296875,9.015625,0.109375,0.359375,0.0,0.5812500000000006,0.47656250000000017,3.1517900988901824e-06,0.2999398266193574,3.1517900988901824e-06,0.2999398266193574,-4.450000000000001,4.55,22.0,8.0,0,5,10,0,1,43,0,0,5,0
14000294,1.0,0.3,0.75,1.9382499999999936,2.0499999999999936,0.11174999999999999,-18,111.75,9.3125,0.375,0.09375,0.015625,0.5936507936507943,0.6309523809523803,0.9999999999999993,0.29999999844101644,0.9999999999999993,0.29999999844101644,-1.300000000000001,3.3499999999999996,21.0,9.0,0,1,0,0,1,5,0,0,56,1
14000295,1.0,0.3,0.5,1.9313124999999947,1.9999999999999947,0.06868750000000001,-14,68.6875,7.28125,0.3125,0.09375,0.0,0.6000000000000008,0.6265624999999992,0.9999999998586481,0.2999953536011355,0.9999999998586481,0.2999953536011355,-1.8500000000000005,3.8499999999999996,19.0,7.0,0,0,1,0,0,8,0,0,55,0
14000296,0.0,0.05,0.25,-1.282921875,-1.25,0.03292187500000001,9,32.921875,5.171875,0.046875,0.1875,0.015625,0.5301587301587304,0.5023809523809524,0.18127700369410896,0.05022237710169452,0.18127700369410896,0.05022237710169452,-1.6500000000000004,0.4000000000000001,5.0,10.0,1,7,7,3,1,28,1,4,11,1
14000297,0.0,0.05,0.25,-0.765734375,-0.75,0.015734375000000012,8,15.734375,3.484375,0.046875,0.171875,0.03125,0.545161290322581,0.5241935483870965,0.1777731424930479,0.05041793913507463,0.1777731424930479,0.05041793913507463,-0.7,-0.04999999999999993,3.0,11.0,0,8,2,3,0,29,0,3,17,2
14000298,0.0,0.05,0.25,-1.4846875000000004,-1.4500000000000004,0.03468750000000001,9,34.6875,5.375,0.046875,0.1875,0.03125,0.545161290322581,0.5145161290322581,0.11186405958429242,0.0505731651713333,0.11186405958429242,0.0505731651713333,-0.9,-0.5500000000000003,3.0,12.0,0,5,4,5,1,32,0,1,14,2
14000299,0.0,0.3,0.25,-4.34809375,-4.1000000000000005,0.24809375000000003,27,248.09375,13.84375,0.03125,0.453125,0.0,0.5906250000000006,0.4695312500000002,2.089980876891389e-10,0.2999993006354869,2.089980876891389e-10,0.2999993006354869,-4.6000000000000005,0.4999999999999998,25.0,6.0,0,2,11,0,1,50,0,0,0,0
14000300,0.0,0.3,0.5,1.5118125,1.65,0.13818750000000002,16,138.1875,10.25,0.140625,0.390625,0.0,0.5750000000000006,0.4835937500000001,5.969086482223869e-08,0.2999993573244278,5.969086482223869e-08,0.2999993573244278,-4.450000000000001,6.1000000000000005,23.0,11.0,0,4,7,2,0,47,0,0,4,0
14000301,0.0,0.05,0.25,-2.0934062500000006,-2.0500000000000007,0.043406250000000014,11,43.40625,5.28125,0.046875,0.21875,0.0,0.5343750000000004,0.49765625000000024,0.11728415995685978,0.05072745807661784,0.11728415995685978,0.05072745807661784,0.0,-2.0500000000000007,0.0,17.0,0,9,6,5,0,30,1,0,13,0
14000302,1.0,0.05,0.25,3.9489062499999994,3.9499999999999993,0.0010937500000000008,2,1.09375,0.84375,0.09375,0.125,0.03125,0.5387096774193553,0.5532258064516128,0.9367964117145174,0.05002060086373166,0.9367964117145174,0.05002060086373166,-0.55,4.499999999999999,5.0,9.0,0,6,1,4,0,22,2,1,26,2
14000303,1.0,0.3,0.75,0.1255624999999929,0.2499999999999929,0.1244375,-20,124.4375,9.46875,0.359375,0.046875,0.015625,0.5968253968253975,0.6333333333333326,0.9999999999999952,0.2999999825138898,0.9999999999999952,0.2999999825138898,-1.2500000000000007,1.4999999999999998,20.0,6.0,0,0,0,0,0,7,0,1,55,1
14000304,0.0,0.3,0.25,-2.375,-2.25,0.12499999999999999,19,125.0,9.78125,0.0625,0.359375,0.046875,0.5573770491803282,0.455737704918033,8.389032361090484e-06,0.29952165597036445,8.389032361090484e-06,0.29952165597036445,-3.0500000000000003,0.8,16.0,11.0,0,8,12,2,1,36,0,0,2,3
14000305,0.0,0.05,0.25,-0.607125,-0.55,0.05712500000000002,13,57.125,6.6875,0.09375,0.296875,0.015625,0.5396825396825399,0.4761904761904764,0.019225003178224807,0.2471743358972906,0.019225003178224807,0.2471743358972906,-1.55,1.0,8.0,17.0,0,10,7,2,3,34,0,2,5,1
14000306,0.0,0.3,0.75,0.4772500000000003,0.5500000000000003,0.07275000000000001,13,72.75,7.65625,0.09375,0.296875,0.0,0.5375000000000001,0.46015625000000016,0.0011866774764735472,0.2909350413088341,0.0011866774764735472,0.2909350413088341,-2.7499999999999996,3.2999999999999994,16.0,9.0,0,12,10,2,0,35,0,4,1,0
14000307,1.0,0.3,0.5,1.094890624999995,1.149999999999995,0.055109375000000016,-15,55.109375,5.703125,0.3125,0.078125,0.0,0.5843750000000008,0.6101562499999993,0.9999999998686595,0.2999936346837842,0.9999999998686595,0.2999936346837842,-2.0000000000000004,3.1499999999999995,18.0,7.0,0,3,1,0,0,9,0,2,49,0
14000308,1.0,0.05,0.25,7.135593749999999,7.1499999999999995,0.014406250000000008,6,14.40625,2.875,0.109375,0.203125,0.0,0.5281250000000003,0.5234375,0.8261753154583454,0.05048807035653383,0.8261753154583454,0.05048807035653383,-1.8000000000000003,8.949999999999998,7.0,13.0,1,7,4,4,1,25,1,3,18,0
14000309,0.0,0.05,0.25,-0.7862499999999998,-0.7499999999999998,0.03625000000000001,9,36.25,4.84375,0.0625,0.203125,0.03125,0.5161290322580646,0.5169354838709677,0.1381397237587804,0.0533040635720401,0.1381397237587804,0.0533040635720401,-0.65,-0.09999999999999987,3.0,14.0,1,7,6,4,1,22,3,2,16,2
14000310,0.0,0.05,0.75,1.7940781249999997,1.7999999999999998,0.005921875000000004,1,5.921875,2.046875,0.09375,0.109375,0.03125,0.5516129032258068,0.5604838709677418,0.3664588460700335,0.05000978057570308,0.3664588460700335,0.05000978057570308,-0.8500000000000001,2.6500000000000004,3.0,10.0,1,6,2,2,0,17,1,1,32,2
14000311,1.0,0.05,0.5,2.8447499999999994,2.8499999999999996,0.005250000000000004,1,5.25,2.03125,0.09375,0.109375,0.015625,0.5396825396825401,0.5547619047619046,0.3347512995289885,0.050008527502890275,0.3347512995289885,0.050008527502890275,-0.19999999999999996,3.05,1.0,12.0,1,4,4,3,0,19,3,1,28,1
14000312,1.0,0.3,0.5,6.297390624999998,6.349999999999998,0.05260937500000001,-9,52.609375,6.609375,0.34375,0.203125,0.0,0.5937500000000007,0.6171874999999993,0.9999999999998852,0.29999999450936077,0.9999999999998852,0.29999999450936077,-2.25,8.600000000000001,22.0,13.0,0,1,0,0,1,11,0,0,51,0
14000313,1.0,0.05,0.75,1.2872187500000016,1.3000000000000016,0.01278125000000001,-5,12.78125,3.375,0.15625,0.078125,0.0,0.5781250000000007,0.6101562499999994,0.9617468087847868,0.05025664714610023,0.9617468087847868,0.05025664714610023,-0.6500000000000001,1.9499999999999997,5.0,10.0,0,2,1,2,0,9,0,1,49,0
14000314,0.0,0.05,0.5,3.8986562499999997,3.9,0.0013437500000000008,1,1.34375,0.9375,0.15625,0.171875,0.015625,0.5301587301587303,0.5309523809523808,0.4079297069061221,0.05220633486401651,0.4079297069061221,0.05220633486401651,-0.75,4.65,3.0,18.0,0,6,4,5,3,22,0,3,20,1
14000315,1.0,0.3,0.5,2.7665624999999943,2.8499999999999943,0.08343750000000001,-18,83.4375,7.90625,0.390625,0.109375,0.0,0.5968750000000007,0.6335937499999993,1.0,0.29999999989372944,1.0,0.29999999989372944,-1.7000000000000008,4.549999999999999,25.0,7.0,0,0,0,0,1,6,0,0,57,0
14000316,0.0,0.05,0.25,0.4370781249999999,0.4499999999999999,0.012921875000000008,6,12.921875,2.859375,0.078125,0.171875,0.0625,0.546666666666667,0.5325,0.6130988820422795,0.05039614678105605,0.6130988820422795,0.05039614678105605,-0.8999999999999999,1.3499999999999999,3.0,13.0,0,4,3,2,1,30,3,1,16,4
14000317,0.0,0.3,0.25,-3.5126718750000014,-3.4000000000000012,0.112671875,20,112.671875,9.015625,0.03125,0.34375,0.03125,0.5774193548387101,0.4782258064516131,1.0683816445881892e-05,0.2979418671834419,1.0683816445881892e-05,0.2979418671834419,-3.3000000000000003,-0.09999999999999998,16.0,8.0,0,4,11,0,1,40,0,2,4,2
14000318,1.0,0.3,0.75,0.6179218749999964,0.7499999999999964,0.132078125,-19,132.078125,10.296875,0.359375,0.0625,0.0,0.5937500000000007,0.6265624999999994,0.9999999999999892,0.2999999747608964,0.9999999999999892,0.2999999747608964,-1.7500000000000009,2.5,21.0,6.0,0,1,1,0,0,6,0,1,55,0
14000319,0.0,0.3,0.75,1.583546875,1.65,0.066453125,13,66.453125,7.640625,0.15625,0.359375,0.015625,0.5428571428571431,0.4833333333333333,3.413199740280476e-06,0.2999865334354652,3.413199740280476e-06,0.2999865334354652,-4.65,6.299999999999999,21.0,12.0,0,7,7,3,2,37,0,3,4,1
14000320,0.0,0.3,0.5,0.16349999999999995,0.19999999999999996,0.03650000000000001,8,36.5,5.75,0.09375,0.21875,0.046875,0.5311475409836066,0.487704918032787,0.5533738377103067,0.05181801402100282,0.5533738377103067,0.05181801402100282,-2.6999999999999997,2.9000000000000004,10.0,10.0,0,8,7,3,1,32,1,4,5,3
14000321,1.0,0.05,0.75,1.1466093749999995,1.1499999999999995,0.003390625000000002,-2,3.390625,1.703125,0.078125,0.046875,0.03125,0.5612903225806458,0.5991935483870963,0.7827392607271182,0.050000737562309154,0.7827392607271182,0.050000737562309154,-0.19999999999999996,1.3499999999999996,2.0,6.0,1,1,2,1,0,12,3,1,41,2
14000322,0.0,0.3,0.25,-1.3951562499999997,-1.2999999999999996,0.09515625000000001,19,95.15625,7.875,0.0625,0.359375,0.0,0.5656250000000004,0.4671875000000003,4.572880353648011e-06,0.29966740237946476,4.572880353648011e-06,0.29966740237946476,-2.05,0.75,13.0,14.0,0,9,9,0,2,40,0,0,4,0
14000323,1.0,0.3,0.25,6.062890624999992,6.1499999999999915,0.08710937500000002,-12,87.109375,8.234375,0.375,0.1875,0.0,0.5906250000000006,0.6265624999999994,0.9999999999999998,0.2999999999510953,0.9999999999999998,0.2999999999510953,-1.6000000000000008,7.750000000000002,23.0,13.0,0,0,0,0,2,8,0,1,53,0
14000324,0.0,0.3,0.75,-0.7924843749999994,-0.6999999999999993,0.09248437500000002,17,92.484375,7.734375,0.09375,0.359375,0.0,0.5687500000000005,0.47656250000000006,0.00011927169293997008,0.2992613086797433,0.00011927169293997008,0.2992613086797433,-3.9000000000000012,3.1999999999999993,20.0,9.0,0,6,6,1,0,49,0,2,0,0
14000325,0.0,0.3,0.25,-5.3946562500000015,-5.200000000000001,0.19465625,26,194.65625,11.9375,0.0,0.40625,0.0,0.5750000000000005,0.4765625000000001,1.1905267566146957e-08,0.2999665988042343,1.1905267566146957e-08,0.2999665988042343,-3.3500000000000005,-1.85,17.0,9.0,0,8,8,0,0,42,0,0,6,0
14000326,0.0,0.3,0.25,-1.569328125,-1.5,0.06932812500000002,16,69.328125,7.109375,0.078125,0.328125,0.015625,0.5619047619047622,0.49523809523809514,0.0008797022832433148,0.2933082480951601,0.0008797022832433148,0.2933082480951601,-4.4,2.9,19.0,7.0,0,5,8,2,2,35,0,1,10,1
14000327,0.0,0.05,0.25,-3.1795781250000004,-3.1000000000000005,0.079578125,14,79.578125,7.890625,0.015625,0.234375,0.03125,0.5806451612903231,0.4927419354838711,0.01581883407492699,0.05581180535666814,0.01581883407492699,0.05581180535666814,-1.0000000000000002,-2.1000000000000005,5.0,11.0,0,4,7,1,0,42,0,0,8,2
14000328,0.0,0.05,0.25,0.1899218749999998,0.1999999999999998,0.010078125000000007,5,10.078125,2.578125,0.0625,0.140625,0.03125,0.535483870967742,0.5314516129032258,0.5557181965602948,0.05002201686959066,0.5557181965602948,0.05002201686959066,0.0,0.1999999999999998,0.0,13.0,0,7,3,2,6,21,1,1,21,2
14000329,0.0,0.3,0.75,1.297515625,1.3499999999999999,0.052484375000000014,11,52.484375,6.453125,0.109375,0.28125,0.03125,0.5580645161290329,0.5096774193548386,0.027937988282777246,0.2829974699744099,0.027937988282777246,0.2829974699744099,-4.1000000000000005,5.45,17.0,8.0,0,4,5,1,1,38,2,2,9,2
14000330,0.0,0.3,0.25,-3.612796875,-3.35,0.262796875,26,262.796875,14.578125,0.03125,0.4375,0.0,0.5750000000000004,0.46250000000000024,1.0450369517702154e-10,0.2999994480416951,1.0450369517702154e-10,0.2999994480416951,-3.05,-0.3000000000000001,18.0,12.0,0,5,12,1,0,45,0,1,0,0
14000331,0.0,0.05,0.5,-0.20776562499999998,-0.19999999999999998,0.007765625000000003,7,7.765625,2.328125,0.09375,0.203125,0.0,0.5375000000000004,0.5398437499999998,0.25244909210476846,0.0524185769669535,0.25244909210476846,0.0524185769669535,-0.95,0.7500000000000002,3.0,16.0,2,6,3,2,0,23,1,4,23,0
14000332,0.0,0.05,0.75,2.0492343749999997,2.05,0.0007656250000000005,-1,0.765625,0.671875,0.078125,0.0625,0.0,0.5437500000000003,0.5796874999999997,0.5485125391646666,0.05000014638440376,0.5485125391646666,0.05000014638440376,-1.1,3.1500000000000004,3.0,6.0,0,7,0,3,2,11,0,3,38,0
14000333,0.0,0.3,0.25,-5.107062500000001,-4.800000000000002,0.3070625,29,307.0625,15.1875,0.015625,0.46875,0.0,0.5781250000000007,0.47421875000000013,1.3296936650985364e-11,0.2999998558890504,1.3296936650985364e-11,0.2999998558890504,-4.000000000000001,-0.7999999999999998,22.0,9.0,0,5,8,0,0,49,1,0,1,0
14000334,0.0,0.05,0.5,1.297890625,1.3,0.0021093750000000014,2,2.109375,1.203125,0.09375,0.125,0.015625,0.5396825396825399,0.5499999999999997,0.38625681343001067,0.05001140301115323,0.38625681343001067,0.05001140301115323,-1.0,2.3,3.0,11.0,0,9,0,1,3,20,1,3,26,1
14000335,1.0,0.3,0.75,1.5855312499999894,1.7499999999999893,0.16446874999999997,-19,164.46875,11.5625,0.375,0.078125,0.0,0.6000000000000006,0.6382812499999992,0.9999999999999999,0.29999999899682617,0.9999999999999999,0.29999999899682617,-0.9500000000000008,2.6999999999999997,19.0,10.0,0,0,0,0,0,5,0,0,59,0
14000336,1.0,0.3,0.25,3.8853593749999975,3.9499999999999975,0.06464062500000003,-11,64.640625,7.328125,0.296875,0.125,0.0,0.6000000000000006,0.6171874999999993,0.999999999756346,0.29999754902473613,0.999999999756346,0.29999754902473613,-1.5000000000000004,5.449999999999998,18.0,9.0,0,0,0,0,0,14,0,0,50,0
14000337,1.0,0.3,0.25,3.9186249999999956,3.9499999999999957,0.03137500000000001,-12,31.375,4.46875,0.359375,0.171875,0.015625,0.5682539682539688,0.5952380952380948,0.9999999999874135,0.299999960683137,0.9999999999874135,0.299999960683137,-3.0999999999999988,7.049999999999999,22.0,12.0,0,2,0,3,1,15,0,1,41,1
14000338,0.0,0.05,0.25,-1.93671875,-1.9000000000000001,0.036718750000000015,12,36.71875,5.40625,0.046875,0.234375,0.015625,0.542857142857143,0.5095238095238096,0.12411188675192962,0.05318243059280169,0.12411188675192962,0.05318243059280169,-1.65,-0.25000000000000006,5.0,13.0,1,6,2,1,3,37,0,5,8,1
14000339,1.0,0.3,0.5,1.7445781249999979,1.8499999999999979,0.10542187499999994,-15,105.421875,9.453125,0.328125,0.09375,0.0,0.5968750000000007,0.6312499999999993,0.9999999999935058,0.29999922697397025,0.9999999999935058,0.29999922697397025,-1.6000000000000008,3.4499999999999993,20.0,7.0,0,1,1,0,0,4,0,0,58,0
14000340,0.0,0.05,0.5,-1.1290625000000003,-1.1000000000000003,0.029062500000000015,8,29.0625,4.6875,0.046875,0.171875,0.0,0.5625000000000003,0.5257812500000001,0.19603546785537956,0.05010600145137426,0.19603546785537956,0.05010600145137426,-0.75,-0.35000000000000026,3.0,11.0,0,5,6,1,2,28,0,3,19,0
14000341,1.0,0.3,0.25,4.490703124999996,4.4999999999999964,0.009296875000000003,-8,9.296875,1.984375,0.296875,0.171875,0.0,0.5593750000000003,0.5843749999999995,0.9999999910559664,0.29999171026304833,0.9999999910559664,0.29999171026304833,-2.0999999999999996,6.6,17.0,13.0,0,1,1,2,2,20,0,6,32,0
14000342,0.0,0.05,0.25,-4.200640625,-4.1000000000000005,0.100640625,17,100.640625,8.609375,0.0,0.265625,0.0,0.5531250000000004,0.4835937500000003,0.001717169871686842,0.09445367684576977,0.001717169871686842,0.09445367684576977,-0.8,-3.3000000000000007,5.0,12.0,0,7,11,2,1,32,0,3,8,0
14000343,0.0,0.05,0.75,2.6971562500000004,2.7,0.002843750000000002,2,2.84375,1.28125,0.09375,0.125,0.03125,0.5419354838709679,0.5629032258064514,0.21482748926367237,0.05010081361033496,0.21482748926367237,0.05010081361033496,-0.4,3.0999999999999996,2.0,12.0,0,5,2,1,2,19,1,7,25,2
14000344,1.0,0.05,0.75,2.597234374999999,2.5999999999999988,0.0027656250000000016,-1,2.765625,1.546875,0.109375,0.09375,0.078125,0.5254237288135595,0.5788135593220336,0.6833201981215818,0.050027906954362156,0.6833201981215818,0.050027906954362156,-0.5,3.0999999999999996,4.0,9.0,0,4,0,2,0,18,5,4,26,5
14000345,1.0,0.3,0.75,-1.4317343750000049,-1.350000000000005,0.08173437500000003,-18,81.734375,7.421875,0.28125,0.0,0.0,0.5968750000000007,0.6195312499999993,0.9999999997987058,0.29993586478855383,0.9999999997987058,0.29993586478855383,-1.1000000000000005,-0.25,16.0,2.0,0,1,0,0,0,11,0,0,52,0
14000346,1.0,0.3,0.75,0.8727499999999864,1.0499999999999865,0.17725000000000007,-21,177.25,11.40625,0.390625,0.0625,0.0,0.6000000000000008,0.6171874999999993,1.0,0.2999999998209946,1.0,0.2999999998209946,-1.4000000000000008,2.4499999999999993,22.0,7.0,0,0,0,0,0,14,0,0,50,0
14000347,1.0,0.3,0.75,-1.2680156250000085,-1.1000000000000085,0.16801562500000006,-20,168.015625,11.609375,0.34375,0.03125,0.0,0.5875000000000006,0.6171874999999993,0.9999999999962047,0.2999986553312997,0.9999999999962047,0.2999986553312997,-1.7500000000000004,0.6499999999999999,20.0,4.0,0,3,0,0,0,8,0,1,52,0
14000348,0.0,0.3,0.25,-3.059531250000001,-2.900000000000001,0.15953125000000007,19,159.53125,11.40625,0.046875,0.34375,0.0,0.5750000000000005,0.48125000000000007,4.253498269043443e-05,0.2957224533915794,4.253498269043443e-05,0.2957224533915794,-3.7500000000000004,0.8499999999999999,17.0,8.0,0,6,10,0,0,40,0,2,6,0
14000349,0.0,0.3,0.25,-0.9124374999999998,-0.7499999999999998,0.16243750000000007,21,162.4375,10.5625,0.09375,0.421875,0.0,0.5656250000000005,0.4578125000000002,1.7519286375831026e-09,0.2999992493954941,1.7519286375831026e-09,0.2999992493954941,-4.15,3.3999999999999995,22.0,11.0,0,7,13,1,1,40,0,1,1,0
14000350,0.0,0.3,0.25,-4.789953125000002,-4.550000000000002,0.23995312500000007,26,239.953125,13.578125,0.015625,0.421875,0.015625,0.5841269841269847,0.48333333333333345,1.9247956377116443e-08,0.2999855773232522,1.9247956377116443e-08,0.2999855773232522,-4.200000000000001,-0.3499999999999999,21.0,7.0,0,3,5,1,0,53,0,0,1,1
14000351,0.0,0.05,0.5,-0.08096875000000012,-0.0500000000000001,0.030968750000000014,7,30.96875,4.9375,0.0625,0.171875,0.046875,0.5344262295081968,0.507377049180328,0.24173223966570728,0.0504053594733205,0.24173223966570728,0.0504053594733205,-0.7000000000000001,0.6500000000000001,2.0,13.0,0,9,5,4,0,26,0,3,14,3
14000352,1.0,0.05,0.25,5.184374999999999,5.199999999999999,0.01562500000000001,4,15.625,3.40625,0.078125,0.140625,0.046875,0.5475409836065576,0.5319672131147541,0.7173045349679434,0.05002720105597728,0.7173045349679434,0.05002720105597728,-0.75,5.949999999999999,4.0,10.0,0,6,5,2,1,23,1,3,20,3
14000353,1.0,0.05,0.75,1.8477656250000005,1.8500000000000005,0.0022343750000000016,-2,2.234375,1.296875,0.125,0.09375,0.03125,0.5612903225806458,0.5677419354838705,0.3477720949322951,0.050005581203810705,0.3477720949322951,0.050005581203810705,-0.3999999999999999,2.25,2.0,12.0,1,3,3,2,1,17,1,0,34,2
14000354,1.0,0.3,0.75,-0.9391718750000099,-0.70000000000001,0.23917187499999995,-27,239.171875,13.078125,0.453125,0.03125,0.0,0.5968750000000007,0.6382812499999992,0.9999999999999999,0.29999999999866156,0.9999999999999999,0.29999999999866156,-1.9000000000000008,1.1999999999999997,27.0,4.0,0,0,0,0,0,5,0,1,58,0
14000355,1.0,0.3,0.25,6.282281250000002,6.3000000000000025,0.01771875000000001,-5,17.71875,3.9375,0.296875,0.21875,0.015625,0.5746031746031751,0.6047619047619042,0.9999999991915501,0.29999794347597875,0.9999999991915501,0.29999794347597875,-1.8000000000000003,8.1,15.0,18.0,0,2,1,1,0,12,2,0,45,1
14000356,1.0,0.3,0.75,1.5275937499999972,1.5499999999999972,0.02240625000000001,-11,22.40625,3.71875,0.234375,0.0625,0.0,0.5781250000000007,0.6242187499999993,0.9999988661781563,0.29501592282199157,0.9999988661781563,0.29501592282199157,-1.1000000000000005,2.6499999999999995,13.0,6.0,0,1,0,1,2,6,1,0,53,0
14000357,1.0,0.05,0.5,1.8983906249999996,1.8999999999999995,0.001609375000000001,-1,1.609375,1.109375,0.109375,0.09375,0.03125,0.5354838709677421,0.5556451612903224,0.25098275868234504,0.05000452563704223,0.25098275868234504,0.05000452563704223,-0.1499999999999999,2.05,1.0,12.0,0,6,1,3,2,20,2,2,26,2
14000358,1.0,0.05,0.75,1.5380937500000016,1.5500000000000016,0.011906250000000007,-5,11.90625,3.25,0.140625,0.0625,0.0,0.5812500000000007,0.6101562499999995,0.9776706800694634,0.05024367347888242,0.9776706800694634,0.05024367347888242,-0.7,2.25,5.0,8.0,0,1,0,2,1,12,0,0,48,0
14000359,1.0,0.3,0.75,1.123218749999987,1.3499999999999872,0.22678125000000016,-21,226.78125,13.4375,0.40625,0.078125,0.0,0.5968750000000007,0.6265624999999994,0.9999999999999999,0.2999999998976533,0.9999999999999999,0.2999999998976533,-1.4500000000000008,2.7999999999999994,23.0,8.0,0,1,1,0,0,6,0,0,56,0
14000360,0.0,0.05,0.25,-2.2216875000000003,-2.2,0.021687500000000016,8,21.6875,3.9375,0.03125,0.15625,0.0,0.5250000000000001,0.5234374999999999,0.25463484563152194,0.050005793784685705,0.25463484563152194,0.050005793784685705,-0.35000000000000003,-1.85,1.0,11.0,0,9,3,3,1,26,2,4,16,0
14000361,1.0,0.3,0.75,-0.7363593750000114,-0.5500000000000114,0.18635937500000002,-21,186.359375,12.421875,0.359375,0.03125,0.0,0.5937500000000007,0.6335937499999993,0.9999999999999973,0.2999999758154187,0.9999999999999973,0.2999999758154187,-1.3000000000000007,0.7499999999999998,20.0,5.0,0,1,0,0,0,5,0,1,57,0
14000362,0.0,0.05,0.75,5.892546875000001,5.9,0.007453125000000006,-4,7.453125,2.390625,0.15625,0.09375,0.015625,0.5714285714285718,0.5999999999999995,0.8156699872089006,0.05015313987792295,0.8156699872089006,0.05015313987792295,0.0,5.9,0.0,16.0,0,3,0,0,1,14,2,1,42,1
14000363,0.0,0.3,0.5,-2.1177499999999996,-1.9999999999999996,0.11775,19,117.75,9.5625,0.0625,0.359375,0.015625,0.5746031746031751,0.47619047619047644,9.327757028454701e-06,0.29945671001519986,9.327757028454701e-06,0.29945671001519986,-3.65,1.6500000000000001,18.0,9.0,1,4,9,1,0,44,0,0,4,1
14000364,1.0,0.3,0.75,1.1882812499999937,1.2999999999999936,0.11171874999999996,-16,111.71875,9.375,0.3125,0.0625,0.0,0.6000000000000008,0.6359374999999993,0.9999999999979856,0.2999989744461034,0.9999999999979856,0.2999989744461034,-1.0000000000000007,2.3,17.0,7.0,0,0,0,0,0,6,0,0,58,0
14000365,0.0,0.05,0.5,-0.37489062500000003,-0.35000000000000003,0.02489062500000001,10,24.890625,3.921875,0.0625,0.21875,0.0,0.5500000000000003,0.51875,0.42764773063791695,0.05314017554823262,0.42764773063791695,0.05314017554823262,-0.55,0.20000000000000007,2.0,16.0,0,7,3,2,2,32,0,3,15,0
14000366,0.0,0.05,0.25,-0.5892500000000003,-0.5500000000000003,0.03925000000000003,9,39.25,5.40625,0.0625,0.203125,0.03125,0.5580645161290325,0.5096774193548387,0.6307343741192023,0.050204415623721445,0.6307343741192023,0.050204415623721445,-0.95,0.3999999999999999,4.0,13.0,1,5,4,0,1,37,1,3,10,2
14000367,1.0,0.05,0.5,6.046703125000001,6.050000000000002,0.003296875000000002,2,3.296875,1.421875,0.140625,0.171875,0.015625,0.5777777777777783,0.5738095238095233,0.9831228553130409,0.05315131205526114,0.9831228553130409,0.05315131205526114,-0.6000000000000001,6.65,6.0,14.0,0,2,2,1,1,22,0,2,33,1
14000368,0.0,0.3,0.5,-1.5391718749999996,-1.3499999999999996,0.1891718750000001,21,189.171875,11.828125,0.078125,0.40625,0.015625,0.5682539682539687,0.4714285714285716,1.9916040769930897e-09,0.2999987795428252,1.9916040769930897e-09,0.2999987795428252,-3.6,2.25,21.0,10.0,1,5,10,0,0,43,1,1,2,1
14000369,0.0,0.3,0.25,1.2289999999999992,1.3499999999999992,0.12099999999999995,14,121.0,10.25,0.140625,0.359375,0.0,0.5656250000000004,0.46718750000000026,1.9514426133446873e-06,0.29998565141390515,1.9514426133446873e-06,0.29998565141390515,-3.4500000000000006,4.8,19.0,13.0,0,8,11,1,0,39,0,1,4,0
14000370,0.0,0.05,0.5,0.59475,0.6,0.005250000000000002,5,5.25,1.6875,0.09375,0.171875,0.0,0.5250000000000002,0.5515625,0.7345532680344183,0.05005106239560225,0.7345532680344183,0.05005106239560225,0.0,0.6,0.0,17.0,0,5,2,5,1,22,2,4,23,0
14000371,1.0,0.3,0.75,-0.27459375000000863,-0.10000000000000853,0.1745937500000001,-21,174.59375,11.625,0.375,0.046875,0.0,0.5968750000000007,0.6218749999999993,0.999999999999999,0.2999999925462432,0.999999999999999,0.2999999925462432,-1.1000000000000008,0.9999999999999998,19.0,8.0,0,1,0,0,0,10,0,0,53,0
14000372,0.0,0.3,0.25,-3.117718750000001,-2.850000000000001,0.26771875000000006,26,267.71875,13.84375,0.046875,0.453125,0.015625,0.5873015873015879,0.47142857142857164,5.6888792047733526e-12,0.2999999446285091,5.6888792047733526e-12,0.2999999446285091,-4.2,1.3499999999999999,25.0,7.0,0,4,9,0,0,49,0,0,1,1
14000373,0.0,0.05,0.75,4.5901250000000005,4.6000000000000005,0.009875000000000007,-1,9.875,2.875,0.125,0.109375,0.015625,0.574603174603175,0.5880952380952378,0.6789047514668992,0.05005694177940358,0.6789047514668992,0.05005694177940358,-1.4000000000000001,5.999999999999999,4.0,11.0,0,6,0,0,0,14,0,2,41,1
14000374,1.0,0.05,0.5,4.89865625,4.9,0.0013437500000000008,1,1.34375,0.90625,0.15625,0.171875,0.0,0.5406250000000002,0.5468749999999998,0.5633807690789884,0.050718040487910676,0.5633807690789884,0.050718040487910676,-0.8,5.699999999999999,3.0,18.0,0,9,1,2,2,20,1,2,27,0
14000375,0.0,0.05,0.5,-0.4372968749999997,-0.3999999999999997,0.037296875000000014,10,37.296875,5.421875,0.0625,0.21875,0.015625,0.5619047619047622,0.49761904761904774,0.2607551168299197,0.0525575328264364,0.2607551168299197,0.0525575328264364,-1.0499999999999998,0.6500000000000001,5.0,13.0,0,10,4,0,1,35,0,1,12,1
14000376,1.0,0.3,0.5,0.8451093749999957,0.9499999999999957,0.10489062499999999,-18,104.890625,9.171875,0.34375,0.0625,0.015625,0.5936507936507943,0.6214285714285708,0.9999999999999343,0.29999993334074676,0.9999999999999343,0.29999993334074676,-1.6000000000000005,2.55,21.0,5.0,0,0,0,0,1,11,0,1,50,1
14000377,0.0,0.05,0.75,2.19596875,2.2,0.004031250000000003,2,4.03125,1.75,0.09375,0.125,0.015625,0.5142857142857143,0.5285714285714286,0.10349327423400893,0.050099475429411414,0.10349327423400893,0.050099475429411414,-1.1,3.3,5.0,9.0,0,8,5,4,2,19,3,3,19,1
14000378,0.0,0.3,0.5,0.25312500000000016,0.3000000000000002,0.04687500000000003,13,46.875,5.71875,0.125,0.328125,0.015625,0.5555555555555559,0.48333333333333345,0.00013471326281688716,0.29937267227683895,0.00013471326281688716,0.29937267227683895,-4.15,4.449999999999998,17.0,12.0,0,9,9,1,1,32,0,2,9,1
14000379,1.0,0.05,0.75,1.4413593749999993,1.4499999999999993,0.008640625000000006,-4,8.640625,2.515625,0.140625,0.078125,0.03125,0.5580645161290324,0.5919354838709674,0.933908009394348,0.050143011407504406,0.933908009394348,0.050143011407504406,-1.25,2.6999999999999997,4.0,10.0,0,4,0,1,3,12,0,4,38,2
14000380,0.0,0.05,0.75,7.49625,7.5,0.003750000000000002,-5,3.75,1.53125,0.171875,0.09375,0.03125,0.5483870967741941,0.594354838709677,0.9757696238216733,0.058517707848834664,0.9757696238216733,0.058517707848834664,-0.75,8.25,3.0,14.0,0,2,0,2,1,16,4,1,36,2
14000381,0.0,0.05,0.25,-1.2712031250000002,-1.2500000000000002,0.021203125000000007,8,21.203125,4.109375,0.046875,0.171875,0.03125,0.535483870967742,0.5314516129032257,0.2788881829317317,0.05010884270452393,0.2788881829317317,0.05010884270452393,-0.7000000000000001,-0.55,2.0,12.0,0,6,0,1,5,31,0,7,12,2
14000382,1.0,0.05,0.5,3.8458281250000006,3.8500000000000005,0.004171875000000002,-1,4.171875,1.578125,0.15625,0.140625,0.015625,0.5333333333333335,0.5357142857142857,0.5522298680085465,0.05041572432647908,0.5522298680085465,0.05041572432647908,-0.8499999999999999,4.699999999999999,5.0,14.0,0,10,4,1,2,17,3,1,25,1
14000383,0.0,0.05,0.25,-1.8330625000000003,-1.7500000000000002,0.08306250000000004,12,83.0625,8.28125,0.046875,0.234375,0.015625,0.5333333333333337,0.5047619047619049,0.1025272312342402,0.055452969991947175,0.1025272312342402,0.055452969991947175,-0.75,-1.0000000000000002,2.0,16.0,0,4,3,5,2,40,2,1,6,1
14000384,1.0,0.3,0.25,3.4844999999999935,3.5499999999999936,0.06550000000000003,-14,65.5,7.03125,0.34375,0.125,0.0,0.5937500000000007,0.6289062499999993,0.9999999999999805,0.29999999198745997,0.9999999999999805,0.29999999198745997,-1.5500000000000007,5.1,22.0,8.0,0,1,0,0,0,7,0,1,55,0
14000385,1.0,0.05,0.75,2.4489531249999996,2.4499999999999997,0.0010468750000000005,-1,1.046875,0.890625,0.09375,0.078125,0.03125,0.5741935483870972,0.5943548387096769,0.7721509106991006,0.05000509700573701,0.7721509106991006,0.05000509700573701,-0.050000000000000044,2.5,1.0,10.0,0,2,0,2,0,17,0,2,39,2
14000386,0.0,0.3,0.75,2.463203125,2.5500000000000003,0.086796875,14,86.796875,7.984375,0.15625,0.375,0.03125,0.5677419354838713,0.4879032258064518,1.0074627625244224e-07,0.2999993589726952,1.0074627625244224e-07,0.2999993589726952,-4.500000000000001,7.049999999999999,22.0,12.0,0,6,5,0,2,43,1,0,5,2
14000387,1.0,0.3,0.5,2.093734374999997,2.149999999999997,0.05626562500000003,-12,56.265625,6.421875,0.28125,0.09375,0.015625,0.590476190476191,0.623809523809523,0.9999999888819393,0.2999230257589818,0.9999999888819393,0.2999230257589818,-1.8500000000000005,3.9999999999999996,17.0,7.0,0,2,1,0,0,5,0,1,54,1
14000388,0.0,0.3,0.25,-2.7162812500000006,-2.5000000000000004,0.21628125000000006,24,216.28125,13.03125,0.046875,0.421875,0.0,0.5906250000000006,0.4601562500000002,1.3045529154409677e-10,0.2999992763887084,1.3045529154409677e-10,0.2999992763887084,-3.4499999999999997,0.9500000000000002,21.0,9.0,0,3,14,0,0,47,0,0,0,0
14000389,1.0,0.05,0.5,4.297625,4.3,0.0023750000000000012,1,2.375,1.21875,0.125,0.140625,0.015625,0.5523809523809526,0.5595238095238093,0.8650587380519723,0.050129055773143444,0.8650587380519723,0.050129055773143444,-1.05,5.35,5.0,12.0,0,6,2,0,2,20,2,3,28,1
14000390,0.0,0.05,0.25,-3.557484375,-3.5,0.057484375000000025,14,57.484375,6.015625,0.03125,0.25,0.015625,0.5238095238095241,0.48571428571428593,0.02832699507583731,0.053734181749679165,0.02832699507583731,0.053734181749679165,-0.25,-3.25,2.0,16.0,0,10,8,4,2,27,1,2,9,1
14000391,1.0,0.05,0.75,3.297171875,3.3000000000000003,0.0028281250000000016,0,2.828125,1.421875,0.125,0.125,0.046875,0.5540983606557381,0.5663934426229507,0.3812787926376531,0.050055753256978266,0.3812787926376531,0.050055753256978266,-0.19999999999999996,3.5000000000000004,1.0,15.0,0,5,1,3,1,18,1,0,32,3
14000392,1.0,0.05,0.5,2.248953125,2.25,0.0010468750000000007,-2,1.046875,0.859375,0.125,0.09375,0.03125,0.5225806451612905,0.5532258064516127,0.5556513571660087,0.050017621915493304,0.5556513571660087,0.050017621915493304,-0.8500000000000001,3.099999999999999,3.0,11.0,1,7,2,4,2,14,1,3,28,2
14000393,0.0,0.05,0.75,3.948843749999999,3.9499999999999993,0.0011562500000000004,-2,1.15625,0.65625,0.125,0.09375,0.0,0.5593750000000004,0.5890624999999996,0.7734245066066334,0.05001149947062606,0.7734245066066334,0.05001149947062606,-0.35000000000000003,4.299999999999999,1.0,13.0,0,5,0,2,2,12,0,2,41,0
14000394,0.0,0.3,0.25,-4.143953125,-4.0,0.14395312500000002,20,143.953125,10.734375,0.015625,0.328125,0.0,0.5687500000000004,0.4671875000000001,0.0003167129487535216,0.2735709358700645,0.0003167129487535216,0.2735709358700645,-3.2500000000000004,-0.75,14.0,8.0,0,7,9,1,1,44,0,0,2,0
14000395,1.0,0.05,0.5,3.486421875000002,3.5000000000000018,0.013578125000000009,-5,13.578125,3.515625,0.21875,0.140625,0.015625,0.5619047619047625,0.6119047619047614,0.9977937171017446,0.237234638345517,0.9977937171017446,0.237234638345517,-0.5000000000000002,3.9999999999999996,7.0,16.0,0,2,1,2,1,7,2,1,47,1
14000396,0.0,0.3,0.25,-1.6814218750000007,-1.5000000000000007,0.18142187499999995,19,181.421875,12.734375,0.0625,0.359375,0.0,0.5718750000000004,0.46015625000000027,3.7113447691635134e-06,0.2996539476018405,3.7113447691635134e-06,0.2996539476018405,-3.15,1.6500000000000001,17.0,10.0,0,9,9,0,0,45,0,0,1,0
14000397,0.0,0.05,0.25,-2.313484375,-2.25,0.06348437500000002,14,63.484375,6.234375,0.03125,0.25,0.015625,0.5682539682539688,0.4976190476190476,0.023847341026054944,0.07538167418991602,0.023847341026054944,0.07538167418991602,-0.6000000000000001,-1.6499999999999997,3.0,15.0,0,4,7,1,1,40,0,3,7,1
14000398,1.0,0.05,0.25,5.096203125,5.1,0.0037968750000000025,4,3.796875,1.546875,0.078125,0.140625,0.015625,0.5301587301587304,0.5357142857142857,0.8836580611219085,0.050008819417522256,0.8836580611219085,0.050008819417522256,-0.10000000000000009,5.2,2.0,12.0,1,7,1,3,1,26,1,4,19,1
14000399,0.0,0.3,0.25,-1.3593593749999995,-1.2499999999999996,0.10935937499999997,17,109.359375,9.203125,0.0625,0.328125,0.0,0.5531250000000004,0.47890625,6.835373672591122e-05,0.29771331618686725,6.835373672591122e-05,0.29771331618686725,-2.6,1.3500000000000003,14.0,11.0,0,8,7,1,0,42,2,1,3,0
14000400,1.0,0.3,0.25,1.6186249999999958,1.6999999999999957,0.08137500000000002,-15,81.375,7.8125,0.328125,0.09375,0.03125,0.5967741935483878,0.6209677419354832,0.9999999999807323,0.2999991720565603,0.9999999999807323,0.2999991720565603,-1.7500000000000004,3.4499999999999993,20.0,7.0,0,1,1,0,0,8,0,0,52,2
14000401,0.0,0.3,0.75,1.0914062500000006,1.1500000000000006,0.05859375000000001,12,58.59375,6.90625,0.125,0.3125,0.03125,0.545161290322581,0.4733870967741937,0.00016452010653744502,0.2994569920826086,0.00016452010653744502,0.2994569920826086,-3.85,5.0,18.0,10.0,0,8,8,4,1,36,0,0,5,2
14000402,0.0,0.3,0.75,0.7272656250000004,0.8500000000000003,0.12273437499999997,18,122.734375,9.046875,0.109375,0.390625,0.0,0.5750000000000005,0.47890625000000026,2.5094837483797602e-09,0.2999996067626326,2.5094837483797602e-09,0.2999996067626326,-4.0,4.85,23.0,9.0,0,6,11,0,1,38,0,1,7,0
14000403,1.0,0.3,0.75,2.1698906249999994,2.1999999999999993,0.03010937500000001,-10,30.109375,4.609375,0.234375,0.078125,0.0,0.5875000000000007,0.6218749999999993,0.9999997148278202,0.29801811944398243,0.9999997148278202,0.29801811944398243,-0.7000000000000006,2.8999999999999995,14.0,6.0,0,1,1,0,1,7,0,2,52,0
14000404,0.0,0.05,0.5,0.5865781249999997,0.5999999999999998,0.01342187500000001,3,13.421875,3.296875,0.078125,0.125,0.03125,0.5225806451612907,0.5120967741935485,0.3231500382541713,0.05001357798458594,0.3231500382541713,0.05001357798458594,-0.14999999999999997,0.7499999999999997,1.0,12.0,1,8,4,4,0,27,2,2,14,2
14000405,0.0,0.05,0.5,1.6471562499999997,1.6499999999999997,0.002843750000000002,2,2.84375,1.46875,0.09375,0.125,0.03125,0.5580645161290325,0.5556451612903223,0.5675852799420616,0.05001520869633118,0.5675852799420616,0.05001520869633118,0.0,1.6499999999999997,0.0,14.0,0,6,2,1,1,21,0,4,27,2
14000406,0.0,0.05,0.25,-2.201546875,-2.15,0.05154687500000003,13,51.546875,6.296875,0.03125,0.234375,0.03125,0.5709677419354843,0.5024193548387098,0.022615643484067555,0.06311388649797352,0.022615643484067555,0.06311388649797352,-1.8,-0.35000000000000014,7.0,10.0,0,5,7,1,2,34,0,0,13,2
14000407,0.0,0.05,0.25,0.727421875,0.75,0.022578125000000008,7,22.578125,4.609375,0.09375,0.203125,0.0625,0.5300000000000001,0.5075000000000001,0.05953371405228919,0.0924399207997408,0.05953371405228919,0.0924399207997408,-0.9000000000000001,1.6500000000000001,6.0,13.0,0,11,3,2,2,25,0,4,13,4
14000408,0.0,0.3,0.5,-3.6748593750000014,-3.4500000000000015,0.22485937500000008,23,224.859375,13.390625,0.03125,0.390625,0.0,0.5750000000000005,0.4671875000000003,1.5768268578177406e-08,0.2999703982846352,1.5768268578177406e-08,0.2999703982846352,-3.3,-0.1499999999999999,20.0,7.0,0,3,14,1,0,43,1,1,1,0
14000409,1.0,0.05,0.5,2.6488281249999996,2.6499999999999995,0.0011718750000000006,1,1.171875,0.953125,0.109375,0.125,0.015625,0.47619047619047616,0.5023809523809524,0.3918092619129063,0.050016093110674835,0.3918092619129063,0.050016093110674835,-0.050000000000000044,2.6999999999999993,1.0,14.0,4,13,3,4,1,17,4,1,16,1
14000410,1.0,0.05,0.75,3.941359375000001,3.950000000000001,0.008640625000000004,-2,8.640625,2.359375,0.171875,0.140625,0.0,0.5718750000000006,0.5867187499999995,0.7044745461288686,0.051121974736047085,0.7044745461288686,0.051121974736047085,-0.7,4.6499999999999995,3.0,17.0,1,2,2,1,1,15,0,2,40,0
14000411,0.0,0.05,0.25,-1.7096406250000002,-1.6500000000000001,0.05964062500000003,12,59.640625,6.828125,0.046875,0.234375,0.03125,0.5580645161290326,0.49758064516129047,0.1660952503432876,0.052808138539083525,0.1660952503432876,0.052808138539083525,-0.6000000000000001,-1.05,3.0,15.0,1,6,6,1,0,36,1,1,10,2
14000412,0.0,0.3,0.75,2.8887500000000004,2.95,0.06125000000000001,7,61.25,6.84375,0.15625,0.265625,0.0,0.5125000000000001,0.4882812500000001,0.0009620805797217183,0.2955452407046905,0.0009620805797217183,0.2955452407046905,-3.2500000000000004,6.199999999999999,16.0,11.0,1,10,4,3,1,35,4,1,5,0
14000413,1.0,0.05,0.5,2.5367031250000025,2.5500000000000025,0.01329687500000001,-6,13.296875,3.140625,0.203125,0.109375,0.0,0.5875000000000007,0.6007812499999994,0.9942857049162659,0.11818892226414138,0.9942857049162659,0.11818892226414138,-0.75,3.2999999999999994,7.0,13.0,0,3,1,0,0,13,0,1,46,0
14000414,1.0,0.05,0.75,2.1488593750000002,2.1500000000000004,0.0011406250000000006,-1,1.140625,0.734375,0.078125,0.0625,0.03125,0.5709677419354843,0.587096774193548,0.7040004752772099,0.05000119973539191,0.7040004752772099,0.05000119973539191,-0.10000000000000009,2.25,2.0,7.0,0,3,1,2,1,15,0,1,39,2
14000415,0.0,0.05,0.25,-2.1773124999999998,-2.15,0.027312500000000017,12,27.3125,4.34375,0.046875,0.234375,0.015625,0.5396825396825399,0.5190476190476191,0.07392507854286731,0.05793397221013499,0.07392507854286731,0.05793397221013499,-1.35,-0.8,5.0,13.0,0,7,2,3,1,33,2,1,14,1
14000416,0.0,0.3,0.5,-4.101187500000001,-3.950000000000001,0.1511875,24,151.1875,10.0625,0.015625,0.390625,0.015625,0.590476190476191,0.48095238095238113,9.056640739763709e-08,0.2999360376180043,9.056640739763709e-08,0.2999360376180043,-3.1500000000000004,-0.8,17.0,9.0,0,2,7,0,1,52,0,0,1,1
14000417,0.0,0.05,0.25,-1.8907656250000004,-1.8000000000000005,0.09076562499999999,12,90.765625,8.203125,0.03125,0.21875,0.03125,0.5612903225806455,0.4733870967741938,0.037419799692675386,0.05374732837611856,0.037419799692675386,0.05374732837611856,-0.6000000000000001,-1.1999999999999997,3.0,13.0,0,8,8,1,1,39,0,1,4,2
14000418,1.0,0.05,0.25,4.543156250000001,4.550000000000001,0.0068437500000000035,2,6.84375,2.03125,0.125,0.15625,0.046875,0.5475409836065577,0.5393442622950818,0.4646369764011353,0.05052524061537317,0.4646369764011353,0.05052524061537317,-1.0999999999999999,5.65,4.0,14.0,0,5,2,4,2,25,0,1,22,3
14000419,1.0,0.05,0.5,4.698296875,4.699999999999999,0.001703125000000001,1,1.703125,1.109375,0.125,0.140625,0.046875,0.570491803278689,0.568852459016393,0.534962201640346,0.050297406703640114,0.534962201640346,0.050297406703640114,-0.30000000000000004,4.999999999999999,3.0,14.0,0,2,3,2,1,20,0,2,31,3
14000420,0.0,0.05,0.5,1.4461875000000002,1.4500000000000002,0.003812500000000003,3,3.8125,1.8125,0.078125,0.125,0.046875,0.5606557377049183,0.5344262295081966,0.2505501888815991,0.05006481564732805,0.2505501888815991,0.05006481564732805,-1.1,2.55,4.0,9.0,1,4,2,1,1,31,0,3,18,3
14000421,0.0,0.3,0.25,-2.5183124999999995,-2.3499999999999996,0.1683125,18,168.3125,11.78125,0.046875,0.328125,0.0,0.5468750000000002,0.47656250000000006,8.12432899182203e-05,0.29339256471590325,8.12432899182203e-05,0.29339256471590325,-3.0,0.6499999999999999,15.0,9.0,0,10,8,1,1,36,2,0,6,0
14000422,1.0,0.3,0.5,3.919312500000001,3.950000000000001,0.03068750000000001,-9,30.6875,4.6875,0.265625,0.125,0.03125,0.5838709677419361,0.6161290322580639,0.9999999897280616,0.2999676881460882,0.9999999897280616,0.2999676881460882,-1.5000000000000004,5.449999999999999,16.0,9.0,0,2,0,0,1,9,0,2,48,2
14000423,0.0,0.05,0.75,6.291125,6.3,0.008875000000000006,-5,8.875,2.84375,0.15625,0.078125,0.015625,0.5746031746031751,0.5928571428571424,0.7970992521759511,0.05008093131078858,0.7970992521759511,0.05008093131078858,-0.35000000000000003,6.6499999999999995,1.0,14.0,0,3,1,0,1,15,1,2,40,1
14000424,1.0,0.05,0.75,0.8887812500000003,0.9000000000000004,0.011218750000000008,-6,11.21875,3.03125,0.140625,0.046875,0.0,0.5718750000000005,0.6148437499999995,0.9783089178449569,0.050157006378936025,0.9783089178449569,0.050157006378936025,0.0,0.8999999999999997,0.0,12.0,0,1,0,0,1,12,2,3,45,0
14000425,1.0,0.3,0.25,7.282390625000001,7.300000000000001,0.017609375000000003,-4,17.609375,3.328125,0.28125,0.21875,0.0,0.5593750000000004,0.5796874999999996,0.9999999998921318,0.29999840657980165,0.9999999998921318,0.29999840657980165,-1.8000000000000003,9.100000000000001,17.0,15.0,0,6,1,0,1,15,2,2,37,0
14000426,1.0,0.3,0.5,4.881171875000001,4.9,0.018828125000000008,-8,18.828125,3.796875,0.3125,0.1875,0.015625,0.5682539682539688,0.5880952380952376,0.9999999995765972,0.2999990185249219,0.9999999995765972,0.2999990185249219,-2.6999999999999993,7.600000000000001,19.0,13.0,0,4,1,2,0,14,1,0,41,1
14000427,1.0,0.3,0.75,3.1752499999999992,3.1999999999999993,0.024750000000000008,-10,24.75,4.25,0.265625,0.109375,0.0,0.5906250000000007,0.6148437499999994,0.999999957075026,0.29987343816000667,0.999999957075026,0.29987343816000667,-1.4500000000000004,4.649999999999999,16.0,8.0,0,1,0,0,0,13,1,0,49,0
14000428,1.0,0.05,0.25,5.746125,5.75,0.0038750000000000026,3,3.875,1.5,0.140625,0.1875,0.015625,0.5396825396825398,0.5214285714285714,0.497134588189967,0.051570933215851836,0.497134588189967,0.051570933215851836,-0.3999999999999999,6.15,2.0,19.0,0,7,4,3,4,25,0,2,18,1
14000429,0.0,0.3,0.25,-2.4210781250000015,-2.3000000000000016,0.12107812499999998,18,121.078125,9.171875,0.046875,0.328125,0.03125,0.5741935483870971,0.4830645161290324,1.078967662675932e-05,0.2984476114717848,1.078967662675932e-05,0.2984476114717848,-2.75,0.4500000000000001,15.0,9.0,0,6,9,0,0,39,0,2,6,2
14000430,0.0,0.3,0.5,0.01942187500000031,0.10000000000000031,0.080578125,14,80.578125,7.453125,0.078125,0.296875,0.03125,0.5516129032258068,0.485483870967742,0.00014926767505984588,0.2976424851403796,0.00014926767505984588,0.2976424851403796,-2.5500000000000003,2.6499999999999995,13.0,11.0,0,5,7,2,0,42,2,2,2,2
14000431,0.0,0.3,0.5,0.13514062500000018,0.2500000000000001,0.11485937499999994,16,114.859375,9.765625,0.09375,0.34375,0.03125,0.5806451612903231,0.4637096774193549,2.0151158136627275e-06,0.299924969550769,2.0151158136627275e-06,0.299924969550769,-3.0000000000000004,3.25,17.0,11.0,0,4,12,0,2,43,0,0,1,2
14000432,0.0,0.05,0.25,-1.320421875,-1.3,0.020421875000000003,7,20.421875,3.734375,0.03125,0.140625,0.03125,0.5193548387096772,0.5024193548387099,0.4720833317533827,0.050003757990784006,0.4720833317533827,0.050003757990784006,-0.55,-0.75,2.0,9.0,2,16,2,2,0,19,0,1,20,2
14000433,1.0,0.05,0.75,2.4981562499999996,2.4999999999999996,0.0018437500000000012,-1,1.84375,1.15625,0.109375,0.09375,0.015625,0.5555555555555559,0.5761904761904758,0.19868019541269194,0.05000463612992299,0.19868019541269194,0.05000463612992299,-0.19999999999999996,2.6999999999999997,1.0,12.0,1,3,2,1,1,17,1,4,33,1
14000434,1.0,0.3,0.25,7.946281249999999,7.949999999999999,0.003718750000000002,2,3.71875,1.625,0.203125,0.234375,0.046875,0.5278688524590165,0.5122950819672131,0.9255548373545388,0.2357853637148935,0.9255548373545388,0.2357853637148935,-2.8500000000000005,10.800000000000002,12.0,16.0,2,10,4,1,0,23,1,4,16,3
14000435,1.0,0.05,0.25,5.288749999999999,5.3,0.011250000000000008,5,11.25,2.9375,0.09375,0.171875,0.0,0.5343750000000005,0.5374999999999999,0.3990569117604895,0.05012650793412698,0.3990569117604895,0.05012650793412698,-1.15,6.449999999999998,4.0,13.0,2,4,4,3,1,24,1,4,21,0
14000436,1.0,0.05,0.75,1.0933281249999995,1.0999999999999996,0.006671875000000005,-4,6.671875,2.453125,0.140625,0.078125,0.0,0.5468750000000002,0.5773437499999998,0.47372181572453154,0.05000394295009812,0.47372181572453154,0.05000394295009812,-0.8500000000000001,1.95,3.0,11.0,1,5,2,2,4,9,1,0,40,0
14000437,0.0,0.3,0.75,0.325953125,0.35,0.024046874999999992,7,24.046875,4.328125,0.09375,0.203125,0.015625,0.5269841269841271,0.5119047619047619,0.5006483557152936,0.050834286212901855,0.5006483557152936,0.050834286212901855,-3.8000000000000007,4.15,12.0,7.0,0,6,8,5,3,22,1,2,16,1
14000438,1.0,0.05,0.75,3.7832656250000025,3.8000000000000025,0.01673437500000001,-2,16.734375,3.890625,0.15625,0.125,0.03125,0.587096774193549,0.6112903225806444,0.9110860032471155,0.05230189537566364,0.9110860032471155,0.05230189537566364,-0.3500000000000001,4.1499999999999995,4.0,14.0,0,1,0,0,0,14,1,1,45,2
14000439,0.0,0.05,0.5,1.39446875,1.4,0.005531250000000003,2,5.53125,1.78125,0.09375,0.125,0.015625,0.5238095238095241,0.5404761904761904,0.5679950353085903,0.05000935991912559,0.5679950353085903,0.05000935991912559,-0.2,1.5999999999999996,1.0,13.0,0,7,0,4,0,28,4,1,19,1
14000440,0.0,0.05,0.5,0.7251718749999999,0.7499999999999999,0.024828125000000006,6,24.828125,4.546875,0.109375,0.203125,0.015625,0.5238095238095242,0.4976190476190476,0.7010072168303763,0.05025021470482378,0.7010072168303763,0.05025021470482378,-0.55,1.2999999999999998,3.0,17.0,0,10,6,3,1,28,2,3,10,1
14000441,1.0,0.05,0.25,7.690890624999999,7.699999999999999,0.009109375000000003,4,9.109375,2.265625,0.171875,0.234375,0.0,0.5437500000000006,0.5351562499999999,0.8962948787613618,0.06847476795511899,0.8962948787613618,0.06847476795511899,-1.0,8.7,5.0,21.0,1,6,3,1,2,26,3,0,22,0
14000442,1.0,0.3,0.25,3.6828749999999975,3.6999999999999975,0.01712500000000001,-8,17.125,3.34375,0.265625,0.140625,0.03125,0.5806451612903232,0.5943548387096769,0.9999993533748279,0.2998222232081772,0.9999993533748279,0.2998222232081772,-1.6000000000000003,5.3,13.0,13.0,0,1,2,1,1,15,0,2,40,2
14000443,0.0,0.05,0.75,3.8437812500000006,3.8500000000000005,0.006218750000000005,-3,6.21875,2.28125,0.09375,0.046875,0.0,0.5781250000000006,0.6078124999999994,0.8190741402121791,0.0500010203950734,0.8190741402121791,0.0500010203950734,-0.35000000000000003,4.2,1.0,8.0,0,3,1,1,1,8,0,1,49,0
14000444,1.0,0.05,0.5,5.441734375,5.45,0.008265625000000006,4,8.265625,2.515625,0.09375,0.15625,0.015625,0.5142857142857143,0.5166666666666667,0.19176078565298144,0.05052117695978213,0.19176078565298144,0.05052117695978213,-0.55,6.0,2.0,14.0,1,5,4,2,9,25,2,3,12,1
14000445,0.0,0.3,0.5,2.1733906249999992,2.1999999999999993,0.026609375000000008,9,26.609375,4.359375,0.15625,0.296875,0.03125,0.5516129032258068,0.5024193548387098,0.0027560204336207895,0.2971039050291763,0.0027560204336207895,0.2971039050291763,-3.3000000000000007,5.5,14.0,15.0,1,6,7,2,1,30,0,2,13,2
14000446,0.0,0.05,0.25,-2.580296875,-2.5500000000000003,0.030296875000000008,12,30.296875,4.109375,0.015625,0.203125,0.0,0.5500000000000003,0.5093750000000001,0.05472749111553468,0.05041314011264408,0.05472749111553468,0.05041314011264408,-0.55,-1.9999999999999996,2.0,12.0,0,9,2,1,3,34,1,0,14,0
14000447,1.0,0.05,0.75,1.5946406249999996,1.5999999999999996,0.005359375000000004,0,5.359375,1.953125,0.09375,0.09375,0.0,0.5125000000000002,0.5515624999999996,0.27159038685134185,0.050001276693563634,0.27159038685134185,0.050001276693563634,-0.8,2.4,2.0,10.0,1,2,4,8,1,19,3,1,25,0
14000448,1.0,0.3,0.5,2.0619687499999952,2.149999999999995,0.08803124999999999,-15,88.03125,8.21875,0.328125,0.09375,0.03125,0.5967741935483878,0.6209677419354832,0.9999999999898698,0.2999995629464975,0.9999999999898698,0.2999995629464975,-1.2000000000000004,3.3499999999999996,16.0,11.0,0,0,0,0,0,12,0,1,49,2
14000449,0.0,0.05,0.25,-2.83240625,-2.75,0.08240624999999997,14,82.40625,8.28125,0.03125,0.25,0.015625,0.5365079365079367,0.4857142857142857,0.02600148134189969,0.06066088452274856,0.02600148134189969,0.06066088452274856,-1.05,-1.6999999999999997,4.0,14.0,0,10,5,2,2,35,1,2,6,1
14000450,1.0,0.05,0.25,6.737953125,6.75,0.012046875000000009,7,12.046875,3.078125,0.09375,0.203125,0.015625,0.5142857142857142,0.5238095238095237,0.544287594197942,0.05083663466650985,0.544287594197942,0.05083663466650985,-0.6000000000000001,7.349999999999999,3.0,16.0,1,7,2,3,3,27,1,7,12,1
14000451,1.0,0.05,0.75,2.5442187500000006,2.5500000000000007,0.005781250000000003,-3,5.78125,2.1875,0.140625,0.09375,0.0625,0.5566666666666671,0.5849999999999996,0.8532932329315652,0.050437253793408944,0.8532932329315652,0.050437253793408944,-0.6000000000000001,3.1499999999999995,3.0,12.0,0,3,1,1,1,16,3,1,34,4
14000452,0.0,0.3,0.25,-1.1572812499999998,-1.0499999999999998,0.10728125,16,107.28125,8.8125,0.046875,0.296875,0.0,0.5593750000000005,0.4648437500000002,0.00026760813047955854,0.28508343980063167,0.00026760813047955854,0.28508343980063167,-2.7499999999999996,1.7,17.0,5.0,0,9,9,2,0,41,0,0,3,0
14000453,1.0,0.3,0.75,0.3247031249999922,0.4499999999999922,0.12529687499999997,-18,125.296875,9.859375,0.328125,0.046875,0.015625,0.6000000000000006,0.6380952380952374,0.9999999999997159,0.29999969214210764,0.9999999999997159,0.29999969214210764,-1.3500000000000005,1.7999999999999996,18.0,6.0,0,0,0,0,0,5,0,0,58,1
14000454,0.0,0.3,0.75,2.2572968749999998,2.3,0.04270312500000002,10,42.703125,5.796875,0.125,0.28125,0.0625,0.5733333333333338,0.47500000000000026,0.001280469497398818,0.29772924434201214,0.001280469497398818,0.29772924434201214,-3.5000000000000004,5.8,17.0,9.0,0,6,11,0,2,34,0,0,7,4
14000455,1.0,0.3,0.25,5.659343749999991,5.749999999999991,0.09065624999999997,-10,90.65625,8.65625,0.34375,0.1875,0.03125,0.5774193548387103,0.6185483870967736,0.9999999999999869,0.2999999981492647,0.9999999999999869,0.2999999981492647,-1.6000000000000005,7.350000000000001,20.0,14.0,0,1,0,1,0,10,2,0,48,2
14000456,1.0,0.3,0.75,-0.007312500000005676,0.09999999999999432,0.10731249999999999,-19,107.3125,8.40625,0.328125,0.03125,0.0,0.5968750000000007,0.6312499999999993,0.9999999999999761,0.29999986887237745,0.9999999999999761,0.29999986887237745,-1.1500000000000008,1.2499999999999998,20.0,3.0,0,1,0,0,0,6,0,0,57,0
14000457,0.0,0.05,0.25,-0.42604687499999977,-0.39999999999999974,0.026046875,8,26.046875,4.859375,0.046875,0.171875,0.078125,0.5389830508474578,0.5203389830508475,0.08866582703279428,0.05307505746989315,0.08866582703279428,0.05307505746989315,-0.04999999999999999,-0.34999999999999976,1.0,13.0,1,4,5,2,2,27,1,4,13,5
14000458,0.0,0.3,0.75,1.3674531250000002,1.4500000000000002,0.08254687499999998,13,82.546875,8.453125,0.15625,0.359375,0.0,0.5593750000000004,0.4625000000000002,1.0404855598825734e-05,0.2999602834713602,1.0404855598825734e-05,0.2999602834713602,-4.3,5.75,19.0,14.0,2,5,14,0,1,37,0,3,2,0
14000459,1.0,0.3,0.75,-0.09576562500000638,0.049999999999993605,0.14576562499999998,-17,145.765625,11.078125,0.296875,0.03125,0.0,0.5968750000000006,0.6406249999999992,0.9999999999875071,0.29999334592614046,0.9999999999875071,0.29999334592614046,-1.1500000000000006,1.1999999999999997,17.0,4.0,0,0,0,0,0,4,0,1,59,0
14000460,0.0,0.3,0.75,3.433875,3.45,0.01612500000000001,6,16.125,3.59375,0.15625,0.25,0.03125,0.5387096774193553,0.48548387096774187,0.015646217506487023,0.28310747497775374,0.015646217506487023,0.28310747497775374,-2.4499999999999997,5.899999999999999,12.0,14.0,1,6,10,4,1,29,0,2,9,2
14000461,0.0,0.05,0.75,4.24915625,4.25,0.0008437500000000005,-1,0.84375,0.6875,0.125,0.109375,0.0625,0.5400000000000003,0.5749999999999996,0.15614669989617885,0.050069360363316245,0.15614669989617885,0.050069360363316245,-0.4,4.65,2.0,13.0,1,3,1,2,1,17,2,4,29,4
14000462,0.0,0.3,0.5,-1.3651718749999997,-1.2499999999999998,0.11517187499999997,19,115.171875,9.328125,0.078125,0.375,0.015625,0.5555555555555559,0.4690476190476193,3.3815894719671557e-06,0.2998838879394956,3.3815894719671557e-06,0.2998838879394956,-3.8500000000000005,2.6,19.0,10.0,0,9,6,1,2,43,0,1,1,1
14000463,0.0,0.3,0.75,1.1281093750000002,1.2000000000000002,0.07189062500000001,14,71.890625,7.515625,0.140625,0.359375,0.015625,0.5587301587301591,0.4809523809523812,5.838106072275198e-06,0.29997499346767736,5.838106072275198e-06,0.29997499346767736,-4.500000000000002,5.699999999999999,21.0,11.0,0,7,8,1,1,39,1,1,5,1
14000464,0.0,0.3,0.25,-3.3700781250000014,-3.1000000000000014,0.27007812500000006,24,270.078125,14.484375,0.046875,0.421875,0.0,0.5812500000000005,0.4671875000000002,2.4428706777360555e-09,0.29999648491679337,2.4428706777360555e-09,0.29999648491679337,-3.2500000000000004,0.15000000000000008,19.0,11.0,0,5,12,0,0,44,0,1,2,0
14000465,0.0,0.3,0.25,-5.069578125000001,-4.850000000000001,0.21957812499999999,27,219.578125,12.140625,0.015625,0.4375,0.015625,0.5746031746031751,0.4690476190476192,1.0046285839611992e-09,0.29999729014797266,1.0046285839611992e-09,0.29999729014797266,-4.200000000000001,-0.6500000000000001,22.0,7.0,0,8,8,0,0,44,0,0,3,1
14000466,0.0,0.3,0.5,-0.9253593749999997,-0.8499999999999996,0.07535937499999999,14,75.359375,7.890625,0.078125,0.296875,0.015625,0.5428571428571433,0.4761904761904762,0.002159560072177873,0.2769895332634556,0.002159560072177873,0.2769895332634556,-3.2500000000000004,2.4,16.0,8.0,0,7,7,4,1,40,0,2,2,1
14000467,0.0,0.05,0.25,-0.10381250000000009,-0.10000000000000009,0.003812500000000002,5,3.8125,1.59375,0.078125,0.15625,0.015625,0.5301587301587305,0.552380952380952,0.4410327537643121,0.05004288024216786,0.4410327537643121,0.05004288024216786,-0.35000000000000003,0.25,1.0,14.0,0,8,1,2,3,18,2,3,26,1
14000468,0.0,0.05,0.25,0.8569531250000001,0.9000000000000001,0.04304687500000001,10,43.046875,5.828125,0.109375,0.265625,0.0,0.5593750000000003,0.5023437500000001,0.02878328735664843,0.24458091383165229,0.02878328735664843,0.24458091383165229,-1.1500000000000001,2.0500000000000003,6.0,18.0,0,6,7,1,2,34,0,3,11,0
14000469,1.0,0.3,0.75,0.8440781249999958,0.9499999999999957,0.10592187499999996,-15,105.921875,9.546875,0.296875,0.0625,0.0,0.5968750000000007,0.6242187499999994,0.9999999996991119,0.299980539525295,0.9999999996991119,0.299980539525295,-0.9500000000000004,1.8999999999999995,13.0,10.0,0,0,1,0,0,9,0,1,53,0
14000470,0.0,0.3,0.75,1.7898281249999999,1.8499999999999999,0.06017187500000003,14,60.171875,6.703125,0.15625,0.375,0.03125,0.5709677419354843,0.5000000000000001,3.021524504938021e-06,0.2999951882090387,3.021524504938021e-06,0.2999951882090387,-5.300000000000002,7.1499999999999995,23.0,11.0,0,4,5,1,1,42,0,2,7,2
14000471,0.0,0.05,0.75,3.845468749999999,3.8499999999999988,0.004531250000000003,-1,4.53125,1.875,0.125,0.109375,0.015625,0.5714285714285721,0.6047619047619042,0.5816024012076739,0.0500165336421515,0.5816024012076739,0.0500165336421515,-0.75,4.6,2.0,13.0,0,2,1,0,1,12,3,0,44,1
14000472,0.0,0.05,0.5,0.027374999999999924,0.04999999999999993,0.02262500000000001,9,22.625,3.96875,0.078125,0.21875,0.046875,0.550819672131148,0.5172131147540984,0.10977752776521117,0.08247649008551933,0.10977752776521117,0.08247649008551933,-1.5,1.5499999999999998,5.0,14.0,1,2,6,0,3,33,1,6,9,3
14000473,0.0,0.05,0.75,4.896546875,4.9,0.0034531250000000026,-2,3.453125,1.609375,0.125,0.09375,0.015625,0.5650793650793653,0.6071428571428564,0.6362536997561151,0.050021320757673154,0.6362536997561151,0.050021320757673154,-0.5,5.4,2.0,12.0,0,1,0,0,3,13,0,7,39,1
14000474,1.0,0.3,0.25,4.9154687499999925,4.999999999999993,0.08453125,-14,84.53125,8.28125,0.375,0.15625,0.0,0.6000000000000008,0.6289062499999993,0.9999999999999996,0.2999999998360344,0.9999999999999996,0.2999999998360344,-1.8000000000000007,6.800000000000001,24.0,10.0,0,0,0,0,0,9,0,0,55,0
14000475,1.0,0.05,0.5,7.392812500000001,7.4,0.0071875000000000055,4,7.1875,2.5,0.15625,0.21875,0.015625,0.5428571428571431,0.5452380952380952,0.4997687346342155,0.07878749837555417,0.4997687346342155,0.07878749837555417,-1.2999999999999998,8.699999999999998,6.0,18.0,1,5,3,3,2,21,0,3,25,1
14000476,0.0,0.05,0.5,4.548875,4.55,0.0011250000000000006,-1,1.125,0.78125,0.140625,0.125,0.03125,0.5645161290322583,0.5653225806451609,0.8325900761436862,0.05036899265969095,0.8325900761436862,0.05036899265969095,-0.2,4.75,1.0,16.0,0,5,1,0,1,22,1,3,29,2
14000477,0.0,0.05,0.5,0.1963593749999999,0.1999999999999999,0.0036406250000000024,4,3.640625,1.421875,0.046875,0.109375,0.03125,0.5516129032258067,0.558064516129032,0.2644563875492248,0.05000756440101778,0.2644563875492248,0.05000756440101778,-0.45,0.6499999999999999,1.0,9.0,0,4,2,2,1,23,1,4,25,2
14000478,0.0,0.05,0.5,-1.3277031249999995,-1.2999999999999996,0.027703125000000012,8,27.703125,4.703125,0.03125,0.15625,0.03125,0.545161290322581,0.5024193548387098,0.1904929647369445,0.050037301888383345,0.1904929647369445,0.050037301888383345,-0.75,-0.5499999999999998,3.0,9.0,0,6,8,2,1,30,0,6,9,2
14000479,0.0,0.05,0.5,0.9430156249999998,0.9499999999999998,0.006984375000000003,7,6.984375,2.015625,0.09375,0.203125,0.046875,0.534426229508197,0.5221311475409836,0.5205647891025752,0.056267722237494835,0.5205647891025752,0.056267722237494835,-0.75,1.6999999999999997,3.0,16.0,0,9,4,3,2,21,0,3,19,3
14000480,1.0,0.05,0.75,3.196796875,3.2,0.0032031250000000024,1,3.203125,1.484375,0.09375,0.109375,0.03125,0.5645161290322586,0.5580645161290321,0.33545569546515824,0.05000992918811508,0.33545569546515824,0.05000992918811508,-0.8999999999999999,4.1,3.0,10.0,0,4,3,0,1,23,2,2,27,2
14000481,0.0,0.3,0.5,-1.3824843750000007,-1.2000000000000006,0.182484375,20,182.484375,12.109375,0.0625,0.375,0.0,0.5875000000000006,0.4671875000000003,2.6044965936047816e-08,0.2999843089555564,2.6044965936047816e-08,0.2999843089555564,-2.9499999999999997,1.75,18.0,10.0,0,4,13,0,0,44,0,0,3,0
14000482,1.0,0.05,0.25,4.34503125,4.35,0.0049687500000000035,0,4.96875,1.84375,0.125,0.125,0.046875,0.5540983606557381,0.5614754098360653,0.9884122994080361,0.051514668599418854,0.9884122994080361,0.051514668599418854,-0.7000000000000002,5.050000000000001,7.0,9.0,0,5,0,2,1,23,1,2,27,3
14000483,1.0,0.05,0.5,3.499203125,3.5,0.0007968750000000005,-1,0.796875,0.703125,0.140625,0.125,0.046875,0.5442622950819674,0.5540983606557376,0.28761869010747454,0.05016971763350112,0.28761869010747454,0.05016971763350112,-1.0999999999999999,4.6,4.0,13.0,0,5,6,3,0,14,2,2,29,3
14000484,1.0,0.05,0.75,0.43831250000000016,0.4500000000000002,0.011687500000000009,-6,11.6875,2.625,0.15625,0.0625,0.015625,0.5714285714285721,0.6023809523809518,0.9695739324653717,0.050218983015920995,0.9695739324653717,0.050218983015920995,-0.050000000000000044,0.49999999999999956,1.0,13.0,0,3,2,0,0,10,1,4,43,1
14000485,1.0,0.3,0.75,2.217781249999997,2.299999999999997,0.08221874999999998,-14,82.21875,8.375,0.3125,0.09375,0.0,0.5937500000000007,0.6312499999999993,0.9999999998652449,0.299996145987116,0.9999999998652449,0.299996145987116,-1.5000000000000004,3.8,18.0,8.0,0,0,0,1,0,7,0,0,56,0
14000486,1.0,0.3,0.25,3.960062499999998,3.9999999999999982,0.03993750000000001,-10,39.9375,5.78125,0.296875,0.140625,0.0,0.5875000000000007,0.6124999999999994,0.9999999958593614,0.29999178342265803,0.9999999958593614,0.29999178342265803,-1.9000000000000004,5.9,18.0,10.0,0,2,0,0,0,12,1,0,49,0
14000487,1.0,0.05,0.75,3.048406249999999,3.049999999999999,0.001593750000000001,-2,1.59375,1.125,0.15625,0.125,0.0,0.5468750000000003,0.5726562499999996,0.8088627488659178,0.050332682569269704,0.8088627488659178,0.050332682569269704,-0.050000000000000044,3.0999999999999996,1.0,17.0,0,2,2,5,2,18,0,3,32,0
14000488,1.0,0.3,0.5,3.5122499999999954,3.5499999999999954,0.03775000000000002,-12,37.75,4.9375,0.328125,0.140625,0.0,0.5937500000000007,0.6007812499999994,0.999999999983882,0.29999976449441734,0.999999999983882,0.29999976449441734,-2.0000000000000004,5.550000000000001,18.0,12.0,0,2,0,0,0,17,0,0,45,0
14000489,1.0,0.3,0.5,4.13384375,4.199999999999999,0.06615625000000001,-12,66.15625,7.3125,0.3125,0.125,0.0,0.5937500000000007,0.6195312499999993,0.9999999999997915,0.29999994957006704,0.9999999999997915,0.29999994957006704,-1.1500000000000008,5.35,20.0,8.0,0,1,1,0,1,8,0,0,53,0
14000490,0.0,0.05,0.25,-2.2513437500000006,-2.2000000000000006,0.051343750000000035,12,51.34375,6.40625,0.015625,0.203125,0.03125,0.5645161290322586,0.4927419354838711,0.034849980221153494,0.051228573804686296,0.034849980221153494,0.051228573804686296,-1.3,-0.9000000000000001,6.0,8.0,1,5,7,1,0,38,1,0,9,2
14000491,1.0,0.05,0.5,3.7976874999999994,3.7999999999999994,0.002312500000000001,2,2.3125,1.28125,0.109375,0.140625,0.015625,0.5492063492063495,0.5619047619047617,0.6014213224542,0.05004335497415303,0.6014213224542,0.05004335497415303,-0.6500000000000001,4.449999999999999,3.0,13.0,0,5,2,1,1,21,2,4,27,1
14000492,1.0,0.3,0.5,2.523531249999988,2.649999999999988,0.12646875,-19,126.46875,10.125,0.40625,0.109375,0.0,0.6000000000000008,0.6335937499999993,1.0,0.2999999999602485,1.0,0.2999999999602485,-1.6000000000000008,4.25,23.0,10.0,0,0,0,0,0,7,0,0,57,0
14000493,1.0,0.3,0.25,5.292499999999999,5.299999999999999,0.007500000000000005,-6,7.5,2.03125,0.25,0.15625,0.0,0.5531250000000004,0.5726562499999995,0.9999998869523099,0.29985835369718805,0.9999998869523099,0.29985835369718805,-1.8500000000000003,7.150000000000002,16.0,10.0,1,6,1,3,1,13,0,0,39,0
14000494,1.0,0.05,0.75,1.3978749999999995,1.3999999999999995,0.0021250000000000015,-3,2.125,1.28125,0.140625,0.09375,0.015625,0.5492063492063496,0.5738095238095235,0.49604736940115135,0.050008390381863436,0.49604736940115135,0.050008390381863436,-0.8,2.1999999999999993,4.0,11.0,0,3,2,3,2,17,1,3,32,1
14000495,0.0,0.05,0.5,1.645875,1.65,0.004125000000000002,4,4.125,1.5,0.109375,0.171875,0.03125,0.5516129032258069,0.5677419354838708,0.16573806204868916,0.05263990526730252,0.16573806204868916,0.05263990526730252,-0.55,2.2,2.0,16.0,0,4,2,3,0,19,0,5,29,2
14000496,1.0,0.3,0.5,5.898375,5.8999999999999995,0.0016250000000000008,1,1.625,1.0,0.140625,0.15625,0.015625,0.5587301587301591,0.5666666666666663,0.9805737078349578,0.05379097471606191,0.9805737078349578,0.05379097471606191,-0.30000000000000027,6.199999999999999,6.0,13.0,0,6,1,2,3,16,0,0,35,1
14000497,1.0,0.05,0.75,1.2394218750000008,1.2500000000000009,0.010578125000000008,-5,10.578125,2.796875,0.140625,0.0625,0.0,0.5718750000000006,0.6101562499999994,0.9747575218135197,0.05015873264566722,0.9747575218135197,0.05015873264566722,-0.10000000000000009,1.3499999999999996,2.0,11.0,0,3,0,1,0,10,2,0,48,0
14000498,1.0,0.3,0.75,-0.809781250000001,-0.7000000000000011,0.10978124999999996,-15,109.78125,9.625,0.265625,0.03125,0.015625,0.5936507936507943,0.6214285714285708,0.9999997404938985,0.2979579458276442,0.9999997404938985,0.2979579458276442,-1.4000000000000004,0.7,14.0,5.0,0,1,0,0,0,10,0,1,51,1
14000499,1.0,0.3,0.25,3.1592499999999863,3.2999999999999865,0.14075000000000001,-16,140.75,10.53125,0.375,0.125,0.0,0.5968750000000007,0.6289062499999993,0.9999999999999996,0.2999999995734586,0.9999999999999996,0.2999999995734586,-1.9000000000000008,5.199999999999999,24.0,8.0,0,1,0,0,0,7,0,0,56,0
14000500,1.0,0.05,0.5,2.39965625,2.4,0.0003437500000000002,0,0.34375,0.34375,0.09375,0.09375,0.03125,0.5387096774193552,0.5604838709677415,0.39228026703887237,0.05000322824462477,0.39228026703887237,0.05000322824462477,-0.6000000000000001,2.9999999999999996,3.0,9.0,0,4,3,4,1,18,2,2,28,2
14000501,1.0,0.05,0.5,0.749046875,0.75,0.0009531250000000006,-2,0.953125,0.671875,0.0625,0.03125,0.015625,0.5619047619047624,0.6095238095238089,0.8075298202121937,0.05000019313228208,0.8075298202121937,0.05000019313228208,-0.25,0.9999999999999998,3.0,3.0,0,2,0,1,1,11,1,5,42,1
14000502,1.0,0.05,0.25,8.13534375,8.15,0.01465625000000001,7,14.65625,3.1875,0.09375,0.203125,0.046875,0.5311475409836067,0.5221311475409837,0.503342904850151,0.0567307859677539,0.503342904850151,0.0567307859677539,-0.6499999999999999,8.799999999999999,4.0,15.0,0,8,3,3,1,26,1,4,15,3
14000503,0.0,0.05,0.25,-1.03378125,-1.0,0.03378124999999999,10,33.78125,4.5,0.046875,0.203125,0.0,0.5437500000000004,0.4882812500000001,0.04501170284881097,0.0517056160773932,0.04501170284881097,0.0517056160773932,-0.6000000000000001,-0.4,3.0,13.0,0,8,6,1,3,37,2,1,6,0
14000504,0.0,0.3,0.5,1.4151406249999998,1.4499999999999997,0.03485937500000001,9,34.859375,5.359375,0.109375,0.25,0.03125,0.5516129032258066,0.478225806451613,0.04853951942828303,0.21509459904500575,0.04853951942828303,0.21509459904500575,-3.5500000000000007,5.0,16.0,7.0,1,7,7,1,3,37,0,1,5,2
14000505,1.0,0.05,0.75,2.648859375000002,2.650000000000002,0.0011406250000000006,-3,1.140625,0.734375,0.15625,0.109375,0.0,0.5437500000000004,0.5749999999999996,0.895005502317319,0.050747169556675575,0.895005502317319,0.050747169556675575,-0.25,2.9000000000000004,3.0,14.0,0,3,1,3,1,20,2,4,30,0
14000506,1.0,0.3,0.75,0.6391249999999928,0.7499999999999929,0.11087500000000004,-16,110.875,8.78125,0.3125,0.0625,0.0,0.5875000000000007,0.6242187499999993,0.9999999999945192,0.29999785279228075,0.9999999999945192,0.29999785279228075,-1.7000000000000006,2.4499999999999997,18.0,6.0,0,2,0,1,0,6,0,0,55,0
14000507,1.0,0.05,0.75,1.7968281249999998,1.7999999999999998,0.003171875000000002,-2,3.171875,1.453125,0.109375,0.078125,0.03125,0.5677419354838714,0.594354838709677,0.41051317298496864,0.0500019836787745,0.41051317298496864,0.0500019836787745,-0.6999999999999997,2.5,4.0,8.0,0,2,1,1,2,14,1,2,39,2
14000508,1.0,0.05,0.5,2.3986718750000002,2.4000000000000004,0.0013281250000000007,-2,1.328125,0.890625,0.15625,0.125,0.0,0.5281250000000006,0.5703124999999996,0.79621809404641,0.050150601350170416,0.79621809404641,0.050150601350170416,-0.8500000000000001,3.2499999999999996,5.0,13.0,0,7,0,5,1,14,2,1,34,0
14000509,0.0,0.3,0.75,1.0721250000000007,1.1500000000000006,0.07787500000000001,14,77.875,7.78125,0.140625,0.359375,0.03125,0.5677419354838713,0.4879032258064518,5.8512836576883385e-06,0.29997922333075044,5.8512836576883385e-06,0.29997922333075044,-5.300000000000001,6.449999999999999,23.0,9.0,1,3,8,0,2,41,1,1,5,2
14000510,1.0,0.05,0.25,3.199359375000001,3.200000000000001,0.0006406250000000004,-1,0.640625,0.578125,0.15625,0.140625,0.0,0.5562500000000004,0.5656249999999996,0.5685729812919548,0.05013927697856544,0.5685729812919548,0.05013927697856544,-1.1999999999999997,4.399999999999999,4.0,15.0,0,5,1,1,3,20,1,2,31,0
14000511,1.0,0.3,0.75,-0.3469062500000036,-0.25000000000000355,0.09690625000000003,-18,96.90625,8.1875,0.3125,0.03125,0.0,0.5968750000000007,0.6289062499999993,0.9999999999929932,0.29999663496118495,0.9999999999929932,0.29999663496118495,-1.6000000000000005,1.3499999999999999,18.0,4.0,0,1,0,0,0,7,0,0,56,0
14000512,1.0,0.05,0.75,2.5481874999999996,2.55,0.0018125000000000012,-1,1.8125,1.0625,0.109375,0.09375,0.078125,0.56271186440678,0.5584745762711861,0.6337352427851376,0.050025933372725734,0.6337352427851376,0.050025933372725734,-0.55,3.0999999999999996,2.0,11.0,0,3,3,0,1,23,1,5,23,5
14000513,0.0,0.3,0.25,-2.782109375,-2.5500000000000003,0.232109375,27,232.109375,13.390625,0.0625,0.484375,0.0,0.5750000000000004,0.4765625000000001,4.061071414045502e-12,0.2999999851610865,4.061071414045502e-12,0.2999999851610865,-4.000000000000001,1.4500000000000004,23.0,12.0,0,3,9,1,2,47,0,1,1,0
14000514,1.0,0.05,0.75,1.3400937499999992,1.3499999999999992,0.009906250000000007,-2,9.90625,2.90625,0.109375,0.078125,0.0,0.5562500000000006,0.6078124999999994,0.7163941371080719,0.050001889808568026,0.7163941371080719,0.050001889808568026,-0.30000000000000004,1.65,3.0,9.0,0,3,0,1,1,10,2,4,43,0
14000515,1.0,0.3,0.75,-0.3384375000000028,-0.20000000000000284,0.13843749999999994,-16,138.4375,11.03125,0.28125,0.03125,0.0,0.6000000000000008,0.6265624999999992,0.9999999984051722,0.2998882701650331,0.9999999984051722,0.2998882701650331,-1.2000000000000004,0.9999999999999998,15.0,5.0,0,0,0,0,0,10,0,0,54,0
14000516,1.0,0.3,0.75,-1.405843750000015,-1.050000000000015,0.3558437499999999,-29,355.84375,17.0625,0.484375,0.03125,0.0,0.5906250000000006,0.6265624999999994,1.0,0.29999999999992427,1.0,0.29999999999992427,-1.7500000000000009,0.6999999999999997,25.0,8.0,0,1,0,1,0,7,0,0,55,0
14000517,0.0,0.05,0.25,-1.5472187500000003,-1.5000000000000002,0.04721875000000002,9,47.21875,6.1875,0.0625,0.203125,0.0,0.5343750000000004,0.5046875,0.20032321306535217,0.05039277722691385,0.20032321306535217,0.05039277722691385,-1.2999999999999998,-0.20000000000000018,6.0,11.0,1,7,7,1,1,30,4,1,12,0
14000518,0.0,0.05,0.75,3.398,3.4,0.0020000000000000013,0,2.0,1.09375,0.109375,0.109375,0.046875,0.554098360655738,0.5442622950819671,0.6910331641191007,0.050032522974438706,0.6910331641191007,0.050032522974438706,-0.7000000000000001,4.1000000000000005,2.0,12.0,0,7,3,2,1,20,0,2,26,3
14000519,0.0,0.05,0.25,0.829296875,0.8500000000000001,0.020703125000000003,6,20.703125,4.078125,0.109375,0.203125,0.015625,0.523809523809524,0.5095238095238097,0.290250272350211,0.05386968938115224,0.290250272350211,0.05386968938115224,-1.45,2.3,5.0,15.0,1,8,2,4,3,30,1,1,13,1
14000520,1.0,0.3,0.5,2.316453124999995,2.399999999999995,0.08354687500000003,-18,83.546875,7.703125,0.375,0.09375,0.0,0.6000000000000006,0.6312499999999993,1.0,0.29999999949500916,1.0,0.29999999949500916,-1.4500000000000008,3.8499999999999996,23.0,7.0,0,0,0,0,0,8,0,0,56,0
14000521,0.0,0.3,0.5,-1.0847187499999995,-0.8999999999999995,0.18471875000000004,22,184.71875,12.03125,0.09375,0.4375,0.0,0.5750000000000004,0.4648437500000002,2.7805924894336908e-08,0.2999985676404314,2.7805924894336908e-08,0.2999985676404314,-5.0500000000000025,4.1499999999999995,26.0,8.0,0,5,10,1,1,47,0,0,0,0
14000522,0.0,0.05,0.75,3.698359375,3.6999999999999997,0.001640625000000001,-3,1.640625,1.046875,0.125,0.078125,0.015625,0.5428571428571434,0.571428571428571,0.4755816444730854,0.050001656850439946,0.4755816444730854,0.050001656850439946,-0.7000000000000001,4.3999999999999995,2.0,11.0,0,5,0,4,1,18,1,2,32,1
14000523,0.0,0.3,0.25,-2.386265625,-2.25,0.136265625,22,136.265625,10.046875,0.0625,0.40625,0.015625,0.5523809523809527,0.466666666666667,3.34253373409009e-08,0.2999878849696916,3.34253373409009e-08,0.2999878849696916,-2.8,0.55,16.0,14.0,0,6,11,3,3,37,0,0,3,1
14000524,0.0,0.3,0.25,-0.42317187499999975,-0.2999999999999998,0.12317187499999992,15,123.171875,10.328125,0.078125,0.3125,0.03125,0.5677419354838713,0.478225806451613,1.8001623517022714e-05,0.29923686819560225,1.8001623517022714e-05,0.29923686819560225,-3.05,2.75,17.0,8.0,0,3,9,2,1,44,0,2,1,2
14000525,1.0,0.05,0.25,11.409703125,11.45,0.04029687500000002,12,40.296875,5.328125,0.078125,0.265625,0.015625,0.5365079365079368,0.48333333333333345,0.2856042774697665,0.081976531527899,0.2856042774697665,0.081976531527899,-0.44999999999999996,11.9,3.0,19.0,0,9,9,3,1,30,1,2,8,1
14000526,0.0,0.05,0.25,-0.1238593750000002,-0.1000000000000002,0.023859375000000006,8,23.859375,4.140625,0.0625,0.1875,0.015625,0.5587301587301593,0.5261904761904762,0.2392977488370068,0.050966349285293394,0.2392977488370068,0.050966349285293394,-0.45,0.35,3.0,13.0,0,5,3,4,0,32,0,0,19,1
14000527,1.0,0.3,0.25,1.3775468749999922,1.4499999999999922,0.07245312500000002,-18,72.453125,6.328125,0.359375,0.078125,0.015625,0.5904761904761912,0.616666666666666,0.9999999999999845,0.29999998539772277,0.9999999999999845,0.29999998539772277,-1.9500000000000008,3.3999999999999995,23.0,5.0,0,1,0,0,2,10,0,0,50,1
14000528,1.0,0.3,0.5,-0.3294843750000028,-0.20000000000000284,0.129484375,-19,129.484375,9.953125,0.34375,0.046875,0.0,0.5906250000000006,0.6312499999999993,0.9999999999998521,0.2999997857687086,0.9999999999998521,0.2999997857687086,-1.9500000000000006,1.7499999999999998,22.0,3.0,0,1,0,0,0,6,1,0,56,0
14000529,1.0,0.3,0.5,2.68246874999999,2.79999999999999,0.11753124999999998,-16,117.53125,9.21875,0.359375,0.109375,0.0,0.5968750000000007,0.6312499999999993,0.9999999999999897,0.29999999359195983,0.9999999999999897,0.29999999359195983,-1.5000000000000007,4.299999999999999,21.0,9.0,0,0,0,0,0,8,0,1,55,0
14000530,1.0,0.05,0.75,0.2842812500000007,0.3000000000000007,0.01571875000000001,-8,15.71875,3.5,0.15625,0.03125,0.0,0.5906250000000006,0.6265624999999994,0.9966793681297736,0.051398300327867644,0.9966793681297736,0.051398300327867644,-0.30000000000000027,0.6000000000000001,6.0,6.0,0,0,2,0,0,6,0,3,53,0
14000531,1.0,0.3,0.5,1.3922187499999956,1.4499999999999957,0.05778125000000002,-13,57.78125,5.84375,0.265625,0.0625,0.0,0.5937500000000007,0.6218749999999993,0.9999999965691168,0.29987092465915444,0.9999999965691168,0.29987092465915444,-1.0500000000000005,2.4999999999999996,15.0,6.0,0,1,1,0,0,8,0,1,53,0
14000532,0.0,0.05,0.5,-0.3650000000000001,-0.3500000000000001,0.01500000000000001,8,15.0,3.0,0.0625,0.1875,0.0625,0.5300000000000001,0.5175000000000002,0.2751102552385306,0.05155418746187568,0.2751102552385306,0.05155418746187568,-0.6499999999999999,0.2999999999999998,3.0,13.0,0,9,2,4,1,26,1,1,16,4
14000533,1.0,0.05,0.25,7.040078125000001,7.050000000000001,0.009921875000000007,5,9.921875,2.859375,0.109375,0.1875,0.0,0.5218750000000002,0.53984375,0.5355405599021728,0.052583137611933325,0.5355405599021728,0.052583137611933325,-0.9000000000000001,7.949999999999999,4.0,15.0,0,7,2,6,1,22,1,3,22,0
14000534,0.0,0.3,0.5,2.5812968750000005,2.6500000000000004,0.06870312500000003,11,68.703125,7.265625,0.140625,0.3125,0.046875,0.5508196721311479,0.47540983606557397,4.7657019155312496e-05,0.29985434661963783,4.7657019155312496e-05,0.29985434661963783,-3.5500000000000007,6.199999999999999,18.0,11.0,1,5,8,3,1,39,0,1,3,3
14000535,1.0,0.3,0.5,2.2340156249999943,2.3499999999999943,0.11598437499999996,-16,115.984375,9.671875,0.375,0.125,0.0,0.5875000000000006,0.6148437499999994,0.9999999999988816,0.2999999664753678,0.9999999999988816,0.2999999664753678,-2.9499999999999993,5.299999999999999,23.0,9.0,0,1,1,1,0,10,0,1,50,0
14000536,1.0,0.05,0.5,5.148953124999999,5.1499999999999995,0.0010468750000000005,3,1.046875,0.671875,0.109375,0.15625,0.015625,0.5396825396825401,0.5547619047619046,0.8949107072327899,0.05007064451242668,0.8949107072327899,0.05007064451242668,-0.10000000000000009,5.25,2.0,15.0,1,4,1,2,2,24,2,3,24,1
14000537,0.0,0.05,0.5,-0.8637656250000001,-0.8500000000000001,0.013765625000000007,6,13.765625,2.578125,0.046875,0.140625,0.015625,0.5428571428571433,0.5499999999999997,0.12832504135268924,0.05004912204532126,0.12832504135268924,0.05004912204532126,-0.5,-0.3500000000000001,2.0,10.0,0,2,3,5,3,24,0,3,23,1
14000538,0.0,0.05,0.5,3.7965625000000007,3.8000000000000007,0.003437500000000002,0,3.4375,1.46875,0.140625,0.140625,0.015625,0.5523809523809527,0.5357142857142855,0.6271995133734115,0.050174302928432564,0.6271995133734115,0.050174302928432564,-0.5,4.3,2.0,16.0,0,6,2,1,1,30,2,2,19,1
14000539,1.0,0.3,0.25,5.017187499999999,5.049999999999999,0.0328125,-7,32.8125,5.25,0.265625,0.15625,0.015625,0.5777777777777784,0.5999999999999995,0.9999990382218884,0.299886665087551,0.9999990382218884,0.299886665087551,-1.9500000000000002,7.0,15.0,12.0,0,2,1,1,1,13,0,2,43,1
14000540,1.0,0.3,0.75,1.587437499999995,1.649999999999995,0.06256250000000002,-14,62.5625,6.6875,0.296875,0.078125,0.0,0.5843750000000006,0.6124999999999994,0.9999999999144724,0.2999935566855214,0.9999999999144724,0.2999935566855214,-0.7500000000000004,2.3999999999999995,13.0,11.0,0,4,0,0,0,8,0,1,51,0
14000541,0.0,0.3,0.5,-2.6832187499999995,-2.5999999999999996,0.08321875000000001,15,83.21875,8.0625,0.046875,0.28125,0.015625,0.5460317460317465,0.4857142857142859,0.04425827496031086,0.09067436985260048,0.04425827496031086,0.09067436985260048,-2.95,0.3500000000000001,12.0,9.0,0,5,10,3,0,36,2,2,5,1
14000542,1.0,0.3,0.25,5.696171874999999,5.699999999999999,0.0038281250000000017,-3,3.828125,1.390625,0.265625,0.21875,0.03125,0.5516129032258068,0.5556451612903223,0.9995246934934169,0.2983264876800795,0.9995246934934169,0.2983264876800795,-3.499999999999999,9.200000000000001,15.0,16.0,1,5,3,3,2,16,0,0,32,2
14000543,0.0,0.05,0.75,0.44764062499999996,0.44999999999999996,0.0023593750000000017,1,2.359375,1.359375,0.046875,0.0625,0.015625,0.5523809523809526,0.5595238095238094,0.21322353469220998,0.05000017502815642,0.21322353469220998,0.05000017502815642,-0.55,1.0,2.0,5.0,0,7,1,2,2,18,0,2,31,1
14000544,0.0,0.3,0.25,-2.993296875,-2.85,0.143296875,20,143.296875,10.828125,0.046875,0.359375,0.0,0.5687500000000003,0.48125000000000007,9.006836089835267e-06,0.2988773691848109,9.006836089835267e-06,0.2988773691848109,-3.8,0.9500000000000002,19.0,7.0,0,4,9,1,1,44,0,3,2,0
14000545,0.0,0.05,0.75,3.99625,4.0,0.0037500000000000025,-3,3.75,1.71875,0.140625,0.09375,0.046875,0.5672131147540987,0.563934426229508,0.2852361760601373,0.050007029371085206,0.2852361760601373,0.050007029371085206,0.0,4.0,0.0,15.0,0,6,4,0,2,13,0,2,34,3
14000546,1.0,0.05,0.25,9.395234375,9.45,0.054765625000000005,11,54.765625,6.515625,0.046875,0.21875,0.03125,0.5516129032258066,0.49516129032258077,0.04741332224558647,0.055627513805323506,0.04741332224558647,0.055627513805323506,0.0,9.450000000000001,0.0,17.0,0,7,7,0,1,35,2,3,7,2
14000547,0.0,0.3,0.5,2.4715468750000005,2.5500000000000003,0.07845312499999998,13,78.453125,8.390625,0.15625,0.359375,0.015625,0.555555555555556,0.46904761904761916,5.629760517396728e-07,0.29999626401391516,5.629760517396728e-07,0.29999626401391516,-3.3,5.85,18.0,15.0,0,6,10,3,0,41,1,0,2,1
14000548,1.0,0.05,0.75,-0.31865624999999986,-0.2999999999999998,0.018656250000000013,-6,18.65625,4.125,0.109375,0.015625,0.0,0.5937500000000007,0.6218749999999993,0.9786670426729274,0.05001028614264147,0.9786670426729274,0.05001028614264147,-0.10000000000000009,-0.20000000000000018,2.0,6.0,0,1,1,0,0,8,0,1,53,0
14000549,1.0,0.05,0.25,5.236140625,5.25,0.013859375000000009,5,13.859375,3.421875,0.078125,0.15625,0.046875,0.521311475409836,0.5172131147540984,0.5074394209081883,0.050048486580415996,0.5074394209081883,0.050048486580415996,-1.25,6.499999999999999,4.0,11.0,1,8,3,4,2,24,0,4,15,3
14000550,0.0,0.05,0.25,-1.6803750000000006,-1.6500000000000006,0.03037500000000001,9,30.375,4.65625,0.0625,0.203125,0.0,0.5468750000000002,0.5304687499999999,0.5944723882578662,0.05007751283772973,0.5944723882578662,0.05007751283772973,-0.2,-1.4500000000000004,1.0,16.0,0,5,6,1,1,27,1,7,16,0
14000551,1.0,0.05,0.5,6.827,6.85,0.023000000000000007,7,23.0,4.03125,0.09375,0.203125,0.015625,0.5111111111111113,0.5261904761904762,0.8884682043565356,0.05006571782265519,0.8884682043565356,0.05006571782265519,-0.050000000000000044,6.899999999999999,1.0,18.0,0,6,6,4,2,22,5,2,16,1
14000552,1.0,0.3,0.75,0.34926562499999575,0.44999999999999574,0.10073437499999999,-16,100.734375,9.390625,0.296875,0.046875,0.03125,0.5967741935483878,0.6403225806451606,0.9999999999147737,0.29999023177803846,0.9999999999147737,0.29999023177803846,-1.0000000000000004,1.4499999999999997,15.0,7.0,0,0,0,0,0,4,0,1,57,2
14000553,1.0,0.3,0.5,2.7178906249999955,2.7999999999999954,0.08210937500000001,-13,82.109375,8.171875,0.296875,0.09375,0.0,0.6000000000000008,0.6312499999999993,0.9999999999620435,0.29999728540382486,0.9999999999620435,0.29999728540382486,-1.2500000000000007,4.049999999999999,19.0,6.0,0,0,0,0,0,8,0,0,56,0
14000554,0.0,0.05,0.75,4.048875,4.05,0.0011250000000000006,-2,1.125,0.75,0.125,0.09375,0.03125,0.5677419354838714,0.5798387096774189,0.5366782675231917,0.05001068824671549,0.5366782675231917,0.05001068824671549,0.0,4.05,0.0,14.0,0,5,0,1,1,17,0,2,36,2
14000555,1.0,0.05,0.25,1.0415781249999998,1.0499999999999998,0.008421875000000006,-4,8.421875,2.109375,0.140625,0.078125,0.046875,0.5803278688524596,0.5836065573770487,0.7735031008807982,0.050039407528296255,0.7735031008807982,0.050039407528296255,-1.3,2.3499999999999996,6.0,8.0,0,2,2,1,1,17,0,1,37,3
14000556,1.0,0.05,0.5,4.746140624999999,4.749999999999999,0.0038593750000000026,0,3.859375,1.640625,0.15625,0.15625,0.046875,0.5377049180327872,0.5418032786885246,0.15359014730689788,0.05383421376873427,0.15359014730689788,0.05383421376873427,-0.19999999999999996,4.949999999999998,1.0,19.0,0,4,4,3,1,24,2,4,19,3
14000557,1.0,0.3,0.5,1.7520156249999943,1.8499999999999943,0.09798437500000001,-17,97.984375,8.765625,0.34375,0.078125,0.0,0.5906250000000006,0.6312499999999993,0.9999999999999865,0.2999999744094254,0.9999999999999865,0.2999999744094254,-1.4000000000000008,3.2499999999999996,22.0,5.0,0,0,1,0,0,6,1,1,55,0
14000558,1.0,0.05,0.25,4.2971875,4.3,0.0028125000000000008,0,2.8125,1.28125,0.125,0.125,0.015625,0.5682539682539687,0.5880952380952377,0.956002902754728,0.050360979957607376,0.956002902754728,0.050360979957607376,-0.4500000000000002,4.75,6.0,10.0,1,4,0,1,1,14,0,1,41,1
14000559,0.0,0.05,0.75,3.0990781249999997,3.0999999999999996,0.0009218750000000004,0,0.921875,0.765625,0.140625,0.140625,0.03125,0.5258064516129033,0.5677419354838706,0.5105795006178618,0.050105876769952304,0.5105795006178618,0.050105876769952304,-0.5,3.5999999999999988,2.0,16.0,0,6,2,3,3,12,1,6,29,2
14000560,1.0,0.3,0.5,3.6160468749999977,3.6999999999999975,0.08395312500000003,-12,83.953125,8.578125,0.3125,0.125,0.015625,0.5936507936507943,0.6380952380952374,0.9999999999990894,0.2999998747397584,0.9999999999990894,0.2999998747397584,-1.0000000000000007,4.699999999999999,17.0,11.0,0,0,0,0,0,5,1,0,57,1
14000561,1.0,0.3,0.5,0.1903124999999879,0.3999999999999879,0.20968750000000003,-23,209.6875,13.09375,0.421875,0.0625,0.0,0.5968750000000007,0.6289062499999993,1.0,0.299999999954663,1.0,0.299999999954663,-2.000000000000001,2.3999999999999995,26.0,5.0,0,1,0,0,0,7,0,0,56,0
14000562,1.0,0.3,0.5,2.8453749999999984,2.8999999999999986,0.054625000000000014,-12,54.625,6.59375,0.3125,0.125,0.0,0.5750000000000006,0.6148437499999995,0.9999999999417313,0.29999859650281957,0.9999999999417313,0.29999859650281957,-2.299999999999999,5.199999999999999,20.0,8.0,0,3,0,2,0,7,0,1,51,0
14000563,0.0,0.05,0.75,3.5482343750000003,3.5500000000000003,0.0017656250000000011,1,1.765625,1.109375,0.140625,0.15625,0.078125,0.5525423728813561,0.5279661016949152,0.20614796639181773,0.0540102170500184,0.20614796639181773,0.0540102170500184,-0.8,4.35,4.0,15.0,0,9,3,0,2,22,0,3,20,5
14000564,1.0,0.3,0.25,4.321656249999998,4.399999999999999,0.07834375000000002,-12,78.34375,8.21875,0.34375,0.15625,0.0,0.5937500000000007,0.6171874999999993,0.99999999999919,0.299999976103939,0.99999999999919,0.299999976103939,-1.9500000000000004,6.35,19.0,13.0,0,1,0,0,1,11,0,0,51,0
14000565,1.0,0.3,0.25,4.815749999999998,4.849999999999998,0.03425000000000002,-13,34.25,5.0,0.359375,0.15625,0.0,0.5781250000000006,0.6148437499999994,0.9999999999999925,0.29999999885170825,0.9999999999999925,0.29999999885170825,-1.5000000000000007,6.3500000000000005,19.0,14.0,0,1,0,1,1,11,1,1,48,0
14000566,1.0,0.3,0.25,4.328281249999996,4.349999999999996,0.021718750000000002,-10,21.71875,3.28125,0.296875,0.140625,0.015625,0.5777777777777783,0.5833333333333328,0.9999999991663895,0.29999801661744296,0.9999999991663895,0.29999801661744296,-2.05,6.4,19.0,9.0,0,4,1,0,1,17,0,2,38,1
14000567,1.0,0.05,0.25,5.524609375,5.55,0.025390625000000007,6,25.390625,4.265625,0.0625,0.15625,0.015625,0.5428571428571433,0.5095238095238096,0.24713951495720285,0.05004397004601785,0.24713951495720285,0.05004397004601785,-0.44999999999999996,6.0,1.0,13.0,1,5,8,3,1,27,1,2,15,1
14000568,0.0,0.05,0.75,1.84546875,1.85,0.004531250000000003,2,4.53125,1.875,0.09375,0.125,0.046875,0.5344262295081968,0.5368852459016392,0.3455053540001603,0.05006324353203724,0.3455053540001603,0.05006324353203724,-1.2500000000000002,3.1,4.0,10.0,0,8,2,4,3,19,0,1,24,3
14000569,0.0,0.05,0.75,4.744703125,4.75,0.005296875000000004,-5,5.296875,1.921875,0.109375,0.03125,0.015625,0.5650793650793654,0.6023809523809519,0.8799296421898042,0.05000239643336759,0.8799296421898042,0.05000239643336759,0.0,4.75,0.0,9.0,0,2,1,1,2,11,0,5,41,1
14000570,0.0,0.3,0.25,-3.053328125000001,-2.950000000000001,0.10332812499999999,18,103.328125,8.484375,0.03125,0.3125,0.015625,0.5523809523809527,0.47857142857142876,0.0010840714670526757,0.25932415249300655,0.0010840714670526757,0.25932415249300655,-2.85,-0.10000000000000009,14.0,8.0,0,12,7,1,1,32,0,0,10,1
14000571,0.0,0.05,0.25,-1.979875,-1.95,0.02987500000000001,9,29.875,4.65625,0.046875,0.1875,0.0,0.5281250000000002,0.5234375000000001,0.2713158206203498,0.05005274383123036,0.2713158206203498,0.05005274383123036,-1.1500000000000001,-0.8000000000000003,3.0,12.0,0,6,7,6,2,20,0,3,20,0
14000572,0.0,0.3,0.25,-2.961140624999999,-2.849999999999999,0.11114062499999999,21,111.140625,9.265625,0.046875,0.375,0.03125,0.5580645161290327,0.4733870967741938,9.362007690146565e-08,0.2999471343113951,9.362007690146565e-08,0.2999471343113951,-4.1499999999999995,1.3,21.0,6.0,0,7,11,1,0,36,1,2,4,2
14000573,1.0,0.3,0.5,1.6964218749999935,1.7999999999999936,0.10357812499999998,-15,103.578125,8.890625,0.328125,0.09375,0.0,0.5906250000000007,0.6265624999999992,0.9999999999856641,0.29999896624232636,0.9999999999856641,0.29999896624232636,-1.8000000000000005,3.5999999999999996,18.0,9.0,0,1,0,0,0,8,1,0,54,0
14000574,1.0,0.3,0.25,4.417218749999993,4.499999999999993,0.08278124999999999,-15,82.78125,7.6875,0.375,0.140625,0.0,0.5968750000000007,0.6265624999999992,1.0,0.2999999999403371,1.0,0.2999999999403371,-1.5000000000000009,6.0,24.0,9.0,0,1,0,0,0,8,0,0,55,0
14000575,1.0,0.3,0.25,5.717296874999998,5.749999999999998,0.03270312500000001,-8,32.703125,5.078125,0.3125,0.1875,0.0,0.5812500000000006,0.6101562499999994,0.9999999999909615,0.2999998184274898,0.9999999999909615,0.2999998184274898,-1.7000000000000004,7.450000000000001,18.0,14.0,0,3,0,1,0,10,0,1,49,0
14000576,0.0,0.05,0.5,2.389375,2.4,0.010625000000000006,3,10.625,3.0625,0.109375,0.15625,0.03125,0.5354838709677421,0.5266129032258063,0.7514171528195346,0.05016832453155203,0.7514171528195346,0.05016832453155203,-1.0,3.4,4.0,13.0,0,8,2,2,3,26,2,1,18,2
14000577,1.0,0.05,0.75,1.744890625000001,1.7500000000000009,0.005109375000000001,-5,5.109375,1.546875,0.171875,0.09375,0.03125,0.5580645161290326,0.5725806451612899,0.9517030377423784,0.05297224551667364,0.9517030377423784,0.05297224551667364,-0.20000000000000018,1.9499999999999997,4.0,13.0,0,4,2,2,2,16,0,3,33,2
14000578,0.0,0.05,0.75,3.546640625,3.5500000000000003,0.003359375000000002,-2,3.359375,1.734375,0.109375,0.078125,0.03125,0.5290322580645166,0.5919354838709672,0.4743135171222448,0.050001843206206306,0.4743135171222448,0.050001843206206306,-1.3000000000000003,4.8500000000000005,4.0,8.0,0,4,0,3,1,12,4,3,35,2
14000579,1.0,0.3,0.25,4.43771875,4.5,0.06228125000000001,-8,62.28125,7.46875,0.28125,0.15625,0.0,0.5843750000000006,0.6289062499999992,0.9999999827082366,0.2999757723618763,0.9999999827082366,0.2999757723618763,-1.8000000000000003,6.299999999999999,17.0,11.0,0,0,1,0,0,7,1,3,52,0
14000580,0.0,0.05,0.5,1.4431875,1.4500000000000002,0.006812500000000005,5,6.8125,2.25,0.109375,0.1875,0.03125,0.5516129032258068,0.550806451612903,0.5413314463078588,0.051943912235755396,0.5413314463078588,0.051943912235755396,-0.6000000000000001,2.0500000000000003,2.0,17.0,0,4,1,2,1,28,1,4,21,2
14000581,0.0,0.05,0.5,-0.757578125,-0.75,0.007578125000000003,5,7.578125,1.890625,0.03125,0.109375,0.078125,0.5491525423728818,0.5330508474576271,0.1746224776782666,0.05001435129885474,0.1746224776782666,0.05001435129885474,-0.75,2.7755575615628914e-17,3.0,6.0,1,4,2,4,0,28,0,1,19,5
14000582,0.0,0.3,0.25,-2.7468593749999997,-2.5999999999999996,0.14685937500000001,21,146.859375,10.984375,0.046875,0.375,0.03125,0.5774193548387102,0.47338709677419366,9.372762412061775e-07,0.29985453620456465,9.372762412061775e-07,0.29985453620456465,-3.7000000000000006,1.1,18.0,9.0,0,4,12,1,0,40,0,1,4,2
14000583,1.0,0.3,0.5,1.2891093749999942,1.3499999999999943,0.060890625000000025,-15,60.890625,6.109375,0.296875,0.0625,0.0,0.6000000000000008,0.6265624999999994,0.9999999999771974,0.29999510990991624,0.9999999999771974,0.29999510990991624,-0.9500000000000006,2.3,16.0,7.0,0,0,0,0,0,10,0,0,54,0
14000584,1.0,0.05,0.75,0.8907031250000013,0.9000000000000012,0.009296875000000007,-5,9.296875,2.671875,0.125,0.046875,0.0,0.5812500000000006,0.6242187499999993,0.9703990655305016,0.05004567929582575,0.9703990655305016,0.05004567929582575,-0.30000000000000004,1.2,3.0,8.0,0,0,0,0,1,10,1,3,49,0
14000585,0.0,0.3,0.25,-5.922062500000003,-5.600000000000002,0.32206250000000003,29,322.0625,15.8125,0.0,0.453125,0.015625,0.5936507936507943,0.47380952380952396,5.426115888632834e-10,0.29999839055320265,5.426115888632834e-10,0.29999839055320265,-3.8000000000000007,-1.7999999999999998,20.0,9.0,0,2,9,0,0,52,0,0,0,1
14000586,1.0,0.05,0.25,5.989640625,6.0,0.010359375000000007,5,10.359375,2.578125,0.0625,0.140625,0.0,0.5312500000000002,0.51875,0.6735252002719178,0.05001314768338152,0.6735252002719178,0.05001314768338152,-0.050000000000000044,6.049999999999998,1.0,12.0,0,8,7,3,3,20,1,3,19,0
14000587,1.0,0.05,0.75,2.8488281249999994,2.849999999999999,0.0011718750000000006,1,1.171875,0.828125,0.09375,0.109375,0.015625,0.5492063492063498,0.5666666666666663,0.666684344378186,0.05000404310604415,0.666684344378186,0.05000404310604415,-0.25,3.0999999999999996,2.0,11.0,1,3,2,2,1,20,1,4,29,1
14000588,0.0,0.05,0.75,3.1980624999999994,3.1999999999999993,0.0019375000000000009,-1,1.9375,0.96875,0.125,0.109375,0.015625,0.5492063492063497,0.5714285714285711,0.4867859991044437,0.05000912168963297,0.4867859991044437,0.05000912168963297,-0.35000000000000003,3.55,1.0,14.0,1,3,2,3,0,18,1,3,32,1
14000589,1.0,0.3,0.25,4.23290625,4.25,0.01709375000000001,-7,17.09375,3.53125,0.28125,0.171875,0.015625,0.5777777777777783,0.583333333333333,0.9999974164640211,0.29982091831259117,0.9999974164640211,0.29982091831259117,-2.5999999999999996,6.85,17.0,12.0,0,3,2,0,1,17,1,1,38,1
14000590,1.0,0.05,0.75,2.3988906250000004,2.4000000000000004,0.0011093750000000008,0,1.109375,0.890625,0.109375,0.109375,0.0,0.5375000000000003,0.5703124999999997,0.196460734786255,0.05000671758204979,0.196460734786255,0.05000671758204979,-0.19999999999999996,2.5999999999999996,1.0,13.0,0,4,4,4,3,11,2,1,35,0
14000591,1.0,0.3,0.75,1.0625624999999923,1.1999999999999922,0.1374375,-20,137.4375,10.625,0.390625,0.078125,0.0,0.5937500000000007,0.6335937499999993,0.9999999999999998,0.29999999863556254,0.9999999999999998,0.29999999863556254,-1.8500000000000008,3.0499999999999994,24.0,6.0,0,0,0,0,0,7,1,0,56,0
14000592,0.0,0.3,0.5,-1.9918593749999998,-1.8499999999999999,0.141859375,21,141.859375,10.703125,0.078125,0.40625,0.015625,0.5650793650793656,0.4714285714285716,1.0720793986711751e-07,0.29998748331947067,1.0720793986711751e-07,0.29998748331947067,-3.650000000000001,1.8,19.0,12.0,0,8,6,0,2,45,0,1,1,1
14000593,0.0,0.05,0.25,-2.5393281249999995,-2.4999999999999996,0.039328125,11,39.328125,5.140625,0.015625,0.1875,0.015625,0.5238095238095241,0.5000000000000001,0.05465889129127516,0.05018370777338614,0.05465889129127516,0.05018370777338614,0.0,-2.4999999999999996,0.0,13.0,0,10,3,5,0,32,1,2,10,1
14000594,1.0,0.3,0.5,2.996218749999999,3.049999999999999,0.05378125000000002,-12,53.78125,6.8125,0.3125,0.125,0.0,0.5906250000000006,0.6195312499999994,0.9999999984564393,0.29999471057670074,0.9999999984564393,0.29999471057670074,-1.4000000000000001,4.449999999999999,14.0,14.0,0,2,0,0,0,9,0,1,52,0
14000595,0.0,0.05,0.25,-0.5334375,-0.5,0.0334375,11,33.4375,4.53125,0.0625,0.234375,0.0,0.5437500000000005,0.5070312499999999,0.013945756821290602,0.12577826562303018,0.013945756821290602,0.12577826562303018,-0.6500000000000001,0.1499999999999998,4.0,15.0,0,5,9,2,0,31,3,3,11,0
14000596,1.0,0.3,0.25,4.785984375000003,4.8000000000000025,0.014015625000000009,-7,14.015625,3.296875,0.28125,0.171875,0.0,0.5750000000000006,0.6078124999999993,0.9999999308850682,0.29995878421954747,0.9999999308850682,0.29995878421954747,-1.9500000000000002,6.75,14.0,15.0,0,4,2,0,0,6,1,2,49,0
14000597,0.0,0.3,0.25,-3.4679531250000006,-3.3000000000000007,0.16795312499999998,20,167.953125,11.453125,0.015625,0.328125,0.015625,0.5777777777777783,0.47619047619047633,2.3155928723756797e-06,0.29818150437734814,2.3155928723756797e-06,0.29818150437734814,-3.4500000000000006,0.15000000000000002,19.0,3.0,0,3,12,0,0,43,1,2,2,1
14000598,1.0,0.05,0.25,7.28034375,7.3,0.019656250000000014,8,19.65625,3.78125,0.0625,0.1875,0.03125,0.5483870967741938,0.5120967741935484,0.29605771952352045,0.0503392168310421,0.29605771952352045,0.0503392168310421,-0.5,7.799999999999997,2.0,14.0,1,8,3,1,1,31,1,1,15,2
14000599,1.0,0.05,0.75,2.7961406249999996,2.8,0.0038593750000000026,-3,3.859375,1.765625,0.171875,0.125,0.03125,0.5645161290322586,0.5822580645161287,0.4099380410646716,0.05025357849772586,0.4099380410646716,0.05025357849772586,-0.44999999999999996,3.25,3.0,16.0,0,3,2,1,0,17,2,2,35,2
14000600,0.0,0.3,0.75,0.28374999999999984,0.2999999999999998,0.016250000000000004,10,16.25,3.3125,0.09375,0.25,0.03125,0.5290322580645165,0.5314516129032257,0.11853383105269309,0.21602157920017684,0.11853383105269309,0.21602157920017684,-2.35,2.6500000000000004,11.0,11.0,1,5,2,4,0,29,3,1,17,2
14000601,0.0,0.05,0.75,3.7440156250000003,3.7500000000000004,0.005984375000000004,-1,5.984375,2.015625,0.125,0.109375,0.03125,0.5774193548387102,0.5846774193548383,0.34138065106392934,0.05001835185707459,0.34138065106392934,0.05001835185707459,-0.2,3.9500000000000006,1.0,14.0,0,2,0,2,0,21,0,1,36,2
14000602,1.0,0.05,0.5,1.7972187499999999,1.7999999999999998,0.002781250000000001,-5,2.78125,1.28125,0.1875,0.109375,0.046875,0.5540983606557383,0.5590163934426226,0.8919173485841407,0.05688440172831711,0.8919173485841407,0.05688440172831711,-0.5,2.3000000000000003,2.0,17.0,0,4,3,1,3,19,2,1,28,3
14000603,1.0,0.05,0.25,6.622265625,6.6499999999999995,0.027734375000000012,9,27.734375,4.515625,0.015625,0.15625,0.03125,0.538709677419355,0.4951612903225808,0.16828337168788807,0.05001049750135417,0.16828337168788807,0.05001049750135417,0.0,6.6499999999999995,0.0,11.0,0,11,5,2,1,29,1,1,12,2
14000604,1.0,0.3,0.25,7.240703124999996,7.2499999999999964,0.009296875000000005,-7,9.296875,2.359375,0.34375,0.234375,0.0,0.5781250000000006,0.5726562499999995,0.9999999999845541,0.2999999827809597,0.9999999999845541,0.2999999827809597,-2.649999999999999,9.9,20.0,17.0,0,3,4,0,0,19,0,4,34,0
14000605,0.0,0.05,0.75,5.144234375,5.15,0.0057656250000000025,-4,5.765625,1.890625,0.140625,0.078125,0.015625,0.5777777777777782,0.5833333333333329,0.7158446275490237,0.0500172091435259,0.7158446275490237,0.0500172091435259,-0.7000000000000001,5.8500000000000005,2.0,12.0,0,4,2,0,2,14,0,1,40,1
14000606,1.0,0.05,0.5,3.747640625,3.75,0.0023593750000000017,1,2.359375,1.328125,0.09375,0.109375,0.015625,0.552380952380953,0.5761904761904758,0.6980140992707036,0.05000893234881869,0.6980140992707036,0.05000893234881869,-0.3500000000000001,4.1,4.0,9.0,1,2,0,2,2,21,2,1,32,1
14000607,0.0,0.05,0.75,2.3951874999999996,2.3999999999999995,0.0048125000000000025,1,4.8125,1.90625,0.109375,0.125,0.015625,0.5206349206349208,0.5571428571428567,0.2499552763092364,0.05003264603984264,0.2499552763092364,0.05003264603984264,-0.2,2.5999999999999996,1.0,14.0,0,5,1,4,1,22,4,3,23,1
14000608,0.0,0.05,0.25,-0.27267187499999995,-0.24999999999999994,0.02267187500000001,8,22.671875,4.109375,0.0625,0.1875,0.0625,0.5300000000000001,0.49500000000000005,0.322052602117499,0.050718957551281696,0.322052602117499,0.050718957551281696,-0.55,0.29999999999999993,3.0,13.0,0,7,4,4,4,32,1,0,8,4
14000609,0.0,0.05,0.5,-0.018796875000000456,-4.440892098500626e-16,0.01879687500000001,8,18.796875,3.609375,0.078125,0.203125,0.015625,0.5301587301587303,0.5000000000000002,0.2173329661423387,0.05157829509767185,0.2173329661423387,0.05157829509767185,-0.9000000000000001,0.8999999999999999,4.0,14.0,0,13,5,2,3,22,0,2,16,1
14000610,0.0,0.05,0.25,-0.7694999999999997,-0.7499999999999998,0.01950000000000001,7,19.5,3.8125,0.03125,0.140625,0.015625,0.5206349206349208,0.5142857142857142,0.08211322222337329,0.05007070906851575,0.08211322222337329,0.05007070906851575,-0.35,-0.39999999999999997,2.0,9.0,0,8,3,3,3,29,2,4,11,1
14000611,1.0,0.05,0.75,1.8858906250000012,1.9000000000000012,0.014109375000000009,-5,14.109375,3.515625,0.171875,0.09375,0.0,0.5843750000000006,0.6195312499999994,0.9006549244823756,0.050459941309639655,0.9006549244823756,0.050459941309639655,-1.25,3.1499999999999986,5.0,12.0,0,1,1,0,2,7,1,0,52,0
14000612,0.0,0.3,0.25,-2.8335625,-2.7,0.13356249999999997,19,133.5625,10.4375,0.03125,0.328125,0.0,0.5625000000000003,0.4742187500000002,0.00011266964562704617,0.29093896667571606,0.00011266964562704617,0.29093896667571606,-2.75,0.050000000000000044,14.0,9.0,0,7,7,1,1,45,0,2,1,0
14000613,0.0,0.3,0.25,-2.083437500000002,-1.8500000000000019,0.23343750000000005,23,233.4375,13.75,0.0625,0.421875,0.0,0.5906250000000006,0.4648437500000001,5.910757316930561e-10,0.2999990987087676,5.910757316930561e-10,0.2999990987087676,-3.25,1.4,20.0,11.0,0,1,15,0,0,47,1,0,0,0
14000614,1.0,0.05,0.25,3.54665625,3.55,0.003343750000000002,2,3.34375,1.5625,0.109375,0.140625,0.046875,0.521311475409836,0.5172131147540984,0.41276654711991795,0.050059535479371406,0.41276654711991795,0.050059535479371406,-0.19999999999999996,3.7499999999999987,1.0,15.0,0,11,2,3,3,22,0,4,16,3
14000615,0.0,0.3,0.75,0.5515625000000002,0.6500000000000001,0.09843749999999996,14,98.4375,9.15625,0.109375,0.328125,0.046875,0.570491803278689,0.4680327868852461,1.886597336514335e-05,0.29980092838931616,1.886597336514335e-05,0.29980092838931616,-3.8500000000000005,4.500000000000001,20.0,8.0,1,5,8,1,0,45,0,0,1,3
14000616,0.0,0.05,0.75,3.7988593749999997,3.8,0.0011406250000000008,-2,1.140625,0.890625,0.109375,0.078125,0.015625,0.5587301587301591,0.5857142857142853,0.5725543503571585,0.05000242130424067,0.5725543503571585,0.05000242130424067,-1.2,5.0,4.0,8.0,0,3,2,0,2,15,1,6,34,1
14000617,1.0,0.3,0.75,-0.5811718750000029,-0.45000000000000284,0.13117187500000002,-18,131.171875,9.765625,0.3125,0.03125,0.0,0.6000000000000008,0.6265624999999994,0.999999999966662,0.29999242809825444,0.999999999966662,0.29999242809825444,-1.6000000000000003,1.1499999999999997,17.0,5.0,0,0,0,0,0,10,0,0,54,0
14000618,0.0,0.3,0.25,-3.240312500000001,-3.0500000000000007,0.19031250000000008,22,190.3125,12.21875,0.03125,0.375,0.015625,0.5777777777777783,0.48095238095238113,1.5372097024885333e-07,0.2999086120335851,1.5372097024885333e-07,0.2999086120335851,-3.0500000000000003,5.551115123125783e-17,16.0,10.0,0,4,5,1,1,51,0,0,1,1
14000619,1.0,0.05,0.5,3.892671875,3.9,0.007328125000000005,2,7.328125,2.578125,0.09375,0.125,0.015625,0.5238095238095241,0.5166666666666665,0.1221833490118327,0.050068496827885035,0.1221833490118327,0.050068496827885035,-1.25,5.149999999999999,3.0,11.0,1,8,1,5,0,31,1,2,14,1
14000620,1.0,0.05,0.25,4.694609374999999,4.699999999999999,0.005390625000000004,2,5.390625,2.171875,0.125,0.15625,0.015625,0.5492063492063495,0.5619047619047617,0.32033204047866065,0.05035835885912944,0.32033204047866065,0.05035835885912944,-0.3999999999999999,5.1,2.0,16.0,0,1,2,3,1,27,2,4,23,1
14000621,1.0,0.05,0.75,0.44026562500000105,0.45000000000000107,0.009734375000000005,-7,9.734375,2.328125,0.171875,0.0625,0.015625,0.5682539682539688,0.5880952380952376,0.9834814621272944,0.05117174438127499,0.9834814621272944,0.05117174438127499,-0.7500000000000002,1.1999999999999997,7.0,8.0,0,8,0,1,0,9,0,0,45,1
14000622,1.0,0.05,0.25,7.036468749999999,7.049999999999999,0.01353125000000001,6,13.53125,3.4375,0.078125,0.171875,0.046875,0.5377049180327871,0.5147540983606556,0.7131174305245066,0.05020508947866737,0.7131174305245066,0.05020508947866737,-0.3999999999999999,7.450000000000001,3.0,13.0,0,7,4,2,3,28,2,1,14,3
14000623,1.0,0.05,0.25,7.5213125000000005,7.550000000000001,0.028687500000000015,9,28.6875,4.71875,0.046875,0.1875,0.0,0.5312500000000001,0.5023437500000001,0.1468324099689248,0.05020943603842854,0.1468324099689248,0.05020943603842854,-0.6499999999999999,8.200000000000001,2.0,13.0,2,10,1,0,3,34,2,1,11,0
14000624,1.0,0.3,0.75,1.9692656249999971,2.049999999999997,0.080734375,-14,80.734375,7.734375,0.296875,0.078125,0.0,0.5937500000000007,0.6289062499999993,0.999999999979984,0.2999969507832922,0.999999999979984,0.2999969507832922,-1.0500000000000005,3.0999999999999996,16.0,8.0,0,1,0,0,0,7,0,1,55,0
14000625,0.0,0.3,0.5,-2.3079374999999995,-2.1499999999999995,0.15793749999999995,23,157.9375,11.40625,0.046875,0.40625,0.0,0.5687500000000004,0.4765625000000001,3.738101699350905e-10,0.2999986747537366,3.738101699350905e-10,0.2999986747537366,-2.3000000000000003,0.15000000000000024,17.0,12.0,0,4,14,1,0,37,0,4,4,0
14000626,0.0,0.05,0.5,1.1443437500000002,1.1500000000000001,0.005656250000000003,3,5.65625,1.90625,0.0625,0.109375,0.03125,0.5290322580645165,0.521774193548387,0.30694946217739444,0.050010291148272774,0.30694946217739444,0.050010291148272774,-0.55,1.7000000000000004,2.0,9.0,0,4,2,6,2,33,1,2,12,2
14000627,1.0,0.3,0.25,3.7223593749999973,3.799999999999997,0.07764062500000002,-11,77.640625,7.921875,0.3125,0.140625,0.0,0.5906250000000006,0.6312499999999993,0.9999999999293118,0.2999990320505632,0.9999999999293118,0.2999990320505632,-1.9000000000000004,5.699999999999999,19.0,10.0,0,0,0,1,0,7,0,1,55,0
14000628,0.0,0.05,0.75,3.795078125,3.8,0.0049218750000000035,0,4.921875,1.796875,0.109375,0.109375,0.046875,0.5508196721311479,0.5516393442622947,0.6186640734361118,0.0500461327210785,0.6186640734361118,0.0500461327210785,-0.49999999999999994,4.3,3.0,11.0,0,6,2,1,0,23,2,3,24,3
14000629,0.0,0.3,0.5,-2.3730312499999995,-2.0999999999999996,0.27303125,27,273.03125,14.3125,0.0625,0.484375,0.03125,0.5774193548387102,0.45161290322580677,9.224631479618093e-14,0.2999999982643485,9.224631479618093e-14,0.2999999982643485,-4.05,1.9499999999999997,26.0,9.0,0,7,13,0,0,42,0,0,0,2
14000630,0.0,0.05,0.25,-0.3027343749999998,-0.24999999999999978,0.05273437500000003,10,52.734375,6.359375,0.0625,0.21875,0.0,0.5343750000000003,0.48359375000000016,0.19356305705517735,0.052754890141367944,0.19356305705517735,0.052754890141367944,-0.75,0.5,4.0,14.0,0,7,6,6,1,38,0,1,5,0
14000631,1.0,0.05,0.25,6.939453124999999,6.949999999999999,0.010546875000000008,6,10.546875,2.765625,0.109375,0.203125,0.0,0.5437500000000005,0.5421874999999999,0.8207742844570157,0.05026589827920349,0.8207742844570157,0.05026589827920349,-0.8499999999999999,7.799999999999998,5.0,15.0,2,4,1,3,0,29,1,2,22,0
14000632,0.0,0.3,0.5,-2.572093749999999,-2.4499999999999993,0.12209375000000001,20,122.09375,9.34375,0.046875,0.359375,0.0,0.5843750000000005,0.4929687500000002,5.0274389111539226e-06,0.2994748411989489,5.0274389111539226e-06,0.2994748411989489,-3.8000000000000003,1.35,19.0,7.0,0,3,8,0,0,45,0,2,6,0
14000633,0.0,0.3,0.5,-1.101890625,-1.05,0.05189062500000002,15,51.890625,5.453125,0.09375,0.328125,0.0,0.5593750000000004,0.5046875000000002,0.0033191549698916244,0.2901511182114859,0.0033191549698916244,0.2901511182114859,-3.400000000000001,2.3499999999999996,13.0,14.0,0,8,4,0,1,37,0,4,10,0
14000634,1.0,0.05,0.25,8.057796875,8.1,0.04220312499999997,7,42.203125,6.265625,0.09375,0.203125,0.0625,0.5300000000000001,0.4974999999999999,0.5756380081215946,0.05490467294935678,0.5756380081215946,0.05490467294935678,-0.7,8.799999999999999,3.0,16.0,0,6,7,4,1,30,1,4,7,4
14000635,1.0,0.3,0.5,2.0590468749999986,2.1499999999999986,0.09095312500000001,-16,90.953125,8.359375,0.34375,0.09375,0.0,0.5843750000000006,0.6242187499999993,0.9999999999997413,0.29999993295818816,0.9999999999997413,0.29999993295818816,-1.7500000000000004,3.8999999999999995,22.0,6.0,0,1,0,0,0,9,1,2,51,0
14000636,1.0,0.05,0.25,5.94528125,5.95,0.0047187500000000025,0,4.71875,1.65625,0.1875,0.1875,0.03125,0.5580645161290329,0.5822580645161286,0.9970232644106845,0.1828427427961054,0.9970232644106845,0.1828427427961054,-1.0,6.949999999999998,7.0,17.0,0,5,0,3,1,14,0,1,38,2
14000637,1.0,0.3,0.25,2.8834687499999956,2.9499999999999957,0.06653125000000001,-13,66.53125,7.40625,0.3125,0.109375,0.0,0.5968750000000007,0.6265624999999992,0.9999999999805279,0.29999907555327493,0.9999999999805279,0.29999907555327493,-1.6000000000000005,4.549999999999999,20.0,7.0,0,1,0,0,0,8,0,0,55,0
14000638,0.0,0.3,0.25,-2.49925,-2.35,0.14925000000000002,21,149.25,10.09375,0.03125,0.359375,0.0,0.5718750000000007,0.4859375000000003,7.258779282235663e-09,0.2999725432225271,7.258779282235663e-09,0.2999725432225271,-3.4,1.05,21.0,4.0,0,4,14,1,0,33,1,1,10,0
14000639,1.0,0.05,0.5,3.9983281249999996,3.9999999999999996,0.001671875000000001,1,1.671875,1.046875,0.109375,0.125,0.015625,0.571428571428572,0.5761904761904758,0.7384618961051416,0.0500272939107058,0.7384618961051416,0.0500272939107058,-0.25,4.25,2.0,13.0,0,2,2,2,2,19,0,1,35,1
14000640,1.0,0.05,0.25,6.088937499999999,6.1,0.011062500000000006,5,11.0625,2.6875,0.109375,0.1875,0.03125,0.5290322580645163,0.5241935483870969,0.5816070746232052,0.0508672494848515,0.5816070746232052,0.0508672494848515,-0.25,6.35,2.0,17.0,1,6,6,4,1,21,1,3,19,2
14000641,1.0,0.3,0.5,4.873218749999999,4.899999999999999,0.026781250000000003,-8,26.78125,4.125,0.28125,0.15625,0.03125,0.590322580645162,0.6040322580645154,0.9999999997012115,0.29999751785140466,0.9999999997012115,0.29999751785140466,-1.7000000000000004,6.6,17.0,11.0,0,3,0,0,0,13,0,0,46,2
14000642,1.0,0.05,0.5,2.9969375,3.0,0.003062500000000002,-1,3.0625,1.59375,0.125,0.109375,0.0,0.5468750000000006,0.5679687499999997,0.6656416227731626,0.050021234405990066,0.6656416227731626,0.050021234405990066,-0.30000000000000004,3.3,3.0,12.0,0,3,2,4,2,19,1,2,31,0
14000643,1.0,0.3,0.75,0.10621874999999577,0.19999999999999574,0.09378124999999997,-15,93.78125,8.28125,0.28125,0.046875,0.0,0.5968750000000007,0.6265624999999994,0.999999989603998,0.2997656810964768,0.999999989603998,0.2997656810964768,-1.4500000000000004,1.6499999999999997,15.0,6.0,0,0,0,0,1,9,0,0,54,0
14000644,1.0,0.05,0.25,4.845921874999999,4.85,0.004078125000000003,2,4.078125,1.796875,0.140625,0.171875,0.03125,0.5548387096774198,0.5629032258064515,0.5141593276506026,0.05106247885514078,0.5141593276506026,0.05106247885514078,-1.6,6.449999999999998,6.0,14.0,0,4,2,3,0,21,1,2,29,2
14000645,0.0,0.3,0.5,-0.9338437499999996,-0.8499999999999996,0.08384375,16,83.84375,7.9375,0.078125,0.328125,0.0625,0.5533333333333336,0.4850000000000001,9.741478079794537e-05,0.2991387313591874,9.741478079794537e-05,0.2991387313591874,-3.6500000000000004,2.8,17.0,9.0,1,7,3,1,0,43,0,3,2,4
14000646,1.0,0.3,0.25,5.339703125,5.35,0.010296875000000007,-5,10.296875,2.703125,0.25,0.171875,0.03125,0.5838709677419361,0.5991935483870962,0.999999561492985,0.2997959853332594,0.999999561492985,0.2997959853332594,-1.9000000000000001,7.25,15.0,12.0,0,2,0,0,0,17,1,1,41,2
14000647,1.0,0.3,0.25,4.1950625000000015,4.200000000000001,0.004937500000000003,-4,4.9375,1.78125,0.21875,0.15625,0.078125,0.545762711864407,0.563559322033898,0.9995718626554362,0.288989248835886,0.9995718626554362,0.288989248835886,-2.05,6.25,13.0,11.0,0,5,1,3,1,18,1,2,28,5
14000648,1.0,0.05,0.25,5.997265624999999,5.999999999999999,0.0027343750000000016,4,2.734375,1.296875,0.140625,0.203125,0.015625,0.5174603174603176,0.538095238095238,0.82973220567467,0.051111490041319464,0.82973220567467,0.051111490041319464,-0.8,6.799999999999998,5.0,17.0,0,10,2,3,2,18,2,4,22,1
14000649,1.0,0.05,0.5,2.9463593750000006,2.9500000000000006,0.0036406250000000024,-1,3.640625,1.578125,0.140625,0.125,0.046875,0.5409836065573774,0.527049180327869,0.7665968408965796,0.05026116873568316,0.7665968408965796,0.05026116873568316,-0.25,3.199999999999999,2.0,15.0,0,5,3,4,2,28,1,1,17,3
14000650,0.0,0.05,0.5,3.1408906250000004,3.1500000000000004,0.009109375000000005,3,9.109375,2.703125,0.125,0.171875,0.015625,0.5333333333333335,0.5142857142857142,0.2334221147402656,0.053547507221849866,0.2334221147402656,0.053547507221849866,-0.6000000000000001,3.750000000000001,2.0,17.0,0,8,2,4,2,31,1,1,14,1
14000651,1.0,0.05,0.75,3.6972500000000004,3.7,0.002750000000000002,2,2.75,1.34375,0.078125,0.109375,0.078125,0.5525423728813563,0.5381355932203388,0.21110256288081966,0.05004677224326222,0.21110256288081966,0.05004677224326222,-0.44999999999999996,4.15,1.0,11.0,0,4,2,2,1,29,2,1,18,5
14000652,1.0,0.3,0.5,4.933359374999995,4.999999999999995,0.06664062500000005,-9,66.640625,7.640625,0.3125,0.171875,0.0,0.5968750000000007,0.6265624999999994,0.9999999990267936,0.29999839605720646,0.9999999990267936,0.29999839605720646,-2.1499999999999995,7.15,19.0,12.0,0,0,0,0,1,9,0,0,54,0
14000653,1.0,0.05,0.25,4.142703125000001,4.15,0.007296875000000006,0,7.296875,2.359375,0.125,0.125,0.015625,0.555555555555556,0.5357142857142855,0.5242048769282418,0.05010025445230538,0.5242048769282418,0.05010025445230538,-0.10000000000000009,4.25,2.0,14.0,0,7,5,1,2,21,0,3,24,1
14000654,0.0,0.3,0.25,-3.214406250000001,-3.150000000000001,0.06440625000000001,17,64.40625,6.53125,0.046875,0.3125,0.0625,0.5433333333333337,0.4875000000000001,0.0007663756426641406,0.27611554629812246,0.0007663756426641406,0.27611554629812246,-4.4,1.2500000000000002,18.0,5.0,0,10,7,1,0,30,0,5,7,4
14000655,0.0,0.05,0.75,0.19781249999999995,0.19999999999999996,0.0021875000000000015,2,2.1875,1.1875,0.046875,0.078125,0.03125,0.5516129032258066,0.5604838709677415,0.22492816992646888,0.05000067393507502,0.22492816992646888,0.05000067393507502,-1.0,1.2,3.0,5.0,0,5,3,1,1,19,0,7,26,2
14000656,1.0,0.05,0.75,0.43304687500000105,0.45000000000000107,0.016953125000000006,-7,16.953125,3.140625,0.171875,0.0625,0.0,0.5812500000000006,0.5867187499999994,0.9833882509385986,0.0508507909997175,0.9833882509385986,0.0508507909997175,-0.8,1.2499999999999998,5.0,10.0,0,5,2,0,0,13,0,1,43,0
14000657,1.0,0.05,0.75,2.6490312499999993,2.6499999999999995,0.0009687500000000002,-2,0.96875,0.59375,0.125,0.09375,0.015625,0.5460317460317463,0.5761904761904757,0.37069926799022723,0.0500089435773918,0.37069926799022723,0.0500089435773918,-0.3999999999999999,3.05,2.0,12.0,0,4,2,2,1,16,2,4,32,1
14000658,1.0,0.05,0.75,1.2952499999999998,1.2999999999999998,0.004750000000000003,-4,4.75,1.8125,0.140625,0.078125,0.0,0.5718750000000006,0.5890624999999995,0.7893001032309632,0.05002095378211003,0.7893001032309632,0.05002095378211003,-0.95,2.249999999999999,4.0,10.0,0,4,2,0,0,14,1,3,40,0
14000659,1.0,0.3,0.75,2.264578124999994,2.3499999999999943,0.08542187500000002,-17,85.421875,7.453125,0.359375,0.09375,0.015625,0.590476190476191,0.6119047619047613,0.9999999999999821,0.2999999920998935,0.9999999999999821,0.2999999920998935,-0.8500000000000008,3.2,17.0,12.0,0,2,2,0,0,8,0,1,50,1
14000660,0.0,0.05,0.5,1.033015625,1.05,0.016984375000000006,8,16.984375,3.234375,0.109375,0.234375,0.015625,0.5460317460317463,0.5166666666666667,0.4292775350513714,0.0817388140773201,0.4292775350513714,0.0817388140773201,-1.15,2.1999999999999993,5.0,17.0,1,6,5,1,2,29,1,3,15,1
14000661,1.0,0.3,0.75,-0.9685468750000079,-0.8000000000000078,0.16854687500000007,-20,168.546875,11.546875,0.34375,0.03125,0.0,0.5937500000000007,0.6265624999999994,0.9999999999996324,0.29999958748554256,0.9999999999996324,0.29999958748554256,-1.4000000000000006,0.5999999999999999,19.0,5.0,0,1,0,0,0,8,0,1,54,0
14000662,0.0,0.05,0.75,5.694484375000001,5.700000000000001,0.005515625000000003,-2,5.515625,2.140625,0.1875,0.15625,0.0,0.5625000000000006,0.5890624999999996,0.3084344301603217,0.05073863576498472,0.3084344301603217,0.05073863576498472,-1.2500000000000002,6.949999999999999,4.0,18.0,0,3,0,2,1,17,2,0,39,0
14000663,0.0,0.3,0.5,-0.0009218749999996972,0.10000000000000031,0.10092187500000001,16,100.921875,8.453125,0.109375,0.359375,0.015625,0.5650793650793656,0.4952380952380954,2.005817715786169e-05,0.2998730971778265,2.005817715786169e-05,0.2998730971778265,-4.500000000000001,4.6,20.0,10.0,0,3,8,1,1,41,1,3,5,1
14000664,0.0,0.3,0.75,2.1394687499999994,2.1499999999999995,0.010531250000000008,6,10.53125,2.90625,0.140625,0.234375,0.046875,0.5377049180327871,0.5295081967213114,0.12587905857501105,0.20360845704372613,0.12587905857501105,0.20360845704372613,-2.9000000000000004,5.05,12.0,12.0,0,6,4,2,1,26,1,6,15,3
14000665,0.0,0.3,0.75,1.31721875,1.35,0.03278125000000001,8,32.78125,5.1875,0.109375,0.234375,0.015625,0.5523809523809525,0.5142857142857143,0.1813420292476662,0.12517820587912643,0.1813420292476662,0.12517820587912643,-2.9500000000000006,4.299999999999999,13.0,9.0,0,4,5,1,3,35,1,4,10,1
14000666,0.0,0.05,0.5,2.6970312499999993,2.6999999999999993,0.0029687500000000018,2,2.96875,1.40625,0.109375,0.140625,0.046875,0.5278688524590165,0.5393442622950819,0.2631359159356332,0.05050109817597789,0.2631359159356332,0.05050109817597789,-0.8999999999999999,3.5999999999999996,4.0,12.0,0,9,2,2,2,19,1,5,21,3
14000667,0.0,0.3,0.5,0.1260468750000005,0.25000000000000044,0.12395312499999994,16,123.953125,10.640625,0.109375,0.359375,0.015625,0.5492063492063495,0.454761904761905,2.108314026137892e-06,0.29994904953706425,2.108314026137892e-06,0.29994904953706425,-3.1,3.35,17.0,13.0,0,11,11,1,1,36,1,0,2,1
14000668,1.0,0.05,0.5,3.3389218750000005,3.3500000000000005,0.011078125000000006,-2,11.078125,2.984375,0.15625,0.125,0.03125,0.5612903225806456,0.5919354838709673,0.9159840207634425,0.051642837426284935,0.9159840207634425,0.051642837426284935,0.0,3.3499999999999996,0.0,18.0,0,4,1,0,2,12,2,2,39,2
14000669,1.0,0.3,0.75,0.17359374999999003,0.29999999999999005,0.12640625000000003,-21,126.40625,9.8125,0.375,0.046875,0.0,0.5968750000000007,0.6359374999999993,1.0,0.2999999970560205,1.0,0.2999999970560205,-1.4000000000000008,1.6999999999999997,22.0,5.0,0,0,0,0,0,6,0,1,57,0
14000670,0.0,0.3,0.25,-2.6672656250000006,-2.5000000000000004,0.16726562500000003,21,167.265625,11.453125,0.046875,0.375,0.03125,0.583870967741936,0.478225806451613,1.338867297755439e-06,0.29985248215168714,1.338867297755439e-06,0.29985248215168714,-4.300000000000001,1.8,21.0,6.0,0,3,8,0,0,49,1,0,1,2
14000671,0.0,0.05,0.5,0.694,0.7,0.0060000000000000045,5,6.0,1.8125,0.0625,0.140625,0.03125,0.5516129032258067,0.550806451612903,0.14863080574455792,0.05024327170584963,0.14863080574455792,0.05024327170584963,-0.4,1.1,2.0,11.0,0,4,3,1,3,23,2,2,24,2
14000672,1.0,0.05,0.75,1.2943124999999998,1.2999999999999998,0.0056875000000000024,-4,5.6875,1.9375,0.125,0.0625,0.015625,0.5523809523809526,0.5833333333333329,0.9550937824025798,0.05006514964463638,0.9550937824025798,0.05006514964463638,-0.10000000000000009,1.4,2.0,10.0,0,5,0,2,3,13,0,3,37,1
14000673,1.0,0.3,0.75,2.185156249999998,2.2499999999999982,0.06484375000000002,-12,64.84375,7.5,0.296875,0.109375,0.0,0.5906250000000006,0.6265624999999994,0.9999999736351035,0.2999292287574869,0.9999999736351035,0.2999292287574869,-2.25,4.5,18.0,8.0,0,1,0,0,1,7,0,1,54,0
14000674,0.0,0.3,0.25,-1.7406093749999996,-1.6499999999999997,0.09060937499999998,14,90.609375,8.828125,0.078125,0.296875,0.015625,0.5269841269841273,0.48095238095238113,0.025923688932139463,0.2060151517278388,0.025923688932139463,0.2060151517278388,-3.3500000000000005,1.7000000000000006,12.0,12.0,0,9,7,3,0,36,2,4,2,1
14000675,1.0,0.05,0.25,5.648687499999998,5.649999999999998,0.0013125000000000007,2,1.3125,0.96875,0.125,0.15625,0.0,0.5312500000000002,0.5539062499999998,0.9858012297567917,0.050630966206614475,0.9858012297567917,0.050630966206614475,-0.7500000000000002,6.399999999999999,6.0,12.0,0,5,4,6,3,14,0,2,30,0
14000676,0.0,0.3,0.25,-2.0297968749999997,-1.9,0.12979687499999995,18,129.796875,10.109375,0.0625,0.34375,0.03125,0.5645161290322586,0.470967741935484,4.53482771516396e-05,0.29837730817067853,4.53482771516396e-05,0.29837730817067853,-2.5500000000000007,0.6500000000000004,12.0,14.0,1,5,8,1,2,43,0,0,2,2
14000677,0.0,0.05,0.5,1.6964062499999994,1.6999999999999995,0.0035937500000000023,2,3.59375,1.53125,0.078125,0.109375,0.015625,0.5523809523809527,0.5595238095238094,0.5192004609954524,0.05000690319415166,0.5192004609954524,0.05000690319415166,-0.9000000000000001,2.5999999999999996,3.0,9.0,1,6,3,0,3,15,1,2,32,1
14000678,0.0,0.05,0.75,0.8996093749999998,0.8999999999999998,0.00039062500000000024,0,0.390625,0.390625,0.046875,0.046875,0.0,0.5343750000000004,0.5749999999999996,0.3464383959943531,0.050000027726243707,0.3464383959943531,0.050000027726243707,-0.35000000000000003,1.25,1.0,5.0,0,5,1,6,2,12,0,2,36,0
14000679,1.0,0.3,0.75,0.23990624999999147,0.3999999999999915,0.16009375,-22,160.09375,10.53125,0.390625,0.046875,0.015625,0.6000000000000008,0.6285714285714278,0.9999999999999999,0.29999999979373765,0.9999999999999999,0.29999999979373765,-1.4000000000000008,1.7999999999999996,22.0,6.0,0,0,1,0,0,7,0,0,55,1
14000680,1.0,0.3,0.25,4.397343749999993,4.499999999999993,0.10265625,-17,102.65625,8.875,0.421875,0.15625,0.015625,0.587301587301588,0.616666666666666,1.0,0.2999999999987427,1.0,0.2999999999987427,-2.25,6.749999999999999,25.0,12.0,0,3,0,0,0,8,0,1,51,1
14000681,1.0,0.3,0.5,2.299281249999996,2.349999999999996,0.05071875000000002,-13,50.71875,5.875,0.296875,0.09375,0.015625,0.5841269841269847,0.6214285714285708,0.999999999610125,0.2999923364928164,0.999999999610125,0.2999923364928164,-0.8500000000000005,3.1999999999999993,13.0,12.0,0,0,0,1,1,10,1,0,50,1
14000682,0.0,0.05,0.75,1.5454843749999998,1.5499999999999998,0.0045156250000000005,3,4.515625,1.546875,0.09375,0.140625,0.03125,0.5387096774193552,0.5580645161290322,0.07252019967730317,0.050428002844727246,0.07252019967730317,0.050428002844727246,-0.14999999999999997,1.6999999999999997,1.0,14.0,1,5,3,2,1,17,1,5,27,2
14000683,0.0,0.3,0.75,0.6213593750000002,0.6500000000000001,0.028640625000000017,10,28.640625,4.484375,0.109375,0.265625,0.078125,0.5694915254237292,0.4974576271186442,0.003266027758040665,0.2888499180258693,0.003266027758040665,0.2888499180258693,-2.95,3.6,13.0,11.0,0,5,5,1,1,38,0,1,8,5
14000684,0.0,0.05,0.25,-2.6267812500000005,-2.5500000000000003,0.07678125000000004,12,76.78125,8.03125,0.03125,0.21875,0.015625,0.5174603174603177,0.47619047619047633,0.05283410802504483,0.050835734997456763,0.05283410802504483,0.050835734997456763,-0.75,-1.7999999999999998,3.0,13.0,0,10,7,5,3,31,1,1,5,1
14000685,1.0,0.3,0.25,6.3888124999999985,6.399999999999999,0.011187500000000005,-7,11.1875,2.53125,0.3125,0.203125,0.046875,0.5672131147540989,0.5639344262295078,0.999999999998205,0.2999999625660622,0.999999999998205,0.2999999625660622,-2.1499999999999995,8.55,19.0,14.0,0,5,1,0,1,22,2,0,30,3
14000686,0.0,0.05,0.5,4.798843749999999,4.799999999999999,0.0011562500000000006,-1,1.15625,0.78125,0.1875,0.171875,0.03125,0.5451612903225809,0.550806451612903,0.33281381760072376,0.05370301989411999,0.33281381760072376,0.05370301989411999,-0.7000000000000001,5.499999999999998,2.0,21.0,0,9,2,1,2,16,1,2,29,2
14000687,1.0,0.05,0.5,4.994765624999999,4.999999999999999,0.005234375000000003,2,5.234375,1.828125,0.140625,0.171875,0.03125,0.5548387096774197,0.5459677419354837,0.5213647699113534,0.05119221065172425,0.5213647699113534,0.05119221065172425,-0.7000000000000002,5.699999999999998,2.0,18.0,0,4,4,2,1,24,1,3,23,2
14000688,1.0,0.3,0.25,6.793984375000003,6.8000000000000025,0.006015625000000004,-6,6.015625,1.796875,0.34375,0.25,0.03125,0.5548387096774197,0.543548387096774,0.9999999901973204,0.2999998784138441,0.9999999901973204,0.2999998784138441,-3.8000000000000003,10.600000000000001,20.0,18.0,0,6,2,3,1,24,0,1,25,2
14000689,0.0,0.3,0.25,-3.267765625000001,-3.150000000000001,0.11776562499999998,19,117.765625,8.765625,0.046875,0.34375,0.0,0.5625000000000002,0.4976562500000001,0.0025909024756909814,0.2735409273554418,0.0025909024756909814,0.2735409273554418,-4.350000000000001,1.2000000000000002,17.0,8.0,0,5,4,1,3,43,0,2,6,0
14000690,0.0,0.3,0.5,-3.655828125,-3.5,0.155828125,23,155.828125,10.234375,0.03125,0.390625,0.0,0.5656250000000005,0.48593750000000024,3.683577631121115e-08,0.2999601071982561,3.683577631121115e-08,0.2999601071982561,-2.95,-0.5500000000000003,15.0,12.0,0,6,8,2,0,40,0,1,7,0
14000691,1.0,0.05,0.25,5.588828125,5.6,0.011171875000000008,6,11.171875,2.828125,0.046875,0.140625,0.015625,0.5269841269841272,0.5309523809523807,0.35735685815930746,0.050025633532615854,0.35735685815930746,0.050025633532615854,-0.19999999999999996,5.799999999999999,1.0,11.0,2,7,4,3,1,20,1,3,22,1
14000692,0.0,0.3,0.75,1.664734375,1.7000000000000002,0.035265625,9,35.265625,5.109375,0.109375,0.25,0.015625,0.5333333333333338,0.5047619047619047,0.00576442934445488,0.2757725320563301,0.00576442934445488,0.2757725320563301,-2.7500000000000004,4.449999999999999,13.0,10.0,0,6,5,4,2,33,2,1,10,1
14000693,0.0,0.05,0.25,-3.7440937500000007,-3.650000000000001,0.09409375,16,94.09375,8.25,0.03125,0.28125,0.0,0.5468750000000004,0.47187500000000016,0.0330555700154417,0.06449896338680547,0.0330555700154417,0.06449896338680547,-0.95,-2.6999999999999997,5.0,15.0,0,5,13,3,1,36,1,3,2,0
14000694,1.0,0.3,0.5,3.7023593749999946,3.7499999999999947,0.04764062500000002,-12,47.640625,5.453125,0.3125,0.125,0.0,0.5968750000000007,0.6195312499999993,0.9999999999201298,0.29999905182372655,0.9999999999201298,0.29999905182372655,-1.5500000000000005,5.299999999999999,19.0,9.0,0,0,0,0,1,12,0,0,51,0
14000695,1.0,0.05,0.5,6.69671875,6.699999999999999,0.0032812500000000025,3,3.28125,1.5,0.171875,0.21875,0.015625,0.5333333333333334,0.5619047619047616,0.9714652460867289,0.07341426572518879,0.9714652460867289,0.07341426572518879,-0.15000000000000013,6.849999999999998,3.0,22.0,0,7,1,2,2,17,1,6,27,1
14000696,1.0,0.05,0.25,7.270484375,7.3,0.029515625,6,29.515625,4.953125,0.109375,0.203125,0.03125,0.5096774193548389,0.5024193548387098,0.42080305744204904,0.05387008781618178,0.42080305744204904,0.05387008781618178,-0.8499999999999999,8.149999999999999,3.0,17.0,2,10,2,5,0,28,2,0,13,2
14000697,1.0,0.05,0.25,9.215828125,9.25,0.03417187500000001,11,34.171875,4.609375,0.078125,0.25,0.03125,0.5387096774193552,0.5145161290322581,0.3256062773236659,0.054921146482718876,0.3256062773236659,0.054921146482718876,-0.19999999999999996,9.449999999999998,1.0,20.0,0,6,4,3,0,33,2,3,11,2
14000698,1.0,0.05,0.5,3.0964687499999997,3.0999999999999996,0.0035312500000000023,1,3.53125,1.65625,0.09375,0.109375,0.015625,0.5492063492063495,0.564285714285714,0.3510080274653126,0.05000640381582295,0.3510080274653126,0.05000640381582295,-0.19999999999999996,3.2999999999999994,1.0,12.0,0,4,1,3,0,23,1,4,27,1
14000699,0.0,0.05,0.75,2.9486562499999986,2.949999999999999,0.0013437500000000008,1,1.34375,0.875,0.140625,0.15625,0.03125,0.5548387096774197,0.5701612903225804,0.37073143901336064,0.05044907942144214,0.37073143901336064,0.05044907942144214,-1.6,4.55,5.0,14.0,0,1,4,3,2,18,1,3,30,2
14000700,1.0,0.05,0.5,3.999406249999999,3.999999999999999,0.0005937500000000003,2,0.59375,0.5,0.09375,0.125,0.03125,0.5612903225806456,0.5629032258064514,0.8287808619785085,0.050013737977170174,0.8287808619785085,0.050013737977170174,-0.30000000000000004,4.299999999999999,3.0,11.0,0,5,1,0,2,22,1,3,28,2
14000701,0.0,0.3,0.75,3.4224374999999996,3.4499999999999997,0.027562500000000004,8,27.5625,4.5625,0.1875,0.3125,0.015625,0.5428571428571434,0.48333333333333334,3.906008890566928e-05,0.299858804811981,3.906008890566928e-05,0.299858804811981,-4.300000000000001,7.749999999999999,19.0,13.0,1,5,12,3,4,27,0,1,10,1
14000702,0.0,0.3,0.25,-2.3409375,-2.0999999999999996,0.24093750000000005,24,240.9375,13.4375,0.0625,0.4375,0.015625,0.5714285714285717,0.47380952380952385,2.287611492040285e-11,0.2999999015880492,2.287611492040285e-11,0.2999999015880492,-3.750000000000001,1.6500000000000001,21.0,11.0,0,5,9,0,0,46,1,2,0,1
14000703,1.0,0.05,0.5,3.794718750000001,3.8000000000000007,0.005281250000000003,-1,5.28125,2.09375,0.15625,0.140625,0.03125,0.5516129032258067,0.565322580645161,0.5921758786408516,0.05047844771681092,0.5921758786408516,0.05047844771681092,-0.8499999999999999,4.6499999999999995,3.0,16.0,0,7,0,1,3,17,1,1,32,2
14000704,1.0,0.05,0.75,2.3418125000000005,2.3500000000000005,0.008187500000000006,-3,8.1875,2.65625,0.140625,0.09375,0.0,0.5750000000000006,0.6054687499999994,0.9102672392511066,0.05011342821750207,0.9102672392511066,0.05011342821750207,-0.30000000000000004,2.6499999999999995,3.0,12.0,0,3,2,1,0,8,1,1,48,0
14000705,1.0,0.3,0.75,-0.7141406250000072,-0.5000000000000071,0.21414062500000008,-22,214.140625,13.484375,0.375,0.03125,0.0,0.6000000000000008,0.6335937499999993,0.9999999999999997,0.29999999420821233,0.9999999999999997,0.29999999420821233,-1.7500000000000007,1.2499999999999998,23.0,3.0,0,0,0,0,0,7,0,0,57,0
14000706,0.0,0.05,0.25,-0.9815624999999999,-0.9499999999999998,0.03156250000000001,8,31.5625,5.15625,0.046875,0.171875,0.0625,0.5266666666666668,0.49,0.1931139275061817,0.050196789718435296,0.1931139275061817,0.050196789718435296,-0.7,-0.24999999999999994,3.0,11.0,0,7,5,5,3,32,0,2,6,4
14000707,1.0,0.05,0.25,3.5450468749999993,3.5499999999999994,0.0049531250000000035,0,4.953125,1.984375,0.125,0.125,0.0,0.5468750000000004,0.5796874999999997,0.946037444319315,0.050138999194060396,0.946037444319315,0.050138999194060396,-0.6000000000000001,4.149999999999999,6.0,10.0,0,6,1,2,0,14,3,1,37,0
14000708,0.0,0.05,0.5,1.7790312500000003,1.8000000000000003,0.02096875,4,20.96875,4.21875,0.125,0.1875,0.0,0.5,0.49765624999999986,0.6238759182796417,0.050499836995985155,0.6238759182796417,0.050499836995985155,-0.35,2.15,2.0,18.0,1,10,6,6,0,25,3,2,11,0
14000709,0.0,0.3,0.5,-1.5440312500000002,-1.4000000000000001,0.14403125,21,144.03125,10.3125,0.0625,0.390625,0.015625,0.5873015873015879,0.47380952380952396,4.395034232943051e-09,0.2999960904873127,4.395034232943051e-09,0.2999960904873127,-4.050000000000001,2.65,23.0,6.0,0,4,10,0,0,46,0,0,3,1
14000710,1.0,0.05,0.25,3.9445156249999997,3.9499999999999997,0.005484375000000004,2,5.484375,1.984375,0.09375,0.125,0.0,0.5187500000000002,0.5257812499999999,0.39221900303516966,0.05001369332105841,0.39221900303516966,0.05001369332105841,-0.65,4.6,2.0,12.0,0,10,2,5,2,22,2,0,21,0
14000711,0.0,0.3,0.5,0.04429687499999985,0.09999999999999987,0.05570312500000002,13,55.703125,5.796875,0.109375,0.3125,0.0,0.5656250000000005,0.5000000000000002,0.0015270135572489228,0.29530687478251383,0.0015270135572489228,0.29530687478251383,-3.0500000000000003,3.15,13.0,14.0,0,2,9,3,0,39,0,3,8,0
14000712,1.0,0.05,0.25,4.545484375,4.55,0.004515625000000003,4,4.515625,1.734375,0.078125,0.140625,0.015625,0.5460317460317463,0.5404761904761903,0.6276996460875802,0.05001335632833005,0.6276996460875802,0.05001335632833005,-0.3500000000000001,4.8999999999999995,1.0,13.0,0,6,4,3,1,22,1,2,24,1
14000713,1.0,0.3,0.5,2.6130312499999957,2.6999999999999957,0.08696874999999997,-15,86.96875,8.34375,0.34375,0.109375,0.03125,0.5935483870967748,0.6258064516129026,0.9999999999998033,0.2999999708064421,0.9999999999998033,0.2999999708064421,-1.7500000000000004,4.449999999999999,20.0,9.0,0,0,0,0,0,10,1,0,51,2
14000714,0.0,0.05,0.5,1.7481250000000002,1.7500000000000002,0.0018750000000000012,3,1.875,1.125,0.109375,0.15625,0.03125,0.5161290322580646,0.5435483870967741,0.38309260840917403,0.05024801624089326,0.38309260840917403,0.05024801624089326,-0.65,2.4000000000000004,2.0,15.0,0,6,2,5,1,22,3,3,20,2
14000715,1.0,0.05,0.75,1.248359375,1.25,0.001640625000000001,-2,1.640625,1.046875,0.125,0.09375,0.078125,0.5389830508474579,0.5406779661016947,0.47274187399476636,0.05001378589018859,0.47274187399476636,0.05001378589018859,-0.3999999999999999,1.6499999999999995,2.0,12.0,0,7,3,2,0,21,3,1,22,5
14000716,0.0,0.3,0.5,0.18028124999999973,0.24999999999999972,0.06971875000000001,13,69.71875,7.71875,0.109375,0.3125,0.015625,0.5460317460317463,0.47619047619047633,0.0003403430336140197,0.2977228486994524,0.0003403430336140197,0.2977228486994524,-3.0999999999999996,3.3499999999999996,14.0,13.0,1,6,9,3,1,37,1,0,5,1
14000717,1.0,0.3,0.75,1.6146874999999976,1.6999999999999975,0.08531249999999997,-14,85.3125,8.59375,0.296875,0.078125,0.0,0.6000000000000008,0.6335937499999993,0.9999999996458906,0.29998498503153814,0.9999999996458906,0.29998498503153814,-1.2000000000000004,2.8999999999999995,15.0,9.0,0,0,0,0,0,7,0,0,57,0
14000718,1.0,0.3,0.5,1.0491406249999915,1.1499999999999915,0.10085937500000001,-20,100.859375,8.484375,0.390625,0.078125,0.0,0.5937500000000007,0.6242187499999993,0.9999999999999997,0.29999999916133646,0.9999999999999997,0.29999999916133646,-1.4000000000000008,2.55,22.0,8.0,0,2,1,0,0,5,0,0,56,0
14000719,1.0,0.05,0.25,5.29834375,5.3,0.001656250000000001,2,1.65625,1.0625,0.125,0.15625,0.015625,0.5365079365079367,0.5761904761904759,0.9570278017396595,0.05039673986376866,0.9570278017396595,0.05039673986376866,-0.6500000000000001,5.949999999999999,5.0,13.0,0,5,2,3,2,12,1,5,33,1
14000720,0.0,0.3,0.25,-1.554265625,-1.3499999999999999,0.2042656250000001,21,204.265625,12.734375,0.078125,0.40625,0.015625,0.5777777777777783,0.46666666666666684,1.052854187365011e-08,0.2999969025619907,1.052854187365011e-08,0.2999969025619907,-2.5,1.15,15.0,16.0,0,4,10,1,1,47,0,0,0,1
14000721,1.0,0.3,0.25,3.2148281249999964,3.2499999999999964,0.035171875,-11,35.171875,4.859375,0.28125,0.109375,0.015625,0.590476190476191,0.6023809523809518,0.9999999985833705,0.299989748108015,0.9999999985833705,0.299989748108015,-1.5000000000000004,4.75,18.0,7.0,0,2,2,0,0,12,0,1,46,1
14000722,0.0,0.3,0.5,-1.9291093750000006,-1.8000000000000005,0.129109375,21,129.109375,9.640625,0.078125,0.40625,0.015625,0.5777777777777783,0.47380952380952396,6.697066460328374e-08,0.2999895378060752,6.697066460328374e-08,0.2999895378060752,-3.9500000000000015,2.15,20.0,11.0,1,4,10,0,1,43,0,0,4,1
14000723,1.0,0.3,0.25,4.772796874999995,4.849999999999994,0.077203125,-14,77.203125,7.328125,0.375,0.15625,0.0,0.5937500000000007,0.6195312499999993,1.0,0.29999999989705756,1.0,0.29999999989705756,-1.7500000000000007,6.6,23.0,11.0,0,0,0,1,0,12,0,0,51,0
14000724,0.0,0.05,0.75,5.5934687499999995,5.6,0.006531250000000005,-3,6.53125,2.34375,0.171875,0.125,0.03125,0.5612903225806457,0.5798387096774189,0.7817256180112762,0.051180681022208865,0.7817256180112762,0.051180681022208865,-1.05,6.6499999999999995,3.0,16.0,0,2,3,3,0,16,1,2,35,2
14000725,0.0,0.05,0.5,2.449031249999999,2.4499999999999993,0.0009687500000000006,2,0.96875,0.75,0.140625,0.171875,0.015625,0.5428571428571434,0.564285714285714,0.3557613466047595,0.05112445602007824,0.3557613466047595,0.05112445602007824,-0.9000000000000001,3.3499999999999996,3.0,17.0,0,5,1,3,3,18,1,2,30,1
14000726,1.0,0.3,0.25,4.526453125000001,4.550000000000001,0.023546875000000005,-7,23.546875,4.328125,0.28125,0.171875,0.015625,0.5746031746031752,0.6095238095238089,0.9999996218617708,0.2999136990555187,0.9999996218617708,0.2999136990555187,-2.1,6.65,16.0,13.0,0,1,0,2,0,13,1,1,45,1
14000727,1.0,0.05,0.5,3.1478593750000003,3.1500000000000004,0.0021406250000000015,-2,2.140625,1.203125,0.171875,0.140625,0.015625,0.5492063492063496,0.5761904761904759,0.6550804190657753,0.050603648227059865,0.6550804190657753,0.050603648227059865,-0.3500000000000001,3.5,3.0,17.0,1,4,2,2,1,14,2,1,36,1
14000728,0.0,0.05,0.5,1.0960625000000004,1.1000000000000003,0.003937500000000002,3,3.9375,1.5625,0.078125,0.125,0.015625,0.53968253968254,0.5880952380952377,0.24372328939209623,0.05002178161338517,0.24372328939209623,0.05002178161338517,-0.95,2.0500000000000003,3.0,10.0,0,1,0,3,3,18,2,5,31,1
14000729,1.0,0.3,0.5,4.7203125,4.75,0.029687500000000002,-7,29.6875,5.09375,0.25,0.140625,0.015625,0.5936507936507944,0.6285714285714279,0.999999985908251,0.29993403177341615,0.999999985908251,0.29993403177341615,-1.1000000000000005,5.85,16.0,9.0,0,0,1,0,0,7,1,0,54,1
14000730,0.0,0.05,0.5,2.7941875,2.8000000000000003,0.005812500000000003,5,5.8125,1.90625,0.140625,0.21875,0.015625,0.5269841269841272,0.5357142857142856,0.27933919476450014,0.0891457279570361,0.27933919476450014,0.0891457279570361,-0.4,3.2000000000000006,2.0,21.0,1,6,2,4,1,25,1,4,19,1
14000731,1.0,0.05,0.25,4.743218749999999,4.749999999999999,0.006781250000000004,2,6.78125,2.34375,0.140625,0.171875,0.015625,0.5333333333333337,0.5357142857142855,0.4795872207901597,0.050515702117797094,0.4795872207901597,0.050515702117797094,-1.35,6.1,5.0,15.0,0,4,5,3,2,25,2,5,17,1
14000732,0.0,0.05,0.5,0.74209375,0.75,0.007906250000000005,4,7.90625,2.5,0.0625,0.125,0.0,0.5250000000000001,0.5374999999999999,0.28400670516504223,0.05002823743020808,0.28400670516504223,0.05002823743020808,-1.05,1.8,5.0,7.0,1,9,1,2,1,23,2,4,21,0
14000733,1.0,0.05,0.5,2.4483593749999994,2.4499999999999993,0.001640625000000001,0,1.640625,1.015625,0.109375,0.109375,0.015625,0.5333333333333335,0.5642857142857142,0.3590341954509299,0.050005944296836226,0.3590341954509299,0.050005944296836226,-0.7499999999999999,3.2,3.0,11.0,1,2,3,5,2,17,1,3,29,1
14000734,1.0,0.05,0.5,7.427843749999999,7.449999999999999,0.022156250000000006,8,22.15625,3.9375,0.078125,0.203125,0.0,0.5406250000000002,0.51875,0.1254724856136759,0.05281718557671337,0.1254724856136759,0.05281718557671337,-0.19999999999999996,7.649999999999999,1.0,17.0,1,4,5,2,4,30,2,1,15,0
14000735,0.0,0.3,0.25,-1.3105000000000002,-1.1500000000000001,0.1605,23,160.5,11.09375,0.078125,0.4375,0.015625,0.5809523809523816,0.4595238095238098,1.9748655342278383e-11,0.29999994132131563,1.9748655342278383e-11,0.29999994132131563,-3.4999999999999996,2.3499999999999996,23.0,10.0,0,4,15,0,1,41,0,1,1,1
14000736,1.0,0.3,0.25,7.023046875000004,7.050000000000004,0.026953124999999998,-6,26.953125,4.984375,0.34375,0.25,0.03125,0.5741935483870972,0.5895161290322577,0.9999999996122954,0.2999999551294683,0.9999999996122954,0.2999999551294683,-2.8999999999999995,9.950000000000001,20.0,18.0,0,6,0,0,0,13,1,0,42,2
14000737,1.0,0.3,0.5,3.4218593749999977,3.4499999999999975,0.02814062500000001,-9,28.140625,3.859375,0.25,0.109375,0.015625,0.587301587301588,0.6095238095238088,0.9999996956975583,0.2996382915292196,0.9999996956975583,0.2996382915292196,-0.9500000000000004,4.4,14.0,9.0,0,1,2,0,0,11,1,1,47,1
14000738,1.0,0.3,0.25,3.1451406249999962,3.2499999999999964,0.10485937499999998,-15,104.859375,9.203125,0.375,0.140625,0.015625,0.590476190476191,0.6166666666666659,0.9999999999999927,0.2999999985981713,0.9999999999999927,0.2999999985981713,-2.599999999999998,5.85,24.0,9.0,0,2,0,0,0,10,0,1,50,1
14000739,0.0,0.05,0.75,3.9980624999999996,3.9999999999999996,0.001937500000000001,-1,1.9375,1.09375,0.15625,0.140625,0.0,0.5156250000000003,0.5328124999999998,0.14085362678609264,0.05022362389170335,0.14085362678609264,0.05022362389170335,-1.1,5.1,4.0,15.0,0,8,2,6,2,22,1,3,20,0
14000740,0.0,0.3,0.25,-5.027609375000002,-4.750000000000002,0.277609375,28,277.609375,14.515625,0.015625,0.453125,0.0,0.5843750000000006,0.47656250000000017,5.240520627360406e-10,0.2999986986445856,5.240520627360406e-10,0.2999986986445856,-4.550000000000002,-0.19999999999999996,24.0,6.0,0,4,7,0,1,51,0,0,1,0
14000741,1.0,0.05,0.5,3.9472656250000004,3.9500000000000006,0.0027343750000000016,1,2.734375,1.328125,0.171875,0.1875,0.015625,0.5047619047619049,0.5214285714285715,0.4425400075033694,0.05197221418504467,0.4425400075033694,0.05197221418504467,-0.7,4.65,2.0,21.0,1,6,2,7,1,28,3,1,14,1
14000742,0.0,0.05,0.25,0.5286093749999998,0.5499999999999998,0.021390625000000003,7,21.390625,4.359375,0.09375,0.203125,0.015625,0.5238095238095242,0.5071428571428571,0.5068826601169136,0.051726214312537426,0.5068826601169136,0.051726214312537426,-0.2,0.7499999999999998,1.0,18.0,0,9,6,5,1,24,0,4,14,1
14000743,1.0,0.3,0.5,2.5994687499999958,2.6999999999999957,0.10053124999999999,-19,100.53125,8.75,0.40625,0.109375,0.0,0.5906250000000006,0.6242187499999994,1.0,0.2999999999493043,1.0,0.2999999999493043,-2.000000000000001,4.699999999999999,26.0,7.0,0,0,1,0,0,9,1,1,52,0
14000744,1.0,0.05,0.5,3.64640625,3.65,0.0035937500000000023,2,3.59375,1.6875,0.09375,0.125,0.015625,0.5015873015873016,0.5428571428571427,0.44507361981692034,0.05001903080357365,0.44507361981692034,0.05001903080357365,-0.25,3.9,2.0,12.0,0,10,0,6,1,18,3,2,23,1
14000745,1.0,0.05,0.25,2.898078125,2.9,0.0019218750000000008,0,1.921875,1.046875,0.125,0.125,0.0,0.5281250000000003,0.5257812499999999,0.4449984973884572,0.05001765502842059,0.4449984973884572,0.05001765502842059,-1.35,4.250000000000001,5.0,11.0,0,9,4,3,2,22,2,2,20,0
14000746,0.0,0.05,0.75,3.3983906249999998,3.4,0.0016093750000000012,-1,1.609375,1.078125,0.125,0.109375,0.015625,0.5396825396825399,0.5785714285714282,0.3150081617179974,0.05000937583556136,0.3150081617179974,0.05000937583556136,-1.2500000000000002,4.65,3.0,12.0,0,3,1,3,1,18,2,5,30,1
14000747,1.0,0.3,0.25,4.7701562499999985,4.799999999999999,0.02984375000000001,-8,29.84375,4.96875,0.28125,0.15625,0.0,0.5906250000000006,0.6265624999999992,0.999999998648704,0.29999219391836196,0.999999998648704,0.29999219391836196,-1.6500000000000004,6.45,17.0,11.0,0,2,0,0,0,6,0,1,55,0
14000748,1.0,0.3,0.25,7.298562499999999,7.299999999999999,0.0014375000000000008,-3,1.4375,0.9375,0.265625,0.21875,0.015625,0.5428571428571431,0.5476190476190473,0.9999958784209116,0.2999141141732146,0.9999958784209116,0.2999141141732146,-2.35,9.649999999999999,14.0,17.0,1,5,4,3,1,19,1,2,27,1
14000749,0.0,0.05,0.5,1.7980625000000003,1.8000000000000003,0.0019375000000000013,3,1.9375,1.03125,0.109375,0.15625,0.03125,0.5290322580645163,0.5483870967741933,0.4631283961078627,0.05027667111600202,0.4631283961078627,0.05027667111600202,-0.8500000000000001,2.65,3.0,14.0,1,7,2,3,1,18,1,4,25,2
14000750,0.0,0.05,0.25,-1.8524374999999997,-1.7999999999999998,0.052437500000000026,11,52.4375,6.65625,0.046875,0.21875,0.03125,0.5129032258064516,0.47822580645161306,0.16366140679372837,0.05080556644799879,0.16366140679372837,0.05080556644799879,-0.2,-1.6,1.0,16.0,1,9,5,6,1,34,0,3,3,2
14000751,0.0,0.3,0.75,3.411937500000001,3.450000000000001,0.03806250000000001,10,38.0625,5.3125,0.171875,0.328125,0.015625,0.523809523809524,0.46190476190476204,5.676443414319915e-05,0.29992245170274684,5.676443414319915e-05,0.29992245170274684,-2.9499999999999997,6.3999999999999995,16.0,16.0,0,15,9,2,1,28,1,2,5,1
14000752,1.0,0.05,0.25,4.09784375,4.1,0.0021562500000000015,0,2.15625,1.21875,0.109375,0.109375,0.03125,0.5548387096774196,0.579838709677419,0.8642402101640129,0.05008415609194663,0.8642402101640129,0.05008415609194663,-0.55,4.6499999999999995,5.0,9.0,0,1,0,1,3,23,1,6,27,2
14000753,1.0,0.3,0.75,0.1825312499999972,0.29999999999999716,0.11746874999999997,-16,117.46875,9.8125,0.296875,0.046875,0.03125,0.5967741935483877,0.6258064516129026,0.9999999999470702,0.2999914532647009,0.9999999999470702,0.2999914532647009,-1.5500000000000005,1.8499999999999996,17.0,5.0,0,1,0,0,0,8,0,0,53,2
14000754,1.0,0.3,0.75,-2.5826093750000108,-2.2500000000000107,0.33260937499999993,-30,332.609375,16.203125,0.46875,0.0,0.0,0.6000000000000008,0.6335937499999993,1.0000000000000002,0.2999999999994239,1.0000000000000002,0.2999999999994239,-1.9500000000000008,-0.30000000000000004,27.0,3.0,0,0,0,0,0,7,0,0,57,0
14000755,1.0,0.05,0.75,0.2811718750000007,0.3000000000000007,0.018828125000000015,-6,18.828125,4.078125,0.125,0.03125,0.0,0.6000000000000008,0.6289062499999993,0.9776098472292183,0.05003859103249257,0.9776098472292183,0.05003859103249257,-0.5,0.7999999999999998,4.0,6.0,0,0,0,0,0,9,0,0,55,0
14000756,0.0,0.3,0.5,-3.436296875000002,-3.200000000000002,0.23629687500000005,23,236.296875,13.546875,0.046875,0.40625,0.0,0.5843750000000006,0.4789062500000002,6.947699055455316e-08,0.2999686231994456,6.947699055455316e-08,0.2999686231994456,-4.900000000000001,1.7,24.0,5.0,0,4,9,0,0,47,0,1,3,0
14000757,1.0,0.05,0.5,3.69890625,3.6999999999999997,0.0010937500000000008,0,1.09375,0.78125,0.171875,0.171875,0.0,0.5125000000000001,0.5515624999999998,0.8495981725961463,0.0512472135399308,0.8495981725961463,0.0512472135399308,-1.8,5.5,6.0,16.0,0,7,3,4,4,14,2,5,25,0
14000758,0.0,0.05,0.5,3.0874531249999992,3.099999999999999,0.012546875000000006,4,12.546875,2.953125,0.125,0.1875,0.015625,0.5492063492063496,0.5095238095238094,0.8315396418521118,0.051095647192195386,0.8315396418521118,0.051095647192195386,-1.5,4.6,6.0,14.0,0,8,6,2,0,29,1,2,15,1
14000759,1.0,0.3,0.75,-1.2265156250000127,-0.9000000000000128,0.3265156249999999,-26,326.515625,16.328125,0.4375,0.03125,0.0,0.5906250000000006,0.6382812499999992,1.0,0.2999999999935259,1.0,0.2999999999935259,-2.0500000000000007,1.15,27.0,3.0,0,1,0,0,0,3,0,2,58,0
14000760,0.0,0.05,0.5,1.89925,1.9000000000000001,0.0007500000000000004,2,0.75,0.59375,0.109375,0.140625,0.03125,0.5225806451612903,0.5411290322580645,0.7308301715863654,0.050040528458350185,0.7308301715863654,0.050040528458350185,-1.1,2.999999999999999,4.0,12.0,1,10,1,4,2,15,0,2,27,2
14000761,1.0,0.05,0.25,7.029671875,7.05,0.020328125000000013,6,20.328125,3.828125,0.09375,0.1875,0.015625,0.5555555555555561,0.5285714285714284,0.6088477349952001,0.05069061984947506,0.6088477349952001,0.05069061984947506,-0.7999999999999999,7.85,4.0,14.0,0,3,7,4,1,26,0,2,20,1
14000762,0.0,0.05,0.75,1.1994374999999997,1.1999999999999997,0.0005625000000000003,1,0.5625,0.53125,0.09375,0.109375,0.046875,0.5442622950819677,0.5737704918032784,0.2008174999952308,0.05001152217742436,0.2008174999952308,0.05001152217742436,-0.7000000000000001,1.8999999999999995,2.0,11.0,0,3,1,4,3,16,1,1,32,3
14000763,1.0,0.05,0.75,0.29787499999999983,0.2999999999999998,0.0021250000000000006,-4,2.125,0.84375,0.109375,0.046875,0.046875,0.5573770491803284,0.5959016393442619,0.7491413271784643,0.050002760339870174,0.7491413271784643,0.050002760339870174,-0.6499999999999999,0.9499999999999998,2.0,8.0,0,2,1,2,1,13,2,2,38,3
14000764,1.0,0.3,0.75,0.8411562499999965,0.9999999999999964,0.15884375,-19,158.84375,11.40625,0.359375,0.0625,0.0,0.6000000000000006,0.6359374999999993,0.9999999999999853,0.2999999746698602,0.9999999999999853,0.2999999746698602,-1.7000000000000006,2.6999999999999997,22.0,5.0,0,0,0,0,0,6,0,0,58,0
14000765,1.0,0.3,0.25,4.068453124999989,4.199999999999989,0.13154687499999992,-16,131.546875,10.265625,0.421875,0.171875,0.015625,0.587301587301588,0.6214285714285708,0.9999999999999998,0.29999999999674387,0.9999999999999998,0.29999999999674387,-2.9499999999999975,7.15,27.0,11.0,0,2,0,1,0,7,0,0,53,1
14000766,1.0,0.3,0.5,1.9760781249999944,2.0999999999999943,0.12392187500000001,-18,123.921875,9.828125,0.375,0.09375,0.015625,0.6000000000000008,0.6333333333333326,0.9999999999999991,0.2999999984544195,0.9999999999999991,0.2999999984544195,-1.4000000000000008,3.4999999999999996,22.0,8.0,0,0,0,0,0,7,0,0,56,1
14000767,0.0,0.3,0.75,-0.19307812500000016,-0.10000000000000014,0.093078125,16,93.078125,7.953125,0.109375,0.359375,0.03125,0.5709677419354844,0.47580645161290336,1.6111564195555534e-06,0.2999628981838309,1.6111564195555534e-06,0.2999628981838309,-4.050000000000001,3.9499999999999993,20.0,10.0,1,3,9,2,0,44,0,0,3,2
14000768,0.0,0.05,0.25,-2.7633750000000012,-2.700000000000001,0.06337500000000001,11,63.375,6.9375,0.015625,0.1875,0.03125,0.5516129032258067,0.49032258064516143,0.07624747106754047,0.05010640126799165,0.07624747106754047,0.05010640126799165,-0.75,-1.9500000000000002,3.0,10.0,0,10,6,1,0,33,0,3,9,2
14000769,0.0,0.05,0.5,0.6920781250000001,0.7000000000000001,0.007921875000000005,3,7.921875,2.484375,0.078125,0.125,0.015625,0.5142857142857143,0.5380952380952381,0.531881788926676,0.05000463243754474,0.531881788926676,0.05000463243754474,-0.14999999999999997,0.85,1.0,12.0,1,5,5,4,1,20,4,3,20,1
14000770,1.0,0.05,0.75,0.8920781250000004,0.9000000000000004,0.007921875000000005,-4,7.921875,2.484375,0.109375,0.046875,0.015625,0.5746031746031751,0.59047619047619,0.949264063592156,0.050014387217874226,0.949264063592156,0.050014387217874226,-0.5,1.3999999999999997,2.0,8.0,0,4,2,0,1,12,1,1,42,1
14000771,0.0,0.3,0.25,-4.824343750000001,-4.500000000000001,0.32434374999999993,28,324.34375,15.625,0.015625,0.453125,0.0,0.5843750000000006,0.4648437500000002,3.346694573410583e-11,0.2999996508078202,3.346694573410583e-11,0.2999996508078202,-4.400000000000001,-0.10000000000000009,25.0,5.0,0,3,13,0,0,47,1,0,0,0
14000772,0.0,0.3,0.25,-2.5961093749999997,-2.4499999999999997,0.14610937500000004,21,146.109375,10.265625,0.046875,0.375,0.03125,0.5806451612903232,0.47580645161290336,4.1929018496092073e-07,0.29991872927144786,4.1929018496092073e-07,0.29991872927144786,-2.9000000000000004,0.45,16.0,11.0,0,6,8,0,0,44,0,0,4,2
14000773,1.0,0.3,0.25,3.2639687499999988,3.299999999999999,0.03603125000000001,-11,36.03125,5.125,0.3125,0.140625,0.0,0.5812500000000006,0.6148437499999995,0.9999999996074367,0.29999753457429634,0.9999999996074367,0.29999753457429634,-2.0999999999999996,5.4,18.0,11.0,0,3,0,1,0,8,0,1,51,0
14000774,0.0,0.05,0.25,-2.904796875,-2.8000000000000003,0.10479687500000001,18,104.796875,8.546875,0.046875,0.328125,0.015625,0.5587301587301592,0.5023809523809525,0.002749737023775405,0.2731418490590239,0.002749737023775405,0.2731418490590239,-0.14999999999999997,-2.6500000000000004,1.0,23.0,0,4,5,1,1,42,2,2,6,1
14000775,0.0,0.05,0.75,4.547859375000001,4.550000000000001,0.0021406250000000015,-2,2.140625,1.140625,0.140625,0.109375,0.03125,0.5548387096774197,0.6040322580645155,0.4850325234885499,0.05003355191776528,0.4850325234885499,0.05003355191776528,-1.4000000000000001,5.95,4.0,12.0,1,0,0,1,2,14,0,8,36,2
14000776,1.0,0.05,0.75,0.5337187499999998,0.5499999999999998,0.01628125000000001,-6,16.28125,3.71875,0.15625,0.0625,0.0,0.5812500000000006,0.6124999999999995,0.9426673944564654,0.05011279054807194,0.9426673944564654,0.05011279054807194,-0.45000000000000007,0.9999999999999998,2.0,12.0,0,1,0,1,1,12,1,0,48,0
14000777,1.0,0.05,0.75,1.3484375000000002,1.35,0.001562500000000001,-2,1.5625,0.875,0.09375,0.0625,0.015625,0.555555555555556,0.5976190476190472,0.6635272944039172,0.05000091334636209,0.6635272944039172,0.05000091334636209,-0.1499999999999999,1.4999999999999998,1.0,9.0,1,1,0,1,3,14,2,2,39,1
14000778,0.0,0.3,0.75,0.8511249999999999,0.8999999999999999,0.04887500000000002,10,48.875,6.15625,0.09375,0.25,0.03125,0.5548387096774197,0.48790322580645185,0.0006130631152514342,0.28680620946976654,0.0006130631152514342,0.28680620946976654,-2.8000000000000003,3.7,14.0,8.0,0,7,8,2,0,35,0,3,7,2
14000779,0.0,0.3,0.25,-3.5083906250000005,-3.2500000000000004,0.25839062500000004,27,258.390625,14.234375,0.03125,0.453125,0.0,0.5937500000000007,0.4671875000000001,3.349770034740524e-12,0.2999999334368651,3.349770034740524e-12,0.2999999334368651,-3.650000000000001,0.4000000000000001,23.0,8.0,0,2,13,0,0,48,0,0,1,0
14000780,1.0,0.05,0.75,2.4368437500000018,2.450000000000002,0.01315625000000001,-2,13.15625,3.4375,0.15625,0.125,0.0,0.5468750000000004,0.6007812499999995,0.8134606537063347,0.05013680706224551,0.8134606537063347,0.05013680706224551,-0.15000000000000013,2.5999999999999996,3.0,15.0,0,6,0,3,2,4,1,1,47,0
14000781,1.0,0.05,0.25,5.24565625,5.25,0.004343750000000003,2,4.34375,1.84375,0.125,0.15625,0.03125,0.5193548387096776,0.5290322580645161,0.6636353440267623,0.05035680127192102,0.6636353440267623,0.05035680127192102,-1.45,6.699999999999998,6.0,12.0,0,7,3,3,3,24,2,5,15,2
14000782,0.0,0.05,0.5,4.449203125000001,4.450000000000001,0.0007968750000000003,-2,0.796875,0.609375,0.171875,0.140625,0.0,0.5500000000000005,0.5351562499999998,0.5812164895835896,0.050287856574335654,0.5812164895835896,0.050287856574335654,-0.9000000000000001,5.35,3.0,17.0,0,6,4,2,1,26,2,1,22,0
14000783,0.0,0.3,0.25,-4.761437500000002,-4.500000000000002,0.26143750000000004,28,261.4375,13.90625,0.015625,0.453125,0.0,0.5875000000000007,0.47187500000000016,1.3855579717956174e-10,0.2999993660488388,1.3855579717956174e-10,0.2999993660488388,-4.3500000000000005,-0.14999999999999997,24.0,6.0,0,4,8,0,0,52,0,0,0,0
14000784,1.0,0.05,0.25,7.0198906249999995,7.05,0.030109375000000004,8,30.109375,4.703125,0.046875,0.171875,0.03125,0.5645161290322585,0.5120967741935485,0.2958338372985559,0.05007503924885258,0.2958338372985559,0.05007503924885258,-0.3999999999999999,7.449999999999998,2.0,12.0,0,6,6,0,2,31,0,3,14,2
14000785,0.0,0.3,0.75,-1.846750000000001,-1.600000000000001,0.24675000000000005,20,246.75,14.34375,0.0625,0.375,0.015625,0.5746031746031751,0.47380952380952407,6.454855300916959e-07,0.2999254397336799,6.454855300916959e-07,0.2999254397336799,-4.050000000000001,2.45,22.0,6.0,0,4,7,1,2,49,0,0,0,1
14000786,1.0,0.05,0.25,7.896343750000001,7.9,0.0036562500000000024,4,3.65625,1.65625,0.140625,0.203125,0.015625,0.5523809523809529,0.5619047619047618,0.9790978286144529,0.056140347956352844,0.9790978286144529,0.056140347956352844,-0.4500000000000002,8.349999999999998,6.0,16.0,2,3,1,3,0,22,0,2,30,1
14000787,1.0,0.05,0.5,6.489609375000001,6.500000000000001,0.010390625000000004,1,10.390625,2.765625,0.171875,0.1875,0.0,0.5593750000000005,0.5562499999999998,0.8577807575554572,0.06211022782231051,0.8577807575554572,0.06211022782231051,-0.20000000000000018,6.7,4.0,19.0,1,3,3,1,1,24,1,3,27,0
14000788,0.0,0.3,0.75,2.4239218749999996,2.4499999999999997,0.026078125000000014,9,26.078125,4.421875,0.15625,0.296875,0.015625,0.5460317460317462,0.5,0.005420254169150568,0.29663072871565915,0.005420254169150568,0.29663072871565915,-3.6500000000000004,6.1,15.0,14.0,0,9,3,2,1,36,1,1,10,1
14000789,0.0,0.05,0.25,-1.762484375,-1.75,0.012484375000000008,7,12.484375,2.640625,0.015625,0.125,0.09375,0.531034482758621,0.5000000000000001,0.069268350579809,0.05002618839622772,0.069268350579809,0.05002618839622772,-0.7,-1.0500000000000003,2.0,7.0,0,9,8,3,0,21,2,1,14,6
14000790,0.0,0.3,0.75,1.342125,1.4000000000000001,0.05787500000000002,11,57.875,6.65625,0.140625,0.3125,0.0,0.5250000000000002,0.4812500000000002,5.972256623618064e-05,0.2995983956409665,5.972256623618064e-05,0.2995983956409665,-4.25,5.65,19.0,10.0,1,9,6,4,3,33,0,2,6,0
14000791,0.0,0.3,0.5,-0.7845937499999998,-0.6999999999999997,0.08459375000000001,19,84.59375,7.75,0.078125,0.375,0.046875,0.573770491803279,0.4926229508196722,1.0511057359702755e-06,0.29998245752028857,1.0511057359702755e-06,0.29998245752028857,-3.0,2.3,16.0,13.0,0,4,5,1,0,45,0,2,4,3
14000792,1.0,0.3,0.75,-1.323671875000012,-1.100000000000012,0.22367187500000002,-25,223.671875,13.015625,0.40625,0.015625,0.0,0.6000000000000008,0.6335937499999993,1.0000000000000002,0.299999999877306,1.0000000000000002,0.299999999877306,-1.4000000000000008,0.2999999999999998,22.0,5.0,0,0,1,0,0,5,0,0,58,0
14000793,0.0,0.3,0.25,-4.582968750000001,-4.3500000000000005,0.23296875000000003,28,232.96875,13.46875,0.03125,0.46875,0.0,0.5656250000000005,0.4578125000000003,3.070699018106692e-11,0.2999998079706863,3.070699018106692e-11,0.2999998079706863,-5.1000000000000005,0.7500000000000002,27.0,5.0,0,7,12,1,0,43,1,0,0,0
14000794,1.0,0.05,0.75,-0.08067187499999895,-0.049999999999998934,0.03067187500000001,-8,30.671875,5.015625,0.140625,0.015625,0.015625,0.5841269841269847,0.616666666666666,0.9990430540402273,0.05164477774558351,0.9990430540402273,0.05164477774558351,-0.20000000000000018,0.1499999999999999,4.0,6.0,0,2,1,0,0,8,0,3,49,1
14000795,0.0,0.3,0.25,-0.7976249999999995,-0.6999999999999995,0.09762499999999998,18,97.625,8.53125,0.078125,0.359375,0.0,0.5593750000000005,0.47421875000000013,1.4475353852936731e-06,0.29989638719986045,1.4475353852936731e-06,0.29989638719986045,-3.5500000000000003,2.8499999999999996,18.0,10.0,0,6,9,3,1,41,0,0,4,0
14000796,0.0,0.05,0.75,4.296499999999999,4.299999999999999,0.0035000000000000022,-2,3.5,1.53125,0.140625,0.109375,0.03125,0.583870967741936,0.5701612903225802,0.24961923259301652,0.0500209779135387,0.24961923259301652,0.0500209779135387,-1.4500000000000002,5.75,5.0,11.0,0,2,4,0,1,20,0,2,33,2
14000797,1.0,0.05,0.5,5.196453125,5.199999999999999,0.0035468750000000014,4,3.546875,1.546875,0.109375,0.171875,0.03125,0.5129032258064518,0.5338709677419355,0.3086354880383762,0.05080463555022299,0.3086354880383762,0.05080463555022299,-1.1,6.3,4.0,14.0,2,7,3,5,1,18,1,3,22,2
14000798,0.0,0.3,0.5,-4.968484375,-4.7,0.26848437499999994,30,268.484375,13.421875,0.015625,0.484375,0.0,0.5812500000000006,0.4695312500000002,1.7103036967226252e-12,0.29999996852707517,1.7103036967226252e-12,0.29999996852707517,-4.500000000000001,-0.19999999999999996,26.0,6.0,0,5,11,0,0,45,0,1,2,0
14000799,1.0,0.05,0.5,4.746390625,4.75,0.003609375000000002,5,3.609375,1.515625,0.046875,0.125,0.03125,0.5483870967741935,0.5435483870967741,0.2394911177687083,0.05001933149298935,0.2394911177687083,0.05001933149298935,0.0,4.75,0.0,11.0,0,7,4,0,3,19,1,4,24,2
14000800,1.0,0.3,0.75,1.1047812499999956,1.1999999999999957,0.09521875000000003,-16,95.21875,8.25,0.3125,0.0625,0.0,0.5968750000000007,0.6335937499999993,0.9999999999989629,0.29999919262912067,0.9999999999989629,0.29999919262912067,-1.3500000000000008,2.55,19.0,5.0,0,1,0,0,0,5,0,0,58,0
14000801,0.0,0.05,0.5,0.02867187499999982,0.04999999999999982,0.021328125000000003,7,21.328125,3.796875,0.078125,0.1875,0.015625,0.5333333333333334,0.5214285714285715,0.3182497779162152,0.05073154603546082,0.3182497779162152,0.05073154603546082,-1.15,1.2,4.0,13.0,0,10,2,2,3,25,0,4,17,1
14000802,1.0,0.3,0.25,2.583281249999995,2.649999999999995,0.06671875000000002,-14,66.71875,6.96875,0.34375,0.125,0.015625,0.5809523809523817,0.6142857142857137,0.9999999999899201,0.2999998191239108,0.9999999999899201,0.2999998191239108,-2.4999999999999982,5.15,21.0,9.0,0,1,1,1,0,10,1,1,48,1
14000803,0.0,0.05,0.25,-1.3045781249999997,-1.2499999999999998,0.05457812500000002,12,54.578125,6.296875,0.09375,0.28125,0.0,0.5375000000000003,0.47421875000000013,0.223204983977124,0.07235442816036061,0.223204983977124,0.07235442816036061,-0.95,-0.30000000000000004,3.0,21.0,1,8,11,3,1,31,1,1,7,0
14000804,1.0,0.05,0.75,0.5965937499999996,0.5999999999999996,0.0034062500000000026,-3,3.40625,1.5625,0.09375,0.046875,0.046875,0.5737704918032793,0.5909836065573767,0.8665155887591035,0.05000289396728471,0.8665155887591035,0.05000289396728471,-0.6500000000000001,1.2499999999999998,3.0,6.0,2,4,0,0,0,12,0,0,43,3
14000805,1.0,0.05,0.25,4.195125,4.2,0.0048750000000000035,2,4.875,1.875,0.109375,0.140625,0.015625,0.5396825396825398,0.5476190476190476,0.5387954217642099,0.05005685923963015,0.5387954217642099,0.05005685923963015,-1.15,5.35,4.0,12.0,0,7,1,1,1,25,3,3,22,1
14000806,0.0,0.05,0.25,-0.8202812499999999,-0.7499999999999998,0.07028125000000005,11,70.28125,7.75,0.0625,0.234375,0.015625,0.5460317460317461,0.5095238095238096,0.14844801560335344,0.06694821297379717,0.14844801560335344,0.06694821297379717,0.0,-0.7499999999999998,0.0,19.0,0,4,5,0,3,38,2,6,5,1
14000807,1.0,0.3,0.25,7.4434843750000015,7.450000000000001,0.006515625000000005,-3,6.515625,2.171875,0.25,0.203125,0.03125,0.5741935483870974,0.5725806451612897,0.9999997542719585,0.29992888438981524,0.9999997542719585,0.29992888438981524,-1.7500000000000002,9.200000000000001,15.0,14.0,0,6,0,0,0,20,1,0,35,2
14000808,1.0,0.3,0.25,3.6329218749999956,3.6999999999999957,0.06707812500000002,-13,67.078125,7.015625,0.34375,0.140625,0.0,0.5875000000000007,0.6124999999999993,0.9999999999995504,0.29999997385755706,0.9999999999995504,0.29999997385755706,-2.1000000000000005,5.800000000000001,21.0,10.0,0,2,0,1,0,11,0,0,50,0
14000809,1.0,0.05,0.5,3.448765625,3.45,0.0012343750000000007,0,1.234375,0.828125,0.125,0.125,0.03125,0.5322580645161292,0.550806451612903,0.6686063722128573,0.05006316296572733,0.6686063722128573,0.05006316296572733,-0.3999999999999999,3.8499999999999996,3.0,13.0,0,10,0,1,2,18,2,3,26,2
14000810,0.0,0.3,0.25,-3.075046875,-2.95,0.125046875,20,125.046875,9.390625,0.03125,0.34375,0.03125,0.5806451612903232,0.4733870967741937,2.843028534011905e-06,0.2991744756920448,2.843028534011905e-06,0.2991744756920448,-3.900000000000001,0.9500000000000002,20.0,4.0,0,4,11,0,0,43,0,2,2,2
14000811,0.0,0.3,0.5,-1.9146249999999998,-1.6499999999999997,0.2646250000000001,23,264.625,14.875,0.078125,0.4375,0.015625,0.590476190476191,0.47380952380952396,2.1381459743937443e-08,0.2999981817386214,2.1381459743937443e-08,0.2999981817386214,-5.000000000000002,3.3499999999999996,26.0,7.0,0,3,8,0,0,52,0,0,0,1
14000812,0.0,0.05,0.25,1.0796718749999996,1.0999999999999996,0.020328125000000006,7,20.328125,3.828125,0.109375,0.21875,0.015625,0.5301587301587305,0.48333333333333345,0.10905252530165113,0.08253338372662754,0.10905252530165113,0.08253338372662754,-1.3,2.4,6.0,15.0,1,8,7,3,3,32,1,1,7,1
14000813,1.0,0.3,0.5,4.391312499999997,4.4499999999999975,0.05868750000000003,-11,58.6875,6.46875,0.328125,0.15625,0.015625,0.5841269841269847,0.6261904761904755,0.99999999999918,0.29999996271845353,0.99999999999918,0.29999996271845353,-1.8000000000000005,6.25,20.0,11.0,0,1,0,0,0,8,2,0,52,1
14000814,0.0,0.05,0.75,4.7461875,4.75,0.0038125000000000025,-3,3.8125,1.59375,0.140625,0.09375,0.03125,0.5516129032258068,0.5774193548387093,0.4158024399196966,0.05001322810560281,0.4158024399196966,0.05001322810560281,-1.05,5.8,4.0,11.0,0,5,0,3,0,17,1,2,34,2
14000815,0.0,0.3,0.25,-3.521718750000001,-3.300000000000001,0.22171875000000013,21,221.71875,13.5,0.03125,0.359375,0.03125,0.5709677419354842,0.45887096774193586,3.551528536455459e-06,0.2993111453407115,3.551528536455459e-06,0.2993111453407115,-3.05,-0.25,17.0,8.0,0,7,12,0,0,41,0,2,0,2
14000816,1.0,0.3,0.25,3.5447968749999945,3.5999999999999943,0.05520312500000001,-12,55.203125,6.515625,0.3125,0.125,0.0,0.5937500000000007,0.6124999999999994,0.9999999999937619,0.29999971020535743,0.9999999999937619,0.29999971020535743,-1.4000000000000006,5.0,19.0,9.0,0,2,0,0,0,12,0,0,50,0
14000817,1.0,0.05,0.25,5.94040625,5.949999999999999,0.009593750000000007,5,9.59375,2.5625,0.09375,0.171875,0.0,0.5531250000000003,0.5539062499999998,0.7211047654995401,0.05007429130367673,0.7211047654995401,0.05007429130367673,-0.25,6.199999999999999,2.0,15.0,0,5,2,0,1,26,2,5,23,0
14000818,1.0,0.3,0.5,4.363109374999996,4.449999999999996,0.086890625,-17,86.890625,8.140625,0.421875,0.15625,0.015625,0.5968253968253974,0.6309523809523803,1.0,0.299999999999256,1.0,0.299999999999256,-2.0500000000000007,6.5,27.0,10.0,0,0,0,0,0,8,0,1,54,1
14000819,1.0,0.05,0.75,0.38378125000000035,0.40000000000000036,0.01621875000000001,-5,16.21875,3.84375,0.125,0.046875,0.015625,0.5682539682539687,0.6023809523809519,0.9273766114738782,0.050017176311105443,0.9273766114738782,0.050017176311105443,-0.7000000000000001,1.0999999999999999,4.0,7.0,0,5,0,1,0,9,1,1,46,1
14000820,0.0,0.05,0.5,0.7157968750000002,0.7500000000000002,0.03420312500000001,7,34.203125,5.265625,0.109375,0.21875,0.015625,0.5142857142857143,0.5071428571428572,0.5143715018060266,0.053834205118968866,0.5143715018060266,0.053834205118968866,-2.6,3.3500000000000005,9.0,12.0,1,7,6,2,1,29,3,7,7,1
14000821,0.0,0.3,0.25,-0.6519062500000002,-0.5500000000000003,0.10190625,17,101.90625,8.46875,0.078125,0.34375,0.015625,0.555555555555556,0.4642857142857144,6.776905761241083e-06,0.2996600694027055,6.776905761241083e-06,0.2996600694027055,-3.3500000000000005,2.8000000000000003,18.0,9.0,0,9,8,2,1,41,0,0,2,1
14000822,1.0,0.3,0.5,3.613234375,3.6500000000000004,0.03676562500000002,-10,36.765625,5.546875,0.28125,0.125,0.015625,0.5936507936507943,0.6261904761904755,0.9999999979430756,0.29998781286749865,0.9999999979430756,0.29998781286749865,-1.3000000000000005,4.949999999999999,17.0,9.0,0,0,0,0,0,10,1,0,52,1
14000823,1.0,0.05,0.75,0.8773437500000003,0.9000000000000004,0.022656250000000006,-8,22.65625,3.75,0.171875,0.046875,0.046875,0.5836065573770498,0.6278688524590158,0.9986001077365813,0.07191263540718967,0.9986001077365813,0.07191263540718967,-0.30000000000000027,1.1999999999999997,6.0,8.0,0,1,0,0,0,7,1,2,50,3
14000824,0.0,0.3,0.75,1.758906249999999,1.799999999999999,0.04109375000000001,13,41.09375,5.4375,0.171875,0.375,0.015625,0.5269841269841272,0.4833333333333334,1.8305651061293265e-05,0.2999821458389721,1.8305651061293265e-05,0.2999821458389721,-4.4,6.199999999999998,18.0,17.0,1,9,9,2,3,27,1,3,8,1
14000825,1.0,0.3,0.75,-0.06598437500000358,-3.552713678800501e-15,0.06598437500000003,-13,65.984375,6.515625,0.234375,0.03125,0.0,0.5937500000000007,0.6265624999999994,0.9999995107531185,0.2932921421903609,0.9999995107531185,0.2932921421903609,-1.2500000000000004,1.2499999999999998,14.0,3.0,0,1,1,0,0,6,0,1,55,0
14000826,1.0,0.3,0.25,6.583015625000001,6.6000000000000005,0.016984374999999993,0,16.984375,3.390625,0.25,0.25,0.0,0.5406250000000004,0.5375,0.9997084528032232,0.29695979822655033,0.9997084528032232,0.29695979822655033,-3.3499999999999988,9.949999999999998,14.0,18.0,0,6,5,2,1,23,2,4,21,0
14000827,0.0,0.3,0.5,-1.2064843749999994,-1.0999999999999994,0.106484375,19,106.484375,8.703125,0.0625,0.359375,0.015625,0.5460317460317464,0.47619047619047633,9.004084382825726e-06,0.2997316740975279,9.004084382825726e-06,0.2997316740975279,-3.8000000000000007,2.7,20.0,7.0,1,11,4,1,0,40,0,2,4,1
14000828,0.0,0.05,0.75,3.7467031249999994,3.7499999999999996,0.003296875000000002,-1,3.296875,1.484375,0.140625,0.125,0.015625,0.5460317460317463,0.5547619047619047,0.16848870916807288,0.050065724282897114,0.16848870916807288,0.050065724282897114,-0.55,4.300000000000001,2.0,15.0,1,5,3,3,1,18,0,3,29,1
14000829,1.0,0.05,0.25,5.4984375,5.5,0.0015625000000000005,2,1.5625,1.0,0.15625,0.1875,0.03125,0.5225806451612905,0.5508064516129031,0.8858175435543785,0.053745498699821384,0.8858175435543785,0.053745498699821384,-0.9999999999999998,6.499999999999998,6.0,16.0,1,6,1,4,1,20,2,3,24,2
14000830,1.0,0.3,0.25,4.681374999999999,4.699999999999999,0.01862500000000001,-6,18.625,4.0,0.25,0.15625,0.03125,0.5806451612903232,0.6233870967741929,0.9999999524033066,0.2999061656501708,0.9999999524033066,0.2999061656501708,-1.3500000000000003,6.05,15.0,11.0,0,0,0,0,1,10,2,1,48,2
14000831,0.0,0.05,0.5,2.53165625,2.5500000000000003,0.018343750000000006,5,18.34375,3.75,0.125,0.203125,0.046875,0.554098360655738,0.5196721311475409,0.15820656470542732,0.09735868803533043,0.15820656470542732,0.09735868803533043,-1.05,3.6000000000000005,4.0,17.0,0,6,3,2,1,32,1,1,15,3
14000832,0.0,0.3,0.25,-2.2555312499999993,-2.1499999999999995,0.10553125,18,105.53125,8.1875,0.03125,0.3125,0.0,0.5781250000000006,0.4789062500000003,0.0005482457192669536,0.28423774598161733,0.0005482457192669536,0.28423774598161733,-2.9,0.75,15.0,7.0,0,5,11,0,0,41,1,0,6,0
14000833,0.0,0.05,0.25,-2.736375,-2.65,0.08637499999999998,16,86.375,7.71875,0.015625,0.265625,0.015625,0.5650793650793654,0.4880952380952383,0.0006165067292276803,0.20812899765107595,0.0006165067292276803,0.20812899765107595,-1.15,-1.5,5.0,13.0,0,6,7,2,0,40,0,1,7,1
14000834,1.0,0.05,0.75,1.6725625000000028,1.7000000000000028,0.027437499999999993,-7,27.4375,5.0625,0.1875,0.078125,0.015625,0.5904761904761912,0.6380952380952375,0.9948215213217951,0.06685186957313871,0.9948215213217951,0.06685186957313871,-0.8500000000000002,2.55,7.0,10.0,0,0,0,1,0,4,0,1,57,1
14000835,1.0,0.05,0.75,1.0486406249999998,1.0499999999999998,0.0013593750000000008,-3,1.359375,0.890625,0.109375,0.0625,0.0,0.5625000000000004,0.6007812499999995,0.7850907511044068,0.05000222447507683,0.7850907511044068,0.05000222447507683,-0.050000000000000044,1.0999999999999999,1.0,10.0,0,4,0,1,0,12,1,4,42,0
14000836,0.0,0.3,0.5,-0.0074687499999999615,0.050000000000000044,0.057468750000000006,13,57.46875,6.75,0.125,0.328125,0.03125,0.5483870967741937,0.49758064516129036,0.00046243993914010106,0.298831442562105,0.00046243993914010106,0.298831442562105,-3.7,3.75,14.0,15.0,0,4,7,1,3,37,2,3,5,2
14000837,1.0,0.05,0.75,0.3883437500000003,0.40000000000000036,0.011656250000000009,-6,11.65625,2.75,0.15625,0.0625,0.0,0.5750000000000006,0.6031249999999995,0.9389344123439335,0.05008949320701217,0.9389344123439335,0.05008949320701217,-0.6000000000000001,1.0,4.0,10.0,0,4,1,1,0,9,0,2,47,0
14000838,0.0,0.05,0.75,2.6987343749999995,2.6999999999999993,0.001265625000000001,-1,1.265625,0.890625,0.125,0.109375,0.0,0.5250000000000004,0.5656249999999997,0.46153575726581114,0.05000471335583337,0.46153575726581114,0.05000471335583337,-1.25,3.9499999999999997,3.0,12.0,0,5,2,5,3,14,2,2,31,0
14000839,0.0,0.3,0.5,-1.442671875,-1.3,0.14267187499999998,19,142.671875,10.328125,0.0625,0.359375,0.015625,0.5777777777777782,0.47619047619047633,3.0504568967850126e-07,0.29993156211149985,3.0504568967850126e-07,0.29993156211149985,-3.35,2.05,18.0,9.0,0,6,9,0,0,43,0,1,4,1
14000840,0.0,0.3,0.25,-1.7354843749999997,-1.6499999999999997,0.08548437500000004,16,85.484375,8.140625,0.0625,0.3125,0.015625,0.5555555555555559,0.47619047619047644,0.0013905081924039564,0.27980641227149017,0.0013905081924039564,0.27980641227149017,-2.9,1.25,14.0,10.0,0,9,7,1,1,39,0,2,4,1
14000841,0.0,0.3,0.75,0.28773437499999976,0.3499999999999998,0.06226562500000002,14,62.265625,6.390625,0.125,0.34375,0.0,0.5468750000000004,0.48359375000000016,2.9273854787779264e-05,0.29985596674774956,2.9273854787779264e-05,0.29985596674774956,-4.45,4.8,19.0,11.0,0,9,7,3,0,36,1,0,8,0
14000842,0.0,0.3,0.5,-2.2291718749999996,-2.1499999999999995,0.079171875,19,79.171875,7.390625,0.078125,0.375,0.03125,0.5516129032258067,0.47822580645161306,1.4822440015360933e-06,0.2998936742650982,1.4822440015360933e-06,0.2998936742650982,-4.300000000000001,2.15,20.0,9.0,1,9,7,1,0,36,0,2,6,2
14000843,1.0,0.3,0.25,6.8932031249999985,6.899999999999999,0.006796875000000004,-5,6.796875,2.171875,0.328125,0.25,0.0,0.5687500000000006,0.5679687499999997,0.999999968169357,0.2999990341906924,0.999999968169357,0.2999990341906924,-3.849999999999999,10.750000000000002,20.0,17.0,1,2,3,2,0,21,0,2,33,0
14000844,0.0,0.05,0.25,-2.0087656249999997,-1.9499999999999997,0.05876562500000001,13,58.765625,6.421875,0.046875,0.25,0.03125,0.5483870967741938,0.492741935483871,0.08497405253401141,0.06183635574491942,0.08497405253401141,0.06183635574491942,-0.55,-1.3999999999999997,2.0,17.0,0,6,6,4,1,36,0,1,8,2
14000845,0.0,0.05,0.5,-0.37159374999999967,-0.34999999999999964,0.021593750000000002,7,21.59375,4.0625,0.0625,0.171875,0.0625,0.5299999999999999,0.49249999999999994,0.3004451489516941,0.050249196203411214,0.3004451489516941,0.050249196203411214,-0.8500000000000001,0.5000000000000004,3.0,12.0,0,10,4,1,4,30,1,3,7,4
14000846,1.0,0.05,0.5,4.245140625,4.25,0.004859375000000003,1,4.859375,1.828125,0.109375,0.125,0.0,0.5187500000000003,0.5445312499999998,0.2725089683845575,0.050083029050432576,0.2725089683845575,0.050083029050432576,-0.050000000000000044,4.300000000000001,1.0,14.0,0,8,3,6,2,15,0,4,26,0
14000847,1.0,0.05,0.75,3.6485781250000002,3.6500000000000004,0.0014218750000000006,1,1.421875,0.828125,0.109375,0.125,0.046875,0.5311475409836068,0.5713114754098357,0.32607227629350904,0.05004938723098261,0.32607227629350904,0.05004938723098261,-0.19999999999999996,3.8500000000000005,1.0,14.0,0,3,0,1,3,22,5,3,24,3
14000848,1.0,0.05,0.25,9.257203125,9.3,0.04279687500000001,11,42.796875,5.828125,0.0625,0.234375,0.015625,0.5365079365079367,0.49761904761904774,0.2661913389643613,0.051131167410130116,0.2661913389643613,0.051131167410130116,-0.19999999999999996,9.499999999999998,1.0,18.0,0,10,4,1,2,33,1,4,8,1
14000849,1.0,0.05,0.25,6.529906250000001,6.550000000000001,0.020093749999999997,4,20.09375,4.03125,0.140625,0.203125,0.03125,0.5161290322580645,0.5314516129032257,0.9018996083686172,0.05210785496856873,0.9018996083686172,0.05210785496856873,-0.3500000000000001,6.899999999999998,2.0,20.0,0,5,1,5,4,28,1,5,13,2
14000850,1.0,0.3,0.75,1.90996874999999,2.04999999999999,0.14003125,-22,140.03125,10.375,0.4375,0.09375,0.015625,0.6000000000000008,0.6309523809523803,1.0,0.2999999999982911,1.0,0.2999999999982911,-1.600000000000001,3.6499999999999995,26.0,8.0,0,0,0,0,0,8,0,0,55,1
14000851,0.0,0.05,0.75,3.9449687499999997,3.9499999999999997,0.005031250000000004,0,5.03125,1.9375,0.140625,0.140625,0.046875,0.5377049180327873,0.5319672131147539,0.4654240451217235,0.05036794383234092,0.4654240451217235,0.05036794383234092,-1.2000000000000002,5.1499999999999995,5.0,13.0,0,4,2,5,3,28,0,2,17,3
14000852,1.0,0.3,0.25,3.45134374999999,3.54999999999999,0.09865625000000001,-17,98.65625,8.46875,0.40625,0.140625,0.015625,0.5809523809523817,0.6142857142857137,1.0,0.29999999996491644,1.0,0.29999999996491644,-2.2,5.75,24.0,11.0,0,1,0,1,1,11,1,0,48,1
14000853,0.0,0.05,0.25,-3.140734375000001,-3.050000000000001,0.09073437499999999,15,90.734375,8.421875,0.03125,0.265625,0.0,0.5468750000000004,0.4976562500000001,0.015390094530237836,0.07404921991587453,0.015390094530237836,0.07404921991587453,-0.75,-2.3000000000000003,4.0,15.0,1,2,8,2,3,38,2,2,6,0
14000854,1.0,0.3,0.75,-0.5955937500000064,-0.4500000000000064,0.14559375000000002,-19,145.59375,10.8125,0.328125,0.03125,0.0,0.5968750000000007,0.6312499999999993,0.999999999998895,0.29999901972519055,0.999999999998895,0.29999901972519055,-1.1500000000000006,0.6999999999999997,17.0,6.0,0,0,0,0,1,7,0,0,56,0
14000855,0.0,0.05,0.5,0.46164062499999986,0.4999999999999999,0.038359375000000015,9,38.359375,5.453125,0.09375,0.234375,0.015625,0.5333333333333334,0.4880952380952383,0.0955501628257876,0.1112833566994191,0.0955501628257876,0.1112833566994191,-1.7000000000000002,2.2,8.0,13.0,1,8,6,4,2,32,0,1,9,1
14000856,0.0,0.3,0.5,-0.06056250000000025,-2.220446049250313e-16,0.060562500000000026,14,60.5625,6.90625,0.125,0.34375,0.0,0.5437500000000003,0.4789062500000001,0.0014115171580097697,0.29765548157229405,0.0014115171580097697,0.29765548157229405,-4.55,4.549999999999999,18.0,12.0,0,7,7,4,1,40,0,2,3,0
14000857,0.0,0.3,0.75,-1.4478750000000007,-1.2500000000000007,0.19787500000000005,21,197.875,12.96875,0.09375,0.421875,0.03125,0.5580645161290326,0.4709677419354841,8.686401575507725e-10,0.2999996866241223,8.686401575507725e-10,0.2999996866241223,-5.100000000000001,3.8499999999999996,26.0,7.0,0,6,9,2,0,42,1,1,1,2
14000858,1.0,0.3,0.75,1.6600937499999957,1.6999999999999957,0.03990625000000001,-13,39.90625,4.46875,0.296875,0.09375,0.0,0.5937500000000007,0.6054687499999993,0.9999999887259318,0.29994237088350306,0.9999999887259318,0.29994237088350306,-2.299999999999999,3.999999999999999,18.0,7.0,0,2,1,0,0,13,0,0,48,0
14000859,0.0,0.05,0.75,3.0979374999999996,3.0999999999999996,0.002062500000000001,1,2.0625,1.09375,0.140625,0.15625,0.0625,0.5166666666666667,0.5574999999999998,0.5482280560985152,0.050646718006944105,0.5482280560985152,0.050646718006944105,-1.05,4.1499999999999995,4.0,15.0,0,8,0,3,2,16,1,7,23,4
14000860,1.0,0.3,0.5,1.5272499999999989,1.549999999999999,0.022750000000000006,-10,22.75,3.625,0.21875,0.0625,0.0,0.5906250000000006,0.6078124999999994,0.9999313882282713,0.25698598546871965,0.9999313882282713,0.25698598546871965,-1.0000000000000002,2.55,12.0,6.0,0,2,1,0,0,12,0,1,48,0
14000861,0.0,0.05,0.5,0.937359375,0.95,0.01264062500000001,5,12.640625,3.203125,0.078125,0.15625,0.046875,0.5377049180327873,0.5147540983606557,0.2707737610895445,0.05068546107351717,0.2707737610895445,0.05068546107351717,-0.75,1.6999999999999997,4.0,11.0,1,5,4,5,0,30,0,2,14,3
14000862,1.0,0.05,0.25,5.192859374999999,5.199999999999999,0.007140625000000004,3,7.140625,2.046875,0.109375,0.15625,0.03125,0.5580645161290327,0.5266129032258066,0.619218327017328,0.05017777649719696,0.619218327017328,0.05017777649719696,-1.2999999999999998,6.5,5.0,12.0,0,4,6,4,1,26,0,0,21,2
14000863,0.0,0.3,0.75,2.6349375000000004,2.7,0.06506250000000002,13,65.0625,6.875,0.15625,0.359375,0.015625,0.574603174603175,0.47857142857142876,5.96509198473011e-05,0.2999668705151018,5.96509198473011e-05,0.2999668705151018,-4.600000000000002,7.299999999999999,22.0,11.0,0,7,8,0,0,42,0,1,5,1
14000864,1.0,0.05,0.25,10.7014375,10.75,0.048562500000000015,11,48.5625,6.21875,0.09375,0.265625,0.0,0.5500000000000003,0.4906250000000001,0.02011582110118833,0.210116382285216,0.02011582110118833,0.210116382285216,-0.55,11.299999999999999,2.0,21.0,0,7,6,2,1,39,0,4,5,0
14000865,1.0,0.3,0.5,1.2250468749999879,1.399999999999988,0.17495312500000001,-23,174.953125,11.296875,0.4375,0.078125,0.015625,0.5968253968253975,0.6261904761904754,1.0,0.2999999999974169,1.0,0.2999999999974169,-1.600000000000001,2.9999999999999996,26.0,7.0,0,1,0,0,0,8,0,0,54,1
14000866,1.0,0.05,0.75,-0.504796875,-0.5,0.0047968750000000025,-6,4.796875,1.703125,0.125,0.03125,0.015625,0.5492063492063496,0.5809523809523806,0.9402325179194209,0.05001030568344394,0.9402325179194209,0.05001030568344394,-0.6000000000000001,0.09999999999999976,3.0,7.0,0,4,1,2,3,14,1,3,35,1
14000867,0.0,0.05,0.25,-0.7519843749999998,-0.6999999999999998,0.05198437500000002,10,51.984375,6.703125,0.078125,0.234375,0.03125,0.5322580645161292,0.4927419354838711,0.20330932979205807,0.058890276180716176,0.20330932979205807,0.058890276180716176,-0.8500000000000001,0.1499999999999998,3.0,17.0,0,11,3,2,0,35,1,4,6,2
14000868,0.0,0.3,0.25,-4.759250000000001,-4.500000000000001,0.25925000000000004,27,259.25,14.0625,0.015625,0.4375,0.015625,0.5650793650793656,0.46190476190476204,3.00530860495482e-11,0.2999995365088059,3.00530860495482e-11,0.2999995365088059,-4.050000000000002,-0.4499999999999998,23.0,6.0,0,6,13,0,2,39,1,1,1,1
14000869,0.0,0.3,0.5,-0.09407812499999932,6.661338147750939e-16,0.09407812499999998,17,94.078125,8.515625,0.09375,0.359375,0.0,0.5750000000000004,0.4648437500000002,1.520999749919432e-07,0.2999756589832532,1.520999749919432e-07,0.2999756589832532,-3.4500000000000006,3.45,20.0,9.0,0,6,12,0,0,43,0,2,1,0
14000870,1.0,0.3,0.25,5.620671874999998,5.649999999999999,0.029328125,-6,29.328125,4.703125,0.28125,0.1875,0.0,0.5812500000000006,0.6054687499999994,0.999999992658901,0.2999866177243709,0.999999992658901,0.2999866177243709,-2.249999999999999,7.9,18.0,12.0,0,2,0,2,0,13,0,0,47,0
14000871,0.0,0.05,0.5,2.2973749999999993,2.2999999999999994,0.0026250000000000015,1,2.625,1.28125,0.109375,0.125,0.046875,0.5409836065573774,0.5565573770491802,0.7837319801274577,0.050029290049320996,0.7837319801274577,0.050029290049320996,0.0,2.2999999999999994,0.0,15.0,0,5,2,4,0,20,1,3,26,3
14000872,1.0,0.05,0.25,5.54603125,5.550000000000001,0.003968750000000002,1,3.96875,1.59375,0.15625,0.171875,0.03125,0.5483870967741938,0.579838709677419,0.8489880578232858,0.05496964123242122,0.8489880578232858,0.05496964123242122,-1.1,6.6499999999999995,6.0,15.0,0,3,2,0,1,18,4,4,30,2
14000873,0.0,0.05,0.5,5.397765625,5.3999999999999995,0.002234375000000001,-4,2.234375,1.109375,0.1875,0.125,0.03125,0.5258064516129035,0.5387096774193547,0.37313003247027426,0.0502278278870296,0.37313003247027426,0.0502278278870296,0.0,5.3999999999999995,0.0,20.0,1,8,1,2,3,21,2,2,22,2
14000874,1.0,0.3,0.75,1.4651718749999965,1.4999999999999964,0.034828125000000015,-13,34.828125,4.453125,0.265625,0.0625,0.0,0.5843750000000006,0.6148437499999992,0.9999999976716094,0.299902603581525,0.9999999976716094,0.299902603581525,-1.1000000000000005,2.5999999999999996,17.0,4.0,0,2,0,0,0,11,0,3,48,0
14000875,1.0,0.3,0.5,2.9740468749999964,2.9999999999999964,0.025953125000000007,-12,25.953125,4.421875,0.296875,0.109375,0.015625,0.5841269841269847,0.6095238095238089,0.9999999893223459,0.29998164749722506,0.9999999893223459,0.29998164749722506,-1.5500000000000003,4.55,16.0,10.0,0,1,0,0,0,15,1,2,44,1
14000876,0.0,0.3,0.5,-2.0765,-1.9999999999999998,0.07650000000000003,18,76.5,7.375,0.046875,0.328125,0.03125,0.5741935483870974,0.4758064516129034,6.71707991611741e-06,0.2989184148193829,6.71707991611741e-06,0.2989184148193829,-3.45,1.45,19.0,5.0,0,7,9,0,0,40,0,1,5,2
14000877,0.0,0.3,0.25,-5.761187500000001,-5.400000000000001,0.36118749999999994,32,361.1875,16.8125,0.0,0.5,0.0,0.5875000000000007,0.4648437500000001,2.935681813546991e-14,0.29999999584165,2.935681813546991e-14,0.29999999584165,-3.8000000000000007,-1.5999999999999999,23.0,9.0,0,4,11,0,0,49,0,0,0,0
14000878,0.0,0.05,0.25,-0.2886406249999999,-0.2499999999999999,0.038640625000000005,8,38.640625,5.453125,0.0625,0.1875,0.015625,0.5142857142857143,0.504761904761905,0.24428583208795907,0.050510491779197746,0.24428583208795907,0.050510491779197746,-0.7000000000000001,0.4499999999999999,2.0,14.0,1,7,3,6,0,33,0,6,7,1
14000879,1.0,0.05,0.75,-0.13510937499999967,-0.09999999999999964,0.03510937500000002,-8,35.109375,5.328125,0.140625,0.015625,0.0,0.5937500000000007,0.6265624999999994,0.9981259725745978,0.050662976767330156,0.9981259725745978,0.050662976767330156,-0.3500000000000001,0.24999999999999978,4.0,6.0,0,2,0,0,0,6,0,0,56,0
14000880,1.0,0.05,0.25,8.805562499999999,8.85,0.044437500000000026,10,44.4375,5.9375,0.046875,0.203125,0.015625,0.5428571428571433,0.4928571428571431,0.34987058054229686,0.050320379135828715,0.34987058054229686,0.050320379135828715,-0.050000000000000044,8.899999999999999,1.0,15.0,1,8,7,3,1,30,0,1,12,1
14000881,0.0,0.05,0.25,-2.28528125,-2.25,0.03528125000000002,10,35.28125,4.78125,0.03125,0.1875,0.03125,0.5322580645161291,0.5072580645161291,0.15409280326592423,0.05010731255986474,0.15409280326592423,0.05010731255986474,-0.75,-1.5000000000000007,3.0,11.0,0,9,4,4,0,29,0,4,12,2
14000882,1.0,0.3,0.75,0.7386874999999979,0.8499999999999979,0.11131249999999998,-16,111.3125,9.53125,0.3125,0.0625,0.0,0.5937500000000007,0.6242187499999994,0.9999999999695028,0.2999956532685499,0.9999999999695028,0.2999956532685499,-1.3500000000000005,2.1999999999999993,18.0,6.0,0,1,1,0,0,7,0,1,54,0
14000883,1.0,0.05,0.25,7.139906249999999,7.1499999999999995,0.010093750000000007,7,10.09375,2.65625,0.078125,0.1875,0.0,0.5375000000000004,0.53046875,0.7076970987574864,0.05027006625824463,0.7076970987574864,0.05027006625824463,-0.10000000000000009,7.25,2.0,15.0,1,9,1,2,1,26,1,2,21,0
14000884,0.0,0.3,0.25,-3.4730000000000008,-3.3000000000000007,0.17300000000000001,22,173.0,11.625,0.046875,0.390625,0.015625,0.571428571428572,0.4690476190476192,1.1223326558904318e-06,0.29983138511238705,1.1223326558904318e-06,0.29983138511238705,-4.400000000000001,1.1000000000000003,21.0,7.0,0,4,12,1,0,43,1,1,1,1
14000885,1.0,0.05,0.5,8.688671874999999,8.7,0.011328125000000007,7,11.328125,2.703125,0.125,0.234375,0.0,0.5468750000000004,0.5164062499999998,0.6159540674171853,0.06638262211768828,0.6159540674171853,0.06638262211768828,-0.3999999999999999,9.1,2.0,21.0,0,8,4,1,0,32,2,3,14,0
14000886,0.0,0.05,0.75,2.497890625,2.5,0.0021093750000000014,-1,2.109375,1.234375,0.09375,0.078125,0.015625,0.5523809523809527,0.571428571428571,0.6612014095832773,0.05000102961343862,0.6612014095832773,0.05000102961343862,-1.5000000000000002,4.000000000000001,4.0,7.0,0,8,0,2,1,14,0,2,36,1
14000887,0.0,0.05,0.75,2.089453125,2.1,0.010546875000000006,2,10.546875,3.046875,0.078125,0.109375,0.046875,0.5508196721311479,0.5590163934426227,0.16210074823070997,0.05003853653060914,0.16210074823070997,0.05003853653060914,0.0,2.1,0.0,12.0,1,3,0,2,2,25,1,2,25,3
14000888,0.0,0.05,0.5,1.6970156249999997,1.6999999999999997,0.002984375000000002,3,2.984375,1.234375,0.09375,0.140625,0.015625,0.5111111111111111,0.5619047619047617,0.5713421800941378,0.050038874513027166,0.5713421800941378,0.050038874513027166,-0.8,2.5,2.0,13.0,0,6,0,4,1,20,3,7,22,1
14000889,0.0,0.05,0.5,1.146171875,1.1500000000000001,0.003828125000000001,5,3.828125,1.421875,0.09375,0.171875,0.015625,0.5365079365079368,0.538095238095238,0.4684309630384815,0.05052558693906346,0.4684309630384815,0.05052558693906346,-0.8,1.9499999999999995,3.0,14.0,1,4,3,4,3,24,0,3,21,1
14000890,0.0,0.3,0.5,-1.8520937500000003,-1.6500000000000004,0.20209375000000007,20,202.09375,12.90625,0.0625,0.375,0.0,0.5687500000000005,0.4625000000000002,3.042172858434722e-06,0.2997960563502829,3.042172858434722e-06,0.2997960563502829,-3.5500000000000007,1.8999999999999997,19.0,9.0,0,8,9,0,0,46,1,0,0,0
14000891,0.0,0.3,0.25,-4.950781250000001,-4.650000000000001,0.30078125,28,300.78125,15.71875,0.015625,0.453125,0.0,0.5843750000000005,0.46718750000000014,6.262595298394917e-11,0.29999952688144843,6.262595298394917e-11,0.29999952688144843,-3.45,-1.2,20.0,10.0,0,4,11,0,0,48,0,1,0,0
14000892,1.0,0.05,0.75,1.0458281249999999,1.0499999999999998,0.004171875000000003,-3,4.171875,1.703125,0.109375,0.0625,0.015625,0.5682539682539687,0.5904761904761899,0.7609309210306043,0.05000271451896662,0.7609309210306043,0.05000271451896662,-0.55,1.5999999999999996,3.0,8.0,0,5,1,0,0,13,2,1,41,1
14000893,0.0,0.3,0.25,-3.662625000000001,-3.5000000000000013,0.16262500000000002,24,162.625,10.78125,0.0625,0.4375,0.0,0.5531250000000004,0.47890625000000003,1.4416042210036733e-08,0.29999446421851944,1.4416042210036733e-08,0.29999446421851944,-6.100000000000001,2.6,27.0,5.0,0,8,6,0,2,43,1,3,1,0
14000894,1.0,0.05,0.5,4.497749999999999,4.499999999999999,0.002250000000000001,3,2.25,1.125,0.109375,0.15625,0.03125,0.5225806451612905,0.5532258064516128,0.7420285127877375,0.05008151520128935,0.7420285127877375,0.05008151520128935,-1.1,5.6,5.0,12.0,0,6,2,4,3,17,2,3,25,2
14000895,0.0,0.05,0.25,-1.31478125,-1.3,0.01478125000000001,8,14.78125,3.15625,0.0625,0.1875,0.015625,0.5365079365079368,0.5214285714285716,0.26500859543048255,0.050208391504753605,0.26500859543048255,0.050208391504753605,-0.2,-1.1,1.0,15.0,0,5,7,2,4,24,3,1,17,1
14000896,0.0,0.3,0.5,0.2783125,0.35000000000000003,0.07168750000000002,15,71.6875,7.46875,0.109375,0.34375,0.015625,0.5587301587301592,0.47857142857142865,0.00014853822748333908,0.2994996935372746,0.00014853822748333908,0.2994996935372746,-3.8000000000000007,4.1499999999999995,18.0,11.0,0,7,5,2,0,46,0,2,1,1
14000897,0.0,0.05,0.25,-0.09599999999999995,-0.04999999999999993,0.046000000000000006,11,46.0,5.9375,0.078125,0.25,0.03125,0.532258064516129,0.49999999999999994,0.13246663803525757,0.11579030022481634,0.13246663803525757,0.11579030022481634,-0.5,0.4500000000000001,2.0,19.0,0,8,3,1,3,36,2,4,5,2
14000898,1.0,0.3,0.5,1.1412656249999902,1.29999999999999,0.15873437499999996,-20,158.734375,11.640625,0.390625,0.078125,0.0,0.5968750000000007,0.6312499999999993,1.0,0.2999999994972846,1.0,0.2999999994972846,-1.9000000000000008,3.1999999999999997,24.0,6.0,0,1,0,0,0,6,0,0,57,0
14000899,0.0,0.3,0.75,-1.3081250000000006,-1.1000000000000005,0.20812500000000012,21,208.125,12.5,0.09375,0.421875,0.046875,0.5770491803278692,0.47295081967213126,1.4709998437449489e-08,0.29999891935860373,1.4709998437449489e-08,0.29999891935860373,-4.750000000000001,3.6499999999999995,24.0,9.0,0,5,7,0,2,46,0,0,1,3
14000900,1.0,0.3,0.5,1.9479999999999982,1.9999999999999982,0.052000000000000025,-13,52.0,5.59375,0.3125,0.109375,0.0,0.5781250000000007,0.6007812499999994,0.9999999968315705,0.2999871195509422,0.9999999968315705,0.2999871195509422,-2.1499999999999995,4.15,18.0,9.0,0,3,2,0,0,11,1,2,45,0
14000901,0.0,0.05,0.75,0.5372187499999999,0.5499999999999998,0.01278125000000001,6,12.78125,3.1875,0.0625,0.15625,0.03125,0.5387096774193548,0.5266129032258063,0.8596030052415237,0.05001629857321051,0.8596030052415237,0.05001629857321051,-1.8000000000000003,2.3499999999999996,5.0,9.0,0,8,5,1,0,24,1,7,16,2
14000902,0.0,0.3,0.75,2.8829687499999994,2.8999999999999995,0.01703125000000001,8,17.03125,3.625,0.140625,0.265625,0.046875,0.5540983606557381,0.5245901639344261,0.0008157943773378484,0.2979436019231868,0.0008157943773378484,0.2979436019231868,-3.4000000000000004,6.299999999999999,16.0,10.0,1,4,1,2,0,37,0,4,12,3
14000903,0.0,0.05,0.75,3.4987031249999996,3.4999999999999996,0.0012968750000000007,1,1.296875,0.828125,0.15625,0.171875,0.0,0.5187500000000002,0.5609374999999999,0.8584480324399477,0.05080020683479011,0.8584480324399477,0.05080020683479011,-1.6,5.1,5.0,16.0,0,7,1,6,0,16,2,3,29,0
14000904,0.0,0.05,0.25,-0.2044687499999997,-0.1499999999999997,0.05446875000000001,10,54.46875,6.84375,0.09375,0.25,0.015625,0.5206349206349207,0.4833333333333334,0.2780618709011398,0.0708074881097114,0.2780618709011398,0.0708074881097114,-0.9500000000000001,0.8,3.0,19.0,1,10,3,1,2,39,3,3,1,1
14000905,1.0,0.3,0.75,1.2942968749999915,1.3999999999999915,0.10570312499999998,-18,105.703125,9.046875,0.359375,0.078125,0.0,0.5968750000000007,0.6265624999999994,0.9999999999999871,0.2999999807878877,0.9999999999999871,0.2999999807878877,-1.300000000000001,2.6999999999999993,20.0,8.0,0,1,1,0,0,6,0,0,56,0
14000906,1.0,0.05,0.25,3.8945312500000004,3.9000000000000004,0.005468750000000004,0,5.46875,2.0625,0.15625,0.15625,0.0625,0.5500000000000004,0.5424999999999999,0.7216022823590894,0.05163164136228877,0.7216022823590894,0.05163164136228877,-1.25,5.149999999999999,4.0,16.0,0,6,2,1,1,25,2,2,21,4
14000907,0.0,0.3,0.75,3.3213281250000004,3.4000000000000004,0.078671875,12,78.671875,8.203125,0.171875,0.359375,0.015625,0.5460317460317462,0.47142857142857164,4.4543430137835225e-08,0.2999994595520206,4.4543430137835225e-08,0.2999994595520206,-4.4,7.8,22.0,12.0,1,10,8,1,1,35,1,0,6,1
14000908,1.0,0.3,0.75,0.9500781249999972,1.0499999999999972,0.09992187499999997,-15,99.921875,8.984375,0.296875,0.0625,0.015625,0.590476190476191,0.6333333333333326,0.9999999997970652,0.2999864937735134,0.9999999997970652,0.2999864937735134,-1.1000000000000005,2.1499999999999995,16.0,7.0,0,0,0,0,0,7,1,1,54,1
14000909,0.0,0.05,0.25,-1.396046875,-1.3499999999999999,0.046046875000000015,11,46.046875,5.828125,0.0625,0.234375,0.0,0.5375000000000002,0.49296875000000007,0.15668272642803366,0.05297691384358976,0.15668272642803366,0.05297691384358976,-0.8,-0.55,3.0,16.0,0,11,2,1,3,37,1,2,7,0
14000910,0.0,0.05,0.5,3.989609375,4.0,0.010390625000000007,3,10.390625,3.015625,0.171875,0.21875,0.015625,0.5301587301587304,0.5000000000000002,0.20454090055576063,0.12935447316368182,0.20454090055576063,0.12935447316368182,-1.05,5.05,4.0,21.0,2,10,2,2,0,33,1,2,11,1
14000911,1.0,0.05,0.25,6.6974374999999995,6.699999999999999,0.0025625000000000014,4,2.5625,1.34375,0.125,0.1875,0.0,0.5343750000000003,0.5679687499999998,0.8725018138299757,0.050648863366241414,0.8725018138299757,0.050648863366241414,-1.15,7.85,5.0,15.0,2,4,1,2,2,17,1,5,30,0
14000912,0.0,0.3,0.5,-1.624390625,-1.45,0.17439062500000005,18,174.390625,12.140625,0.078125,0.359375,0.0,0.5781250000000004,0.47890625000000014,6.160055507174984e-05,0.298990392686308,6.160055507174984e-05,0.298990392686308,-3.500000000000001,2.05,17.0,11.0,0,3,9,0,0,49,1,2,0,0
14000913,1.0,0.3,0.5,1.9306406249999946,1.9999999999999947,0.06935937500000001,-14,69.359375,7.234375,0.296875,0.078125,0.0,0.5968750000000007,0.6242187499999993,0.9999999998859446,0.2999931115544515,0.9999999998859446,0.2999931115544515,-1.1500000000000006,3.15,17.0,7.0,0,1,0,0,0,9,0,0,54,0
14000914,1.0,0.05,0.75,2.626468750000002,2.650000000000002,0.02353125000000001,-6,23.53125,4.34375,0.203125,0.109375,0.015625,0.5841269841269847,0.6047619047619041,0.9949384884930139,0.13163511719972948,0.9949384884930139,0.13163511719972948,-0.20000000000000018,2.849999999999999,4.0,16.0,0,2,1,0,1,12,1,0,46,1
14000915,0.0,0.3,0.75,3.3387968749999977,3.349999999999998,0.011203125000000005,8,11.203125,2.640625,0.203125,0.328125,0.03125,0.538709677419355,0.5096774193548388,0.0006668968309852155,0.2997436089298504,0.0006668968309852155,0.2997436089298504,-4.700000000000001,8.049999999999999,18.0,16.0,1,9,3,2,0,30,1,2,14,2
14000916,0.0,0.05,0.25,-3.453687500000001,-3.400000000000001,0.05368750000000003,11,53.6875,6.3125,0.0,0.171875,0.0,0.5343750000000002,0.52109375,0.07446946135876667,0.05001576807373329,0.07446946135876667,0.05001576807373329,0.0,-3.400000000000001,0.0,11.0,0,8,4,2,3,26,1,4,16,0
14000917,1.0,0.3,0.25,7.8933593750000055,7.900000000000006,0.006640625000000003,-2,6.640625,2.203125,0.28125,0.25,0.0,0.5593750000000004,0.5632812499999997,0.9999991375086981,0.2999755413392284,0.9999991375086981,0.2999755413392284,-2.4000000000000004,10.300000000000002,15.0,19.0,0,7,0,2,1,20,0,1,33,0
14000918,1.0,0.05,0.75,1.6408593749999996,1.6499999999999995,0.009140625000000006,-5,9.140625,2.640625,0.15625,0.078125,0.0,0.5812500000000006,0.6101562499999994,0.9803947641693908,0.05067415114155754,0.9803947641693908,0.05067415114155754,-0.30000000000000004,1.9499999999999993,3.0,12.0,0,3,1,0,0,9,1,1,49,0
14000919,0.0,0.3,0.25,-5.277578125000001,-5.050000000000001,0.22757812500000002,29,227.578125,12.890625,0.0,0.453125,0.0,0.5812500000000006,0.4671875000000002,1.2882050276539759e-12,0.29999989983117703,1.2882050276539759e-12,0.29999989983117703,-3.85,-1.2,23.0,6.0,0,5,11,0,0,46,0,1,1,0
14000920,1.0,0.05,0.75,1.1291562499999985,1.1499999999999986,0.020843750000000015,-8,20.84375,3.625,0.1875,0.0625,0.015625,0.5968253968253975,0.6047619047619041,0.9983137310601635,0.08096360315392237,0.9983137310601635,0.08096360315392237,-0.40000000000000013,1.5499999999999996,5.0,11.0,0,1,1,0,0,15,0,0,46,1
14000921,1.0,0.3,0.25,5.686265625000006,5.700000000000006,0.013734375000000009,-3,13.734375,3.484375,0.21875,0.171875,0.0,0.5625000000000006,0.6031249999999996,0.9998200784721416,0.2896743201422084,0.9998200784721416,0.2896743201422084,-1.0500000000000003,6.749999999999999,11.0,14.0,0,3,1,1,1,10,3,0,45,0
14000922,1.0,0.3,0.25,5.454921875000001,5.550000000000001,0.09507812500000007,-11,95.078125,9.203125,0.359375,0.1875,0.0,0.5843750000000005,0.6171874999999993,0.999999999999986,0.2999999986142221,0.999999999999986,0.2999999986142221,-2.0500000000000007,7.6,21.0,14.0,0,2,0,1,0,9,0,1,51,0
14000923,0.0,0.3,0.25,-2.7270781250000002,-2.5500000000000003,0.1770781250000001,22,177.078125,12.234375,0.0625,0.40625,0.0,0.5718750000000004,0.4695312500000002,1.8201154539408477e-07,0.2999671691419678,1.8201154539408477e-07,0.2999671691419678,-3.3500000000000005,0.8000000000000005,17.0,13.0,0,8,7,0,0,47,0,1,1,0
14000924,1.0,0.3,0.25,2.8312343750000033,2.850000000000003,0.018765625000000005,-7,18.765625,3.796875,0.203125,0.09375,0.03125,0.5903225806451619,0.6064516129032252,0.9999345458560055,0.2732367293328042,0.9999345458560055,0.2732367293328042,-0.8000000000000003,3.6499999999999995,11.0,8.0,0,2,0,0,0,14,0,1,45,2
14000925,0.0,0.05,0.75,1.7474375000000002,1.7500000000000002,0.002562500000000002,2,2.5625,1.21875,0.109375,0.140625,0.0625,0.5166666666666668,0.5699999999999997,0.2584162482820656,0.050297616791714385,0.2584162482820656,0.050297616791714385,-1.05,2.8000000000000003,4.0,12.0,1,2,2,3,1,18,4,6,23,4
14000926,0.0,0.3,0.25,-3.743546875,-3.5999999999999996,0.14354687500000002,23,143.546875,10.234375,0.015625,0.375,0.015625,0.571428571428572,0.49285714285714305,2.139230566257568e-09,0.29998533314889253,2.139230566257568e-09,0.29998533314889253,-3.4000000000000004,-0.19999999999999996,20.0,5.0,0,3,7,0,2,44,1,2,4,1
14000927,0.0,0.3,0.75,2.479203125,2.5,0.020796875000000006,7,20.796875,3.984375,0.140625,0.25,0.0625,0.5433333333333336,0.4725000000000002,0.0016851662733222779,0.29206242477587063,0.0016851662733222779,0.29206242477587063,-3.4,5.8999999999999995,16.0,9.0,0,11,9,1,1,29,0,3,6,4
14000928,0.0,0.3,0.75,-1.503968750000002,-1.350000000000002,0.15396875000000002,17,153.96875,11.125,0.0625,0.328125,0.0,0.5812500000000005,0.48359375000000016,7.759462263914208e-05,0.297098242818894,7.759462263914208e-05,0.297098242818894,-3.750000000000001,2.4000000000000004,19.0,6.0,0,3,8,0,2,47,0,1,3,0
14000929,0.0,0.3,0.75,1.6333593750000004,1.6500000000000004,0.016640625000000013,8,16.640625,3.640625,0.140625,0.265625,0.0625,0.5500000000000002,0.4975000000000001,0.0033115211795803007,0.29106723570406734,0.0033115211795803007,0.29106723570406734,-3.7,5.35,15.0,11.0,0,7,8,2,1,28,0,3,11,4
14000930,1.0,0.3,0.5,2.5497499999999977,2.599999999999998,0.05025000000000001,-13,50.25,6.0625,0.3125,0.109375,0.0,0.5937500000000007,0.6265624999999992,0.9999999994439389,0.29999448118377015,0.9999999994439389,0.29999448118377015,-1.8000000000000003,4.3999999999999995,17.0,10.0,0,1,0,0,0,8,0,1,54,0
14000931,1.0,0.3,0.75,0.6869531249999954,0.7999999999999954,0.11304687499999998,-15,113.046875,9.828125,0.296875,0.0625,0.0,0.5968750000000007,0.6289062499999993,0.9999999988074371,0.299959343186347,0.9999999988074371,0.299959343186347,-0.9500000000000006,1.7499999999999998,14.0,9.0,0,0,0,0,1,8,0,0,55,0
14000932,0.0,0.05,0.5,0.3323124999999996,0.34999999999999964,0.01768750000000001,6,17.6875,3.6875,0.09375,0.1875,0.046875,0.5278688524590166,0.5295081967213114,0.36786656110402033,0.05115577659415214,0.36786656110402033,0.05115577659415214,-0.55,0.8999999999999996,2.0,16.0,0,3,3,7,2,28,0,3,15,3
14000933,1.0,0.05,0.5,5.895390625,5.9,0.0046093750000000015,1,4.609375,1.609375,0.171875,0.1875,0.0,0.5562500000000006,0.5632812499999996,0.9279116066288928,0.060630630210266226,0.9279116066288928,0.060630630210266226,-0.75,6.649999999999999,4.0,19.0,1,5,3,2,0,17,1,1,34,0
14000934,1.0,0.05,0.75,3.2877812500000023,3.3000000000000025,0.012218750000000004,-5,12.21875,2.53125,0.203125,0.125,0.0,0.5843750000000005,0.5984374999999995,0.9844862846807876,0.11083267983661532,0.9844862846807876,0.11083267983661532,-1.05,4.35,7.0,14.0,0,5,1,0,0,10,0,0,48,0
14000935,0.0,0.3,0.75,0.1374375000000002,0.20000000000000023,0.06256250000000002,14,62.5625,6.78125,0.09375,0.3125,0.03125,0.5483870967741936,0.4854838709677422,6.043065392354316e-05,0.29919123531316033,6.043065392354316e-05,0.29919123531316033,-3.5000000000000004,3.7,18.0,8.0,1,10,5,1,0,35,0,2,8,2
14000936,1.0,0.3,0.25,4.992609374999997,5.049999999999997,0.057390625000000015,-11,57.390625,6.734375,0.328125,0.15625,0.0,0.5968750000000007,0.6171874999999993,0.999999999997556,0.2999999508048253,0.999999999997556,0.2999999508048253,-1.5500000000000005,6.6,19.0,12.0,0,1,0,0,0,12,0,0,51,0
14000937,0.0,0.3,0.5,-2.64065625,-2.45,0.19065625000000008,22,190.65625,12.375,0.046875,0.390625,0.0,0.5687500000000004,0.46484375000000017,1.2276689488373866e-07,0.29995573483479965,1.2276689488373866e-07,0.29995573483479965,-3.3500000000000005,0.8999999999999999,19.0,9.0,0,7,10,1,1,43,0,0,2,0
14000938,0.0,0.05,0.5,-1.058671875,-1.0499999999999998,0.008671875000000002,6,8.671875,2.171875,0.03125,0.125,0.03125,0.5290322580645165,0.5362903225806451,0.1338080613591119,0.050021415644318244,0.1338080613591119,0.050021415644318244,-0.4,-0.6500000000000001,2.0,8.0,1,7,3,3,1,21,2,2,22,2
14000939,1.0,0.3,0.25,3.9526093749999966,3.9999999999999964,0.04739062500000001,-13,47.390625,5.203125,0.359375,0.15625,0.015625,0.5777777777777783,0.597619047619047,0.9999999999989331,0.29999998947166223,0.9999999999989331,0.29999998947166223,-2.1999999999999993,6.200000000000001,18.0,15.0,0,3,0,0,0,16,0,4,40,1
14000940,0.0,0.05,0.5,-1.7852187500000003,-1.7500000000000002,0.035218750000000014,10,35.21875,5.28125,0.078125,0.234375,0.046875,0.5081967213114755,0.5147540983606557,0.0872008710716392,0.06528222698179298,0.0872008710716392,0.06528222698179298,-1.1,-0.6500000000000005,5.0,15.0,2,3,5,6,1,28,4,0,12,3
14000941,1.0,0.05,0.25,8.593140624999998,8.599999999999998,0.006859375000000004,5,6.859375,2.109375,0.140625,0.21875,0.015625,0.5396825396825399,0.5333333333333332,0.9531733910461181,0.05480221595613624,0.9531733910461181,0.05480221595613624,-0.3500000000000001,8.950000000000001,4.0,19.0,1,5,5,1,3,23,3,1,21,1
14000942,0.0,0.05,0.5,3.947640625,3.95,0.0023593750000000012,0,2.359375,1.140625,0.15625,0.15625,0.078125,0.5423728813559325,0.5381355932203389,0.5028359770530549,0.051409111574516234,0.5028359770530549,0.051409111574516234,-0.35000000000000003,4.300000000000001,1.0,19.0,1,4,3,2,1,25,2,2,19,5
14000943,1.0,0.3,0.25,4.483874999999997,4.4999999999999964,0.016125000000000004,-9,16.125,3.0625,0.296875,0.15625,0.03125,0.587096774193549,0.6040322580645154,0.9999999998593829,0.29999909353538484,0.9999999998593829,0.29999909353538484,-1.6000000000000003,6.1,17.0,12.0,0,0,1,0,1,16,1,1,42,2
14000944,1.0,0.3,0.25,6.225546875,6.25,0.024453125000000003,-6,24.453125,4.765625,0.3125,0.21875,0.015625,0.5746031746031752,0.6071428571428565,0.9999999957710548,0.29999818291233127,0.9999999957710548,0.29999818291233127,-2.55,8.800000000000002,17.0,17.0,0,2,2,1,0,9,2,0,47,1
14000945,1.0,0.3,0.25,5.400656249999992,5.449999999999992,0.04934375000000001,-12,49.34375,5.25,0.375,0.1875,0.0,0.5750000000000007,0.6054687499999992,0.9999999999999956,0.29999999962688845,0.9999999999999956,0.29999999962688845,-2.4999999999999982,7.950000000000001,24.0,12.0,0,2,1,1,1,11,1,1,46,0
14000946,0.0,0.05,0.5,1.44275,1.45,0.007250000000000004,5,7.25,2.21875,0.09375,0.171875,0.015625,0.5365079365079368,0.5404761904761904,0.12194049992195526,0.052127117543724254,0.12194049992195526,0.052127117543724254,-0.8500000000000001,2.3,5.0,12.0,0,5,5,4,1,21,2,2,23,1
14000947,0.0,0.3,0.25,-4.910250000000001,-4.550000000000002,0.3602499999999999,31,360.25,17.0625,0.03125,0.515625,0.0,0.5968750000000007,0.4765625000000001,1.5348733084781336e-12,0.2999999895157379,1.5348733084781336e-12,0.2999999895157379,-3.750000000000001,-0.7999999999999998,21.0,14.0,0,1,9,0,0,54,0,0,0,0
14000948,0.0,0.3,0.5,-0.6949531249999998,-0.5999999999999999,0.094953125,17,94.953125,8.890625,0.09375,0.359375,0.0,0.5437500000000003,0.46484375000000017,6.569409855052803e-06,0.2998333942652757,6.569409855052803e-06,0.2998333942652757,-3.4000000000000004,2.8000000000000003,17.0,12.0,0,11,7,2,1,40,1,0,2,0
14000949,0.0,0.05,0.25,-0.6694687500000004,-0.6500000000000004,0.01946875000000001,8,19.46875,3.875,0.0625,0.1875,0.03125,0.5516129032258068,0.5048387096774194,0.20891296198973577,0.05046103817249564,0.20891296198973577,0.05046103817249564,-0.55,-0.10000000000000026,3.0,13.0,0,8,8,2,1,25,0,2,16,2
14000950,0.0,0.05,0.25,-2.6282500000000004,-2.6000000000000005,0.02825000000000001,12,28.25,4.03125,0.015625,0.203125,0.015625,0.5619047619047624,0.511904761904762,0.06326201608389534,0.050406304809142675,0.06326201608389534,0.050406304809142675,-0.75,-1.8499999999999999,3.0,11.0,0,6,5,2,0,34,1,0,15,1
14000951,0.0,0.05,0.25,-1.9682656250000001,-1.9000000000000001,0.06826562500000004,12,68.265625,7.453125,0.03125,0.21875,0.0,0.5593750000000006,0.5046875,0.05856860540299798,0.05150658461060077,0.05856860540299798,0.05150658461060077,-0.9500000000000002,-0.95,4.0,12.0,2,4,5,1,0,39,1,1,11,0
14000952,0.0,0.3,0.5,-0.09946875000000005,-1.1102230246251565e-16,0.09946874999999994,13,99.46875,9.4375,0.109375,0.3125,0.015625,0.5555555555555561,0.488095238095238,0.0008117408350922055,0.29610497876123537,0.0008117408350922055,0.29610497876123537,-4.350000000000001,4.35,18.0,9.0,0,7,5,2,1,41,1,0,6,1
14000953,0.0,0.05,0.25,-1.01778125,-1.0,0.01778125000000001,7,17.78125,3.65625,0.03125,0.140625,0.03125,0.5322580645161292,0.5048387096774194,0.09055771067371977,0.05004298886063637,0.09055771067371977,0.05004298886063637,-0.4,-0.6000000000000001,2.0,9.0,0,9,5,3,0,29,1,4,11,2
14000954,1.0,0.3,0.25,3.0881562499999893,3.2499999999999893,0.16184374999999995,-16,161.84375,11.75,0.375,0.125,0.0,0.5968750000000007,0.6312499999999993,0.9999999999999981,0.29999999879921724,0.9999999999999981,0.29999999879921724,-1.9500000000000006,5.199999999999999,24.0,8.0,0,0,0,0,0,8,0,1,55,0
14000955,0.0,0.05,0.75,4.1973125,4.2,0.0026875000000000015,-2,2.6875,1.46875,0.125,0.09375,0.015625,0.5428571428571431,0.5785714285714282,0.5385908229004318,0.050009096320454846,0.5385908229004318,0.050009096320454846,-0.9000000000000001,5.1,3.0,11.0,0,5,1,3,2,13,0,5,34,1
14000956,0.0,0.05,0.75,3.44934375,3.45,0.0006562500000000004,-1,0.65625,0.59375,0.109375,0.09375,0.03125,0.5612903225806457,0.5701612903225803,0.33376903292245125,0.05000591906298231,0.33376903292245125,0.05000591906298231,-1.1500000000000001,4.6,4.0,9.0,0,2,2,4,1,20,0,1,32,2
14000957,1.0,0.05,0.5,5.09653125,5.1,0.0034687500000000026,3,3.46875,1.59375,0.125,0.171875,0.0,0.5218750000000002,0.5773437499999995,0.7143520928445526,0.05022587110641878,0.7143520928445526,0.05022587110641878,-0.9,6.0,3.0,16.0,0,3,2,4,3,14,1,9,28,0
14000958,1.0,0.3,0.25,5.217749999999997,5.299999999999997,0.08225000000000002,-11,82.25,8.1875,0.359375,0.1875,0.0,0.5906250000000006,0.6242187499999993,0.999999999999956,0.2999999974341607,0.999999999999956,0.2999999974341607,-2.2,7.500000000000001,22.0,13.0,0,1,0,0,0,9,0,2,52,0
14000959,1.0,0.05,0.25,6.941890624999999,6.949999999999999,0.008109375000000005,4,8.109375,2.671875,0.140625,0.203125,0.0,0.5218750000000002,0.5187499999999998,0.9480366331263425,0.05109022975717324,0.9480366331263425,0.05109022975717324,-0.15000000000000013,7.099999999999999,3.0,19.0,0,10,3,4,1,25,2,2,17,0
14000960,0.0,0.05,0.5,0.6338593750000001,0.6500000000000001,0.01614062500000001,7,16.140625,3.328125,0.09375,0.203125,0.015625,0.5206349206349207,0.5047619047619049,0.2870631090233302,0.05359362511378603,0.2870631090233302,0.05359362511378603,-1.5000000000000002,2.1500000000000004,6.0,13.0,1,7,3,6,4,29,0,0,13,1
14000961,1.0,0.3,0.25,7.732625000000001,7.750000000000002,0.01737500000000001,-4,17.375,3.53125,0.28125,0.21875,0.015625,0.587301587301588,0.6023809523809519,0.9999999998993155,0.2999990312465643,0.9999999998993155,0.2999990312465643,-1.4500000000000004,9.200000000000001,17.0,15.0,0,2,0,0,0,16,1,0,44,1
14000962,1.0,0.05,0.75,-0.38006249999999875,-0.34999999999999876,0.030062499999999995,-7,30.0625,5.0,0.125,0.015625,0.015625,0.5968253968253975,0.6261904761904754,0.9858534431530604,0.05005230505438018,0.9858534431530604,0.05005230505438018,-0.30000000000000004,-0.050000000000000044,3.0,6.0,0,1,0,0,0,8,0,0,54,1
14000963,0.0,0.3,0.5,-1.8004218749999998,-1.6499999999999997,0.15042187500000007,21,150.421875,10.078125,0.078125,0.40625,0.015625,0.5904761904761912,0.49047619047619057,1.808527222889453e-07,0.2999899357946792,1.808527222889453e-07,0.2999899357946792,-4.750000000000002,3.0999999999999996,24.0,7.0,0,2,5,0,1,52,0,0,3,1
14000964,0.0,0.3,0.5,-0.5570312499999994,-0.44999999999999946,0.10703124999999997,16,107.03125,9.09375,0.09375,0.34375,0.015625,0.5460317460317463,0.46904761904761916,2.9901324714783586e-05,0.29950371843906926,2.9901324714783586e-05,0.29950371843906926,-3.6999999999999997,3.25,18.0,10.0,0,12,7,1,2,35,0,1,5,1
14000965,0.0,0.05,0.25,-0.5091093749999996,-0.4499999999999996,0.05910937500000002,12,59.109375,6.796875,0.078125,0.265625,0.03125,0.5354838709677421,0.4854838709677421,0.03395779658628448,0.19142852452235284,0.03395779658628448,0.19142852452235284,-0.4,-0.04999999999999971,2.0,20.0,1,12,1,2,2,36,0,0,8,2
14000966,1.0,0.3,0.25,6.1292500000000025,6.150000000000002,0.020750000000000005,-6,20.75,4.375,0.28125,0.1875,0.0,0.5781250000000007,0.5937499999999996,0.9999999978730698,0.2999941888271023,0.9999999978730698,0.2999941888271023,-2.0000000000000004,8.15,18.0,12.0,0,4,0,1,1,14,0,0,44,0
14000967,1.0,0.05,0.25,7.622343750000001,7.65,0.027656250000000014,10,27.65625,4.09375,0.015625,0.171875,0.03125,0.5258064516129033,0.4975806451612905,0.10082533202883473,0.05005957049723646,0.10082533202883473,0.05005957049723646,-0.19999999999999996,7.849999999999999,1.0,11.0,0,10,4,2,4,29,1,3,9,2
14000968,0.0,0.3,0.5,-1.3486406249999998,-1.2499999999999998,0.098640625,17,98.640625,9.015625,0.0625,0.328125,0.0,0.5468750000000002,0.46250000000000024,3.1065792230588594e-05,0.29780259737921544,3.1065792230588594e-05,0.29780259737921544,-2.4499999999999997,1.2000000000000004,15.0,10.0,1,10,7,1,1,42,0,2,0,0
14000969,1.0,0.3,0.25,4.8344843750000015,4.850000000000001,0.01551562500000001,-6,15.515625,3.296875,0.25,0.15625,0.015625,0.5809523809523817,0.5999999999999994,0.999998853345234,0.29962374606852116,0.999998853345234,0.29962374606852116,-1.1500000000000004,6.0,13.0,13.0,0,2,1,0,2,13,0,2,43,1
14000970,1.0,0.3,0.75,1.1285937499999956,1.1999999999999957,0.07140625000000002,-16,71.40625,7.09375,0.3125,0.0625,0.015625,0.590476190476191,0.6142857142857137,0.99999999994242,0.2999965407578469,0.99999999994242,0.2999965407578469,-1.2500000000000004,2.45,17.0,7.0,0,1,0,0,1,12,0,1,48,1
14000971,1.0,0.3,0.25,2.495312499999997,2.549999999999997,0.054687500000000014,-15,54.6875,5.84375,0.328125,0.09375,0.0,0.5968750000000007,0.6242187499999993,0.9999999999993638,0.29999985315743677,0.9999999999993638,0.29999985315743677,-1.2500000000000007,3.8,19.0,8.0,0,1,0,0,0,9,0,0,54,0
14000972,1.0,0.05,0.5,6.092515625,6.1,0.007484375000000005,5,7.484375,2.390625,0.109375,0.1875,0.03125,0.5354838709677423,0.5508064516129031,0.578788793406716,0.05058753897092459,0.578788793406716,0.05058753897092459,-0.1499999999999999,6.249999999999998,1.0,18.0,0,2,3,5,1,25,2,3,21,2
14000973,0.0,0.3,0.5,-0.5426406250000004,-0.40000000000000036,0.14264062500000005,19,142.640625,9.609375,0.09375,0.390625,0.0,0.5750000000000005,0.4789062500000001,2.9188426498677893e-07,0.2999879163417183,2.9188426498677893e-07,0.2999879163417183,-3.4000000000000004,3.0,19.0,12.0,0,6,6,1,0,48,0,0,3,0
14000974,0.0,0.05,0.25,-1.9281406249999997,-1.8999999999999997,0.028140625000000006,11,28.140625,4.046875,0.046875,0.21875,0.015625,0.5396825396825399,0.4904761904761908,0.06137356640233046,0.05196399158236083,0.06137356640233046,0.05196399158236083,-0.75,-1.15,4.0,13.0,1,12,7,1,0,26,1,1,14,1
14000975,1.0,0.05,0.75,1.038015624999999,1.049999999999999,0.011984375000000009,-6,11.984375,3.265625,0.15625,0.0625,0.03125,0.5870967741935488,0.608870967741935,0.9835331273035439,0.05103886495088416,0.9835331273035439,0.05103886495088416,-0.25,1.2999999999999998,3.0,11.0,0,2,2,0,0,9,0,2,47,2
14000976,1.0,0.3,0.75,1.9581249999999981,1.9999999999999982,0.04187500000000002,-11,41.875,5.40625,0.25,0.078125,0.0,0.5968750000000007,0.6218749999999993,0.9999991917304689,0.29802337392266726,0.9999991917304689,0.29802337392266726,-1.3000000000000003,3.2999999999999994,14.0,7.0,0,0,0,0,0,12,0,1,51,0
14000977,1.0,0.3,0.5,4.698921875,4.75,0.05107812500000001,-10,51.078125,6.203125,0.3125,0.15625,0.015625,0.590476190476191,0.6214285714285708,0.9999999999944852,0.29999985030536513,0.9999999999944852,0.29999985030536513,-1.5500000000000007,6.299999999999999,18.0,12.0,0,0,1,1,0,9,0,1,51,1
14000978,0.0,0.05,0.5,1.248515625,1.25,0.0014843750000000009,0,1.484375,0.984375,0.0625,0.0625,0.0625,0.5700000000000004,0.5874999999999997,0.3285275188456639,0.05000032375667813,0.3285275188456639,0.05000032375667813,-0.45,1.7,1.0,7.0,0,4,1,2,0,13,0,1,39,4
14000979,0.0,0.3,0.75,2.306953125,2.35,0.04304687500000001,10,43.046875,5.390625,0.140625,0.296875,0.015625,0.5555555555555559,0.4976190476190476,0.0076965468006242295,0.2942136443867891,0.0076965468006242295,0.2942136443867891,-3.6,5.949999999999998,15.0,13.0,0,6,6,2,2,36,0,2,9,1
14000980,1.0,0.3,0.25,4.354609374999999,4.399999999999999,0.04539062500000001,-12,45.390625,5.953125,0.375,0.1875,0.046875,0.5836065573770498,0.5959016393442618,0.9999999999999079,0.2999999986599929,0.9999999999999079,0.2999999986599929,-3.1999999999999984,7.6,21.0,15.0,0,3,1,0,0,14,1,0,42,3
14000981,1.0,0.3,0.5,1.2129687499999908,1.3499999999999908,0.13703125000000002,-21,137.03125,9.03125,0.40625,0.078125,0.0,0.5968750000000007,0.6195312499999993,1.0000000000000002,0.2999999999147519,1.0000000000000002,0.2999999999147519,-1.6500000000000008,2.9999999999999996,24.0,7.0,0,1,0,0,0,11,0,0,52,0
14000982,0.0,0.3,0.75,-0.11668749999999999,0.0,0.11668749999999999,18,116.6875,9.125,0.09375,0.375,0.0,0.5687500000000004,0.4765625000000003,1.499045401723571e-08,0.29999606252402067,1.499045401723571e-08,0.29999606252402067,-3.55,3.55,21.0,9.0,0,6,9,0,2,42,1,0,4,0
14000983,0.0,0.05,0.75,3.938234375000001,3.950000000000001,0.011765625000000007,2,11.765625,3.140625,0.15625,0.1875,0.015625,0.5333333333333334,0.538095238095238,0.32158791422046124,0.05849692557920193,0.32158791422046124,0.05849692557920193,-1.8000000000000003,5.749999999999999,6.0,16.0,1,4,1,2,2,31,2,5,15,1
14000984,1.0,0.3,0.5,4.4724218749999975,4.549999999999997,0.07757812500000003,-13,77.578125,7.640625,0.359375,0.15625,0.0,0.5937500000000007,0.6218749999999993,0.9999999999999742,0.29999999739535665,0.9999999999999742,0.29999999739535665,-1.9000000000000006,6.450000000000001,21.0,12.0,0,2,0,0,0,8,0,0,54,0
14000985,0.0,0.3,0.5,-0.6096718749999998,-0.4999999999999998,0.10967187500000002,20,109.671875,9.171875,0.109375,0.421875,0.03125,0.5741935483870972,0.47338709677419366,1.263107717407507e-10,0.2999999429949224,1.263107717407507e-10,0.2999999429949224,-4.05,3.5500000000000003,23.0,11.0,0,6,11,0,1,38,0,1,5,2
14000986,1.0,0.05,0.5,4.74690625,4.75,0.003093750000000002,3,3.09375,1.375,0.109375,0.15625,0.046875,0.5311475409836066,0.563934426229508,0.7958508218859977,0.05010822567316347,0.7958508218859977,0.05010822567316347,-0.19999999999999996,4.949999999999999,2.0,15.0,1,4,1,2,3,18,2,4,26,3
14000987,0.0,0.3,0.75,1.1107500000000001,1.1500000000000001,0.03925000000000001,11,39.25,4.59375,0.125,0.296875,0.015625,0.5587301587301592,0.4880952380952383,0.0034958663945263177,0.2948551741794836,0.0034958663945263177,0.2948551741794836,-3.750000000000001,4.899999999999998,15.0,12.0,0,9,10,0,0,30,0,4,10,1
14000988,0.0,0.3,0.75,-2.7959375000000004,-2.6000000000000005,0.19593750000000004,23,195.9375,12.15625,0.046875,0.40625,0.0,0.5750000000000005,0.4695312500000002,7.533139987985058e-09,0.2999929432747092,7.533139987985058e-09,0.2999929432747092,-3.8000000000000003,1.2000000000000002,22.0,7.0,0,7,7,0,0,49,0,1,0,0
14000989,0.0,0.05,0.25,-1.4979218750000003,-1.4500000000000002,0.04792187500000002,15,47.921875,5.140625,0.0625,0.296875,0.046875,0.554098360655738,0.4803278688524593,0.002189627177371963,0.2735484635779301,0.002189627177371963,0.2735484635779301,-0.3,-1.1500000000000001,3.0,20.0,0,8,8,2,0,35,1,0,7,3
14000990,1.0,0.3,0.75,0.02318749999998576,0.2499999999999858,0.22681250000000003,-26,226.8125,12.96875,0.46875,0.0625,0.0,0.5906250000000007,0.6335937499999993,1.0,0.29999999999953236,1.0,0.29999999999953236,-2.25,2.5,28.0,6.0,0,0,1,0,0,5,1,1,56,0
14000991,0.0,0.3,0.5,-0.7930625,-0.75,0.04306250000000002,12,43.0625,5.84375,0.0625,0.25,0.0,0.5562500000000005,0.5023437500000001,0.021453562120008353,0.14483053520573355,0.021453562120008353,0.14483053520573355,-3.3,2.55,15.0,5.0,1,3,8,3,0,36,0,3,10,0
14000992,0.0,0.05,0.75,2.699124999999999,2.6999999999999993,0.0008750000000000006,-2,0.875,0.75,0.125,0.09375,0.03125,0.5225806451612905,0.5677419354838706,0.3054419072113492,0.050002417420648905,0.3054419072113492,0.050002417420648905,-0.4,3.0999999999999996,1.0,13.0,1,7,1,4,1,11,1,4,32,2
14000993,1.0,0.3,0.5,5.192750000000001,5.200000000000001,0.007250000000000005,-5,7.25,2.3125,0.265625,0.1875,0.0,0.5562500000000006,0.5843749999999995,0.9999971769086781,0.2996245015713783,0.9999971769086781,0.2996245015713783,-2.3000000000000003,7.5,15.0,14.0,0,3,2,1,2,15,2,3,36,0
14000994,0.0,0.3,0.5,1.0410781250000005,1.1000000000000005,0.05892187500000002,10,58.921875,7.046875,0.125,0.28125,0.015625,0.53968253968254,0.47142857142857164,0.004858763189893948,0.28782137387960366,0.004858763189893948,0.28782137387960366,-2.95,4.05,14.0,12.0,1,9,8,2,2,35,1,0,5,1
14000995,0.0,0.05,0.25,0.9296718749999998,0.9499999999999998,0.020328125000000013,9,20.328125,3.921875,0.078125,0.21875,0.03125,0.538709677419355,0.5120967741935485,0.0967931819743798,0.13348459101528143,0.0967931819743798,0.13348459101528143,-0.45,1.4,3.0,16.0,1,3,8,3,2,28,2,2,13,2
14000996,0.0,0.05,0.25,-0.16574999999999987,-0.09999999999999987,0.06575,13,65.75,7.25,0.078125,0.28125,0.03125,0.5548387096774197,0.48064516129032264,0.003806186568948412,0.27509963774527346,0.003806186568948412,0.27509963774527346,-1.1,1.0,7.0,16.0,0,6,8,2,2,38,0,2,4,2
14000997,0.0,0.3,0.5,-1.8627343749999992,-1.699999999999999,0.162734375,22,162.734375,10.984375,0.078125,0.421875,0.0,0.5562500000000005,0.4695312500000002,3.943289306892575e-08,0.299995771172444,3.943289306892575e-08,0.299995771172444,-4.050000000000001,2.3499999999999996,21.0,11.0,1,8,4,2,0,49,0,0,0,0
14000998,1.0,0.3,0.5,0.32087499999999963,0.34999999999999964,0.02912500000000002,-10,29.125,4.40625,0.203125,0.046875,0.0,0.5906250000000006,0.6218749999999994,0.999315565248759,0.10311061327483714,0.999315565248759,0.10311061327483714,-0.9500000000000002,1.2999999999999998,11.0,5.0,0,1,0,0,0,10,0,2,51,0
14000999,1.0,0.3,0.5,3.4679531249999984,3.4999999999999982,0.032046875000000016,-9,32.046875,4.421875,0.25,0.109375,0.03125,0.5870967741935489,0.6016129032258059,0.9999998479336376,0.29978098109153895,0.9999998479336376,0.29978098109153895,-1.4500000000000004,4.950000000000001,15.0,8.0,0,1,1,1,0,15,0,1,43,2
14001000,1.0,0.05,0.25,3.24734375,3.25,0.002656250000000002,-1,2.65625,1.25,0.15625,0.140625,0.015625,0.5523809523809527,0.5785714285714282,0.6920957131962919,0.05025963334740708,0.6920957131962919,0.05025963334740708,-1.5499999999999998,4.799999999999999,6.0,13.0,0,4,1,3,2,15,1,1,36,1
14001001,1.0,0.05,0.25,5.898578124999999,5.8999999999999995,0.0014218750000000008,1,1.421875,0.890625,0.171875,0.1875,0.015625,0.5333333333333334,0.5428571428571428,0.8899157401504637,0.06358535137010242,0.8899157401504637,0.06358535137010242,-0.95,6.85,6.0,17.0,0,8,3,2,1,20,3,2,24,1
14001002,0.0,0.3,0.75,6.920265624999999,6.949999999999999,0.02973437499999999,1,29.734375,4.796875,0.25,0.265625,0.0,0.5281250000000002,0.49999999999999994,0.009773442213563273,0.29774568007251545,0.009773442213563273,0.29774568007251545,-3.5500000000000003,10.499999999999998,15.0,18.0,0,8,4,4,1,35,2,2,8,0
14001003,1.0,0.3,0.5,2.1948437499999907,2.3499999999999908,0.15515625000000002,-19,155.15625,11.46875,0.40625,0.109375,0.0,0.6000000000000008,0.6289062499999993,1.0,0.2999999998543168,1.0,0.2999999998543168,-1.5500000000000007,3.8999999999999995,22.0,11.0,0,0,0,0,0,9,0,0,55,0
14001004,0.0,0.3,0.25,-3.559703125000001,-3.350000000000001,0.20970312500000007,23,209.703125,12.671875,0.03125,0.390625,0.015625,0.5746031746031751,0.46666666666666684,2.691059741625775e-08,0.2999693541094851,2.691059741625775e-08,0.2999693541094851,-3.4500000000000006,0.09999999999999987,18.0,9.0,0,4,11,1,1,45,0,1,0,1
14001005,1.0,0.3,0.25,4.696218749999993,4.749999999999993,0.05378125000000001,-12,53.78125,6.15625,0.34375,0.15625,0.0,0.5843750000000006,0.6218749999999993,0.9999999999999932,0.2999999973700311,0.9999999999999932,0.2999999973700311,-1.7500000000000007,6.5,22.0,10.0,0,2,0,0,0,8,0,3,51,0
14001006,0.0,0.05,0.25,-0.5868281249999999,-0.5499999999999999,0.03682812500000001,9,36.828125,5.484375,0.046875,0.1875,0.015625,0.5492063492063496,0.4880952380952382,0.16080142516774076,0.05072240490234045,0.16080142516774076,0.05072240490234045,-0.7,0.1499999999999999,5.0,10.0,0,10,8,0,1,31,2,1,10,1
14001007,0.0,0.05,0.5,0.34779687499999995,0.35,0.0022031250000000015,2,2.203125,1.265625,0.078125,0.109375,0.03125,0.5258064516129035,0.5677419354838706,0.2076230176000575,0.05000644009059979,0.2076230176000575,0.05000644009059979,-0.9000000000000001,1.25,2.0,10.0,0,5,1,4,1,17,4,1,29,2
14001008,1.0,0.3,0.5,6.0242031250000005,6.050000000000001,0.02579687500000001,-6,25.796875,4.765625,0.265625,0.171875,0.015625,0.5968253968253975,0.6166666666666661,0.9999999989667152,0.2999926594314335,0.9999999989667152,0.2999926594314335,-1.2500000000000004,7.299999999999999,16.0,12.0,0,0,0,0,1,13,0,0,49,1
14001009,1.0,0.05,0.5,6.444890625000001,6.450000000000001,0.005109375000000003,4,5.109375,1.640625,0.109375,0.171875,0.03125,0.5580645161290326,0.5387096774193548,0.5299191783599206,0.051907929926503456,0.5299191783599206,0.051907929926503456,-0.55,7.0,3.0,15.0,1,7,2,1,0,25,0,2,24,2
14001010,0.0,0.05,0.75,4.8380625,4.8500000000000005,0.011937500000000009,-2,11.9375,3.28125,0.125,0.09375,0.015625,0.5555555555555562,0.609523809523809,0.9280004498024215,0.0501170687160133,0.9280004498024215,0.0501170687160133,-0.75,5.6000000000000005,2.0,12.0,0,1,0,4,0,11,1,3,43,1
14001011,0.0,0.3,0.25,-2.2404531250000006,-2.150000000000001,0.09045312500000001,15,90.453125,7.953125,0.046875,0.28125,0.046875,0.5836065573770497,0.48524590163934445,0.020716784469774617,0.15542191812422146,0.020716784469774617,0.15542191812422146,-2.8500000000000005,0.6999999999999997,13.0,8.0,0,4,7,0,1,44,0,0,5,3
14001012,0.0,0.3,0.5,-0.12178124999999951,4.440892098500626e-16,0.12178124999999995,16,121.78125,10.25,0.09375,0.34375,0.015625,0.5587301587301592,0.47142857142857153,1.1263064078195214e-05,0.2997734151392275,1.1263064078195214e-05,0.2997734151392275,-4.1,4.1,20.0,8.0,0,6,10,0,2,41,2,1,1,1
14001013,1.0,0.3,0.5,5.096640625,5.1,0.003359375000000002,-3,3.359375,1.546875,0.234375,0.1875,0.03125,0.541935483870968,0.5580645161290322,0.982820525947186,0.2634144366080525,0.982820525947186,0.2634144366080525,-2.3499999999999996,7.449999999999999,12.0,15.0,0,5,0,3,3,22,1,2,26,2
14001014,1.0,0.3,0.25,1.5623281249999943,1.5999999999999943,0.037671875,-15,37.671875,4.140625,0.3125,0.078125,0.0,0.5843750000000005,0.5890624999999994,0.999999999992794,0.2999990650164288,0.999999999992794,0.2999990650164288,-1.8000000000000007,3.3999999999999995,20.0,5.0,0,4,3,0,1,11,0,0,45,0
14001015,1.0,0.05,0.75,0.19510937500000017,0.20000000000000018,0.0048906250000000035,-4,4.890625,1.796875,0.109375,0.046875,0.015625,0.5523809523809526,0.59047619047619,0.7489944841393423,0.05000132921192544,0.7489944841393423,0.05000132921192544,-0.25,0.44999999999999973,2.0,8.0,0,4,0,3,3,11,0,2,40,1
14001016,1.0,0.05,0.5,3.1488125,3.15,0.0011875000000000006,0,1.1875,0.84375,0.171875,0.171875,0.015625,0.49206349206349215,0.5214285714285714,0.5519229758509031,0.05066758984097142,0.5519229758509031,0.05066758984097142,-0.5999999999999999,3.7499999999999987,2.0,20.0,2,10,2,6,0,20,3,2,18,1
14001017,0.0,0.3,0.75,1.2845156249999998,1.2999999999999998,0.015484375000000003,10,15.484375,3.171875,0.125,0.28125,0.046875,0.5409836065573772,0.5245901639344261,0.010142265877865389,0.2926662856478453,0.010142265877865389,0.2926662856478453,-4.65,5.949999999999999,18.0,8.0,1,7,1,2,2,29,0,3,16,3
14001018,1.0,0.3,0.5,3.1665468749999963,3.2499999999999964,0.08345312499999999,-14,83.453125,7.828125,0.34375,0.125,0.0,0.5937500000000007,0.6265624999999994,0.9999999999998372,0.29999997326478867,0.9999999999998372,0.29999997326478867,-1.7500000000000007,5.0,21.0,9.0,0,1,0,0,0,8,0,1,54,0
14001019,1.0,0.3,0.25,5.335593749999996,5.349999999999996,0.014406250000000006,-8,14.40625,2.75,0.296875,0.171875,0.0,0.5781250000000007,0.5914062499999995,0.9999999886016434,0.2999937430498225,0.9999999886016434,0.2999937430498225,-1.7000000000000004,7.050000000000001,15.0,15.0,1,1,2,0,0,17,2,0,41,0
14001020,1.0,0.3,0.25,3.6365156249999995,3.6999999999999993,0.06348437500000002,-13,63.484375,6.703125,0.328125,0.125,0.015625,0.5904761904761912,0.616666666666666,0.9999999999993978,0.29999995410813685,0.9999999999993978,0.29999995410813685,-1.6500000000000006,5.35,21.0,8.0,0,1,0,0,0,12,1,0,49,1
14001021,1.0,0.05,0.5,4.498828125,4.5,0.0011718750000000002,4,1.171875,0.640625,0.078125,0.140625,0.015625,0.53968253968254,0.5809523809523808,0.31922636868547055,0.050042901149540485,0.31922636868547055,0.050042901149540485,-0.5,5.0,2.0,12.0,0,8,0,2,1,10,2,2,38,1
14001022,0.0,0.05,0.25,-1.2347968749999998,-1.1999999999999997,0.034796875000000005,8,34.796875,5.359375,0.046875,0.171875,0.03125,0.5322580645161293,0.49516129032258066,0.14304173052417476,0.0501439825337214,0.14304173052417476,0.0501439825337214,-0.2,-0.9999999999999998,1.0,13.0,1,7,4,3,2,35,0,4,6,2
14001023,1.0,0.3,0.75,-1.0009687500000086,-0.8500000000000085,0.15096875,-23,150.96875,10.0625,0.375,0.015625,0.0,0.6000000000000006,0.6359374999999993,1.0,0.29999999818245526,1.0,0.29999999818245526,-0.9500000000000008,0.09999999999999987,19.0,6.0,0,0,0,0,0,6,0,0,58,0
