episode,value,alpha,p,objective,profit,penalty,terminal_inventory,mean_q2,mean_abs_inventory,buy_rate,sell_rate,abstain_rate,mean_spread,mean_center,inferred_value,inferred_alpha,correct_value,correct_alpha,informed_profit,uninformed_profit,informed_exec,uninformed_exec,action_0,action_1,action_2,action_3,action_4,action_5,action_6,action_7,action_8,action_9
2000000,0.0,0.05,0.9,4.49934375,4.5,0.0006562500000000004,-2,0.65625,0.5625,0.125,0.09375,0.078125,0.5796610169491531,0.48474576271186426,0.14662547676131008,0.050045119337483214,0.0005932271786615737,0.05,-0.65,5.1499999999999995,4.0,10.0,0,1,11,0,3,38,0,2,4,5
2000001,1.0,0.05,0.9,-3.298125,-3.1500000000000004,0.148125,-18,148.125,10.875,0.28125,0.0,0.03125,0.5548387096774199,0.5895161290322575,0.9999899799739751,0.2863396223169648,0.9994446784003295,0.05,-0.6500000000000001,-2.5,6.0,12.0,0,2,4,0,2,11,3,4,36,2
2000002,0.0,0.05,0.9,6.230359374999999,6.249999999999999,0.019640625000000012,-7,19.640625,4.203125,0.140625,0.03125,0.03125,0.5709677419354845,0.5120967741935484,0.752489533921897,0.05001083275376571,0.3943661041349095,0.05,-0.44999999999999996,6.699999999999999,2.0,9.0,1,1,6,0,3,38,1,1,11,2
2000003,0.0,0.05,0.9,4.144453125,4.15,0.005546875000000003,-3,5.546875,2.078125,0.109375,0.0625,0.0625,0.5700000000000005,0.5274999999999999,0.37103815514292876,0.05000243751155073,0.03382636573044831,0.049999999999999996,-0.75,4.9,3.0,8.0,0,0,4,0,5,36,1,2,12,4
2000004,1.0,0.05,0.9,-1.2548124999999992,-1.1999999999999993,0.05481250000000002,-10,54.8125,6.9375,0.1875,0.03125,0.015625,0.555555555555556,0.5714285714285711,0.9637516678098098,0.050478774689769114,0.8471786209416304,0.049999999999999996,-0.7000000000000002,-0.4999999999999998,3.0,11.0,0,0,2,0,4,25,2,6,24,1
2000005,1.0,0.05,0.9,-0.12178125000000053,-0.10000000000000053,0.021781250000000002,-7,21.78125,3.90625,0.171875,0.0625,0.046875,0.5475409836065577,0.5295081967213112,0.5815453046284824,0.05006237592056728,0.09428818631837844,0.05,-0.5,0.3999999999999999,2.0,13.0,0,1,4,1,8,30,2,1,14,3
2000006,0.0,0.05,0.9,7.336015625,7.35,0.013984375000000009,-7,13.984375,3.046875,0.171875,0.0625,0.046875,0.5311475409836067,0.5221311475409833,0.8639552110383156,0.05081926849154144,0.30400293363744485,0.05,-1.35,8.7,4.0,11.0,0,2,7,1,5,28,5,2,11,3
2000007,1.0,0.05,0.9,-0.31278125000000073,-0.3000000000000007,0.01278125000000001,-6,12.78125,3.25,0.125,0.03125,0.078125,0.5661016949152549,0.5101694915254237,0.7634892430874947,0.050020249747909196,0.4015132235197873,0.05,0.0,-0.2999999999999998,0.0,10.0,0,0,6,0,4,39,2,2,6,5
2000008,0.0,0.05,0.9,5.786703125,5.8,0.01329687500000001,-4,13.296875,3.203125,0.171875,0.109375,0.046875,0.5344262295081972,0.5172131147540984,0.3569455904732331,0.05035293731049258,0.0034453471989953762,0.05,-1.1,6.8999999999999995,4.0,14.0,2,1,7,2,7,25,0,4,13,3
2000009,1.0,0.05,0.9,-1.5963750000000008,-1.5500000000000007,0.046375000000000034,-10,46.375,6.15625,0.203125,0.046875,0.015625,0.5238095238095242,0.5547619047619045,0.9039497695248708,0.05030541872506592,0.5796018431764886,0.05,-1.4499999999999997,-0.10000000000000053,6.0,10.0,1,1,3,1,5,24,5,4,19,1
2000010,0.0,0.05,0.9,5.099312499999999,5.099999999999999,0.0006875000000000004,-2,0.6875,0.5,0.125,0.09375,0.046875,0.570491803278689,0.48524590163934417,0.1632841487599975,0.05004045299230622,0.0003620194846281734,0.05,-0.8,5.899999999999999,5.0,9.0,0,2,8,0,5,42,1,0,3,3
2000011,0.0,0.05,0.9,3.5979843749999993,3.599999999999999,0.002015625000000001,-1,2.015625,1.171875,0.125,0.109375,0.046875,0.5704918032786891,0.5098360655737704,0.33541829435505477,0.05002918804332289,0.0019093411058289272,0.05000000000000001,-1.4,5.0,5.0,10.0,0,1,8,1,2,36,1,2,10,3
2000012,0.0,0.05,0.9,7.364328124999999,7.3999999999999995,0.03567187500000002,-8,35.671875,5.484375,0.171875,0.046875,0.03125,0.5548387096774197,0.5387096774193546,0.7194264740361789,0.050053885212664566,0.24590879874957927,0.05,-0.75,8.15,3.0,11.0,0,0,6,0,9,25,1,3,18,2
2000013,1.0,0.05,0.9,-2.585046874999999,-2.549999999999999,0.03504687500000001,-12,35.046875,5.046875,0.203125,0.015625,0.03125,0.5387096774193552,0.5362903225806449,0.9566693115810756,0.050529114396698105,0.8981124159561851,0.049999999999999996,-0.19999999999999996,-2.3499999999999996,1.0,13.0,0,1,6,0,7,26,3,5,14,2
2000014,0.0,0.05,0.9,5.4771406250000005,5.500000000000001,0.022859375,-5,22.859375,4.296875,0.15625,0.078125,0.03125,0.5387096774193553,0.5290322580645158,0.7675354115361085,0.0501051681917291,0.12694343260305213,0.05000000000000001,-1.0,6.5,3.0,12.0,2,1,4,1,6,29,1,4,14,2
2000015,0.0,0.05,0.9,6.1341093749999995,6.1499999999999995,0.015890625000000012,-4,15.890625,3.765625,0.15625,0.09375,0.046875,0.5540983606557381,0.5221311475409836,0.26641913329027295,0.05011813894172642,0.003095602147704646,0.049999999999999996,-0.8,6.949999999999999,4.0,12.0,1,0,7,0,7,29,0,5,12,3
2000016,1.0,0.05,0.9,-2.1204843750000024,-2.0500000000000025,0.07048437500000002,-13,70.484375,7.671875,0.234375,0.03125,0.0,0.5437500000000004,0.5656249999999996,0.9779324483103824,0.05419833233796363,0.8875418651483611,0.05,-1.1,-0.9500000000000002,4.0,13.0,0,0,6,1,6,17,3,4,27,0
2000017,1.0,0.05,0.9,-2.71096875,-2.6500000000000004,0.060968750000000016,-13,60.96875,6.96875,0.21875,0.015625,0.03125,0.5483870967741941,0.5532258064516126,0.9917618831212166,0.05451682597995001,0.9739526986000686,0.05,-0.30000000000000004,-2.3500000000000005,3.0,12.0,0,3,2,0,6,24,0,7,20,2
2000018,0.0,0.05,0.9,8.566593750000001,8.600000000000001,0.03340625000000001,-9,33.40625,5.21875,0.203125,0.0625,0.078125,0.5457627118644072,0.5686440677966099,0.8873481742137167,0.05273765080984182,0.3880292857115909,0.049999999999999996,-1.0,9.6,3.0,14.0,0,1,4,1,4,17,2,5,25,5
2000019,0.0,0.05,0.9,5.947796875,5.95,0.002203125000000001,-3,2.203125,1.078125,0.171875,0.125,0.0625,0.5466666666666669,0.5199999999999998,0.8103725192990681,0.05759901594026899,0.007210383237144151,0.049999999999999996,-2.15,8.1,6.0,13.0,0,0,9,1,6,27,3,2,12,4
2000020,1.0,0.05,0.9,-0.7171562500000002,-0.7000000000000002,0.01715625000000001,-7,17.15625,3.28125,0.140625,0.03125,0.046875,0.5573770491803283,0.5344262295081964,0.8528347314479869,0.05002716968205807,0.5966710148775254,0.05,-0.9499999999999997,0.24999999999999978,5.0,6.0,0,0,4,0,5,34,2,4,12,3
2000021,1.0,0.05,0.9,-1.8837031249999996,-1.8499999999999996,0.03370312500000001,-8,33.703125,5.046875,0.15625,0.03125,0.015625,0.5555555555555559,0.5476190476190472,0.8026548507743321,0.0500064765217617,0.5518403576632148,0.05,0.0,-1.85,0.0,12.0,1,1,5,0,3,26,2,4,21,1
2000022,1.0,0.05,0.9,1.3796093749999994,1.3999999999999995,0.020390625000000002,-5,20.390625,3.921875,0.15625,0.078125,0.03125,0.5612903225806457,0.5387096774193547,0.6879853123394596,0.05018048264829939,0.06610458626211943,0.05,-0.6499999999999999,2.05,3.0,12.0,0,1,4,0,4,32,2,3,16,2
2000023,0.0,0.05,0.9,6.881718749999999,6.8999999999999995,0.018281250000000013,-8,18.28125,3.84375,0.140625,0.015625,0.015625,0.5746031746031751,0.526190476190476,0.9169923298372082,0.0500191121093126,0.7951843380985798,0.05,0.0,6.8999999999999995,0.0,10.0,0,1,5,0,3,37,1,2,14,1
2000024,0.0,0.05,0.9,7.134015625,7.15,0.015984375000000012,-7,15.984375,3.453125,0.171875,0.0625,0.03125,0.5419354838709681,0.5338709677419353,0.8402944008282839,0.05034047853218208,0.2803697748336933,0.05,-0.55,7.700000000000001,2.0,13.0,1,0,8,0,7,23,3,3,17,2
2000025,0.0,0.05,0.9,6.392703124999999,6.399999999999999,0.007296875000000005,-5,7.296875,2.203125,0.1875,0.109375,0.0,0.5281250000000003,0.5187499999999998,0.2993085774625026,0.0500907010700928,0.0039960490725260015,0.05,-1.1500000000000001,7.549999999999999,4.0,15.0,0,2,9,1,6,27,5,3,11,0
2000026,0.0,0.05,0.9,6.739703124999999,6.749999999999999,0.010296875000000006,-6,10.296875,2.296875,0.15625,0.0625,0.015625,0.5619047619047622,0.5095238095238092,0.6271889786569099,0.05008529339832109,0.07188156927394677,0.05000000000000001,-0.8999999999999999,7.650000000000001,4.0,10.0,0,1,7,0,9,34,0,2,10,1
2000027,0.0,0.05,0.9,8.457703125,8.5,0.042296875000000005,-10,42.296875,5.859375,0.1875,0.03125,0.03125,0.5580645161290327,0.5556451612903223,0.9207406564781364,0.050239636460102835,0.7125331894353993,0.05,-0.2,8.700000000000001,1.0,13.0,0,0,4,1,4,26,2,3,22,2
2000028,0.0,0.05,0.9,9.748140625000001,9.8,0.05185937500000001,-11,51.859375,6.484375,0.203125,0.03125,0.03125,0.5161290322580648,0.5725806451612898,0.9627162592669839,0.05175788042752641,0.811047862622157,0.05,-0.2,10.0,1.0,14.0,1,0,2,0,9,17,5,5,23,2
2000029,0.0,0.05,0.9,4.437874999999999,4.449999999999999,0.012125000000000009,-4,12.125,3.25,0.109375,0.046875,0.0625,0.5866666666666673,0.5199999999999998,0.6845767442308237,0.050006730855048476,0.21610750932272182,0.05,-0.55,4.999999999999999,2.0,8.0,0,0,5,0,1,41,0,3,10,4
2000030,1.0,0.05,0.9,-2.7192031250000004,-2.6500000000000004,0.06920312500000002,-12,69.203125,7.296875,0.1875,0.0,0.046875,0.5311475409836068,0.5590163934426227,0.9880285088235012,0.050848032989894834,0.9782827202659518,0.05000000000000001,-0.55,-2.0999999999999996,4.0,8.0,0,1,4,1,4,22,4,6,19,3
2000031,0.0,0.05,0.9,6.333671874999999,6.35,0.01632812500000001,-5,16.328125,3.765625,0.171875,0.09375,0.0625,0.5400000000000004,0.5424999999999999,0.3406991105312649,0.05009536970435173,0.011449950222081872,0.05000000000000001,-1.4000000000000001,7.749999999999999,5.0,12.0,0,0,10,0,3,20,3,9,15,4
2000032,1.0,0.05,0.9,-1.9009843750000015,-1.8500000000000014,0.050984375000000026,-12,50.984375,6.171875,0.203125,0.015625,0.0625,0.5666666666666671,0.5574999999999996,0.9942257408179881,0.05964099907581779,0.9775946174056893,0.05,-0.050000000000000044,-1.8,1.0,13.0,0,1,6,0,1,22,1,6,23,4
2000033,0.0,0.05,0.9,5.59871875,5.6,0.0012812500000000007,-1,1.28125,0.84375,0.171875,0.15625,0.046875,0.5508196721311478,0.5049180327868851,0.11028780270859062,0.0553941141290253,1.6536577652708292e-05,0.05000000000000001,-2.2500000000000004,7.85,10.0,11.0,0,2,11,0,6,27,2,3,10,3
2000034,1.0,0.05,0.9,-2.4611562500000006,-2.4000000000000004,0.06115625000000003,-12,61.15625,7.15625,0.1875,0.0,0.015625,0.5619047619047624,0.5785714285714281,0.9937082729007147,0.05096863324044962,0.9877522776199774,0.05000000000000001,-0.3500000000000001,-2.05,4.0,8.0,0,1,2,0,2,22,2,5,29,1
2000035,1.0,0.05,0.9,-0.07876562499999894,-0.049999999999998934,0.028765625000000003,-7,28.765625,5.109375,0.171875,0.0625,0.03125,0.5516129032258068,0.5338709677419355,0.6156090433422925,0.05006051216574072,0.10829938633175373,0.05000000000000001,-0.1499999999999999,0.09999999999999964,1.0,14.0,0,0,4,0,7,33,1,6,11,2
2000036,1.0,0.05,0.9,-0.7463124999999993,-0.6999999999999993,0.04631250000000001,-10,46.3125,6.28125,0.1875,0.03125,0.015625,0.5587301587301591,0.5666666666666663,0.9921301005857305,0.052819610437353046,0.9595448615403759,0.05,-0.6000000000000001,-0.10000000000000009,6.0,8.0,0,0,4,0,3,24,2,6,24,1
2000037,0.0,0.05,0.9,10.536609375,10.6,0.063390625,-12,63.390625,7.265625,0.234375,0.046875,0.046875,0.5442622950819678,0.5614754098360654,0.9897446504480941,0.0793886123399121,0.9144376239643425,0.05000000000000001,-1.1500000000000001,11.749999999999998,3.0,15.0,1,1,4,0,3,21,1,9,21,3
2000038,1.0,0.05,0.9,-1.5584062499999964,-1.4999999999999964,0.05840625000000001,-11,58.40625,6.875,0.21875,0.046875,0.03125,0.5354838709677423,0.5532258064516127,0.9040335291161842,0.05142013812515095,0.5552880213353595,0.05,-0.5499999999999998,-0.9500000000000002,3.0,14.0,1,0,9,1,4,15,3,6,23,2
2000039,1.0,0.05,0.9,-2.8889687499999988,-2.799999999999999,0.08896874999999997,-14,88.96875,8.0,0.21875,0.0,0.046875,0.5475409836065578,0.5959016393442618,0.9950618292906944,0.06048734918919158,0.9894694913289995,0.05000000000000001,-0.5999999999999999,-2.2,4.0,10.0,0,0,2,0,2,16,3,8,30,3
2000040,1.0,0.05,0.9,-1.1687812500000003,-1.1500000000000004,0.018781250000000013,-8,18.78125,3.84375,0.140625,0.015625,0.046875,0.5475409836065578,0.5221311475409834,0.9405627983430029,0.050049481076128596,0.858968358514828,0.05,-0.19999999999999996,-0.95,1.0,9.0,2,2,4,0,5,31,1,3,13,3
2000041,0.0,0.05,0.9,6.665171875000001,6.700000000000001,0.034828125000000015,-6,34.828125,5.515625,0.171875,0.078125,0.09375,0.5241379310344831,0.5517241379310341,0.8338697187182944,0.05140089187673718,0.20760100723733177,0.049999999999999996,-1.5000000000000002,8.200000000000001,4.0,12.0,0,2,5,1,7,16,2,7,18,6
2000042,1.0,0.05,0.9,0.5216562499999998,0.5499999999999998,0.028343750000000008,-7,28.34375,4.40625,0.171875,0.0625,0.078125,0.5593220338983055,0.5406779661016945,0.7361712214602821,0.05054097046902094,0.14375000911309535,0.05,-0.3500000000000001,0.9000000000000001,2.0,13.0,0,0,5,1,8,24,0,2,19,5
2000043,0.0,0.05,0.9,6.8470625,6.85,0.0029375,-5,2.9375,0.96875,0.171875,0.09375,0.015625,0.555555555555556,0.5023809523809523,0.15487212903098083,0.05006434165567104,0.001167648415392896,0.05,-0.8500000000000001,7.699999999999999,5.0,12.0,0,1,13,0,4,30,3,3,9,1
2000044,1.0,0.05,0.9,-0.35965625000000057,-0.35000000000000053,0.009656250000000007,-7,9.65625,2.46875,0.140625,0.03125,0.03125,0.5645161290322586,0.5193548387096772,0.84755912591232,0.05002914765447864,0.5108022270568211,0.05,-0.6000000000000001,0.2500000000000002,3.0,8.0,0,0,4,0,4,42,2,3,7,2
2000045,0.0,0.05,0.9,6.433828124999999,6.449999999999999,0.01617187500000001,-6,16.171875,3.703125,0.171875,0.078125,0.046875,0.5278688524590168,0.527049180327869,0.606228977926352,0.05019487374712043,0.059998537608900476,0.05,-0.5,6.95,2.0,14.0,0,1,4,1,9,30,2,6,8,3
2000046,1.0,0.05,0.9,-1.6273125000000006,-1.6000000000000005,0.027312500000000017,-9,27.3125,4.40625,0.15625,0.015625,0.03125,0.5709677419354843,0.5193548387096771,0.9228950489099331,0.05004759354520092,0.8059352219306519,0.05000000000000001,-1.5,-0.09999999999999987,6.0,5.0,0,1,7,0,7,31,0,1,15,2
2000047,0.0,0.05,0.9,4.495578125,4.5,0.004421875000000003,-3,4.421875,1.828125,0.109375,0.0625,0.0625,0.5666666666666671,0.505,0.27863159178513763,0.05000450422063735,0.011388393059621119,0.05,-0.45,4.95,3.0,8.0,0,0,9,1,6,33,1,0,10,4
2000048,1.0,0.05,0.9,-1.8455156250000007,-1.8000000000000007,0.04551562500000001,-10,45.515625,6.046875,0.171875,0.015625,0.078125,0.555932203389831,0.5432203389830507,0.9335494237385873,0.05025646900169069,0.8485529833844689,0.05,-0.95,-0.8499999999999999,4.0,8.0,0,0,4,0,4,30,0,9,12,5
2000049,1.0,0.05,0.9,-2.535625000000001,-2.500000000000001,0.035625000000000025,-10,35.625,5.03125,0.15625,0.0,0.0625,0.5766666666666672,0.5274999999999996,0.957478040993953,0.050063641557885084,0.9350096473933373,0.05,-0.44999999999999996,-2.05,3.0,7.0,0,1,7,0,6,27,0,0,19,4
2000050,0.0,0.05,0.9,4.995078124999999,4.999999999999999,0.0049218750000000035,-4,4.921875,1.953125,0.140625,0.078125,0.046875,0.5344262295081968,0.5172131147540983,0.6485451409159495,0.05005931227732564,0.0626386874936014,0.049999999999999996,-0.9000000000000001,5.8999999999999995,2.0,12.0,1,0,4,2,10,32,1,2,9,3
2000051,0.0,0.05,0.9,3.59715625,3.5999999999999996,0.0028437500000000017,-1,2.84375,1.28125,0.09375,0.078125,0.046875,0.5770491803278691,0.49508196721311465,0.5618558857859659,0.050005825903661864,0.008913102576244857,0.05,-0.9000000000000001,4.5,4.0,7.0,0,0,8,0,6,41,0,1,5,3
2000052,0.0,0.05,0.9,10.787890624999998,10.849999999999998,0.06210937500000002,-12,62.109375,7.265625,0.21875,0.03125,0.03125,0.5419354838709681,0.565322580645161,0.9924864861729941,0.06870791387646918,0.9447427098169132,0.05,-0.4,11.249999999999996,2.0,14.0,1,1,3,0,5,20,2,6,24,2
2000053,0.0,0.05,0.9,5.646703124999999,5.6499999999999995,0.003296875000000002,-3,3.296875,1.515625,0.15625,0.109375,0.078125,0.5355932203389833,0.5025423728813558,0.22816330250736117,0.050273839418896224,0.0008781050867685623,0.05000000000000001,-1.65,7.3,6.0,11.0,1,1,8,1,7,30,2,3,6,5
2000054,1.0,0.05,0.9,-1.3303750000000008,-1.3000000000000007,0.030375000000000024,-8,30.375,4.65625,0.140625,0.015625,0.03125,0.545161290322581,0.5217741935483867,0.8843867293772275,0.05001629129041262,0.7547814858831433,0.05,-0.5,-0.7999999999999998,2.0,8.0,1,0,4,1,6,36,2,3,9,2
2000055,0.0,0.05,0.9,6.734874999999999,6.749999999999999,0.015125000000000012,-6,15.125,3.46875,0.15625,0.0625,0.0625,0.5433333333333334,0.5524999999999998,0.8250386081138512,0.05023605301905007,0.24029328559441385,0.05,-0.9000000000000001,7.65,3.0,11.0,0,0,2,0,8,27,3,3,17,4
2000056,1.0,0.05,0.9,2.142734375000002,2.150000000000002,0.007265625000000003,-6,7.265625,2.234375,0.203125,0.109375,0.015625,0.5428571428571431,0.5047619047619045,0.5273925872952656,0.058113380703239084,0.0032573347873482185,0.05000000000000001,-0.5999999999999999,2.749999999999999,3.0,17.0,1,1,11,2,8,25,1,1,13,1
2000057,1.0,0.05,0.9,-1.933375000000002,-1.9000000000000021,0.03337500000000001,-11,33.375,4.78125,0.1875,0.015625,0.015625,0.5650793650793654,0.5238095238095236,0.9824086798386915,0.050602640748738256,0.9427427223332431,0.049999999999999996,-0.6500000000000001,-1.2500000000000002,4.0,9.0,0,0,8,0,7,30,1,2,15,1
2000058,0.0,0.05,0.9,3.198734374999999,3.199999999999999,0.0012656250000000005,1,1.265625,0.859375,0.125,0.140625,0.015625,0.5650793650793654,0.4785714285714284,0.23994864317463727,0.050193347298024285,3.760523094244077e-05,0.049999999999999996,-1.45,4.649999999999999,6.0,11.0,1,2,15,1,4,31,0,1,8,1
2000059,1.0,0.05,0.9,-2.255515625000001,-2.200000000000001,0.05551562500000002,-12,55.515625,6.734375,0.1875,0.0,0.0625,0.5600000000000005,0.5549999999999997,0.9963581878743136,0.054372186502713096,0.9923680914568257,0.05,-0.75,-1.4500000000000002,4.0,8.0,0,0,4,0,6,24,1,4,21,4
2000060,0.0,0.05,0.9,6.635484375,6.6499999999999995,0.01451562500000001,-6,14.515625,3.140625,0.15625,0.0625,0.046875,0.5672131147540987,0.4999999999999999,0.30026853474351667,0.05004005030121187,0.015201240150659235,0.05,-0.25,6.8999999999999995,2.0,12.0,0,1,8,0,6,37,0,3,6,3
2000061,1.0,0.05,0.9,-1.03828125,-1.0,0.03828125,-11,38.28125,5.3125,0.203125,0.03125,0.0625,0.5700000000000005,0.5224999999999997,0.9476628076904385,0.05721317352323769,0.6816086388067967,0.05,-0.6500000000000001,-0.34999999999999987,4.0,11.0,0,1,8,0,4,29,1,2,15,4
2000062,1.0,0.05,0.9,1.6735312499999975,1.6999999999999975,0.026468750000000006,-9,26.46875,4.40625,0.25,0.109375,0.03125,0.541935483870968,0.5604838709677415,0.9936717745049917,0.2664221864648848,0.14459253374581668,0.05,-0.10000000000000009,1.7999999999999998,2.0,21.0,0,0,8,0,4,17,4,6,23,2
2000063,1.0,0.05,0.9,-1.7085937500000004,-1.6500000000000004,0.05859375000000003,-12,58.59375,6.59375,0.203125,0.015625,0.046875,0.554098360655738,0.5467213114754094,0.9870773715155687,0.0552259657217649,0.9546057246004632,0.049999999999999996,-0.44999999999999996,-1.1999999999999997,3.0,11.0,0,2,5,0,6,22,1,4,21,3
2000064,0.0,0.05,0.9,8.379749999999998,8.399999999999999,0.020250000000000004,-7,20.25,3.9375,0.203125,0.09375,0.03125,0.5387096774193552,0.5314516129032255,0.07282957836064932,0.05009321571987163,0.0009248160426015693,0.05000000000000001,-1.0,9.4,5.0,14.0,0,2,9,0,5,22,4,4,16,2
2000065,1.0,0.05,0.9,-0.6691406249999996,-0.5999999999999996,0.06914062500000001,-11,69.140625,7.484375,0.234375,0.0625,0.015625,0.5301587301587306,0.5547619047619045,0.938776979647852,0.05997205363511426,0.5137671450065409,0.05,-0.6999999999999997,0.09999999999999964,5.0,14.0,1,0,4,0,5,25,4,7,17,1
2000066,1.0,0.05,0.9,-1.8451562500000007,-1.8000000000000007,0.04515625000000002,-9,45.15625,6.34375,0.15625,0.015625,0.046875,0.5639344262295087,0.5540983606557375,0.868361317905513,0.050025447802336954,0.7154516507176203,0.05,0.0,-1.8,0.0,11.0,0,0,4,1,2,28,2,3,21,3
2000067,0.0,0.05,0.9,6.192718749999999,6.199999999999999,0.007281250000000005,-3,7.28125,2.40625,0.171875,0.125,0.078125,0.5186440677966105,0.5152542372881354,0.0323412450371148,0.05109859970701859,3.3059020971601e-05,0.049999999999999996,-1.1,7.3,6.0,13.0,1,1,10,0,9,20,4,4,10,5
2000068,0.0,0.05,0.9,6.938390624999999,6.949999999999999,0.011609375000000009,-6,11.609375,2.890625,0.1875,0.09375,0.078125,0.5457627118644071,0.5177966101694914,0.49700592234938257,0.05188300692091039,0.014378291594851246,0.05,-0.7,7.6499999999999995,3.0,15.0,1,0,9,0,6,26,2,4,11,5
2000069,1.0,0.05,0.9,-1.8105781250000017,-1.7500000000000018,0.06057812500000001,-11,60.578125,7.171875,0.1875,0.015625,0.046875,0.5606557377049185,0.568852459016393,0.989023191480114,0.05162183912219127,0.9672520534361952,0.05000000000000001,-0.9000000000000001,-0.8500000000000001,6.0,7.0,0,1,4,0,3,20,2,4,27,3
2000070,0.0,0.05,0.9,6.04571875,6.05,0.004281250000000003,-4,4.28125,1.5,0.15625,0.09375,0.078125,0.5559322033898308,0.49491525423728794,0.09153947404595657,0.050095941813641694,0.0004514201877004184,0.049999999999999996,-0.7,6.749999999999999,5.0,11.0,0,2,11,1,7,27,1,0,10,5
2000071,1.0,0.05,0.9,-0.36709375000000055,-0.35000000000000053,0.01709375000000001,-8,17.09375,3.4375,0.171875,0.046875,0.03125,0.5387096774193553,0.5338709677419352,0.8982595513796521,0.050280150414030424,0.48654728680598064,0.05,-0.050000000000000044,-0.30000000000000004,1.0,13.0,2,2,2,0,7,29,2,2,16,2
2000072,0.0,0.05,0.9,8.190234375,8.2,0.009765625000000007,-7,9.765625,2.296875,0.1875,0.078125,0.015625,0.5428571428571433,0.5142857142857139,0.7617042648496073,0.05183113619504019,0.05850558303297811,0.05,-0.8,9.000000000000002,4.0,13.0,0,0,10,3,7,27,1,3,12,1
2000073,0.0,0.05,0.9,5.393156249999999,5.399999999999999,0.0068437500000000035,-5,6.84375,2.0625,0.171875,0.09375,0.046875,0.5409836065573774,0.5024590163934424,0.5905605468207988,0.05023974644831243,0.028242200954010897,0.05,-1.6,7.0,4.0,13.0,1,0,12,1,5,28,3,3,8,3
2000074,1.0,0.05,0.9,-2.3344531250000036,-2.2500000000000036,0.08445312499999999,-13,84.453125,8.359375,0.21875,0.015625,0.015625,0.5301587301587306,0.5928571428571424,0.9919578527295909,0.055298155665507304,0.9703349300211919,0.05,-0.5999999999999999,-1.6500000000000001,4.0,11.0,0,1,1,1,4,15,4,7,30,1
2000075,0.0,0.05,0.9,6.787593749999999,6.799999999999999,0.01240625000000001,-5,12.40625,3.09375,0.171875,0.09375,0.0625,0.5566666666666671,0.5124999999999998,0.12015109992185909,0.050148621324920345,0.0011248792219977657,0.05000000000000001,-0.8,7.599999999999999,5.0,12.0,0,1,9,1,7,27,1,1,13,4
2000076,1.0,0.05,0.9,-1.9002812500000015,-1.8500000000000014,0.05028125000000001,-12,50.28125,6.46875,0.203125,0.015625,0.0,0.5468750000000004,0.5468749999999997,0.9925307875018733,0.05234180638238196,0.9761539798516558,0.05,-0.44999999999999996,-1.4000000000000001,3.0,11.0,0,1,3,1,4,31,3,4,17,0
2000077,0.0,0.05,0.9,4.1956718749999995,4.199999999999999,0.004328125000000003,-3,4.328125,1.828125,0.109375,0.0625,0.046875,0.570491803278689,0.5098360655737703,0.6238097185835123,0.05000858887233145,0.06704499501617858,0.05,-0.65,4.85,2.0,9.0,0,0,6,0,6,39,1,1,8,3
2000078,1.0,0.05,0.9,0.5382499999999998,0.5499999999999998,0.011750000000000009,-6,11.75,3.03125,0.171875,0.078125,0.046875,0.550819672131148,0.5221311475409834,0.614564864262285,0.05021401150115991,0.06276169939988771,0.049999999999999996,-0.55,1.1,2.0,14.0,0,1,7,1,5,30,2,3,12,3
2000079,1.0,0.05,0.9,-1.8264843750000008,-1.8000000000000007,0.026484375000000008,-9,26.484375,4.546875,0.140625,0.0,0.03125,0.5677419354838716,0.5193548387096774,0.9605762850404949,0.05003030883557337,0.9384593249173246,0.05000000000000001,-0.8,-0.9999999999999998,4.0,5.0,0,1,3,0,4,42,2,1,9,2
2000080,1.0,0.05,0.9,-2.277859375,-2.25,0.027859375000000002,-11,27.859375,4.484375,0.1875,0.015625,0.078125,0.5491525423728816,0.5177966101694914,0.9113033981274568,0.05038373310684084,0.782463797353193,0.05000000000000001,-0.5999999999999999,-1.6500000000000001,3.0,10.0,0,1,5,0,6,34,2,4,7,5
2000081,0.0,0.05,0.9,7.778828124999999,7.799999999999999,0.021171875000000017,-8,21.171875,4.171875,0.1875,0.0625,0.03125,0.5677419354838714,0.5241935483870965,0.7449878469641404,0.0502981565216275,0.1871827310769314,0.05000000000000001,-0.3,8.1,1.0,15.0,0,0,9,0,5,29,0,5,14,2
2000082,0.0,0.05,0.9,9.504171874999997,9.549999999999997,0.04582812500000002,-11,45.828125,5.734375,0.21875,0.046875,0.015625,0.5492063492063496,0.5428571428571426,0.9298972056868686,0.0513836175558649,0.5877986468934554,0.05,-0.35000000000000003,9.899999999999997,1.0,16.0,1,0,7,0,7,22,2,3,21,1
2000083,0.0,0.05,0.9,8.277031249999999,8.299999999999999,0.022968749999999986,-7,22.96875,4.5625,0.203125,0.09375,0.078125,0.5423728813559324,0.5279661016949151,0.7107986243253892,0.06312638767204592,0.030370421457282946,0.05000000000000001,-1.3,9.6,5.0,14.0,1,1,6,1,8,23,0,4,15,5
2000084,1.0,0.05,0.9,-0.06471875000000071,-0.05000000000000071,0.014718750000000008,-6,14.71875,3.0625,0.140625,0.046875,0.03125,0.5774193548387101,0.5120967741935482,0.8463075484474241,0.05005081370555662,0.39225130104542755,0.05,-0.25,0.19999999999999996,2.0,10.0,0,1,6,0,3,40,0,3,9,2
2000085,1.0,0.05,0.9,-2.067062500000002,-2.0000000000000018,0.06706250000000001,-13,67.0625,7.375,0.21875,0.015625,0.03125,0.5580645161290327,0.5846774193548384,0.9973974463374075,0.06985045267564495,0.9905869277048268,0.049999999999999996,-0.5,-1.5,3.0,12.0,0,0,2,0,3,20,2,6,29,2
2000086,1.0,0.05,0.9,-0.7599531250000011,-0.7000000000000011,0.05995312500000001,-11,59.953125,6.796875,0.234375,0.0625,0.0625,0.5366666666666671,0.5624999999999997,0.9768753477866509,0.08307660339642486,0.6803172602378331,0.05,-0.10000000000000009,-0.6000000000000003,2.0,17.0,0,2,5,1,3,17,3,6,23,4
2000087,1.0,0.05,0.9,-1.9322812499999986,-1.8999999999999986,0.03228125000000002,-10,32.28125,5.09375,0.1875,0.03125,0.015625,0.5365079365079367,0.5595238095238091,0.9675466224222083,0.05029258434242856,0.8825687121905912,0.05,-0.6500000000000001,-1.2500000000000002,4.0,10.0,1,0,2,1,4,27,3,6,19,1
2000088,0.0,0.05,0.9,2.598718749999999,2.5999999999999988,0.0012812500000000007,1,1.28125,0.84375,0.09375,0.109375,0.078125,0.5762711864406784,0.48983050847457626,0.37727094388411514,0.05003765034990936,0.0005660631020899079,0.049999999999999996,-0.95,3.55,4.0,9.0,1,0,12,0,3,34,0,2,7,5
2000089,0.0,0.05,0.9,5.6451562499999985,5.649999999999999,0.004843750000000003,-3,4.84375,1.625,0.15625,0.109375,0.0625,0.5633333333333338,0.4974999999999999,0.5435189906541791,0.050641317005130665,0.00280451618470561,0.05000000000000001,-1.25,6.899999999999999,5.0,12.0,2,1,8,0,4,35,0,2,8,4
2000090,1.0,0.05,0.9,-0.8600156250000005,-0.8500000000000005,0.010015625000000005,-7,10.015625,2.515625,0.140625,0.03125,0.046875,0.5508196721311479,0.517213114754098,0.782575275599548,0.05001531405644288,0.46266425569172376,0.05,-0.19999999999999996,-0.65,1.0,10.0,1,0,5,2,1,39,3,2,8,3
2000091,0.0,0.05,0.9,4.74846875,4.75,0.001531250000000001,-3,1.53125,0.8125,0.140625,0.09375,0.09375,0.5586206896551728,0.5051724137931035,0.40101554846999504,0.050093787115123495,0.005567505887285324,0.05,-1.3,6.05,5.0,10.0,1,2,6,0,4,34,0,4,7,6
2000092,0.0,0.05,0.9,5.148468749999998,5.149999999999999,0.001531250000000001,0,1.53125,0.96875,0.15625,0.15625,0.03125,0.5645161290322587,0.514516129032258,0.11648344228815705,0.05384975976702668,1.6295252215503988e-05,0.049999999999999996,-1.8,6.949999999999999,8.0,12.0,0,0,9,0,6,32,1,3,11,2
2000093,0.0,0.05,0.9,4.486734374999999,4.499999999999999,0.01326562500000001,-3,13.265625,3.390625,0.109375,0.0625,0.015625,0.5873015873015879,0.5095238095238096,0.7718284110701165,0.05001170405661686,0.09944747381665824,0.05000000000000001,-0.55,5.05,2.0,9.0,0,0,6,0,3,44,0,1,9,1
2000094,0.0,0.05,0.9,7.629718749999999,7.6499999999999995,0.02028125000000001,-8,20.28125,3.78125,0.171875,0.046875,0.03125,0.5516129032258069,0.5411290322580642,0.6848606425430163,0.05005849020670492,0.19560129082876387,0.05,-0.6000000000000001,8.25,3.0,11.0,1,0,3,0,5,32,2,4,15,2
2000095,0.0,0.05,0.9,6.693109375,6.699999999999999,0.006890625000000005,-5,6.890625,2.078125,0.15625,0.078125,0.109375,0.5614035087719302,0.4921052631578947,0.4565762979429788,0.051170780017856785,0.007720492019131274,0.05,-0.45,7.1499999999999995,3.0,12.0,1,1,9,0,8,30,0,0,8,7
2000096,0.0,0.05,0.9,6.685328124999999,6.699999999999999,0.014671875000000011,-5,14.671875,3.546875,0.171875,0.09375,0.015625,0.5460317460317463,0.5309523809523806,0.2909015599391465,0.050114356128436545,0.005765685367528343,0.05,-0.9500000000000002,7.6499999999999995,4.0,13.0,0,2,5,0,5,31,3,4,13,1
2000097,0.0,0.05,0.9,7.637812500000001,7.65,0.012187500000000009,-5,12.1875,2.875,0.1875,0.109375,0.078125,0.555932203389831,0.5127118644067794,0.02044169764918515,0.050572350520653474,4.890272617227952e-05,0.05,-0.75,8.4,6.0,13.0,0,1,13,1,2,23,3,2,14,5
2000098,0.0,0.05,0.9,6.4307968749999995,6.449999999999999,0.01920312500000001,-7,19.203125,3.828125,0.15625,0.046875,0.015625,0.5492063492063496,0.5238095238095236,0.7020976913448831,0.0500191646707723,0.24509691922703306,0.049999999999999996,-0.95,7.3999999999999995,3.0,10.0,1,1,3,0,9,34,2,0,13,1
2000099,0.0,0.05,0.9,7.119796875,7.1499999999999995,0.030203125000000018,-7,30.203125,5.015625,0.171875,0.0625,0.046875,0.5573770491803283,0.5614754098360653,0.8415659118966928,0.050330090372116595,0.31676665008715543,0.04999999999999999,-1.5,8.65,4.0,11.0,0,0,3,0,4,26,3,3,22,3
2000100,1.0,0.05,0.9,-2.004593750000001,-1.950000000000001,0.05459375000000003,-12,54.59375,6.4375,0.234375,0.046875,0.0625,0.5466666666666671,0.5574999999999997,0.9532755372913075,0.05685562590859723,0.7454384015223279,0.05,-0.6000000000000001,-1.3500000000000003,3.0,15.0,0,0,9,1,4,14,2,6,24,4
2000101,1.0,0.05,0.9,0.030406249999998924,0.049999999999998934,0.01959375000000001,-6,19.59375,4.0,0.140625,0.046875,0.015625,0.5619047619047625,0.5285714285714282,0.7185498802770934,0.05001527900695715,0.25152061466061076,0.05000000000000001,-0.3999999999999999,0.4500000000000002,2.0,10.0,0,0,5,0,4,37,3,2,12,1
2000102,1.0,0.05,0.9,-3.6214843749999988,-3.549999999999999,0.07148437500000002,-14,71.484375,7.609375,0.21875,0.0,0.0,0.5437500000000005,0.5539062499999997,0.976032650038295,0.05059423782197704,0.9590323802098353,0.05,-0.3999999999999999,-3.1500000000000004,2.0,12.0,1,1,6,0,2,23,5,3,23,0
2000103,1.0,0.05,0.9,-2.1868750000000006,-2.1500000000000004,0.03687500000000001,-9,36.875,5.15625,0.140625,0.0,0.015625,0.5619047619047625,0.5190476190476189,0.9229216793894396,0.050008303001679494,0.8907872393876863,0.05,-0.19999999999999996,-1.95,1.0,8.0,0,0,8,0,5,34,3,1,12,1
2000104,1.0,0.05,0.9,-1.994359375000001,-1.950000000000001,0.044359375000000006,-11,44.359375,5.796875,0.1875,0.015625,0.03125,0.541935483870968,0.5556451612903223,0.9701034471367305,0.05046192661404632,0.9219075188062283,0.05,-0.34999999999999987,-1.6,2.0,11.0,0,0,5,0,6,23,4,4,20,2
2000105,1.0,0.05,0.9,-2.5132968750000027,-2.450000000000003,0.06329687500000002,-13,63.296875,7.234375,0.203125,0.0,0.03125,0.5612903225806457,0.5556451612903223,0.9972415154700229,0.056214392053866295,0.9939442618632979,0.05000000000000001,-0.7000000000000002,-1.75,5.0,8.0,2,0,4,0,2,25,3,0,26,2
2000106,1.0,0.05,0.9,-0.52540625,-0.5,0.025406250000000005,-9,25.40625,4.15625,0.1875,0.046875,0.015625,0.5619047619047624,0.5428571428571427,0.9556716138182004,0.05119459074737636,0.7605251151932082,0.05,-0.34999999999999987,-0.1499999999999997,2.0,13.0,0,0,5,0,4,31,1,6,16,1
2000107,0.0,0.05,0.9,6.24271875,6.25,0.007281250000000005,-6,7.28125,1.8125,0.15625,0.0625,0.0625,0.5400000000000003,0.5099999999999997,0.36228202132458154,0.050035456898239884,0.024195587665956968,0.05,-0.45,6.7,3.0,11.0,2,0,10,0,7,25,3,1,12,4
2000108,1.0,0.05,0.9,-1.230046875000001,-1.200000000000001,0.03004687500000001,-11,30.046875,4.796875,0.21875,0.046875,0.046875,0.5606557377049185,0.5491803278688521,0.9648655416886109,0.056255964564513476,0.7682680272352663,0.05,-0.25,-0.9500000000000002,2.0,15.0,0,1,6,0,1,26,3,4,20,3
2000109,1.0,0.05,0.9,-1.5892187500000008,-1.5500000000000007,0.03921875000000001,-10,39.21875,5.65625,0.171875,0.015625,0.015625,0.5650793650793656,0.5333333333333331,0.9491601371219248,0.05013454464115853,0.8609445489426579,0.05,-0.55,-0.9999999999999998,3.0,9.0,0,0,4,0,6,35,2,1,15,1
2000110,1.0,0.05,0.9,-1.534328125,-1.5,0.034328125,-10,34.328125,4.921875,0.1875,0.03125,0.046875,0.5606557377049185,0.5491803278688522,0.9418632186545256,0.05043893539191323,0.7932801051460671,0.05,-0.6500000000000001,-0.8500000000000001,2.0,12.0,0,0,3,0,6,29,2,2,19,3
2000111,0.0,0.05,0.9,7.261625,7.300000000000001,0.03837500000000001,-8,38.375,5.75,0.1875,0.0625,0.046875,0.5180327868852463,0.5565573770491802,0.8501442211609535,0.050360497781397916,0.3484609800491308,0.05000000000000002,-1.5,8.799999999999999,4.0,12.0,1,1,3,0,5,23,5,7,16,3
2000112,1.0,0.05,0.9,-1.5850000000000006,-1.5500000000000007,0.03500000000000001,-9,35.0,5.34375,0.15625,0.015625,0.0625,0.5633333333333339,0.5374999999999998,0.9662342020142665,0.05016400395818171,0.9143977826019117,0.049999999999999996,-0.10000000000000009,-1.45,2.0,9.0,0,1,5,0,4,29,2,2,17,4
2000113,0.0,0.05,0.9,5.29196875,5.3,0.008031250000000004,-3,8.03125,2.34375,0.125,0.078125,0.0625,0.576666666666667,0.5124999999999998,0.35913495221911457,0.050040712084601736,0.00736983715092719,0.049999999999999996,-0.8,6.1,4.0,9.0,0,0,8,0,4,35,0,3,10,4
2000114,0.0,0.05,0.9,11.347203125,11.4,0.05279687500000002,-13,52.796875,6.421875,0.25,0.046875,0.0,0.5343750000000004,0.5585937499999997,0.9445882076720583,0.05685194563150363,0.6312053042872536,0.05,-0.75,12.15,3.0,16.0,0,0,5,1,4,24,5,5,20,0
2000115,0.0,0.05,0.9,5.791578125,5.8,0.008421875000000004,-5,8.421875,2.578125,0.15625,0.078125,0.03125,0.545161290322581,0.5145161290322581,0.7346341827476627,0.0502125261303364,0.08211500890762935,0.05000000000000001,-1.1,6.8999999999999995,3.0,12.0,0,0,6,0,10,34,3,1,8,2
2000116,0.0,0.05,0.9,5.482468749999999,5.499999999999999,0.017531250000000012,-6,17.53125,3.78125,0.125,0.03125,0.046875,0.5672131147540987,0.512295081967213,0.7249594090549414,0.050006108090520404,0.36975688032972265,0.04999999999999999,-0.5,5.999999999999999,2.0,8.0,0,0,6,0,9,35,0,1,10,3
2000117,1.0,0.05,0.9,-0.520703125,-0.5,0.020703125000000003,-9,20.703125,3.640625,0.1875,0.046875,0.0625,0.5533333333333336,0.5424999999999996,0.9584264686276325,0.052394976561221884,0.7506117791295867,0.05,-0.050000000000000044,-0.4500000000000002,1.0,14.0,0,0,6,0,5,26,2,5,16,4
2000118,1.0,0.05,0.9,-2.425921875,-2.3499999999999996,0.075921875,-13,75.921875,7.953125,0.234375,0.03125,0.015625,0.5492063492063496,0.564285714285714,0.9684817830998365,0.05308267656974845,0.8641099432657311,0.05,-1.1500000000000001,-1.2,5.0,12.0,0,1,6,0,5,17,3,4,27,1
2000119,0.0,0.05,0.9,4.744765625000001,4.750000000000001,0.005234375000000003,-4,5.234375,1.765625,0.109375,0.046875,0.09375,0.5620689655172417,0.5232758620689653,0.7991806652945528,0.050029922204482075,0.29108280943561116,0.05000000000000001,-0.2,4.95,1.0,9.0,0,0,3,0,7,36,2,0,10,6
2000120,1.0,0.05,0.9,-1.7020937500000004,-1.6500000000000004,0.05209375000000002,-12,52.09375,6.03125,0.21875,0.03125,0.015625,0.53968253968254,0.5619047619047616,0.9894627018413629,0.055947943920737764,0.9470676668546862,0.05000000000000001,-0.6,-1.0500000000000003,2.0,14.0,1,0,4,1,3,23,3,6,22,1
2000121,0.0,0.05,0.9,6.515453124999999,6.549999999999999,0.03454687500000002,-7,34.546875,5.328125,0.171875,0.0625,0.0625,0.5533333333333338,0.5374999999999998,0.7942891241304781,0.05017647114990531,0.262750743511658,0.049999999999999996,0.0,6.549999999999999,0.0,15.0,0,2,7,0,2,25,3,4,17,4
2000122,1.0,0.05,0.9,-1.0122656250000008,-1.0000000000000009,0.01226562500000001,-5,12.265625,3.078125,0.09375,0.015625,0.0625,0.5700000000000004,0.4999999999999999,0.7530956496654104,0.05000098087757927,0.5705219119875776,0.05,-0.30000000000000004,-0.7000000000000002,1.0,6.0,1,0,5,0,5,43,1,0,5,4
2000123,0.0,0.05,0.9,4.497812499999999,4.499999999999999,0.002187500000000001,-2,2.1875,1.0,0.109375,0.078125,0.046875,0.5704918032786889,0.48032786885245893,0.1958309176513886,0.05000960480325898,0.001016592260052812,0.05,-0.5,4.999999999999999,4.0,8.0,1,0,12,0,5,38,0,2,3,3
2000124,0.0,0.05,0.9,6.041453124999999,6.05,0.008546875000000004,-4,8.546875,2.515625,0.140625,0.078125,0.0625,0.5633333333333338,0.5274999999999997,0.7356988485687834,0.050281506787140995,0.050408435937457634,0.05,-0.95,6.999999999999999,4.0,10.0,0,0,4,0,6,35,1,3,11,4
2000125,1.0,0.05,0.9,-1.1360937500000015,-1.1000000000000014,0.03609375000000001,-9,36.09375,5.375,0.171875,0.03125,0.0,0.5312500000000003,0.5515624999999998,0.9000096042467461,0.05007097321236834,0.6867252182780316,0.05,-0.19999999999999996,-0.8999999999999997,1.0,12.0,0,1,2,0,3,33,6,6,13,0
2000126,1.0,0.05,0.9,-1.2744062500000009,-1.2500000000000009,0.024406250000000008,-8,24.40625,4.1875,0.140625,0.015625,0.03125,0.5774193548387102,0.5266129032258062,0.8599221643071504,0.050012952620811714,0.6981332377470759,0.05,-0.7,-0.5499999999999998,3.0,7.0,0,0,5,0,4,37,1,1,14,2
2000127,0.0,0.05,0.9,5.994359375000001,6.000000000000001,0.005640625000000003,-3,5.640625,2.109375,0.15625,0.109375,0.078125,0.5661016949152545,0.5050847457627116,0.5336518780150963,0.050986416454659,0.002740054822261452,0.05,-0.5,6.499999999999999,2.0,15.0,0,1,12,0,3,28,2,2,11,5
2000128,1.0,0.05,0.9,-2.414734374999998,-2.349999999999998,0.06473437500000002,-13,64.734375,6.921875,0.203125,0.0,0.03125,0.5677419354838714,0.5604838709677414,0.9960868377126344,0.055516995554166504,0.9916814407373179,0.05,-0.5,-1.8499999999999999,4.0,9.0,0,1,5,0,4,21,1,3,27,2
2000129,0.0,0.05,0.9,4.988687499999999,4.999999999999999,0.011312500000000005,-4,11.3125,2.59375,0.125,0.0625,0.046875,0.5639344262295085,0.5098360655737703,0.42178590401222926,0.050007227967652536,0.030992364165048518,0.05000000000000001,0.0,4.999999999999999,0.0,12.0,1,0,7,0,6,35,1,1,10,3
2000130,0.0,0.05,0.9,7.084281249999999,7.1,0.01571875000000001,-8,15.71875,3.5,0.15625,0.03125,0.09375,0.5482758620689658,0.5258620689655171,0.8235605615001926,0.05011434425093259,0.5072155849063322,0.05,-0.5,7.6,2.0,10.0,0,0,5,2,5,31,1,4,10,6
2000131,1.0,0.05,0.9,-0.37917187500000143,-0.3500000000000014,0.029171875,-8,29.171875,4.921875,0.171875,0.046875,0.03125,0.5451612903225811,0.5483870967741933,0.748725375767028,0.05007687007406376,0.2727424004672345,0.05,-0.7,0.3500000000000001,3.0,11.0,0,1,3,0,5,29,3,5,16,2
2000132,0.0,0.05,0.9,4.537765624999999,4.549999999999999,0.012234375000000009,-5,12.234375,3.203125,0.109375,0.03125,0.03125,0.5677419354838714,0.5024193548387097,0.7500901033827682,0.050002825874291244,0.40865329079171236,0.05,-0.75,5.299999999999999,2.0,7.0,1,0,5,0,5,44,1,1,5,2
2000133,0.0,0.05,0.9,9.247281249999999,9.299999999999999,0.052718750000000036,-12,52.71875,6.625,0.203125,0.015625,0.03125,0.5580645161290326,0.5459677419354836,0.9469691364502826,0.05035319887025804,0.873265221071789,0.05,0.0,9.299999999999999,0.0,14.0,0,0,4,1,7,27,0,4,19,2
2000134,0.0,0.05,0.9,4.640421875,4.65,0.009578125000000007,-3,9.578125,2.828125,0.140625,0.09375,0.046875,0.5672131147540989,0.5295081967213113,0.44035911547183376,0.05002958015695012,0.013904332143308966,0.049999999999999996,-0.65,5.3,2.0,13.0,0,0,4,1,5,35,0,3,13,3
2000135,1.0,0.05,0.9,-0.3809687500000023,-0.3500000000000023,0.030968750000000017,-8,30.96875,5.09375,0.1875,0.0625,0.0625,0.5733333333333339,0.5424999999999998,0.6874583888418468,0.05025114131551733,0.15399180818974015,0.05000000000000001,-0.75,0.3999999999999999,3.0,13.0,0,0,7,1,2,26,1,2,21,4
2000136,0.0,0.05,0.9,6.779828125,6.8,0.020171875000000006,-7,20.171875,3.984375,0.15625,0.046875,0.0625,0.5600000000000004,0.5299999999999997,0.7497944442234901,0.050076093814873913,0.2860850743036772,0.05,-0.55,7.35,2.0,11.0,0,0,6,0,6,30,2,2,14,4
2000137,0.0,0.05,0.9,4.992125,5.0,0.007875000000000005,-4,7.875,2.5,0.140625,0.078125,0.078125,0.5491525423728818,0.5254237288135593,0.2236366452459005,0.05001678118277409,0.008368920654242416,0.05,-0.8,5.8,3.0,11.0,1,2,3,0,5,32,1,4,11,5
2000138,1.0,0.05,0.9,0.5844843749999996,0.5999999999999996,0.015515625000000012,-8,15.515625,3.328125,0.1875,0.0625,0.078125,0.5389830508474578,0.5406779661016946,0.9393167212402064,0.06000554371375676,0.4707859472823414,0.05,-0.10000000000000009,0.7000000000000002,2.0,14.0,1,1,4,0,5,26,2,6,14,5
2000139,1.0,0.05,0.9,-1.0805000000000007,-1.0500000000000007,0.030500000000000013,-8,30.5,4.8125,0.15625,0.03125,0.046875,0.5770491803278694,0.5245901639344261,0.8646271244973155,0.05005164715840932,0.5765499284380855,0.05,-0.44999999999999996,-0.6000000000000001,3.0,9.0,0,1,5,0,5,34,0,1,15,3
2000140,0.0,0.05,0.9,8.354953124999998,8.399999999999999,0.04504687500000001,-11,45.046875,5.984375,0.171875,0.0,0.046875,0.5639344262295087,0.5442622950819669,0.9519598661121264,0.050101177915604256,0.9268377915378357,0.05,0.0,8.399999999999999,0.0,11.0,0,0,4,0,5,30,2,2,18,3
2000141,0.0,0.05,0.9,7.376046874999999,7.3999999999999995,0.023953125,-6,23.953125,4.328125,0.1875,0.09375,0.03125,0.5516129032258068,0.5362903225806449,0.31112195502157486,0.05027624491562037,0.008308465772424972,0.05,-1.6500000000000001,9.049999999999999,6.0,12.0,0,0,7,0,5,28,2,6,14,2
2000142,0.0,0.05,0.9,9.242624999999999,9.299999999999999,0.05737500000000003,-12,57.375,6.84375,0.21875,0.03125,0.078125,0.5423728813559323,0.5457627118644066,0.9691692282643695,0.052939908288289275,0.876377730445291,0.05,-0.3,9.6,1.0,15.0,0,2,5,1,5,21,1,6,18,5
2000143,1.0,0.05,0.9,-0.6725781250000004,-0.6500000000000004,0.022578125000000004,-9,22.578125,3.890625,0.171875,0.03125,0.03125,0.5806451612903232,0.5338709677419352,0.9587125272742267,0.05056171813354824,0.8138185210718477,0.05000000000000001,-1.05,0.40000000000000036,6.0,7.0,0,1,7,0,2,30,0,3,19,2
2000144,0.0,0.05,0.9,4.34784375,4.35,0.0021562500000000015,-3,2.15625,1.1875,0.09375,0.046875,0.046875,0.5836065573770497,0.5098360655737704,0.33736676826104733,0.050001463115483535,0.029742833870099395,0.05000000000000001,-0.45,4.8,3.0,6.0,0,0,4,0,4,45,0,1,7,3
2000145,0.0,0.05,0.9,4.5479375,4.55,0.0020625000000000014,-2,2.0625,1.09375,0.125,0.09375,0.03125,0.5548387096774198,0.4854838709677419,0.4635128731766971,0.050027837348397095,0.0023100549168473396,0.05,-1.0,5.55,5.0,9.0,2,1,8,0,5,41,1,2,2,2
2000146,0.0,0.05,0.9,9.661015624999997,9.699999999999998,0.038984375,-10,38.984375,5.640625,0.21875,0.0625,0.0625,0.5500000000000005,0.5549999999999997,0.9762029943486878,0.07586409620856588,0.7286274323081109,0.05,-1.1,10.799999999999999,3.0,15.0,0,0,4,0,5,25,2,6,18,4
2000147,1.0,0.05,0.9,-2.8560468750000005,-2.8000000000000007,0.05604687500000003,-13,56.046875,6.703125,0.203125,0.0,0.03125,0.5322580645161293,0.5483870967741932,0.9907391383345496,0.05175627494115585,0.9824296247233222,0.05,-1.1,-1.6999999999999997,6.0,7.0,0,1,3,2,7,25,3,3,18,2
2000148,1.0,0.05,0.9,-1.854265624999999,-1.799999999999999,0.05426562500000001,-12,54.265625,6.203125,0.203125,0.015625,0.046875,0.5704918032786891,0.5565573770491801,0.9910252639153692,0.05572448723865008,0.9731513865181639,0.05,-0.10000000000000009,-1.6999999999999995,2.0,12.0,0,0,4,0,3,27,1,4,22,3
2000149,0.0,0.05,0.9,5.5435156249999995,5.55,0.006484375000000004,-3,6.484375,2.234375,0.125,0.078125,0.015625,0.571428571428572,0.49047619047619034,0.06649445179402823,0.05000867620765832,0.00031984814822723443,0.05,-0.55,6.1,5.0,8.0,0,0,14,0,7,32,0,2,8,1
2000150,0.0,0.05,0.9,7.2758281249999985,7.299999999999999,0.024171875000000013,-9,24.171875,4.109375,0.15625,0.015625,0.03125,0.5483870967741938,0.5435483870967739,0.9303829763695979,0.05004619387345364,0.8575755731491917,0.05,-0.55,7.85,1.0,10.0,0,0,5,0,5,29,4,3,16,2
2000151,0.0,0.05,0.9,6.740031250000002,6.750000000000002,0.009968750000000005,-3,9.96875,2.46875,0.171875,0.125,0.015625,0.5587301587301591,0.514285714285714,0.5716324714167735,0.05419915730370167,0.0007346244108782545,0.05,-1.7000000000000002,8.45,7.0,12.0,0,0,9,1,7,31,0,4,11,1
2000152,0.0,0.05,0.9,8.17096875,8.2,0.029031249999999988,-8,29.03125,5.09375,0.203125,0.078125,0.046875,0.5573770491803284,0.5467213114754096,0.8665184987474859,0.05294688779501848,0.2548393642963962,0.05,-0.35000000000000003,8.549999999999999,1.0,17.0,0,1,5,0,6,24,0,6,19,3
2000153,1.0,0.05,0.9,-1.480671875,-1.4500000000000002,0.030671875000000005,-9,30.671875,4.953125,0.171875,0.03125,0.046875,0.5508196721311478,0.5295081967213112,0.8274177099194752,0.050066302710101304,0.5262093444140625,0.05,-0.95,-0.5000000000000002,4.0,9.0,1,1,6,0,7,26,2,1,17,3
2000154,1.0,0.05,0.9,0.6437968750000004,0.6500000000000004,0.006203125000000004,-6,6.203125,1.796875,0.140625,0.046875,0.015625,0.5809523809523814,0.5023809523809522,0.8866373412009768,0.050139164665372465,0.33074176231603347,0.05,-0.6499999999999999,1.2999999999999998,4.0,8.0,0,1,9,0,4,38,0,1,10,1
2000155,1.0,0.05,0.9,-1.242656250000003,-1.2000000000000028,0.042656250000000014,-12,42.65625,5.71875,0.21875,0.03125,0.015625,0.5650793650793653,0.5547619047619043,0.9966267213157363,0.07289607965132339,0.9771609081714872,0.049999999999999996,-0.3500000000000001,-0.8500000000000001,4.0,12.0,0,0,5,0,5,25,1,4,23,1
2000156,0.0,0.05,0.9,6.1407656249999985,6.149999999999999,0.009234375000000006,-4,9.234375,2.640625,0.15625,0.09375,0.046875,0.5573770491803284,0.5344262295081965,0.3920370976495782,0.05010179049060691,0.010049460565170924,0.049999999999999996,-0.75,6.899999999999999,3.0,13.0,1,0,5,1,3,31,1,4,15,3
2000157,1.0,0.05,0.9,-2.5199843750000013,-2.450000000000001,0.06998437500000002,-14,69.984375,7.515625,0.234375,0.015625,0.03125,0.5387096774193553,0.5725806451612898,0.998525092947542,0.09341901830789585,0.9933312739958492,0.05000000000000001,-0.6000000000000001,-1.8500000000000003,6.0,10.0,1,0,4,0,5,17,4,4,27,2
2000158,1.0,0.05,0.9,-2.83403125,-2.75,0.08403125,-13,84.03125,8.4375,0.203125,0.0,0.015625,0.5460317460317464,0.5880952380952377,0.9860556016054909,0.05097637550154635,0.9747221760440916,0.049999999999999996,-0.3999999999999999,-2.3499999999999996,2.0,11.0,0,0,2,0,4,18,4,5,30,1
2000159,0.0,0.05,0.9,5.034171874999999,5.049999999999999,0.015828125000000012,-4,15.828125,3.765625,0.140625,0.078125,0.046875,0.5409836065573775,0.5319672131147539,0.560385704466996,0.05002790611504654,0.051359982225038306,0.05,-1.3,6.35,4.0,10.0,0,1,7,1,6,25,3,3,15,3
2000160,1.0,0.05,0.9,-0.855281249999999,-0.7999999999999989,0.05528125000000001,-11,55.28125,6.59375,0.21875,0.046875,0.03125,0.5129032258064519,0.5629032258064514,0.9823875244111292,0.06174301739037109,0.8499207306580254,0.05,-0.40000000000000013,-0.3999999999999999,3.0,14.0,1,1,3,1,4,21,6,6,19,2
2000161,1.0,0.05,0.9,-0.5200000000000009,-0.5000000000000009,0.020000000000000014,-8,20.0,3.78125,0.15625,0.03125,0.046875,0.5672131147540989,0.5344262295081965,0.91509912819692,0.05015825738705457,0.6893666221756908,0.05,-0.44999999999999996,-0.04999999999999982,3.0,9.0,0,0,4,1,7,31,0,1,17,3
2000162,0.0,0.05,0.9,5.447968749999999,5.449999999999999,0.0020312500000000014,-3,2.03125,1.15625,0.140625,0.09375,0.046875,0.570491803278689,0.49016393442622946,0.08399746457314819,0.0500386750121827,0.00033395444821071325,0.05,-0.5,5.949999999999999,4.0,11.0,0,0,9,0,8,39,0,1,4,3
2000163,1.0,0.05,0.9,-1.8394843750000007,-1.8000000000000007,0.03948437500000002,-10,39.484375,5.171875,0.171875,0.015625,0.046875,0.570491803278689,0.5344262295081964,0.9339768656678831,0.050149564905676944,0.8485529833844692,0.05,-0.3999999999999999,-1.4,2.0,10.0,2,0,5,0,4,29,0,1,20,3
2000164,1.0,0.05,0.9,-1.8489218750000007,-1.8000000000000007,0.048921875000000024,-10,48.921875,6.421875,0.1875,0.03125,0.046875,0.5508196721311479,0.5516393442622947,0.9670517198563471,0.05059809441147724,0.8749941333824375,0.05,-0.7,-1.1,4.0,10.0,1,2,3,0,9,19,0,2,25,3
2000165,1.0,0.05,0.9,-1.2365625000000002,-1.2000000000000002,0.03656250000000002,-9,36.5625,5.625,0.171875,0.03125,0.046875,0.5606557377049186,0.5295081967213113,0.9480896564305947,0.05035577430728099,0.8151145577469759,0.05,-0.5,-0.6999999999999997,2.0,11.0,1,1,2,1,4,36,0,3,13,3
2000166,0.0,0.05,0.9,7.037593749999999,7.049999999999999,0.01240625000000001,-6,12.40625,2.78125,0.15625,0.0625,0.046875,0.5704918032786891,0.5049180327868851,0.17017446359416064,0.05002847781585134,0.006500005210690344,0.05,-0.09999999999999998,7.1499999999999995,2.0,12.0,1,0,11,0,6,29,0,1,13,3
2000167,0.0,0.05,0.9,4.934390624999999,4.949999999999999,0.01560937500000001,-6,15.609375,3.765625,0.125,0.03125,0.046875,0.567213114754099,0.5098360655737705,0.6699134591465589,0.0500025137185908,0.3328543450688528,0.04999999999999999,-0.35000000000000003,5.299999999999999,1.0,9.0,1,0,5,1,4,40,0,2,8,3
2000168,1.0,0.05,0.9,-3.2278906250000006,-3.1500000000000004,0.077890625,-13,77.890625,8.171875,0.203125,0.0,0.046875,0.5639344262295086,0.5786885245901635,0.9706403039926265,0.050642378884169906,0.9515015380994617,0.05,-0.8999999999999999,-2.25,4.0,9.0,0,0,3,0,2,21,2,5,28,3
2000169,1.0,0.05,0.9,-1.3252968750000007,-1.3000000000000007,0.025296875000000014,-9,25.296875,3.953125,0.15625,0.015625,0.046875,0.5508196721311479,0.5516393442622947,0.8999658342203843,0.05005958714963509,0.7654355788403532,0.05000000000000001,-0.3999999999999999,-0.8999999999999997,2.0,9.0,0,0,5,0,3,27,5,2,19,3
2000170,0.0,0.05,0.9,8.021140625000001,8.05,0.028859375,-7,28.859375,4.921875,0.203125,0.09375,0.03125,0.5483870967741941,0.5532258064516127,0.6578595042041095,0.053224468714234995,0.03287133872341709,0.05000000000000001,-1.7500000000000002,9.8,6.0,13.0,1,2,6,0,2,20,3,4,24,2
2000171,1.0,0.05,0.9,-1.538390625,-1.5,0.03839062500000001,-10,38.390625,5.671875,0.171875,0.015625,0.046875,0.5639344262295086,0.5590163934426227,0.9885301875379707,0.05081836101038861,0.9681690000502695,0.05000000000000002,-0.3500000000000001,-1.15,4.0,8.0,0,0,3,0,4,27,1,5,21,3
2000172,0.0,0.05,0.9,4.591921875,4.6,0.008078125000000005,-3,8.078125,2.671875,0.125,0.078125,0.0625,0.5466666666666671,0.5175,0.5069185972777976,0.05002499196651253,0.022568398817778376,0.049999999999999996,-1.05,5.65,4.0,9.0,0,2,3,0,5,38,3,3,6,4
2000173,1.0,0.05,0.9,-1.1420156250000015,-1.1000000000000014,0.04201562500000003,-10,42.015625,5.484375,0.203125,0.046875,0.015625,0.5365079365079369,0.552380952380952,0.643183484645747,0.050175423485632656,0.1576906278032746,0.05,-0.5,-0.6000000000000001,2.0,14.0,1,1,4,0,8,21,2,5,21,1
2000174,1.0,0.05,0.9,-2.0488750000000002,-2.0,0.048875000000000016,-11,48.875,6.375,0.203125,0.03125,0.015625,0.555555555555556,0.5499999999999997,0.9258541547336724,0.050300639811468865,0.7250285895943235,0.05,-0.19999999999999996,-1.8000000000000003,1.0,14.0,0,1,5,0,8,22,1,3,23,1
2000175,0.0,0.05,0.9,8.91846875,8.950000000000001,0.03153125000000001,-8,31.53125,5.1875,0.21875,0.09375,0.046875,0.5475409836065576,0.5565573770491801,0.7934849175001081,0.05965281499973321,0.0863509009136364,0.05,-1.2000000000000002,10.15,4.0,16.0,0,0,6,0,6,20,1,8,20,3
2000176,1.0,0.05,0.9,-2.615515625000001,-2.5500000000000007,0.06551562500000001,-13,65.515625,6.890625,0.203125,0.0,0.015625,0.5587301587301592,0.5619047619047615,0.9925701919850091,0.052026050456592546,0.9854652126631191,0.05,-0.44999999999999996,-2.0999999999999996,3.0,10.0,1,0,4,1,2,24,1,5,25,1
2000177,0.0,0.05,0.9,6.6908593750000005,6.7,0.009140625000000005,-6,9.140625,2.328125,0.15625,0.0625,0.125,0.560714285714286,0.5107142857142856,0.3608340162281876,0.05025951346806514,0.022937670538559357,0.049999999999999996,-0.6000000000000001,7.3,3.0,11.0,0,0,7,0,4,34,3,1,7,8
2000178,0.0,0.05,0.9,4.54771875,4.55,0.0022812500000000016,-1,2.28125,1.21875,0.125,0.109375,0.09375,0.5551724137931039,0.4870689655172414,0.11095634575355129,0.05026981721682891,8.670199571657761e-05,0.05,-1.25,5.8,7.0,8.0,0,0,10,1,10,32,0,1,4,6
2000179,1.0,0.05,0.9,-2.162453125,-2.0999999999999996,0.062453125000000026,-12,62.453125,7.046875,0.21875,0.03125,0.03125,0.5451612903225812,0.5701612903225802,0.9743598354511788,0.05234864354826142,0.886771940376727,0.05,-1.35,-0.7500000000000002,6.0,10.0,0,1,4,1,5,17,2,5,27,2
2000180,0.0,0.05,0.9,4.6410937500000005,4.65,0.008906250000000006,-5,8.90625,2.34375,0.109375,0.03125,0.015625,0.5777777777777784,0.5047619047619046,0.6975450013654111,0.05000144663553201,0.3330643368896268,0.05,0.0,4.65,0.0,9.0,1,0,7,0,3,42,1,0,9,1
2000181,0.0,0.05,0.9,8.524874999999998,8.549999999999997,0.025125000000000005,-7,25.125,4.625,0.21875,0.109375,0.046875,0.5409836065573775,0.5442622950819668,0.40067749991596063,0.05482012108600577,0.00669361782735294,0.05000000000000002,-1.45,10.0,5.0,16.0,0,0,6,0,8,23,3,4,17,3
2000182,0.0,0.05,0.9,6.775968749999998,6.799999999999998,0.024031250000000004,-6,24.03125,4.5,0.15625,0.0625,0.09375,0.562068965517242,0.5362068965517239,0.539995791177115,0.050128199820778686,0.06618687252340708,0.049999999999999996,-0.6499999999999999,7.449999999999999,3.0,11.0,1,0,4,0,4,30,0,5,14,6
2000183,1.0,0.05,0.9,-0.6797187500000013,-0.6500000000000012,0.029718750000000023,-8,29.71875,4.8125,0.171875,0.046875,0.03125,0.5612903225806457,0.5435483870967739,0.7771876584282145,0.050064418644031876,0.33444581369129933,0.049999999999999996,-0.30000000000000004,-0.3500000000000001,1.0,13.0,1,0,7,0,5,23,1,3,22,2
2000184,1.0,0.05,0.9,-0.9277031250000004,-0.9000000000000004,0.027703125000000016,-8,27.703125,4.734375,0.171875,0.046875,0.046875,0.5377049180327872,0.5491803278688521,0.8589673239482014,0.05011958833867553,0.4718682671463302,0.05,-0.25,-0.6499999999999999,2.0,12.0,1,1,4,0,3,26,4,5,17,3
2000185,1.0,0.05,0.9,-0.6379531249999979,-0.5999999999999979,0.037953125000000004,-9,37.953125,4.921875,0.1875,0.046875,0.03125,0.5612903225806455,0.5411290322580641,0.8479686368733057,0.05034522703093045,0.41715255679174273,0.05,-0.5999999999999999,0.0,3.0,12.0,0,0,4,0,6,31,0,6,15,2
2000186,0.0,0.05,0.9,5.085296875,5.1,0.01470312500000001,-5,14.703125,3.359375,0.125,0.046875,0.03125,0.5645161290322586,0.5169354838709674,0.7966623222250077,0.050012310794785714,0.32784713464333276,0.05,-0.2,5.3,1.0,10.0,0,1,7,1,4,34,1,2,12,2
2000187,1.0,0.05,0.9,-2.5948906250000006,-2.5500000000000007,0.04489062500000002,-12,44.890625,5.890625,0.203125,0.015625,0.015625,0.5492063492063496,0.5499999999999996,0.9720608823171439,0.05052155065299682,0.9303756474032393,0.05,-0.6000000000000001,-1.95,3.0,11.0,0,1,4,0,5,27,2,6,18,1
2000188,1.0,0.05,0.9,-0.8260781250000008,-0.8000000000000007,0.02607812500000001,-8,26.078125,4.578125,0.15625,0.03125,0.046875,0.5573770491803284,0.5418032786885242,0.8543303376036672,0.05005727274211219,0.5356068446873691,0.05,-0.7000000000000002,-0.09999999999999964,3.0,9.0,0,2,2,0,6,30,2,1,18,3
2000189,1.0,0.05,0.9,-2.511468750000003,-2.450000000000003,0.06146875000000003,-13,61.46875,6.78125,0.203125,0.0,0.0625,0.536666666666667,0.5649999999999996,0.9957600775060514,0.058194832723395665,0.9910090290458031,0.049999999999999996,-0.6499999999999999,-1.8,5.0,8.0,0,0,3,0,6,22,4,5,20,4
2000190,0.0,0.05,0.9,7.91771875,7.949999999999999,0.032281250000000004,-9,32.28125,5.0,0.171875,0.03125,0.03125,0.5645161290322586,0.5459677419354837,0.9660351443718876,0.05033779583330367,0.870617190573034,0.05,-0.8,8.75,2.0,11.0,0,0,5,0,4,29,1,5,18,2
2000191,1.0,0.05,0.9,-2.619140624999999,-2.549999999999999,0.06914062500000004,-11,69.140625,7.296875,0.171875,0.0,0.078125,0.5762711864406784,0.5457627118644066,0.9715299213421028,0.05030574926666899,0.9538167706807199,0.05,-0.40000000000000013,-2.15,2.0,9.0,0,0,5,0,3,28,0,4,19,5
2000192,0.0,0.05,0.9,9.194796875,9.25,0.05520312500000002,-11,55.203125,6.734375,0.21875,0.046875,0.015625,0.5460317460317464,0.5690476190476187,0.8902532195075828,0.050526622767852775,0.5549811921645655,0.05,0.0,9.25,0.0,17.0,0,0,4,0,4,22,4,5,24,1
2000193,0.0,0.05,0.9,4.6979375,4.7,0.0020625000000000014,-3,2.0625,1.125,0.125,0.078125,0.015625,0.5587301587301591,0.5095238095238094,0.5284039245186452,0.05001167332863255,0.02286901712816676,0.05,-0.9000000000000001,5.6,3.0,10.0,1,0,6,0,7,38,2,0,9,1
2000194,0.0,0.05,0.9,7.268546875000001,7.300000000000001,0.031453125000000005,-7,31.453125,4.734375,0.1875,0.078125,0.015625,0.5492063492063496,0.5428571428571426,0.6554159680895724,0.050217314786158075,0.08517143575348898,0.05,-1.2500000000000002,8.549999999999999,4.0,13.0,0,1,5,0,9,24,1,4,19,1
2000195,1.0,0.05,0.9,-1.9397812499999987,-1.8999999999999986,0.03978125000000001,-10,39.78125,4.90625,0.171875,0.015625,0.03125,0.5645161290322585,0.5435483870967738,0.9809725400815165,0.050321760711395436,0.9526395992240592,0.049999999999999996,-0.19999999999999996,-1.6999999999999997,1.0,11.0,1,0,5,0,3,29,1,4,19,2
2000196,1.0,0.05,0.9,-1.3860781249999996,-1.3499999999999996,0.036078124999999996,-10,36.078125,5.171875,0.171875,0.015625,0.046875,0.5639344262295087,0.5418032786885243,0.9567001316576743,0.050349244368853296,0.8777670271871032,0.05,-0.95,-0.3999999999999997,5.0,7.0,0,1,3,0,6,30,1,2,18,3
2000197,1.0,0.05,0.9,-1.4314843750000004,-1.4000000000000004,0.03148437500000002,-8,31.484375,5.203125,0.15625,0.03125,0.046875,0.5344262295081971,0.5418032786885244,0.7545190610696444,0.05001357905671409,0.43485218983383134,0.05000000000000001,0.0,-1.4000000000000004,0.0,12.0,0,0,5,0,7,27,5,3,14,3
2000198,1.0,0.05,0.9,-0.8487656250000007,-0.8000000000000007,0.04876562500000001,-11,48.765625,6.046875,0.203125,0.03125,0.046875,0.5540983606557381,0.5565573770491801,0.9692210295716309,0.05811067981919953,0.8055434136293889,0.05000000000000001,-1.0999999999999999,0.2999999999999998,5.0,10.0,0,0,8,0,1,21,4,5,22,3
2000199,0.0,0.05,0.9,6.228453124999998,6.249999999999998,0.02154687500000001,-6,21.546875,4.328125,0.15625,0.0625,0.015625,0.555555555555556,0.5285714285714286,0.8041930290151852,0.05009050727731738,0.23153423129230402,0.05000000000000002,-0.95,7.199999999999998,3.0,11.0,1,0,6,0,5,32,1,5,13,1
2000200,1.0,0.05,0.9,-1.2527968750000011,-1.200000000000001,0.052796875,-10,52.796875,6.203125,0.1875,0.03125,0.03125,0.5483870967741938,0.5653225806451609,0.9622057239978734,0.05069332805384585,0.8588031203427074,0.05,-0.3999999999999999,-0.7999999999999998,3.0,11.0,0,0,3,0,4,25,4,4,22,2
2000201,0.0,0.05,0.9,4.039656250000001,4.050000000000001,0.010343750000000006,0,10.34375,2.625,0.15625,0.15625,0.078125,0.56271186440678,0.49999999999999983,0.48327126343227306,0.051471330744803145,0.00019578729813321693,0.05,-2.2,6.25,8.0,12.0,0,1,14,0,6,23,1,2,12,5
2000202,1.0,0.05,0.9,-1.851171874999999,-1.799999999999999,0.05117187500000002,-12,51.171875,6.234375,0.203125,0.015625,0.03125,0.5677419354838716,0.550806451612903,0.9901490336666838,0.0537014308157222,0.9647989824734415,0.05,-0.55,-1.25,5.0,9.0,0,0,5,0,3,28,2,3,21,2
2000203,0.0,0.05,0.9,4.399328124999999,4.3999999999999995,0.0006718750000000004,-1,0.671875,0.640625,0.125,0.109375,0.078125,0.5830508474576276,0.48983050847457626,0.26803699587724916,0.05012517233050788,0.00034338432458964235,0.05000000000000001,-0.8500000000000001,5.25,5.0,10.0,0,0,11,0,4,37,0,1,6,5
2000204,0.0,0.05,0.9,7.881359374999999,7.899999999999999,0.018640625000000008,-7,18.640625,3.453125,0.1875,0.078125,0.015625,0.5492063492063497,0.5619047619047617,0.7171571375278651,0.05049872228053982,0.10333952917744557,0.05,-1.55,9.450000000000001,5.0,12.0,0,0,5,0,2,25,3,8,20,1
2000205,0.0,0.05,0.9,6.875671875,6.9,0.024328125000000006,-6,24.328125,4.515625,0.1875,0.09375,0.109375,0.547368421052632,0.5289473684210524,0.7415799097362873,0.05750166326571225,0.060188504768525684,0.049999999999999996,-1.2500000000000002,8.15,3.0,15.0,0,0,5,1,7,28,1,4,11,7
2000206,0.0,0.05,0.9,5.880406249999999,5.8999999999999995,0.019593750000000004,-7,19.59375,3.78125,0.125,0.015625,0.03125,0.5709677419354844,0.5266129032258063,0.901571253967948,0.05000743429948728,0.7869356813384439,0.05,-0.3,6.199999999999999,1.0,8.0,0,0,4,0,3,40,2,2,11,2
2000207,0.0,0.05,0.9,8.274984374999999,8.299999999999999,0.025015625000000014,-9,25.015625,4.296875,0.1875,0.046875,0.03125,0.5354838709677423,0.5387096774193546,0.8188697758979502,0.05025533915739921,0.3646000998586055,0.05,-0.65,8.950000000000001,2.0,13.0,0,1,5,0,6,28,4,5,13,2
2000208,1.0,0.05,0.9,-1.7108437500000004,-1.6500000000000004,0.060843750000000016,-13,60.84375,6.71875,0.21875,0.015625,0.046875,0.5672131147540987,0.5786885245901635,0.9980262911000657,0.09025234630864812,0.9901377161719979,0.05000000000000001,-0.6500000000000001,-1.0,4.0,11.0,0,0,4,0,3,18,1,5,30,3
2000209,1.0,0.05,0.9,-2.2904687500000027,-2.200000000000003,0.09046874999999999,-16,90.46875,8.5625,0.265625,0.015625,0.046875,0.5180327868852463,0.588524590163934,0.9999311008529435,0.26898992399286675,0.9971880375624544,0.05000000000000002,-1.1,-1.1,9.0,9.0,1,0,2,1,3,15,6,6,27,3
2000210,0.0,0.05,0.9,8.283406249999999,8.299999999999999,0.01659375000000001,-8,16.59375,3.4375,0.1875,0.0625,0.03125,0.5516129032258066,0.5314516129032255,0.6174086236585696,0.050262606250587455,0.08375749149561383,0.05,-0.8,9.1,4.0,12.0,0,1,6,0,9,26,1,3,16,2
2000211,1.0,0.05,0.9,-1.850968749999999,-1.799999999999999,0.05096875000000001,-11,50.96875,6.40625,0.1875,0.015625,0.015625,0.5587301587301592,0.5547619047619046,0.961974353113081,0.05033643567044345,0.8905797780107951,0.049999999999999996,-0.050000000000000044,-1.7499999999999998,1.0,12.0,0,0,4,0,4,28,2,5,20,1
2000212,0.0,0.05,0.9,5.7938906249999995,5.8,0.0061093750000000046,-4,6.109375,1.953125,0.15625,0.09375,0.046875,0.5540983606557381,0.5245901639344261,0.28426771645933907,0.05008224679541361,0.005033227986899832,0.05,-0.7,6.5,3.0,13.0,1,0,7,2,3,30,1,3,14,3
2000213,0.0,0.05,0.9,6.488640625000003,6.500000000000003,0.011359375000000007,-5,11.359375,2.921875,0.1875,0.109375,0.03125,0.5225806451612905,0.5338709677419353,0.8031795417709294,0.05350442238603325,0.035484826151142665,0.05,-1.6500000000000001,8.15,5.0,14.0,1,1,5,0,12,22,2,5,14,2
2000214,0.0,0.05,0.9,7.180234375000001,7.200000000000001,0.019765625000000012,-7,19.765625,3.984375,0.203125,0.09375,0.03125,0.5354838709677421,0.5435483870967739,0.5542322797900809,0.05031908458046448,0.03225164405698959,0.05000000000000001,-1.4000000000000001,8.600000000000001,5.0,14.0,2,1,5,0,7,21,2,4,20,2
2000215,1.0,0.05,0.9,-0.7437187499999993,-0.6999999999999993,0.04371875,-9,43.71875,5.53125,0.171875,0.03125,0.015625,0.5650793650793656,0.5380952380952378,0.9418731052981737,0.0502653563040164,0.7693080408340263,0.05000000000000001,-0.25,-0.4499999999999996,2.0,11.0,0,0,5,1,6,30,0,3,18,1
2000216,1.0,0.05,0.9,-2.9596718749999984,-2.8999999999999986,0.05967187500000003,-12,59.671875,6.671875,0.203125,0.015625,0.046875,0.5573770491803284,0.55655737704918,0.9353154132401187,0.050299069930832975,0.8519430845021758,0.05,-0.6000000000000001,-2.3000000000000007,2.0,12.0,0,0,6,0,5,21,2,4,23,3
2000217,0.0,0.05,0.9,7.616484375000001,7.65,0.03351562499999999,-8,33.515625,5.296875,0.203125,0.078125,0.0625,0.526666666666667,0.5425,0.9355188095458841,0.05698688119723283,0.42853832415751114,0.05,-1.5000000000000002,9.15,4.0,14.0,2,2,6,0,4,19,2,8,17,4
2000218,1.0,0.05,0.9,-2.7178437500000006,-2.6500000000000004,0.06784375000000002,-14,67.84375,6.9375,0.21875,0.0,0.03125,0.5451612903225811,0.5604838709677414,0.9968300660932817,0.06220303137795248,0.9928699243112025,0.05,-1.2,-1.45,8.0,6.0,0,0,5,1,5,21,3,4,23,2
2000219,1.0,0.05,0.9,-2.1459999999999995,-2.0999999999999996,0.046000000000000006,-11,46.0,5.5,0.171875,0.0,0.03125,0.5709677419354844,0.543548387096774,0.9918703341993906,0.05055689560494704,0.9846757651121752,0.05,-0.6499999999999999,-1.45,4.0,7.0,0,1,3,0,4,32,0,4,18,2
2000220,1.0,0.05,0.9,-1.5818750000000008,-1.5500000000000007,0.03187500000000001,-10,31.875,4.6875,0.171875,0.015625,0.046875,0.573770491803279,0.5344262295081964,0.9651650954088496,0.05034571396875846,0.9104992526786523,0.05,-0.8499999999999999,-0.7,5.0,7.0,0,0,5,0,7,30,0,1,18,3
2000221,1.0,0.05,0.9,-2.2875625000000017,-2.2500000000000018,0.03756250000000002,-12,37.5625,5.15625,0.1875,0.0,0.046875,0.5606557377049183,0.5393442622950817,0.9938556586702928,0.05216568172165452,0.9878340981765091,0.05,-0.6500000000000001,-1.5999999999999999,5.0,7.0,0,0,4,0,7,30,0,5,15,3
2000222,0.0,0.05,0.9,9.883296875000001,9.950000000000001,0.066703125,-13,66.703125,7.453125,0.234375,0.03125,0.015625,0.5587301587301591,0.5619047619047616,0.9156925182929361,0.05075376188812353,0.6959935579928505,0.05,-0.55,10.5,2.0,15.0,2,1,4,0,3,20,0,5,28,1
2000223,0.0,0.05,0.9,5.995859374999999,5.999999999999999,0.004140625000000003,-4,4.140625,1.640625,0.140625,0.078125,0.046875,0.570491803278689,0.4950819672131146,0.28996918481327727,0.050051429920054805,0.00476243455546005,0.05,-0.7,6.699999999999999,4.0,10.0,1,1,9,0,3,38,1,1,7,3
2000224,0.0,0.05,0.9,4.745718749999999,4.749999999999999,0.004281250000000003,-4,4.28125,1.8125,0.109375,0.046875,0.078125,0.5694915254237293,0.4872881355932202,0.37250525137037377,0.050006513830570455,0.030330954181014697,0.05,-0.25,5.0,2.0,8.0,1,1,8,0,3,41,1,1,3,5
2000225,1.0,0.05,0.9,-3.042859375,-3.0,0.04285937500000001,-12,42.859375,5.171875,0.203125,0.015625,0.03125,0.5322580645161293,0.5435483870967739,0.9289466478966194,0.05019653347683062,0.8346520043727147,0.05,-0.30000000000000004,-2.6999999999999997,1.0,13.0,0,2,3,1,11,22,1,4,18,2
2000226,0.0,0.05,0.9,5.29728125,5.3,0.002718750000000002,-3,2.71875,1.40625,0.140625,0.09375,0.09375,0.5551724137931038,0.5051724137931034,0.47616593946969515,0.0503315799707452,0.004577236560673062,0.05,-1.1,6.3999999999999995,5.0,10.0,1,0,6,1,5,36,2,0,7,6
2000227,0.0,0.05,0.9,9.275359375,9.3,0.024640625000000006,-8,24.640625,4.390625,0.234375,0.109375,0.046875,0.521311475409836,0.5467213114754096,0.8025220332929602,0.094606112882611,0.03636273152469277,0.05,-1.8000000000000003,11.099999999999998,6.0,16.0,1,2,4,0,9,19,1,9,16,3
2000228,0.0,0.05,0.9,7.236124999999999,7.249999999999998,0.01387500000000001,-7,13.875,3.15625,0.15625,0.046875,0.046875,0.5704918032786891,0.5196721311475407,0.7100894849588673,0.05009994247942552,0.19686547231540938,0.049999999999999996,-0.6000000000000001,7.849999999999999,3.0,10.0,0,0,5,0,7,36,1,0,12,3
2000229,0.0,0.05,0.9,9.26184375,9.3,0.03815625000000002,-10,38.15625,5.21875,0.21875,0.0625,0.0,0.5500000000000003,0.5609374999999996,0.9188769397434854,0.05193089765844212,0.4864300295455764,0.05,-0.55,9.85,2.0,16.0,0,0,3,1,5,26,1,7,21,0
2000230,1.0,0.05,0.9,-3.569375000000001,-3.450000000000001,0.119375,-17,119.375,9.53125,0.28125,0.015625,0.03125,0.5258064516129036,0.5943548387096769,0.9981341578678393,0.17078438721142816,0.9869740086950706,0.05000000000000002,-0.44999999999999996,-2.9999999999999996,3.0,16.0,0,1,3,1,3,11,5,7,31,2
2000231,0.0,0.05,0.9,4.346796875,4.35,0.003203125000000002,-3,3.203125,1.515625,0.109375,0.0625,0.0625,0.5733333333333338,0.5125,0.36517824283597444,0.05000343581736958,0.02486420399751646,0.05,-0.6000000000000001,4.949999999999999,3.0,8.0,0,0,6,0,4,39,1,2,8,4
2000232,0.0,0.05,0.9,6.240859374999999,6.249999999999999,0.009140625000000006,-5,9.140625,2.703125,0.15625,0.078125,0.015625,0.5746031746031752,0.5214285714285714,0.701108181297116,0.05013221969974349,0.06262689404925864,0.049999999999999996,-1.05,7.3,4.0,11.0,0,0,7,0,5,35,1,1,14,1
2000233,0.0,0.05,0.9,9.063671874999999,9.1,0.036328125,-9,36.328125,5.390625,0.203125,0.0625,0.015625,0.5492063492063496,0.5380952380952377,0.8035721837536088,0.05121510019657239,0.18381250829720677,0.05000000000000001,-0.35,9.45,2.0,15.0,0,1,5,0,7,28,3,2,17,1
2000234,1.0,0.05,0.9,-2.1557968749999996,-2.0999999999999996,0.055796875,-11,55.796875,6.828125,0.203125,0.03125,0.046875,0.5540983606557383,0.5663934426229504,0.751903675181663,0.05023845112245278,0.36547455624665526,0.05,-0.19999999999999996,-1.9000000000000001,1.0,14.0,0,1,6,1,5,14,1,4,29,3
2000235,1.0,0.05,0.9,-0.17070312500000037,-0.15000000000000036,0.020703125000000013,-8,20.703125,3.640625,0.171875,0.046875,0.0625,0.566666666666667,0.5224999999999997,0.8804883546809378,0.05068129420494243,0.3966182231226686,0.05,-0.9500000000000002,0.8,5.0,9.0,0,0,7,1,6,30,0,2,14,4
2000236,0.0,0.05,0.9,6.282546874999999,6.299999999999999,0.017453125000000007,-4,17.453125,3.828125,0.15625,0.09375,0.0625,0.5600000000000005,0.5374999999999998,0.7399564065842313,0.051009332840367974,0.0259768470798081,0.05000000000000001,-1.3,7.6,5.0,11.0,1,0,6,1,4,26,1,2,19,4
2000237,1.0,0.05,0.9,0.220125,0.25,0.029875000000000013,-8,29.875,4.8125,0.1875,0.0625,0.046875,0.5573770491803283,0.5418032786885243,0.772761344255155,0.05066148111917827,0.17226978923468172,0.05,-0.25,0.5000000000000001,2.0,14.0,0,0,4,1,4,31,2,3,16,3
2000238,0.0,0.05,0.9,4.298921874999999,4.299999999999999,0.0010781250000000005,3,1.078125,0.828125,0.125,0.171875,0.0625,0.546666666666667,0.49499999999999994,0.081475628217371,0.08497017341312829,2.9706689286463445e-07,0.05,-1.05,5.35,7.0,12.0,1,2,10,1,7,28,1,1,9,4
2000239,1.0,0.05,0.9,-0.5008281249999993,-0.4499999999999993,0.050828125000000016,-10,50.828125,6.484375,0.203125,0.046875,0.09375,0.5448275862068969,0.5646551724137927,0.9960341916092619,0.10314936303555815,0.9592582694970451,0.05000000000000001,-0.2500000000000002,-0.20000000000000018,5.0,11.0,0,0,3,0,8,19,2,4,22,6
2000240,1.0,0.05,0.9,-2.3271562500000016,-2.2500000000000018,0.07715625000000004,-11,77.15625,8.09375,0.203125,0.03125,0.03125,0.5193548387096777,0.565322580645161,0.9026271653840775,0.05024160880038051,0.692462513586808,0.05,-0.44999999999999996,-1.8000000000000007,2.0,13.0,1,0,5,0,9,14,5,4,24,2
2000241,1.0,0.05,0.9,-1.3406249999999988,-1.299999999999999,0.040625000000000015,-10,40.625,5.625,0.1875,0.03125,0.03125,0.5419354838709681,0.5580645161290319,0.9625787154277716,0.05065887405775316,0.833567940868348,0.049999999999999996,0.0,-1.2999999999999998,0.0,14.0,1,1,3,0,7,21,3,2,24,2
2000242,0.0,0.05,0.9,4.338031249999999,4.35,0.011968750000000009,-4,11.96875,3.0625,0.109375,0.046875,0.03125,0.5709677419354844,0.5217741935483869,0.5781020753579936,0.05000152753835779,0.15348144425693327,0.05000000000000002,-0.5,4.85,2.0,8.0,0,0,5,1,3,39,2,0,12,2
2000243,0.0,0.05,0.9,6.315390625000001,6.3500000000000005,0.034609375000000005,-6,34.609375,5.390625,0.171875,0.078125,0.046875,0.5475409836065578,0.5295081967213113,0.3646178886425191,0.050054757755849374,0.01937325612578649,0.05,-0.55,6.9,2.0,14.0,2,1,7,0,4,25,1,5,16,3
2000244,0.0,0.05,0.9,5.968671874999999,5.999999999999999,0.031328125,-7,31.328125,5.328125,0.140625,0.03125,0.015625,0.5746031746031752,0.5404761904761903,0.7153531992868455,0.05000338494759553,0.3820769806233752,0.05000000000000001,-0.5,6.5,2.0,9.0,0,0,6,0,4,30,1,2,20,1
2000245,0.0,0.05,0.9,2.5482031249999997,2.55,0.0017968750000000012,0,1.796875,1.109375,0.078125,0.078125,0.046875,0.5770491803278693,0.47786885245901645,0.5996276286543198,0.0500018159996832,0.006401358807704757,0.049999999999999996,-0.7,3.25,3.0,7.0,1,1,10,0,4,42,0,0,3,3
2000246,0.0,0.05,0.9,5.6395156250000005,5.65,0.010484375000000008,-6,10.484375,2.640625,0.140625,0.046875,0.03125,0.5677419354838712,0.5072580645161289,0.7218218908911355,0.050017125615812535,0.25771314956322244,0.05,-1.0,6.65,3.0,9.0,0,2,6,0,4,39,0,4,7,2
2000247,1.0,0.05,0.9,-1.2622812499999994,-1.1999999999999993,0.062281250000000024,-9,62.28125,7.375,0.1875,0.046875,0.03125,0.5387096774193554,0.5604838709677417,0.9266335659086089,0.05032161700923412,0.6328971777054364,0.05,0.0,-1.2000000000000004,0.0,15.0,1,1,5,1,5,17,1,7,24,2
2000248,0.0,0.05,0.9,6.091078124999999,6.1,0.008921875000000006,-5,8.921875,2.859375,0.140625,0.0625,0.03125,0.5516129032258069,0.5096774193548388,0.244694543503136,0.0500151774877776,0.009426099974808404,0.05,-0.45,6.549999999999999,3.0,10.0,1,2,6,0,5,35,2,2,9,2
2000249,1.0,0.05,0.9,-2.1540937500000013,-2.1000000000000014,0.05409375000000001,-11,54.09375,6.375,0.1875,0.015625,0.03125,0.5483870967741938,0.5629032258064511,0.9710381020384123,0.0504122239450304,0.9286080363332513,0.05000000000000001,-0.050000000000000044,-2.05,1.0,12.0,0,0,4,1,5,22,2,5,23,2
2000250,0.0,0.05,0.9,7.228921874999999,7.249999999999999,0.021078125000000003,-7,21.078125,4.328125,0.203125,0.09375,0.078125,0.5050847457627119,0.533050847457627,0.6229244555929638,0.052108512443586594,0.04587000183566933,0.05000000000000001,-2.0999999999999996,9.35,6.0,13.0,2,0,4,1,7,26,5,5,9,5
2000251,1.0,0.05,0.9,-1.1218906249999996,-1.0999999999999996,0.021890625000000007,-9,21.890625,3.984375,0.15625,0.015625,0.015625,0.5682539682539688,0.5214285714285714,0.9485824157479062,0.05009555351827277,0.8566401044705956,0.05000000000000001,0.0,-1.0999999999999996,0.0,11.0,0,2,3,0,3,41,1,3,10,1
2000252,0.0,0.05,0.9,7.638421875000001,7.65,0.011578125000000009,-7,11.578125,3.234375,0.1875,0.078125,0.03125,0.5483870967741942,0.5096774193548386,0.656174765856894,0.050933019365449354,0.05425196203286913,0.049999999999999996,-1.15,8.799999999999999,4.0,13.0,0,0,7,0,9,35,1,5,5,2
2000253,0.0,0.05,0.9,1.4381093749999998,1.4499999999999997,0.011890625000000009,5,11.890625,3.171875,0.078125,0.15625,0.109375,0.5929824561403515,0.4605263157894736,0.2974526730047774,0.050826659167446234,4.516415180662515e-06,0.049999999999999996,-1.95,3.4,9.0,6.0,0,0,18,0,2,34,0,0,3,7
2000254,0.0,0.05,0.9,7.636640625,7.65,0.01335937500000001,-6,13.359375,3.015625,0.1875,0.09375,0.03125,0.5258064516129035,0.5435483870967739,0.4558660263282383,0.05052989703673587,0.014506283820762564,0.05,-1.15,8.8,5.0,13.0,1,1,6,0,7,21,4,5,17,2
2000255,1.0,0.05,0.9,-1.4173437499999995,-1.3999999999999995,0.017343750000000005,-9,17.34375,3.15625,0.171875,0.03125,0.0625,0.536666666666667,0.5374999999999998,0.8166420159334938,0.05008149910502006,0.5016325488699918,0.05,0.0,-1.4000000000000001,0.0,13.0,0,0,2,2,8,31,2,3,12,4
2000256,1.0,0.05,0.9,-2.856656250000001,-2.8000000000000007,0.05665625000000001,-13,56.65625,6.59375,0.203125,0.0,0.0625,0.546666666666667,0.5599999999999995,0.9858048982384418,0.052336550767708635,0.9741810817371575,0.05,-0.44999999999999996,-2.3499999999999996,3.0,10.0,0,0,4,1,3,24,2,7,19,4
2000257,1.0,0.05,0.9,-0.6895312500000013,-0.6500000000000012,0.03953125,-7,39.53125,5.96875,0.140625,0.03125,0.015625,0.571428571428572,0.5357142857142855,0.7796289966162816,0.05000812977824177,0.4491626843813254,0.05,-0.5499999999999998,-0.10000000000000009,3.0,8.0,0,0,4,0,5,35,0,4,15,1
2000258,1.0,0.05,0.9,-2.118125000000001,-2.0500000000000007,0.06812500000000003,-12,68.125,7.4375,0.203125,0.015625,0.03125,0.5548387096774199,0.5846774193548384,0.9888478941640987,0.05252288116702141,0.9682761935952752,0.049999999999999996,-0.6499999999999999,-1.4,4.0,10.0,0,0,3,0,0,21,3,8,27,2
2000259,0.0,0.05,0.9,6.8792656249999995,6.8999999999999995,0.020734375000000006,-7,20.734375,4.203125,0.171875,0.0625,0.046875,0.5737704918032793,0.5270491803278687,0.6681895581160346,0.050101350693569385,0.14144616383990882,0.049999999999999996,-0.2,7.1,1.0,14.0,0,0,9,0,5,27,1,1,18,3
2000260,0.0,0.05,0.9,8.281609374999999,8.299999999999999,0.018390625000000008,-9,18.390625,3.640625,0.171875,0.03125,0.046875,0.5672131147540987,0.5196721311475409,0.9549540593945518,0.05074431953569174,0.790509973425291,0.05,-0.2,8.5,1.0,12.0,0,0,4,0,6,39,1,2,9,3
2000261,0.0,0.05,0.9,7.842656249999999,7.85,0.007343750000000005,-6,7.34375,2.1875,0.203125,0.109375,0.046875,0.5540983606557381,0.5024590163934425,0.26129080425167994,0.05235505188428044,0.001160777762154387,0.05000000000000001,-0.35,8.2,2.0,18.0,1,3,11,0,2,28,1,5,10,3
2000262,0.0,0.05,0.9,6.833828125,6.8500000000000005,0.01617187500000001,-6,16.171875,3.515625,0.171875,0.078125,0.046875,0.5377049180327871,0.5344262295081965,0.6532697520441292,0.050323089079997815,0.06990813993517023,0.049999999999999996,-0.6,7.45,2.0,14.0,1,0,5,1,6,28,3,3,14,3
2000263,0.0,0.05,0.9,5.837234374999998,5.849999999999998,0.01276562500000001,-5,12.765625,3.015625,0.140625,0.0625,0.015625,0.555555555555556,0.5285714285714282,0.4136120490695021,0.05000576299397582,0.039601528998302056,0.05,-0.6000000000000001,6.449999999999999,3.0,10.0,0,2,8,0,3,28,3,3,16,1
2000264,0.0,0.05,0.9,6.0375,6.05,0.01250000000000001,-6,12.5,3.1875,0.171875,0.078125,0.0,0.5500000000000004,0.5281249999999998,0.5465464089180778,0.05003403043059948,0.05671767643648166,0.05,-0.8500000000000001,6.9,3.0,13.0,0,1,4,0,6,36,3,3,11,0
2000265,1.0,0.05,0.9,-1.3863437499999998,-1.3499999999999996,0.036343750000000015,-10,36.34375,5.21875,0.1875,0.03125,0.015625,0.5682539682539688,0.5571428571428567,0.9845038843694762,0.050906234311132004,0.9359640525931868,0.05000000000000001,-0.7500000000000002,-0.6000000000000001,4.0,10.0,0,0,4,0,6,25,2,0,26,1
2000266,0.0,0.05,0.9,8.325421875,8.35,0.02457812499999999,-5,24.578125,4.578125,0.203125,0.125,0.03125,0.5548387096774197,0.5290322580645159,0.819224246860071,0.0963383538694808,0.00460961746515801,0.05,-1.5,9.85,6.0,15.0,0,1,7,0,7,27,0,6,14,2
2000267,1.0,0.05,0.9,-1.5819843749999998,-1.5499999999999998,0.03198437500000001,-8,31.984375,4.671875,0.125,0.0,0.03125,0.5612903225806456,0.5338709677419354,0.9502312144070821,0.05001123178246902,0.9253957721882742,0.05,0.0,-1.5499999999999998,0.0,8.0,0,0,2,0,6,38,1,4,11,2
2000268,0.0,0.05,0.9,2.6925312499999987,2.699999999999999,0.007468750000000005,0,7.46875,2.15625,0.09375,0.09375,0.03125,0.5774193548387102,0.5169354838709677,0.3932326337347485,0.05000396449457553,0.004878994700607878,0.049999999999999996,-0.75,3.4499999999999993,3.0,9.0,0,0,6,0,3,40,0,4,9,2
2000269,1.0,0.05,0.9,-2.810078125,-2.75,0.060078125,-12,60.078125,6.859375,0.1875,0.0,0.015625,0.5365079365079369,0.5619047619047616,0.9781436412857296,0.05024323941240797,0.963088774439331,0.049999999999999996,-0.8,-1.95,4.0,8.0,0,0,4,0,7,22,5,3,22,1
2000270,0.0,0.05,0.9,6.938109375,6.95,0.011890625000000009,-6,11.890625,3.171875,0.1875,0.09375,0.09375,0.5448275862068969,0.5258620689655171,0.44835867555794034,0.052005537818062816,0.011743744298752587,0.05,-1.0,7.95,4.0,14.0,1,1,9,0,6,20,3,1,17,6
2000271,0.0,0.05,0.9,5.0878749999999995,5.1,0.012125000000000009,-6,12.125,3.0,0.109375,0.015625,0.03125,0.5677419354838714,0.5169354838709674,0.7703359817880188,0.05000150478939552,0.569330804427129,0.05,0.0,5.1,0.0,8.0,0,0,6,0,6,37,1,2,10,2
2000272,0.0,0.05,0.9,5.281374999999999,5.299999999999999,0.018625000000000006,-5,18.625,4.0,0.125,0.046875,0.03125,0.5612903225806456,0.5217741935483869,0.5909125522625599,0.05000459363261635,0.144692694101413,0.05,-0.2,5.499999999999999,1.0,10.0,0,1,4,1,7,35,0,2,12,2
2000273,1.0,0.05,0.9,0.6856562499999993,0.6999999999999993,0.014343750000000008,-6,14.34375,3.0625,0.15625,0.0625,0.03125,0.5612903225806457,0.521774193548387,0.5961637326553019,0.0501197216743717,0.0660681613671267,0.05,-0.19999999999999996,0.8999999999999999,1.0,13.0,0,0,10,0,4,29,2,4,13,2
2000274,1.0,0.05,0.9,-2.0279687499999994,-1.9499999999999993,0.07796875000000006,-11,77.96875,8.40625,0.1875,0.015625,0.046875,0.5606557377049185,0.5688524590163933,0.9898945279687148,0.05149609229546799,0.9714695134512114,0.05,-0.5,-1.4500000000000002,3.0,10.0,0,0,2,1,3,25,1,5,24,3
2000275,1.0,0.05,0.9,-1.9492968750000021,-1.9000000000000021,0.049296875000000004,-11,49.296875,6.015625,0.171875,0.0,0.03125,0.5677419354838716,0.5483870967741931,0.9928469160403588,0.0507530260374489,0.9862601282262329,0.049999999999999996,-0.7,-1.2,5.0,6.0,1,2,4,0,3,25,0,3,24,2
2000276,1.0,0.05,0.9,-2.717828125000004,-2.650000000000004,0.06782812500000002,-15,67.828125,6.609375,0.234375,0.0,0.015625,0.5682539682539687,0.5476190476190471,0.9993287261236619,0.10723201026429294,0.997833706110424,0.049999999999999996,-0.5000000000000002,-2.15,4.0,11.0,0,0,8,0,3,24,3,1,24,1
2000277,1.0,0.05,0.9,-1.3284687500000008,-1.3000000000000007,0.028468750000000008,-11,28.46875,4.09375,0.203125,0.03125,0.03125,0.5483870967741938,0.5435483870967738,0.9708156858161324,0.05226069458219208,0.8595656379953234,0.05000000000000001,-0.7,-0.6000000000000001,5.0,10.0,0,1,4,1,6,27,3,1,19,2
2000278,1.0,0.05,0.9,-0.7732187499999992,-0.7499999999999991,0.023218750000000014,-8,23.21875,4.34375,0.171875,0.046875,0.078125,0.5389830508474578,0.5228813559322033,0.7853851488497506,0.05022871075942045,0.331236105929306,0.05,-0.3999999999999999,-0.3500000000000001,2.0,12.0,0,1,5,1,8,29,2,3,10,5
2000279,0.0,0.05,0.9,6.52696875,6.55,0.02303125,-7,23.03125,4.25,0.15625,0.046875,0.03125,0.5580645161290325,0.5290322580645158,0.7814890078541725,0.05003762894297564,0.3460074562145718,0.05,-0.65,7.199999999999999,2.0,11.0,1,0,5,0,5,33,0,6,12,2
2000280,1.0,0.05,0.9,-1.3406718750000006,-1.3000000000000007,0.04067187500000001,-9,40.671875,5.984375,0.171875,0.03125,0.046875,0.5475409836065577,0.5442622950819669,0.9625033493056964,0.05033296169325014,0.8623196259056957,0.05,-0.25,-1.05,2.0,11.0,0,1,4,0,6,27,3,3,17,3
2000281,1.0,0.05,0.9,-0.5832499999999989,-0.5499999999999989,0.03325000000000002,-10,33.25,5.03125,0.203125,0.046875,0.109375,0.5578947368421056,0.5552631578947366,0.9376843020096303,0.05961588409654259,0.6267911204546017,0.05,-0.6499999999999999,0.10000000000000009,3.0,13.0,0,1,2,0,5,25,0,6,18,7
2000282,1.0,0.05,0.9,-2.249234375000004,-2.150000000000004,0.09923437499999996,-15,99.234375,8.578125,0.25,0.015625,0.046875,0.5409836065573774,0.5909836065573766,0.9999208321607082,0.24528301141805284,0.9983775636664429,0.05,-1.0000000000000002,-1.1500000000000001,7.0,10.0,0,0,3,1,5,12,2,7,31,3
2000283,0.0,0.05,0.9,3.4459374999999994,3.4499999999999993,0.004062500000000003,-1,4.0625,1.625,0.09375,0.078125,0.078125,0.5830508474576277,0.5,0.5723093907341974,0.05001010095429415,0.011288436157605164,0.049999999999999996,-1.25,4.699999999999999,5.0,6.0,0,1,7,0,1,42,1,1,6,5
2000284,1.0,0.05,0.9,-1.728703125000002,-1.6500000000000021,0.07870312499999997,-13,78.703125,8.203125,0.234375,0.03125,0.015625,0.5238095238095242,0.5880952380952376,0.9921133204031166,0.06944462157662316,0.949640316085517,0.05000000000000001,-0.1499999999999999,-1.4999999999999998,1.0,16.0,0,1,2,1,6,13,4,7,29,1
2000285,1.0,0.05,0.9,-3.734718750000002,-3.650000000000002,0.08471875,-15,84.71875,8.15625,0.234375,0.0,0.046875,0.5409836065573774,0.5688524590163931,0.9892273083811656,0.056196199562290036,0.9792359233267486,0.05000000000000001,-0.75,-2.9000000000000004,4.0,11.0,0,0,4,0,2,23,4,8,20,3
2000286,0.0,0.05,0.9,8.96865625,9.0,0.03134375000000002,-10,31.34375,4.5625,0.1875,0.03125,0.046875,0.534426229508197,0.536885245901639,0.4739510242657744,0.05013516079766656,0.10098970236541623,0.049999999999999996,-0.09999999999999998,9.1,2.0,12.0,0,0,10,0,4,22,5,6,14,3
2000287,1.0,0.05,0.9,-0.41940625000000037,-0.40000000000000036,0.019406250000000007,-7,19.40625,3.8125,0.140625,0.03125,0.03125,0.5709677419354843,0.5290322580645158,0.9234268703199727,0.05005151684898315,0.7064697201803886,0.05,-0.55,0.1499999999999999,2.0,9.0,0,0,4,1,6,35,0,1,15,2
2000288,1.0,0.05,0.9,-1.0020468749999993,-0.9499999999999993,0.052046874999999986,-10,52.046875,6.390625,0.1875,0.03125,0.03125,0.5580645161290327,0.550806451612903,0.9301325944623845,0.05057742952731045,0.7020317603107882,0.05,-1.0,0.050000000000000266,5.0,9.0,1,0,5,0,4,25,1,5,21,2
2000289,1.0,0.05,0.9,-2.6629687499999997,-2.5999999999999996,0.06296875000000003,-12,62.96875,7.21875,0.1875,0.0,0.03125,0.5677419354838716,0.558064516129032,0.9801686972508095,0.050425907528366516,0.9659651760809691,0.049999999999999996,-1.0,-1.5999999999999999,5.0,7.0,0,0,5,0,0,28,3,4,22,2
2000290,0.0,0.05,0.9,6.844140625,6.85,0.005859375000000004,-5,5.859375,2.109375,0.171875,0.09375,0.0625,0.5600000000000004,0.51,0.31192461951932526,0.05055923943490594,0.003491726902735678,0.05,-0.75,7.6,3.0,14.0,0,1,8,0,6,32,1,3,9,4
2000291,0.0,0.05,0.9,7.985703125,8.0,0.014296875000000007,-8,14.296875,2.984375,0.1875,0.0625,0.0625,0.566666666666667,0.5199999999999997,0.8945376211292444,0.052446457434726666,0.3443495602185696,0.05,-0.8500000000000001,8.85,3.0,13.0,0,0,8,0,4,32,2,2,12,4
2000292,0.0,0.05,0.9,7.417250000000001,7.450000000000001,0.03275,-9,32.75,5.15625,0.171875,0.03125,0.046875,0.5475409836065577,0.5270491803278687,0.5939333863085073,0.05002768060608668,0.21922191457481024,0.05,-0.04999999999999999,7.500000000000001,1.0,12.0,0,0,6,0,12,26,2,0,15,3
2000293,1.0,0.05,0.9,-2.3809375000000013,-2.3500000000000014,0.03093750000000002,-11,30.9375,5.0,0.21875,0.046875,0.015625,0.5428571428571431,0.5357142857142855,0.8633005641450057,0.05031855368042705,0.5068672575385994,0.05,-0.55,-1.8000000000000003,2.0,15.0,1,0,8,0,6,24,2,6,16,1
2000294,1.0,0.05,0.9,-1.6764687500000004,-1.6500000000000004,0.026468750000000017,-8,26.46875,4.78125,0.140625,0.015625,0.046875,0.5508196721311481,0.5368852459016392,0.8602545329612009,0.05001011700760075,0.7324666778042924,0.05,-0.19999999999999996,-1.4500000000000002,1.0,9.0,0,0,3,0,8,32,2,3,13,3
2000295,1.0,0.05,0.9,-1.6695781249999997,-1.5999999999999996,0.06957812500000005,-12,69.578125,7.578125,0.234375,0.046875,0.03125,0.5516129032258069,0.5749999999999996,0.9912505912488773,0.07174464313966904,0.9349052967299097,0.049999999999999996,-0.25,-1.35,2.0,16.0,0,2,5,0,2,15,1,9,28,2
2000296,0.0,0.05,0.9,7.935093749999998,7.949999999999998,0.01490625000000001,-8,14.90625,3.25,0.1875,0.0625,0.03125,0.5580645161290326,0.5120967741935482,0.7196793414701463,0.05056228415884942,0.13905095996598726,0.05,-0.2,8.149999999999999,1.0,15.0,1,0,9,0,6,31,2,1,12,2
2000297,0.0,0.05,0.9,5.992781249999999,5.999999999999999,0.007218750000000005,-6,7.21875,2.15625,0.140625,0.046875,0.046875,0.5704918032786891,0.5073770491803278,0.5744687503551852,0.050015072480597535,0.12013035009142821,0.05,-0.6000000000000001,6.6,3.0,9.0,0,1,7,0,3,39,2,1,8,3
2000298,1.0,0.05,0.9,-1.6455000000000015,-1.6000000000000014,0.04550000000000001,-11,45.5,6.03125,0.203125,0.03125,0.046875,0.5475409836065578,0.5393442622950817,0.9719088388773908,0.052150214661060866,0.876812873317783,0.049999999999999996,-0.10000000000000009,-1.5000000000000002,2.0,13.0,0,0,10,0,7,18,3,3,20,3
2000299,1.0,0.05,0.9,-1.79446875,-1.75,0.04446875000000001,-12,44.46875,5.78125,0.203125,0.015625,0.046875,0.5540983606557381,0.5565573770491801,0.9899180448154422,0.05527345601905207,0.9684306507035584,0.05,-0.5999999999999999,-1.15,4.0,10.0,0,0,4,1,7,22,1,3,23,3
2000300,0.0,0.05,0.9,5.3915,5.3999999999999995,0.008500000000000006,-3,8.5,2.78125,0.140625,0.09375,0.015625,0.5682539682539688,0.5261904761904761,0.35757180266092453,0.050039742420218976,0.0048758565270680745,0.049999999999999996,-1.3499999999999999,6.749999999999999,5.0,10.0,0,1,6,1,2,35,0,5,13,1
2000301,0.0,0.05,0.9,5.29578125,5.3,0.004218750000000003,-4,4.21875,1.6875,0.140625,0.078125,0.015625,0.5428571428571433,0.5166666666666666,0.5261792128658805,0.050022181978395544,0.03152417885297119,0.05,-1.0,6.3,4.0,10.0,1,1,5,0,7,35,3,2,9,1
2000302,0.0,0.05,0.9,4.23540625,4.25,0.014593750000000008,-4,14.59375,3.3125,0.109375,0.046875,0.046875,0.5770491803278693,0.5196721311475409,0.675761821384065,0.05000401999792074,0.22032931441400122,0.05,-0.9000000000000001,5.1499999999999995,2.0,8.0,0,0,5,0,5,38,1,0,12,3
2000303,1.0,0.05,0.9,-1.80853125,-1.75,0.05853125000000001,-11,58.53125,6.8125,0.203125,0.03125,0.015625,0.5460317460317464,0.5666666666666662,0.971959977957631,0.05088525787984802,0.8795185887092486,0.05000000000000001,-0.19999999999999996,-1.5500000000000003,2.0,13.0,0,1,5,0,3,20,3,7,24,1
2000304,0.0,0.05,0.9,6.0835468750000015,6.100000000000001,0.016453125000000006,-5,16.453125,3.328125,0.15625,0.078125,0.078125,0.5423728813559323,0.5305084745762709,0.29371416358162095,0.050066930015938683,0.012314046453240895,0.05,-0.6000000000000001,6.700000000000001,3.0,12.0,0,0,5,0,8,29,3,3,11,5
2000305,0.0,0.05,0.9,3.7984687499999996,3.8,0.0015312500000000011,-2,1.53125,1.0625,0.09375,0.0625,0.0625,0.5666666666666671,0.495,0.3249268282480372,0.05000293639215168,0.009636737084634474,0.049999999999999996,-0.45,4.25,3.0,7.0,0,1,7,0,5,41,1,2,3,4
2000306,0.0,0.05,0.9,6.03159375,6.05,0.018406250000000002,-5,18.40625,3.625,0.15625,0.078125,0.0625,0.546666666666667,0.5374999999999998,0.6868411898662058,0.05020266593717127,0.07874847879565954,0.05,-1.6,7.6499999999999995,5.0,10.0,0,0,4,1,9,27,1,3,15,4
2000307,1.0,0.05,0.9,0.04128124999999982,0.04999999999999982,0.008718750000000006,-5,8.71875,2.5,0.109375,0.03125,0.0625,0.5733333333333338,0.5074999999999998,0.7041451630300021,0.05000647427082175,0.2956800616134032,0.05,-0.19999999999999996,0.2500000000000002,1.0,8.0,0,0,6,0,5,40,1,1,7,4
2000308,1.0,0.05,0.9,-2.4764843750000005,-2.4000000000000004,0.07648437499999997,-13,76.484375,7.796875,0.234375,0.03125,0.015625,0.5301587301587306,0.571428571428571,0.9704924698616604,0.05312794995103393,0.8756165991261956,0.05000000000000001,-0.6500000000000001,-1.7500000000000002,3.0,14.0,0,1,2,0,11,16,3,4,26,1
2000309,1.0,0.05,0.9,0.5213593749999998,0.5499999999999998,0.028640625000000003,-6,28.640625,4.828125,0.171875,0.078125,0.046875,0.5442622950819678,0.5418032786885244,0.6799274184643233,0.050282310127949835,0.09597089425677029,0.05,-0.3999999999999999,0.9500000000000002,2.0,14.0,0,1,5,0,7,25,2,5,16,3
2000310,1.0,0.05,0.9,-2.2989375,-2.25,0.048937500000000016,-14,48.9375,5.9375,0.21875,0.0,0.046875,0.5770491803278693,0.544262295081967,0.999285903327446,0.10867546795326655,0.9977021725555528,0.05000000000000001,-0.3500000000000001,-1.9,4.0,10.0,0,0,4,0,6,29,0,1,21,3
2000311,1.0,0.05,0.9,-0.8265156249999999,-0.7999999999999998,0.02651562500000001,-8,26.515625,4.484375,0.15625,0.03125,0.0625,0.5700000000000005,0.5224999999999997,0.9011158352925497,0.05014736022304887,0.6545856362248751,0.05,-0.5999999999999999,-0.19999999999999996,3.0,9.0,1,1,6,0,2,33,1,2,14,4
2000312,1.0,0.05,0.9,-1.3926406249999996,-1.3499999999999996,0.04264062500000001,-10,42.640625,5.671875,0.1875,0.03125,0.03125,0.5483870967741941,0.5387096774193546,0.9565053847107974,0.05053949833788367,0.8124965368865402,0.05,-0.6500000000000001,-0.7,4.0,10.0,1,1,4,0,8,26,1,3,18,2
2000313,0.0,0.05,0.9,7.600874999999999,7.6499999999999995,0.049125000000000016,-10,49.125,6.53125,0.1875,0.03125,0.015625,0.5460317460317464,0.5571428571428569,0.9256102310366177,0.0500827552084472,0.776578382294592,0.05000000000000001,-0.9000000000000001,8.55,2.0,12.0,1,1,4,1,5,21,2,3,25,1
2000314,1.0,0.05,0.9,-2.285796874999999,-2.249999999999999,0.03579687500000002,-10,35.796875,5.046875,0.171875,0.015625,0.078125,0.5525423728813562,0.5177966101694912,0.9328434536561112,0.05020636832160104,0.8600506199952852,0.049999999999999996,0.0,-2.25,0.0,12.0,0,1,10,0,3,27,4,2,12,5
2000315,1.0,0.05,0.9,-2.966234375000002,-2.900000000000002,0.06623437500000003,-15,66.234375,6.921875,0.25,0.015625,0.03125,0.5354838709677422,0.5532258064516126,0.994070982798978,0.07925241583541279,0.9778941616278116,0.05000000000000001,-0.6500000000000001,-2.25,2.0,15.0,0,1,7,0,5,19,5,4,21,2
2000316,1.0,0.05,0.9,-2.1809375,-2.1500000000000004,0.030937499999999996,-10,30.9375,4.625,0.15625,0.0,0.078125,0.5694915254237295,0.5203389830508474,0.9780569690806985,0.05022330416254208,0.9631675991043196,0.05,-0.050000000000000044,-2.0999999999999996,1.0,9.0,0,0,7,0,4,33,1,3,11,5
2000317,1.0,0.05,0.9,-2.6396093750000014,-2.6000000000000014,0.03960937500000001,-11,39.609375,5.421875,0.171875,0.0,0.046875,0.5573770491803283,0.5295081967213112,0.952106318166495,0.0501047039734571,0.9268377915378355,0.05,-0.75,-1.8499999999999999,3.0,8.0,0,0,6,0,7,30,3,0,15,3
2000318,1.0,0.05,0.9,-0.6278593750000014,-0.6000000000000014,0.027859375000000006,-9,27.859375,4.578125,0.1875,0.046875,0.0625,0.5466666666666671,0.5399999999999996,0.9223426609820675,0.051173637431509975,0.575891113101939,0.05,-0.6500000000000001,0.050000000000000044,4.0,11.0,0,0,8,0,4,24,4,4,16,4
2000319,1.0,0.05,0.9,-3.1751250000000013,-3.1000000000000014,0.07512500000000005,-12,75.125,7.875,0.1875,0.0,0.03125,0.5483870967741941,0.558064516129032,0.9623220108760546,0.05016617936724661,0.9404156928092646,0.05000000000000001,-0.19999999999999996,-2.8999999999999995,1.0,11.0,1,2,5,0,5,17,3,1,28,2
2000320,1.0,0.05,0.9,-0.8239687499999998,-0.7999999999999998,0.023968750000000004,-8,23.96875,4.4375,0.15625,0.03125,0.046875,0.5606557377049185,0.5368852459016392,0.9362286890284873,0.05014325717430738,0.7483553724401544,0.05,-0.8999999999999999,0.09999999999999987,5.0,7.0,1,1,4,0,2,32,2,3,16,3
2000321,1.0,0.05,0.9,-0.32878124999999897,-0.29999999999999893,0.028781250000000015,-8,28.78125,4.6875,0.171875,0.046875,0.03125,0.5387096774193552,0.5362903225806449,0.8885972744798899,0.05026232725661443,0.5011477731474382,0.05,-0.19999999999999996,-0.10000000000000009,1.0,13.0,1,0,3,1,9,29,1,4,14,2
2000322,0.0,0.05,0.9,4.143359375,4.15,0.006640625000000005,-4,6.640625,2.265625,0.09375,0.03125,0.015625,0.5809523809523814,0.5119047619047616,0.6016172888414028,0.0500004896037408,0.2278061227670934,0.05000000000000001,-0.4,4.55,2.0,6.0,0,0,4,0,5,45,0,1,8,1
2000323,1.0,0.05,0.9,-1.4135937500000033,-1.3500000000000032,0.06359375000000003,-14,63.59375,6.5625,0.25,0.03125,0.0625,0.546666666666667,0.5524999999999997,0.9996534528925362,0.24727774935551158,0.9877526075869174,0.05000000000000001,-0.25,-1.0999999999999999,3.0,15.0,1,1,4,1,4,22,1,5,21,4
2000324,1.0,0.05,0.9,-2.7226250000000003,-2.6500000000000004,0.072625,-14,72.625,7.625,0.21875,0.0,0.0625,0.5533333333333339,0.5899999999999995,0.9981382300320378,0.07871072902488979,0.995307909842346,0.049999999999999996,-0.6000000000000001,-2.05,3.0,11.0,0,0,3,0,1,17,4,5,30,4
2000325,1.0,0.05,0.9,-1.1903437500000003,-1.1500000000000004,0.040343750000000005,-10,40.34375,5.625,0.203125,0.046875,0.03125,0.5612903225806456,0.5387096774193545,0.8619891365777623,0.05056839162808427,0.4534962571740321,0.049999999999999996,-0.5,-0.6500000000000001,2.0,14.0,0,1,6,1,7,24,0,2,21,2
2000326,1.0,0.05,0.9,-0.22193750000000018,-0.20000000000000018,0.021937500000000002,-7,21.9375,4.0,0.1875,0.078125,0.0625,0.5266666666666667,0.5299999999999998,0.7336386449102696,0.050683148844502916,0.13216796067525627,0.05,-0.55,0.34999999999999964,2.0,15.0,2,0,6,1,9,22,1,5,14,4
2000327,0.0,0.05,0.9,4.093015625,4.1,0.006984375000000005,-3,6.984375,2.421875,0.109375,0.0625,0.046875,0.5639344262295085,0.5049180327868851,0.41769367109671246,0.05000266569514402,0.029622752539378357,0.05,-0.7,4.8,3.0,8.0,0,0,8,1,6,36,1,1,8,3
2000328,0.0,0.05,0.9,5.942296875,5.95,0.007703125000000005,-5,7.703125,2.109375,0.15625,0.078125,0.0625,0.5533333333333338,0.5249999999999997,0.6436589317266351,0.05022566236730847,0.05963182166791555,0.05,-1.6500000000000001,7.599999999999999,5.0,10.0,0,0,6,1,7,30,1,3,12,4
2000329,0.0,0.05,0.9,6.970640625,7.0,0.02935937499999999,-7,29.359375,4.734375,0.171875,0.0625,0.015625,0.5619047619047625,0.5404761904761903,0.6778790176655367,0.050108834406000675,0.11298863888570573,0.049999999999999996,-0.6000000000000001,7.6,2.0,13.0,1,0,6,0,6,26,1,2,21,1
2000330,1.0,0.05,0.9,-2.185718750000002,-2.150000000000002,0.03571875000000002,-11,35.71875,5.09375,0.1875,0.015625,0.03125,0.5451612903225809,0.5387096774193546,0.9237260693931548,0.05018076989466276,0.8078135736700202,0.05,-0.55,-1.5999999999999999,2.0,11.0,0,0,5,1,9,26,1,4,16,2
2000331,0.0,0.05,0.9,5.5867812500000005,5.6000000000000005,0.013218750000000008,-4,13.21875,3.1875,0.140625,0.078125,0.015625,0.5619047619047624,0.5285714285714282,0.5526841204468672,0.05003064504578271,0.0363881949119346,0.05,-1.2000000000000002,6.8,4.0,10.0,0,0,3,0,8,37,1,2,12,1
2000332,1.0,0.05,0.9,-0.515609375,-0.5,0.015609375000000009,-9,15.609375,3.265625,0.1875,0.046875,0.0625,0.5600000000000004,0.5149999999999999,0.8850363200304037,0.051651916722556396,0.4392950398797204,0.04999999999999999,-0.3999999999999999,-0.10000000000000009,3.0,12.0,0,0,5,0,9,35,0,3,8,4
2000333,0.0,0.05,0.9,7.03603125,7.05,0.01396875000000001,-6,13.96875,3.1875,0.1875,0.09375,0.046875,0.534426229508197,0.5295081967213112,0.721353991013532,0.051615252878299614,0.04861264260112639,0.05,-1.2000000000000002,8.25,4.0,14.0,0,1,5,0,16,21,1,1,16,3
2000334,1.0,0.05,0.9,-2.6847812499999995,-2.5999999999999996,0.08478125000000002,-15,84.78125,8.5,0.25,0.015625,0.03125,0.5451612903225811,0.5798387096774189,0.9975896570419405,0.11077946704596217,0.9885761307083154,0.05,-0.30000000000000004,-2.3,3.0,14.0,0,0,2,1,4,20,3,5,27,2
2000335,1.0,0.05,0.9,-1.9309531250000003,-1.9000000000000004,0.030953125,-10,30.953125,5.171875,0.171875,0.015625,0.046875,0.5672131147540989,0.5221311475409836,0.904399528627848,0.05010100139909108,0.7715529345779438,0.049999999999999996,-0.3999999999999999,-1.4999999999999998,2.0,10.0,0,1,6,1,2,35,1,3,12,3
2000336,0.0,0.05,0.9,5.388953125,5.3999999999999995,0.011046875000000008,-5,11.046875,2.765625,0.171875,0.09375,0.046875,0.5311475409836068,0.5073770491803277,0.5218278578789001,0.05017893813998817,0.020880456786119245,0.05,-1.1,6.499999999999999,3.0,14.0,3,1,8,0,4,30,3,4,8,3
2000337,1.0,0.05,0.9,-0.3575781250000005,-0.35000000000000053,0.007578125000000006,-4,7.578125,2.484375,0.078125,0.015625,0.0625,0.5833333333333339,0.49499999999999994,0.8107066017069497,0.05000098579022881,0.5761251288198942,0.05,-0.050000000000000044,-0.30000000000000004,1.0,5.0,0,0,7,0,5,43,0,0,5,4
2000338,0.0,0.05,0.9,9.75190625,9.799999999999999,0.048093750000000025,-11,48.09375,6.0,0.21875,0.046875,0.046875,0.5475409836065578,0.5614754098360653,0.9293820763388431,0.05302874908268243,0.6088426007655636,0.05000000000000001,-0.65,10.450000000000001,2.0,15.0,0,0,5,2,3,21,3,3,24,3
2000339,0.0,0.05,0.9,3.740140624999999,3.749999999999999,0.009859375000000007,-3,9.859375,2.890625,0.09375,0.046875,0.046875,0.5836065573770498,0.5172131147540981,0.5171520428181849,0.05000097179767723,0.10320458070599597,0.05000000000000001,-0.2,3.9499999999999993,1.0,8.0,0,0,4,0,5,41,0,0,11,3
2000340,0.0,0.05,0.9,8.596562500000001,8.65,0.05343750000000003,-10,53.4375,6.375,0.1875,0.03125,0.015625,0.5650793650793655,0.5499999999999996,0.9287770904968352,0.05023788292678931,0.7318809343122291,0.05,-0.55,9.2,2.0,12.0,2,0,6,0,3,23,0,4,25,1
2000341,1.0,0.05,0.9,-2.745671875000001,-2.700000000000001,0.04567187500000002,-12,45.671875,5.828125,0.1875,0.0,0.03125,0.5354838709677422,0.5362903225806449,0.9669166580359869,0.05026722522682116,0.946300751955456,0.05000000000000001,-1.0999999999999999,-1.5999999999999999,5.0,7.0,0,0,6,0,11,24,3,3,15,2
2000342,0.0,0.05,0.9,9.7689375,9.8,0.0310625,-10,31.0625,4.5,0.21875,0.0625,0.0,0.5562500000000005,0.5539062499999996,0.8217479428172386,0.052188089319874766,0.1918640729741575,0.05,-0.04999999999999999,9.850000000000001,1.0,17.0,1,1,5,1,6,20,0,3,27,0
2000343,0.0,0.05,0.9,6.267625000000001,6.300000000000001,0.032374999999999994,-7,32.375,5.15625,0.15625,0.046875,0.078125,0.56271186440678,0.525423728813559,0.7930854201976004,0.050079379218758865,0.34132518057380873,0.05,-0.2,6.500000000000001,1.0,12.0,0,1,7,1,5,27,1,1,16,5
2000344,0.0,0.05,0.9,8.172078125,8.200000000000001,0.027921875000000006,-7,27.921875,4.828125,0.203125,0.09375,0.0625,0.5300000000000001,0.5624999999999996,0.5627902512093128,0.052274094693958696,0.027543975062599854,0.05000000000000001,-0.95,9.15,4.0,15.0,1,1,4,0,7,16,2,7,22,4
2000345,1.0,0.05,0.9,0.5894999999999997,0.5999999999999996,0.010500000000000006,-5,10.5,2.65625,0.15625,0.078125,0.0625,0.5766666666666672,0.5149999999999998,0.4802215194923539,0.05005517250328396,0.03265941486536195,0.05000000000000001,-1.15,1.7499999999999996,4.0,11.0,0,2,7,0,3,33,1,0,14,4
2000346,0.0,0.05,0.9,5.79440625,5.8,0.005593750000000003,-5,5.59375,1.9375,0.15625,0.078125,0.0625,0.5633333333333337,0.5074999999999998,0.632326779443938,0.05019460512124229,0.04954580945431664,0.05000000000000001,-1.2000000000000002,6.999999999999999,4.0,11.0,1,1,6,1,5,35,0,1,10,4
2000347,0.0,0.05,0.9,5.837265624999999,5.849999999999999,0.012734375000000006,-5,12.734375,3.203125,0.15625,0.078125,0.046875,0.5409836065573773,0.5221311475409836,0.6739480076564115,0.05012358825236972,0.06584281216251445,0.05,-1.5000000000000002,7.35,5.0,10.0,1,0,6,1,8,29,1,4,11,3
2000348,0.0,0.05,0.9,5.035203124999999,5.049999999999999,0.014796875000000011,-5,14.796875,3.390625,0.109375,0.03125,0.078125,0.5864406779661023,0.5228813559322033,0.4080820060159859,0.05000225949860504,0.1050071540159294,0.05,-0.25,5.299999999999999,2.0,7.0,0,0,5,0,2,38,0,2,12,5
2000349,0.0,0.05,0.9,9.520937499999999,9.549999999999999,0.029062500000000015,-11,29.0625,4.53125,0.203125,0.03125,0.046875,0.5311475409836068,0.536885245901639,0.9689841053659647,0.05274491310972769,0.8470887968990757,0.05,-0.5,10.049999999999999,2.0,13.0,1,0,6,1,4,27,4,5,13,3
2000350,0.0,0.05,0.9,4.897156249999999,4.8999999999999995,0.002843750000000002,-3,2.84375,1.40625,0.140625,0.09375,0.046875,0.5508196721311478,0.5221311475409834,0.5786511316446716,0.05008678042217905,0.017815360902073397,0.05,-1.3,6.199999999999999,4.0,11.0,0,2,5,0,7,31,1,4,11,3
2000351,1.0,0.05,0.9,-1.1036875000000008,-1.0500000000000007,0.053687500000000034,-10,53.6875,6.4375,0.1875,0.03125,0.046875,0.550819672131148,0.5663934426229504,0.9832474394971855,0.05192086173490529,0.9235371434902488,0.05,-0.050000000000000044,-1.0000000000000002,1.0,13.0,0,2,2,0,6,20,3,1,27,3
2000352,0.0,0.05,0.9,5.883187500000001,5.900000000000001,0.016812500000000005,-5,16.8125,3.78125,0.171875,0.09375,0.046875,0.5540983606557381,0.5221311475409834,0.49428226586903046,0.05013547409349968,0.023174063530904444,0.05,-1.6000000000000003,7.500000000000001,5.0,12.0,0,0,9,1,8,25,1,2,15,3
2000353,1.0,0.05,0.9,-2.3501406250000008,-2.3000000000000007,0.050140625000000036,-12,50.140625,6.234375,0.203125,0.015625,0.03125,0.5354838709677423,0.5629032258064511,0.9623112262952659,0.050715821620720934,0.890971163214405,0.05,-0.44999999999999996,-1.8499999999999999,2.0,12.0,1,1,3,0,3,23,6,2,23,2
2000354,0.0,0.05,0.9,7.130515624999998,7.149999999999999,0.019484375000000012,-7,19.484375,4.078125,0.203125,0.09375,0.046875,0.5311475409836068,0.5221311475409836,0.4049776895723565,0.05032508318368799,0.015769413174157018,0.05,-1.05,8.2,4.0,15.0,2,0,6,1,7,28,2,4,11,3
2000355,1.0,0.05,0.9,-1.3753437499999996,-1.3499999999999996,0.025343750000000016,-10,25.34375,4.21875,0.1875,0.03125,0.078125,0.5525423728813562,0.5203389830508472,0.9545239488997017,0.05159496544097843,0.8004303744750465,0.05,-1.2500000000000002,-0.10000000000000009,5.0,9.0,0,1,8,0,8,25,1,3,13,5
2000356,0.0,0.05,0.9,3.9427656249999994,3.9499999999999993,0.0072343750000000056,-3,7.234375,2.453125,0.09375,0.046875,0.03125,0.5612903225806457,0.49758064516129036,0.5656970135729961,0.050001508450224046,0.07415101827008862,0.05,-0.4,4.35,2.0,7.0,1,0,9,0,2,41,4,0,5,2
2000357,0.0,0.05,0.9,6.720640625,6.75,0.029359374999999997,-8,29.359375,4.890625,0.15625,0.03125,0.0625,0.5433333333333336,0.5124999999999998,0.8459131811329507,0.050061553673219496,0.5739899273753141,0.05,-0.3,7.05,1.0,11.0,1,0,6,0,10,31,1,3,8,4
2000358,1.0,0.05,0.9,-0.6244062500000014,-0.6000000000000014,0.024406250000000018,-6,24.40625,4.71875,0.125,0.03125,0.015625,0.571428571428572,0.5238095238095238,0.761098913905167,0.05000351967020047,0.44170348415489874,0.05,0.0,-0.5999999999999996,0.0,10.0,1,0,4,1,2,40,0,3,12,1
2000359,1.0,0.05,0.9,0.12082812499999858,0.14999999999999858,0.029171875000000003,-7,29.171875,4.984375,0.15625,0.046875,0.015625,0.5333333333333337,0.5523809523809522,0.6830527125737109,0.05002555951768565,0.1950681131423837,0.049999999999999996,-0.19999999999999996,0.3500000000000003,1.0,12.0,0,0,3,0,8,27,4,5,16,1
2000360,1.0,0.05,0.9,-1.4290468750000003,-1.4000000000000004,0.029046875000000007,-9,29.046875,4.765625,0.15625,0.015625,0.046875,0.5704918032786891,0.5344262295081965,0.9771841450244255,0.05022997854384201,0.9441543897078062,0.05,-0.050000000000000044,-1.3499999999999999,1.0,10.0,0,0,4,0,3,36,2,2,14,3
2000361,1.0,0.05,0.9,-1.0558437499999982,-0.9999999999999982,0.05584375000000001,-11,55.84375,6.3125,0.203125,0.03125,0.015625,0.5619047619047624,0.5571428571428567,0.9861907380279876,0.0538832093934349,0.9237935077976759,0.05000000000000001,-0.3500000000000001,-0.6499999999999999,4.0,11.0,0,0,2,0,9,26,1,1,24,1
2000362,1.0,0.05,0.9,-3.571671875,-3.5,0.07167187500000001,-15,71.671875,7.328125,0.234375,0.0,0.046875,0.5606557377049185,0.5590163934426226,0.9966037121676007,0.0675349385920529,0.9922790423668824,0.05,-0.3999999999999999,-3.1,2.0,13.0,1,0,5,0,5,20,0,5,25,3
2000363,0.0,0.05,0.9,7.331484374999999,7.349999999999999,0.01851562500000001,-7,18.515625,3.890625,0.1875,0.078125,0.046875,0.5442622950819678,0.5221311475409834,0.7756513840997871,0.05095767498161177,0.10654582472779607,0.05,-1.4,8.749999999999998,5.0,12.0,1,2,7,1,5,26,2,2,15,3
2000364,0.0,0.05,0.9,6.387,6.3999999999999995,0.013000000000000008,-6,13.0,2.8125,0.1875,0.09375,0.046875,0.5508196721311478,0.5344262295081964,0.5910344530177298,0.050381165288409635,0.04537258814096166,0.05,-1.6500000000000001,8.049999999999999,4.0,14.0,0,0,8,0,6,25,2,5,15,3
2000365,1.0,0.05,0.9,-1.053781250000002,-1.0000000000000018,0.05378125000000003,-12,53.78125,6.34375,0.21875,0.03125,0.015625,0.5619047619047625,0.5833333333333328,0.9984341516013536,0.08761067361889928,0.9883362898888421,0.05,-0.8500000000000003,-0.15000000000000013,7.0,9.0,0,0,3,0,2,20,3,4,31,1
2000366,1.0,0.05,0.9,-2.961546875000004,-2.900000000000004,0.06154687500000004,-15,61.546875,6.828125,0.25,0.015625,0.03125,0.5516129032258067,0.5653225806451609,0.9970423684954135,0.09398978602030697,0.9881510432729802,0.05000000000000001,-1.2000000000000002,-1.7,6.0,11.0,0,0,6,0,4,19,3,5,25,2
2000367,0.0,0.05,0.9,6.77634375,6.8,0.02365625000000001,-7,23.65625,4.25,0.171875,0.0625,0.046875,0.5442622950819674,0.5540983606557375,0.7510176845293659,0.05012178570725512,0.23701582920309633,0.05,-0.55,7.35,1.0,14.0,0,0,3,0,10,23,1,5,19,3
2000368,0.0,0.05,0.9,7.374593750000001,7.4,0.025406249999999995,-5,25.40625,4.875,0.203125,0.125,0.015625,0.5492063492063496,0.5476190476190473,0.5867449601794524,0.05349914185723398,0.007022958132721229,0.05,-1.7000000000000002,9.100000000000001,6.0,15.0,0,0,5,1,8,24,1,4,20,1
2000369,0.0,0.05,0.9,7.03884375,7.05,0.011156250000000008,-7,11.15625,2.40625,0.1875,0.078125,0.09375,0.5275862068965518,0.5155172413793101,0.7949959819052149,0.05342733678520517,0.12546296645057153,0.05,-1.2,8.25,4.0,13.0,2,1,6,0,10,24,2,2,11,6
2000370,0.0,0.05,0.9,8.1205625,8.15,0.02943750000000001,-8,29.4375,4.9375,0.1875,0.0625,0.046875,0.5409836065573774,0.5516393442622947,0.7602767527241071,0.05045973098027887,0.16813407687891505,0.05000000000000001,-0.35000000000000003,8.5,1.0,15.0,0,0,5,1,5,24,4,3,19,3
2000371,1.0,0.05,0.9,-2.3262031250000006,-2.3000000000000007,0.026203125000000008,-9,26.203125,4.453125,0.140625,0.0,0.015625,0.5523809523809529,0.5357142857142856,0.9086835872216676,0.050005392103152205,0.8751946739047607,0.049999999999999996,-0.5,-1.8,2.0,7.0,0,0,4,1,3,36,3,4,12,1
2000372,1.0,0.05,0.9,0.2886250000000007,0.3000000000000007,0.011375000000000008,-7,11.375,2.75,0.1875,0.078125,0.046875,0.554098360655738,0.5319672131147538,0.8994500278955448,0.052778040324077805,0.273939434204395,0.05,-0.55,0.8499999999999996,3.0,14.0,0,1,6,0,7,27,2,2,16,3
2000373,0.0,0.05,0.9,5.829656249999999,5.85,0.020343749999999997,-5,20.34375,3.8125,0.15625,0.078125,0.03125,0.5225806451612907,0.5193548387096772,0.5854166968875786,0.05007619621313948,0.046224960664469766,0.05,0.0,5.85,0.0,15.0,1,1,7,2,11,23,2,2,13,2
2000374,0.0,0.05,0.9,6.728078124999999,6.749999999999999,0.021921875000000007,-5,21.921875,4.015625,0.15625,0.078125,0.078125,0.5525423728813563,0.5381355932203388,0.2378679218225983,0.050078904459134495,0.007791979993538173,0.05,-0.65,7.3999999999999995,4.0,11.0,0,0,5,0,8,26,2,2,16,5
2000375,0.0,0.05,0.9,5.698328124999999,5.699999999999999,0.001671875000000001,-1,1.671875,1.109375,0.15625,0.140625,0.109375,0.5508771929824565,0.46052631578947356,0.03220295127919051,0.06339757019299093,1.2534951964036062e-06,0.05,-1.0,6.699999999999999,7.0,12.0,2,1,16,0,8,26,0,1,3,7
2000376,1.0,0.05,0.9,-0.12765625000000055,-0.10000000000000053,0.02765625000000001,-6,27.65625,4.875,0.140625,0.046875,0.0625,0.5666666666666671,0.5349999999999998,0.7849514333681172,0.050042074026108684,0.3490911228618457,0.049999999999999996,-0.19999999999999996,0.10000000000000009,1.0,11.0,1,2,5,0,1,29,1,3,18,4
2000377,0.0,0.05,0.9,7.53640625,7.55,0.013593750000000007,-7,13.59375,2.8125,0.1875,0.078125,0.046875,0.5639344262295085,0.5196721311475406,0.21116175678606616,0.05018089383202552,0.0073440280564522325,0.05,-0.8500000000000001,8.4,4.0,13.0,0,0,12,0,3,26,2,4,14,3
2000378,1.0,0.05,0.9,-2.9931249999999987,-2.8999999999999986,0.09312499999999999,-15,93.125,8.59375,0.25,0.015625,0.0625,0.5400000000000005,0.5774999999999995,0.9964444157879189,0.10689570409032928,0.984305187500894,0.05,-0.9500000000000002,-1.9500000000000002,6.0,11.0,0,0,7,1,4,10,3,6,29,4
2000379,1.0,0.05,0.9,-1.2853593750000019,-1.2500000000000018,0.03535937500000002,-10,35.359375,5.015625,0.1875,0.03125,0.015625,0.5492063492063497,0.552380952380952,0.9806813239056009,0.05077720110373636,0.9141846753784809,0.05000000000000001,-0.25,-1.0000000000000004,2.0,12.0,1,1,5,0,4,23,3,3,23,1
2000380,0.0,0.05,0.9,3.691421874999999,3.6999999999999993,0.008578125000000004,-3,8.578125,2.734375,0.09375,0.046875,0.03125,0.5483870967741938,0.5,0.5251857570734697,0.05000082531256522,0.08819098923745272,0.05000000000000001,-0.7,4.3999999999999995,3.0,6.0,0,1,6,1,9,38,2,0,5,2
2000381,1.0,0.05,0.9,-1.4845781250000003,-1.4500000000000002,0.03457812500000002,-9,34.578125,5.515625,0.171875,0.03125,0.03125,0.5387096774193552,0.5217741935483867,0.8283801349858063,0.05005738903962846,0.5145107281880967,0.05000000000000001,0.0,-1.45,0.0,13.0,2,1,6,0,7,28,2,3,13,2
2000382,1.0,0.05,0.9,-2.6520937500000015,-2.6000000000000014,0.05209375000000003,-14,52.09375,6.125,0.21875,0.0,0.046875,0.5475409836065576,0.55655737704918,0.998925979190304,0.08398008277918341,0.9970668124712154,0.05,-0.30000000000000004,-2.3000000000000003,3.0,11.0,0,1,4,1,5,22,1,6,21,3
2000383,1.0,0.05,0.9,-1.746578125000001,-1.700000000000001,0.046578125000000026,-12,46.578125,6.015625,0.25,0.0625,0.078125,0.5254237288135597,0.5432203389830504,0.9609393158720447,0.08797157485010866,0.6200424033100452,0.05,-0.40000000000000013,-1.3000000000000003,3.0,17.0,2,3,3,0,7,19,3,2,20,5
2000384,0.0,0.05,0.9,4.9271875,4.949999999999999,0.02281249999999999,-4,22.8125,4.625,0.125,0.0625,0.03125,0.5645161290322587,0.5241935483870968,0.5326932816965279,0.0500056230674886,0.059947991099209355,0.05,-0.8999999999999999,5.849999999999999,4.0,8.0,0,1,6,1,4,33,0,4,13,2
2000385,0.0,0.05,0.9,6.491640625,6.5,0.008359375000000006,-5,8.359375,2.546875,0.15625,0.078125,0.0625,0.5500000000000004,0.5324999999999999,0.6126929723907282,0.05026562914516049,0.05013812340733245,0.05,-1.4000000000000001,7.8999999999999995,5.0,10.0,0,0,4,0,7,32,2,4,11,4
2000386,1.0,0.05,0.9,-2.004750000000001,-1.950000000000001,0.05475000000000003,-14,54.75,5.90625,0.25,0.03125,0.046875,0.550819672131148,0.5663934426229504,0.9977813274616657,0.14896953630838378,0.9781676028054824,0.05,-0.6000000000000001,-1.35,6.0,12.0,0,0,5,0,4,20,3,5,24,3
2000387,1.0,0.05,0.9,-2.6595468749999998,-2.5999999999999996,0.05954687500000003,-12,59.546875,6.859375,0.1875,0.0,0.03125,0.5612903225806456,0.5725806451612899,0.9889903614386979,0.050730194139707106,0.9798268959609715,0.05,-0.44999999999999996,-2.15,3.0,9.0,1,0,4,0,4,18,1,4,30,2
2000388,0.0,0.05,0.9,7.072874999999999,7.099999999999999,0.027125000000000007,-8,27.125,4.78125,0.171875,0.046875,0.046875,0.5540983606557381,0.5393442622950818,0.8669794992158538,0.050127880429270855,0.493623709731478,0.05,-0.35000000000000003,7.45,1.0,13.0,1,0,5,1,4,28,2,2,18,3
2000389,1.0,0.05,0.9,-0.36185937500000054,-0.35000000000000053,0.011859375000000009,-7,11.859375,2.796875,0.140625,0.03125,0.046875,0.5803278688524596,0.5196721311475409,0.848391114827794,0.050040771086520316,0.5108022270568212,0.05,-0.55,0.20000000000000018,2.0,9.0,0,0,5,0,3,40,1,1,11,3
2000390,1.0,0.05,0.9,-1.8240937500000007,-1.8000000000000007,0.024093750000000004,-8,24.09375,4.3125,0.125,0.0,0.03125,0.5741935483870974,0.5314516129032258,0.9048752994539271,0.05000463079059378,0.8703095054108579,0.05000000000000001,0.0,-1.7999999999999998,0.0,8.0,0,0,4,0,3,38,2,1,14,2
2000391,0.0,0.05,0.9,7.630796875000001,7.65,0.019203125000000005,-6,19.203125,3.546875,0.1875,0.09375,0.0625,0.5199999999999999,0.5174999999999997,0.11615478052318745,0.050272110802225406,0.0012673447166530983,0.049999999999999996,-0.25,7.8999999999999995,2.0,16.0,0,1,12,0,9,18,5,4,11,4
2000392,1.0,0.05,0.9,-1.6774687500000003,-1.6500000000000004,0.02746875000000001,-10,27.46875,4.71875,0.171875,0.015625,0.015625,0.5365079365079369,0.5523809523809521,0.9674396370912695,0.0501680732986142,0.9051348505905317,0.04999999999999999,-0.5,-1.15,4.0,8.0,1,0,1,0,7,30,4,3,17,1
2000393,1.0,0.05,0.9,-2.256609375000001,-2.200000000000001,0.05660937500000002,-12,56.609375,6.828125,0.203125,0.015625,0.03125,0.5225806451612907,0.5604838709677415,0.9851172360197696,0.05171922834334916,0.9567036399216546,0.05000000000000001,-0.25,-1.9499999999999997,3.0,11.0,0,2,3,0,7,20,5,5,20,2
2000394,1.0,0.05,0.9,-0.36835937500000054,-0.35000000000000053,0.018359375000000008,-7,18.359375,3.171875,0.140625,0.03125,0.015625,0.5714285714285718,0.5166666666666664,0.7794298452308978,0.05001535365763502,0.4078565894226725,0.05000000000000001,-0.3999999999999999,0.050000000000000266,2.0,9.0,0,0,7,0,5,37,1,2,11,1
2000395,0.0,0.05,0.9,7.874265625,7.8999999999999995,0.025734375000000018,-8,25.734375,4.484375,0.203125,0.078125,0.03125,0.5483870967741941,0.5362903225806449,0.2503979685653052,0.05007218867644814,0.011683671513090825,0.049999999999999996,-1.05,8.95,4.0,14.0,0,3,7,0,4,23,3,3,19,2
2000396,1.0,0.05,0.9,-1.4309843750000004,-1.4000000000000004,0.030984375000000005,-9,30.984375,4.515625,0.15625,0.015625,0.046875,0.5770491803278694,0.5319672131147539,0.956879294114601,0.050120442728274414,0.8794650022389039,0.05,-0.19999999999999996,-1.2,1.0,10.0,0,0,7,1,2,31,1,1,18,3
2000397,1.0,0.05,0.9,-1.0650624999999998,-1.0499999999999998,0.01506250000000001,-7,15.0625,3.0625,0.125,0.015625,0.046875,0.5639344262295085,0.517213114754098,0.8725119087468696,0.050010028512367945,0.7418851381658597,0.05,-0.19999999999999996,-0.8499999999999999,1.0,8.0,0,0,5,1,7,36,1,0,11,3
2000398,0.0,0.05,0.9,6.436968749999998,6.449999999999998,0.01303125000000001,-5,13.03125,3.34375,0.15625,0.078125,0.03125,0.5645161290322586,0.5096774193548387,0.5243455364920981,0.050141220199994826,0.021529065398576835,0.05000000000000001,-0.75,7.199999999999998,3.0,12.0,0,0,7,1,7,36,1,0,10,2
2000399,0.0,0.05,0.9,9.018515625,9.049999999999999,0.03148437500000001,-9,31.484375,5.109375,0.203125,0.0625,0.0625,0.5400000000000004,0.5324999999999998,0.49860627678251107,0.05095871286289758,0.047786331161805,0.05,-0.7,9.749999999999998,3.0,14.0,0,1,7,0,6,25,4,3,14,4
2000400,1.0,0.05,0.9,-2.4996875000000003,-2.4000000000000004,0.09968749999999997,-15,99.6875,8.8125,0.25,0.015625,0.0625,0.5500000000000004,0.5924999999999995,0.9998957787947477,0.24094381312589327,0.9980730897163886,0.05,-1.0000000000000002,-1.4000000000000004,8.0,9.0,1,0,5,0,4,7,2,5,36,4
2000401,0.0,0.05,0.9,6.336062500000001,6.3500000000000005,0.013937500000000009,-5,13.9375,3.21875,0.15625,0.078125,0.0625,0.5500000000000004,0.5249999999999998,0.5444463035857036,0.05026088240920004,0.025370362999866114,0.05,-0.7,7.05,3.0,12.0,1,0,8,0,6,26,2,3,14,4
2000402,1.0,0.05,0.9,-3.2623124999999993,-3.1999999999999993,0.06231250000000003,-13,62.3125,7.0625,0.203125,0.0,0.03125,0.5548387096774198,0.5508064516129031,0.9805029611474378,0.05063118521220524,0.9663464995991747,0.049999999999999996,-0.19999999999999996,-3.000000000000001,1.0,12.0,0,2,5,0,5,22,2,3,23,2
2000403,0.0,0.05,0.9,6.689578125000001,6.7,0.010421875000000008,-5,10.421875,2.921875,0.171875,0.09375,0.09375,0.544827586206897,0.5387931034482755,0.4597302741960082,0.050749998676004444,0.01590562978713993,0.05,-1.4000000000000001,8.1,4.0,13.0,0,1,7,0,6,21,2,5,16,6
2000404,1.0,0.05,0.9,-1.3987656250000013,-1.3500000000000014,0.04876562500000002,-10,48.765625,6.171875,0.171875,0.015625,0.0,0.5500000000000005,0.5468749999999997,0.9822169109672267,0.050269825870902486,0.9428673644670083,0.05,0.0,-1.35,0.0,12.0,1,2,4,0,8,22,0,4,23,0
2000405,0.0,0.05,0.9,5.993125,6.0,0.006875000000000004,-4,6.875,2.15625,0.171875,0.109375,0.03125,0.5548387096774197,0.5241935483870966,0.4340769862429091,0.05030202791855026,0.004862185643580898,0.05,-2.0500000000000003,8.05,7.0,11.0,0,2,7,0,5,29,2,3,14,2
2000406,1.0,0.05,0.9,-1.982359375000001,-1.950000000000001,0.03235937500000001,-11,32.359375,4.890625,0.203125,0.03125,0.015625,0.5460317460317463,0.5428571428571426,0.9770539449982659,0.05107088756226226,0.9099211334898121,0.05000000000000001,-0.050000000000000044,-1.9000000000000001,1.0,14.0,0,1,8,0,4,23,4,4,19,1
2000407,1.0,0.05,0.9,-3.006109375000002,-2.900000000000002,0.10610937499999998,-15,106.109375,9.140625,0.234375,0.0,0.03125,0.5516129032258068,0.5967741935483866,0.998020202297344,0.0827240427457572,0.9948697044424326,0.05,-0.25,-2.6499999999999995,2.0,13.0,0,0,3,0,2,14,2,9,32,2
2000408,1.0,0.05,0.9,-1.5897656250000007,-1.5500000000000007,0.03976562500000001,-11,39.765625,5.640625,0.203125,0.03125,0.046875,0.5606557377049184,0.5467213114754096,0.9672617875370164,0.05196515022404079,0.8484908757138052,0.05000000000000001,-0.19999999999999996,-1.35,1.0,14.0,0,1,5,0,7,23,0,4,21,3
2000409,0.0,0.05,0.9,4.845,4.85,0.005000000000000003,-3,5.0,2.09375,0.171875,0.125,0.046875,0.5508196721311479,0.5172131147540983,0.6245493417267302,0.05062828471062525,0.0067679646933935435,0.05,-1.4500000000000002,6.299999999999999,4.0,15.0,1,0,13,0,7,19,1,4,16,3
2000410,0.0,0.05,0.9,5.69540625,5.699999999999999,0.004593750000000003,-4,4.59375,1.84375,0.15625,0.09375,0.0625,0.5633333333333339,0.5174999999999998,0.508735010099157,0.05022665159857828,0.013406507308586718,0.05000000000000001,-0.75,6.449999999999999,3.0,13.0,1,0,5,1,6,34,0,1,12,4
2000411,1.0,0.05,0.9,-2.948218749999998,-2.849999999999998,0.09821874999999994,-15,98.21875,9.09375,0.25,0.015625,0.03125,0.5322580645161294,0.5895161290322577,0.9948701220554064,0.08215602504447986,0.9774525380699092,0.05,-0.30000000000000004,-2.55,3.0,14.0,0,1,5,0,1,12,6,7,30,2
2000412,0.0,0.05,0.9,4.3418125,4.35,0.008187500000000006,-4,8.1875,2.53125,0.125,0.0625,0.046875,0.5540983606557381,0.5270491803278687,0.649530505434721,0.05000979541048031,0.14422652292167037,0.05,-1.4500000000000002,5.8,3.0,9.0,0,0,5,0,6,34,4,0,12,3
2000413,1.0,0.05,0.9,-2.4164375,-2.3499999999999996,0.06643750000000002,-12,66.4375,7.28125,0.203125,0.015625,0.046875,0.5672131147540989,0.5540983606557373,0.9639517810359226,0.050996907140618455,0.8947724503258884,0.05,-0.40000000000000013,-1.9499999999999997,2.0,12.0,0,1,6,0,5,20,0,4,25,3
2000414,0.0,0.05,0.9,6.335984374999999,6.349999999999999,0.01401562500000001,-7,14.015625,3.171875,0.140625,0.03125,0.0625,0.5600000000000004,0.5074999999999998,0.4924379252784219,0.05001042169333544,0.13778977870024264,0.05,-0.04999999999999999,6.399999999999999,1.0,10.0,1,1,9,0,4,31,1,3,10,4
2000415,1.0,0.05,0.9,-2.3244375,-2.25,0.0744375,-14,74.4375,7.6875,0.21875,0.0,0.0,0.5531250000000004,0.5726562499999995,0.9991117558775813,0.07431508962572542,0.9976071866155742,0.05,-0.10000000000000009,-2.15,2.0,12.0,0,0,5,1,4,18,3,3,30,0
2000416,1.0,0.05,0.9,-0.9263593750000003,-0.9000000000000004,0.026359375000000008,-9,26.359375,4.546875,0.171875,0.03125,0.015625,0.5619047619047625,0.5333333333333331,0.9501068578723272,0.05022628791903797,0.7894166677879407,0.05,-0.40000000000000013,-0.5,2.0,11.0,0,0,7,0,3,32,4,1,16,1
2000417,1.0,0.05,0.9,-3.1519375000000007,-3.0500000000000007,0.10193749999999997,-15,101.9375,8.75,0.234375,0.0,0.015625,0.552380952380953,0.5809523809523806,0.9992077118393783,0.09082189310363346,0.9976863574577124,0.049999999999999996,-0.25,-2.8,3.0,12.0,1,1,4,0,3,14,2,5,33,1
2000418,0.0,0.05,0.9,6.325484375000002,6.350000000000002,0.02451562500000001,-4,24.515625,4.734375,0.203125,0.140625,0.03125,0.5225806451612905,0.5459677419354836,0.2772358468198344,0.0507949720496642,0.0012703067092841506,0.049999999999999996,-2.2,8.549999999999999,7.0,15.0,0,2,7,0,8,17,5,4,19,2
2000419,0.0,0.05,0.9,9.313375,9.350000000000001,0.03662500000000001,-10,36.625,5.15625,0.21875,0.0625,0.03125,0.5419354838709679,0.5604838709677414,0.9672308904144429,0.058684293972758546,0.7132720204664073,0.049999999999999996,-1.05,10.4,3.0,15.0,0,1,5,1,4,20,2,7,22,2
2000420,1.0,0.05,0.9,-1.061593750000002,-1.0000000000000018,0.06159375000000002,-11,61.59375,7.0625,0.203125,0.03125,0.03125,0.5645161290322586,0.5677419354838706,0.9761190899257871,0.05324139932776353,0.8765341893195239,0.049999999999999996,-0.7499999999999998,-0.25,4.0,11.0,1,1,1,0,4,24,0,4,27,2
2000421,0.0,0.05,0.9,3.54721875,3.55,0.002781250000000002,-2,2.78125,1.25,0.09375,0.0625,0.046875,0.5639344262295085,0.5098360655737703,0.46342904219358794,0.050001787843166785,0.029798919046795123,0.05,-0.55,4.1,2.0,8.0,0,0,5,0,7,40,1,2,6,3
2000422,0.0,0.05,0.9,5.788703124999999,5.799999999999999,0.011296875000000007,-5,11.296875,2.921875,0.125,0.046875,0.03125,0.5903225806451617,0.5048387096774192,0.40434460974517,0.05000789590133157,0.044194033692118884,0.05000000000000001,-0.45,6.249999999999999,3.0,8.0,0,0,8,0,2,42,0,1,9,2
2000423,0.0,0.05,0.9,6.68909375,6.699999999999999,0.010906250000000008,-6,10.90625,2.875,0.15625,0.0625,0.046875,0.5639344262295086,0.5147540983606556,0.6219418627529435,0.050227635269202195,0.06606816136712663,0.05,-1.05,7.75,4.0,10.0,0,1,7,0,5,34,2,1,11,3
2000424,0.0,0.05,0.9,6.084671875000001,6.1000000000000005,0.015328125000000007,-6,15.328125,3.171875,0.140625,0.046875,0.046875,0.570491803278689,0.5172131147540981,0.7347523161565116,0.0500357453492748,0.25113583100339054,0.05,-0.65,6.75,2.0,10.0,1,0,6,0,6,34,0,1,13,3
2000425,0.0,0.05,0.9,5.627328124999999,5.6499999999999995,0.022671875000000008,-6,22.671875,4.359375,0.140625,0.046875,0.046875,0.5442622950819677,0.5245901639344259,0.7049344248056636,0.05001662424490297,0.26100514580797346,0.05,-0.5,6.1499999999999995,2.0,10.0,0,0,7,0,7,30,4,2,11,3
2000426,0.0,0.05,0.9,6.734859375000001,6.750000000000001,0.015140625000000012,-7,15.140625,3.421875,0.171875,0.0625,0.0625,0.5400000000000004,0.5349999999999997,0.8203744506888475,0.050312824176636406,0.2726312811836887,0.05,-0.7000000000000001,7.45,2.0,13.0,2,1,5,0,4,26,1,7,14,4
2000427,0.0,0.05,0.9,4.846921874999999,4.849999999999999,0.003078125000000002,-3,3.078125,1.328125,0.125,0.078125,0.0625,0.5800000000000005,0.5099999999999999,0.5536260582956478,0.05004221901990415,0.0211860904818954,0.049999999999999996,-1.1,5.949999999999999,4.0,9.0,0,0,5,0,5,41,0,1,8,4
2000428,1.0,0.05,0.9,-0.9128749999999979,-0.8499999999999979,0.06287500000000001,-10,62.875,7.28125,0.203125,0.046875,0.015625,0.5523809523809529,0.5499999999999997,0.9637153762297277,0.05243883520304466,0.7843524071838531,0.05,-0.95,0.10000000000000031,5.0,11.0,0,1,6,0,6,22,1,6,21,1
2000429,0.0,0.05,0.9,6.94275,6.95,0.007250000000000005,-4,7.25,2.15625,0.1875,0.125,0.0625,0.5700000000000004,0.5174999999999997,0.9193351231922635,0.08582191749671308,0.01081543671146101,0.05,-0.9500000000000002,7.8999999999999995,4.0,16.0,1,0,11,0,5,24,0,2,17,4
2000430,1.0,0.05,0.9,-3.063515624999998,-2.9999999999999982,0.06351562500000002,-13,63.515625,6.890625,0.203125,0.0,0.03125,0.5483870967741941,0.5580645161290319,0.9892712601171221,0.05123392055984588,0.9801407285606798,0.049999999999999996,-0.30000000000000004,-2.7,3.0,10.0,0,2,4,0,6,20,2,4,24,2
2000431,1.0,0.05,0.9,-2.505765624999999,-2.4499999999999993,0.05576562500000003,-12,55.765625,5.828125,0.1875,0.0,0.03125,0.5548387096774196,0.5508064516129028,0.9890273981088183,0.05081153381776456,0.9797998784757114,0.05,-0.25,-2.2,2.0,10.0,0,0,5,0,5,26,2,5,19,2
2000432,1.0,0.05,0.9,-0.32342187500000075,-0.3000000000000007,0.023421875000000012,-9,23.421875,4.390625,0.171875,0.03125,0.03125,0.5516129032258068,0.543548387096774,0.9591535047879753,0.050758969239825806,0.7933498569521257,0.049999999999999996,-0.30000000000000004,4.440892098500626e-16,3.0,10.0,0,0,2,0,7,33,2,4,14,2
2000433,1.0,0.05,0.9,-1.5970000000000018,-1.5000000000000018,0.09699999999999993,-13,97.0,9.09375,0.234375,0.03125,0.03125,0.5580645161290327,0.594354838709677,0.9974903533736288,0.10453972468404239,0.9814201255023836,0.049999999999999996,-0.6000000000000001,-0.9000000000000001,4.0,13.0,0,0,4,0,3,12,2,6,35,2
2000434,1.0,0.05,0.9,-1.7404062500000022,-1.6500000000000021,0.09040624999999998,-15,90.40625,8.46875,0.28125,0.046875,0.03125,0.5516129032258068,0.5798387096774188,0.999894071498122,0.27683720357659947,0.9870805791370091,0.04999999999999999,-0.25,-1.4000000000000004,2.0,19.0,0,1,5,1,3,13,2,5,32,2
2000435,0.0,0.05,0.9,8.31625,8.35,0.03375000000000001,-9,33.75,5.09375,0.21875,0.078125,0.046875,0.5377049180327873,0.536885245901639,0.8021163099424518,0.05214013154834528,0.1741169114131012,0.05,-0.8500000000000001,9.2,3.0,16.0,2,1,8,1,6,17,1,4,21,3
2000436,0.0,0.05,0.9,6.17315625,6.2,0.026843750000000006,-4,26.84375,4.375,0.15625,0.09375,0.046875,0.5672131147540987,0.5393442622950817,0.514606824408418,0.05022722014216345,0.01669704401375649,0.05000000000000001,-1.2,7.3999999999999995,4.0,12.0,0,2,5,0,5,26,1,1,21,3
2000437,1.0,0.05,0.9,-2.4535468749999993,-2.3999999999999995,0.05354687500000002,-10,53.546875,6.546875,0.1875,0.03125,0.046875,0.5344262295081971,0.5368852459016391,0.8587103131557251,0.05007333705398103,0.6275684410149468,0.05,-0.19999999999999996,-2.2000000000000006,1.0,13.0,2,0,5,2,7,23,1,3,18,3
2000438,1.0,0.05,0.9,-1.4321250000000012,-1.4000000000000012,0.032125,-9,32.125,5.375,0.171875,0.03125,0.015625,0.5587301587301592,0.5261904761904761,0.7856588199400091,0.050029364897223316,0.4313003439481957,0.05,-0.3999999999999999,-1.0,2.0,11.0,1,1,5,0,3,35,2,3,13,1
2000439,0.0,0.05,0.9,5.094781249999999,5.099999999999999,0.005218750000000004,-4,5.21875,2.09375,0.125,0.0625,0.078125,0.5694915254237293,0.502542372881356,0.2261946269117627,0.05000844124539198,0.00974626284003781,0.05,-0.04999999999999999,5.149999999999999,1.0,11.0,1,0,6,0,4,40,1,1,6,5
2000440,1.0,0.05,0.9,-3.3103125,-3.25,0.060312500000000026,-13,60.3125,6.8125,0.203125,0.0,0.046875,0.5606557377049185,0.5565573770491801,0.9673264870745281,0.05052475645979964,0.9468600525921,0.049999999999999996,-0.19999999999999996,-3.0500000000000007,1.0,12.0,0,0,5,0,3,25,4,1,23,3
2000441,1.0,0.05,0.9,-2.3534531250000024,-2.3000000000000025,0.05345312500000003,-14,53.453125,5.984375,0.234375,0.015625,0.03125,0.545161290322581,0.5532258064516126,0.9937179118192967,0.07143660532306573,0.9765772474244716,0.05,-0.95,-1.3499999999999996,5.0,11.0,0,1,4,1,5,24,2,5,20,2
2000442,1.0,0.05,0.9,-2.072984375,-2.0,0.07298437500000003,-12,72.984375,7.609375,0.234375,0.046875,0.046875,0.5180327868852463,0.5737704918032781,0.9808920842143363,0.061312285604665076,0.8808722000991543,0.05,-0.3500000000000001,-1.6500000000000001,3.0,15.0,1,0,4,0,7,14,5,6,24,3
2000443,1.0,0.05,0.9,-2.4240781250000007,-2.3000000000000007,0.124078125,-16,124.078125,10.109375,0.265625,0.015625,0.03125,0.5419354838709681,0.5991935483870963,0.9998786823005088,0.25274011204725777,0.9971109431054492,0.049999999999999996,-1.4,-0.9000000000000001,9.0,9.0,0,0,4,0,3,10,1,13,31,2
2000444,1.0,0.05,0.9,0.5221562500000017,0.5500000000000016,0.027843749999999997,-7,27.84375,4.90625,0.203125,0.09375,0.03125,0.5483870967741941,0.5314516129032256,0.5867553410227775,0.050834716744197435,0.035431912109734835,0.05,-0.30000000000000004,0.8499999999999996,1.0,18.0,2,0,8,0,6,23,1,4,18,2
2000445,0.0,0.05,0.9,5.93121875,5.95,0.018781250000000013,-6,18.78125,4.09375,0.140625,0.046875,0.03125,0.5645161290322586,0.521774193548387,0.382953228460324,0.05000521602703608,0.05773924326140928,0.05000000000000001,-0.55,6.5,2.0,10.0,1,0,8,1,3,31,1,2,15,2
2000446,1.0,0.05,0.9,-3.06721875,-3.0,0.06721875000000002,-13,67.21875,7.21875,0.203125,0.0,0.03125,0.5419354838709681,0.5725806451612899,0.9819113875951476,0.05078765366190591,0.9684064364297023,0.05,-0.55,-2.45,3.0,10.0,0,0,2,0,6,22,3,6,23,2
2000447,1.0,0.05,0.9,-2.4558437500000005,-2.4000000000000004,0.05584375000000002,-12,55.84375,6.34375,0.1875,0.0,0.0625,0.5566666666666671,0.5624999999999997,0.9931091337548995,0.052148288494816154,0.9866580750080327,0.05,-0.3500000000000001,-2.05,3.0,9.0,0,0,6,0,4,19,3,3,25,4
2000448,0.0,0.05,0.9,8.924562499999999,8.95,0.025437500000000016,-10,25.4375,3.9375,0.203125,0.046875,0.015625,0.5365079365079366,0.545238095238095,0.8127758890641571,0.05028343803112861,0.34445834917252455,0.05,-0.2,9.149999999999999,1.0,15.0,0,1,6,1,7,22,3,4,19,1
2000449,0.0,0.05,0.9,6.880953125,6.8999999999999995,0.01904687500000001,-7,19.046875,3.578125,0.15625,0.046875,0.046875,0.5672131147540989,0.5172131147540981,0.48907917459382455,0.05003675005098354,0.0830336751837521,0.05000000000000001,-0.6000000000000001,7.499999999999999,3.0,10.0,0,2,5,1,4,35,0,2,12,3
2000450,1.0,0.05,0.9,-1.5063750000000011,-1.450000000000001,0.05637500000000002,-12,56.375,6.5,0.21875,0.03125,0.046875,0.5573770491803284,0.5639344262295078,0.9870742314417682,0.06114406386267094,0.9262552178107506,0.05000000000000001,-0.4500000000000002,-1.0,3.0,13.0,0,0,6,0,6,17,2,3,27,3
2000451,0.0,0.05,0.9,5.8449374999999995,5.85,0.005062500000000003,-4,5.0625,1.875,0.15625,0.09375,0.078125,0.5559322033898307,0.5203389830508472,0.5776289259187092,0.05048594449828098,0.0181302803462193,0.05,-0.55,6.4,2.0,14.0,0,0,5,0,10,31,0,3,10,5
2000452,1.0,0.05,0.9,-0.4111718749999979,-0.34999999999999787,0.06117187500000002,-12,61.171875,7.171875,0.234375,0.046875,0.015625,0.5555555555555561,0.5619047619047617,0.9966666813011472,0.1328694262932844,0.9398425898589213,0.05,-0.15000000000000013,-0.19999999999999996,3.0,15.0,0,1,3,2,7,20,0,2,28,1
2000453,0.0,0.05,0.9,5.3880156249999995,5.3999999999999995,0.011984375000000007,-4,11.984375,3.015625,0.140625,0.078125,0.078125,0.5593220338983055,0.5101694915254237,0.5478935016614469,0.05011099218173628,0.025045581092797364,0.05000000000000001,-0.35000000000000003,5.750000000000001,1.0,13.0,1,1,7,1,5,31,0,2,11,5
2000454,0.0,0.05,0.9,7.227234374999999,7.249999999999999,0.02276562500000001,-8,22.765625,4.390625,0.15625,0.03125,0.015625,0.5809523809523816,0.5333333333333331,0.6722011352857655,0.05001894828758832,0.2471145592655225,0.05,-0.25,7.499999999999999,2.0,10.0,0,0,5,0,2,37,1,2,16,1
2000455,0.0,0.05,0.9,8.566203125,8.6,0.03379687500000001,-10,33.796875,4.859375,0.203125,0.046875,0.046875,0.5311475409836068,0.5344262295081964,0.8851855055133976,0.05073485616771609,0.49177492609114315,0.049999999999999996,-0.5,9.1,2.0,14.0,2,2,4,0,7,24,2,4,16,3
2000456,0.0,0.05,0.9,6.0900156249999995,6.1,0.009984375000000005,-5,9.984375,2.859375,0.171875,0.09375,0.0625,0.5400000000000003,0.5274999999999997,0.37097030089438915,0.05012913098116607,0.011149303751562065,0.05000000000000001,-0.95,7.050000000000001,4.0,13.0,0,3,2,0,10,29,2,1,13,4
2000457,1.0,0.05,0.9,-0.18743750000000037,-0.15000000000000036,0.03743750000000002,-8,37.4375,5.59375,0.1875,0.0625,0.0625,0.5600000000000005,0.5574999999999997,0.9681556595325745,0.05389477289013461,0.7210179313970296,0.05,-0.9000000000000001,0.7500000000000002,6.0,10.0,0,2,5,0,2,21,2,4,24,4
2000458,1.0,0.05,0.9,-3.1201093750000006,-3.0500000000000007,0.07010937500000003,-14,70.109375,7.140625,0.21875,0.0,0.015625,0.5460317460317463,0.5642857142857138,0.9953204492518798,0.054275198200195565,0.9903153849484149,0.05,-0.5,-2.55,2.0,12.0,0,1,3,0,6,22,3,4,24,1
2000459,1.0,0.05,0.9,-1.9445156250000004,-1.9000000000000004,0.04451562500000002,-9,44.515625,6.171875,0.15625,0.015625,0.03125,0.5548387096774198,0.529032258064516,0.9216939037574332,0.050034193016067444,0.843423690632152,0.05,-0.8999999999999999,-1.0,4.0,7.0,0,0,4,1,6,35,2,2,12,2
2000460,0.0,0.05,0.9,4.09759375,4.1,0.0024062500000000013,0,2.40625,1.34375,0.125,0.125,0.03125,0.5806451612903232,0.4709677419354838,0.23827356651421705,0.05015442751400079,6.417762572977417e-05,0.05,-1.05,5.15,6.0,10.0,0,0,16,0,6,36,0,0,4,2
2000461,1.0,0.05,0.9,-3.2416249999999986,-3.1499999999999986,0.09162499999999997,-15,91.625,8.65625,0.25,0.015625,0.0625,0.5433333333333337,0.5774999999999996,0.9962677020468864,0.09976013815986859,0.9841780657776085,0.05,-1.4,-1.7500000000000002,9.0,8.0,1,0,5,1,3,13,2,6,29,4
2000462,0.0,0.05,0.9,7.115953125,7.1499999999999995,0.03404687499999999,-7,34.046875,5.390625,0.15625,0.046875,0.03125,0.5612903225806456,0.5338709677419354,0.8395611170215784,0.05011181450449009,0.36693876968458516,0.05,-0.4,7.55,2.0,11.0,0,1,6,0,7,27,0,4,17,2
2000463,1.0,0.05,0.9,-1.533859375000001,-1.5000000000000009,0.033859375000000004,-9,33.859375,5.078125,0.171875,0.03125,0.03125,0.5483870967741941,0.5459677419354836,0.926905505530679,0.05010310336756121,0.7682497230764512,0.049999999999999996,-0.19999999999999996,-1.3,1.0,12.0,0,1,5,1,5,25,2,4,19,2
2000464,1.0,0.05,0.9,-2.514578125000001,-2.450000000000001,0.06457812500000004,-13,64.578125,7.078125,0.21875,0.015625,0.03125,0.5483870967741941,0.5580645161290317,0.9967920718997066,0.061950450417601916,0.9895899455128031,0.05000000000000001,-0.8000000000000003,-1.6500000000000001,4.0,11.0,0,1,7,0,3,19,3,6,23,2
2000465,1.0,0.05,0.9,-0.6599843750000004,-0.6500000000000004,0.009984375000000004,-7,9.984375,2.265625,0.140625,0.03125,0.0625,0.5633333333333337,0.5249999999999997,0.7926277546547813,0.05002681584493344,0.46650057382547294,0.049999999999999996,-0.8999999999999999,0.25,4.0,7.0,0,0,5,1,7,32,0,2,13,4
2000466,0.0,0.05,0.9,8.564328125,8.6,0.035671875000000006,-9,35.671875,5.359375,0.1875,0.046875,0.03125,0.5354838709677423,0.5435483870967738,0.7359963750754003,0.0503907017837912,0.200601715200192,0.05,-0.4,8.999999999999998,2.0,13.0,2,0,5,0,6,24,4,2,19,2
2000467,1.0,0.05,0.9,-2.091015624999999,-2.049999999999999,0.041015625000000014,-12,41.015625,5.515625,0.203125,0.015625,0.0625,0.5466666666666669,0.5424999999999996,0.978223615491288,0.052887589826410925,0.9388663225790099,0.05,-0.5999999999999999,-1.45,3.0,11.0,0,2,3,0,5,28,2,5,15,4
2000468,1.0,0.05,0.9,-1.8863906250000015,-1.8500000000000014,0.03639062500000001,-11,36.390625,5.109375,0.1875,0.015625,0.03125,0.5645161290322587,0.5411290322580642,0.9812937326721373,0.05078945278858291,0.947407706775209,0.049999999999999996,-0.95,-0.9000000000000001,4.0,9.0,0,1,3,0,7,30,1,1,19,2
2000469,1.0,0.05,0.9,-1.3655156250000005,-1.3500000000000005,0.015515625000000012,-8,15.515625,3.359375,0.140625,0.015625,0.078125,0.56271186440678,0.5203389830508472,0.8496725173758919,0.050027911458573056,0.6813568123886161,0.05,-0.19999999999999996,-1.15,1.0,9.0,0,0,4,0,7,36,1,2,9,5
2000470,0.0,0.05,0.9,7.339124999999998,7.349999999999999,0.010875000000000008,-6,10.875,2.8125,0.1875,0.09375,0.09375,0.5448275862068968,0.525862068965517,0.13258106124425498,0.05021785224999708,0.0020475030444973715,0.049999999999999996,-0.8500000000000001,8.2,5.0,13.0,1,1,6,0,6,26,2,3,13,6
2000471,1.0,0.05,0.9,-0.4599687500000039,-0.4000000000000039,0.059968750000000015,-13,59.96875,6.5625,0.265625,0.0625,0.03125,0.541935483870968,0.5580645161290317,0.9988504115426646,0.24573707123126287,0.8850915122906384,0.049999999999999996,-0.15000000000000013,-0.25000000000000044,3.0,18.0,0,2,8,1,5,12,2,5,27,2
2000472,0.0,0.05,0.9,2.9461093750000003,2.95,0.0038906250000000017,0,3.890625,1.421875,0.078125,0.078125,0.03125,0.583870967741936,0.5024193548387097,0.3905451506842176,0.05000198825875191,0.00423297085271495,0.05000000000000001,-0.55,3.5,3.0,7.0,0,1,5,0,3,46,0,1,6,2
2000473,1.0,0.05,0.9,-0.22564062500000107,-0.20000000000000107,0.025640625000000007,-8,25.640625,4.390625,0.171875,0.046875,0.0625,0.546666666666667,0.5399999999999997,0.847711939140753,0.050334260485248195,0.39174347280537486,0.05,-0.3500000000000001,0.15000000000000013,2.0,12.0,0,0,7,1,3,26,3,5,15,4
2000474,1.0,0.05,0.9,-1.2235781249999993,-1.1999999999999993,0.023578125000000012,-10,23.578125,3.890625,0.1875,0.03125,0.03125,0.5548387096774198,0.5387096774193545,0.9465939941211204,0.050574324801640584,0.7540756384159508,0.049999999999999996,-0.5,-0.7,4.0,10.0,1,0,5,0,6,28,2,2,18,2
2000475,1.0,0.05,0.9,-0.7166875000000001,-0.7000000000000002,0.01668750000000001,-6,16.6875,3.46875,0.125,0.03125,0.0625,0.5566666666666671,0.5249999999999998,0.8779237961339977,0.05001706523503674,0.6568177248044113,0.05,-0.8999999999999999,0.19999999999999996,4.0,6.0,0,1,5,0,5,33,2,3,11,4
2000476,1.0,0.05,0.9,-2.3492812500000015,-2.3000000000000016,0.049281250000000026,-10,49.28125,6.3125,0.15625,0.0,0.046875,0.5672131147540989,0.5540983606557373,0.9413473163274698,0.05004204965997944,0.9138054283328558,0.05,-0.3999999999999999,-1.9,2.0,8.0,0,1,4,0,1,28,3,2,22,3
2000477,0.0,0.05,0.9,5.495093749999999,5.499999999999999,0.0049062500000000035,-4,4.90625,1.78125,0.140625,0.078125,0.015625,0.558730158730159,0.5119047619047618,0.48877324343890155,0.05002539576819438,0.0203279757375258,0.049999999999999996,-0.7,6.199999999999999,3.0,11.0,0,1,4,0,7,41,2,1,7,1
2000478,0.0,0.05,0.9,7.842687499999999,7.85,0.007312500000000004,-7,7.3125,2.28125,0.171875,0.0625,0.046875,0.570491803278689,0.5147540983606556,0.8424092756949619,0.05181588907988512,0.18508725752182453,0.05,-0.55,8.4,2.0,13.0,0,0,6,0,5,38,0,4,8,3
2000479,1.0,0.05,0.9,-1.1916718750000004,-1.1500000000000004,0.041671875000000025,-11,41.671875,5.640625,0.203125,0.03125,0.03125,0.5516129032258068,0.5604838709677415,0.9635621869184563,0.05209558005324592,0.8334224478159411,0.05000000000000001,-0.5999999999999999,-0.5499999999999998,4.0,11.0,0,0,2,0,7,26,2,4,21,2
2000480,1.0,0.05,0.9,-2.1898750000000002,-2.1500000000000004,0.039875000000000015,-11,39.875,4.8125,0.1875,0.015625,0.03125,0.5612903225806455,0.5169354838709674,0.9475104747938733,0.0502641375038546,0.8567727735227676,0.05,-0.25,-1.9000000000000001,2.0,11.0,0,1,7,0,6,33,2,1,12,2
2000481,0.0,0.05,0.9,6.34796875,6.35,0.0020312500000000014,-3,2.03125,1.03125,0.15625,0.109375,0.046875,0.5672131147540986,0.4704918032786884,0.04129050288040188,0.05029966206233095,2.307792878806152e-05,0.05000000000000001,-0.7,7.05,6.0,11.0,0,1,16,0,6,33,1,1,3,3
2000482,1.0,0.05,0.9,1.23684375,1.25,0.013156250000000008,-5,13.15625,3.25,0.15625,0.078125,0.015625,0.5619047619047624,0.538095238095238,0.7744524418420983,0.05016264940022154,0.11811978213987477,0.05000000000000001,-0.5,1.75,2.0,13.0,0,0,5,0,6,31,1,4,16,1
2000483,1.0,0.05,0.9,-1.533718750000001,-1.5000000000000009,0.03371875000000002,-8,33.71875,5.21875,0.140625,0.015625,0.0,0.5718750000000006,0.5234374999999997,0.8795120750462665,0.05000633239551382,0.7577555303163571,0.05,-0.6000000000000001,-0.8999999999999999,2.0,8.0,0,1,6,0,5,35,1,1,15,0
2000484,0.0,0.05,0.9,6.389109375000001,6.400000000000001,0.010890625000000008,-4,10.890625,2.734375,0.171875,0.109375,0.078125,0.5457627118644071,0.5101694915254235,0.09177659063125926,0.05029943786562114,0.00032371979525104805,0.05000000000000001,-0.65,7.05,4.0,14.0,0,0,13,1,6,22,3,2,12,5
2000485,1.0,0.05,0.9,-1.301484375000001,-1.2500000000000009,0.051484375,-9,51.484375,6.734375,0.15625,0.015625,0.015625,0.5492063492063497,0.5404761904761903,0.9599682531462576,0.0500776063146422,0.8870661288159737,0.049999999999999996,-0.5,-0.75,4.0,7.0,0,1,2,1,6,33,3,1,16,1
2000486,0.0,0.05,0.9,6.964625000000001,7.000000000000001,0.035375000000000004,-7,35.375,5.625,0.171875,0.0625,0.03125,0.5258064516129036,0.5532258064516126,0.7517861407736377,0.05008863737606407,0.1947165780401395,0.05,-0.7000000000000001,7.7,2.0,13.0,2,1,3,1,8,19,1,6,21,2
2000487,1.0,0.05,0.9,-2.499734375000001,-2.450000000000001,0.049734375000000004,-11,49.734375,6.453125,0.171875,0.0,0.03125,0.5741935483870972,0.5459677419354837,0.9724542299040865,0.050138617371079094,0.9550897353315277,0.05,-0.25,-2.2,2.0,9.0,0,0,5,0,5,28,0,3,21,2
2000488,1.0,0.05,0.9,-2.758531250000001,-2.700000000000001,0.05853125000000002,-13,58.53125,6.40625,0.203125,0.0,0.03125,0.5677419354838713,0.5653225806451608,0.9943571683248643,0.05268075301182315,0.9887154970646042,0.05,-0.44999999999999996,-2.25,3.0,10.0,0,0,4,0,7,20,1,1,29,2
2000489,1.0,0.05,0.9,-1.7646406249999993,-1.6999999999999993,0.06464062500000001,-11,64.640625,7.421875,0.203125,0.03125,0.046875,0.5442622950819677,0.5639344262295078,0.9412527209158428,0.05092846811476168,0.7658630561838449,0.049999999999999996,-0.19999999999999996,-1.5000000000000007,2.0,13.0,0,0,5,0,3,22,2,10,19,3
2000490,0.0,0.05,0.9,7.3537968750000005,7.4,0.04620312499999999,-9,46.203125,6.046875,0.171875,0.03125,0.046875,0.5442622950819678,0.5540983606557373,0.8223994476316093,0.050048469828523554,0.5244241627256845,0.05,-0.55,7.95,2.0,11.0,1,0,4,1,4,24,2,5,20,3
2000491,0.0,0.05,0.9,6.3826093749999995,6.3999999999999995,0.017390625000000007,-7,17.390625,3.484375,0.140625,0.03125,0.03125,0.5677419354838714,0.514516129032258,0.751279534437694,0.05001327082232391,0.3765758097461606,0.05,-0.4,6.8,2.0,9.0,0,2,8,0,3,33,1,3,12,2
2000492,1.0,0.05,0.9,-1.4135156249999978,-1.3499999999999979,0.06351562500000002,-11,63.515625,7.140625,0.203125,0.03125,0.03125,0.5580645161290327,0.565322580645161,0.9801328602496252,0.05251917518202081,0.910950509102639,0.049999999999999996,-0.5,-0.8500000000000001,4.0,11.0,0,0,3,0,6,23,0,7,23,2
2000493,0.0,0.05,0.9,6.933171874999999,6.949999999999999,0.01682812500000001,-7,16.828125,3.296875,0.171875,0.0625,0.03125,0.5516129032258067,0.5314516129032256,0.7673008801336972,0.05016300699267124,0.22838756910752664,0.05,-1.25,8.2,3.0,12.0,0,1,6,0,6,29,1,6,13,2
2000494,1.0,0.05,0.9,-2.3075,-2.25,0.057500000000000016,-12,57.5,6.34375,0.1875,0.0,0.015625,0.5460317460317464,0.5547619047619043,0.986186114331654,0.05065836796634912,0.9749870843707624,0.05000000000000001,-0.050000000000000044,-2.1999999999999993,1.0,11.0,0,0,3,1,5,28,4,2,20,1
2000495,1.0,0.05,0.9,-1.7448437500000011,-1.700000000000001,0.044843750000000016,-13,44.84375,5.28125,0.21875,0.015625,0.03125,0.5580645161290325,0.562903225806451,0.9968455666406784,0.07476850416575177,0.9858253305438696,0.05000000000000001,-0.44999999999999996,-1.25,4.0,11.0,0,0,4,1,5,22,0,6,24,2
2000496,1.0,0.05,0.9,0.2662500000000007,0.3000000000000007,0.033750000000000016,-8,33.75,5.375,0.171875,0.046875,0.015625,0.5555555555555562,0.5666666666666663,0.9779614833972957,0.051224801081247384,0.8236015634853148,0.05000000000000001,-0.5,0.8,4.0,10.0,0,0,3,0,3,26,4,3,24,1
2000497,1.0,0.05,0.9,-2.4214843749999995,-2.3499999999999996,0.07148437500000003,-13,71.484375,7.671875,0.21875,0.015625,0.0625,0.5333333333333335,0.5699999999999996,0.9965765382564409,0.07013703525357588,0.9880651139028312,0.05000000000000001,-0.7500000000000002,-1.5999999999999999,6.0,9.0,0,0,5,1,4,17,5,4,24,4
2000498,1.0,0.05,0.9,-1.1883593750000003,-1.1500000000000004,0.03835937500000001,-10,38.359375,5.421875,0.1875,0.03125,0.046875,0.5639344262295086,0.5639344262295078,0.9588307134226838,0.05083328740484435,0.8209919243800533,0.05000000000000001,-0.3500000000000001,-0.8,3.0,11.0,0,0,5,0,5,20,2,2,27,3
2000499,0.0,0.05,0.9,5.19209375,5.2,0.007906250000000005,-4,7.90625,2.53125,0.125,0.0625,0.046875,0.554098360655738,0.5073770491803278,0.5959871072716068,0.05002488990212866,0.052709931310625485,0.05,-0.55,5.749999999999999,2.0,10.0,0,1,6,0,5,39,3,2,5,3
2000500,0.0,0.05,0.9,8.697390625,8.75,0.05260937500000003,-10,52.609375,6.796875,0.1875,0.03125,0.03125,0.5516129032258068,0.558064516129032,0.9111512563846982,0.05031057757139921,0.6862567106325753,0.05,-0.55,9.299999999999999,2.0,12.0,0,1,4,0,1,27,4,5,20,2
2000501,0.0,0.05,0.9,7.9139375,7.95,0.036062500000000004,-9,36.0625,5.25,0.171875,0.03125,0.0625,0.5600000000000005,0.5249999999999998,0.7290264411325227,0.05014053406463366,0.29176113845090784,0.05,-0.25,8.2,2.0,11.0,0,1,9,0,6,24,1,3,16,4
2000502,1.0,0.05,0.9,-2.529234375000001,-2.450000000000001,0.079234375,-14,79.234375,7.953125,0.21875,0.0,0.03125,0.5483870967741941,0.5774193548387093,0.9983553485475253,0.0727174112789234,0.9958744533239038,0.05,-0.7,-1.75,5.0,9.0,0,0,5,0,3,17,4,5,28,2
2000503,0.0,0.05,0.9,3.349484375,3.3499999999999996,0.0005156250000000002,0,0.515625,0.453125,0.125,0.125,0.0625,0.5566666666666671,0.4925,0.5852981971001607,0.05009882552604663,0.0009987034390578806,0.05,-1.4,4.75,5.0,11.0,0,1,10,0,6,35,2,2,4,4
2000504,0.0,0.05,0.9,5.086921874999999,5.099999999999999,0.013078125000000008,-4,13.078125,3.484375,0.125,0.0625,0.03125,0.5612903225806455,0.521774193548387,0.6518891433430604,0.050017879835834014,0.0954393991490391,0.05,-0.2,5.299999999999999,1.0,11.0,0,1,4,0,5,38,1,4,9,2
2000505,0.0,0.05,0.9,5.442031249999999,5.449999999999999,0.007968750000000005,-5,7.96875,2.15625,0.140625,0.0625,0.03125,0.5645161290322585,0.5096774193548385,0.4916177701819019,0.050012205384280146,0.048754325749281124,0.049999999999999996,-0.75,6.2,3.0,10.0,1,0,10,0,8,28,0,1,14,2
2000506,0.0,0.05,0.9,5.98934375,6.0,0.010656250000000006,-6,10.65625,2.40625,0.140625,0.046875,0.03125,0.5612903225806456,0.5241935483870965,0.6604717830482915,0.05001343051641366,0.19533522635482553,0.05,-0.8,6.799999999999999,3.0,9.0,0,0,6,1,6,33,2,0,14,2
2000507,0.0,0.05,0.9,4.7976875,4.800000000000001,0.002312500000000001,-2,2.3125,1.125,0.140625,0.109375,0.078125,0.5423728813559324,0.494915254237288,0.3712689525403272,0.0502079496891525,0.0009856124207889105,0.05,-1.8000000000000003,6.6,7.0,9.0,2,0,10,0,10,27,0,3,7,5
2000508,0.0,0.05,0.9,7.327968749999999,7.35,0.022031250000000002,-7,22.03125,4.28125,0.15625,0.046875,0.015625,0.5619047619047624,0.5309523809523807,0.905535764150578,0.05019520593961088,0.4867834922373822,0.05,-0.75,8.1,3.0,10.0,0,0,4,0,8,34,0,4,13,1
2000509,0.0,0.05,0.9,4.445796874999999,4.449999999999999,0.004203125000000003,-3,4.203125,1.765625,0.109375,0.0625,0.046875,0.5770491803278693,0.4975409836065573,0.5043728818494959,0.05000671552214772,0.027308719647197992,0.05,-0.4,4.85,2.0,9.0,1,0,8,0,2,42,0,3,5,3
2000510,1.0,0.05,0.9,-3.3973750000000025,-3.3000000000000025,0.09737499999999993,-13,97.375,8.84375,0.21875,0.015625,0.015625,0.5460317460317463,0.559523809523809,0.9682448941435643,0.05057690656105671,0.9177723161243566,0.05,-1.0000000000000002,-2.3000000000000007,4.0,11.0,0,2,6,1,6,15,1,5,27,1
2000511,1.0,0.05,0.9,-2.67259375,-2.5999999999999996,0.07259375000000001,-14,72.59375,7.46875,0.25,0.03125,0.03125,0.5258064516129035,0.5677419354838706,0.9881843277351017,0.06876859315810127,0.9381566505538729,0.05000000000000001,-0.9000000000000001,-1.7,5.0,13.0,0,2,2,0,7,19,3,8,21,2
2000512,0.0,0.05,0.9,6.620062499999999,6.649999999999999,0.029937500000000006,-8,29.9375,5.0,0.171875,0.046875,0.046875,0.5377049180327872,0.524590163934426,0.6807790867170739,0.050033393472745304,0.23696140972257299,0.05,-0.2,6.849999999999999,1.0,13.0,1,4,5,0,7,24,1,4,15,3
2000513,1.0,0.05,0.9,-1.2537031249999957,-1.1999999999999957,0.05370312500000001,-11,53.703125,6.703125,0.25,0.078125,0.03125,0.5483870967741938,0.5435483870967739,0.9569116250703167,0.07538999471750837,0.5354701360271935,0.049999999999999996,-0.9000000000000001,-0.3000000000000005,4.0,17.0,1,0,7,0,8,20,2,2,22,2
2000514,0.0,0.05,0.9,4.583906249999999,4.599999999999999,0.016093750000000004,-1,16.09375,3.75,0.140625,0.125,0.03125,0.5580645161290326,0.5338709677419354,0.1107552973833716,0.050229632596859794,0.0002653266512146589,0.05000000000000001,-1.5,6.1,7.0,10.0,0,2,4,0,8,28,0,3,17,2
2000515,1.0,0.05,0.9,-1.6456250000000014,-1.6000000000000014,0.04562500000000002,-12,45.625,5.9375,0.21875,0.03125,0.03125,0.5548387096774198,0.5604838709677415,0.9812966135252396,0.05588765825725073,0.9067655010810131,0.05,-0.19999999999999996,-1.4,2.0,14.0,1,0,4,0,5,22,1,5,24,2
2000516,1.0,0.05,0.9,-1.6062031250000024,-1.5500000000000025,0.056203125000000013,-13,56.203125,6.578125,0.21875,0.015625,0.0625,0.5666666666666671,0.5624999999999996,0.9988820930349239,0.12370295955248435,0.9936963082598241,0.05,-0.3500000000000001,-1.2,5.0,10.0,0,1,5,0,6,17,0,3,28,4
2000517,1.0,0.05,0.9,-0.44573437500000035,-0.40000000000000036,0.04573437500000002,-9,45.734375,5.890625,0.1875,0.046875,0.046875,0.5606557377049185,0.5688524590163931,0.92480323530219,0.050908899006648405,0.573590143083408,0.05,-0.44999999999999996,0.050000000000000044,3.0,12.0,0,1,2,0,5,22,0,6,25,3
2000518,1.0,0.05,0.9,-0.52225,-0.5,0.02225,-7,22.25,3.875,0.140625,0.03125,0.015625,0.5619047619047624,0.5309523809523807,0.8217637934959008,0.050012971360544355,0.47750917768932977,0.05,-0.3500000000000001,-0.1499999999999999,2.0,9.0,0,0,4,0,7,35,2,1,14,1
2000519,1.0,0.05,0.9,-1.4707812499999993,-1.4499999999999993,0.020781250000000005,-9,20.78125,3.6875,0.15625,0.015625,0.03125,0.541935483870968,0.5266129032258062,0.9463769535005478,0.05007038379763584,0.8680392158068317,0.049999999999999996,-0.25,-1.2,2.0,9.0,0,0,6,0,5,34,5,3,9,2
2000520,1.0,0.05,0.9,-3.620140625000001,-3.5500000000000007,0.07014062500000003,-17,70.140625,7.046875,0.265625,0.0,0.046875,0.5213114754098364,0.568852459016393,0.9997732270833435,0.21480115291957913,0.9982783852827822,0.05000000000000001,-0.30000000000000004,-3.25,4.0,13.0,0,1,2,1,7,19,4,6,21,3
2000521,0.0,0.05,0.9,7.668828124999998,7.699999999999998,0.031171875000000005,-8,31.171875,5.359375,0.1875,0.0625,0.046875,0.5475409836065578,0.5245901639344261,0.5861125275319472,0.05015929764419491,0.08645552430795343,0.05,-0.75,8.45,3.0,13.0,1,0,5,1,7,31,1,3,12,3
2000522,0.0,0.05,0.9,6.58721875,6.6,0.01278125000000001,-5,12.78125,3.125,0.15625,0.078125,0.046875,0.5409836065573772,0.5196721311475407,0.0836263134857437,0.0500156081845683,0.0017332629447445284,0.05,-0.6,7.199999999999999,4.0,11.0,0,0,6,0,9,32,3,3,8,3
2000523,0.0,0.05,0.9,6.044375,6.05,0.005625000000000004,-5,5.625,2.03125,0.15625,0.078125,0.078125,0.56271186440678,0.5127118644067795,0.31554783717856993,0.05010665905670011,0.011125124784510203,0.05,-0.8,6.85,4.0,11.0,0,0,9,0,6,30,2,1,11,5
2000524,1.0,0.05,0.9,-2.963687500000002,-2.900000000000002,0.06368750000000004,-13,63.6875,7.1875,0.21875,0.015625,0.015625,0.5619047619047622,0.5476190476190472,0.9847707918979132,0.05156980394788329,0.9573765697712162,0.05,-1.2,-1.7000000000000002,4.0,11.0,0,1,4,1,6,26,0,3,22,1
2000525,1.0,0.05,0.9,-3.175624999999998,-3.099999999999998,0.07562500000000003,-13,75.625,7.6875,0.203125,0.0,0.046875,0.5442622950819677,0.5565573770491801,0.9817788105408414,0.050986459953781496,0.9682051147945461,0.05000000000000001,-0.5,-2.6000000000000005,2.0,11.0,0,0,5,1,6,21,3,3,22,3
2000526,0.0,0.05,0.9,3.3990468750000002,3.4000000000000004,0.0009531250000000006,-2,0.953125,0.734375,0.078125,0.046875,0.015625,0.5873015873015878,0.4999999999999999,0.5771850497815136,0.050000549856856,0.07001188121885911,0.05,-0.6000000000000001,4.0,3.0,5.0,0,0,5,0,3,50,0,1,4,1
2000527,0.0,0.05,0.9,7.277093749999999,7.299999999999999,0.022906250000000003,-6,22.90625,4.25,0.1875,0.09375,0.0625,0.5433333333333337,0.5249999999999999,0.18970650984861429,0.05025315596928698,0.0031703788431102875,0.05000000000000001,-0.8500000000000001,8.149999999999999,5.0,13.0,1,0,8,0,4,28,4,3,12,4
2000528,1.0,0.05,0.9,-2.4422500000000005,-2.4000000000000004,0.042250000000000024,-12,42.25,5.4375,0.203125,0.015625,0.046875,0.5573770491803283,0.5442622950819669,0.9575071628714609,0.05082101140064078,0.8936521102942839,0.05,-1.7,-0.7,7.0,7.0,0,0,7,0,5,24,3,2,20,3
2000529,0.0,0.05,0.9,6.529874999999999,6.549999999999999,0.02012500000000001,-5,20.125,4.09375,0.1875,0.109375,0.0625,0.5366666666666671,0.5374999999999999,0.4756561277997564,0.05113233856697354,0.009223550860791293,0.05,-1.35,7.8999999999999995,4.0,15.0,0,2,4,1,8,24,1,5,15,4
2000530,1.0,0.05,0.9,-0.8907812499999996,-0.8499999999999996,0.040781250000000005,-9,40.78125,5.8125,0.171875,0.03125,0.046875,0.5639344262295086,0.5319672131147539,0.9004234267575316,0.05025170356532309,0.6234471832980997,0.05,-0.5499999999999998,-0.30000000000000004,3.0,10.0,0,0,5,1,3,34,1,4,13,3
2000531,0.0,0.05,0.9,7.475046874999999,7.499999999999999,0.024953125,-7,24.953125,4.734375,0.1875,0.078125,0.015625,0.5492063492063496,0.5214285714285714,0.5223838699250338,0.05018315406887467,0.03701332545394449,0.05,-0.8999999999999999,8.4,4.0,13.0,1,1,5,1,7,32,0,4,12,1
2000532,0.0,0.05,0.9,5.893203124999999,5.8999999999999995,0.0067968750000000034,-5,6.796875,1.984375,0.140625,0.0625,0.0625,0.526666666666667,0.5274999999999997,0.5044434133681036,0.05003178092761675,0.05249973680633321,0.05,-0.7,6.6,3.0,10.0,0,2,4,1,10,26,3,2,12,4
2000533,0.0,0.05,0.9,5.9339218749999985,5.949999999999998,0.016078125000000013,-6,16.078125,3.640625,0.140625,0.046875,0.046875,0.5409836065573774,0.5245901639344261,0.6705812971053747,0.05001906400622697,0.20578922510732517,0.04999999999999999,-0.8500000000000001,6.799999999999999,3.0,9.0,0,1,4,0,8,33,3,3,9,3
2000534,1.0,0.05,0.9,-1.2114375000000004,-1.1500000000000004,0.06143749999999999,-9,61.4375,7.375,0.171875,0.03125,0.046875,0.5508196721311479,0.5639344262295081,0.8622948958115169,0.05010082407776653,0.5885660198007937,0.05,-0.5999999999999999,-0.55,3.0,10.0,0,1,3,0,2,25,4,4,22,3
2000535,0.0,0.05,0.9,5.287046875,5.3,0.01295312500000001,-3,12.953125,3.203125,0.140625,0.09375,0.03125,0.5483870967741938,0.5314516129032255,0.5707848959435481,0.050070905264063416,0.014895321189021376,0.05,-1.2500000000000002,6.55,5.0,10.0,0,0,6,2,7,28,1,3,15,2
2000536,0.0,0.05,0.9,7.033671875,7.05,0.016328125000000013,-7,16.328125,3.453125,0.15625,0.046875,0.078125,0.5525423728813562,0.5254237288135591,0.4987816886392443,0.05007305448001479,0.0873911946268334,0.05,-0.25,7.3,2.0,11.0,0,0,6,0,9,28,1,3,12,5
2000537,0.0,0.05,0.9,7.124578125,7.15,0.025421875000000007,-7,25.421875,4.046875,0.171875,0.0625,0.03125,0.5580645161290325,0.5193548387096771,0.7693653905424536,0.050244734788353534,0.17016081498632424,0.05,-0.9000000000000001,8.05,3.0,12.0,1,0,11,0,5,25,1,4,15,2
2000538,0.0,0.05,0.9,4.746656249999999,4.749999999999999,0.0033437500000000017,-1,3.34375,1.375,0.140625,0.125,0.078125,0.5627118644067801,0.5101694915254237,0.32212667888788754,0.050367435890449334,0.0005186251332285486,0.05,-0.8999999999999999,5.65,4.0,13.0,1,0,7,0,5,34,1,2,9,5
2000539,0.0,0.05,0.9,4.741499999999999,4.749999999999999,0.008500000000000006,-4,8.5,2.75,0.125,0.0625,0.015625,0.5619047619047624,0.5119047619047619,0.6229031963698821,0.0500074111602033,0.09347988076860794,0.05,-0.8,5.55,3.0,9.0,0,1,6,0,5,39,1,4,7,1
2000540,0.0,0.05,0.9,6.93703125,6.95,0.012968750000000008,-6,12.96875,2.8125,0.15625,0.0625,0.078125,0.5525423728813563,0.5228813559322031,0.6735771831165837,0.05032716516894999,0.08465208736555734,0.049999999999999996,-0.6000000000000001,7.55,3.0,11.0,1,1,5,0,5,31,2,2,12,5
2000541,0.0,0.05,0.9,7.169765625,7.2,0.030234374999999997,-8,30.234375,4.609375,0.171875,0.046875,0.046875,0.5508196721311478,0.5319672131147537,0.8186220073364053,0.050128561325805704,0.4087763241840082,0.05000000000000001,-0.9000000000000001,8.1,2.0,12.0,0,0,7,0,5,29,4,2,14,3
2000542,0.0,0.05,0.9,6.345171875,6.3500000000000005,0.004828125000000003,-4,4.828125,1.765625,0.1875,0.125,0.046875,0.5344262295081968,0.5270491803278687,0.7149102979627966,0.05541912487501546,0.006913128726807439,0.05000000000000001,-1.55,7.8999999999999995,4.0,16.0,1,3,6,0,8,22,1,5,15,3
2000543,1.0,0.05,0.9,-1.000859375000001,-0.9500000000000011,0.050859375000000026,-10,50.859375,6.109375,0.171875,0.015625,0.046875,0.5737704918032793,0.5614754098360651,0.9918433801907552,0.05188553749941885,0.9707443384084282,0.05,-0.30000000000000004,-0.6499999999999999,3.0,9.0,0,0,2,1,3,28,0,3,24,3
2000544,0.0,0.05,0.9,5.7838593750000005,5.800000000000001,0.01614062500000001,-7,16.140625,3.359375,0.140625,0.03125,0.015625,0.5555555555555559,0.5357142857142855,0.7790649180359075,0.05000516349153677,0.489191575260789,0.05,-0.55,6.3500000000000005,1.0,10.0,1,1,0,0,5,39,2,2,13,1
2000545,1.0,0.05,0.9,-2.603406250000001,-2.5500000000000007,0.053406250000000016,-11,53.40625,6.46875,0.171875,0.0,0.046875,0.5639344262295086,0.5565573770491801,0.9698630754866487,0.05015179385770314,0.9516038640920568,0.05,-0.25,-2.3,2.0,9.0,0,0,5,0,3,25,2,4,22,3
2000546,0.0,0.05,0.9,5.9308749999999995,5.949999999999999,0.01912500000000001,-6,19.125,4.125,0.171875,0.078125,0.078125,0.5525423728813562,0.525423728813559,0.3462652321972773,0.050039527841150774,0.021591687209673215,0.049999999999999996,-1.3,7.25,5.0,11.0,2,0,8,0,6,23,1,2,17,5
2000547,1.0,0.05,0.9,-1.9729375000000005,-1.9000000000000004,0.07293750000000002,-13,72.9375,7.46875,0.21875,0.015625,0.03125,0.5580645161290326,0.5701612903225802,0.9971754082822029,0.07039697104213145,0.989152816503791,0.049999999999999996,-0.55,-1.35,4.0,11.0,0,0,2,0,4,25,1,7,23,2
2000548,0.0,0.05,0.9,10.383953125,10.45,0.06604687500000002,-13,66.046875,7.328125,0.234375,0.03125,0.046875,0.5278688524590167,0.5762295081967208,0.9666969504927904,0.05423567446587168,0.8629797355494331,0.05,-0.7000000000000001,11.149999999999999,2.0,15.0,0,0,4,1,9,12,3,5,27,3
2000549,1.0,0.05,0.9,-0.034109375,0.0,0.034109375,-9,34.109375,5.140625,0.21875,0.078125,0.046875,0.5540983606557381,0.5639344262295078,0.9247535231270391,0.058744445798234304,0.3738442874553377,0.05,-0.9500000000000002,0.95,4.0,15.0,0,0,5,0,6,19,0,8,23,3
2000550,0.0,0.05,0.9,6.381609374999999,6.3999999999999995,0.018390625000000008,-5,18.390625,3.859375,0.15625,0.078125,0.078125,0.5559322033898308,0.527966101694915,0.6629044218385322,0.05042888407684661,0.04972450376478403,0.05000000000000001,-0.9500000000000002,7.35,4.0,11.0,0,0,8,0,7,25,1,4,14,5
2000551,1.0,0.05,0.9,-2.862453125000001,-2.8000000000000007,0.06245312500000001,-11,62.453125,7.390625,0.171875,0.0,0.03125,0.5612903225806458,0.5629032258064514,0.9636638326414484,0.05007185644562154,0.9433409610231267,0.05,-0.75,-2.05,4.0,7.0,0,0,3,1,5,24,1,3,25,2
2000552,0.0,0.05,0.9,6.338937499999999,6.35,0.011062500000000006,-4,11.0625,2.65625,0.171875,0.109375,0.078125,0.5491525423728816,0.49491525423728794,0.3066289218847787,0.051029871745845286,0.0012645404784188267,0.05,-0.9500000000000002,7.3,4.0,14.0,0,3,10,1,7,27,1,1,9,5
2000553,0.0,0.05,0.9,7.930312499999999,7.949999999999999,0.019687500000000007,-8,19.6875,3.9375,0.171875,0.046875,0.046875,0.5508196721311479,0.5368852459016391,0.824643079255827,0.05028650012874995,0.31925127333015696,0.05,-0.4,8.35,2.0,12.0,0,0,4,1,5,32,2,4,13,3
2000554,1.0,0.05,0.9,-2.0576875,-2.0,0.05768750000000002,-12,57.6875,6.71875,0.21875,0.03125,0.015625,0.5555555555555561,0.5476190476190472,0.9872585477780585,0.05388676723741676,0.9383921795585347,0.049999999999999996,-0.5000000000000002,-1.5000000000000002,4.0,12.0,1,0,6,2,3,24,1,3,23,1
2000555,1.0,0.05,0.9,-1.989437500000001,-1.950000000000001,0.03943750000000002,-10,39.4375,5.59375,0.15625,0.0,0.046875,0.5573770491803284,0.5344262295081964,0.981447420155967,0.05016656674757907,0.9683443045389224,0.049999999999999996,-0.050000000000000044,-1.9,1.0,9.0,0,1,5,0,6,29,2,2,16,3
2000556,1.0,0.05,0.9,-0.5823750000000008,-0.5500000000000007,0.032374999999999994,-7,32.375,5.375,0.140625,0.03125,0.046875,0.5639344262295086,0.5221311475409836,0.8651358170218231,0.05003504198408277,0.5713490450981632,0.05,-0.5999999999999999,0.050000000000000044,3.0,8.0,0,1,5,0,6,34,1,2,12,3
2000557,1.0,0.05,0.9,-1.4773437499999986,-1.3999999999999986,0.07734375000000002,-11,77.34375,7.875,0.203125,0.03125,0.03125,0.5516129032258069,0.5604838709677415,0.954244632827587,0.05127948340737592,0.8032852225154391,0.049999999999999996,-0.6499999999999999,-0.7499999999999998,3.0,12.0,0,0,4,0,6,23,2,5,22,2
2000558,0.0,0.05,0.9,4.196578124999999,4.199999999999999,0.0034218750000000017,-1,3.421875,1.578125,0.140625,0.125,0.03125,0.5483870967741941,0.5169354838709677,0.4822686620911778,0.05010330078728323,0.0014412034454520009,0.049999999999999996,-1.6500000000000001,5.8500000000000005,6.0,11.0,0,2,5,0,10,31,1,2,11,2
2000559,1.0,0.05,0.9,-1.3758281250000006,-1.3500000000000005,0.025828125000000007,-9,25.828125,4.453125,0.15625,0.015625,0.015625,0.5619047619047626,0.5238095238095237,0.9491942297368884,0.05006534108832379,0.8723102005475073,0.049999999999999996,-0.44999999999999996,-0.8999999999999999,2.0,9.0,1,2,5,0,2,35,2,2,14,1
2000560,0.0,0.05,0.9,4.546500000000001,4.550000000000001,0.0035000000000000014,-4,3.5,1.1875,0.109375,0.046875,0.03125,0.5612903225806455,0.5096774193548385,0.665595774468305,0.05000416831454253,0.17051503377493696,0.05,-0.8500000000000001,5.3999999999999995,3.0,7.0,0,1,3,0,9,41,0,2,6,2
2000561,1.0,0.05,0.9,-1.929046874999996,-1.849999999999996,0.07904687500000004,-12,79.046875,8.078125,0.21875,0.03125,0.03125,0.5548387096774199,0.5822580645161286,0.9847977646290603,0.055019625555569565,0.9323167573426097,0.05,-0.050000000000000044,-1.8,1.0,15.0,0,1,4,0,1,17,3,6,30,2
2000562,0.0,0.05,0.9,5.6943125,5.699999999999999,0.005687500000000004,-5,5.6875,2.0,0.140625,0.0625,0.046875,0.5442622950819674,0.512295081967213,0.2150577418807215,0.05000624948912525,0.011258389168640935,0.049999999999999996,-0.65,6.35,4.0,9.0,2,2,5,0,6,32,1,3,10,3
2000563,0.0,0.05,0.9,6.633046875,6.6499999999999995,0.016953125000000013,-6,16.953125,3.734375,0.15625,0.0625,0.03125,0.5548387096774198,0.536290322580645,0.758845655789918,0.0501037087307885,0.17612165769110008,0.05,-1.1500000000000001,7.8,4.0,10.0,0,0,4,0,9,30,1,3,15,2
2000564,0.0,0.05,0.9,6.1829374999999995,6.199999999999999,0.01706250000000001,-6,17.0625,3.46875,0.15625,0.0625,0.046875,0.5639344262295086,0.5098360655737704,0.5123842607977337,0.050032067806804,0.06247108123329255,0.049999999999999996,-1.0,7.2,4.0,10.0,0,0,10,2,4,31,1,1,12,3
2000565,0.0,0.05,0.9,5.1921406249999995,5.199999999999999,0.007859375000000005,-4,7.859375,2.421875,0.125,0.0625,0.0625,0.5733333333333338,0.4925,0.44662888799392636,0.05002455284277165,0.020330525200689068,0.05000000000000001,-0.55,5.75,3.0,9.0,1,0,9,0,6,37,0,0,7,4
2000566,0.0,0.05,0.9,5.441937499999998,5.449999999999998,0.008062500000000005,-3,8.0625,2.5,0.15625,0.109375,0.046875,0.5606557377049183,0.5245901639344261,0.3334654024905064,0.050116998575909004,0.0027861484121354508,0.05,-1.25,6.699999999999999,5.0,12.0,1,1,9,0,6,23,0,3,18,3
2000567,1.0,0.05,0.9,-2.4535781250000004,-2.4000000000000004,0.05357812500000001,-11,53.578125,6.453125,0.1875,0.015625,0.0,0.5562500000000006,0.5539062499999996,0.9681106396986756,0.050160255132180274,0.9263218753533786,0.05,-0.75,-1.6499999999999997,4.0,9.0,0,1,3,0,6,27,2,3,22,0
2000568,1.0,0.05,0.9,-1.5832500000000007,-1.5500000000000007,0.033250000000000016,-9,33.25,5.25,0.15625,0.015625,0.046875,0.5573770491803284,0.5467213114754095,0.9243949526061115,0.05005752962111714,0.8129561758774194,0.05000000000000001,-0.3999999999999999,-1.1500000000000001,2.0,9.0,0,0,3,1,4,31,3,1,18,3
2000569,1.0,0.05,0.9,-2.609828124999999,-2.549999999999999,0.05982812500000003,-12,59.828125,6.703125,0.203125,0.015625,0.0625,0.5566666666666671,0.5649999999999996,0.9917584215464617,0.05389736555190105,0.9769563021911748,0.05,-0.25,-2.3,2.0,12.0,1,1,3,0,2,22,2,4,25,4
2000570,1.0,0.05,0.9,-1.9325625000000004,-1.9000000000000004,0.032562499999999994,-10,32.5625,4.75,0.171875,0.015625,0.03125,0.5516129032258067,0.5217741935483869,0.8996411811924793,0.050067682766136413,0.7633296934822863,0.05,-0.3500000000000001,-1.5499999999999998,1.0,11.0,0,1,8,0,5,30,3,3,12,2
2000571,1.0,0.05,0.9,-0.8642656250000007,-0.8000000000000007,0.06426562500000002,-13,64.265625,6.984375,0.265625,0.0625,0.046875,0.5213114754098364,0.5860655737704912,0.996632709028469,0.207912326121802,0.8763169410705705,0.05,-0.34999999999999987,-0.4500000000000004,3.0,18.0,0,0,4,1,6,11,3,10,26,3
2000572,0.0,0.05,0.9,5.239859375,5.25,0.010140625000000006,-4,10.140625,2.515625,0.125,0.0625,0.046875,0.5672131147540989,0.5147540983606556,0.6292113190011814,0.05002650140257753,0.073322380743031,0.049999999999999996,-1.05,6.3,4.0,8.0,0,2,5,0,6,35,1,0,12,3
2000573,1.0,0.05,0.9,-1.4659375000000001,-1.4500000000000002,0.01593750000000001,-6,15.9375,3.5625,0.09375,0.0,0.015625,0.5809523809523814,0.5095238095238093,0.8387187605843549,0.05000041207044439,0.7955311436388641,0.05,-0.30000000000000004,-1.15,1.0,5.0,0,1,4,0,2,47,1,1,7,1
2000574,1.0,0.05,0.9,-1.2502656249999993,-1.1999999999999993,0.05026562500000002,-10,50.265625,6.421875,0.1875,0.03125,0.046875,0.5344262295081971,0.5368852459016391,0.9358323199703731,0.050654758869102076,0.7471468839097232,0.05,-0.19999999999999996,-1.0,1.0,13.0,0,1,5,1,8,25,3,3,15,3
2000575,0.0,0.05,0.9,7.983578124999999,7.999999999999999,0.01642187500000001,-9,16.421875,3.515625,0.171875,0.03125,0.046875,0.5409836065573773,0.5344262295081964,0.8827377484599772,0.05016626881422925,0.5873665120810533,0.049999999999999996,-0.4,8.399999999999999,2.0,11.0,2,0,3,0,7,30,2,3,14,3
2000576,1.0,0.05,0.9,-0.1835468750000004,-0.15000000000000036,0.03354687500000002,-10,33.546875,5.078125,0.21875,0.0625,0.015625,0.523809523809524,0.5357142857142855,0.9174231575078335,0.05527060912943451,0.38599631975175297,0.05,-0.6000000000000001,0.44999999999999996,3.0,15.0,1,0,8,1,11,18,2,5,17,1
2000577,1.0,0.05,0.9,-1.5733437500000016,-1.5500000000000016,0.023343750000000014,-8,23.34375,4.21875,0.140625,0.015625,0.0625,0.5533333333333338,0.5349999999999998,0.8919670939347778,0.05002154046938258,0.7908361382650253,0.05,-0.3500000000000001,-1.1999999999999997,1.0,9.0,0,0,3,0,7,33,2,3,12,4
2000578,1.0,0.05,0.9,-1.9787343750000002,-1.9500000000000002,0.02873437500000002,-8,28.734375,4.828125,0.125,0.0,0.0625,0.5700000000000004,0.5174999999999998,0.8990562978054907,0.0500074144190171,0.8628613241486305,0.05,-0.7,-1.2499999999999998,3.0,5.0,0,1,5,0,5,36,1,1,11,4
2000579,0.0,0.05,0.9,8.174624999999999,8.2,0.025374999999999998,-8,25.375,4.53125,0.203125,0.078125,0.046875,0.5409836065573774,0.5393442622950818,0.8291859461716442,0.05235053043637938,0.19074016732107438,0.05000000000000001,-1.7000000000000002,9.9,5.0,13.0,0,1,5,1,6,26,2,5,15,3
2000580,0.0,0.05,0.9,7.73671875,7.75,0.013281250000000008,-7,13.28125,2.875,0.203125,0.09375,0.03125,0.538709677419355,0.5241935483870964,0.7825401050294668,0.05426866199631497,0.06392009397951424,0.049999999999999996,-0.8500000000000001,8.6,3.0,16.0,1,1,10,0,10,18,2,2,18,2
2000581,1.0,0.05,0.9,-0.17676562500000034,-0.15000000000000036,0.026765624999999994,-7,26.765625,4.578125,0.140625,0.03125,0.03125,0.5580645161290326,0.5338709677419353,0.8693343133975595,0.05003986095332855,0.5542635788321281,0.05,-0.7999999999999998,0.6500000000000001,5.0,6.0,0,1,3,0,5,35,1,5,12,2
2000582,0.0,0.05,0.9,6.73678125,6.75,0.01321875000000001,-5,13.21875,3.21875,0.171875,0.09375,0.046875,0.5377049180327871,0.517213114754098,0.13642807591077216,0.05010542338242138,0.001647612879582892,0.05,-1.4500000000000002,8.200000000000001,6.0,11.0,0,0,8,1,7,30,2,6,7,3
2000583,1.0,0.05,0.9,-0.17960937499999946,-0.14999999999999947,0.029609375,-7,29.609375,4.984375,0.15625,0.046875,0.046875,0.5639344262295086,0.5442622950819669,0.9327133170766727,0.05023799783557312,0.650206705842918,0.05000000000000001,-0.85,0.6999999999999997,3.0,10.0,0,1,7,1,4,22,0,4,22,3
2000584,1.0,0.05,0.9,-3.0893750000000018,-3.0000000000000018,0.08937499999999997,-14,89.375,8.65625,0.21875,0.0,0.015625,0.5555555555555561,0.5833333333333329,0.9954933881401938,0.05460880756372261,0.9906185052923875,0.05,-0.8,-2.2,5.0,9.0,0,0,4,1,4,15,2,4,33,1
2000585,0.0,0.05,0.9,9.600609375000003,9.650000000000002,0.04939062500000001,-11,49.390625,5.953125,0.21875,0.046875,0.046875,0.5409836065573775,0.5663934426229503,0.8411845985682253,0.05110620333984335,0.38526858723531276,0.05000000000000001,-0.4,10.05,2.0,15.0,0,0,5,0,7,17,4,3,25,3
2000586,1.0,0.05,0.9,-1.6429218750000014,-1.6000000000000014,0.04292187500000002,-12,42.921875,6.046875,0.234375,0.046875,0.015625,0.5365079365079369,0.5595238095238092,0.9710330433827667,0.05685803045505123,0.7966373242765615,0.05,-0.10000000000000009,-1.5,2.0,16.0,1,0,4,0,4,24,4,6,20,1
2000587,0.0,0.05,0.9,3.799531249999999,3.799999999999999,0.0004687500000000003,0,0.46875,0.46875,0.109375,0.109375,0.03125,0.5709677419354843,0.4951612903225807,0.42615361391209916,0.05002848458666088,0.0007766943524621325,0.05,-1.3,5.1,6.0,8.0,0,0,7,0,5,45,1,2,2,2
2000588,1.0,0.05,0.9,0.6929218749999992,0.6999999999999993,0.007078125000000004,-7,7.078125,2.234375,0.171875,0.0625,0.078125,0.5491525423728817,0.5127118644067795,0.8730128895771989,0.05301325480115621,0.22133177686339342,0.05,-0.19999999999999996,0.8999999999999999,1.0,14.0,0,2,6,0,6,32,2,3,8,5
2000589,1.0,0.05,0.9,-2.006531249999999,-1.9499999999999993,0.05653125000000002,-12,56.53125,6.5625,0.203125,0.015625,0.046875,0.5475409836065578,0.5590163934426227,0.9919569420275904,0.05468472954582551,0.9744719528570296,0.05,-0.25,-1.7000000000000002,2.0,12.0,0,1,5,0,6,19,3,3,24,3
2000590,0.0,0.05,0.9,6.030078125,6.05,0.019921875000000006,-5,19.921875,3.953125,0.140625,0.0625,0.046875,0.5377049180327873,0.5368852459016391,0.7960556674096771,0.05010463651420642,0.19935553044249096,0.05000000000000001,-0.65,6.699999999999999,2.0,11.0,2,1,2,0,8,28,2,2,16,3
2000591,1.0,0.05,0.9,-1.3393437500000007,-1.3000000000000007,0.03934375000000002,-10,39.34375,5.5625,0.1875,0.03125,0.046875,0.5672131147540989,0.5540983606557375,0.9126982897604896,0.050428197032490914,0.7026157380052133,0.05,-0.34999999999999987,-0.9499999999999997,2.0,12.0,0,0,4,1,4,26,1,2,23,3
2000592,1.0,0.05,0.9,-2.800375,-2.75,0.05037500000000002,-13,50.375,6.375,0.203125,0.0,0.046875,0.5573770491803283,0.5540983606557373,0.9941350433710273,0.05337842019196174,0.9882861078878873,0.05,-0.10000000000000009,-2.6500000000000004,2.0,11.0,0,1,4,0,4,25,3,2,22,3
2000593,0.0,0.05,0.9,8.917234375,8.95,0.032765625000000013,-9,32.765625,5.234375,0.21875,0.078125,0.046875,0.531147540983607,0.5491803278688522,0.9223382834916722,0.06454545991962427,0.3732153130225942,0.05,-0.45,9.4,1.0,18.0,0,0,6,0,4,25,6,5,15,3
2000594,0.0,0.05,0.9,2.597234374999999,2.5999999999999988,0.0027656250000000016,2,2.765625,1.421875,0.09375,0.125,0.03125,0.5677419354838716,0.4903225806451614,0.54610145050026,0.050026219031714565,0.00029803013480306906,0.05,-1.0999999999999999,3.6999999999999993,5.0,9.0,0,0,13,0,4,36,1,4,4,2
2000595,1.0,0.05,0.9,-1.719953125000001,-1.700000000000001,0.01995312500000001,-8,19.953125,3.546875,0.125,0.0,0.03125,0.5612903225806455,0.5217741935483867,0.912331280747604,0.05000591322525369,0.8779954535993774,0.05000000000000001,-0.19999999999999996,-1.4999999999999998,1.0,7.0,0,0,3,1,7,39,0,3,9,2
2000596,0.0,0.05,0.9,4.196624999999998,4.199999999999998,0.003375000000000002,-1,3.375,1.46875,0.140625,0.125,0.03125,0.5483870967741938,0.5024193548387097,0.4635628077869085,0.050109695212719574,0.0010164320006963044,0.05,-1.25,5.449999999999998,4.0,13.0,1,3,7,0,6,33,1,3,8,2
2000597,0.0,0.05,0.9,6.08184375,6.1,0.018156250000000013,-6,18.15625,3.90625,0.140625,0.046875,0.0625,0.5533333333333336,0.5299999999999997,0.6583614178891721,0.05002709891676115,0.18821573510849618,0.049999999999999996,-0.4,6.5,2.0,10.0,0,0,4,1,6,33,2,2,12,4
2000598,1.0,0.05,0.9,-1.8902812500000032,-1.8500000000000032,0.040281250000000025,-12,40.28125,5.5625,0.203125,0.015625,0.078125,0.555932203389831,0.5483050847457624,0.9892519853819891,0.057920048842848945,0.9614102389127004,0.05,-0.5,-1.35,4.0,10.0,0,1,3,0,7,25,1,3,19,5
2000599,1.0,0.05,0.9,-2.710906250000002,-2.650000000000002,0.06090625000000002,-13,60.90625,6.875,0.203125,0.0,0.046875,0.5639344262295087,0.5565573770491801,0.9966870628576903,0.055713849101538024,0.992923363408514,0.05,-0.3500000000000001,-2.3,2.0,11.0,0,1,3,0,5,25,1,3,23,3
2000600,1.0,0.05,0.9,-1.4025156250000015,-1.3500000000000014,0.05251562500000003,-12,52.515625,6.546875,0.21875,0.03125,0.078125,0.5389830508474581,0.563559322033898,0.9924574202552047,0.08591264910581956,0.9512048249000823,0.05,-0.30000000000000004,-1.0499999999999996,3.0,13.0,0,1,3,0,4,22,3,7,19,5
2000601,1.0,0.05,0.9,-0.6934218750000004,-0.6500000000000004,0.04342187500000001,-8,43.421875,5.984375,0.171875,0.046875,0.03125,0.5516129032258068,0.5701612903225802,0.8809325778364775,0.05012271357623934,0.5294069940792496,0.05,-0.19999999999999996,-0.4500000000000002,1.0,13.0,0,0,4,0,6,19,2,5,26,2
2000602,1.0,0.05,0.9,-0.08596874999999982,-0.04999999999999982,0.03596875,-8,35.96875,5.375,0.203125,0.078125,0.078125,0.5355932203389835,0.5457627118644066,0.7658363237308639,0.05194096162063293,0.13374269680274894,0.049999999999999996,-1.2000000000000002,1.1499999999999997,5.0,13.0,1,0,7,0,6,19,3,5,18,5
2000603,0.0,0.05,0.9,7.82528125,7.85,0.024718749999999998,-7,24.71875,4.28125,0.203125,0.09375,0.046875,0.5442622950819677,0.5540983606557375,0.7539011995479878,0.05299394177479747,0.07739045939519464,0.05,-1.4000000000000001,9.25,4.0,15.0,0,0,5,2,8,19,0,5,22,3
2000604,1.0,0.05,0.9,-0.9870781250000011,-0.9500000000000011,0.03707812500000002,-10,37.078125,5.609375,0.1875,0.03125,0.015625,0.5587301587301592,0.5404761904761903,0.9510435523811196,0.05056454252085604,0.76808202138747,0.05000000000000002,-0.75,-0.19999999999999996,4.0,10.0,0,0,3,0,9,31,0,4,16,1
2000605,1.0,0.05,0.9,-1.0837187500000018,-1.0000000000000018,0.08371875000000006,-11,83.71875,8.3125,0.21875,0.046875,0.03125,0.5516129032258068,0.5774193548387092,0.9831036687225969,0.05777212308202479,0.87572060535885,0.05000000000000001,-0.5999999999999999,-0.40000000000000036,3.0,14.0,0,0,4,0,7,15,2,4,30,2
2000606,0.0,0.05,0.9,6.5247343749999995,6.55,0.025265625000000003,-7,25.265625,4.609375,0.15625,0.046875,0.03125,0.5741935483870972,0.5314516129032256,0.8076616631015874,0.05004481247365776,0.39612110710771326,0.05,-0.7000000000000001,7.249999999999999,2.0,11.0,0,0,6,0,4,33,1,2,16,2
2000607,0.0,0.05,0.9,5.5254531249999985,5.549999999999999,0.024546875000000003,-7,24.546875,4.671875,0.125,0.015625,0.046875,0.5672131147540989,0.5221311475409836,0.7874069287603823,0.05000326559160117,0.599381936260967,0.05,-0.2,5.749999999999999,1.0,8.0,1,0,5,0,4,36,1,2,12,3
2000608,1.0,0.05,0.9,0.49089062499999997,0.5,0.009109375000000006,-5,9.109375,2.578125,0.140625,0.0625,0.046875,0.5508196721311479,0.5344262295081965,0.6028803649330927,0.05002223746573054,0.10556312998016296,0.05,-0.3999999999999999,0.8999999999999999,2.0,11.0,0,0,4,1,4,34,3,3,12,3
2000609,0.0,0.05,0.9,6.696843749999999,6.699999999999999,0.003156250000000002,-3,3.15625,1.53125,0.1875,0.140625,0.078125,0.5423728813559323,0.4974576271186438,0.14684931893752168,0.05492186755094673,4.019513863781536e-05,0.05,-1.4000000000000001,8.1,7.0,14.0,0,2,15,0,3,23,4,4,8,5
2000610,1.0,0.05,0.9,-0.24309375000000108,-0.20000000000000107,0.043093750000000014,-10,43.09375,5.5,0.1875,0.03125,0.0,0.5562500000000005,0.5539062499999996,0.9971299532105384,0.05866469253642914,0.9797029633236429,0.05,-0.4500000000000002,0.25,6.0,8.0,1,1,4,0,4,25,2,3,24,0
2000611,1.0,0.05,0.9,-1.5645625,-1.5,0.06456250000000002,-11,64.5625,7.3125,0.203125,0.03125,0.078125,0.5288135593220342,0.5686440677966099,0.9874689477141246,0.05744747695838972,0.9425511114923768,0.05,-0.55,-0.9500000000000002,4.0,11.0,1,0,4,1,3,18,5,4,23,5
2000612,1.0,0.05,0.9,-0.22414062500000018,-0.20000000000000018,0.024140625000000006,-8,24.140625,4.296875,0.171875,0.046875,0.078125,0.5694915254237292,0.5355932203389826,0.9309101719989168,0.05118482382239567,0.6106211716095138,0.05,-0.3999999999999999,0.19999999999999973,2.0,12.0,1,0,6,0,4,27,1,1,19,5
2000613,1.0,0.05,0.9,-2.0683593750000036,-2.0000000000000036,0.06835937500000001,-14,68.359375,7.203125,0.25,0.03125,0.046875,0.5409836065573772,0.5762295081967208,0.9985738860322,0.161259789337659,0.9862170899862697,0.05000000000000001,-0.7,-1.3000000000000003,5.0,13.0,0,0,3,0,6,18,3,6,25,3
2000614,0.0,0.05,0.9,5.935484375,5.949999999999999,0.014515625000000011,-5,14.515625,3.515625,0.171875,0.09375,0.015625,0.5492063492063497,0.5357142857142855,0.5329175392679472,0.050091728618597064,0.028594063961426292,0.05,-1.35,7.3,4.0,13.0,2,1,7,0,4,24,1,5,19,1
2000615,1.0,0.05,0.9,-2.578531250000002,-2.5000000000000018,0.07853125,-14,78.53125,7.875,0.234375,0.015625,0.03125,0.5387096774193553,0.5701612903225803,0.9979898753439599,0.08941382541685422,0.9912885320463403,0.05000000000000001,-1.05,-1.45,7.0,9.0,2,0,4,0,4,17,2,7,26,2
2000616,1.0,0.05,0.9,-2.390437500000001,-2.3000000000000007,0.09043749999999998,-14,90.4375,8.625,0.25,0.03125,0.046875,0.5377049180327873,0.5836065573770487,0.9957849966910425,0.10770607990048459,0.9719734859930969,0.05,-0.75,-1.5499999999999998,6.0,12.0,0,1,6,0,3,10,3,9,29,3
2000617,1.0,0.05,0.9,-3.2102656250000003,-3.1500000000000004,0.06026562500000002,-14,60.265625,6.703125,0.21875,0.0,0.015625,0.5460317460317463,0.5619047619047616,0.9879774980797879,0.05198451279986332,0.9775690705075462,0.05,-0.19999999999999996,-2.95,1.0,13.0,0,0,5,0,7,20,2,6,23,1
2000618,0.0,0.05,0.9,8.873328124999999,8.899999999999999,0.02667187500000001,-9,26.671875,4.734375,0.203125,0.0625,0.015625,0.5587301587301592,0.5452380952380951,0.9621202486152779,0.05379486765130928,0.6412634850371314,0.05,-1.0,9.899999999999999,3.0,14.0,1,0,6,0,4,26,0,7,19,1
2000619,0.0,0.05,0.9,5.290578125,5.3,0.009421875000000007,-4,9.421875,2.765625,0.125,0.0625,0.03125,0.5709677419354843,0.5120967741935483,0.385781916452122,0.050008500399827426,0.021291395901104685,0.05,-0.45,5.75,3.0,9.0,0,0,7,0,7,36,0,2,10,2
2000620,1.0,0.05,0.9,-1.9065937500000014,-1.8500000000000014,0.05659375000000002,-11,56.59375,6.65625,0.203125,0.03125,0.03125,0.5387096774193552,0.5556451612903223,0.9546335640259475,0.05075029700570751,0.8284736564956606,0.049999999999999996,-1.0,-0.8500000000000003,5.0,10.0,0,0,6,0,6,21,4,5,20,2
2000621,0.0,0.05,0.9,7.634109374999999,7.649999999999999,0.01589062500000001,-7,15.890625,3.359375,0.1875,0.078125,0.046875,0.5311475409836066,0.5393442622950817,0.8268526253682776,0.05225838422137335,0.1640286201278199,0.05,-0.75,8.399999999999999,3.0,14.0,1,0,3,0,6,31,3,7,10,3
2000622,0.0,0.05,0.9,8.665640625,8.7,0.034359375000000004,-8,34.359375,5.078125,0.1875,0.0625,0.03125,0.5516129032258068,0.5338709677419353,0.8924839358451517,0.05240899319396142,0.29877709562726223,0.05000000000000001,-0.9500000000000002,9.650000000000002,4.0,12.0,0,1,5,0,6,30,2,4,14,2
2000623,1.0,0.05,0.9,0.12820312499999947,0.14999999999999947,0.021796875,-7,21.796875,4.015625,0.171875,0.0625,0.0625,0.5400000000000006,0.5299999999999999,0.8878104714002021,0.05086816055201117,0.35100711089144343,0.05,-0.3500000000000001,0.4999999999999998,1.0,14.0,1,0,7,0,3,29,4,5,11,4
2000624,0.0,0.05,0.9,5.036234374999999,5.05,0.013765625000000009,-3,13.765625,3.390625,0.15625,0.109375,0.03125,0.5354838709677422,0.5145161290322581,0.38158669820169167,0.05007830619799549,0.0031921686279697587,0.049999999999999996,-1.2000000000000002,6.249999999999999,4.0,13.0,2,2,4,0,11,29,0,3,11,2
2000625,0.0,0.05,0.9,7.96253125,8.0,0.03746875000000001,-9,37.46875,5.5,0.171875,0.03125,0.015625,0.5523809523809527,0.5547619047619043,0.9139683964573816,0.05010367520643845,0.695710463284545,0.05,-0.2,8.200000000000001,1.0,12.0,0,0,3,0,4,30,2,7,17,1
2000626,1.0,0.05,0.9,-2.3048281250000002,-2.25,0.054828125000000026,-12,54.828125,6.796875,0.1875,0.0,0.015625,0.5682539682539688,0.5452380952380951,0.9907607326925434,0.05088475158592549,0.9825353036573827,0.049999999999999996,-0.7499999999999998,-1.5,4.0,8.0,0,0,4,0,6,30,1,2,20,1
2000627,1.0,0.05,0.9,0.18390624999999927,0.1999999999999993,0.01609375000000001,-6,16.09375,3.28125,0.140625,0.046875,0.015625,0.574603174603175,0.5476190476190472,0.7922270403891088,0.05001935891558521,0.32611706711107363,0.05,-0.19999999999999996,0.40000000000000024,1.0,11.0,0,0,4,1,3,31,0,3,21,1
2000628,0.0,0.05,0.9,5.185968749999999,5.199999999999999,0.014031250000000009,-4,14.03125,3.25,0.125,0.0625,0.078125,0.5423728813559325,0.535593220338983,0.6037587685495249,0.050030299463639724,0.08941664782246798,0.049999999999999996,-0.7,5.8999999999999995,3.0,9.0,0,1,4,0,6,29,2,6,11,5
2000629,1.0,0.05,0.9,-0.03364062500000001,0.0,0.03364062500000001,-9,33.640625,4.828125,0.1875,0.046875,0.03125,0.5516129032258068,0.550806451612903,0.9640430997033678,0.05237747024770016,0.7208889237050723,0.05,-0.3999999999999999,0.3999999999999999,3.0,12.0,0,0,4,0,6,27,2,5,18,2
2000630,0.0,0.05,0.9,7.463031250000001,7.500000000000001,0.03696874999999999,-7,36.96875,5.75,0.1875,0.078125,0.046875,0.5180327868852461,0.5590163934426228,0.5351953265369047,0.050323970776839796,0.043125663511453284,0.05,-0.75,8.25,3.0,14.0,1,2,3,0,6,19,5,5,20,3
2000631,0.0,0.05,0.9,7.643968749999999,7.6499999999999995,0.006031250000000004,-6,6.03125,2.25,0.1875,0.09375,0.03125,0.5548387096774198,0.5145161290322581,0.2529002804582736,0.05039361554976569,0.003628224185868874,0.05,-0.75,8.399999999999999,4.0,14.0,0,0,8,1,5,34,2,3,9,2
2000632,1.0,0.05,0.9,-1.1268593749999996,-1.0999999999999996,0.02685937499999999,-7,26.859375,4.390625,0.125,0.015625,0.03125,0.5516129032258067,0.5338709677419354,0.8626223685439277,0.05000546899757622,0.732919385281149,0.05,0.0,-1.0999999999999999,0.0,9.0,1,0,3,0,8,32,2,1,15,2
2000633,1.0,0.05,0.9,-1.05353125,-1.0,0.053531250000000016,-11,53.53125,6.65625,0.203125,0.03125,0.03125,0.5451612903225811,0.5725806451612899,0.9808398079161801,0.05412256512755656,0.8998105945172291,0.05,-0.34999999999999987,-0.6499999999999999,3.0,12.0,1,0,2,0,6,20,2,5,26,2
2000634,0.0,0.05,0.9,7.980750000000001,8.000000000000002,0.01925000000000001,-6,19.25,3.65625,0.1875,0.09375,0.046875,0.5245901639344266,0.5295081967213112,0.9002936890512024,0.06959735110020883,0.06905709563307286,0.05000000000000001,-1.05,9.05,4.0,14.0,1,0,12,1,6,16,4,5,16,3
2000635,0.0,0.05,0.9,4.444703125,4.45,0.005296875000000003,-2,5.296875,1.828125,0.125,0.09375,0.03125,0.5709677419354842,0.49758064516129014,0.1712619837322051,0.050016358605109695,0.0008604630656220037,0.05,-0.95,5.4,5.0,9.0,1,0,11,0,5,34,0,2,9,2
2000636,0.0,0.05,0.9,5.145343749999999,5.1499999999999995,0.004656250000000003,-2,4.65625,1.65625,0.125,0.09375,0.109375,0.5543859649122811,0.5210526315789473,0.10848789166298009,0.050124913032266065,0.000561789643318144,0.049999999999999996,-0.8,5.949999999999999,5.0,9.0,0,0,7,0,8,27,1,3,11,7
2000637,1.0,0.05,0.9,-1.6945156250000004,-1.6500000000000004,0.04451562500000002,-10,44.515625,6.046875,0.171875,0.015625,0.0625,0.5433333333333337,0.5399999999999997,0.9637833103105719,0.05039279336020479,0.9080840228075037,0.05000000000000001,-0.7999999999999998,-0.8500000000000001,4.0,8.0,0,1,6,0,8,22,2,4,17,4
2000638,0.0,0.05,0.9,5.647937499999999,5.6499999999999995,0.0020625000000000014,-3,2.0625,1.1875,0.15625,0.109375,0.03125,0.5612903225806456,0.4903225806451613,0.17807961155619081,0.05011025523084501,0.0003841034661534693,0.05000000000000001,-0.8500000000000001,6.5,5.0,12.0,1,2,12,0,5,31,1,1,9,2
2000639,0.0,0.05,0.9,6.371468749999999,6.3999999999999995,0.028531250000000008,-6,28.53125,5.09375,0.171875,0.078125,0.015625,0.5428571428571434,0.538095238095238,0.5608579265440408,0.050044386802611994,0.05269152327526891,0.05,-0.8500000000000001,7.249999999999999,3.0,13.0,0,2,5,1,5,27,3,3,17,1
2000640,1.0,0.05,0.9,-0.4854843749999993,-0.4499999999999993,0.03548437500000002,-9,35.484375,5.296875,0.171875,0.03125,0.015625,0.5587301587301592,0.545238095238095,0.9836755466272502,0.05095420078231434,0.9197471968876204,0.05,-0.10000000000000009,-0.34999999999999987,2.0,11.0,1,0,2,0,9,29,0,2,20,1
2000641,0.0,0.05,0.9,4.197515624999999,4.199999999999999,0.0024843750000000013,-1,2.484375,1.359375,0.109375,0.09375,0.046875,0.5770491803278692,0.5,0.515304061275234,0.05002336096103931,0.0031902895662008104,0.05,-1.1,5.299999999999999,5.0,8.0,0,0,9,0,5,38,1,0,8,3
2000642,0.0,0.05,0.9,7.089781250000001,7.1000000000000005,0.010218750000000007,-6,10.21875,2.9375,0.171875,0.078125,0.046875,0.5508196721311479,0.5368852459016391,0.8690478918552749,0.051146498631862145,0.1688626684196307,0.04999999999999999,-1.05,8.15,4.0,12.0,0,0,5,0,10,26,1,3,16,3
2000643,0.0,0.05,0.9,7.041296874999999,7.049999999999999,0.008703125000000006,-7,8.703125,2.171875,0.15625,0.046875,0.078125,0.579661016949153,0.5228813559322032,0.6664387222223265,0.05010586515236588,0.1732421205051224,0.05,-0.4,7.449999999999999,2.0,11.0,0,0,5,0,4,36,0,2,12,5
2000644,1.0,0.05,0.9,-2.2144843750000005,-2.1500000000000004,0.06448437500000002,-12,64.484375,7.328125,0.203125,0.015625,0.046875,0.5475409836065578,0.5590163934426228,0.9855218260360995,0.05243319762788977,0.957644365171752,0.05,-0.8499999999999999,-1.3000000000000003,6.0,8.0,0,0,5,0,5,22,3,5,21,3
2000645,0.0,0.05,0.9,2.6493593750000004,2.6500000000000004,0.0006406250000000005,-1,0.640625,0.609375,0.078125,0.0625,0.015625,0.5777777777777784,0.5,0.49192334396371895,0.050000434315730063,0.027517595657556217,0.049999999999999996,-1.05,3.6999999999999993,4.0,5.0,0,0,7,1,3,45,0,2,5,1
2000646,1.0,0.05,0.9,-2.3645312500000024,-2.3000000000000025,0.06453125000000001,-14,64.53125,6.6875,0.25,0.03125,0.015625,0.5301587301587306,0.5499999999999996,0.9944844553320202,0.08305949891621901,0.9609469562848124,0.05,-0.6000000000000001,-1.7000000000000004,3.0,15.0,2,1,5,0,6,20,3,5,21,1
2000647,1.0,0.05,0.9,-2.1992343749999996,-2.1499999999999995,0.04923437500000001,-9,49.234375,6.640625,0.15625,0.015625,0.0625,0.5600000000000005,0.5474999999999999,0.9063142520932564,0.05002990103349756,0.7997938077922221,0.05,-0.3500000000000001,-1.8000000000000005,2.0,9.0,0,0,6,1,3,25,1,5,19,4
2000648,0.0,0.05,0.9,8.6699375,8.7,0.030062500000000002,-9,30.0625,4.65625,0.1875,0.046875,0.0625,0.546666666666667,0.5499999999999997,0.9636969601360479,0.05283512312936991,0.7425331145488338,0.05,-0.8500000000000001,9.549999999999999,3.0,12.0,0,1,4,0,7,23,2,4,19,4
2000649,1.0,0.05,0.9,-2.4700781250000006,-2.4000000000000004,0.07007812500000002,-13,70.078125,7.546875,0.234375,0.03125,0.03125,0.5225806451612907,0.5895161290322576,0.9801035665787211,0.0561794500968607,0.9066559202018295,0.049999999999999996,-0.050000000000000044,-2.35,1.0,16.0,0,0,5,1,4,10,6,6,30,2
2000650,0.0,0.05,0.9,6.994765624999999,6.999999999999999,0.005234375000000004,-4,5.234375,1.953125,0.171875,0.109375,0.09375,0.527586206896552,0.5155172413793102,0.20689726716586992,0.05128871506413302,0.0007444150453526633,0.05,-1.25,8.249999999999998,6.0,12.0,0,1,7,1,9,26,4,1,9,6
2000651,0.0,0.05,0.9,5.739250000000001,5.750000000000001,0.010750000000000008,-5,10.75,2.75,0.15625,0.078125,0.046875,0.5377049180327872,0.5172131147540983,0.5323919143731239,0.05006958775064624,0.036955024751216446,0.05,-0.75,6.5,3.0,12.0,1,0,6,0,9,31,3,2,9,3
2000652,0.0,0.05,0.9,5.99046875,6.0,0.009531250000000007,-5,9.53125,2.90625,0.140625,0.0625,0.046875,0.5639344262295085,0.519672131147541,0.5508173635524548,0.050034994497613325,0.05953506050571481,0.05000000000000002,-0.8999999999999999,6.9,4.0,9.0,0,1,7,0,4,33,2,2,12,3
2000653,1.0,0.05,0.9,-2.490421875000001,-2.450000000000001,0.040421875,-11,40.421875,5.390625,0.171875,0.0,0.046875,0.5672131147540987,0.5393442622950817,0.9571638621005455,0.05013510435660708,0.933459702332901,0.05000000000000001,0.0,-2.45,0.0,11.0,0,1,3,0,4,33,0,5,15,3
2000654,0.0,0.05,0.9,5.147765625,5.1499999999999995,0.002234375000000001,-3,2.234375,1.328125,0.125,0.078125,0.046875,0.5639344262295087,0.512295081967213,0.5873433338974624,0.050049203075356014,0.023022371974079706,0.04999999999999999,-0.35000000000000003,5.499999999999999,1.0,12.0,0,0,4,0,7,41,1,2,6,3
2000655,0.0,0.05,0.9,6.678484375,6.7,0.021515625000000003,-7,21.515625,4.234375,0.140625,0.03125,0.03125,0.5677419354838713,0.5556451612903223,0.9244444678527335,0.05004437924640539,0.7224625277158039,0.05,-0.2,6.9,1.0,10.0,0,0,2,0,3,32,1,5,19,2
2000656,1.0,0.05,0.9,-0.41704687500000037,-0.40000000000000036,0.01704687500000001,-7,17.046875,3.296875,0.140625,0.03125,0.03125,0.5709677419354843,0.5362903225806449,0.8797849820258471,0.050030633889314974,0.6135479617524687,0.05000000000000001,-0.25,-0.1499999999999999,2.0,9.0,0,0,3,0,4,37,2,1,15,2
2000657,1.0,0.05,0.9,-1.5290468750000008,-1.5000000000000009,0.029046875,-8,29.046875,4.765625,0.15625,0.03125,0.0625,0.5466666666666671,0.5249999999999998,0.7639395578096346,0.05002196668760053,0.440992571746411,0.05,-0.19999999999999996,-1.3000000000000003,1.0,11.0,1,1,5,0,6,30,2,3,12,4
2000658,0.0,0.05,0.9,6.432937500000001,6.450000000000001,0.017062500000000005,-5,17.0625,3.5625,0.203125,0.125,0.046875,0.5245901639344266,0.5319672131147539,0.686181897249571,0.05567751945979804,0.010505859014746863,0.05,-2.3000000000000003,8.75,7.0,14.0,0,5,5,1,6,21,2,6,15,3
2000659,1.0,0.05,0.9,-1.4336249999999995,-1.3999999999999995,0.033625000000000016,-8,33.625,5.375,0.15625,0.03125,0.046875,0.5475409836065579,0.5467213114754095,0.9556148331072184,0.05010620125485682,0.8565547482931891,0.05,-0.6000000000000001,-0.7999999999999998,2.0,10.0,1,1,4,0,5,25,2,4,19,3
2000660,0.0,0.05,0.9,8.630031249999998,8.649999999999999,0.019968750000000014,-8,19.96875,4.03125,0.234375,0.109375,0.046875,0.5311475409836067,0.5368852459016391,0.6591216011820513,0.06126535382271883,0.02550072041541994,0.05,-1.85,10.499999999999998,6.0,16.0,2,2,7,0,7,17,2,4,20,3
2000661,0.0,0.05,0.9,7.97946875,8.0,0.02053125,-8,20.53125,3.4375,0.1875,0.0625,0.03125,0.5677419354838713,0.5072580645161288,0.888941113662545,0.051817413874019114,0.28648654417290853,0.04999999999999999,-0.35000000000000003,8.35,1.0,15.0,1,0,11,0,6,29,0,2,13,2
2000662,0.0,0.05,0.9,4.1481562499999995,4.1499999999999995,0.0018437500000000008,0,1.84375,1.03125,0.140625,0.140625,0.078125,0.5593220338983055,0.49491525423728816,0.28058632156897473,0.050857982952697944,8.034157952108887e-05,0.05000000000000001,-1.0,5.1499999999999995,5.0,13.0,0,0,9,1,10,32,0,0,7,5
2000663,1.0,0.05,0.9,-0.29550000000000176,-0.2500000000000018,0.045500000000000006,-10,45.5,5.71875,0.203125,0.046875,0.046875,0.5737704918032791,0.5590163934426226,0.9941939416452784,0.07241602193662192,0.9423242918936184,0.05000000000000001,-0.40000000000000013,0.1499999999999997,5.0,11.0,0,0,4,0,6,23,0,2,26,3
2000664,1.0,0.05,0.9,-2.1891875000000005,-2.1500000000000004,0.03918750000000002,-10,39.1875,5.3125,0.15625,0.0,0.078125,0.5593220338983056,0.5330508474576268,0.9785467533177677,0.050214560086829486,0.9642602839823432,0.05,-0.8,-1.35,4.0,6.0,0,0,7,0,5,27,3,1,16,5
2000665,1.0,0.05,0.9,-2.3055625,-2.25,0.055562500000000015,-11,55.5625,6.875,0.1875,0.015625,0.046875,0.5573770491803284,0.5516393442622947,0.974584302516578,0.05048242620590138,0.9328611200052696,0.05,-0.25,-2.000000000000001,2.0,11.0,0,1,5,0,5,23,3,1,23,3
2000666,0.0,0.05,0.9,6.78871875,6.8,0.011281250000000008,-6,11.28125,2.84375,0.171875,0.078125,0.015625,0.5523809523809529,0.5190476190476189,0.5840040443499969,0.05015546355571433,0.04376429415070443,0.05,-0.8500000000000001,7.6499999999999995,3.0,13.0,2,0,4,1,6,36,1,1,12,1
2000667,0.0,0.05,0.9,7.33971875,7.3500000000000005,0.010281250000000006,-8,10.28125,2.3125,0.15625,0.03125,0.046875,0.5508196721311479,0.512295081967213,0.7219335599490936,0.050075030399672274,0.27454270224985217,0.05,-0.04999999999999999,7.4,1.0,11.0,0,1,5,0,10,34,1,2,8,3
2000668,1.0,0.05,0.9,-1.555078125,-1.5,0.05507812500000002,-10,55.078125,6.921875,0.1875,0.03125,0.015625,0.5523809523809527,0.5285714285714284,0.91470790357151,0.05019204833467312,0.6853281152725175,0.05,-0.9500000000000002,-0.55,4.0,10.0,0,0,7,0,5,32,3,4,12,1
2000669,1.0,0.05,0.9,-1.9098593749999997,-1.8499999999999996,0.05985937500000002,-10,59.859375,7.109375,0.1875,0.03125,0.03125,0.5483870967741941,0.5532258064516126,0.9644329034492384,0.05034358001966992,0.8739706178562765,0.05,-0.40000000000000013,-1.4500000000000004,3.0,11.0,0,0,7,0,4,22,5,2,22,2
2000670,0.0,0.05,0.9,9.754015625,9.799999999999999,0.045984375,-9,45.984375,6.203125,0.234375,0.09375,0.0625,0.5633333333333337,0.5424999999999998,0.9629454227886619,0.15619451311098645,0.2232458916230715,0.05,-0.75,10.55,3.0,18.0,0,1,7,0,8,19,0,2,23,4
2000671,1.0,0.05,0.9,-0.41951562499999856,-0.3999999999999986,0.019515625,-7,19.515625,3.640625,0.140625,0.03125,0.015625,0.5555555555555558,0.5357142857142854,0.9451014354816539,0.050048769717430865,0.7944832224247234,0.05,-0.050000000000000044,-0.3500000000000001,1.0,10.0,0,0,2,0,11,33,1,1,15,1
2000672,0.0,0.05,0.9,4.595546874999999,4.6,0.004453125000000003,-2,4.453125,1.984375,0.140625,0.109375,0.046875,0.5409836065573773,0.5122950819672131,0.46880729433596685,0.050088565421352246,0.0034571812129050423,0.05,-0.4,5.0,2.0,14.0,0,2,6,1,6,33,1,6,6,3
2000673,0.0,0.05,0.9,6.539343749999998,6.549999999999998,0.010656250000000006,-4,10.65625,2.75,0.171875,0.109375,0.078125,0.5457627118644071,0.5152542372881355,0.16621452962969913,0.050386785991529966,0.0008117484288747618,0.05,-0.6000000000000001,7.149999999999998,3.0,15.0,0,1,9,1,4,28,3,3,10,5
2000674,0.0,0.05,0.9,7.774124999999999,7.799999999999999,0.025875000000000002,-7,25.875,4.59375,0.1875,0.078125,0.03125,0.5483870967741941,0.5532258064516128,0.7890969709847075,0.050720067459738775,0.12634845490016153,0.05,-1.2,9.0,4.0,13.0,0,0,5,1,6,23,1,6,20,2
2000675,0.0,0.05,0.9,7.9264375,7.949999999999999,0.023562500000000014,-8,23.5625,4.25,0.1875,0.0625,0.0625,0.536666666666667,0.5274999999999997,0.4394049589334814,0.05021087285791066,0.04344975910923814,0.05,-0.8999999999999999,8.85,4.0,12.0,0,1,8,2,5,24,2,5,13,4
2000676,1.0,0.05,0.9,-1.7717187500000002,-1.6500000000000004,0.12171874999999992,-15,121.71875,10.25,0.25,0.015625,0.03125,0.5483870967741942,0.5943548387096771,0.9999308986857816,0.25573031753768505,0.9981583573909625,0.05,-0.5,-1.15,5.0,12.0,0,0,1,0,1,20,2,11,27,2
2000677,1.0,0.05,0.9,0.46732812500000087,0.5000000000000009,0.032671875,-7,32.671875,4.640625,0.171875,0.0625,0.015625,0.555555555555556,0.5499999999999995,0.9764679667754937,0.0519526214612377,0.7326009439977587,0.049999999999999996,-0.25,0.7499999999999998,3.0,12.0,0,0,4,0,4,30,3,4,18,1
2000678,1.0,0.05,0.9,-1.8454531250000017,-1.7500000000000018,0.09545312499999997,-14,95.453125,8.546875,0.25,0.03125,0.015625,0.5333333333333337,0.5857142857142851,0.9968746033887497,0.11520096509832806,0.9759532848089943,0.05000000000000001,-0.75,-1.0,6.0,12.0,0,0,2,0,7,16,4,6,28,1
2000679,0.0,0.05,0.9,5.348749999999999,5.349999999999999,0.001250000000000001,-1,1.25,0.90625,0.15625,0.140625,0.015625,0.5682539682539687,0.49523809523809503,0.03899162996550687,0.05158726428268215,8.085326585833245e-06,0.05000000000000001,-1.4,6.75,8.0,11.0,0,1,13,0,4,33,2,1,9,1
2000680,1.0,0.05,0.9,-0.7916875,-0.75,0.04168750000000002,-10,41.6875,5.78125,0.171875,0.015625,0.046875,0.5606557377049184,0.5467213114754096,0.9934926728126704,0.053184591494099265,0.9753179423620941,0.049999999999999996,-0.7,-0.04999999999999982,5.0,7.0,0,0,6,0,6,24,1,4,20,3
2000681,0.0,0.05,0.9,8.709875,8.75,0.04012500000000001,-10,40.125,5.84375,0.203125,0.046875,0.015625,0.5523809523809529,0.5547619047619045,0.8751516822105384,0.050373265409758,0.5121329764008423,0.05,-0.55,9.299999999999999,2.0,14.0,0,1,3,1,5,26,2,3,22,1
2000682,1.0,0.05,0.9,-3.005703125000001,-2.950000000000001,0.055703125000000006,-11,55.703125,6.390625,0.171875,0.0,0.046875,0.570491803278689,0.5344262295081964,0.9394019727651937,0.050057347177939276,0.911037387520545,0.05000000000000001,-0.75,-2.2,3.0,8.0,0,1,8,0,5,24,0,3,20,3
2000683,1.0,0.05,0.9,-1.7945468750000018,-1.7500000000000018,0.04454687500000003,-10,44.546875,5.921875,0.171875,0.015625,0.0625,0.5633333333333338,0.5474999999999997,0.9405021850747226,0.05021291009866768,0.8441006770254493,0.05000000000000001,-0.5999999999999999,-1.1500000000000001,3.0,9.0,0,1,4,0,5,26,1,3,20,4
2000684,0.0,0.05,0.9,6.23553125,6.25,0.014468750000000011,-6,14.46875,3.34375,0.15625,0.0625,0.03125,0.5580645161290327,0.521774193548387,0.8126607171762456,0.0501324657742823,0.23843449710639286,0.049999999999999996,-0.9000000000000001,7.1499999999999995,2.0,12.0,0,0,6,0,8,33,2,1,12,2
2000685,1.0,0.05,0.9,-1.519109375000001,-1.450000000000001,0.06910937500000003,-16,69.109375,7.046875,0.296875,0.046875,0.046875,0.5573770491803285,0.5762295081967208,0.9999970896333481,0.29781289875841416,0.9960225513893023,0.049999999999999996,-0.8500000000000001,-0.6000000000000003,7.0,15.0,0,1,4,0,6,14,0,6,30,3
2000686,1.0,0.05,0.9,-1.4054375000000032,-1.3500000000000032,0.05543750000000003,-12,55.4375,6.5,0.234375,0.046875,0.03125,0.5225806451612904,0.5774193548387092,0.9835808589969803,0.06634764270956792,0.8801330084898473,0.05,-1.0999999999999999,-0.25,5.0,13.0,0,0,3,1,7,16,4,7,24,2
2000687,0.0,0.05,0.9,8.311734374999999,8.349999999999998,0.038265625000000004,-10,38.265625,5.640625,0.171875,0.015625,0.03125,0.5741935483870972,0.5314516129032256,0.965137838959226,0.05021654459691782,0.8987598329282404,0.049999999999999996,-0.2,8.549999999999999,1.0,11.0,0,0,7,1,3,31,0,3,17,2
2000688,0.0,0.05,0.9,6.385812499999999,6.3999999999999995,0.01418750000000001,-6,14.1875,3.34375,0.171875,0.078125,0.078125,0.5118644067796612,0.525423728813559,0.4703275572934008,0.05015726408749897,0.032900494277640566,0.05,-1.05,7.45,4.0,12.0,2,1,4,0,10,25,4,3,10,5
2000689,0.0,0.05,0.9,4.848781250000001,4.8500000000000005,0.0012187500000000006,1,1.21875,0.8125,0.15625,0.171875,0.046875,0.5573770491803283,0.49016393442622935,0.1910456085874841,0.06217738766091334,5.125387123376907e-06,0.05000000000000001,-1.65,6.5,8.0,13.0,1,1,13,0,4,31,2,2,7,3
2000690,1.0,0.05,0.9,-1.3766562499999997,-1.3499999999999996,0.026656250000000017,-8,26.65625,4.625,0.15625,0.03125,0.046875,0.5540983606557381,0.5393442622950816,0.8403655151842175,0.05002912918308912,0.5859494523938369,0.05,-0.19999999999999996,-1.1500000000000001,1.0,11.0,1,0,5,0,4,29,3,2,17,3
2000691,1.0,0.05,0.9,-1.9036562500000014,-1.8500000000000014,0.05365625000000002,-13,53.65625,6.46875,0.21875,0.015625,0.015625,0.5492063492063496,0.564285714285714,0.9936860694115336,0.05970062430830349,0.9753461526180676,0.05,-0.9000000000000001,-0.9499999999999997,5.0,10.0,0,0,5,1,5,20,3,3,26,1
2000692,1.0,0.05,0.9,-0.8846874999999996,-0.8499999999999996,0.034687500000000024,-8,34.6875,5.34375,0.15625,0.03125,0.015625,0.5523809523809529,0.5380952380952378,0.9190277005200925,0.05005424499925719,0.7334531943407114,0.049999999999999996,-0.5999999999999999,-0.2500000000000002,3.0,9.0,0,1,2,0,9,32,1,3,15,1
2000693,0.0,0.05,0.9,7.425843749999999,7.449999999999999,0.02415625,-7,24.15625,4.53125,0.1875,0.078125,0.078125,0.5525423728813563,0.533050847457627,0.5481595140653583,0.05065313312336475,0.04243366615745444,0.049999999999999996,-1.3,8.75,5.0,12.0,1,2,6,0,3,25,1,5,16,5
2000694,1.0,0.05,0.9,-1.03990625,-1.0,0.039906250000000025,-10,39.90625,5.5,0.1875,0.03125,0.03125,0.5580645161290327,0.5483870967741932,0.8629702282766766,0.05046975740568979,0.5052176031280624,0.05,-0.25,-0.7499999999999998,2.0,12.0,1,1,5,0,5,23,2,1,24,2
2000695,1.0,0.05,0.9,-2.494859375000001,-2.450000000000001,0.04485937500000002,-12,44.859375,5.890625,0.1875,0.0,0.015625,0.5619047619047624,0.5285714285714282,0.9887537773965284,0.050614267400388234,0.979270657573535,0.049999999999999996,-0.8500000000000001,-1.5999999999999999,5.0,7.0,0,1,5,0,6,33,1,3,14,1
2000696,1.0,0.05,0.9,-1.582296875,-1.5,0.08229687500000003,-12,82.296875,8.296875,0.203125,0.015625,0.0625,0.5466666666666671,0.5799999999999996,0.9968006538988949,0.06918211076931756,0.9880294653800249,0.05,-0.44999999999999996,-1.05,3.0,11.0,0,0,1,0,2,24,4,6,23,4
2000697,1.0,0.05,0.9,-1.8005312500000001,-1.75,0.05053125000000003,-12,50.53125,6.28125,0.203125,0.015625,0.03125,0.5419354838709681,0.5604838709677415,0.9956301634006577,0.05673975669325075,0.9849873822438887,0.05,-0.6500000000000001,-1.1,5.0,9.0,0,0,3,0,7,24,4,3,21,2
2000698,0.0,0.05,0.9,4.797593749999999,4.799999999999999,0.0024062500000000017,-2,2.40625,1.34375,0.140625,0.109375,0.03125,0.5483870967741937,0.5120967741935484,0.16588377005664562,0.050056175932556166,0.0005580936461812425,0.05000000000000001,-0.8,5.6,4.0,12.0,1,2,4,1,4,38,1,4,7,2
2000699,1.0,0.05,0.9,-2.019265624999999,-1.9499999999999993,0.06926562500000004,-12,69.265625,7.453125,0.203125,0.015625,0.0625,0.5633333333333339,0.5774999999999996,0.9949056099863498,0.05826931251287015,0.9828699372259276,0.05000000000000001,-0.4500000000000002,-1.5000000000000002,4.0,10.0,0,0,4,0,5,16,2,2,31,4
2000700,1.0,0.05,0.9,-2.710265625000002,-2.650000000000002,0.06026562500000002,-13,60.265625,6.703125,0.21875,0.015625,0.03125,0.5290322580645163,0.5677419354838705,0.9893782046291638,0.053882420392965445,0.9707524482440433,0.05,-0.7,-1.9500000000000002,4.0,11.0,0,0,5,0,6,18,6,4,23,2
2000701,0.0,0.05,0.9,6.448984374999998,6.449999999999998,0.0010156250000000005,-1,1.015625,0.703125,0.171875,0.15625,0.0625,0.5500000000000003,0.46,0.004679533677902163,0.10220790157275329,6.347021323350875e-08,0.05,-1.2499999999999998,7.699999999999998,10.0,11.0,2,1,18,1,4,29,1,2,2,4
2000702,0.0,0.05,0.9,4.6474375,4.6499999999999995,0.002562500000000002,-1,2.5625,1.34375,0.140625,0.125,0.03125,0.5709677419354843,0.5024193548387096,0.3296610730453096,0.050143566051134104,0.00037880052199243234,0.049999999999999996,-1.45,6.1,6.0,11.0,0,0,9,0,7,36,0,2,8,2
2000703,0.0,0.05,0.9,6.545499999999999,6.549999999999999,0.004500000000000003,-5,4.5,1.625,0.171875,0.09375,0.0625,0.536666666666667,0.49499999999999994,0.15728838718362628,0.050116284288188165,0.0014968992309492182,0.05000000000000001,-0.95,7.499999999999999,5.0,12.0,0,2,9,0,10,30,3,1,5,4
2000704,1.0,0.05,0.9,-2.0565625,-2.0,0.05656250000000001,-12,56.5625,5.90625,0.203125,0.015625,0.015625,0.53968253968254,0.5571428571428566,0.9940690504532728,0.05353850917659587,0.9825553196298383,0.05000000000000001,-1.0,-1.0,6.0,8.0,0,0,4,0,7,24,4,4,20,1
2000705,1.0,0.05,0.9,-1.6351875000000005,-1.6000000000000005,0.0351875,-9,35.1875,5.53125,0.15625,0.015625,0.03125,0.5709677419354844,0.521774193548387,0.9247752038477972,0.050045390824015566,0.8112430895776599,0.05,-0.6000000000000001,-1.0,3.0,8.0,0,1,7,0,3,34,1,3,13,2
2000706,0.0,0.05,0.9,3.8987343749999988,3.8999999999999986,0.001265625000000001,0,1.265625,0.859375,0.140625,0.140625,0.0625,0.5600000000000004,0.4900000000000001,0.13632072271967036,0.051042574142129364,3.60018003122945e-05,0.05,-1.6500000000000001,5.549999999999999,7.0,11.0,1,0,14,0,5,29,0,5,6,4
2000707,1.0,0.05,0.9,-2.712187500000002,-2.650000000000002,0.062187500000000034,-15,62.1875,6.875,0.234375,0.0,0.03125,0.545161290322581,0.5749999999999995,0.9990234437421078,0.10831372674943697,0.996946382593993,0.05,-0.5999999999999999,-2.05,4.0,11.0,1,1,2,0,3,20,2,7,26,2
2000708,0.0,0.05,0.9,4.546171875,4.55,0.0038281250000000025,-4,3.828125,1.546875,0.109375,0.046875,0.046875,0.5573770491803284,0.4999999999999999,0.7158462326101088,0.05001016427238256,0.17746290305619028,0.05,-0.75,5.3,2.0,8.0,0,1,6,1,6,40,2,0,5,3
2000709,0.0,0.05,0.9,7.131843750000001,7.15,0.018156250000000006,-7,18.15625,3.3125,0.1875,0.078125,0.03125,0.541935483870968,0.5193548387096771,0.7414779872875251,0.05078022395608796,0.11146378099635777,0.05,-1.4500000000000002,8.6,4.0,13.0,0,1,11,0,6,24,4,3,13,2
2000710,0.0,0.05,0.9,5.488906250000001,5.500000000000001,0.011093750000000008,-4,11.09375,2.6875,0.140625,0.078125,0.03125,0.5677419354838713,0.5193548387096772,0.3573126580330305,0.0500265584053163,0.012855826316391858,0.04999999999999999,-0.9000000000000001,6.4,4.0,10.0,0,0,7,0,7,33,0,3,12,2
2000711,0.0,0.05,0.9,6.588953125,6.6,0.011046875000000008,-5,11.046875,2.734375,0.171875,0.09375,0.078125,0.5525423728813562,0.5254237288135591,0.42130910953152007,0.050907030538886136,0.01039188285856562,0.05,-1.05,7.650000000000001,4.0,13.0,0,0,7,0,6,29,2,4,11,5
2000712,1.0,0.05,0.9,-1.4851562500000002,-1.4500000000000002,0.03515625000000001,-9,35.15625,5.46875,0.15625,0.015625,0.03125,0.5741935483870972,0.5387096774193547,0.9690587851477527,0.050108203212556476,0.9203391910113335,0.049999999999999996,-0.5,-0.95,4.0,7.0,0,1,4,1,3,32,0,2,19,2
2000713,0.0,0.05,0.9,5.6461875,5.65,0.003812500000000001,-3,3.8125,1.28125,0.15625,0.109375,0.03125,0.5612903225806455,0.4903225806451611,0.5021797888767415,0.05047429773995439,0.0015148075987555095,0.049999999999999996,-1.5000000000000002,7.1499999999999995,6.0,11.0,2,0,13,0,7,29,0,1,10,2
2000714,0.0,0.05,0.9,8.937484374999999,8.95,0.012515625000000006,-9,12.515625,2.984375,0.1875,0.046875,0.046875,0.5573770491803284,0.5049180327868852,0.8113593821605622,0.052146817021939705,0.21913737355182053,0.049999999999999996,-0.45,9.399999999999999,3.0,12.0,0,1,9,1,3,35,2,3,7,3
2000715,1.0,0.05,0.9,-2.237000000000001,-2.200000000000001,0.03700000000000002,-11,37.0,5.1875,0.171875,0.0,0.015625,0.5555555555555559,0.5380952380952377,0.985722917051551,0.05023274182622957,0.9747557454461278,0.05,-1.05,-1.15,6.0,5.0,0,0,5,0,6,31,2,4,15,1
2000716,1.0,0.05,0.9,-1.743859375000001,-1.700000000000001,0.04385937500000003,-10,43.859375,5.578125,0.1875,0.03125,0.0625,0.5333333333333337,0.5524999999999998,0.9720377595720685,0.05107217331497569,0.9002979695211162,0.049999999999999996,-0.55,-1.1500000000000001,3.0,11.0,0,0,5,0,5,24,6,3,17,4
2000717,0.0,0.05,0.9,7.470749999999999,7.499999999999999,0.02925000000000001,-8,29.25,4.75,0.171875,0.046875,0.015625,0.558730158730159,0.5309523809523806,0.7910420465554333,0.050087599292800086,0.3344701261407838,0.05,-0.75,8.25,2.0,12.0,0,0,7,1,7,28,2,0,18,1
2000718,1.0,0.05,0.9,-2.1783437500000002,-2.1500000000000004,0.028343750000000018,-9,28.34375,4.71875,0.140625,0.0,0.03125,0.5709677419354843,0.5217741935483869,0.9187640963038141,0.050010413704624355,0.8859154528628109,0.05000000000000001,-0.5999999999999999,-1.55,3.0,6.0,0,0,4,0,7,38,0,2,11,2
2000719,1.0,0.05,0.9,-2.4466093750000013,-2.3500000000000014,0.09660937500000005,-16,96.609375,8.671875,0.265625,0.015625,0.03125,0.541935483870968,0.5870967741935479,0.9998743231590301,0.25074845963664577,0.9972412281846745,0.05000000000000001,-0.8500000000000001,-1.5,6.0,12.0,1,0,4,0,3,13,3,7,31,2
2000720,1.0,0.05,0.9,-3.021390625000001,-2.950000000000001,0.07139062500000003,-14,71.390625,7.390625,0.21875,0.0,0.046875,0.5639344262295086,0.5491803278688521,0.99627615170195,0.06109814652877901,0.9918463274845594,0.05000000000000001,-0.55,-2.4000000000000004,5.0,9.0,1,1,6,0,4,21,0,4,24,3
2000721,1.0,0.05,0.9,-1.2438281249999994,-1.1999999999999993,0.04382812500000002,-12,43.828125,5.671875,0.21875,0.03125,0.0625,0.5500000000000004,0.5474999999999997,0.9870399595453746,0.0715637387715809,0.9110726092891505,0.05000000000000002,-0.6000000000000001,-0.5999999999999999,4.0,12.0,0,0,8,0,5,20,3,4,20,4
2000722,0.0,0.05,0.9,7.283890624999999,7.299999999999999,0.016109375000000013,-7,16.109375,3.359375,0.1875,0.078125,0.03125,0.545161290322581,0.5290322580645158,0.7119617753853608,0.05044780904926452,0.0907919555886222,0.05,-1.15,8.45,4.0,13.0,0,1,9,1,7,22,2,3,17,2
2000723,1.0,0.05,0.9,-0.8452812500000025,-0.8000000000000025,0.04528125000000001,-9,45.28125,5.9375,0.171875,0.03125,0.046875,0.5573770491803283,0.55655737704918,0.9201987888224432,0.05025503436666989,0.7018802068414476,0.05,-0.44999999999999996,-0.34999999999999987,3.0,10.0,0,0,3,0,6,26,2,3,21,3
2000724,1.0,0.05,0.9,-2.037875000000001,-2.000000000000001,0.03787500000000003,-9,37.875,5.65625,0.15625,0.015625,0.0625,0.5466666666666671,0.5374999999999998,0.878560324193719,0.05003010499993194,0.7524093364970181,0.049999999999999996,-0.19999999999999996,-1.8,1.0,10.0,2,1,4,0,3,28,0,8,14,4
2000725,0.0,0.05,0.9,6.294984374999999,6.3,0.005015625000000003,-4,5.015625,1.578125,0.171875,0.109375,0.0625,0.5533333333333336,0.5075,0.12348027867726859,0.05021872874999782,0.00048066935644735956,0.05,-0.8500000000000001,7.15,5.0,13.0,2,2,8,0,5,28,0,3,12,4
2000726,1.0,0.05,0.9,-2.598281249999999,-2.549999999999999,0.04828125000000003,-12,48.28125,5.96875,0.203125,0.015625,0.015625,0.5492063492063496,0.5476190476190472,0.9466387742004002,0.05030108756560973,0.8678243273716942,0.05,-1.45,-1.0999999999999999,5.0,9.0,0,1,4,0,5,28,4,2,19,1
2000727,1.0,0.05,0.9,-2.067328124999998,-1.9999999999999982,0.067328125,-13,67.328125,7.390625,0.21875,0.015625,0.03125,0.551612903225807,0.5774193548387093,0.9983501972814768,0.07614793188349095,0.9936051393445101,0.05,-0.7500000000000002,-1.25,6.0,9.0,0,1,2,0,4,20,3,4,28,2
2000728,1.0,0.05,0.9,-0.3155781249999998,-0.2999999999999998,0.015578125000000012,-6,15.578125,3.390625,0.125,0.03125,0.046875,0.5672131147540989,0.5196721311475409,0.4711471436739571,0.05000372310288753,0.12828912272721713,0.05,-0.30000000000000004,2.220446049250313e-16,1.0,9.0,1,0,2,0,8,39,0,0,11,3
2000729,1.0,0.05,0.9,-3.18225,-3.0999999999999996,0.08224999999999998,-15,82.25,8.15625,0.234375,0.0,0.03125,0.5451612903225811,0.5774193548387093,0.9953856617581227,0.06494270768230526,0.9898336205934797,0.05,-0.10000000000000009,-3.0,2.0,13.0,0,0,2,0,5,21,4,4,26,2
2000730,1.0,0.05,0.9,-2.716015625000002,-2.650000000000002,0.06601562500000004,-12,66.015625,7.421875,0.1875,0.0,0.046875,0.5475409836065578,0.5737704918032783,0.9872768286134238,0.05075589295844859,0.9771589236929751,0.05,-0.75,-1.9000000000000001,4.0,8.0,0,0,3,0,4,21,3,6,24,3
2000731,1.0,0.05,0.9,-1.3800312499999996,-1.3499999999999996,0.03003125,-9,30.03125,4.96875,0.1875,0.046875,0.0625,0.5433333333333337,0.5374999999999998,0.9145504163144303,0.05053025442058222,0.6375288294256604,0.05,-0.19999999999999996,-1.1500000000000004,2.0,13.0,0,2,6,0,7,22,3,2,18,4
2000732,0.0,0.05,0.9,5.047328124999999,5.049999999999999,0.002671875000000002,-3,2.671875,1.453125,0.125,0.078125,0.015625,0.5650793650793654,0.5047619047619047,0.3985772875408866,0.05001484524717155,0.006853501617550627,0.05000000000000001,-0.8,5.85,4.0,9.0,0,1,7,1,7,37,0,1,9,1
2000733,0.0,0.05,0.9,7.0815625,7.1000000000000005,0.01843750000000001,-7,18.4375,3.46875,0.15625,0.046875,0.015625,0.5714285714285718,0.533333333333333,0.860310475164667,0.050088479498174764,0.4269160754288207,0.049999999999999996,-0.55,7.65,2.0,11.0,0,0,2,0,6,39,1,1,14,1
2000734,0.0,0.05,0.9,5.191828124999999,5.199999999999999,0.008171875000000006,-5,8.171875,2.328125,0.125,0.046875,0.046875,0.5606557377049184,0.49508196721311465,0.3144769443326051,0.0500034190513648,0.0319899763924356,0.05,-0.25,5.449999999999999,2.0,9.0,2,0,9,0,4,37,2,0,7,3
2000735,1.0,0.05,0.9,-1.7061562500000003,-1.6500000000000004,0.05615625000000002,-12,56.15625,6.78125,0.234375,0.046875,0.03125,0.5290322580645165,0.5604838709677414,0.9853252064911912,0.06330956683583139,0.8887299333062492,0.05,-1.2,-0.4500000000000004,7.0,11.0,2,0,5,1,8,14,2,4,26,2
2000736,1.0,0.05,0.9,-2.298531249999998,-2.2499999999999982,0.04853125000000003,-12,48.53125,5.96875,0.203125,0.015625,0.0,0.5468750000000003,0.5609374999999996,0.9685385802505104,0.0505164912239066,0.9220213333629441,0.05,0.0,-2.25,0.0,14.0,0,0,1,0,5,31,3,6,18,0
2000737,1.0,0.05,0.9,-2.5618437500000018,-2.5000000000000018,0.06184375,-13,61.84375,6.71875,0.21875,0.015625,0.0625,0.5400000000000005,0.5624999999999997,0.9877989697259926,0.056842454020064444,0.9626788450560957,0.05,-0.25,-2.25,2.0,13.0,0,0,4,1,8,18,3,2,24,4
2000738,1.0,0.05,0.9,-2.871640625000001,-2.8000000000000007,0.07164062500000003,-15,71.640625,7.296875,0.234375,0.0,0.015625,0.5619047619047622,0.571428571428571,0.9992354994972739,0.0965012280452939,0.9976968673349338,0.05000000000000001,-0.050000000000000044,-2.75,1.0,14.0,0,1,4,0,4,19,1,5,29,1
2000739,1.0,0.05,0.9,-0.36437500000000056,-0.35000000000000053,0.014375000000000011,-7,14.375,3.3125,0.140625,0.03125,0.078125,0.5728813559322038,0.5177966101694914,0.8810487849914653,0.05010800631092616,0.5906974865121954,0.05,-0.050000000000000044,-0.2999999999999998,1.0,10.0,0,0,4,0,6,38,0,2,9,5
2000740,1.0,0.05,0.9,-1.0293593750000019,-1.0000000000000018,0.02935937500000002,-9,29.359375,4.953125,0.203125,0.0625,0.0625,0.5300000000000004,0.5449999999999998,0.8506499743971478,0.051004937258918616,0.3802669565968152,0.05,-0.8499999999999999,-0.15000000000000013,3.0,14.0,0,2,6,0,6,20,4,5,17,4
2000741,1.0,0.05,0.9,-0.4246718749999995,-0.39999999999999947,0.024671875000000003,-7,24.671875,4.078125,0.140625,0.03125,0.046875,0.5737704918032793,0.5245901639344259,0.910540053098769,0.050067189513762676,0.6936275683620531,0.049999999999999996,-0.44999999999999996,0.050000000000000044,3.0,8.0,0,0,5,0,6,35,1,0,14,3
2000742,1.0,0.05,0.9,-1.1357343749999997,-1.0999999999999996,0.03573437500000001,-10,35.734375,5.203125,0.203125,0.046875,0.046875,0.5409836065573773,0.5467213114754095,0.8058335830915094,0.05092800710286424,0.3100607497913433,0.04999999999999999,-0.5,-0.6000000000000001,2.0,14.0,1,0,5,0,6,24,3,4,18,3
2000743,0.0,0.05,0.9,7.9854843749999995,7.999999999999999,0.014515625000000011,-5,14.515625,3.453125,0.1875,0.109375,0.03125,0.5612903225806456,0.5241935483870966,0.34813235306281665,0.05376122449246775,0.0015227637903300025,0.05,-0.8500000000000001,8.849999999999998,5.0,14.0,0,0,8,0,9,27,0,3,15,2
2000744,0.0,0.05,0.9,4.98775,5.0,0.012250000000000007,-5,12.25,2.9375,0.140625,0.0625,0.0625,0.5600000000000003,0.4924999999999998,0.5362857901919463,0.0500218163840421,0.0571576821203967,0.05,-1.1,6.1,4.0,9.0,2,0,11,0,6,31,0,2,8,4
2000745,0.0,0.05,0.9,7.537265625,7.55,0.012734375000000008,-7,12.734375,2.890625,0.1875,0.078125,0.0625,0.536666666666667,0.5249999999999998,0.3930223848808751,0.05038581282847741,0.017123031944875754,0.05000000000000001,-0.35,7.9,2.0,15.0,1,0,6,1,9,26,2,2,13,4
2000746,0.0,0.05,0.9,8.19271875,8.25,0.057281250000000006,-10,57.28125,6.75,0.1875,0.03125,0.03125,0.5612903225806457,0.5483870967741932,0.847561698689416,0.05009627815879659,0.5523375356809095,0.05,-0.2,8.45,1.0,13.0,0,1,6,1,2,25,2,3,22,2
2000747,1.0,0.05,0.9,-2.581546874999998,-2.4999999999999982,0.08154687500000007,-12,81.546875,8.265625,0.203125,0.015625,0.03125,0.5645161290322587,0.5725806451612898,0.9345190489272168,0.05036067477437749,0.829459855291576,0.05,-0.95,-1.5499999999999996,4.0,10.0,0,1,6,0,1,17,3,3,31,2
2000748,1.0,0.05,0.9,-1.299078125,-1.25,0.04907812500000001,-11,49.078125,5.984375,0.203125,0.03125,0.03125,0.5612903225806457,0.5701612903225802,0.9719994541524546,0.05215818016365701,0.8612474421033398,0.05,-0.3999999999999999,-0.8499999999999999,2.0,13.0,0,1,3,0,5,20,1,4,28,2
2000749,1.0,0.05,0.9,-1.986031250000001,-1.950000000000001,0.03603125000000002,-10,36.03125,5.375,0.171875,0.015625,0.046875,0.5573770491803283,0.5295081967213112,0.9130379857499379,0.05009425640781287,0.7984632236971967,0.05,-0.7,-1.25,3.0,9.0,1,0,6,1,4,30,1,3,15,3
2000750,0.0,0.05,0.9,11.462437500000002,11.500000000000002,0.037562500000000006,-12,37.5625,5.3125,0.28125,0.09375,0.015625,0.536507936507937,0.5714285714285711,0.8101878626811376,0.0877348602080412,0.07763470308668571,0.05000000000000001,-1.2,12.700000000000001,4.0,20.0,1,0,3,1,6,18,2,6,26,1
2000751,0.0,0.05,0.9,8.178093749999999,8.2,0.021906250000000006,-7,21.90625,3.84375,0.1875,0.078125,0.03125,0.583870967741936,0.5290322580645158,0.3335796502770359,0.05025433658189112,0.011056204130073943,0.05,-0.65,8.85,4.0,13.0,0,0,9,0,4,28,0,1,20,2
2000752,1.0,0.05,0.9,-1.0607031250000007,-1.0500000000000007,0.010703125000000006,-7,10.703125,2.328125,0.125,0.015625,0.03125,0.5709677419354843,0.5241935483870965,0.8213416897894998,0.05000444150826059,0.6415102489186707,0.04999999999999999,-0.19999999999999996,-0.8499999999999999,1.0,8.0,0,0,4,0,4,40,2,1,11,2
2000753,0.0,0.05,0.9,4.797578124999999,4.799999999999999,0.0024218750000000017,-3,2.421875,1.296875,0.109375,0.0625,0.0625,0.5766666666666672,0.4924999999999998,0.1357791738658785,0.05000438031126513,0.002795102401430822,0.05,-0.5,5.299999999999999,4.0,7.0,0,0,10,1,1,41,1,2,4,4
2000754,0.0,0.05,0.9,4.094703125,4.1,0.005296875000000004,-2,5.296875,1.984375,0.125,0.09375,0.0625,0.5533333333333338,0.5149999999999999,0.5387314873945616,0.05003798048164095,0.012417291455203629,0.049999999999999996,-1.9000000000000001,6.0,6.0,8.0,0,0,7,0,6,34,3,2,8,4
2000755,0.0,0.05,0.9,7.974343749999999,7.999999999999999,0.025656249999999995,-7,25.65625,4.625,0.203125,0.09375,0.046875,0.5573770491803283,0.5540983606557376,0.34743924759105593,0.05057417759466535,0.012242526035073555,0.049999999999999996,-0.9500000000000002,8.95,4.0,15.0,0,0,7,0,6,19,0,7,22,3
2000756,1.0,0.05,0.9,-1.1281093750000015,-1.1000000000000014,0.028109375000000013,-10,28.109375,4.171875,0.171875,0.015625,0.046875,0.5770491803278693,0.5467213114754095,0.9790952729057756,0.05087802316295726,0.9330744757048228,0.049999999999999996,-0.19999999999999996,-0.8999999999999997,1.0,11.0,0,0,3,0,3,33,1,2,19,3
2000757,1.0,0.05,0.9,-2.0646562499999983,-1.9999999999999982,0.06465625000000003,-12,64.65625,7.0625,0.21875,0.03125,0.046875,0.5409836065573774,0.5663934426229504,0.9468768837995273,0.052055858546038884,0.8032612024190086,0.05,-0.6499999999999999,-1.35,3.0,13.0,0,0,3,0,6,22,5,2,23,3
2000758,0.0,0.05,0.9,2.8490312500000003,2.8500000000000005,0.0009687500000000004,0,0.96875,0.71875,0.078125,0.078125,0.0625,0.5700000000000004,0.48500000000000004,0.4425735783576979,0.05000329593336255,0.0028823259376222284,0.05,-0.8,3.6500000000000004,3.0,7.0,1,1,7,0,6,42,0,0,3,4
2000759,1.0,0.05,0.9,-2.2415156250000012,-2.200000000000001,0.041515625000000014,-11,41.515625,5.734375,0.1875,0.015625,0.046875,0.5475409836065578,0.544262295081967,0.9458197440640911,0.05028674911746539,0.8549153370110374,0.05,-1.1500000000000001,-1.05,5.0,8.0,1,0,5,1,7,23,2,1,21,3
2000760,1.0,0.05,0.9,-2.1248593750000007,-2.0500000000000007,0.07485937500000003,-12,74.859375,7.984375,0.203125,0.015625,0.0625,0.5733333333333339,0.5774999999999996,0.9903511389980417,0.05464329305667113,0.96907347889667,0.05,-0.9500000000000002,-1.1,6.0,8.0,0,0,4,0,2,19,2,2,31,4
2000761,1.0,0.05,0.9,-1.0169687499999975,-0.9499999999999975,0.06696875000000001,-12,66.96875,7.3125,0.21875,0.03125,0.015625,0.5587301587301593,0.5880952380952376,0.9975685948067294,0.08042992955448905,0.9832059902550884,0.05,-0.6000000000000001,-0.3500000000000001,6.0,10.0,0,0,2,0,3,19,2,6,31,1
2000762,1.0,0.05,0.9,-1.1904687500000004,-1.1500000000000004,0.040468750000000005,-11,40.46875,5.75,0.203125,0.03125,0.078125,0.555932203389831,0.5584745762711861,0.9952314408123066,0.07436811658214493,0.9743461136392242,0.04999999999999999,-0.44999999999999996,-0.7000000000000002,3.0,12.0,0,0,2,0,6,26,3,1,21,5
2000763,0.0,0.05,0.9,7.55815625,7.6,0.04184375000000002,-9,41.84375,5.34375,0.1875,0.046875,0.109375,0.5403508771929829,0.5578947368421049,0.8096844878890515,0.05048272775971427,0.34513997824481213,0.05,-0.4,8.0,2.0,13.0,3,1,4,0,2,17,3,2,25,7
2000764,1.0,0.05,0.9,-0.37748437499999965,-0.34999999999999964,0.02748437500000001,-7,27.484375,4.828125,0.140625,0.03125,0.046875,0.5377049180327872,0.5368852459016392,0.8785528693232602,0.05004250386598982,0.6025198195378699,0.05,0.0,-0.34999999999999987,0.0,11.0,0,1,5,0,8,26,4,2,15,3
2000765,0.0,0.05,0.9,6.641687499999999,6.649999999999999,0.008312500000000006,-4,8.3125,2.625,0.1875,0.125,0.03125,0.5387096774193553,0.521774193548387,0.1799834296156163,0.05053561204685788,0.00042552505624670435,0.049999999999999996,-1.1500000000000001,7.8,5.0,15.0,1,0,11,2,6,21,2,3,16,2
2000766,1.0,0.05,0.9,-1.7230312500000002,-1.7000000000000002,0.02303125000000001,-9,23.03125,4.03125,0.15625,0.015625,0.046875,0.5639344262295085,0.5221311475409834,0.9419412063627058,0.05007114336373934,0.8641875749137917,0.05,-0.3999999999999999,-1.3,2.0,9.0,0,1,6,1,2,35,3,0,13,3
2000767,1.0,0.05,0.9,1.0179687500000025,1.0500000000000025,0.03203125000000002,-7,32.03125,4.9375,0.171875,0.0625,0.03125,0.5516129032258068,0.5483870967741933,0.9657287487548495,0.05308548586293335,0.580475966001403,0.049999999999999996,-0.30000000000000004,1.3499999999999999,4.0,11.0,0,0,6,0,3,27,4,4,18,2
2000768,0.0,0.05,0.9,3.744421874999999,3.749999999999999,0.005578125000000002,-1,5.578125,1.828125,0.09375,0.078125,0.046875,0.5704918032786891,0.5049180327868853,0.6157038045869327,0.05000733816744739,0.010476140860739135,0.049999999999999996,-0.8,4.55,4.0,7.0,0,0,6,0,6,41,0,3,5,3
2000769,0.0,0.05,0.9,6.478796874999999,6.499999999999999,0.021203125,-5,21.203125,4.296875,0.1875,0.109375,0.046875,0.5442622950819677,0.5565573770491803,0.6244889612732188,0.05128954978563648,0.026235810508650582,0.05,-1.9,8.4,5.0,14.0,0,0,6,0,3,23,3,8,18,3
2000770,1.0,0.05,0.9,-2.031281250000001,-1.950000000000001,0.08128124999999997,-13,81.28125,7.65625,0.203125,0.0,0.015625,0.5714285714285721,0.5738095238095233,0.9993439962614891,0.07137658857666557,0.9982199413347721,0.05,-0.8500000000000001,-1.1,5.0,8.0,0,0,4,0,3,21,1,4,30,1
2000771,0.0,0.05,0.9,7.2218124999999995,7.249999999999999,0.02818750000000002,-8,28.1875,4.875,0.171875,0.046875,0.09375,0.5655172413793108,0.5258620689655171,0.7899209028943276,0.05030279007187188,0.3400214155086527,0.05,0.0,7.249999999999999,0.0,14.0,1,1,4,0,4,32,0,3,13,6
2000772,0.0,0.05,0.9,6.238796874999999,6.249999999999999,0.011203125000000008,-7,11.203125,2.734375,0.140625,0.03125,0.046875,0.5508196721311479,0.5098360655737704,0.7167099939151836,0.05001239659036171,0.3418132266999209,0.04999999999999999,-0.2,6.449999999999999,1.0,10.0,0,0,6,3,6,36,1,1,8,3
2000773,0.0,0.05,0.9,6.39378125,6.4,0.006218750000000004,-6,6.21875,2.21875,0.15625,0.0625,0.078125,0.56271186440678,0.5,0.5423128398375022,0.0502209112288305,0.044177256085560036,0.05000000000000001,-0.75,7.15,3.0,11.0,0,1,8,0,5,36,1,3,5,5
2000774,0.0,0.05,0.9,7.868140625000002,7.900000000000002,0.031859375,-8,31.859375,4.765625,0.1875,0.0625,0.03125,0.5419354838709679,0.5459677419354836,0.9055919048368977,0.0510183637304343,0.4590175912290939,0.05,-1.1500000000000001,9.05,3.0,13.0,0,0,5,0,7,26,1,9,14,2
2000775,1.0,0.05,0.9,0.11185937500000034,0.15000000000000036,0.03814062500000001,-8,38.140625,5.609375,0.171875,0.046875,0.046875,0.5573770491803283,0.5467213114754096,0.9651909499587505,0.051577990922096494,0.7490466728673274,0.05,-0.25,0.3999999999999999,2.0,12.0,0,1,4,0,7,25,1,3,20,3
2000776,1.0,0.05,0.9,-0.7145781250000002,-0.7000000000000002,0.014578125000000011,-6,14.578125,3.359375,0.109375,0.015625,0.03125,0.5612903225806456,0.5120967741935483,0.86787418441688,0.05000376092175498,0.6991945470077243,0.05,-0.55,-0.1499999999999999,3.0,5.0,1,0,7,0,5,36,2,1,10,2
2000777,1.0,0.05,0.9,-2.210046875,-2.1500000000000004,0.06004687500000003,-12,60.046875,6.359375,0.1875,0.0,0.03125,0.5774193548387102,0.5604838709677414,0.9964278526506385,0.052553666655502596,0.992544623961955,0.05000000000000001,-0.3500000000000001,-1.8,4.0,8.0,0,0,6,0,4,21,1,1,29,2
2000778,0.0,0.05,0.9,7.0427968750000005,7.050000000000001,0.007203125000000005,-5,7.203125,2.046875,0.171875,0.09375,0.0625,0.5433333333333336,0.5149999999999998,0.5742570359920651,0.05212322289631073,0.0107183380012937,0.05000000000000001,-0.95,8.0,5.0,12.0,0,0,11,0,6,26,4,3,10,4
2000779,1.0,0.05,0.9,-4.046390625000003,-3.950000000000003,0.096390625,-18,96.390625,8.453125,0.28125,0.0,0.0625,0.5166666666666669,0.5924999999999995,0.9991130117816747,0.20862994326992287,0.9944021015295341,0.05,-0.44999999999999996,-3.5,3.0,15.0,0,0,2,0,2,17,8,7,24,4
2000780,0.0,0.05,0.9,8.370578124999998,8.399999999999999,0.029421875000000004,-8,29.421875,4.796875,0.203125,0.078125,0.046875,0.5540983606557381,0.5319672131147539,0.5229981120648887,0.050749862825580035,0.03552115195241689,0.05000000000000001,-0.9500000000000002,9.35,4.0,14.0,0,1,6,1,6,27,1,3,16,3
2000781,0.0,0.05,0.9,7.721937499999999,7.749999999999999,0.028062500000000004,-9,28.0625,4.84375,0.171875,0.03125,0.0625,0.566666666666667,0.5349999999999997,0.7926819882258795,0.050087767289288924,0.43945845676930984,0.05,-0.4,8.149999999999999,2.0,11.0,0,0,7,0,7,25,1,1,19,4
2000782,1.0,0.05,0.9,-1.5021093749999994,-1.4499999999999993,0.05210937500000001,-11,52.109375,6.453125,0.203125,0.03125,0.0625,0.5533333333333338,0.5424999999999999,0.9839635697661342,0.05642167235942941,0.9309254469919266,0.05,-0.7,-0.75,3.0,12.0,1,0,6,0,7,22,2,1,21,4
2000783,1.0,0.05,0.9,-0.3235312500000007,-0.3000000000000007,0.023531250000000004,-7,23.53125,4.3125,0.15625,0.046875,0.03125,0.5483870967741938,0.5387096774193546,0.8558186725539476,0.050074960165507526,0.4417808743084873,0.05,-0.75,0.4500000000000002,2.0,11.0,1,1,3,0,6,30,1,5,15,2
2000784,0.0,0.05,0.9,7.611953124999999,7.6499999999999995,0.03804687500000002,-9,38.046875,5.609375,0.15625,0.015625,0.015625,0.5587301587301592,0.5261904761904761,0.9607392539245724,0.05008886201614803,0.9056966520878943,0.05,-0.45,8.1,1.0,10.0,0,1,6,0,5,33,1,5,12,1
2000785,0.0,0.05,0.9,7.370843750000001,7.4,0.02915625,-9,29.15625,4.875,0.1875,0.046875,0.015625,0.5333333333333337,0.5380952380952378,0.7927190123263258,0.05006035564885381,0.38143545364141035,0.049999999999999996,-0.55,7.95,2.0,13.0,1,0,5,1,5,29,4,4,14,1
2000786,1.0,0.05,0.9,-0.41951562500000034,-0.40000000000000036,0.019515625000000005,-7,19.515625,3.609375,0.140625,0.03125,0.0625,0.5766666666666672,0.5149999999999999,0.7821454174673039,0.050040556843017676,0.4064798367995549,0.05,-0.7,0.30000000000000027,3.0,8.0,0,0,9,0,3,33,1,2,12,4
2000787,0.0,0.05,0.9,5.99065625,6.0,0.009343750000000007,-5,9.34375,2.75,0.15625,0.078125,0.09375,0.5344827586206898,0.5387931034482756,0.7039181104328037,0.05039820873130046,0.1037843346305089,0.05000000000000001,-0.65,6.6499999999999995,2.0,13.0,1,0,4,0,4,29,4,5,11,6
2000788,1.0,0.05,0.9,-2.125390624999997,-2.049999999999997,0.07539062499999999,-13,75.390625,7.515625,0.234375,0.03125,0.03125,0.5193548387096778,0.5629032258064512,0.989129319466328,0.06417872513205093,0.9484439621104103,0.05,-1.05,-0.9999999999999999,5.0,12.0,0,0,5,1,7,18,3,10,18,2
2000789,1.0,0.05,0.9,0.08904687499999964,0.09999999999999964,0.010953125000000008,-6,10.953125,2.953125,0.140625,0.046875,0.015625,0.5492063492063497,0.5142857142857141,0.6204071665575902,0.05001069101229067,0.14783074363565726,0.05,-0.34999999999999987,0.44999999999999996,2.0,10.0,0,2,5,1,6,36,1,4,8,1
2000790,1.0,0.05,0.9,0.2214687499999991,0.2499999999999991,0.028531250000000015,-6,28.53125,4.875,0.140625,0.046875,0.0625,0.5633333333333338,0.5374999999999998,0.7530620029248132,0.05004299015305919,0.25681518744719484,0.049999999999999996,-0.6000000000000001,0.8500000000000001,2.0,10.0,0,0,4,1,4,32,2,1,16,4
2000791,0.0,0.05,0.9,4.393921874999999,4.3999999999999995,0.0060781250000000045,-3,6.078125,2.203125,0.109375,0.0625,0.015625,0.5619047619047624,0.4976190476190476,0.49600484503332554,0.050003160525402,0.030312384195205766,0.05000000000000001,-0.8500000000000001,5.25,4.0,7.0,1,1,6,0,8,40,0,1,6,1
2000792,1.0,0.05,0.9,-2.3474843749999987,-2.299999999999999,0.04748437500000002,-13,47.484375,5.828125,0.203125,0.0,0.078125,0.5728813559322038,0.5406779661016945,0.9963676003077525,0.06525184932963894,0.9918737259941528,0.05000000000000001,-0.5,-1.7999999999999998,2.0,11.0,0,1,3,0,4,31,1,1,18,5
2000793,1.0,0.05,0.9,-1.2339218750000003,-1.2000000000000002,0.03392187500000001,-9,33.921875,5.046875,0.171875,0.03125,0.03125,0.5612903225806455,0.5411290322580641,0.9125279825280382,0.050141888904227314,0.730810870106446,0.05,-0.6499999999999999,-0.5499999999999998,3.0,10.0,0,0,6,0,5,28,1,5,17,2
2000794,0.0,0.05,0.9,5.9809375,6.0,0.01906250000000001,-6,19.0625,4.0625,0.140625,0.046875,0.0625,0.5700000000000004,0.5374999999999998,0.7797785153502456,0.05003421267795798,0.3197491490136649,0.05,-0.55,6.55,2.0,10.0,0,0,4,0,4,33,2,1,16,4
2000795,1.0,0.05,0.9,-1.6286406250000005,-1.6000000000000005,0.02864062500000002,-8,28.640625,4.609375,0.140625,0.015625,0.078125,0.5457627118644072,0.5152542372881355,0.8103707060442891,0.050018343331733044,0.608981343168436,0.049999999999999996,-0.55,-1.0499999999999998,1.0,9.0,2,1,5,0,6,31,1,3,10,5
2000796,1.0,0.05,0.9,-2.478546874999999,-2.3999999999999986,0.07854687500000004,-12,78.546875,8.171875,0.203125,0.015625,0.03125,0.5483870967741941,0.565322580645161,0.9863781884382379,0.05154205555046754,0.9625406194273878,0.05,-0.5,-1.9,3.0,11.0,0,1,2,0,5,24,1,8,21,2
2000797,0.0,0.05,0.9,6.6555937499999995,6.699999999999999,0.04440625,-9,44.40625,6.1875,0.140625,0.0,0.015625,0.5650793650793655,0.5571428571428568,0.9089426941163138,0.05000531814720889,0.8757966840008536,0.049999999999999996,0.0,6.699999999999999,0.0,9.0,0,0,3,1,6,26,0,3,24,1
2000798,1.0,0.05,0.9,-0.22020312500000108,-0.20000000000000107,0.020203125000000013,-6,20.203125,4.140625,0.125,0.03125,0.0625,0.5666666666666671,0.5449999999999998,0.7646558462850664,0.05001076331785795,0.4304162753189771,0.05,-0.3500000000000001,0.15000000000000036,1.0,9.0,0,0,2,0,4,34,0,6,14,4
2000799,0.0,0.05,0.9,6.090265625000001,6.1000000000000005,0.009734375000000005,-3,9.734375,2.515625,0.171875,0.125,0.03125,0.5290322580645163,0.5096774193548386,0.34692953703426105,0.0508215484329558,0.0005373766550892485,0.05,-1.75,7.85,7.0,12.0,3,0,9,0,8,26,2,4,10,2
2000800,0.0,0.05,0.9,5.795281249999999,5.799999999999999,0.004718750000000003,-4,4.71875,1.5625,0.140625,0.078125,0.03125,0.5548387096774197,0.5290322580645158,0.28007748624808126,0.050019089568697744,0.009172443679889375,0.05000000000000001,-0.75,6.549999999999999,3.0,11.0,0,0,6,1,5,32,1,5,12,2
2000801,1.0,0.05,0.9,0.6909062500000002,0.7000000000000002,0.009093750000000006,-5,9.09375,2.46875,0.125,0.046875,0.078125,0.56271186440678,0.5177966101694915,0.7910321255122734,0.050066074777469355,0.24850329017761705,0.05,-0.1499999999999999,0.8500000000000001,1.0,10.0,0,0,4,0,9,35,0,2,9,5
2000802,0.0,0.05,0.9,6.5954999999999995,6.6,0.004500000000000003,-3,4.5,1.71875,0.15625,0.109375,0.078125,0.56271186440678,0.5025423728813556,0.19599920770333482,0.050798843292991495,0.00026463088360342824,0.05,-1.0,7.6000000000000005,6.0,11.0,0,2,9,0,5,31,1,2,9,5
2000803,0.0,0.05,0.9,4.144015625,4.1499999999999995,0.0059843750000000044,-1,5.984375,2.203125,0.125,0.109375,0.0625,0.556666666666667,0.5175,0.6855978771470558,0.050132966764489445,0.004704988736170709,0.049999999999999996,-1.15,5.3,5.0,10.0,0,2,6,0,6,31,2,1,12,4
2000804,0.0,0.05,0.9,7.186468749999999,7.199999999999998,0.01353125000000001,-7,13.53125,3.0,0.171875,0.0625,0.03125,0.5774193548387102,0.5193548387096772,0.7832668485404696,0.05025110668048173,0.19224315069329637,0.05000000000000002,-0.5,7.699999999999998,2.0,13.0,0,0,8,0,4,34,1,1,14,2
2000805,1.0,0.05,0.9,-2.5555312499999983,-2.4999999999999982,0.055531250000000025,-13,55.53125,6.25,0.21875,0.015625,0.03125,0.5193548387096777,0.5556451612903223,0.9895242927439755,0.05458423547128991,0.9686020318253211,0.05000000000000001,-0.44999999999999996,-2.05,3.0,12.0,0,1,3,1,7,23,6,3,18,2
2000806,1.0,0.05,0.9,-0.8858124999999997,-0.8499999999999996,0.03581250000000001,-10,35.8125,5.1875,0.203125,0.046875,0.09375,0.5517241379310348,0.5413793103448273,0.9459041551216606,0.05640158386350797,0.6599663257276631,0.05,-0.30000000000000004,-0.55,3.0,13.0,1,1,7,0,5,19,1,4,20,6
2000807,1.0,0.05,0.9,-0.48392187500000106,-0.45000000000000107,0.03392187500000001,-9,33.921875,4.703125,0.1875,0.046875,0.03125,0.5451612903225809,0.5435483870967738,0.7920719509340584,0.050439902783318724,0.2852171990141294,0.05000000000000001,-0.19999999999999996,-0.25,1.0,14.0,1,1,5,0,4,26,2,6,17,2
2000808,0.0,0.05,0.9,3.8892187499999995,3.8999999999999995,0.010781250000000008,-4,10.78125,2.96875,0.09375,0.03125,0.0625,0.5600000000000005,0.5075000000000001,0.6871554764224094,0.05000159675891793,0.330569216587883,0.05,-0.65,4.55,2.0,6.0,0,0,4,0,7,42,2,1,4,4
2000809,0.0,0.05,0.9,7.230984375,7.25,0.019015625000000005,-7,19.015625,3.390625,0.1875,0.078125,0.03125,0.5548387096774198,0.5387096774193545,0.3630077570217429,0.05010384018540447,0.021562055668155392,0.05,-1.4000000000000001,8.65,5.0,12.0,1,1,4,1,7,26,0,2,20,2
2000810,1.0,0.05,0.9,-1.784531250000001,-1.7500000000000009,0.03453125000000001,-9,34.53125,5.4375,0.15625,0.015625,0.015625,0.5587301587301592,0.5499999999999998,0.9165540406525099,0.05002359536009116,0.79884618249104,0.05000000000000001,-0.7,-1.05,3.0,8.0,1,0,1,0,7,31,0,4,19,1
2000811,0.0,0.05,0.9,4.5978593750000005,4.6000000000000005,0.002140625000000001,-2,2.140625,1.046875,0.125,0.09375,0.03125,0.5741935483870971,0.5072580645161288,0.2522428025460428,0.05001753650468903,0.001602719268678131,0.05,-1.0,5.6,5.0,9.0,0,1,9,0,6,33,0,1,12,2
2000812,0.0,0.05,0.9,5.984484375,6.0,0.015515625000000012,-7,15.515625,3.515625,0.125,0.015625,0.03125,0.5677419354838714,0.5145161290322581,0.830069439918602,0.05000578613629399,0.6469148714128113,0.04999999999999999,-0.2,6.2,1.0,8.0,1,0,3,0,6,42,1,0,9,2
2000813,1.0,0.05,0.9,-2.7986093750000016,-2.7500000000000018,0.04860937500000002,-13,48.609375,6.203125,0.21875,0.015625,0.03125,0.5354838709677421,0.5435483870967739,0.9483916875347003,0.05098560977239905,0.857172131959715,0.05,-0.95,-1.7999999999999998,4.0,11.0,0,2,2,1,9,26,2,3,17,2
2000814,1.0,0.05,0.9,-1.0813125,-1.0499999999999998,0.03131250000000001,-9,31.3125,4.875,0.171875,0.03125,0.015625,0.5650793650793656,0.5476190476190473,0.9470140316844313,0.05017302502560751,0.8161349985154212,0.05,-0.25,-0.7999999999999998,2.0,11.0,0,0,4,1,5,29,0,4,20,1
2000815,0.0,0.05,0.9,5.14840625,5.1499999999999995,0.001593750000000001,-3,1.59375,1.09375,0.125,0.078125,0.0625,0.5700000000000004,0.4799999999999999,0.04430891384408294,0.0500180279196537,0.00024807449188274806,0.049999999999999996,-0.55,5.699999999999999,5.0,8.0,0,1,12,0,7,35,0,1,4,4
2000816,0.0,0.05,0.9,6.87340625,6.9,0.026593750000000003,-8,26.59375,4.625,0.171875,0.046875,0.0625,0.5500000000000004,0.5199999999999999,0.7974158107361244,0.05012215698718722,0.33242180334154003,0.049999999999999996,-0.2,7.1,1.0,13.0,1,3,3,0,4,34,1,4,10,4
2000817,1.0,0.05,0.9,-1.786,-1.75,0.036,-9,36.0,5.03125,0.140625,0.0,0.03125,0.5741935483870972,0.5411290322580642,0.9750672520357782,0.050041698836499095,0.9594634615144393,0.05,-0.5999999999999999,-1.1500000000000001,3.0,6.0,0,0,3,0,3,36,1,3,16,2
2000818,0.0,0.05,0.9,8.761031250000002,8.800000000000002,0.03896875000000002,-7,38.96875,5.40625,0.21875,0.109375,0.046875,0.534426229508197,0.5590163934426227,0.3199746453354518,0.05437339138518739,0.004407010207483847,0.05,-1.7,10.5,6.0,15.0,0,1,7,1,4,16,2,9,21,3
2000819,0.0,0.05,0.9,8.920187499999999,8.95,0.02981250000000002,-10,29.8125,4.65625,0.1875,0.03125,0.03125,0.5645161290322586,0.5338709677419353,0.9432040061358464,0.0507046722832219,0.7659251542998295,0.05,-0.55,9.5,2.0,12.0,0,0,4,0,9,31,1,0,17,2
2000820,1.0,0.05,0.9,-2.6954375000000015,-2.6000000000000014,0.09543749999999997,-13,95.4375,8.96875,0.21875,0.015625,0.03125,0.5451612903225812,0.579838709677419,0.9714456775395841,0.05179110165564174,0.9125367687804038,0.05000000000000001,-0.6000000000000001,-2.0,3.0,12.0,0,0,3,1,4,18,3,5,28,2
2000821,0.0,0.05,0.9,8.967921875,9.0,0.032078125,-9,32.078125,5.140625,0.203125,0.0625,0.046875,0.5508196721311478,0.5467213114754095,0.9157785368405703,0.053916260515054465,0.40411202998587326,0.05,-0.2,9.2,1.0,16.0,0,2,4,1,5,24,1,4,20,3
2000822,0.0,0.05,0.9,8.980875,9.0,0.019125000000000007,-8,19.125,3.34375,0.21875,0.09375,0.046875,0.5245901639344265,0.5467213114754094,0.49108351211024903,0.05642514435793133,0.017527868891295213,0.05,-1.0,10.0,4.0,16.0,0,0,8,0,8,18,4,7,16,3
2000823,0.0,0.05,0.9,9.79246875,9.85,0.05753125000000003,-12,57.53125,6.59375,0.203125,0.015625,0.03125,0.5677419354838714,0.5508064516129029,0.9832826491932858,0.051585337372772884,0.9502761254952815,0.05000000000000001,0.0,9.85,0.0,14.0,0,0,6,0,6,23,1,2,24,2
2000824,1.0,0.05,0.9,-2.9033750000000014,-2.8500000000000014,0.05337500000000001,-13,53.375,5.71875,0.21875,0.015625,0.03125,0.5354838709677422,0.555645161290322,0.9782069372166993,0.0517465409397765,0.9310520893000921,0.05,-0.8,-2.0500000000000003,5.0,10.0,1,0,6,0,2,23,7,2,21,2
2000825,0.0,0.05,0.9,5.780500000000001,5.800000000000001,0.0195,-5,19.5,4.09375,0.140625,0.0625,0.015625,0.5460317460317466,0.5261904761904762,0.45876371679027406,0.050013331746383186,0.0394863285519569,0.049999999999999996,-0.6000000000000001,6.4,3.0,10.0,0,3,2,1,5,36,1,5,10,1
2000826,0.0,0.05,0.9,5.9294375,5.949999999999999,0.0205625,-5,20.5625,4.03125,0.140625,0.0625,0.0625,0.5366666666666671,0.5349999999999999,0.5131416664170932,0.05002758687654321,0.062179465420065194,0.05000000000000001,-0.4,6.35,2.0,11.0,0,0,2,0,10,32,3,3,10,4
2000827,0.0,0.05,0.9,4.745343749999999,4.749999999999999,0.004656250000000003,-4,4.65625,1.71875,0.125,0.0625,0.015625,0.5492063492063497,0.49285714285714277,0.6488948964095711,0.050010728757676336,0.08059513251433285,0.05,-1.2000000000000002,5.949999999999999,4.0,8.0,2,0,9,2,4,38,1,2,5,1
2000828,0.0,0.05,0.9,5.895859375000001,5.9,0.004140625000000003,-4,4.140625,1.421875,0.15625,0.09375,0.03125,0.5612903225806457,0.5266129032258062,0.5523122868901101,0.050155289350937056,0.015468699490301776,0.05,-0.8999999999999999,6.799999999999999,4.0,12.0,0,2,5,0,4,33,3,0,15,2
2000829,0.0,0.05,0.9,6.185656249999999,6.199999999999999,0.014343750000000011,-5,14.34375,3.59375,0.1875,0.109375,0.015625,0.5365079365079369,0.5214285714285712,0.21457957252253904,0.05006814427496661,0.002628869677652484,0.05,-0.8,7.0,4.0,15.0,2,1,7,0,10,24,2,1,16,1
2000830,0.0,0.05,0.9,4.9916875,5.0,0.008312500000000006,-3,8.3125,2.625,0.171875,0.125,0.046875,0.5278688524590167,0.524590163934426,0.6905675352692038,0.051033452007399276,0.009206753858593241,0.05,-2.35,7.3500000000000005,6.0,13.0,0,1,9,1,9,21,2,6,12,3
2000831,0.0,0.05,0.9,6.833921875,6.85,0.016078125000000013,-6,16.078125,3.546875,0.171875,0.078125,0.0625,0.5533333333333338,0.5424999999999999,0.7975773912927852,0.05076428690258731,0.1492255932489427,0.05,-1.6500000000000001,8.5,5.0,11.0,0,0,2,1,9,29,0,3,16,4
2000832,1.0,0.05,0.9,-1.199203125000004,-1.150000000000004,0.049203125000000014,-14,49.203125,5.484375,0.25,0.03125,0.015625,0.5492063492063497,0.5619047619047615,0.9996379118769552,0.2189693147028783,0.9910330181443958,0.05,-0.9000000000000002,-0.24999999999999978,8.0,10.0,0,0,5,1,7,19,2,3,26,1
2000833,1.0,0.05,0.9,-2.099640624999999,-2.049999999999999,0.049640625000000015,-12,49.640625,5.984375,0.203125,0.015625,0.03125,0.5645161290322586,0.5435483870967738,0.9799615582608234,0.05162630773637454,0.9354624887455191,0.05000000000000001,-0.55,-1.5,2.0,12.0,0,1,6,0,5,25,1,3,21,2
2000834,0.0,0.05,0.9,8.29990625,8.35,0.050093750000000034,-10,50.09375,6.40625,0.1875,0.03125,0.046875,0.554098360655738,0.5344262295081964,0.9064532883569378,0.05033005806318485,0.6869516235547463,0.05,-0.2,8.55,1.0,13.0,0,2,7,0,5,24,0,7,16,3
2000835,0.0,0.05,0.9,9.878953124999999,9.95,0.071046875,-13,71.046875,7.515625,0.21875,0.015625,0.015625,0.5460317460317463,0.5523809523809521,0.9590355895151018,0.05060638853544087,0.9028186883685897,0.049999999999999996,0.0,9.95,0.0,15.0,0,1,7,0,7,18,3,3,24,1
2000836,0.0,0.05,0.9,6.246890624999999,6.249999999999999,0.003109375000000002,-3,3.109375,1.546875,0.171875,0.125,0.0625,0.566666666666667,0.4974999999999999,0.2256354939254048,0.05123552658132298,0.00020670571216557982,0.05,-1.3000000000000003,7.549999999999998,6.0,13.0,0,0,14,0,7,26,0,3,10,4
2000837,0.0,0.05,0.9,5.798749999999999,5.799999999999999,0.0012500000000000007,-1,1.25,0.9375,0.140625,0.125,0.078125,0.5762711864406784,0.48474576271186437,0.019838112629966088,0.052979187399642066,2.5948640348300115e-06,0.05,-0.55,6.35,5.0,12.0,0,0,15,1,2,32,1,1,7,5
2000838,0.0,0.05,0.9,7.028906249999999,7.049999999999999,0.021093750000000005,-6,21.09375,4.09375,0.171875,0.078125,0.0625,0.556666666666667,0.5324999999999999,0.5298537463502082,0.05025557457708152,0.03957910935585777,0.05,-0.75,7.799999999999999,3.0,13.0,0,0,6,0,5,30,2,4,13,4
2000839,1.0,0.05,0.9,-2.357374999999997,-2.299999999999997,0.05737500000000002,-12,57.375,6.71875,0.203125,0.015625,0.015625,0.5428571428571433,0.5619047619047615,0.9417426620519047,0.05036598147564408,0.8439211845175096,0.05,-0.95,-1.3499999999999999,4.0,10.0,1,0,3,0,3,26,4,5,21,1
2000840,1.0,0.05,0.9,-2.293,-2.25,0.043000000000000024,-12,43.0,5.71875,0.203125,0.015625,0.03125,0.5483870967741938,0.5508064516129029,0.9903698072557376,0.05225986179891715,0.9705041918182646,0.05,-0.30000000000000004,-1.9500000000000002,3.0,11.0,0,1,2,0,7,28,3,2,19,2
2000841,1.0,0.05,0.9,-1.3522187500000007,-1.3000000000000007,0.05221875000000002,-12,52.21875,6.5,0.234375,0.046875,0.015625,0.5428571428571431,0.5595238095238091,0.9877852667128302,0.06667502966379941,0.8996893712715626,0.049999999999999996,-0.8500000000000001,-0.4500000000000002,6.0,12.0,0,1,4,1,5,22,3,4,23,1
2000842,1.0,0.05,0.9,0.5597499999999996,0.5999999999999996,0.040250000000000015,-8,40.25,5.71875,0.21875,0.09375,0.046875,0.5278688524590166,0.5590163934426227,0.7039775975831978,0.05403730307584615,0.0558666365115334,0.05,-0.25,0.8499999999999994,1.0,19.0,0,0,6,0,9,16,4,5,21,3
2000843,1.0,0.05,0.9,-1.3810937500000013,-1.3500000000000014,0.031093750000000017,-10,31.09375,4.6875,0.203125,0.046875,0.0625,0.5466666666666671,0.5474999999999997,0.9248354589622834,0.05133375226754806,0.6469306070719306,0.05,-0.19999999999999996,-1.1500000000000001,1.0,15.0,0,1,5,1,6,22,2,3,20,4
2000844,0.0,0.05,0.9,6.23040625,6.25,0.019593750000000007,-6,19.59375,3.78125,0.140625,0.046875,0.015625,0.5714285714285718,0.5238095238095237,0.7171303099742439,0.05001818733131276,0.1981735358429865,0.05,-0.2,6.45,1.0,11.0,0,0,1,1,7,43,0,0,11,1
2000845,1.0,0.05,0.9,-2.629734374999999,-2.549999999999999,0.07973437500000004,-16,79.734375,7.484375,0.28125,0.03125,0.046875,0.5213114754098365,0.5688524590163929,0.9984861462529269,0.2139267889303216,0.9727502819333862,0.049999999999999996,-1.1500000000000001,-1.4000000000000001,6.0,14.0,1,1,5,0,8,11,3,7,25,3
2000846,1.0,0.05,0.9,-3.1867968750000033,-3.100000000000003,0.086796875,-14,86.796875,8.390625,0.234375,0.015625,0.015625,0.5333333333333337,0.5499999999999996,0.98844574106108,0.05546408081553467,0.9677884241579071,0.049999999999999996,-0.7,-2.4,4.0,12.0,0,2,5,0,6,22,2,9,17,1
2000847,0.0,0.05,0.9,6.237656249999999,6.249999999999999,0.012343750000000007,-7,12.34375,2.65625,0.15625,0.046875,0.015625,0.5523809523809526,0.5071428571428569,0.6776416411691004,0.05001600511930372,0.21012793762006274,0.05,-0.8,7.049999999999999,3.0,10.0,2,2,7,0,7,31,0,2,12,1
2000848,1.0,0.05,0.9,-2.9700468750000004,-2.9000000000000004,0.07004687500000001,-13,70.046875,7.390625,0.203125,0.0,0.046875,0.5508196721311479,0.568852459016393,0.9935342277112172,0.05261329302203793,0.9873320394469878,0.049999999999999996,-0.9500000000000002,-1.9500000000000002,5.0,8.0,0,0,7,0,2,17,5,3,27,3
2000849,0.0,0.05,0.9,5.647687499999999,5.6499999999999995,0.002312500000000001,-2,2.3125,1.25,0.15625,0.125,0.015625,0.5492063492063496,0.5095238095238096,0.3528782120656234,0.05023742033144602,0.0005725700757930418,0.05000000000000001,-1.3499999999999999,6.999999999999999,6.0,12.0,0,0,8,1,10,32,1,2,9,1
2000850,1.0,0.05,0.9,-1.9000937499999997,-1.8499999999999996,0.05009375000000002,-11,50.09375,6.28125,0.1875,0.015625,0.03125,0.5387096774193553,0.5556451612903223,0.9616134743592863,0.05043883159143262,0.8897241123404797,0.05,-0.95,-0.8999999999999997,4.0,9.0,0,1,4,0,3,26,5,5,18,2
2000851,0.0,0.05,0.9,6.379640625,6.4,0.020359375000000006,-5,20.359375,4.265625,0.15625,0.078125,0.03125,0.5677419354838714,0.5314516129032255,0.5154133688620016,0.05011361952966259,0.023950398886124477,0.05,-1.1500000000000001,7.550000000000001,5.0,10.0,0,2,4,0,3,34,2,1,16,2
2000852,0.0,0.05,0.9,7.98821875,8.0,0.011781250000000009,-6,11.78125,2.78125,0.1875,0.09375,0.03125,0.5548387096774197,0.5290322580645158,0.41280023557573653,0.051232869163360145,0.007879469789905547,0.05,-1.1500000000000001,9.149999999999999,5.0,13.0,0,1,7,0,6,28,1,5,14,2
2000853,0.0,0.05,0.9,6.991828125,7.0,0.008171875000000004,-6,8.171875,2.140625,0.1875,0.09375,0.046875,0.5344262295081968,0.5344262295081964,0.42025435239427583,0.05025331043893512,0.012697611458702985,0.049999999999999996,-0.95,7.95,4.0,14.0,0,1,7,2,7,22,2,4,16,3
2000854,1.0,0.05,0.9,-0.8209375000000008,-0.8000000000000007,0.020937500000000008,-7,20.9375,3.875,0.140625,0.03125,0.109375,0.5649122807017548,0.5157894736842105,0.9204596499987504,0.05021466846035353,0.7421085669389967,0.05,-0.3999999999999999,-0.40000000000000013,2.0,9.0,0,0,7,0,5,32,2,1,10,7
2000855,1.0,0.05,0.9,-3.9414062500000013,-3.8500000000000014,0.09140625000000001,-17,91.40625,8.59375,0.265625,0.0,0.03125,0.5419354838709681,0.5725806451612899,0.9985076651750868,0.12407746364619895,0.9951329399491514,0.05000000000000001,0.0,-3.8499999999999996,0.0,17.0,0,0,6,1,2,17,3,8,25,2
2000856,0.0,0.05,0.9,8.551671875,8.6,0.04832812500000001,-10,48.328125,6.453125,0.1875,0.03125,0.046875,0.534426229508197,0.5540983606557375,0.9086769828200673,0.05034156170143916,0.6501783328079296,0.05,-0.4,8.999999999999998,2.0,12.0,0,1,5,0,4,23,4,7,17,3
2000857,1.0,0.05,0.9,-2.2528750000000013,-2.200000000000001,0.05287500000000002,-10,52.875,6.71875,0.171875,0.015625,0.03125,0.5290322580645165,0.5532258064516127,0.8833445022802455,0.05003902869996845,0.7386856303415388,0.05,-0.7,-1.5,3.0,9.0,1,0,1,1,7,28,4,3,17,2
2000858,1.0,0.05,0.9,-2.3397656250000036,-2.2500000000000036,0.08976562500000007,-12,89.765625,8.796875,0.21875,0.03125,0.03125,0.5483870967741938,0.5701612903225803,0.9806335480524496,0.05230890376859766,0.9110208265167221,0.049999999999999996,-0.050000000000000044,-2.2,1.0,15.0,0,1,4,1,6,16,1,5,28,2
2000859,0.0,0.05,0.9,6.537812499999999,6.549999999999999,0.012187500000000007,-3,12.1875,2.9375,0.15625,0.109375,0.09375,0.5586206896551728,0.5206896551724138,0.11929115841475808,0.05065820562398901,0.0002265535063592374,0.05,-1.05,7.599999999999999,6.0,11.0,0,0,9,0,6,26,0,6,11,6
2000860,0.0,0.05,0.9,8.158828125,8.2,0.04117187500000002,-9,41.171875,5.828125,0.171875,0.03125,0.03125,0.5645161290322586,0.5314516129032255,0.9567664959048332,0.05044031742671417,0.8080480759217764,0.05,-0.55,8.75,2.0,11.0,1,1,7,1,3,27,1,1,20,2
2000861,1.0,0.05,0.9,-1.9950781249999994,-1.9499999999999993,0.045078125000000004,-11,45.078125,5.890625,0.203125,0.03125,0.0,0.5406250000000001,0.5492187499999995,0.9784072311029942,0.05078048218763023,0.9197630893504691,0.049999999999999996,-0.10000000000000009,-1.8499999999999999,2.0,13.0,0,0,7,0,5,24,3,8,17,0
2000862,1.0,0.05,0.9,-1.1787031250000013,-1.1500000000000012,0.028703125000000003,-9,28.703125,4.921875,0.15625,0.015625,0.015625,0.5777777777777784,0.5333333333333331,0.9744994432242531,0.05013835029000945,0.9311741397922912,0.049999999999999996,-0.30000000000000004,-0.8499999999999999,3.0,8.0,0,0,3,0,5,38,1,0,16,1
2000863,0.0,0.05,0.9,5.53796875,5.55,0.012031250000000009,-5,12.03125,3.125,0.125,0.046875,0.078125,0.5694915254237292,0.5101694915254237,0.5504062555306458,0.05002638314476748,0.08592387283104418,0.05,-0.25,5.8,2.0,9.0,0,0,7,0,6,35,1,1,9,5
2000864,0.0,0.05,0.9,6.586921875,6.6,0.01307812500000001,-5,13.078125,3.078125,0.140625,0.0625,0.015625,0.5746031746031751,0.5285714285714284,0.8414464853477899,0.050161154157963614,0.17688063697629436,0.05,-0.2,6.8,1.0,12.0,0,0,3,0,8,37,0,0,15,1
2000865,0.0,0.05,0.9,5.042703125,5.05,0.007296875000000006,-4,7.296875,2.421875,0.140625,0.078125,0.03125,0.5580645161290327,0.5169354838709677,0.5319308849638649,0.050023702598479367,0.03705499729893619,0.05,-0.75,5.8,2.0,12.0,0,1,7,0,6,33,2,2,11,2
2000866,1.0,0.05,0.9,-1.825703125,-1.75,0.075703125,-13,75.703125,7.703125,0.21875,0.015625,0.015625,0.5619047619047625,0.5785714285714283,0.9985841352194356,0.07850010670033195,0.9939572372011166,0.05000000000000001,-0.30000000000000004,-1.4500000000000002,3.0,12.0,0,0,7,0,3,13,1,7,32,1
2000867,1.0,0.05,0.9,-0.847671874999999,-0.7999999999999989,0.04767187500000001,-9,47.671875,6.015625,0.171875,0.03125,0.046875,0.5344262295081972,0.5516393442622947,0.9835944911990092,0.05105411195004635,0.918514780519765,0.05000000000000002,-0.40000000000000013,-0.40000000000000013,3.0,10.0,2,0,7,1,3,18,4,3,23,3
2000868,1.0,0.05,0.9,-1.4270312500000004,-1.4000000000000004,0.027031249999999996,-7,27.03125,4.65625,0.125,0.015625,0.0625,0.5633333333333339,0.5224999999999997,0.8589489571816245,0.05000742053303826,0.6989956517691484,0.05000000000000001,-0.050000000000000044,-1.35,1.0,8.0,1,0,6,1,4,32,0,3,13,4
2000869,0.0,0.05,0.9,6.862140625,6.9,0.03785937500000002,-8,37.859375,5.484375,0.15625,0.03125,0.015625,0.5492063492063498,0.5476190476190473,0.8754595541100936,0.05002677700793419,0.6601205068741981,0.05,-0.8,7.7,2.0,10.0,0,0,4,0,9,26,1,5,18,1
2000870,1.0,0.05,0.9,-1.3099375000000006,-1.3000000000000007,0.009937500000000004,-7,9.9375,2.1875,0.125,0.015625,0.015625,0.5777777777777783,0.5190476190476189,0.844824766240569,0.05000301063393754,0.7058658394235858,0.05000000000000001,-0.19999999999999996,-1.1,1.0,8.0,0,0,6,0,4,39,1,1,12,1
2000871,1.0,0.05,0.9,-1.0082031250000012,-0.9500000000000011,0.05820312500000003,-12,58.203125,6.296875,0.234375,0.046875,0.046875,0.5475409836065578,0.5639344262295077,0.9958323153833127,0.11662504733311768,0.942799798553396,0.049999999999999996,-0.3500000000000001,-0.6000000000000004,4.0,14.0,0,1,8,1,4,12,2,5,28,3
2000872,1.0,0.05,0.9,-0.798015625,-0.75,0.04801562500000002,-10,48.015625,6.359375,0.203125,0.046875,0.03125,0.5419354838709682,0.5483870967741932,0.842414359474582,0.05123160576549245,0.3527225722058296,0.05,-0.5999999999999999,-0.15000000000000002,3.0,13.0,2,1,5,1,2,23,4,1,23,2
2000873,1.0,0.05,0.9,-2.1733125000000015,-2.1000000000000014,0.0733125,-14,73.3125,7.21875,0.234375,0.015625,0.03125,0.5354838709677421,0.5629032258064511,0.998404017160414,0.10622062565900466,0.9923027830521348,0.05,-0.7000000000000002,-1.4,6.0,10.0,0,0,4,1,8,19,2,6,22,2
2000874,0.0,0.05,0.9,9.148046875,9.200000000000001,0.05195312500000003,-11,51.953125,6.390625,0.1875,0.015625,0.078125,0.5694915254237295,0.5406779661016948,0.9906534079137355,0.05370179585441387,0.972752774918556,0.05000000000000001,0.0,9.200000000000001,0.0,13.0,0,0,6,0,4,27,1,3,18,5
2000875,0.0,0.05,0.9,7.982765625,8.0,0.017234375000000014,-6,17.234375,3.671875,0.21875,0.125,0.046875,0.5409836065573773,0.5368852459016391,0.8701281347742312,0.13034185419730518,0.01804637556502237,0.049999999999999996,-0.8,8.8,3.0,19.0,0,2,8,0,2,24,3,8,14,3
2000876,0.0,0.05,0.9,4.939859375,4.95,0.010140625000000006,-5,10.140625,2.359375,0.125,0.046875,0.078125,0.56271186440678,0.5152542372881354,0.7964646158890017,0.05002914992581522,0.32129615594264155,0.05,-0.55,5.5,2.0,9.0,1,0,8,0,2,33,1,5,9,5
2000877,1.0,0.05,0.9,-1.6602968750000004,-1.6500000000000004,0.010296875000000007,-7,10.296875,2.765625,0.109375,0.0,0.03125,0.5709677419354844,0.4999999999999999,0.8767268832394501,0.05000187943815249,0.8341173472741894,0.05,-0.5999999999999999,-1.05,3.0,4.0,1,0,5,0,4,46,1,1,4,2
2000878,1.0,0.05,0.9,-1.9551562500000004,-1.9000000000000004,0.05515625000000004,-10,55.15625,6.90625,0.171875,0.015625,0.046875,0.5377049180327872,0.5540983606557376,0.9702142742715663,0.05023011389149251,0.9235107553959927,0.05,-0.3999999999999999,-1.5000000000000002,2.0,10.0,0,0,5,1,7,21,3,4,20,3
2000879,0.0,0.05,0.9,5.694999999999999,5.699999999999999,0.005000000000000003,-4,5.0,1.71875,0.15625,0.09375,0.03125,0.5483870967741938,0.5193548387096772,0.6042644295100842,0.05019412166379655,0.021359803707835814,0.05,-1.2,6.8999999999999995,4.0,12.0,1,0,5,0,6,36,2,4,8,2
2000880,1.0,0.05,0.9,-2.235765625,-2.2,0.035765625000000016,-10,35.765625,4.921875,0.15625,0.0,0.015625,0.5460317460317463,0.5571428571428568,0.967956188552248,0.050045693665554794,0.9491929350777297,0.05,-0.050000000000000044,-2.1499999999999995,1.0,9.0,1,0,2,0,7,26,2,4,21,1
2000881,1.0,0.05,0.9,-0.855999999999999,-0.7999999999999989,0.05600000000000002,-11,56.0,6.1875,0.203125,0.03125,0.046875,0.570491803278689,0.5590163934426226,0.9926541265345477,0.06526728088189174,0.9589925102232035,0.049999999999999996,-0.6499999999999999,-0.1499999999999999,5.0,10.0,0,0,5,0,2,25,1,5,23,3
2000882,0.0,0.05,0.9,7.768968750000001,7.800000000000001,0.031031250000000017,-9,31.03125,5.1875,0.1875,0.046875,0.046875,0.5311475409836068,0.5368852459016391,0.8303506559500397,0.050239115232854445,0.42883802583677144,0.05,-0.9000000000000001,8.700000000000001,2.0,13.0,0,1,4,1,6,29,4,4,12,3
2000883,0.0,0.05,0.9,8.952453125000003,9.000000000000004,0.04754687500000002,-9,47.546875,6.203125,0.203125,0.0625,0.03125,0.5483870967741942,0.5629032258064512,0.9545505734422745,0.054348737609619634,0.6146234797435938,0.05,-1.05,10.05,3.0,14.0,0,1,5,0,4,20,2,7,23,2
2000884,1.0,0.05,0.9,-1.088874999999999,-1.049999999999999,0.03887500000000001,-10,38.875,5.375,0.1875,0.03125,0.046875,0.5573770491803284,0.5467213114754096,0.9174612372230214,0.0506012967869338,0.6987273187790757,0.049999999999999996,-0.5999999999999999,-0.44999999999999973,3.0,11.0,1,0,4,0,3,29,2,4,18,3
2000885,1.0,0.05,0.9,-1.599687499999999,-1.549999999999999,0.049687500000000016,-10,49.6875,6.28125,0.203125,0.046875,0.0625,0.5400000000000003,0.5549999999999997,0.9297264038067303,0.051115709734571906,0.6839593645543728,0.05,-0.3999999999999999,-1.1500000000000004,2.0,14.0,0,1,4,0,5,23,4,4,19,4
2000886,1.0,0.05,0.9,-1.6442031249999998,-1.5999999999999996,0.04420312500000001,-11,44.203125,5.703125,0.1875,0.015625,0.03125,0.5677419354838714,0.5532258064516127,0.9840191880991005,0.05113803598520703,0.9522650606187065,0.05,-0.25,-1.3499999999999999,2.0,11.0,0,0,5,0,4,26,1,4,22,2
2000887,0.0,0.05,0.9,5.94365625,5.95,0.006343750000000004,-5,6.34375,2.09375,0.140625,0.0625,0.03125,0.5677419354838714,0.5072580645161289,0.4335699421351428,0.0500315552780502,0.028965683196572455,0.05000000000000001,-0.9000000000000001,6.85,4.0,9.0,2,0,5,0,5,40,0,1,9,2
2000888,1.0,0.05,0.9,-2.483296875,-2.4000000000000004,0.08329687499999999,-14,83.296875,8.046875,0.234375,0.015625,0.03125,0.5387096774193553,0.5822580645161285,0.993589747312975,0.06734843438988555,0.9742929578567704,0.05000000000000001,-0.7999999999999998,-1.5999999999999999,4.0,12.0,0,0,5,0,5,13,5,4,30,2
2000889,0.0,0.05,0.9,3.5979218749999995,3.5999999999999996,0.002078125000000001,0,2.078125,0.984375,0.125,0.125,0.0625,0.5666666666666672,0.505,0.6306448936606943,0.05012820999210476,0.001044891614175635,0.05,-1.5,5.1,5.0,11.0,1,0,8,0,4,36,1,2,8,4
2000890,0.0,0.05,0.9,6.194703124999999,6.199999999999999,0.005296875000000004,-5,5.296875,1.828125,0.171875,0.09375,0.078125,0.5525423728813562,0.5177966101694913,0.6797625019074592,0.050976639554374495,0.03498278350642047,0.049999999999999996,-1.65,7.85,5.0,12.0,1,0,10,0,7,23,0,5,13,5
2000891,0.0,0.05,0.9,6.833999999999999,6.849999999999999,0.01600000000000001,-6,16.0,3.65625,0.1875,0.09375,0.0625,0.5433333333333336,0.5449999999999997,0.5331131094523798,0.050442767948758335,0.031378244094241434,0.05,-1.4000000000000001,8.249999999999998,4.0,14.0,0,1,6,1,4,23,2,6,17,4
2000892,1.0,0.05,0.9,-2.8495625000000007,-2.8000000000000007,0.049562500000000016,-13,49.5625,6.46875,0.21875,0.015625,0.046875,0.5409836065573773,0.5540983606557375,0.9829785038840114,0.05339815010412116,0.9556769883480524,0.05,-0.25,-2.55,2.0,13.0,0,1,2,0,6,27,4,3,18,3
2000893,0.0,0.05,0.9,7.0385,7.05,0.011500000000000005,-6,11.5,2.5625,0.171875,0.078125,0.0625,0.5766666666666672,0.5024999999999998,0.5270231211217081,0.05088715369799603,0.0187456541043065,0.05,-0.95,8.0,4.0,12.0,1,0,12,0,4,29,0,1,13,4
2000894,0.0,0.05,0.9,5.779078125,5.8,0.020921875000000003,-7,20.921875,3.984375,0.140625,0.03125,0.015625,0.5650793650793654,0.5166666666666664,0.7061278854053621,0.05000326552070703,0.3731842732251608,0.05,0.0,5.8,0.0,11.0,0,0,7,0,8,34,1,1,12,1
2000895,1.0,0.05,0.9,-1.3919062499999997,-1.3499999999999996,0.04190625000000001,-11,41.90625,5.84375,0.21875,0.046875,0.03125,0.5516129032258068,0.558064516129032,0.9748896569705602,0.054875766572373405,0.8482556970571651,0.05,-0.40000000000000013,-0.95,3.0,14.0,0,1,5,1,5,20,2,3,25,2
2000896,0.0,0.05,0.9,5.931125,5.95,0.01887500000000001,-6,18.875,3.46875,0.140625,0.046875,0.046875,0.5475409836065577,0.524590163934426,0.4915489133228325,0.05001246573510398,0.09716126652176076,0.05,-0.04999999999999999,6.0,1.0,11.0,1,0,4,0,6,35,3,2,10,3
2000897,1.0,0.05,0.9,-1.7893125,-1.75,0.0393125,-9,39.3125,5.5625,0.171875,0.03125,0.03125,0.5451612903225811,0.5459677419354836,0.8978809527695618,0.050061783283723994,0.686502016222688,0.049999999999999996,-0.050000000000000044,-1.7000000000000002,1.0,12.0,1,0,5,0,9,22,1,4,20,2
2000898,1.0,0.05,0.9,-1.4492031250000004,-1.4000000000000004,0.049203125000000014,-12,49.203125,6.296875,0.203125,0.015625,0.0,0.5468750000000003,0.5585937499999997,0.9967745270745274,0.05723613600486892,0.9883709108623955,0.050000000000000024,-0.55,-0.8499999999999999,5.0,9.0,1,0,4,1,5,23,3,2,25,0
2000899,0.0,0.05,0.9,6.496937499999999,6.499999999999999,0.003062500000000002,-4,3.0625,1.46875,0.1875,0.125,0.109375,0.5508771929824564,0.5184210526315787,0.3887713843157075,0.05468442813799739,0.0014626927681174674,0.05,-0.95,7.45,4.0,16.0,1,0,8,0,6,26,0,6,10,7
2000900,1.0,0.05,0.9,0.031796875000000696,0.05000000000000071,0.01820312500000001,-6,18.203125,3.609375,0.15625,0.0625,0.015625,0.558730158730159,0.5380952380952377,0.5931815325037174,0.050016814935523915,0.11016727726530659,0.05,-0.19999999999999996,0.24999999999999978,1.0,13.0,0,1,5,0,7,28,2,1,19,1
2000901,0.0,0.05,0.9,4.947828124999999,4.949999999999999,0.002171875000000001,-3,2.171875,1.078125,0.140625,0.09375,0.046875,0.5573770491803284,0.5073770491803279,0.6244273722811455,0.05012585699357231,0.013779312223780186,0.049999999999999996,-0.75,5.699999999999999,3.0,12.0,0,0,8,0,7,35,2,2,7,3
2000902,0.0,0.05,0.9,7.877015624999999,7.8999999999999995,0.02298437500000001,-8,22.984375,3.953125,0.171875,0.046875,0.046875,0.5639344262295087,0.5467213114754095,0.9337973029027734,0.0506214866360722,0.6290944801795929,0.05,-0.7000000000000001,8.6,2.0,12.0,0,1,6,1,4,23,1,2,23,3
2000903,0.0,0.05,0.9,5.179921874999999,5.199999999999999,0.020078125000000016,-6,20.078125,3.953125,0.125,0.03125,0.03125,0.5645161290322585,0.5169354838709675,0.6627544565711161,0.050001892759242626,0.32360777247647277,0.05,-0.2,5.3999999999999995,1.0,9.0,0,0,7,0,5,36,3,0,11,2
2000904,1.0,0.05,0.9,-1.2478906249999993,-1.1999999999999993,0.04789062500000001,-11,47.890625,5.921875,0.1875,0.015625,0.015625,0.5492063492063497,0.564285714285714,0.9961460647654232,0.05375289284221191,0.9847654019516686,0.05000000000000001,-0.10000000000000009,-1.1,2.0,11.0,0,0,3,1,5,24,3,3,24,1
2000905,0.0,0.05,0.9,3.837999999999999,3.849999999999999,0.012000000000000009,-4,12.0,3.25,0.09375,0.03125,0.109375,0.5649122807017548,0.5078947368421053,0.6458309760960591,0.050002815619522765,0.2880695514571242,0.05000000000000001,-0.55,4.3999999999999995,2.0,6.0,0,1,6,0,2,38,2,3,5,7
2000906,0.0,0.05,0.9,6.939765625,6.949999999999999,0.010234375000000004,-6,10.234375,2.484375,0.171875,0.078125,0.0625,0.5500000000000004,0.5324999999999996,0.5105254247737384,0.05039536316390279,0.031201766843334346,0.05,-0.9500000000000002,7.8999999999999995,4.0,12.0,0,0,7,1,5,27,1,6,13,4
2000907,1.0,0.05,0.9,-0.8336875000000007,-0.8000000000000007,0.0336875,-8,33.6875,5.375,0.1875,0.0625,0.046875,0.554098360655738,0.5442622950819668,0.9101555560588459,0.050625001286595944,0.48998801420032334,0.05,0.0,-0.8000000000000003,0.0,16.0,0,2,6,1,2,24,2,4,20,3
2000908,0.0,0.05,0.9,7.7891875,7.8,0.010812500000000008,-7,10.8125,2.59375,0.203125,0.09375,0.09375,0.5482758620689657,0.5103448275862068,0.45903476410355615,0.05332404444171597,0.012661791547516114,0.05,-0.95,8.75,4.0,15.0,1,1,10,1,7,22,0,3,13,6
2000909,0.0,0.05,0.9,8.02540625,8.049999999999999,0.024593750000000015,-8,24.59375,4.4375,0.203125,0.078125,0.03125,0.5193548387096775,0.5629032258064512,0.6481314613097913,0.050391148108449246,0.08482523189837363,0.05,-0.75,8.8,3.0,15.0,1,1,4,0,8,16,3,8,21,2
2000910,1.0,0.05,0.9,-0.04424999999999823,1.7763568394002505e-15,0.044250000000000005,-8,44.25,5.9375,0.171875,0.046875,0.046875,0.550819672131148,0.5516393442622947,0.9483040843764936,0.050874221163606806,0.6504540490120957,0.05,-0.7,0.7,5.0,9.0,2,0,5,0,5,21,0,6,22,3
2000911,1.0,0.05,0.9,-1.2111093750000004,-1.1500000000000004,0.06110937500000003,-12,61.109375,6.921875,0.234375,0.046875,0.03125,0.5548387096774198,0.558064516129032,0.9889513499583538,0.07663934937713979,0.9038817651193005,0.05,-0.75,-0.40000000000000036,5.0,13.0,0,2,5,0,3,21,3,3,25,2
2000912,1.0,0.05,0.9,-3.578734375,-3.5,0.078734375,-15,78.734375,7.671875,0.234375,0.0,0.046875,0.5278688524590168,0.5614754098360651,0.9899337393981167,0.057569579774149,0.980284016395766,0.049999999999999996,-0.25,-3.250000000000001,2.0,13.0,0,0,6,0,5,19,5,7,19,3
2000913,1.0,0.05,0.9,-1.8899531250000015,-1.8500000000000014,0.03995312500000001,-10,39.953125,5.671875,0.171875,0.015625,0.015625,0.555555555555556,0.5357142857142855,0.9679468100754661,0.050161976892143634,0.9251278788766468,0.05,-0.19999999999999996,-1.6499999999999997,1.0,11.0,0,0,4,0,8,32,2,2,15,1
2000914,0.0,0.05,0.9,5.838046875,5.85,0.011953125000000009,-4,11.953125,3.078125,0.1875,0.125,0.078125,0.522033898305085,0.5355932203389827,0.27343187654294576,0.05086350850761151,0.001562078240030832,0.05000000000000001,-0.8,6.65,4.0,16.0,0,2,8,1,7,17,4,4,16,5
2000915,1.0,0.05,0.9,-1.756375000000003,-1.7000000000000028,0.05637500000000002,-13,56.375,7.09375,0.234375,0.03125,0.0,0.5406250000000005,0.5609374999999998,0.986684940302671,0.059775070645042144,0.9132159248494748,0.049999999999999996,-0.8999999999999999,-0.8,5.0,12.0,0,1,4,0,5,23,4,5,22,0
2000916,0.0,0.05,0.9,7.092468749999999,7.1,0.007531250000000005,-6,7.53125,2.15625,0.15625,0.0625,0.046875,0.5639344262295086,0.5221311475409836,0.7079483177183554,0.05027236152074734,0.09289705775033243,0.05000000000000001,-0.8,7.9,4.0,10.0,0,0,8,0,7,29,1,2,14,3
2000917,0.0,0.05,0.9,5.036671875,5.05,0.01332812500000001,-4,13.328125,3.453125,0.140625,0.078125,0.0625,0.546666666666667,0.5249999999999999,0.21624937072248748,0.05000885840890544,0.007732514156203832,0.05,-0.4,5.449999999999999,2.0,12.0,2,0,6,2,6,26,0,2,16,4
2000918,1.0,0.05,0.9,-3.505203125000002,-3.400000000000002,0.10520312499999998,-14,105.203125,9.453125,0.21875,0.0,0.046875,0.5573770491803284,0.5836065573770487,0.9911956053759556,0.053546044396395265,0.9830739934915205,0.05,-0.25,-3.1500000000000004,2.0,12.0,0,2,2,0,3,16,2,4,32,3
2000919,1.0,0.05,0.9,-3.2620781249999995,-3.1999999999999993,0.06207812500000002,-13,62.078125,7.046875,0.21875,0.015625,0.015625,0.5587301587301592,0.5595238095238092,0.9730264705463602,0.05080218262389805,0.9280725372817217,0.05,-0.34999999999999987,-2.8499999999999996,2.0,13.0,1,2,4,0,4,20,1,3,28,1
2000920,0.0,0.05,0.9,10.68459375,10.75,0.06540625,-13,65.40625,7.1875,0.21875,0.015625,0.03125,0.5645161290322587,0.5532258064516127,0.9900011876419589,0.05595263043023162,0.9685341939328672,0.05000000000000002,-0.35000000000000003,11.1,1.0,14.0,0,0,4,0,5,27,1,4,21,2
2000921,1.0,0.05,0.9,-0.7708125000000009,-0.7500000000000009,0.020812500000000015,-8,20.8125,4.03125,0.171875,0.046875,0.046875,0.550819672131148,0.5368852459016392,0.8576976136817158,0.050150532686846515,0.4621809740373121,0.05,-1.1,0.34999999999999987,4.0,10.0,0,1,6,0,3,29,2,7,13,3
2000922,0.0,0.05,0.9,12.250671875,12.35,0.09932812499999998,-14,99.328125,9.109375,0.234375,0.015625,0.015625,0.5523809523809529,0.5785714285714282,0.999397247020356,0.14198378598357764,0.9955360406898098,0.05,0.0,12.35,0.0,16.0,1,0,2,1,3,20,1,6,29,1
2000923,0.0,0.05,0.9,2.5444218750000003,2.5500000000000003,0.005578125000000003,1,5.578125,2.015625,0.109375,0.125,0.015625,0.5682539682539688,0.5142857142857141,0.6820103967501696,0.05001659208448373,0.0022816822966371182,0.05,-1.8000000000000003,4.3500000000000005,5.0,10.0,1,1,8,0,3,34,0,4,12,1
2000924,1.0,0.05,0.9,-1.2373750000000021,-1.1500000000000021,0.08737499999999997,-14,87.375,8.75,0.265625,0.046875,0.015625,0.5428571428571431,0.5904761904761899,0.9990830965483344,0.21472660724292053,0.9695794699923581,0.05000000000000001,-0.10000000000000009,-1.0500000000000003,2.0,18.0,0,0,4,0,7,10,2,7,33,1
2000925,1.0,0.05,0.9,-0.7063281250000004,-0.6500000000000004,0.05632812500000002,-13,56.328125,5.640625,0.25,0.046875,0.015625,0.5714285714285717,0.5571428571428566,0.9986238807050158,0.1943373823283514,0.9620425875855179,0.05,-1.0500000000000003,0.40000000000000013,8.0,11.0,0,0,5,0,6,23,0,3,26,1
2000926,1.0,0.05,0.9,-1.3927656249999996,-1.3499999999999996,0.04276562500000001,-10,42.765625,5.703125,0.1875,0.03125,0.0,0.5312500000000004,0.5632812499999996,0.9845424006082464,0.050645691053328536,0.9364731093024963,0.05,-0.050000000000000044,-1.3000000000000003,1.0,13.0,1,1,4,0,4,21,5,5,23,0
2000927,1.0,0.05,0.9,-2.597187500000001,-2.5500000000000007,0.04718750000000002,-11,47.1875,5.96875,0.171875,0.0,0.046875,0.5475409836065578,0.5467213114754094,0.9810945374848486,0.050224413516577866,0.967979223628873,0.05,-0.6000000000000001,-1.95,3.0,8.0,0,0,5,1,4,27,4,2,18,3
2000928,1.0,0.05,0.9,-1.556203125000002,-1.5000000000000018,0.05620312500000002,-12,56.203125,7.046875,0.234375,0.046875,0.03125,0.5354838709677423,0.5604838709677415,0.9630737515683656,0.0570026879209083,0.7392774911524799,0.05000000000000001,-1.0,-0.5000000000000002,5.0,13.0,0,2,5,0,5,18,4,5,23,2
2000929,0.0,0.05,0.9,7.862203124999999,7.899999999999999,0.03779687500000001,-8,37.796875,5.671875,0.203125,0.078125,0.046875,0.5377049180327872,0.568852459016393,0.7716107457235296,0.05071087571969823,0.1532181236925917,0.049999999999999996,-0.3,8.2,1.0,17.0,0,1,6,0,5,14,2,9,24,3
2000930,0.0,0.05,0.9,9.166484375000001,9.200000000000001,0.03351562500000001,-8,33.515625,4.703125,0.203125,0.078125,0.109375,0.5508771929824565,0.5236842105263155,0.1333156520848583,0.051750893624801245,0.00223228119586237,0.05,-0.65,9.85,4.0,14.0,0,1,10,1,6,19,1,3,16,7
2000931,1.0,0.05,0.9,-0.51740625,-0.5,0.01740625000000001,-7,17.40625,3.78125,0.140625,0.03125,0.03125,0.5709677419354843,0.5314516129032256,0.9095861231243794,0.050046223843702484,0.6976641151287875,0.05000000000000001,-0.3999999999999999,-0.09999999999999987,2.0,9.0,0,0,5,0,5,34,1,2,15,2
2000932,1.0,0.05,0.9,-1.6410468749999996,-1.5999999999999996,0.04104687500000002,-10,41.046875,5.734375,0.1875,0.03125,0.03125,0.541935483870968,0.5435483870967739,0.9543829533168996,0.050455285583901346,0.8356689963109261,0.05000000000000001,-0.6499999999999999,-0.95,3.0,11.0,1,0,8,0,2,24,4,6,17,2
2000933,1.0,0.05,0.9,-2.3552968750000027,-2.3000000000000025,0.05529687500000004,-12,55.296875,6.515625,0.203125,0.015625,0.03125,0.5419354838709681,0.5459677419354835,0.9758721694595773,0.051011241309558,0.9252640559941617,0.05,-0.3500000000000001,-1.9500000000000002,1.0,13.0,0,0,7,0,7,22,5,1,20,2
2000934,1.0,0.05,0.9,-2.535531249999999,-2.4499999999999993,0.08553124999999999,-14,85.53125,8.28125,0.234375,0.015625,0.046875,0.5311475409836068,0.5811475409836061,0.9943332330458784,0.07478593781549905,0.9762450608751782,0.049999999999999996,-1.0,-1.45,7.0,9.0,0,1,3,1,4,15,3,8,26,3
2000935,0.0,0.05,0.9,8.326859375,8.35,0.023140625000000015,-8,23.140625,4.046875,0.171875,0.046875,0.0625,0.5533333333333336,0.5549999999999996,0.9763320979937051,0.05290931938302961,0.8017377473606399,0.05,-0.6,8.95,2.0,12.0,0,0,5,0,7,21,3,1,23,4
2000936,0.0,0.05,0.9,6.8224687500000005,6.8500000000000005,0.027531250000000014,-8,27.53125,4.71875,0.15625,0.03125,0.0,0.5562500000000005,0.5398437499999997,0.9484838868060025,0.05004900237318465,0.8098247004361508,0.049999999999999996,-0.35000000000000003,7.2,1.0,11.0,2,1,3,1,5,29,0,2,21,0
2000937,1.0,0.05,0.9,-2.4488281250000012,-2.3500000000000014,0.09882812499999996,-15,98.828125,9.015625,0.28125,0.046875,0.03125,0.5354838709677423,0.5725806451612899,0.9967133469789728,0.17844608139681367,0.9414006355499104,0.05000000000000001,-0.95,-1.4,6.0,15.0,0,4,1,0,5,17,3,5,27,2
2000938,0.0,0.05,0.9,5.540484375,5.55,0.009515625000000005,-4,9.515625,2.703125,0.140625,0.078125,0.046875,0.5442622950819677,0.5295081967213113,0.2759166428900202,0.050012147529415164,0.009980277013167423,0.049999999999999996,-1.0,6.55,5.0,9.0,0,2,2,1,8,32,1,3,12,3
2000939,0.0,0.05,0.9,5.595421875,5.6000000000000005,0.0045781250000000015,-4,4.578125,1.453125,0.125,0.0625,0.046875,0.5475409836065577,0.5122950819672129,0.5494255519077712,0.05004476931019751,0.03084896485268604,0.05,-0.6000000000000001,6.2,3.0,9.0,1,1,8,0,4,32,3,3,9,3
2000940,0.0,0.05,0.9,4.640515624999997,4.649999999999998,0.009484375000000007,-2,9.484375,2.828125,0.15625,0.125,0.046875,0.5508196721311479,0.5344262295081965,0.46552031838431807,0.050259392037032675,0.002650816091862578,0.049999999999999996,-1.7,6.35,6.0,12.0,1,0,5,0,2,33,2,7,11,3
2000941,0.0,0.05,0.9,6.870687499999999,6.899999999999999,0.02931250000000001,-6,29.3125,4.96875,0.171875,0.078125,0.03125,0.5419354838709681,0.5290322580645158,0.49948543793947503,0.0501175351506252,0.0326192424554325,0.05,-0.7,7.599999999999999,3.0,13.0,1,2,4,1,7,28,1,3,15,2
2000942,0.0,0.05,0.9,9.631906250000002,9.700000000000001,0.06809375000000001,-11,68.09375,7.40625,0.21875,0.046875,0.015625,0.5523809523809527,0.5690476190476186,0.9683915304591292,0.0529448302286137,0.792818887384781,0.05000000000000001,-0.65,10.350000000000001,2.0,15.0,2,0,6,1,3,14,1,4,32,1
2000943,1.0,0.05,0.9,-0.4952499999999993,-0.4499999999999993,0.04525000000000001,-10,45.25,5.6875,0.203125,0.046875,0.03125,0.5354838709677422,0.5604838709677414,0.9806461022118027,0.05623333248665329,0.8492881067739396,0.05,-0.3500000000000001,-0.09999999999999987,4.0,12.0,1,1,5,0,4,19,1,11,20,2
2000944,0.0,0.05,0.9,4.546328124999999,4.549999999999999,0.0036718750000000024,-2,3.671875,1.671875,0.125,0.09375,0.0625,0.5600000000000005,0.49500000000000005,0.18617240055026463,0.050031693238841685,0.0008781379679310595,0.05000000000000001,-0.4,4.949999999999998,2.0,12.0,0,0,9,2,5,37,1,1,5,4
2000945,1.0,0.05,0.9,-0.41020312499999967,-0.34999999999999964,0.06020312500000002,-10,60.203125,7.046875,0.203125,0.046875,0.03125,0.5548387096774199,0.5749999999999996,0.9304348908234804,0.05222121408177323,0.5858447722099335,0.05,-0.5999999999999999,0.2500000000000002,4.0,12.0,1,0,2,0,2,23,2,6,26,2
2000946,0.0,0.05,0.9,7.4208125,7.45,0.029187500000000005,-8,29.1875,4.875,0.15625,0.03125,0.03125,0.5645161290322587,0.5387096774193547,0.9673957398522849,0.050270055710990316,0.8702346061845202,0.05000000000000001,-0.35000000000000003,7.8,1.0,11.0,0,0,4,0,5,33,0,6,14,2
2000947,0.0,0.05,0.9,7.215156249999999,7.249999999999999,0.03484375000000001,-6,34.84375,5.3125,0.1875,0.09375,0.046875,0.5475409836065577,0.5614754098360653,0.48640938811024304,0.05029759057084225,0.02513579923523654,0.049999999999999996,-1.05,8.299999999999999,4.0,14.0,0,0,4,0,9,19,0,7,22,3
2000948,1.0,0.05,0.9,-2.1317812500000004,-2.1000000000000005,0.03178125000000001,-10,31.78125,4.8125,0.15625,0.0,0.03125,0.5451612903225812,0.543548387096774,0.9483111696887127,0.050044399194612024,0.9221828955837866,0.05000000000000001,-0.19999999999999996,-1.8999999999999997,1.0,9.0,0,0,3,0,3,35,5,4,12,2
2000949,0.0,0.05,0.9,6.8175156249999995,6.85,0.03248437500000002,-7,32.484375,4.984375,0.15625,0.046875,0.046875,0.5409836065573774,0.5614754098360653,0.8745219301706431,0.0501076640373782,0.5118400140523568,0.05,-1.1,7.95,3.0,10.0,0,0,1,0,7,27,3,5,18,3
2000950,0.0,0.05,0.9,6.389328125000001,6.400000000000001,0.010671875000000006,-6,10.671875,2.546875,0.1875,0.09375,0.0625,0.5333333333333334,0.5024999999999998,0.46833556683180566,0.05049938043460321,0.015141826040674107,0.05,-0.75,7.15,3.0,15.0,1,1,9,0,11,26,2,2,8,4
2000951,0.0,0.05,0.9,6.229859375000001,6.250000000000001,0.020140625000000013,-6,20.140625,4.078125,0.140625,0.046875,0.046875,0.5639344262295086,0.5319672131147539,0.8386298048978525,0.05006391584054881,0.38804375256661877,0.05,-0.55,6.800000000000001,2.0,10.0,0,0,5,0,7,31,1,2,15,3
2000952,0.0,0.05,0.9,6.233765624999999,6.249999999999999,0.01623437500000001,-7,16.234375,3.140625,0.140625,0.03125,0.0625,0.5733333333333338,0.5199999999999998,0.858658609781469,0.05003691050357147,0.569734507126648,0.05,-0.55,6.799999999999999,2.0,9.0,0,1,7,0,2,34,0,5,11,4
2000953,0.0,0.05,0.9,7.49225,7.5,0.007750000000000005,-5,7.75,2.53125,0.1875,0.109375,0.03125,0.5451612903225809,0.5024193548387096,0.5260563554015615,0.05450711836387933,0.0030359208423140754,0.05,-1.1,8.6,5.0,14.0,3,2,7,0,7,30,0,2,11,2
2000954,0.0,0.05,0.9,6.434218750000001,6.450000000000001,0.015781250000000007,-5,15.78125,3.15625,0.171875,0.09375,0.0,0.5343750000000003,0.5328124999999997,0.7933381391127072,0.05059972530743463,0.06024105760732684,0.049999999999999996,-1.6000000000000003,8.05,5.0,12.0,0,1,5,2,6,30,2,6,12,0
2000955,0.0,0.05,0.9,5.733671874999999,5.749999999999999,0.016328125000000013,-6,16.328125,3.640625,0.140625,0.046875,0.078125,0.5694915254237293,0.5152542372881355,0.7355581909270328,0.05004736722388887,0.2792586948824852,0.05,-0.5,6.249999999999999,2.0,10.0,0,0,6,0,6,35,1,1,10,5
2000956,1.0,0.05,0.9,0.2684687500000007,0.3000000000000007,0.03153125,-8,31.53125,5.15625,0.203125,0.078125,0.046875,0.5344262295081968,0.5590163934426229,0.9272401153461312,0.05632344209924325,0.3696879700535593,0.05,-0.1499999999999999,0.4499999999999995,1.0,17.0,1,0,4,0,8,19,2,6,21,3
2000957,1.0,0.05,0.9,-0.09551562499999894,-0.049999999999998934,0.04551562500000001,-9,45.515625,6.203125,0.203125,0.0625,0.03125,0.5516129032258068,0.5508064516129029,0.9413228614384852,0.05367905483355347,0.5340484754833339,0.05,-0.7000000000000002,0.6500000000000001,3.0,14.0,0,0,8,0,6,19,1,7,21,2
2000958,1.0,0.05,0.9,-2.1654531249999995,-2.0999999999999996,0.06545312500000003,-12,65.453125,7.328125,0.25,0.0625,0.0625,0.5233333333333337,0.5849999999999995,0.955074810944407,0.06371704642041794,0.6927688172473919,0.05,0.0,-2.1000000000000005,0.0,20.0,0,1,3,0,5,13,5,7,26,4
2000959,0.0,0.05,0.9,8.843734374999999,8.899999999999999,0.05626562500000001,-9,56.265625,7.140625,0.203125,0.0625,0.015625,0.5460317460317464,0.5619047619047617,0.639176535958282,0.050376708561934345,0.09072327201152036,0.049999999999999996,-0.6000000000000001,9.5,3.0,14.0,0,0,6,1,7,17,1,6,25,1
2000960,0.0,0.05,0.9,5.485656250000001,5.500000000000001,0.014343750000000011,-4,14.34375,3.21875,0.140625,0.078125,0.03125,0.5516129032258067,0.5193548387096772,0.7379679631981367,0.050127256389352615,0.06848493227117122,0.050000000000000024,-1.3,6.800000000000001,4.0,10.0,0,2,5,0,5,35,2,4,9,2
2000961,0.0,0.05,0.9,2.64709375,2.65,0.002906250000000002,-2,2.90625,1.59375,0.0625,0.03125,0.0,0.5718750000000006,0.50234375,0.5435072569287632,0.05000006109129538,0.16039002516114664,0.05,-0.4,3.05,2.0,4.0,0,0,4,2,3,50,1,0,4,0
2000962,0.0,0.05,0.9,3.0984687499999994,3.0999999999999996,0.001531250000000001,1,1.53125,1.09375,0.09375,0.109375,0.046875,0.5770491803278693,0.4877049180327869,0.21576629240847875,0.05005109387956388,0.00012685504502112755,0.05000000000000001,-0.8500000000000001,3.95,5.0,8.0,0,1,9,0,2,44,1,2,2,3
2000963,0.0,0.05,0.9,6.337953124999999,6.35,0.012046875000000007,-6,12.046875,3.015625,0.140625,0.046875,0.03125,0.5645161290322585,0.5193548387096772,0.7201584782185192,0.050032528107797895,0.21976331978682973,0.05,-0.75,7.1,3.0,9.0,0,1,5,0,4,38,2,2,10,2
2000964,1.0,0.05,0.9,-0.5253125000000008,-0.5000000000000009,0.02531250000000001,-7,25.3125,4.625,0.140625,0.03125,0.015625,0.5619047619047624,0.5452380952380951,0.8188940971711675,0.050011324260081966,0.4796365226919684,0.05,0.0,-0.5,0.0,11.0,0,0,3,0,7,31,2,1,19,1
2000965,0.0,0.05,0.9,7.3392968750000005,7.3500000000000005,0.010703125000000008,-6,10.703125,2.671875,0.1875,0.09375,0.015625,0.5492063492063496,0.5285714285714282,0.5172979404502569,0.05084460149812255,0.015493720255997942,0.05,-1.4000000000000001,8.750000000000002,5.0,13.0,0,0,9,0,8,25,2,4,15,1
2000966,1.0,0.05,0.9,-2.937750000000001,-2.8500000000000014,0.08774999999999998,-14,87.75,8.28125,0.21875,0.0,0.0,0.5312500000000004,0.5703124999999996,0.9964149243627902,0.05518917065463699,0.9922845543388971,0.05,-0.3500000000000001,-2.4999999999999996,4.0,10.0,2,1,3,2,4,16,3,3,30,0
2000967,0.0,0.05,0.9,5.5290156249999995,5.55,0.020984375000000013,-6,20.984375,4.328125,0.125,0.03125,0.03125,0.5645161290322586,0.514516129032258,0.7745973090442739,0.050006152248378934,0.3984945896420699,0.05,-0.4,5.95,2.0,8.0,0,1,4,1,5,40,1,1,9,2
2000968,1.0,0.05,0.9,-1.8439843750000007,-1.8000000000000007,0.04398437500000002,-12,43.984375,5.546875,0.203125,0.015625,0.046875,0.5639344262295086,0.5442622950819669,0.995543921245267,0.05898750472662594,0.9845051636565838,0.05,-0.9000000000000001,-0.9000000000000001,5.0,9.0,0,0,4,0,7,28,1,2,19,3
2000969,1.0,0.05,0.9,-2.234375,-2.2,0.03437500000000002,-10,34.375,4.90625,0.15625,0.0,0.046875,0.5475409836065578,0.5393442622950817,0.9445100550561444,0.0500502980233673,0.9174482905948484,0.05,-0.3999999999999999,-1.7999999999999998,2.0,8.0,0,0,3,0,4,35,5,2,12,3
2000970,1.0,0.05,0.9,-0.4649218750000002,-0.4500000000000002,0.01492187500000001,-7,14.921875,3.234375,0.15625,0.046875,0.015625,0.5523809523809529,0.5142857142857142,0.7222097917539098,0.050025397440429685,0.2523062067571236,0.05,0.0,-0.4500000000000002,0.0,13.0,1,0,7,0,9,32,2,0,12,1
2000971,0.0,0.05,0.9,5.946281250000001,5.950000000000001,0.0037187500000000007,-4,3.71875,1.21875,0.15625,0.09375,0.0625,0.5633333333333338,0.5074999999999998,0.35278495065531135,0.05021932528480278,0.004531837227433346,0.049999999999999996,-0.7,6.65,3.0,13.0,1,1,9,0,6,29,0,2,12,4
2000972,1.0,0.05,0.9,-0.6955781250000004,-0.6500000000000004,0.045578125000000025,-10,45.578125,5.921875,0.203125,0.046875,0.046875,0.5639344262295086,0.561475409836065,0.9814241448503446,0.05641698374690467,0.864789964209122,0.05,-0.44999999999999996,-0.2000000000000004,4.0,12.0,0,0,6,0,5,19,2,2,27,3
2000973,1.0,0.05,0.9,-1.1745937500000003,-1.1500000000000004,0.024593750000000015,-10,24.59375,4.15625,0.1875,0.03125,0.03125,0.5483870967741938,0.5241935483870965,0.9531523509517902,0.0508133444828206,0.8118256273576013,0.049999999999999996,-1.0,-0.1499999999999999,5.0,9.0,0,1,6,0,6,32,4,1,12,2
2000974,0.0,0.05,0.9,4.298046875,4.3,0.001953125000000001,-2,1.953125,1.265625,0.125,0.09375,0.078125,0.5593220338983056,0.49237288135593205,0.7014205919993729,0.05011887011771941,0.01015847327153547,0.049999999999999996,-1.5999999999999999,5.8999999999999995,6.0,8.0,2,0,10,0,5,33,1,1,7,5
2000975,1.0,0.05,0.9,-1.0687656250000002,-1.0,0.06876562500000005,-11,68.765625,7.328125,0.21875,0.046875,0.078125,0.522033898305085,0.5762711864406773,0.9846887175112827,0.07620963963389822,0.8869045395321727,0.05,-0.9999999999999998,-2.220446049250313e-16,7.0,10.0,0,0,5,0,8,11,4,7,24,5
2000976,1.0,0.05,0.9,-2.6638125000000015,-2.6000000000000014,0.06381250000000002,-13,63.8125,7.21875,0.21875,0.015625,0.046875,0.5409836065573774,0.5442622950819669,0.9939736209642138,0.0590603648905651,0.981887529236824,0.05000000000000001,-0.6500000000000001,-1.95,2.0,13.0,0,1,6,2,7,20,2,2,21,3
2000977,0.0,0.05,0.9,3.7464375000000008,3.750000000000001,0.0035625000000000014,-2,3.5625,1.28125,0.109375,0.078125,0.046875,0.5606557377049184,0.49508196721311487,0.2157485458431529,0.050004430853037844,0.0031804798043484476,0.049999999999999996,-1.05,4.8,5.0,7.0,1,0,8,0,7,38,1,1,5,3
2000978,1.0,0.05,0.9,-2.0120781249999995,-1.9499999999999993,0.062078125000000026,-12,62.078125,6.953125,0.203125,0.015625,0.046875,0.5540983606557381,0.5590163934426226,0.9924029938618002,0.05502427039200016,0.9756659579669117,0.05,-0.6500000000000001,-1.3,4.0,10.0,1,0,7,0,3,18,2,5,25,3
2000979,1.0,0.05,0.9,-3.3593437500000016,-3.2500000000000018,0.10934374999999996,-15,109.34375,9.34375,0.25,0.015625,0.046875,0.5245901639344266,0.5762295081967209,0.9718855728445077,0.06597063862348997,0.8778352171988714,0.05,-0.95,-2.3000000000000007,6.0,11.0,1,1,5,0,7,9,4,5,29,3
2000980,0.0,0.05,0.9,7.034281249999999,7.05,0.01571875000000001,-6,15.71875,3.59375,0.1875,0.09375,0.03125,0.5451612903225811,0.5290322580645158,0.45917289857381177,0.05026436519919086,0.01445654189797115,0.05,-0.75,7.8,3.0,15.0,1,2,8,0,6,22,3,1,19,2
2000981,0.0,0.05,0.9,5.293421874999999,5.299999999999999,0.006578125000000005,-3,6.578125,2.328125,0.125,0.078125,0.03125,0.5774193548387101,0.5024193548387096,0.30582917265686393,0.0500177317469679,0.004601195997912252,0.05,-0.75,6.049999999999999,4.0,9.0,0,0,9,0,7,36,0,0,10,2
2000982,0.0,0.05,0.9,10.770203125000002,10.850000000000001,0.07979687500000003,-12,79.796875,7.890625,0.25,0.0625,0.078125,0.5457627118644073,0.5711864406779656,0.9947090912947144,0.1665341578379575,0.8809598990089103,0.05,-1.1500000000000001,12.0,3.0,17.0,1,2,4,0,6,11,1,4,30,5
2000983,1.0,0.05,0.9,-2.1447343750000014,-2.1000000000000014,0.04473437500000002,-11,44.734375,6.046875,0.171875,0.0,0.03125,0.5483870967741941,0.5483870967741932,0.9914089574130723,0.05050295797553364,0.9839647094391077,0.05,-0.5000000000000002,-1.5999999999999999,4.0,7.0,0,0,4,0,7,27,3,3,18,2
2000984,0.0,0.05,0.9,7.3838906249999985,7.399999999999999,0.016109375000000013,-7,16.109375,3.640625,0.15625,0.046875,0.0625,0.5700000000000004,0.5299999999999997,0.8105510156801993,0.050237858455195766,0.29153052511672944,0.05,-0.6000000000000001,7.999999999999999,3.0,10.0,0,0,5,0,5,33,0,4,13,4
2000985,1.0,0.05,0.9,-2.5775,-2.5,0.07749999999999999,-13,77.5,7.96875,0.21875,0.015625,0.03125,0.5483870967741941,0.5774193548387093,0.9943472280423215,0.0572880746730345,0.9830587253212639,0.05,-0.8,-1.7000000000000002,5.0,10.0,0,0,3,0,6,18,3,4,28,2
2000986,1.0,0.05,0.9,-0.6672812500000004,-0.6500000000000004,0.017281250000000012,-6,17.28125,3.53125,0.125,0.03125,0.046875,0.5737704918032791,0.5024590163934426,0.6593202659092423,0.05000432810507815,0.2800820417538144,0.049999999999999996,-0.3999999999999999,-0.25,2.0,8.0,0,3,7,0,2,38,1,1,9,3
2000987,1.0,0.05,0.9,-3.0048749999999993,-2.9499999999999993,0.05487500000000002,-12,54.875,6.40625,0.1875,0.0,0.0,0.5281250000000003,0.5679687499999996,0.9756761184505858,0.05013915515492011,0.9595952904408759,0.05000000000000001,-1.4,-1.55,5.0,7.0,1,0,2,2,6,21,4,3,25,0
2000988,1.0,0.05,0.9,-2.3146406249999982,-2.2499999999999982,0.06464062500000002,-12,64.640625,7.203125,0.203125,0.015625,0.078125,0.5525423728813562,0.5610169491525421,0.9855898821770751,0.05426407093503615,0.9575852898113538,0.05000000000000001,-0.8,-1.45,5.0,9.0,1,0,4,0,6,19,1,4,24,5
2000989,1.0,0.05,0.9,-2.5760781250000018,-2.5000000000000018,0.07607812500000001,-14,76.078125,7.765625,0.25,0.03125,0.046875,0.5245901639344266,0.5737704918032782,0.9927352999092225,0.08463385730658096,0.9568388172868664,0.05,-0.3500000000000001,-2.1500000000000004,3.0,15.0,0,1,6,0,5,12,7,3,27,3
2000990,1.0,0.05,0.9,-0.7464375000000011,-0.7000000000000011,0.04643750000000003,-10,46.4375,6.15625,0.203125,0.046875,0.046875,0.5377049180327872,0.5663934426229504,0.980050464356413,0.055444276699895656,0.8582496550431655,0.05,-0.34999999999999987,-0.35000000000000053,2.0,14.0,0,1,2,0,9,19,3,3,24,3
2000991,0.0,0.05,0.9,7.879531249999999,7.8999999999999995,0.02046875000000001,-8,20.46875,4.15625,0.203125,0.078125,0.046875,0.5409836065573774,0.5491803278688522,0.5083361397900656,0.05023043198856042,0.043144911506599076,0.049999999999999996,-0.4,8.3,2.0,16.0,1,1,3,0,5,26,3,4,18,3
2000992,1.0,0.05,0.9,-0.7240937500000002,-0.7000000000000002,0.024093750000000018,-8,24.09375,4.125,0.15625,0.03125,0.03125,0.5612903225806457,0.5290322580645159,0.9453257889607576,0.050146103714727476,0.7821182638814451,0.05,-0.050000000000000044,-0.6499999999999999,1.0,11.0,0,0,6,0,8,30,1,2,15,2
2000993,0.0,0.05,0.9,6.81721875,6.8500000000000005,0.032781250000000005,-7,32.78125,5.3125,0.171875,0.0625,0.046875,0.5540983606557381,0.5393442622950817,0.7105430881181906,0.050111229495415736,0.15234039612517064,0.05,-1.1,7.95,4.0,11.0,1,0,7,0,7,22,2,1,21,3
2000994,1.0,0.05,0.9,-1.3406562500000008,-1.3000000000000007,0.04065625000000002,-11,40.65625,5.28125,0.203125,0.03125,0.015625,0.5428571428571433,0.571428571428571,0.9681400156626857,0.05131858698145831,0.8690092318859582,0.05,-0.25,-1.0499999999999998,1.0,14.0,0,0,3,0,6,21,3,6,24,1
2000995,0.0,0.05,0.9,7.37828125,7.3999999999999995,0.021718750000000012,-8,21.71875,3.6875,0.171875,0.046875,0.015625,0.5650793650793656,0.5309523809523806,0.650416646611741,0.05006482501031808,0.18318242860659464,0.05,-0.9500000000000002,8.35,3.0,11.0,0,2,7,0,2,30,2,3,17,1
2000996,0.0,0.05,0.9,5.8440625,5.85,0.0059375000000000035,-5,5.9375,1.84375,0.125,0.046875,0.078125,0.5728813559322038,0.49999999999999994,0.5590042299250245,0.05004788575361858,0.06696105088090376,0.049999999999999996,-0.4,6.249999999999999,2.0,9.0,0,0,10,0,3,36,2,1,7,5
2000997,0.0,0.05,0.9,4.693390624999998,4.699999999999998,0.006609375000000005,-4,6.609375,2.328125,0.109375,0.046875,0.0625,0.5800000000000005,0.4974999999999999,0.5727706914273872,0.05000668534581934,0.09300450554995955,0.05000000000000001,-0.4,5.099999999999999,2.0,8.0,0,1,5,0,5,44,0,0,5,4
2000998,0.0,0.05,0.9,5.8294375,5.85,0.020562500000000004,-6,20.5625,4.1875,0.140625,0.046875,0.015625,0.5523809523809527,0.519047619047619,0.7167327980523589,0.05001272252277015,0.2498563127275294,0.05,-0.55,6.3999999999999995,2.0,10.0,0,1,4,0,8,37,2,2,9,1
2000999,1.0,0.05,0.9,-2.7628906249999994,-2.6999999999999993,0.062890625,-13,62.890625,6.953125,0.203125,0.0,0.015625,0.5365079365079369,0.564285714285714,0.9911446214342949,0.051440879741766296,0.9831341122967462,0.05,-0.6499999999999999,-2.05,4.0,9.0,0,0,2,2,7,23,4,1,24,1
2001000,0.0,0.05,0.9,5.1360624999999995,5.1499999999999995,0.013937500000000009,-5,13.9375,3.1875,0.125,0.046875,0.0625,0.5700000000000004,0.5174999999999998,0.48904561716255707,0.05000435452012552,0.09595247341255134,0.05,-0.6000000000000001,5.75,3.0,8.0,0,0,7,1,2,36,1,3,10,4
2001001,1.0,0.05,0.9,-2.12384375,-2.0999999999999996,0.023843750000000007,-10,23.84375,3.21875,0.15625,0.0,0.0,0.5468750000000003,0.5351562499999996,0.9665245678533959,0.05003474606853164,0.94684413952995,0.05,-0.5999999999999999,-1.5,3.0,7.0,1,0,4,0,5,34,3,4,13,0
2001002,1.0,0.05,0.9,-1.295578125,-1.25,0.045578125000000025,-10,45.578125,5.984375,0.203125,0.046875,0.046875,0.5442622950819677,0.5418032786885243,0.9797337345996395,0.054119707512721396,0.8705106500379926,0.05,-0.5,-0.7500000000000002,4.0,12.0,1,0,7,1,6,21,1,5,19,3
2001003,1.0,0.05,0.9,-1.4040312499999996,-1.3499999999999996,0.05403125000000001,-12,54.03125,6.6875,0.21875,0.03125,0.046875,0.550819672131148,0.5737704918032784,0.9969813087773152,0.08303514023989002,0.9795285003283482,0.05,-0.55,-0.8000000000000003,4.0,12.0,1,0,2,0,4,21,2,5,26,3
2001004,1.0,0.05,0.9,-0.781671875,-0.75,0.03167187500000002,-8,31.671875,5.015625,0.140625,0.015625,0.03125,0.5612903225806457,0.5556451612903222,0.9727135573496779,0.05008536982269892,0.9186876149559658,0.05,-0.30000000000000004,-0.44999999999999996,2.0,8.0,0,0,3,0,5,28,2,3,21,2
2001005,1.0,0.05,0.9,-0.9819218750000002,-0.9500000000000002,0.031921875,-8,31.921875,5.265625,0.15625,0.03125,0.03125,0.545161290322581,0.5314516129032256,0.8806006425796364,0.05004389811769451,0.6203863480500987,0.05,-0.75,-0.20000000000000018,4.0,8.0,0,0,6,1,8,28,2,3,14,2
2001006,0.0,0.05,0.9,6.185625,6.2,0.014375000000000011,-6,14.375,3.40625,0.140625,0.046875,0.046875,0.5770491803278693,0.5196721311475409,0.8785692346981264,0.05010110559035032,0.4689798693997657,0.04999999999999999,-0.65,6.85,2.0,10.0,0,0,4,0,4,41,1,1,10,3
2001007,0.0,0.05,0.9,6.174078124999999,6.199999999999999,0.025921875000000014,-8,25.921875,4.703125,0.140625,0.015625,0.0625,0.5500000000000005,0.5224999999999999,0.870102341799299,0.05001467475103751,0.7568291384556995,0.05000000000000001,-0.45,6.649999999999999,1.0,9.0,0,1,5,1,5,33,2,3,10,4
2001008,1.0,0.05,0.9,-2.721749999999999,-2.6499999999999986,0.07175000000000001,-14,71.75,7.34375,0.21875,0.0,0.015625,0.5619047619047625,0.5619047619047615,0.9949024184464447,0.05662280478105826,0.9892822269539684,0.05000000000000001,-0.5,-2.1499999999999995,4.0,10.0,0,0,4,0,4,25,2,4,24,1
2001009,1.0,0.05,0.9,-2.553312500000002,-2.5000000000000018,0.053312500000000006,-12,53.3125,6.40625,0.203125,0.015625,0.03125,0.5516129032258068,0.5604838709677414,0.9873059485005276,0.05163505789507933,0.9663537508569348,0.05,-0.5,-2.0,4.0,10.0,1,0,5,0,5,20,2,4,25,2
2001010,1.0,0.05,0.9,-0.5940312500000007,-0.5500000000000007,0.04403125000000002,-10,44.03125,5.78125,0.1875,0.03125,0.078125,0.5457627118644072,0.5686440677966096,0.9951761904173101,0.06615073878309626,0.9699011140240104,0.05000000000000001,-0.20000000000000018,-0.34999999999999987,4.0,10.0,0,0,6,1,2,17,4,4,25,5
2001011,1.0,0.05,0.9,-0.07895312499999983,-0.04999999999999982,0.028953125000000007,-8,28.953125,4.921875,0.1875,0.0625,0.03125,0.5419354838709682,0.550806451612903,0.8650589007718181,0.05063928923043971,0.2970597125378578,0.049999999999999996,-0.5999999999999999,0.5499999999999998,4.0,12.0,1,0,3,1,4,28,4,2,19,2
2001012,1.0,0.05,0.9,0.23415624999999998,0.25,0.01584375000000001,-6,15.84375,3.5625,0.140625,0.046875,0.078125,0.555932203389831,0.5254237288135593,0.846327266694216,0.050142188745201925,0.3900700818920259,0.05,-0.95,1.2,4.0,8.0,0,0,6,1,2,34,3,3,10,5
2001013,1.0,0.05,0.9,-1.5695624999999997,-1.5499999999999998,0.019562500000000007,-7,19.5625,4.03125,0.125,0.015625,0.0625,0.5700000000000004,0.5224999999999999,0.7951731172722657,0.05000371929631257,0.6348969150969277,0.05,-0.8500000000000001,-0.7000000000000002,3.0,6.0,0,0,5,0,5,36,2,0,12,4
2001014,1.0,0.05,0.9,-2.189515625000001,-2.1500000000000012,0.039515625000000006,-10,39.515625,5.109375,0.15625,0.0,0.046875,0.5540983606557381,0.5442622950819669,0.9669864964446238,0.050082368568221895,0.9476943005703056,0.05,-0.19999999999999996,-1.95,2.0,8.0,0,0,2,0,9,30,1,3,16,3
2001015,1.0,0.05,0.9,-2.6372343750000007,-2.5500000000000007,0.08723437499999999,-15,87.234375,8.453125,0.25,0.015625,0.0,0.5375000000000005,0.5843749999999994,0.9982505981421078,0.09673504152525356,0.9919909295458135,0.05,-0.4500000000000002,-2.1,4.0,13.0,0,0,4,2,3,15,3,7,30,0
2001016,1.0,0.05,0.9,-0.38662499999999966,-0.34999999999999964,0.036625000000000005,-9,36.625,5.25,0.1875,0.046875,0.03125,0.541935483870968,0.5580645161290319,0.9755276520498734,0.05192542421745931,0.8347837018593679,0.05000000000000001,-0.6000000000000001,0.24999999999999978,3.0,12.0,0,0,4,0,8,22,4,2,22,2
2001017,1.0,0.05,0.9,-2.2280468749999986,-2.1499999999999986,0.078046875,-13,78.046875,8.015625,0.234375,0.03125,0.03125,0.516129032258065,0.5822580645161285,0.9913304669950603,0.06667091807334513,0.95178106054764,0.05000000000000001,-0.3500000000000001,-1.7999999999999998,3.0,14.0,2,2,3,0,0,14,7,6,28,2
2001018,0.0,0.05,0.9,5.7927656249999995,5.8,0.0072343750000000056,-4,7.234375,2.390625,0.140625,0.078125,0.046875,0.5672131147540987,0.5172131147540981,0.7649020281764178,0.05023732966214818,0.06276272472288233,0.05,-0.8500000000000001,6.6499999999999995,3.0,11.0,0,0,3,0,5,43,1,3,6,3
2001019,0.0,0.05,0.9,4.298375,4.3,0.0016250000000000008,-1,1.625,1.09375,0.171875,0.15625,0.109375,0.5473684210526318,0.4894736842105262,0.17715679799290243,0.05591556677773447,4.5404223821353386e-05,0.05000000000000002,-1.8,6.1,6.0,15.0,3,0,12,0,6,25,0,3,8,7
2001020,1.0,0.05,0.9,-0.7020312500000003,-0.6500000000000004,0.052031250000000015,-10,52.03125,6.71875,0.1875,0.03125,0.0,0.5531250000000004,0.5585937499999997,0.9886550440116905,0.05187612291134657,0.9439020411001195,0.05,-0.5999999999999999,-0.050000000000000044,3.0,11.0,0,0,3,0,8,25,2,3,23,0
2001021,1.0,0.05,0.9,-1.6457656249999997,-1.5999999999999996,0.045765625,-11,45.765625,5.921875,0.1875,0.015625,0.046875,0.5606557377049184,0.5540983606557375,0.9850845306736067,0.05163031665097651,0.956656374199168,0.05,-1.0499999999999998,-0.55,6.0,7.0,0,1,3,0,4,27,1,5,20,3
2001022,0.0,0.05,0.9,5.542359375,5.55,0.007640625000000006,-5,7.640625,2.296875,0.140625,0.0625,0.09375,0.5586206896551728,0.5051724137931033,0.7553894918977939,0.05024676467465869,0.14629699836489632,0.05000000000000001,-0.55,6.1,2.0,11.0,1,1,7,0,6,32,1,1,9,6
2001023,1.0,0.05,0.9,-1.3662499999999989,-1.299999999999999,0.06624999999999999,-12,66.25,7.4375,0.203125,0.015625,0.015625,0.5777777777777784,0.5595238095238093,0.9988807996128158,0.07146317946819766,0.9952484954950307,0.05,-0.3500000000000001,-0.9500000000000002,4.0,10.0,0,0,4,0,2,28,0,5,24,1
