episode,value,alpha,p,objective,profit,penalty,terminal_inventory,mean_q2,mean_abs_inventory,buy_rate,sell_rate,abstain_rate,mean_spread,mean_center,inferred_value,inferred_alpha,correct_value,correct_alpha,informed_profit,uninformed_profit,informed_exec,uninformed_exec,action_0,action_1,action_2,action_3,action_4,action_5,action_6,action_7,action_8,action_9
2000000,0.0,0.05,0.75,5.397296874999998,5.399999999999998,0.002703125000000002,0,2.703125,1.390625,0.140625,0.140625,0.03125,0.5967741935483878,0.5,0.5000000000000004,0.050848789214018794,0.022636021591953,0.05000000000000001,-1.0,6.399999999999999,5.0,13.0,0,0,0,0,1,61,0,0,0,2
2000001,1.0,0.05,0.75,-2.2969999999999957,-2.1999999999999957,0.09700000000000003,-16,97.0,8.625,0.28125,0.03125,0.046875,0.5934426229508203,0.49508196721311476,0.9926032122762665,0.21382616924594558,0.9779944711645722,0.049999999999999996,-1.1999999999999997,-0.9999999999999996,6.0,14.0,0,0,2,0,2,57,0,0,0,3
2000002,0.0,0.05,0.75,4.399203125,4.3999999999999995,0.0007968750000000003,-1,0.796875,0.640625,0.109375,0.09375,0.015625,0.5968253968253975,0.4976190476190476,0.2537472283747358,0.05001345052631839,0.03700375561960469,0.05,-0.25,4.6499999999999995,2.0,11.0,0,0,2,0,0,60,0,1,0,1
2000003,0.0,0.05,0.75,2.797765625,2.8,0.0022343750000000016,1,2.234375,1.265625,0.078125,0.09375,0.03125,0.5967741935483878,0.5024193548387097,0.4589502180019906,0.05000509005301499,0.05673450365356237,0.05,-0.6000000000000001,3.4000000000000004,3.0,8.0,0,0,0,0,1,60,0,0,1,2
2000004,1.0,0.05,0.75,-1.2229999999999985,-1.1499999999999986,0.07300000000000004,-11,73.0,8.125,0.203125,0.03125,0.015625,0.6000000000000008,0.4976190476190476,0.9200266222103612,0.05169616509805987,0.913215487424445,0.05,-0.7999999999999998,-0.34999999999999964,4.0,11.0,0,0,1,0,0,62,0,0,0,1
2000005,1.0,0.05,0.75,0.5650625000000014,0.6000000000000014,0.03493750000000001,-9,34.9375,5.375,0.203125,0.0625,0.015625,0.6000000000000008,0.5,0.8002263359778408,0.05648920891452085,0.7375577503853925,0.05,-0.3999999999999999,1.0000000000000007,2.0,15.0,0,0,0,0,0,63,0,0,0,1
2000006,0.0,0.05,0.75,6.0481718749999995,6.05,0.001828125000000001,-4,1.828125,1.015625,0.140625,0.078125,0.015625,0.5936507936507943,0.4952380952380953,0.5656566230183633,0.050095037135748643,0.2675985423063683,0.049999999999999996,-0.8,6.85,4.0,10.0,1,0,1,0,0,61,0,0,0,1
2000007,1.0,0.05,0.75,0.9941874999999991,0.9999999999999991,0.005812500000000004,-4,5.8125,2.09375,0.109375,0.046875,0.0,0.5968750000000007,0.50234375,0.637535442135479,0.05000392665528867,0.486980712899405,0.05,0.0,1.0000000000000004,0.0,10.0,0,0,0,0,0,63,0,1,0,0
2000008,0.0,0.05,0.75,5.939624999999999,5.949999999999998,0.010375000000000007,-2,10.375,2.9375,0.140625,0.109375,0.0,0.5937500000000007,0.5,0.28697044833054935,0.05010999073084761,0.03701803395887262,0.05,-0.65,6.599999999999999,4.0,12.0,0,0,1,0,0,62,1,0,0,0
2000009,1.0,0.05,0.75,-0.7427499999999976,-0.6999999999999975,0.04275000000000001,-12,42.75,5.15625,0.234375,0.046875,0.0,0.5968750000000007,0.49765625,0.9204942291798852,0.06724671236509426,0.9057988380884828,0.05,-1.2999999999999998,0.6000000000000005,6.0,12.0,0,0,1,0,1,62,0,0,0,0
2000010,0.0,0.05,0.75,4.047453125,4.05,0.0025468750000000005,1,2.546875,1.078125,0.109375,0.125,0.046875,0.5901639344262302,0.5,0.5538082722194866,0.050126505886852815,0.027527212587924836,0.05,-1.0,5.049999999999999,5.0,10.0,1,0,0,0,0,59,0,1,0,3
2000011,0.0,0.05,0.75,1.2920781250000002,1.3000000000000003,0.007921875000000005,5,7.921875,2.484375,0.0625,0.140625,0.015625,0.5968253968253975,0.5,0.38149583295595446,0.05006462006034279,0.00617148961037335,0.049999999999999996,-1.0,2.3,5.0,8.0,0,0,0,0,1,62,0,0,0,1
2000012,0.0,0.05,0.75,5.987734374999998,5.999999999999998,0.012265625000000007,-3,12.265625,3.328125,0.140625,0.09375,0.03125,0.5967741935483878,0.5024193548387097,0.5205599635295775,0.0501982834795712,0.16687361614635485,0.05,-0.6000000000000001,6.599999999999999,3.0,12.0,0,0,0,0,0,61,0,1,0,2
2000013,1.0,0.05,0.75,-0.21184375000000108,-0.20000000000000107,0.011843750000000009,-7,11.84375,2.9375,0.140625,0.03125,0.015625,0.5936507936507943,0.4976190476190476,0.8211176488790892,0.05004163317257772,0.7804930691475499,0.05000000000000001,-0.3999999999999999,0.2000000000000004,2.0,9.0,0,1,0,0,1,61,0,0,0,1
2000014,0.0,0.05,0.75,7.969156249999999,7.999999999999999,0.030843749999999996,-7,30.84375,4.46875,0.171875,0.0625,0.03125,0.6000000000000008,0.49032258064516127,0.7547697261335813,0.051667385838327196,0.6063046095870434,0.05,-0.6000000000000001,8.6,3.0,12.0,0,0,4,0,0,58,0,0,0,2
2000015,0.0,0.05,0.75,5.041140624999998,5.049999999999998,0.008859375000000006,-2,8.859375,2.765625,0.125,0.09375,0.0,0.6000000000000008,0.49765625,0.4826799689507213,0.05002620601282906,0.1164261465765757,0.05,-0.8,5.849999999999999,4.0,10.0,0,0,1,0,0,63,0,0,0,0
2000016,1.0,0.05,0.75,2.2030468750000036,2.2500000000000036,0.04695312499999999,-9,46.953125,6.453125,0.25,0.109375,0.0,0.5968750000000007,0.49765625,0.8541162122691512,0.20387842932633232,0.4158563166099213,0.05000000000000001,-0.95,3.200000000000001,4.0,19.0,0,0,1,0,1,62,0,0,0,0
2000017,1.0,0.05,0.75,-0.7086406249999968,-0.6499999999999968,0.05864062500000003,-14,58.640625,6.484375,0.28125,0.0625,0.0,0.5968750000000007,0.49765625,0.9694790758531887,0.20722712612773522,0.9112108251101132,0.049999999999999996,-0.5999999999999999,-0.04999999999999938,3.0,19.0,0,0,1,0,1,62,0,0,0,0
2000018,0.0,0.05,0.75,14.493062500000006,14.550000000000006,0.056937500000000016,-13,56.9375,6.875,0.3125,0.109375,0.046875,0.5934426229508204,0.5024590163934426,0.9993937103186994,0.2993004220463371,0.7166446669687558,0.049999999999999996,-0.6000000000000001,15.150000000000007,3.0,24.0,0,0,0,0,0,60,1,0,0,3
2000019,0.0,0.05,0.75,5.398062499999998,5.399999999999999,0.0019375000000000009,0,1.9375,1.125,0.140625,0.140625,0.015625,0.6000000000000008,0.5,0.4999999999999998,0.05062598292354402,0.022636021591953062,0.05,-1.2,6.599999999999999,6.0,12.0,0,0,0,0,0,63,0,0,0,1
2000020,1.0,0.05,0.75,-0.22192187500000107,-0.20000000000000107,0.021921874999999997,-7,21.921875,3.671875,0.140625,0.03125,0.046875,0.5967213114754105,0.5,0.8174892128825053,0.050069250847296444,0.7804930691475499,0.05,-0.9999999999999998,0.8000000000000003,5.0,6.0,0,0,0,0,1,60,0,0,0,3
2000021,1.0,0.05,0.75,-1.0216093750000008,-1.0000000000000009,0.021609375000000014,-8,21.609375,4.046875,0.140625,0.015625,0.0,0.6000000000000008,0.49531250000000004,0.8931807947083542,0.05002191414982063,0.8794958569741332,0.05,0.0,-0.9999999999999996,0.0,10.0,0,0,2,0,0,62,0,0,0,0
2000022,1.0,0.05,0.75,0.3452968750000021,0.40000000000000213,0.05470312500000002,-10,54.703125,6.328125,0.21875,0.0625,0.015625,0.5968253968253975,0.5,0.8419829243247494,0.06744546291122674,0.7915126491493318,0.05,-0.5999999999999999,1.0000000000000007,3.0,15.0,0,0,0,0,1,62,0,0,0,1
2000023,0.0,0.05,0.75,6.993343749999998,6.999999999999998,0.006656250000000004,-5,6.65625,2.21875,0.15625,0.078125,0.0,0.5937500000000007,0.5,0.6098576497374004,0.050284671694586516,0.35707739635299074,0.04999999999999999,0.0,6.999999999999998,0.0,15.0,0,0,1,0,2,60,0,0,1,0
2000024,0.0,0.05,0.75,9.228984375,9.25,0.021015625000000017,-8,21.015625,4.015625,0.203125,0.078125,0.015625,0.590476190476191,0.4952380952380953,0.7842582961350254,0.06291523953818359,0.6479105099189608,0.05,-0.4,9.65,2.0,16.0,1,0,1,0,1,60,0,0,0,1
2000025,0.0,0.05,0.75,6.346828124999999,6.349999999999999,0.003171875000000002,-3,3.171875,1.640625,0.15625,0.109375,0.0,0.5968750000000007,0.49296875,0.5152510570341503,0.0503980732093681,0.10136466776661442,0.05000000000000001,-0.8,7.1499999999999995,4.0,13.0,0,1,2,0,0,61,0,0,0,0
2000026,0.0,0.05,0.75,6.19578125,6.199999999999999,0.004218750000000002,-4,4.21875,1.59375,0.140625,0.078125,0.0,0.5937500000000007,0.5,0.5820510843804466,0.050088275639965985,0.29135216982576745,0.049999999999999996,-0.8,6.999999999999999,4.0,10.0,0,0,0,0,2,62,0,0,0,0
2000027,0.0,0.05,0.75,10.941921875000002,11.000000000000002,0.05807812500000002,-13,58.078125,6.421875,0.21875,0.015625,0.0,0.5843750000000006,0.50234375,0.9716175973424607,0.053030677260667944,0.9704430981963797,0.05,-0.2,11.200000000000001,1.0,14.0,0,0,0,2,0,61,0,1,0,0
2000028,0.0,0.05,0.75,11.534562500000002,11.600000000000001,0.06543750000000001,-13,65.4375,7.1875,0.234375,0.03125,0.0,0.5937500000000008,0.49765625,0.9602716069506592,0.06312692202207115,0.9557680118210874,0.05,-0.2,11.800000000000002,1.0,16.0,0,0,1,1,0,62,0,0,0,0
2000029,0.0,0.05,0.75,6.393406249999998,6.399999999999999,0.006593750000000005,-5,6.59375,2.28125,0.140625,0.0625,0.03125,0.5935483870967748,0.5,0.6421692238337746,0.0501103548593979,0.4576757063549403,0.05,-0.4,6.799999999999999,2.0,11.0,0,0,1,0,0,60,1,0,0,2
2000030,1.0,0.05,0.75,-0.8189687500000007,-0.8000000000000007,0.018968750000000006,-7,18.96875,3.40625,0.125,0.015625,0.0,0.6000000000000008,0.49531250000000004,0.8650987928935456,0.05000766950831468,0.8438174369361425,0.05,-0.7999999999999998,2.220446049250313e-16,4.0,5.0,0,0,2,0,0,62,0,0,0,0
2000031,0.0,0.05,0.75,5.793078124999998,5.799999999999998,0.006921875000000003,-2,6.921875,2.265625,0.140625,0.109375,0.046875,0.6000000000000008,0.5,0.5202690905472539,0.05041682293908761,0.08890560802337852,0.05000000000000001,-1.0,6.799999999999999,5.0,11.0,0,0,0,0,0,61,0,0,0,3
2000032,1.0,0.05,0.75,-0.9403906250000004,-0.9000000000000004,0.040390625000000006,-10,40.390625,5.734375,0.1875,0.03125,0.03125,0.590322580645162,0.5024193548387097,0.8983743736678841,0.0508229294003107,0.8889682118130042,0.05,-0.19999999999999996,-0.6999999999999995,1.0,13.0,0,0,0,0,1,60,1,0,0,2
2000033,0.0,0.05,0.75,5.199484374999998,5.199999999999998,0.0005156250000000002,1,0.515625,0.484375,0.140625,0.15625,0.0,0.5968750000000007,0.5,0.49384210632179626,0.051145245679036264,0.011157321996915888,0.049999999999999996,-1.9999999999999998,7.199999999999999,10.0,9.0,0,0,0,0,1,63,0,0,0,0
2000034,1.0,0.05,0.75,-1.7158906249999986,-1.6499999999999986,0.06589062500000001,-13,65.890625,7.640625,0.234375,0.03125,0.0,0.5937500000000007,0.5,0.952228460249328,0.05748830975053862,0.948691701513034,0.05,-0.7999999999999998,-0.8499999999999994,4.0,13.0,0,1,0,0,0,62,0,1,0,0
2000035,1.0,0.05,0.75,3.6421562499999984,3.6499999999999986,0.007843750000000003,-2,7.84375,2.375,0.140625,0.109375,0.015625,0.5936507936507943,0.4976190476190476,0.4741131794103386,0.05016183657006624,0.07979862515871643,0.05,-0.19999999999999996,3.8499999999999996,1.0,15.0,0,0,1,0,2,60,0,0,0,1
2000036,1.0,0.05,0.75,-1.5429999999999975,-1.4499999999999975,0.09299999999999997,-12,93.0,9.15625,0.21875,0.03125,0.03125,0.5967741935483878,0.49758064516129036,0.9337807218904997,0.05498868030155757,0.9284910597565267,0.05,-0.9999999999999998,-0.44999999999999973,5.0,11.0,0,0,1,0,1,60,0,0,0,2
2000037,0.0,0.05,0.75,11.408484375000002,11.450000000000003,0.041515625,-10,41.515625,6.078125,0.25,0.09375,0.015625,0.5936507936507943,0.4928571428571429,0.8988285115206114,0.20833043716411045,0.5937079966083573,0.05,-0.8,12.250000000000004,4.0,18.0,0,1,2,0,1,59,0,0,0,1
2000038,1.0,0.05,0.75,1.8299687499999988,1.8499999999999988,0.02003125000000001,-6,20.03125,4.03125,0.1875,0.09375,0.015625,0.587301587301588,0.4976190476190476,0.5668420530314221,0.052351273190228725,0.3122861752861782,0.049999999999999996,-0.5999999999999999,2.45,3.0,15.0,1,0,0,0,2,60,0,0,0,1
2000039,1.0,0.05,0.75,-3.602171874999996,-3.4499999999999957,0.152171875,-20,152.171875,10.765625,0.328125,0.015625,0.015625,0.587301587301588,0.5047619047619047,0.9998057460198444,0.28748851254820357,0.9961019321506419,0.05000000000000001,-0.7999999999999998,-2.6499999999999995,4.0,18.0,0,0,0,0,0,61,2,0,0,1
2000040,1.0,0.05,0.75,2.6965781249999985,2.6999999999999984,0.003421875000000002,-4,3.421875,1.578125,0.15625,0.09375,0.0,0.5812500000000006,0.49531250000000004,0.5810870117996421,0.05040793920169636,0.19817275349128588,0.05,-0.19999999999999996,2.8999999999999995,1.0,15.0,2,0,0,0,2,60,0,0,0,0
2000041,0.0,0.05,0.75,7.241249999999997,7.249999999999997,0.008750000000000006,-4,8.75,2.6875,0.171875,0.109375,0.015625,0.5936507936507943,0.5,0.48174509165369656,0.051487097126307335,0.13662868422918598,0.049999999999999996,-0.8,8.049999999999999,4.0,14.0,0,0,1,0,1,60,0,1,0,1
2000042,1.0,0.05,0.75,-0.6405312499999979,-0.5999999999999979,0.04053125000000002,-12,40.53125,4.71875,0.234375,0.046875,0.03125,0.6000000000000008,0.5,0.931648481051378,0.08382529217930035,0.9132472320601314,0.05,-0.3999999999999999,-0.1999999999999993,2.0,16.0,0,0,0,0,0,62,0,0,0,2
2000043,0.0,0.05,0.75,4.5204531249999995,4.55,0.029546874999999997,3,29.546875,4.953125,0.140625,0.1875,0.03125,0.5967741935483878,0.5024193548387097,0.541503817019248,0.060805341863284415,0.004123002753655789,0.05,-1.0,5.55,5.0,16.0,0,0,0,0,1,60,0,0,1,2
2000044,1.0,0.05,0.75,4.596609375,4.6,0.003390625000000002,2,3.390625,1.453125,0.078125,0.109375,0.0,0.6000000000000008,0.49765625,0.4795444256921868,0.05000744545148553,0.028468156513122234,0.05000000000000001,-0.5999999999999999,5.199999999999999,3.0,9.0,0,0,1,0,0,63,0,0,0,0
2000045,0.0,0.05,0.75,6.440296874999998,6.4499999999999975,0.009703125000000005,-3,9.703125,2.921875,0.15625,0.109375,0.015625,0.5936507936507943,0.5,0.4605575807699473,0.050448206983254335,0.1048620557818768,0.049999999999999996,-0.4,6.849999999999998,2.0,15.0,0,0,1,0,0,61,1,0,0,1
2000046,1.0,0.05,0.75,-1.8448124999999989,-1.799999999999999,0.044812500000000026,-12,44.8125,5.3125,0.203125,0.015625,0.03125,0.6000000000000008,0.49758064516129036,0.9625349697260033,0.05225351388851169,0.960482089493469,0.049999999999999996,-1.1999999999999997,-0.5999999999999996,6.0,8.0,0,0,1,0,0,61,0,0,0,2
2000047,0.0,0.05,0.75,6.644874999999999,6.649999999999999,0.005125000000000004,-4,5.125,1.71875,0.15625,0.09375,0.015625,0.6000000000000008,0.5023809523809524,0.6166655783879865,0.05059934810288525,0.25749776656902396,0.049999999999999996,-0.6000000000000001,7.249999999999998,3.0,13.0,0,0,0,0,0,62,0,0,1,1
2000048,1.0,0.05,0.75,-1.232640625000001,-1.200000000000001,0.03264062499999999,-9,32.640625,5.109375,0.15625,0.015625,0.015625,0.590476190476191,0.5047619047619047,0.9137505082519264,0.0500639497749309,0.9079133425013745,0.05000000000000001,-0.7999999999999998,-0.3999999999999997,4.0,7.0,0,0,0,0,0,61,1,1,0,1
2000049,1.0,0.05,0.75,-1.4318437500000003,-1.4000000000000004,0.03184375000000001,-10,31.84375,4.21875,0.171875,0.015625,0.015625,0.5968253968253975,0.5,0.9345890897625362,0.05020516048734366,0.9301615151943896,0.05000000000000001,-0.5999999999999999,-0.7999999999999996,3.0,9.0,0,0,0,0,1,62,0,0,0,1
2000050,0.0,0.05,0.75,4.24840625,4.25,0.0015937500000000012,-1,1.59375,1.0625,0.109375,0.09375,0.015625,0.5968253968253975,0.4952380952380953,0.4880774561839126,0.050013097801391175,0.0888731630255525,0.05,-0.4,4.6499999999999995,2.0,11.0,0,0,2,0,1,60,0,0,0,1
2000051,0.0,0.05,0.75,1.3768125000000004,1.4000000000000004,0.02318749999999999,5,23.1875,4.375,0.0625,0.140625,0.0,0.5968750000000007,0.50234375,0.34084801992972913,0.05007012992970466,0.005121937537539955,0.049999999999999996,-0.8,2.2,4.0,9.0,0,0,0,0,0,63,0,1,0,0
2000052,0.0,0.05,0.75,12.539656250000004,12.600000000000003,0.06034375000000002,-12,60.34375,7.21875,0.265625,0.078125,0.0,0.5937500000000007,0.49765625,0.9572879303586459,0.2271004280022216,0.8201268707009604,0.05,-0.4,13.000000000000005,2.0,20.0,0,0,1,1,0,62,0,0,0,0
2000053,0.0,0.05,0.75,2.3915312499999994,2.3999999999999995,0.008468750000000006,3,8.46875,2.71875,0.078125,0.125,0.046875,0.6000000000000008,0.5,0.4407696498704424,0.050066827110117194,0.01407457741548002,0.05000000000000001,-1.2,3.5999999999999996,6.0,7.0,0,0,0,0,0,61,0,0,0,3
2000054,1.0,0.05,0.75,-1.234296875000001,-1.200000000000001,0.03429687499999999,-9,34.296875,4.671875,0.15625,0.015625,0.0,0.5937500000000007,0.4953125,0.9167828570956055,0.0500632452259164,0.9079133425013741,0.05,-0.5999999999999999,-0.5999999999999996,3.0,8.0,1,0,1,0,0,62,0,0,0,0
2000055,0.0,0.05,0.75,5.395312499999998,5.399999999999999,0.004687500000000003,-3,4.6875,1.90625,0.125,0.078125,0.015625,0.6000000000000008,0.5,0.559179473598116,0.050036287296583354,0.2333340424873628,0.05000000000000002,-0.6000000000000001,5.999999999999999,3.0,10.0,0,0,0,0,0,63,0,0,0,1
2000056,1.0,0.05,0.75,4.3959062499999995,4.3999999999999995,0.004093750000000002,-1,4.09375,1.75,0.140625,0.125,0.046875,0.5901639344262302,0.5,0.570678372764905,0.050626915085167534,0.060090709058560746,0.05000000000000001,-0.3999999999999999,4.799999999999998,2.0,15.0,0,0,0,1,1,59,0,0,0,3
2000057,1.0,0.05,0.75,0.08549999999999963,0.09999999999999964,0.01450000000000001,-8,14.5,3.03125,0.171875,0.046875,0.0,0.5937500000000007,0.5,0.7908045371578433,0.05028015894523571,0.7427608865161663,0.05,-0.7999999999999998,0.9000000000000004,4.0,10.0,0,0,0,0,2,62,0,0,0,0
2000058,0.0,0.05,0.75,3.3975781249999994,3.3999999999999995,0.0024218750000000013,4,2.421875,1.296875,0.109375,0.171875,0.0,0.5968750000000007,0.49531250000000004,0.4936355800046313,0.05145806781432981,0.0030031967513645917,0.049999999999999996,-1.2,4.6,6.0,12.0,0,0,2,0,1,61,0,0,0,0
2000059,1.0,0.05,0.75,-1.468937499999997,-1.3999999999999968,0.06893750000000001,-13,68.9375,7.71875,0.234375,0.03125,0.046875,0.6000000000000008,0.4975409836065574,0.9631715622078063,0.08041738351299295,0.9557680118210874,0.05,-0.7999999999999998,-0.5999999999999994,4.0,13.0,0,0,1,0,0,60,0,0,0,3
2000060,0.0,0.05,0.75,3.297937499999999,3.299999999999999,0.002062500000000001,1,2.0625,1.1875,0.09375,0.109375,0.015625,0.5968253968253975,0.5,0.44545380246034383,0.050016243644392264,0.03489500099575366,0.05,-0.4,3.6999999999999993,2.0,11.0,0,0,0,0,1,62,0,0,0,1
2000061,1.0,0.05,0.75,-1.1850625000000004,-1.1500000000000004,0.03506250000000001,-11,35.0625,5.09375,0.203125,0.03125,0.0625,0.6000000000000008,0.4975,0.9208321059310117,0.054197091228739794,0.9132154874244455,0.05,-0.7999999999999998,-0.34999999999999964,4.0,11.0,0,0,1,0,0,59,0,0,0,4
2000062,1.0,0.05,0.75,3.178140625000003,3.200000000000003,0.02185937500000001,-8,21.859375,4.359375,0.25,0.125,0.0,0.6000000000000008,0.5,0.9125968957565181,0.2463246292668953,0.28071557987231216,0.05000000000000002,-0.3999999999999999,3.5999999999999996,2.0,22.0,0,0,0,0,0,64,0,0,0,0
2000063,1.0,0.05,0.75,-0.6238593750000014,-0.6000000000000014,0.023859375000000006,-9,23.859375,3.765625,0.171875,0.03125,0.0,0.5968750000000007,0.5,0.8822909252878176,0.050224582181748634,0.8664641044636608,0.05000000000000001,-0.5999999999999999,4.440892098500626e-16,3.0,10.0,0,0,1,0,1,61,0,0,1,0
2000064,0.0,0.05,0.75,5.947718749999998,5.949999999999998,0.0022812500000000016,0,2.28125,1.28125,0.15625,0.15625,0.015625,0.5936507936507943,0.4976190476190476,0.3583004669044469,0.05312201428496547,0.008010355569909894,0.05,-1.0,6.949999999999999,5.0,15.0,0,0,1,1,0,61,0,0,0,1
2000065,1.0,0.05,0.75,3.3906406249999987,3.3999999999999986,0.009359375000000005,-4,9.359375,2.484375,0.171875,0.109375,0.0,0.6000000000000008,0.49765625,0.5669526295525937,0.05204781451870475,0.15115600426096124,0.05,-0.9999999999999998,4.3999999999999995,5.0,13.0,0,0,1,0,0,63,0,0,0,0
2000066,1.0,0.05,0.75,-0.6448906250000015,-0.6000000000000014,0.04489062500000002,-9,44.890625,6.296875,0.171875,0.03125,0.015625,0.6000000000000008,0.5,0.8822133779027695,0.05030394913686769,0.8664641044636608,0.05000000000000001,0.0,-0.5999999999999994,0.0,13.0,0,0,0,0,0,63,0,0,0,1
2000067,0.0,0.05,0.75,5.1987187499999985,5.199999999999998,0.0012812500000000007,1,1.28125,0.8125,0.140625,0.15625,0.03125,0.6000000000000008,0.4903225806451614,0.2972596903843003,0.05353360647936447,0.003934565638320365,0.05000000000000001,-1.05,6.249999999999998,6.0,13.0,0,0,4,0,0,58,0,0,0,2
2000068,0.0,0.05,0.75,5.998578124999999,5.999999999999999,0.0014218750000000008,-3,1.421875,0.828125,0.140625,0.09375,0.0,0.6000000000000008,0.49765625,0.5629299911026912,0.05013388359802683,0.16687361614635396,0.05,-0.6000000000000001,6.599999999999999,3.0,12.0,0,0,1,0,0,63,0,0,0,0
2000069,1.0,0.05,0.75,-2.438453124999998,-2.349999999999998,0.088453125,-14,88.453125,8.671875,0.234375,0.015625,0.015625,0.5968253968253975,0.5,0.9765806693425518,0.058375510377243055,0.9752573924732206,0.05,-1.1999999999999997,-1.1499999999999997,6.0,10.0,0,0,1,0,0,61,0,1,0,1
2000070,0.0,0.05,0.75,3.8854062499999995,3.8999999999999995,0.01459375000000001,4,14.59375,3.53125,0.125,0.1875,0.015625,0.5968253968253975,0.4976190476190476,0.42764649834129187,0.06064651162270471,0.0018075056291813158,0.05,-1.5999999999999999,5.499999999999999,8.0,12.0,0,0,1,0,1,61,0,0,0,1
2000071,1.0,0.05,0.75,1.3416562499999987,1.3499999999999988,0.008343750000000006,-6,8.34375,2.5625,0.15625,0.0625,0.0,0.5937500000000007,0.49296874999999996,0.48594403332312786,0.05016610370661818,0.309917006170376,0.05,-0.19999999999999996,1.5499999999999998,1.0,13.0,0,0,3,0,2,59,0,0,0,0
2000072,0.0,0.05,0.75,6.695921874999999,6.699999999999999,0.004078125000000002,-2,4.078125,1.609375,0.171875,0.140625,0.0,0.5906250000000006,0.5,0.4305160472324357,0.05190329053769783,0.03315034482353398,0.05,-0.8,7.499999999999999,4.0,16.0,0,1,0,0,0,62,1,0,0,0
2000073,0.0,0.05,0.75,3.24696875,3.25,0.003031250000000002,1,3.03125,1.46875,0.09375,0.109375,0.015625,0.5968253968253975,0.4952380952380952,0.456133369005524,0.05001517345075146,0.0339820911544244,0.05,-0.8,4.05,4.0,9.0,0,1,1,0,0,61,0,0,0,1
2000074,1.0,0.05,0.75,-0.8470156250000007,-0.8000000000000007,0.047015625000000026,-10,47.015625,6.046875,0.1875,0.03125,0.0,0.6000000000000008,0.5,0.9075571880204228,0.05062267802940903,0.8975969384928342,0.05000000000000001,-0.7999999999999998,4.440892098500626e-16,4.0,10.0,0,0,0,0,0,64,0,0,0,0
2000075,0.0,0.05,0.75,8.386624999999999,8.399999999999999,0.01337500000000001,-6,13.375,3.25,0.1875,0.09375,0.0,0.6000000000000008,0.5,0.6102520760939585,0.054131682550927845,0.33055274228216597,0.05,-1.0,9.4,5.0,13.0,0,0,0,0,0,64,0,0,0,0
2000076,1.0,0.05,0.75,-1.04084375,-1.0,0.04084375000000002,-11,40.84375,5.78125,0.203125,0.03125,0.03125,0.6000000000000008,0.49758064516129036,0.9295895692955697,0.05339401530290308,0.9221237688883382,0.049999999999999996,-0.5999999999999999,-0.39999999999999947,3.0,12.0,0,0,1,0,0,61,0,0,0,2
2000077,0.0,0.05,0.75,4.647171874999999,4.649999999999999,0.0028281250000000016,-1,2.828125,1.453125,0.125,0.109375,0.015625,0.5904761904761912,0.4976190476190476,0.4354538177276191,0.05004814230368551,0.05686681971475951,0.05,-0.4,5.049999999999999,2.0,13.0,1,0,0,0,1,61,0,0,0,1
2000078,1.0,0.05,0.75,3.1964843749999985,3.1999999999999984,0.0035156250000000023,-4,3.515625,1.640625,0.171875,0.109375,0.03125,0.5935483870967748,0.5,0.6274224144893518,0.05393217192993848,0.1778870017830198,0.05,-0.3999999999999999,3.5999999999999988,2.0,16.0,0,0,2,0,0,58,1,0,1,2
2000079,1.0,0.05,0.75,0.7376093749999991,0.7499999999999991,0.01239062500000001,-6,12.390625,3.234375,0.140625,0.046875,0.0,0.6000000000000008,0.5,0.8418371803400632,0.05009858859913066,0.7550250356043654,0.05,-0.8499999999999999,1.6000000000000003,5.0,7.0,0,0,1,0,0,62,0,0,1,0
2000080,1.0,0.05,0.75,1.536515624999999,1.549999999999999,0.013484375000000007,-8,13.484375,3.109375,0.203125,0.078125,0.015625,0.5968253968253975,0.4976190476190476,0.5059634854919692,0.057537312401298994,0.35038040063940273,0.05,-0.5999999999999999,2.1499999999999995,3.0,15.0,0,0,1,0,1,61,0,0,0,1
2000081,0.0,0.05,0.75,4.149265625,4.15,0.0007343750000000005,-1,0.734375,0.734375,0.109375,0.09375,0.0,0.5906250000000006,0.5,0.42464172622304036,0.05000797029742514,0.08585789230169281,0.05,-0.2,4.35,1.0,12.0,0,1,0,0,0,62,1,0,0,0
2000082,0.0,0.05,0.75,9.636296875000001,9.65,0.013703125000000007,-8,13.703125,2.890625,0.21875,0.09375,0.015625,0.5936507936507943,0.4976190476190476,0.7385399432221516,0.08534247171168839,0.5185097867520443,0.05,-0.2,9.850000000000001,1.0,19.0,0,0,1,1,0,61,0,0,0,1
2000083,0.0,0.05,0.75,7.245468749999997,7.249999999999997,0.004531250000000002,-4,4.53125,1.8125,0.171875,0.109375,0.046875,0.5901639344262302,0.49508196721311476,0.5279179182688737,0.0534814400070348,0.1366286842291859,0.05,-1.0,8.249999999999998,5.0,13.0,0,0,2,1,1,57,0,0,0,3
2000084,1.0,0.05,0.75,0.5882968749999987,0.5999999999999988,0.011703125000000007,-6,11.703125,2.671875,0.140625,0.046875,0.015625,0.5904761904761912,0.5,0.7272070091533901,0.05005503553207904,0.6340008734704273,0.05,-0.3999999999999999,1.0000000000000004,2.0,10.0,0,0,1,0,1,60,1,0,0,1
2000085,1.0,0.05,0.75,-0.6356406249999978,-0.5999999999999979,0.035640625000000016,-12,35.640625,5.046875,0.234375,0.046875,0.0,0.6000000000000008,0.5,0.9271429271556035,0.06957555548618213,0.9132472320601313,0.05,-0.5999999999999999,6.661338147750939e-16,3.0,15.0,0,0,0,0,0,64,0,0,0,0
2000086,1.0,0.05,0.75,0.8053281250000032,0.8500000000000032,0.04467187500000002,-10,44.671875,5.328125,0.234375,0.078125,0.0,0.5968750000000007,0.49765625,0.7978048158246916,0.09004689251271444,0.689478848845484,0.04999999999999999,-0.3999999999999999,1.2500000000000007,2.0,18.0,0,0,2,0,0,61,0,1,0,0
2000087,1.0,0.05,0.75,0.18259374999999928,0.1999999999999993,0.01740625000000001,-8,17.40625,3.5625,0.171875,0.046875,0.0,0.6000000000000008,0.49296875,0.8191717768431255,0.05049371285691564,0.7596803231267488,0.05,-0.7999999999999998,1.0000000000000004,4.0,10.0,0,0,3,0,0,61,0,0,0,0
2000088,0.0,0.05,0.75,3.7984687499999987,3.799999999999999,0.001531250000000001,2,1.53125,1.03125,0.109375,0.140625,0.015625,0.5968253968253975,0.5,0.48003364842345525,0.050226480891039905,0.012532418200495379,0.05000000000000001,-0.8,4.6,4.0,12.0,0,0,0,0,1,62,0,0,0,1
2000089,0.0,0.05,0.75,2.598921875,2.5999999999999996,0.0010781250000000005,2,1.078125,0.734375,0.078125,0.109375,0.015625,0.5936507936507943,0.4976190476190476,0.4814619449985091,0.05000996101800617,0.02846815651312232,0.049999999999999996,-1.0,3.5999999999999996,5.0,7.0,0,1,1,0,1,59,0,0,1,1
2000090,1.0,0.05,0.75,-0.46003125000000106,-0.45000000000000107,0.01003125,-9,10.03125,2.03125,0.171875,0.03125,0.015625,0.5904761904761912,0.5,0.9327721320670999,0.05066370973578804,0.9202850171251881,0.049999999999999996,-0.19999999999999996,-0.24999999999999956,1.0,12.0,0,0,1,1,1,59,0,0,1,1
2000091,0.0,0.05,0.75,4.099734374999999,4.099999999999999,0.00026562500000000013,0,0.265625,0.265625,0.125,0.125,0.015625,0.5841269841269847,0.4976190476190476,0.5210999905738952,0.05008129447499618,0.04178287212768406,0.049999999999999996,-1.5499999999999998,5.649999999999999,6.0,10.0,1,0,1,0,1,59,1,0,0,1
2000092,0.0,0.05,0.75,4.7955468749999985,4.799999999999999,0.004453125000000003,3,4.453125,1.859375,0.140625,0.1875,0.0,0.6000000000000008,0.5,0.4648134713382723,0.061176188211731215,0.00267084857412264,0.05,-1.5999999999999999,6.399999999999999,8.0,13.0,0,0,0,0,0,64,0,0,0,0
2000093,0.0,0.05,0.75,2.1992656249999993,2.1999999999999993,0.0007343750000000003,1,0.734375,0.578125,0.0625,0.078125,0.015625,0.6000000000000008,0.5,0.4701887660013647,0.050000793696095176,0.08373897859714577,0.05000000000000001,-0.4,2.5999999999999996,2.0,7.0,0,0,1,0,0,61,0,0,1,1
2000094,0.0,0.05,0.75,8.593140624999998,8.599999999999998,0.006859375000000003,-7,6.859375,2.046875,0.1875,0.078125,0.015625,0.6000000000000008,0.4976190476190476,0.6886355447742754,0.054140846310167634,0.5033590778162521,0.05,-0.6000000000000001,9.2,3.0,14.0,0,0,1,0,0,62,0,0,0,1
2000095,0.0,0.05,0.75,5.448921874999998,5.449999999999998,0.0010781250000000005,-1,1.078125,0.734375,0.140625,0.125,0.03125,0.6000000000000008,0.4951612903225807,0.48188863229037393,0.05037242966339816,0.040535043402593035,0.05000000000000001,-0.8,6.249999999999999,4.0,13.0,0,0,2,0,0,60,0,0,0,2
2000096,0.0,0.05,0.75,7.786640624999998,7.799999999999998,0.01335937500000001,-6,13.359375,3.296875,0.171875,0.078125,0.015625,0.5968253968253975,0.4976190476190476,0.6538501913122569,0.05135998393701612,0.42866067950912085,0.05,-0.8,8.6,4.0,12.0,0,0,1,0,1,61,0,0,0,1
2000097,0.0,0.05,0.75,6.7891249999999985,6.799999999999999,0.010875000000000006,-1,10.875,2.6875,0.171875,0.15625,0.015625,0.6000000000000008,0.5,0.5106847623835377,0.057020749135035236,0.020174976173930766,0.05,-1.4,8.2,7.0,14.0,0,0,0,0,0,63,0,0,0,1
2000098,0.0,0.05,0.75,5.397187499999999,5.3999999999999995,0.0028125000000000016,-3,2.8125,1.21875,0.125,0.078125,0.015625,0.6000000000000008,0.4952380952380952,0.5966574415637317,0.050043893050020945,0.23333404248736359,0.05,-0.6000000000000001,5.999999999999999,3.0,10.0,0,0,2,0,0,61,0,0,0,1
2000099,0.0,0.05,0.75,6.9791406249999985,6.999999999999998,0.020859375000000013,-5,20.859375,4.140625,0.15625,0.078125,0.015625,0.6000000000000008,0.5,0.6089966736115773,0.05038669620073697,0.3570773963529906,0.05,-0.8,7.799999999999999,4.0,11.0,0,0,0,0,0,63,0,0,0,1
2000100,1.0,0.05,0.75,1.5833437499999978,1.5999999999999979,0.016656250000000008,-7,16.65625,3.34375,0.1875,0.078125,0.015625,0.5968253968253975,0.4976190476190476,0.690403618760243,0.05420973959534609,0.5033590778162511,0.05,-0.5999999999999999,2.2,3.0,14.0,0,1,0,0,0,62,0,0,0,1
2000101,1.0,0.05,0.75,0.017546874999998928,0.049999999999998934,0.032453125000000006,-8,32.453125,4.984375,0.171875,0.046875,0.015625,0.5968253968253975,0.4976190476190476,0.7857892332258737,0.05034607214967286,0.737480197519042,0.05,-0.3999999999999999,0.4500000000000004,2.0,12.0,0,0,1,0,1,61,0,0,0,1
2000102,1.0,0.05,0.75,-1.9901562500000012,-1.950000000000001,0.04015625000000001,-11,40.15625,5.65625,0.1875,0.015625,0.0,0.5937500000000007,0.49296875,0.9410739533651727,0.05027940638676074,0.9375706824772607,0.05000000000000001,-0.3999999999999999,-1.5499999999999996,2.0,11.0,1,0,2,0,0,61,0,0,0,0
2000103,1.0,0.05,0.75,0.1785468749999993,0.1999999999999993,0.021453125,-5,21.453125,3.796875,0.109375,0.03125,0.015625,0.5936507936507943,0.4976190476190476,0.745356886060308,0.050004785567027164,0.6608386470530988,0.05,-0.19999999999999996,0.40000000000000036,1.0,8.0,1,0,0,0,0,62,0,0,0,1
2000104,1.0,0.05,0.75,2.782453124999998,2.799999999999998,0.017546875000000007,-4,17.546875,3.921875,0.15625,0.09375,0.015625,0.5968253968253975,0.5,0.5601588519929693,0.05054608431175754,0.21295669090179656,0.049999999999999996,-0.3999999999999999,3.2,2.0,14.0,0,0,0,0,1,62,0,0,0,1
2000105,1.0,0.05,0.75,-1.5568437499999965,-1.4999999999999964,0.05684375000000002,-15,56.84375,6.875,0.28125,0.046875,0.0,0.5906250000000007,0.49531250000000004,0.9856638050381294,0.19357003111596766,0.9645848096373884,0.05,-0.9999999999999998,-0.49999999999999956,5.0,16.0,0,0,2,1,1,60,0,0,0,0
2000106,1.0,0.05,0.75,-1.3975312499999997,-1.3499999999999996,0.04753125000000001,-12,47.53125,6.125,0.21875,0.03125,0.0,0.6000000000000008,0.49765625,0.9388901933602352,0.05341249894150728,0.9342753925022751,0.049999999999999996,-0.3999999999999999,-0.9499999999999995,2.0,14.0,0,0,1,0,0,63,0,0,0,0
2000107,0.0,0.05,0.75,4.5954999999999995,4.6,0.004500000000000003,-2,4.5,1.9375,0.109375,0.078125,0.0,0.5875000000000007,0.5,0.5344337020402302,0.0500078331643021,0.18387156262181806,0.05,-0.6000000000000001,5.199999999999999,3.0,9.0,0,0,2,0,2,58,1,0,1,0
2000108,1.0,0.05,0.75,-0.9931874999999976,-0.9499999999999975,0.04318750000000001,-13,43.1875,5.75,0.25,0.046875,0.0,0.6000000000000008,0.49765625,0.9413478286863934,0.08567953529120925,0.926673790100812,0.05,-0.5999999999999999,-0.3499999999999994,3.0,16.0,0,0,1,0,0,63,0,0,0,0
2000109,1.0,0.05,0.75,-0.024031250000000007,0.0,0.024031250000000007,-9,24.03125,4.375,0.1875,0.046875,0.0,0.6000000000000008,0.5,0.8421206710105099,0.05101574772905402,0.8102571369822891,0.05,-0.5999999999999999,0.6000000000000005,3.0,12.0,0,0,0,0,0,64,0,0,0,0
2000110,1.0,0.05,0.75,1.3953593749999986,1.3999999999999986,0.004640625000000003,-5,4.640625,1.609375,0.140625,0.0625,0.015625,0.6000000000000008,0.4976190476190476,0.6573117463513681,0.05009374162837286,0.4576757063549412,0.05,-0.3999999999999999,1.8,2.0,11.0,0,0,1,0,0,62,0,0,0,1
2000111,0.0,0.05,0.75,6.13796875,6.1499999999999995,0.012031250000000009,-5,12.03125,3.125,0.140625,0.0625,0.03125,0.5967741935483878,0.4975806451612903,0.5994429499113163,0.05006751484602839,0.41932647617017527,0.05,-0.8,6.949999999999999,4.0,9.0,0,1,1,0,0,59,0,0,1,2
2000112,1.0,0.05,0.75,1.3932968749999985,1.3999999999999986,0.006703125000000005,-5,6.703125,2.203125,0.140625,0.0625,0.015625,0.6000000000000008,0.5,0.6449411616255304,0.05008433488427581,0.4576757063549412,0.05,-0.3999999999999999,1.8,2.0,11.0,0,0,0,0,0,63,0,0,0,1
2000113,0.0,0.05,0.75,3.7991249999999988,3.799999999999999,0.0008750000000000003,2,0.875,0.59375,0.109375,0.140625,0.0,0.5937500000000007,0.50234375,0.4500384786959305,0.050186838627413126,0.012532418200495445,0.05000000000000001,-0.8,4.599999999999999,4.0,12.0,0,0,0,0,0,63,1,0,0,0
2000114,0.0,0.05,0.75,5.945265624999998,5.949999999999998,0.0047343750000000025,-2,4.734375,1.921875,0.140625,0.109375,0.015625,0.6000000000000008,0.4976190476190476,0.312103046375668,0.050166028245852305,0.03701803395887247,0.049999999999999996,-0.45,6.399999999999999,3.0,13.0,0,0,1,0,0,62,0,0,0,1
2000115,0.0,0.05,0.75,5.395953124999998,5.399999999999999,0.004046875000000002,-3,4.046875,1.671875,0.125,0.078125,0.03125,0.6000000000000008,0.49758064516129036,0.5778728608560737,0.05005421373368311,0.23333404248736353,0.05,-0.6000000000000001,5.999999999999999,3.0,10.0,0,0,1,0,0,61,0,0,0,2
2000116,0.0,0.05,0.75,6.390374999999999,6.399999999999999,0.009625000000000007,-5,9.625,2.78125,0.140625,0.0625,0.046875,0.6000000000000008,0.5,0.6450413903584483,0.05015528698872866,0.4576757063549412,0.05,-0.4,6.799999999999999,2.0,11.0,0,0,0,0,0,61,0,0,0,3
2000117,1.0,0.05,0.75,1.4961093749999992,1.4999999999999991,0.0038906250000000026,-4,3.890625,1.453125,0.125,0.0625,0.046875,0.5836065573770498,0.5049180327868853,0.5494638951844493,0.050028368773099664,0.363312175264792,0.05,-0.19999999999999996,1.7,1.0,11.0,0,0,0,0,1,58,2,0,0,3
2000118,1.0,0.05,0.75,-0.613671874999999,-0.5499999999999989,0.06367187500000002,-11,63.671875,7.484375,0.21875,0.046875,0.03125,0.5967741935483878,0.49758064516129036,0.8915567087196365,0.05994978003800147,0.8738211286066034,0.05,-0.9999999999999998,0.4500000000000004,5.0,12.0,0,0,1,0,1,60,0,0,0,2
2000119,0.0,0.05,0.75,2.797296875,2.8,0.002703125000000001,1,2.703125,1.234375,0.078125,0.09375,0.03125,0.6000000000000008,0.5024193548387097,0.4589502180019905,0.05000509005301498,0.05673450365356237,0.05,-0.2,3.0,1.0,10.0,0,0,0,0,0,61,0,0,1,2
2000120,1.0,0.05,0.75,-1.2522968749999976,-1.1999999999999975,0.05229687500000002,-12,52.296875,5.890625,0.21875,0.03125,0.0,0.5968750000000007,0.49765625,0.9462222371838618,0.05505640474576352,0.9411611939940017,0.049999999999999996,-0.3999999999999999,-0.7999999999999994,2.0,14.0,0,1,0,0,0,63,0,0,0,0
2000121,0.0,0.05,0.75,5.982374999999999,5.999999999999999,0.017625000000000012,-6,17.625,3.625,0.125,0.03125,0.015625,0.6000000000000008,0.4976190476190476,0.7832451255272731,0.05001401121812254,0.7246783594825653,0.05,0.0,5.999999999999999,0.0,10.0,0,0,1,0,0,62,0,0,0,1
2000122,1.0,0.05,0.75,0.786749999999999,0.7999999999999989,0.01325000000000001,-5,13.25,3.25,0.125,0.046875,0.0,0.6000000000000008,0.49296874999999996,0.7169268184961513,0.05001845878032437,0.5618479415883953,0.05,-0.19999999999999996,1.0000000000000004,1.0,10.0,0,0,3,0,0,61,0,0,0,0
2000123,0.0,0.05,0.75,2.9895,3.0,0.010500000000000008,3,10.5,2.96875,0.09375,0.140625,0.015625,0.6000000000000008,0.5,0.4575074132832408,0.050164529591252394,0.009307542307539966,0.049999999999999996,-0.8,3.8,4.0,11.0,0,0,0,0,0,63,0,0,0,1
2000124,0.0,0.05,0.75,4.799187499999999,4.799999999999999,0.0008125000000000005,0,0.8125,0.71875,0.125,0.125,0.015625,0.6000000000000008,0.5,0.4999999999999997,0.05013604427102501,0.0339952447081687,0.05,-1.0,5.799999999999999,5.0,11.0,0,0,0,0,0,63,0,0,0,1
2000125,1.0,0.05,0.75,-0.22746875000000105,-0.20000000000000107,0.02746875,-7,27.46875,4.4375,0.140625,0.03125,0.0,0.6000000000000008,0.5,0.8174588959995315,0.050027708982299156,0.7804930691475505,0.05,-0.19999999999999996,4.440892098500626e-16,1.0,10.0,0,0,0,0,0,64,0,0,0,0
2000126,1.0,0.05,0.75,0.3814218749999986,0.3999999999999986,0.018578125000000008,-7,18.578125,3.609375,0.15625,0.046875,0.0,0.5968750000000007,0.5,0.7686940361844826,0.05012422217297085,0.7006035450357839,0.05,-0.5999999999999999,1.0000000000000004,3.0,10.0,0,0,0,0,1,63,0,0,0,0
2000127,0.0,0.05,0.75,3.9409375000000004,3.9500000000000006,0.009062500000000005,0,9.0625,2.46875,0.109375,0.109375,0.046875,0.5967213114754105,0.4975409836065574,0.48786344473996385,0.05004318847024876,0.05421120775934865,0.05,-0.6000000000000001,4.550000000000001,3.0,11.0,0,0,1,0,1,59,0,0,0,3
2000128,1.0,0.05,0.75,-1.2525624999999934,-1.1499999999999932,0.10256250000000001,-17,102.5625,8.5,0.328125,0.0625,0.015625,0.590476190476191,0.5023809523809524,0.99960816183223,0.2962715575878034,0.9727072892368123,0.05,-0.7999999999999998,-0.3499999999999992,4.0,21.0,0,0,0,0,1,61,1,0,0,1
2000129,0.0,0.05,0.75,4.692625,4.699999999999999,0.007375000000000004,-2,7.375,2.25,0.125,0.09375,0.03125,0.590322580645162,0.5,0.5692261315358799,0.05005293420986227,0.16359932007838338,0.05,0.0,4.699999999999999,0.0,14.0,0,0,1,0,1,59,1,0,0,2
2000130,0.0,0.05,0.75,5.995187499999998,5.999999999999998,0.0048125000000000025,-3,4.8125,1.90625,0.140625,0.09375,0.015625,0.590476190476191,0.4976190476190476,0.5630093942855523,0.05018166442319838,0.16687361614635499,0.05,-0.4,6.399999999999999,2.0,13.0,0,0,1,0,3,59,0,0,0,1
2000131,1.0,0.05,0.75,3.3857499999999976,3.3999999999999977,0.01425000000000001,-4,14.25,3.5,0.171875,0.109375,0.0,0.6000000000000008,0.5,0.5457301664638654,0.05183566360287657,0.1511560042609611,0.05,-0.5999999999999999,3.999999999999999,3.0,15.0,0,0,0,0,0,64,0,0,0,0
2000132,0.0,0.05,0.75,4.793546874999999,4.799999999999999,0.006453125000000005,-3,6.453125,2.265625,0.109375,0.0625,0.0,0.6000000000000008,0.49765625,0.5982986907061038,0.05000652619639466,0.31621707337247484,0.05,-0.4,5.199999999999999,2.0,9.0,0,0,1,0,0,63,0,0,0,0
2000133,0.0,0.05,0.75,10.964015625000002,11.000000000000002,0.03598437500000001,-10,35.984375,5.046875,0.234375,0.078125,0.0,0.5968750000000007,0.49531250000000004,0.8475730641289592,0.11550469399873214,0.7141649323606014,0.05,0.0,11.000000000000002,0.0,20.0,0,0,2,0,1,61,0,0,0,0
2000134,0.0,0.05,0.75,2.8485624999999986,2.8499999999999988,0.0014375000000000008,2,1.4375,0.90625,0.09375,0.125,0.03125,0.5935483870967748,0.5024193548387097,0.542477910224337,0.05003756492453617,0.02782972755179682,0.04999999999999999,-0.4,3.249999999999999,2.0,12.0,0,0,0,0,0,61,1,0,0,2
2000135,1.0,0.05,0.75,1.170078125000001,1.200000000000001,0.02992187500000001,-9,29.921875,4.859375,0.21875,0.078125,0.046875,0.6000000000000008,0.5,0.7950940358446824,0.09869858286163168,0.6490679558475329,0.05,-0.7999999999999998,2.0,4.0,15.0,0,0,0,0,0,61,0,0,0,3
2000136,0.0,0.05,0.75,5.397421874999999,5.3999999999999995,0.002578125000000001,-3,2.578125,1.046875,0.125,0.078125,0.015625,0.6000000000000008,0.5,0.5591794735981156,0.05003628729658333,0.23333404248736353,0.05,-0.6000000000000001,5.999999999999999,3.0,10.0,0,0,0,0,0,63,0,0,0,1
2000137,0.0,0.05,0.75,3.248406249999999,3.249999999999999,0.001593750000000001,1,1.59375,0.96875,0.09375,0.109375,0.015625,0.5936507936507943,0.5,0.545765798789068,0.05001215392016314,0.04828456581665711,0.05,-0.95,4.199999999999999,4.0,9.0,0,0,2,0,0,59,1,0,1,1
2000138,1.0,0.05,0.75,-1.2414843749999993,-1.1999999999999993,0.041484375000000025,-12,41.484375,5.546875,0.21875,0.03125,0.015625,0.5936507936507943,0.5,0.9460021022584629,0.05611127663277754,0.941161193994002,0.05,-0.5999999999999999,-0.5999999999999994,3.0,13.0,0,0,1,0,0,61,1,0,0,1
2000139,1.0,0.05,0.75,0.21173437499999823,0.24999999999999822,0.038265625,-7,38.265625,5.734375,0.15625,0.046875,0.015625,0.5904761904761912,0.5023809523809524,0.738627856776762,0.05011386797570905,0.6695759963595627,0.05,-0.5999999999999999,0.8500000000000003,3.0,10.0,0,0,0,0,1,61,1,0,0,1
2000140,0.0,0.05,0.75,9.168203125,9.2,0.031796875,-10,31.796875,4.421875,0.1875,0.03125,0.03125,0.5935483870967748,0.5,0.9077506085904947,0.05114447157141227,0.8975969384928342,0.05000000000000001,0.0,9.2,0.0,14.0,0,0,0,0,2,60,0,0,0,2
2000141,0.0,0.05,0.75,4.798171874999999,4.799999999999999,0.0018281250000000008,0,1.828125,0.890625,0.125,0.125,0.015625,0.6000000000000008,0.5,0.5000000000000001,0.05013604427102502,0.03399524470816876,0.05,-1.2,5.999999999999999,6.0,10.0,0,0,0,0,0,63,0,0,0,1
2000142,0.0,0.05,0.75,6.038140624999999,6.049999999999999,0.011859375000000009,-4,11.859375,3.234375,0.140625,0.078125,0.046875,0.5967213114754105,0.4950819672131148,0.559760920435627,0.05016893299117652,0.2675985423063694,0.049999999999999996,-0.2,6.249999999999999,1.0,13.0,0,0,2,0,1,58,0,0,0,3
2000143,1.0,0.05,0.75,-1.5434218749999982,-1.4999999999999982,0.04342187500000001,-13,43.421875,5.203125,0.234375,0.03125,0.015625,0.5968253968253975,0.5023809523809524,0.9668355951545646,0.06540318407717113,0.9630496529949298,0.05,-1.1999999999999997,-0.2999999999999996,6.0,11.0,0,0,0,0,1,61,0,0,1,1
2000144,0.0,0.05,0.75,3.198875,3.2,0.0011250000000000006,-1,1.125,0.84375,0.078125,0.0625,0.015625,0.6000000000000008,0.5,0.5298112339986356,0.050000793696095176,0.20218076145137578,0.05,-0.6000000000000001,3.8,3.0,6.0,0,0,1,0,0,61,0,0,1,1
2000145,0.0,0.05,0.75,3.5973906249999996,3.5999999999999996,0.002609375000000002,0,2.609375,1.359375,0.09375,0.09375,0.015625,0.5936507936507943,0.5,0.49288747648784975,0.0500064701807102,0.07514543856401996,0.05,-1.0,4.6,5.0,7.0,0,0,1,0,0,61,1,0,0,1
2000146,0.0,0.05,0.75,6.794437499999999,6.799999999999999,0.005562500000000004,-4,5.5625,1.8125,0.15625,0.09375,0.03125,0.6000000000000008,0.49758064516129036,0.5799218538457704,0.05082460731778013,0.21295669090179653,0.05,-0.6000000000000001,7.399999999999999,3.0,13.0,0,0,1,0,0,61,0,0,0,2
2000147,1.0,0.05,0.75,-2.54140625,-2.5,0.04140625000000001,-12,41.40625,5.6875,0.1875,0.0,0.015625,0.5968253968253975,0.5,0.9719235557606788,0.05035711402677979,0.9712093193906147,0.05,-1.1999999999999997,-1.2999999999999998,6.0,6.0,0,0,0,0,1,62,0,0,0,1
2000148,1.0,0.05,0.75,-1.0415625,-1.0,0.04156250000000001,-11,41.5625,5.0625,0.203125,0.03125,0.015625,0.5968253968253975,0.5,0.928697860218554,0.05229603925414458,0.9221237688883385,0.05,-0.3999999999999999,-0.5999999999999994,2.0,13.0,0,0,1,0,0,61,0,1,0,1
2000149,0.0,0.05,0.75,3.8918124999999995,3.8999999999999995,0.008187500000000004,1,8.1875,2.5,0.109375,0.125,0.0,0.5937500000000007,0.5,0.5226048037497334,0.05004526862855865,0.03046496426441714,0.05,-1.0999999999999999,4.999999999999999,5.0,10.0,0,0,1,0,1,61,0,1,0,0
2000150,0.0,0.05,0.75,3.998125,4.0,0.001875000000000001,-2,1.875,1.03125,0.09375,0.0625,0.015625,0.5936507936507943,0.5023809523809524,0.533038877623402,0.05000220718535467,0.2550294338457375,0.05,-0.2,4.2,1.0,9.0,0,0,0,0,0,62,1,0,0,1
2000151,0.0,0.05,0.75,4.399421874999999,4.399999999999999,0.0005781250000000001,2,0.578125,0.421875,0.125,0.15625,0.015625,0.5936507936507943,0.5,0.48459607889042017,0.051034945827034606,0.008283321396163962,0.05000000000000001,-1.4,5.799999999999999,7.0,11.0,0,0,0,0,2,61,0,0,0,1
2000152,0.0,0.05,0.75,7.831937499999998,7.849999999999998,0.018062500000000013,-6,18.0625,4.0,0.171875,0.078125,0.015625,0.5968253968253975,0.5023809523809524,0.6636942023357024,0.051463467317848954,0.4491062625258313,0.049999999999999996,-0.2,8.049999999999999,1.0,15.0,0,0,0,0,0,62,0,1,0,1
2000153,1.0,0.05,0.75,-0.8363125000000007,-0.8000000000000007,0.036312500000000025,-10,36.3125,5.4375,0.1875,0.03125,0.03125,0.6000000000000008,0.4951612903225807,0.9097032902873763,0.051360090627723155,0.897596938492834,0.05,-0.9999999999999998,0.2000000000000004,5.0,9.0,0,0,2,0,0,60,0,0,0,2
2000154,1.0,0.05,0.75,1.1941718749999992,1.1999999999999993,0.0058281250000000034,-6,5.828125,1.796875,0.15625,0.0625,0.0,0.6000000000000008,0.5,0.6811244536400778,0.05019254820704264,0.5327159086609192,0.05000000000000001,-0.7999999999999998,1.9999999999999993,4.0,10.0,0,0,0,0,0,64,0,0,0,0
2000155,1.0,0.05,0.75,-0.03360937500000001,0.0,0.03360937500000001,-11,33.609375,5.015625,0.234375,0.0625,0.015625,0.5936507936507943,0.5,0.8620786883814435,0.07994499988750206,0.8169335925110562,0.05,-0.7999999999999998,0.8000000000000005,4.0,15.0,0,0,0,1,0,62,0,0,0,1
2000156,0.0,0.05,0.75,6.147968749999999,6.149999999999999,0.002031250000000001,-1,2.03125,1.09375,0.15625,0.140625,0.03125,0.5935483870967748,0.49758064516129036,0.5306736012246155,0.052106959049510564,0.03368787612697082,0.05,-0.6000000000000001,6.749999999999999,3.0,16.0,1,0,0,0,0,61,0,0,0,2
2000157,1.0,0.05,0.75,-2.948031249999996,-2.849999999999996,0.09803124999999999,-16,98.03125,8.71875,0.265625,0.015625,0.0,0.5968750000000007,0.49531250000000004,0.9882079311657089,0.08976888676975481,0.9857670777970391,0.05,-1.1999999999999997,-1.65,6.0,12.0,0,1,1,0,0,62,0,0,0,0
2000158,1.0,0.05,0.75,-1.4596718749999986,-1.3999999999999986,0.059671875000000006,-12,59.671875,7.046875,0.21875,0.03125,0.0,0.5937500000000007,0.5,0.9375774937846417,0.05317990666358297,0.9329679521512496,0.05,-0.3999999999999999,-0.9999999999999994,2.0,14.0,0,0,0,1,0,63,0,0,0,0
2000159,0.0,0.05,0.75,2.4957968750000004,2.5000000000000004,0.004203125000000002,2,4.203125,1.734375,0.078125,0.109375,0.046875,0.5967213114754105,0.5,0.4944269055641916,0.05001587087674734,0.03413750182614664,0.05,-0.8,3.3,4.0,8.0,0,0,0,0,1,60,0,0,0,3
2000160,1.0,0.05,0.75,0.6804687500000053,0.7500000000000053,0.06953125000000002,-11,69.53125,7.65625,0.25,0.078125,0.015625,0.5873015873015879,0.5,0.9084116887753377,0.17738764343345784,0.7618968414475968,0.05,-0.8499999999999999,1.600000000000001,4.0,17.0,0,0,1,0,2,59,1,0,0,1
2000161,1.0,0.05,0.75,-0.6673437500000012,-0.6500000000000012,0.017343750000000012,-8,17.34375,3.1875,0.15625,0.03125,0.015625,0.590476190476191,0.5023809523809524,0.8891322151967519,0.050112531211422576,0.8704145959385678,0.05,-0.5999999999999999,-0.0499999999999996,3.0,9.0,0,0,0,0,2,60,0,1,0,1
2000162,0.0,0.05,0.75,3.0971718749999995,3.0999999999999996,0.0028281250000000016,2,2.828125,1.265625,0.09375,0.125,0.015625,0.5968253968253975,0.5,0.4307381296270995,0.05005232706549243,0.01730988690604561,0.05,-1.0,4.1,5.0,9.0,0,0,0,0,1,62,0,0,0,1
2000163,1.0,0.05,0.75,2.3832187499999984,2.3999999999999986,0.016781250000000008,-6,16.78125,3.15625,0.1875,0.09375,0.0625,0.6000000000000008,0.49500000000000005,0.6606238463324027,0.0667856565028824,0.33055274228216536,0.05,-0.3999999999999999,2.8000000000000007,2.0,16.0,0,0,2,0,0,58,0,0,0,4
2000164,1.0,0.05,0.75,-1.4014999999999997,-1.3499999999999996,0.05150000000000002,-11,51.5,6.5625,0.203125,0.03125,0.015625,0.5904761904761912,0.5,0.914383346126141,0.05123737275277244,0.9081196236042125,0.05,-0.7999999999999998,-0.5499999999999996,4.0,11.0,1,0,0,0,0,61,0,1,0,1
2000165,1.0,0.05,0.75,0.16914062499999927,0.1999999999999993,0.03085937500000001,-8,30.859375,5.234375,0.171875,0.046875,0.015625,0.5968253968253975,0.4976190476190476,0.8108507900786768,0.05054068316212794,0.759680323126749,0.05,-0.3999999999999999,0.6000000000000005,2.0,12.0,0,0,1,0,1,61,0,0,0,1
2000166,0.0,0.05,0.75,3.5982343749999997,3.5999999999999996,0.0017656250000000011,0,1.765625,1.078125,0.09375,0.09375,0.015625,0.6000000000000008,0.5,0.5000000000000001,0.05000649550970626,0.07514543856401987,0.05000000000000001,-0.4,4.0,2.0,10.0,0,0,0,0,0,63,0,0,0,1
2000167,0.0,0.05,0.75,5.286734374999999,5.299999999999999,0.01326562500000001,-4,13.265625,3.578125,0.125,0.0625,0.0,0.5843750000000006,0.50234375,0.5381205981195366,0.05000903525513984,0.3442187349844495,0.05,-0.2,5.499999999999998,1.0,11.0,0,0,1,1,0,60,1,1,0,0
2000168,1.0,0.05,0.75,-0.34042187499999893,-0.29999999999999893,0.04042187500000001,-10,40.421875,5.734375,0.203125,0.046875,0.015625,0.5968253968253975,0.5,0.8629500426888692,0.05299271537219204,0.8404897299092984,0.05,-0.7999999999999998,0.5000000000000004,4.0,12.0,0,0,0,0,1,62,0,0,0,1
2000169,1.0,0.05,0.75,0.6360624999999985,0.6499999999999986,0.013937500000000009,-8,13.9375,2.625,0.1875,0.0625,0.03125,0.5967741935483878,0.5024193548387097,0.8021064429913376,0.0532781670883206,0.727254787764933,0.05000000000000001,-0.5999999999999999,1.2499999999999991,3.0,13.0,0,0,0,0,1,60,0,0,1,2
2000170,0.0,0.05,0.75,7.832859374999997,7.849999999999997,0.017140625000000007,-5,17.140625,3.796875,0.1875,0.109375,0.0,0.5875000000000007,0.49765625,0.5001719517855825,0.0529613427316408,0.16721726244611557,0.05,-1.2,9.049999999999999,6.0,13.0,1,0,1,0,1,60,0,1,0,0
2000171,1.0,0.05,0.75,1.0226406250000006,1.0500000000000007,0.027359375000000012,-9,27.359375,4.546875,0.21875,0.078125,0.015625,0.6000000000000008,0.4976190476190476,0.742650944796616,0.0709460821478714,0.6217375632787092,0.04999999999999999,-0.9999999999999998,2.0500000000000007,5.0,14.0,0,0,1,0,0,62,0,0,0,1
2000172,0.0,0.05,0.75,4.997937499999999,4.999999999999999,0.0020625000000000014,-1,2.0625,1.28125,0.125,0.109375,0.0,0.5968750000000007,0.50234375,0.4850850205661573,0.05005103777473238,0.06736895075198188,0.05,-0.8,5.799999999999999,4.0,11.0,0,0,0,0,0,63,0,1,0,0
2000173,1.0,0.05,0.75,0.6274843749999985,0.6499999999999986,0.022515625000000015,-8,22.515625,4.078125,0.1875,0.0625,0.015625,0.6000000000000008,0.4952380952380952,0.7401713613778382,0.05180775275472628,0.6489766989144842,0.05,-0.3999999999999999,1.0500000000000005,2.0,14.0,0,0,2,0,0,61,0,0,0,1
2000174,1.0,0.05,0.75,-0.38565624999999965,-0.34999999999999964,0.035656250000000014,-10,35.65625,5.40625,0.203125,0.046875,0.015625,0.6000000000000008,0.4928571428571429,0.8634909293984724,0.05335446522442008,0.8367743755142185,0.05,-0.19999999999999996,-0.14999999999999947,1.0,15.0,0,0,3,0,0,60,0,0,0,1
2000175,0.0,0.05,0.75,7.392640624999998,7.399999999999998,0.007359375000000006,-4,7.359375,2.421875,0.171875,0.109375,0.0,0.6000000000000008,0.50234375,0.5258959920810171,0.05163739075196265,0.151156004260961,0.05,-0.8,8.2,4.0,14.0,0,0,0,0,0,63,0,0,1,0
2000176,1.0,0.05,0.75,-1.6384218749999997,-1.5999999999999996,0.038421875000000015,-11,38.421875,5.203125,0.1875,0.015625,0.015625,0.5904761904761912,0.5,0.9500797558143258,0.05056748259821702,0.9473462493875067,0.05,-0.5999999999999999,-0.9999999999999996,3.0,10.0,0,0,1,1,0,60,0,1,0,1
2000177,0.0,0.05,0.75,4.798234374999999,4.799999999999999,0.001765625000000001,0,1.765625,1.015625,0.125,0.125,0.0625,0.6000000000000008,0.5,0.5,0.0503397838122846,0.03399524470816873,0.05,-0.6000000000000001,5.3999999999999995,3.0,13.0,0,0,0,0,0,60,0,0,0,4
2000178,0.0,0.05,0.75,4.382828125,4.3999999999999995,0.017171875000000007,2,17.171875,3.765625,0.125,0.15625,0.03125,0.6000000000000008,0.5,0.4840052993640799,0.05140249575507674,0.008283321396163985,0.05,-1.2,5.6,6.0,12.0,0,0,0,0,0,62,0,0,0,2
2000179,1.0,0.05,0.75,1.3866249999999987,1.3999999999999986,0.01337500000000001,-5,13.375,3.28125,0.140625,0.0625,0.03125,0.5967741935483878,0.5,0.6449836898578272,0.05011444069816996,0.45767570635494054,0.05,-1.1999999999999997,2.6000000000000005,6.0,7.0,0,0,0,0,1,61,0,0,0,2
2000180,0.0,0.05,0.75,3.197734375,3.2,0.0022656250000000016,-1,2.265625,1.265625,0.09375,0.078125,0.015625,0.5841269841269847,0.4976190476190476,0.5425133539695377,0.05000230937497321,0.16295207944962797,0.05000000000000001,-0.45,3.6500000000000004,1.0,10.0,2,0,0,0,0,60,0,1,0,1
2000181,0.0,0.05,0.75,7.4324843750000005,7.45,0.017515625000000007,-3,17.515625,3.546875,0.1875,0.140625,0.046875,0.58688524590164,0.5,0.44244375082115184,0.06232945541470119,0.04548919303487907,0.05000000000000002,-1.0,8.450000000000001,5.0,16.0,1,0,0,0,0,59,1,0,0,3
2000182,0.0,0.05,0.75,9.312078125000001,9.350000000000001,0.037921875000000015,-7,37.921875,5.640625,0.203125,0.09375,0.03125,0.6000000000000008,0.49758064516129036,0.44035675240580524,0.0646070373340888,0.20808783584577584,0.05,-0.45,9.8,3.0,16.0,0,0,1,0,0,61,0,0,0,2
2000183,1.0,0.05,0.75,2.5921406249999976,2.599999999999998,0.007859375000000005,-5,7.859375,2.234375,0.171875,0.09375,0.03125,0.6000000000000008,0.5,0.5847890853066131,0.05239661786804767,0.2676770658910388,0.05,-0.19999999999999996,2.8,1.0,16.0,0,0,1,0,0,60,0,0,1,2
2000184,1.0,0.05,0.75,1.4371874999999992,1.4499999999999993,0.01281250000000001,-7,12.8125,2.96875,0.1875,0.078125,0.046875,0.6000000000000008,0.4975409836065574,0.6467262338661065,0.054672853792394234,0.47387918683266994,0.05000000000000001,-0.3999999999999999,1.8500000000000008,2.0,15.0,0,0,1,0,0,60,0,0,0,3
2000185,1.0,0.05,0.75,1.3856406249999986,1.3999999999999986,0.01435937500000001,-5,14.359375,3.046875,0.140625,0.0625,0.0,0.5937500000000007,0.50234375,0.6302209658417547,0.050053913715465935,0.45767570635494065,0.05,-0.5999999999999999,2.0000000000000004,3.0,10.0,0,0,0,0,0,63,1,0,0,0
2000186,0.0,0.05,0.75,4.387671875,4.3999999999999995,0.01232812500000001,-4,12.328125,3.265625,0.09375,0.03125,0.015625,0.5968253968253975,0.5023809523809524,0.6854682823187386,0.05000125387781895,0.5905596912997227,0.05,-0.2,4.6,1.0,7.0,0,0,0,0,0,62,0,1,0,1
2000187,1.0,0.05,0.75,-0.01660937500000001,0.0,0.01660937500000001,-9,16.609375,3.265625,0.1875,0.046875,0.0,0.6000000000000008,0.5,0.8421206710105098,0.051015747729054026,0.8102571369822898,0.05,-0.5999999999999999,0.6000000000000005,3.0,12.0,0,0,0,0,0,64,0,0,0,0
2000188,1.0,0.05,0.75,0.13226562499999944,0.14999999999999947,0.01773437500000001,-7,17.734375,3.859375,0.15625,0.046875,0.015625,0.5841269841269847,0.5,0.7303302445914521,0.05009149122460174,0.6669312271418211,0.05,-0.5999999999999999,0.7500000000000004,3.0,10.0,0,1,0,1,1,59,0,1,0,1
2000189,1.0,0.05,0.75,2.790343749999998,2.799999999999998,0.009656250000000007,-4,9.65625,2.75,0.15625,0.09375,0.03125,0.5967741935483878,0.5,0.5604955361805791,0.0507405367152674,0.21295669090179703,0.05,-0.9999999999999998,3.8,5.0,11.0,0,0,0,0,1,61,0,0,0,2
2000190,0.0,0.05,0.75,9.66953125,9.700000000000001,0.03046875000000001,-10,30.46875,4.78125,0.203125,0.046875,0.0,0.5937500000000007,0.5023437500000001,0.8607693149726319,0.05198968127481979,0.8404897299092984,0.05,-0.4,10.100000000000001,2.0,14.0,0,0,1,0,1,60,0,1,1,0
2000191,1.0,0.05,0.75,-0.7651562499999993,-0.6999999999999993,0.06515625000000003,-9,65.15625,7.09375,0.171875,0.03125,0.015625,0.5968253968253975,0.5,0.8718776117479698,0.05024051427387762,0.8556339765667732,0.05,-0.3999999999999999,-0.2999999999999996,2.0,11.0,0,0,0,0,1,62,0,0,0,1
2000192,0.0,0.05,0.75,7.178484374999998,7.199999999999998,0.021515625000000007,-7,21.515625,3.859375,0.15625,0.046875,0.015625,0.587301587301588,0.5,0.738366612893753,0.05010636623361674,0.6706355014953567,0.05,0.0,7.199999999999998,0.0,13.0,0,0,1,1,0,60,1,0,0,1
2000193,0.0,0.05,0.75,5.346390624999999,5.349999999999999,0.0036093750000000023,-1,3.609375,1.609375,0.140625,0.125,0.015625,0.5936507936507943,0.5,0.4743820110155125,0.050243086043060735,0.04848753803023285,0.05,-0.6000000000000001,5.949999999999998,3.0,14.0,0,0,1,0,1,60,0,1,0,1
2000194,0.0,0.05,0.75,4.295578124999999,4.299999999999999,0.004421875000000002,-1,4.421875,1.640625,0.109375,0.09375,0.015625,0.587301587301588,0.4976190476190476,0.506839222054671,0.050014249325952505,0.09112159444399077,0.05,-0.8,5.099999999999999,4.0,9.0,1,0,0,0,2,60,0,0,0,1
2000195,1.0,0.05,0.75,-2.183171875,-2.1500000000000004,0.03317187500000002,-10,33.171875,4.515625,0.15625,0.0,0.015625,0.5968253968253975,0.4952380952380953,0.949415571299459,0.05004331675530834,0.947326262616885,0.049999999999999996,-0.19999999999999996,-1.9499999999999997,1.0,9.0,0,0,2,0,1,60,0,0,0,1
2000196,1.0,0.05,0.75,1.534484374999999,1.549999999999999,0.015515625000000009,-8,15.515625,3.265625,0.203125,0.078125,0.03125,0.6000000000000008,0.49758064516129036,0.5112239861863218,0.060120239110687056,0.3503804006394026,0.05,-0.9999999999999998,2.55,5.0,13.0,0,0,1,0,0,61,0,0,0,2
2000197,1.0,0.05,0.75,2.3969531249999987,2.3999999999999986,0.0030468750000000023,-3,3.046875,1.546875,0.125,0.078125,0.0,0.5937500000000007,0.5,0.5591635670596918,0.0500267390293636,0.23333404248736322,0.05,0.0,2.3999999999999995,0.0,13.0,0,0,0,1,0,63,0,0,0,0
2000198,1.0,0.05,0.75,-0.8983749999999979,-0.8499999999999979,0.04837500000000003,-11,48.375,5.8125,0.203125,0.03125,0.015625,0.6000000000000008,0.5047619047619047,0.9591550964035077,0.05417438291034712,0.9546846034052124,0.05,-1.0499999999999998,0.2000000000000004,6.0,9.0,0,0,0,0,0,61,0,0,2,1
2000199,0.0,0.05,0.75,5.198171874999999,5.199999999999999,0.0018281250000000012,-2,1.828125,0.953125,0.125,0.09375,0.0,0.5968750000000007,0.4953125,0.5704551753779304,0.05004320460223877,0.12912665937884618,0.05000000000000001,-0.6000000000000001,5.8,3.0,11.0,0,0,2,0,1,61,0,0,0,0
2000200,1.0,0.05,0.75,-0.852249999999999,-0.7999999999999989,0.05225000000000002,-10,52.25,6.125,0.1875,0.03125,0.015625,0.5968253968253975,0.5,0.9076393442060937,0.050844311990588656,0.8975969384928338,0.05,-0.5999999999999999,-0.1999999999999995,3.0,11.0,0,0,0,0,1,62,0,0,0,1
2000201,0.0,0.05,0.75,7.177640624999999,7.199999999999998,0.022359375,-3,22.359375,4.046875,0.171875,0.125,0.015625,0.6000000000000008,0.4976190476190476,0.5504742231499953,0.05376518222737004,0.07982804756168793,0.049999999999999996,-1.5999999999999999,8.799999999999999,8.0,11.0,0,0,1,0,0,62,0,0,0,1
2000202,1.0,0.05,0.75,-0.6232968749999996,-0.5999999999999996,0.02329687500000001,-9,23.296875,3.828125,0.171875,0.03125,0.0,0.5937500000000007,0.5,0.8818964694693743,0.05021862660580308,0.8664641044636612,0.05,-0.9999999999999998,0.40000000000000036,5.0,8.0,0,0,1,0,0,62,1,0,0,0
2000203,0.0,0.05,0.75,4.145687499999999,4.1499999999999995,0.004312500000000003,1,4.3125,1.90625,0.109375,0.125,0.0,0.6000000000000008,0.49765625,0.3012787539235261,0.0501018434486904,0.010158234284655895,0.05,-0.8500000000000001,4.999999999999999,5.0,10.0,0,0,1,0,0,63,0,0,0,0
2000204,0.0,0.05,0.75,8.479640624999998,8.499999999999998,0.020359375000000002,-7,20.359375,3.921875,0.1875,0.078125,0.03125,0.5967741935483878,0.5,0.6530790157518439,0.053824872951912316,0.4807287851908983,0.05,-0.8,9.3,4.0,13.0,0,0,0,0,1,61,0,0,0,2
2000205,0.0,0.05,0.75,6.791859374999998,6.799999999999998,0.008140625000000005,-4,8.140625,2.578125,0.15625,0.09375,0.015625,0.6000000000000008,0.5023809523809524,0.5421135937957066,0.050488379930892606,0.212956690901797,0.05000000000000001,-0.6000000000000001,7.399999999999999,3.0,13.0,0,0,0,0,0,62,0,0,1,1
2000206,0.0,0.05,0.75,5.397078124999999,5.3999999999999995,0.0029218750000000017,-4,2.921875,1.453125,0.125,0.0625,0.0,0.5937500000000007,0.5,0.6753904670949258,0.05002144439020363,0.4565618755108495,0.049999999999999996,-0.4,5.8,2.0,10.0,0,0,0,1,0,63,0,0,0,0
2000207,0.0,0.05,0.75,9.128999999999998,9.149999999999999,0.02100000000000001,-9,21.0,3.8125,0.203125,0.0625,0.015625,0.5904761904761912,0.5023809523809524,0.8418265729204445,0.05544272624019473,0.7921252828966591,0.049999999999999996,-0.75,9.9,2.0,15.0,0,0,0,0,1,61,1,0,0,1
2000208,1.0,0.05,0.75,-2.316656249999998,-2.2499999999999982,0.06665625000000003,-14,66.65625,7.0,0.234375,0.015625,0.0,0.5875000000000007,0.5046875,0.9779216114767907,0.05730457900047465,0.9767708395198489,0.05000000000000001,-0.7999999999999998,-1.4499999999999995,4.0,12.0,0,0,0,0,0,62,2,0,0,0
2000209,1.0,0.05,0.75,-0.3498906249999954,-0.2999999999999954,0.04989062500000002,-13,49.890625,6.015625,0.265625,0.0625,0.0,0.5968750000000007,0.4953125,0.9560743297994656,0.18136254541894908,0.8952728723015018,0.05,-1.7999999999999996,1.5000000000000004,9.0,12.0,0,0,2,0,1,61,0,0,0,0
2000210,0.0,0.05,0.75,8.19396875,8.2,0.0060312500000000045,-5,6.03125,2.0,0.1875,0.109375,0.015625,0.6000000000000008,0.4976190476190476,0.5926384192225437,0.058934363933556125,0.19390881899456838,0.05,-0.8,9.0,4.0,15.0,0,0,1,0,0,62,0,0,0,1
2000211,1.0,0.05,0.75,0.9247968750000011,0.9500000000000011,0.02520312500000001,-9,25.203125,4.140625,0.21875,0.078125,0.0,0.5937500000000007,0.49765625,0.7712671685006632,0.0665189396983462,0.6647184195363768,0.05000000000000001,-0.19999999999999996,1.1500000000000006,1.0,18.0,0,0,1,0,2,61,0,0,0,0
2000212,0.0,0.05,0.75,5.198406249999999,5.199999999999998,0.001593750000000001,1,1.59375,0.9375,0.140625,0.15625,0.015625,0.6000000000000008,0.5,0.4934174170532056,0.051551723272445164,0.011157321996915829,0.05,-0.6000000000000001,5.799999999999999,3.0,16.0,0,0,0,0,0,63,0,0,0,1
2000213,0.0,0.05,0.75,5.195093749999998,5.199999999999998,0.004906250000000003,-2,4.90625,1.84375,0.125,0.09375,0.015625,0.5904761904761912,0.5,0.5336888131074745,0.05005017969059004,0.12912665937884613,0.05,-0.8,5.999999999999999,4.0,10.0,1,0,1,0,0,59,0,1,1,1
2000214,0.0,0.05,0.75,6.946109374999998,6.949999999999998,0.0038906250000000026,-3,3.890625,1.734375,0.171875,0.125,0.015625,0.5968253968253975,0.5,0.42655518832755435,0.05161320492701783,0.06578835341290433,0.049999999999999996,-1.0,7.95,5.0,14.0,0,0,1,0,1,60,0,0,1,1
2000215,1.0,0.05,0.75,-1.6253281249999971,-1.5499999999999972,0.075328125,-13,75.328125,7.171875,0.234375,0.03125,0.0,0.6000000000000008,0.490625,0.9555773218113804,0.06139884879829695,0.9505017177820513,0.05,-0.3999999999999999,-1.1499999999999995,2.0,15.0,0,0,4,0,0,60,0,0,0,0
2000216,1.0,0.05,0.75,-0.1357656249999979,-0.09999999999999787,0.035765625000000016,-11,35.765625,5.234375,0.234375,0.0625,0.015625,0.5904761904761912,0.4976190476190476,0.8451237718621147,0.07523935484806768,0.7978484673677222,0.049999999999999996,-0.75,0.6500000000000006,3.0,16.0,0,0,2,0,1,59,1,0,0,1
2000217,0.0,0.05,0.75,7.437562499999998,7.4499999999999975,0.012437500000000008,-3,12.4375,3.125,0.1875,0.140625,0.0,0.5906250000000006,0.50234375,0.6232392415858475,0.06280713328081233,0.07813044556313523,0.05000000000000001,-0.8,8.25,4.0,17.0,0,0,0,0,1,62,1,0,0,0
2000218,1.0,0.05,0.75,0.5798281250000014,0.6000000000000014,0.02017187500000001,-10,20.171875,3.640625,0.234375,0.078125,0.0,0.5968750000000007,0.5,0.9084256189558453,0.12020748550266246,0.8174569028553844,0.05,-1.5999999999999996,2.1999999999999993,8.0,12.0,0,0,2,0,0,60,0,1,1,0
2000219,1.0,0.05,0.75,-1.79428125,-1.75,0.04428125,-11,44.28125,5.40625,0.1875,0.015625,0.0,0.5937500000000007,0.5,0.9436877038231605,0.0502924890538862,0.9411390053193098,0.05,-0.7999999999999998,-0.9499999999999997,4.0,9.0,0,0,1,0,0,62,1,0,0,0
2000220,1.0,0.05,0.75,0.3859218749999986,0.3999999999999986,0.01407812500000001,-7,14.078125,3.171875,0.15625,0.046875,0.0,0.5937500000000007,0.50234375,0.762574488364264,0.05010878857622766,0.7006035450357835,0.05,-0.9999999999999998,1.4000000000000004,5.0,8.0,0,0,0,0,0,63,1,0,0,0
2000221,1.0,0.05,0.75,-0.5220312499999983,-0.4999999999999982,0.02203125000000001,-11,22.03125,3.78125,0.21875,0.046875,0.03125,0.5935483870967748,0.5,0.9193439537993281,0.06382882717257343,0.9038412366713849,0.049999999999999996,-1.1999999999999997,0.7000000000000004,6.0,11.0,0,0,0,0,2,60,0,0,0,2
2000222,0.0,0.05,0.75,8.808750000000002,8.850000000000001,0.04125,-9,41.25,5.875,0.1875,0.046875,0.046875,0.5967213114754105,0.49508196721311476,0.8279052424236849,0.05199962266366005,0.7914465318615159,0.05,-0.4,9.25,2.0,13.0,0,0,2,0,1,58,0,0,0,3
2000223,0.0,0.05,0.75,3.3436406249999995,3.3499999999999996,0.006359375000000004,1,6.359375,2.265625,0.09375,0.109375,0.015625,0.5904761904761912,0.4976190476190476,0.5064496451195672,0.05001456399579812,0.04224442710702472,0.05,-0.8499999999999999,4.2,4.0,9.0,1,0,0,0,1,61,0,0,0,1
2000224,0.0,0.05,0.75,3.1994687500000003,3.2,0.0005312500000000004,-1,0.53125,0.53125,0.078125,0.0625,0.046875,0.5967213114754105,0.4950819672131148,0.5661380509269781,0.050001613340707525,0.20218076145137623,0.05,-0.4,3.5999999999999996,2.0,7.0,0,0,2,0,1,58,0,0,0,3
2000225,1.0,0.05,0.75,-2.1938437499999988,-2.1499999999999986,0.04384375000000001,-13,43.84375,5.21875,0.21875,0.015625,0.03125,0.6000000000000008,0.4951612903225807,0.9685206885412649,0.05458634961697041,0.966863454582442,0.05000000000000001,-0.19999999999999996,-1.9499999999999995,1.0,14.0,0,0,2,0,0,60,0,0,0,2
2000226,0.0,0.05,0.75,6.348328124999999,6.35,0.001671875000000001,-3,1.671875,0.953125,0.15625,0.109375,0.03125,0.5967741935483878,0.49758064516129036,0.45443217383952866,0.050536733218455886,0.09666066882642302,0.05000000000000001,-1.0,7.35,5.0,12.0,0,0,1,0,1,60,0,0,0,2
2000227,0.0,0.05,0.75,11.021656250000003,11.050000000000002,0.02834375000000001,-8,28.34375,4.75,0.25,0.125,0.0,0.5968750000000007,0.49531250000000004,0.888489940215811,0.23461918748561544,0.2575140158361391,0.05000000000000001,-1.2,12.250000000000004,6.0,18.0,0,0,2,0,1,61,0,0,0,0
2000228,0.0,0.05,0.75,5.596406249999999,5.6,0.0035937500000000023,-4,3.59375,1.4375,0.125,0.0625,0.0,0.5937500000000007,0.5,0.6082486309955216,0.050018806533445016,0.38450798042955625,0.05,-0.6000000000000001,6.199999999999999,3.0,9.0,0,0,1,0,0,62,1,0,0,0
2000229,0.0,0.05,0.75,6.882171874999998,6.899999999999999,0.017828125000000004,-5,17.828125,3.796875,0.15625,0.078125,0.015625,0.5968253968253975,0.5,0.5805956838588471,0.05029467513228781,0.33656683467967463,0.049999999999999996,-0.4,7.299999999999999,2.0,13.0,0,0,0,0,1,62,0,0,0,1
2000230,1.0,0.05,0.75,-2.8427968749999963,-2.7499999999999964,0.092796875,-16,92.796875,8.265625,0.265625,0.015625,0.03125,0.5967741935483878,0.5,0.9900675759850245,0.11664891666963306,0.98628808031216,0.049999999999999996,-0.5999999999999999,-2.1499999999999995,3.0,15.0,0,0,1,0,0,60,0,1,0,2
2000231,0.0,0.05,0.75,5.094906249999998,5.099999999999999,0.005093750000000003,-2,5.09375,1.875,0.125,0.09375,0.015625,0.5936507936507943,0.5047619047619047,0.45391939486439997,0.050032875504362063,0.11928039264751457,0.05,-0.6000000000000001,5.699999999999999,3.0,11.0,0,0,0,0,2,59,0,0,2,1
2000232,0.0,0.05,0.75,4.599124999999999,4.599999999999999,0.0008750000000000005,1,0.875,0.75,0.125,0.140625,0.0,0.6000000000000008,0.5,0.49256101233258065,0.05024930144343539,0.01685563795369665,0.049999999999999996,-0.8,5.399999999999999,4.0,13.0,0,0,0,0,0,64,0,0,0,0
2000233,0.0,0.05,0.75,8.578171874999997,8.599999999999998,0.021828125000000004,-7,21.828125,4.140625,0.1875,0.078125,0.015625,0.6000000000000008,0.5,0.6770343030352454,0.05368880207339084,0.5033590778162512,0.05,-0.4,9.0,2.0,15.0,0,0,0,0,0,63,0,0,0,1
2000234,1.0,0.05,0.75,-1.1897187500000004,-1.1500000000000004,0.03971875000000001,-11,39.71875,5.40625,0.203125,0.03125,0.03125,0.5967741935483878,0.49516129032258066,0.9209752265528071,0.05251466669132666,0.9132154874244454,0.049999999999999996,-0.19999999999999996,-0.9499999999999995,1.0,14.0,0,1,1,0,0,60,0,0,0,2
2000235,1.0,0.05,0.75,3.1913749999999976,3.1999999999999975,0.008625000000000006,-5,8.625,2.59375,0.1875,0.109375,0.046875,0.5967213114754105,0.5,0.5829370339444018,0.06432964027640745,0.193908818994568,0.05,-0.9999999999999998,4.199999999999999,5.0,14.0,0,0,0,0,1,60,0,0,0,3
2000236,0.0,0.05,0.75,9.1348125,9.15,0.01518750000000001,-4,15.1875,3.75,0.21875,0.15625,0.03125,0.5935483870967748,0.5024193548387097,0.7589604651080505,0.18343148351825253,0.04591265248843724,0.05000000000000001,-1.0,10.15,5.0,19.0,0,0,0,0,0,61,1,0,0,2
2000237,1.0,0.05,0.75,2.1940624999999985,2.1999999999999984,0.005937500000000004,-4,5.9375,2.03125,0.140625,0.078125,0.0,0.6000000000000008,0.5,0.5820510843804467,0.05008827563996599,0.291352169825768,0.05,-0.3999999999999999,2.5999999999999996,2.0,12.0,0,0,0,0,0,64,0,0,0,0
2000238,0.0,0.05,0.75,3.1944531249999994,3.1999999999999993,0.005546875000000004,5,5.546875,2.015625,0.109375,0.1875,0.0625,0.6000000000000008,0.4975,0.42941306852444816,0.06704746158339171,0.0014653526441522548,0.05,-1.4,4.599999999999999,7.0,12.0,0,0,1,0,0,59,0,0,0,4
2000239,1.0,0.05,0.75,-1.698609374999996,-1.599999999999996,0.09860937499999997,-14,98.609375,9.046875,0.25,0.03125,0.015625,0.6000000000000008,0.4976190476190476,0.9735998290077341,0.09232114093198224,0.9668762872780624,0.049999999999999996,-0.9999999999999998,-0.5999999999999994,5.0,13.0,0,0,1,0,0,62,0,0,0,1
2000240,1.0,0.05,0.75,-0.42042187499999795,-0.34999999999999787,0.07042187500000006,-9,70.421875,7.640625,0.1875,0.046875,0.0,0.5937500000000007,0.4953125,0.8169112604361713,0.05061900922051278,0.7809159053663907,0.05000000000000001,-0.5999999999999999,0.25000000000000067,3.0,12.0,1,0,1,0,0,62,0,0,0,0
2000241,1.0,0.05,0.75,-0.9837656249999993,-0.9499999999999993,0.033765625,-9,33.765625,4.796875,0.171875,0.03125,0.015625,0.587301587301588,0.4976190476190476,0.8607709406426021,0.05017234804901416,0.8441426500604448,0.05,0.0,-0.9499999999999995,0.0,13.0,1,0,0,0,2,60,0,0,0,1
2000242,0.0,0.05,0.75,4.1915781249999995,4.199999999999999,0.008421875000000006,-3,8.421875,2.578125,0.09375,0.046875,0.03125,0.5967741935483878,0.5,0.6120416916359837,0.0500024840512593,0.41269315257477157,0.05,-0.4,4.6,2.0,7.0,0,0,0,0,1,61,0,0,0,2
2000243,0.0,0.05,0.75,5.346249999999999,5.349999999999999,0.0037500000000000016,-1,3.75,1.5625,0.140625,0.125,0.0,0.5906250000000007,0.49765625,0.57543824560441,0.05023249520696131,0.05272129511090069,0.05,-0.75,6.099999999999999,3.0,14.0,1,0,1,0,1,60,0,0,1,0
2000244,0.0,0.05,0.75,5.1974374999999995,5.199999999999999,0.0025625000000000014,-2,2.5625,1.46875,0.125,0.09375,0.0625,0.6000000000000008,0.5,0.5280195479870023,0.050124229094896985,0.1291266593788458,0.05,-0.4,5.6,2.0,12.0,0,0,0,0,0,60,0,0,0,4
2000245,0.0,0.05,0.75,0.787828125,0.8,0.012171875000000009,5,12.171875,3.109375,0.046875,0.125,0.015625,0.5873015873015879,0.5047619047619047,0.2894895455289197,0.05002346300882483,0.00776203150999777,0.05,-0.6000000000000001,1.4000000000000004,3.0,8.0,0,0,0,0,2,59,1,0,1,1
2000246,0.0,0.05,0.75,1.9960000000000004,2.0000000000000004,0.004000000000000003,2,4.0,1.625,0.0625,0.09375,0.015625,0.6000000000000008,0.4976190476190476,0.4615300752794,0.05000226766646452,0.042626421896487854,0.05,-0.6000000000000001,2.6000000000000005,3.0,7.0,0,0,1,0,0,62,0,0,0,1
2000247,1.0,0.05,0.75,1.2114218750000019,1.2500000000000018,0.038578125000000005,-8,38.578125,5.609375,0.203125,0.078125,0.03125,0.6000000000000008,0.49032258064516127,0.7244307542090667,0.06428331317155829,0.5488872389024111,0.05,0.0,1.2500000000000007,0.0,18.0,0,0,4,0,0,58,0,0,0,2
2000248,0.0,0.05,0.75,3.3962499999999993,3.3999999999999995,0.003750000000000003,1,3.75,1.65625,0.09375,0.109375,0.0,0.5937500000000008,0.49765625,0.5134265610677862,0.05001108278188803,0.03807664237227116,0.05,-0.6000000000000001,3.999999999999999,3.0,10.0,1,0,0,0,0,63,0,0,0,0
2000249,1.0,0.05,0.75,-0.029421875000000007,0.0,0.029421875000000007,-9,29.421875,4.546875,0.1875,0.046875,0.0625,0.5966666666666673,0.5,0.8436403868228516,0.05341261345805111,0.8102571369822894,0.05,-0.19999999999999996,0.20000000000000062,1.0,14.0,0,0,0,0,1,59,0,0,0,4
2000250,0.0,0.05,0.75,6.494453124999998,6.499999999999998,0.005546875000000004,-3,5.546875,1.984375,0.15625,0.109375,0.0,0.5968750000000007,0.49765625,0.5947702293213255,0.05065339312614272,0.13718686396731256,0.05,-1.3,7.799999999999999,6.0,11.0,0,0,1,0,1,62,0,0,0,0
2000251,1.0,0.05,0.75,0.9865624999999982,0.9999999999999982,0.01343750000000001,-7,13.4375,3.15625,0.171875,0.0625,0.015625,0.5968253968253975,0.4976190476190476,0.7279273678852534,0.05087929462831907,0.6063046095870436,0.05,0.0,1.0000000000000007,0.0,15.0,0,0,1,0,1,61,0,0,0,1
2000252,0.0,0.05,0.75,6.396171874999998,6.399999999999998,0.0038281250000000017,-2,3.828125,1.578125,0.15625,0.125,0.0,0.6000000000000008,0.5,0.5149674908201576,0.05076342334813962,0.06034471064474157,0.05,-0.8,7.199999999999998,4.0,14.0,0,0,0,0,0,64,0,0,0,0
2000253,0.0,0.05,0.75,0.9687500000000002,1.0000000000000002,0.03124999999999999,7,31.25,5.3125,0.0625,0.171875,0.046875,0.6000000000000008,0.5,0.2795313339136656,0.05144414681534064,0.0012204277174990988,0.05000000000000001,-1.5999999999999999,2.6000000000000005,8.0,7.0,0,0,0,0,0,61,0,0,0,3
2000254,0.0,0.05,0.75,6.998281249999998,6.999999999999998,0.0017187500000000013,-2,1.71875,1.09375,0.171875,0.140625,0.015625,0.5936507936507943,0.5,0.5261679568769516,0.05481385445102833,0.04055062695423707,0.05000000000000001,-1.0,7.999999999999998,5.0,15.0,1,0,0,0,0,61,0,0,1,1
2000255,1.0,0.05,0.75,1.294187499999999,1.299999999999999,0.005812500000000004,-5,5.8125,2.0625,0.140625,0.0625,0.03125,0.5935483870967748,0.5,0.6185391196632133,0.05008769055822355,0.4352990927979742,0.05,0.0,1.3000000000000005,0.0,13.0,0,0,0,0,2,60,0,0,0,2
2000256,1.0,0.05,0.75,-2.466078124999997,-2.399999999999997,0.06607812500000003,-15,66.078125,7.109375,0.25,0.015625,0.015625,0.6000000000000008,0.5,0.9857915104261638,0.07952656127649774,0.9835839551593993,0.05,-0.5999999999999999,-1.7999999999999994,3.0,14.0,0,0,0,0,0,63,0,0,0,1
2000257,1.0,0.05,0.75,-0.017546875000000902,-8.881784197001252e-16,0.017546875000000014,-6,17.546875,3.765625,0.125,0.03125,0.015625,0.5968253968253975,0.4976190476190476,0.7832451255272731,0.05001401121812254,0.7246783594825659,0.05,-0.5999999999999999,0.6000000000000003,3.0,7.0,0,0,1,0,1,61,0,0,0,1
2000258,1.0,0.05,0.75,-1.0553437499999982,-0.9999999999999982,0.05534375000000002,-11,55.34375,6.625,0.203125,0.03125,0.0625,0.6000000000000008,0.5,0.929698633556673,0.05570511975594719,0.9221237688883387,0.05000000000000001,-0.7999999999999998,-0.1999999999999995,4.0,11.0,0,0,0,0,0,60,0,0,0,4
2000259,0.0,0.05,0.75,5.998093749999999,5.999999999999999,0.0019062500000000013,-3,1.90625,0.90625,0.140625,0.09375,0.03125,0.5967741935483878,0.49758064516129036,0.5631171071875285,0.05024648060754438,0.16687361614635432,0.05,-0.2,6.199999999999999,1.0,14.0,0,0,1,0,1,60,0,0,0,2
2000260,0.0,0.05,0.75,5.245921874999999,5.249999999999999,0.004078125000000003,-3,4.078125,1.859375,0.125,0.078125,0.015625,0.6000000000000008,0.5,0.6317857891628715,0.050043330399874277,0.28061754034795744,0.05,-0.2,5.449999999999999,1.0,12.0,0,0,1,0,0,61,0,0,1,1
2000261,0.0,0.05,0.75,2.673109375,2.7,0.026890625000000015,4,26.890625,4.890625,0.09375,0.15625,0.0,0.5968750000000007,0.49765625,0.3557273889472546,0.050446445778925306,0.0027797314245942262,0.05,-0.25,2.95,2.0,14.0,0,0,2,0,1,60,0,0,1,0
2000262,0.0,0.05,0.75,5.2485,5.25,0.0015000000000000005,-2,1.5,0.8125,0.125,0.09375,0.015625,0.5936507936507943,0.4928571428571429,0.3280223580605489,0.05003419362206555,0.05065085391764427,0.049999999999999996,-0.25,5.5,2.0,12.0,0,0,3,0,2,58,0,0,0,1
2000263,0.0,0.05,0.75,6.398281249999998,6.399999999999999,0.001718750000000001,-2,1.71875,1.0,0.15625,0.125,0.046875,0.5967213114754105,0.5,0.5167936883607126,0.05189958116115422,0.06034471064474152,0.049999999999999996,-0.6000000000000001,6.999999999999999,3.0,15.0,0,0,0,0,1,60,0,0,0,3
2000264,0.0,0.05,0.75,1.1975937500000005,1.2000000000000004,0.0024062500000000017,3,2.40625,1.34375,0.046875,0.09375,0.0,0.5906250000000007,0.49765625,0.40419430031099224,0.050001201893876475,0.03190790184174749,0.049999999999999996,-0.6000000000000001,1.8,3.0,6.0,1,0,0,0,1,62,0,0,0,0
2000265,1.0,0.05,0.75,-3.118390624999999,-3.049999999999999,0.06839062500000002,-14,68.390625,7.328125,0.21875,0.0,0.03125,0.5967741935483878,0.4951612903225807,0.9825280538263887,0.052937450296835296,0.9820487924049295,0.049999999999999996,-0.8500000000000001,-2.1999999999999993,3.0,11.0,0,0,2,0,1,59,0,0,0,2
2000266,0.0,0.05,0.75,7.483374999999997,7.499999999999997,0.016625,-2,16.625,3.78125,0.1875,0.15625,0.0,0.5968750000000007,0.5,0.4907783433666711,0.062113987295454365,0.02477733733965005,0.05,-1.2,8.700000000000001,6.0,16.0,0,0,0,0,1,63,0,0,0,0
2000267,1.0,0.05,0.75,-0.22482812500000104,-0.20000000000000107,0.024828124999999993,-7,24.828125,4.140625,0.140625,0.03125,0.0,0.6000000000000008,0.49531250000000004,0.8239830882402268,0.05003318141745978,0.7804930691475499,0.049999999999999996,0.0,-0.1999999999999995,0.0,11.0,0,0,2,0,0,62,0,0,0,0
2000268,0.0,0.05,0.75,2.5982031249999995,2.5999999999999996,0.0017968750000000012,2,1.796875,1.046875,0.078125,0.109375,0.03125,0.5935483870967748,0.5,0.46063926699704394,0.05001491188413899,0.02846815651312218,0.05,-0.6000000000000001,3.1999999999999993,3.0,9.0,0,0,0,1,0,61,0,0,0,2
2000269,1.0,0.05,0.75,-2.7422656249999995,-2.6999999999999993,0.042265625000000015,-12,42.265625,5.140625,0.1875,0.0,0.015625,0.6000000000000008,0.4952380952380953,0.9676044926345528,0.050249422754788386,0.9668506170856662,0.05,-0.95,-1.7499999999999998,4.0,8.0,0,0,2,0,0,61,0,0,0,1
2000270,0.0,0.05,0.75,4.996375,5.0,0.0036250000000000024,-2,3.625,1.6875,0.125,0.09375,0.046875,0.5934426229508203,0.4975409836065574,0.4950581007457867,0.05006569901521824,0.11427329172135962,0.05,-1.0,6.0,5.0,9.0,0,0,1,1,0,59,0,0,0,3
2000271,0.0,0.05,0.75,5.193968749999999,5.199999999999999,0.006031250000000002,-5,6.03125,1.71875,0.109375,0.03125,0.03125,0.6000000000000008,0.49516129032258066,0.7495671152558062,0.050006883926081755,0.6608386470530989,0.05,0.0,5.199999999999999,0.0,9.0,0,0,2,0,0,60,0,0,0,2
2000272,0.0,0.05,0.75,2.2980156249999997,2.3,0.0019843750000000013,1,1.984375,1.234375,0.078125,0.09375,0.03125,0.5935483870967748,0.5,0.5000048606444716,0.05000300128641138,0.07351216762122458,0.05,-0.2,2.5,1.0,10.0,0,0,1,0,0,60,1,0,0,2
2000273,1.0,0.05,0.75,1.1847187499999985,1.1999999999999984,0.015281250000000012,-6,15.28125,3.3125,0.15625,0.0625,0.015625,0.5968253968253975,0.4976190476190476,0.6930155424390724,0.05029608024271984,0.5327159086609196,0.05,-0.19999999999999996,1.4000000000000006,1.0,13.0,0,1,0,0,0,62,0,0,0,1
2000274,1.0,0.05,0.75,0.5662812500000014,0.6000000000000014,0.03371875000000001,-9,33.71875,5.34375,0.203125,0.0625,0.0,0.6000000000000008,0.5,0.7988524559283033,0.05481440835980122,0.7375577503853923,0.05000000000000001,-0.5999999999999999,1.2000000000000006,3.0,14.0,0,0,0,0,0,64,0,0,0,0
2000275,1.0,0.05,0.75,-1.687968749999996,-1.599999999999996,0.08796874999999997,-14,87.96875,7.90625,0.25,0.03125,0.015625,0.5936507936507943,0.4952380952380952,0.9742282012183735,0.0960889333976634,0.9668762872780626,0.05000000000000001,-0.9999999999999998,-0.5999999999999992,5.0,13.0,1,0,1,0,0,61,0,0,0,1
2000276,1.0,0.05,0.75,-1.6959062499999968,-1.6499999999999968,0.04590625000000001,-13,45.90625,5.5,0.234375,0.03125,0.0,0.5937500000000007,0.49765625,0.9525406353335505,0.058034528171789626,0.9486917015130342,0.05,-1.0499999999999998,-0.5999999999999994,4.0,13.0,0,1,0,0,1,62,0,0,0,0
2000277,1.0,0.05,0.75,-0.6165156250000015,-0.6000000000000014,0.016515625000000006,-9,16.515625,3.140625,0.171875,0.03125,0.0,0.6000000000000008,0.49765625,0.8835990142940423,0.050244331981487575,0.8664641044636614,0.05,-0.9999999999999998,0.40000000000000036,5.0,8.0,0,0,1,0,0,63,0,0,0,0
2000278,1.0,0.05,0.75,1.535124999999999,1.549999999999999,0.014875000000000011,-7,14.875,3.5,0.1875,0.078125,0.03125,0.590322580645162,0.5024193548387097,0.6638140834874322,0.05430836529576296,0.49002395726671344,0.049999999999999996,-0.3999999999999999,1.9500000000000004,2.0,15.0,0,0,0,0,1,60,1,0,0,2
2000279,0.0,0.05,0.75,5.448281249999999,5.449999999999999,0.001718750000000001,-2,1.71875,1.03125,0.140625,0.109375,0.015625,0.590476190476191,0.4952380952380953,0.4700493152491844,0.050136036247635594,0.0753172640786159,0.05,-0.4,5.85,2.0,14.0,1,0,1,0,1,60,0,0,0,1
2000280,1.0,0.05,0.75,1.3839999999999986,1.3999999999999986,0.01600000000000001,-5,16.0,3.53125,0.140625,0.0625,0.03125,0.6000000000000008,0.5,0.644983689857827,0.05011444069816997,0.45767570635494076,0.05,-0.5999999999999999,2.0000000000000004,3.0,10.0,0,0,0,0,0,62,0,0,0,2
2000281,1.0,0.05,0.75,-0.4569062499999951,-0.399999999999995,0.056906250000000026,-14,56.90625,6.375,0.28125,0.0625,0.03125,0.6000000000000008,0.5,0.9896406389469814,0.26158107587398505,0.9267010069988763,0.05,-0.5999999999999999,0.20000000000000084,3.0,19.0,0,0,0,0,0,62,0,0,0,2
2000282,1.0,0.05,0.75,-1.679140624999996,-1.599999999999996,0.079140625,-14,79.140625,7.734375,0.25,0.03125,0.03125,0.6000000000000008,0.5,0.9746300739183272,0.10118499678824465,0.9668762872780624,0.049999999999999996,-1.3999999999999997,-0.1999999999999995,7.0,11.0,0,0,0,0,0,62,0,0,0,2
2000283,0.0,0.05,0.75,1.9947187499999999,1.9999999999999998,0.005281250000000004,5,5.28125,1.96875,0.078125,0.15625,0.03125,0.5935483870967748,0.5,0.38439656989610427,0.05054343526497425,0.003376760792349413,0.05000000000000001,-1.2,3.2,6.0,9.0,0,0,1,0,0,60,1,0,0,2
2000284,1.0,0.05,0.75,-2.2672499999999993,-2.1999999999999993,0.06725000000000002,-13,67.25,7.40625,0.21875,0.015625,0.046875,0.5901639344262302,0.4975409836065574,0.9680189870536503,0.055789252521369334,0.9661808129110433,0.05000000000000001,-0.19999999999999996,-1.9999999999999993,1.0,14.0,0,0,1,1,1,58,0,0,0,3
2000285,1.0,0.05,0.75,-0.23681249999999932,-0.1999999999999993,0.03681250000000002,-10,36.8125,5.4375,0.203125,0.046875,0.03125,0.6000000000000008,0.5,0.8749895226659341,0.055127275510921885,0.8522597895823483,0.05,-0.7999999999999998,0.6000000000000005,4.0,12.0,0,0,0,0,0,62,0,0,0,2
2000286,0.0,0.05,0.75,7.387265624999999,7.399999999999999,0.01273437500000001,-7,12.734375,2.921875,0.15625,0.046875,0.03125,0.6000000000000008,0.5,0.7691990129111397,0.050228979094153935,0.7006035450357836,0.05,-0.4,7.799999999999999,2.0,11.0,0,0,1,0,0,60,0,0,1,2
2000287,1.0,0.05,0.75,2.244531249999999,2.249999999999999,0.005468750000000004,-3,5.46875,2.0,0.125,0.078125,0.03125,0.5935483870967748,0.5024193548387097,0.6127911244572501,0.050052734320871775,0.28061754034795866,0.049999999999999996,-0.3999999999999999,2.6500000000000004,2.0,11.0,0,0,1,0,1,58,0,1,1,2
2000288,1.0,0.05,0.75,-0.4484218749999986,-0.3999999999999986,0.04842187500000002,-11,48.421875,6.078125,0.21875,0.046875,0.015625,0.5968253968253975,0.4952380952380953,0.9064064053262,0.06258265130598445,0.8862695695004678,0.05,-0.9999999999999998,0.6000000000000005,5.0,12.0,0,1,1,0,0,61,0,0,0,1
2000289,1.0,0.05,0.75,-1.4361406250000004,-1.4000000000000004,0.036140625000000016,-10,36.140625,5.390625,0.171875,0.015625,0.0,0.6000000000000008,0.5,0.934574961027849,0.05015120353908666,0.9301615151943894,0.05,-0.9999999999999998,-0.3999999999999997,5.0,7.0,0,0,0,0,0,64,0,0,0,0
2000290,0.0,0.05,0.75,4.4379062499999975,4.4499999999999975,0.012093750000000007,4,12.09375,3.0625,0.140625,0.203125,0.03125,0.6000000000000008,0.49758064516129036,0.32011917474619006,0.11061317887631297,0.0011580925028510962,0.05,-0.8,5.249999999999998,4.0,18.0,0,0,1,0,0,61,0,0,0,2
2000291,0.0,0.05,0.75,5.847921875,5.85,0.002078125000000001,-3,2.078125,1.078125,0.140625,0.09375,0.0,0.5937500000000007,0.49765625,0.4942534756559964,0.05008081579747609,0.15110460944295243,0.05,-0.6000000000000001,6.449999999999999,3.0,12.0,0,0,2,0,0,61,1,0,0,0
2000292,0.0,0.05,0.75,6.891093749999998,6.899999999999998,0.008906250000000006,-6,8.90625,2.53125,0.15625,0.0625,0.015625,0.6000000000000008,0.4952380952380953,0.6163398477051493,0.050125658160381656,0.4737793075739681,0.05,-0.2,7.099999999999999,1.0,13.0,0,0,2,0,0,61,0,0,0,1
2000293,1.0,0.05,0.75,-0.4745937499999993,-0.4499999999999993,0.02459375,-11,24.59375,3.8125,0.21875,0.046875,0.0,0.5843750000000006,0.50234375,0.896516864349035,0.0566683085407287,0.8807807163472701,0.05,-0.3999999999999999,-0.04999999999999938,2.0,15.0,0,0,0,0,3,60,1,0,0,0
2000294,1.0,0.05,0.75,0.39439062499999944,0.39999999999999947,0.005609375000000004,-4,5.609375,2.046875,0.09375,0.03125,0.015625,0.6000000000000008,0.5,0.6935985854359682,0.05000137374383119,0.5905596912997234,0.05000000000000002,-0.19999999999999996,0.6000000000000003,1.0,7.0,0,0,0,0,0,63,0,0,0,1
2000295,1.0,0.05,0.75,0.7263593750000018,0.7500000000000018,0.023640625000000016,-10,23.640625,3.921875,0.234375,0.078125,0.015625,0.5968253968253975,0.5,0.8596581007109216,0.11423027126923635,0.7452275905831433,0.05000000000000001,-0.7,1.4500000000000002,3.0,17.0,0,0,1,0,1,60,0,0,1,1
2000296,0.0,0.05,0.75,6.9964218749999985,6.999999999999998,0.0035781250000000027,-2,3.578125,1.609375,0.171875,0.140625,0.015625,0.587301587301588,0.5,0.5184672959101656,0.05466625911868194,0.040550626954236994,0.05000000000000001,-0.2,7.199999999999998,1.0,19.0,1,0,0,0,0,61,1,0,0,1
2000297,0.0,0.05,0.75,3.74896875,3.75,0.0010312500000000005,-2,1.03125,0.6875,0.09375,0.0625,0.015625,0.5968253968253975,0.5,0.6423809155312667,0.05000287919649856,0.3237409706534371,0.05,-0.6000000000000001,4.35,3.0,7.0,0,0,1,0,0,61,0,1,0,1
2000298,1.0,0.05,0.75,0.5836718749999996,0.5999999999999996,0.016328125000000006,-9,16.328125,3.359375,0.203125,0.0625,0.046875,0.58688524590164,0.49508196721311476,0.8173693411722451,0.06490529528026359,0.7375577503853931,0.05,-0.3999999999999999,1.0000000000000007,2.0,15.0,1,0,2,0,1,56,0,1,0,3
2000299,1.0,0.05,0.75,0.8899218749999985,0.8999999999999986,0.010078125000000005,-7,10.078125,2.546875,0.171875,0.0625,0.015625,0.590476190476191,0.5023809523809524,0.7466438640672621,0.050713102323258624,0.6500520443547323,0.05,-0.5999999999999999,1.5000000000000007,3.0,12.0,0,0,0,0,1,61,1,0,0,1
2000300,0.0,0.05,0.75,5.196249999999999,5.199999999999999,0.003750000000000003,-2,3.75,1.6875,0.125,0.09375,0.03125,0.5967741935483878,0.49758064516129036,0.5492289348004961,0.050073321362614324,0.12912665937884643,0.05000000000000001,-1.0,6.199999999999999,5.0,9.0,0,0,1,0,1,60,0,0,0,2
2000301,0.0,0.05,0.75,6.046578124999999,6.049999999999999,0.003421875000000002,-3,3.421875,1.546875,0.140625,0.09375,0.0,0.5968750000000007,0.49765625,0.5057431743134709,0.05011391883845658,0.14607095517670976,0.05000000000000001,-0.75,6.799999999999999,4.0,11.0,0,1,0,0,0,63,0,0,0,0
2000302,0.0,0.05,0.75,3.8950312499999993,3.8999999999999995,0.0049687500000000035,-2,4.96875,2.09375,0.09375,0.0625,0.0625,0.5966666666666673,0.5,0.5223981202924909,0.050004821474883616,0.2382087240789179,0.05000000000000001,-0.2,4.1,1.0,9.0,0,0,0,0,1,59,0,0,0,4
2000303,1.0,0.05,0.75,0.38145312499999856,0.3999999999999986,0.018546875000000004,-7,18.546875,3.171875,0.15625,0.046875,0.015625,0.5968253968253975,0.5,0.7687350501631119,0.05016855732252204,0.7006035450357833,0.05,-0.3999999999999999,0.8000000000000005,2.0,11.0,0,0,0,0,1,62,0,0,0,1
2000304,0.0,0.05,0.75,4.5490781249999985,4.549999999999999,0.0009218750000000006,2,0.921875,0.703125,0.125,0.15625,0.03125,0.6000000000000008,0.49758064516129036,0.2993296272187863,0.05298130352271273,0.0032795907952189404,0.049999999999999996,-0.65,5.199999999999998,4.0,14.0,0,0,1,0,0,61,0,0,0,2
2000305,0.0,0.05,0.75,3.3491250000000004,3.3500000000000005,0.0008750000000000006,0,0.875,0.71875,0.09375,0.09375,0.015625,0.5936507936507943,0.5023809523809524,0.566777024143107,0.050005556309997395,0.10202926513342403,0.05,-1.05,4.3999999999999995,4.0,8.0,0,0,0,0,1,61,0,1,0,1
2000306,0.0,0.05,0.75,5.193718749999999,5.199999999999998,0.006281250000000004,-2,6.28125,2.125,0.125,0.09375,0.03125,0.5967741935483878,0.5,0.5279306345599365,0.05006746380620059,0.12912665937884618,0.05,-1.0,6.199999999999999,5.0,9.0,0,0,0,0,1,61,0,0,0,2
2000307,1.0,0.05,0.75,1.5974062499999997,1.5999999999999996,0.0025937500000000014,-4,2.59375,1.21875,0.125,0.0625,0.03125,0.6000000000000008,0.49758064516129036,0.6262019296620996,0.050039667689572076,0.3845079804295564,0.05,-0.19999999999999996,1.8,1.0,11.0,0,0,1,0,0,61,0,0,0,2
2000308,1.0,0.05,0.75,-2.900406249999995,-2.7999999999999954,0.10040624999999999,-17,100.40625,8.46875,0.28125,0.015625,0.03125,0.5967741935483878,0.5,0.9962514476608721,0.19545125440915884,0.9909370120010642,0.05,-0.5999999999999999,-2.2,3.0,16.0,0,0,0,0,1,61,0,0,0,2
2000309,1.0,0.05,0.75,3.891187499999998,3.8999999999999977,0.008812500000000006,-4,8.8125,2.59375,0.1875,0.125,0.0,0.5937500000000007,0.49765625,0.6144550844316142,0.05997538917494256,0.12384974196470826,0.05,-0.5999999999999999,4.499999999999999,3.0,17.0,0,1,0,0,1,62,0,0,0,0
2000310,1.0,0.05,0.75,-3.2592187499999974,-3.1999999999999975,0.05921875000000003,-16,59.21875,6.375,0.25,0.0,0.046875,0.6000000000000008,0.5,0.9933383584028446,0.09162438601760048,0.99193454074908,0.049999999999999996,-0.7999999999999998,-2.3999999999999995,4.0,12.0,0,0,0,0,0,61,0,0,0,3
2000311,1.0,0.05,0.75,-0.6326718749999997,-0.5999999999999996,0.03267187500000002,-10,32.671875,4.765625,0.203125,0.046875,0.015625,0.5904761904761912,0.5,0.8819558427341506,0.0523786094940491,0.8635130530544622,0.05,-0.7999999999999998,0.2000000000000004,4.0,12.0,0,1,1,0,0,59,1,0,1,1
2000312,1.0,0.05,0.75,1.8323749999999979,1.8499999999999979,0.01762500000000001,-5,17.625,3.65625,0.15625,0.078125,0.0,0.5968750000000007,0.4953125,0.5869788503842215,0.05021925842654197,0.33046409725267223,0.05,-0.7999999999999998,2.6500000000000004,4.0,11.0,0,0,2,0,1,61,0,0,0,0
2000313,0.0,0.05,0.75,9.542937499999997,9.599999999999998,0.05706250000000002,-11,57.0625,7.15625,0.203125,0.03125,0.015625,0.5968253968253974,0.4928571428571429,0.9031297515700458,0.051068242418614816,0.8951977257772035,0.05000000000000001,-0.4,9.999999999999998,2.0,13.0,0,0,3,0,1,59,0,0,0,1
2000314,1.0,0.05,0.75,-2.3933125000000013,-2.3500000000000014,0.043312500000000004,-11,43.3125,5.59375,0.171875,0.0,0.015625,0.6000000000000008,0.4952380952380953,0.9617450384191761,0.05012194366997429,0.9604668808630565,0.05,0.0,-2.3499999999999996,0.0,11.0,0,0,2,0,0,61,0,0,0,1
2000315,1.0,0.05,0.75,-2.2488124999999974,-2.1999999999999975,0.04881250000000003,-14,48.8125,5.625,0.234375,0.015625,0.0,0.5906250000000006,0.5,0.9791999935640365,0.058493995219047176,0.9779509423448588,0.05,-0.3999999999999999,-1.7999999999999994,2.0,14.0,0,0,2,0,0,60,1,1,0,0
2000316,1.0,0.05,0.75,-0.5203593750000008,-0.5000000000000009,0.020359375000000006,-8,20.359375,3.671875,0.15625,0.03125,0.078125,0.5966101694915261,0.4974576271186441,0.8418072630348086,0.05031433155303223,0.8143816801726018,0.049999999999999996,-0.19999999999999996,-0.2999999999999996,1.0,11.0,0,0,1,0,1,57,0,0,0,5
2000317,1.0,0.05,0.75,-0.8750937499999997,-0.8499999999999996,0.025093750000000015,-10,25.09375,4.09375,0.1875,0.03125,0.0,0.5812500000000006,0.5046875,0.9017210790026563,0.0504957548251603,0.8925885113025055,0.05,-0.8499999999999999,4.440892098500626e-16,4.0,10.0,0,0,0,1,0,61,2,0,0,0
2000318,1.0,0.05,0.75,-0.008890625000000893,-8.881784197001252e-16,0.008890625000000004,-6,8.890625,2.359375,0.125,0.03125,0.03125,0.5967741935483878,0.5,0.7787742921389106,0.05001741216952477,0.7246783594825653,0.05,-0.7999999999999998,0.8000000000000003,4.0,6.0,0,0,0,0,1,61,0,0,0,2
2000319,1.0,0.05,0.75,1.028499999999998,1.049999999999998,0.02150000000000001,-6,21.5,4.09375,0.15625,0.0625,0.015625,0.6000000000000008,0.49285714285714294,0.6704820464721698,0.050226375337562475,0.5032589285598308,0.05,-0.19999999999999996,1.2500000000000004,1.0,13.0,0,0,3,0,0,60,0,0,0,1
2000320,1.0,0.05,0.75,-0.03679687499999999,0.0,0.03679687499999999,-9,36.796875,5.390625,0.1875,0.046875,0.0625,0.6000000000000008,0.4975,0.8464964752491959,0.05378191129722583,0.8102571369822891,0.05,-0.9999999999999998,1.0000000000000004,5.0,10.0,0,0,1,0,0,59,0,0,0,4
2000321,1.0,0.05,0.75,2.9910937499999983,2.9999999999999982,0.008906250000000006,-3,8.90625,2.625,0.140625,0.09375,0.0,0.5968750000000007,0.49531250000000004,0.586517936261457,0.05014948891666559,0.16687361614635493,0.05,-0.19999999999999996,3.2,1.0,14.0,0,1,1,0,0,62,0,0,0,0
2000322,0.0,0.05,0.75,3.1953906249999995,3.1999999999999993,0.004609375000000003,2,4.609375,1.859375,0.09375,0.125,0.0,0.6000000000000008,0.49765625,0.49254748987507874,0.050033581269333466,0.018919592205066248,0.05,-0.4,3.5999999999999996,2.0,12.0,0,0,1,0,0,63,0,0,0,0
2000323,1.0,0.05,0.75,-0.8217343750000007,-0.8000000000000007,0.02173437500000001,-10,21.734375,3.640625,0.1875,0.03125,0.046875,0.6000000000000008,0.4975409836065574,0.9088502104699073,0.051686811344912854,0.8975969384928342,0.05000000000000001,-0.5999999999999999,-0.1999999999999995,3.0,11.0,0,0,1,0,0,60,0,0,0,3
2000324,1.0,0.05,0.75,-3.2878749999999974,-3.1999999999999975,0.08787500000000002,-16,87.875,8.3125,0.25,0.0,0.046875,0.6000000000000008,0.5024590163934426,0.9933095024414875,0.0908844825190681,0.99193454074908,0.049999999999999996,-0.5999999999999999,-2.5999999999999996,3.0,13.0,0,0,0,0,0,60,0,0,1,3
2000325,1.0,0.05,0.75,1.9889687499999982,1.9999999999999982,0.011031250000000008,-5,11.03125,2.9375,0.15625,0.078125,0.015625,0.5968253968253975,0.5,0.6100153354245517,0.0503861831063684,0.35707739635299096,0.05,-0.3999999999999999,2.4000000000000004,2.0,13.0,0,0,1,0,1,60,0,0,1,1
2000326,1.0,0.05,0.75,2.998234374999999,2.999999999999999,0.0017656250000000011,-2,1.765625,1.109375,0.125,0.09375,0.0,0.5937500000000007,0.49765625,0.5556338256671728,0.050032688391009446,0.1404207937270762,0.05000000000000002,-0.5,3.499999999999999,2.0,12.0,0,0,1,0,2,61,0,0,0,0
2000327,0.0,0.05,0.75,2.5982343750000005,2.6000000000000005,0.0017656250000000011,2,1.765625,1.109375,0.078125,0.109375,0.015625,0.590476190476191,0.5023809523809524,0.43410083602354704,0.05001222897172914,0.028468156513122234,0.05000000000000001,-0.6000000000000001,3.2,3.0,9.0,0,0,0,0,1,61,1,0,0,1
2000328,0.0,0.05,0.75,5.245703124999999,5.249999999999998,0.004296875000000003,2,4.296875,1.796875,0.15625,0.1875,0.015625,0.5904761904761912,0.5023809523809524,0.5480981417429538,0.061660845716454346,0.005341461306910261,0.049999999999999996,-1.0,6.249999999999998,5.0,17.0,0,0,0,0,1,61,1,0,0,1
2000329,0.0,0.05,0.75,7.694312499999999,7.699999999999998,0.005687500000000004,-4,5.6875,2.03125,0.1875,0.125,0.0,0.5906250000000007,0.5,0.5026661043903533,0.05511898033076942,0.0960794264104009,0.05,-0.4,8.1,2.0,18.0,1,0,0,0,0,62,0,1,0,0
2000330,1.0,0.05,0.75,-0.8339062500000007,-0.8000000000000007,0.03390625000000002,-10,33.90625,5.03125,0.1875,0.03125,0.0,0.6000000000000008,0.49531250000000004,0.9094782048136939,0.05074028333972023,0.8975969384928342,0.05000000000000001,-0.3999999999999999,-0.39999999999999947,2.0,12.0,0,0,2,0,0,62,0,0,0,0
2000331,0.0,0.05,0.75,3.5984843749999986,3.5999999999999988,0.0015156250000000007,0,1.515625,0.921875,0.09375,0.09375,0.0,0.5906250000000007,0.50234375,0.47172756975628544,0.05000478619777177,0.07514543856402013,0.05,-0.8,4.3999999999999995,4.0,8.0,0,0,0,0,1,62,1,0,0,0
2000332,1.0,0.05,0.75,2.1983906249999983,2.1999999999999984,0.0016093750000000008,-4,1.609375,0.984375,0.140625,0.078125,0.015625,0.6000000000000008,0.4976190476190476,0.5992716774937392,0.050133013791455024,0.2913521698257677,0.05000000000000001,-0.5999999999999999,2.8,3.0,11.0,0,0,1,0,0,62,0,0,0,1
2000333,0.0,0.05,0.75,8.19209375,8.2,0.007906250000000004,-5,7.90625,2.0,0.1875,0.109375,0.015625,0.5936507936507943,0.5023809523809524,0.5462370952391512,0.05683162245369753,0.19390881899456816,0.05,-0.8,9.000000000000002,4.0,15.0,0,0,0,0,0,62,1,0,0,1
2000334,1.0,0.05,0.75,-1.848593749999999,-1.799999999999999,0.04859375000000001,-13,48.59375,6.34375,0.234375,0.03125,0.015625,0.5968253968253975,0.4952380952380953,0.9468167084956207,0.05804324427365954,0.9426334652874675,0.05,-0.5999999999999999,-1.1999999999999995,3.0,14.0,0,1,1,0,0,61,0,0,0,1
2000335,1.0,0.05,0.75,0.8217343750000015,0.8500000000000014,0.028265625000000006,-10,28.265625,4.796875,0.234375,0.078125,0.015625,0.5968253968253975,0.4928571428571429,0.8288811758810077,0.1130315563576777,0.6894788488454844,0.04999999999999999,-0.3999999999999999,1.2500000000000007,2.0,18.0,0,0,4,0,1,57,0,0,1,1
2000336,0.0,0.05,0.75,3.797484374999999,3.799999999999999,0.0025156250000000014,-1,2.515625,1.359375,0.09375,0.078125,0.0,0.6000000000000008,0.49296875000000007,0.581230606831813,0.050003060399224294,0.14293933298391054,0.05000000000000001,-0.6000000000000001,4.3999999999999995,3.0,8.0,0,0,3,0,0,61,0,0,0,0
2000337,1.0,0.05,0.75,2.999578125,3.0,0.00042187500000000027,0,0.421875,0.421875,0.078125,0.078125,0.03125,0.6000000000000008,0.5,0.49999999999999994,0.0500019452776517,0.10989221261707924,0.05,-0.19999999999999996,3.1999999999999993,1.0,9.0,0,0,0,0,0,62,0,0,0,2
2000338,0.0,0.05,0.75,10.210609375000002,10.250000000000002,0.039390625000000005,-10,39.390625,5.546875,0.21875,0.0625,0.015625,0.5936507936507943,0.5,0.8159736037312921,0.06095114179335854,0.7713681194107183,0.05,-0.4,10.650000000000002,2.0,16.0,0,0,1,0,0,61,1,0,0,1
2000339,0.0,0.05,0.75,2.5993437499999996,2.5999999999999996,0.0006562500000000004,2,0.65625,0.53125,0.078125,0.109375,0.015625,0.5968253968253975,0.5023809523809524,0.4379920730774974,0.05001204703550794,0.028468156513122345,0.049999999999999996,-0.2,2.8,1.0,11.0,0,0,0,0,0,62,0,1,0,1
2000340,0.0,0.05,0.75,11.533343750000002,11.600000000000001,0.06665625000000001,-13,66.65625,6.71875,0.234375,0.03125,0.015625,0.6000000000000008,0.4952380952380953,0.9614362941724199,0.06883224204235099,0.9557680118210874,0.05,-0.4,12.000000000000002,2.0,15.0,0,0,2,0,0,61,0,0,0,1
2000341,1.0,0.05,0.75,0.18178124999999928,0.1999999999999993,0.01821875000000001,-8,18.21875,3.75,0.171875,0.046875,0.03125,0.6000000000000008,0.5,0.807104233517517,0.0506608351804252,0.7596803231267497,0.05,-0.9999999999999998,1.2000000000000002,5.0,9.0,0,0,0,0,0,62,0,0,0,2
2000342,0.0,0.05,0.75,11.370640625000002,11.400000000000002,0.029359375000000007,-12,29.359375,4.015625,0.234375,0.046875,0.0,0.5875000000000007,0.49765625,0.9285372440499192,0.07156106255776618,0.9132472320601313,0.05,-0.2,11.600000000000001,1.0,17.0,1,0,1,0,0,61,1,0,0,0
2000343,0.0,0.05,0.75,4.345140624999999,4.349999999999999,0.004859375000000003,-2,4.859375,1.890625,0.109375,0.078125,0.0625,0.5966666666666673,0.4975,0.5366126649293615,0.050020586595460874,0.1945226814048219,0.049999999999999996,-0.4,4.749999999999999,2.0,10.0,0,0,1,0,1,58,0,0,0,4
2000344,0.0,0.05,0.75,7.293156249999998,7.299999999999998,0.006843750000000004,-4,6.84375,2.28125,0.171875,0.109375,0.015625,0.5936507936507943,0.5,0.5126458324563384,0.05185084890132327,0.1398997868160355,0.05,-1.0,8.299999999999999,5.0,13.0,0,0,1,0,1,60,0,1,0,1
2000345,1.0,0.05,0.75,1.1821093749999985,1.1999999999999984,0.017890625000000014,-6,17.890625,3.828125,0.15625,0.0625,0.015625,0.6000000000000008,0.4976190476190476,0.6914524810902071,0.05029146707174603,0.5327159086609194,0.05,-0.7999999999999998,2.0000000000000004,4.0,10.0,0,0,1,0,0,62,0,0,0,1
2000346,0.0,0.05,0.75,4.8465156249999986,4.849999999999999,0.0034843750000000014,-2,3.484375,1.484375,0.125,0.09375,0.03125,0.5935483870967748,0.5,0.6322962294204858,0.05008110986525018,0.18039516071798525,0.05000000000000001,-1.1500000000000001,5.999999999999999,4.0,10.0,0,0,1,0,0,60,1,0,0,2
2000347,0.0,0.05,0.75,4.389609374999998,4.399999999999999,0.010390625000000006,-1,10.390625,2.453125,0.109375,0.09375,0.03125,0.5967741935483878,0.5,0.5146614842825578,0.050021932037706954,0.09890446288834837,0.05000000000000001,-1.2,5.6,6.0,7.0,0,0,0,0,1,61,0,0,0,2
2000348,0.0,0.05,0.75,7.186624999999999,7.199999999999999,0.013375000000000008,-6,13.375,3.03125,0.15625,0.0625,0.0625,0.6000000000000008,0.4975,0.6919900913219396,0.05072728988228321,0.5327159086609196,0.05,-0.6000000000000001,7.799999999999999,3.0,11.0,0,0,1,0,0,59,0,0,0,4
2000349,0.0,0.05,0.75,9.23828125,9.25,0.011718750000000007,-8,11.71875,2.625,0.203125,0.078125,0.03125,0.5967741935483878,0.49274193548387096,0.7131678411216577,0.0627464955031018,0.5488872389024115,0.05,-0.4,9.65,2.0,16.0,0,0,3,0,1,58,0,0,0,2
2000350,0.0,0.05,0.75,5.3989531249999985,5.399999999999999,0.0010468750000000007,0,1.046875,0.859375,0.140625,0.140625,0.046875,0.6000000000000008,0.5,0.5000000000000002,0.05115053313314867,0.0226360215919531,0.05,-0.8,6.199999999999998,4.0,14.0,0,0,0,0,0,61,0,0,0,3
2000351,1.0,0.05,0.75,0.9337187499999984,0.9499999999999984,0.016281250000000008,-7,16.28125,3.375,0.171875,0.0625,0.015625,0.5936507936507943,0.4976190476190476,0.7238593373968897,0.05085303240136353,0.5935013897863546,0.05000000000000001,-0.19999999999999996,1.1500000000000006,1.0,14.0,0,0,2,0,0,60,1,0,0,1
2000352,0.0,0.05,0.75,9.182218749999999,9.2,0.01778125000000001,-7,17.78125,3.8125,0.203125,0.09375,0.015625,0.5968253968253975,0.5,0.6560758157398507,0.06660529255809998,0.4001279528768887,0.05,-1.0,10.200000000000001,5.0,14.0,0,0,0,0,1,62,0,0,0,1
2000353,1.0,0.05,0.75,-0.6388906249999979,-0.5999999999999979,0.03889062500000002,-12,38.890625,5.359375,0.234375,0.046875,0.015625,0.5936507936507943,0.4976190476190476,0.9305258342274948,0.07825341438756771,0.9132472320601316,0.05,-0.5999999999999999,6.661338147750939e-16,3.0,15.0,0,0,1,1,0,61,0,0,0,1
2000354,0.0,0.05,0.75,7.441906249999998,7.4499999999999975,0.008093750000000004,-5,8.09375,2.5,0.171875,0.09375,0.0,0.6000000000000008,0.49765625,0.5423201507055447,0.050895944598388365,0.24518581012418791,0.05,-1.0,8.45,5.0,12.0,0,0,1,0,0,63,0,0,0,0
2000355,1.0,0.05,0.75,1.9914218749999981,1.9999999999999982,0.008578125000000006,-5,8.578125,2.578125,0.15625,0.078125,0.03125,0.5967741935483878,0.49758064516129036,0.6246147429930591,0.050585573747403245,0.35707739635299146,0.05,-0.9999999999999998,3.0,5.0,10.0,0,0,1,0,1,60,0,0,0,2
2000356,0.0,0.05,0.75,1.0979375000000002,1.1000000000000003,0.002062500000000001,3,2.0625,0.90625,0.046875,0.09375,0.03125,0.5903225806451619,0.5,0.41705009136281607,0.05000192297096734,0.03823530257582373,0.05000000000000001,-0.4,1.5000000000000002,2.0,7.0,0,0,0,0,3,59,0,0,0,2
2000357,0.0,0.05,0.75,5.5932499999999985,5.599999999999999,0.006750000000000005,-4,6.75,2.3125,0.125,0.0625,0.03125,0.5935483870967748,0.5,0.6082729878018734,0.050034636370694906,0.384507980429556,0.05,-0.2,5.799999999999999,1.0,11.0,0,0,1,0,0,60,1,0,0,2
2000358,1.0,0.05,0.75,0.988687499999999,0.9999999999999991,0.011312500000000008,-4,11.3125,3.0625,0.109375,0.046875,0.03125,0.6000000000000008,0.49274193548387096,0.6840486608183519,0.050010631246766586,0.48698071289940487,0.05,0.0,1.0000000000000004,0.0,10.0,0,0,3,0,0,59,0,0,0,2
2000359,1.0,0.05,0.75,3.3962656249999985,3.3999999999999986,0.003734375000000003,-1,3.734375,1.609375,0.109375,0.09375,0.03125,0.5903225806451619,0.49758064516129036,0.5326018185830828,0.05002275744063136,0.09890446288834871,0.05,-0.19999999999999996,3.6000000000000005,1.0,12.0,0,1,1,0,0,59,1,0,0,2
2000360,1.0,0.05,0.75,-0.6111562500000014,-0.6000000000000014,0.011156250000000003,-9,11.15625,2.3125,0.171875,0.03125,0.03125,0.6000000000000008,0.5,0.8822644962053064,0.05041232336384819,0.8664641044636611,0.05000000000000001,-0.19999999999999996,-0.39999999999999947,1.0,12.0,0,0,0,0,0,62,0,0,0,2
2000361,1.0,0.05,0.75,-0.6524531249999961,-0.5999999999999961,0.05245312500000001,-12,52.453125,6.078125,0.234375,0.046875,0.015625,0.5968253968253975,0.4976190476190476,0.9305258342274949,0.07825341438756762,0.9132472320601313,0.05,-0.7999999999999998,0.20000000000000062,4.0,14.0,0,0,1,0,1,61,0,0,0,1
2000362,1.0,0.05,0.75,-1.2431874999999992,-1.1999999999999993,0.043187500000000024,-12,43.1875,5.3125,0.21875,0.03125,0.03125,0.5967741935483878,0.49758064516129036,0.9470469653422723,0.05905223270486312,0.941161193994002,0.05,-0.5999999999999999,-0.5999999999999994,3.0,13.0,0,0,1,0,1,60,0,0,0,2
2000363,0.0,0.05,0.75,6.246406249999997,6.249999999999997,0.003593750000000002,-2,3.59375,1.71875,0.15625,0.125,0.0,0.6000000000000008,0.49765625,0.46847542155780186,0.05054531965187526,0.05398997581993579,0.05000000000000001,-1.0,7.249999999999998,5.0,13.0,0,0,1,0,0,63,0,0,0,0
2000364,0.0,0.05,0.75,5.34803125,5.35,0.0019687500000000013,-1,1.96875,1.21875,0.140625,0.125,0.03125,0.5967741935483878,0.5,0.6003052851869708,0.05049259694737418,0.0623355267103137,0.05,-1.45,6.799999999999999,6.0,11.0,0,0,1,0,0,60,0,1,0,2
2000365,1.0,0.05,0.75,-0.5700781249999947,-0.49999999999999467,0.070078125,-14,70.078125,6.828125,0.28125,0.0625,0.0,0.5968750000000007,0.5,0.985949733373236,0.23788638526370554,0.9384596648459496,0.05,-1.3999999999999997,0.9000000000000006,7.0,15.0,0,0,0,0,1,63,0,0,0,0
2000366,1.0,0.05,0.75,-0.8308906249999972,-0.7999999999999972,0.030890625000000012,-13,30.890625,4.484375,0.25,0.046875,0.015625,0.6000000000000008,0.5,0.9534136518544225,0.10931358909047298,0.9342999879140882,0.05000000000000001,-1.1999999999999997,0.4000000000000006,6.0,13.0,0,0,0,0,0,63,0,0,0,1
2000367,0.0,0.05,0.75,8.389859374999999,8.399999999999999,0.010140625000000007,-6,10.140625,2.796875,0.1875,0.09375,0.0,0.5937500000000007,0.50234375,0.5902792025780085,0.05352614510669974,0.3305527422821657,0.05,-0.2,8.599999999999998,1.0,17.0,0,0,0,0,0,63,1,0,0,0
2000368,0.0,0.05,0.75,9.381437499999999,9.399999999999999,0.01856250000000001,-6,18.5625,4.15625,0.21875,0.125,0.0,0.5937500000000007,0.5,0.5812301782560172,0.09281426487021992,0.1514154511901367,0.05,-1.2,10.600000000000001,6.0,16.0,0,0,0,0,2,62,0,0,0,0
2000369,0.0,0.05,0.75,6.546234374999999,6.549999999999999,0.0037656250000000025,-4,3.765625,1.421875,0.15625,0.09375,0.03125,0.5967741935483878,0.49758064516129036,0.5055753172324257,0.05042981654637232,0.18800432257704133,0.05,-0.8,7.349999999999999,4.0,12.0,0,1,0,0,0,61,0,0,0,2
2000370,0.0,0.05,0.75,7.3894531249999975,7.399999999999998,0.010546875000000006,-4,10.546875,2.984375,0.171875,0.109375,0.046875,0.59016393442623,0.5,0.5452393150770657,0.054355855768452734,0.1511560042609607,0.05000000000000001,-0.2,7.599999999999998,1.0,17.0,0,0,1,0,1,58,1,0,0,3
2000371,1.0,0.05,0.75,1.4477343749999994,1.4499999999999993,0.002265625000000001,-3,2.265625,1.171875,0.109375,0.0625,0.0,0.5906250000000006,0.5,0.6802231065432294,0.05000733766871749,0.40704823601645274,0.05,-0.3999999999999999,1.8500000000000003,2.0,9.0,0,0,1,0,1,61,1,0,0,0
2000372,1.0,0.05,0.75,0.43967187499999927,0.4499999999999993,0.010328125000000007,-6,10.328125,2.765625,0.140625,0.046875,0.015625,0.5936507936507943,0.5,0.6934082994464966,0.05003571893845734,0.6062089790855004,0.05,-0.3999999999999999,0.8500000000000003,2.0,10.0,0,0,1,0,1,60,0,1,0,1
2000373,0.0,0.05,0.75,7.913031249999999,7.949999999999998,0.036968749999999995,-7,36.96875,5.53125,0.171875,0.0625,0.0,0.5906250000000006,0.50234375,0.7063462419290404,0.050494565956163286,0.5935013897863552,0.05,0.0,7.949999999999998,0.0,15.0,0,0,1,0,0,61,1,1,0,0
2000374,0.0,0.05,0.75,4.8458437499999985,4.849999999999999,0.004156250000000003,-1,4.15625,1.71875,0.125,0.109375,0.015625,0.6000000000000008,0.5023809523809524,0.5630533739770146,0.05007424015632507,0.0847380320046697,0.05,-0.8,5.6499999999999995,4.0,11.0,0,0,0,0,0,62,0,0,1,1
2000375,0.0,0.05,0.75,7.197812499999999,7.199999999999998,0.0021875000000000015,-3,2.1875,1.15625,0.171875,0.125,0.015625,0.6000000000000008,0.4976190476190476,0.550474223149996,0.05376518222737005,0.07982804756168746,0.05,-1.4,8.6,7.0,12.0,0,0,1,0,0,62,0,0,0,1
2000376,1.0,0.05,0.75,1.5931406249999986,1.5999999999999988,0.006859375000000005,-4,6.859375,2.265625,0.125,0.0625,0.015625,0.5968253968253975,0.4976190476190476,0.626990615492327,0.05002919341387074,0.3845079804295563,0.05,-0.19999999999999996,1.8,1.0,11.0,0,0,2,0,1,59,0,0,1,1
2000377,0.0,0.05,0.75,3.3976249999999997,3.3999999999999995,0.0023750000000000017,1,2.375,1.375,0.09375,0.109375,0.0,0.5906250000000006,0.50234375,0.4564416233589474,0.05001275795757629,0.038076642372271055,0.049999999999999996,-0.8,4.199999999999999,4.0,9.0,0,0,0,0,1,62,1,0,0,0
2000378,1.0,0.05,0.75,-0.08459374999999465,5.329070518200751e-15,0.08459374999999998,-12,84.59375,8.46875,0.25,0.0625,0.03125,0.5967741935483878,0.5,0.9375988159811284,0.1585220084747025,0.8738652928590376,0.05,-1.1999999999999997,1.2000000000000006,6.0,14.0,0,0,0,0,1,61,0,0,0,2
2000379,1.0,0.05,0.75,-0.49726562499999755,-0.4499999999999975,0.04726562500000002,-12,47.265625,5.890625,0.25,0.0625,0.015625,0.5841269841269847,0.5023809523809524,0.942095619774398,0.12814398946781375,0.9037884974372232,0.05,-0.3999999999999999,-0.04999999999999938,2.0,18.0,0,0,1,0,2,58,1,1,0,1
2000380,0.0,0.05,0.75,1.3909687500000003,1.4000000000000004,0.009031250000000006,5,9.03125,2.6875,0.0625,0.140625,0.015625,0.5968253968253975,0.5,0.3550588383744699,0.0500843348842758,0.005121937537539965,0.049999999999999996,-0.6000000000000001,2.0,3.0,10.0,0,0,0,0,1,62,0,0,0,1
2000381,1.0,0.05,0.75,0.0133593750000007,0.05000000000000071,0.03664062500000001,-9,36.640625,5.671875,0.203125,0.0625,0.0,0.5875000000000007,0.49531250000000004,0.7385176901996788,0.05189287148847329,0.6711808021086119,0.05,0.0,0.05000000000000071,0.0,17.0,1,0,2,1,0,59,0,0,1,0
2000382,1.0,0.05,0.75,-0.9923437499999975,-0.9499999999999975,0.04234375000000002,-13,42.34375,5.65625,0.25,0.046875,0.015625,0.6000000000000008,0.5,0.9429900134835186,0.0928772413748462,0.9266737901008119,0.05,-0.5999999999999999,-0.3499999999999994,3.0,16.0,0,0,1,0,0,61,0,0,1,1
2000383,1.0,0.05,0.75,-0.2296562499999993,-0.1999999999999993,0.02965625000000002,-10,29.65625,4.625,0.203125,0.046875,0.03125,0.6000000000000008,0.4951612903225807,0.8791737057827401,0.056295026607833434,0.8522597895823482,0.05,-0.5999999999999999,0.4000000000000006,3.0,13.0,0,0,2,0,0,60,0,0,0,2
2000384,0.0,0.05,0.75,2.996546874999999,2.999999999999999,0.003453125000000002,0,3.453125,1.546875,0.078125,0.078125,0.015625,0.590476190476191,0.4976190476190476,0.5263201644550637,0.05000143336541524,0.10989221261707945,0.05,-0.8,3.8,4.0,6.0,1,0,0,0,1,61,0,0,0,1
2000385,0.0,0.05,0.75,5.595703124999998,5.599999999999998,0.004296875000000002,-1,4.296875,1.578125,0.140625,0.125,0.03125,0.6000000000000008,0.5,0.5076573630219796,0.05045878741163252,0.045382076259177,0.05,-1.0,6.599999999999999,5.0,12.0,0,0,0,0,0,62,0,0,0,2
2000386,1.0,0.05,0.75,-1.6512031249999979,-1.5999999999999979,0.051203125000000016,-13,51.203125,5.609375,0.234375,0.03125,0.015625,0.5936507936507943,0.5023809523809524,0.9520817527196128,0.06022273246936044,0.9479307072794773,0.05000000000000001,-1.1999999999999997,-0.3999999999999997,6.0,11.0,0,0,1,0,0,60,1,0,1,1
2000387,1.0,0.05,0.75,-0.594812499999999,-0.5499999999999989,0.04481250000000001,-11,44.8125,5.8125,0.21875,0.046875,0.0,0.5937500000000007,0.5,0.8879548841196465,0.05487684238960213,0.8738211286066038,0.05000000000000001,-0.5999999999999999,0.05000000000000049,3.0,14.0,0,0,1,0,0,62,1,0,0,0
2000388,0.0,0.05,0.75,5.794031249999999,5.799999999999999,0.0059687500000000044,-5,5.96875,2.15625,0.125,0.046875,0.03125,0.5967741935483878,0.49758064516129036,0.6975976109431787,0.05002791365990936,0.5618479415883962,0.05,-0.2,5.999999999999999,1.0,10.0,0,0,1,0,1,60,0,0,0,2
2000389,1.0,0.05,0.75,-0.20998437500000108,-0.20000000000000107,0.009984375000000007,-7,9.984375,2.578125,0.140625,0.03125,0.046875,0.5934426229508203,0.5024590163934426,0.8139250142372505,0.05006201229239159,0.7804930691475502,0.05,-0.3999999999999999,0.2000000000000004,2.0,9.0,0,0,0,0,0,60,1,0,0,3
2000390,1.0,0.05,0.75,-0.42720312500000124,-0.40000000000000124,0.027203125,-8,27.203125,4.578125,0.15625,0.03125,0.015625,0.6000000000000008,0.5,0.8521287463357249,0.050107849674109965,0.8276832537580426,0.049999999999999996,0.0,-0.39999999999999947,0.0,12.0,0,0,0,0,0,63,0,0,0,1
2000391,0.0,0.05,0.75,6.398781249999998,6.399999999999998,0.0012187500000000004,0,1.21875,0.84375,0.171875,0.171875,0.03125,0.5935483870967749,0.49758064516129036,0.589667781665059,0.06523202622838323,0.01331068881384358,0.05,-0.4,6.799999999999998,2.0,20.0,0,0,1,1,0,60,0,0,0,2
2000392,1.0,0.05,0.75,0.9899218749999982,0.9999999999999982,0.010078125000000007,-7,10.078125,2.703125,0.171875,0.0625,0.0,0.6000000000000008,0.49765625,0.7276754547762402,0.05064850154078381,0.6063046095870435,0.049999999999999996,-0.7999999999999998,1.8,4.0,11.0,0,0,1,0,0,63,0,0,0,0
2000393,1.0,0.05,0.75,-1.5494999999999983,-1.4999999999999982,0.04950000000000002,-12,49.5,6.15625,0.21875,0.03125,0.015625,0.587301587301588,0.5,0.9320054539390041,0.053444160433099894,0.9270775345535532,0.049999999999999996,-0.5999999999999999,-0.8999999999999996,3.0,13.0,0,0,0,1,2,60,0,0,0,1
2000394,1.0,0.05,0.75,0.5897187499999987,0.5999999999999988,0.010281250000000004,-6,10.28125,2.28125,0.140625,0.046875,0.03125,0.5903225806451619,0.5,0.7287699795292766,0.050077155118215574,0.6340008734704281,0.05,-0.3999999999999999,1.0000000000000004,2.0,10.0,0,0,0,1,1,60,0,0,0,2
2000395,0.0,0.05,0.75,7.444703124999998,7.449999999999998,0.005296875000000004,-4,5.296875,1.953125,0.171875,0.109375,0.015625,0.5968253968253975,0.4976190476190476,0.36982267779955513,0.051702356699074296,0.0780128145697826,0.049999999999999996,-0.65,8.1,4.0,14.0,0,0,1,0,1,61,0,0,0,1
2000396,1.0,0.05,0.75,1.6419062499999995,1.6499999999999995,0.008093750000000005,-6,8.09375,2.34375,0.171875,0.078125,0.015625,0.590476190476191,0.5047619047619047,0.6792175596154615,0.05113131961055384,0.4902167460048731,0.05,-0.19999999999999996,1.849999999999998,1.0,15.0,0,0,0,0,1,60,1,0,1,1
2000397,1.0,0.05,0.75,1.8489218749999996,1.8499999999999996,0.0010781250000000007,-1,1.078125,0.859375,0.078125,0.0625,0.0,0.5937500000000007,0.50234375,0.6098848334403952,0.050000592581871096,0.2733504446905081,0.05,-0.19999999999999996,2.05,1.0,8.0,0,0,0,0,0,63,1,0,0,0
2000398,0.0,0.05,0.75,2.3961406249999992,2.3999999999999995,0.003859375000000003,3,3.859375,1.703125,0.078125,0.125,0.0,0.6000000000000008,0.5,0.4408364329403082,0.05002673902936358,0.01407457741548002,0.05,-0.6000000000000001,3.0,3.0,10.0,0,0,0,0,0,64,0,0,0,0
2000399,0.0,0.05,0.75,8.745,8.75,0.005000000000000003,-3,5.0,1.84375,0.21875,0.171875,0.0,0.5968750000000007,0.49765625,0.6299510319392777,0.14206150540212417,0.020721854849552843,0.05,-0.6000000000000001,9.35,3.0,22.0,0,1,0,0,0,63,0,0,0,0
2000400,1.0,0.05,0.75,-2.558718749999994,-2.449999999999994,0.10871875000000003,-17,108.71875,8.9375,0.296875,0.03125,0.046875,0.5967213114754105,0.4975409836065574,0.9971995661803328,0.2554862388411875,0.9840190519422121,0.04999999999999999,-1.5999999999999996,-0.8499999999999994,8.0,13.0,0,1,0,0,0,60,0,0,0,3
2000401,0.0,0.05,0.75,4.898828124999999,4.899999999999999,0.0011718750000000006,-1,1.171875,0.828125,0.125,0.109375,0.015625,0.5936507936507943,0.5,0.47378170072432424,0.050061251168647965,0.0618971756024467,0.05,-0.6000000000000001,5.499999999999998,3.0,12.0,0,0,0,0,2,61,0,0,0,1
2000402,1.0,0.05,0.75,-2.2135312499999986,-2.1499999999999986,0.06353125000000003,-13,63.53125,7.21875,0.21875,0.015625,0.015625,0.6000000000000008,0.4952380952380953,0.9683679777055365,0.05339580958089466,0.966863454582442,0.05000000000000001,-0.19999999999999996,-1.9499999999999995,1.0,14.0,0,0,2,0,0,61,0,0,0,1
2000403,0.0,0.05,0.75,7.243937499999999,7.249999999999998,0.0060625000000000045,-4,6.0625,2.1875,0.171875,0.109375,0.046875,0.5967213114754105,0.4975409836065574,0.5066650604606785,0.05311347685585152,0.13662868422918586,0.05,-0.8,8.049999999999999,4.0,14.0,0,0,1,0,1,59,0,0,0,3
2000404,1.0,0.05,0.75,-0.037468750000000016,0.0,0.037468750000000016,-9,37.46875,5.15625,0.1875,0.046875,0.0,0.5968750000000007,0.49296875,0.8513076577084407,0.05141914739914283,0.810257136982289,0.05,0.0,6.661338147750939e-16,0.0,15.0,0,1,2,0,0,61,0,0,0,0
2000405,0.0,0.05,0.75,7.396281249999998,7.399999999999998,0.0037187500000000024,-4,3.71875,1.59375,0.171875,0.109375,0.015625,0.5968253968253975,0.4976190476190476,0.5681953614061839,0.05277107022133988,0.15115600426096124,0.05,-1.4,8.799999999999999,7.0,11.0,0,0,1,0,1,61,0,0,0,1
2000406,1.0,0.05,0.75,1.295859374999999,1.299999999999999,0.004140625000000003,-5,4.140625,1.609375,0.140625,0.0625,0.015625,0.5968253968253975,0.4976190476190476,0.6309330227177392,0.05007190830592185,0.4352990927979747,0.05,-0.19999999999999996,1.5000000000000004,1.0,12.0,0,0,1,0,1,61,0,0,0,1
2000407,1.0,0.05,0.75,-2.957234374999996,-2.849999999999996,0.107234375,-16,107.234375,9.203125,0.265625,0.015625,0.0,0.5968750000000007,0.49765625,0.9881188169358819,0.08847340383870161,0.9857670777970391,0.05,-0.3999999999999999,-2.45,2.0,16.0,0,1,0,0,0,63,0,0,0,0
2000408,1.0,0.05,0.75,-0.774671875,-0.75,0.024671875000000017,-9,24.671875,4.203125,0.171875,0.03125,0.015625,0.5968253968253975,0.4976190476190476,0.8685827979197717,0.050220292641476205,0.852209339864508,0.05000000000000001,-0.19999999999999996,-0.5499999999999996,1.0,12.0,0,0,1,0,1,61,0,0,0,1
2000409,0.0,0.05,0.75,6.790718749999998,6.799999999999998,0.009281250000000007,-4,9.28125,2.59375,0.15625,0.09375,0.015625,0.5936507936507943,0.4976190476190476,0.5863594741801889,0.05062986757853394,0.21295669090179709,0.049999999999999996,-0.8,7.599999999999999,4.0,12.0,1,0,0,0,0,62,0,0,0,1
2000410,0.0,0.05,0.75,7.198218749999999,7.199999999999998,0.0017812500000000011,-3,1.78125,1.09375,0.171875,0.125,0.0,0.6000000000000008,0.5,0.5256690162482588,0.05251489179288848,0.07982804756168768,0.049999999999999996,-0.6000000000000001,7.799999999999999,3.0,16.0,0,0,0,0,0,64,0,0,0,0
2000411,1.0,0.05,0.75,0.20693750000000177,0.2500000000000018,0.04306250000000002,-10,43.0625,6.21875,0.21875,0.0625,0.03125,0.6000000000000008,0.4951612903225807,0.8285011234115989,0.06869249718206027,0.7713681194107184,0.05,-0.5999999999999999,0.8500000000000005,3.0,15.0,0,0,2,0,0,60,0,0,0,2
2000412,0.0,0.05,0.75,4.947781249999999,4.949999999999999,0.0022187500000000015,-2,2.21875,1.28125,0.125,0.09375,0.03125,0.5967741935483878,0.5024193548387097,0.6006610110547281,0.050073699814655266,0.1717365753587686,0.05000000000000001,-0.6000000000000001,5.55,3.0,11.0,0,0,0,0,0,61,0,1,0,2
2000413,1.0,0.05,0.75,0.15946875000000282,0.20000000000000284,0.04053125000000001,-11,40.53125,5.125,0.234375,0.0625,0.015625,0.6000000000000008,0.5,0.9307400490441892,0.10857107342959899,0.8902192096528398,0.05000000000000001,-0.3999999999999999,0.6000000000000005,2.0,17.0,0,0,1,0,0,61,0,0,1,1
2000414,0.0,0.05,0.75,5.3450468749999995,5.35,0.0049531250000000035,-3,4.953125,1.953125,0.125,0.078125,0.015625,0.5936507936507943,0.4952380952380952,0.6018264478817303,0.05004145229245071,0.2532475029306463,0.05000000000000001,-0.24999999999999997,5.599999999999999,1.0,12.0,1,0,1,0,0,61,0,0,0,1
2000415,1.0,0.05,0.75,-1.853687499999999,-1.799999999999999,0.05368750000000003,-12,53.6875,6.34375,0.203125,0.015625,0.03125,0.6000000000000008,0.5,0.9623636197096035,0.05213281043641213,0.9604820894934692,0.05000000000000001,-0.3999999999999999,-1.3999999999999995,2.0,12.0,0,0,0,0,0,62,0,0,0,2
2000416,1.0,0.05,0.75,-0.12512499999999965,-0.09999999999999964,0.025125000000000005,-9,25.125,4.4375,0.1875,0.046875,0.015625,0.5936507936507943,0.4976190476190476,0.8315784970485368,0.05119527916758175,0.7959420355024435,0.05,-0.3999999999999999,0.3000000000000005,2.0,13.0,0,0,1,0,2,60,0,0,0,1
2000417,1.0,0.05,0.75,-3.2341093749999987,-3.1499999999999986,0.08410937499999999,-14,84.109375,7.734375,0.21875,0.0,0.0,0.5875000000000007,0.49531250000000004,0.981564910359,0.05140974121757098,0.981172512233105,0.049999999999999996,-0.5999999999999999,-2.55,3.0,11.0,1,0,1,1,0,61,0,0,0,0
2000418,0.0,0.05,0.75,4.3989531249999985,4.399999999999999,0.0010468750000000007,2,1.046875,0.765625,0.125,0.15625,0.0,0.6000000000000008,0.5,0.4850325091798421,0.05076342334813961,0.008283321396163956,0.05,-1.4,5.799999999999999,7.0,11.0,0,0,0,0,0,64,0,0,0,0
2000419,0.0,0.05,0.75,9.984046875,10.0,0.01595312500000001,-8,15.953125,3.140625,0.21875,0.09375,0.015625,0.5936507936507943,0.5,0.7190027423322298,0.09305015406465054,0.47397906818174257,0.05,-0.6000000000000001,10.600000000000001,3.0,17.0,0,0,1,0,0,61,1,0,0,1
2000420,1.0,0.05,0.75,-0.6674843749999961,-0.5999999999999961,0.06748437500000003,-12,67.484375,7.328125,0.234375,0.046875,0.015625,0.6000000000000008,0.4952380952380953,0.9320561779508587,0.08095646087799281,0.9132472320601313,0.05,-0.7999999999999998,0.20000000000000062,4.0,14.0,0,0,2,0,0,61,0,0,0,1
2000421,0.0,0.05,0.75,2.7927187499999997,2.8,0.007281250000000003,1,7.28125,2.0625,0.078125,0.09375,0.015625,0.6000000000000008,0.5,0.4791764324712366,0.0500035663192365,0.056734503653562515,0.05,-0.2,3.0,1.0,10.0,0,0,0,0,0,63,0,0,0,1
2000422,0.0,0.05,0.75,5.396421874999999,5.399999999999999,0.0035781250000000027,-3,3.578125,1.640625,0.125,0.078125,0.046875,0.6000000000000008,0.4975409836065574,0.5779039350130133,0.05007357008355721,0.23333404248736322,0.05,-0.6000000000000001,5.999999999999999,3.0,10.0,0,0,1,0,0,60,0,0,0,3
2000423,0.0,0.05,0.75,4.597234374999998,4.599999999999999,0.0027656250000000016,1,2.765625,1.328125,0.125,0.140625,0.03125,0.5967741935483878,0.5,0.4923426369780201,0.0504587874116325,0.01685563795369674,0.05,-0.8,5.3999999999999995,4.0,13.0,0,0,0,0,1,61,0,0,0,2
2000424,0.0,0.05,0.75,7.184046874999998,7.199999999999998,0.01595312500000001,-6,15.953125,3.265625,0.15625,0.0625,0.046875,0.6000000000000008,0.4975409836065574,0.6917545056606551,0.050536308388698034,0.5327159086609196,0.05,-0.4,7.599999999999999,2.0,12.0,0,0,1,0,0,60,0,0,0,3
2000425,0.0,0.05,0.75,7.723687499999998,7.749999999999998,0.026312500000000013,-7,26.3125,4.625,0.171875,0.0625,0.0,0.5937500000000007,0.5,0.6592431881315571,0.05027390438822362,0.5555770182913111,0.05,-0.4,8.15,2.0,13.0,0,0,1,0,1,61,0,1,0,0
2000426,0.0,0.05,0.75,6.595734374999998,6.599999999999999,0.004265625000000003,-4,4.265625,1.859375,0.15625,0.09375,0.0,0.5875000000000007,0.49296875,0.569914082089448,0.05033339049150302,0.21131853988767052,0.05,-0.4,6.999999999999999,2.0,14.0,2,0,1,0,0,61,0,0,0,0
2000427,0.0,0.05,0.75,5.446562499999998,5.449999999999998,0.003437500000000002,-3,3.4375,1.5625,0.125,0.078125,0.0625,0.5966666666666673,0.5025,0.5871495208033414,0.050109105723284024,0.24851559182296276,0.05,-0.6000000000000001,6.05,3.0,10.0,0,0,0,0,0,59,0,1,0,4
2000428,1.0,0.05,0.75,2.8678437499999996,2.8999999999999995,0.03215624999999999,-5,32.15625,5.25,0.1875,0.109375,0.0,0.5875000000000007,0.5,0.4853608488078371,0.052807185411461365,0.1605042219703018,0.049999999999999996,-1.1999999999999997,4.1,5.0,14.0,0,0,0,1,2,61,0,0,0,0
2000429,0.0,0.05,0.75,6.495484374999998,6.499999999999998,0.004515625000000002,0,4.515625,1.734375,0.171875,0.171875,0.0,0.5906250000000007,0.49765625,0.49220917941077746,0.05865311778352793,0.009079517676238553,0.05000000000000001,-0.8,7.299999999999998,4.0,18.0,1,0,0,0,1,62,0,0,0,0
2000430,1.0,0.05,0.75,-0.17954687500000036,-0.15000000000000036,0.029546875000000004,-9,29.546875,4.953125,0.1875,0.046875,0.015625,0.6000000000000008,0.4952380952380952,0.827517544532348,0.05109185642773997,0.7914465318615161,0.05,-0.5999999999999999,0.4500000000000004,3.0,12.0,0,0,3,0,0,59,0,0,1,1
2000431,1.0,0.05,0.75,-1.9424999999999986,-1.8999999999999986,0.0425,-11,42.5,4.9375,0.1875,0.015625,0.0,0.5968750000000007,0.49531250000000004,0.9372421749158513,0.05023189935010912,0.9342507885308987,0.05,-0.3999999999999999,-1.4999999999999996,2.0,11.0,0,0,2,0,1,61,0,0,0,0
2000432,1.0,0.05,0.75,1.796328124999999,1.799999999999999,0.003671875000000003,-3,3.671875,1.796875,0.109375,0.0625,0.046875,0.5934426229508203,0.5,0.5820399113389716,0.05001487956532398,0.3162170733724747,0.05,-0.3999999999999999,2.2,2.0,9.0,0,0,0,0,2,59,0,0,0,3
2000433,1.0,0.05,0.75,-1.2394218749999968,-1.1499999999999968,0.08942187499999997,-13,89.421875,8.578125,0.25,0.046875,0.015625,0.5936507936507943,0.4976190476190476,0.9382679129268069,0.08756754041326131,0.922300941771272,0.05,-0.7999999999999998,-0.3499999999999994,4.0,15.0,1,0,0,0,0,62,0,0,0,1
2000434,1.0,0.05,0.75,-0.8470624999999972,-0.7999999999999972,0.047062500000000014,-13,47.0625,5.65625,0.25,0.046875,0.03125,0.6000000000000008,0.5,0.957052725824372,0.12420900988147002,0.934299987914088,0.05,-0.3999999999999999,-0.39999999999999925,2.0,17.0,0,0,0,0,0,62,0,0,0,2
2000435,0.0,0.05,0.75,8.239374999999999,8.249999999999998,0.010625000000000006,-6,10.625,2.5,0.1875,0.09375,0.0,0.5937500000000007,0.49296875000000007,0.6113126669412378,0.0537313795034236,0.30497857863345795,0.05000000000000001,-0.6000000000000001,8.850000000000001,3.0,15.0,1,0,2,0,0,61,0,0,0,0
2000436,0.0,0.05,0.75,6.924671874999999,6.949999999999998,0.025328125000000007,-4,25.328125,4.359375,0.15625,0.09375,0.0625,0.6000000000000008,0.49500000000000005,0.36134450892710607,0.05095879956843627,0.09632406219756366,0.05,-0.8,7.749999999999999,4.0,12.0,0,0,2,0,0,58,0,0,0,4
2000437,1.0,0.05,0.75,-0.9461406250000004,-0.9000000000000004,0.04614062500000002,-10,46.140625,6.171875,0.1875,0.03125,0.03125,0.587096774193549,0.5,0.8992538093893042,0.050888966103670184,0.888968211813004,0.05,-0.19999999999999996,-0.6999999999999995,1.0,13.0,0,0,1,0,2,58,1,0,0,2
2000438,1.0,0.05,0.75,1.995046874999999,1.9999999999999991,0.0049531250000000035,-4,4.953125,1.953125,0.140625,0.078125,0.03125,0.5935483870967748,0.49758064516129036,0.5522977957429016,0.050114072461213875,0.26348391536202,0.04999999999999999,-0.6,2.5999999999999996,2.0,12.0,0,0,1,1,0,60,0,0,0,2
2000439,0.0,0.05,0.75,5.396187499999998,5.399999999999999,0.0038125000000000025,-3,3.8125,1.8125,0.125,0.078125,0.03125,0.590322580645162,0.5048387096774194,0.5167264147958465,0.05003839813249499,0.23333404248736317,0.05,-0.2,5.599999999999999,1.0,12.0,0,0,0,0,0,60,1,1,0,2
2000440,1.0,0.05,0.75,-0.2243749999999993,-0.1999999999999993,0.024375000000000008,-10,24.375,3.78125,0.203125,0.046875,0.0,0.6000000000000008,0.5,0.8738066245602873,0.052810125959977944,0.8522597895823483,0.05,-0.19999999999999996,6.661338147750939e-16,1.0,15.0,0,0,0,0,0,64,0,0,0,0
2000441,1.0,0.05,0.75,-0.9590156249999933,-0.8999999999999932,0.05901562500000003,-16,59.015625,6.234375,0.3125,0.0625,0.015625,0.5968253968253975,0.4976190476190476,0.9983452385263138,0.2903666632885297,0.9546975223911077,0.05000000000000001,-0.9999999999999998,0.10000000000000075,5.0,19.0,0,0,1,0,1,61,0,0,0,1
2000442,1.0,0.05,0.75,-2.3902187500000016,-2.3500000000000014,0.040218750000000004,-11,40.21875,5.28125,0.171875,0.0,0.03125,0.6000000000000008,0.49516129032258066,0.9617517014130464,0.05016546615560759,0.9604668808630565,0.05,-0.5999999999999999,-1.7499999999999998,3.0,8.0,0,0,2,0,0,60,0,0,0,2
2000443,1.0,0.05,0.75,-2.9397187499999955,-2.7999999999999954,0.13971874999999995,-17,139.71875,10.6875,0.28125,0.015625,0.0,0.5968750000000007,0.50234375,0.9948152664336853,0.15553144741668462,0.9909370120010642,0.05,-1.7999999999999996,-0.9999999999999996,9.0,10.0,0,0,0,0,1,62,0,0,1,0
2000444,1.0,0.05,0.75,-0.18917187500000038,-0.15000000000000036,0.03917187500000001,-9,39.171875,5.421875,0.1875,0.046875,0.0,0.5937500000000007,0.5,0.8218220016921529,0.050658326640432065,0.7914465318615159,0.05,-0.19999999999999996,0.05000000000000049,1.0,14.0,0,0,1,0,2,60,0,0,1,0
2000445,0.0,0.05,0.75,7.560624999999999,7.599999999999999,0.03937499999999999,-8,39.375,5.96875,0.15625,0.03125,0.015625,0.590476190476191,0.4976190476190476,0.8542827067358322,0.05011778879270958,0.8276832537580429,0.05,-0.2,7.799999999999999,1.0,11.0,0,0,1,0,3,59,0,0,0,1
2000446,1.0,0.05,0.75,-2.758015624999999,-2.6999999999999993,0.05801562500000002,-13,58.015625,6.421875,0.203125,0.0,0.0,0.5968750000000007,0.5,0.9789858769763217,0.050737609774675126,0.9785268398356587,0.05,-0.7,-1.9999999999999996,3.0,10.0,0,0,0,0,1,63,0,0,0,0
2000447,1.0,0.05,0.75,0.2345937499999982,0.24999999999999822,0.01540625000000001,-7,15.40625,3.09375,0.15625,0.046875,0.015625,0.5968253968253975,0.5023809523809524,0.8091317732950047,0.05017740485218488,0.7499514118732002,0.05,-0.5999999999999999,0.8500000000000003,3.0,10.0,0,0,0,0,1,61,0,0,1,1
2000448,0.0,0.05,0.75,6.195265624999999,6.199999999999999,0.0047343750000000025,-4,4.734375,1.828125,0.140625,0.078125,0.0,0.6000000000000008,0.49765625,0.5992164492328915,0.05009802388689195,0.29135216982576745,0.049999999999999996,-0.2,6.3999999999999995,1.0,13.0,0,0,1,0,0,63,0,0,0,0
2000449,0.0,0.05,0.75,4.598,4.6,0.0020000000000000013,-2,2.0,1.1875,0.109375,0.078125,0.015625,0.6000000000000008,0.5,0.5393547221100454,0.05001098787657605,0.18387156262181883,0.05000000000000001,-0.6000000000000001,5.199999999999999,3.0,9.0,0,0,0,0,0,63,0,0,0,1
2000450,1.0,0.05,0.75,0.37954687500000034,0.40000000000000036,0.020453125000000006,-10,20.453125,3.515625,0.21875,0.0625,0.015625,0.5968253968253975,0.5,0.8419829243247495,0.06744546291122672,0.7915126491493328,0.05000000000000001,-0.5999999999999999,1.0000000000000004,3.0,15.0,0,0,0,0,1,62,0,0,0,1
2000451,0.0,0.05,0.75,5.3983124999999985,5.399999999999999,0.001687500000000001,0,1.6875,1.125,0.140625,0.140625,0.015625,0.6000000000000008,0.5,0.5000000000000003,0.05062598292354403,0.022636021591952972,0.05000000000000001,-0.4,5.799999999999999,2.0,16.0,0,0,0,0,0,63,0,0,0,1
2000452,1.0,0.05,0.75,-1.8689218749999927,-1.749999999999993,0.11892187499999995,-19,118.921875,9.515625,0.359375,0.0625,0.015625,0.5936507936507943,0.5023809523809524,0.9999679173743338,0.2993962327817469,0.9864219352125229,0.05,-0.5999999999999999,-1.149999999999999,3.0,24.0,0,0,0,0,1,61,0,1,0,1
2000453,0.0,0.05,0.75,4.5965,4.6,0.0035000000000000027,-2,3.5,1.53125,0.109375,0.078125,0.015625,0.5904761904761912,0.4976190476190476,0.565899163976453,0.050012228971729154,0.18387156262181883,0.05000000000000001,-0.2,4.799999999999999,1.0,11.0,1,0,0,0,1,61,0,0,0,1
2000454,0.0,0.05,0.75,6.248078124999998,6.249999999999998,0.0019218750000000013,-2,1.921875,1.046875,0.15625,0.125,0.03125,0.6000000000000008,0.49758064516129036,0.46921226573661934,0.05100254880619094,0.05398997581993586,0.05000000000000001,-0.4,6.649999999999998,2.0,16.0,0,0,1,0,0,61,0,0,0,2
2000455,0.0,0.05,0.75,5.997328124999999,5.999999999999999,0.002671875000000002,-3,2.671875,1.390625,0.140625,0.09375,0.0,0.5937500000000007,0.4953125,0.590586046679326,0.050152180298170035,0.1668736161463544,0.05,-0.4,6.399999999999999,2.0,13.0,1,0,1,0,0,62,0,0,0,0
2000456,0.0,0.05,0.75,4.499187499999999,4.499999999999999,0.0008125000000000005,0,0.8125,0.71875,0.125,0.125,0.015625,0.6000000000000008,0.5,0.5000000000000001,0.05010319798184674,0.03853899405016919,0.05,-0.8,5.299999999999999,4.0,12.0,0,0,1,0,0,61,0,0,1,1
2000457,1.0,0.05,0.75,-0.036921875,0.0,0.036921875,-9,36.921875,5.109375,0.1875,0.046875,0.03125,0.587096774193549,0.49758064516129036,0.8464535830102997,0.052142897919666455,0.8102571369822894,0.049999999999999996,-1.1999999999999997,1.2000000000000004,6.0,9.0,1,0,0,1,0,60,0,0,0,2
2000458,1.0,0.05,0.75,-2.3530624999999974,-2.299999999999997,0.05306250000000001,-14,53.0625,5.5625,0.234375,0.015625,0.0,0.5968750000000007,0.5,0.9827086285797008,0.05865072205317891,0.9816508528151048,0.05,-0.5999999999999999,-1.6999999999999995,3.0,13.0,0,0,0,0,1,63,0,0,0,0
2000459,1.0,0.05,0.75,-0.8243906250000007,-0.8000000000000007,0.024390625000000013,-7,24.390625,4.578125,0.125,0.015625,0.0,0.5968750000000007,0.49531250000000004,0.8650987928935457,0.05000766950831468,0.8438174369361432,0.05000000000000001,-0.7999999999999998,2.220446049250313e-16,4.0,5.0,0,0,2,0,1,61,0,0,0,0
2000460,0.0,0.05,0.75,3.38340625,3.4000000000000004,0.016593750000000008,4,16.59375,3.71875,0.109375,0.171875,0.015625,0.6000000000000008,0.5,0.45310342048127245,0.05248474181802121,0.0030031967513646186,0.05,-1.2,4.6,6.0,12.0,0,0,0,0,0,63,0,0,0,1
2000461,1.0,0.05,0.75,-1.0150468749999957,-0.9499999999999957,0.065046875,-13,65.046875,7.234375,0.25,0.046875,0.03125,0.5967741935483878,0.5,0.9462804960271951,0.10483191170417122,0.9266737901008119,0.05000000000000001,-1.7999999999999996,0.8500000000000003,9.0,10.0,0,0,1,0,1,59,0,0,1,2
2000462,0.0,0.05,0.75,5.985437499999998,5.999999999999998,0.014562500000000008,-3,14.5625,3.5,0.140625,0.09375,0.015625,0.5936507936507943,0.5,0.5424925867167588,0.05016452959125239,0.1668736161463547,0.05,-0.4,6.399999999999999,2.0,13.0,0,0,0,1,0,62,0,0,0,1
2000463,1.0,0.05,0.75,1.3865000000000003,1.4000000000000004,0.013500000000000009,-8,13.5,2.65625,0.203125,0.078125,0.0,0.6000000000000008,0.49765625,0.7274547583011213,0.058983129750169276,0.5779078245490415,0.05,-0.19999999999999996,1.6,1.0,17.0,0,0,1,0,0,63,0,0,0,0
2000464,1.0,0.05,0.75,-1.5237812499999976,-1.4499999999999975,0.07378125000000002,-14,73.78125,7.375,0.25,0.03125,0.015625,0.590476190476191,0.5023809523809524,0.986750644596492,0.11677471196286907,0.9811089756836654,0.049999999999999996,-0.7999999999999998,-0.6499999999999995,4.0,14.0,0,0,0,1,1,60,0,0,1,1
2000465,1.0,0.05,0.75,1.9958593749999982,1.9999999999999982,0.004140625000000001,-5,4.140625,1.484375,0.15625,0.078125,0.015625,0.6000000000000008,0.5023809523809524,0.5949513503537578,0.05034558056374703,0.3570773963529915,0.05,-0.7999999999999998,2.799999999999999,4.0,11.0,0,0,0,0,0,62,0,0,1,1
2000466,0.0,0.05,0.75,8.590734374999998,8.599999999999998,0.009265625000000006,-6,9.265625,2.578125,0.203125,0.109375,0.0,0.5812500000000007,0.49765625,0.542146053946096,0.05955543787482064,0.20455404692259155,0.05,-0.4,9.0,2.0,18.0,2,0,0,0,0,61,1,0,0,0
2000467,1.0,0.05,0.75,0.5789687499999997,0.5999999999999996,0.021031249999999998,-9,21.03125,3.6875,0.203125,0.0625,0.015625,0.6000000000000008,0.4976190476190476,0.8052742605629587,0.05726102646318326,0.7375577503853923,0.05,-0.5999999999999999,1.2000000000000006,3.0,14.0,0,0,1,0,0,62,0,0,0,1
2000468,1.0,0.05,0.75,0.3839687499999986,0.3999999999999986,0.01603125000000001,-7,16.03125,3.40625,0.15625,0.046875,0.015625,0.5968253968253975,0.5,0.7691434050832932,0.050168762114635675,0.7006035450357836,0.05,-0.7999999999999998,1.2000000000000004,4.0,9.0,0,0,1,0,1,60,0,0,1,1
2000469,1.0,0.05,0.75,-0.40948437500000123,-0.40000000000000124,0.009484375000000003,-8,9.484375,2.203125,0.15625,0.03125,0.03125,0.5935483870967748,0.5024193548387097,0.850060665301061,0.05013326601312408,0.8276832537580432,0.05,-0.19999999999999996,-0.1999999999999995,1.0,11.0,0,0,0,0,1,60,0,1,0,2
2000470,0.0,0.05,0.75,8.044187500000001,8.05,0.005812500000000002,-5,5.8125,1.40625,0.1875,0.109375,0.046875,0.6000000000000008,0.4975409836065574,0.5365742007468877,0.0599240136128936,0.1761251531065786,0.05,-1.0,9.05,5.0,14.0,0,0,1,0,0,60,0,0,0,3
2000471,1.0,0.05,0.75,3.079046875000003,3.100000000000003,0.020953125000000006,-8,20.953125,3.765625,0.25,0.125,0.015625,0.5968253968253975,0.4952380952380953,0.9314907504752991,0.2571525390546857,0.2627983514519675,0.05,-0.5999999999999999,3.7,3.0,21.0,0,0,2,0,1,60,0,0,0,1
2000472,0.0,0.05,0.75,3.1979062499999995,3.1999999999999993,0.002093750000000001,1,2.09375,0.9375,0.09375,0.109375,0.015625,0.5936507936507943,0.5023809523809524,0.5209428106468548,0.050012362992387156,0.0505428970470818,0.049999999999999996,-0.8,3.999999999999999,3.0,10.0,0,0,0,1,0,61,0,0,1,1
2000473,1.0,0.05,0.75,0.38626562499999856,0.3999999999999986,0.01373437500000001,-7,13.734375,3.078125,0.15625,0.046875,0.0,0.5968750000000007,0.50234375,0.763386485239268,0.05011083644523591,0.7006035450357839,0.05,-0.5999999999999999,1.0000000000000004,3.0,10.0,0,0,0,0,0,63,0,1,0,0
2000474,1.0,0.05,0.75,5.237218749999999,5.249999999999999,0.012781250000000008,0,12.78125,3.125,0.140625,0.140625,0.015625,0.6000000000000008,0.4928571428571429,0.49488719640653667,0.05054321780257323,0.020167058368582878,0.05,-0.7999999999999998,6.049999999999999,4.0,14.0,0,0,3,0,0,60,0,0,0,1
2000475,1.0,0.05,0.75,-0.6370000000000015,-0.6000000000000014,0.03700000000000001,-9,37.0,5.375,0.171875,0.03125,0.0625,0.6000000000000008,0.5,0.882427725004699,0.05075837935704591,0.8664641044636605,0.05000000000000002,-0.7999999999999998,0.2000000000000004,4.0,9.0,0,0,0,0,0,60,0,0,0,4
2000476,1.0,0.05,0.75,-2.878218749999999,-2.799999999999999,0.07821874999999998,-13,78.21875,7.75,0.203125,0.0,0.0,0.5843750000000006,0.50234375,0.9779051294997213,0.05062291062014054,0.9774825791401498,0.05,-0.3999999999999999,-2.3999999999999995,2.0,11.0,0,0,0,2,0,61,0,1,0,0
2000477,0.0,0.05,0.75,4.19940625,4.2,0.0005937500000000001,0,0.59375,0.375,0.109375,0.109375,0.0,0.6000000000000008,0.49765625,0.5222397963109856,0.0500218477310963,0.05075871982844288,0.05,-0.6000000000000001,4.8,3.0,11.0,0,0,1,0,0,63,0,0,0,0
2000478,0.0,0.05,0.75,6.944281249999999,6.949999999999998,0.005718750000000004,-5,5.71875,2.21875,0.15625,0.078125,0.015625,0.5936507936507943,0.5023809523809524,0.5924372063670861,0.05033304244141191,0.3449261196986082,0.05,-0.4,7.349999999999999,2.0,13.0,0,0,0,0,0,62,1,0,0,1
2000479,1.0,0.05,0.75,-0.9358281250000003,-0.9000000000000004,0.035828125,-10,35.828125,5.390625,0.1875,0.03125,0.0,0.5937500000000007,0.50234375,0.8983587067946344,0.05045360923391083,0.8889682118130043,0.05,-0.7999999999999998,-0.09999999999999964,4.0,10.0,0,0,0,0,1,62,0,1,0,0
2000480,1.0,0.05,0.75,1.3962031249999995,1.3999999999999995,0.0037968750000000025,-4,3.796875,1.546875,0.125,0.0625,0.03125,0.5903225806451619,0.5,0.5542306107233874,0.050021015585751796,0.34263434441858925,0.05,-0.3999999999999999,1.8000000000000005,2.0,10.0,0,0,0,0,3,59,0,0,0,2
2000481,0.0,0.05,0.75,3.798218749999999,3.799999999999999,0.0017812500000000011,2,1.78125,1.125,0.109375,0.140625,0.0,0.5968750000000007,0.5,0.4801283792863126,0.05016692045054767,0.012532418200495422,0.05000000000000001,-1.2,4.999999999999999,6.0,10.0,0,0,0,0,1,63,0,0,0,0
2000482,1.0,0.05,0.75,-0.03715625,0.0,0.03715625,-9,37.15625,5.53125,0.1875,0.046875,0.0,0.6000000000000008,0.5,0.8421206710105099,0.05101574772905402,0.8102571369822894,0.05,-0.3999999999999999,0.4000000000000006,2.0,13.0,0,0,0,0,0,64,0,0,0,0
2000483,1.0,0.05,0.75,-0.17490625000000126,-0.15000000000000124,0.024906250000000005,-6,24.90625,4.46875,0.125,0.03125,0.0,0.5937500000000007,0.49296875,0.7643922151643511,0.05000804611047478,0.7005195060842867,0.05,-0.3999999999999999,0.2500000000000002,2.0,8.0,0,0,3,0,2,59,0,0,0,0
2000484,0.0,0.05,0.75,2.495531249999999,2.499999999999999,0.004468750000000002,5,4.46875,1.625,0.09375,0.171875,0.0,0.5906250000000006,0.5,0.3751784151478976,0.051405424947145326,0.0020326423126695264,0.049999999999999996,-0.8,3.299999999999999,4.0,13.0,0,0,0,1,1,62,0,0,0,0
2000485,1.0,0.05,0.75,-0.8330156250000007,-0.8000000000000007,0.03301562499999999,-7,33.015625,5.421875,0.125,0.015625,0.0,0.6000000000000008,0.5,0.8616799930132594,0.050006662406647175,0.8438174369361426,0.05,-0.7999999999999998,2.220446049250313e-16,4.0,5.0,0,0,0,0,0,64,0,0,0,0
2000486,0.0,0.05,0.75,8.130625,8.15,0.019375000000000003,-5,19.375,3.9375,0.1875,0.109375,0.03125,0.5935483870967748,0.49516129032258066,0.6224138302156823,0.062461692542226784,0.21138531524179507,0.05,-0.4,8.55,2.0,17.0,1,0,1,0,0,60,0,0,0,2
2000487,1.0,0.05,0.75,-1.6344531250000014,-1.6000000000000014,0.03445312500000002,-10,34.453125,5.171875,0.171875,0.015625,0.015625,0.5936507936507943,0.5,0.9252442979658073,0.050141554869158264,0.9205658548264991,0.05,-0.3999999999999999,-1.1999999999999997,2.0,10.0,0,0,0,1,0,62,0,0,0,1
2000488,1.0,0.05,0.75,1.6386718749999987,1.6499999999999986,0.011328125000000007,-5,11.328125,2.921875,0.15625,0.078125,0.0,0.5906250000000006,0.50234375,0.694182334101545,0.05032459239292743,0.45188892146382165,0.05,-0.5999999999999999,2.25,3.0,12.0,0,0,0,0,1,62,1,0,0,0
2000489,1.0,0.05,0.75,-1.4605937500000004,-1.4000000000000004,0.06059375000000003,-10,60.59375,7.25,0.171875,0.015625,0.015625,0.590476190476191,0.5023809523809524,0.9341232943111788,0.05019084806996358,0.9301615151943894,0.05,-0.3999999999999999,-0.9999999999999996,2.0,10.0,0,0,0,0,1,61,1,0,0,1
2000490,0.0,0.05,0.75,2.6925937499999995,2.6999999999999993,0.007406250000000006,-2,7.40625,2.3125,0.0625,0.03125,0.015625,0.5936507936507943,0.5,0.5755438089295712,0.05000010376103062,0.419265747370901,0.05,-0.4,3.0999999999999996,2.0,4.0,0,0,1,0,2,59,0,0,1,1
2000491,0.0,0.05,0.75,6.990734374999998,6.999999999999998,0.009265625000000005,-5,9.265625,2.640625,0.15625,0.078125,0.0,0.5875000000000007,0.50234375,0.5903954953221456,0.0502452045006202,0.3570773963529917,0.05,-0.4,7.399999999999999,2.0,13.0,0,0,0,0,2,61,1,0,0,0
2000492,1.0,0.05,0.75,0.35582812500000216,0.40000000000000213,0.044171875,-10,44.171875,5.546875,0.21875,0.0625,0.015625,0.6000000000000008,0.4976190476190476,0.8462814190184567,0.06942781284978371,0.7915126491493325,0.05000000000000001,-0.7999999999999998,1.2000000000000006,4.0,14.0,0,0,1,0,0,62,0,0,0,1
2000493,0.0,0.05,0.75,5.797296874999999,5.799999999999999,0.0027031250000000015,-2,2.703125,1.203125,0.140625,0.109375,0.015625,0.5968253968253975,0.4952380952380952,0.5647379724651813,0.05026808553821036,0.08890560802337863,0.05000000000000001,-0.6000000000000001,6.399999999999999,3.0,13.0,0,0,2,0,1,60,0,0,0,1
2000494,1.0,0.05,0.75,-0.22045312500000108,-0.20000000000000107,0.020453125000000006,-7,20.453125,3.609375,0.140625,0.03125,0.046875,0.5967213114754105,0.5,0.8174892128825054,0.050069250847296444,0.7804930691475497,0.05,-0.19999999999999996,4.440892098500626e-16,1.0,10.0,0,0,0,0,1,60,0,0,0,3
2000495,1.0,0.05,0.75,0.7896718749999989,0.7999999999999989,0.010328125000000006,-7,10.328125,2.546875,0.171875,0.0625,0.03125,0.5935483870967748,0.5,0.6751684071396863,0.050631515798265934,0.5623453102213992,0.05,-0.7999999999999998,1.6000000000000003,4.0,11.0,0,0,0,0,2,60,0,0,0,2
2000496,1.0,0.05,0.75,-0.4514687499999986,-0.3999999999999986,0.05146875000000002,-11,51.46875,6.375,0.21875,0.046875,0.015625,0.6000000000000008,0.4976190476190476,0.904499218735499,0.06121270388634741,0.8862695695004674,0.049999999999999996,-0.7999999999999998,0.4000000000000006,4.0,13.0,0,0,1,0,0,62,0,0,0,1
2000497,1.0,0.05,0.75,-1.653437499999998,-1.5999999999999979,0.05343750000000003,-13,53.4375,6.21875,0.234375,0.03125,0.03125,0.5935483870967748,0.5024193548387097,0.9543503141598002,0.06435645553583183,0.9494996154381113,0.05,-1.1999999999999997,-0.3999999999999996,6.0,11.0,0,0,0,1,0,60,0,0,1,2
2000498,1.0,0.05,0.75,-1.212843749999997,-1.1499999999999968,0.06284375000000002,-14,62.84375,6.78125,0.265625,0.046875,0.0,0.5968750000000007,0.49765625,0.9638059228736009,0.127399641184808,0.9446656741282633,0.05000000000000001,-0.5999999999999999,-0.5499999999999994,3.0,17.0,0,0,1,0,1,62,0,0,0,0
2000499,0.0,0.05,0.75,4.197875,4.2,0.002125000000000001,0,2.125,1.09375,0.109375,0.109375,0.0,0.5937500000000007,0.5,0.4999999999999999,0.05002184773109632,0.05075871982844281,0.05,-0.6000000000000001,4.799999999999999,3.0,11.0,0,0,0,0,2,62,0,0,0,0
2000500,0.0,0.05,0.75,7.685624999999998,7.699999999999998,0.014375000000000011,-6,14.375,3.375,0.171875,0.078125,0.015625,0.5968253968253975,0.4976190476190476,0.6271686208967703,0.05104001387274762,0.4066389882097061,0.05,-0.4,8.1,2.0,14.0,0,0,1,0,1,61,0,0,0,1
2000501,0.0,0.05,0.75,7.577515624999998,7.599999999999999,0.022484375000000018,-8,22.484375,4.046875,0.15625,0.03125,0.0,0.5937500000000007,0.5,0.8520207418627496,0.05007870605052943,0.8276832537580432,0.05,-0.4,7.999999999999999,2.0,10.0,0,0,1,0,1,61,0,1,0,0
2000502,1.0,0.05,0.75,-0.267718749999994,-0.19999999999999396,0.06771875000000002,-13,67.71875,7.25,0.265625,0.0625,0.0,0.6000000000000008,0.50234375,0.9563747509088449,0.17539437916889472,0.9034648444343306,0.049999999999999996,-0.9999999999999998,0.8000000000000007,5.0,16.0,0,0,0,0,0,63,0,0,1,0
2000503,0.0,0.05,0.75,3.740953124999999,3.749999999999999,0.009046875000000006,4,9.046875,2.453125,0.125,0.1875,0.0,0.5968750000000007,0.49765625,0.35610742116457195,0.05966490835963202,0.0016066223285937406,0.05000000000000001,-1.0,4.749999999999999,5.0,15.0,0,0,1,0,1,62,0,0,0,0
2000504,0.0,0.05,0.75,3.5939531249999987,3.5999999999999988,0.006046875000000004,0,6.046875,1.984375,0.09375,0.09375,0.015625,0.6000000000000008,0.4952380952380952,0.5422113958933418,0.05000651430001813,0.0751454385640203,0.05,-0.2,3.799999999999999,1.0,11.0,0,0,2,0,0,61,0,0,0,1
2000505,0.0,0.05,0.75,6.294203124999998,6.299999999999998,0.005796875000000003,-3,5.796875,2.015625,0.15625,0.109375,0.015625,0.6000000000000008,0.4952380952380952,0.4439016004336468,0.05035793504192674,0.09428973965844561,0.05000000000000001,-0.6000000000000001,6.899999999999999,3.0,14.0,0,0,2,0,0,61,0,0,0,1
2000506,0.0,0.05,0.75,3.3964062500000005,3.4000000000000004,0.0035937500000000028,-2,3.59375,1.71875,0.078125,0.046875,0.0,0.6000000000000008,0.5,0.5769126989045642,0.050000411581376816,0.34217936804772964,0.05,-0.6000000000000001,4.0,3.0,5.0,0,0,0,0,0,64,0,0,0,0
2000507,0.0,0.05,0.75,3.3995312499999994,3.3999999999999995,0.0004687500000000003,1,0.46875,0.46875,0.09375,0.109375,0.015625,0.590476190476191,0.4976190476190476,0.5134226703671514,0.05001504068014433,0.03807664237227109,0.05,-1.2,4.6,6.0,7.0,1,0,0,0,1,61,0,0,0,1
2000508,0.0,0.05,0.75,5.586671874999999,5.599999999999999,0.013328125000000008,-4,13.328125,3.421875,0.125,0.0625,0.015625,0.5936507936507943,0.5,0.6082589645628508,0.05002552246683375,0.38450798042955564,0.05,-0.6000000000000001,6.199999999999999,3.0,9.0,0,0,1,0,0,61,1,0,0,1
2000509,0.0,0.05,0.75,2.998890625,3.0,0.0011093750000000006,0,1.109375,0.765625,0.078125,0.078125,0.0,0.5937500000000007,0.5,0.4999999999999997,0.05000105616558372,0.10989221261707945,0.05,-0.4,3.4000000000000004,2.0,8.0,0,0,0,1,0,63,0,0,0,0
2000510,1.0,0.05,0.75,-1.3435937500000008,-1.3000000000000007,0.04359375,-10,43.59375,5.8125,0.1875,0.03125,0.0,0.5906250000000007,0.49296875000000007,0.8700140697740015,0.050241419716815165,0.8576200236376414,0.05,-0.7999999999999998,-0.4999999999999998,4.0,10.0,0,0,3,1,1,59,0,0,0,0
2000511,1.0,0.05,0.75,-1.4621718749999968,-1.3999999999999968,0.062171875000000015,-13,62.171875,6.671875,0.234375,0.03125,0.03125,0.6000000000000008,0.4951612903225807,0.9624465996059712,0.07488846339084965,0.9557680118210874,0.05,-0.9999999999999998,-0.39999999999999947,5.0,12.0,0,0,2,0,0,60,0,0,0,2
2000512,0.0,0.05,0.75,7.192828124999998,7.199999999999998,0.007171875000000005,-4,7.171875,2.421875,0.171875,0.109375,0.015625,0.5936507936507943,0.4976190476190476,0.5024766110863338,0.051600735027765715,0.1293540567859145,0.05,-0.4,7.599999999999999,2.0,16.0,0,0,1,0,2,60,0,0,0,1
2000513,1.0,0.05,0.75,0.4059687500000028,0.45000000000000284,0.04403125000000001,-12,44.03125,5.65625,0.265625,0.078125,0.0,0.6000000000000008,0.49531250000000004,0.9398687232606078,0.2078497327862686,0.8020556890727008,0.05,-0.7999999999999998,1.2500000000000009,4.0,18.0,0,0,2,0,0,62,0,0,0,0
2000514,0.0,0.05,0.75,6.730328124999997,6.749999999999997,0.01967187500000001,-2,19.671875,4.109375,0.171875,0.140625,0.03125,0.5967741935483878,0.49758064516129036,0.4341595732440629,0.05360877120674894,0.03316980651057148,0.05,-1.4,8.149999999999999,7.0,13.0,0,0,1,0,1,60,0,0,0,2
2000515,1.0,0.05,0.75,0.5738593749999996,0.5999999999999996,0.026140625000000015,-9,26.140625,4.578125,0.203125,0.0625,0.0,0.5937500000000007,0.49531250000000004,0.8108727177857056,0.056281720016930006,0.7375577503853925,0.05,-0.3999999999999999,1.0000000000000007,2.0,15.0,1,0,1,0,0,62,0,0,0,0
2000516,1.0,0.05,0.75,-0.7380781249999993,-0.6999999999999993,0.038078125000000004,-12,38.078125,4.453125,0.234375,0.046875,0.046875,0.59016393442623,0.4975409836065574,0.927948307518586,0.08906864390786517,0.9057988380884828,0.05,-0.9999999999999998,0.3000000000000005,5.0,13.0,0,0,1,1,1,58,0,0,0,3
2000517,1.0,0.05,0.75,-0.5520624999999947,-0.49999999999999467,0.05206250000000002,-13,52.0625,6.28125,0.265625,0.0625,0.046875,0.5901639344262302,0.5,0.9711154205070496,0.21349074899388254,0.9076002792647428,0.05,-0.5999999999999999,0.10000000000000064,3.0,18.0,0,0,0,1,1,59,0,0,0,3
2000518,1.0,0.05,0.75,0.788499999999999,0.7999999999999989,0.011500000000000007,-5,11.5,2.71875,0.125,0.046875,0.0,0.6000000000000008,0.5,0.6884183930425741,0.050013737578096525,0.5618479415883963,0.05,-0.3999999999999999,1.2000000000000004,2.0,9.0,0,0,0,0,0,64,0,0,0,0
2000519,1.0,0.05,0.75,0.08071874999999963,0.09999999999999964,0.019281250000000014,-8,19.28125,3.59375,0.171875,0.046875,0.0,0.5937500000000007,0.5,0.8339302308272001,0.050366658202672956,0.7922251597778025,0.05000000000000001,-0.3999999999999999,0.5000000000000004,2.0,12.0,0,0,1,0,1,61,0,1,0,0
2000520,1.0,0.05,0.75,-2.1931406249999985,-2.1499999999999986,0.043140625,-13,43.140625,5.609375,0.21875,0.015625,0.015625,0.6000000000000008,0.5,0.9681532309088924,0.053095883433693127,0.9668634545824418,0.05,-0.7999999999999998,-1.3499999999999996,4.0,11.0,0,0,1,0,0,61,0,0,1,1
2000521,0.0,0.05,0.75,10.987328125000003,11.050000000000002,0.062671875,-11,62.671875,7.453125,0.234375,0.0625,0.03125,0.5935483870967748,0.4927419354838709,0.8827218012890198,0.10201716224811397,0.8200677649458388,0.049999999999999996,-0.6000000000000001,11.650000000000002,3.0,16.0,1,0,2,0,0,59,0,0,0,2
2000522,0.0,0.05,0.75,4.197921875,4.199999999999999,0.002078125000000001,-1,2.078125,1.015625,0.109375,0.09375,0.046875,0.59016393442623,0.5049180327868853,0.5511016261111209,0.05002656456665512,0.13769938507321874,0.05,-0.9000000000000001,5.1,4.0,9.0,0,0,0,0,2,57,0,1,1,3
2000523,0.0,0.05,0.75,4.194359375,4.2,0.005640625000000002,0,5.640625,1.765625,0.109375,0.109375,0.046875,0.6000000000000008,0.5024590163934426,0.4777576385821749,0.050054604209610165,0.05075871982844281,0.05,-0.8,5.0,4.0,10.0,0,0,0,0,0,60,0,0,1,3
2000524,1.0,0.05,0.75,-1.2699218749999956,-1.1999999999999957,0.06992187500000002,-15,69.921875,7.171875,0.28125,0.046875,0.0,0.6000000000000008,0.5,0.9865749181036227,0.2054911280952117,0.9628955048825689,0.05,-0.7999999999999998,-0.39999999999999925,4.0,17.0,0,0,0,0,0,64,0,0,0,0
2000525,1.0,0.05,0.75,-1.2652187499999976,-1.1999999999999975,0.06521875000000003,-12,65.21875,7.15625,0.21875,0.03125,0.015625,0.6000000000000008,0.5,0.9460930941479904,0.05623643914754206,0.9411611939940019,0.05,-0.3999999999999999,-0.7999999999999994,2.0,14.0,0,0,0,0,0,63,0,0,0,1
2000526,0.0,0.05,0.75,3.998968749999999,3.999999999999999,0.0010312500000000007,-2,1.03125,0.8125,0.09375,0.0625,0.0,0.5968750000000007,0.50234375,0.5361308626477213,0.050001651729924435,0.255029433845738,0.05,-0.6000000000000001,4.6,3.0,7.0,0,0,0,0,0,63,0,1,0,0
2000527,0.0,0.05,0.75,5.793812499999998,5.799999999999998,0.006187500000000003,-2,6.1875,1.90625,0.140625,0.109375,0.015625,0.6000000000000008,0.4976190476190476,0.5423887125995027,0.05024660923413297,0.08890560802337871,0.05000000000000001,-1.0,6.799999999999999,5.0,11.0,0,0,1,0,0,62,0,0,0,1
2000528,1.0,0.05,0.75,-2.1462031249999978,-2.099999999999998,0.04620312500000002,-13,46.203125,5.609375,0.21875,0.015625,0.015625,0.5936507936507943,0.5,0.9691369122033778,0.0535032838525022,0.9677318985095097,0.049999999999999996,-1.4999999999999998,-0.5999999999999996,7.0,8.0,0,0,1,0,2,59,0,0,1,1
2000529,0.0,0.05,0.75,8.187187499999999,8.2,0.01281250000000001,-5,12.8125,3.0625,0.1875,0.109375,0.03125,0.6000000000000008,0.5,0.5765889720494765,0.06072038682132494,0.1939088189945684,0.05,-0.8,9.0,4.0,15.0,0,0,0,0,0,62,0,0,0,2
2000530,1.0,0.05,0.75,-0.5815468750000016,-0.5500000000000016,0.03154687500000002,-8,31.546875,5.046875,0.15625,0.03125,0.015625,0.5968253968253975,0.4976190476190476,0.8354117179593138,0.05007775669469815,0.8101955386384694,0.05,-0.5999999999999999,0.050000000000000266,3.0,9.0,0,0,1,0,1,61,0,0,0,1
2000531,0.0,0.05,0.75,7.584718749999998,7.599999999999998,0.01528125000000001,-5,15.28125,3.34375,0.171875,0.09375,0.0,0.6000000000000008,0.4953125,0.6180242444133925,0.05163767750847362,0.2676770658910387,0.049999999999999996,-0.8,8.399999999999999,4.0,13.0,0,0,2,0,0,62,0,0,0,0
2000532,0.0,0.05,0.75,2.2939374999999997,2.3,0.006062500000000004,3,6.0625,1.90625,0.078125,0.125,0.015625,0.5936507936507943,0.5,0.4727206160894034,0.05002784744241912,0.016927429168717128,0.049999999999999996,-0.7,3.0,3.0,10.0,0,0,0,0,2,61,0,0,0,1
2000533,0.0,0.05,0.75,3.9924062499999993,3.999999999999999,0.007593750000000005,-2,7.59375,2.4375,0.09375,0.0625,0.0,0.6000000000000008,0.49765625,0.5729672560713991,0.050001953997376496,0.2550294338457388,0.05,-0.6000000000000001,4.6,3.0,7.0,0,0,1,0,0,63,0,0,0,0
2000534,1.0,0.05,0.75,-0.8106249999999983,-0.7499999999999982,0.06062500000000001,-11,60.625,6.875,0.21875,0.046875,0.03125,0.5935483870967748,0.5,0.9345564696920363,0.06544931589479511,0.920431213660065,0.05,-0.5999999999999999,-0.14999999999999947,3.0,14.0,0,0,1,0,0,60,1,0,0,2
2000535,0.0,0.05,0.75,3.3990156249999997,3.3999999999999995,0.0009843750000000004,1,0.984375,0.765625,0.09375,0.109375,0.03125,0.6000000000000008,0.5,0.48533851571744263,0.05002193203770696,0.03807664237227116,0.05,-1.0,4.3999999999999995,5.0,8.0,0,0,0,0,0,62,0,0,0,2
2000536,0.0,0.05,0.75,5.588359374999999,5.599999999999999,0.011640625000000009,-4,11.640625,2.890625,0.125,0.0625,0.0,0.6000000000000008,0.5,0.6117405219478517,0.05001948237185863,0.384507980429556,0.05,-0.4,5.999999999999999,2.0,10.0,0,0,0,0,0,64,0,0,0,0
2000537,0.0,0.05,0.75,4.897515624999999,4.899999999999999,0.0024843750000000018,-1,2.484375,1.296875,0.125,0.109375,0.0,0.5968750000000007,0.49765625,0.4962828904068631,0.050047099505965045,0.06189717560244659,0.05000000000000001,-0.6000000000000001,5.499999999999999,3.0,12.0,0,0,2,0,1,60,0,0,1,0
2000538,0.0,0.05,0.75,3.3959843749999985,3.3999999999999986,0.004015625000000001,4,4.015625,1.453125,0.109375,0.171875,0.0,0.6000000000000008,0.4953125,0.49363558000463126,0.05145806781432981,0.003003196751364616,0.05,-0.8,4.199999999999998,4.0,14.0,0,0,2,0,0,62,0,0,0,0
2000539,0.0,0.05,0.75,4.996749999999998,4.999999999999998,0.003250000000000002,-1,3.25,1.5625,0.125,0.109375,0.015625,0.6000000000000008,0.5,0.5103491411865504,0.05007375792878087,0.067368950751982,0.05,-0.6000000000000001,5.599999999999999,3.0,12.0,0,0,0,0,0,63,0,0,0,1
2000540,0.0,0.05,0.75,8.087937499999997,8.099999999999998,0.012062500000000009,-6,12.0625,2.9375,0.1875,0.09375,0.03125,0.5838709677419361,0.5024193548387097,0.6340530707564673,0.055487459033601264,0.3775453889880548,0.05,-0.6000000000000001,8.7,3.0,15.0,0,0,0,1,1,59,1,0,0,2
2000541,0.0,0.05,0.75,7.375656249999999,7.399999999999999,0.024343749999999997,-4,24.34375,4.125,0.171875,0.109375,0.0,0.6000000000000008,0.5,0.5457301664638663,0.05183566360287656,0.15115600426096082,0.05,-0.4,7.799999999999999,2.0,16.0,0,0,0,0,0,64,0,0,0,0
2000542,0.0,0.05,0.75,5.044734374999999,5.049999999999999,0.005265625000000004,1,5.265625,1.953125,0.140625,0.15625,0.0,0.6000000000000008,0.49765625,0.5875511174351279,0.05081872735857175,0.014255426114536385,0.05,-0.8,5.849999999999999,4.0,15.0,0,0,2,0,0,61,0,0,1,0
2000543,1.0,0.05,0.75,-1.4498124999999968,-1.3999999999999968,0.049812500000000016,-13,49.8125,5.96875,0.234375,0.03125,0.0,0.5968750000000007,0.5,0.9599239648268092,0.062220852937964435,0.9557680118210874,0.05,-0.5999999999999999,-0.7999999999999994,3.0,14.0,0,0,0,0,1,63,0,0,0,0
2000544,0.0,0.05,0.75,5.188624999999999,5.199999999999999,0.011375000000000007,-5,11.375,2.90625,0.109375,0.03125,0.015625,0.5968253968253975,0.5,0.7370450877308607,0.05000426364105827,0.6608386470530978,0.05,-0.2,5.3999999999999995,1.0,8.0,0,0,0,0,1,62,0,0,0,1
2000545,1.0,0.05,0.75,1.9289999999999994,1.9499999999999993,0.021000000000000008,-7,21.0,4.21875,0.203125,0.09375,0.015625,0.5968253968253975,0.4952380952380953,0.6729740684780018,0.06391105619127163,0.4169068787626308,0.05,-0.3999999999999999,2.3500000000000005,2.0,17.0,0,0,2,0,1,60,0,0,0,1
2000546,0.0,0.05,0.75,2.648765625,2.65,0.0012343750000000007,1,1.234375,0.921875,0.078125,0.09375,0.0625,0.5966666666666673,0.4975,0.42707853317279193,0.05000897623066457,0.050739420781594144,0.05,-1.0,3.6499999999999995,5.0,6.0,0,0,1,0,1,58,0,0,0,4
2000547,1.0,0.05,0.75,-2.065656249999998,-1.9999999999999982,0.06565625000000001,-13,65.65625,6.78125,0.21875,0.015625,0.015625,0.6000000000000008,0.5,0.9718490146921563,0.05430904646634426,0.9704430981963795,0.05,-0.7999999999999998,-1.1999999999999995,4.0,11.0,0,0,0,0,0,63,0,0,0,1
2000548,0.0,0.05,0.75,8.830765625,8.85,0.01923437500000001,-7,19.234375,4.109375,0.203125,0.09375,0.015625,0.590476190476191,0.4976190476190476,0.5709788353238708,0.05756764452804542,0.3426905234274558,0.05,-0.4,9.25,2.0,17.0,0,1,0,0,2,60,0,0,0,1
2000549,1.0,0.05,0.75,-1.2185781249999967,-1.1499999999999968,0.06857812500000002,-14,68.578125,7.578125,0.265625,0.046875,0.03125,0.5935483870967748,0.49758064516129036,0.9712889224698156,0.1630842031377731,0.944665674128263,0.05,-0.7999999999999998,-0.3499999999999994,4.0,16.0,0,0,1,1,0,60,0,0,0,2
2000550,0.0,0.05,0.75,6.394015624999998,6.399999999999998,0.0059843750000000044,-2,5.984375,2.171875,0.15625,0.125,0.0,0.5968750000000007,0.50234375,0.4925551477028409,0.0506970035744874,0.06034471064474157,0.05,-1.0,7.399999999999999,5.0,13.0,0,0,0,0,1,62,0,0,1,0
2000551,1.0,0.05,0.75,-1.2649999999999975,-1.1999999999999975,0.065,-12,65.0,7.28125,0.21875,0.03125,0.03125,0.5967741935483878,0.5024193548387097,0.9461660287551314,0.05782952605624281,0.9411611939940019,0.05,-0.7999999999999998,-0.39999999999999947,4.0,12.0,0,0,0,0,1,60,0,0,1,2
2000552,0.0,0.05,0.75,5.248890624999999,5.249999999999999,0.0011093750000000006,0,1.109375,0.765625,0.140625,0.140625,0.015625,0.5936507936507943,0.5023809523809524,0.5508998109570244,0.050558109147292606,0.02882854497937149,0.05,-0.8,6.049999999999999,4.0,14.0,0,0,0,1,0,61,0,0,1,1
2000553,0.0,0.05,0.75,5.998687499999999,5.999999999999999,0.0013125000000000007,-3,1.3125,0.84375,0.140625,0.09375,0.03125,0.5967741935483878,0.5,0.5425940541772502,0.050223237689262845,0.16687361614635418,0.05000000000000001,-0.6000000000000001,6.599999999999999,3.0,12.0,0,0,0,0,1,61,0,0,0,2
2000554,1.0,0.05,0.75,-1.802234375,-1.75,0.05223437500000002,-11,52.234375,6.203125,0.1875,0.015625,0.0,0.5968750000000007,0.49765625,0.9439887852250558,0.050312230546285704,0.9411390053193098,0.05,-0.7999999999999998,-0.9499999999999997,4.0,9.0,0,0,1,0,1,62,0,0,0,0
2000555,1.0,0.05,0.75,0.5886562499999988,0.5999999999999988,0.011343750000000008,-6,11.34375,2.96875,0.140625,0.046875,0.015625,0.6000000000000008,0.5,0.7287479908498042,0.050056855757330085,0.634000873470428,0.05,-0.19999999999999996,0.8000000000000005,1.0,11.0,0,0,0,0,0,63,0,0,0,1
2000556,1.0,0.05,0.75,1.2351093749999982,1.2499999999999982,0.01489062500000001,-5,14.890625,3.578125,0.140625,0.0625,0.015625,0.587301587301588,0.5,0.6151821730247661,0.05006205658195318,0.42223410740067,0.05,-0.7,1.9500000000000004,3.0,10.0,0,0,1,0,2,59,1,0,0,1
2000557,1.0,0.05,0.75,-1.0120312499999975,-0.9499999999999975,0.06203125000000002,-12,62.03125,6.625,0.234375,0.046875,0.015625,0.590476190476191,0.5023809523809524,0.9510688634050845,0.07645447007665843,0.939855409575638,0.05,-0.7999999999999998,-0.14999999999999947,4.0,14.0,0,0,0,0,1,61,1,0,0,1
2000558,0.0,0.05,0.75,3.6984843749999983,3.6999999999999984,0.001515625000000001,2,1.515625,0.921875,0.109375,0.140625,0.03125,0.5967741935483878,0.49758064516129036,0.4593898972074316,0.050295985406555395,0.011459794888074144,0.04999999999999999,-1.2,4.899999999999999,6.0,10.0,0,0,1,0,1,60,0,0,0,2
2000559,1.0,0.05,0.75,0.4850781249999991,0.4999999999999991,0.01492187500000001,-7,14.921875,3.140625,0.15625,0.046875,0.0,0.5937500000000007,0.49531250000000004,0.5705422424168153,0.050098798415938874,0.4663681979408491,0.05000000000000001,-0.3999999999999999,0.9000000000000004,2.0,11.0,0,0,3,0,0,60,1,0,0,0
2000560,0.0,0.05,0.75,2.7962499999999997,2.8,0.003750000000000003,1,3.75,1.8125,0.078125,0.09375,0.015625,0.5968253968253975,0.4976190476190476,0.4989293478365947,0.05000338635240671,0.056734503653562515,0.05,-0.8,3.5999999999999996,4.0,7.0,0,0,1,0,1,61,0,0,0,1
2000561,1.0,0.05,0.75,-0.8385625000000008,-0.8000000000000007,0.03856250000000001,-10,38.5625,5.59375,0.1875,0.03125,0.015625,0.6000000000000008,0.5,0.9076393442060935,0.05084431199058865,0.897596938492834,0.05,-0.19999999999999996,-0.5999999999999994,1.0,13.0,0,0,0,0,0,63,0,0,0,1
2000562,0.0,0.05,0.75,8.84384375,8.85,0.006156250000000003,-7,6.15625,1.9375,0.203125,0.09375,0.03125,0.5903225806451619,0.492741935483871,0.6296921545267332,0.06478982961715449,0.35764458826234624,0.05,-0.8,9.65,4.0,15.0,1,0,2,0,1,58,0,0,0,2
2000563,0.0,0.05,0.75,4.796234374999999,4.799999999999999,0.0037656250000000025,-3,3.765625,1.640625,0.109375,0.0625,0.0,0.6000000000000008,0.5,0.5820257969747509,0.050005952906432546,0.3162170733724755,0.05,-0.8,5.6,4.0,7.0,0,0,0,0,0,64,0,0,0,0
2000564,0.0,0.05,0.75,6.691906249999999,6.699999999999998,0.008093750000000004,-2,8.09375,2.25,0.171875,0.140625,0.015625,0.5904761904761912,0.5,0.5461705203114653,0.05397132823093924,0.049354979090595705,0.049999999999999996,-1.2,7.8999999999999995,5.0,15.0,0,0,0,1,1,61,0,0,0,1
2000565,0.0,0.05,0.75,3.3988437499999993,3.3999999999999995,0.0011562500000000008,1,1.15625,0.90625,0.09375,0.109375,0.03125,0.6000000000000008,0.49758064516129036,0.5064734710580966,0.05002078784060534,0.03807664237227122,0.05,-0.6000000000000001,3.999999999999999,3.0,10.0,0,0,1,0,0,61,0,0,0,2
2000566,0.0,0.05,0.75,7.9922187499999975,7.999999999999997,0.007781250000000005,-4,7.78125,2.4375,0.1875,0.125,0.03125,0.6000000000000008,0.4975806451612903,0.582362320516479,0.06632660713793045,0.10489966582451009,0.049999999999999996,-1.0,9.0,5.0,15.0,0,0,2,0,0,59,0,0,1,2
2000567,1.0,0.05,0.75,-0.6406874999999979,-0.5999999999999979,0.04068750000000001,-12,40.6875,5.625,0.234375,0.046875,0.03125,0.6000000000000008,0.5,0.9316484810513779,0.08382529217930045,0.9132472320601313,0.05,-0.7999999999999998,0.20000000000000062,4.0,14.0,0,0,0,0,0,62,0,0,0,2
2000568,1.0,0.05,0.75,1.4409687499999984,1.4499999999999984,0.009031250000000006,-6,9.03125,2.625,0.171875,0.078125,0.0,0.5937500000000007,0.50234375,0.7226839377096795,0.05101087769032514,0.5269021426875932,0.05,-0.3999999999999999,1.8499999999999999,2.0,14.0,0,0,0,0,0,63,1,0,0,0
2000569,1.0,0.05,0.75,-2.075687499999998,-1.9999999999999982,0.07568749999999998,-13,75.6875,7.65625,0.21875,0.015625,0.03125,0.6000000000000008,0.49516129032258066,0.9722819541502222,0.056461184038744644,0.9704430981963795,0.05,-0.3999999999999999,-1.5999999999999994,2.0,13.0,0,0,2,0,0,60,0,0,0,2
2000570,1.0,0.05,0.75,-1.2219218750000012,-1.200000000000001,0.021921875000000014,-9,21.921875,3.734375,0.15625,0.015625,0.015625,0.5968253968253975,0.4976190476190476,0.9157707527397306,0.05007815122069084,0.9079133425013745,0.05,-0.19999999999999996,-0.9999999999999996,1.0,10.0,0,0,1,0,1,61,0,0,0,1
2000571,1.0,0.05,0.75,1.0637031250000013,1.1000000000000014,0.03629687500000001,-9,36.296875,5.328125,0.21875,0.078125,0.015625,0.590476190476191,0.5023809523809524,0.7957463142509829,0.07619682260440613,0.690489292402798,0.05,-0.5999999999999999,1.7000000000000006,3.0,16.0,0,0,0,0,1,61,1,0,0,1
2000572,0.0,0.05,0.75,3.3986249999999987,3.3999999999999986,0.0013750000000000006,1,1.375,0.8125,0.09375,0.109375,0.015625,0.5936507936507943,0.4976190476190476,0.5094609294325795,0.05001519872847054,0.038076642372271256,0.05,-0.8,4.199999999999999,4.0,9.0,0,1,0,0,1,61,0,0,0,1
2000573,1.0,0.05,0.75,-0.41525000000000034,-0.40000000000000036,0.015250000000000012,-5,15.25,3.5,0.09375,0.015625,0.015625,0.6000000000000008,0.5,0.7871953827376398,0.050001038890432926,0.7475149483256291,0.05000000000000001,-0.19999999999999996,-0.19999999999999973,1.0,6.0,0,0,0,0,0,63,0,0,0,1
2000574,1.0,0.05,0.75,0.32818749999999963,0.34999999999999964,0.021812500000000012,-8,21.8125,4.09375,0.171875,0.046875,0.0,0.5875000000000006,0.49765625,0.6225582116683678,0.05026879487181305,0.5546234940763701,0.05,-0.19999999999999996,0.5500000000000005,1.0,13.0,0,0,2,0,2,59,1,0,0,0
2000575,0.0,0.05,0.75,6.395843749999998,6.399999999999999,0.004156250000000003,-5,4.15625,1.71875,0.140625,0.0625,0.046875,0.6000000000000008,0.4950819672131148,0.670118242061359,0.05019170708665999,0.4576757063549409,0.05000000000000001,-0.4,6.799999999999999,2.0,11.0,0,0,2,0,0,59,0,0,0,3
2000576,1.0,0.05,0.75,-0.53671875,-0.5,0.03671875000000001,-11,36.71875,5.03125,0.21875,0.046875,0.0,0.5843750000000006,0.49765625,0.894205747735064,0.05665795269420072,0.876817359475575,0.05000000000000001,-0.7,0.20000000000000062,3.0,14.0,1,0,1,0,1,60,1,0,0,0
2000577,1.0,0.05,0.75,-0.8274843750000007,-0.8000000000000007,0.02748437500000002,-10,27.484375,4.578125,0.1875,0.03125,0.03125,0.587096774193549,0.5,0.9075674462744562,0.05111821924851742,0.8975969384928341,0.05,-0.19999999999999996,-0.5999999999999994,1.0,13.0,0,0,1,0,2,58,1,0,0,2
2000578,1.0,0.05,0.75,0.03215624999999893,0.049999999999998934,0.01784375000000001,-7,17.84375,3.8125,0.15625,0.046875,0.0,0.5875000000000007,0.5,0.7238714962051768,0.050058999655915364,0.6613919779954642,0.05000000000000001,-0.5999999999999999,0.6500000000000004,3.0,10.0,1,0,0,0,0,62,1,0,0,0
2000579,0.0,0.05,0.75,7.394546874999999,7.399999999999999,0.005453125000000004,-4,5.453125,2.046875,0.171875,0.109375,0.015625,0.6000000000000008,0.5023809523809524,0.5269794350576046,0.05221698734256084,0.151156004260961,0.05,-1.0,8.399999999999999,5.0,13.0,0,0,0,0,0,62,0,0,1,1
2000580,0.0,0.05,0.75,7.188843749999999,7.199999999999999,0.011156250000000008,-6,11.15625,2.6875,0.15625,0.0625,0.046875,0.6000000000000008,0.49508196721311476,0.7023481058990261,0.0505981564189075,0.5327159086609199,0.05,-0.6000000000000001,7.799999999999999,3.0,11.0,0,0,2,0,0,59,0,0,0,3
2000581,1.0,0.05,0.75,0.8751249999999995,0.8999999999999995,0.024874999999999994,-7,24.875,4.21875,0.171875,0.0625,0.0,0.5968750000000007,0.5,0.7550657952625079,0.05060837996778557,0.6500520443547314,0.05,-0.9999999999999998,1.9000000000000004,5.0,10.0,0,0,0,0,1,63,0,0,0,0
2000582,0.0,0.05,0.75,3.5983281249999988,3.5999999999999988,0.001671875000000001,3,1.671875,1.046875,0.109375,0.15625,0.0,0.5906250000000006,0.50234375,0.4395732091376309,0.050631804056333156,0.006145030452283841,0.049999999999999996,-1.2,4.799999999999999,6.0,11.0,0,0,0,0,1,62,1,0,0,0
2000583,1.0,0.05,0.75,0.4191718749999993,0.4499999999999993,0.030828125000000012,-8,30.828125,4.765625,0.1875,0.0625,0.015625,0.5904761904761912,0.5,0.8284221920059701,0.05278226219084852,0.7553937591571458,0.049999999999999996,-0.5999999999999999,1.0500000000000005,3.0,13.0,0,0,1,0,1,60,1,0,0,1
2000584,1.0,0.05,0.75,-0.9446875000000003,-0.9000000000000004,0.04468750000000002,-10,44.6875,5.9375,0.1875,0.03125,0.0,0.5968750000000007,0.4953125,0.9012714215706934,0.050586225898602385,0.8889682118130046,0.05,-0.9999999999999998,0.10000000000000031,5.0,9.0,0,0,2,0,1,61,0,0,0,0
2000585,0.0,0.05,0.75,11.813828125,11.850000000000001,0.036171875000000006,-12,36.171875,4.921875,0.25,0.0625,0.046875,0.59016393442623,0.5024590163934426,0.9264205703428763,0.15400751033861923,0.8571319306078301,0.05,-0.4,12.250000000000004,2.0,18.0,0,0,0,0,1,59,1,0,0,3
2000586,1.0,0.05,0.75,-0.16720312500000037,-0.15000000000000036,0.01720312500000001,-9,17.203125,3.921875,0.1875,0.046875,0.03125,0.6000000000000008,0.49758064516129036,0.8246759022750412,0.051333004024443754,0.7914465318615163,0.05,-0.3999999999999999,0.25000000000000044,2.0,13.0,0,0,1,0,0,61,0,0,0,2
2000587,0.0,0.05,0.75,4.099187499999998,4.099999999999999,0.0008125000000000004,0,0.8125,0.6875,0.109375,0.109375,0.03125,0.5967741935483878,0.5,0.46170753432149236,0.05003691894149474,0.04656868058881917,0.05000000000000001,-1.2,5.299999999999999,6.0,8.0,0,0,0,0,1,61,0,0,0,2
2000588,1.0,0.05,0.75,3.9483437500000003,3.95,0.001656250000000001,-1,1.65625,1.125,0.125,0.109375,0.0,0.5875000000000007,0.5046875,0.46720261582782135,0.050046561059655534,0.06409357236070409,0.05,-0.3999999999999999,4.349999999999999,2.0,13.0,0,0,0,1,0,61,1,0,1,0
2000589,1.0,0.05,0.75,0.0982187500000039,0.1500000000000039,0.051781250000000015,-10,51.78125,6.625,0.21875,0.0625,0.0,0.5875000000000007,0.5,0.8088060572137892,0.05849645481004114,0.7579748767746105,0.05,-0.7999999999999999,0.9500000000000006,3.0,15.0,0,0,1,1,0,61,1,0,0,0
2000590,0.0,0.05,0.75,6.990203124999998,6.999999999999998,0.009796875000000007,-5,9.796875,2.640625,0.15625,0.078125,0.03125,0.590322580645162,0.49516129032258066,0.6426197373559617,0.05066286876469819,0.3570773963529917,0.05,-0.4,7.399999999999999,2.0,13.0,0,1,1,1,0,59,0,0,0,2
2000591,1.0,0.05,0.75,-0.8316875000000007,-0.8000000000000007,0.03168750000000001,-10,31.6875,4.84375,0.1875,0.03125,0.0,0.5968750000000007,0.5,0.9075571880204231,0.050622678029409014,0.8975969384928344,0.05000000000000001,-0.3999999999999999,-0.39999999999999947,2.0,12.0,0,0,0,0,1,63,0,0,0,0
2000592,1.0,0.05,0.75,-1.8298437499999989,-1.799999999999999,0.02984375000000001,-12,29.84375,4.71875,0.203125,0.015625,0.03125,0.6000000000000008,0.5,0.9623636197096035,0.05213281043641213,0.9604820894934692,0.05,-0.3999999999999999,-1.3999999999999995,2.0,12.0,0,0,0,0,0,62,0,0,0,2
2000593,0.0,0.05,0.75,10.568421875000002,10.600000000000001,0.03157812500000001,-11,31.578125,4.890625,0.21875,0.046875,0.0,0.6000000000000008,0.5,0.9019313154980277,0.057574265074270804,0.8862695695004678,0.05,-0.2,10.8,1.0,16.0,0,0,0,0,0,64,0,0,0,0
2000594,0.0,0.05,0.75,0.7925937500000002,0.8000000000000003,0.007406250000000003,5,7.40625,1.90625,0.046875,0.125,0.0,0.5968750000000007,0.5,0.31158160695742654,0.05001373757809653,0.007762031509997811,0.05000000000000001,-1.0,1.8,5.0,6.0,0,0,0,0,1,63,0,0,0,0
2000595,1.0,0.05,0.75,-0.9178125000000013,-0.9000000000000012,0.01781250000000001,-7,17.8125,3.75,0.125,0.015625,0.015625,0.5904761904761912,0.5023809523809524,0.848100692098821,0.050006703930295986,0.8315077673333346,0.05000000000000001,-0.3999999999999999,-0.4999999999999998,2.0,7.0,0,0,0,0,2,60,0,1,0,1
2000596,0.0,0.05,0.75,3.1458437499999987,3.1499999999999986,0.004156250000000003,3,4.15625,1.6875,0.09375,0.140625,0.03125,0.6000000000000008,0.49758064516129036,0.2855257545438599,0.05049765222267465,0.003687408003575408,0.05,-0.6500000000000001,3.799999999999999,4.0,11.0,0,0,1,0,0,61,0,0,0,2
2000597,0.0,0.05,0.75,6.390234374999999,6.399999999999999,0.009765625000000005,-5,9.765625,2.609375,0.140625,0.0625,0.015625,0.5968253968253975,0.5,0.6449411616255308,0.05008433488427581,0.45767570635494054,0.05,-0.4,6.799999999999999,2.0,11.0,0,0,0,0,1,62,0,0,0,1
2000598,1.0,0.05,0.75,1.986421875,2.0,0.01357812500000001,-8,13.578125,3.171875,0.21875,0.09375,0.03125,0.6000000000000008,0.4951612903225807,0.7730121266667228,0.11837558262400658,0.4739790681817421,0.05,-0.7999999999999998,2.8,4.0,16.0,0,0,2,0,0,60,0,0,0,2
2000599,1.0,0.05,0.75,-2.895890625,-2.8499999999999996,0.04589062500000002,-13,45.890625,5.890625,0.203125,0.0,0.03125,0.590322580645162,0.49758064516129036,0.9764202458443847,0.051024741783964704,0.9759019089801826,0.05,-0.3999999999999999,-2.45,2.0,11.0,0,0,1,1,1,59,0,0,0,2
2000600,1.0,0.05,0.75,-0.01984375000000001,0.0,0.01984375000000001,-9,19.84375,3.875,0.1875,0.046875,0.03125,0.6000000000000008,0.5,0.8428777135651442,0.05186835654890383,0.8102571369822893,0.049999999999999996,-0.5999999999999999,0.6000000000000005,3.0,12.0,0,0,1,0,0,60,0,0,1,2
2000601,1.0,0.05,0.75,0.16728124999999927,0.1999999999999993,0.032718750000000005,-8,32.71875,4.96875,0.171875,0.046875,0.015625,0.6000000000000008,0.4976190476190476,0.8108507900786771,0.05054068316212794,0.759680323126749,0.05,-0.19999999999999996,0.4000000000000006,1.0,13.0,0,0,1,0,0,62,0,0,0,1
2000602,1.0,0.05,0.75,1.606921875000002,1.6500000000000021,0.043078125,-9,43.078125,5.890625,0.234375,0.09375,0.015625,0.5968253968253975,0.5,0.754789253693503,0.12070142468589123,0.519630238495632,0.049999999999999996,-0.9999999999999998,2.6500000000000004,5.0,16.0,0,0,1,0,1,60,0,0,1,1
2000603,0.0,0.05,0.75,8.184765624999997,8.199999999999998,0.01523437500000001,-5,15.234375,3.390625,0.1875,0.109375,0.015625,0.6000000000000008,0.5,0.5717856132389326,0.05798938960202896,0.19390881899456802,0.05,-0.8,9.0,4.0,15.0,0,0,0,0,0,63,0,0,0,1
2000604,1.0,0.05,0.75,-0.027234374999999998,0.0,0.027234374999999998,-9,27.234375,4.671875,0.1875,0.046875,0.015625,0.5968253968253975,0.4952380952380953,0.8480146858072638,0.05169775445130417,0.8102571369822893,0.05,-0.7999999999999998,0.8000000000000005,4.0,11.0,0,0,2,0,1,60,0,0,0,1
2000605,1.0,0.05,0.75,2.3215781250000056,2.4000000000000057,0.07842187500000004,-9,78.421875,7.953125,0.25,0.109375,0.0625,0.5966666666666673,0.5,0.9612247302334149,0.27200988991262454,0.44477813534123006,0.05,-0.5999999999999999,3.000000000000001,3.0,20.0,0,0,0,0,1,59,0,0,0,4
2000606,0.0,0.05,0.75,5.194156249999999,5.199999999999999,0.005843750000000004,-4,5.84375,2.03125,0.125,0.0625,0.015625,0.5968253968253975,0.5,0.6487111349088428,0.05002058772646718,0.43705100490488347,0.05,-0.4,5.6,2.0,10.0,0,0,1,0,0,61,0,1,0,1
2000607,0.0,0.05,0.75,6.332984374999999,6.349999999999999,0.01701562500000001,-6,17.015625,3.953125,0.140625,0.046875,0.046875,0.5967213114754105,0.5,0.6718089738258448,0.0500515339707539,0.5843957287862755,0.05,-0.2,6.549999999999999,1.0,11.0,0,0,1,0,1,58,0,0,1,3
2000608,1.0,0.05,0.75,2.3947968749999986,2.3999999999999986,0.005203125000000003,-3,5.203125,1.984375,0.125,0.078125,0.015625,0.6000000000000008,0.5,0.559179473598115,0.050036287296583326,0.23333404248736372,0.05,-0.5999999999999999,2.999999999999999,3.0,10.0,0,0,0,0,0,63,0,0,0,1
2000609,0.0,0.05,0.75,6.090734374999998,6.099999999999998,0.009265625000000005,2,9.265625,2.703125,0.171875,0.203125,0.015625,0.5968253968253975,0.5,0.33594280644206953,0.12548897094049152,0.002169993937650644,0.05,-1.5999999999999999,7.699999999999998,8.0,16.0,0,0,0,0,1,62,0,0,0,1
2000610,1.0,0.05,0.75,-0.9082812499999979,-0.8499999999999979,0.05828125000000003,-12,58.28125,6.625,0.234375,0.046875,0.0,0.5906250000000006,0.4953125,0.9093751768420095,0.06269313658689482,0.8952353049885908,0.05,-1.1999999999999997,0.3500000000000003,6.0,12.0,0,0,2,1,1,60,0,0,0,0
2000611,1.0,0.05,0.75,-1.051296875,-1.0,0.051296875,-11,51.296875,6.390625,0.203125,0.03125,0.0625,0.5966666666666673,0.5,0.9296986335566729,0.05570511975594719,0.9221237688883384,0.05,-0.7999999999999998,-0.1999999999999995,4.0,11.0,0,0,0,0,1,59,0,0,0,4
2000612,1.0,0.05,0.75,3.3930937499999976,3.3999999999999977,0.006906250000000004,-4,6.90625,2.25,0.171875,0.109375,0.03125,0.5935483870967748,0.49758064516129036,0.5773335391914222,0.053880412866562775,0.15115600426096104,0.05,-0.3999999999999999,3.8,2.0,16.0,1,0,0,0,0,61,0,0,0,2
2000613,1.0,0.05,0.75,-1.649671874999998,-1.5999999999999979,0.049671875000000025,-13,49.671875,6.328125,0.234375,0.03125,0.03125,0.5903225806451619,0.5,0.9546990497863664,0.06525708663682592,0.9494996154381113,0.05,-1.1999999999999997,-0.39999999999999947,5.0,12.0,0,0,0,1,1,60,0,0,0,2
2000614,0.0,0.05,0.75,4.198093749999999,4.199999999999999,0.0019062500000000008,0,1.90625,1.03125,0.109375,0.109375,0.0,0.6000000000000008,0.49765625,0.5222397963109858,0.0500218477310963,0.05075871982844279,0.049999999999999996,-0.8,4.999999999999999,4.0,10.0,0,0,1,0,0,63,0,0,0,0
2000615,1.0,0.05,0.75,-2.119078124999997,-2.049999999999997,0.06907812500000003,-15,69.078125,7.203125,0.265625,0.03125,0.015625,0.5873015873015879,0.4952380952380952,0.9840988192340362,0.12268783333161706,0.9768880727350708,0.049999999999999996,-1.3999999999999997,-0.6499999999999997,7.0,12.0,0,0,2,0,4,57,0,0,0,1
2000616,1.0,0.05,0.75,-3.029921874999995,-2.899999999999995,0.129921875,-17,129.921875,10.296875,0.28125,0.015625,0.015625,0.5968253968253975,0.5,0.994651930879488,0.16368921980496173,0.9900864772275075,0.049999999999999996,-1.3999999999999997,-1.4999999999999996,7.0,12.0,0,0,0,0,1,62,0,0,0,1
2000617,1.0,0.05,0.75,-0.8137500000000008,-0.8000000000000007,0.013749999999999998,-10,13.75,2.6875,0.1875,0.03125,0.03125,0.5967741935483878,0.5,0.9077506085904948,0.05114447157141228,0.8975969384928343,0.05,-0.19999999999999996,-0.5999999999999994,1.0,13.0,0,0,0,0,1,61,0,0,0,2
2000618,0.0,0.05,0.75,8.439031249999998,8.449999999999998,0.010968750000000008,-7,10.96875,2.90625,0.1875,0.078125,0.0,0.5968750000000007,0.49531250000000004,0.6543576822889863,0.0521266795785264,0.47387918683266933,0.05,-0.6000000000000001,9.049999999999999,3.0,14.0,0,0,2,0,1,61,0,0,0,0
2000619,0.0,0.05,0.75,1.997734375,2.0,0.0022656250000000016,2,2.265625,1.328125,0.0625,0.09375,0.0,0.5937500000000007,0.49765625,0.4615309753939099,0.05000167091612025,0.04262642189648782,0.05,-0.8,2.8,4.0,6.0,0,0,1,1,0,62,0,0,0,0
2000620,1.0,0.05,0.75,0.5764687499999996,0.5999999999999996,0.023531250000000007,-9,23.53125,4.21875,0.203125,0.0625,0.0,0.5968750000000007,0.5,0.7986214592860325,0.054745109269697056,0.7375577503853924,0.049999999999999996,-0.9999999999999998,1.6,5.0,12.0,0,0,1,0,0,62,0,1,0,0
2000621,0.0,0.05,0.75,6.597390624999998,6.599999999999998,0.0026093750000000015,-3,2.609375,1.296875,0.15625,0.109375,0.046875,0.6000000000000008,0.4975409836065574,0.5543951350783299,0.05152279200950537,0.11646736457120162,0.05,-0.6000000000000001,7.199999999999998,3.0,14.0,0,0,1,0,0,60,0,0,0,3
2000622,0.0,0.05,0.75,6.189203124999999,6.199999999999998,0.010796875000000006,-4,10.796875,2.890625,0.140625,0.078125,0.0,0.6000000000000008,0.5,0.5820510843804467,0.05008827563996597,0.29135216982576784,0.05,-0.8,6.999999999999999,4.0,10.0,0,0,0,0,0,64,0,0,0,0
2000623,1.0,0.05,0.75,1.9836562499999981,1.9999999999999982,0.016343750000000008,-5,16.34375,3.71875,0.15625,0.078125,0.0,0.5875000000000006,0.5,0.6053279694041447,0.050274071207327686,0.3570773963529913,0.05,-0.19999999999999996,2.2000000000000006,1.0,14.0,0,0,1,0,2,60,1,0,0,0
2000624,0.0,0.05,0.75,1.842171875,1.85,0.007828125000000005,4,7.828125,2.359375,0.078125,0.140625,0.015625,0.5904761904761912,0.4928571428571429,0.35961167187164805,0.05011157382856389,0.005771682397611774,0.05,-0.8,2.649999999999999,4.0,10.0,1,0,2,0,1,59,0,0,0,1
2000625,0.0,0.05,0.75,9.087625,9.1,0.012375000000000008,-7,12.375,2.75,0.203125,0.09375,0.046875,0.5967213114754105,0.5,0.640764361187795,0.07264676798278061,0.3786007485117606,0.05,-0.2,9.3,1.0,18.0,0,0,0,0,1,60,0,0,0,3
2000626,1.0,0.05,0.75,-2.1482031249999998,-2.0999999999999996,0.04820312500000003,-13,48.203125,6.109375,0.21875,0.015625,0.015625,0.5968253968253975,0.5,0.9691278095309749,0.05349475336176153,0.9677318985095097,0.049999999999999996,-0.7999999999999998,-1.2999999999999996,4.0,11.0,0,0,0,0,1,62,0,0,0,1
2000627,1.0,0.05,0.75,2.5843437499999977,2.599999999999998,0.015656250000000007,-5,15.65625,3.25,0.171875,0.09375,0.0,0.6000000000000008,0.5,0.5817850072266044,0.051309566124975794,0.2676770658910386,0.05,-0.19999999999999996,2.8,1.0,16.0,0,0,0,0,0,64,0,0,0,0
2000628,0.0,0.05,0.75,6.637781249999999,6.649999999999999,0.012218750000000007,-4,12.21875,3.0,0.15625,0.09375,0.03125,0.6000000000000008,0.5,0.6352529645547442,0.05090096437906219,0.2574977665690234,0.05,-0.6000000000000001,7.249999999999999,3.0,13.0,0,0,1,0,0,60,0,0,1,2
2000629,1.0,0.05,0.75,3.3926249999999984,3.3999999999999986,0.007375000000000005,-4,7.375,2.46875,0.171875,0.109375,0.0,0.6000000000000008,0.5,0.5457301664638659,0.051835663602876565,0.1511560042609609,0.05,-0.5999999999999999,3.9999999999999982,3.0,15.0,0,0,0,0,0,64,0,0,0,0
2000630,0.0,0.05,0.75,6.9689999999999985,6.999999999999998,0.03099999999999998,-5,31.0,5.21875,0.15625,0.078125,0.0,0.6000000000000008,0.49765625,0.6242144846741545,0.05031826996965834,0.35707739635299096,0.05,-0.6000000000000001,7.599999999999999,3.0,12.0,0,0,1,0,0,63,0,0,0,0
2000631,0.0,0.05,0.75,4.796156249999998,4.799999999999998,0.0038437500000000025,0,3.84375,1.75,0.125,0.125,0.03125,0.6000000000000008,0.5,0.49999999999999983,0.05018459563470743,0.03399524470816882,0.049999999999999996,-0.8,5.599999999999999,4.0,12.0,0,0,0,0,0,62,0,0,0,2
2000632,1.0,0.05,0.75,-1.2338750000000012,-1.200000000000001,0.03387499999999999,-9,33.875,4.625,0.15625,0.015625,0.046875,0.6000000000000008,0.4926229508196722,0.9173416729501791,0.05016589956184091,0.9079133425013745,0.05,0.0,-1.1999999999999995,0.0,11.0,0,0,3,0,0,58,0,0,0,3
2000633,1.0,0.05,0.75,1.1939374999999983,1.1999999999999984,0.006062500000000004,-6,6.0625,1.84375,0.15625,0.0625,0.015625,0.6000000000000008,0.4976190476190476,0.691452481090207,0.050291467071746025,0.5327159086609198,0.05,-0.5999999999999999,1.8,3.0,11.0,0,0,1,0,0,62,0,0,0,1
2000634,0.0,0.05,0.75,6.146499999999998,6.149999999999998,0.0035000000000000014,-1,3.5,1.375,0.15625,0.140625,0.015625,0.5936507936507943,0.5,0.506840370061053,0.051465226429200546,0.033687876126970794,0.05,-0.8,6.949999999999998,4.0,15.0,1,0,0,0,0,61,0,0,1,1
2000635,0.0,0.05,0.75,1.648109375,1.65,0.0018906250000000012,2,1.890625,1.203125,0.0625,0.09375,0.03125,0.5935483870967748,0.49758064516129036,0.3617139920035398,0.05000367048119157,0.03583320194400499,0.049999999999999996,-1.0,2.6500000000000004,5.0,5.0,1,0,0,0,0,61,0,0,0,2
2000636,0.0,0.05,0.75,4.798499999999999,4.799999999999999,0.001500000000000001,0,1.5,0.96875,0.125,0.125,0.015625,0.5936507936507943,0.5047619047619047,0.4510123585793982,0.05013658054761549,0.03399524470816864,0.049999999999999996,-1.2,5.999999999999999,6.0,10.0,0,0,0,0,1,60,0,1,1,1
2000637,1.0,0.05,0.75,-0.5324375000000009,-0.5000000000000009,0.03243750000000001,-8,32.4375,5.125,0.15625,0.03125,0.03125,0.5967741935483878,0.5,0.8394647463530202,0.0501153670461756,0.8143816801726016,0.05,-0.7999999999999998,0.30000000000000027,4.0,8.0,0,0,0,0,1,61,0,0,0,2
2000638,0.0,0.05,0.75,4.645781250000001,4.65,0.004218750000000002,-1,4.21875,1.65625,0.125,0.109375,0.0,0.5937500000000007,0.49765625,0.46631048269372677,0.0500346988309998,0.06605455525432079,0.05,-1.0999999999999999,5.749999999999999,5.0,10.0,0,0,1,0,2,61,0,0,0,0
2000639,0.0,0.05,0.75,8.674328124999999,8.7,0.025671875000000007,-8,25.671875,4.609375,0.1875,0.0625,0.015625,0.5968253968253975,0.4976190476190476,0.7463882671310315,0.05199196118765022,0.6552053336909512,0.049999999999999996,-0.6000000000000001,9.299999999999999,3.0,13.0,0,0,1,0,1,61,0,0,0,1
2000640,1.0,0.05,0.75,-1.4344531250000003,-1.4000000000000004,0.03445312500000002,-10,34.453125,4.984375,0.171875,0.015625,0.0,0.6000000000000008,0.49765625,0.9350004052611572,0.05016085845767696,0.9301615151943896,0.05,-0.3999999999999999,-0.9999999999999996,2.0,10.0,0,0,1,0,0,63,0,0,0,0
2000641,0.0,0.05,0.75,4.395390624999999,4.3999999999999995,0.004609375000000002,2,4.609375,1.796875,0.125,0.15625,0.015625,0.5968253968253975,0.5023809523809524,0.4578997807536434,0.051141949404758545,0.00828332139616397,0.05,-1.0,5.3999999999999995,5.0,13.0,0,0,0,0,0,62,0,1,0,1
2000642,0.0,0.05,0.75,7.396828124999998,7.399999999999998,0.003171875000000002,-4,3.171875,1.578125,0.171875,0.109375,0.03125,0.5967741935483878,0.5,0.5484698438204756,0.053360222061209744,0.1511560042609607,0.049999999999999996,-0.8,8.2,4.0,14.0,0,0,0,0,1,61,0,0,0,2
2000643,0.0,0.05,0.75,5.3959062499999995,5.3999999999999995,0.004093750000000003,-3,4.09375,1.75,0.125,0.078125,0.015625,0.587301587301588,0.5047619047619047,0.5136361226144303,0.050027745553374574,0.233334042487363,0.05,-0.4,5.799999999999999,2.0,11.0,0,0,0,0,0,61,2,0,0,1
2000644,1.0,0.05,0.75,-2.2774531249999974,-2.1999999999999975,0.077453125,-14,77.453125,7.984375,0.234375,0.015625,0.046875,0.6000000000000008,0.5,0.9802436945093168,0.07048757194605774,0.9779509423448588,0.05,-1.1999999999999997,-0.9999999999999996,6.0,10.0,0,0,0,0,0,61,0,0,0,3
2000645,0.0,0.05,0.75,1.5963906250000002,1.6,0.0036093750000000023,4,3.609375,1.640625,0.0625,0.125,0.0,0.5968750000000007,0.5,0.38825947805214894,0.05001948237185863,0.010457071297046122,0.05000000000000001,-0.8,2.3999999999999995,4.0,8.0,0,0,0,0,1,63,0,0,0,0
2000646,1.0,0.05,0.75,1.032437499999999,1.049999999999999,0.0175625,-9,17.5625,3.0625,0.21875,0.078125,0.0,0.5968750000000007,0.4953125,0.7457642142474016,0.06768734923793371,0.6217375632787094,0.05,-0.5999999999999999,1.65,3.0,16.0,0,0,2,0,1,61,0,0,0,0
2000647,1.0,0.05,0.75,-0.5225000000000009,-0.5000000000000009,0.022500000000000017,-8,22.5,4.21875,0.15625,0.03125,0.046875,0.5967213114754105,0.4975409836065574,0.8417163239576176,0.05017076013875918,0.814381680172602,0.05,-0.5,4.440892098500626e-16,2.0,10.0,0,0,1,0,1,59,0,0,0,3
2000648,0.0,0.05,0.75,6.597640624999999,6.599999999999999,0.0023593750000000017,-3,2.359375,1.140625,0.15625,0.109375,0.046875,0.6000000000000008,0.4975409836065574,0.5543951350783304,0.05152279200950536,0.11646736457120131,0.05,-0.6000000000000001,7.199999999999998,3.0,14.0,0,0,1,0,0,60,0,0,0,3
2000649,1.0,0.05,0.75,-0.7530468749999976,-0.6999999999999975,0.05304687500000002,-12,53.046875,6.546875,0.234375,0.046875,0.015625,0.5968253968253975,0.5,0.9210430749963656,0.0708797059484776,0.9057988380884828,0.05,-0.19999999999999996,-0.49999999999999933,1.0,17.0,0,0,0,0,1,62,0,0,0,1
2000650,0.0,0.05,0.75,3.9921249999999993,3.999999999999999,0.007875000000000005,4,7.875,2.1875,0.125,0.1875,0.046875,0.6000000000000008,0.4975409836065574,0.4568095791540265,0.0675741036395849,0.0019784942064103085,0.05000000000000001,-1.2,5.199999999999998,6.0,14.0,0,0,1,0,0,60,0,0,0,3
2000651,0.0,0.05,0.75,5.788171874999999,5.799999999999999,0.011828125000000009,-5,11.828125,2.828125,0.125,0.046875,0.015625,0.6000000000000008,0.5,0.6884244735612262,0.050018643490107574,0.5618479415883962,0.05,-0.6000000000000001,6.3999999999999995,3.0,8.0,0,0,0,0,0,63,0,0,0,1
2000652,0.0,0.05,0.75,5.094109374999998,5.099999999999998,0.005890625000000004,-2,5.890625,2.203125,0.125,0.09375,0.015625,0.5968253968253975,0.5,0.4934736176243655,0.05003893767096982,0.11928039264751436,0.05000000000000002,-0.8,5.899999999999999,4.0,10.0,0,0,0,0,1,62,0,0,0,1
2000653,1.0,0.05,0.75,0.787031249999999,0.7999999999999989,0.012968750000000008,-5,12.96875,3.25,0.125,0.046875,0.015625,0.5936507936507943,0.5023809523809524,0.6776691397591094,0.05001638419877407,0.5618479415883959,0.05,0.0,0.8000000000000005,0.0,11.0,0,0,0,0,0,62,1,0,0,1
2000654,0.0,0.05,0.75,5.198906249999999,5.199999999999999,0.0010937500000000005,-2,1.09375,0.84375,0.125,0.09375,0.03125,0.6000000000000008,0.49758064516129036,0.5492289348004963,0.05007332136261433,0.1291266593788458,0.05,-0.2,5.3999999999999995,1.0,13.0,0,0,1,0,0,61,0,0,0,2
2000655,0.0,0.05,0.75,4.648843749999999,4.6499999999999995,0.0011562500000000006,-3,1.15625,0.71875,0.109375,0.0625,0.03125,0.6000000000000008,0.5024193548387097,0.6360715396141079,0.05001187843198931,0.3721435337281045,0.05,-0.55,5.199999999999999,2.0,9.0,0,0,0,0,0,61,0,0,1,2
2000656,1.0,0.05,0.75,0.791546874999999,0.7999999999999989,0.008453125000000004,-5,8.453125,2.109375,0.125,0.046875,0.0,0.6000000000000008,0.5,0.6884183930425738,0.05001373757809654,0.5618479415883962,0.05,-0.3999999999999999,1.2000000000000004,2.0,9.0,0,0,0,0,0,64,0,0,0,0
2000657,1.0,0.05,0.75,0.5958593749999996,0.5999999999999996,0.004140625000000003,-3,4.140625,1.765625,0.078125,0.03125,0.046875,0.5967213114754105,0.4975409836065574,0.6595212486814197,0.05000085106371,0.5163755003310243,0.05,-0.19999999999999996,0.8000000000000003,1.0,6.0,0,0,1,0,1,59,0,0,0,3
2000658,0.0,0.05,0.75,4.747890624999998,4.749999999999998,0.0021093750000000014,0,2.109375,1.265625,0.125,0.125,0.0,0.5906250000000007,0.50234375,0.4775985028740097,0.05009544036636724,0.032286275103737556,0.05,-1.4,6.1499999999999995,7.0,9.0,0,0,0,0,1,62,1,0,0,0
2000659,1.0,0.05,0.75,-1.3785468750000005,-1.3500000000000005,0.028546875000000024,-8,28.546875,4.765625,0.140625,0.015625,0.03125,0.5935483870967748,0.49758064516129036,0.8710116683061173,0.05002039096702304,0.8589982630049995,0.05,-0.75,-0.5999999999999996,2.0,8.0,1,0,0,0,0,61,0,0,0,2
2000660,0.0,0.05,0.75,5.646968749999998,5.649999999999999,0.003031250000000002,1,3.03125,1.40625,0.15625,0.171875,0.03125,0.5967741935483878,0.4951612903225807,0.4565486899525045,0.05890512079540921,0.006555832378113352,0.05000000000000001,-1.2,6.849999999999999,6.0,15.0,0,0,2,0,1,59,0,0,0,2
2000661,0.0,0.05,0.75,7.638703124999998,7.649999999999999,0.011296875000000003,-6,11.296875,2.046875,0.171875,0.078125,0.03125,0.5967741935483878,0.4951612903225807,0.6192824485978383,0.05127309626303858,0.4000317989823581,0.04999999999999999,-0.2,7.849999999999999,1.0,15.0,0,0,2,0,1,59,0,0,0,2
2000662,0.0,0.05,0.75,3.8488906249999997,3.8499999999999996,0.0011093750000000006,1,1.109375,0.765625,0.109375,0.125,0.015625,0.5936507936507943,0.5,0.4081224616469448,0.05008031082556829,0.022627160237270443,0.05,-0.8,4.649999999999999,4.0,11.0,0,0,1,0,0,61,1,0,0,1
2000663,1.0,0.05,0.75,1.0664843750000015,1.1000000000000014,0.03351562500000001,-9,33.515625,4.609375,0.21875,0.078125,0.015625,0.5968253968253975,0.5023809523809524,0.7981416608107397,0.07714415838738316,0.6904892924027981,0.05000000000000001,-0.9999999999999998,2.1000000000000005,5.0,14.0,0,0,0,0,1,61,0,0,1,1
2000664,1.0,0.05,0.75,1.033671874999998,1.049999999999998,0.016328125000000013,-6,16.328125,3.578125,0.15625,0.0625,0.015625,0.5968253968253975,0.4952380952380952,0.6597281691012387,0.050202724992582416,0.5032589285598303,0.05,-0.95,2.0,4.0,10.0,0,0,2,0,1,60,0,0,0,1
2000665,1.0,0.05,0.75,0.5298281249999989,0.5499999999999989,0.02017187500000001,-8,20.171875,4.234375,0.1875,0.0625,0.015625,0.5936507936507943,0.4976190476190476,0.7133179971637436,0.051247470507851875,0.6280790329900516,0.05,-0.3999999999999999,0.9500000000000004,2.0,14.0,0,0,2,0,2,58,0,0,1,1
2000666,0.0,0.05,0.75,6.044609374999998,6.049999999999998,0.005390625000000004,-4,5.390625,1.921875,0.140625,0.078125,0.015625,0.5968253968253975,0.4952380952380953,0.5596280285618456,0.050091748187827786,0.26759854230636915,0.05,-0.6000000000000001,6.6499999999999995,3.0,11.0,0,0,2,0,1,60,0,0,0,1
2000667,0.0,0.05,0.75,4.098796875,4.1,0.0012031250000000006,-3,1.203125,0.921875,0.09375,0.046875,0.03125,0.5935483870967748,0.5,0.5829499086371843,0.05000192297096736,0.3909304843001972,0.05,-0.2,4.3,1.0,8.0,0,0,0,0,2,60,0,0,0,2
2000668,1.0,0.05,0.75,1.139375000000003,1.2000000000000028,0.06062500000000002,-8,60.625,7.25,0.203125,0.078125,0.015625,0.5936507936507943,0.5,0.6823843674841106,0.05693578105252145,0.5436580051329373,0.05,-0.7999999999999998,2.0,4.0,14.0,0,0,0,1,0,62,0,0,0,1
2000669,1.0,0.05,0.75,-0.9405312500000004,-0.9000000000000004,0.04053125000000001,-10,40.53125,5.53125,0.1875,0.03125,0.015625,0.5968253968253975,0.5,0.8993463206334315,0.050670679090365746,0.8889682118130042,0.05,-0.5999999999999999,-0.2999999999999996,3.0,11.0,0,0,0,0,1,62,0,0,0,1
2000670,0.0,0.05,0.75,7.591984374999997,7.599999999999997,0.008015625000000005,-2,8.015625,2.546875,0.1875,0.15625,0.015625,0.6000000000000008,0.4976190476190476,0.5655085593631034,0.07204347187515278,0.02706234251027299,0.049999999999999996,-0.6000000000000001,8.2,3.0,19.0,0,0,1,0,0,62,0,0,0,1
2000671,1.0,0.05,0.75,0.39349999999999946,0.39999999999999947,0.006500000000000005,-4,6.5,2.25,0.09375,0.03125,0.0,0.5906250000000006,0.50234375,0.6842024408137483,0.05000091016425641,0.5905596912997241,0.05,-0.19999999999999996,0.6000000000000003,1.0,7.0,0,0,0,0,1,62,1,0,0,0
2000672,0.0,0.05,0.75,4.399078124999999,4.3999999999999995,0.0009218750000000006,-1,0.921875,0.796875,0.109375,0.09375,0.03125,0.6000000000000008,0.5,0.514661484282557,0.050021932037706954,0.09890446288834875,0.05,-0.6000000000000001,4.999999999999999,3.0,10.0,0,0,0,0,0,62,0,0,0,2
2000673,0.0,0.05,0.75,2.28809375,2.3,0.011906250000000009,6,11.90625,3.09375,0.09375,0.1875,0.015625,0.5968253968253975,0.5,0.3451891395953353,0.055957805899266716,0.0009912949461989954,0.05,-0.8,3.0999999999999988,4.0,14.0,0,0,0,0,1,62,0,0,0,1
2000674,0.0,0.05,0.75,5.798046874999999,5.799999999999999,0.001953125000000001,-2,1.953125,1.109375,0.140625,0.109375,0.015625,0.6000000000000008,0.5,0.5199663515765445,0.05022648089103991,0.08890560802337844,0.05,-0.8,6.599999999999999,4.0,12.0,0,0,0,0,0,63,0,0,0,1
2000675,0.0,0.05,0.75,8.827874999999999,8.85,0.022125000000000013,-8,22.125,4.1875,0.1875,0.0625,0.0,0.5968750000000007,0.50234375,0.775875838050038,0.05202716742007908,0.6933003559847697,0.05,-0.8,9.65,4.0,12.0,0,0,0,0,0,63,0,1,0,0
2000676,1.0,0.05,0.75,1.9446718750000036,2.0000000000000036,0.05532812500000001,-8,55.328125,6.984375,0.21875,0.09375,0.015625,0.6000000000000008,0.5023809523809524,0.7081619546502761,0.09022717184969606,0.4739790681817416,0.05,-0.9999999999999998,3.0,5.0,15.0,0,0,0,0,0,62,0,0,1,1
2000677,1.0,0.05,0.75,0.5610312500000014,0.6000000000000014,0.03896875,-9,38.96875,4.90625,0.203125,0.0625,0.015625,0.6000000000000008,0.5,0.8002263359778403,0.05648920891452085,0.7375577503853925,0.05,-0.5999999999999999,1.2000000000000006,3.0,14.0,0,0,0,0,0,63,0,0,0,1
2000678,1.0,0.05,0.75,-0.8476718749999972,-0.7999999999999972,0.04767187500000001,-13,47.671875,5.046875,0.25,0.046875,0.03125,0.5935483870967748,0.5,0.957052725824372,0.12420900988147011,0.934299987914088,0.05,-1.1999999999999997,0.4000000000000006,6.0,13.0,0,0,0,1,0,61,0,0,0,2
2000679,0.0,0.05,0.75,3.3942031249999984,3.3999999999999986,0.005796875000000003,4,5.796875,2.140625,0.109375,0.171875,0.015625,0.5968253968253975,0.5,0.4531034204812724,0.05248474181802122,0.0030031967513646026,0.049999999999999996,-1.5999999999999999,4.999999999999999,8.0,10.0,0,0,0,0,1,62,0,0,0,1
2000680,1.0,0.05,0.75,-0.8867187500000014,-0.8500000000000014,0.03671875000000001,-11,36.71875,4.65625,0.203125,0.03125,0.015625,0.5968253968253975,0.5023809523809524,0.9595087829086145,0.054466133750076196,0.9546846034052127,0.05,-0.8499999999999999,4.440892098500626e-16,5.0,10.0,0,0,1,0,0,60,0,1,1,1
2000681,0.0,0.05,0.75,7.8846093749999975,7.899999999999998,0.015390625000000012,-7,15.390625,3.578125,0.171875,0.0625,0.03125,0.590322580645162,0.49758064516129036,0.706372925079199,0.0509189520347779,0.5844930257056379,0.05,-0.4,8.299999999999999,2.0,13.0,0,0,1,1,1,59,0,0,0,2
2000682,1.0,0.05,0.75,0.07474999999999962,0.09999999999999964,0.025250000000000015,-8,25.25,4.09375,0.171875,0.046875,0.0,0.5906250000000007,0.5,0.8340757272311953,0.05037133239379974,0.7922251597778025,0.05000000000000001,-0.5999999999999999,0.7000000000000004,3.0,11.0,0,0,0,1,1,62,0,0,0,0
2000683,1.0,0.05,0.75,-0.42385937500000126,-0.40000000000000124,0.023859375000000006,-8,23.859375,4.171875,0.15625,0.03125,0.0,0.5937500000000007,0.5,0.8522815881493415,0.05007964723813658,0.8276832537580429,0.05000000000000001,-0.5999999999999999,0.2000000000000004,3.0,9.0,0,0,1,1,0,61,0,0,1,0
2000684,0.0,0.05,0.75,6.395578124999998,6.399999999999999,0.004421875000000003,-2,4.421875,1.953125,0.15625,0.125,0.015625,0.6000000000000008,0.5,0.5154039211095807,0.05103494582703462,0.060344710644741596,0.049999999999999996,-0.4,6.799999999999999,2.0,16.0,0,0,0,0,0,63,0,0,0,1
2000685,1.0,0.05,0.75,0.9713750000000035,1.0000000000000036,0.02862500000000001,-13,28.625,4.03125,0.296875,0.09375,0.03125,0.6000000000000008,0.5,0.9972271190966733,0.2956842718447093,0.8021192838917369,0.049999999999999996,-1.3999999999999997,2.3999999999999995,7.0,18.0,0,0,0,0,0,62,0,0,0,2
2000686,1.0,0.05,0.75,1.6886718749999985,1.6999999999999984,0.011328125000000007,-6,11.328125,2.609375,0.171875,0.078125,0.03125,0.5967741935483878,0.5,0.6817808759569626,0.05174858045183288,0.47505705090359274,0.05,-0.9999999999999998,2.7,5.0,11.0,0,0,0,0,1,61,0,0,0,2
2000687,0.0,0.05,0.75,4.596484374999998,4.599999999999999,0.0035156250000000027,-2,3.515625,1.671875,0.109375,0.078125,0.046875,0.6000000000000008,0.4975409836065574,0.5591266821721241,0.050021938380803925,0.18387156262181847,0.05,-0.2,4.799999999999999,1.0,11.0,0,0,1,0,0,60,0,0,0,3
2000688,0.0,0.05,0.75,5.8465937499999985,5.849999999999999,0.0034062500000000013,-3,3.40625,1.28125,0.140625,0.09375,0.046875,0.6000000000000008,0.4975409836065574,0.4996590701218363,0.050209670306133436,0.15110460944295256,0.05000000000000001,-0.8,6.649999999999999,4.0,11.0,0,0,1,0,0,60,0,0,0,3
2000689,0.0,0.05,0.75,2.9335624999999985,2.9499999999999984,0.016437500000000008,7,16.4375,3.59375,0.109375,0.21875,0.015625,0.6000000000000008,0.4976190476190476,0.14278074778069286,0.15867907640677775,0.00013719138116419748,0.05000000000000001,-1.45,4.3999999999999995,8.0,13.0,0,0,1,0,0,62,0,0,0,1
2000690,1.0,0.05,0.75,0.9903437499999991,0.9999999999999991,0.009656250000000007,-4,9.65625,2.6875,0.109375,0.046875,0.015625,0.6000000000000008,0.4976190476190476,0.6604684045132749,0.05000650781553604,0.48698071289940437,0.05,-0.19999999999999996,1.2000000000000004,1.0,9.0,0,0,1,0,0,62,0,0,0,1
2000691,1.0,0.05,0.75,-1.8953281249999971,-1.7999999999999972,0.09532812499999997,-15,95.328125,9.046875,0.265625,0.03125,0.0,0.5875000000000007,0.50234375,0.9821590758589236,0.11495422923814916,0.9752670576271563,0.05,-0.9999999999999998,-0.7999999999999994,5.0,14.0,0,0,0,1,0,62,1,0,0,0
2000692,1.0,0.05,0.75,1.4267343749999992,1.4499999999999993,0.023265625000000012,-6,23.265625,4.421875,0.171875,0.078125,0.0,0.5937500000000007,0.49765625,0.6362473692950189,0.050561798819133585,0.43642342528413114,0.05,-0.5999999999999999,2.0500000000000007,3.0,13.0,0,1,0,0,1,62,0,0,0,0
2000693,0.0,0.05,0.75,4.847390625,4.85,0.002609375000000002,-2,2.609375,1.359375,0.125,0.09375,0.03125,0.5903225806451619,0.4951612903225807,0.4779115499856738,0.05004054524194265,0.11013402792952863,0.05,-1.0,5.85,5.0,9.0,1,0,1,0,1,59,0,0,0,2
2000694,1.0,0.05,0.75,-0.2386718749999993,-0.1999999999999993,0.03867187500000002,-10,38.671875,5.171875,0.203125,0.046875,0.015625,0.6000000000000008,0.4976190476190476,0.8762656795691813,0.05420570688551192,0.8522597895823482,0.05,-0.3999999999999999,0.20000000000000062,2.0,14.0,0,0,1,0,0,62,0,0,0,1
2000695,1.0,0.05,0.75,-3.076421874999998,-2.9999999999999982,0.07642187500000001,-15,76.421875,7.453125,0.234375,0.0,0.015625,0.5968253968253975,0.4976190476190476,0.9896858480889326,0.05956377058051418,0.9891353019870371,0.05,-0.9999999999999998,-1.9999999999999996,5.0,10.0,0,0,1,0,1,61,0,0,0,1
2000696,1.0,0.05,0.75,-3.2496718749999984,-3.1499999999999986,0.09967187499999997,-15,99.671875,8.953125,0.234375,0.0,0.03125,0.5935483870967748,0.5,0.9883617085984989,0.05930203789044808,0.9877909949898985,0.05,-0.5999999999999999,-2.55,3.0,12.0,0,0,1,0,0,60,1,0,0,2
2000697,1.0,0.05,0.75,-0.17210937500000037,-0.15000000000000036,0.022109375000000007,-9,22.109375,4.046875,0.1875,0.046875,0.0,0.5937500000000007,0.49765625,0.8242476291902772,0.05072550436273201,0.7914465318615163,0.05,-0.9999999999999998,0.8500000000000003,5.0,10.0,0,0,1,0,2,61,0,0,0,0
2000698,0.0,0.05,0.75,3.6441406249999995,3.6499999999999995,0.0058593750000000035,4,5.859375,2.015625,0.125,0.1875,0.0,0.5937500000000007,0.49765625,0.33775740318301106,0.05993348914659791,0.0015470858221324018,0.05,-0.8,4.449999999999999,4.0,16.0,0,1,0,0,1,62,0,0,0,0
2000699,1.0,0.05,0.75,0.720109375,0.75,0.029890624999999997,-9,29.890625,4.890625,0.21875,0.078125,0.03125,0.5903225806451619,0.5024193548387097,0.8228706185890553,0.08269549886573299,0.7149229897792394,0.05,-0.7999999999999998,1.5500000000000005,4.0,15.0,0,0,0,0,1,60,1,0,0,2
2000700,1.0,0.05,0.75,0.3542656250000039,0.4000000000000039,0.045734375000000015,-13,45.734375,5.453125,0.28125,0.078125,0.0,0.6000000000000008,0.5,0.9823779111260618,0.26329597746657213,0.8603213358658758,0.05,-0.7999999999999998,1.2000000000000008,4.0,19.0,0,0,0,0,0,64,0,0,0,0
2000701,0.0,0.05,0.75,4.992640624999999,4.999999999999999,0.007359375000000005,2,7.359375,2.453125,0.140625,0.171875,0.0,0.5937500000000007,0.49765625,0.49904863702368213,0.05325491467604247,0.005466898380835657,0.05,-1.9999999999999998,6.999999999999999,10.0,10.0,0,0,2,0,0,61,1,0,0,0
2000702,0.0,0.05,0.75,4.249046874999999,4.249999999999998,0.0009531250000000006,2,0.953125,0.796875,0.125,0.15625,0.0,0.6000000000000008,0.49765625,0.4301626936180889,0.050817490735100335,0.007368038698921512,0.05000000000000001,-1.2,5.449999999999998,6.0,12.0,0,0,1,0,0,63,0,0,0,0
2000703,0.0,0.05,0.75,6.297640624999998,6.299999999999998,0.0023593750000000012,-2,2.359375,1.203125,0.15625,0.125,0.03125,0.5935483870967748,0.4951612903225807,0.5462594530674076,0.05140551320994901,0.058391484131932715,0.05000000000000001,-1.0,7.299999999999998,5.0,13.0,0,0,3,0,1,57,0,1,0,2
2000704,1.0,0.05,0.75,-1.4705937499999968,-1.3999999999999968,0.07059375000000001,-13,70.59375,6.40625,0.234375,0.03125,0.03125,0.6000000000000008,0.5,0.9615079803337159,0.071619147901467,0.9557680118210874,0.05,-1.1999999999999997,-0.1999999999999995,6.0,11.0,0,0,0,0,0,62,0,0,0,2
2000705,1.0,0.05,0.75,-0.27387500000000087,-0.2500000000000009,0.023874999999999997,-7,23.875,4.46875,0.140625,0.03125,0.03125,0.5806451612903233,0.5,0.8129961009511077,0.05005031074216111,0.7712170425161086,0.049999999999999996,-0.5999999999999999,0.3500000000000003,3.0,8.0,1,0,0,1,0,59,1,0,0,2
2000706,0.0,0.05,0.75,1.8948593749999998,1.8999999999999997,0.005140625000000002,5,5.140625,1.546875,0.078125,0.15625,0.015625,0.5936507936507943,0.5023809523809524,0.3324362686537003,0.050466861960150065,0.0030853025703929497,0.05000000000000001,-1.4,3.299999999999999,7.0,8.0,0,0,0,0,1,61,0,1,0,1
2000707,1.0,0.05,0.75,-1.4502031249999967,-1.3999999999999968,0.05020312500000001,-13,50.203125,6.390625,0.234375,0.03125,0.015625,0.5809523809523816,0.4976190476190476,0.9611498283381161,0.06793261183215718,0.9557680118210874,0.05,-0.7999999999999998,-0.5999999999999994,4.0,13.0,1,0,0,1,2,59,0,0,0,1
2000708,0.0,0.05,0.75,2.5995156250000004,2.6000000000000005,0.0004843750000000003,-1,0.484375,0.484375,0.0625,0.046875,0.03125,0.5967741935483878,0.49516129032258066,0.5729923190849152,0.05000026761525207,0.27801056589181367,0.05,-0.4,3.0,2.0,5.0,0,0,2,0,1,59,0,0,0,2
2000709,0.0,0.05,0.75,5.1978906249999985,5.199999999999998,0.002109375000000001,1,2.109375,1.109375,0.140625,0.15625,0.015625,0.6000000000000008,0.4976190476190476,0.5168831670112638,0.05146657136232498,0.011157321996915848,0.05000000000000001,-0.8,5.999999999999999,4.0,15.0,0,0,1,0,0,62,0,0,0,1
2000710,0.0,0.05,0.75,6.594171874999998,6.599999999999998,0.0058281250000000034,-3,5.828125,1.953125,0.15625,0.109375,0.015625,0.5936507936507943,0.5023809523809524,0.5038484474564949,0.05064965080593143,0.11646736457120203,0.05000000000000001,-0.8,7.399999999999999,4.0,13.0,0,0,0,0,0,62,1,0,0,1
2000711,0.0,0.05,0.75,7.1915468749999985,7.199999999999998,0.008453125000000006,-6,8.453125,2.265625,0.15625,0.0625,0.046875,0.6000000000000008,0.5024590163934426,0.6723164826336144,0.050431070657590615,0.5327159086609202,0.05000000000000001,-0.8,7.999999999999999,4.0,10.0,0,0,0,0,0,60,0,0,1,3
2000712,1.0,0.05,0.75,0.7879062499999989,0.7999999999999989,0.012093750000000009,-6,12.09375,3.1875,0.15625,0.0625,0.046875,0.58688524590164,0.5049180327868852,0.7462792787895098,0.050464805720520776,0.6160309185529222,0.05,-0.8499999999999999,1.6500000000000004,4.0,10.0,0,0,0,0,0,59,2,0,0,3
2000713,0.0,0.05,0.75,2.994875,3.0,0.005125000000000004,3,5.125,2.03125,0.09375,0.140625,0.015625,0.590476190476191,0.4952380952380952,0.5019405481093975,0.050128921536964285,0.009307542307539933,0.049999999999999996,-1.2,4.199999999999999,6.0,9.0,1,0,1,0,1,60,0,0,0,1
2000714,0.0,0.05,0.75,5.199187499999999,5.199999999999999,0.0008125000000000005,-2,0.8125,0.5625,0.125,0.09375,0.0,0.6000000000000008,0.5,0.5278823433109167,0.05003663306687911,0.1291266593788458,0.05,-0.6000000000000001,5.799999999999999,3.0,11.0,0,0,0,0,0,64,0,0,0,0
2000715,1.0,0.05,0.75,-1.7450156249999993,-1.6999999999999993,0.045015625000000004,-11,45.015625,5.640625,0.1875,0.015625,0.0,0.5906250000000006,0.50234375,0.9452029427084786,0.05031964574116449,0.9426416410571584,0.05,-1.1999999999999997,-0.4999999999999998,6.0,7.0,0,0,0,0,2,61,0,1,0,0
2000716,1.0,0.05,0.75,-0.865234374999999,-0.7999999999999989,0.06523437500000002,-10,65.234375,6.890625,0.1875,0.03125,0.0,0.5937500000000007,0.50234375,0.9065416550002905,0.05056225912346619,0.8975969384928338,0.05,-0.7999999999999998,4.440892098500626e-16,4.0,10.0,0,0,0,0,0,63,1,0,0,0
2000717,0.0,0.05,0.75,7.391984374999998,7.399999999999998,0.008015625000000004,-4,8.015625,2.234375,0.171875,0.109375,0.015625,0.6000000000000008,0.5,0.5468965795187277,0.052484741818021215,0.1511560042609611,0.05,-0.4,7.799999999999998,2.0,16.0,0,0,0,0,0,63,0,0,0,1
2000718,1.0,0.05,0.75,-0.6123125000000006,-0.6000000000000005,0.01231250000000001,-6,12.3125,3.125,0.109375,0.015625,0.0,0.5968750000000007,0.50234375,0.8246559496192772,0.05000212504948661,0.7999779270946832,0.05,-0.5999999999999999,2.220446049250313e-16,3.0,5.0,0,0,0,0,0,63,0,1,0,0
2000719,1.0,0.05,0.75,-2.6909218749999964,-2.599999999999996,0.09092187500000004,-16,90.921875,8.203125,0.265625,0.015625,0.0,0.6000000000000008,0.5,0.9905549196591019,0.10368976099416503,0.9877958254356879,0.05,-1.1999999999999997,-1.3999999999999995,6.0,12.0,0,0,1,0,0,62,0,0,1,0
2000720,1.0,0.05,0.75,-0.04731249999999647,3.552713678800501e-15,0.04731250000000002,-12,47.3125,6.09375,0.25,0.0625,0.015625,0.6000000000000008,0.4976190476190476,0.9334028009341713,0.1470415392575568,0.8738652928590377,0.05000000000000001,-0.9999999999999998,1.0000000000000007,5.0,15.0,0,0,1,0,0,62,0,0,0,1
2000721,1.0,0.05,0.75,-0.8896249999999961,-0.8499999999999961,0.039625000000000014,-14,39.625,4.46875,0.265625,0.046875,0.03125,0.6000000000000008,0.5024193548387097,0.991747304133892,0.22242619942503009,0.971574411613577,0.05000000000000001,-0.6499999999999999,-0.1999999999999993,4.0,16.0,0,0,0,0,0,61,0,0,1,2
2000722,0.0,0.05,0.75,8.992703125,9.0,0.007296875000000003,-6,7.296875,1.796875,0.203125,0.109375,0.0,0.5968750000000007,0.5,0.6070683605608683,0.0681784026976838,0.2452599593228548,0.05,-0.8,9.8,4.0,16.0,0,0,0,0,1,63,0,0,0,0
2000723,1.0,0.05,0.75,-0.6911874999999961,-0.5999999999999961,0.0911875,-12,91.1875,8.6875,0.234375,0.046875,0.015625,0.6000000000000008,0.5,0.9291249451445664,0.07584409318811289,0.913247232060131,0.049999999999999996,-0.7999999999999998,0.20000000000000084,4.0,14.0,0,0,0,0,0,63,0,0,0,1
2000724,1.0,0.05,0.75,-1.1718906250000012,-1.1500000000000012,0.021890625,-8,21.890625,3.890625,0.140625,0.015625,0.015625,0.5968253968253975,0.4952380952380952,0.87934027034046,0.050020121119270206,0.8664177449255334,0.05,-0.19999999999999996,-0.9499999999999997,1.0,9.0,0,0,3,0,0,59,0,1,0,1
2000725,0.0,0.05,0.75,3.197390625,3.2,0.0026093750000000015,2,2.609375,1.328125,0.09375,0.125,0.015625,0.5968253968253975,0.5,0.46759249815255916,0.05005002796713748,0.018919592205066147,0.05,-1.0,4.199999999999999,5.0,9.0,0,0,2,0,0,59,0,1,1,1
2000726,1.0,0.05,0.75,-1.794609375,-1.75,0.04460937500000003,-11,44.609375,5.796875,0.1875,0.015625,0.0,0.6000000000000008,0.4953125,0.9442655516931855,0.05033037774200296,0.9411390053193098,0.05,-1.15,-0.5999999999999996,5.0,8.0,0,0,2,0,0,62,0,0,0,0
2000727,1.0,0.05,0.75,-1.04553125,-1.0,0.04553125000000001,-11,45.53125,6.15625,0.203125,0.03125,0.015625,0.6000000000000008,0.4976190476190476,0.9293371181127438,0.052509820084005066,0.9221237688883385,0.05,-1.1999999999999997,0.2000000000000004,6.0,9.0,0,0,1,0,0,62,0,0,0,1
2000728,1.0,0.05,0.75,0.7809687499999989,0.7999999999999989,0.019031250000000003,-5,19.03125,3.875,0.125,0.046875,0.03125,0.5903225806451619,0.4951612903225807,0.4356575894214934,0.05001183743380049,0.30983133387547807,0.05,-0.19999999999999996,1.0000000000000002,1.0,10.0,0,0,2,0,3,57,0,0,0,2
2000729,1.0,0.05,0.75,-1.8608281249999972,-1.7999999999999972,0.06082812500000002,-15,60.828125,6.671875,0.265625,0.03125,0.0,0.6000000000000008,0.49765625,0.9829664040387731,0.12224156707383393,0.9752670576271562,0.04999999999999999,-0.3999999999999999,-1.3999999999999992,2.0,17.0,0,0,1,0,0,63,0,0,0,0
2000730,1.0,0.05,0.75,-1.6446249999999996,-1.5999999999999996,0.04462500000000001,-11,44.625,6.125,0.1875,0.015625,0.046875,0.6000000000000008,0.5,0.9501851129143137,0.051048499461701466,0.9473462493875067,0.05,-0.7999999999999998,-0.7999999999999996,4.0,9.0,0,0,0,0,0,61,0,0,0,3
2000731,1.0,0.05,0.75,0.5856562499999988,0.5999999999999988,0.014343750000000011,-6,14.34375,3.40625,0.140625,0.046875,0.03125,0.6000000000000008,0.5,0.728769979529277,0.050077155118215574,0.6340008734704284,0.05,-0.3999999999999999,1.0000000000000004,2.0,10.0,0,0,0,0,0,62,0,0,0,2
2000732,0.0,0.05,0.75,0.1803906250000002,0.20000000000000018,0.019609374999999995,5,19.609375,3.921875,0.03125,0.109375,0.03125,0.5967741935483878,0.49758064516129036,0.26835168635938594,0.05000532630176181,0.01174688957905788,0.049999999999999996,-0.6000000000000001,0.8,3.0,6.0,0,0,1,0,1,60,0,0,0,2
2000733,0.0,0.05,0.75,7.189265624999998,7.199999999999998,0.010734375000000008,-6,10.734375,2.578125,0.15625,0.0625,0.015625,0.6000000000000008,0.5,0.6812119768356245,0.050261243563872404,0.5327159086609196,0.05,-0.4,7.599999999999999,2.0,12.0,0,0,0,0,0,63,0,0,0,1
2000734,0.0,0.05,0.75,4.048749999999999,4.049999999999999,0.0012500000000000005,0,1.25,0.875,0.109375,0.109375,0.015625,0.6000000000000008,0.4976190476190476,0.4496679654337315,0.05002643557047886,0.04536472377751961,0.05,-0.6000000000000001,4.6499999999999995,3.0,11.0,0,0,1,0,0,62,0,0,0,1
2000735,1.0,0.05,0.75,0.5655781250000032,0.6000000000000032,0.03442187500000001,-11,34.421875,4.453125,0.25,0.078125,0.0,0.5875000000000007,0.49765625,0.8718324089470314,0.13056327928793818,0.7697059770255646,0.05,-1.3999999999999997,2.000000000000001,7.0,14.0,1,0,1,0,0,61,1,0,0,0
2000736,1.0,0.05,0.75,1.3322656249999996,1.3499999999999996,0.017734375000000007,-9,17.734375,3.390625,0.21875,0.078125,0.0,0.6000000000000008,0.49765625,0.5671485046159117,0.06629222385814845,0.4215013134664218,0.05,0.0,1.3500000000000005,0.0,19.0,0,0,1,0,0,63,0,0,0,0
2000737,1.0,0.05,0.75,-0.4244374999999986,-0.3999999999999986,0.02443750000000001,-11,24.4375,3.78125,0.21875,0.046875,0.015625,0.6000000000000008,0.5,0.9029810854251664,0.06016932380914384,0.886269569500468,0.049999999999999996,-0.3999999999999999,6.661338147750939e-16,2.0,15.0,0,0,0,0,0,63,0,0,0,1
2000738,1.0,0.05,0.75,-2.4462187500000003,-2.4000000000000004,0.04621875000000003,-12,46.21875,5.9375,0.1875,0.0,0.015625,0.5968253968253975,0.4976190476190476,0.9744031227152594,0.05045702400250532,0.9736363022310681,0.05,-0.19999999999999996,-2.1999999999999993,1.0,11.0,0,1,0,0,0,62,0,0,0,1
2000739,1.0,0.05,0.75,2.1989999999999994,2.1999999999999993,0.0010000000000000005,-1,1.0,0.84375,0.078125,0.0625,0.03125,0.5967741935483878,0.5024193548387097,0.5091718437192934,0.050001020203658104,0.20218076145137667,0.049999999999999996,-0.19999999999999996,2.4000000000000004,1.0,8.0,0,0,0,0,0,61,0,1,0,2
2000740,1.0,0.05,0.75,3.7924999999999973,3.799999999999997,0.007500000000000005,-4,7.5,2.5,0.1875,0.125,0.015625,0.590476190476191,0.4976190476190476,0.5016903086283628,0.05718406718133969,0.0890694187929278,0.05,-0.5999999999999999,4.399999999999999,3.0,17.0,0,0,1,0,3,59,0,0,0,1
2000741,1.0,0.05,0.75,1.1838593749999984,1.1999999999999984,0.01614062500000001,-6,16.140625,3.015625,0.15625,0.0625,0.03125,0.5967741935483878,0.5,0.6813306813500634,0.05035441256810916,0.5327159086609196,0.05,-0.5999999999999999,1.8000000000000005,3.0,11.0,0,0,0,0,1,61,0,0,0,2
2000742,1.0,0.05,0.75,-1.036375,-1.0,0.036375000000000005,-11,36.375,5.21875,0.203125,0.03125,0.0625,0.6000000000000008,0.4975,0.9303851773891667,0.05618058522347261,0.9221237688883385,0.049999999999999996,-0.3999999999999999,-0.5999999999999994,2.0,13.0,0,0,1,0,0,59,0,0,0,4
2000743,0.0,0.05,0.75,6.191343749999999,6.199999999999998,0.008656250000000006,-4,8.65625,2.6875,0.140625,0.078125,0.03125,0.6000000000000008,0.5,0.5821730771207906,0.05016254100039067,0.2913521698257674,0.05,-1.0,7.199999999999999,5.0,9.0,0,0,0,0,0,62,0,0,0,2
2000744,0.0,0.05,0.75,7.639046874999998,7.649999999999999,0.010953125000000006,-6,10.953125,2.640625,0.171875,0.078125,0.03125,0.6000000000000008,0.49758064516129036,0.6066696801039555,0.05113351859037882,0.40003179898235847,0.05,-0.8,8.45,4.0,12.0,0,0,2,0,0,59,0,0,1,2
2000745,0.0,0.05,0.75,9.040046875,9.049999999999999,0.009953125000000002,-7,9.953125,2.109375,0.203125,0.09375,0.015625,0.5968253968253975,0.4976190476190476,0.6154169680452213,0.06161965010994096,0.37216339143810884,0.05,-0.4,9.45,2.0,17.0,0,0,1,0,1,61,0,0,0,1
2000746,0.0,0.05,0.75,7.838640624999999,7.849999999999999,0.011359375000000008,-6,11.359375,2.671875,0.171875,0.078125,0.015625,0.5968253968253975,0.4976190476190476,0.6041925899789331,0.051145353010172936,0.3905205518615488,0.05,-0.2,8.049999999999999,1.0,15.0,0,1,0,0,0,62,0,0,0,1
2000747,1.0,0.05,0.75,1.0121875000000025,1.0500000000000025,0.037812500000000006,-9,37.8125,5.625,0.21875,0.078125,0.015625,0.6000000000000008,0.4952380952380952,0.7520292140383845,0.07341267655599477,0.6217375632787093,0.05,-0.95,2.000000000000001,4.0,15.0,0,0,2,0,0,61,0,0,0,1
2000748,1.0,0.05,0.75,-0.6282812500000015,-0.6000000000000014,0.028281250000000004,-9,28.28125,4.3125,0.171875,0.03125,0.015625,0.6000000000000008,0.5,0.8822133779027693,0.05030394913686768,0.8664641044636608,0.05,-0.3999999999999999,-0.1999999999999995,2.0,11.0,0,0,0,0,0,63,0,0,0,1
2000749,1.0,0.05,0.75,1.5245156250000007,1.5500000000000007,0.025484375000000017,-8,25.484375,4.578125,0.203125,0.078125,0.015625,0.6000000000000008,0.4976190476190476,0.5059634854919695,0.05753731240129898,0.3503804006394039,0.05,-0.5999999999999999,2.1500000000000004,3.0,15.0,0,0,1,0,0,62,0,0,0,1
2000750,0.0,0.05,0.75,10.23625,10.25,0.013750000000000009,-9,13.75,2.75,0.234375,0.09375,0.015625,0.587301587301588,0.4976190476190476,0.6795901705970142,0.09342157269564172,0.4692372739375474,0.05,-0.8,11.05,4.0,17.0,1,0,0,1,0,61,0,0,0,1
2000751,0.0,0.05,0.75,8.385734375,8.4,0.01426562500000001,-6,14.265625,3.078125,0.1875,0.09375,0.03125,0.6000000000000008,0.5,0.6155900378821961,0.05750546263339583,0.3305527422821655,0.049999999999999996,-0.8,9.2,4.0,14.0,0,0,0,0,0,62,0,0,0,2
2000752,1.0,0.05,0.75,-0.014046875,0.0,0.014046875,-9,14.046875,2.703125,0.1875,0.046875,0.015625,0.6000000000000008,0.5,0.8423494144473785,0.051376517354606244,0.8102571369822898,0.05,-0.19999999999999996,0.20000000000000062,1.0,14.0,0,0,0,0,0,63,0,0,0,1
2000753,0.0,0.05,0.75,3.998140625,4.0,0.0018593750000000008,-2,1.859375,0.921875,0.09375,0.0625,0.0625,0.6000000000000008,0.5,0.5553014299882347,0.05000613662565321,0.25502943384573856,0.05,-0.8,4.8,4.0,6.0,0,0,0,0,0,60,0,0,0,4
2000754,0.0,0.05,0.75,3.59771875,3.5999999999999996,0.002281250000000001,3,2.28125,1.3125,0.109375,0.15625,0.03125,0.6000000000000008,0.5,0.46824672463386574,0.05101590427101551,0.006145030452283808,0.05,-1.4,4.999999999999999,7.0,10.0,0,0,0,0,0,62,0,0,0,2
2000755,0.0,0.05,0.75,8.3393125,8.35,0.010687500000000006,-3,10.6875,3.0,0.203125,0.15625,0.03125,0.5935483870967748,0.5024193548387097,0.6114825580967528,0.11381296560599367,0.03439749081409561,0.05,-0.8,9.15,4.0,19.0,0,0,0,0,0,61,1,0,0,2
2000756,1.0,0.05,0.75,-1.228234375000001,-1.200000000000001,0.02823437500000001,-9,28.234375,4.359375,0.15625,0.015625,0.03125,0.6000000000000008,0.5,0.9150968165979976,0.05009940983598703,0.9079133425013745,0.05000000000000001,-0.19999999999999996,-0.9999999999999996,1.0,10.0,0,0,0,0,0,62,0,0,0,2
2000757,1.0,0.05,0.75,1.1944843750000054,1.2500000000000053,0.05551562500000002,-10,55.515625,6.328125,0.25,0.09375,0.015625,0.5936507936507943,0.5,0.9430751921932752,0.2253865278423577,0.7093770964609841,0.05,-0.5999999999999999,1.8500000000000008,3.0,19.0,0,0,1,0,0,61,1,0,0,1
2000758,0.0,0.05,0.75,1.7401093750000003,1.7500000000000002,0.009890625000000007,4,9.890625,2.921875,0.0625,0.125,0.03125,0.5903225806451619,0.4951612903225807,0.2466600957025001,0.05007452048019721,0.004145726363174382,0.05,-0.45,2.2,3.0,9.0,0,0,3,0,1,57,1,0,0,2
2000759,1.0,0.05,0.75,-0.23878124999999928,-0.1999999999999993,0.03878125,-10,38.78125,5.78125,0.203125,0.046875,0.03125,0.5935483870967748,0.49758064516129036,0.8770046349507348,0.05567365686215021,0.8522597895823482,0.05000000000000001,-0.9999999999999998,0.8000000000000005,5.0,11.0,0,0,1,1,0,60,0,0,0,2
2000760,1.0,0.05,0.75,-1.0549218749999982,-0.9999999999999982,0.054921875000000016,-11,54.921875,6.546875,0.203125,0.03125,0.046875,0.6000000000000008,0.5,0.9292739002131672,0.05422917026525749,0.9221237688883384,0.05,-1.1999999999999997,0.2000000000000004,6.0,9.0,0,0,0,0,0,61,0,0,0,3
2000761,1.0,0.05,0.75,-0.4547343749999986,-0.3999999999999986,0.05473437500000003,-11,54.734375,6.578125,0.21875,0.046875,0.0625,0.6000000000000008,0.5,0.9085590226930778,0.07395813072335625,0.8862695695004676,0.05,-1.1999999999999997,0.8000000000000005,6.0,11.0,0,0,0,0,0,60,0,0,0,4
2000762,1.0,0.05,0.75,0.16628125000000107,0.20000000000000107,0.03371875,-11,33.71875,5.125,0.234375,0.0625,0.015625,0.5936507936507943,0.5023809523809524,0.8808698573624696,0.08795751286476206,0.8368290852804791,0.05000000000000001,-0.5999999999999999,0.8000000000000007,3.0,16.0,0,0,0,0,0,62,1,0,0,1
2000763,0.0,0.05,0.75,5.888843749999999,5.899999999999999,0.011156250000000006,-3,11.15625,2.65625,0.140625,0.09375,0.046875,0.5901639344262302,0.5,0.5046849804862428,0.0502232742037702,0.15466020414578197,0.05,-0.4,6.299999999999999,2.0,13.0,0,0,1,0,1,58,1,0,0,3
2000764,1.0,0.05,0.75,1.029874999999999,1.049999999999999,0.02012500000000001,-6,20.125,4.0625,0.15625,0.0625,0.015625,0.6000000000000008,0.4952380952380953,0.6597281691012384,0.05020272499258241,0.5032589285598303,0.05,0.0,1.0500000000000005,0.0,14.0,0,0,2,0,0,61,0,0,0,1
2000765,0.0,0.05,0.75,4.797109374999998,4.799999999999998,0.0028906250000000013,2,2.890625,1.359375,0.140625,0.171875,0.0,0.5875000000000007,0.5,0.3585791259582838,0.05414588115832781,0.0032041794365607634,0.05,-1.5499999999999998,6.349999999999999,6.0,14.0,0,0,2,0,0,60,2,0,0,0
2000766,1.0,0.05,0.75,0.09548437499999965,0.09999999999999964,0.004515625000000001,-5,4.515625,1.671875,0.109375,0.03125,0.015625,0.590476190476191,0.5023809523809524,0.7099399767078186,0.05000302680968564,0.6402557093640112,0.05,-0.3999999999999999,0.5000000000000002,2.0,7.0,0,0,0,0,2,60,0,1,0,1
2000767,1.0,0.05,0.75,0.7682343750000007,0.8000000000000007,0.031765625000000006,-8,31.765625,4.828125,0.1875,0.0625,0.015625,0.6000000000000008,0.5,0.7595788717926559,0.052297352160036774,0.6753666156725155,0.05,-0.7999999999999998,1.6000000000000005,4.0,12.0,0,0,0,0,0,63,0,0,0,1
2000768,0.0,0.05,0.75,2.1969999999999983,2.1999999999999984,0.003000000000000002,4,3.0,1.21875,0.078125,0.140625,0.0,0.5968750000000007,0.5,0.4179489156195535,0.050088275639965985,0.0069066960889720575,0.05,-0.8,2.999999999999999,4.0,10.0,0,0,0,0,1,63,0,0,0,0
2000769,0.0,0.05,0.75,6.591515624999998,6.599999999999998,0.008484375000000004,-3,8.484375,2.765625,0.15625,0.109375,0.015625,0.6000000000000008,0.4976190476190476,0.5532141113346797,0.05082908726311992,0.11646736457120162,0.05000000000000001,-1.0,7.599999999999999,5.0,12.0,0,0,1,0,0,62,0,0,0,1
2000770,1.0,0.05,0.75,-1.4171874999999978,-1.3499999999999979,0.06718750000000002,-12,67.1875,6.875,0.21875,0.03125,0.015625,0.5968253968253975,0.4976190476190476,0.9391866567790997,0.054608780764217685,0.9342753925022749,0.05,-0.95,-0.39999999999999947,4.0,12.0,0,0,1,0,1,61,0,0,0,1
2000771,0.0,0.05,0.75,7.930843749999998,7.949999999999998,0.019156250000000014,-8,19.15625,3.65625,0.171875,0.046875,0.03125,0.5967741935483878,0.49758064516129036,0.7686250751489456,0.05036561326961262,0.7195747361351108,0.05,0.0,7.949999999999998,0.0,14.0,0,0,1,0,1,60,0,0,0,2
2000772,0.0,0.05,0.75,2.3942187500000003,2.4000000000000004,0.005781250000000004,3,5.78125,2.0625,0.078125,0.125,0.015625,0.6000000000000008,0.4976190476190476,0.4583539520043539,0.0500328483698769,0.014074577415480034,0.049999999999999996,-0.2,2.6,1.0,12.0,0,0,1,0,0,62,0,0,0,1
2000773,0.0,0.05,0.75,3.99578125,4.0,0.004218750000000003,1,4.21875,1.6875,0.109375,0.125,0.03125,0.5935483870967748,0.5024193548387097,0.45940439431195335,0.05010739320429788,0.025389498606867296,0.05,-0.8,4.799999999999999,4.0,11.0,0,0,0,0,0,61,1,0,0,2
2000774,0.0,0.05,0.75,6.790093749999999,6.799999999999999,0.009906250000000005,-4,9.90625,2.28125,0.15625,0.09375,0.015625,0.6000000000000008,0.4976190476190476,0.5795627379743794,0.05060813325639951,0.21295669090179709,0.049999999999999996,-0.6000000000000001,7.399999999999999,3.0,13.0,0,0,1,0,0,62,0,0,0,1
2000775,1.0,0.05,0.75,1.1751093749999983,1.1999999999999984,0.024890625000000006,-6,24.890625,4.578125,0.15625,0.0625,0.0,0.6000000000000008,0.4953125,0.7019208735515541,0.05023964144049371,0.532715908660919,0.05,-0.3999999999999999,1.6000000000000005,2.0,12.0,0,0,2,0,0,62,0,0,0,0
2000776,1.0,0.05,0.75,1.5857499999999987,1.5999999999999988,0.014250000000000011,-4,14.25,3.25,0.125,0.0625,0.015625,0.5936507936507943,0.4976190476190476,0.6225596130572588,0.05002821246112871,0.3845079804295553,0.049999999999999996,-0.5999999999999999,2.2,3.0,9.0,0,0,2,0,0,60,1,0,0,1
2000777,1.0,0.05,0.75,-2.0812656249999946,-1.9999999999999947,0.08126562500000001,-16,81.265625,7.109375,0.28125,0.03125,0.0,0.6000000000000008,0.5,0.991131321021668,0.17697638562017182,0.9815728197010305,0.05,-0.7999999999999998,-1.1999999999999993,4.0,16.0,0,0,0,0,0,64,0,0,0,0
2000778,0.0,0.05,0.75,3.3971562499999997,3.3999999999999995,0.002843750000000002,1,2.84375,1.5,0.09375,0.109375,0.0625,0.6000000000000008,0.5,0.48531944968929136,0.05004039224963544,0.038076642372271124,0.05,-1.0,4.3999999999999995,5.0,8.0,0,0,0,0,0,60,0,0,0,4
2000779,1.0,0.05,0.75,-1.022796875,-1.0,0.022796875000000008,-11,22.796875,3.671875,0.203125,0.03125,0.015625,0.6000000000000008,0.5,0.9287227904371985,0.05231406233791475,0.9221237688883382,0.049999999999999996,-0.5999999999999999,-0.39999999999999947,3.0,12.0,0,0,0,0,0,63,0,0,0,1
2000780,0.0,0.05,0.75,10.777250000000002,10.800000000000002,0.02275000000000001,-9,22.75,4.0,0.234375,0.09375,0.0,0.6000000000000008,0.49765625,0.8101313719794687,0.13782732844518972,0.5489864331479994,0.05,-0.8,11.600000000000001,4.0,17.0,0,0,1,0,0,63,0,0,0,0
2000781,0.0,0.05,0.75,9.428437500000001,9.450000000000001,0.021562500000000016,-8,21.5625,4.25,0.203125,0.078125,0.0,0.5968750000000007,0.50234375,0.7380475980746423,0.05955761656572683,0.5980209697347492,0.049999999999999996,-0.6000000000000001,10.05,3.0,15.0,0,0,0,0,0,63,0,1,0,0
2000782,1.0,0.05,0.75,0.770406249999999,0.7999999999999989,0.02959375000000001,-8,29.59375,4.625,0.1875,0.0625,0.0,0.5875000000000006,0.49765625,0.7676717422822641,0.05197526115626928,0.6753666156725157,0.05,-0.5999999999999999,1.4000000000000006,3.0,13.0,1,0,0,0,2,61,0,0,0,0
2000783,1.0,0.05,0.75,3.240015624999998,3.2499999999999982,0.009984375000000007,-4,9.984375,2.828125,0.171875,0.109375,0.03125,0.6000000000000008,0.4951612903225807,0.5262228138046001,0.05257470704530345,0.13662868422918598,0.049999999999999996,-0.55,3.799999999999999,2.0,16.0,0,0,2,0,0,60,0,0,0,2
2000784,0.0,0.05,0.75,6.581874999999998,6.599999999999999,0.01812500000000001,-6,18.125,3.875,0.140625,0.046875,0.0,0.5937500000000007,0.49531250000000004,0.7416329151204994,0.05004964253542303,0.634000873470428,0.05,-0.2,6.799999999999999,1.0,11.0,0,0,3,0,0,60,1,0,0,0
2000785,0.0,0.05,0.75,7.528124999999998,7.549999999999998,0.021875,-6,21.875,4.4375,0.171875,0.078125,0.0,0.5968750000000007,0.49765625,0.5775310733999022,0.050469250598957564,0.3785065036220182,0.049999999999999996,-0.4,7.949999999999998,2.0,14.0,0,0,1,0,1,62,0,0,0,0
2000786,1.0,0.05,0.75,1.5947499999999997,1.5999999999999996,0.005250000000000004,-4,5.25,1.90625,0.125,0.0625,0.015625,0.6000000000000008,0.4976190476190476,0.6261865651708652,0.05002923004440925,0.3845079804295563,0.05,-0.5999999999999999,2.2,3.0,9.0,0,0,1,0,0,62,0,0,0,1
2000787,0.0,0.05,0.75,10.369953125,10.4,0.030046875000000015,-10,30.046875,4.515625,0.21875,0.0625,0.046875,0.5934426229508203,0.5,0.851019346319231,0.0803979772994136,0.7915126491493325,0.05,-0.4,10.8,2.0,16.0,0,0,1,1,0,58,0,0,1,3
2000788,1.0,0.05,0.75,-1.4913124999999967,-1.3999999999999968,0.09131249999999996,-13,91.3125,8.28125,0.234375,0.03125,0.015625,0.6000000000000008,0.5,0.9606116203814343,0.06630085702092955,0.9557680118210874,0.05,-0.9999999999999998,-0.39999999999999947,5.0,12.0,0,0,0,0,0,63,0,0,0,1
2000789,1.0,0.05,0.75,1.8970937499999994,1.8999999999999995,0.0029062500000000013,-5,2.90625,1.28125,0.15625,0.078125,0.015625,0.5968253968253975,0.5,0.65089623198456,0.05041302510433769,0.40116606872946675,0.05,-0.3999999999999999,2.299999999999999,2.0,13.0,0,0,0,0,1,62,0,0,0,1
2000790,1.0,0.05,0.75,3.3803593749999976,3.3999999999999977,0.01964062500000001,-4,19.640625,3.953125,0.171875,0.109375,0.03125,0.6000000000000008,0.5,0.5484698438204757,0.05336022206120974,0.1511560042609611,0.05,-0.3999999999999999,3.8,2.0,16.0,0,0,0,0,0,62,0,0,0,2
2000791,0.0,0.05,0.75,1.537265625,1.55,0.01273437500000001,4,12.734375,3.453125,0.078125,0.140625,0.0,0.5843750000000006,0.5,0.510014507649751,0.05002552609115231,0.013533828517163376,0.05000000000000002,-0.8999999999999999,2.45,4.0,10.0,0,0,1,0,3,59,1,0,0,0
2000792,1.0,0.05,0.75,-2.871546874999999,-2.799999999999999,0.07154687500000002,-14,71.546875,7.421875,0.21875,0.0,0.015625,0.5936507936507943,0.5023809523809524,0.9857651477402593,0.05329622826226113,0.9853788655650301,0.05,-0.3999999999999999,-2.3999999999999995,2.0,12.0,0,0,0,0,0,62,1,0,0,1
2000793,1.0,0.05,0.75,0.33465624999999877,0.34999999999999876,0.01534375000000001,-7,15.34375,3.34375,0.15625,0.046875,0.015625,0.587301587301588,0.5023809523809524,0.756742576037019,0.0501420625164118,0.6892954564826953,0.049999999999999996,-0.5999999999999999,0.9500000000000004,3.0,10.0,0,0,1,0,0,60,2,0,0,1
2000794,0.0,0.05,0.75,4.19596875,4.199999999999999,0.004031250000000003,-3,4.03125,1.75,0.09375,0.046875,0.0,0.5968750000000007,0.5,0.6120400225670515,0.05000134868769518,0.41269315257477096,0.05,-0.4,4.6,2.0,7.0,0,0,0,0,1,63,0,0,0,0
2000795,1.0,0.05,0.75,-0.7625625000000009,-0.7500000000000009,0.01256250000000001,-6,12.5625,2.875,0.109375,0.015625,0.0,0.6000000000000008,0.49296875,0.8129607009161666,0.05000190332170836,0.7804244266889714,0.05,-0.3500000000000001,-0.3999999999999997,1.0,7.0,0,0,3,0,0,61,0,0,0,0
2000796,1.0,0.05,0.75,-0.7845000000000018,-0.7500000000000018,0.03450000000000001,-9,34.5,5.1875,0.171875,0.03125,0.015625,0.5936507936507943,0.4976190476190476,0.8682911725579869,0.050215151259963516,0.8522093398645078,0.05,-0.5999999999999999,-0.1499999999999997,3.0,10.0,0,0,2,0,0,60,1,0,0,1
2000797,0.0,0.05,0.75,5.142046874999999,5.1499999999999995,0.007953125000000005,-5,7.953125,2.390625,0.109375,0.03125,0.015625,0.5904761904761912,0.5,0.7309905178797522,0.050004051169404276,0.6487815711388811,0.05,0.0,5.1499999999999995,0.0,9.0,0,0,1,0,1,60,1,0,0,1
2000798,1.0,0.05,0.75,-1.2296406250000012,-1.200000000000001,0.029640625000000014,-9,29.640625,4.828125,0.15625,0.015625,0.0,0.5937500000000007,0.50234375,0.9143318904212974,0.050050021795539405,0.9079133425013745,0.05,-0.19999999999999996,-0.9999999999999996,1.0,10.0,0,0,0,0,0,63,1,0,0,0
2000799,0.0,0.05,0.75,4.995406249999999,4.999999999999999,0.004593750000000002,2,4.59375,1.6875,0.140625,0.171875,0.0,0.6000000000000008,0.49531250000000004,0.531179674265593,0.05289351325890129,0.005466898380835647,0.05,-1.4,6.3999999999999995,7.0,13.0,0,0,2,0,0,62,0,0,0,0
2000800,0.0,0.05,0.75,4.497374999999999,4.499999999999999,0.002625000000000002,1,2.625,1.375,0.125,0.140625,0.0,0.5937500000000007,0.5,0.5294088371248779,0.050207053314420005,0.020260613703057068,0.05,-0.6000000000000001,5.1,3.0,14.0,0,0,0,0,2,62,0,0,0,0
2000801,1.0,0.05,0.75,2.596296874999999,2.5999999999999988,0.0037031250000000024,-2,3.703125,1.671875,0.109375,0.078125,0.078125,0.5966101694915261,0.502542372881356,0.5178648274497047,0.05003385717271137,0.18387156262181903,0.049999999999999996,-0.5999999999999999,3.2,3.0,9.0,0,0,0,0,0,58,0,1,0,5
2000802,0.0,0.05,0.75,6.197499999999998,6.199999999999998,0.0025000000000000014,-1,2.5,1.28125,0.15625,0.140625,0.015625,0.5968253968253975,0.5,0.5065825829467954,0.05155172327244516,0.03033753057260733,0.05000000000000001,-1.2,7.399999999999999,6.0,13.0,0,0,0,0,1,62,0,0,0,1
2000803,0.0,0.05,0.75,3.797921874999999,3.799999999999999,0.0020781250000000014,2,2.078125,1.203125,0.109375,0.140625,0.03125,0.6000000000000008,0.49758064516129036,0.5014727077776128,0.05028101875625401,0.012532418200495412,0.05000000000000001,-1.2,4.999999999999999,6.0,10.0,0,0,1,0,0,61,0,0,0,2
2000804,0.0,0.05,0.75,6.994281249999999,6.999999999999999,0.005718750000000004,-5,5.71875,1.90625,0.15625,0.078125,0.015625,0.6000000000000008,0.5,0.6089966736115768,0.050386696200737,0.35707739635299185,0.05,-0.4,7.399999999999999,2.0,13.0,0,0,0,0,0,63,0,0,0,1
2000805,1.0,0.05,0.75,-2.2680468749999974,-2.1999999999999975,0.068046875,-14,68.046875,7.046875,0.234375,0.015625,0.015625,0.5809523809523816,0.5047619047619047,0.9792875211124442,0.06051935818016444,0.9779509423448588,0.05,-0.5999999999999999,-1.5999999999999994,3.0,13.0,0,0,0,0,3,58,1,1,0,1
2000806,1.0,0.05,0.75,-1.852703124999999,-1.799999999999999,0.052703125000000024,-12,52.703125,6.171875,0.203125,0.015625,0.03125,0.5935483870967748,0.5,0.9623568917773185,0.05212315393629205,0.960482089493469,0.049999999999999996,-0.5999999999999999,-1.1999999999999995,3.0,11.0,0,0,1,0,1,59,0,1,0,2
2000807,1.0,0.05,0.75,-0.02181250000000001,0.0,0.02181250000000001,-9,21.8125,3.625,0.1875,0.046875,0.015625,0.6000000000000008,0.4952380952380953,0.8480146858072636,0.05169775445130417,0.8102571369822893,0.05,-0.19999999999999996,0.20000000000000062,1.0,14.0,0,0,2,0,0,61,0,0,0,1
2000808,0.0,0.05,0.75,1.99871875,2.0,0.001281250000000001,2,1.28125,0.90625,0.0625,0.09375,0.03125,0.6000000000000008,0.4951612903225807,0.47794203862042306,0.05000284279996468,0.04262642189648784,0.05,-0.6000000000000001,2.5999999999999996,3.0,7.0,0,0,2,0,0,60,0,0,0,2
2000809,0.0,0.05,0.75,7.240546874999998,7.249999999999998,0.009453125000000005,-4,9.453125,2.453125,0.171875,0.109375,0.015625,0.6000000000000008,0.4928571428571429,0.5461974547040975,0.05212355992179869,0.13662868422918628,0.05000000000000001,-1.0,8.25,5.0,13.0,0,0,3,0,0,60,0,0,0,1
2000810,1.0,0.05,0.75,1.4342031249999985,1.4499999999999984,0.015796875000000012,-6,15.796875,3.734375,0.171875,0.078125,0.046875,0.5934426229508203,0.4975409836065574,0.586422859874457,0.05115084602199834,0.385092645738388,0.05,-0.5999999999999999,2.0500000000000007,3.0,13.0,1,0,0,0,0,60,0,0,0,3
2000811,0.0,0.05,0.75,2.1885000000000003,2.2,0.011500000000000007,4,11.5,3.0625,0.078125,0.140625,0.015625,0.5968253968253975,0.5023809523809524,0.3981607965787023,0.05013499172025402,0.006906696088972045,0.05,-1.0,3.2,5.0,9.0,0,0,0,0,0,62,0,1,0,1
2000812,0.0,0.05,0.75,6.588296874999998,6.599999999999999,0.011703125000000009,-6,11.703125,3.046875,0.140625,0.046875,0.03125,0.590322580645162,0.49516129032258066,0.7460974430711111,0.05009792048924063,0.6340008734704278,0.05,-0.2,6.799999999999999,1.0,11.0,1,0,1,0,1,59,0,0,0,2
2000813,1.0,0.05,0.75,-0.8262187500000008,-0.8000000000000007,0.02621875000000002,-10,26.21875,4.34375,0.1875,0.03125,0.0625,0.5966666666666673,0.4975,0.9090255780758414,0.05226297813583555,0.8975969384928338,0.05000000000000001,-0.7999999999999998,4.440892098500626e-16,4.0,10.0,0,0,2,0,0,57,0,1,0,4
2000814,1.0,0.05,0.75,0.3797499999999986,0.3999999999999986,0.020250000000000004,-7,20.25,4.0,0.15625,0.046875,0.03125,0.5967741935483878,0.5,0.7687906887176917,0.050228701295882625,0.7006035450357833,0.049999999999999996,-0.19999999999999996,0.6000000000000005,1.0,12.0,0,0,0,0,1,61,0,0,0,2
2000815,0.0,0.05,0.75,4.298453124999999,4.299999999999999,0.001546875000000001,-1,1.546875,0.828125,0.109375,0.09375,0.015625,0.5968253968253975,0.5023809523809524,0.4578529928933265,0.050012819289742896,0.0911215944439902,0.05,-1.0,5.299999999999999,5.0,8.0,0,0,0,0,1,61,0,0,1,1
2000816,0.0,0.05,0.75,4.449078124999999,4.449999999999999,0.0009218750000000004,-2,0.921875,0.703125,0.109375,0.078125,0.0,0.6000000000000008,0.5,0.4766687853893015,0.050005353331526364,0.16681792741195753,0.05,-0.2,4.6499999999999995,1.0,11.0,0,0,1,0,0,62,0,0,1,0
2000817,1.0,0.05,0.75,-0.9924375000000011,-0.9500000000000011,0.042437500000000024,-10,42.4375,5.65625,0.1875,0.03125,0.046875,0.6000000000000008,0.4975409836065574,0.896909696663695,0.05113074046145663,0.8862291829771116,0.05,-0.5999999999999999,-0.34999999999999964,3.0,11.0,0,0,1,0,0,60,0,0,0,3
2000818,0.0,0.05,0.75,7.190281249999998,7.199999999999998,0.009718750000000005,-3,9.71875,2.53125,0.171875,0.125,0.0625,0.6000000000000008,0.5,0.5361702630481379,0.05833093145890535,0.07982804756168825,0.05,-1.4,8.6,7.0,12.0,0,0,0,0,0,60,0,0,0,4
2000819,0.0,0.05,0.75,7.194109374999999,7.199999999999999,0.0058906250000000035,-6,5.890625,1.859375,0.15625,0.0625,0.0,0.6000000000000008,0.49765625,0.691357946638564,0.05021483112254781,0.5327159086609204,0.05,-0.4,7.599999999999999,2.0,12.0,0,0,1,0,0,63,0,0,0,0
2000820,1.0,0.05,0.75,0.08301562500000391,0.1500000000000039,0.066984375,-10,66.984375,7.296875,0.21875,0.0625,0.0,0.5968750000000007,0.50234375,0.8791271651264926,0.06372085185068123,0.8414959122540357,0.05000000000000001,-0.5999999999999999,0.7500000000000007,3.0,15.0,0,0,0,0,0,63,0,1,0,0
2000821,0.0,0.05,0.75,13.154968750000005,13.200000000000005,0.045031250000000016,-12,45.03125,5.84375,0.28125,0.09375,0.03125,0.5967741935483878,0.49516129032258066,0.9654110332317067,0.2789184506737759,0.5123139077771921,0.05,-0.04999999999999999,13.250000000000005,1.0,23.0,0,0,2,0,1,59,0,0,0,2
2000822,0.0,0.05,0.75,6.996578124999999,6.999999999999999,0.0034218750000000017,-2,3.421875,1.578125,0.171875,0.140625,0.0,0.6000000000000008,0.5,0.5151440983586848,0.05347725532643045,0.040550626954237216,0.05,-0.8,7.799999999999999,4.0,16.0,0,0,0,0,0,64,0,0,0,0
2000823,0.0,0.05,0.75,12.504203125000004,12.600000000000003,0.09579687499999999,-15,95.796875,8.296875,0.25,0.015625,0.015625,0.5968253968253975,0.5,0.9857915104261641,0.07952656127649771,0.9835839551593994,0.05,0.0,12.600000000000003,0.0,17.0,0,0,0,0,1,62,0,0,0,1
2000824,1.0,0.05,0.75,-0.9991874999999976,-0.9499999999999975,0.04918750000000001,-13,49.1875,4.96875,0.25,0.046875,0.015625,0.6000000000000008,0.4976190476190476,0.9441923789252843,0.09607380918001424,0.9266737901008119,0.05,-0.9999999999999998,0.05000000000000049,5.0,14.0,0,0,1,0,0,62,0,0,0,1
2000825,0.0,0.05,0.75,4.198046874999999,4.199999999999999,0.0019531250000000013,0,1.953125,1.265625,0.109375,0.109375,0.015625,0.5968253968253975,0.4976190476190476,0.5222404072601186,0.0500296495668082,0.05075871982844265,0.05000000000000001,-0.6000000000000001,4.799999999999999,3.0,11.0,0,0,1,0,1,61,0,0,0,1
2000826,0.0,0.05,0.75,3.5980937499999985,3.5999999999999988,0.0019062500000000008,0,1.90625,0.96875,0.09375,0.09375,0.015625,0.6000000000000008,0.4976190476190476,0.5212044519498854,0.05000649550970625,0.0751454385640201,0.05,-0.4,3.999999999999999,2.0,10.0,0,0,1,0,0,62,0,0,0,1
2000827,0.0,0.05,0.75,2.3476562500000004,2.3500000000000005,0.0023437500000000016,0,2.34375,1.1875,0.0625,0.0625,0.015625,0.5841269841269847,0.4928571428571429,0.5617147515545244,0.05000030846600171,0.17289309964195498,0.05,-0.8500000000000001,3.2,4.0,4.0,2,0,1,0,1,59,0,0,0,1
2000828,0.0,0.05,0.75,7.293546874999998,7.299999999999998,0.006453125000000004,-4,6.453125,1.953125,0.171875,0.109375,0.03125,0.5935483870967748,0.5,0.5154327375337177,0.05255412599529264,0.13989978681603565,0.05000000000000001,-0.6000000000000001,7.899999999999999,3.0,15.0,0,0,0,0,2,60,0,0,0,2
2000829,0.0,0.05,0.75,3.797890624999998,3.799999999999998,0.0021093750000000014,2,2.109375,1.203125,0.109375,0.140625,0.0,0.5937500000000007,0.49296875,0.5505300036270506,0.050123725755594636,0.012532418200495422,0.05000000000000001,-0.8,4.599999999999999,4.0,12.0,1,0,2,0,0,61,0,0,0,0
2000830,0.0,0.05,0.75,5.647140624999998,5.649999999999998,0.0028593750000000017,-1,2.859375,1.453125,0.140625,0.125,0.015625,0.5968253968253975,0.4976190476190476,0.4728142451760085,0.05033680887605184,0.03901543761772813,0.05000000000000001,-1.2,6.849999999999999,6.0,11.0,0,1,0,0,0,62,0,0,0,1
2000831,0.0,0.05,0.75,9.127921875,9.15,0.022078125000000004,-7,22.078125,4.328125,0.203125,0.09375,0.078125,0.5932203389830515,0.502542372881356,0.6820532947363352,0.0929773836413359,0.3873944142298684,0.05,-1.0,10.15,5.0,14.0,0,0,0,0,0,58,1,0,0,5
2000832,1.0,0.05,0.75,-1.6085156249999955,-1.5499999999999954,0.05851562500000003,-16,58.515625,5.890625,0.296875,0.046875,0.03125,0.5967741935483878,0.49758064516129036,0.9956612157507461,0.2639825328134422,0.9688997698982635,0.05000000000000001,-1.5499999999999998,6.661338147750939e-16,7.0,15.0,0,0,1,0,1,60,0,0,0,2
2000833,1.0,0.05,0.75,0.5705156250000014,0.6000000000000014,0.029484375000000004,-9,29.484375,4.546875,0.203125,0.0625,0.0,0.6000000000000008,0.49765625,0.8037745780851603,0.055391437785965024,0.7375577503853932,0.05,-0.3999999999999999,1.0000000000000007,2.0,15.0,0,0,1,0,0,63,0,0,0,0
2000834,0.0,0.05,0.75,9.168390624999999,9.2,0.031609375000000016,-10,31.609375,4.671875,0.1875,0.03125,0.015625,0.5904761904761912,0.5,0.9074585213516394,0.0508249220185704,0.8975969384928342,0.05000000000000001,-0.2,9.4,1.0,13.0,0,0,1,0,1,60,1,0,0,1
2000835,0.0,0.05,0.75,6.7814999999999985,6.799999999999999,0.018500000000000006,-7,18.5,3.8125,0.140625,0.03125,0.046875,0.5934426229508203,0.5,0.8174892128825051,0.05006925084729644,0.7804930691475505,0.05,0.0,6.799999999999999,0.0,11.0,0,0,0,1,0,60,0,0,0,3
2000836,0.0,0.05,0.75,5.9985624999999985,5.999999999999998,0.0014375000000000006,0,1.4375,0.9375,0.15625,0.15625,0.03125,0.6000000000000008,0.49758064516129036,0.5242045116168498,0.05387901515049675,0.015013396627259066,0.05,-1.2,7.199999999999998,6.0,14.0,0,0,1,0,0,61,0,0,0,2
2000837,0.0,0.05,0.75,2.5856718749999996,2.5999999999999996,0.014328125000000011,5,14.328125,3.546875,0.09375,0.171875,0.03125,0.6000000000000008,0.5,0.4163894866801458,0.05240141731311856,0.0022248811681260853,0.04999999999999999,-1.0,3.5999999999999996,5.0,12.0,0,0,0,0,0,62,0,0,0,2
2000838,0.0,0.05,0.75,6.196968749999997,6.1999999999999975,0.003031250000000002,-1,3.03125,1.4375,0.15625,0.140625,0.015625,0.6000000000000008,0.5,0.5065825829467948,0.05155172327244515,0.030337530572607466,0.05,-0.8,6.999999999999998,4.0,15.0,0,0,0,0,0,63,0,0,0,1
2000839,1.0,0.05,0.75,-0.3486718749999954,-0.2999999999999954,0.04867187500000001,-13,48.671875,5.640625,0.265625,0.0625,0.03125,0.590322580645162,0.49758064516129036,0.9677280584497745,0.2134597046384959,0.8952728723015018,0.05,-0.8999999999999999,0.6000000000000008,4.0,17.0,1,0,0,0,1,60,0,0,0,2
2000840,1.0,0.05,0.75,-0.9798125000000011,-0.9500000000000011,0.029812500000000013,-10,29.8125,4.59375,0.1875,0.03125,0.015625,0.5936507936507943,0.4976190476190476,0.8966961467572915,0.05061519180371121,0.8862291829771115,0.05000000000000001,-0.5999999999999999,-0.34999999999999964,3.0,11.0,0,0,1,1,0,61,0,0,0,1
2000841,1.0,0.05,0.75,-0.7325781249999975,-0.6999999999999975,0.03257812500000001,-12,32.578125,4.515625,0.234375,0.046875,0.015625,0.5936507936507943,0.4976190476190476,0.9224059934556587,0.07284343234256546,0.9057988380884828,0.05,-1.1999999999999997,0.5000000000000004,6.0,12.0,0,0,1,0,2,60,0,0,0,1
2000842,1.0,0.05,0.75,4.188749999999998,4.199999999999998,0.011250000000000005,-3,11.25,2.75,0.171875,0.125,0.015625,0.6000000000000008,0.4976190476190476,0.5504742231499955,0.053765182227370055,0.07982804756168803,0.05,-0.19999999999999996,4.3999999999999995,1.0,18.0,0,0,1,0,0,62,0,0,0,1
2000843,1.0,0.05,0.75,0.38081250000000033,0.40000000000000036,0.01918750000000001,-10,19.1875,3.25,0.21875,0.0625,0.03125,0.5967741935483878,0.5024193548387097,0.8412350057611344,0.07055571700404374,0.7915126491493325,0.05000000000000001,-0.19999999999999996,0.6000000000000003,1.0,17.0,0,0,0,0,0,61,0,1,0,2
2000844,0.0,0.05,0.75,4.7922812499999985,4.799999999999999,0.007718750000000005,-3,7.71875,2.25,0.109375,0.0625,0.0,0.6000000000000008,0.5,0.5820257969747509,0.050005952906432526,0.31621707337247495,0.05,-0.2,4.999999999999999,1.0,10.0,0,0,0,0,0,64,0,0,0,0
2000845,1.0,0.05,0.75,-2.9429374999999935,-2.7999999999999936,0.1429375,-20,142.9375,10.3125,0.34375,0.03125,0.015625,0.6000000000000008,0.4976190476190476,0.9999325896424616,0.2969687700746878,0.9943942787264757,0.05000000000000001,-1.1999999999999997,-1.5999999999999992,6.0,18.0,0,0,1,0,0,62,0,0,0,1
2000846,1.0,0.05,0.75,-2.2653749999999975,-2.1999999999999975,0.065375,-13,65.375,7.28125,0.21875,0.015625,0.015625,0.5936507936507943,0.49047619047619045,0.9681046038922776,0.05376968556199458,0.9661808129110433,0.05000000000000001,-0.7999999999999998,-1.3999999999999995,4.0,11.0,0,0,4,1,0,58,0,0,0,1
2000847,0.0,0.05,0.75,4.7490468749999994,4.749999999999999,0.0009531250000000003,-3,0.953125,0.640625,0.109375,0.0625,0.015625,0.587301587301588,0.49761904761904757,0.3271399723146774,0.05000355835946038,0.13682879334208536,0.05,-0.25,4.999999999999999,2.0,9.0,1,0,1,1,0,59,0,0,1,1
2000848,1.0,0.05,0.75,-2.0605781249999984,-1.9999999999999982,0.06057812500000001,-13,60.578125,6.359375,0.21875,0.015625,0.0,0.6000000000000008,0.5,0.9717207447127016,0.05318955417218509,0.9704430981963795,0.05,-0.9999999999999998,-0.9999999999999996,5.0,10.0,0,0,0,0,0,64,0,0,0,0
2000849,0.0,0.05,0.75,6.398531249999999,6.399999999999999,0.0014687500000000009,-2,1.46875,0.96875,0.15625,0.125,0.015625,0.6000000000000008,0.5,0.5154039211095801,0.05103494582703459,0.06034471064474171,0.05,-1.2,7.599999999999999,6.0,12.0,0,0,0,0,0,63,0,0,0,1
2000850,1.0,0.05,0.75,-0.18803125000000037,-0.15000000000000036,0.03803125000000002,-9,38.03125,5.6875,0.1875,0.046875,0.0,0.5968750000000007,0.4953125,0.8275182543395068,0.050816084284089284,0.7914465318615161,0.05,-0.95,0.8000000000000005,4.0,11.0,0,1,1,0,0,62,0,0,0,0
2000851,0.0,0.05,0.75,4.940312499999998,4.949999999999998,0.009687500000000007,-2,9.6875,3.0,0.125,0.09375,0.015625,0.5968253968253975,0.4952380952380952,0.48817560890414663,0.05003335904750163,0.11259158225208492,0.05,-1.0,5.949999999999999,5.0,9.0,0,1,1,0,0,61,0,0,0,1
2000852,0.0,0.05,0.75,4.395156249999999,4.3999999999999995,0.0048437500000000034,-1,4.84375,1.78125,0.109375,0.09375,0.03125,0.6000000000000008,0.5,0.5146614842825573,0.05002193203770695,0.09890446288834837,0.05000000000000001,-0.8,5.199999999999999,4.0,9.0,0,0,0,0,0,62,0,0,0,2
2000853,0.0,0.05,0.75,8.193281249999998,8.199999999999998,0.006718750000000003,-5,6.71875,2.03125,0.1875,0.109375,0.015625,0.6000000000000008,0.5,0.5717856132389327,0.05798938960202895,0.19390881899456816,0.05,-0.8,9.0,4.0,15.0,0,0,0,0,0,63,0,0,0,1
2000854,1.0,0.05,0.75,-0.42467187500000125,-0.40000000000000124,0.024671875000000006,-8,24.671875,4.234375,0.15625,0.03125,0.015625,0.5968253968253975,0.5023809523809524,0.8501984349835594,0.05009843496463063,0.8276832537580429,0.05,-0.3999999999999999,4.440892098500626e-16,2.0,10.0,0,0,1,0,0,60,0,1,1,1
2000855,1.0,0.05,0.75,0.8371718749999979,0.8499999999999979,0.012828125000000008,-7,12.828125,3.234375,0.171875,0.0625,0.015625,0.6000000000000008,0.4952380952380953,0.699190202562,0.050614120679141866,0.5778100994388443,0.05,0.0,0.8500000000000005,0.0,15.0,0,0,2,0,0,61,0,0,0,1
2000856,0.0,0.05,0.75,3.4458437499999994,3.4499999999999993,0.004156250000000003,-3,4.15625,1.84375,0.078125,0.03125,0.046875,0.5967213114754105,0.4975409836065574,0.6142145075296107,0.05000056071600632,0.4868806276843788,0.05,-0.4,3.8499999999999996,2.0,5.0,0,0,1,0,1,59,0,0,0,3
2000857,1.0,0.05,0.75,-1.5811250000000017,-1.5500000000000016,0.031125,-9,31.125,5.0,0.15625,0.015625,0.015625,0.5936507936507943,0.4976190476190476,0.8992752551867758,0.050042844309121044,0.8916540472817123,0.05000000000000001,-0.5999999999999999,-0.9499999999999997,3.0,8.0,1,0,0,0,0,62,0,0,0,1
2000858,1.0,0.05,0.75,-0.7796875,-0.75,0.02968750000000001,-9,29.6875,4.75,0.171875,0.03125,0.0,0.6000000000000008,0.490625,0.8733747825003134,0.05021170076911249,0.852209339864508,0.05000000000000001,-0.19999999999999996,-0.5499999999999996,1.0,12.0,0,0,4,0,0,60,0,0,0,0
2000859,0.0,0.05,0.75,9.224671875000004,9.250000000000004,0.025328125000000003,-4,25.328125,4.171875,0.21875,0.15625,0.0,0.5968750000000007,0.49765625,0.44000223898024393,0.11091279779082412,0.01793706250084379,0.05,-1.05,10.300000000000002,6.0,18.0,0,0,1,0,1,62,0,0,0,0
2000860,0.0,0.05,0.75,8.998156250000001,9.05,0.05184375000000001,-10,51.84375,6.53125,0.1875,0.03125,0.015625,0.587301587301588,0.4976190476190476,0.8965076981902813,0.05060155187112519,0.8862291829771115,0.05000000000000001,-0.4,9.45,2.0,12.0,0,0,2,0,2,58,1,0,0,1
2000861,1.0,0.05,0.75,-2.255953124999999,-2.1999999999999993,0.05595312500000003,-13,55.953125,6.515625,0.21875,0.015625,0.015625,0.590476190476191,0.5,0.9665016141996984,0.05287869668059814,0.9651111012761171,0.049999999999999996,-0.3999999999999999,-1.7999999999999996,2.0,13.0,0,0,1,0,1,60,1,0,0,1
2000862,1.0,0.05,0.75,0.9838593749999982,0.9999999999999982,0.016140625000000013,-7,16.140625,3.796875,0.171875,0.0625,0.015625,0.6000000000000008,0.5,0.719729148302458,0.05078615537257623,0.6063046095870438,0.049999999999999996,-0.5999999999999999,1.6000000000000005,3.0,12.0,0,0,0,0,0,63,0,0,0,1
2000863,0.0,0.05,0.75,4.998078124999998,4.999999999999998,0.0019218750000000015,-1,1.921875,1.203125,0.125,0.109375,0.015625,0.5968253968253975,0.5023809523809524,0.4851031556156436,0.050069260501562705,0.067368950751982,0.05,-0.4,5.399999999999999,2.0,13.0,0,0,0,0,0,62,0,1,0,1
2000864,0.0,0.05,0.75,2.7995156249999997,2.8,0.00048437500000000027,1,0.484375,0.453125,0.078125,0.09375,0.015625,0.6000000000000008,0.5,0.4791764324712362,0.05000356631923649,0.05673450365356272,0.049999999999999996,-0.2,2.999999999999999,1.0,10.0,0,0,0,0,0,63,0,0,0,1
2000865,0.0,0.05,0.75,6.596343749999998,6.599999999999998,0.0036562500000000024,-3,3.65625,1.6875,0.15625,0.109375,0.03125,0.5967741935483878,0.5,0.5298622271114968,0.050997494016490105,0.11646736457120162,0.05000000000000001,-0.4,6.999999999999998,2.0,15.0,0,0,1,0,0,60,0,1,0,2
2000866,1.0,0.05,0.75,-1.2427031249999976,-1.1999999999999975,0.04270312500000002,-12,42.703125,5.078125,0.21875,0.03125,0.03125,0.6000000000000008,0.4951612903225807,0.9475726409089141,0.059807847190222675,0.9411611939940017,0.049999999999999996,-0.5999999999999999,-0.5999999999999994,3.0,13.0,0,0,2,0,0,60,0,0,0,2
2000867,1.0,0.05,0.75,0.7681875000000007,0.8000000000000007,0.0318125,-8,31.8125,4.65625,0.1875,0.0625,0.03125,0.5967741935483878,0.5,0.7600624022350471,0.053061225163276916,0.6753666156725165,0.05000000000000001,-0.5999999999999999,1.4000000000000006,3.0,13.0,0,0,1,0,0,60,0,1,0,2
2000868,1.0,0.05,0.75,2.292843749999999,2.299999999999999,0.007156250000000004,-2,7.15625,2.3125,0.109375,0.078125,0.0,0.5968750000000007,0.49765625,0.5683493265236363,0.05000666344545216,0.2042127391085097,0.049999999999999996,-0.19999999999999996,2.5,1.0,11.0,0,0,2,0,1,60,0,0,1,0
2000869,0.0,0.05,0.75,9.447281250000001,9.500000000000002,0.052718750000000016,-9,52.71875,6.6875,0.203125,0.0625,0.015625,0.5968253968253975,0.5,0.7825751076806614,0.05505970663333231,0.7196555678106158,0.05,-0.4,9.9,2.0,15.0,0,0,0,0,1,62,0,0,0,1
2000870,1.0,0.05,0.75,-1.212656250000001,-1.200000000000001,0.01265625,-9,12.65625,2.375,0.15625,0.015625,0.015625,0.6000000000000008,0.5,0.9150879318548061,0.05007325701858855,0.9079133425013745,0.05,-0.19999999999999996,-0.9999999999999996,1.0,10.0,0,0,0,0,0,63,0,0,0,1
2000871,1.0,0.05,0.75,-0.6882187499999985,-0.6499999999999986,0.03821875,-11,38.21875,4.71875,0.21875,0.046875,0.015625,0.5936507936507943,0.5,0.8786478238418919,0.05530227056085644,0.8634936729564631,0.05000000000000001,-0.7999999999999998,0.15000000000000036,4.0,13.0,0,0,1,0,1,60,0,1,0,1
2000872,1.0,0.05,0.75,-1.0907343750000016,-1.0500000000000016,0.040734375,-9,40.734375,6.078125,0.171875,0.03125,0.0,0.5781250000000007,0.49062500000000003,0.8611469194293181,0.050139977197881,0.8394849156745559,0.05000000000000001,-0.8999999999999999,-0.1499999999999997,4.0,9.0,1,0,4,1,2,55,0,1,0,0
2000873,1.0,0.05,0.75,-1.4566874999999968,-1.3999999999999968,0.056687500000000016,-13,56.6875,6.53125,0.234375,0.03125,0.015625,0.5936507936507943,0.5,0.9606116203814342,0.0663008570209295,0.9557680118210874,0.05,-1.1999999999999997,-0.1999999999999995,6.0,11.0,0,0,0,0,2,61,0,0,0,1
2000874,0.0,0.05,0.75,8.174171874999999,8.2,0.025828125000000004,-8,25.828125,4.265625,0.171875,0.046875,0.015625,0.5968253968253975,0.5,0.8069699889041024,0.050487270138471076,0.7596803231267494,0.05000000000000001,0.0,8.2,0.0,14.0,0,0,0,0,1,62,0,0,0,1
2000875,0.0,0.05,0.75,8.341640625,8.35,0.008359375000000006,-4,8.359375,2.484375,0.203125,0.140625,0.0,0.5968750000000007,0.50234375,0.6592271790714668,0.08804425476634035,0.09735487121352834,0.05,-0.6000000000000001,8.950000000000001,3.0,19.0,0,0,0,0,0,63,0,1,0,0
2000876,0.0,0.05,0.75,4.598437499999998,4.599999999999999,0.001562500000000001,-2,1.5625,0.875,0.109375,0.078125,0.046875,0.6000000000000008,0.5,0.5393688903415138,0.050020237125940545,0.18387156262181867,0.05,-0.4,4.999999999999999,2.0,10.0,0,0,0,0,0,61,0,0,0,3
2000877,1.0,0.05,0.75,0.19665624999999928,0.1999999999999993,0.0033437500000000012,-5,3.34375,1.40625,0.109375,0.03125,0.0,0.5968750000000007,0.5,0.7370439138631404,0.0500031416443533,0.6608386470530991,0.05,-0.5999999999999999,0.8000000000000003,3.0,6.0,0,0,0,0,1,63,0,0,0,0
2000878,1.0,0.05,0.75,-0.9651406250000003,-0.9000000000000004,0.06514062500000001,-10,65.140625,7.484375,0.1875,0.03125,0.046875,0.5967213114754105,0.4975409836065574,0.9005541541676559,0.05133881302781941,0.8889682118130042,0.05000000000000001,-0.3999999999999999,-0.49999999999999956,2.0,12.0,0,0,1,0,1,59,0,0,0,3
2000879,0.0,0.05,0.75,6.989421874999998,6.999999999999998,0.010578125000000008,-5,10.578125,2.890625,0.15625,0.078125,0.015625,0.5968253968253975,0.5,0.608996673611577,0.05038669620073699,0.3570773963529913,0.05,-0.8,7.799999999999999,4.0,11.0,0,0,0,0,1,62,0,0,0,1
2000880,1.0,0.05,0.75,-1.833078124999999,-1.799999999999999,0.033078125000000014,-12,33.078125,4.265625,0.203125,0.015625,0.0,0.5968750000000007,0.49765625,0.9623799757901592,0.051228576196878976,0.9604820894934695,0.05000000000000001,-0.19999999999999996,-1.5999999999999994,1.0,13.0,0,0,1,0,1,62,0,0,0,0
2000881,1.0,0.05,0.75,0.5676406250000015,0.6000000000000014,0.03235937500000001,-9,32.359375,4.609375,0.203125,0.0625,0.015625,0.6000000000000008,0.5,0.8002263359778404,0.05648920891452085,0.7375577503853925,0.05,-0.9999999999999998,1.6000000000000003,5.0,12.0,0,0,0,0,0,63,0,0,0,1
2000882,0.0,0.05,0.75,6.091953124999998,6.099999999999998,0.008046875000000004,-4,8.046875,2.484375,0.140625,0.078125,0.03125,0.5935483870967748,0.5,0.5520509461043657,0.05012394818051397,0.2730137258067407,0.05,-0.4,6.499999999999998,2.0,12.0,0,0,0,0,2,60,0,0,0,2
2000883,0.0,0.05,0.75,9.988031250000002,10.050000000000002,0.06196875000000002,-10,61.96875,7.1875,0.21875,0.0625,0.03125,0.5935483870967748,0.49758064516129036,0.810977081880749,0.06304630671699321,0.7601309295832964,0.04999999999999999,-0.6000000000000001,10.650000000000002,3.0,15.0,1,0,0,0,0,61,0,0,0,2
2000884,1.0,0.05,0.75,0.36698437500000036,0.40000000000000036,0.03301562500000001,-10,33.015625,5.015625,0.21875,0.0625,0.0,0.6000000000000008,0.5,0.8395678235990826,0.06314087063199306,0.7915126491493323,0.05,-0.5999999999999999,1.0000000000000007,3.0,15.0,0,0,2,0,0,60,0,0,2,0
2000885,1.0,0.05,0.75,2.0936406249999977,2.099999999999998,0.006359375000000004,-4,6.359375,2.171875,0.140625,0.078125,0.03125,0.5967741935483878,0.49758064516129036,0.5691622506043865,0.05013787755878376,0.2730137258067407,0.05,-0.3999999999999999,2.5,2.0,12.0,0,0,1,0,1,60,0,0,0,2
2000886,1.0,0.05,0.75,-0.6461093749999979,-0.5999999999999979,0.046109375000000015,-12,46.109375,5.796875,0.234375,0.046875,0.015625,0.5936507936507943,0.5023809523809524,0.9275533977097028,0.07314126496501816,0.9132472320601314,0.05,-0.3999999999999999,-0.1999999999999993,2.0,16.0,0,0,0,0,0,62,1,0,0,1
2000887,0.0,0.05,0.75,6.9442499999999985,6.949999999999998,0.005750000000000003,-4,5.75,1.9375,0.15625,0.09375,0.0,0.6000000000000008,0.49531250000000004,0.35967825650304885,0.05028340126125579,0.09632406219756372,0.05,-0.65,7.599999999999999,4.0,12.0,0,0,2,0,0,62,0,0,0,0
2000888,1.0,0.05,0.75,0.3873906250000029,0.45000000000000284,0.062609375,-10,62.609375,7.171875,0.21875,0.0625,0.015625,0.587301587301588,0.5071428571428571,0.8465523262289623,0.0659063171128865,0.8048838119943751,0.05,-0.7999999999999998,1.2500000000000007,4.0,14.0,0,0,0,0,0,60,1,2,0,1
2000889,0.0,0.05,0.75,2.9961249999999993,2.999999999999999,0.0038750000000000026,3,3.875,1.65625,0.09375,0.140625,0.03125,0.6000000000000008,0.49758064516129036,0.47676395171998076,0.0502013142186692,0.009307542307539966,0.049999999999999996,-1.0,3.999999999999999,5.0,10.0,0,0,1,0,0,61,0,0,0,2
2000890,0.0,0.05,0.75,7.5974999999999975,7.599999999999998,0.0025000000000000014,-2,2.5,1.21875,0.1875,0.15625,0.03125,0.6000000000000008,0.5,0.55003306789859,0.07679874548238208,0.027062342510272966,0.05000000000000001,-1.0,8.6,5.0,17.0,0,0,0,0,0,62,0,0,0,2
2000891,0.0,0.05,0.75,4.298906249999999,4.299999999999999,0.0010937500000000008,2,1.09375,0.84375,0.125,0.15625,0.0,0.5906250000000006,0.49765625,0.5494459488558597,0.050530185952400934,0.009974187786486177,0.049999999999999996,-0.8,5.099999999999999,4.0,14.0,1,0,0,0,1,62,0,0,0,0
2000892,1.0,0.05,0.75,-1.2293906249999993,-1.1999999999999993,0.029390625000000017,-12,29.390625,4.703125,0.21875,0.03125,0.015625,0.6000000000000008,0.5,0.9460930941479907,0.05623643914754207,0.9411611939940021,0.05000000000000002,-0.3999999999999999,-0.7999999999999994,2.0,14.0,0,0,0,0,0,63,0,0,0,1
2000893,0.0,0.05,0.75,6.993062499999998,6.999999999999998,0.006937500000000004,-5,6.9375,2.15625,0.15625,0.078125,0.03125,0.6000000000000008,0.49758064516129036,0.6256229605519382,0.050584615229310535,0.357077396352992,0.05,-0.8,7.799999999999999,4.0,11.0,0,0,2,0,0,59,0,0,1,2
2000894,0.0,0.05,0.75,5.595328124999999,5.599999999999999,0.004671875000000003,-4,4.671875,1.859375,0.125,0.0625,0.015625,0.5968253968253975,0.4976190476190476,0.6261865651708657,0.05002923004440924,0.3845079804295561,0.05,0.0,5.599999999999999,0.0,12.0,0,0,1,0,1,61,0,0,0,1
2000895,1.0,0.05,0.75,-0.5013124999999957,-0.44999999999999574,0.05131250000000002,-13,51.3125,6.1875,0.265625,0.0625,0.03125,0.5935483870967748,0.5,0.9526164616590829,0.18314236683740387,0.8889928274205359,0.05,-0.5999999999999999,0.1500000000000008,3.0,18.0,0,1,1,0,0,58,0,1,1,2
2000896,0.0,0.05,0.75,4.795437499999999,4.799999999999999,0.004562500000000003,-3,4.5625,1.59375,0.109375,0.0625,0.015625,0.6000000000000008,0.4976190476190476,0.598302253103891,0.050008856898247266,0.3162170733724755,0.05,-0.2,4.999999999999999,1.0,10.0,0,0,1,0,0,62,0,0,0,1
2000897,1.0,0.05,0.75,-0.025968750000000908,-8.881784197001252e-16,0.02596875000000002,-8,25.96875,4.125,0.171875,0.046875,0.015625,0.5936507936507943,0.4976190476190476,0.851607739077806,0.050567850596323294,0.8095661365479632,0.05,-0.19999999999999996,0.2000000000000004,1.0,13.0,0,0,1,1,0,61,0,0,0,1
2000898,1.0,0.05,0.75,-1.2429687499999993,-1.1999999999999993,0.042968750000000014,-12,42.96875,5.6875,0.21875,0.03125,0.015625,0.5936507936507943,0.5,0.9461255192330754,0.05625486642611291,0.9411611939940021,0.05000000000000001,-0.9999999999999998,-0.1999999999999995,5.0,11.0,0,0,1,1,0,60,0,0,1,1
2000899,0.0,0.05,0.75,6.442296874999999,6.449999999999999,0.007703125000000004,0,7.703125,2.328125,0.171875,0.171875,0.046875,0.6000000000000008,0.5,0.4186767541732611,0.07060045709923118,0.008835799521105098,0.05000000000000001,-0.8,7.249999999999998,4.0,18.0,0,0,1,0,0,59,0,0,1,3
2000900,1.0,0.05,0.75,3.798078124999999,3.799999999999999,0.0019218750000000013,-2,1.921875,1.109375,0.140625,0.109375,0.0,0.6000000000000008,0.5,0.5198716207136871,0.050166920450547686,0.08890560802337852,0.05000000000000001,-0.19999999999999996,3.999999999999999,1.0,15.0,0,0,0,0,0,64,0,0,0,0
2000901,0.0,0.05,0.75,2.7492968750000006,2.7500000000000004,0.0007031250000000003,0,0.703125,0.578125,0.078125,0.078125,0.0,0.5906250000000006,0.50234375,0.5598343724430308,0.050000895173343086,0.14722806702823907,0.05,-0.6000000000000001,3.3500000000000005,3.0,7.0,0,0,1,0,0,61,1,1,0,0
2000902,0.0,0.05,0.75,6.9936718749999995,6.999999999999999,0.006328125000000005,-5,6.328125,2.015625,0.15625,0.078125,0.03125,0.5935483870967748,0.5024193548387097,0.593240546379852,0.050461201700921735,0.35707739635299096,0.05,-0.4,7.399999999999999,2.0,13.0,0,0,0,0,1,60,0,1,0,2
2000903,0.0,0.05,0.75,4.447546875,4.449999999999999,0.0024531250000000017,-2,2.453125,1.359375,0.109375,0.078125,0.0,0.5968750000000007,0.49531250000000004,0.5142941977306141,0.05000627623542156,0.1668179274119573,0.049999999999999996,-0.4,4.85,2.0,10.0,0,0,2,0,1,61,0,0,0,0
2000904,1.0,0.05,0.75,-0.07495312499999893,-0.049999999999998934,0.024953125,-9,24.953125,3.859375,0.1875,0.046875,0.0,0.5937500000000007,0.50234375,0.8342548342234269,0.05088801306749025,0.8019196829248421,0.049999999999999996,-0.3999999999999999,0.35000000000000053,2.0,13.0,0,0,0,0,0,63,1,0,0,0
2000905,0.0,0.05,0.75,2.5965312499999986,2.5999999999999988,0.0034687500000000026,3,3.46875,1.625,0.09375,0.140625,0.0,0.5906250000000006,0.5,0.4761659390783302,0.0500705237319402,0.012742960031846176,0.05,-0.8,3.3999999999999995,4.0,11.0,0,0,1,1,1,60,0,0,1,0
2000906,0.0,0.05,0.75,5.998140624999999,5.999999999999999,0.0018593750000000012,-3,1.859375,1.015625,0.140625,0.09375,0.015625,0.5968253968253975,0.5,0.542492586716759,0.05016452959125239,0.1668736161463547,0.05,-0.8,6.799999999999999,4.0,11.0,0,0,0,0,1,62,0,0,0,1
2000907,1.0,0.05,0.75,0.02829687499999892,0.049999999999998934,0.021703125000000014,-8,21.703125,4.015625,0.171875,0.046875,0.015625,0.5968253968253975,0.5,0.7818618627817842,0.05030934609525176,0.737480197519042,0.05,0.0,0.05000000000000049,0.0,14.0,0,0,1,0,0,61,0,1,0,1
2000908,0.0,0.05,0.75,6.398828124999998,6.399999999999998,0.0011718750000000006,-2,1.171875,0.765625,0.15625,0.125,0.015625,0.6000000000000008,0.4976190476190476,0.5386997365277416,0.051128319656730696,0.060344710644741624,0.05,-0.8,7.199999999999998,4.0,14.0,0,0,1,0,0,62,0,0,0,1
2000909,0.0,0.05,0.75,8.19459375,8.2,0.005406250000000001,-5,5.40625,1.46875,0.1875,0.109375,0.0625,0.6000000000000008,0.5,0.5912520932977745,0.0690572496156249,0.19390881899456788,0.049999999999999996,-0.6000000000000001,8.8,3.0,16.0,0,0,0,0,0,60,0,0,0,4
2000910,1.0,0.05,0.75,2.9349999999999983,2.9499999999999984,0.01500000000000001,-4,15.0,3.5,0.171875,0.109375,0.015625,0.587301587301588,0.4952380952380953,0.46833245314639144,0.05107096932322474,0.1195400920351514,0.049999999999999996,-1.0999999999999999,4.05,5.0,13.0,1,0,1,0,2,59,0,0,0,1
2000911,1.0,0.05,0.75,1.98321875,2.0,0.01678125000000001,-8,16.78125,3.46875,0.21875,0.09375,0.03125,0.587096774193549,0.5024193548387097,0.7189737289231275,0.09993311709645729,0.4739790681817423,0.05000000000000001,-0.9999999999999998,3.0,5.0,15.0,0,0,0,0,2,59,1,0,0,2
2000912,1.0,0.05,0.75,-1.8413749999999989,-1.799999999999999,0.041375000000000016,-12,41.375,5.28125,0.203125,0.015625,0.015625,0.5936507936507943,0.5,0.962278933792222,0.05157508068844102,0.9604820894934692,0.05,-0.3999999999999999,-1.3999999999999995,2.0,12.0,0,0,0,0,2,61,0,0,0,1
2000913,1.0,0.05,0.75,-1.241062500000001,-1.200000000000001,0.041062500000000016,-9,41.0625,5.78125,0.15625,0.015625,0.0,0.6000000000000008,0.5,0.9150813840118804,0.050053983018575755,0.9079133425013742,0.05,-0.19999999999999996,-0.9999999999999996,1.0,10.0,0,0,0,0,0,64,0,0,0,0
2000914,0.0,0.05,0.75,7.195796874999998,7.199999999999998,0.004203125000000003,-3,4.203125,1.765625,0.171875,0.125,0.03125,0.6000000000000008,0.5,0.5294214013396902,0.05459312316387089,0.07982804756168807,0.04999999999999999,-0.8,7.999999999999998,4.0,15.0,0,0,0,0,0,62,0,0,0,2
2000915,1.0,0.05,0.75,-0.4253593749999986,-0.3999999999999986,0.02535937500000001,-11,25.359375,4.453125,0.21875,0.046875,0.0,0.6000000000000008,0.5,0.9019313154980274,0.057574265074270756,0.886269569500468,0.05,-0.9999999999999998,0.6000000000000005,5.0,12.0,0,0,0,0,0,64,0,0,0,0
2000916,0.0,0.05,0.75,5.997531249999999,5.999999999999999,0.0024687500000000013,-3,2.46875,1.21875,0.140625,0.09375,0.03125,0.5903225806451619,0.5,0.54259405417725,0.05022323768926284,0.16687361614635396,0.05,-0.8,6.799999999999999,4.0,11.0,0,0,0,0,3,59,0,0,0,2
2000917,0.0,0.05,0.75,2.2471249999999987,2.2499999999999987,0.0028750000000000017,4,2.875,1.46875,0.09375,0.15625,0.046875,0.5803278688524597,0.4975409836065574,0.38972424575234366,0.05075979691079423,0.005111661764349257,0.05000000000000002,-0.4,2.649999999999999,2.0,14.0,1,0,1,1,0,57,1,0,0,3
2000918,1.0,0.05,0.75,-2.7480156249999963,-2.599999999999996,0.148015625,-16,148.015625,11.203125,0.265625,0.015625,0.046875,0.6000000000000008,0.5,0.9928481564926864,0.1513720619579924,0.9877958254356879,0.05,-0.3999999999999999,-2.1999999999999993,2.0,16.0,0,0,0,0,0,61,0,0,0,3
2000919,1.0,0.05,0.75,-1.78478125,-1.75,0.03478125000000001,-11,34.78125,4.96875,0.1875,0.015625,0.015625,0.6000000000000008,0.4904761904761905,0.9449277963069341,0.05050833656012176,0.9411390053193096,0.05,-0.3999999999999999,-1.3499999999999996,2.0,11.0,0,0,4,0,0,59,0,0,0,1
2000920,0.0,0.05,0.75,6.991812499999998,6.999999999999998,0.008187500000000006,-5,8.1875,2.3125,0.15625,0.078125,0.015625,0.590476190476191,0.5,0.6054815116883521,0.05037180820719581,0.35707739635299135,0.049999999999999996,-0.2,7.199999999999998,1.0,14.0,0,0,1,0,1,60,1,0,0,1
2000921,1.0,0.05,0.75,0.9279062499999993,0.9499999999999993,0.022093750000000013,-8,22.09375,4.3125,0.1875,0.0625,0.0,0.5968750000000007,0.5,0.5478659042499442,0.051104125383898705,0.45041377326721255,0.05,-0.7999999999999998,1.7500000000000004,4.0,12.0,0,0,1,0,1,61,0,0,1,0
2000922,0.0,0.05,0.75,11.727843750000002,11.800000000000002,0.07215625000000002,-14,72.15625,7.625,0.234375,0.015625,0.015625,0.5936507936507943,0.4952380952380952,0.9797231816942272,0.06296369223165585,0.9779509423448588,0.05,0.0,11.800000000000002,0.0,16.0,1,0,1,0,0,61,0,0,0,1
2000923,0.0,0.05,0.75,3.792046874999998,3.799999999999998,0.007953125000000005,2,7.953125,2.484375,0.109375,0.140625,0.0,0.5843750000000006,0.49531250000000004,0.5298086209323946,0.050135309863325865,0.012532418200495445,0.05000000000000001,-1.0,4.799999999999999,5.0,11.0,1,0,1,1,1,60,0,0,0,0
2000924,1.0,0.05,0.75,-1.8892499999999972,-1.7999999999999972,0.08924999999999997,-15,89.25,8.65625,0.265625,0.03125,0.0,0.5968750000000007,0.5,0.9826604516055437,0.11945834842892711,0.9752670576271563,0.05,-0.3999999999999999,-1.3999999999999992,2.0,17.0,0,1,0,0,0,62,0,0,1,0
2000925,1.0,0.05,0.75,0.3720000000000021,0.40000000000000213,0.028,-10,28.0,3.78125,0.21875,0.0625,0.015625,0.6000000000000008,0.5,0.8419829243247497,0.06744546291122677,0.7915126491493323,0.05,-1.5999999999999996,2.0000000000000004,8.0,10.0,0,0,0,0,0,63,0,0,0,1
2000926,1.0,0.05,0.75,-1.847765624999999,-1.799999999999999,0.04776562500000002,-12,47.765625,6.015625,0.203125,0.015625,0.0,0.6000000000000008,0.4953125,0.9625594768604283,0.051304012235094856,0.9604820894934692,0.05,-0.19999999999999996,-1.5999999999999994,1.0,13.0,0,0,2,0,0,62,0,0,0,0
2000927,1.0,0.05,0.75,1.993140624999999,1.9999999999999991,0.0068593750000000035,-5,6.859375,1.828125,0.15625,0.078125,0.0,0.6000000000000008,0.50234375,0.5948049062866247,0.05025473097336452,0.3570773963529913,0.05,-0.5999999999999999,2.5999999999999996,3.0,12.0,0,0,0,0,0,63,0,0,1,0
2000928,1.0,0.05,0.75,1.058218750000003,1.1000000000000032,0.04178125000000002,-10,41.78125,6.0,0.25,0.09375,0.0,0.5906250000000006,0.49531250000000004,0.774208369292732,0.1334129611315017,0.5494987036999681,0.05,-1.3499999999999999,2.450000000000001,5.0,17.0,1,0,1,0,1,61,0,0,0,0
2000929,0.0,0.05,0.75,6.542499999999998,6.549999999999998,0.007500000000000006,-4,7.5,2.5,0.15625,0.09375,0.015625,0.5968253968253975,0.5023809523809524,0.6356651392089047,0.05061725727412282,0.2745096855792278,0.05,-0.65,7.199999999999998,2.0,14.0,0,0,0,0,0,62,0,1,0,1
2000930,0.0,0.05,0.75,6.593484374999999,6.599999999999999,0.006515625000000005,-3,6.515625,2.171875,0.15625,0.109375,0.03125,0.5935483870967748,0.5024193548387097,0.5080834070494822,0.05089955835402819,0.11646736457120177,0.049999999999999996,-0.8,7.399999999999999,4.0,13.0,0,0,0,0,1,60,0,1,0,2
2000931,1.0,0.05,0.75,-1.0479375,-1.0,0.0479375,-11,47.9375,6.375,0.203125,0.03125,0.015625,0.6000000000000008,0.5,0.9287227904371987,0.05231406233791477,0.9221237688883385,0.05,-0.7999999999999998,-0.1999999999999995,4.0,11.0,0,0,0,0,0,63,0,0,0,1
2000932,1.0,0.05,0.75,-0.17737500000000214,-0.15000000000000213,0.027375000000000017,-8,27.375,4.90625,0.171875,0.046875,0.046875,0.5803278688524597,0.4975409836065574,0.7739548244986305,0.05048918069117391,0.7251708528240609,0.05,-0.3999999999999999,0.25000000000000044,2.0,12.0,1,0,0,1,2,57,0,0,0,3
2000933,1.0,0.05,0.75,0.37728124999999857,0.3999999999999986,0.022718750000000013,-9,22.71875,4.1875,0.203125,0.0625,0.03125,0.587096774193549,0.5,0.7738969951554866,0.05572748246298053,0.7097562536846416,0.05,-0.19999999999999996,0.6000000000000008,1.0,16.0,0,0,0,1,2,59,0,0,0,2
2000934,1.0,0.05,0.75,0.5431562500000068,0.6000000000000068,0.056843750000000005,-12,56.84375,6.90625,0.265625,0.078125,0.015625,0.6000000000000008,0.5,0.9618607423991663,0.23603947690450341,0.8201268707009602,0.049999999999999996,-1.3999999999999997,2.0,7.0,15.0,0,0,0,0,0,63,0,0,0,1
2000935,0.0,0.05,0.75,8.645359374999998,8.649999999999999,0.004640625000000001,-5,4.640625,1.578125,0.203125,0.125,0.0,0.5968750000000007,0.5,0.5103169987003764,0.06546854199188856,0.12333807052486342,0.05,-0.4,9.049999999999999,2.0,19.0,0,0,1,0,0,62,0,1,0,0
2000936,0.0,0.05,0.75,6.288453124999999,6.299999999999999,0.011546875000000009,-5,11.546875,3.078125,0.15625,0.078125,0.0,0.5843750000000006,0.4953125,0.492274918132028,0.050074497772610436,0.27900311864462907,0.05,-0.2,6.499999999999999,1.0,14.0,2,0,0,0,1,61,0,0,0,0
2000937,1.0,0.05,0.75,-1.2534999999999976,-1.1999999999999975,0.05350000000000002,-12,53.5,6.53125,0.21875,0.03125,0.0,0.5906250000000006,0.50234375,0.945338373131436,0.05427195751795928,0.941161193994002,0.05,-1.1999999999999997,4.440892098500626e-16,6.0,10.0,0,0,0,0,2,61,0,1,0,0
2000938,0.0,0.05,0.75,4.397687499999998,4.399999999999999,0.002312500000000001,-1,2.3125,1.21875,0.109375,0.09375,0.0,0.5968750000000007,0.49765625,0.5362517916761115,0.05001254316724763,0.09890446288834855,0.05,-1.0,5.3999999999999995,5.0,8.0,0,0,1,0,1,62,0,0,0,0
2000939,0.0,0.05,0.75,3.5952656249999997,3.5999999999999996,0.004734375000000003,0,4.734375,1.765625,0.09375,0.09375,0.0,0.6000000000000008,0.4953125,0.5422111393981075,0.05000480004345432,0.07514543856401991,0.049999999999999996,-0.6000000000000001,4.2,3.0,9.0,0,0,2,0,0,62,0,0,0,0
2000940,0.0,0.05,0.75,3.247843749999998,3.2499999999999982,0.0021562500000000015,3,2.15625,1.0625,0.109375,0.15625,0.0,0.5875000000000007,0.5,0.35435550833561824,0.05071906205489649,0.005134538128461342,0.049999999999999996,-1.2,4.449999999999999,6.0,11.0,1,0,0,0,0,62,1,0,0,0
2000941,0.0,0.05,0.75,6.581703124999998,6.599999999999998,0.01829687500000001,-4,18.296875,4.078125,0.15625,0.09375,0.0,0.5906250000000007,0.4953125,0.5498340642178755,0.05031424081825986,0.19057053233660198,0.05,-0.6000000000000001,7.199999999999998,3.0,13.0,0,0,2,1,1,60,0,0,0,0
2000942,0.0,0.05,0.75,8.17115625,8.2,0.028843750000000012,-8,28.84375,4.3125,0.171875,0.046875,0.0,0.5968750000000007,0.49062500000000003,0.6049980212436226,0.050239434453009484,0.5253169597899011,0.05,-0.25,8.45,2.0,12.0,0,0,4,0,1,59,0,0,0,0
2000943,1.0,0.05,0.75,-0.845187499999999,-0.7999999999999989,0.04518750000000002,-10,45.1875,5.65625,0.1875,0.03125,0.03125,0.5935483870967748,0.49758064516129036,0.9086880820630522,0.051245124454204406,0.8975969384928338,0.05,-0.7999999999999998,4.440892098500626e-16,4.0,10.0,0,0,1,1,0,60,0,0,0,2
2000944,0.0,0.05,0.75,2.8474531249999995,2.8499999999999996,0.002546875000000002,3,2.546875,1.265625,0.09375,0.140625,0.046875,0.6000000000000008,0.4975409836065574,0.40150365933620796,0.05033070696528964,0.00828003111262518,0.049999999999999996,-0.4,3.249999999999999,2.0,13.0,0,0,1,0,0,60,0,0,0,3
2000945,1.0,0.05,0.75,0.9505156250000035,1.0000000000000036,0.04948437500000002,-10,49.484375,6.296875,0.234375,0.078125,0.046875,0.5934426229508203,0.4975409836065574,0.8843739537498974,0.16244003554383724,0.7141649323606012,0.05000000000000001,-0.7999999999999998,1.800000000000001,4.0,16.0,1,0,0,0,0,60,0,0,0,3
2000946,0.0,0.05,0.75,6.391296874999998,6.399999999999999,0.008703125000000006,-5,8.703125,2.515625,0.140625,0.0625,0.015625,0.5904761904761912,0.5,0.6449411616255308,0.05008433488427579,0.45767570635494104,0.05000000000000001,-0.2,6.599999999999999,1.0,12.0,0,0,0,1,1,61,0,0,0,1
2000947,0.0,0.05,0.75,6.589156249999998,6.599999999999998,0.010843750000000006,-3,10.84375,2.96875,0.15625,0.109375,0.03125,0.5967741935483878,0.5,0.5317532753661347,0.0510159042710155,0.11646736457120177,0.049999999999999996,-1.0,7.599999999999999,5.0,12.0,0,0,0,0,1,61,0,0,0,2
2000948,1.0,0.05,0.75,1.5941874999999988,1.5999999999999988,0.005812500000000004,-4,5.8125,1.9375,0.125,0.0625,0.0,0.5968750000000007,0.5,0.6117405219478514,0.05001948237185864,0.38450798042955614,0.05000000000000001,-0.19999999999999996,1.8000000000000005,1.0,11.0,0,0,0,0,1,63,0,0,0,0
2000949,0.0,0.05,0.75,9.368484375000001,9.400000000000002,0.031515625000000005,-8,31.515625,4.890625,0.203125,0.078125,0.015625,0.6000000000000008,0.5,0.7207596479518826,0.060735348235627144,0.5779078245490409,0.05,-0.6000000000000001,10.000000000000002,3.0,15.0,0,0,0,0,0,63,0,0,0,1
2000950,0.0,0.05,0.75,6.197343749999999,6.199999999999999,0.0026562500000000006,-5,2.65625,1.09375,0.140625,0.0625,0.03125,0.5838709677419361,0.5024193548387097,0.6461376798982312,0.05008124500359533,0.4818080581926091,0.049999999999999996,-0.6000000000000001,6.8,3.0,10.0,0,0,0,0,3,58,1,0,0,2
2000951,0.0,0.05,0.75,3.997453124999999,3.999999999999999,0.0025468750000000014,-2,2.546875,1.421875,0.09375,0.0625,0.015625,0.5904761904761912,0.5023809523809524,0.5330388776234024,0.05000220718535467,0.25502943384573856,0.05,-0.4,4.3999999999999995,2.0,8.0,0,0,0,0,1,61,1,0,0,1
2000952,0.0,0.05,0.75,4.845359374999999,4.85,0.004640625000000002,-4,4.640625,1.734375,0.109375,0.046875,0.03125,0.6000000000000008,0.49758064516129036,0.6143154457013947,0.050005626757063576,0.45757627203821244,0.05,-0.6000000000000001,5.45,3.0,7.0,0,0,1,0,0,61,0,0,0,2
2000953,0.0,0.05,0.75,6.4975468749999985,6.499999999999998,0.0024531250000000017,0,2.453125,1.265625,0.171875,0.171875,0.0,0.5968750000000007,0.49531250000000004,0.5885646738697085,0.05900649537965998,0.011954857739342444,0.05000000000000001,-1.0,7.499999999999998,5.0,17.0,0,0,2,0,1,61,0,0,0,0
2000954,0.0,0.05,0.75,4.997703124999998,4.999999999999998,0.002296875000000001,-1,2.296875,1.140625,0.125,0.109375,0.0,0.5906250000000007,0.49531250000000004,0.5553576371417445,0.05006049430656856,0.06736895075198211,0.049999999999999996,-1.0,5.999999999999999,5.0,10.0,0,0,2,1,1,60,0,0,0,0
2000955,0.0,0.05,0.75,2.3991406249999994,2.3999999999999995,0.0008593750000000005,0,0.859375,0.828125,0.0625,0.0625,0.0625,0.5833333333333339,0.505,0.45325395082985837,0.05000080176913898,0.15796154701066975,0.05000000000000001,-0.4,2.8,2.0,6.0,0,0,0,0,1,57,2,0,0,4
2000956,1.0,0.05,0.75,2.83553125,2.8499999999999996,0.01446875000000001,-6,14.46875,3.4375,0.203125,0.109375,0.0,0.6000000000000008,0.49765625,0.5610877458058714,0.06265327929845046,0.22407594040326426,0.05000000000000001,-0.19999999999999996,3.05,1.0,19.0,0,0,1,0,0,63,0,0,0,0
2000957,1.0,0.05,0.75,1.5418281250000068,1.6000000000000068,0.05817187500000001,-10,58.171875,6.984375,0.25,0.09375,0.015625,0.6000000000000008,0.5,0.9079637697595312,0.21368062203188762,0.6218317752043137,0.05,-0.5999999999999999,2.2,3.0,19.0,0,0,0,0,0,63,0,0,0,1
2000958,1.0,0.05,0.75,0.2567500000000007,0.3000000000000007,0.04325000000000001,-10,43.25,5.625,0.21875,0.0625,0.046875,0.5967213114754105,0.5,0.8729002130611901,0.08113896431833302,0.8207637358079475,0.05,0.0,0.3000000000000007,0.0,18.0,0,0,0,0,1,60,0,0,0,3
2000959,0.0,0.05,0.75,8.485171874999999,8.499999999999998,0.01482812500000001,-7,14.828125,3.078125,0.1875,0.078125,0.0,0.5906250000000006,0.49765625,0.7291115135184734,0.05335888676807008,0.5500566209779181,0.049999999999999996,-0.6000000000000001,9.1,3.0,14.0,1,0,0,0,1,62,0,0,0,0
2000960,0.0,0.05,0.75,5.594328124999998,5.599999999999998,0.005671875000000004,-1,5.671875,2.140625,0.140625,0.125,0.015625,0.5968253968253975,0.4976190476190476,0.5308338474232221,0.05035696872985187,0.045382076259177055,0.049999999999999996,-0.8,6.399999999999999,4.0,13.0,0,0,1,0,1,61,0,0,0,1
2000961,0.0,0.05,0.75,1.1997343750000002,1.2000000000000002,0.00026562500000000013,0,0.265625,0.265625,0.03125,0.03125,0.015625,0.5968253968253975,0.5,0.5000000000000003,0.05000001691837416,0.30222244877153787,0.05,-0.4,1.6,2.0,2.0,0,0,0,0,1,62,0,0,0,1
2000962,0.0,0.05,0.75,1.3909375000000004,1.4000000000000004,0.009062500000000005,5,9.0625,2.3125,0.0625,0.140625,0.03125,0.6000000000000008,0.5,0.3550163101421737,0.05011444069816997,0.0051219375375399735,0.049999999999999996,-1.0,2.4000000000000004,5.0,8.0,0,0,0,0,0,62,0,0,0,2
2000963,0.0,0.05,0.75,1.596046875,1.6,0.003953125000000003,1,3.953125,1.640625,0.046875,0.0625,0.015625,0.5936507936507943,0.4976190476190476,0.47367909062028507,0.0500001723683639,0.12193546050851714,0.05,-0.6000000000000001,2.2,3.0,4.0,0,0,1,0,2,60,0,0,0,1
2000964,1.0,0.05,0.75,1.775703124999998,1.799999999999998,0.024296875000000002,-6,24.296875,4.546875,0.171875,0.078125,0.03125,0.6000000000000008,0.5,0.6410085994173838,0.05164434251089096,0.4286606795091208,0.05,0.0,1.800000000000001,0.0,16.0,0,0,0,0,0,62,0,0,0,2
2000965,0.0,0.05,0.75,6.595171874999998,6.599999999999999,0.004828125000000003,-3,4.828125,1.921875,0.15625,0.109375,0.015625,0.6000000000000008,0.5,0.5312806014541054,0.0507493623896453,0.11646736457120116,0.05,-1.0,7.599999999999999,5.0,12.0,0,0,0,0,0,63,0,0,0,1
2000966,1.0,0.05,0.75,-1.9816562499999932,-1.8999999999999932,0.08165625,-17,81.65625,7.5625,0.3125,0.046875,0.0,0.6000000000000008,0.49296874999999996,0.9968050563414619,0.26850791126908097,0.9739586992773217,0.049999999999999996,-0.7999999999999998,-1.0999999999999994,4.0,19.0,0,0,5,0,0,57,0,0,2,0
2000967,0.0,0.05,0.75,7.168921874999999,7.199999999999998,0.031078125,-7,31.078125,5.265625,0.15625,0.046875,0.0,0.5843750000000006,0.50234375,0.7255459064336504,0.05006781884878934,0.6612913879059203,0.05,-0.4,7.599999999999999,2.0,11.0,0,0,0,0,5,58,0,0,1,0
2000968,1.0,0.05,0.75,-1.594968749999999,-1.549999999999999,0.04496875000000002,-12,44.96875,5.3125,0.21875,0.03125,0.0,0.5937500000000008,0.50234375,0.9627433725244695,0.05470881564117644,0.9595866736660031,0.05,-0.9999999999999998,-0.5499999999999996,5.0,11.0,0,0,0,0,0,63,1,0,0,0
2000969,1.0,0.05,0.75,-0.41732812500000127,-0.40000000000000124,0.017328125000000014,-8,17.328125,3.265625,0.15625,0.03125,0.015625,0.6000000000000008,0.5,0.8521287463357252,0.05010784967410995,0.8276832537580432,0.05,-0.3999999999999999,4.440892098500626e-16,2.0,10.0,0,0,0,0,0,63,0,0,0,1
2000970,1.0,0.05,0.75,-0.2221249999999993,-0.1999999999999993,0.02212500000000001,-10,22.125,3.875,0.203125,0.046875,0.015625,0.6000000000000008,0.4976190476190476,0.8762656795691814,0.05420570688551192,0.8522597895823484,0.05,0.0,-0.1999999999999993,0.0,16.0,0,0,1,0,0,62,0,0,0,1
2000971,0.0,0.05,0.75,7.2961874999999985,7.299999999999999,0.003812500000000001,-4,3.8125,1.34375,0.171875,0.109375,0.015625,0.5968253968253975,0.4976190476190476,0.5353041082988378,0.05211007200481723,0.1398997868160355,0.049999999999999996,-0.6000000000000001,7.899999999999998,3.0,15.0,0,0,1,0,1,61,0,0,0,1
2000972,1.0,0.05,0.75,0.9903124999999992,0.9999999999999991,0.009687500000000005,-6,9.6875,2.59375,0.15625,0.0625,0.03125,0.5935483870967748,0.5,0.6434977121606871,0.050226168031911114,0.4979845283851899,0.05,-0.7999999999999998,1.8,4.0,10.0,0,0,0,1,0,61,0,0,0,2
2000973,1.0,0.05,0.75,-1.3664531250000014,-1.3500000000000014,0.01645312500000001,-9,16.453125,3.578125,0.15625,0.015625,0.015625,0.5968253968253975,0.5,0.9044453132283885,0.050051016273310774,0.8975601094677642,0.05000000000000001,-0.9999999999999998,-0.34999999999999987,5.0,6.0,0,0,1,0,1,60,0,0,1,1
2000974,0.0,0.05,0.75,4.348437499999999,4.35,0.001562500000000001,0,1.5625,1.03125,0.109375,0.109375,0.0,0.5968750000000007,0.4953125,0.3253813290032046,0.05003018140659058,0.02063051291731826,0.05000000000000001,-1.05,5.3999999999999995,6.0,8.0,0,0,2,0,1,61,0,0,0,0
2000975,1.0,0.05,0.75,-1.0322031249999957,-0.9499999999999957,0.08220312499999997,-13,82.203125,8.265625,0.25,0.046875,0.0,0.6000000000000008,0.49765625,0.9413478286863932,0.08567953529120917,0.9266737901008116,0.05,-1.5999999999999996,0.6500000000000004,8.0,11.0,0,0,1,0,0,63,0,0,0,0
2000976,1.0,0.05,0.75,-1.2346874999999993,-1.1999999999999993,0.03468750000000001,-11,34.6875,5.125,0.203125,0.03125,0.015625,0.5936507936507943,0.4928571428571428,0.9001551230302867,0.051440545010239376,0.8914053507156937,0.05000000000000001,-0.5,-0.6999999999999995,2.0,13.0,0,1,2,0,1,59,0,0,0,1
2000977,0.0,0.05,0.75,2.5963906249999997,2.5999999999999996,0.0036093750000000028,2,3.609375,1.546875,0.078125,0.109375,0.015625,0.5968253968253975,0.4976190476190476,0.47954027931283716,0.050010104433827404,0.028468156513122282,0.049999999999999996,-1.2,3.8,6.0,6.0,0,0,1,0,1,61,0,0,0,1
2000978,1.0,0.05,0.75,-0.42517187500000125,-0.40000000000000124,0.025171875000000007,-8,25.171875,4.421875,0.15625,0.03125,0.046875,0.5967213114754105,0.49508196721311476,0.8570137859655512,0.050240884616646,0.8276832537580429,0.05000000000000001,-0.5999999999999999,0.2000000000000004,3.0,9.0,0,1,1,0,0,59,0,0,0,3
2000979,1.0,0.05,0.75,-1.607390624999999,-1.549999999999999,0.05739062500000002,-11,57.390625,6.734375,0.203125,0.03125,0.015625,0.5936507936507943,0.4904761904761905,0.8918160058168088,0.05078034660753591,0.8835981727908662,0.05,-1.3499999999999999,-0.19999999999999996,6.0,9.0,0,0,4,0,2,57,0,0,0,1
2000980,0.0,0.05,0.75,7.545796874999998,7.549999999999998,0.004203125000000003,-4,4.203125,1.609375,0.171875,0.109375,0.015625,0.5936507936507944,0.4904761904761905,0.3993374928573256,0.052312298549906405,0.0655514536862651,0.05,-0.65,8.2,4.0,14.0,1,0,3,0,0,59,0,0,0,1
2000981,0.0,0.05,0.75,5.445437499999999,5.449999999999998,0.004562500000000003,-2,4.5625,1.9375,0.140625,0.109375,0.015625,0.590476190476191,0.5023809523809524,0.6055094201478832,0.05025135928296004,0.12652483862593658,0.049999999999999996,-1.3499999999999999,6.799999999999999,5.0,11.0,0,0,0,0,1,61,1,0,0,1
2000982,0.0,0.05,0.75,9.012109375000001,9.05,0.037890625000000004,-8,37.890625,5.265625,0.203125,0.078125,0.015625,0.587301587301588,0.5,0.8002716689580246,0.06317884819689898,0.6702289839526825,0.049999999999999996,-0.95,10.000000000000002,3.0,15.0,0,0,1,0,2,59,1,0,0,1
2000983,1.0,0.05,0.75,-2.033500000000001,-2.000000000000001,0.03350000000000001,-10,33.5,5.25,0.15625,0.0,0.015625,0.5936507936507943,0.5,0.9547285075085286,0.05005562278065273,0.9529136679184865,0.05,-0.7999999999999998,-1.1999999999999997,4.0,6.0,0,0,0,0,2,61,0,0,0,1
2000984,0.0,0.05,0.75,5.395484374999999,5.399999999999999,0.004515625000000003,-3,4.515625,1.734375,0.125,0.078125,0.015625,0.5936507936507943,0.5023809523809524,0.5360364801986525,0.05003174813464929,0.23333404248736328,0.05,-0.6000000000000001,5.999999999999999,3.0,10.0,0,0,0,0,0,62,1,0,0,1
2000985,1.0,0.05,0.75,-1.188171874999996,-1.099999999999996,0.088171875,-14,88.171875,8.109375,0.265625,0.046875,0.0,0.5906250000000007,0.5046875,0.9632787040817237,0.12195540862073893,0.9460834368688874,0.05000000000000001,-1.0999999999999999,6.661338147750939e-16,5.0,15.0,0,0,0,0,1,61,1,0,1,0
2000986,1.0,0.05,0.75,1.9967187499999992,1.9999999999999991,0.003281250000000002,-2,3.28125,1.46875,0.09375,0.0625,0.03125,0.6000000000000008,0.4903225806451613,0.6264484802202052,0.05000449779015082,0.2550294338457388,0.05,-0.3999999999999999,2.4000000000000004,2.0,8.0,0,0,4,0,0,58,0,0,0,2
2000987,1.0,0.05,0.75,-1.8874062499999997,-1.8499999999999996,0.03740625,-11,37.40625,4.84375,0.1875,0.015625,0.015625,0.5936507936507943,0.4928571428571429,0.9425581263214378,0.050422103087456815,0.9390085893392675,0.05,-1.2499999999999998,-0.5999999999999996,5.0,8.0,0,2,1,0,0,60,0,0,0,1
2000988,1.0,0.05,0.75,-1.5495,-1.5,0.049500000000000016,-12,49.5,6.1875,0.21875,0.03125,0.015625,0.5841269841269846,0.5,0.9320054539390041,0.05344416043309987,0.9270775345535534,0.049999999999999996,-0.9999999999999998,-0.49999999999999967,5.0,11.0,0,0,0,1,3,59,0,0,0,1
2000989,1.0,0.05,0.75,-1.0458906249999982,-0.9999999999999982,0.04589062500000001,-11,45.890625,6.046875,0.203125,0.03125,0.015625,0.5841269841269847,0.5023809523809524,0.9280493092425999,0.05209945510803236,0.9221237688883385,0.05,-0.5999999999999999,-0.39999999999999947,3.0,12.0,0,0,0,1,1,60,1,0,0,1
2000990,1.0,0.05,0.75,1.3869218749999985,1.3999999999999986,0.01307812500000001,-5,13.078125,3.234375,0.140625,0.0625,0.015625,0.5936507936507943,0.4976190476190476,0.6573117463513686,0.05009374162837285,0.45767570635494037,0.05,-0.3999999999999999,1.8000000000000005,2.0,11.0,0,0,1,0,2,60,0,0,0,1
2000991,0.0,0.05,0.75,6.195359374999999,6.199999999999999,0.004640625000000003,-4,4.640625,1.765625,0.140625,0.078125,0.015625,0.590476190476191,0.4952380952380952,0.6227192107791701,0.05015247128829364,0.2913521698257673,0.05,-0.4,6.599999999999999,2.0,12.0,1,0,1,0,1,60,0,0,0,1
2000992,1.0,0.05,0.75,-0.2698437500000009,-0.2500000000000009,0.019843750000000007,-7,19.84375,4.0,0.140625,0.03125,0.0,0.5937500000000007,0.50234375,0.8085865471437824,0.050024254688049684,0.7712170425161085,0.05000000000000001,-0.44999999999999996,0.2000000000000004,2.0,9.0,0,0,0,0,0,63,1,0,0,0
2000993,0.0,0.05,0.75,3.797703124999999,3.799999999999999,0.0022968750000000016,-1,2.296875,1.328125,0.09375,0.078125,0.015625,0.6000000000000008,0.4952380952380952,0.5612206392933458,0.05000394657222996,0.1429393329839101,0.05,-0.8,4.6,4.0,7.0,0,0,2,0,0,61,0,0,0,1
2000994,1.0,0.05,0.75,-1.5153437499999975,-1.4499999999999975,0.06534375000000002,-13,65.34375,6.84375,0.234375,0.03125,0.0,0.5875000000000007,0.5046875,0.9572186169144792,0.06011035784916107,0.9534571457826568,0.049999999999999996,-0.19999999999999996,-1.2499999999999993,1.0,16.0,0,0,0,0,1,61,1,1,0,0
2000995,0.0,0.05,0.75,6.58790625,6.6,0.012093750000000007,-6,12.09375,2.5625,0.140625,0.046875,0.015625,0.6000000000000008,0.5,0.7287479908498038,0.05005685575733009,0.6340008734704288,0.05,-0.6000000000000001,7.199999999999999,3.0,9.0,0,0,0,0,0,63,0,0,0,1
2000996,0.0,0.05,0.75,3.998609375,4.0,0.001390625000000001,-2,1.390625,0.890625,0.09375,0.0625,0.015625,0.5873015873015879,0.5023809523809524,0.5330388776234014,0.05000220718535466,0.25502943384573895,0.05,-0.4,4.3999999999999995,2.0,8.0,0,0,0,0,2,60,1,0,0,1
2000997,0.0,0.05,0.75,3.99675,4.0,0.0032500000000000025,1,3.25,1.53125,0.109375,0.125,0.015625,0.6000000000000008,0.5,0.4896508588134504,0.05007375792878086,0.02538949860686724,0.05,-0.6000000000000001,4.6,3.0,12.0,0,0,0,0,0,63,0,0,0,1
2000998,0.0,0.05,0.75,6.789234374999998,6.799999999999998,0.010765625000000008,-4,10.765625,3.109375,0.15625,0.09375,0.0,0.5937500000000007,0.49531250000000004,0.598795603151076,0.05049823120047727,0.2129566909017968,0.05,-0.4,7.199999999999998,2.0,14.0,0,0,2,0,2,60,0,0,0,0
2000999,1.0,0.05,0.75,0.17904687499999927,0.1999999999999993,0.020953125000000013,-8,20.953125,3.890625,0.171875,0.046875,0.03125,0.5967741935483878,0.5,0.8071042335175169,0.05066083518042521,0.75968032312675,0.05000000000000001,-0.7999999999999998,1.0000000000000004,4.0,10.0,0,0,0,0,1,61,0,0,0,2
2001000,0.0,0.05,0.75,5.789484374999998,5.799999999999998,0.010515625000000006,-2,10.515625,2.671875,0.140625,0.109375,0.015625,0.5968253968253975,0.5,0.5199663515765448,0.0502264808910399,0.08890560802337871,0.05000000000000001,-0.6000000000000001,6.399999999999999,3.0,13.0,0,0,0,0,1,62,0,0,0,1
2001001,1.0,0.05,0.75,0.39218749999999947,0.39999999999999947,0.007812500000000003,-7,7.8125,2.03125,0.15625,0.046875,0.0,0.5906250000000007,0.49296874999999996,0.7877467558534706,0.05017627685252291,0.7006035450357837,0.05,-0.5999999999999999,1.0000000000000002,3.0,10.0,1,0,2,0,1,60,0,0,0,0
2001002,1.0,0.05,0.75,1.0298125000000007,1.0500000000000007,0.020187500000000004,-8,20.1875,3.5,0.203125,0.078125,0.0,0.5937500000000007,0.50234375,0.7894744536880407,0.05880208481646787,0.6702289839526832,0.05,-0.7999999999999998,1.8500000000000005,4.0,14.0,0,0,0,0,0,63,1,0,0,0
2001003,1.0,0.05,0.75,-1.216328125000001,-1.200000000000001,0.016328125,-9,16.328125,3.015625,0.15625,0.015625,0.0,0.5937500000000007,0.50234375,0.9143318904212974,0.05005002179553942,0.9079133425013746,0.05000000000000001,-0.7999999999999998,-0.3999999999999997,4.0,7.0,0,0,0,0,0,63,1,0,0,0
2001004,1.0,0.05,0.75,2.1947343749999995,2.1999999999999993,0.005265625000000003,-4,5.265625,1.703125,0.140625,0.078125,0.0,0.5968750000000007,0.49765625,0.5992164492328914,0.05009802388689196,0.2913521698257676,0.05,-0.3999999999999999,2.5999999999999996,2.0,12.0,0,0,1,0,1,62,0,0,0,0
2001005,1.0,0.05,0.75,1.1876093749999983,1.1999999999999984,0.01239062500000001,-6,12.390625,3.203125,0.15625,0.0625,0.0,0.6000000000000008,0.49765625,0.6913579466385646,0.05021483112254781,0.5327159086609194,0.05,-0.7999999999999998,2.0,4.0,10.0,0,0,1,0,0,63,0,0,0,0
2001006,0.0,0.05,0.75,6.196437499999999,6.199999999999999,0.0035624999999999997,-4,3.5625,1.09375,0.140625,0.078125,0.03125,0.6000000000000008,0.5,0.58217307712079,0.05016254100039069,0.2913521698257681,0.05000000000000001,-0.6000000000000001,6.799999999999999,3.0,11.0,0,0,0,0,0,62,0,0,0,2
2001007,0.0,0.05,0.75,5.047999999999999,5.049999999999999,0.002000000000000001,-3,2.0,0.90625,0.125,0.078125,0.015625,0.587301587301588,0.5023809523809524,0.6451259578401615,0.05004128582598175,0.31119255957946607,0.05,-0.2,5.249999999999999,1.0,12.0,0,0,0,0,2,60,1,0,0,1
2001008,1.0,0.05,0.75,-0.024734375000000013,0.0,0.024734375000000013,-9,24.734375,4.078125,0.1875,0.046875,0.0,0.6000000000000008,0.5,0.8421206710105101,0.05101574772905401,0.8102571369822892,0.05,-0.7999999999999998,0.8000000000000005,4.0,11.0,0,0,0,0,0,64,0,0,0,0
2001009,1.0,0.05,0.75,-2.113156249999997,-2.049999999999997,0.06315625000000002,-12,63.15625,7.0625,0.203125,0.015625,0.03125,0.5967741935483878,0.49758064516129036,0.9537293931586182,0.05128589891062957,0.9517591935331203,0.05,-0.7999999999999998,-1.2499999999999998,4.0,10.0,0,0,1,0,1,60,0,0,0,2
2001010,1.0,0.05,0.75,1.8321249999999996,1.8499999999999996,0.01787500000000001,-7,17.875,3.46875,0.203125,0.09375,0.03125,0.5935483870967748,0.5,0.7581283224627886,0.07734730717436525,0.49752457804647404,0.05,-0.7999999999999998,2.6500000000000004,4.0,15.0,0,0,1,0,0,60,1,0,0,2
2001011,1.0,0.05,0.75,1.2311562499999982,1.2499999999999982,0.018843750000000006,-7,18.84375,3.75,0.1875,0.078125,0.015625,0.5936507936507943,0.5,0.614524986286632,0.051709734408863735,0.45828878750840096,0.05,-0.7999999999999998,2.0500000000000007,4.0,13.0,1,0,0,0,0,61,0,0,1,1
2001012,1.0,0.05,0.75,2.9928749999999993,2.999999999999999,0.007125000000000004,-3,7.125,2.25,0.140625,0.09375,0.046875,0.6000000000000008,0.5,0.5427316837658128,0.050302868847225846,0.16687361614635476,0.049999999999999996,-0.7999999999999998,3.8,4.0,11.0,0,0,0,0,0,61,0,0,0,3
2001013,1.0,0.05,0.75,0.28137499999999893,0.29999999999999893,0.01862500000000001,-7,18.625,3.96875,0.15625,0.046875,0.015625,0.5904761904761912,0.5,0.7500342427765347,0.050130955901973424,0.6812699149495587,0.05,-0.7999999999999998,1.1000000000000003,4.0,9.0,0,0,0,1,1,61,0,0,0,1
2001014,1.0,0.05,0.75,-0.42717187500000126,-0.40000000000000124,0.027171875000000015,-8,27.171875,4.171875,0.15625,0.03125,0.015625,0.5968253968253975,0.4976190476190476,0.8542827067358323,0.05011778879270959,0.8276832537580427,0.05,-0.5999999999999999,0.2000000000000004,3.0,9.0,0,0,1,0,1,61,0,0,0,1
2001015,1.0,0.05,0.75,-1.0436718749999923,-0.9499999999999922,0.09367187499999996,-15,93.671875,8.609375,0.296875,0.0625,0.03125,0.590322580645162,0.49758064516129036,0.9932906673872925,0.27282122157294303,0.934451428351821,0.05,-0.5999999999999999,-0.3499999999999994,3.0,20.0,1,0,0,0,1,60,0,0,0,2
2001016,1.0,0.05,0.75,-1.4272343750000003,-1.4000000000000004,0.027234375000000012,-10,27.234375,4.203125,0.171875,0.015625,0.03125,0.6000000000000008,0.5,0.9346082547159699,0.0502783505092148,0.9301615151943896,0.05,-0.5999999999999999,-0.7999999999999996,3.0,9.0,0,0,0,0,0,62,0,0,0,2
2001017,1.0,0.05,0.75,-2.9951093749999966,-2.899999999999997,0.09510937499999997,-15,95.109375,8.921875,0.25,0.015625,0.046875,0.5934426229508203,0.4926229508196721,0.9806542060424989,0.07617418408319211,0.9779955151543426,0.05,-0.5999999999999999,-2.3,3.0,14.0,1,0,2,0,0,58,0,0,0,3
2001018,0.0,0.05,0.75,3.1469218750000003,3.1500000000000004,0.003078125000000002,1,3.078125,1.359375,0.09375,0.109375,0.015625,0.5968253968253975,0.5023809523809524,0.548881795198172,0.05001135356110312,0.05245093985958134,0.05,-0.8500000000000001,4.0,3.0,10.0,0,0,0,0,0,62,0,1,0,1
2001019,0.0,0.05,0.75,3.294078125,3.3,0.0059218750000000035,3,5.921875,2.171875,0.109375,0.15625,0.0,0.5937500000000007,0.49765625,0.3333176576375997,0.050741679348326046,0.004859359000989931,0.049999999999999996,-1.2,4.5,6.0,11.0,0,0,2,0,0,61,1,0,0,0
2001020,1.0,0.05,0.75,-1.9655312499999986,-1.8999999999999986,0.06553125000000003,-12,65.53125,7.40625,0.203125,0.015625,0.0,0.5968750000000007,0.5,0.9586857737411745,0.05093856544478607,0.9568977671875339,0.049999999999999996,-0.7,-1.1999999999999995,3.0,11.0,0,0,0,0,1,63,0,0,0,0
2001021,1.0,0.05,0.75,2.1787031249999993,2.1999999999999993,0.021296875000000003,-7,21.296875,4.234375,0.203125,0.09375,0.015625,0.6000000000000008,0.4976190476190476,0.6721315039495569,0.06857196778625176,0.40012795287688874,0.05,-1.1999999999999997,3.3999999999999995,6.0,13.0,0,0,1,0,0,62,0,0,0,1
2001022,0.0,0.05,0.75,2.9961875,3.0,0.0038125000000000025,0,3.8125,1.75,0.078125,0.078125,0.046875,0.5934426229508203,0.5024590163934426,0.47367971935319203,0.05000264001233364,0.10989221261707914,0.05,-0.4,3.4000000000000004,2.0,8.0,0,0,0,0,0,60,1,0,0,3
2001023,1.0,0.05,0.75,-1.1908906249999986,-1.1499999999999986,0.04089062500000001,-12,40.890625,5.484375,0.21875,0.03125,0.03125,0.5967741935483878,0.5024193548387097,0.9509772210789051,0.0597617491135893,0.9455944728584532,0.05,-0.7999999999999998,-0.3499999999999994,4.0,12.0,0,0,0,0,0,61,0,1,0,2
